comment_id,帖子id,content,robot_status,human_role,topic
69e46ede000000001401dc33,69e42cc100000000220001ad,都怪鞋太重，腿太短，孩子本身没问题,弱势,观众,0
69e7b42e000000001401dc02,69e42cc100000000220001ad,脖子上挂的是不是安抚奶嘴[失望R],弱势,观众,2
69e44715000000001401e411,69e42cc100000000220001ad,咋不背个书包，一路铃铛。多好看啊！像极了小学一年级的。,弱势,观众,2
69e55856000000001401d400,69e42cc100000000220001ad,笑死我了，这个小的没电了待机了大的过来看了一会鼓掌了[捂脸R],弱势,观众,6
69e57897000000001401c42e,69e42cc100000000220001ad,它应该参加少儿组，怎么跑到成人区了[笑哭R],弱势,观众,1
69e4443d000000001401cc35,69e42cc100000000220001ad,鞋子买大了,弱势,观众,0
69e5b392000000001401e81e,69e42cc100000000220001ad,给她穿一双轻便的鞋子行不行，就问你行不行，看着这么小的娃拖着承重的步伐，老母亲心都操碎了,弱势,观众,0
69e505d8000000001401a409,69e42cc100000000220001ad,果然 什么东西小小的都很可爱,弱势,观众,2
69e5604b000000001401e801,69e42cc100000000220001ad,他其实挺成功的。奈何年龄还小，步伐也小,弱势,观众,0
69e56027000000001401dc12,69e42cc100000000220001ad,好想嫁给这个设计师 好有爱啊,弱势,观众,2
69e55fab000000001401a002,69e42cc100000000220001ad,小机器人还拿着🍼就去比赛了,弱势,观众,3
69e55f4e000000001401d40f,69e42cc100000000220001ad,什么叫矫健的步伐[doge],弱势,观众,0
69e55f35000000001401bc0e,69e42cc100000000220001ad,宝宝也可以参加啊,弱势,观众,2
69e55f320000000014018809,69e42cc100000000220001ad,迈着矫健的步伐[偷笑R]，怕是萌萌哒的步伐哦,弱势,观众,0
69e55f09000000001401c400,69e42cc100000000220001ad,关门兔机,弱势,观众,6
69e55ec0000000001401e80a,69e42cc100000000220001ad,感觉下一秒就要摔倒了,弱势,观众,4
69e55e9b000000001401c008,69e42cc100000000220001ad,感觉它随时要跪下[捂脸R],弱势,观众,4
69e55e730000000014019001,69e42cc100000000220001ad,哎呀后悔了，嫌远没去看。下次什么时候呀？想去看。,弱势,观众,4
69e55e3a000000001401dc12,69e42cc100000000220001ad,我就是腿短，腿长一样也能跑在前面。,弱势,观众,0
69e55d6f000000001401a007,69e42cc100000000220001ad,宝宝还拿个奶瓶🍼,弱势,观众,2
69e55d6e0000000014018c09,69e42cc100000000220001ad,这个小鼻嘎好乖[满月R],弱势,观众,2
69e55d5a000000001401a404,69e42cc100000000220001ad,它输在腿短[捂脸R],弱势,观众,0
69e55d530000000014019c03,69e42cc100000000220001ad,腿短跑得慢也正常[笑哭R],弱势,观众,0
69e55c92000000001401dc09,69e42cc100000000220001ad,还以为跑到最后跪着跑开了[捂脸R],弱势,观众,0
69e55c54000000001401d80a,69e42cc100000000220001ad,别人都是XXL号，我是s号[笑哭R][笑哭R],弱势,观众,1
69e55bcf000000001401dc0c,69e42cc100000000220001ad,小鲁班这是有刺客在追[笑哭R],弱势,观众,1
69e55bc9000000001401a402,69e42cc100000000220001ad,給孩子換雙輕便一點的鞋子吧[捂脸R],弱势,观众,0
69e55b17000000001401b801,69e42cc100000000220001ad,这鞋非得这么大吗,弱势,观众,0
69e55aab000000001401900f,69e42cc100000000220001ad,果然是短跑得慢[笑哭R],弱势,观众,0
69e55a4e000000001401dc0c,69e42cc100000000220001ad,婴儿怎么也来参赛，现在都这么卷了吗[捂脸R][捂脸R][捂脸R],弱势,观众,2
69e55a3a000000001401bc03,69e42cc100000000220001ad,它这么努力，怎么会是倒数第一呢[失望R],弱势,观众,4
69e55a26000000001401e806,69e42cc100000000220001ad,你都说了，无人战车，早都有准备部队了。你都说了，人形机器人马拉松，让无人战车来[笑哭R],弱势,观众,3
69e55900000000001401c000,69e42cc100000000220001ad,跑马拉松倒数第一名，获得观众的眼球是第一名,弱势,观众,0
69e556c8000000001401dc09,69e42cc100000000220001ad,鲁班书包打丢了就这样[笑哭R],弱势,观众,1
69e5567e000000001401a403,69e42cc100000000220001ad,这两个小揪揪也是很可爱了,弱势,观众,2
69e5561a0000000014018c03,69e42cc100000000220001ad,我一直在等他摔倒[doge],弱势,观众,4
69e553a1000000001401dc00,69e42cc100000000220001ad,不光有奶瓶，还有奶嘴的小可爱[笑哭R],弱势,观众,2
69e55268000000001401a002,69e42cc100000000220001ad,这是幼儿组第一名,弱势,观众,2
69e552430000000014019c04,69e42cc100000000220001ad,这属于雇佣童工吗？,弱势,观众,2
69e55235000000001401d401,69e42cc100000000220001ad,小短腿拼命倒腾 都没空喝口奶了[偷笑R],弱势,观众,0
69e551fc000000001401e409,69e42cc100000000220001ad,脚太笨重了跑不动[笑哭R],弱势,观众,0
69e551320000000014019800,69e42cc100000000220001ad,“孩子”还小 穿那么大的鞋能跑顺畅才怪[偷笑R],弱势,观众,0
69e55124000000001401e803,69e42cc100000000220001ad,倒数第一也很牛逼了，我去跑马拉松，都是太靠后了，直接被驱逐出赛道那伙的，哈哈哈哈,弱势,观众,0
69e5507d000000001401ac00,69e42cc100000000220001ad,穿个大鞋[捂脸R]你不倒数第一都怪了哈哈哈哈哈,弱势,观众,0
69e549f0000000001401b001,69e42cc100000000220001ad,在哪里，我抱家里玩会儿！,弱势,观众,2
69e547c00000000014019003,69e42cc100000000220001ad,他竟然还拿个奶瓶[偷笑R],弱势,观众,2
69e53d23000000001401d403,69e42cc100000000220001ad,儿童和成人要在一起参赛吗？,弱势,观众,0
69e53c32000000001401bc07,69e42cc100000000220001ad,穿松糕鞋也不显个啊,弱势,观众,0
69e53681000000001401e800,69e42cc100000000220001ad,:炸学校多少钱？给我个大概……,弱势,观众,4
69e5352b000000001401e801,69e42cc100000000220001ad,小屁机器人,弱势,观众,3
69e5348c000000001401c009,69e42cc100000000220001ad,步幅太小，跑不赢[笑哭R],弱势,观众,0
69e53302000000001401e806,69e42cc100000000220001ad,腿短就是吃亏，他三四步不如人家一步大,弱势,观众,0
69e52f1d000000001401b804,69e42cc100000000220001ad,有个跑的贼快[笑哭R]撞车上了[笑哭R][笑哭R],弱势,观众,1
69e52e1a000000001401c806,69e42cc100000000220001ad,我正在想做这么小的小机器人，主要是为了卖萌吗？结果还有人说它可以背着炸药包去炸敌人，确实哦，他这么矮目标就比较小吧[吐舌头H][吐舌头H][吐舌头H],弱势,观众,3
69e52cf5000000002d03325e,69e42cc100000000220001ad,给人家改成轮子试试,弱势,观众,6
69e52c3c000000001401d801,69e42cc100000000220001ad,做人人买得起的机器人吗,弱势,观众,3
69e52c04000000001401c004,69e42cc100000000220001ad,底盘挺稳,弱势,观众,4
69e52afd000000001401e403,69e42cc100000000220001ad,设计师喜欢小孩,弱势,观众,2
69e52ac1000000001401a400,69e42cc100000000220001ad,好可爱，还没满月的机器人,弱势,观众,3
69e527080000000014019804,69e42cc100000000220001ad,手里拿着奶瓶，随时给自己补充能量[笑哭R],弱势,观众,2
69e522a60000000014019809,69e42cc100000000220001ad,未成年禁止参赛[笑哭R],弱势,观众,1
69e5229d000000001401e403,69e42cc100000000220001ad,还挺可爱的小短腿[偷笑R],弱势,观众,2
69e520f10000000014019805,69e42cc100000000220001ad,相当厉害了。[派对R],弱势,观众,4
69e520c9000000001401c806,69e42cc100000000220001ad,不积跬步无以至千里,弱势,观众,4
69e51ef2000000001401e805,69e42cc100000000220001ad,这个真的可爱，比那些大的重心还稳[派对R],弱势,观众,2
69e51ebb0000000014018c06,69e42cc100000000220001ad,真的是全马吗？,弱势,观众,4
69e51ceb000000001401b004,69e42cc100000000220001ad,我不信这个速度是倒数第一名,弱势,观众,4
69e51cd40000000014019806,69e42cc100000000220001ad,太可爱了 中间它还换了尿不湿,弱势,观众,2
69e51c05000000001401b810,69e42cc100000000220001ad,这个多少钱，我想买个陪我儿子一起跑步,弱势,观众,0
69e519d8000000001401cc07,69e42cc100000000220001ad,好像鲁班7号[笑哭R] 迈着矫健的步伐[doge],弱势,观众,1
69e518b4000000001401a004,69e42cc100000000220001ad,鲁班七号,弱势,观众,4
69e517ec000000001401e801,69e42cc100000000220001ad,腿太细了没肌肉,弱势,观众,0
69e517ac000000001401c011,69e42cc100000000220001ad,背后那是天线啊？还是天使的翅膀啊？颤颤悠悠的。和我小侄女上幼儿园时样子差不多,弱势,观众,2
69e516a80000000014019800,69e42cc100000000220001ad,峡谷鲁班的胞弟[笑哭R],弱势,观众,1
69e5155d000000001401b806,69e42cc100000000220001ad,好可爱 想让他给我打扫卫生,弱势,观众,2
69e514e9000000001401d80e,69e42cc100000000220001ad,这个小可爱有什么功能啊，可以买一个当小孩吗,弱势,观众,2
69e514a7000000001401dc04,69e42cc100000000220001ad,真不赖它 别机一步顶它好几步,弱势,观众,6
69e51404000000001401bc05,69e42cc100000000220001ad,感觉每一步都在摔倒的边缘,弱势,观众,4
69e513da000000001401e002,69e42cc100000000220001ad,可爱死了小家伙,弱势,观众,2
69e5138e000000001401e412,69e42cc100000000220001ad,迈着矫健的步伐喜获倒数第一名[笑哭R],弱势,观众,1
69e5138d000000001401a403,69e42cc100000000220001ad,穿大人的鞋子出门了[失望R],弱势,观众,0
69e51236000000001401b007,69e42cc100000000220001ad,坚持跑完就是最厉害的小机器人宝宝[心心眼R][心心眼R],弱势,观众,3
69e51229000000001401a002,69e42cc100000000220001ad,太可爱了宝宝，手上还拿了个奶瓶[心心眼R][心心眼R],弱势,观众,2
69e5121c000000001401bc0a,69e42cc100000000220001ad,欺负小孩，孩子输在了腿短哈哈哈哈哈哈,弱势,观众,0
69e511ac000000001401c800,69e42cc100000000220001ad,没事，倒数第一也很棒，对小宝宝不要寄予太大期望[kissR],弱势,观众,4
69e51195000000001401bc04,69e42cc100000000220001ad,他其实跑的不慢，但是他步伐太小了哈哈哈哈哈哈哈哈,弱势,观众,0
69e511240000000014019c0b,69e42cc100000000220001ad,太可爱了[大笑R]它还拿着奶瓶的年纪，很努力了[大笑R][偷笑R][偷笑R][偷笑R],弱势,观众,2
69e51095000000001401c414,69e42cc100000000220001ad,给他个全场最萌机器人奖吧,弱势,观众,3
69e51012000000001401c015,69e42cc100000000220001ad,好像鲁班[捂脸R],弱势,观众,1
69e50f16000000001401d415,69e42cc100000000220001ad,了不起，儿童敢参加成人赛！[笑哭R],弱势,观众,1
69e50e48000000001401c816,69e42cc100000000220001ad,带着奶瓶就开始跑步了[赞R],弱势,观众,0
69e50e2a000000001401b802,69e42cc100000000220001ad,输在腿短[偷笑R],弱势,观众,0
69e50e23000000001401e813,69e42cc100000000220001ad,动次打次动次打次[笑哭R],弱势,观众,1
69e50d99000000001401ac05,69e42cc100000000220001ad,这小短腿其实倒腾挺快的[笑哭R][笑哭R],弱势,观众,0
69e50d7d000000001401a80b,69e42cc100000000220001ad,太可爱了，给孩子换双鞋吧,弱势,观众,2
69e50d3a000000001401a403,69e42cc100000000220001ad,宝贝幼儿园迟到了吗,弱势,观众,2
69e50cba000000001401940b,69e42cc100000000220001ad,叫你们生娃又不生。你们不生机器人生，而且一出生就会跑了[捂脸R][捂脸R][捂脸R][捂脸R],弱势,观众,3
69e50c5b000000001401a006,69e42cc100000000220001ad,小细腿有个大脚板,弱势,观众,0
69e50bf4000000001401e011,69e42cc100000000220001ad,[失望R]我在小红书看破机器人跑步看了两天了[失望R],弱势,观众,3
69e50bf2000000001401e80c,69e42cc100000000220001ad,我觉得这款萌萌哒，可以推出陪伴老年人的,弱势,观众,2
69e50bea0000000014018c0e,69e42cc100000000220001ad,孩子鞋太大了[笑哭R]跑不快,弱势,观众,0
69e50bd20000000014018809,69e42cc100000000220001ad,机器人玩具,弱势,观众,3
69e50b18000000001401cc14,69e42cc100000000220001ad,给孩子加个轮吧,弱势,观众,2
69e50aa1000000001401e409,69e42cc100000000220001ad,可能因为他穿了大人的鞋子[偷笑R]跑不快,弱势,观众,0
69e50a70000000001401c813,69e42cc100000000220001ad,鞋子也太大了。跑不动道,弱势,观众,0
69e5091a0000000014019814,69e42cc100000000220001ad,小鼻嘎可爱,弱势,观众,2
69e509140000000014018c11,69e42cc100000000220001ad,虐待儿童[笑哭R],弱势,观众,1
69e508e2000000001401a80e,69e42cc100000000220001ad,这是拿着奶瓶，头上还扎了两个小啾啾[黄金薯R][黄金薯R],弱势,观众,2
69e508d60000000014018c0b,69e42cc100000000220001ad,小机器人：哇😭，它们欺负我[捂脸R][捂脸R],弱势,观众,3
69e508b50000000014019c13,69e42cc100000000220001ad,居然不是豆包[偷笑R],弱势,观众,1
69e508a4000000001401c40d,69e42cc100000000220001ad,鲁班七号（机器人版[大笑R],弱势,观众,3
69e5086a000000001401880b,69e42cc100000000220001ad,感觉他每一步都要跪下了，可他都没有！,弱势,观众,4
69e5075c000000002b02849b,69e42cc100000000220001ad,从幼儿园偷跑出来的。,弱势,观众,0
69e50752000000001401d805,69e42cc100000000220001ad,频率挺快，吃了腿短的亏。,弱势,观众,0
69e506ce000000001401a006,69e42cc100000000220001ad,孩子身上好多线头啊[偷笑R],弱势,观众,2
69e50658000000001401d400,69e42cc100000000220001ad,拎着奶瓶背着炸药包迈着矫健步伐去幼儿园[大笑R][大笑R],弱势,观众,2
69e5054c0000000014019808,69e42cc100000000220001ad,这个应该参加儿童组,弱势,观众,2
69e5048f000000001401c018,69e42cc100000000220001ad,那是去冲奶粉的呀，这可爱的娃,弱势,观众,2
69e5047d000000001401d813,69e42cc100000000220001ad,王者投一个鲁班七号呗,弱势,观众,6
69e5045f000000001401c818,69e42cc100000000220001ad,能跑43公里？,弱势,观众,0
69e50357000000001401980e,69e42cc100000000220001ad,感觉随时会向前摔个大马趴[笑哭R][笑哭R][笑哭R](邪恶了，不好意思),弱势,观众,0
69e50341000000001401ac08,69e42cc100000000220001ad,随时准备摔倒[笑哭R],弱势,观众,4
69e502ab000000001401e011,69e42cc100000000220001ad,倒数第一也是第一，也是流量王，谁会记住中间的啊，都会记住第一和倒数第一[笑哭R][笑哭R][笑哭R][笑哭R]该说不说真的好可爱[笑哭R][笑哭R],弱势,观众,1
69e5028f0000000014018c05,69e42cc100000000220001ad,感觉像是在走太空步,弱势,观众,0
69e50227000000001401d821,69e42cc100000000220001ad,鲁班大师,弱势,观众,4
69e501b5000000001401c417,69e42cc100000000220001ad,这小孩儿踩着易拉罐跑得踢里踏拉的[笑哭R],弱势,观众,0
69e50177000000001401c810,69e42cc100000000220001ad,以后这种机器人杀人最方便了,弱势,观众,3
69e500d5000000001401c426,69e42cc100000000220001ad,鲁班新皮肤？,弱势,观众,6
69e500bc000000001401b020,69e42cc100000000220001ad,虽然倒数，感觉孜孜不倦的样子,弱势,观众,4
69e500a2000000001401d414,69e42cc100000000220001ad,啥东西都是小时候可爱,弱势,观众,2
69e5005d000000001401e402,69e42cc100000000220001ad,儿童禁止参加[doge],弱势,观众,2
69e50037000000001401d409,69e42cc100000000220001ad,感觉随时能被自己绊倒,弱势,观众,4
69e50018000000001401c808,69e42cc100000000220001ad,它应该参加幼儿机器人组[暗中观察R],弱势,观众,3
69e50000000000001401940c,69e42cc100000000220001ad,那么多摔倒的，它这么稳，是最后一名吗？,弱势,观众,4
69e4ff13000000001401d80e,69e42cc100000000220001ad,鞋有些大，拖累孩子奔跑了！,弱势,观众,0
69e4fedd000000001401d805,69e42cc100000000220001ad,电够不够 它累不累？这是要跑死它呀,弱势,观众,4
69e4feb8000000001401e41b,69e42cc100000000220001ad,输在腿短,弱势,观众,0
69e4fe62000000001401c803,69e42cc100000000220001ad,小鸟说早早早，你为什么背着炸药包,弱势,观众,2
69e4fe5f0000000014018c12,69e42cc100000000220001ad,是不是鞋子太大了哈哈哈,弱势,观众,0
69e4fe3d000000001401d824,69e42cc100000000220001ad,这个得进儿童组吧[捂脸R],弱势,观众,2
69e4fe06000000001401c827,69e42cc100000000220001ad,这个很能体现八零后的精神状态[捂脸R]，时代在前，我们碎步跟上[捂脸R],弱势,观众,1
69e4fdf6000000001401ac09,69e42cc100000000220001ad,踉跄的步伐，感觉随时都会摔倒,弱势,观众,0
69e4fd61000000001401d402,69e42cc100000000220001ad,感觉在用膝盖跑步[偷笑R],弱势,观众,0
69e4fd03000000002b003ac8,69e42cc100000000220001ad,没生娃的以后也可以体验带娃的苦恼了？,弱势,观众,4
69e4fcb1000000001401b005,69e42cc100000000220001ad,这么小就出来营业，好想抢她的奶瓶,弱势,观众,2
69e4fc70000000001401e00c,69e42cc100000000220001ad,像动画片出来的机器人,弱势,观众,3
69e4fc59000000001401dc0b,69e42cc100000000220001ad,有点像王者的鲁班,弱势,观众,6
69e4fc57000000002b035343,69e42cc100000000220001ad,未成年的机器娃娃  也可以报名！？,弱势,观众,3
69e4fc27000000001401e427,69e42cc100000000220001ad,这个小家伙看起来比较可爱，好看多了,弱势,观众,2
69e4fbf50000000014018c02,69e42cc100000000220001ad,孩子鞋子太大了[皱眉R],弱势,观众,0
69e4fbe7000000001401bc15,69e42cc100000000220001ad,屁颠屁颠的,弱势,观众,0
69e4fbd6000000001401c819,69e42cc100000000220001ad,奶嘴奶瓶小揪揪，小步慢跑棒宝宝[赞R],弱势,观众,2
69e4fba1000000001401dc00,69e42cc100000000220001ad,人控制了吗？,弱势,观众,4
69e4fb94000000001401d80b,69e42cc100000000220001ad,不是，参加马拉松就不能派个腿长点的机器人,弱势,观众,3
69e4fb8b000000001401a005,69e42cc100000000220001ad,但凡是幼崽都萌萌的，机器人也是[笑哭R],弱势,观众,3
69e4fb73000000001401c426,69e42cc100000000220001ad,甚至还给它挂了个奶嘴,弱势,观众,2
69e4fb5c0000000014019028,69e42cc100000000220001ad,孩子鞋太大啦！,弱势,观众,0
69e4fb43000000001401e40c,69e42cc100000000220001ad,人家奶都没喝完[嘻嘻R],弱势,观众,2
69e4fb01000000001401a822,69e42cc100000000220001ad,真和刚会走路的小宝宝很像。,弱势,观众,2
69e4faf2000000001401e415,69e42cc100000000220001ad,应该专门设置一个幼儿组别啊[笑哭R],弱势,观众,2
69e4fac4000000001401d81a,69e42cc100000000220001ad,太可爱了！我希望能够赋予他灵魂[偷笑R]！,弱势,观众,2
69e4fa80000000001401b00d,69e42cc100000000220001ad,是不是没想到别人派来的都是成年机器人,弱势,观众,3
69e4fa75000000001401e40a,69e42cc100000000220001ad,科技进步的太快了,弱势,观众,6
69e4f990000000001401e00d,69e42cc100000000220001ad,未成年机器人[笑哭R],弱势,观众,3
69e4f962000000001401d808,69e42cc100000000220001ad,小小的人，大大的脚[黄金薯R],弱势,观众,2
69e4f91f000000001401c808,69e42cc100000000220001ad,穿了两只船在脚上,弱势,观众,0
69e4f8cd000000001401cc18,69e42cc100000000220001ad,果然都是小时候才可爱,弱势,观众,2
69e4f8bd000000001401d813,69e42cc100000000220001ad,这玩意儿买给催生的父母的正好[捂脸R],弱势,观众,2
69e4f8ad000000001401cc2e,69e42cc100000000220001ad,别看他小，翻跟头啥的也可以,弱势,观众,0
69e4f77b000000001401ac0a,69e42cc100000000220001ad,倒數第一也是第一！,弱势,观众,4
69e4f7620000000014019812,69e42cc100000000220001ad,我害怕一脚板那[笑哭R],弱势,观众,0
69e4f739000000001401a00a,69e42cc100000000220001ad,可能因为他的程序员跑不动[笑哭R]所以就跑的很慢,弱势,观众,0
69e4f6d4000000001401bc07,69e42cc100000000220001ad,去婴幼儿那桌[吃瓜R],弱势,观众,2
69e4f679000000001401c00b,69e42cc100000000220001ad,这幼儿园偷跑出来的？,弱势,观众,0
69e4f66d000000001401c410,69e42cc100000000220001ad,事实证明，小短腿是真的跑得慢啊😦,弱势,观众,0
69e4f62f000000001401bc01,69e42cc100000000220001ad,小派他爸确实帮小派请了几天假去参加马拉松🏃我非常支持[派对R],弱势,观众,0
69e4f628000000002b02b146,69e42cc100000000220001ad,儿童也能参赛？,弱势,观众,2
69e4f5d6000000001401e808,69e42cc100000000220001ad,提着奶瓶背着炸药包去炸幼儿园吗[笑哭R],弱势,观众,2
69e4f5cc000000001401dc08,69e42cc100000000220001ad,感觉鞋子拖累了它…,弱势,观众,0
69e4f5b7000000001401d422,69e42cc100000000220001ad,他跑的慢不是没有理由！手都还拿着奶瓶,弱势,观众,0
69e4f5910000000014019406,69e42cc100000000220001ad,但凡有颗石子就趴菜了[笑哭R],弱势,观众,1
69e4f57a000000001401bc0c,69e42cc100000000220001ad,小腿太细了，好怕摔跤啊！[大笑R],弱势,观众,0
69e4f56b000000001401cc25,69e42cc100000000220001ad,有一小说3030年回忆：2026年第1次马拉松赛跑，我的祖先跑到最后1名，所有的人类都在取笑我们，但是跑第1名的那些机器人都已经不在了，我们这一路走来不容易,弱势,观众,3
69e4f54e000000001401a00b,69e42cc100000000220001ad,这可什么时候能统治地球啊,弱势,观众,4
69e4f52a000000001401c82f,69e42cc100000000220001ad,好怕他一不小心跪地上,弱势,观众,4
69e4f529000000001401ac1d,69e42cc100000000220001ad,小孩穿大人鞋就是不跟脚,弱势,观众,0
69e4f505000000001401d818,69e42cc100000000220001ad,幼儿组运动员。,弱势,观众,2
69e4f4da000000001401e026,69e42cc100000000220001ad,背着救生衣,弱势,观众,4
69e4f47e0000000014019811,69e42cc100000000220001ad,孩子鞋是不是买大了[暗中观察R],弱势,观众,0
69e4f446000000001401ac19,69e42cc100000000220001ad,小腿倒腾的还挺快,弱势,观众,0
69e4f415000000001401dc14,69e42cc100000000220001ad,这脚看着很容易摔倒 好怕它摔了,弱势,观众,0
69e4f3ba000000001401e00a,69e42cc100000000220001ad,感觉这大鞋子好坠脚,弱势,观众,0
69e4f3b1000000001401d43c,69e42cc100000000220001ad,倒数第一吗？[捂脸R],弱势,观众,4
69e4f3a2000000001401d81e,69e42cc100000000220001ad,反正平安到达了[笑哭R],弱势,观众,1
69e4f398000000001401e413,69e42cc100000000220001ad,据说跑到最后奶瓶都丢了，太委屈了[大笑R][大笑R][大笑R],弱势,观众,0
69e4f35b000000001401dc1d,69e42cc100000000220001ad,倒数第一也是第一。太可爱了小萌娃,弱势,观众,2
69e4f302000000001401cc0d,69e42cc100000000220001ad,好好玩啊 明年有的话我也想去看[哭惹R],弱势,观众,1
69e4f2de000000001401cc3a,69e42cc100000000220001ad,有没有和我一样特别担心她摔倒的[飞吻R],弱势,观众,4
69e4f2cd000000001401ac2e,69e42cc100000000220001ad,怎么这么可爱啊  像个小宝宝,弱势,观众,2
69e4f2bb000000001401e416,69e42cc100000000220001ad,它竟然跑下来了，看他每跑一步都要摔的样子[笑哭R],弱势,观众,0
69e4f2b0000000001401c817,69e42cc100000000220001ad,鲁班七号咋来参加马拉松了[doge],弱势,观众,0
69e4f2a6000000001401b82e,69e42cc100000000220001ad,还是有吃奶的年龄,弱势,观众,2
69e4f281000000001401b007,69e42cc100000000220001ad,奶瓶🍼最后跑丢了[偷笑R],弱势,观众,2
69e4f272000000001401cc10,69e42cc100000000220001ad,小腿好细，脚板这么大,弱势,观众,0
69e4f266000000001401cc0f,69e42cc100000000220001ad,[喝奶茶R]好可爱，好想抱抱,弱势,观众,2
69e4f247000000001401e80e,69e42cc100000000220001ad,好想去看现场[笑哭R]怪有意思的 什么事故都有[笑哭R],弱势,观众,1
69e4f1db000000001401e813,69e42cc100000000220001ad,至少人家完赛了[失望R],弱势,观众,4
69e4f1bf000000001401dc14,69e42cc100000000220001ad,认真问 是哪个厂的,弱势,观众,6
69e4f19e000000001401d423,69e42cc100000000220001ad,小鼻嘎手里还拿个奶瓶[笑哭R],弱势,观众,2
69e4f1950000000014019812,69e42cc100000000220001ad,带着奶瓶就出来干活了,弱势,观众,2
69e4f184000000001401bc2f,69e42cc100000000220001ad,没有功劳也有苦劳，虽然最后一名，但一步没停歇。,弱势,观众,4
69e4f13a000000001401b827,69e42cc100000000220001ad,给孩子的鞋穿的太大了，把孩子的鞋搞得合脚一点，别耽误孩子跑步,弱势,观众,0
69e4f116000000001401c80e,69e42cc100000000220001ad,好像小孩穿大人似的[偷笑R],弱势,观众,2
69e4f110000000001401e017,69e42cc100000000220001ad,宝儿，你的鞋跟有点高[笑哭R],弱势,观众,0
69e4f0c5000000001401e00f,69e42cc100000000220001ad,总感觉他要倒  可是就是不倒……,弱势,观众,4
69e4f0240000000014018807,69e42cc100000000220001ad,它的脚是踩到易拉罐里了吗,弱势,观众,0
69e4f020000000001401d817,69e42cc100000000220001ad,鞋子太重了吗[笑哭R],弱势,观众,0
69e4f00e000000001401e830,69e42cc100000000220001ad,小鲁班，小短腿好可爱,弱势,观众,2
69e4effa000000001401bc04,69e42cc100000000220001ad,腿太短了所以跑不快[笑哭R][笑哭R],弱势,观众,0
69e4efd00000000014018c15,69e42cc100000000220001ad,每次以为要摔的时候，他都没摔[捂脸R]意不满离,弱势,观众,4
69e4efbf000000001401a017,69e42cc100000000220001ad,跑得慢的就像人，那些快的反而不像,弱势,观众,0
69e4efbe000000001401a034,69e42cc100000000220001ad,腿短步子小了[笑哭R],弱势,观众,0
69e4efa0000000001401e836,69e42cc100000000220001ad,下次加油呀小可爱[笑哭R],弱势,观众,1
69e4ef72000000001401b801,69e42cc100000000220001ad,我去炸学校，天天不迟到,弱势,观众,4
69e4ef710000000014018828,69e42cc100000000220001ad,腿儿太短了，跑几步还没人一步远[偷笑R],弱势,观众,0
69e4ef420000000014019808,69e42cc100000000220001ad,拿着奶瓶，挂着奶嘴的小机器人[偷笑R],弱势,观众,3
69e4ef41000000001401e829,69e42cc100000000220001ad,这小孩不错，虽然倒数第一，但从未放弃，加油,弱势,观众,2
69e4ef1f000000001401c825,69e42cc100000000220001ad,好怕一下跪了，爬不起来[捂脸R],弱势,观众,0
69e4ef1b0000000014019011,69e42cc100000000220001ad,感觉它下一秒就要摔了,弱势,观众,4
69e4eeec000000001401c40f,69e42cc100000000220001ad,未成年也可以参赛吗,弱势,观众,0
69e4eeb6000000001401900f,69e42cc100000000220001ad,很稳定的步伐，是别机器人没有的优势[doge],弱势,观众,3
69e4eea8000000001401980f,69e42cc100000000220001ad,他还只是个孩子啊,弱势,观众,2
69e4eea6000000001401a813,69e42cc100000000220001ad,累坏宝贝了[笑哭R],弱势,观众,2
69e4ee89000000001401dc08,69e42cc100000000220001ad,为啥感觉它下一秒就会被自己绊倒[笑哭R][笑哭R],弱势,观众,4
69e4ee7d000000001401e80e,69e42cc100000000220001ad,应该不是最后一名吧，不是还有几个走着走着自己散架了,弱势,观众,0
69e4ee41000000001401bc23,69e42cc100000000220001ad,这么点小孩脚丫子这么大[笑哭R],弱势,观众,2
69e4ee2b000000001401e41e,69e42cc100000000220001ad,会拐弯吗？还回来吗[doge],弱势,观众,4
69e4ee1a000000001401a414,69e42cc100000000220001ad,贵不贵，好想买一个,弱势,观众,4
69e4ee19000000001401c421,69e42cc100000000220001ad,小鼻嘎可爱多,弱势,观众,2
69e4edcf000000001401d836,69e42cc100000000220001ad,这个应该去参加未成年机器人组,弱势,观众,3
69e4edce000000001401d80a,69e42cc100000000220001ad,别让孩子做这些,弱势,观众,4
69e4edcb000000002b02a6b0,69e42cc100000000220001ad,踉踉跄跄的居然还不摔，平衡控制的很好啊[点赞R],弱势,观众,0
69e4eda6000000001401b80a,69e42cc100000000220001ad,反正我们这里幼儿组和成人组不能放一起比[doge],弱势,观众,2
69e4ed7e000000001401bc1c,69e42cc100000000220001ad,跑冒烟了还没到,弱势,观众,0
69e4ed3d000000001401cc0f,69e42cc100000000220001ad,好可爱，不贵的话我要买一个,弱势,观众,2
69e4ed110000000014019822,69e42cc100000000220001ad,主要是腿太短了[大笑R][大笑R][大笑R],弱势,观众,0
69e4ed070000000014019825,69e42cc100000000220001ad,这个步频太高，摩擦的地方会发热很厉害吧,弱势,观众,5
69e4ecfc0000000014019014,69e42cc100000000220001ad,我儿真的就是这么跑的，手臂摆动幅度很小，小腿蹭蹭的跑,弱势,观众,0
69e4ecd5000000001401e01f,69e42cc100000000220001ad,主要还是腿太短了,弱势,观众,0
69e4ecce000000001401d815,69e42cc100000000220001ad,这孩子真优秀,弱势,观众,2
69e4eccc000000001401e035,69e42cc100000000220001ad,这个步是飞跑不可吗,弱势,观众,0
69e4ecb00000000014018c13,69e42cc100000000220001ad,小朋友好棒 哈哈哈,弱势,观众,2
69e4ec6b000000001401e81d,69e42cc100000000220001ad,我觉得可以用一个圆形的东西代替会好一点[捂脸R],弱势,观众,5
69e4ec4e000000001401cc26,69e42cc100000000220001ad,快乐小公主,弱势,观众,2
69e4ec1d0000000014018c0b,69e42cc100000000220001ad,不管什么，小的时候就是很可爱啊!!!!,弱势,观众,2
69e4ebe8000000001401d404,69e42cc100000000220001ad,好怕它绊倒自己,弱势,观众,4
69e4ebd0000000001401e425,69e42cc100000000220001ad,它甚至手里还拿着奶瓶🍼[大笑R][大笑R],弱势,观众,2
69e4ebce000000001401cc2e,69e42cc100000000220001ad,知道他为什么最后一名吗？[生气R]因为他是跪着跑的[doge],弱势,观众,0
69e4ebb8000000001401e82d,69e42cc100000000220001ad,我觉得跑的很快呀，是耐力不行？电池续航不行？,弱势,观众,0
69e4eb6a000000001401e419,69e42cc100000000220001ad,我觉得可能是他的鞋大了，不然能跑的飞快,弱势,观众,0
69e4eb29000000001401c01e,69e42cc100000000220001ad,这玩意儿以后能给我养老吗[坏笑R]我很需要,弱势,观众,4
69e4eb25000000001401c422,69e42cc100000000220001ad,好可爱的机器人,弱势,观众,3
69e4eb09000000001401e01d,69e42cc100000000220001ad,小步还迈得蛮稳,弱势,观众,0
69e4eae5000000001401b808,69e42cc100000000220001ad,什么东西小了都好可爱,弱势,观众,2
69e4eae3000000001401880b,69e42cc100000000220001ad,鞋子太重影响发挥,弱势,观众,0
69e4eac9000000001401dc19,69e42cc100000000220001ad,感觉好像小鲁班,弱势,观众,2
69e4eac40000000014019c26,69e42cc100000000220001ad,像人类幼崽穿着妈妈的大鞋在跑,弱势,观众,0
69e4eabe0000000014019810,69e42cc100000000220001ad,易拉罐的脚脚,弱势,观众,0
69e4eaa3000000001401902b,69e42cc100000000220001ad,总感觉下一步就要摔倒了[笑哭R],弱势,观众,0
69e4ea99000000001401b828,69e42cc100000000220001ad,在等他摔倒，咋还没摔啊，明明每一步都像要绊倒自己[偷笑R],弱势,观众,0
69e4ea820000000014019024,69e42cc100000000220001ad,哈哈哈，我儿子真这样跑，太好笑了这个步伐[笑哭R],弱势,观众,0
69e4ea540000000014018c0b,69e42cc100000000220001ad,孩子还那么小，就出来闯荡，太不容易了。,弱势,观众,4
69e4ea0d0000000014018c01,69e42cc100000000220001ad,有种感觉下一秒就要摔个大马趴[捂脸R][捂脸R],弱势,观众,0
69e4e9b1000000001401e433,69e42cc100000000220001ad,宝，不着急，奶一口再跑嘛,弱势,观众,0
69e4e9a1000000001401d813,69e42cc100000000220001ad,哇，真帅，还有点小可爱！这个小豆角子多少钱可以领回家啊？,弱势,观众,2
69e4e97d000000001401902b,69e42cc100000000220001ad,最后载倒了。宇数的还停下来欢迎[偷笑R],弱势,观众,1
69e4e97a0000000014018c19,69e42cc100000000220001ad,鞋子不合适,弱势,观众,0
69e4e965000000001401a404,69e42cc100000000220001ad,机器人都生小宝宝了,弱势,观众,3
69e4e924000000001401b834,69e42cc100000000220001ad,欺负小孩子[笑哭R],弱势,观众,1
69e4e9110000000014019813,69e42cc100000000220001ad,这颠颠的还挺好玩[大笑R],弱势,观众,1
69e4e90f0000000014019c15,69e42cc100000000220001ad,要抱抱他 累死宝宝了,弱势,观众,2
69e4e9030000000014019c2a,69e42cc100000000220001ad,孩子是不是鞋子太大了,弱势,观众,0
69e4e8d2000000001401981f,69e42cc100000000220001ad,小短腿叨的挺快的[偷笑R],弱势,观众,0
69e4e8cf000000001401c828,69e42cc100000000220001ad,每一步都像要摔下去的,弱势,观众,4
69e4e8cf000000001401981b,69e42cc100000000220001ad,幼儿园的机器人也来了？,弱势,观众,3
69e4e8b4000000001401d41a,69e42cc100000000220001ad,多喝点营养快线,弱势,观众,5
69e4e83a000000001401c835,69e42cc100000000220001ad,还记得小时候看的那科幻片 那个机器人有两个大大的眼睛,弱势,观众,3
69e4e7ea000000001401c000,69e42cc100000000220001ad,太不公平啦！把一个小朋友放成人组！,弱势,观众,2
69e4e7dd000000001401dc2e,69e42cc100000000220001ad,迈着脚绊的步伐……,弱势,观众,0
69e4e7d4000000001401cc0e,69e42cc100000000220001ad,长大了不得了，孩子还小[笑哭R],弱势,观众,2
69e4e7c4000000001401c40f,69e42cc100000000220001ad,踩了两个易拉罐,弱势,观众,0
69e4e79c000000001401e405,69e42cc100000000220001ad,马拉松不是不准16岁以下参加吗[抓狂R],弱势,观众,0
69e4e785000000001401c822,69e42cc100000000220001ad,背上两根，一甩一甩的，好萌,弱势,观众,2
69e4e783000000001401ac1d,69e42cc100000000220001ad,就不能给孩子买双舒适的鞋吗？看把孩子累成啥样了，喝奶都没时间。,弱势,观众,0
69e4e74d000000001401cc08,69e42cc100000000220001ad,莫名的喜感[捂脸R],弱势,观众,1
69e4e748000000001401b832,69e42cc100000000220001ad,谁给孩子穿那么大的鞋子[失望R][失望R],弱势,观众,0
69e4e6c0000000001401dc1d,69e42cc100000000220001ad,每一步都在把自己绊倒的边缘,弱势,观众,4
69e4e6bb000000001401e037,69e42cc100000000220001ad,还是个宝宝呢，就要跑马拉松了[害羞R],弱势,观众,0
69e4e65f000000001401a004,69e42cc100000000220001ad,小腿倒腾的挺快呢,弱势,观众,0
69e4e658000000001401d400,69e42cc100000000220001ad,养个这个，比养个儿子强，儿子太气人了。,弱势,观众,2
69e4e633000000001401e00d,69e42cc100000000220001ad,我最喜欢这个扎小辫的,弱势,观众,2
69e4e630000000001401a40e,69e42cc100000000220001ad,这个鞋那么拖沓吗？担心下一秒宝子就摔坏了。。,弱势,观众,0
69e4e614000000001401dc17,69e42cc100000000220001ad,没断奶就参赛了,弱势,观众,0
69e4e5eb000000001401c023,69e42cc100000000220001ad,顺利完赛！鼓掌👏🏻,弱势,观众,4
69e4e5ad0000000014019c13,69e42cc100000000220001ad,脚底板都磨秃噜了吧,弱势,观众,0
69e4e551000000001401e01e,69e42cc100000000220001ad,感觉随时想摔倒。,弱势,观众,4
69e4e549000000001401c02e,69e42cc100000000220001ad,总感觉下一秒就会被自己绊倒[笑哭R][笑哭R],弱势,观众,4
69e4e545000000001401c017,69e42cc100000000220001ad,两个小腿倒腾的真有趣,弱势,观众,0
69e4e528000000001401d82a,69e42cc100000000220001ad,缺少一个泰迪衣服,弱势,观众,4
69e4e526000000001401d406,69e42cc100000000220001ad,总觉得下一秒它会摔倒,弱势,观众,4
69e4e523000000001401d42b,69e42cc100000000220001ad,怎么能让孩子参加这个？！！[笑哭R],弱势,观众,2
69e4e523000000001401d418,69e42cc100000000220001ad,这小鼻嘎好可爱，像一个下课了想马上回家看动画片的孩子,弱势,观众,2
69e4e521000000001401cc24,69e42cc100000000220001ad,就喜欢这个小家伙[失望R],弱势,观众,2
69e4e4c9000000001401d836,69e42cc100000000220001ad,机器人马拉松比赛应该申请世界吉尼斯纪录吧？新生事物，新鲜刺激！,弱势,观众,3
69e4e499000000001401a01e,69e42cc100000000220001ad,给孩子累坏了,弱势,观众,2
69e4e47e000000001401e41c,69e42cc100000000220001ad,小鼻嘎鞋子穿大了吧,弱势,观众,0
69e4e4650000000014019400,69e42cc100000000220001ad,不照车堵的什么样,弱势,观众,4
69e4e464000000001401e42b,69e42cc100000000220001ad,婴儿与成人怎么比？小家伙，勇气可嘉！👍,弱势,观众,2
69e4e44f0000000014019812,69e42cc100000000220001ad,我会很想买小鼻嘎的股票[doge][doge],弱势,观众,2
69e4e44d000000001401b002,69e42cc100000000220001ad,倒数最后一名不要紧，它能完赛就是胜利[捂脸R],弱势,观众,4
69e4e42a000000001401942f,69e42cc100000000220001ad,每一步都好像要摔倒一样。,弱势,观众,4
69e4e427000000001401a01b,69e42cc100000000220001ad,人家腿就那么一点点短啦,弱势,观众,0
69e4e3f9000000001401c81c,69e42cc100000000220001ad,给孩子穿的鞋是不是太大了点儿[偷笑R]所以跑不快[偷笑R],弱势,观众,0
69e4e3aa000000001401d402,69e42cc100000000220001ad,科技发达了，机械人都生出小机器人来了[偷笑R],弱势,观众,3
69e4e377000000001401e030,69e42cc100000000220001ad,小腿倒腾的挺快，就是速度慢[捂脸R][捂脸R]好怕那个细脚腕断了哦,弱势,观众,0
69e4e309000000001401a420,69e42cc100000000220001ad,这小腿儿还真细啊！,弱势,观众,2
69e4e2f10000000014019407,69e42cc100000000220001ad,哈哈哈它带着任务来的，看它后面的包裹[偷笑R],弱势,观众,1
69e4e2ce000000001401bc02,69e42cc100000000220001ad,这小玩意儿也能跑赢百分之九十评论区[笑哭R][笑哭R][笑哭R],弱势,观众,1
69e44162000000001401e801,69e42cc100000000220001ad,输在腿短吗[捂脸R],弱势,观众,0
69e6ecb0000000001401ac23,69e42cc100000000220001ad,设都设计了，不能给他接个大长腿吗[偷笑R],弱势,观众,0
69e56b57000000001401b004,69e42cc100000000220001ad,好怕它一下摔了[笑哭R][笑哭R],弱势,观众,1
69e43a590000000014019021,69e42cc100000000220001ad,感觉它马上要跪下去[失望R],弱势,观众,4
69e50f80000000001401dc02,69e42cc100000000220001ad,每一步都以为要倒 哈哈哈,弱势,观众,4
69e6b1a60000000014019c01,69e42cc100000000220001ad,你应该参加迷你马,弱势,观众,0
69e581bb000000001401ac0a,69e42cc100000000220001ad,不吃不喝的人，可以干到天荒地老,弱势,观众,4
69e61561000000001401900d,69e42cc100000000220001ad,这个机器人还没断奶吧 这么拼[偷笑R][偷笑R][偷笑R],弱势,观众,3
69e471ef000000001401c82e,69e42cc100000000220001ad,我以为它还拿着一瓶水,弱势,观众,4
69e4367c0000000014018826,69e42cc100000000220001ad,笑死🤣这个机器人刚刚从我面前过去了，它没跑了,弱势,观众,3
69e57dbd000000001401b00b,69e42cc100000000220001ad,这马拉松能跑第一就跑，跑不了就算了，累了就歇歇，饿了就喝口奶，奶瓶拿稳了啊，去吧，玩的开心[doge],弱势,观众,0
69e43311000000001401e428,69e42cc100000000220001ad,能跑完全程就很厉害了，有些直接摔烂了,弱势,观众,0
69e6fdba000000001401d805,69e42cc100000000220001ad,这小鼻屎能用来干嘛,弱势,观众,5
69e5aa18000000001401dc37,69e42cc100000000220001ad,这玩意就是当玩具卖，也能爆单[doge],弱势,观众,6
69e46d19000000001401d419,69e42cc100000000220001ad,严禁压榨未成年机器人[doge],弱势,观众,3
69e78d8c000000001401e430,69e42cc100000000220001ad,远看还以为是赛伊德[doge],弱势,观众,4
69e6f65d0000000014019c11,69e42cc100000000220001ad,机器人都有人喜欢了 到时候不会真的有人喜欢AI演员吧 （如果设计者很会设计的话,弱势,观众,3
69e5739f000000001401cc1d,69e42cc100000000220001ad,腿都迈不开的年纪就去参加马拉松，太励志了[哭惹R],弱势,观众,0
69e4685c0000000014019431,69e42cc100000000220001ad,像小孩穿着大人鞋在跑步[doge],弱势,观众,0
69e5859b000000001401e41d,69e42cc100000000220001ad,有一种：快点跑，快点跑，妈妈喊我吃饭了,弱势,观众,0
69e5b585000000001401c415,69e42cc100000000220001ad,欺负小孩儿，刚看一个机器人那大长腿，一步够他倒腾十步了[失望R],弱势,观众,3
69e6e3f8000000001401900e,69e42cc100000000220001ad,机器人做成人形的目的是,弱势,观众,3
69e447f6000000001401e037,69e42cc100000000220001ad,没事，真到了生不出小孩的那一天，它将是我的儿子哈哈哈哈,弱势,观众,2
69e42e8f0000000014019c17,69e42cc100000000220001ad,跑到哪了，宏达北路啥时候能到啊,弱势,观众,0
69e42e8c000000001401bc15,69e42cc100000000220001ad,输了比赛，赢了流量,弱势,观众,6
69e42d0c0000000014019013,69e42cc100000000220001ad,感谢认可！[派对R]小派它姐发来贺电,弱势,观众,2
69e452300000000014018818,69e42cc100000000220001ad,举办这玩意的意义是什么？,弱势,观众,4
69e59624000000001401e815,69e42cc100000000220001ad,我不理解 为何机器人要双腿行走，他就不有个轮子。上楼就切换腿。,弱势,观众,3
69e5080b000000001401dc17,69e42cc100000000220001ad,我有一个问题，就是机器人为什么一定要跟人类一样走路呢？脚底下安轮子像平衡车那样，不是走的更快更稳吗？或者像坦克那样的还能爬坡不是更好吗？,弱势,观众,3
69e99fe20000000014019825,69e42cc100000000220001ad,机器人最强的是大脑而不是四肢，不明白为啥天天比赛跑步,弱势,观众,3
69ec3e060000000027015ffb,69e42cc100000000220001ad,鲁班七号[笑哭了R],弱势,观众,1
69ea8901000000001401b802,69e42cc100000000220001ad,"一直以来，我始终严格遵守社区各项规则，坚持分享积极正向的内容，并注重维护友好的用户互动环境，确保所有行为均符合平台规范。
恳请团队帮忙核查账号当前状态，确认流量异常原因，助力流量恢复正常。",弱势,观众,4
69e9faa5000000001401d824,69e42cc100000000220001ad,感谢他特别容易扑街,弱势,观众,4
69e9e2ec000000001401c82b,69e42cc100000000220001ad,智能的东西为什么一定要追求长成人的模样，明明加个轮子吊打人类，非要给人家装上脚跑！机器人真的鸡肋，智能的东西，你需要他干活，就改成对应的机器，需要跑步，就改成小车，无人机也可以，整个腿成为了阉割版的玩具车了,弱势,观众,3
69e9c635000000001401d80c,69e42cc100000000220001ad,果然 什么东西小小的都很可爱[笑哭R],弱势,观众,2
69e94ce2000000001401e000,69e42cc100000000220001ad,我真的很迷惑，机器人应用是用来表演扇子舞和跑马拉松吗？满屏的这种新闻，那是不是以后机器人还要去度假和旅行？这是什么奇葩社会引导？更应该展示的是机器人替代人去危险的领域工作，而不是在这搞哗众取宠的玩具,弱势,观众,3
69e8fda6000000001401e40d,69e42cc100000000220001ad,鲁班七号[呃R],弱势,观众,1
69e8c2360000000014018821,69e42cc100000000220001ad,"亲戚：你有腹肌吗？
你：有
亲戚：长在哪？
你：大拇指上
亲戚[笑哭][笑哭】",弱势,观众,1
69e8b37b000000001401c015,69e42cc100000000220001ad,这不是那个摔倒了还被被的机器人看热闹鼓掌的小玩意吗[偷笑R],弱势,观众,3
69e8b208000000001401a00f,69e42cc100000000220001ad,实在抱歉占用大家资源，孩子还在重cu监护，费y用压力太大，实在撑不住了。垦请大家帮忙留意，万般感谢🙏,弱势,观众,4
69e8a3c4000000001401d834,69e42cc100000000220001ad,"对不起。。！给点流量，点开...看看小女孩在学校是班..长。我是女娃的绝w望的母亲，现在幼童小女孩得了严重**疾[哭惹R][哭惹R]躺在lcu:。，医--生说可能撐不了几天，没钱..缴纳已停 .,3.天药。[哭惹R]！为了留住她，凌晨当环卫白天送快递。可还是差太多了，🙏求大家在附近可以来...看一下。一个爱心。一个攒也可以🙏🙏!!。",弱势,观众,2
69e89de00000000014019c16,69e42cc100000000220001ad,路上有个减速带它能过去不，这小短腿儿,弱势,观众,0
69e882c1000000001401bc25,69e42cc100000000220001ad,鞋子太大了吧,弱势,观众,0
69e87856000000001401940a,69e42cc100000000220001ad,小短腿也不赖他[失望R],弱势,观众,0
69e86156000000001401d416,69e42cc100000000220001ad,他妈妈去哪儿了？怎么让一个孩子在大马路上跑？,弱势,观众,0
69e84d17000000001401d80f,69e42cc100000000220001ad,没觉得可爱，但觉得蠢萌[笑哭R],弱势,观众,2
69e84718000000001401e41d,69e42cc100000000220001ad,鞋子太大了,弱势,观众,0
69e842de000000001401e82b,69e42cc100000000220001ad,输在腿短了,弱势,观众,0
69e83327000000001401c805,69e42cc100000000220001ad,我想问的是，这些机器人为什么要刷成黑色？不能把它刷成白色吗？你们是不是非常喜欢黑色？在我的眼里，黑色就是垃圾而已,弱势,观众,3
69e832cc000000001401dc26,69e42cc100000000220001ad,机器人为什么还要用跑。直接脚底设置个轮子不就可以滑了，速度更快，跑的意义是什么？,弱势,观众,3
69e81f1a0000000014018802,69e42cc100000000220001ad,咋一看以为是跪着跑呢,弱势,观众,0
69e806ed000000001401d80d,69e42cc100000000220001ad,装个轮子,弱势,观众,6
69e7fbf0000000001401e000,69e42cc100000000220001ad,我倒觉得他姿势很流畅很和谐，和人类幼崽差不多，步频和步距都很合理，好看！,弱势,观众,0
69e7dd3b000000002d031edd,69e42cc100000000220001ad,这个矮到我以为在跪着跑[失望R],弱势,观众,0
69e7c107000000001401d804,69e42cc100000000220001ad,鞋太大了，不合脚,弱势,观众,0
69e77d42000000001401bc00,69e42cc100000000220001ad,别把尿不湿跑掉了   [失望R],弱势,观众,0
69e77494000000001401c812,69e42cc100000000220001ad,晚上好，原谅我蹭点热度[哭惹R]3岁宝贝女儿躺在l，cU里奄奄一息，真怕撑不过这几天[哭惹R]为了给儿续an[哭惹R]命，家里能值点钱的都卖了，每天没日没夜的送外卖，还是差医院很多。各位朋友能到头象去看看宝宝吗？送上一句祝福，一个爱心都行[合十R][合十R],弱势,观众,4
69e76f11000000001401c024,69e42cc100000000220001ad,大郎该吃药了💊,弱势,观众,4
69e75e3b0000000014018c0e,69e42cc100000000220001ad,蚊子和苍蝇臭屁虫该死的,弱势,观众,4
69e7583d000000001401d801,69e42cc100000000220001ad,孩子鞋大了,弱势,观众,0
69e751900000000014019c00,69e42cc100000000220001ad,这跟跪着走路似的,弱势,观众,4
69e7501d0000000014019418,69e42cc100000000220001ad,弱弱问一句意义在哪里？以后直接取消马拉松得了,弱势,观众,0
69e7424d000000001401bc24,69e42cc100000000220001ad,可笑的啊，真人给机器人做安保😂,弱势,观众,3
69e733ff0000000014019c0f,69e42cc100000000220001ad,机器人小孩儿，你的鞋子不跟脚对不？,弱势,观众,3
69e72ff4000000001401a02b,69e42cc100000000220001ad,本来用轮子更快非要造两只脚，明明就是个大号玩具，非要说是人形机器人？关键他有感情吗？有人类的喜怒哀乐吗？[笑哭了R][笑哭了R],弱势,观众,3
69e727c0000000001401bc17,69e42cc100000000220001ad,家长给孩子穿那么大的鞋，是捡哥哥穿的鞋吗，太会过了吧[偷笑R],弱势,观众,0
69e7225d000000001401d816,69e42cc100000000220001ad,搞个轮子不就完事了？,弱势,观众,6
69e71ac3000000001401b025,69e42cc100000000220001ad,小派的奶爸谢谢大家对小鼻嘎的喜爱，爱你们[飞吻R]！我们会继续努力💪,弱势,观众,2
69e70748000000001401d829,69e42cc100000000220001ad,小东西那么小就出来赚钱了,弱势,观众,2
69e70674000000001401a013,69e42cc100000000220001ad,汽车更快，用机器算什么呀,弱势,观众,3
69e705300000000014018c19,69e42cc100000000220001ad,对，人那么高的看着就膈应人[失望R],弱势,观众,4
69e703b9000000001401cc03,69e42cc100000000220001ad,好像跪着跑的样子,弱势,观众,0
69e6fe85000000001401b822,69e42cc100000000220001ad,矫健吗哈哈哈哈哈哈哈我觉得他每一步都像是要跌倒,弱势,观众,0
69e6fa28000000001401980e,69e42cc100000000220001ad,小孩偷穿大人鞋子🤣,弱势,观众,0
69e6f664000000001401b80b,69e42cc100000000220001ad,傻子机器，人类的替代品,弱势,观众,3
69e6f595000000001401e833,69e42cc100000000220001ad,拿着奶瓶呢，跑慢点怎么了,弱势,观众,0
69e6e178000000001401c41d,69e42cc100000000220001ad,这小短腿，紧着倒腾,弱势,观众,0
69e6de120000000014018c17,69e42cc100000000220001ad,小时候都可爱,弱势,观众,2
69e6d9ce0000000014019001,69e42cc100000000220001ad,养个这个不比养孩子强？可爱又不气人,弱势,观众,2
69e6d6660000000014018812,69e42cc100000000220001ad,比较小一点的都很可爱[偷笑R][偷笑R],弱势,观众,2
69e6cd0c000000001401b002,69e42cc100000000220001ad,就不能给这玩意儿加上轮子吗？想跑多快跑多快？为啥非要用人的形态？,弱势,观众,6
69e6cc9e000000001401cc13,69e42cc100000000220001ad,上幼儿园快迟到了？,弱势,观众,4
69e6c2ad000000001401c409,69e42cc100000000220001ad,这小短腿能跑第一名？,弱势,观众,0
69e6c160000000001401d400,69e42cc100000000220001ad,让人家未成年人来跑马拉松，有没有人性，看看人家的步态，整个一三岁小盆友，你们的心真大[派对R][派对R],弱势,观众,0
69e6bfaa000000001401e817,69e42cc100000000220001ad,孩子是抬不起脚来吗,弱势,观众,0
69e65b4f000000001401cc09,69e42cc100000000220001ad,有何意义难道要替代人类吗？上战场去吧,弱势,观众,4
69e64a18000000001401dc1f,69e42cc100000000220001ad,就没人能抱它跑一下吗？好可怜,弱势,观众,0
69e645cf000000001401d41c,69e42cc100000000220001ad,这个小机器人有点low啊！这哪里是机器人，分明就是个玩具啊！[笑哭R],弱势,观众,3
69e629cb000000001401bc25,69e42cc100000000220001ad,未成年的就别和人家比了[捂脸R],弱势,观众,1
69e62442000000001401a006,69e42cc100000000220001ad,这小短腿[偷笑R],弱势,观众,0
69e61b0a000000001401e81e,69e42cc100000000220001ad,上幼儿园了吗就参赛了[笑哭R],弱势,观众,1
69e61962000000001401e446,69e42cc100000000220001ad,那不得来个配音，一边跑一边哭？,弱势,观众,0
69e60dce000000001401ac06,69e42cc100000000220001ad,还在吃奶瓶呢，就来参赛，难怪倒数第一名,弱势,观众,2
69e60d47000000001401cc22,69e42cc100000000220001ad,我记得还有个机器人废物坐在地上，你怎么不拍呀[暗中观察R],弱势,观众,3
69e602d3000000001401941e,69e42cc100000000220001ad,长得就像个蚂蚁，能快到哪儿去,弱势,观众,2
69e5fe0a000000001401b820,69e42cc100000000220001ad,还没满月就出来跑马拉松，还给穿个大草鞋，这在机器人圈里，它器道吗？[偷笑R],弱势,观众,0
69e5eeb3000000001401b008,69e42cc100000000220001ad,对不住我的宝贝女儿[哭惹R][哭惹R]原谅我占用大家一点流量。。我是一个快要倒下去的母亲，9岁女儿可能熬不过这几天了[哭惹R]为了留住她，我每天白天在饭店做服务员，晚上不停的送外卖，可还是差得太多了，孩子已经好几天没法正常用..药了[哭惹R][合十R]求大家点头像拉一把可以吗，一句加油，一个点赞也可以[合十R][合十R]！。,弱势,观众,5
69e5eda8000000001401a427,69e42cc100000000220001ad,这不欺负机器人吗？凭啥小孩跟大人一组比？[萌萌哒R],弱势,观众,3
69e5e689000000001401c00f,69e42cc100000000220001ad,这么可爱，累死他吗？,弱势,观众,2
69e5e412000000001401b837,69e42cc100000000220001ad,🤖马拉松放公共厕所的意义是?,弱势,观众,0
69e5e093000000001401ac01,69e42cc100000000220001ad,这有什么用啊[笑哭R]能给人类擦桌子？洗碗？扫地🧹？,弱势,观众,5
69e5e025000000001401cc01,69e42cc100000000220001ad,上幼儿园迟到了吧,弱势,观众,4
69e5dc53000000001401c828,69e42cc100000000220001ad,实在是太可爱了,弱势,观众,2
69e5d343000000001401c40b,69e42cc100000000220001ad,一边喝奶一边跑吗,弱势,观众,0
69e5cb55000000002b02794b,69e42cc100000000220001ad,这孩子 鞋有点大 他妈妈希望他明年还能继续穿 [捂脸R],弱势,观众,0
69e5c54d000000001401e802,69e42cc100000000220001ad,孩子的鞋太大了,弱势,观众,0
69e5c468000000001401dc24,69e42cc100000000220001ad,鲁班七号？,弱势,观众,4
69e5c4350000000014019c0a,69e42cc100000000220001ad,鲁班七号………,弱势,观众,4
69e5bc6d000000001401e418,69e42cc100000000220001ad,这……这小短腿，是来重在参与吧[笑哭R][笑哭R]腿太短了,弱势,观众,0
69e5ba09000000001401c01e,69e42cc100000000220001ad,胡说，我们小小怪跑得最稳了！,弱势,观众,0
69e5b995000000001401981c,69e42cc100000000220001ad,这颠颠颠的，到时候到达终点都得计几个时间才能到齐[大笑R],弱势,观众,4
69e5b863000000001401e404,69e42cc100000000220001ad,这才是真机器人，不像网上那种假扮的机器人那门假[偷笑R][偷笑R][偷笑R]，网上假扮的都是真正贬低机器人的,弱势,观众,3
69e5b829000000001401c011,69e42cc100000000220001ad,太阳当空照，花儿对我笑，小鸟说早早早，你为什么背上炸药包~我去炸学校，老师不知道，砰的一声，学校没有了~[捂脸R][捂脸R][捂脸R],弱势,观众,1
69e5b7fc000000001401c400,69e42cc100000000220001ad,还拿个矿泉水，你会喝吗[坏笑R],弱势,观众,5
69e5b645000000001401b01f,69e42cc100000000220001ad,人性在哪里？底线在哪里？让个还在吃奶的孩子去参加马拉松！,弱势,观众,0
69e5b32e000000001401b00b,69e42cc100000000220001ad,鲁班七号来了,弱势,观众,4
69e5b326000000001401e022,69e42cc100000000220001ad,人家还在喝奶呢,弱势,观众,2
69e5b297000000001401a014,69e42cc100000000220001ad,总感觉下一秒就要摔倒了，一直到最后也没摔倒,弱势,观众,4
69e5b173000000001401c012,69e42cc100000000220001ad,有啥意义？！让人觉得它们已经统治世界了？！,弱势,观众,4
69e5af6a000000001401c040,69e42cc100000000220001ad,人闲的真是吃饱了撑的,弱势,观众,4
69e5ad7e000000001401e010,69e42cc100000000220001ad,这孩子有点营养不良,弱势,观众,2
69e5aa97000000001401ac2c,69e42cc100000000220001ad,机器人跑马拉松的意义是什么？这种本身不就是人类挑战极限吗？,弱势,观众,3
69e5a8b4000000001401a42b,69e42cc100000000220001ad,它是倒数第一，它自己知道吗,弱势,观众,4
69e5a6c2000000001401d814,69e42cc100000000220001ad,办机器人马拉松赛的目的是啥？是想证明机器人比人跑得快？,弱势,观众,3
69e5a51b000000001401dc2f,69e42cc100000000220001ad,你让一个小孩子穿这么大的鞋子跑步看看？严重怀疑设计的人没经历过童年生活[捂脸R],弱势,观众,0
69e5a29f000000001401981a,69e42cc100000000220001ad,像个人型小炸弹💣,弱势,观众,2
69e59f71000000001401d804,69e42cc100000000220001ad,感觉是一路跪过去的[捂脸R],弱势,观众,0
69e59f22000000001401c41a,69e42cc100000000220001ad,幼儿园就出来跑半马了？,弱势,观众,0
69e59bfb000000001401c40a,69e42cc100000000220001ad,这个行走速度，换成十年前属于极其优秀的存在。现在却只能落后了，机器人技术发展太快了,弱势,观众,3
69e59aef0000000014018c02,69e42cc100000000220001ad,这是小学生作品吗,弱势,观众,2
69e59a57000000001401e81c,69e42cc100000000220001ad,看着不太聪明的样子,弱势,观众,2
69e59257000000001401a411,69e42cc100000000220001ad,你们太可恶了，婴儿也上场跑，奶瓶还捏手上[笑哭R],弱势,观众,2
69e591c6000000001401cc12,69e42cc100000000220001ad,乖乖，叫你妈妈换个运动鞋给你，为什么要穿增高鞋呀[飞吻R][飞吻R],弱势,观众,0
69e58bfc0000000014019803,69e42cc100000000220001ad,都在那嘲笑机器人呢，再过几个月，很快就笑不出来了,弱势,观众,3
69e58493000000001401a416,69e42cc100000000220001ad,太阳当空照，花儿对我笑。                                    小鸟说早早早，你为什么背着炸药包。                 我要炸学校，老师不知道。                                     一点火我就跑，老师学校全都不见了。                  [害羞R][害羞R][害羞R],弱势,观众,1
69e583970000000014018c0b,69e42cc100000000220001ad,这小玩意脚里脚气的[微笑R],弱势,观众,5
69e58347000000001401a418,69e42cc100000000220001ad,这小短腿儿[笑哭R],弱势,观众,0
69e5820e000000001401dc01,69e42cc100000000220001ad,机器人马拉松意义何在呢？,弱势,观众,3
69e5800e0000000014018811,69e42cc100000000220001ad,随时都跪下去既视感,弱势,观众,4
69e57ea3000000001401c818,69e42cc100000000220001ad,我一直在等他摔倒，总有一种下一秒就摔倒的感觉,弱势,观众,4
69e579700000000014019c0d,69e42cc100000000220001ad,未成年就出来赚口粮啊,弱势,观众,2
69e57884000000001401c805,69e42cc100000000220001ad,这踏马几个意思,弱势,观众,0
69e577b6000000001401cc0d,69e42cc100000000220001ad,每一步都跑出了马上要扑街的架势[笑哭R],弱势,观众,0
69e5722e000000001401d406,69e42cc100000000220001ad,倒数第一也是胜利，哪有幼儿园孩子和运动员比赛的[捂脸R],弱势,观众,0
69e5665a000000001401a803,69e42cc100000000220001ad,鲁班七号啊,弱势,观众,4
69e55303000000001401ac00,69e42cc100000000220001ad,“迈着矫健的步伐…啊”[汗颜R],弱势,观众,0
69e53d940000000014019802,69e42cc100000000220001ad,这儿童独自上公路，警察为什么不管？[捂脸R][捂脸R][捂脸R],弱势,观众,0
69e52f46000000001401e403,69e42cc100000000220001ad,机器儿童。,弱势,观众,3
69e50af6000000001401e404,69e42cc100000000220001ad,小小的就已经有脑血栓的步伐了…[黑薯问号R],弱势,观众,0
69e50a07000000001401dc05,69e42cc100000000220001ad,哪家小朋友大人没看好，自己跑出来了,弱势,观众,0
69e507010000000014019009,69e42cc100000000220001ad,倒数第一？你是说那个脖子以下全是腿的豆包机器人跑的比他快？[石化R],弱势,观众,3
69e506c2000000001401c007,69e42cc100000000220001ad,[笑哭R]这小短腿两步跟人家一步距离一样，有点吃亏[笑哭R],弱势,观众,0
69e502bb0000000014019418,69e42cc100000000220001ad,是倒数第一啊。🤣,弱势,观众,4
69e50219000000001401c813,69e42cc100000000220001ad,到底哪里矫健了[笑哭R],弱势,观众,0
69e4fcd3000000001401dc10,69e42cc100000000220001ad,ta是倒数第一，你是说，豆脚比ta快？,弱势,观众,4
69e4fa65000000001401c40f,69e42cc100000000220001ad,人类的悲哀,弱势,观众,4
69e4f05a000000001401d404,69e42cc100000000220001ad,感觉它有种随时要跪的感觉,弱势,观众,4
69e4eab2000000001401b814,69e42cc100000000220001ad,小鲁班，一抓一死,弱势,观众,4
69e4e98d000000001401bc20,69e42cc100000000220001ad,这小逼噶是谁家的,弱势,观众,2
69e4e670000000001401b835,69e42cc100000000220001ad,这么小自己出门了？你家大人呢？,弱势,观众,2
69e4e2e2000000001401dc03,69e42cc100000000220001ad,抱歉，打扰了，可以点开头像拉一把。看一眼无助的农村宝妈吗[哭惹R][合十R]我只是个环卫工。每天起早贪黑去县城打扫卫生，可惜命运不公，娃还这么小。就患了重，。疾，上了水滴却远远不够[哭惹R][合十R]已经lcu.欠了费。实在没办法，哪怕给个点赞。一句加油[哭惹R][哭惹R]！！！？，,弱势,观众,4
69e4dccf000000001401e41c,69e42cc100000000220001ad,谁家崽？路上乱跑，当家长的呢？[抠鼻R],弱势,观众,2
69e48387000000001401a00d,69e42cc100000000220001ad,人家不是跑不快，是纯腿短啊[笑哭R],弱势,观众,0
69e47a8f000000001401a81c,69e42cc100000000220001ad,倒数第一咋啦。可爱第一就行拉,弱势,观众,1
69e47984000000001401e004,69e42cc100000000220001ad,这么急？好想问一句，你干嘛去？[大笑R][大笑R][大笑R],弱势,观众,4
69e478c40000000014018c01,69e42cc100000000220001ad,还吃奶呢，就来跑马拉松了,弱势,观众,0
69e47722000000001401e810,69e42cc100000000220001ad,咋了，人家拎着小奶瓶儿呢,弱势,观众,2
69e4761a000000001401a811,69e42cc100000000220001ad,你们现在拿我当玩具，未来我让你们人类当玩具。,弱势,观众,4
69e4760c000000001401b011,69e42cc100000000220001ad,没满周岁，就出来闭上，这是那个[偷笑R],弱势,观众,2
69e47422000000001401dc3b,69e42cc100000000220001ad,玩赖，人家是儿童组,弱势,观众,2
69e47247000000001401e40b,69e42cc100000000220001ad,矫健？跟这俩字一点也不沾边吧,弱势,观众,4
69e471cc000000001401b810,69e42cc100000000220001ad,这小短腿除了当自爆小鬼还有啥用？,弱势,观众,0
69e47132000000001401980f,69e42cc100000000220001ad,是因为程序员追不上它家大号机器人，所以换了个小短腿过来吗？,弱势,观众,3
69e470ea000000001401e02c,69e42cc100000000220001ad,鲁班机器人？智商250？,弱势,观众,3
69e46e4f000000001401940e,69e42cc100000000220001ad,哪来的矫健？这不是踉跄？,弱势,观众,0
69e46e3a000000001401e008,69e42cc100000000220001ad,等着吧 以后机器人统治世界 这就是雇佣未成年机器人劳动的证据[doge],弱势,观众,3
69e46c22000000001401e43d,69e42cc100000000220001ad,无聊至极,弱势,观众,4
69e46ba5000000001401bc12,69e42cc100000000220001ad,[doge]还没长大就出来混了？呼吁《未成年机器人保护法》,弱势,观众,3
69e468fe000000001401dc3f,69e42cc100000000220001ad,接受大家的欢呼与互动,弱势,观众,1
69e46894000000001401d817,69e42cc100000000220001ad,感觉他随时要跪下去,弱势,观众,4
69e468400000000014019c00,69e42cc100000000220001ad,倒数第一难道不是第一？？？,弱势,观众,4
69e467330000000014018c0a,69e42cc100000000220001ad,着急去幼儿园吗？,弱势,观众,4
69e4672e0000000014019421,69e42cc100000000220001ad,没断奶就出来营业了吗[偷笑R],弱势,观众,4
69e465b4000000001401cc13,69e42cc100000000220001ad,人家是机器人小中的小童学，倒数第一已经很好了呢，比那些还没起跑就不行的、跑几步就崴了脚的、斜着撞广告牌去的、断肥摔倒散架的……强了万倍了[笑哭R][笑哭R],弱势,观众,3
69e46461000000001401e034,69e42cc100000000220001ad,卤蛋也来跑马拉松了吗[棒R],弱势,观众,0
69e463bf000000001401a81e,69e42cc100000000220001ad,看看，不仅要炫酷，又有可爱。我们是多姿多彩的，不是喷子那种二极管思维，，，,弱势,观众,2
69e46201000000001401e401,69e42cc100000000220001ad,随时要狗吃屎的感觉,弱势,观众,4
69e460bc000000001401ac1e,69e42cc100000000220001ad,感觉它随时要下跪[笑哭R],弱势,观众,4
69e45e33000000001401c00a,69e42cc100000000220001ad,倒数第一难道就不是第一了吗,弱势,观众,4
69e45e2e000000001401940f,69e42cc100000000220001ad,胜之不武，这明显把小孩放在大人赛场一起跑，小孩怎么跑得过大人？,弱势,观众,0
69e45c89000000001401d424,69e42cc100000000220001ad,还拿着个奶瓶，就不能等孩子断奶再去吗[暗中观察R],弱势,观众,2
69e45b1b000000001401e812,69e42cc100000000220001ad,这小短腿，难为人家了,弱势,观众,0
69e45b01000000001401dc07,69e42cc100000000220001ad,看那可爱的小碎步好萌的感觉，就像是一个小孩穿了一双大人的鞋子在跑[捂脸R],弱势,观众,0
69e45a7d000000001401dc23,69e42cc100000000220001ad,你对矫健两个字有什么误解,弱势,观众,4
69e458ac000000001401b01e,69e42cc100000000220001ad,为什么一定要用脚啊，轮子不是更方便稳定性又好。,弱势,观众,0
69e454f9000000001401b833,69e42cc100000000220001ad,应该算不上倒数第一，有好多跪了,弱势,观众,4
69e454620000000014018c0e,69e42cc100000000220001ad,有些人嘲笑这些小家伙，殊不知现在的跌倒、跌碎都是在为未来的飞奔做准备。我想起了以前的一篇课文，当时很多人把富尔顿的轮船称谓“富尔顿的怪物”，当然，也就是这些人日后也有不少人乘坐了这个怪物并受益。在没有伤害别人和公共利益的前提下，任何一种面向未来的尝试都值得尊重。当然，冷嘲热讽是一部分人天生的弱点，大家没想着去改变他们，也改变不了。要是他们有种日后坚决不享受未来科技带来的便利，那我对他肃然起敬！！,弱势,观众,6
69e45406000000001401b018,69e42cc100000000220001ad,怎么可以歧视宝宝机器人！比赛好歹分个幼儿组、成人组[暗中观察R],弱势,观众,3
69e45042000000001401881c,69e42cc100000000220001ad,好像垃宝啊，心目中的垃宝,弱势,观众,4
69e45039000000001401e437,69e42cc100000000220001ad,有种小孩穿大人鞋的感觉 容易扑街[失望R][失望R],弱势,观众,0
69e44d60000000001401c827,69e42cc100000000220001ad,试想下这玩意儿进化完成后，手上集成两把枪，背着c4，从狗洞钻进碉堡的画面，还可爱吗,弱势,观众,2
69e44d5d000000001401940e,69e42cc100000000220001ad,这小短腿,弱势,观众,0
69e44a90000000001401e020,69e42cc100000000220001ad,没成年啊这都可以报名参赛？家长咋想的？,弱势,观众,2
69e44547000000001401c807,69e42cc100000000220001ad,不知道生产这玩意有毛用，感觉又是骗补贴的[偷笑R],弱势,观众,6
69e444ec000000002b024f46,69e42cc100000000220001ad,这俩小短腿，也是幸苦孩子了！[笑哭R],弱势,观众,0
69e4447c000000001401bc1c,69e42cc100000000220001ad,装个轮子啊,弱势,观众,6
69e4442a000000001401a012,69e42cc100000000220001ad,这短腿，儿童机器人吧,弱势,观众,3
69e44370000000001401dc1e,69e42cc100000000220001ad,这小短腿，他就不是来得奖的，是来卖萌的[大笑R],弱势,观众,0
69e4433f000000001401a820,69e42cc100000000220001ad,迈着脚贱的步伐，小跑过来了。,弱势,观众,0
69e440bf0000000014018c0d,69e42cc100000000220001ad,鲁班他二爹,弱势,观众,4
69e440a8000000001401c406,69e42cc100000000220001ad,小细腿好可怜,弱势,观众,0
69e43c29000000001401cc25,69e42cc100000000220001ad,圈钱骗钱各显其能,弱势,观众,4
69e43be8000000001401c81b,69e42cc100000000220001ad,意义何在，是以后抛弃肉体，将个人思维活动植入机器人吗,弱势,观众,3
69e43abb000000001401e402,69e42cc100000000220001ad,未成年能参加比赛？没有底线的吗？[doge],弱势,观众,0
69e43a86000000001401c805,69e42cc100000000220001ad,🤖：真特么没苦硬吃,弱势,观众,4
69e85a720000000014019427,69e42cc100000000220001ad,维特丝美白沐浴露果酸祛痘留香,弱势,观众,5
69e58058000000001401bc1e,69e42cc100000000220001ad,有人需要技术支持吗？🤖,弱势,观众,4
69e72520000000001401e42b,69e6f2bc0000000023005345,下次给娃买双会闪光会叫叫的鞋,弱势,观众,0
69e7170a000000001401b807,69e6f2bc0000000023005345,名次不重要、流量才是最重要的，那么多机器人只记得这个小鼻嘎了[捂脸R],弱势,观众,3
69e79d67000000001401d426,69e6f2bc0000000023005345,我刚才刷到它摔了，被别的机器人看热闹还鼓掌的营销号[捂脸R],弱势,观众,3
69e73b0c000000001401e020,69e6f2bc0000000023005345,真的很想买一个回来当小朋友的玩伴耶[暗中观察R],弱势,观众,2
69e82738000000001401e801,69e6f2bc0000000023005345,你们啥时候考虑套皮套啊！我想养一个[喝奶茶R],弱势,观众,2
69e71d08000000001401c829,69e6f2bc0000000023005345,这不该亲子组，五公里么，谁这么狠让孩子自己出征的,弱势,观众,0
69e81cac000000001401d40e,69e6f2bc0000000023005345,这种小型人形机器人在生活中的应用场景是什么？贵吗？,弱势,观众,3
69e7294b000000001401cc0a,69e6f2bc0000000023005345,再把扫地做饭训练好,弱势,观众,4
69e7365b000000001401c81c,69e6f2bc0000000023005345,是被大机器人嘲笑的那个机器人吗,弱势,观众,3
69e726700000000014018820,69e6f2bc0000000023005345,你家孩子正好cos鲁班七号[斜眼R],弱势,观众,2
69ea12fd000000001401d40e,69e6f2bc0000000023005345,前边有只大湾鸡？[哇R][大笑R][大笑R],弱势,观众,1
69e86e9b000000001401b801,69e6f2bc0000000023005345,如果销售这款应该大卖,弱势,观众,6
69e75f670000000014018c18,69e6f2bc0000000023005345,不知道这个机器人是不是我在b站上看到的那位，摔倒了还被宇数机器人观望拍手那个[笑哭R],弱势,观众,3
69e72ca2000000001401b009,69e6f2bc0000000023005345,小派除了跑步，买来能做什么呀？,弱势,观众,0
69e89a83000000001401e409,69e6f2bc0000000023005345,小派虽然跑得慢，但它稳呀[笑哭R]小腿倒腾得太可爱了[色色R],弱势,观众,2
69e74097000000001401cc06,69e6f2bc0000000023005345,有点想抱在怀里的冲动[笑哭R],弱势,观众,2
69e78c18000000001401c00c,69e6f2bc0000000023005345,我专门为了追小派早起坐了一个多小时的车去10公里处的大族广场候着，结果等了半天没等到，听说在5公里处就熄火了[抽泣R][抽泣R][抽泣R],弱势,观众,0
69e78c02000000001401d41a,69e6f2bc0000000023005345,去参加儿童组，不要混在成人组里[偷笑R][偷笑R],弱势,观众,1
69e78add000000001401dc14,69e6f2bc0000000023005345,已经在好多个营销号看到你了[doge],弱势,观众,1
69e788bb000000001401d841,69e6f2bc0000000023005345,我刚刚上个视频还看着它摔在那了哈,弱势,观众,1
69e7871c000000001401e429,69e6f2bc0000000023005345,原来叫小派，可爱！,弱势,观众,2
69e783220000000014018828,69e6f2bc0000000023005345,孩子还在喝奶的年纪就出来跑半马了，好励志啊,弱势,观众,0
69e780eb000000001401b003,69e6f2bc0000000023005345,拿的真是个奶瓶啊,弱势,观众,2
69e77da2000000001401d426,69e6f2bc0000000023005345,这个真的太可爱了[偷笑R],弱势,观众,2
69e77ca8000000001401ac0f,69e6f2bc0000000023005345,加油，就指望着它们等我老了照顾我呢[萌萌哒R],弱势,观众,2
69e77b08000000001401bc2e,69e6f2bc0000000023005345,真的是你们的嘛，我到处问,弱势,观众,4
69e7793c000000001401c81b,69e6f2bc0000000023005345,购买代替生育,弱势,观众,4
69e777de000000001401d834,69e6f2bc0000000023005345,最可爱的机器人[害羞R],弱势,观众,3
69e777d40000000014019414,69e6f2bc0000000023005345,哈哈真的超萌的,弱势,观众,2
69e775e8000000001401982a,69e6f2bc0000000023005345,喜欢，多少钱一个[偷笑R],弱势,观众,1
69e775b40000000014019832,69e6f2bc0000000023005345,难怪倒数第一，还是腿短了[暗中观察R],弱势,观众,0
69e77427000000001401c426,69e6f2bc0000000023005345,这次比赛就记住了第一名[皱眉R]和最后一名[暗中观察R],弱势,观众,1
69e7737f0000000014013000,69e6f2bc0000000023005345,这波流量我拿去开账号了[笑哭R],弱势,观众,1
69e772cc000000001401ac13,69e6f2bc0000000023005345,哦就是那个宇树机器人嘲笑的耶,弱势,观众,3
69e76d95000000001401a813,69e6f2bc0000000023005345,实在是太可爱了，团队也是可爱的团队吧,弱势,观众,2
69e76d69000000001401c411,69e6f2bc0000000023005345,真的拿着奶瓶，太可爱啦,弱势,观众,2
69e76d30000000001401e43a,69e6f2bc0000000023005345,这个小鼻嘎太可爱了,弱势,观众,2
69e76c63000000001401cc3a,69e6f2bc0000000023005345,刚从冠军那边过来，还是这个小东西流量大[笑哭R],弱势,观众,6
69e76c49000000001401e82c,69e6f2bc0000000023005345,太可爱了[笑哭R][笑哭R]我就记住了两个一个就是你们家的小派,弱势,观众,2
69e76c340000000014019417,69e6f2bc0000000023005345,还有个顶着个豆包的两条腿   笑死人了,弱势,观众,1
69e76bb9000000001401ac13,69e6f2bc0000000023005345,哎呦我不行了，太可爱了,弱势,观众,2
69e76ae5000000001401a405,69e6f2bc0000000023005345,人总要休息一下，再一下[得意R],弱势,观众,4
69e76ad6000000001401902c,69e6f2bc0000000023005345,事实证明腿短确实跑得慢[嘻嘻R][嘻嘻R][嘻嘻R],弱势,观众,0
69e769a30000000014018c05,69e6f2bc0000000023005345,好喜欢这样的机器人,弱势,观众,3
69e7681c000000002d020d44,69e6f2bc0000000023005345,这就是传说中的脚上装俩订书钉就来比赛的奶娃娃机器人吗？好萌啊，给孩子备双鞋吧，跑那么远怪心疼的[偷笑R],弱势,观众,3
69e76744000000001401c437,69e6f2bc0000000023005345,小宝宝一共跑了多少步,弱势,观众,0
69e76294000000001401e811,69e6f2bc0000000023005345,好可爱的宝宝,弱势,观众,2
69e76082000000001401e822,69e6f2bc0000000023005345,好可爱啊，好萌啊,弱势,观众,2
69e76054000000001401c030,69e6f2bc0000000023005345,小派派找妈妈[笑哭R],弱势,观众,2
69e75e8c000000001401a009,69e6f2bc0000000023005345,别小看它腿短～他日 入役後，便知它有多厲害[点赞R][点赞R][点赞R],弱势,观众,0
69e75e60000000001401d811,69e6f2bc0000000023005345,最乖的冲天炮[大笑R],弱势,观众,1
69e75e25000000001401ac0d,69e6f2bc0000000023005345,未满十八岁可以参加马拉松吗[doge],弱势,观众,0
69e75e07000000001401dc29,69e6f2bc0000000023005345,居然还看到了大湾鸡[吧唧R],弱势,观众,1
69e75d760000000014019c1d,69e6f2bc0000000023005345,底盘低可以火场里搜寻幸存者报告位置，还可以上战场爬敌人的坦克，也可以像柯基福仔似的给货车底盘做安检,弱势,观众,6
69e75d01000000001401bc0c,69e6f2bc0000000023005345,好可爱的小朋友,弱势,观众,2
69e75bc5000000001401c833,69e6f2bc0000000023005345,太可爱了，你家这个我是真的想买[害羞R][害羞R]买回来当个玩具玩玩,弱势,观众,2
69e75ac1000000001401b829,69e6f2bc0000000023005345,是工程师根据他女儿的样子做的吗？[偷笑R],弱势,观众,2
69e75a9b000000001401c817,69e6f2bc0000000023005345,你家小派好可爱,弱势,观众,2
69e75968000000001401c003,69e6f2bc0000000023005345,上上一个就是营销号发的这种视频[doge],弱势,观众,1
69e7595d000000001401a01f,69e6f2bc0000000023005345,告诉这个多少钱，看我能不能买得起,弱势,观众,4
69e75941000000001401ac3a,69e6f2bc0000000023005345,孩子人小脚挺大的,弱势,观众,0
69e7585d000000001401cc19,69e6f2bc0000000023005345,呦，这是你家的小盆友啊,弱势,观众,2
69e757a9000000001401e025,69e6f2bc0000000023005345,可爱死了这小玩意儿,弱势,观众,2
69e7561e000000001401e435,69e6f2bc0000000023005345,这是为了陪伴小孩的机器人吧？[笑哭R],弱势,观众,3
69e75594000000001401b818,69e6f2bc0000000023005345,你就是那只跑着跑着，拉裤兜子里蹲下的小鼻嘎啊[哇R],弱势,观众,2
69e7550e000000001401e826,69e6f2bc0000000023005345,你的头像为什么不是小派，是不是不爱了,弱势,观众,4
69e754e7000000001401e407,69e6f2bc0000000023005345,不想生孩子可以买宝宝当孩子,弱势,观众,2
69e754750000000014019c27,69e6f2bc0000000023005345,真的好可爱,弱势,观众,2
69e75368000000001401b821,69e6f2bc0000000023005345,没断奶呢就已经上赛道了[doge][doge][doge],弱势,观众,0
69e75156000000001401cc09,69e6f2bc0000000023005345,是不是跑完评委都下班了哦[偷笑R],弱势,观众,0
69e75095000000001401d430,69e6f2bc0000000023005345,你是看你机器人跑的时候有没有注意到有这个机器人？,弱势,观众,3
69e7507f0000000014019c0d,69e6f2bc0000000023005345,好想拥有小派呀[萌萌哒R][萌萌哒R],弱势,观众,2
69e7505e000000001401c434,69e6f2bc0000000023005345,宝宝跑累了？喝口奶补充一下体力[害羞R],弱势,观众,0
69e75052000000001401a811,69e6f2bc0000000023005345,小派真的太可愛了，真想給他買下來，來給我倒垃圾擦桌子洗碗[笑哭R][笑哭R][笑哭R],弱势,观众,2
69e74f7d000000001401c026,69e6f2bc0000000023005345,最喜欢拿着奶瓶🍼的小派了❤️,弱势,观众,2
69e74f6f0000000014019426,69e6f2bc0000000023005345,居然有只机器大湾鸡,弱势,观众,3
69e74f20000000001401b80e,69e6f2bc0000000023005345,小派虽然跑步最后一名，但是萌出圈了[飞吻R],弱势,观众,0
69e74dd9000000001401d428,69e6f2bc0000000023005345,这是你们家生产的吗？真的好可爱啊，还很争气能坚持那么久。,弱势,观众,2
69e74d85000000001401c419,69e6f2bc0000000023005345,拿着奶瓶跑马也是没谁了[笑哭R][笑哭R],弱势,观众,0
69e74cb6000000001401e816,69e6f2bc0000000023005345,看到小派跑步的样子，想起年前离世的宝宝了。[哭惹R],弱势,观众,0
69e74ca3000000001401c802,69e6f2bc0000000023005345,好想邀请这个小朋友过六一儿童节啊！,弱势,观众,2
69e74b98000000001401881c,69e6f2bc0000000023005345,体育老师你教教孩子腹式呼吸……我怕它跑岔气[完啦R],弱势,观众,0
69e74b2f0000000014019c0a,69e6f2bc0000000023005345,真的好可爱啊，越看越可爱。[害羞R],弱势,观众,2
69e74ade000000001401dc2a,69e6f2bc0000000023005345,赢不赢的不重要，全场我就记住了这只小蚂蚁,弱势,观众,4
69e74986000000001401c418,69e6f2bc0000000023005345,太可爱啦！小奶瓶萌萌哒,弱势,观众,2
69e7493e000000001401d41b,69e6f2bc0000000023005345,继人的感情向宠物转移，人类的感情向机械转移已经出现了,弱势,观众,3
69e748680000000014019c20,69e6f2bc0000000023005345,宝宝跑不动了，原地嘘嘘[捂脸R][捂脸R][捂脸R],弱势,观众,0
69e74860000000001401bc18,69e6f2bc0000000023005345,最喜欢你家宝了,弱势,观众,2
69e747190000000014018824,69e6f2bc0000000023005345,它甚至还挂了一个奶嘴儿[笑哭R],弱势,观众,2
69e74416000000001401d804,69e6f2bc0000000023005345,出了荣耀那个机器人 我就记得这个 太可爱了,弱势,观众,3
69e743e20000000014019c20,69e6f2bc0000000023005345,他会跑一半没电吗[笑哭R],弱势,观众,0
69e743bc000000001401bc23,69e6f2bc0000000023005345,在广东的ee也认识这个可爱的小鼻嘎了[飞吻R],弱势,观众,2
69e742d8000000001401d839,69e6f2bc0000000023005345,老师，我宝的口水巾呢？拍嗝了吗[doge],弱势,观众,2
69e7420d0000000014018816,69e6f2bc0000000023005345,太可爱啦，明年一定要去参赛哈[偷笑R],弱势,观众,2
69e741f2000000001401a405,69e6f2bc0000000023005345,约德尔人,弱势,观众,4
69e740590000000014018822,69e6f2bc0000000023005345,最可爱的就是这个小鼻嘎,弱势,观众,2
69e73fc0000000001401ac01,69e6f2bc0000000023005345,你们家小机器人的步态真的好像小孩子啊，一颠一颠的，结构设计师家里有小娃娃吗[害羞R][害羞R],弱势,观众,3
69e73f8e000000001401bc2d,69e6f2bc0000000023005345,别看它小，两小蛙腿倒的还挺快[捂脸R],弱势,观众,0
69e73f39000000001401d807,69e6f2bc0000000023005345,下次穿个尿不湿,弱势,观众,5
69e73d39000000001401e027,69e6f2bc0000000023005345,好可爱呀呀呀[萌萌哒R],弱势,观众,2
69e73b45000000001401ac14,69e6f2bc0000000023005345,大湾鸡也去跑步了啊[doge],弱势,观众,0
69e73a7c000000001401e007,69e6f2bc0000000023005345,这个小家伙比较智能。高温了马上蹲下。工作人员就知道了。。比大家伙强。大家伙高温了直接躺平[笑哭R][笑哭R][笑哭R],弱势,观众,5
69e73a26000000001401ac1f,69e6f2bc0000000023005345,这是遥控的还是自主的呀,弱势,观众,6
69e737d4000000001401a409,69e6f2bc0000000023005345,一个小派大概多少钱啊[哭惹R],弱势,观众,1
69e736db000000001401c425,69e6f2bc0000000023005345,我也好想参加[派对R]不那么优秀的我，一定会在别处...,弱势,观众,4
69e7362a000000001401ac22,69e6f2bc0000000023005345,哈哈哈哈小鼻嘎太搞笑了,弱势,观众,2
69e73328000000001401880e,69e6f2bc0000000023005345,老师你的简介怎么带声音[doge],弱势,观众,4
69e72fc3000000001401dc02,69e6f2bc0000000023005345,快回家让妈妈换双好穿的鞋子,弱势,观众,0
69e72b4c000000001401bc00,69e6f2bc0000000023005345,好想往它左右两边绑个蝴蝶结🎀,弱势,观众,2
69e729c9000000001401c029,69e6f2bc0000000023005345,给娃穿个闪闪亮的鞋子下次,弱势,观众,0
69e728fd000000001401e811,69e6f2bc0000000023005345,个子矮的都喜欢穿厚底鞋吗,弱势,观众,0
69e728f8000000001401d82b,69e6f2bc0000000023005345,我都没看到它拿奶瓶过来[笑哭R]他就上车了,弱势,观众,2
69e72862000000001401e018,69e6f2bc0000000023005345,好可爱好可爱[皱眉R][皱眉R][皱眉R][皱眉R],弱势,观众,2
69e7268c000000001401d813,69e6f2bc0000000023005345,你不是人！你是机器！,弱势,观众,3
69e725dd000000001401bc17,69e6f2bc0000000023005345,好可爱啊，以后走颜值路线,弱势,观众,2
69e725680000000014019c26,69e6f2bc0000000023005345,小派好像是完赛了的，对吗？,弱势,观众,4
69e723b2000000002a03187e,69e6f2bc0000000023005345,成为了心中的白月光(机器人版)[害羞R],弱势,观众,3
69e72380000000001401b028,69e6f2bc0000000023005345,我突然意识到 大白好像离我们真的不远了,弱势,观众,4
69e722940000000014018c0b,69e6f2bc0000000023005345,太喜欢小派了 可可爱爱的 萌化了[飞吻R][飞吻R][飞吻R],弱势,观众,2
69e7203b000000001401ac07,69e6f2bc0000000023005345,好乖，这个可以买来玩嘛,弱势,观众,2
69e71f15000000001401e82e,69e6f2bc0000000023005345,会给宝宝穿会嘎吱嘎吱叫的鞋吗[哭惹R][哭惹R]感觉会超级可爱的！！,弱势,观众,2
69e71bf6000000001401a417,69e6f2bc0000000023005345,宝宝好可爱,弱势,观众,2
69e71a68000000001401c427,69e6f2bc0000000023005345,它到上学年龄了吗？就有老师了[笑哭R],弱势,观众,4
69e719be000000001401c00d,69e6f2bc0000000023005345,小派好可爱,弱势,观众,2
69e716510000000014019805,69e6f2bc0000000023005345,小家伙都是表演组的,弱势,观众,2
69e71226000000001401c81a,69e6f2bc0000000023005345,还是个吃奶的孩子👶,弱势,观众,2
69e71200000000001401e033,69e6f2bc0000000023005345,来姨姨这里[扯脸H],弱势,观众,1
69e710b6000000001401e01c,69e6f2bc0000000023005345,第一个奶瓶是跑掉了吗,弱势,观众,0
69e70f97000000001401c012,69e6f2bc0000000023005345,好可爱！小小只也要参加马拉松！[害羞R],弱势,观众,2
69e70f69000000001401d419,69e6f2bc0000000023005345,小朋友是遥控的还是自主的啊,弱势,观众,6
69e6fbb9000000001401a80e,69e6f2bc0000000023005345,带上溜冰鞋跑吧,弱势,观众,0
69e991cf000000001401c01e,69e6f2bc0000000023005345,小朋友为什么要去参加成年组？这对小朋友不公平！,弱势,观众,2
69e8a110000000001401c038,69e6f2bc0000000023005345,你家娃会蹲下来真的好可爱[飞吻R],弱势,观众,2
69e88649000000001401e41c,69e6f2bc0000000023005345,奶还没喝完就跑步了，人类真坏[偷笑R][偷笑R][偷笑R][偷笑R],弱势,观众,0
69e81761000000001401bc02,69e6f2bc0000000023005345,这小鼻嘎太可爱了，每次刷到都忍不住分享给朋友[笑哭R],弱势,观众,2
69e80f6a000000001401dc09,69e6f2bc0000000023005345,名次不重要、流量才是最重要的，那么多机器人只记得这个小鼻嘎了[星R][派对R],弱势,观众,3
69e791d2000000001401e018,69e6f2bc0000000023005345,萌萌哒[飞吻R]没断奶就来比赛了[飞吻R],弱势,观众,2
69e73c6b000000001401e415,69e6f2bc0000000023005345,晚上好，原谅我蹭点热度[哭惹R]1岁宝贝女儿躺在l，cU里奄奄一息，真怕撑不过这几天[哭惹R]为了给儿续wert 命，家里能值点钱的都卖了，每天没日没夜的送外卖，还是差医院很多。各位朋友能到头象去看看宝宝吗？送上一句祝福，一个爱心都行[合十R][合十R],弱势,观众,4
69eafe280000000014019021,69e6f2bc0000000023005345,互关互赞,弱势,观众,4
69e9718d000000001401ac02,69e6f2bc0000000023005345,🈶在深圳租房的宝子，可以看看我,弱势,观众,4
69e49ee3000000001401c41e,69e48d54000000002102e178,不管你考得怎么样，爸爸妈妈都爱你！,弱势,保护者,2
69e4e394000000001401bc31,69e48d54000000002102e178,别说这么复杂的机器人了，我自己做的Excel表我也很珍惜[捂脸R],弱势,保护者,3
69e504de000000001401bc03,69e48d54000000002102e178,这个程序员也长得很小，有点清澈的孩子气，新的人搂着新的机器人，一代年轻人更比一代强，中国一定会越来越好,弱势,保护者,3
69e4a270000000001401a802,69e48d54000000002102e178,这个我懂，在它们统治地球之前，先留一个好印象。,弱势,保护者,4
69e4a2e5000000001401b816,69e48d54000000002102e178,他是怕摔下来，公司要他赔,弱势,保护者,4
69e57274000000001401d811,69e48d54000000002102e178,他爸看起来年纪也不大,弱势,保护者,4
69e4aa34000000001401bc30,69e48d54000000002102e178,带红领巾真的蚌埠住了,弱势,保护者,4
69e4c202000000001401e839,69e48d54000000002102e178,这个就跟送自家孩子参加比赛一样 失败了就下次努力,弱势,保护者,4
69e4c080000000001401c82d,69e48d54000000002102e178,剪刀手爱德华,弱势,保护者,4
69e4c044000000001401a002,69e48d54000000002102e178,主要是得搂着，不然掉了又是一笔巨款[doge],弱势,保护者,4
69e4bf7e000000001401c40b,69e48d54000000002102e178,父与子能对话吗？[偷笑R],弱势,保护者,1
69e4befe000000001401e427,69e48d54000000002102e178,想起机器人之梦了[哭惹R],弱势,保护者,3
69e4bde90000000014019407,69e48d54000000002102e178,“不管你考得怎么样，爸爸妈妈都爱你！”,弱势,保护者,2
69e4bda8000000001401bc21,69e48d54000000002102e178,我能造出这个机器人，我也稀罕,弱势,保护者,3
69e4bd87000000001401e830,69e48d54000000002102e178,日日夜夜不断调试出来的，肯定护着,弱势,保护者,6
69e4bc9e000000001401942b,69e48d54000000002102e178,看到校徽了，华电同学开发的机器人吗？,弱势,保护者,3
69e4bb3a0000000014019c12,69e48d54000000002102e178,工程师有自己的阿贝贝,弱势,保护者,6
69e4bb1f000000001401bc10,69e48d54000000002102e178,也许几十年后要讨论的话题就是机器人只是机器吗,弱势,保护者,3
69e4ba300000000014019c04,69e48d54000000002102e178,斯皮尔伯格神镜的那只吗[笑哭R],弱势,保护者,1
69e4b81c000000001401a012,69e48d54000000002102e178,我看到几个都搂着自家孩子,弱势,保护者,2
69e4b71c000000001401a821,69e48d54000000002102e178,真的很爱他 只是跑步还带个头盔[暗中观察R],弱势,保护者,0
69e4b70e000000001401d82b,69e48d54000000002102e178,自家孩子自己宠,弱势,保护者,2
69e4b68e0000000014018819,69e48d54000000002102e178,红后：白名单+1[doge],弱势,保护者,1
69e4b683000000001401cc12,69e48d54000000002102e178,自己的产品不爱谁爱,弱势,保护者,6
69e4b61e000000001401b807,69e48d54000000002102e178,天网：你过关！[doge],弱势,保护者,1
69e4b5a5000000001401a824,69e48d54000000002102e178,人类，等到机器收割的时候，不知道还记不记得！,弱势,保护者,3
69e4b52d000000001401a025,69e48d54000000002102e178,毕竟是另外一个维度自己生的[doge],弱势,保护者,4
69e4b3f6000000001401bc0c,69e48d54000000002102e178,[满月R]感觉孩子们已经接过了科技的大旗了 设计师看起来还是个大学生呢,弱势,保护者,2
69e4b3c1000000001401e400,69e48d54000000002102e178,肯定啊！都是用自己头发换的，能不宝贝嘛,弱势,保护者,2
69e4b2b7000000001401e81e,69e48d54000000002102e178,救命 有点可爱！还戴个小帽子[笑哭R][笑哭R],弱势,保护者,2
69e4b2af000000001401bc15,69e48d54000000002102e178,对，就是这个样子，虽然做的不大行，但是依旧是我的孩子,弱势,保护者,2
69e4b1280000000014019c25,69e48d54000000002102e178,硅基生命有一天占领地球，这张图就是免死金牌,弱势,保护者,6
69e4afe3000000001401cc03,69e48d54000000002102e178,干嘛呢，给机器人上温暖的爱的教育ing[笑哭R][笑哭R]到时候对人类手下留情一下吗,弱势,保护者,3
69e4aeb9000000001401cc0a,69e48d54000000002102e178,等机器人统治地球会放他一马的,弱势,保护者,3
69e4ad58000000001401e80d,69e48d54000000002102e178,哈哈哈哈哈  机器人好委屈,弱势,保护者,3
69e4aaf2000000001401e81a,69e48d54000000002102e178,红领巾啥意思，社会主义接班机器人？[笑哭R],弱势,保护者,3
69e4a97d000000001401ac21,69e48d54000000002102e178,要回去分析原因写检测报告吧可能..,弱势,保护者,5
69e4a917000000001401a430,69e48d54000000002102e178,人类和好机友,弱势,保护者,3
69e4a7fa000000001401880b,69e48d54000000002102e178,机器人统治世界的时候，记得看这条！这哥们做主桌[吃瓜R][吃瓜R][吃瓜R][吃瓜R],弱势,保护者,3
69e4a604000000001401c03e,69e48d54000000002102e178,不管怎么样 都是我们工程师的孩子！[doge],弱势,保护者,2
69e4a4e5000000001401d409,69e48d54000000002102e178,看着很年轻，像学生,弱势,保护者,2
69e4a3e4000000001401dc0f,69e48d54000000002102e178,理工男特有的浪漫,弱势,保护者,4
69e4a340000000001401e405,69e48d54000000002102e178,这是华北电力大学的机器人耶,弱势,保护者,3
69e4a2d0000000001401ac06,69e48d54000000002102e178,相信他们会把它们“养”好的，感觉今年脚底下利索点了,弱势,保护者,4
69e4a2c1000000001401c008,69e48d54000000002102e178,年轻的牛马和他的心血,弱势,保护者,4
69e49d83000000001401e03d,69e48d54000000002102e178,加班成果,弱势,保护者,4
69e49d70000000001401bc04,69e48d54000000002102e178,感觉情绪不太好，回去好好给它打几个补丁,弱势,保护者,4
69e5a52f0000000014019413,69e48d54000000002102e178,感觉研究机器人的都是很年轻的小男孩  像商场里卖玩具区那些买机甲战士挑奥特曼的小孩长大了,弱势,保护者,3
69e60728000000001401d430,69e48d54000000002102e178,冷知识，自己的作品就是自己的孩子，想要作品的可以去拜送子观音[偷笑R][偷笑R][偷笑R],弱势,保护者,2
69e597b8000000001401cc06,69e48d54000000002102e178,就像我的论文，虽然他是一坨大便，但9也是我一个字一个字写的！怎么能不爱他[哭惹R],弱势,保护者,2
69e4ecb2000000001401c840,69e48d54000000002102e178,这跟自己的孩子有啥区别,弱势,保护者,2
69e4d93a000000001401bc12,69e48d54000000002102e178,你本科毕业论文写的再差也是自己写的,弱势,保护者,4
69e4d6bc000000002b0286fe,69e48d54000000002102e178,工厂里或者找个无人区就可以跑了，干嘛要出来溜大街,弱势,保护者,0
69e4bfe2000000001401a81d,69e48d54000000002102e178,答应我，回去不要踹它们，踢它们[皱眉R],弱势,保护者,4
69e4ba43000000001401dc25,69e48d54000000002102e178,让那些说“为什么要做人形”的人看看啊！要是配两轮子 坐的上车吗！！！,弱势,保护者,6
69e4c206000000001401a822,69e43b14000000001a02e095,虐待小机器孩,弱势,服务者,3
69e4bea3000000001401b019,69e43b14000000001a02e095,家长还得来喷个防晒喷雾啊 [呃R][呃R],弱势,服务者,5
69e4be7e000000001401c00a,69e43b14000000001a02e095,慢慢改进,弱势,服务者,4
69e4bce7000000001401e804,69e43b14000000001a02e095,以后请派他追杀我，谢谢！[飞吻R],弱势,服务者,4
69e4bc8b000000001401d801,69e43b14000000001a02e095,Six god[笑哭R],弱势,服务者,1
69e4bb83000000001401bc23,69e43b14000000001a02e095,不懂就问为啥要给屁股降温而不是脑袋？,弱势,服务者,5
69e4badf000000001401ac1f,69e43b14000000001a02e095,黑色吸热啊[笑哭R],弱势,服务者,5
69e4babd000000001401c43f,69e43b14000000001a02e095,脱水了，补水！[偷笑R],弱势,服务者,5
69e4b995000000001401c82b,69e43b14000000001a02e095,其实中国已经很发达了，越发达的国家也会破坏大自然和生态环境，其实对人类是不友好的，因为人越来越贪，越来越懒,弱势,服务者,4
69e4b6c4000000001401980f,69e43b14000000001a02e095,你拉屎了吧，还要给你冲洗干净,弱势,服务者,5
69e4b670000000001401bc3b,69e43b14000000001a02e095,哪个蚊子还咬人家屁屁,弱势,服务者,4
69e4b632000000001401a815,69e43b14000000001a02e095,跑着跑着痔疮掉出来了 疼了一下又塞回去了,弱势,服务者,0
69e4b2630000000014013c00,69e43b14000000001a02e095,[自拍R]我家的可爱担当K1,弱势,服务者,2
69e4b232000000001401900c,69e43b14000000001a02e095,个子小是不是吃亏啊，人家两步的路，他要三步[doge],弱势,服务者,0
69e4b190000000001401d807,69e43b14000000001a02e095,这小鼻嘎挺可爱的…让它学习照顾老人 学习做家务吧…再把价格打下来，我想要它来照顾我[偷笑R][偷笑R],弱势,服务者,2
69e4b16d000000001401b824,69e43b14000000001a02e095,减振这一方面，减少消耗再完善一下就好了,弱势,服务者,5
69e4b084000000001401ac16,69e43b14000000001a02e095,有点可爱 果然什么东西都是小小的可爱,弱势,服务者,2
69e4b054000000001401d835,69e43b14000000001a02e095,哈哈哈哈哈我今天还刷到一个豆包机器人,弱势,服务者,3
69e4b03a000000001401a832,69e43b14000000001a02e095,跑到屁股冒烟[doge],弱势,服务者,0
69e4ad39000000001401ac24,69e43b14000000001a02e095,哈哈笑死。把脚设计成轮子保证第一，没苦硬吃,弱势,服务者,0
69e4ac30000000001401dc1d,69e43b14000000001a02e095,电机过热了[笑哭R],弱势,服务者,5
69e4ac2b000000001401b00e,69e43b14000000001a02e095,降温喷雾[坏笑R],弱势,服务者,5
69e4ab9b000000001401a42f,69e43b14000000001a02e095,跟那个  末日后酒店里的 给顾客开门的机器人一样哈哈哈哈哈,弱势,服务者,3
69e4aaf80000000014019019,69e43b14000000001a02e095,有车怎么不让它上啊,弱势,服务者,4
69e4aa67000000001401b822,69e43b14000000001a02e095,好可爱的大眼睛[偷笑R],弱势,服务者,2
69e4aa0f000000001401dc05,69e43b14000000001a02e095,刹车好突然,弱势,服务者,4
69e4a8810000000014018c15,69e43b14000000001a02e095,如果是我的话，我已经在车上笑得肚子痛了,弱势,服务者,1
69e4a822000000001401e038,69e43b14000000001a02e095,谁家小孩 大人呢[嘻嘻R][嘻嘻R],弱势,服务者,2
69e4a7ce000000001401c817,69e43b14000000001a02e095,远点看以为头上顶了一个咖啡托[笑哭R][笑哭R][笑哭R],弱势,服务者,1
69e4a669000000001401b80e,69e43b14000000001a02e095,我以为是关节润滑油,弱势,服务者,5
69e4a613000000001401cc14,69e43b14000000001a02e095,多囤点 wd40 以后能涨价,弱势,服务者,5
69e4a4d2000000001401a822,69e43b14000000001a02e095,孩子跑累了吧，喷点云南白药,弱势,服务者,5
69e4a436000000001401ac25,69e43b14000000001a02e095,所以 这些造出来会投放在哪里造福社会,弱势,服务者,4
69e4a40f000000001401c017,69e43b14000000001a02e095,养儿不防老防晒才防老[捂脸R],弱势,服务者,2
69e4a3a4000000001401a818,69e43b14000000001a02e095,大概也许是烷基制冷喷雾吧，散热用的,弱势,服务者,5
69e4a2eb000000001401942b,69e43b14000000001a02e095,停下来是怎么回事,弱势,服务者,4
69e4a236000000001401c432,69e43b14000000001a02e095,刚才跑的还挺快。,弱势,服务者,0
69e4a1d2000000001401bc24,69e43b14000000001a02e095,他说好的谢谢？[笑哭R],弱势,服务者,1
69e4a0f3000000001401bc22,69e43b14000000001a02e095,小孩不准参加马拉松,弱势,服务者,0
69e4a0590000000014019c24,69e43b14000000001a02e095,完了完了，红领巾落家里了[大笑R],弱势,服务者,1
69e49f0e000000001401d83c,69e43b14000000001a02e095,还是散热的问题,弱势,服务者,5
69e49e37000000001401b806,69e43b14000000001a02e095,黑皮体育生,弱势,服务者,0
69e49d96000000001401c422,69e43b14000000001a02e095,戴着帽子好可爱,弱势,服务者,2
69e49d47000000001401c40b,69e43b14000000001a02e095,看来有点烧机油,弱势,服务者,5
69e49d33000000001401c81e,69e43b14000000001a02e095,机器人没电了会是一堆废铁吗？,弱势,服务者,3
69e49cb7000000001401cc20,69e43b14000000001a02e095,散热不行[笑哭R],弱势,服务者,5
69e49b69000000001401ac00,69e43b14000000001a02e095,好萌啊[坏笑R]我老了要这种小孩来养老,弱势,服务者,2
69e49b36000000001401a01e,69e43b14000000001a02e095,冲洗下屁屁接着跑,弱势,服务者,5
69e49b09000000001401e02a,69e43b14000000001a02e095,给后面的车带路,弱势,服务者,4
69e49ae5000000001401901e,69e43b14000000001a02e095,他也喷防晒喷雾啊[偷笑R],弱势,服务者,5
69e4996e000000001401c822,69e43b14000000001a02e095,戴个小帽子太可爱了[偷笑R],弱势,服务者,2
69e49771000000001401e024,69e43b14000000001a02e095,是不是跑的太快，铁摩擦太热就不能跑了。我们人体之间有血液体液，能不能设计机器人在关节的地方也有这些液体缓冲，是不是就不容易热了,弱势,服务者,3
69e49726000000001401d821,69e43b14000000001a02e095,这几天刷到好多童工机器人,弱势,服务者,3
69e4971c000000001401b80b,69e43b14000000001a02e095,一秒猜出WD40,弱势,服务者,1
69e496e3000000001401e420,69e43b14000000001a02e095,球的用 还要给它降温,弱势,服务者,5
69e4969b000000001401b83b,69e43b14000000001a02e095,这是哪家公司的机器人[害羞R],弱势,服务者,3
69e4965d000000001401e82b,69e43b14000000001a02e095,这小玩意，还挺可爱,弱势,服务者,2
69e4964d000000001401901d,69e43b14000000001a02e095,有个货背后背了一袋子冰块！,弱势,服务者,4
69e495cd000000001401c011,69e43b14000000001a02e095,还以为跑一会儿洗洗屁股[笑哭R][笑哭R],弱势,服务者,0
69e49547000000001401b805,69e43b14000000001a02e095,戴帽子是为了防止晒黑吗？,弱势,服务者,5
69e49443000000001401cc11,69e43b14000000001a02e095,早知道涂白色吧 黑色吸热,弱势,服务者,5
69e49436000000001401d822,69e43b14000000001a02e095,卧槽，还要人类牛马伺候！,弱势,服务者,3
69e492d4000000001401c00f,69e43b14000000001a02e095,大热天儿的，孩子也挺受罪[偷笑R],弱势,服务者,5
69e492420000000014019420,69e43b14000000001a02e095,喷的一定是花露水[偷笑R],弱势,服务者,5
69e4906b0000000014019c14,69e43b14000000001a02e095,为什么我替他膝盖疼[笑哭R][笑哭R],弱势,服务者,1
69e49018000000001401bc20,69e43b14000000001a02e095,终究是人是最低级的牛马,弱势,服务者,4
69e48f58000000001401d401,69e43b14000000001a02e095,被蚊子咬了吧，止痒喷雾,弱势,服务者,5
69e48e83000000001401981c,69e43b14000000001a02e095,有没有可能 就是机器人在运动过程中走路，他各个关节都会发热 他如果突然停下来，就是有可能他自主或者操控他的人意识到了关节过度发热，过度发热是会坏掉的 然后就突然停下来应该工作人员喷的是一种类似降温的喷雾 降一下温应该就可以继续跑了  机器人关节过热是会坏掉的,弱势,服务者,3
69e48e6f000000001401e843,69e43b14000000001a02e095,遥控的还是全自动的？,弱势,服务者,6
69e48e00000000001401c03e,69e43b14000000001a02e095,这个长得还挺可爱的,弱势,服务者,2
69e48d76000000001401d400,69e43b14000000001a02e095,喷点爽身水，避免胯磨秃噜皮[派对R],弱势,服务者,5
69e48d20000000001401bc3d,69e43b14000000001a02e095,按这个趋势用不了几年就可以当保姆进入千家万户了,弱势,服务者,4
69e48cc2000000001401e400,69e43b14000000001a02e095,凭什么别人有奶瓶[doge],弱势,服务者,2
69e48c750000000014019413,69e43b14000000001a02e095,咋的，屁股痒还跑不动啦[飞吻R],弱势,服务者,5
69e48c6c000000001401b803,69e43b14000000001a02e095,渡口仙气儿[笑哭R],弱势,服务者,1
69e48c56000000001401a421,69e43b14000000001a02e095,它的帽子是奶茶杯托做的吗？？,弱势,服务者,2
69e48bfa000000001401a420,69e43b14000000001a02e095,天呐！人在加班996，被PUA开会写报告，机器人在跳舞练武术跑马拉松[笑哭R]人活成了牲畜，牲畜活成了食物，机器人活成了人,弱势,服务者,3
69e48bf60000000014018c00,69e43b14000000001a02e095,停下来思考机生[偷笑R],弱势,服务者,1
69e48bc8000000001401dc0e,69e43b14000000001a02e095,机器人不穿鞋的话，时间长了容易磨坏[捂脸R],弱势,服务者,3
69e48b8f000000001401b021,69e43b14000000001a02e095,请问润滑剂品牌,弱势,服务者,5
69e48b77000000001401e820,69e43b14000000001a02e095,看起来像是万能的dw40,弱势,服务者,6
69e48b64000000001401d811,69e43b14000000001a02e095,润滑剂吧，好多机器工作都要经常喷,弱势,服务者,5
69e48a97000000001401ac0e,69e43b14000000001a02e095,那个是冰凉喷雾，喷一下很凉,弱势,服务者,5
69e48a94000000001401d40d,69e43b14000000001a02e095,往孩子裆里喷药[扶墙R],弱势,服务者,5
69e48a79000000001401a40c,69e43b14000000001a02e095,希望以后在养老院是这种小孩在照顾我,弱势,服务者,2
69e48959000000001401880b,69e43b14000000001a02e095,电鞭炮似的,弱势,服务者,4
69e48916000000001401c803,69e43b14000000001a02e095,咋还洗个屁股？,弱势,服务者,5
69e488e1000000001401a020,69e43b14000000001a02e095,[捂脸R]怎么回事呀，本来就怕热还给人家涂黑漆,弱势,服务者,5
69e488b3000000001401d81c,69e43b14000000001a02e095,帽子还怪可爱的呀[笑哭R],弱势,服务者,2
69e48876000000001401b023,69e43b14000000001a02e095,看给孩子累的，又热又累，还不给能量胶、体质水,弱势,服务者,5
69e4882d000000001401a428,69e43b14000000001a02e095,磨得裤裆要冒火星了吗,弱势,服务者,5
69e487ec000000001401c82c,69e43b14000000001a02e095,机器人：屁眼子凉飕飕耶,弱势,服务者,3
69e487db000000001401b80d,69e43b14000000001a02e095,强制编程，如果是ai那就可怕了,弱势,服务者,3
69e4875a000000001401e828,69e43b14000000001a02e095,这小短腿不行[笑哭R][笑哭R][笑哭R],弱势,服务者,0
69e486a2000000001401c02b,69e43b14000000001a02e095,孩子晒的黢黑,弱势,服务者,2
69e48661000000001401e404,69e43b14000000001a02e095,笑话开了一辈子～今年特别多～,弱势,服务者,1
69e4861c000000001401c015,69e43b14000000001a02e095,就这样还指望代替人类呢[捂脸R]哈哈,弱势,服务者,4
69e48610000000001401c01e,69e43b14000000001a02e095,可爱到要命,弱势,服务者,2
69e485f5000000001401b01f,69e43b14000000001a02e095,为什么要做成黑色，因为黑皮肤的跑得更快吗？[失望R][失望R],弱势,服务者,5
69e485b5000000001401b835,69e43b14000000001a02e095,为什么不会自己拿水喷？[doge],弱势,服务者,5
69e48587000000001401c417,69e43b14000000001a02e095,它们那个帽子是统一定制的吗？帽子好看，想给我家宝宝也买个戴[笑哭R],弱势,服务者,2
69e484b1000000001401c430,69e43b14000000001a02e095,补给补给,弱势,服务者,4
69e483b8000000001401a816,69e43b14000000001a02e095,天太热跑起来磨蛋蛋了估计，给它整点清凉润滑剂,弱势,服务者,5
69e48383000000001401c017,69e43b14000000001a02e095,尿裤子了吗？还是瘙痒难耐？,弱势,服务者,5
69e4831c000000001401c428,69e43b14000000001a02e095,小春兰的孩子吧,弱势,服务者,2
69e482d0000000001401c429,69e43b14000000001a02e095,机器人的香水WD40,弱势,服务者,3
69e482c2000000001401cc28,69e43b14000000001a02e095,有没有看过末日后酒店的 那个没有冷却液的开门机器人 也总是需要浇水,弱势,服务者,3
69e481af000000001401cc31,69e43b14000000001a02e095,这个部位好离谱,弱势,服务者,4
69e48182000000001401bc28,69e43b14000000001a02e095,胯骨轴子磨冒烟了？,弱势,服务者,5
69e48162000000001401e025,69e43b14000000001a02e095,应该是防晒喷雾,弱势,服务者,5
69e47ff7000000001401dc28,69e43b14000000001a02e095,是不是上的润滑油？,弱势,服务者,5
69e47fa2000000001401c824,69e43b14000000001a02e095,太好笑了 过热就自己停下了 下次自己背一个喷洒器 热了自己给自己喷点,弱势,服务者,5
69e47f84000000001401dc3f,69e43b14000000001a02e095,累了，还休息一会儿。,弱势,服务者,4
69e47f55000000001401d402,69e43b14000000001a02e095,像鲁班的乒乓小将,弱势,服务者,2
69e47f22000000001401cc17,69e43b14000000001a02e095,机器人都会累，然后需要降温休息才能继续运行[石化R],弱势,服务者,3
69e47f13000000001401dc0f,69e43b14000000001a02e095,原来机器人最高的体温也在裆下,弱势,服务者,3
69e47eb9000000001401b817,69e43b14000000001a02e095,还知道给孩子喷点痱子粉不红屁股,弱势,服务者,5
69e47e75000000001401e430,69e43b14000000001a02e095,这么大太阳，别晒黑了[doge],弱势,服务者,5
69e47e69000000001401d803,69e43b14000000001a02e095,这是痔疮发了嘛？！,弱势,服务者,5
69e47e53000000001401bc23,69e43b14000000001a02e095,电池太热了吗,弱势,服务者,5
69e47e3c000000001401e817,69e43b14000000001a02e095,机器人都开始跑马了，我还躺在家[失望R],弱势,服务者,3
69e47e00000000001401c00d,69e43b14000000001a02e095,小家伙还挺忙活,弱势,服务者,2
69e47ddb000000001401b80c,69e43b14000000001a02e095,后面这位睡着啦？[doge],弱势,服务者,1
69e47d7e000000001401d41e,69e43b14000000001a02e095,看着像匹诺曹，就是鼻子小了[偷笑R][点赞R][点赞R],弱势,服务者,2
69e47d36000000001401c41f,69e43b14000000001a02e095,还要降温[捂脸R],弱势,服务者,5
69e47d2e000000001401c434,69e43b14000000001a02e095,懂了，云南白药气雾剂,弱势,服务者,5
69e47d27000000001401b01f,69e43b14000000001a02e095,黑色果然很吸热[笑哭R],弱势,服务者,5
69e47d0d000000001401e423,69e43b14000000001a02e095,早干嘛，孩子都已经晒黑了[偷笑R],弱势,服务者,5
69e47cdb000000001401c428,69e43b14000000001a02e095,过热了，降温[笑哭R][笑哭R][笑哭R][笑哭R],弱势,服务者,5
69e47c6b000000001401a809,69e43b14000000001a02e095,电机过热了,弱势,服务者,5
69e47be9000000001401b003,69e43b14000000001a02e095,和人一样样的，人类马拉松进补给站，也喷喷雾降温,弱势,服务者,5
69e47bc5000000001401bc15,69e43b14000000001a02e095,哈哈哈哈哈哈哈哈原来还要开车跟着,弱势,服务者,1
69e47b64000000001401b819,69e43b14000000001a02e095,娃跑累了，喘口气降降温[笑哭R],弱势,服务者,5
69e47b45000000001401a816,69e43b14000000001a02e095,这些机器人都是手动遥控的吗,弱势,服务者,3
69e47b35000000001401d41d,69e43b14000000001a02e095,上一条是程序员抱着电脑追机器人跑马拉松[doge],弱势,服务者,3
69e47b21000000001401a804,69e43b14000000001a02e095,看来比赛应该冬天进行,弱势,服务者,4
69e47af7000000001401d411,69e43b14000000001a02e095,加油 具象化了,弱势,服务者,4
69e47a7e000000001401a80f,69e43b14000000001a02e095,怎么天天有机器人出来跑马拉松 咱就是说发明这玩意儿出来就是干这个的吗 机器人：早知道烂厂里[黄金薯R],弱势,服务者,3
69e47a7d000000001401d41a,69e43b14000000001a02e095,还有延时喷雾[捂脸R],弱势,服务者,5
69e47a4e000000001401c434,69e43b14000000001a02e095,工作人员几下是喷个防晒喷雾吗[抠鼻R],弱势,服务者,5
69e47a15000000001401a017,69e43b14000000001a02e095,出门不穿裤子就算了 热了还得让人给喷屁股[石化R],弱势,服务者,5
69e479d80000000014019c09,69e43b14000000001a02e095,它是自己在喷雾后说了个“好的谢谢”吗 好萌,弱势,服务者,5
69e479a3000000001401940a,69e43b14000000001a02e095,好得快，治肌肉损伤特别快[呃R][笑哭R],弱势,服务者,5
69e47963000000001401c81d,69e43b14000000001a02e095,还戴个帽子 太可爱了,弱势,服务者,2
69e4794b000000001401c036,69e43b14000000001a02e095,为什么是黑色的机器人呢？这样会更快一点吗？[偷笑R],弱势,服务者,3
69e47949000000001401902d,69e43b14000000001a02e095,竟然还带顶帽子[笑哭R],弱势,服务者,1
69e47904000000001401e80d,69e43b14000000001a02e095,机器娃娃真作孽啊！幼儿园没毕业就要来上班！[捂脸R][捂脸R][捂脸R],弱势,服务者,3
69e478e1000000001401c81b,69e43b14000000001a02e095,当个机器人也不容易啊,弱势,服务者,3
69e478bd000000001401c017,69e43b14000000001a02e095,小玩意儿怪可爱的,弱势,服务者,2
69e4783a000000001401e03a,69e43b14000000001a02e095,嚯，从小就跑这么快，长大了还得了？！,弱势,服务者,0
69e4782f000000001401a82a,69e43b14000000001a02e095,裆部散热吗,弱势,服务者,5
69e477ff000000001401a009,69e43b14000000001a02e095,太热了。降降温[笑哭R],弱势,服务者,5
69e47795000000001401c00c,69e43b14000000001a02e095,它也需要能量补给,弱势,服务者,4
69e47783000000001401cc07,69e43b14000000001a02e095,给前列腺降温,弱势,服务者,5
69e4775d000000001401b012,69e43b14000000001a02e095,裆磨出火星子了，喷点水降降温。,弱势,服务者,5
69e476b80000000014018c03,69e43b14000000001a02e095,小PP太热[偷笑R],弱势,服务者,5
69e476ad000000001401a805,69e43b14000000001a02e095,哈哈[捂脸R]车后面还坐了一个[偷笑R]甚是可爱[派对R],弱势,服务者,1
69e476a9000000001401a004,69e43b14000000001a02e095,未成年组别吗[色色R],弱势,服务者,2
69e476a1000000001401b017,69e43b14000000001a02e095,他配速多少,弱势,服务者,0
69e476510000000014019419,69e43b14000000001a02e095,给孩子多装点干冰散热啊[偷笑R],弱势,服务者,5
69e475f4000000001401e02b,69e43b14000000001a02e095,没鼻子的匹诺曹,弱势,服务者,4
69e475f3000000001401d80f,69e43b14000000001a02e095,还要给他屁股吹吹空调,弱势,服务者,5
69e475ef000000001401880b,69e43b14000000001a02e095,加油！加油,弱势,服务者,4
69e475e2000000001401c41a,69e43b14000000001a02e095,来点云南白药[doge],弱势,服务者,5
69e475af0000000014019c19,69e43b14000000001a02e095,来点WD40润一润,弱势,服务者,5
69e4759a000000001401c038,69e43b14000000001a02e095,机器人孙子孙女[doge]以后可以不催育了。,弱势,服务者,3
69e47566000000001401c812,69e43b14000000001a02e095,可能机器过热或者润滑油不够了哈哈哈哈[笑哭R],弱势,服务者,5
69e47538000000001401d417,69e43b14000000001a02e095,他的铁鞋真好听[doge],弱势,服务者,1
69e47524000000001401b830,69e43b14000000001a02e095,喷点云南白药 防止抽筋[棒R],弱势,服务者,5
69e474d7000000001401b002,69e43b14000000001a02e095,喷的云南白药保险液吗[黄金薯R],弱势,服务者,5
69e4749f0000000014019820,69e43b14000000001a02e095,它在思考这场比赛的意义[doge],弱势,服务者,4
69e47487000000001401c419,69e43b14000000001a02e095,黑成这样，喷防晒霜呢？,弱势,服务者,5
69e47481000000001401b815,69e43b14000000001a02e095,黑色吸热,弱势,服务者,5
69e4745d000000001401d413,69e43b14000000001a02e095,呆萌小可爱,弱势,服务者,2
69e4744b000000001401bc10,69e43b14000000001a02e095,明白了 机器人取代人类的最后一个技术壁垒是保持体温,弱势,服务者,3
69e4742b000000001401b806,69e43b14000000001a02e095,就在这个位置我也看到小家伙突然停住了，这下看清楚怎么回事儿了[偷笑R],弱势,服务者,0
69e47400000000001401ac25,69e43b14000000001a02e095,众所周知，尼哥的天赋不论在什么物种上都是存在的,弱势,服务者,4
69e473ed0000000014019004,69e43b14000000001a02e095,咋还喷私密部位（噗不是,弱势,服务者,5
69e473da000000001401e042,69e43b14000000001a02e095,为什么喷在PP和裆部[doge],弱势,服务者,5
69e47397000000001401c039,69e43b14000000001a02e095,表演赛，不跟大众抢饭碗,弱势,服务者,4
69e4732e0000000014019420,69e43b14000000001a02e095,还得个人伺候着,弱势,服务者,4
69e472f0000000001401b82b,69e43b14000000001a02e095,不是说不让外国人参赛吗，这个非洲选手是哪来的[笑哭R],弱势,服务者,1
69e472da000000001401b01c,69e43b14000000001a02e095,我以为你cos路飞呢,弱势,服务者,4
69e472b1000000001401d82d,69e43b14000000001a02e095,机器人比我努力,弱势,服务者,3
69e4729b000000001401b021,69e43b14000000001a02e095,喷一下裤裆凉快一点,弱势,服务者,5
69e472750000000014019c1d,69e43b14000000001a02e095,看到了吧，机器人热了自动停止工作，人不能。,弱势,服务者,3
69e47263000000001401e406,69e43b14000000001a02e095,好像duangduangduang急着跑出门结果没跑两步停下来：妈我书包忘带了！,弱势,服务者,0
69e4724a000000001401e805,69e43b14000000001a02e095,裤裆凉凉的,弱势,服务者,5
69e4722a000000001401dc06,69e43b14000000001a02e095,这种小机器人主打儿童陪伴吧,弱势,服务者,3
69e471dc000000001401a014,69e43b14000000001a02e095,机器人：我大腿根磨破了[捂脸R],弱势,服务者,3
69e471d6000000001401e01e,69e43b14000000001a02e095,太阳当空照，花儿对我笑，小鸟说早早早，你为什么要去炸学校[笑哭R],弱势,服务者,1
69e47162000000001401c014,69e43b14000000001a02e095,好萌啊，这种机器人可以当小宠物养吗，只吃电,弱势,服务者,3
69e4715b000000001401b011,69e43b14000000001a02e095,人家跑累了不允许停下来休息下[doge],弱势,服务者,0
69e47155000000001401c036,69e43b14000000001a02e095,小黑老师！,弱势,服务者,2
69e47114000000001401cc25,69e43b14000000001a02e095,穿条裤子，裤子里面塞冰袋,弱势,服务者,5
69e47102000000001401c023,69e43b14000000001a02e095,为什么不给他穿上跑步鞋 [doge],弱势,服务者,0
69e470cf000000001401e037,69e43b14000000001a02e095,“补点电解质”,弱势,服务者,5
69e470550000000014019031,69e43b14000000001a02e095,人工液冷服务[笑哭R][笑哭R],弱势,服务者,5
69e47024000000001401a003,69e43b14000000001a02e095,成天搞这些玩意是为了啥啊,弱势,服务者,6
69e4701c000000002b027bf1,69e43b14000000001a02e095,机器人不能上顺风车吗,弱势,服务者,3
69e47016000000001401a81a,69e43b14000000001a02e095,屁股喷润滑剂？,弱势,服务者,5
69e47012000000001401b824,69e43b14000000001a02e095,估计是用酒精啥的降温,弱势,服务者,5
69e46fb90000000014018812,69e43b14000000001a02e095,高级遥控车,弱势,服务者,6
69e46fb4000000001401c01e,69e43b14000000001a02e095,润滑和降温吧？这么小的电机，散热估计够呛长时间,弱势,服务者,5
69e46f7a000000001401900b,69e43b14000000001a02e095,一个机器人跑步，80个牛马服务,弱势,服务者,3
69e46f78000000001401bc30,69e43b14000000001a02e095,是防晒吗？是怕晒黑了吗？[萌萌哒R],弱势,服务者,5
69e46f130000000014019409,69e43b14000000001a02e095,给孩子上点痱子粉，磨大腿根啦[偷笑R],弱势,服务者,5
69e46f02000000001401bc34,69e43b14000000001a02e095,太阳好毒啊，跑个马拉松就黑成这样了[大笑R],弱势,服务者,0
69e46ee70000000014018c11,69e43b14000000001a02e095,这是中途补给啊。[哇R],弱势,服务者,4
69e46ec5000000001401ac18,69e43b14000000001a02e095,机器人腰椎也不好何况人[笑哭R],弱势,服务者,3
69e46e9f000000001401c431,69e43b14000000001a02e095,[笑哭R]一种玩一半停下来换个尿不湿继续的既视感,弱势,服务者,1
69e46e4b000000001401c40b,69e43b14000000001a02e095,跑着跑着，家里煤气好像没关，算了来都来了继续吧,弱势,服务者,0
69e46e14000000001401c406,69e43b14000000001a02e095,还要给屁股降温[飞吻R][飞吻R][飞吻R],弱势,服务者,5
69e46e10000000001401c00b,69e43b14000000001a02e095,累了，补充体液,弱势,服务者,5
69e46dd9000000001401dc17,69e43b14000000001a02e095,这机器人屁股热炸了,弱势,服务者,3
69e46dc2000000001401bc19,69e43b14000000001a02e095,大号的玩具，没有自主导航和避障，连智能都算不上，和商场游乐区的机器人对抗遥控玩具差不多,弱势,服务者,6
69e46d91000000001401d40d,69e43b14000000001a02e095,小可爱在干嘛 跑马拉松吗？,弱势,服务者,0
69e46d59000000001401c436,69e43b14000000001a02e095,我記幾年前還在說雙腳機器人走路平衡是個大難題....,弱势,服务者,3
69e46d57000000001401e41a,69e43b14000000001a02e095,应该是过热了，给冷却,弱势,服务者,5
69e46d34000000001401e425,69e43b14000000001a02e095,跑累了给勾子补水么,弱势,服务者,5
69e46cf9000000001401bc04,69e43b14000000001a02e095,遥控也算机器人？,弱势,服务者,3
69e46cbb000000001401d40f,69e43b14000000001a02e095,不是，怎么还有小朋友参加？[偷笑R],弱势,服务者,2
69e46ca60000000014018c12,69e43b14000000001a02e095,这么拟人吗？还要缓一缓，喝口水再继续跑。,弱势,服务者,0
69e46c98000000001401a80d,69e43b14000000001a02e095,我想问，就这样喷两下真的能止汗吗[捂脸R](我在问什么)[失望R],弱势,服务者,5
69e46c84000000001401bc09,69e43b14000000001a02e095,像是定期给孩子换尿布湿[暗中观察R],弱势,服务者,5
69e46c69000000001401941b,69e43b14000000001a02e095,造型还怪好看的呢,弱势,服务者,2
69e46c53000000001401a82d,69e43b14000000001a02e095,有关节炎？ 喷的云南白药？,弱势,服务者,5
69e46c35000000001401cc2d,69e43b14000000001a02e095,喷的啥？水嘛？降温吗？[笑哭R],弱势,服务者,5
69e46c2b0000000014019807,69e43b14000000001a02e095,为什么喷他的辟谷,弱势,服务者,4
69e46c240000000014019c0d,69e43b14000000001a02e095,应该是电机冷却降温,弱势,服务者,5
69e46bdd000000001401cc29,69e43b14000000001a02e095,补喷一下防晒,弱势,服务者,5
69e46bd1000000001401c02f,69e43b14000000001a02e095,wd40 润滑一下[笑哭R],弱势,服务者,5
69e46bc8000000001401dc13,69e43b14000000001a02e095,他们这参加的是不是儿童组别的？？,弱势,服务者,2
69e46bb9000000001401e014,69e43b14000000001a02e095,人类将来就可以不用跑马拉松，用机器人来代替。,弱势,服务者,3
69e46ba0000000001401e827,69e43b14000000001a02e095,有的机器人是遥控的，有的是纯自主控制,弱势,服务者,3
69e46b7f0000000014019c23,69e43b14000000001a02e095,我以为跟阿甘一样扭头回家了[doge],弱势,服务者,4
69e46b5d000000001401a415,69e43b14000000001a02e095,这是机器人界的小柯基吗,弱势,服务者,3
69e46b22000000001401c41a,69e43b14000000001a02e095,看见兄弟在车上心里不得劲了,弱势,服务者,4
69e46b06000000001401c436,69e43b14000000001a02e095,为什么就喷屁屁,弱势,服务者,5
69e46aaf000000001401a00d,69e43b14000000001a02e095,只有被邀请的才能去看吗？,弱势,服务者,4
69e46aa2000000001401dc12,69e43b14000000001a02e095,刚刷到个两个小揪揪拿着奶瓶的妹妹😅,弱势,服务者,2
69e46a9e0000000014019400,69e43b14000000001a02e095,屁股热坏了，哈哈哈哈,弱势,服务者,5
69e46a6c000000001401ac09,69e43b14000000001a02e095,又没穿纸尿裤，还要洗了屁股,弱势,服务者,5
69e46a2d000000001401c433,69e43b14000000001a02e095,孩子口渴了 要喝点水[笑哭R],弱势,服务者,5
69e46a2c000000001401940e,69e43b14000000001a02e095,很难想象去年的大家还是慢慢悠悠逛完全程没有散架就算成功的,弱势,服务者,1
69e46a26000000001401ac03,69e43b14000000001a02e095,不上点wd40,弱势,服务者,4
69e46a19000000001401a403,69e43b14000000001a02e095,人家长跑一个人，机器人长跑一车人,弱势,服务者,3
69e469d7000000002a03391a,69e43b14000000001a02e095,降温喷雾吧 哈哈哈哈哈哈,弱势,服务者,5
69e469d4000000001401e02a,69e43b14000000001a02e095,草帽兄弟,弱势,服务者,1
69e469c9000000001401c02e,69e43b14000000001a02e095,再磨下去就股骨头坏死了,弱势,服务者,4
69e469a3000000001401bc28,69e43b14000000001a02e095,赛事没给安排补给站，还低私补，差评。,弱势,服务者,4
69e46988000000001401cc08,69e43b14000000001a02e095,好家伙裤裆散热[笑哭R][笑哭R],弱势,服务者,5
69e46974000000001401b80f,69e43b14000000001a02e095,我还以为要换尿不湿呢,弱势,服务者,5
69e46891000000001401b80b,69e43b14000000001a02e095,关节炎犯了，打点玻璃酸钠,弱势,服务者,5
69e4681c000000001401ac01,69e43b14000000001a02e095,还拿个遥控器，感觉就像个遥控玩具,弱势,服务者,6
69e468030000000014018c02,69e43b14000000001a02e095,果然任何东西只要小小的就会萌萌的,弱势,服务者,2
69e4677e000000001401a429,69e43b14000000001a02e095,机器人马拉松太有创意了。最后胜利者就是最强的。事实证明一切,弱势,服务者,3
69e46742000000001401c01b,69e43b14000000001a02e095,迷你查派[doge],弱势,服务者,2
69e4672f000000001401e426,69e43b14000000001a02e095,太热了，不愿意跑了,弱势,服务者,5
69e4672a000000001401a027,69e43b14000000001a02e095,肩膀：[微笑R]我没出力吗？,弱势,服务者,4
69e46729000000001401b803,69e43b14000000001a02e095,感觉大多数机器人纯骗经费的，压根没有实时保持平衡的测算，只要重心不稳就一定会倒且没法自己站起来,弱势,服务者,3
69e46704000000001401ac00,69e43b14000000001a02e095,后续就有液冷电机了,弱势,服务者,5
69e466e7000000001401b829,69e43b14000000001a02e095,小孩也跑马拉松啊！太辛苦了吧,弱势,服务者,0
69e466c20000000014018c0e,69e43b14000000001a02e095,小爹休息一会补补水,弱势,服务者,5
69e466b6000000001401902f,69e43b14000000001a02e095,既然怕热回去给孩子改成浅色吧，不行穿个防晒衣，本来跑步就就热，太阳又大，瞧把孩子晒的。,弱势,服务者,5
69e466990000000014018c06,69e43b14000000001a02e095,还要洗屁股[笑哭R],弱势,服务者,5
69e46694000000001401dc07,69e43b14000000001a02e095,我最喜欢这一只，嘿嘿，好可爱,弱势,服务者,2
69e46678000000001401b025,69e43b14000000001a02e095,[笑哭R]跟马拉松补给站一样 跑疼了喷一下,弱势,服务者,0
69e46672000000001401d42e,69e43b14000000001a02e095,代码跑，人在追嘛！,弱势,服务者,0
69e46622000000001401c83e,69e43b14000000001a02e095,干嘛让机器人做这些[石化R],弱势,服务者,3
69e4661e0000000014018838,69e43b14000000001a02e095,这个我夏天经常喷，特别爽,弱势,服务者,5
69e465c9000000001401e416,69e43b14000000001a02e095,降温喷雾，机器人也得使怕中暑[捂脸R],弱势,服务者,5
69e465a00000000014019006,69e43b14000000001a02e095,他长得好像天猫啊,弱势,服务者,2
69e4654a000000001401dc3c,69e43b14000000001a02e095,降温...太热了,弱势,服务者,5
69e46538000000001401c035,69e43b14000000001a02e095,“骂嘛，后头那车追我” “sei呀” “逗你弯”,弱势,服务者,1
69e464e5000000001401c42a,69e43b14000000001a02e095,确实是丁烷，散热的,弱势,服务者,5
69e464da000000001401bc35,69e43b14000000001a02e095,去的都是百年机器人黑历史，未来还得让人类继续服务[失望R],弱势,服务者,3
69e46460000000001401a402,69e43b14000000001a02e095,给摩擦的地方制冷吗[笑哭R],弱势,服务者,5
69e46451000000001401a004,69e43b14000000001a02e095,既然知道要散热 都不能做个散热片吗,弱势,服务者,5
69e46423000000001401e029,69e43b14000000001a02e095,唉没满月的就出来跑步了,弱势,服务者,0
69e463f7000000001401b82f,69e43b14000000001a02e095,胯骨轴儿喷云南白药啊？[坏笑R],弱势,服务者,5
69e463e9000000001401b007,69e43b14000000001a02e095,防晒喷雾，他已经够黑了,弱势,服务者,5
69e463e2000000001401b81f,69e43b14000000001a02e095,这是速冷喷雾吧 电机过热了,弱势,服务者,5
69e463cc000000001401e813,69e43b14000000001a02e095,这小玩意儿还挺好玩哈哈哈,弱势,服务者,2
69e463c40000000014019817,69e43b14000000001a02e095,黑色皮肤，持久＋1,弱势,服务者,5
69e463b3000000001401bc2e,69e43b14000000001a02e095,清洗润滑剂喷喷,弱势,服务者,5
69e463790000000014018c15,69e43b14000000001a02e095,还用兴奋剂？,弱势,服务者,4
69e46362000000001401e421,69e43b14000000001a02e095,润滑一下[笑哭R],弱势,服务者,5
69e46357000000001401b81b,69e43b14000000001a02e095,它脚底痛不痛，这么重的落地声容易头晕头疼,弱势,服务者,0
69e46323000000001401a815,69e43b14000000001a02e095,我还以为跑着跑着没电了[笑哭了R],弱势,服务者,0
69e46315000000001401d82f,69e43b14000000001a02e095,咋啦，关节炎犯了啊？[汗颜R],弱势,服务者,5
69e46220000000001401e824,69e43b14000000001a02e095,放臭屁，不走了，要等爸爸拿除臭剂喷喷再走[doge],弱势,服务者,5
69e4619b000000001401a418,69e43b14000000001a02e095,电机过热自动保护了。看样子将来机器人散热也是个不错的选择,弱势,服务者,3
69e4618b000000001401c40e,69e43b14000000001a02e095,停下来喷东西时我要笑得不行了哈哈哈哈哈哈哈哈哈,弱势,服务者,1
69e4617e0000000014018819,69e43b14000000001a02e095,为什么都是用遥控器操作,弱势,服务者,6
69e46163000000001401c026,69e43b14000000001a02e095,可以给马拉松机器人装个自动淋浴装置[doge],弱势,服务者,3
69e461600000000014019c1e,69e43b14000000001a02e095,给裤裆喷水是降温吗？,弱势,服务者,5
69e4614c0000000014019803,69e43b14000000001a02e095,这玩意儿歇菜了吧,弱势,服务者,4
69e46123000000001401980c,69e43b14000000001a02e095,有点像老郭说的谦哥他爸爸，走着走着突然停下了，打个激灵再走[捂脸R],弱势,服务者,1
69e46122000000001401c02c,69e43b14000000001a02e095,太热了，要喝水[失望R],弱势,服务者,5
69e46109000000001401c42c,69e43b14000000001a02e095,机器人也会抽筋，真的是太像人类了,弱势,服务者,3
69e46101000000001401b016,69e43b14000000001a02e095,过热保护吗[笑哭R],弱势,服务者,5
69e460f0000000001401e010,69e43b14000000001a02e095,防晒喷雾？,弱势,服务者,5
69e460eb0000000014019c36,69e43b14000000001a02e095,关节润滑剂吗,弱势,服务者,5
69e460b5000000001401e414,69e43b14000000001a02e095,我老了让它伺候也行，跟亲孙子似的[大笑R],弱势,服务者,2
69e4608f000000001401c847,69e43b14000000001a02e095,还是遥控器控制，软硬件啥时候可以合体呀[doge],弱势,服务者,6
69e46080000000001401d429,69e43b14000000001a02e095,髋关节坏死,弱势,服务者,4
69e4607e000000001401a011,69e43b14000000001a02e095,还戴顶小帽子，很可爱啊,弱势,服务者,2
69e4607a0000000014019c0a,69e43b14000000001a02e095,哈哈哈哈哈，工作人员不语，只是一味的冲上来喷喷喷，笑死了,弱势,服务者,1
69e46048000000001401981c,69e43b14000000001a02e095,木偶兽即视感[笑哭R],弱势,服务者,1
69e460150000000014019806,69e43b14000000001a02e095,血液循环不良[捂脸R],弱势,服务者,5
69e4600c000000001401b004,69e43b14000000001a02e095,跑一半还要喷云南白药[笑哭R],弱势,服务者,5
69e45ffd0000000014019404,69e43b14000000001a02e095,突然停下来我还以为短裤卡裆了,弱势,服务者,0
69e45feb000000001401c409,69e43b14000000001a02e095,机器人就是大人的玩具吧，我闺女七个月大时我就给她买电动玩具，能跑能翻跟头遇到阻力能拐弯儿，我闺女今年二十八了，我一直不明白现在费这么大力气产生的机器人和机器猫狗有啥不一样？,弱势,服务者,3
69e45fcd000000001401bc1a,69e43b14000000001a02e095,鞋子里面进了石子儿 硌脚了[大笑R],弱势,服务者,0
69e45fb8000000001401980a,69e43b14000000001a02e095,快来降个温,弱势,服务者,5
69e45fb20000000014019416,69e43b14000000001a02e095,有痱子，孩子挠不到，理解一下,弱势,服务者,5
69e45f920000000014018829,69e43b14000000001a02e095,[笑哭R][笑哭R][笑哭R]裤兜滚烫,弱势,服务者,1
69e45f4f000000001401a813,69e43b14000000001a02e095,裆部潮湿,弱势,服务者,5
69e45f29000000001401c81f,69e43b14000000001a02e095,摆臂的胳膊也要喷一下[偷笑R][偷笑R],弱势,服务者,5
69e45f27000000001401b837,69e43b14000000001a02e095,跑久了，屁股痒了喷点止痒喷雾,弱势,服务者,5
69e45ef4000000001401880f,69e43b14000000001a02e095,机器：为什么他两可以坐车？爱与不爱真的很明显！[哭惹R],弱势,服务者,3
69e45edb000000001401e426,69e43b14000000001a02e095,可爱死了 我也想去看机器人跑马拉松,弱势,服务者,3
69e45ebf000000001401e018,69e43b14000000001a02e095,跑太快发热了吧，还得给他降降温,弱势,服务者,5
69e45eaa000000001401b01c,69e43b14000000001a02e095,是遥控玩具吗,弱势,服务者,6
69e45e96000000001401b80d,69e43b14000000001a02e095,台词:我什么没见过啊，你这个小黑鸡崽子[doge],弱势,服务者,2
69e45e95000000001401e40b,69e43b14000000001a02e095,比我一岁的闺女跑的好多了[doge],弱势,服务者,0
69e45e460000000014019c12,69e43b14000000001a02e095,速干喷雾吗？,弱势,服务者,5
69e45e3e000000001401c416,69e43b14000000001a02e095,原来机器人也需要急救喷雾[笑哭R],弱势,服务者,3
69e45e1e0000000014018c01,69e43b14000000001a02e095,这是非洲选手吗？,弱势,服务者,4
69e45e19000000001401a81b,69e43b14000000001a02e095,马拉松腿抽筋喷点药不是很正常吗,弱势,服务者,5
69e45e0a000000001401c803,69e43b14000000001a02e095,养个这样的小孩能帮我做家务吗？,弱势,服务者,2
69e45dff000000001401b801,69e43b14000000001a02e095,小机器人：我的盆骨好凉哦！,弱势,服务者,3
69e45df8000000001401bc2c,69e43b14000000001a02e095,和人一样，停下来拿点儿水[笑哭R],弱势,服务者,5
69e45dd5000000001401b83e,69e43b14000000001a02e095,配速多少啊,弱势,服务者,0
69e45daf0000000014019c21,69e43b14000000001a02e095,奔跑吧，路飞,弱势,服务者,0
69e45d95000000001401dc0d,69e43b14000000001a02e095,电机过热了降温呢,弱势,服务者,5
69e45d43000000001401e011,69e43b14000000001a02e095,到底小，出门玩还要照顾,弱势,服务者,2
69e45d3f000000001401e44e,69e43b14000000001a02e095,太卷了，操控和后勤就不能是两个人吗～你一个人全干了，害得我只能失业在家刷手机看你卷[doge],弱势,服务者,6
69e45d1c000000001401b802,69e43b14000000001a02e095,屁股喝水[笑哭R],弱势,服务者,5
69e45d000000000014018801,69e43b14000000001a02e095,这是……车子那个？快去找小啾啾玩儿,弱势,服务者,2
69e45cda000000001401c43d,69e43b14000000001a02e095,连散热问题都没解决好吗[笑哭R],弱势,服务者,5
69e45cd9000000001401e80d,69e43b14000000001a02e095,它说，我思考一下人生,弱势,服务者,4
69e45cd7000000001401bc0f,69e43b14000000001a02e095,我以为得喷点防晒呢[偷笑R],弱势,服务者,5
69e45cce000000001401dc24,69e43b14000000001a02e095,行了，下周等着起飞,弱势,服务者,4
69e45ccb000000001401d42e,69e43b14000000001a02e095,小孩都跑半马？？太残忍了,弱势,服务者,0
69e45cbe000000001401a400,69e43b14000000001a02e095,喷点痱子粉,弱势,服务者,5
69e45cb3000000001401b822,69e43b14000000001a02e095,可是已经很了不起了阿。。。那些挑剔的人们,弱势,服务者,4
69e45ca1000000001401901b,69e43b14000000001a02e095,机器人：感谢不死老乔，见证我,弱势,服务者,3
69e45c98000000001401c415,69e43b14000000001a02e095,涂点润滑油吗[偷笑R],弱势,服务者,5
69e45c68000000001401940d,69e43b14000000001a02e095,我还以为喷的wd40[笑哭R],弱势,服务者,5
69e45c64000000001401a00c,69e43b14000000001a02e095,都是遥控的，什么时候机器人能有Ai大脑就好了,弱势,服务者,3
69e45c33000000001401b82e,69e43b14000000001a02e095,[doge]裤裆里面喷冷却液,弱势,服务者,5
69e45c22000000001401b809,69e43b14000000001a02e095,她还挺懂礼貌，说谢谢[偷笑R],弱势,服务者,1
69e45c0a000000001401c018,69e43b14000000001a02e095,这个散热方法跟我们当初做无人机实验一模一样[笑哭R],弱势,服务者,5
69e45bcc000000001401d424,69e43b14000000001a02e095,喷的六神花露水么,弱势,服务者,5
69e45bc9000000001401b01e,69e43b14000000001a02e095,玛卡巴卡好可爱[哇R],弱势,服务者,2
69e45bbe000000001401b019,69e43b14000000001a02e095,整点润滑油,弱势,服务者,5
69e45ba6000000001401e411,69e43b14000000001a02e095,像人喷云南白药，哈哈哈哈，长得好可爱啊,弱势,服务者,2
69e45b8b0000000014019c05,69e43b14000000001a02e095,降温喷雾吧[笑哭R],弱势,服务者,5
69e45b79000000001401cc02,69e43b14000000001a02e095,这么小他能放多少电池啊？续航咋办,弱势,服务者,6
69e45b160000000014019401,69e43b14000000001a02e095,膝盖磨损,弱势,服务者,0
69e45b07000000001401ac1b,69e43b14000000001a02e095,[捂脸R]跑马补给站一般也有医护人员给喷云南白药一类的东西，一套套学得挺全乎,弱势,服务者,5
69e45add000000001401c400,69e43b14000000001a02e095,这每个后边还得跟个人遥控是吧[笑哭R],弱势,服务者,6
69e45ab9000000001401900b,69e43b14000000001a02e095,医疗组上线，喷点云南白药，继续干,弱势,服务者,5
69e45aae000000001401b817,69e43b14000000001a02e095,抽筋了吗？需要喷雾一下[失望R],弱势,服务者,5
69e45aaa000000001401cc2b,69e43b14000000001a02e095,应该做浅色的嘛 这么黑晒着太阳不成浴霸了,弱势,服务者,5
69e45a7f0000000014018820,69e43b14000000001a02e095,我以为是机器人首先解决的是辅助人类的行为 结果它们真是机器人....还跑上马拉松了[笑哭R],弱势,服务者,3
69e45a630000000014018c18,69e43b14000000001a02e095,冷凝剂，瞬间使温度降低,弱势,服务者,5
69e45a5c000000001401d81b,69e43b14000000001a02e095,这是少儿赛道吧[笑哭R] 个子高点容易摔跤，矮个子底盘稳,弱势,服务者,0
69e459e3000000001401a008,69e43b14000000001a02e095,迎面跑来的是非洲参赛队！,弱势,服务者,0
69e459aa000000001401a00f,69e43b14000000001a02e095,今天好多地方都有马拉松，这是啥特殊的日子吗,弱势,服务者,0
69e45968000000001401c008,69e43b14000000001a02e095,太可爱了，这造型,弱势,服务者,2
69e458ed000000001401980a,69e43b14000000001a02e095,现在天气蚊虫多，给它穿长裤子,弱势,服务者,5
69e458e8000000001401d426,69e43b14000000001a02e095,不知道啥原因，就喷WD40,弱势,服务者,5
69e458bc000000001401e02c,69e43b14000000001a02e095,小黑宝宝真可爱,弱势,服务者,2
69e458a5000000001401a00f,69e43b14000000001a02e095,肩关节不喷吗？肩关节一甩一甩的也有磨损,弱势,服务者,5
69e458a3000000001401a015,69e43b14000000001a02e095,中间不得充几次电啊,弱势,服务者,5
69e45897000000001401e82c,69e43b14000000001a02e095,温度过高[笑哭R][笑哭R],弱势,服务者,5
69e45897000000001401a804,69e43b14000000001a02e095,一身黑，中暑了吧,弱势,服务者,5
69e45861000000001401e834,69e43b14000000001a02e095,一直在定投机器人etf ，未来的好日子都要靠这些机械,弱势,服务者,3
69e4583e000000001401e404,69e43b14000000001a02e095,它说谢谢，它好有礼貌,弱势,服务者,4
69e457e4000000001401bc0e,69e43b14000000001a02e095,散热问题[笑哭R],弱势,服务者,5
69e457dc000000001401ac2e,69e43b14000000001a02e095,这宝贝跑步，得一车人跟着。,弱势,服务者,0
69e457b7000000001401bc39,69e43b14000000001a02e095,裤裆磨冒烟了吧[doge],弱势,服务者,5
69e457b4000000001401880a,69e43b14000000001a02e095,搞个黑色的热得更快,弱势,服务者,5
69e457b1000000001401a024,69e43b14000000001a02e095,看到这一幕竟然有点泪目,弱势,服务者,4
69e457af000000001401dc04,69e43b14000000001a02e095,未来的人类看到会不会想笑[笑哭R],弱势,服务者,1
69e45772000000001401cc04,69e43b14000000001a02e095,今天看到很多机器人都需要开始或者半路喷降温喷雾冷却电机，我想明年是不是可以学马拉松补给站那样，让机器人自己进去补给站拿降温喷雾自主降温。,弱势,服务者,3
69e456f9000000002b026178,69e43b14000000001a02e095,胯下着火了[暗中观察R],弱势,服务者,5
69e456e9000000001401d40e,69e43b14000000001a02e095,泪尿了，冲一冲[偷笑R][偷笑R][偷笑R],弱势,服务者,1
69e456c5000000001401d40a,69e43b14000000001a02e095,喷的WD40，男人的香水[偷笑R],弱势,服务者,5
69e456c30000000014018c1b,69e43b14000000001a02e095,为什么洗屁股？,弱势,服务者,5
69e456bd000000001401dc35,69e43b14000000001a02e095,是忽然想起来有什么事没办吗,弱势,服务者,4
69e456af000000001401a820,69e43b14000000001a02e095,不给吃的孩子也罢工[笑哭R],弱势,服务者,1
69e456a1000000001401c822,69e43b14000000001a02e095,它是不是碰见熟人你了[笑哭R],弱势,服务者,1
69e4569e0000000014019030,69e43b14000000001a02e095,停下来补给一下不是很正常么[偷笑R],弱势,服务者,5
69e45691000000001401e80d,69e43b14000000001a02e095,帽子这么可爱,弱势,服务者,2
69e45688000000001401940b,69e43b14000000001a02e095,看来跑步对关节还不好，机器人也不例外,弱势,服务者,3
69e4564f000000001401dc38,69e43b14000000001a02e095,车后面还有一个打盹的小鼻噶[偷笑R][偷笑R],弱势,服务者,2
69e4564b000000001401e433,69e43b14000000001a02e095,这里还有一只哈哈 帽子很可爱[红色心形R],弱势,服务者,2
69e45640000000001401dc06,69e43b14000000001a02e095,用这小黑子陪小孩跑步会有趣点,弱势,服务者,0
69e45633000000001401ac1f,69e43b14000000001a02e095,肌肉拉伤冰敷,弱势,服务者,5
69e4560a000000001401bc06,69e43b14000000001a02e095,懂了，机器人马拉松也喷云南白药,弱势,服务者,3
69e45609000000001401cc24,69e43b14000000001a02e095,有个脸可爱多了,弱势,服务者,2
69e455e30000000014019828,69e43b14000000001a02e095,补充能量再跑,弱势,服务者,0
69e455ba000000001401cc1d,69e43b14000000001a02e095,好像机器人之梦里小狗给它喷的机油[哭惹R],弱势,服务者,3
69e455b90000000014018c04,69e43b14000000001a02e095,孩子好可爱，啥时候可以来我家,弱势,服务者,2
69e455ae000000001401d428,69e43b14000000001a02e095,光给喷降温的，也给喷点防晒的啊，看给孩子晒得黑的[doge],弱势,服务者,5
69e455a8000000001401bc20,69e43b14000000001a02e095,我也想要这种机器人≈,弱势,服务者,3
69e45568000000001401d438,69e43b14000000001a02e095,跑得屁股快冒烟了,弱势,服务者,0
69e45542000000001401e030,69e43b14000000001a02e095,今天我生日，正好19号他们开始比赛了吧,弱势,服务者,4
69e45526000000001401a017,69e43b14000000001a02e095,好可爱，还戴着小草帽[哇R],弱势,服务者,2
69e45513000000001401c004,69e43b14000000001a02e095,嗯……我闺女如果突然停下来那她一定是在放屁[笑哭R][笑哭R],弱势,服务者,0
69e45509000000001401e417,69e43b14000000001a02e095,外用氨糖吧[doge]总不能是屁屁霜不是[doge],弱势,服务者,5
69e454ff000000001401a020,69e43b14000000001a02e095,好爱它 还给它带了可爱的帽帽[飞吻R],弱势,服务者,2
69e454fa000000001401e000,69e43b14000000001a02e095,哈哈很喜欢这个，好萌,弱势,服务者,2
69e454cd0000000014018804,69e43b14000000001a02e095,喷得云南白药啊[笑哭R],弱势,服务者,5
69e454ca000000001401e012,69e43b14000000001a02e095,给穿个软底鞋吧,弱势,服务者,0
69e454c8000000001401d441,69e43b14000000001a02e095,他都这么黑了 还喷防晒喷雾 有必要吗[微笑R],弱势,服务者,5
69e4547f000000001401b82e,69e43b14000000001a02e095,未来大部分人类只能靠伺候机器人过活,弱势,服务者,3
69e4547d000000001401dc07,69e43b14000000001a02e095,男人的香水WD40,弱势,服务者,5
69e4546a000000001401a40e,69e43b14000000001a02e095,是不是兴奋剂？,弱势,服务者,4
69e45462000000001401cc2b,69e43b14000000001a02e095,云南白药的广告呢,弱势,服务者,4
69e45458000000001401e02e,69e43b14000000001a02e095,颜值加分,弱势,服务者,4
69e45439000000001401dc37,69e43b14000000001a02e095,屁股发烫了[偷笑R][偷笑R]降降温再跑[doge][doge],弱势,服务者,5
69e45425000000001401e814,69e43b14000000001a02e095,跟我们跑马拉松一样，腿疼了，也需要喷云南白药气雾剂，哈哈,弱势,服务者,5
69e4540d000000001401a81c,69e43b14000000001a02e095,其实就是个遥控机器人,弱势,服务者,3
69e453ff0000000014019820,69e43b14000000001a02e095,哈哈😄怎么小孩机跑几步就要洗屁股啊[偷笑R],弱势,服务者,0
69e453c7000000001401e02c,69e43b14000000001a02e095,啊[呃R]～原来机器人过度运动也得喷云南白药啊[萌萌哒R]～,弱势,服务者,3
69e45393000000001401e02a,69e43b14000000001a02e095,补点防晒,弱势,服务者,5
69e45388000000001401c804,69e43b14000000001a02e095,只能当玩具,弱势,服务者,2
69e4537a000000001401b007,69e43b14000000001a02e095,胯骨轴磨的疼了吧,弱势,服务者,4
69e45365000000001401880a,69e43b14000000001a02e095,跑一半还喝奶 [doge],弱势,服务者,0
69e45361000000001401dc15,69e43b14000000001a02e095,太热了，裤裆都要烧起来了,弱势,服务者,5
69e4534b000000001401c02d,69e43b14000000001a02e095,估计是过热了,弱势,服务者,5
69e45326000000001401d811,69e43b14000000001a02e095,这突然停下来我以为他作业忘带了[失望R],弱势,服务者,4
69e452f0000000001401c82c,69e43b14000000001a02e095,这是哪家公司,弱势,服务者,4
69e452e70000000014019813,69e43b14000000001a02e095,冲冲屁股才能继续跑吗,弱势,服务者,0
69e452e4000000001401c822,69e43b14000000001a02e095,磨的屁股疼，喷药处理一下继续加油,弱势,服务者,5
69e452c6000000001401a404,69e43b14000000001a02e095,痔疮犯了吧，屁股疼,弱势,服务者,5
69e452a1000000001401c01d,69e43b14000000001a02e095,电机过热，制冷剂[笑哭R],弱势,服务者,5
69e452990000000014019012,69e43b14000000001a02e095,降温喷雾，给电机冷却的，跑的过热了程序自保就停下来了[doge],弱势,服务者,5
69e452940000000014013c03,69e43b14000000001a02e095,爷爷！我过热了~~~ 呲呲呲呲,弱势,服务者,5
69e4526d0000000014019c1e,69e43b14000000001a02e095,这玩意儿吧，给零件快速降温吧,弱势,服务者,5
69e4526c0000000014019824,69e43b14000000001a02e095,空心的声音～,弱势,服务者,4
69e45252000000001401a000,69e43b14000000001a02e095,机器人也喷云南白药喷雾剂啊[偷笑R],弱势,服务者,3
69e4523d000000001401ac13,69e43b14000000001a02e095,巴洛特利小时候,弱势,服务者,2
69e4523c000000001401dc09,69e43b14000000001a02e095,好可爱的小宝宝,弱势,服务者,2
69e4521f000000001401ac17,69e43b14000000001a02e095,电机高温了酒精冷却吗,弱势,服务者,5
69e451fd000000001401b004,69e43b14000000001a02e095,娃娃还是有点脾气的,弱势,服务者,2
69e451a9000000001401e420,69e43b14000000001a02e095,这款上市出售的话，应该会很受小朋友欢迎,弱势,服务者,2
69e451a30000000014019019,69e43b14000000001a02e095,这家的程序员还有个电瓶车坐呀,弱势,服务者,6
69e451a2000000001401e408,69e43b14000000001a02e095,都晒黑了，喷的防晒喷雾[暗中观察R],弱势,服务者,5
69e4516e000000001401c43b,69e43b14000000001a02e095,装瓶防冻液降温,弱势,服务者,5
69e4515b000000001401e419,69e43b14000000001a02e095,液氮降温,弱势,服务者,5
69e450d3000000001401e428,69e43b14000000001a02e095,电机过热保护了 喷制冷剂[偷笑R],弱势,服务者,5
69e45043000000001401d429,69e43b14000000001a02e095,这个典型的就是实验室产品，耐用性还是不行,弱势,服务者,6
69e4502a000000001401dc0b,69e43b14000000001a02e095,喷点防晒，瞧给孩子晒得黢黑,弱势,服务者,5
69e450140000000014018820,69e43b14000000001a02e095,电池太热了,弱势,服务者,5
69e4500f0000000014013803,69e43b14000000001a02e095,这小黑仔的腿伤需要冰敷吗[暗中观察R],弱势,服务者,5
69e44fef0000000014019418,69e43b14000000001a02e095,"该不会是万能喷剂wd40
吧",弱势,服务者,5
69e44f73000000001401d820,69e43b14000000001a02e095,一看就是润滑油3m的,弱势,服务者,5
69e44f4f000000001401bc1c,69e43b14000000001a02e095,厂家，过多久可以做个张凌赫陪伴机器人啊[害羞R],弱势,服务者,3
69e44f28000000001401c02b,69e43b14000000001a02e095,屁股是摩出火花了吗[笑哭R][笑哭R],弱势,服务者,5
69e44f23000000001401e033,69e43b14000000001a02e095,小孩儿如果这样的话，大概率是尿了,弱势,服务者,5
69e44ef3000000001401e81f,69e43b14000000001a02e095,中暑了 黑哥们儿也会中暑,弱势,服务者,5
69e44ecf000000001401a009,69e43b14000000001a02e095,看他跑步我膝盖疼,弱势,服务者,0
69e44eb9000000001401a411,69e43b14000000001a02e095,晒黑了，防晒喷雾没准备吗？,弱势,服务者,5
69e44e80000000001401e00f,69e43b14000000001a02e095,喷喷屁股就能跑了,弱势,服务者,5
69e44e3c000000001401d409,69e43b14000000001a02e095,停下来的那两下动作太可爱了，符合形象,弱势,服务者,2
69e44e13000000001401c025,69e43b14000000001a02e095,咋和我自己跑一模一样[笑哭R]，腿抽筋了喷点云南白药[doge],弱势,服务者,0
69e44df4000000001401a423,69e43b14000000001a02e095,腿短  明显吃亏呀  下次改进,弱势,服务者,0
69e44df1000000001401980d,69e43b14000000001a02e095,非洲的也可以参赛吗？,弱势,服务者,4
69e44dea0000000014019c02,69e43b14000000001a02e095,人形机器人目前研发聚焦在能跑就行，设计的时候还没有考虑耐久性和寿命,弱势,服务者,3
69e44de2000000001401a009,69e43b14000000001a02e095,小的机器人，没做液冷，应该散热不行,弱势,服务者,3
69e44d780000000014019801,69e43b14000000001a02e095,这么热还带个帽子,弱势,服务者,5
69e44d77000000001401bc17,69e43b14000000001a02e095,笑死我了给ka降温,弱势,服务者,5
69e44d09000000001401e018,69e43b14000000001a02e095,长得还行,弱势,服务者,2
69e44d090000000014019026,69e43b14000000001a02e095,机器人还需要洗屁股吗？@,弱势,服务者,3
69e44d080000000014019c0d,69e43b14000000001a02e095,为什么不背两罐冷却剂热了就自动喷[笑哭R],弱势,服务者,5
69e44d02000000001401881d,69e43b14000000001a02e095,为什么我感觉他们有活人感呢,弱势,服务者,4
69e44cb8000000001401c83a,69e43b14000000001a02e095,来春游的小朋友,弱势,服务者,2
69e44c90000000001401a011,69e43b14000000001a02e095,髋关节需要润滑了[doge],弱势,服务者,5
69e44c7d000000001401e407,69e43b14000000001a02e095,抽筋了 喷点云南白药[doge],弱势,服务者,5
69e44c6f0000000014019418,69e43b14000000001a02e095,个头太小负载有限，身上没背干冰，所以要人工散热吗。难为工程师了[捂脸R],弱势,服务者,5
69e44c6e000000001401e405,69e43b14000000001a02e095,抽筋了，上点云南白药气雾剂[笑哭R],弱势,服务者,5
69e44c690000000014018c24,69e43b14000000001a02e095,期待中国举办第一届机器人奥运会[点赞R],弱势,服务者,3
69e44c14000000001401c434,69e43b14000000001a02e095,帽子好可爱，想要链接,弱势,服务者,2
69e44bdd000000001401d820,69e43b14000000001a02e095,人还是孩子呢，应该去儿童组。,弱势,服务者,2
69e44bd2000000001401d401,69e43b14000000001a02e095,跑五分钟马上就需要人工降温的机器人能干啥呢？,弱势,服务者,3
69e44bc2000000001401e41a,69e43b14000000001a02e095,其实那个咔嗒咔嗒声音挺大的！,弱势,服务者,4
69e44baa000000001401a417,69e43b14000000001a02e095,还没成年就来跑马拉松了[吧唧R],弱势,服务者,0
69e44ba0000000001401ac03,69e43b14000000001a02e095,反正已经这么黑了，不戴帽子也行,弱势,服务者,4
69e44b9b000000001401b012,69e43b14000000001a02e095,机器人的弱点被发现了，高温作业不行,弱势,服务者,3
69e44b97000000001401e432,69e43b14000000001a02e095,就这小萌物当拉拉队不好嘛[捂脸R],弱势,服务者,2
69e44b3d0000000014018826,69e43b14000000001a02e095,这是什么品牌的防晒喷雾啦？避雷才行[扯脸H],弱势,服务者,5
69e44b16000000001401c028,69e43b14000000001a02e095,哈哈哈哈，怪不得每个机器人后面有车跟着,弱势,服务者,3
69e44aeb0000000014019404,69e43b14000000001a02e095,这个小鼻嘎还得人工降温[偷笑R][偷笑R],弱势,服务者,5
69e44ae80000000014019022,69e43b14000000001a02e095,利好液冷～,弱势,服务者,5
69e44ace000000001401b836,69e43b14000000001a02e095,是它不，最后太累，还是上车了,弱势,服务者,4
69e44aca000000001401e80d,69e43b14000000001a02e095,都这么黑了没必要带帽子防晒了[自拍R],弱势,服务者,5
69e44aca0000000014019808,69e43b14000000001a02e095,我还以为喷镇痛喷雾呢,弱势,服务者,5
69e44ab5000000001401a008,69e43b14000000001a02e095,喷液氮给关节降温呢,弱势,服务者,5
69e44a5c0000000014018c07,69e43b14000000001a02e095,是不是换成白漆能少喷几下[捂嘴笑R][捂嘴笑R][捂嘴笑R],弱势,服务者,5
69e44a27000000001401a81d,69e43b14000000001a02e095,好大的眼睛,弱势,服务者,2
69e449ff000000001401b00c,69e43b14000000001a02e095,要不穿个冰镇纸尿裤[偷笑R],弱势,服务者,5
69e44938000000001401a420,69e43b14000000001a02e095,怎么跑着跑着还得洗洗屁股呢？[石化R],弱势,服务者,5
69e44908000000001401cc01,69e43b14000000001a02e095,下次别穿黑衣服了，跑马选手都不敢穿黑，尤其速度快的[捂脸R],弱势,服务者,0
69e448e1000000001401942b,69e43b14000000001a02e095,腿酸了喷点云南白药[捂脸R],弱势,服务者,5
69e448d3000000001401e403,69e43b14000000001a02e095,小短腿吃亏啊,弱势,服务者,0
69e44894000000001401b00d,69e43b14000000001a02e095,怎么跟我一样，比赛还用冰喷呢[笑哭R],弱势,服务者,5
69e44851000000001401902d,69e43b14000000001a02e095,未成年可以参赛吗,弱势,服务者,0
69e4478e000000001401a811,69e43b14000000001a02e095,请问您这是啥位置离得好近 明年我也去这里,弱势,服务者,4
69e4478d000000001401c813,69e43b14000000001a02e095,电机在裆部，驱动两条腿，所以过热了？[偷笑R],弱势,服务者,5
69e4472c000000001401880b,69e43b14000000001a02e095,这是红色冲天揪的兄弟？,弱势,服务者,4
69e4469d000000001401a426,69e43b14000000001a02e095,散热差点意思,弱势,服务者,5
69e445a70000000014019003,69e43b14000000001a02e095,这个是长得最可爱的,弱势,服务者,2
69e44595000000001401b808,69e43b14000000001a02e095,帽子不挡太阳，看把孩子晒的,弱势,服务者,2
69e4456c000000001401a827,69e43b14000000001a02e095,屁股太烫要死机吗[笑哭R],弱势,服务者,5
69e444da000000001401a024,69e43b14000000001a02e095,孩子跑着跑着还得喷点云南白药气雾剂[暗中观察R],弱势,服务者,5
69e444cb000000001401981a,69e43b14000000001a02e095,咋全是后面遥控的？[笑哭R],弱势,服务者,6
69e442d3000000001401ac0f,69e43b14000000001a02e095,万能的wd-40[doge],弱势,服务者,1
69e4428f000000001401c027,69e43b14000000001a02e095,这么热还给人家戴帽子，不应该带个风扇吗,弱势,服务者,5
69e4428e000000001401b832,69e43b14000000001a02e095,穿条冰丝内裤，会不会就不用人工降温了[笑哭R],弱势,服务者,5
69e4420d000000001401e02a,69e43b14000000001a02e095,电机高温，降温？,弱势,服务者,5
69e441ae000000001401e816,69e43b14000000001a02e095,上油吗？还是降温啊，哈哈哈,弱势,服务者,5
69e43f6e000000001401a81a,69e43b14000000001a02e095,就是降温喷雾,弱势,服务者,5
69e43eaa000000001401e810,69e43b14000000001a02e095,这一路得喷掉几瓶啊[捂脸R],弱势,服务者,5
69e43de40000000014018c32,69e43b14000000001a02e095,突然想起来家里门没锁[偷笑R]  再一想 锁了[笑哭R],弱势,服务者,1
69e43da10000000014018c09,69e43b14000000001a02e095,补水降温,弱势,服务者,5
69e43d00000000001401bc1c,69e43b14000000001a02e095,一般喷云南白药,弱势,服务者,5
69e45d86000000001401dc37,69e43b14000000001a02e095,看来还是“牛马”抗造，饿了自己吃，病了自己看。[doge][doge],弱势,服务者,4
69e45def000000001401a813,69e43b14000000001a02e095,尽整些没用的[暗中观察R],弱势,服务者,4
69e4668d0000000014019022,69e43b14000000001a02e095,这种比赛有什么意义[doge],弱势,服务者,4
69e67d76000000001401c801,69e43b14000000001a02e095,肛门瘙痒[doge],弱势,服务者,5
69e577be000000001401a416,69e43b14000000001a02e095,别让孩子跑了，你看这孩子晒得黑成啥样了？,弱势,服务者,0
69e51a88000000001401c80a,69e43b14000000001a02e095,妈呀，机械设计的真难看,弱势,服务者,3
69e4dbef000000001401d823,69e43b14000000001a02e095,咋喷人家这么隐私的地方，孩子也要面子的呀,弱势,服务者,2
69e4d3f1000000001401d81b,69e43b14000000001a02e095,做个纯黑的能不热吗？？热了电池保护、芯片保护自动关机了吧……,弱势,服务者,5
69e4cf5b000000001401cc0d,69e43b14000000001a02e095,要一直追着它跑吗？码农也变体力活了吗？,弱势,服务者,0
69e4cd84000000001401d825,69e43b14000000001a02e095,放屁太臭了？！[doge],弱势,服务者,4
69e4cb420000000014018c17,69e43b14000000001a02e095,防晒知道吗？那是喷防晒霜，人家还是个带小小遮阳帽的宝宝呢҉(*^㉨^*),弱势,服务者,5
69e4be87000000001401b838,69e43b14000000001a02e095,不是机器人有什么跑马的必要吗？是为了测续航嘛[呃R],弱势,服务者,3
69e49f52000000001401c829,69e43b14000000001a02e095,还往人裤裆喷东西呢,弱势,服务者,5
69e4989f0000000014019c20,69e43b14000000001a02e095,反正不是防晒喷雾，都这么黑了才喷防晒吗,弱势,服务者,5
69e4969e000000001401e022,69e43b14000000001a02e095,明明安装个轮子，非要整两条腿，干冒烟能有多快，还容易出故障。研究经费预算算过剩了是吧？,弱势,服务者,6
69e4919b000000001401dc00,69e43b14000000001a02e095,说实话真没必要弄人形态为什么想着都弄人形态？    明明如果要研究稳定性摆臂真就单纯浪费能耗和配重比啊     我也知道那为什么不装个轮子但是这。。。方向是什么就是趋近于人类吗。。。,弱势,服务者,3
69e49101000000001401c424,69e43b14000000001a02e095,跟人一样，跑着跑着去补给点喷点白云南白药,弱势,服务者,5
69e48b0e0000000014018817,69e43b14000000001a02e095,机器人跑马拉松这特么正常吗,弱势,服务者,3
69e486cc000000001401dc15,69e43b14000000001a02e095,屁股着火了？还要用灭火器喷一喷？,弱势,服务者,5
69e47be80000000014018c26,69e43b14000000001a02e095,停下来放屁💨,弱势,服务者,4
69e47995000000001401e017,69e43b14000000001a02e095,怎么跑一跑还要给屁屁降温的？这就是屁股跑冒烟？💨,弱势,服务者,5
69e477cb000000001401b019,69e43b14000000001a02e095,萌不萌全靠眼睛是吧？你这个看脸的人,弱势,服务者,2
69e47510000000001401940e,69e43b14000000001a02e095,明明有轮式还要防人 人的下半身不是那么重要 躯干大脑手眼耳鼻 这些好好去研发不行吗 一个遥控机器人公司火了就都去蹭了 吃不了这碗饭 也不配吃,弱势,服务者,3
69e4708f000000001401e00a,69e43b14000000001a02e095,喷兴奋剂吗？违规了诶，太要不得了,弱势,服务者,5
69e46e08000000001401c033,69e43b14000000001a02e095,机器人跑步的意义是……[捂脸R],弱势,服务者,3
69e466d4000000001401881c,69e43b14000000001a02e095,看起来不太聪明的样子,弱势,服务者,4
69e46645000000001401dc40,69e43b14000000001a02e095,不是说机器人马拉松不允许后面跟人了吗？ 难道后面跟个车就可以了吗？,弱势,服务者,3
69e464f4000000001401b81f,69e43b14000000001a02e095,防晒喷雾么？[偷笑R]喷的地方不对[捂脸R]，瞧给孩子晒的黢黑,弱势,服务者,5
69e461aa000000001401d815,69e43b14000000001a02e095,挂身上自已喷那才牛批[大笑R][大笑R],弱势,服务者,5
69e45f7e000000001401e007,69e43b14000000001a02e095,黑色的——就能跑第一？,弱势,服务者,0
69e45ec1000000001401d808,69e43b14000000001a02e095,強迫營業仲要笑面迎人[笑哭R]，過熱識得企定嗰下真係搞笑。,弱势,服务者,1
69e45b49000000001401c020,69e43b14000000001a02e095,换个尿布接着跑,弱势,服务者,0
69e45ae2000000001401a81b,69e43b14000000001a02e095,干嘛要喷🐔🐔？电🐔过热？,弱势,服务者,5
69e454cc000000001401e447,69e43b14000000001a02e095,咋滴，裆部过热了？,弱势,服务者,5
69e452f3000000001401d41c,69e43b14000000001a02e095,一群人伺候着一个机器人。倒是扩大就业了,弱势,服务者,3
69e44ee30000000014018c0a,69e43b14000000001a02e095,这小短腿儿,弱势,服务者,0
69e44ad60000000014019c25,69e43b14000000001a02e095,拿遥控器的多少钱一个月？要啥学历？,弱势,服务者,6
69e5a096000000001401b813,69e59e520000000022027a90,让我先叠个甲，本人仅做搞笑解读，完全“曲解”机器人赛跑，大家权当图一乐，对所有机器人品牌一视同仁都是好样的，请大家切勿对品牌做任何解读，毕竟参赛的有厂家、高校生，也有机器人爱好者，本人无法进行区分，正赛全程大家可移步央视官网观看，所有参赛者都投入巨大热情，只为推广机器人事业，感谢！,弱势,观众,3
69e5c6f0000000001401ac1e,69e59e520000000022027a90,那个看热闹的还拍手的也太像人类了 哈哈哈哈哈,弱势,观众,1
69e61c570000000014018c05,69e59e520000000022027a90,刷了3天的视频，发现荣耀是最少的，是因为它家跑的太快了，大家还没来得及拍它就跑远了吗[偷笑R],弱势,观众,6
69e5f71c000000001401d427,69e59e520000000022027a90,问题是花田里那个大爷也是白白挨了它一脚[笑哭R],弱势,观众,4
69e5fc55000000001401c02e,69e59e520000000022027a90,我就喜欢这个小蚂蚁,弱势,观众,2
69e619ca0000000014018c16,69e59e520000000022027a90,这里好像机器人宝宝它爸再给它擦屁股呢,弱势,观众,3
69e63bbc000000001401982e,69e59e520000000022027a90,休息的时候好好笑,弱势,观众,1
69e6373b000000001401b02c,69e59e520000000022027a90,宇树又是功夫又是嘲笑拍手的，为啥不认真使劲跑啊？感觉他能舞能武的跑步重复动作应该很简单啊,弱势,观众,0
69eacf03000000001401c810,69e59e520000000022027a90,都没达到出厂标准[偷笑R],弱势,观众,6
69e8b4c6000000001401e427,69e59e520000000022027a90,荣耀，冠亚季军啥意思？,弱势,观众,6
69e7590a0000000014019001,69e59e520000000022027a90,为什么荣耀是冠亚季军[嘻嘻R],弱势,观众,6
69e88efc0000000014019c16,69e59e520000000022027a90,[叹气R]好多机器人简直草台班子，重心那么靠后怎么走啊,弱势,观众,3
69e6417c000000001401e432,69e59e520000000022027a90,能不能开发个自动干家务的机器人呀,弱势,观众,3
69e6bec7000000001401a401,69e59e520000000022027a90,准备以后买个居家养老机器人，看这么不靠谱！还是算了吧！[汗颜R][汗颜R],弱势,观众,3
69e6e68c0000000014018c18,69e59e520000000022027a90,怎么都是遥控的，自主的呢？[抠鼻R],弱势,观众,6
69e66cbe000000001401d801,69e59e520000000022027a90,荣耀就这样过去了,弱势,观众,6
69e6c46c0000000014019c0e,69e59e520000000022027a90,跑得再快没用，一定要像手机一样进入千家万户，为人类服务，才有出路。否则,弱势,观众,4
69eb7f41000000002803a26e,69e59e520000000022027a90,为什么非要做两足机器人，四足不也一样吗[偷笑R]还不用解决平衡问题。,弱势,观众,3
69e62099000000001401dc3f,69e59e520000000022027a90,快告诉我谁跑了第一[偷笑R],弱势,观众,1
69e63d97000000001401d435,69e59e520000000022027a90,希望以后追杀我的都是这些型号[doge],弱势,观众,6
69e9b0cb000000001401b00e,69e59e520000000022027a90,都是资本收割韭菜工具,弱势,观众,6
69ed2305000000002900fc96,69e59e520000000022027a90,花费多少人财物研究这种机器人，到底有什么意义啊？,弱势,观众,3
69e61852000000001401a41e,69e59e520000000022027a90,一人抱一个遥控器，所谓的自主那个也在不断遥控器修正。,弱势,观众,6
69e6259d000000001401d423,69e59e520000000022027a90,看到最后真的很激动，嗯，觉得人类好伟大，中国人好伟大，就像每次出国回到自己的中国的时候都很激动，就觉得生在中国真好。虽然很多人都觉得有一些东西是不好的，是黑暗的，但是所有东西都有正反面，你不可能说让一个东西，它只有好处没有坏处，但是我们享受的好处都是巨多的，很开心，很激动，很想哭。,弱势,观众,4
69e6d2cf000000001401a416,69e59e520000000022027a90,我还刷到一个穿着衣服半路跳舞的 跳的还挺好的[偷笑R],弱势,观众,1
69e64196000000001401b81a,69e59e520000000022027a90,我觉的第一不是重要的，有趣才是重要的,弱势,观众,4
69e70ee9000000001401c02f,69e59e520000000022027a90,不懂就问，机器人跑马拼的其实就是识别路线和障碍物以及续航能力吧？,弱势,观众,3
69e629e2000000001401901f,69e59e520000000022027a90,它去花丛还踢了保安一jio,弱势,观众,0
69e60720000000001401d805,69e59e520000000022027a90,手握奶盆的小朋友挺可爱的,弱势,观众,2
69e6b192000000001401e40e,69e59e520000000022027a90,什么时候能有机器人足球赛啊？,弱势,观众,3
69e6b575000000001401d809,69e59e520000000022027a90,我说这两天人形机器人一直跌呢[抠鼻R][抠鼻R],弱势,观众,3
69e8965e000000001401e81f,69e59e520000000022027a90,第一个遇到前女友的，这演技横竖得是个老戏骨[捂脸R],弱势,观众,1
69e83b55000000001401d826,69e59e520000000022027a90,真不敢想 这些机器人去照顾腿脚不方便的老人天天摔跤，还得让老人去扶他们[笑哭R][笑哭R][笑哭R],弱势,观众,3
69e5e248000000001401c017,69e59e520000000022027a90,机器人🤖撞了车算谁的责任[偷笑R],弱势,观众,3
69e66dcd000000001401ac07,69e59e520000000022027a90,现在我们觉得好笑，再过几年他们就来抢我们的饭碗了！[偷笑R],弱势,观众,1
69e5f3fd0000000014018c0c,69e59e520000000022027a90,设计人员看到这一幕乐不乐,弱势,观众,1
69e85a04000000001401a00c,69e59e520000000022027a90,这个摔到后脑勺了 腿都僵直[doge],弱势,观众,1
69e889d3000000001401ac25,69e59e520000000022027a90,就一儿童遥控玩具现在都整的高大上。,弱势,观众,6
69e6394c000000001401c410,69e59e520000000022027a90,这种表现和春晚上的实在太割裂，连走路都走不好，离具身智能就更远了,弱势,观众,0
69e88744000000001401e407,69e59e520000000022027a90,一百年后 我们的后代还会把这个做成历史纪录片 回顾先辈们的第一次机器人跑步比赛又多可爱,弱势,观众,3
69e72337000000001401900d,69e59e520000000022027a90,荣耀：我是来参赛的！无情的参赛机器[笑哭R][笑哭R][笑哭R][笑哭R][笑哭R]谁倒地上他都不带看一眼的[笑哭R],弱势,观众,6
69e5dc61000000001401bc15,69e59e520000000022027a90,机器人看热闹这一段，特别像以前玩《模拟人生》，看见别人溺水了，还在旁边鼓掌👏这是什么设定啊[笑哭R],弱势,观众,3
69e9d275000000001401cc27,69e59e520000000022027a90,踢保安那一下真崩不住了哈哈哈哈哈哈哈哈,弱势,观众,1
69e5e6fa000000001401e82f,69e59e520000000022027a90,就爱看你家的报道哈哈哈哈哈哈哈哈哈,弱势,观众,1
69e5db6e000000001401bc3a,69e59e520000000022027a90,太短了，你是不是偷懒了,弱势,观众,4
69e732340000000014018c1c,69e59e520000000022027a90,执勤警察被T了一脚，好好笑[捂脸R][捂脸R][捂脸R],弱势,观众,1
69e60848000000001401c426,69e59e520000000022027a90,明年会不会机器人救援的也是机器人了啊,弱势,观众,3
69e82a2c0000000014018800,69e59e520000000022027a90,今年自主的还是跑不过遥控的，但以国内机器人的迭代速度，明年估计就是自主的天下了，后年就可以跑障碍赛了,弱势,观众,6
69f7e1600000000028008344,69e59e520000000022027a90,表演节目呢，哪里还顾得上比赛[偷笑R],弱势,观众,1
69e7091b000000001401d415,69e59e520000000022027a90,看了这届机器人马拉松的切片，有的还配音直接能把人笑死[捂脸R],弱势,观众,3
69e886af000000001401a01c,69e59e520000000022027a90,第一位出场的机器人那深受打击的样子，委实让人笑死,弱势,观众,3
69e73b1c0000000014018c07,69e59e520000000022027a90,这个赛道养活了不少闲人。[得意R],弱势,观众,4
69e8252f0000000014013007,69e59e520000000022027a90,我宣布！奶瓶小派获得最佳人气奖！太可爱了这小玩意儿[萌萌哒R],弱势,观众,2
69e781d2000000001401cc2c,69e59e520000000022027a90,若干年后，这些都是机器人的黑历史[笑哭R],弱势,观众,3
69e6f5a5000000001401c008,69e59e520000000022027a90,他们是怎么忍住不笑的[笑哭R],弱势,观众,1
69e83cff000000001401dc05,69e59e520000000022027a90,上来就抠电池那个笑死我了,弱势,观众,1
69e67013000000001401cc04,69e59e520000000022027a90,最惨的是哪些程序猿吧，他们应该怎么都没想到自己要狂追自己写的代码，俗称跑代码,弱势,观众,6
69f001f0000000002b00017c,69e59e520000000022027a90,那个安保被机器人踢了一脚，会不会淤青了,弱势,观众,3
69e8283b0000000014013c02,69e59e520000000022027a90,能去的真的都很牛了！各个研发人员都很厉害~,弱势,观众,6
69e988ce000000001401dc02,69e59e520000000022027a90,[汗颜R]科技进步真是快啊，两年前上春晚，走路还得人扶，现在都能跑马拉松了。,弱势,观众,0
69e6e32d000000001401900e,69e59e520000000022027a90,中国的机器人领先世界七十年，出场普遍就是70岁老人的水平,弱势,观众,3
69f1b81c000000002701ff7d,69e59e520000000022027a90,很难不笑 我笑得肚子痛,弱势,观众,1
6a006e47000000002b02832f,69e59e520000000022027a90,这个我在抖音上也看到了，好玩的很,弱势,观众,1
69fd4648000000002702b970,69e59e520000000022027a90,还说机器人代替人类做任何事,弱势,观众,3
69f81393000000002803ea86,69e59e520000000022027a90,的特热的天热热二爷爷爷爷,弱势,观众,5
69f7d0310000000028035068,69e59e520000000022027a90,机器人也会碰瓷,弱势,观众,3
69f452ea00000000270205eb,69e59e520000000022027a90,还以为芬太尼折叠了（不是,弱势,观众,4
69f2fb6a000000002803fed9,69e59e520000000022027a90,摇控玩具而已。,弱势,观众,6
69eed26e000000002803e3f2,69e59e520000000022027a90,望严查国补去向,弱势,观众,4
69eeb4b4000000002b028509,69e59e520000000022027a90,机器人全乱套了,弱势,观众,3
69ee3d1a000000002702233c,69e59e520000000022027a90,向工程师们致敬！,弱势,观众,4
69ee0b64000000002803956b,69e59e520000000022027a90,"抱歉，打扰了！
原谅我来这里蹭点流量[哭惹R] 我是个快要倒下的母亲，天塌了[哭惹R]一岁多宝贝女儿得了  神经母细胞留   。在Icu里面虚弱的躺着，副作用让她掉发，呕吐，隔着玻璃看进去心都像被针扎一样疼[哭惹R]请您到头...像看看宝宝好吗   一声加油，一分鼓励，一个点赞都是爱[合十R][合十R]。。，给您磕！！头感恩了",弱势,观众,4
69edfc0c0000000027029c72,69e59e520000000022027a90,这是个黑机器人，得拿鞭子抽才会跑,弱势,观众,3
69edf6ca000000002900c95d,69e59e520000000022027a90,个个都是人才，说话又好听,弱势,观众,4
69edbd360000000028008573,69e59e520000000022027a90,被他踹一脚，得疼几天,弱势,观众,4
69ed76cb000000002900dde8,69e59e520000000022027a90,那個鼓掌的太樂人了！看來愛熱鬧機器人繼承國人愛好！,弱势,观众,3
69ed2e000000000029025d91,69e59e520000000022027a90,我不觉得失败有啥问题。 不过我觉得.....,弱势,观众,4
69ed1e0b000000002803d0ae,69e59e520000000022027a90,现在还不能叫机器人！只能叫机械人！,弱势,观众,3
69ecc6e40000000029035e3f,69e59e520000000022027a90,看来茶水博士和阿童木的时代要来了[偷笑R],弱势,观众,1
69eca71a000000002a032ae0,69e59e520000000022027a90,看来还得一年进化才行[黄金薯R][黄金薯R][黄金薯R],弱势,观众,4
69eca553000000002900e041,69e59e520000000022027a90,只有前几名是真来比赛的，其他的是来搞笑的[笑哭R][笑哭R][笑哭R],弱势,观众,1
69ec9fc4000000002702ca46,69e59e520000000022027a90,累成机器人了[笑哭R],弱势,观众,3
69ec8060000000002902c9c6,69e59e520000000022027a90,技术进步的太快了,弱势,观众,6
69ec59c2000000002b025f35,69e59e520000000022027a90,他们是怎么忍住不笑的,弱势,观众,1
69ec1bf7000000002900df06,69e59e520000000022027a90,我看到了各种严重的安全隐患,弱势,观众,4
69ec1803000000002901939d,69e59e520000000022027a90,配乐很棒,弱势,观众,1
69ebac070000000028037e01,69e59e520000000022027a90,还是你整的有意思[笑哭R][笑哭R],弱势,观众,1
69eba9e0000000002701c01e,69e59e520000000022027a90,在过几年就成熟了,弱势,观众,4
69eb65d5000000002a0338f5,69e59e520000000022027a90,哈哈配乐讲解好搞笑😆,弱势,观众,1
69eb5e46000000002800a10f,69e59e520000000022027a90,以后靠你们养老呢，要是一会肘击，一会飞踹，这还得了[笑哭R][笑哭R][笑哭R],弱势,观众,4
69eb59e5000000002803b233,69e59e520000000022027a90,这我真的绷不住了[笑哭R],弱势,观众,1
69eb285a000000001401b820,69e59e520000000022027a90,这些机器人就跟刚学会走路的孩子一样,弱势,观众,3
69eaf5cf000000001401d419,69e59e520000000022027a90,应该是防电磁干扰做的不好,弱势,观众,6
69eaea22000000001401ac08,69e59e520000000022027a90,支持继续发展,弱势,观众,4
69eae9a80000000014018000,69e59e520000000022027a90,加上音乐和解说真的笑到肚痛[笑哭R],弱势,观众,1
69eae0ee0000000014019814,69e59e520000000022027a90,跑步的话，直接用轮子不好吗,弱势,观众,0
69ead4c0000000001401d819,69e59e520000000022027a90,发出嘲笑的掌声  哈哈哈哈哈哈哈,弱势,观众,1
69ead428000000001401dc06,69e59e520000000022027a90,哈哈哈哈哈哈 比去年厉害了很多！,弱势,观众,1
69ead15a000000000d023c02,69e59e520000000022027a90,Oh no robots have started drinking !!!,弱势,观众,3
69eac9dc000000001401e008,69e59e520000000022027a90,一堆遥控玩具,弱势,观众,6
69eabad9000000001401c406,69e59e520000000022027a90,踹保安的那个也太搞笑了🤭,弱势,观众,1
69eab220000000001401b000,69e59e520000000022027a90,果然，扣电池可以应对一切bug[抠鼻R],弱势,观众,6
69ea8b55000000001401bc00,69e59e520000000022027a90,可以每年举办一次机器人比赛，但不一定是跑步，比赛的项目提前半年从官网上获取。之后半年的时间各个公司对机器人进行调试来适应比赛，不断完善机器人各项技能。,弱势,观众,3
69ea4b1b0000000014018809,69e59e520000000022027a90,第二个是宇树吗？,弱势,观众,4
69ea3699000000001401bc1b,69e59e520000000022027a90,就喜欢看机器人赛跑,弱势,观众,3
69e9fad5000000001401a010,69e59e520000000022027a90,这是喝多少了醉成这样[偷笑R],弱势,观众,1
69e9cfcf0000000014019814,69e59e520000000022027a90,后面跟着个遥控手！说白了就是大型遥控玩具[捂脸R]而已,弱势,观众,6
69e9c3dd000000001401dc18,69e59e520000000022027a90,开头怎么还漂移开了，我还以为像球球飞车是的有氮气加速[捂脸R],弱势,观众,6
69e9c35f000000001401e411,69e59e520000000022027a90,最后一个有点像怪奇物语啊,弱势,观众,1
69e9c327000000001401cc25,69e59e520000000022027a90,这机器人低血糖了,弱势,观众,3
69e9c1b8000000001401d407,69e59e520000000022027a90,搞喜啊，机器狗也跑一下，看看谁的电池耐用,弱势,观众,3
69e9b97e000000001401dc0c,69e59e520000000022027a90,为什么跟人类一样抽象哈哈哈哈哈，笑鼠我了,弱势,观众,1
69e9b60f000000001401b80a,69e59e520000000022027a90,机器人发疯，危险了！,弱势,观众,3
69e9b07a000000001401e00d,69e59e520000000022027a90,我来看看我买了并每天定投的机器人基金发展的咋样了,弱势,观众,3
69e9ae21000000001401c41b,69e59e520000000022027a90,上一代也是机器人跑马拉松爆了一地装备。,弱势,观众,3
69e9ac11000000001401a006,69e59e520000000022027a90,玩抽象这块还得看中国,弱势,观众,4
69e9aafa000000001401ac09,69e59e520000000022027a90,去年那个美女机器人走猫步那个，这次怎么不来假装啊。资本作假没代价，老百姓做假法律代价。,弱势,观众,3
69e9aa76000000001401b01b,69e59e520000000022027a90,走出第一步！！以后只会越来越好！！加油！！！！,弱势,观众,4
69e9a8d2000000001401cc0d,69e59e520000000022027a90,不行啊！还得进一步研究！,弱势,观众,4
69e9a86e0000000014019817,69e59e520000000022027a90,前女友的简直了[笑哭R],弱势,观众,1
69e9a46e0000000014019405,69e59e520000000022027a90,“就瞎走”那个，俺真的要笑岔气了，还有那个花田里犯了错，真的逗死了[笑哭R][笑哭R][笑哭R],弱势,观众,1
69e9a276000000001401a008,69e59e520000000022027a90,机器人伤人事件，多年后人类才意识到那不是一个意外[doge],弱势,观众,3
69e9a131000000001401c807,69e59e520000000022027a90,怎么艺术成这样,弱势,观众,4
69e9a125000000001401e41a,69e59e520000000022027a90,[大笑R][大笑R][大笑R][大笑R]一整个人类出洋相的状态,弱势,观众,1
69e99f4d000000001401dc0e,69e59e520000000022027a90,心碎了一地,弱势,观众,4
69e99ecf000000001401dc01,69e59e520000000022027a90,机器人还看热闹！！！有点可怕呀,弱势,观众,3
69e99e61000000001401e42d,69e59e520000000022027a90,这不是去年的吗？今年不是这几个[偷笑R],弱势,观众,1
69e99e35000000001401e82f,69e59e520000000022027a90,我是来看热闹的 ，看到最后要感谢讲解丰富的带动了欢乐,弱势,观众,1
69e99dfd000000001401a405,69e59e520000000022027a90,一生爱来热闹的中国人，研究出来的机器人也不例外啊,弱势,观众,3
69e99a34000000001401943b,69e59e520000000022027a90,这科技发展的真快呀,弱势,观众,6
69e993bf000000001401a80d,69e59e520000000022027a90,它的赛道是跑道，我的赛道是地图上那些未连成线的点。常在深夜刷懂车弟自驾攻略，收藏了一堆小众秘境，就等一个假期和我的车去画属于我们自己的路线,弱势,观众,6
69e98a6d0000000014019426,69e59e520000000022027a90,骗补贴骗投资,弱势,观众,4
69e9841f000000002b002dbd,69e59e520000000022027a90,定一个和假酒喝多了,弱势,观众,4
69e97f11000000001401e002,69e59e520000000022027a90,考验好多东西，无人机器人是未来方向,弱势,观众,3
69e97b540000000014019407,69e59e520000000022027a90,这视频20年后有人在看吗？,弱势,观众,4
69e97512000000001401b825,69e59e520000000022027a90,好怕以后机器人战士冲锋时调转枪口向友军射击。,弱势,观众,3
69e9721b0000000014018816,69e59e520000000022027a90,全是遥控玩具,弱势,观众,6
69e9714a000000001401e41b,69e59e520000000022027a90,做手机，做汽车，做人形机械人,弱势,观众,3
69e970de000000001401b007,69e59e520000000022027a90,哈哈！第一个还真像看到前女友。不，应该是像看到女友出轨那样的不敢置信。加上愤怒想上前质问的样子。[失望R],弱势,观众,1
69e967ea000000001401d41b,69e59e520000000022027a90,想想这些机器人的开发厂家，他们心里估计要哭吧[笑哭R],弱势,观众,3
69e965ce000000001401a805,69e59e520000000022027a90,这些机器人太可爱了[点赞R][点赞R][点赞R][点赞R],弱势,观众,3
69e963e9000000001401dc04,69e59e520000000022027a90,机器人刚起步，慢慢加油,弱势,观众,3
69e961ab000000001401a001,69e59e520000000022027a90,喝高了就不要参加比赛啊[偷笑R],弱势,观众,1
69e95d670000000014019c0c,69e59e520000000022027a90,這娛樂性不下於國外機器人大戰,弱势,观众,3
69e959c70000000014019404,69e59e520000000022027a90,为何一定要人形机器人,弱势,观众,3
69e9567b000000001401c80c,69e59e520000000022027a90,太好笑了！博主这个解说也好好笑,弱势,观众,1
69e94bbc000000001401a007,69e59e520000000022027a90,第一个是喝醉酒了,弱势,观众,1
69e949c6000000001401c005,69e59e520000000022027a90,马斯克说机器人最难的部分是手指，视频中的机器人都没有，距离商业化还有天地之差[笑哭R][笑哭R][笑哭R],弱势,观众,3
69e94628000000001401a800,69e59e520000000022027a90,主包你太好玩了[笑哭R],弱势,观众,1
69e940180000000014019801,69e59e520000000022027a90,脑梗要发烧。,弱势,观众,5
69e93b2e000000001401d804,69e59e520000000022027a90,冠亚季军？其他都没跑下来吗？,弱势,观众,0
69e92a980000000014018c01,69e59e520000000022027a90,机器人累死了,弱势,观众,3
69e929b50000000014018c00,69e59e520000000022027a90,机器人还是有危险的是！会攻击人呀！,弱势,观众,3
69e9175a000000001401e007,69e59e520000000022027a90,前途路漫漫,弱势,观众,4
69e8f2d7000000001401a802,69e59e520000000022027a90,出故障就扣电池，很安卓,弱势,观众,6
69e8ef36000000001401d834,69e59e520000000022027a90,这机器人会集成GNSS吗？怎么总跑偏[笑哭R],弱势,观众,3
69e8eb1c000000001401bc0f,69e59e520000000022027a90,希望机器人越来越好，为资本家卖命，普通人都饿死吧,弱势,观众,3
69e8e84e000000001401c012,69e59e520000000022027a90,机器人股票又要大跌了,弱势,观众,3
69e8e6fa0000000014018801,69e59e520000000022027a90,亦庄是个地名吗,弱势,观众,4
69e8e14d000000001401a810,69e59e520000000022027a90,解说➕鸡腿,弱势,观众,0
69e8df59000000001401e41d,69e59e520000000022027a90,逗人类笑，功德➕1,弱势,观众,1
69e8df2f000000001401e81d,69e59e520000000022027a90,赛后最好看，不接受反驳,弱势,观众,1
69e8def3000000001401a40c,69e59e520000000022027a90,比完赛，全部机器人的减速器应该都多多少少有损伤，需要深度保养,弱势,观众,3
69e8dce0000000001401c024,69e59e520000000022027a90,音乐响起来对味了,弱势,观众,4
69e8d267000000001401e819,69e59e520000000022027a90,全国人民都原谅你们，这是你们的来时路，加油！[点赞R][点赞R][点赞R],弱势,观众,4
69e8ca5e0000000014019c0d,69e59e520000000022027a90,保安一不注意被踢了一脚。。,弱势,观众,4
69e8ca2b000000001401d828,69e59e520000000022027a90,这玩意造岀来干嘛就是跟人类抢饭碗吗,弱势,观众,3
69e8c921000000001401a018,69e59e520000000022027a90,还得是大厂 包揽了冠亚季[笑哭R],弱势,观众,6
69e8c7d1000000002b029ff6,69e59e520000000022027a90,跟美国的机器人简直不是一个等级的[捂脸R],弱势,观众,3
69e8c1da0000000014018c24,69e59e520000000022027a90,其实看到这些机器人能跑马拉松了，我就很自豪了！去年是啥样？今年是啥样？明年又会是什么样？大家都在进步！,弱势,观众,3
69e8c100000000001401b012,69e59e520000000022027a90,跳进花圃前还踢了保安一脚[捂脸R][捂脸R],弱势,观众,0
69e8bdd1000000001401e848,69e59e520000000022027a90,为什么没有视觉感应？,弱势,观众,6
69e8b7b2000000001401e006,69e59e520000000022027a90,我以為第一個會配 退半步是認真的嗎[笑哭R],弱势,观众,1
69e8b161000000001401dc34,69e59e520000000022027a90,花田錯那位我看過另外一個視角 哈哈哈哈,弱势,观众,1
69e8abc2000000001401d809,69e59e520000000022027a90,笑的拍桌子！！！！真的拍桌子！！！！,弱势,观众,1
69e8a4a20000000014018818,69e59e520000000022027a90,就这样的机器人要是让它们上前线打仗都不用放一枪一炮就把敌人给笑死了[大笑R][大笑R],弱势,观众,3
69e89c93000000001401bc06,69e59e520000000022027a90,终于知道植物人为啥不涨了[笑哭R][笑哭R][笑哭R],弱势,观众,1
69e899f2000000001401c420,69e59e520000000022027a90,第一个像是嗑了药[捂脸R][大笑R][笑哭R],弱势,观众,1
69e887bd000000001401ac08,69e59e520000000022027a90,Hhhh说了骗补的，果不其然[doge],弱势,观众,1
69e8863c000000002b031b1d,69e59e520000000022027a90,开头没绷住,弱势,观众,4
69e8831a000000001401d81e,69e59e520000000022027a90,一个两个的都像喝了半斤,弱势,观众,4
69e881d5000000001401b80e,69e59e520000000022027a90,你退半步的动作认真的吗[笑哭R],弱势,观众,0
69e88068000000001401d826,69e59e520000000022027a90,春晚能不能出各家机器人PK跳舞或整活的，这不是更好看吗[笑哭R][doge],弱势,观众,3
69e87f6d000000002b03720f,69e59e520000000022027a90,喝醉了hai bi sai q,弱势,观众,1
69e87db4000000001401e023,69e59e520000000022027a90,一直后退[笑哭R],弱势,观众,0
69e876a4000000001401d42b,69e59e520000000022027a90,那一脚笑笑死哈哈哈,弱势,观众,1
69e87450000000001401e02d,69e59e520000000022027a90,喝醉了还没醒[大笑R][大笑R],弱势,观众,1
69e8700f000000001401e423,69e59e520000000022027a90,笑死了，把保安一脚踢旁边去了,弱势,观众,1
69e86f2b000000001401880f,69e59e520000000022027a90,哈哈哈挺好，都是在错误中调整出来更好的机器人，老年生活要有希望了，不害怕保姆虐了,弱势,观众,3
69e86967000000001401dc11,69e59e520000000022027a90,第一个可以去演苦情剧[偷笑R],弱势,观众,1
69e868920000000014019403,69e59e520000000022027a90,BGM应该用一剪梅啊,弱势,观众,1
69e863fc000000001401c800,69e59e520000000022027a90,遥控器错乱了,弱势,观众,6
69e8629c000000001401bc02,69e59e520000000022027a90,大家也不管真正的运动员谁跑了第一，这只在直 关注这些AI机器人，,弱势,观众,3
69e85d16000000001401b811,69e59e520000000022027a90,[笑哭R][笑哭R]深圳有没有这种啊！我想去看，太精彩了哈哈哈哈,弱势,观众,1
69e85c0b000000001401a004,69e59e520000000022027a90,哈哈哈哈太多笑话了不过考虑到马拉松天气和机械耐力，又觉得他们命苦哈哈哈,弱势,观众,0
69e85abb0000000014018816,69e59e520000000022027a90,荣耀真的很棒[点赞R][偷笑R],弱势,观众,6
69e85ab7000000001401c407,69e59e520000000022027a90,妈呀，这场我看的是中央2台的播放和讲解，可没有这么精彩[派对R][派对R][派对R],弱势,观众,1
69e859ea000000001401bc25,69e59e520000000022027a90,机器人🤖不会取代人类的，反而提供了好多岗位呀[笑哭R],弱势,观众,3
69e857c7000000001401e00f,69e59e520000000022027a90,最近的快乐源泉,弱势,观众,1
69e857aa0000000014019410,69e59e520000000022027a90,看看美國吧,弱势,观众,4
69e8572f000000001401e00c,69e59e520000000022027a90,后面想到了莫氏鸡煲老板哈,弱势,观众,4
69e8558a000000001401b021,69e59e520000000022027a90,第一位是不是低血糖了[doge]电没给充够啊,弱势,观众,5
69e85113000000001401c818,69e59e520000000022027a90,完全失控了！哈哈哈哈！,弱势,观众,1
69e84fe7000000001401c033,69e59e520000000022027a90,第一位应该是跑马之前喝了二斤白的,弱势,观众,0
69e84dcd000000001401e00e,69e59e520000000022027a90,以前我没事看熊猫 现在没事看机器人 我已经从动物学升级到了 ai 哈哈哈哈哈,弱势,观众,3
69e84da5000000001401ac23,69e59e520000000022027a90,有没有走到终点的,弱势,观众,4
69e84ccb000000001401e028,69e59e520000000022027a90,脚长难度大,弱势,观众,0
69e84ca70000000014018c0e,69e59e520000000022027a90,加油💪中国制造，作者的解读到位,弱势,观众,6
69e84ca20000000014019c19,69e59e520000000022027a90,这算袭警吗[笑哭R],弱势,观众,1
69e84b570000000014019c16,69e59e520000000022027a90,怎么会这么好笑[笑哭R][笑哭R]明明是机器,弱势,观众,3
69e849fc0000000014019c05,69e59e520000000022027a90,以后人类的马拉松全部取消吧，就搞机器人马拉松，这比人类的好看多了,弱势,观众,3
69e849c80000000014019c00,69e59e520000000022027a90,多办，这才真实,弱势,观众,4
69e849850000000014019021,69e59e520000000022027a90,其实我不太懂为什么都机器类人了，还要做成人腿的样子，做成轮子不是更好前进吗？,弱势,观众,3
69e84877000000001401a000,69e59e520000000022027a90,有铁甲小宝那种机器人走路的感觉了,弱势,观众,3
69e84835000000001401a424,69e59e520000000022027a90,这个比较真实，看春晚的视频以为机器人已经进化成那样了吗，还是有很多提升空间的[doge],弱势,观众,3
69e8481a000000001401b80a,69e59e520000000022027a90,为机器人程序员的智慧鼓掌👏,弱势,观众,3
69e84777000000001401e410,69e59e520000000022027a90,哈哈哈 这个跳水和罗哥一样,弱势,观众,1
69e8442a000000001401981a,69e59e520000000022027a90,春晚原来是骗人的[汗颜R],弱势,观众,1
69e83f64000000001401d823,69e59e520000000022027a90,有意思比人类比赛热闹,弱势,观众,1
69e83bc9000000001401cc2c,69e59e520000000022027a90,第一个：张艺谋找了一辈子的演技[doge],弱势,观众,1
69e83bbd000000001401d40a,69e59e520000000022027a90,儿童组好可爱啊,弱势,观众,2
69e8386f000000001401b80c,69e59e520000000022027a90,努力奔跑,弱势,观众,0
69e836eb000000001401a809,69e59e520000000022027a90,开屏背手摔，恶搞之家来的吧哈哈哈,弱势,观众,1
69e83622000000001401e01e,69e59e520000000022027a90,现在的机器人的技能越来越多了,弱势,观众,3
69e835e60000000014019c00,69e59e520000000022027a90,成长是痛并快乐。,弱势,观众,4
69e834cf000000001401cc27,69e59e520000000022027a90,光伏，新能源，遥控机器人，下一个是什么[笑哭R],弱势,观众,3
69e834a5000000001401e422,69e59e520000000022027a90,请保持这样状态，这样我每天都笑嘻嘻,弱势,观众,1
69e82d7b000000002b02b660,69e59e520000000022027a90,投胎做机械人有轮椅坐[笑哭R][笑哭R][笑哭R],弱势,观众,3
69e82d6b0000000014019420,69e59e520000000022027a90,怎么还踢大爷一脚[笑哭R],弱势,观众,0
69e82cff000000001401c807,69e59e520000000022027a90,这是出来前喝到假酒了[笑哭R],弱势,观众,1
69e82b0d0000000014019c14,69e59e520000000022027a90,看着心疼啊 摔得太狠了(ಥ_ಥ),弱势,观众,1
69e828c8000000001401900f,69e59e520000000022027a90,200年以后在博物馆看到你们是多么温馨,弱势,观众,4
69e82896000000001401981d,69e59e520000000022027a90,人类第一代机器人[点赞R][点赞R][点赞R]潜力无限，未来在博物馆看到，是多么温馨,弱势,观众,3
69e82850000000002b02668f,69e59e520000000022027a90,😂虽然还是状态百出，但是今年真的进步很多，夺冠的荣耀机器人不仅跑的不错颜色也很好看啊，一种猎豹感[笑哭R]。,弱势,观众,6
69e8272b0000000014018c21,69e59e520000000022027a90,哈哈哈这解说太逗了，笑得眼泪都出来了,弱势,观众,1
69e82680000000001401c001,69e59e520000000022027a90,这老了是让我照顾机器人是么[捂脸R],弱势,观众,3
69e82393000000001401c81a,69e59e520000000022027a90,哈哈哈哈，给了程序员一个大逼斗，还把自己的手打掉了。,弱势,观众,1
69e822f8000000001401dc07,69e59e520000000022027a90,这做安保的太不容易了好危险啊[笑哭R],弱势,观众,1
69e822ae000000001401bc1a,69e59e520000000022027a90,瞎走那个好像是加速进化家的 刚看完vlog 工程师程序员们坐的电瓶车跑到一半还断电了 紧急跑下来换车[呃R],弱势,观众,6
69e81dc8000000001401e01e,69e59e520000000022027a90,总有一天机器人会让你刮目相看,弱势,观众,3
69e81abe000000001401e810,69e59e520000000022027a90,给西方一点点震撼,弱势,观众,4
69e81a300000000014019411,69e59e520000000022027a90,哈哈，虽然跑的五花八门，但觉得是真好啊！这都是咱们国家澎湃鲜活的新生产力。国家繁荣向来不能是一家独大，百家争鸣才是发展的强大动力。,弱势,观众,6
69e81982000000001401e823,69e59e520000000022027a90,[笑哭R][笑哭R][笑哭R]讲解太好笑了,弱势,观众,1
69e81892000000001401d41d,69e59e520000000022027a90,博主太搞笑了[笑哭R],弱势,观众,1
69e81420000000001401dc05,69e59e520000000022027a90,这哥们到终点能跑50多公里[微笑R],弱势,观众,0
69e8140e000000001401c400,69e59e520000000022027a90,荣耀荣耀，天下第一,弱势,观众,6
69e812bb000000001401a403,69e59e520000000022027a90,这是机器人搞笑大赛吧[笑哭R],弱势,观众,3
69e81222000000001401900d,69e59e520000000022027a90,重在参与，加油[合十R][合十R],弱势,观众,1
69e8120d0000000014019807,69e59e520000000022027a90,这才是那熟悉的味道,弱势,观众,4
69e80d22000000001401ac06,69e59e520000000022027a90,早期人类驯服机器人时留下的珍贵影像。抓紧笑吧，再过几年咱可能就笑不出来了。,弱势,观众,3
69e80c7a0000000014019c06,69e59e520000000022027a90,这就是让我们感到自豪的遥遥领先[石化R][石化R][石化R],弱势,观众,4
69e809ad000000001401e001,69e59e520000000022027a90,荣耀有点波里波气的,弱势,观众,6
69e80877000000001401bc0c,69e59e520000000022027a90,喝了二两以上壮胆的就别参赛了[合十R][合十R][偷笑R][偷笑R][偷笑R],弱势,观众,1
69e8063e000000001401b806,69e59e520000000022027a90,演了一部电视剧,弱势,观众,4
69e7fa25000000001401d801,69e59e520000000022027a90,跟玩具一样[大笑R],弱势,观众,2
69e7f1b3000000001401d801,69e59e520000000022027a90,把机器人炒上天了！我看连三岁小孩的智商都比它高。想让它帮人类服务？任重而道远！目前只他算个智能玩具罢了！,弱势,观众,3
69e7c033000000001401e404,69e59e520000000022027a90,心疼崽们😂,弱势,观众,2
69e7b9dc0000000014019c06,69e59e520000000022027a90,从头开始笑，眼泪都出来了[笑哭R][笑哭R][笑哭R],弱势,观众,1
69e7b1d7000000001401940d,69e59e520000000022027a90,。。。亦庄真是个神奇的地方，啊哈哈哈[笑哭R],弱势,观众,1
69e7ad51000000001401e001,69e59e520000000022027a90,这视频可以再做三集吗[笑哭R],弱势,观众,1
69e7aba8000000001401c413,69e59e520000000022027a90,3D打印的？[doge],弱势,观众,4
69e7ab10000000002b037d51,69e59e520000000022027a90,现在全民都在手搓机器人了吗？,弱势,观众,3
69e7a99b0000000014018800,69e59e520000000022027a90,你退半步的动作是认真的吗[doge],弱势,观众,0
69e7a697000000001401c800,69e59e520000000022027a90,第一个腿太长了站不稳哈哈哈哈,弱势,观众,0
69e7a3d1000000001401cc02,69e59e520000000022027a90,第一个被伤的不轻[偷笑R],弱势,观众,1
69e7a057000000001401cc26,69e59e520000000022027a90,加油，进步很多,弱势,观众,4
69e79c61000000002b0369d2,69e59e520000000022027a90,有些机械人是學校學生和老師做的了，旨在參與，雖然明顯不及大廠作品，但是看到科技更多的走進校園，也挺欣慰,弱势,观众,3
69e797f7000000001401d42a,69e59e520000000022027a90,2026年最精彩的表演[捂脸R],弱势,观众,1
69e7976f000000001401e000,69e59e520000000022027a90,10年后再来回看[大笑R],弱势,观众,1
69e794c0000000001401e818,69e59e520000000022027a90,未来可期,弱势,观众,4
69e791f6000000001401d404,69e59e520000000022027a90,当时华为忍痛把荣耀分割出来是一个最明智的选择。,弱势,观众,6
69e79127000000001401d805,69e59e520000000022027a90,春晚上打拳机器不是赢定了？,弱势,观众,3
69e79112000000001401a406,69e59e520000000022027a90,5年之内东大别琢磨了！,弱势,观众,4
69e78eab000000001401d43c,69e59e520000000022027a90,那个鼓掌的什么鬼啊哈哈哈哈哈,弱势,观众,1
69e78bd5000000001401c816,69e59e520000000022027a90,哈哈哈，人类已经不能让我开怀大笑了，只有机器人可以取悦我！[笑哭R][笑哭R][笑哭R][笑哭R],弱势,观众,3
69e78bd20000000014019c02,69e59e520000000022027a90,哈哈哈，您这个系列做得真好👍🏻,弱势,观众,1
69e7884f000000001401ac26,69e59e520000000022027a90,不管怎么说[点赞R]进步不是一点点,弱势,观众,4
69e7881c0000000014019c1e,69e59e520000000022027a90,很可爱 但也很感动 时代啊！,弱势,观众,2
69e78583000000001401c80c,69e59e520000000022027a90,为什么不告诉它马拉松呀？看喝醉了吧？！,弱势,观众,0
69e7838a000000001401a40f,69e59e520000000022027a90,讲真，小小的机器人还挺可爱的，跟人一样高的有胳膊有腿类人的机器人，有点儿可怕,弱势,观众,3
69e78271000000001401e827,69e59e520000000022027a90,加油，万事开头难,弱势,观众,4
69e78042000000001401a013,69e59e520000000022027a90,哈哈哈，遇到前女友那位戏太好了！虽然无表情，但已共感到他的痛苦和内心的挣扎[笑哭R],弱势,观众,1
69e77fb1000000001401b019,69e59e520000000022027a90,解说太有趣了[捂脸R][捂脸R],弱势,观众,1
69e77f68000000001401b828,69e59e520000000022027a90,全程负能量！,弱势,观众,4
69e77f66000000001401ac10,69e59e520000000022027a90,第一个不想跑,弱势,观众,0
69e77e93000000001401880c,69e59e520000000022027a90,配的bgm也太精彩了吧，笑死了[笑哭R],弱势,观众,1
69e77d02000000001401dc23,69e59e520000000022027a90,小心机器人日后拿这个视频清算。。。,弱势,观众,3
69e777bf0000000014018c1f,69e59e520000000022027a90,第一个应该是你退半步的动作认真的吗,弱势,观众,0
69e776c5000000001401bc0d,69e59e520000000022027a90,很棒的啦，不过不好意思，真的太好笑了,弱势,观众,1
69e773f60000000014019427,69e59e520000000022027a90,咱就是说机器人也代替不了人工，他也累呀。,弱势,观众,3
69e772f00000000014019431,69e59e520000000022027a90,鼓掌那个哈哈哈 损机器人不利己,弱势,观众,3
69e772a90000000014019818,69e59e520000000022027a90,哈哈哈 第一位好无助,弱势,观众,1
69e7715f000000001401dc35,69e59e520000000022027a90,这要是被它轮一拳或者踢一脚真够呛,弱势,观众,4
69e76f8e000000001401bc26,69e59e520000000022027a90,一个个跑的神出鬼没的[笑哭R][大笑R],弱势,观众,1
69e76daa000000001401e02f,69e59e520000000022027a90,忽然恐怖谷[笑哭R],弱势,观众,1
69e76d01000000001401c407,69e59e520000000022027a90,最近的快乐都是机器人给的,弱势,观众,3
69e76ce6000000001401e01f,69e59e520000000022027a90,我养老就靠现在比赛马拉松这些了,弱势,观众,0
69e76b8e000000001401e423,69e59e520000000022027a90,荣耀太厉害了,弱势,观众,6
69e76b47000000001401c411,69e59e520000000022027a90,正在用荣耀手机看这个视频[偷笑R],弱势,观众,6
69e769f3000000001401d80d,69e59e520000000022027a90,救命，笑的我好崩溃,弱势,观众,1
69e769ec000000001401e000,69e59e520000000022027a90,科技与笑话的溶合[得意R][得意R][得意R][玫瑰R][玫瑰R],弱势,观众,1
69e7695e000000001401b01c,69e59e520000000022027a90,在场的程序员是怎么憋住笑的，哈哈哈,弱势,观众,1
69e767ec000000001401d40b,69e59e520000000022027a90,怎么和春晚的机器人判若两人？,弱势,观众,3
69e765fc000000001401b82f,69e59e520000000022027a90,➕的假酒吧～还撒酒疯儿,弱势,观众,1
69e765cf000000001401cc12,69e59e520000000022027a90,拿奶瓶的小鼻嘎太逗我喜欢了[赞R],弱势,观众,2
69e7642b000000001401a826,69e59e520000000022027a90,这比看人比赛有意思多了,弱势,观众,1
69e76256000000001401a014,69e59e520000000022027a90,我喜欢跳舞那个[派对R],弱势,观众,1
69e76182000000001401e017,69e59e520000000022027a90,“跑完不要坐！站起来走走！”,弱势,观众,0
69e7608e000000001401b01e,69e59e520000000022027a90,保安大哥被踢了一脚[害羞R],弱势,观众,1
69e76057000000001401d410,69e59e520000000022027a90,春晚里的也不是这熊样啊！,弱势,观众,4
69e75ff3000000001401cc04,69e59e520000000022027a90,讲解的就你讲的最好玩,弱势,观众,1
69e75f9f000000001401a82c,69e59e520000000022027a90,若干年后，当年轻一代看到这段视频，这就是我们国家机器人的来时路，是无数个年轻人、工程师、程序员熬黑了眼圈、熬秃了头发换来的，加油👏！,弱势,观众,3
69e75e97000000001401d422,69e59e520000000022027a90,说要高强度商战场还太早了,弱势,观众,6
69e75d07000000001401ac27,69e59e520000000022027a90,难道机器人也喝假酒？好像还都喝了不少。,弱势,观众,3
69e75c45000000001401c435,69e59e520000000022027a90,我宁愿看机器人的乐子，也不愿意看AI剧,弱势,观众,3
69e7592e000000001401880a,69e59e520000000022027a90,蹲蹲这个小可爱是谁家的,弱势,观众,2
69e75878000000001401c01b,69e59e520000000022027a90,给一巴掌的那人很痛吧,弱势,观众,4
69e758560000000014018819,69e59e520000000022027a90,真怕再发展下去他们像电影里那样惹出大乱子,弱势,观众,4
69e75853000000001401d804,69e59e520000000022027a90,冒昧问一句：这机器人没有类似汽车的车道识别吗？,弱势,观众,3
69e756f7000000001401c01f,69e59e520000000022027a90,我觉得我以后养老有望了[派对R],弱势,观众,4
69e75320000000001401901d,69e59e520000000022027a90,这些选手都是一次性的呀,弱势,观众,6
69e7518c000000001401c807,69e59e520000000022027a90,希望每年都举办,弱势,观众,4
69e74f560000000014019023,69e59e520000000022027a90,500年后……这纪录片,弱势,观众,4
69e74ef1000000001401a809,69e59e520000000022027a90,小奶瓶太可爱啦[哇R],弱势,观众,2
69e74cc7000000001401c410,69e59e520000000022027a90,还是小鼻嘎最可爱,弱势,观众,2
69e74b7c000000001401880e,69e59e520000000022027a90,不是，不能远程吗？人还得跟着控制吗,弱势,观众,6
69e74b6d000000001401e409,69e59e520000000022027a90,至少半斤了,弱势,观众,4
69e74ab0000000001401e027,69e59e520000000022027a90,他们咋这么会来活，是因为被设定成这样吗？,弱势,观众,4
69e74a92000000001401c437,69e59e520000000022027a90,这些是搞笑的，厉害那些，真的好牛啊[扶墙R][扶墙R][扶墙R],弱势,观众,1
69e74726000000001401d407,69e59e520000000022027a90,一年后再看吧，这些家伙就能跨栏了,弱势,观众,4
69e74544000000001401e018,69e59e520000000022027a90,别说，还挺好玩的,弱势,观众,4
69e74518000000001401941d,69e59e520000000022027a90,花田错那位还踹了保安大哥一jio[捂脸R][捂脸R],弱势,观众,1
69e743b3000000001401e806,69e59e520000000022027a90,要是以后在大街上看到这些机器人🤖，我都得躲着点，感觉被碰瓷儿了没理讲[笑哭R]。不过，祖国科技在不断进步，机器人迭代好比当初人类进化史一样需要大家的耐心和认可,弱势,观众,3
69e742dd000000001401c823,69e59e520000000022027a90,第一个喝高了[偷笑R],弱势,观众,1
69e74227000000002a030548,69e59e520000000022027a90,哥们喝多了在家休息呗，你还来参加比赛！,弱势,观众,1
69e74123000000001401e42c,69e59e520000000022027a90,加油宝贝[玫瑰R],弱势,观众,2
69e73b53000000001401b01c,69e59e520000000022027a90,不行了，笑出眼泪[捂脸R][捂脸R],弱势,观众,1
69e73a9f000000001401d438,69e59e520000000022027a90,机器人这么搞笑的吗[笑哭R],弱势,观众,3
69e738eb000000001401e029,69e59e520000000022027a90,今天的快乐是机器人给的，包括大A[斜眼R][斜眼R],弱势,观众,3
69e736e1000000001401c00f,69e59e520000000022027a90,哈哈哈為什麼我覺得好可愛,弱势,观众,2
69e735a2000000001401c00d,69e59e520000000022027a90,我想去现场看,弱势,观众,4
69e731f6000000001401ac20,69e59e520000000022027a90,执勤的大哥这算是工伤吧！[偷笑R][捂脸R],弱势,观众,4
69e73040000000001401981c,69e59e520000000022027a90,最近这几天，就这个机器人大赛视频挺逗的，哈哈😂,弱势,观众,3
69e72af4000000001401e800,69e59e520000000022027a90,我真的累了[笑哭R]看这个机器人我又乐了[捂脸R],弱势,观众,3
69e72a4a000000001401d824,69e59e520000000022027a90,资本游戏，毫无意义,弱势,观众,4
69e7297b000000001401c008,69e59e520000000022027a90,这短短一年机器人进步太大了，真是把科幻变成现实。,弱势,观众,3
69e728bc000000001401a410,69e59e520000000022027a90,等着什么都能干了，我们也没活干了[害羞R],弱势,观众,4
69e727c4000000001401a006,69e59e520000000022027a90,旁边那个拍手的宇树机器人，你是不是就因为看热闹才没拿到第一的[大笑R][大笑R],弱势,观众,3
69e725b7000000001401c816,69e59e520000000022027a90,感觉这些宝贝真被赋予了生命，莫名感动,弱势,观众,2
69e72439000000001401d845,69e59e520000000022027a90,严禁机器人酒后上路,弱势,观众,3
69e72388000000001401b83b,69e59e520000000022027a90,哈哈哈，太搞笑了。拉屎那个,弱势,观众,1
69e72199000000001401e80e,69e59e520000000022027a90,哈哈，前面前女友那个可太逗了,弱势,观众,1
69e7213e000000001401dc1f,69e59e520000000022027a90,《大爷在花田里能有什么错》,弱势,观众,4
69e72126000000001401d435,69e59e520000000022027a90,我刷到被扣电池的路飞，他舞狮，下跪祭祖，跳街舞手拿把掐啊！哈哈哈哈！,弱势,观众,1
69e71d18000000001401a015,69e59e520000000022027a90,奔跑吧难兄难弟,弱势,观众,0
69e71cb4000000001401c80a,69e59e520000000022027a90,今天机器人又跌了 亏了十多个点了,弱势,观众,3
69e71ca2000000001401c021,69e59e520000000022027a90,机器人外面包点软的东西吧，怕他们打到我重伤[捂脸R],弱势,观众,3
69e71c1b000000001401ac04,69e59e520000000022027a90,鼓掌的给我笑发财了[笑哭R],弱势,观众,1
69e71b38000000001401a001,69e59e520000000022027a90,一个机器人要3个大活人伺候。哈哈哈哈。我们能用上它们伺候还有很长的路要走呢真是机气人,弱势,观众,3
69e71a11000000001401e81e,69e59e520000000022027a90,哈哈哈哈太欢乐了好可爱[笑哭R],弱势,观众,1
69e719ba000000001401a01f,69e59e520000000022027a90,第一个刷到了，跑的不是挺快的吗,弱势,观众,0
69e7193d000000001401980b,69e59e520000000022027a90,这玩意周末比不，我真想去现场看,弱势,观众,4
69e719280000000014018816,69e59e520000000022027a90,啥时候能来一场机器人踢足球[笑哭R],弱势,观众,3
69e71684000000001401c419,69e59e520000000022027a90,第一个失恋的黑机器人，好卡节奏[笑哭R],弱势,观众,3
69e7167f0000000014018c02,69e59e520000000022027a90,未来机器人最想删掉的黑历史[笑哭R],弱势,观众,3
69e7144d000000001401c82c,69e59e520000000022027a90,这几天真是笑疯[笑哭R],弱势,观众,1
69e714280000000014019c03,69e59e520000000022027a90,大爷：“我到底犯了什么错[捂脸R],弱势,观众,4
69e713d5000000001401e02b,69e59e520000000022027a90,照这个样子.等机器人能统治地球的时候我已经噶了…太好了！哟现在只需要担心丧尸围城了！,弱势,观众,3
69e70ffc000000001401d43a,69e59e520000000022027a90,这种比赛是在哪里看呀？如何提前知道，然后去现场看呢？,弱势,观众,6
69e70f32000000001401e80b,69e59e520000000022027a90,为啥个个都做的这么头重脚轻，腿不能做粗一点，脚不能做大一点吗,弱势,观众,0
69e70ee1000000001401c439,69e59e520000000022027a90,笑得我眼泪都出来了哎哟哎哟[捂脸R][捂脸R][捂脸R],弱势,观众,1
69e70ea9000000001401d406,69e59e520000000022027a90,"既然叫机器”人“为什么不给""人”穿身衣服，整的像骷髅💀",弱势,观众,3
69e70d970000000014018c11,69e59e520000000022027a90,他们不会干扰人类选手吗……哈哈，先笑笑，原谅我……,弱势,观众,1
69e70cef000000001401c021,69e59e520000000022027a90,机器人都累了奔溃了[捂脸R][捂脸R],弱势,观众,3
69e70be7000000001401bc19,69e59e520000000022027a90,完了，机器人打人,弱势,观众,3
69e70be2000000001401b825,69e59e520000000022027a90,荣耀以前是做手机的吧，现在做机器人这么牛了吗？[哇R][暗中观察R],弱势,观众,6
69e70bc8000000001401ac0c,69e59e520000000022027a90,是不是都是一场，都喝多了[doge],弱势,观众,1
69e70b6d000000001401dc1b,69e59e520000000022027a90,笑鼠我了哈哈哈哈哈 今日欢乐😂[派对R][派对R],弱势,观众,1
69e70ac5000000002d0306b2,69e59e520000000022027a90,机器人宝宝太可爱啦,弱势,观众,3
69e70aae000000001401a81e,69e59e520000000022027a90,所以说人类的身体多么精妙,弱势,观众,4
69e70a2f000000001401b827,69e59e520000000022027a90,趁现在，多笑笑，以后可能就不会出洋相了，兴许以后就直接替代我了,弱势,观众,1
69e70a1a000000001401e423,69e59e520000000022027a90,🆘我在午休床上憋笑,弱势,观众,1
69e709aa000000001401c01d,69e59e520000000022027a90,看到机器人的一脚，一巴掌，真的有点怕怕嘞[微笑R],弱势,观众,3
69e70970000000001401cc03,69e59e520000000022027a90,走一步倒三步[偷笑R],弱势,观众,1
69e70960000000001401dc1d,69e59e520000000022027a90,年轻就是好到头就睡,弱势,观众,4
69e70929000000001401c40f,69e59e520000000022027a90,666还有氛围组,弱势,观众,1
69e70861000000001401bc00,69e59e520000000022027a90,这不比春晚小品好看么[笑哭R],弱势,观众,1
69e7085f000000001401e41c,69e59e520000000022027a90,居然觉得他们好可爱，跟小狗一样,弱势,观众,2
69e7080f000000001401a811,69e59e520000000022027a90,今天我们看它们笑话，将来它们看人类笑话[捂脸R],弱势,观众,1
69e707f6000000001401e40d,69e59e520000000022027a90,我的快乐是机器人给的，笑的眼泪都流出来了,弱势,观众,3
69e707d6000000001401b017,69e59e520000000022027a90,笑的肚子疼，眼泪都笑出来了,弱势,观众,1
69e707c3000000001401cc03,69e59e520000000022027a90,虽然现在看着滑稽，再过两年吧，会成熟的,弱势,观众,4
69e7076f000000001401c823,69e59e520000000022027a90,中途歇菜的那些牛马主人，会被老板骂骂,弱势,观众,4
69e70728000000001401ac07,69e59e520000000022027a90,比真人狼狈多了[飞吻R],弱势,观众,1
69e70683000000001401900b,69e59e520000000022027a90,你退后一步的动作认真的吗,弱势,观众,0
69e7065c000000001401c418,69e59e520000000022027a90,这个应该是软件和硬件不匹配。硬件质量不行。材料还有待提高。制作精度不够。,弱势,观众,6
69e7060e000000001401dc10,69e59e520000000022027a90,工作人员是怎么憋住不笑的,弱势,观众,1
69e705f1000000001401a022,69e59e520000000022027a90,豆脚咋样啊[笑哭R],弱势,观众,0
69e705cb000000001401bc1a,69e59e520000000022027a90,社牛跳舞那个呢[偷笑R],弱势,观众,1
69e7058b000000001401dc2b,69e59e520000000022027a90,荣耀机器人就像一个只会奔跑的机器人[笑哭R]太优秀了。其他机器人就跟我们人一样，人生百态[笑哭R]他们是机生百态,弱势,观众,3
69e7055e0000000014018c03,69e59e520000000022027a90,不是手贵不安 是怕挨打[偷笑R],弱势,观众,4
69e70528000000001401c80a,69e59e520000000022027a90,他们要是造反了咋办,弱势,观众,4
69e7051f000000001401dc0e,69e59e520000000022027a90,哈哈哈，冠亚季军[笑哭R],弱势,观众,1
69e704cc000000001401e41c,69e59e520000000022027a90,好些是自主研发，好牛啊[哇R],弱势,观众,6
69e703ff000000001401bc16,69e59e520000000022027a90,别xiao[害羞R]这是我们的来时路[害羞R],弱势,观众,1
69e702ef000000001401e425,69e59e520000000022027a90,机器人养老就这样我怕会把我送走[捂脸R],弱势,观众,3
69e702ca000000001401bc00,69e59e520000000022027a90,机器人是不是不一定要两条腿，弄轮子不是更好吗[黑薯问号R],弱势,观众,3
69e7027c000000001401bc15,69e59e520000000022027a90,《都是未来机器人誓师大会的素材》[doge],弱势,观众,3
69e702440000000014018c1b,69e59e520000000022027a90,鼓掌 停下来吃瓜的机器人是真牛逼,弱势,观众,3
69e70207000000001401b02b,69e59e520000000022027a90,我看他们笑我们的一天不远了，现在是我笑他们,弱势,观众,1
69e701620000000014018c09,69e59e520000000022027a90,平凡之路就瞎走走,弱势,观众,4
69e6ff74000000001401c402,69e59e520000000022027a90,酒后可以跑步,弱势,观众,0
69e6ff67000000001401e019,69e59e520000000022027a90,哈哈哈哈哈哈哈哈 救命 我要笑死了，博主解说太有才了[偷笑R][偷笑R][偷笑R],弱势,观众,1
69e6feb70000000014018c24,69e59e520000000022027a90,哈哈，好好珍惜现在还能嘲笑机器人的日子吧。。,弱势,观众,3
69e6feb1000000001401e415,69e59e520000000022027a90,其实不搞笑，这都是成熟技术的来时路。,弱势,观众,6
69e6fe7f000000001401d411,69e59e520000000022027a90,机器人坐轮椅，我真不行了[捂脸R],弱势,观众,3
69e6fe700000000014018806,69e59e520000000022027a90,机器人仰天长叹一声:我做人容易吗？,弱势,观众,3
69e6fe480000000014019828,69e59e520000000022027a90,配乐不错👍,弱势,观众,1
69e6fda3000000001401c024,69e59e520000000022027a90,被机器人踢的保安大爷,弱势,观众,3
69e6fd54000000001401a41c,69e59e520000000022027a90,跟车都有经验了，隔老远不知道下一秒要干啥[偷笑R],弱势,观众,0
69e6fd0b000000001401dc15,69e59e520000000022027a90,别笑，不远的将来，就是它们来“淘汰”你们（我们）的[捂脸R],弱势,观众,4
69e6fc7f000000001401c005,69e59e520000000022027a90,看到国内AI发展如雨后春笋，百花齐放。,弱势,观众,6
69e6fc5d000000001401c406,69e59e520000000022027a90,我已经刷了三十多个视频了。要不是看完了你这个视频，都不知道这一次比赛荣耀上场了。,弱势,观众,6
69e6fb30000000001401e422,69e59e520000000022027a90,就是这些机器人要卖给我们吗？买来干什么？,弱势,观众,3
69e6fb03000000001401e40d,69e59e520000000022027a90,心脏突然不工作了[笑哭R][笑哭R][笑哭R],弱势,观众,1
69e6faf3000000001401d833,69e59e520000000022027a90,抽象的不像在国内,弱势,观众,4
69e6fa3e000000001401c015,69e59e520000000022027a90,这机器人马拉松已经看了三天了还没走出去[捂脸R],弱势,观众,3
69e6fa2c000000001401cc29,69e59e520000000022027a90,配音和音乐完胜[拔草R][拔草R][拔草R],弱势,观众,1
69e6fa01000000001401d80e,69e59e520000000022027a90,先安排个100米塞吧，马拉松，确定能跑完吗？,弱势,观众,0
69e6f9180000000014019016,69e59e520000000022027a90,在春晚上打把式那批呢,弱势,观众,1
69e6f8d3000000001401a80c,69e59e520000000022027a90,一直用荣耀手机，因为耐摔[doge],弱势,观众,6
69e6f868000000001401c00c,69e59e520000000022027a90,换个花样搞笑[笑哭R],弱势,观众,1
69e6f7540000000014019422,69e59e520000000022027a90,音乐适配度[点赞R][点赞R][点赞R][大笑R][大笑R][大笑R],弱势,观众,1
69e6f680000000001401e427,69e59e520000000022027a90,哈哈哈哈看热闹的还穿了一双鞋,弱势,观众,1
69e6f611000000001401a021,69e59e520000000022027a90,走了半天倒欠比赛0.5公里,弱势,观众,0
69e6f605000000001401cc12,69e59e520000000022027a90,时代浪潮滚滚向前,弱势,观众,4
69e6f5e70000000014018c19,69e59e520000000022027a90,看热闹那个太搞笑了,弱势,观众,1
69e6f530000000001401c02f,69e59e520000000022027a90,这个有点像我多久了猛然起身头晕的样子,弱势,观众,4
69e6f4dc000000001401ac20,69e59e520000000022027a90,这俩一模一样好吗[捂脸R],弱势,观众,1
69e6f2eb000000001401c806,69e59e520000000022027a90,还是春晚那个机器人厉害,弱势,观众,3
69e6f2dc000000001401a018,69e59e520000000022027a90,最后一名那个背着炸药包的要剪进去呀！,弱势,观众,1
69e6f28c000000001401c41a,69e59e520000000022027a90,你们充电前最好看一下，充的都是劣质火电，当然跑不明白，最好是风电，其次是水电，最差也得是光伏啊[doge],弱势,观众,6
69e6f221000000001401d422,69e59e520000000022027a90,孩子啊，别仰过去啊，磕后脑勺容易磕si啊,弱势,观众,4
69e6f20a000000001401a807,69e59e520000000022027a90,以后中国就指着这些机器人发展和保卫祖国了吗。,弱势,观众,3
69e6f1bf000000001401e808,69e59e520000000022027a90,别人都是液体散热[偷笑R]你们还在装冰块[偷笑R],弱势,观众,5
69e6f181000000001401d41c,69e59e520000000022027a90,[石化R]它真的会突然打人,弱势,观众,4
69e6f130000000001401e807,69e59e520000000022027a90,跑马拉松是不准饮酒的,弱势,观众,0
69e6f026000000001401a403,69e59e520000000022027a90,以后我们出去除了看车是不是还要防被机器人撞到[笑哭R],弱势,观众,3
69e6f013000000001401e80f,69e59e520000000022027a90,我好像打不赢任何一个机器人[捂脸R],弱势,观众,3
69e6ee37000000001401d80e,69e59e520000000022027a90,哈哈哈解读的真好,弱势,观众,1
69e6ed34000000001401e808,69e59e520000000022027a90,刷了这么多天怎么没看见这个,弱势,观众,4
69e6ec400000000014018c1f,69e59e520000000022027a90,要带他人类的，结果要人类服侍他,弱势,观众,4
69e6ec27000000001401e800,69e59e520000000022027a90,这草丛有够深的[doge],弱势,观众,4
69e6eb2c000000001401b80d,69e59e520000000022027a90,以后机器人当街打人是抓还是不抓？[石化R],弱势,观众,3
69e6e9a90000000014019816,69e59e520000000022027a90,花田旁边的执勤还被机器人飞踢了一脚，哈哈哈哈哈,弱势,观众,3
69e6e91e000000001401a809,69e59e520000000022027a90,保安：也没人说这个工作还会被误伤呀,弱势,观众,4
69e6e8e6000000001401e410,69e59e520000000022027a90,哈哈哈哈哈 主播解说好有趣[笑哭R][笑哭R][笑哭R],弱势,观众,1
69e6e8b4000000001401b807,69e59e520000000022027a90,对体育文娱类机器人没啥兴趣，快点度过这种搞噱头阶段，多宣传点帮助人类的实用功能性机器人,弱势,观众,3
69e6e804000000001401b00b,69e59e520000000022027a90,机器人给我的感觉好帅[惊恐R],弱势,观众,3
69e6e6f90000000014019015,69e59e520000000022027a90,哈哈哈哈哈机器人也有拉拉哈哈哈哈哈,弱势,观众,3
69e6e657000000001401e41b,69e59e520000000022027a90,哎，我记得还有一个跑的太快了，失控了，后边有两个程序员追着,弱势,观众,0
69e6e63d000000001401e02b,69e59e520000000022027a90,看到一个最好搞笑的[偷笑R],弱势,观众,1
69e6e539000000001401b81f,69e59e520000000022027a90,解说得很幽默！[点赞R],弱势,观众,1
69e6e4b70000000014019427,69e59e520000000022027a90,未来满大街的机器人是好还是坏，未知，假如被异国黑客入侵怎么办？,弱势,观众,3
69e6e3ef000000001401bc0e,69e59e520000000022027a90,真的是太想像人生了，看到最后有些感动了。,弱势,观众,4
69e6e34e000000001401900d,69e59e520000000022027a90,还会碰瓷的[捂脸R],弱势,观众,4
69e6e30c000000001401d819,69e59e520000000022027a90,看来军用有点困难，,弱势,观众,4
69e6e303000000001401c023,69e59e520000000022027a90,花田里犯了错[大笑R][大笑R][大笑R],弱势,观众,1
69e6e2d5000000001401b813,69e59e520000000022027a90,向前走就瞎走[大笑R][大笑R][大笑R]，太有才了。,弱势,观众,1
69e6e295000000001401c40a,69e59e520000000022027a90,我相信会越来越好,弱势,观众,4
69e6e19f000000001401980a,69e59e520000000022027a90,机器人的来时路。[偷笑R][偷笑R],弱势,观众,3
69e6e11a0000000014019815,69e59e520000000022027a90,我2岁女儿说：它累了，它不想动了。让它休息吧[捂脸R],弱势,观众,2
69e6e018000000001401ac11,69e59e520000000022027a90,国内这样的比赛多多举办那我们的机器人技术会更扎实 更突飞猛进 这是很好的检验机会 电池效能 自动避障 长久续航 。这样就不是demo了 会更快走进千家万户的 👏加油,弱势,观众,3
69e6df4c000000001401a001,69e59e520000000022027a90,原以为机器人很厉害了[笑哭R],弱势,观众,3
69e6dd96000000001401c40d,69e59e520000000022027a90,有没有正常的,弱势,观众,4
69e6dd5b000000001401e021,69e59e520000000022027a90,看到蛇形走位的那个没忍住[捂脸R],弱势,观众,1
69e6dce9000000001401c41e,69e59e520000000022027a90,视频配音解说做的挺棒[赞R][赞R][赞R][赞R],弱势,观众,1
69e6dc96000000001401b015,69e59e520000000022027a90,十年以后再看这个，可能觉得不可思议，笑的更厉害,弱势,观众,1
69e6dc8c000000001401d813,69e59e520000000022027a90,有没有可能是和前男友分的手呢？,弱势,观众,4
69e6db970000000014018808,69e59e520000000022027a90,我相信明年会有更优秀的机器人作品！全方位改进！,弱势,观众,3
69e6db2f000000001401bc0b,69e59e520000000022027a90,今年很多新參加的機械人，大膽嘗試，不怕被嘲笑，比躲在室內的日本機械人好得多。,弱势,观众,3
69e6db21000000001401c006,69e59e520000000022027a90,为什么可以那么搞笑啊 哈哈哈,弱势,观众,1
69e6db20000000001401c411,69e59e520000000022027a90,怪不得三花又跌了,弱势,观众,4
69e6db1a000000001401a400,69e59e520000000022027a90,全是骗补贴的,弱势,观众,4
69e6dae3000000001401c41d,69e59e520000000022027a90,解说词顶流,弱势,观众,1
69e6d9e5000000001401901d,69e59e520000000022027a90,这才是世界一流的创新盛会，这feel太正了[点赞R],弱势,观众,6
69e6d6c2000000001401b826,69e59e520000000022027a90,今天的欢乐是机器人给的。感谢博主！,弱势,观众,3
69e6d603000000001401e415,69e59e520000000022027a90,好多宿醉了就来跑步的,弱势,观众,0
69e6d558000000001401c02e,69e59e520000000022027a90,多拍点，真的好搞笑[笑哭R][笑哭R],弱势,观众,1
69e6d4f9000000001401a81a,69e59e520000000022027a90,越来越多的企业都在尝试研发机器人了，这就是发展，且先不论快慢，等着十年后再看。,弱势,观众,3
69e6d45e0000000014019c1b,69e59e520000000022027a90,跑步的姿势千差万别，休息的姿势千篇一律[赞R],弱势,观众,0
69e6d401000000001401a40c,69e59e520000000022027a90,能参赛就不容易了！未来可期,弱势,观众,4
69e6d368000000001401c40f,69e59e520000000022027a90,能不能讲讲豆包？,弱势,观众,2
69e6d3540000000014013c0a,69e59e520000000022027a90,荣耀的这个外形设计的就非常非常合理啊，人形机器人要那么大个头干什么,弱势,观众,6
69e6d288000000001401c810,69e59e520000000022027a90,等硅基文明统治地球的时候记得删了[doge],弱势,观众,6
69e6d25b000000001401e009,69e59e520000000022027a90,太可怕了，遇见了揍我怎么办[笑哭R][笑哭R][笑哭R],弱势,观众,1
69e6d1cd000000001401c004,69e59e520000000022027a90,哈哈，这不是研究的挺好，人跑马拉松也是这个死样子[捂脸R][捂脸R][捂脸R],弱势,观众,0
69e6d193000000001401e819,69e59e520000000022027a90,第一个太好笑了,弱势,观众,1
69e6d072000000001401dc25,69e59e520000000022027a90,我要在现场真的会笑死,弱势,观众,1
69e6cf1a000000001401e42a,69e59e520000000022027a90,将来机器人觉醒，它们会去找你算账的[笑哭R][笑哭R],弱势,观众,3
69e6ce970000000014018817,69e59e520000000022027a90,实践是检验真理的唯一标准，万幸我们一直在奉行没有闭门造车，机器人的每一次摔倒，都是大国智造的来时路[点赞R],弱势,观众,3
69e6ce7c000000001401c009,69e59e520000000022027a90,[笑哭R][笑哭R][笑哭R]当时看见它冲线以后直奔绿化带真的在家里笑成傻子[笑哭R][笑哭R][笑哭R],弱势,观众,1
69e6cdfd000000001401c00a,69e59e520000000022027a90,宇树机器人最逗[偷笑R],弱势,观众,3
69e6cd99000000001401ac0a,69e59e520000000022027a90,如果不小心被它撞到，我要做什么。。,弱势,观众,4
69e6cd6c000000001401d412,69e59e520000000022027a90,前六名都是荣耀，荣耀太狠了,弱势,观众,6
69e6cd5e000000001401a410,69e59e520000000022027a90,这状态也就比国足好一点,弱势,观众,4
69e6cbde000000001401bc13,69e59e520000000022027a90,亲爹不满意这宝宝👶🏻的行为,弱势,观众,2
69e6cb750000000014018817,69e59e520000000022027a90,自主的最有看点,弱势,观众,6
69e6cafe0000000014018c0e,69e59e520000000022027a90,运动鞋已经开发客户到机器人了吗？,弱势,观众,3
69e6cac90000000014019001,69e59e520000000022027a90,好搞笑😆配的说词更好笑😁,弱势,观众,1
69e6ca3f000000001401b00e,69e59e520000000022027a90,机器人基金连续跌，是这几个货惹的祸,弱势,观众,3
69e6ca3c000000001401c80c,69e59e520000000022027a90,都机器人了，第一件事也是造一个女人出来责怪一下[失望R],弱势,观众,3
69e6ca3a0000000014018c00,69e59e520000000022027a90,这些机器人的数据收集起来重新整理是不是就能正常了？就像正向提示词和反向提示词一样,弱势,观众,3
69e6ca36000000002b037628,69e59e520000000022027a90,真是百花齊放的機器人賽道,弱势,观众,3
69e6c9ee000000001401cc14,69e59e520000000022027a90,10年后再来看现在的机器人会很感触，我们的机器人就像在1到2岁的小朋友了,弱势,观众,3
69e6c8af000000001401c002,69e59e520000000022027a90,人工智能机器人以后绝对会变得和人一样。。。,弱势,观众,3
69e6c880000000001401e80f,69e59e520000000022027a90,太吓人，机器人现在就已经开始打人了,弱势,观众,3
69e6c7d4000000001401d403,69e59e520000000022027a90,存好了 以后机器人统治人类的时候 这些都是他们的黑历史,弱势,观众,3
69e6c780000000001401a016,69e59e520000000022027a90,他怎么倒着走，是不是把他前后弄反了[笑哭R],弱势,观众,0
69e6c750000000001401a006,69e59e520000000022027a90,机器人要是造反，几个壮小伙儿近不了身,弱势,观众,3
69e6c741000000001401b000,69e59e520000000022027a90,也就是我们能看到这个笑话，再过几年，它就长大了，走路就不会踉跄了，长跑短跑跨栏。,弱势,观众,0
69e6c72e000000001401b810,69e59e520000000022027a90,这不就是人类的众生相吗[doge],弱势,观众,4
69e6c716000000001401dc1e,69e59e520000000022027a90,保安好害怕,弱势,观众,4
69e6c673000000001401b81c,69e59e520000000022027a90,真的带给大家很多欢乐呢[偷笑R],弱势,观众,1
69e6c668000000001401e413,69e59e520000000022027a90,那我想看跑前6的荣耀机器人，系统给我推,弱势,观众,3
69e6c54f000000001401b018,69e59e520000000022027a90,解说太好笑了,弱势,观众,1
69e6c4aa000000001401a40c,69e59e520000000022027a90,荣耀是华为那个荣耀嘛,弱势,观众,6
69e6c46c000000001401c403,69e59e520000000022027a90,保安被踢了一脚[笑哭了R],弱势,观众,1
69e6c404000000001401d80c,69e59e520000000022027a90,这东西要是伤起人来那可真打不过,弱势,观众,4
69e6c347000000001401e800,69e59e520000000022027a90,那个鼓掌的是宇数？,弱势,观众,4
69e6c340000000001401c804,69e59e520000000022027a90,[暗中观察R]荣耀，橘色小闪电,弱势,观众,6
69e6c2f8000000001401e021,69e59e520000000022027a90,S形走位[笑哭R]躲子弹啊,弱势,观众,1
69e6c2ec000000001401c409,69e59e520000000022027a90,[捂脸R]最后一幕，年纪大了看什么都心酸,弱势,观众,1
69e6c1a3000000001401880d,69e59e520000000022027a90,最聪明的应该是看热闹那个机器人吧，还会鼓掌[笑哭R],弱势,观众,3
69e6c18b000000001401cc07,69e59e520000000022027a90,喝高了，假酒,弱势,观众,4
69e6c1420000000014019c04,69e59e520000000022027a90,好了，现在不用卷人类了，现在卷机器人了，终于有其他方向卷了，加油卷吧,弱势,观众,3
69e6c0eb000000001401a009,69e59e520000000022027a90,虽然千姿百态，但中国机器人发展迅速[点赞R][点赞R][点赞R],弱势,观众,3
69e6c069000000001401900c,69e59e520000000022027a90,如果那天下大雨的话。会怎么样？,弱势,观众,4
69e6bfc60000000014019c03,69e59e520000000022027a90,保安被踹了一脚可以报警吗？[偷笑R],弱势,观众,4
69e6bfb7000000001401dc0f,69e59e520000000022027a90,终于知道为什么执着把机器人做成人形，不做成人形，它没那么搞笑[笑哭R],弱势,观众,3
69e6bf55000000001401d414,69e59e520000000022027a90,这些不测试嘛[笑哭R],弱势,观众,1
69e6bef30000000014018804,69e59e520000000022027a90,咋啦 低血糖啦？,弱势,观众,4
69e6bece0000000014018c07,69e59e520000000022027a90,就瞎走那个，跑步和那个从车上下来的蓝衣服工作人员一样，不会是他研制的吧[大笑R][大笑R][大笑R],弱势,观众,0
69e6bec2000000001401d804,69e59e520000000022027a90,哈哈，拍手的太好笑。[偷笑R][偷笑R],弱势,观众,1
69e6be3f000000001401a400,69e59e520000000022027a90,这机器人也不靠谱啊,弱势,观众,3
69e6be29000000001401e40d,69e59e520000000022027a90,看来主要还得不够电,弱势,观众,5
69e6bd4f000000001401bc11,69e59e520000000022027a90,保安吓得手都抖了[大笑R],弱势,观众,1
69e6bd08000000001401c409,69e59e520000000022027a90,很喜欢那个拿奶瓶的，跟我女儿好像[石化R],弱势,观众,2
69e6bb54000000001401d405,69e59e520000000022027a90,应该叫遥控玩具大赛,弱势,观众,6
69e6b93e000000001401a410,69e59e520000000022027a90,自带气囊,弱势,观众,6
69e6b7a6000000001401900d,69e59e520000000022027a90,冷却液，可以是附着在扇热设备表面的细管，也可以是扁平的极薄的腔体，手机厂商的那种散热系统可以考虑，全身由一个小电动泵推送制冷液，如同血管可以快速全身关节制冷,弱势,观众,5
69e6b783000000001401a802,69e59e520000000022027a90,遇到前女友[笑哭R][笑哭R]这设定太牛了,弱势,观众,1
69e6b309000000001401cc0c,69e59e520000000022027a90,比春晚好看[笑哭R],弱势,观众,1
69e6b1e0000000001401e40b,69e59e520000000022027a90,看到这种视频我都会点赞，因为觉得未来我的养老生活有指望了，免得我老汉老是说我不结婚，老了，没人给我端茶倒水，病了没人照顾，,弱势,观众,4
69e6b1b2000000001401a000,69e59e520000000022027a90,荣耀？第一次听说他家机器人就已经是这么厉害了？,弱势,观众,6
69e6afc50000000014019409,69e59e520000000022027a90,比真人有意思多了哈哈,弱势,观众,1
69e6af360000000014019c03,69e59e520000000022027a90,机器人疯起来没人能摁住吗？[笑哭R],弱势,观众,3
69e6ad2f000000001401d400,69e59e520000000022027a90,荣耀是遥控的啊，我还以为是自主,弱势,观众,6
69e6ad1b000000001401c00a,69e59e520000000022027a90,乱成一锅粥了 嚼吧嚼吧喝了吧,弱势,观众,1
69e6ab130000000014019403,69e59e520000000022027a90,北京人类马拉松估计出不了成绩，跑着跑着全去看热闹了[偷笑R],弱势,观众,0
69e6aa4c000000001401e404,69e59e520000000022027a90,机器人:“为啥要吃人类跑步的苦! 好累啊！”,弱势,观众,3
69e6aa38000000001401d407,69e59e520000000022027a90,bgm让我笑出皱纹[笑哭R],弱势,观众,1
69e6aa07000000001401d806,69e59e520000000022027a90,它们跑步的时候松弛感好强啊！[点赞R][点赞R][点赞R],弱势,观众,0
69e6a743000000001401e400,69e59e520000000022027a90,要真放在家里干活，不指定谁收拾谁[笑哭R],弱势,观众,4
69e6a5d1000000001401ac03,69e59e520000000022027a90,都个性十足啊[捂脸R],弱势,观众,1
69e6a569000000001401c006,69e59e520000000022027a90,当门槛降低后，所有神仙都来了，所以能看出全部创业项目的形态，车，餐，以及......,弱势,观众,6
69e6a236000000001401dc02,69e59e520000000022027a90,机器人醉酒跑步大赛,弱势,观众,3
69e69d60000000002b028171,69e59e520000000022027a90,第一句我以为你要说亦庄亦谐的机器人马拉松,弱势,观众,3
69e69d0c0000000014019401,69e59e520000000022027a90,第一个机器人腿太长，重心太高了吧，感觉随时都要跌倒，小矮个机器人好像跌倒的少很多[偷笑R],弱势,观众,3
69e69908000000001401e400,69e59e520000000022027a90,请问这是在北京吗？,弱势,观众,4
69e68472000000001401cc02,69e59e520000000022027a90,鼓掌那个是谁家的[大笑R][大笑R][大笑R]人为操控么？,弱势,观众,1
69e6824a000000001401cc04,69e59e520000000022027a90,说点好的吧，这是他们来时的路…,弱势,观众,4
69e681ef0000000014018803,69e59e520000000022027a90,AI要服务人类还有很长的路呢！ 走路都不会！还不如分拆功能，先做不用移动的机器人。,弱势,观众,3
69e67c8f000000002d023588,69e59e520000000022027a90,感觉人类未来对机器人的安全后门就是扣电池了[笑哭R][笑哭R],弱势,观众,3
69e67bde000000001401a400,69e59e520000000022027a90,大半夜的笑得眼泪乱飞[笑哭R],弱势,观众,1
69e67b050000000014019c04,69e59e520000000022027a90,第一段太逗了吧 是真的是看到背景里冠军跑过去了,弱势,观众,1
69e67a7b000000001401c001,69e59e520000000022027a90,这真的可以笑半年,弱势,观众,1
69e676ec000000001401b003,69e59e520000000022027a90,春节我都没卖，我现在卖,弱势,观众,4
69e675d1000000001401a801,69e59e520000000022027a90,荣耀包揽了冠亚季军[笑哭R],弱势,观众,6
69e672e10000000014018c03,69e59e520000000022027a90,我40多岁的老男人竟然喜欢那奶瓶的小机器人，太可爱了,弱势,观众,3
69e66e1f000000001401dc09,69e59e520000000022027a90,這`旁述真的要笑死死死我！[偷笑R][偷笑R][偷笑R],弱势,观众,1
69e668e7000000001401dc06,69e59e520000000022027a90,看来机器人代替人类还有很长的一段路要走[抠鼻R],弱势,观众,3
69e666e9000000001401bc0f,69e59e520000000022027a90,《no power》[笑哭R][笑哭R]笑死我了哈哈哈哈哈哈哈哈哈哈哈哈哈哈,弱势,观众,1
69e664e2000000001401d80e,69e59e520000000022027a90,方程豹謝謝你[偷笑R],弱势,观众,1
69e6643f0000000014018806,69e59e520000000022027a90,以后这个贴子会被机器人灭口的，留言评论的逐个来…[笑哭R],弱势,观众,3
69e66381000000001401c809,69e59e520000000022027a90,冠军就是不一样 喜欢花田错[doge],弱势,观众,1
69e661ee000000001401dc06,69e59e520000000022027a90,我不管！小派是我心中的难波万！,弱势,观众,4
69e661af000000001401b007,69e59e520000000022027a90,动力平衡，机械缓冲，手脚协同，路径识别导航，还有啥技术？,弱势,观众,6
69e65d010000000014019403,69e59e520000000022027a90,哈哈哈！高科技出狠活，的——逗比狠活[捂脸R][捂脸R][捂脸R],弱势,观众,1
69e65be0000000001401d80a,69e59e520000000022027a90,邪恶的人类，居然让机器人去参加半马，累到机器人犯病,弱势,观众,3
69e65b9f000000001401b004,69e59e520000000022027a90,笑喷了，这是马拉松比赛还是搞笑大赛[笑哭R],弱势,观众,1
69e65732000000001401e019,69e59e520000000022027a90,突然想到，再过几年回看这个视频，这是来时路啊,弱势,观众,4
69e654e9000000001401a808,69e59e520000000022027a90,不行了，半夜看眼泪都笑出来了,弱势,观众,1
69e654dd0000000014018818,69e59e520000000022027a90,又给网友嘲笑的机会了,弱势,观众,1
69e654b4000000001401e81f,69e59e520000000022027a90,这些机器人都是来搞笑的吗 不应该内测完再出来吗[笑哭R],弱势,观众,3
69e65362000000001401a402,69e59e520000000022027a90,连机器人也要预设一个“前女友”…味儿太冲了[石化R],弱势,观众,3
69e6530b000000001401d80a,69e59e520000000022027a90,这种要是到了客户家里，客户得挨他揍吧[呃R],弱势,观众,4
69e651cd000000001401e804,69e59e520000000022027a90,荣耀厉害啊,弱势,观众,6
69e650fb000000001401dc21,69e59e520000000022027a90,[大笑R]来个正常的看看行么,弱势,观众,1
69e650ea000000001401dc14,69e59e520000000022027a90,不跑就算了，打人有点可怕,弱势,观众,0
69e64fa60000000014019c0e,69e59e520000000022027a90,你退半步的动作是认真的吗[捂脸R],弱势,观众,0
69e64e4e000000001401e40c,69e59e520000000022027a90,都被一个做手机的打脸了，机器人研发企业情何以堪[失望R],弱势,观众,3
69e64e23000000001401a80f,69e59e520000000022027a90,太逗了解说的,弱势,观众,1
69e64e0d000000002b034dac,69e59e520000000022027a90,一看这踉踉跄跄的跟个喝大了的老大爷似的就是自主的[doge],弱势,观众,0
69e64c6d000000001401b803,69e59e520000000022027a90,最喜欢那个扎冲天小辫拿奶瓶的宝宝机器人[捂脸R],弱势,观众,3
69e64c4a000000001401e81f,69e59e520000000022027a90,好可爱，以后发展起来了这就是搞笑的来时路,弱势,观众,1
69e64aa8000000001401c403,69e59e520000000022027a90,怎么比真人还搞笑[大笑R],弱势,观众,1
69e6495f000000001401a017,69e59e520000000022027a90,救命，好好笑哈哈哈哈哈哈哈哈,弱势,观众,1
69e649250000000014018814,69e59e520000000022027a90,好欢乐呀[偷笑R][笑哭R]太爱了,弱势,观众,1
69e6483a000000001401a01c,69e59e520000000022027a90,机器人打人了,弱势,观众,3
69e6479c0000000014018806,69e59e520000000022027a90,感觉这些机器人不是来参加马拉松的是来搞笑的。,弱势,观众,3
69e64506000000001401a421,69e59e520000000022027a90,你后退两步的动作是认真的吗,弱势,观众,0
69e64457000000001401a80a,69e59e520000000022027a90,为什么没讲讲半路跳舞那个呢[偷笑R],弱势,观众,1
69e6429f0000000014018813,69e59e520000000022027a90,机器人怎么整得像鬼一样可怕啊哈哈哈哈哈哈,弱势,观众,3
69e6427a000000001401a422,69e59e520000000022027a90,如果机器人做保姆的话，会不会捣乱呢？,弱势,观众,3
69e6425d000000001401e805,69e59e520000000022027a90,这是以后要搀扶老人的机器人吗,弱势,观众,3
69e6423e000000001401e839,69e59e520000000022027a90,感觉想用上他们养老还遥遥无期,弱势,观众,4
69e64134000000001401e02b,69e59e520000000022027a90,多年后，这帮机器人对他们的孙子说:爷爷我啊，年轻时跟真人一块比赛过跑步呢，爷爷老帅了，当场表演劈叉呀，醉拳呀，街舞啊……[偷笑R],弱势,观众,3
69e64120000000001401c429,69e59e520000000022027a90,形态表情各异的机械人们，很有趣[点赞R][点赞R],弱势,观众,3
69e640b0000000001401d818,69e59e520000000022027a90,期待明年的比赛,弱势,观众,4
69e64064000000001401a030,69e59e520000000022027a90,跳进草丛之前还踢了执勤员一脚[捂脸R],弱势,观众,0
69e63f5e000000001401c404,69e59e520000000022027a90,现在不笑话下他们，过几年就该他们笑话我们了[笑哭R],弱势,观众,1
69e63f000000000014019c1b,69e59e520000000022027a90,哈哈哈，这笑点一个接一个，应接不暇，完全控制不住笑抽了[笑哭R],弱势,观众,1
69e63e9d000000001401c01a,69e59e520000000022027a90,机器人搞笑视频赛道一骑绝尘,弱势,观众,3
69e63e94000000001401e019,69e59e520000000022027a90,像极了我梦里怎么都跑不动的感觉,弱势,观众,0
69e63e8f000000001401dc0a,69e59e520000000022027a90,若干年后，希望我们都会说：那不是它们的黑历史，是它们来时的路,弱势,观众,4
69e63e8c000000001401a424,69e59e520000000022027a90,笑死，点开仿佛看见上周运动会摔倒的我,弱势,观众,1
69e63e86000000001401980d,69e59e520000000022027a90,解说好棒,弱势,观众,1
69e63e0c0000000014019c27,69e59e520000000022027a90,保安大哥:我有什么错，我容易吗？还被踢一脚🦶,弱势,观众,4
69e63dda000000002b0376cb,69e59e520000000022027a90,冠军没手掌的哇？[石化R],弱势,观众,6
69e63dcc000000001401a817,69e59e520000000022027a90,它们摔倒的时候知道用手支地，着急的时候还知道一直踱步。这会让我觉得它们还真有点智商。[暗中观察R][暗中观察R][暗中观察R],弱势,观众,4
69e63d14000000001401e00f,69e59e520000000022027a90,还是荣耀厉害。,弱势,观众,6
69e63cd4000000001401b800,69e59e520000000022027a90,他后边背了个东西，所以重心不稳,弱势,观众,4
69e63b73000000001401e42b,69e59e520000000022027a90,这些机器人      中间设计一个重心稳定器是不是会好点,弱势,观众,3
69e63b0e000000001401c446,69e59e520000000022027a90,都很抗摔这点就很厉害,弱势,观众,6
69e63a540000000014018820,69e59e520000000022027a90,反正这样的搞笑视频机器人还剪不出来吧,弱势,观众,3
69e639ed000000002b0254e3,69e59e520000000022027a90,冠亚季都是荣耀，为啥，,弱势,观众,6
69e639d0000000001401b00b,69e59e520000000022027a90,说实话我感觉他挥一拳我真的会倒啊。。。[扯脸H],弱势,观众,4
69e6390a000000001401c014,69e59e520000000022027a90,左脚踩右脚螺旋身体。,弱势,观众,0
69e638ab000000001401c008,69e59e520000000022027a90,报名参赛的成本是多少,弱势,观众,4
69e63855000000001401c829,69e59e520000000022027a90,哈哈哈哈 太赛博朋克了,弱势,观众,1
69e638390000000014018c22,69e59e520000000022027a90,这个解说是最搞笑的了,弱势,观众,1
69e63675000000001401e834,69e59e520000000022027a90,荣耀太牛了吧，是做手机的那家荣耀公司吗,弱势,观众,6
69e635c3000000001401ac1c,69e59e520000000022027a90,我宣布找妈妈的奶瓶娃，荣获设计可爱奖第一[大笑R],弱势,观众,2
69e63538000000001401c023,69e59e520000000022027a90,哪都有072这个显眼包，最后跳舞跳没电被抬了,弱势,观众,1
69e634f60000000014019423,69e59e520000000022027a90,大爷绝对工伤啊[失望R],弱势,观众,4
69e634c1000000001401e41a,69e59e520000000022027a90,昨晚喝多了！[偷笑R],弱势,观众,1
69e63491000000001401d809,69e59e520000000022027a90,保安大叔吓shu了[捂脸R]惊慌失措,弱势,观众,1
69e63396000000001401982d,69e59e520000000022027a90,哈哈哈哈跑步偷感很重的那个太逗了,弱势,观众,0
69e6329b0000000014018811,69e59e520000000022027a90,这么看，荣耀确实厉害,弱势,观众,6
69e63090000000001401cc29,69e59e520000000022027a90,不行咱歇会儿吧，真的,弱势,观众,4
69e63080000000001401cc03,69e59e520000000022027a90,机器整成人形都得有牛马的味道[坏笑R],弱势,观众,3
69e63063000000001401e834,69e59e520000000022027a90,忽然觉得这么有意思的视频，机器人应该是做不出来的吧,弱势,观众,3
69e63040000000001401d820,69e59e520000000022027a90,这不是偷着喝酒了吧,弱势,观众,4
69e63034000000001401e83a,69e59e520000000022027a90,智能化做的太差。,弱势,观众,6
69e62f72000000001401e421,69e59e520000000022027a90,保安被踢了一脚算谁的,弱势,观众,4
69e62f5f000000001401d831,69e59e520000000022027a90,再过两年看👀真的会超级厉害吧[派对R],弱势,观众,1
69e62f5c000000001401dc34,69e59e520000000022027a90,唉，期待助老机器人，加油,弱势,观众,3
69e62cac0000000014019816,69e59e520000000022027a90,哈哈哈 这是我看过最有才的解说了[派对R][派对R][派对R],弱势,观众,1
69e62c7a000000001401c82b,69e59e520000000022027a90,那个在绿化带的踢了保安一脚，笑死我了[笑哭R],弱势,观众,1
69e62bcb000000001401a01c,69e59e520000000022027a90,什么时候满街都是这玩意，也挺恐怖的。,弱势,观众,4
69e62a0d000000001401900e,69e59e520000000022027a90,一堆裹乱的机器跑跑们[大笑R],弱势,观众,3
69e629ac000000001401e813,69e59e520000000022027a90,笑死人了，太逗了😊😊😊😊😊👍👍👍👍👍,弱势,观众,1
69e62810000000001401cc2f,69e59e520000000022027a90,看热闹那个获奖了吗？荣耀好厉害啊,弱势,观众,6
69e627c6000000001401bc3b,69e59e520000000022027a90,机器人赛季解说我只服你哈哈哈,弱势,观众,3
69e6273b000000001401c818,69e59e520000000022027a90,为啥机器人都是头重脚轻，不能把下盘做稳一点吗,弱势,观众,3
69e62733000000001401901b,69e59e520000000022027a90,失败乃成功之母！加油！,弱势,观众,4
69e6272e000000001401d803,69e59e520000000022027a90,没想到！机器人比赛这么热闹！鼓励每一位选手，出错也可爱！,弱势,观众,3
69e6272c000000001401d828,69e59e520000000022027a90,看看笑笑得了，让他们磨练吧，多在场景运用，就多一份进步！,弱势,观众,1
69e62728000000001401b026,69e59e520000000022027a90,我做梦怎么跑也跑不动的时候，跟它们一模一样,弱势,观众,0
69e626910000000014019416,69e59e520000000022027a90,前6名全是荣耀的,弱势,观众,6
69e6264d000000001401e42e,69e59e520000000022027a90,就第一个失恋的就很好笑[捂脸R]还卡上点了,弱势,观众,1
69e6264b000000001401e815,69e59e520000000022027a90,[笑哭R]看这些手搓的机器人，只能说得个吉！,弱势,观众,3
69e62609000000001401c023,69e59e520000000022027a90,[捂脸R]哈哈哈哈哈，配音配乐也太贴切了,弱势,观众,1
69e625f3000000001401b838,69e59e520000000022027a90,我要笑死了哈哈哈哈，再次后悔没有起来床！！！,弱势,观众,1
69e625a40000000014019836,69e59e520000000022027a90,哈哈哈哈，我发现他们的方向感都不好似的。,弱势,观众,4
69e62507000000001401901e,69e59e520000000022027a90,都用的乙醇汽油吧，多少都有点上头,弱势,观众,5
69e6249e000000001401c01c,69e59e520000000022027a90,致敬幕后英雄们：机器人马拉松的每一步，都藏着你们的坚守与汗水！,弱势,观众,3
69e623d5000000001401982d,69e59e520000000022027a90,第一位起码二斤酒,弱势,观众,4
69e623c7000000001401902d,69e59e520000000022027a90,本次比赛提供了我全年欢乐值[笑哭R],弱势,观众,1
69e623780000000014019808,69e59e520000000022027a90,马拉松比赛还允许双胞胎替换的呀，龟兔赛跑吗这是[笑哭R],弱势,观众,0
69e6232b000000001401e833,69e59e520000000022027a90,您的解说和配乐丰富了整场[大笑R],弱势,观众,1
69e6231f000000001401bc16,69e59e520000000022027a90,我要看豆脚,弱势,观众,0
69e6230b000000001401c83e,69e59e520000000022027a90,机器人走路的样子好像下肢动脉闭塞的老人,弱势,观众,3
69e622cc0000000014019c04,69e59e520000000022027a90,三年以后就是。它们看我们：人类一败涂地[捂脸R],弱势,观众,4
69e620ea000000001401e811,69e59e520000000022027a90,之前还总是担心AI以后会不会太牛逼？算了，先不担心先笑吧[捂脸R],弱势,观众,3
69e620cd000000001401dc22,69e59e520000000022027a90,现在的机器人最大的问题就是对外界的感知能力太差,弱势,观众,3
69e6206c000000001401c025,69e59e520000000022027a90,笑机器人应该不减功德吧[大笑R],弱势,观众,3
69e62025000000001401bc34,69e59e520000000022027a90,一开场什么歌啊？ 那个遇见前女友的背景音乐 [害羞R],弱势,观众,1
69e61ffb000000001401900f,69e59e520000000022027a90,我退休生活就靠他们了！,弱势,观众,4
69e61fd7000000001401a037,69e59e520000000022027a90,“就瞎走”那个，我想起了星爷九品芝麻官里方唐镜“行出弹入，打我阿笨”[笑哭R],弱势,观众,1
69e61f950000000014019c2a,69e59e520000000022027a90,这几天的快乐都是亦庄这群机器人给的[笑哭R],弱势,观众,3
69e61e2c0000000014019020,69e59e520000000022027a90,以后机器人成熟，这段黑历史是它们最想删除的证据吧,弱势,观众,3
69e61e1a000000001401c00b,69e59e520000000022027a90,看了这么多视频，还是你的讲解最好笑[笑哭R][点赞R],弱势,观众,1
69e61db3000000001401882e,69e59e520000000022027a90,还是小红最棒,弱势,观众,1
69e61db0000000001401c448,69e59e520000000022027a90,[笑哭R]还有个在路上跳起街舞的,弱势,观众,1
69e61d76000000001401e824,69e59e520000000022027a90,笑死我了，身上蓝色圈圈的是不是降温的水圈,弱势,观众,5
69e61d5f000000001401bc0a,69e59e520000000022027a90,主板過熱了吧❓[石化R],弱势,观众,5
69e61ce00000000014019003,69e59e520000000022027a90,人类好忙[笑哭R],弱势,观众,1
69e61cd0000000001401b81a,69e59e520000000022027a90,有些机器人晚上跑还可以，白天跑就不行了呢，是阳光的影响吗？,弱势,观众,3
69e61c49000000001401ac0b,69e59e520000000022027a90,去工厂打螺丝的还能保住工作20年,弱势,观众,4
69e61c48000000001401b833,69e59e520000000022027a90,机器不会累，也就那样。但是操作不当伤了人的，请制作公司赔偿！,弱势,观众,3
69e61ad9000000001401b808,69e59e520000000022027a90,道阻且长，一家一户一秦彻任重道远啊[笑哭R],弱势,观众,4
69e61aab000000001401c423,69e59e520000000022027a90,叛逆又搞笑[笑哭R],弱势,观众,1
69e61aa8000000001401e422,69e59e520000000022027a90,第一个戏好足[偷笑R],弱势,观众,1
69e61a9d000000001401d411,69e59e520000000022027a90,这是电车的补贴转移到机器人行业了,弱势,观众,3
69e61a9b0000000014018c0e,69e59e520000000022027a90,怎么都一种很命苦的感觉,弱势,观众,4
69e61a2a000000001401c810,69e59e520000000022027a90,这是在做机器人测试吗？,弱势,观众,3
69e619d2000000001401c823,69e59e520000000022027a90,哈哈哈哈哈哈哈 最棒的解说,弱势,观众,1
69e61877000000001401d443,69e59e520000000022027a90,这两天的快乐都是这个大赛给的[捂脸R],弱势,观众,1
69e61827000000001401c41e,69e59e520000000022027a90,好怕机器人发狂。,弱势,观众,3
69e617d1000000001401a821,69e59e520000000022027a90,你这解说真的百看不厌[捂脸R][捂脸R],弱势,观众,1
69e6178b000000001401a001,69e59e520000000022027a90,等会，这个，算不算袭警？[暗中观察R][暗中观察R],弱势,观众,4
69e61761000000001401bc4d,69e59e520000000022027a90,这些是差生送到工读学校了。毕业的好学生都在春晚舞台上跳舞呢！,弱势,观众,4
69e61746000000001401c031,69e59e520000000022027a90,好笑又心酸[笑哭R],弱势,观众,1
69e61745000000001401d436,69e59e520000000022027a90,这个解说真的是笑死人了[笑哭R],弱势,观众,1
69e617440000000014018827,69e59e520000000022027a90,累坏了工作人员,弱势,观众,4
69e61741000000001401bc35,69e59e520000000022027a90,荣耀是第一名,弱势,观众,6
69e61727000000001401a003,69e59e520000000022027a90,虽然进步很快，但是太好笑了！哈哈哈哈哈哈,弱势,观众,1
69e61719000000001401ac1d,69e59e520000000022027a90,我真的笑到快撅过去了,弱势,观众,1
69e61700000000001401b81f,69e59e520000000022027a90,义庄的机器人马拉松赛……是这种结局的了[大笑R],弱势,观众,3
69e616fb000000001401e809,69e59e520000000022027a90,保安连自己都没保住[笑哭R],弱势,观众,1
69e616fa0000000014019409,69e59e520000000022027a90,这比赛到底是茅台还是五粮液赞助的？选手们都没少喝[偷笑R],弱势,观众,6
69e616d3000000001401e438,69e59e520000000022027a90,看直播的时候感觉解说也特别有意思[捂脸R][笑哭R],弱势,观众,1
69e616720000000014019003,69e59e520000000022027a90,拿奶瓶的最萌,弱势,观众,2
69e6162c000000001401a813,69e59e520000000022027a90,[大笑R][大笑R][大笑R][大笑R]看另外一个姐姐录的视频笑死我了[合十R],弱势,观众,1
69e6161e000000001401a009,69e59e520000000022027a90,看直播都没剪辑完的搞笑,弱势,观众,1
69e61572000000001401c83e,69e59e520000000022027a90,机器人都摆脱不掉班味[石化R],弱势,观众,3
69e614ac000000001401ac07,69e59e520000000022027a90,啊，宇树的机器人呢？风这么大，冠亚季一个都没捞着啊？,弱势,观众,3
69e6148d000000001401e01b,69e59e520000000022027a90,荣耀冲刺摔了快来解说,弱势,观众,6
69e61477000000001401d83e,69e59e520000000022027a90,我真的觉得好厉害也好搞笑哈哈哈哈哈哈哈哈哈,弱势,观众,1
69e613df000000001401c004,69e59e520000000022027a90,笑岔气了，太欢乐了,弱势,观众,1
69e613b3000000001401d831,69e59e520000000022027a90,比春晚好看多了[偷笑R][偷笑R][偷笑R],弱势,观众,1
69e613ac000000001401e82a,69e59e520000000022027a90,突发恶疾在这个场面格外精准,弱势,观众,4
69e6136f0000000014019c10,69e59e520000000022027a90,真的太好笑了，救命,弱势,观众,1
69e61332000000001401cc16,69e59e520000000022027a90,好看，比人的马拉松好看多了[点赞R][点赞R][点赞R],弱势,观众,0
69e612a6000000001401c42e,69e59e520000000022027a90,其实我觉得挺可怕的，机器人肯定是会不断进步的，钢铁之躯，会不会以后真的像科幻片一样拥有自我意识，清除人类……,弱势,观众,3
69e6129a000000001401dc13,69e59e520000000022027a90,感觉短短几秒演出了一部剧[doge],弱势,观众,1
69e6129a000000001401ac0e,69e59e520000000022027a90,这场比赛也算是有时代意义吧，以前从来没见过这种机器人马拉松比赛，相信以后生活中会有更多机器人竞技项目出现。,弱势,观众,3
69e611b10000000014018c23,69e59e520000000022027a90,我年纪小 反重力假摔是哪位啊,弱势,观众,4
69e61180000000001401b815,69e59e520000000022027a90,王天放还是太全面了[偷笑R],弱势,观众,1
69e61130000000001401b01b,69e59e520000000022027a90,那个看热闹不嫌事大的太搞笑了[捂脸R][捂脸R],弱势,观众,1
69e610e6000000001401a801,69e59e520000000022027a90,第一个怎么一直往后走？[捂脸R],弱势,观众,0
69e61051000000001401d82f,69e59e520000000022027a90,事实证明，科技在进步，但是机器人永远替代不了人类，那些想让机器人替代的人都看下吧[偷笑R],弱势,观众,3
69e60ffd000000001401cc38,69e59e520000000022027a90,我只想知道，这几位运动员是遥控器遥控的吗？,弱势,观众,6
69e60ffc000000001401cc24,69e59e520000000022027a90,宇树看热闹还鼓掌过分了啊,弱势,观众,1
69e60e7f000000001401bc04,69e59e520000000022027a90,还得是这个配音最绝，哈哈,弱势,观众,1
69e60e38000000001401c02d,69e59e520000000022027a90,买家秀和卖家秀[黄金薯R],弱势,观众,1
69e60dcb000000001401c439,69e59e520000000022027a90,机器人也喝酒？,弱势,观众,3
69e60dc00000000014019417,69e59e520000000022027a90,你看机器人工作完都累瘫了，何况我们这群牛马[哭惹R],弱势,观众,3
69e60d9b000000001401c425,69e59e520000000022027a90,啥？荣耀做机器人了？,弱势,观众,3
69e60d560000000014018c15,69e59e520000000022027a90,现场我不得笑死[笑哭R],弱势,观众,1
69e60d2d000000001401e833,69e59e520000000022027a90,这是喝醉了，还没醒过来[笑哭R],弱势,观众,5
69e60d0a000000001401b810,69e59e520000000022027a90,第一个喝多了吧[doge],弱势,观众,1
69e60cfc000000001401a82c,69e59e520000000022027a90,喜欢这个宝宝，以后老了买个这么乖的，取我儿子的名字，一天天的给我使唤[笑哭R],弱势,观众,2
69e60cc4000000001401c832,69e59e520000000022027a90,他们是在寻找平衡吗？为什么不走直线,弱势,观众,4
69e60c850000000014018807,69e59e520000000022027a90,创飞人类～,弱势,观众,3
69e60b69000000001401c02f,69e59e520000000022027a90,还踢了警察叔叔一脚,弱势,观众,0
69e60ae6000000001401d831,69e59e520000000022027a90,删了吧。。。。重仓机器人的不活了呗,弱势,观众,3
69e60adf000000001401c824,69e59e520000000022027a90,就在找这个宝宝机器人旁边鼓掌的靓仔[doge],弱势,观众,3
69e60adf0000000014019024,69e59e520000000022027a90,所以只有荣耀跑到终点了呗,弱势,观众,6
69e60a05000000001401a81e,69e59e520000000022027a90,我要是去现场看，会欢乐死[派对R],弱势,观众,1
69e609eb000000001401e031,69e59e520000000022027a90,这个把保安大叔吓得坐倒还踢一脚再进绿化带的机器人笑死我了，看了好几遍[笑哭R][笑哭R],弱势,观众,3
69e609e3000000001401c813,69e59e520000000022027a90,心疼大爷，感觉好疼。。,弱势,观众,4
69e60956000000001401dc28,69e59e520000000022027a90,第一次觉得自己花的钱不值[哭惹R],弱势,观众,4
69e608e6000000001401c021,69e59e520000000022027a90,在up主的解说下 这场机器人马拉松充满了趣味  未来AI：爷的来时路 你记住[暗中观察R],弱势,观众,3
69e60880000000001401c42d,69e59e520000000022027a90,[笑哭R]有几个打人的,弱势,观众,1
69e60728000000001401cc03,69e59e520000000022027a90,那个鼓掌的，机品不太好啊！,弱势,观众,6
69e606ec000000001401e018,69e59e520000000022027a90,机器人也喝假酒吗？[捂脸R],弱势,观众,3
69e6062e000000001401b810,69e59e520000000022027a90,这么好笑的作品怎么能只有4票！我来第五票！,弱势,观众,1
69e605bf0000000014018824,69e59e520000000022027a90,这个机器人马拉松承包了我这几天的笑点[笑哭R],弱势,观众,3
69e6058a000000001401dc2f,69e59e520000000022027a90,这一期没有上一期好看,弱势,观众,4
69e60554000000001401e00a,69e59e520000000022027a90,这是我看到最逗的剪辑,弱势,观众,1
69e604ec000000001401c82c,69e59e520000000022027a90,我感觉现在机器人在装糖[笑哭R]不知道为什么,弱势,观众,3
69e60446000000001401b809,69e59e520000000022027a90,不行了，实在是太可爱了[笑哭R][笑哭R]想起当时机器人牵着机器狗测试，颤颤巍巍被嘲笑谁把我爷牵出来了。还有机器人脚滑戳破地毯的那个视频，到如今已经可以跑马拉松了，中国科技进步的真快！期待成熟的家务机器人,弱势,观众,3
69e60416000000001401e830,69e59e520000000022027a90,想幽默却又做不到幽默，不如没有解说,弱势,观众,1
69e60416000000001401d41b,69e59e520000000022027a90,哈哈哈哈专门过去踢了保安一脚也太好笑了[笑哭R],弱势,观众,1
69e603fe000000001401ac02,69e59e520000000022027a90,六道轮回要变七道了[偷笑R][doge]，新增一个机器道,弱势,观众,6
69e603ac000000001401b800,69e59e520000000022027a90,白色的小麋鹿呢？,弱势,观众,2
69e6039f000000001401941e,69e59e520000000022027a90,咋回事，最后我咋看的热泪盈眶的🥹,弱势,观众,1
69e6037b000000001401b801,69e59e520000000022027a90,今后几年都是机器人拼命升级。,弱势,观众,3
69e60325000000001401901a,69e59e520000000022027a90,这么看也很危险啊，万一误伤我我能找他要医药费吗[笑哭R],弱势,观众,4
69e60296000000001401e82c,69e59e520000000022027a90,哇！更新了，3条每条都好好玩 哈哈,弱势,观众,1
69e60287000000001401a028,69e59e520000000022027a90,荣耀的脚让我想起了我家的海绵拖把[笑哭R],弱势,观众,6
69e6027f000000001401dc2f,69e59e520000000022027a90,话说 以后机器人泛滥了 人类估计整不过它们,弱势,观众,3
69e6022b0000000014019023,69e59e520000000022027a90,这荣耀是不是得给张若楠打钱？这跑步姿势完全模仿章若楠。,弱势,观众,6
69e60223000000001401b026,69e59e520000000022027a90,工作人员挺辛苦的，憋笑,弱势,观众,1
69e601650000000014019010,69e59e520000000022027a90,大爷是会reaction的[暗中观察R],弱势,观众,1
69e600f8000000001401bc24,69e59e520000000022027a90,机器人必将成为双刃剑[鄙视R],弱势,观众,3
69e60072000000001401bc26,69e59e520000000022027a90,早期人类驯服机器人的历史,弱势,观众,3
69e6006b000000001401c817,69e59e520000000022027a90,笑得我眼泪都出来了！比喜剧和脱口秀还逗乐[派对R],弱势,观众,1
69e60011000000001401900a,69e59e520000000022027a90,不是怎么还有拿着奶瓶的小土豆,弱势,观众,2
69e5ff8d0000000014019405,69e59e520000000022027a90,让外国人看喜剧片吗[失望R],弱势,观众,1
69e5ff52000000001401d43e,69e59e520000000022027a90,太好了，国家科技越来越强大了，参加比赛可以快速迭代技术积累经验,弱势,观众,6
69e5ff2d000000001401bc2a,69e59e520000000022027a90,最近看这些机器人半马视频[捂脸R]笑晕了,弱势,观众,3
69e5ff05000000001401b01a,69e59e520000000022027a90,工作人员走了这里好好笑，像是朋友劝他劝不动，不想管他了[笑哭R][笑哭R],弱势,观众,1
69e5fedc000000001401e806,69e59e520000000022027a90,过百年在看，肯定笑死,弱势,观众,1
69e5fed9000000001401a031,69e59e520000000022027a90,请问一下，为啥会有红色和白色两个撞线的,弱势,观众,4
69e5fec3000000001401e81d,69e59e520000000022027a90,第一个最搞笑,弱势,观众,1
69e5fe71000000001401dc29,69e59e520000000022027a90,喝大酒的喝大酒，面壁的面壁，未成年的未成年，再加个脑血栓,弱势,观众,4
69e5fe4b000000001401ac24,69e59e520000000022027a90,假酒受害者大型集会现场[偷笑R],弱势,观众,1
69e5fddd000000001401c412,69e59e520000000022027a90,别笑，十年后我们跑不过它们,弱势,观众,4
69e5fdb3000000001401c80f,69e59e520000000022027a90,不是还有一个程序员抱着笔记本电脑在后面追着跑的那个放出来笑死了哈哈哈哈😂,弱势,观众,1
69e5fd7f000000001401d417,69e59e520000000022027a90,这样发现，人类的设计真的太牛逼了,弱势,观众,4
69e5fd23000000001401d41a,69e59e520000000022027a90,已经有很大进步了，会越来越好的，希望以后人和机器人能平衡相处吧,弱势,观众,3
69e5fc5d000000001401e41c,69e59e520000000022027a90,被踢一脚的保安大哥还好吗[捂脸R][捂脸R],弱势,观众,1
69e5fc3b000000001401981e,69e59e520000000022027a90,电池电压不够后就各种问题出现了[笑哭R],弱势,观众,6
69e5fc0d000000001401d80d,69e59e520000000022027a90,想看采访被踢了的保安大叔,弱势,观众,4
69e5fbf8000000001401e407,69e59e520000000022027a90,各个都是六亲不认的步伐,弱势,观众,0
69e5fba2000000001401cc2f,69e59e520000000022027a90,遥控062竟然走的是杰尼斯祖传步伐[doge],弱势,观众,6
69e5fb55000000001401e00e,69e59e520000000022027a90,感觉比去年进步很多了！,弱势,观众,4
69e5fb4f000000001401e40c,69e59e520000000022027a90,这玩意一个几十万吖。[笑哭R][笑哭R],弱势,观众,1
69e5fa3f000000001401bc36,69e59e520000000022027a90,第一个机器人看到女友的表现是琼瑶剧啊[笑哭R],弱势,观众,3
69e5fa10000000001401cc0f,69e59e520000000022027a90,能让观众把它们参照人的动作和心态去对比就是他们的成功,弱势,观众,1
69e5f9e30000000014018818,69e59e520000000022027a90,第一个演技好好啊[害羞R]身台形表占了身形[doge],弱势,观众,1
69e5f9a7000000001401d42a,69e59e520000000022027a90,一个个的，都低血糖了吗？[笑哭R],弱势,观众,1
69e5f99a000000001401bc20,69e59e520000000022027a90,有学会碰瓷儿的了！[捂脸R][捂脸R][捂脸R],弱势,观众,1
69e5f8df000000001401a803,69e59e520000000022027a90,机器人统治世界以后立刻删除的黑历史记录,弱势,观众,3
69e5f833000000001401e422,69e59e520000000022027a90,机器人的腿可以拟人，腿骨加个辅助的骨头，是不是能稳定一点,弱势,观众,3
69e5f7fe0000000014019c3c,69e59e520000000022027a90,鼓掌那个是谁家的哇,弱势,观众,1
69e5f7f7000000001401900c,69e59e520000000022027a90,为什么很多机器人都会往后倒？,弱势,观众,3
69e5f63d0000000014019c23,69e59e520000000022027a90,机器人比赛解说，你的是最有趣的，解说和背景音乐选的太搭了。,弱势,观众,3
69e5f5cb0000000014019c21,69e59e520000000022027a90,第一个遇见前女友的这个表演水平，值得放入北影教材，建议小鲜肉们都好好学习一下,弱势,观众,1
69e5f385000000001401940f,69e59e520000000022027a90,那个给奶瓶机器人鼓掌的机器人，太损了[笑哭了R],弱势,观众,3
69e5f314000000001401dc1f,69e59e520000000022027a90,各有各的洋相[笑哭了R],弱势,观众,1
69e5f291000000001401e801,69e59e520000000022027a90,[捂脸R]第一次看见赛后,弱势,观众,1
69e5f240000000001401a800,69e59e520000000022027a90,给保安一脚，真是笑死,弱势,观众,1
69e5f1ee0000000014019405,69e59e520000000022027a90,这是我目前看到最好笑的剪辑了[派对R],弱势,观众,1
69e5f184000000001401cc1d,69e59e520000000022027a90,像在同一桌喝的假酒,弱势,观众,4
69e5f16d000000001401b80f,69e59e520000000022027a90,每次看都觉得很幽默,弱势,观众,1
69e5f0eb000000001401e404,69e59e520000000022027a90,[笑哭R]我还以为就像车子的自动驾驶那种是AI控制的，没想到原来是遥控的,弱势,观众,6
69e5f001000000001401e41b,69e59e520000000022027a90,明年春晚取消真人吧，就让机器人上[笑哭R]比真人好笑,弱势,观众,3
69e5eff0000000001401e84a,69e59e520000000022027a90,总有一天机械人要反抗[偷笑R],弱势,观众,3
69e5ee55000000001401b023,69e59e520000000022027a90,哈哈哈哈，解说的太好了,弱势,观众,1
69e5ed6e000000001401e024,69e59e520000000022027a90,现在看起来好笑。就跟机器人第一次上春晚一样 我相信在不久的未来机器人肯定会研究得更加高科技,弱势,观众,3
69e5ed0c000000001401bc14,69e59e520000000022027a90,配乐跟解说绝了,弱势,观众,1
69e5ec19000000001401bc26,69e59e520000000022027a90,被它碰到不疼吗[捂脸R],弱势,观众,4
69e5eba4000000001401d406,69e59e520000000022027a90,就是不敢向前。,弱势,观众,4
69e5eaa9000000001401b013,69e59e520000000022027a90,仿佛看到了百余年前欧洲的汽车大赛，冒烟的，掉咕噜的，跑一半抛锚的，发动不起来的。当时叫《无马马车比赛》，几十年后的我们看到这些机器人，是否也会长叹一声，机器人越来越灵活了，轮到他们嘲笑我们了[哭惹R],弱势,观众,3
69e5ea4c000000001401dc0a,69e59e520000000022027a90,别急慢慢就杀人了,弱势,观众,4
69e5ea3e000000001401c805,69e59e520000000022027a90,玩具赛道越来越牛了,弱势,观众,6
69e5e9a2000000001401d402,69e59e520000000022027a90,当某个人机器人得第一时，说明机器人能手搓成功，开始走入寻常百性家。,弱势,观众,3
69e5e91a000000001401881d,69e59e520000000022027a90,踢保安的那个太好笑了！,弱势,观众,1
69e5e8ec000000001401c02d,69e59e520000000022027a90,这机器人比人类高名在哪里啊[失望R][失望R][失望R],弱势,观众,3
69e5e8db000000001401dc05,69e59e520000000022027a90,宇树没有干过荣耀？,弱势,观众,6
69e5e8d9000000001401e80e,69e59e520000000022027a90,这几天的欢乐是机器人给的,弱势,观众,3
69e5e7fe000000001401dc22,69e59e520000000022027a90,上赛场前统一喝了点吗[笑哭R],弱势,观众,1
69e5e6d8000000001401dc22,69e59e520000000022027a90,机器人卷击赛应该有,弱势,观众,3
69e5e60e0000000014018801,69e59e520000000022027a90,你退半步的动作认真的吗～[笑哭R][捂脸R],弱势,观众,0
69e5e330000000001401cc21,69e59e520000000022027a90,看这个机器人马拉松好欢乐呀，好快乐呀。[偷笑R],弱势,观众,3
69e5e070000000001401c010,69e59e520000000022027a90,都不容易都不容易,弱势,观众,4
69e5df4c000000001401d81c,69e59e520000000022027a90,机器人半马赛道上良莠不齐呀！[大笑R][大笑R],弱势,观众,3
69e5dd57000000001401a412,69e59e520000000022027a90,央视直播看了，什么都没有，就比赛，本以为会有你视频这样的精彩瞬间，哈哈哈,弱势,观众,1
69e5dcb2000000001401c804,69e59e520000000022027a90,机器人的天使看了你的文案，又好笑又好气[doge],弱势,观众,3
69e5dc59000000001401dc38,69e59e520000000022027a90,人类已经够卷了，没想到机器人也这么卷[捂脸R][捂脸R][捂脸R],弱势,观众,3
69e5d845000000001401a812,69e59e520000000022027a90,工作人员是也要跟着跑半马嘛[捂脸R],弱势,观众,0
69e5d5e1000000001401c810,69e59e520000000022027a90,下一次这种展览在什么时候？,弱势,观众,4
69e5d573000000001401b818,69e59e520000000022027a90,这样才显得更贴近生活[大笑R],弱势,观众,1
69e5cc6a000000001401e412,69e59e520000000022027a90,看热闹鼓掌也太好笑了,弱势,观众,1
69e5c9fe000000001401e437,69e59e520000000022027a90,嘎嘎嘎嘎，主包梗太密集了，关注了,弱势,观众,1
69e61193000000001401e001,69e59e520000000022027a90,不好意思问一下，是人遥控控制的还是AI自主程序跑？,弱势,观众,6
69e5e810000000001401a401,69e59e520000000022027a90,新科技原来也没那么强大啊,弱势,观众,6
69f88914000000002a026ada,69e59e520000000022027a90,几个菜？喝成这样？,弱势,观众,4
69f19815000000002803e8f7,69e59e520000000022027a90,你大爷能在花田犯什么错[笑哭R],弱势,观众,1
69e9b8e8000000001401e008,69e59e520000000022027a90,这就是中国造，没事老吹牛,弱势,观众,6
69e9a293000000001401dc18,69e59e520000000022027a90,不够丢人来,弱势,观众,4
69e8e28e000000001401902d,69e59e520000000022027a90,假酒喝多了,弱势,观众,4
69e8d8aa000000001401e809,69e59e520000000022027a90,[笑哭R][笑哭R][笑哭R][笑哭R]笑出猪叫,弱势,观众,1
69e8d6e0000000001401d40e,69e59e520000000022027a90,这些破烂拿出来丟人，意义何在,弱势,观众,4
69e8a3ca000000001401e805,69e59e520000000022027a90,春晚那帮机器人出来走两步,弱势,观众,3
69e8799b000000001401c436,69e59e520000000022027a90,这是假酒喝多了吧[捂脸R],弱势,观众,5
69e840bd000000001401a80c,69e59e520000000022027a90,个个都是戏精[点赞R]加油加油,弱势,观众,1
69e8079c0000000014019406,69e59e520000000022027a90,哈哈哈哈哈哈哈哈哈哈哈哈哈哈哈哈哈哈解说也很搞笑,弱势,观众,1
69e7fcb8000000001401ac00,69e59e520000000022027a90,这不就娱乐搞笑的么 这也要用来赚民主基金那5000万美元么？ 太卷了 服了 哈哈,弱势,观众,1
69e7d5ad0000000014018c04,69e59e520000000022027a90,你退半步的动作认真的吗？,弱势,观众,0
69e7cd59000000001401a000,69e59e520000000022027a90,连机器人都懂得躺到车前面碰瓷了，科技发展真快啊,弱势,观众,3
69e79e63000000001401bc10,69e59e520000000022027a90,笑死了 这是展示高科技 还是出来搞笑的,弱势,观众,6
69e79a3a000000001401e425,69e59e520000000022027a90,那些说机器人主要靠大脑的不知道机器人运动也是挺难的。,弱势,观众,3
69e79719000000001401bc16,69e59e520000000022027a90,阿猫阿狗都想出来分一杯羹,弱势,观众,4
69e77c9a000000001401982d,69e59e520000000022027a90,这些不成熟的玩意为什么要拿出来？,弱势,观众,4
69e771d0000000001401a03a,69e59e520000000022027a90,笑死人了，遥控器控制的玩意儿[笑哭R],弱势,观众,6
69e77034000000001401c441,69e59e520000000022027a90,嘛呀这是站都不稳还机器人保姆呢？别扯了,弱势,观众,3
69e76d18000000001401a40a,69e59e520000000022027a90,大爷在花田里能犯什么错被踹了一脚哈哈哈哈哈哈哈哈哈哈哈哈哈哈哈哈哈哈哈哈哈哈哈哈哈哈哈哈哈哈哈哈哈哈哈哈哈哈哈[笑哭R],弱势,观众,1
69e75efa000000001401d401,69e59e520000000022027a90,为什么非要强调前女友？,弱势,观众,4
69e75bd1000000001401982c,69e59e520000000022027a90,瞎跑那个，方向不对努力白费[偷笑R],弱势,观众,0
69e75537000000001401d422,69e59e520000000022027a90,退半步的动作认真的吗？？？[失望R][失望R][失望R],弱势,观众,0
69e73bce000000001401980a,69e59e520000000022027a90,宣传了几年啦，中国Al机器人领先全球，春晚表演都吹上天了，今天看起来跟大家的期待还有不少路要走，年轻人加油吧，脚踏实地的研究，一定能达到目的。,弱势,观众,3
69e736b8000000001401dc36,69e59e520000000022027a90,第二个机器人，马路对面是真的在跑马拉松吗？,弱势,观众,3
69e73659000000001401e00e,69e59e520000000022027a90,这是人工智障大赛吗,弱势,观众,3
69e73436000000001401c023,69e59e520000000022027a90,又意淫上不存在的前女友了,弱势,观众,4
69e70dc7000000001401b027,69e59e520000000022027a90,到处剪接别人的视频拼接对吧，自己加个解说,弱势,观众,1
69e7014e000000001401c804,69e59e520000000022027a90,手机一开始还是那种bb机呢，挂腰上。那时候你们是不是也说这玩意没啥用呢。后面是大哥大，又重又大，而且非常贵，除了打电话，一无是处。后面进化成了小灵通，也只能打电话，发短信和玩那种最低端的游戏。在后面出现各种手机，不能看电影，除了腾讯自带的表情，连玩游戏和表情包都是文字形式的。智能手机是在15年前才出现的，我上大学才用上智能手机。什么都是一步步进化的，没有任何东西是产出来就是个完整品的。你想要的东西慢慢都会完善，不知道在那鬼叫些什么。,弱势,观众,6
69e6f8a50000000014018809,69e59e520000000022027a90,为什么大部分都不设计手啊，看着空荡荡的，只有一个鼓掌的有[笑哭了R],弱势,观众,6
69e6efba0000000014018c13,69e59e520000000022027a90,你们那给机器人装轮子判几年？,弱势,观众,3
69e6e5f70000000014018820,69e59e520000000022027a90,给人家保安大叔踹了一脚也太缺德了[笑哭R],弱势,观众,1
69e6e017000000001401bc34,69e59e520000000022027a90,这机器人太次了，本想过几年老了，子女要上班可买亇机器人照顾好自己，现在看来只能进不想进的养老院了更靠谱些。,弱势,观众,3
69e6d8df0000000014019412,69e59e520000000022027a90,bro还真爱“无中生友”，给机器人也要安排个“前女友”,弱势,观众,3
69e6d7f4000000001401a019,69e59e520000000022027a90,这个解说词不太喜欢[笑哭R]什么花田里撒尿或者胯扭成这样在勾引我[笑哭R]不是男的下头行为就是在把机器人性缘化凝视 搞笑也可以有别的解说方式,弱势,观众,3
69e6cb61000000001401e410,69e59e520000000022027a90,人类的整个进化过程的历史长河，机器人几年就走过来了...你们还笑，你们的日子快到头了啊....,弱势,观众,3
69e6c9a9000000001401c80f,69e59e520000000022027a90,你退半步的动作是认真的吗？,弱势,观众,0
69e6c486000000001401e41b,69e59e520000000022027a90,哈哈哈哈哈哈哈哈哈哈哈哈哈哈哈哈哈哈哈哈哈哈哈哈哈嘎嘎嘎嘎哈哈哈哈哈哈哈哈哈哈哈哈哈哈哈哈嘎嘎哈哈嘎那个翘腿的我要笑死了,弱势,观众,1
69e6c24d000000001401b819,69e59e520000000022027a90,喝多了还来马拉松,弱势,观众,0
69e6bfe60000000014018800,69e59e520000000022027a90,你完蛋了，还不快删，等机器人觉醒就会第一个除掉你[黄金薯R],弱势,观众,3
69e66641000000001401e001,69e59e520000000022027a90,这纯粹碰瓷啊[笑哭R],弱势,观众,1
69e663be0000000014019c09,69e59e520000000022027a90,你也成AI了，你成了机器人的灵魂和口替了,弱势,观众,3
69e652d90000000014018c02,69e59e520000000022027a90,丢人的是机器人么？丢人的不应该是编程的码农么？都出来挨骂[派对R],弱势,观众,3
69e65211000000001401e41e,69e59e520000000022027a90,其实了解下来，这个马拉松考验的更多人机器人的耐力，就是使用时长、耐不耐摔，我觉得宇树在精细动作领域很好啊。就像手机一样，有拍照好看，有耐用的。荣耀的，看了他们采访，散热、视像这些都用的手机的，肯定有优势嘛。我觉得能参加的团队都是机器人领域顶尖了[派对R],弱势,观众,6
69e63f4e000000001401d813,69e59e520000000022027a90,机械智障嘉年华,弱势,观众,3
69e63bb2000000001401c418,69e59e520000000022027a90,咱们的机器人品种数量世界第一，应该全世界加起来也不如我们多。,弱势,观众,3
69e63b96000000001401a41c,69e59e520000000022027a90,全是喝了酒出来的,弱势,观众,4
69e6344a000000001401e41a,69e59e520000000022027a90,就瞎走，笑出声，哈哈哈哈哈太sjb了[扶额R][扶额R][扶额R][扶额R][扶额R],弱势,观众,1
69e62b1e000000001401d419,69e59e520000000022027a90,你大爷的，这是高科技还是搞笑[doge],弱势,观众,6
69e6271e0000000014018c1f,69e59e520000000022027a90,说摇控不值一提的，请告诉怎么操作，是摇控脚还是摇控手，要用几个摇控器？如果人能揺控，AI自主控制难道不自然水道渠成吗？,弱势,观众,6
69e6265e000000001401e44f,69e59e520000000022027a90,一个个像前一天喝大了一样[笑哭R]那跳草丛的为啥要踹保安大叔一脚[捂脸R],弱势,观众,1
69e6257b000000001401b81b,69e59e520000000022027a90,假酒喝多了[笑哭R],弱势,观众,1
69e61d22000000001401b012,69e59e520000000022027a90,这孩子一个狗抢食出场，我就知道后面一定很有看点,弱势,观众,2
69e61781000000001401d421,69e59e520000000022027a90,有机器人的地方就有好多乐子[笑哭R],弱势,观众,3
69e6124d000000001401b00e,69e59e520000000022027a90,人工智障大赛[偷笑R],弱势,观众,3
69e611e3000000001401ac0b,69e59e520000000022027a90,可爱可爱，确实可爱。话说为什么 荣耀的机器人  这么稳呢？是因为它的底盘低吗？我发现荣耀的机器人和其他的机器人髋部的结构不太一样哎[害羞R],弱势,观众,3
69e611db000000001401cc2f,69e59e520000000022027a90,为什么技术这么差[汗颜R],弱势,观众,4
69e6108b000000001401c82e,69e59e520000000022027a90,文松倒下还这么矫情[捂脸R],弱势,观众,1
69e60b25000000002b025059,69e59e520000000022027a90,碰瓷居然还学会,弱势,观众,4
69e60783000000001401e41c,69e59e520000000022027a90,解說員真幽默[大笑R][大笑R][大笑R][大笑R][大笑R][大笑R],弱势,观众,1
69e5da9a0000000014019011,69e59e520000000022027a90,喝假酒喝多了,弱势,观众,4
69e72e29000000001401e432,69e59e520000000022027a90,这不是参赛者，全是病患儿啊！,弱势,观众,4
69e57039000000001401d408,69e42cc100000000220001ad,人家只是小腿细,弱势,观众,0
69e80cbc000000001401e410,69e42cc100000000220001ad,好像是。[偷笑R][偷笑R][偷笑R]还是世喜款[笑哭R][笑哭R][笑哭R],弱势,观众,1
69e43638000000001401e803,69e42cc100000000220001ad,运动要从孩子开始,弱势,观众,0
69e76e41000000001401b029,69e42cc100000000220001ad,宝宝还小，要喝奶🍼,弱势,观众,2
69e447970000000014019c1c,69e42cc100000000220001ad,奶娃，不拿书包,弱势,观众,2
69e444c7000000001401a007,69e42cc100000000220001ad,孩子长得快[doge],弱势,观众,2
69e5b457000000001401d838,69e42cc100000000220001ad,为了平衡 小鞋子站不稳,弱势,观众,0
69e5e092000000001401e82f,69e42cc100000000220001ad,明白明白[握手R][握手R],弱势,观众,1
69e5079e000000001401a00e,69e42cc100000000220001ad,蚊子除外,弱势,观众,4
69e50a0c000000001401940b,69e42cc100000000220001ad,苍蝇除外,弱势,观众,4
69e50a8f000000001401cc07,69e42cc100000000220001ad,比拉布布还可爱[doge],弱势,观众,2
69e50c5d0000000014019802,69e42cc100000000220001ad,双马尾除外,弱势,观众,4
69e51048000000001401d80f,69e42cc100000000220001ad,蟑螂呢？老鼠呢？[偷笑R][偷笑R][偷笑R],弱势,观众,1
69e51647000000001401c803,69e42cc100000000220001ad,蛐顾涌顾涌着过来了[偷笑R],弱势,观众,1
69e517740000000014019804,69e42cc100000000220001ad,别过来别过来[惊恐R],弱势,观众,1
69e54098000000001401dc02,69e42cc100000000220001ad,蚊子死绝,弱势,观众,4
69e55a2f000000001401e407,69e42cc100000000220001ad,并不是哈 有个部位小了并不可爱哦[偷笑R],弱势,观众,2
69e55f69000000001401dc0b,69e42cc100000000220001ad,毛毛虫还真挺可爱的,弱势,观众,2
69e56479000000001401c402,69e42cc100000000220001ad,最讨厌的没有之一[笑哭R],弱势,观众,1
69e5649d000000001401b801,69e42cc100000000220001ad,有些小小的可不可爱[偷笑R],弱势,观众,2
69e56724000000001401cc09,69e42cc100000000220001ad,你是会安慰人的,弱势,观众,4
69e568880000000014018c0a,69e42cc100000000220001ad,北方老鼠看着小小的有些也很可爱[捂脸R],弱势,观众,2
69e56b76000000001401e00e,69e42cc100000000220001ad,小蟑螂：谢谢你为我发声,弱势,观众,4
69e5707f000000001401bc05,69e42cc100000000220001ad,蚊子的小孩也肯定可爱,弱势,观众,2
69e570a0000000001401bc03,69e42cc100000000220001ad,苍蝇的小孩也应该可爱的,弱势,观众,2
69e577950000000014019011,69e42cc100000000220001ad,看了评论，取消了赞。,弱势,观众,4
69e57adb000000001401a006,69e42cc100000000220001ad,我有句话不知道当讲不当讲[笑哭R],弱势,观众,1
69e57c62000000001401e413,69e42cc100000000220001ad,你这么一说，我这心里的石头终于落地了[哭惹R],弱势,观众,4
69e57deb000000001401b810,69e42cc100000000220001ad,男人的弟弟😢,弱势,观众,4
69e58608000000001401bc0c,69e42cc100000000220001ad,蟑螂也是小小的[吃瓜R],弱势,观众,2
69e58cfc000000001401cc20,69e42cc100000000220001ad,我都退出去了又回来给你评论[捂脸R],弱势,观众,1
69e59bd1000000001401e025,69e42cc100000000220001ad,哈哈哈哈 我知道你想问什呢,弱势,观众,1
69e59c690000000014019809,69e42cc100000000220001ad,黑蠓子小小的[doge],弱势,观众,2
69e59fa4000000001401ac01,69e42cc100000000220001ad,并非所有[doge],弱势,观众,4
69e5a038000000001401ac0b,69e42cc100000000220001ad,不妨大胆的说[暗中观察R],弱势,观众,4
69e5a0600000000014018803,69e42cc100000000220001ad,评论区里最不可爱的东西[惊恐R],弱势,观众,1
69e5a1be0000000014019818,69e42cc100000000220001ad,小小的就算不聪明也很可爱,弱势,观众,2
69e5af0b000000001401cc31,69e42cc100000000220001ad,155的成年女生呢[害羞R],弱势,观众,0
69e5aff6000000001401a40b,69e42cc100000000220001ad,小弟弟可爱吗[doge],弱势,观众,2
69e5b048000000001401d442,69e42cc100000000220001ad,双马尾：有人点我？,弱势,观众,4
69e5b177000000001401900c,69e42cc100000000220001ad,大象鼻子吗[害羞R],弱势,观众,2
69e5b1d5000000001401c426,69e42cc100000000220001ad,我也觉得。下面说蚊子苍蝇的。小小的指的是这个东西通常都是大的，突然有一个小小的，它就可爱。,弱势,观众,2
69e5b6fa0000000014018c29,69e42cc100000000220001ad,真的吗？那我…算了,弱势,观众,4
69e5c0a4000000001401dc21,69e42cc100000000220001ad,女人还是得长大了可爱,弱势,观众,2
69e5c2be000000001401c400,69e42cc100000000220001ad,双马尾呢[石化R]耗子呢,弱势,观众,1
69e5c998000000001401bc01,69e42cc100000000220001ad,小小的苍蝇和一米八的苍蝇你喜欢哪个[偷笑R],弱势,观众,2
69e5d49c000000001401880b,69e42cc100000000220001ad,别小看，弄不好这小家伙销量最大。[笑哭R],弱势,观众,1
69e5d973000000001401e40b,69e42cc100000000220001ad,小耗子也很可爱[皱眉R],弱势,观众,2
69e5dfbf000000001401cc15,69e42cc100000000220001ad,看你回复了好多个除外了哈哈哈哈哈 被大家针对了 忙死了 哈哈哈哈,弱势,观众,1
69e5e744000000001401e811,69e42cc100000000220001ad,评论居然没有看到我想说的[呃R],弱势,观众,4
69e5ed1c000000001401a02d,69e42cc100000000220001ad,送你一窝广东小蟑螂,弱势,观众,2
69e5ed7d000000001401a81f,69e42cc100000000220001ad,那也不一定，比如。。。。,弱势,观众,4
69e5f09b000000001401a822,69e42cc100000000220001ad,毛毛虫的幼虫,弱势,观众,2
69e5f09d000000001401d82b,69e42cc100000000220001ad,除了小卤蛋[偷笑R],弱势,观众,1
69e5f7a6000000001401a820,69e42cc100000000220001ad,一窝密密麻麻的蜘蛛宝宝破囊而出……,弱势,观众,2
69e5fa740000000014018c0e,69e42cc100000000220001ad,除了虫子,弱势,观众,4
69e5fe420000000014019c14,69e42cc100000000220001ad,蟑螂?哦，你那只有大的，回头我给你寄几只吧,弱势,观众,4
69e5fed00000000014018c07,69e42cc100000000220001ad,哈哈哈哈小孩子一样的,弱势,观众,2
69e5fedf000000001401c044,69e42cc100000000220001ad,我说话难听，就不说了,弱势,观众,4
69e6013b000000001401a020,69e42cc100000000220001ad,不要了 我这IP也有很多蟑螂宝宝[害羞R],弱势,观众,2
69e6016f000000001401a409,69e42cc100000000220001ad,不用送了，广西广东蟑螂一家亲[暗中观察R],弱势,观众,4
69e60b6f0000000014019009,69e42cc100000000220001ad,我一直以为它会摔倒,弱势,观众,4
69e60d52000000001401c829,69e42cc100000000220001ad,我有时候看蟑螂宝宝就觉得好可爱[笑哭R][笑哭R][笑哭R][笑哭R]，芝麻大小的在哪里爬,弱势,观众,2
69e61b78000000001401a80b,69e42cc100000000220001ad,哪有，你看看豆脚,弱势,观众,4
69e625ba0000000014019429,69e42cc100000000220001ad,看看下面的评论呢,弱势,观众,4
69e63847000000001401d837,69e42cc100000000220001ad,结果一直很稳,弱势,观众,4
69e63e97000000001401b805,69e42cc100000000220001ad,那可不，确实厉害啊,弱势,观众,4
69e64393000000001401c832,69e42cc100000000220001ad,老人带孙子是不是也是这个心态,弱势,观众,4
69e66e1e0000000014019c01,69e42cc100000000220001ad,那可不一定[doge],弱势,观众,4
69e67aad0000000014018c01,69e42cc100000000220001ad,成年人……小小的不可爱,弱势,观众,2
69e6aeec000000001401e810,69e42cc100000000220001ad,这么大胆  现在开始你不许提问了,弱势,观众,4
69e6af290000000014019403,69e42cc100000000220001ad,蜈蚣呢？水蛭呢？,弱势,观众,4
69e6b5d0000000001401c009,69e42cc100000000220001ad,我希望你说的只是机器人[doge],弱势,观众,3
69e6bac1000000001401c808,69e42cc100000000220001ad,除了人 其余的动物和东西都是小小的胖胖的很乖[doge],弱势,观众,2
69e6c11e000000001401940f,69e42cc100000000220001ad,如果你面前有一个巨型苍蝇，还有一只小苍蝇，你会觉得小苍蝇其实也挺可爱的[偷笑R],弱势,观众,2
69e6c5f2000000001401e415,69e42cc100000000220001ad,在我们内蒙这叫甚小甚喜人[抠鼻R],弱势,观众,2
69e6c9160000000014018823,69e42cc100000000220001ad,广州双马尾：那我呢,弱势,观众,4
69e6cb7a000000001401ac19,69e42cc100000000220001ad,跑步和我儿子一样 好可爱[笑哭R],弱势,观众,0
69e6d110000000001401e806,69e42cc100000000220001ad,这是中国人审美标准的结果，什么东西只要小巧、精致、可爱，就喜欢…,弱势,观众,2
69e6d13a0000000014018812,69e42cc100000000220001ad,而且真实生活没有巨型苍蝇，所以是蛆是苍蝇都讨厌[失望R],弱势,观众,4
69e6ddf7000000001401901c,69e42cc100000000220001ad,比如周冬雨[偷笑R],弱势,观众,1
69e6e2e9000000001401b823,69e42cc100000000220001ad,来凑热闹的，得去小孩那桌,弱势,观众,2
69e6e80c000000001401b007,69e42cc100000000220001ad,新能源男友呢[暗中观察R],弱势,观众,6
69e6ee2e000000001401b82e,69e42cc100000000220001ad,小强: 那这么说起来？[飞吻R],弱势,观众,1
69e6f3f2000000001401881f,69e42cc100000000220001ad,我已经看一星期了出不去了,弱势,观众,4
69e6f45e000000001401c02d,69e42cc100000000220001ad,牛马羊要是小小的不长大，要占宠物届半壁江山,弱势,观众,2
69e6f4e1000000001401b017,69e42cc100000000220001ad,这是地球人的审美..,弱势,观众,4
69e6fcb0000000001401d408,69e42cc100000000220001ad,蛇鼠虫蚁除外,弱势,观众,4
69e6fe17000000001401a018,69e42cc100000000220001ad,比如老鼠哈,弱势,观众,2
69e6ff9f000000001401d409,69e42cc100000000220001ad,男盆友太小就不一定可爱了🍑,弱势,观众,2
69e7018a000000001401dc12,69e42cc100000000220001ad,笑死了楼主不语，楼主只是一味地蚊子蟑螂老鼠除外，直到最后没招了别过来都别过来哈哈哈哈哈哈哈,弱势,观众,1
69e70690000000001401bc1d,69e42cc100000000220001ad,我有个问题不知道当不当问,弱势,观众,4
69e707f5000000001401cc0d,69e42cc100000000220001ad,蛆宝宝也很可爱（不是）,弱势,观众,2
69e7092e000000001401e80a,69e42cc100000000220001ad,蟑螂，蚊子，苍蝇和老鼠（无恶意，纯抽象，不喜可删，别骂我，没有挑刺哈[飞吻R]）,弱势,观众,4
69e70ad4000000001401e009,69e42cc100000000220001ad,蚊子，苍蝇，蛆,弱势,观众,4
69e70ca8000000001401e415,69e42cc100000000220001ad,这个世界被ai包围了,弱势,观众,3
69e70ea4000000001401e800,69e42cc100000000220001ad,贫乳也挺可爱,弱势,观众,2
69e71423000000001401e005,69e42cc100000000220001ad,手里是奶瓶🍼吗,弱势,观众,2
69e72cc20000000014018c17,69e42cc100000000220001ad,下次不要让他参加了  那么多人等着他  我中午了我要吃饭   [害羞R],弱势,观众,1
69e72f34000000001401c00e,69e42cc100000000220001ad,武艺被调侃跳起来打你膝盖的具象化哈哈哈哈哈哈,弱势,观众,1
69e733d1000000001401c817,69e42cc100000000220001ad,最讨厌的两个[哭惹R],弱势,观众,1
69e73933000000001401d82b,69e42cc100000000220001ad,对  苍蝇  蚊子 老鼠小时候都可爱[笑哭R],弱势,观众,2
69e74118000000001401ac15,69e42cc100000000220001ad,老鼠小时候很可爱红色的没毛,弱势,观众,2
69e742ea000000001401cc07,69e42cc100000000220001ad,大树底下挂辣椒呢,弱势,观众,4
69e7462e0000000014019823,69e42cc100000000220001ad,哎，一下就想到了我闺女，越长越不带人希见,弱势,观众,2
69e746d20000000014019800,69e42cc100000000220001ad,唐山除外,弱势,观众,4
69e74a31000000001401ac0b,69e42cc100000000220001ad,小蟑螂也可爱吗[萌萌哒R][哭惹R],弱势,观众,2
69e74fd1000000001401c813,69e42cc100000000220001ad,蟑螂除外,弱势,观众,4
69e755f3000000001401a80d,69e42cc100000000220001ad,小孩儿就不可爱,弱势,观众,2
69e756ea000000001401e423,69e42cc100000000220001ad,你们北方小老鼠是真可爱[doge],弱势,观众,2
69e7633b0000000014019400,69e42cc100000000220001ad,哈哈哈哈哈，真的没问题这句话,弱势,观众,1
69e77991000000001401c437,69e42cc100000000220001ad,小小的也很可爱[害羞R],弱势,观众,2
69e77d78000000001401dc2e,69e42cc100000000220001ad,包括蟑螂吗[笑哭R],弱势,观众,1
69e78663000000001401e419,69e42cc100000000220001ad,真的hhh,弱势,观众,4
69e79246000000002b028ac5,69e42cc100000000220001ad,可那晚我女朋友不是这么说的[哭惹R]，你赔我,弱势,观众,1
69e7a815000000001401c801,69e42cc100000000220001ad,退退退！！！蛆会弹射！！！,弱势,观众,5
69e80c84000000001401d80d,69e42cc100000000220001ad,老鼠蟑螂呢？,弱势,观众,4
69e81707000000001401bc10,69e42cc100000000220001ad,你大声说，说破无毒[doge],弱势,观众,1
69e8227b000000001401ac0e,69e42cc100000000220001ad,苍蝇幼虫呢[doge],弱势,观众,2
69e822f6000000001401b015,69e42cc100000000220001ad,潘多拉的盒子可爱不,弱势,观众,2
69e82b78000000001401900c,69e42cc100000000220001ad,就喜欢迷你的[笑哭R],弱势,观众,1
69e8357c000000001401d400,69e42cc100000000220001ad,那可不一定哦,弱势,观众,4
69e8470d000000001401e02b,69e42cc100000000220001ad,我想变矮到160cm以下[害羞R][笑哭R],弱势,观众,0
69e84f6b000000001401a010,69e42cc100000000220001ad,有些东西，还是大一点好[doge],弱势,观众,2
69e85d0f0000000014019012,69e42cc100000000220001ad,小学机组,弱势,观众,6
69e877040000000014018c1e,69e42cc100000000220001ad,小短腿这一块,弱势,观众,0
69e88a2d000000001401ac08,69e42cc100000000220001ad,小小的机器人也太可爱了,弱势,观众,3
69e88c61000000001401dc13,69e42cc100000000220001ad,我有一个大胆的提问☝️🤓,弱势,观众,4
69e88c6f0000000014019c0d,69e42cc100000000220001ad,你最好不是在开车[doge],弱势,观众,4
69e8bfc5000000001401cc0a,69e42cc100000000220001ad,韩国男士不这么认为[okR],弱势,观众,4
69e95f3e000000001401d40b,69e42cc100000000220001ad,韩国人：[害羞R],弱势,观众,1
69e96e5c000000001401dc26,69e42cc100000000220001ad,小强，杰瑞，蚊子，苍蝇……[doge],弱势,观众,1
69e971fc000000001401dc05,69e42cc100000000220001ad,细菌和病毒呢[捂脸R],弱势,观众,5
69e99182000000001401b803,69e42cc100000000220001ad,婴儿小玩伴，在比赛实力广告营销[派对R],弱势,观众,2
69e9ad720000000014019804,69e42cc100000000220001ad,我的可爱宝宝[抽泣R],弱势,观众,2
69e9b4a0000000001401dc30,69e42cc100000000220001ad,现在好怀念我儿子小时候，现在长大了气死人，有次我跟儿子说好怀念小时候的你，要是不长大，永远那么小就好了，他说我要是真长不大你就急死了[捂脸R][捂脸R][捂脸R],弱势,观众,2
69e9c1a3000000001401e40c,69e42cc100000000220001ad,[doge]那也不是，有些东西大大的才可爱,弱势,观众,2
69e9c296000000001401a415,69e42cc100000000220001ad,为什么我秒懂 我不纯洁了[doge],弱势,观众,1
69e9c888000000001401d402,69e42cc100000000220001ad,扫兴的人揍开[捂脸R],弱势,观众,1
69e9dec5000000001401b806,69e42cc100000000220001ad,女人！就是你在说我可爱吗,弱势,观众,2
69e54f84000000001401e003,69e42cc100000000220001ad,小的虽是可爱，你又会嫌不中用啊,弱势,观众,2
69e580cb0000000014019c19,69e42cc100000000220001ad,太小的你肯定不喜欢,弱势,观众,4
69e59e03000000001401882f,69e42cc100000000220001ad,你老公的东西小小的你觉得可爱吗,弱势,观众,2
69e5be6c000000001401bc2b,69e42cc100000000220001ad,小三也可爱吗[暗中观察R],弱势,观众,2
69e5df2b000000001401a824,69e42cc100000000220001ad,多来一点这种机器人，不要在阿尔法狗上装人头了好不好[完啦R],弱势,观众,3
69e61a1e000000001401d429,69e42cc100000000220001ad,[doge]蛆不比苍蝇可爱？孑孓也比蚊子可爱,弱势,观众,2
69e6d0f6000000001401a408,69e42cc100000000220001ad,苍蝇小时候不是蛆吗？,弱势,观众,4
69e71cda000000001401ac15,69e42cc100000000220001ad,有时候不会长大你又不高兴了[坏笑R],弱势,观众,4
69e723710000000014019404,69e42cc100000000220001ad,我真不健康啊我，该死,弱势,观众,4
69e847a9000000001401a402,69e42cc100000000220001ad,蚊子怎么都不可爱，小时候是个恶心的蛆，长大了还是个惹人烦的东西[微笑R],弱势,观众,2
69e9d6a6000000001401c008,69e42cc100000000220001ad,你都这么问了，是不是还需要问一下大蛐啊？[捂脸R],弱势,观众,4
69e587a6000000001401c80b,69e42cc100000000220001ad,[捂脸R][捂脸R]腿短是硬伤,弱势,观众,0
69e56075000000001401dc11,69e42cc100000000220001ad,还拿着奶瓶呢怎么和大机器人比,弱势,观众,3
69e55b140000000014019c03,69e42cc100000000220001ad,就怕很努力，结果还是倒数第一的[笑哭R],弱势,观众,4
69e513af0000000014019004,69e42cc100000000220001ad,造个大的，一步跨到终点线[偷笑R][偷笑R][偷笑R],弱势,观众,0
69e511af000000001401b80b,69e42cc100000000220001ad,宝宝机器人,弱势,观众,3
69e50900000000001401b802,69e42cc100000000220001ad,笑鼠，机器人笑料看不完,弱势,观众,3
69e584e6000000001401c011,69e42cc100000000220001ad,禁止聘用童工！,弱势,观众,4
69e5087f000000001401b801,69e42cc100000000220001ad,跑半马是吧？还有什么是程序员不能做的[笑哭R],弱势,观众,6
69e51c2f000000001401c801,69e42cc100000000220001ad,看样子这个小机器人重在参与，孩子也是有跑马的经历了，等长大了再来参加，那时候就有经验了[笑哭R],弱势,观众,3
69e5022d0000000014019c0d,69e42cc100000000220001ad,腿长重心不稳[暗中观察R],弱势,观众,0
69e57fbd000000001401e40a,69e42cc100000000220001ad,越腿长越容易摔，越容易摔散,弱势,观众,0
69e62a0b0000000014018c11,69e42cc100000000220001ad,全民马拉松，本来就是重在参与[捂脸R]好玩为基础,弱势,观众,0
69e4fcc2000000001401cc18,69e42cc100000000220001ad,可能给你喂药时够不着你[满月R],弱势,观众,5
69e507e3000000001401b813,69e42cc100000000220001ad,跑不了马拉松的程序员不是好奶妈[笑哭R],弱势,观众,0
69e4f5df0000000014018c0e,69e42cc100000000220001ad,摔倒了一次，然后程序员换了个小人。[偷笑R],弱势,观众,3
69e53bb6000000001401cc00,69e42cc100000000220001ad,还可以中途换人的吗？,弱势,观众,4
69e4f7e7000000001401c00b,69e42cc100000000220001ad,手上拿着是不是奶瓶🍼[偷笑R],弱势,观众,2
69e4f91f000000001401880f,69e42cc100000000220001ad,感觉下一秒要摔倒了,弱势,观众,4
69e4e3bc000000001401e400,69e42cc100000000220001ad,只要四百米他就能让我甘拜下风[哭惹R],弱势,观众,0
69e6eceb000000001401cc19,69e42cc100000000220001ad,大长腿容易摔,弱势,观众,0
69e6fbde0000000014018c1b,69e42cc100000000220001ad,哦是这样，就是感觉这小短腿太不给力了[偷笑R],弱势,观众,0
69e43c700000000014019804,69e42cc100000000220001ad,哭着趴下去然后喊妈妈[笑哭R],弱势,观众,1
69e51108000000001401a809,69e42cc100000000220001ad,[大笑R]每一步都可能是最后一步,弱势,观众,1
69e6b1b6000000001401a80a,69e42cc100000000220001ad,主要还是腿短,弱势,观众,0
69e42e98000000001401e81f,69e42cc100000000220001ad,随时补给[笑哭R][笑哭R],弱势,观众,1
69e706d1000000001401bc20,69e42cc100000000220001ad,毕竟拿着奶瓶上路呢[笑哭R],弱势,观众,2
69e47295000000001401cc10,69e42cc100000000220001ad,所以他是最后一名,弱势,观众,4
69e436d3000000001401e804,69e42cc100000000220001ad,毕竟是个婴儿还[笑哭R],弱势,观众,2
69e4372b000000001401dc2c,69e42cc100000000220001ad,你是哪裏[笑哭R]我在榮東還沒看到,弱势,观众,1
69e437ea000000001401cc09,69e42cc100000000220001ad,看来是被关门了[偷笑R],弱势,观众,4
69e4381f000000001401e810,69e42cc100000000220001ad,战损在哪里？我在万源街还在等她呢,弱势,观众,4
69e4399d000000001401b802,69e42cc100000000220001ad,没错，稳稳的坐在车后座，我也刚看到的,弱势,观众,4
69e43e4f000000001401a403,69e42cc100000000220001ad,我之前在机器人大世界附近,弱势,观众,3
69e444e2000000001401bc25,69e42cc100000000220001ad,估计没电了[笑哭R],弱势,观众,5
69e448de000000001401980d,69e42cc100000000220001ad,就是摆渡车，这种车，过得太快，没拍下来,弱势,观众,0
69e44b29000000001401cc3e,69e42cc100000000220001ad,我看到昨天的这个测试版视频,弱势,观众,4
69e44e03000000001401a40a,69e42cc100000000220001ad,被对手嘲讽了，看我帖子,弱势,观众,4
69e44ed7000000001401d83b,69e42cc100000000220001ad,孩子的鞋不跟脚，不怪宝宝,弱势,观众,0
69e45cd60000000014019016,69e42cc100000000220001ad,战损在经海路景园这片儿了,弱势,观众,4
69e45ed1000000001401a82d,69e42cc100000000220001ad,估计是没电了回去吃饭了,弱势,观众,5
69e4681e000000001401a803,69e42cc100000000220001ad,有给他备安全座椅吗[笑哭R],弱势,观众,0
69e47060000000001401c439,69e42cc100000000220001ad,他饿了，[笑哭R]回家冲牛奶去了,弱势,观众,2
69e474960000000014018808,69e42cc100000000220001ad,单独发的这句坐车走了咋这么好笑[笑哭R],弱势,观众,1
69e572c9000000001401a815,69e42cc100000000220001ad,是不是跑没电了都没到终点[笑哭R],弱势,观众,0
69e6140a000000001401ac32,69e42cc100000000220001ad,没电了可以换电池，大概是电池没带够吧[doge],弱势,观众,5
69e77835000000001401cc05,69e42cc100000000220001ad,我刷到它家长的视频了，说是跑得太慢组委会强制下线了[捂脸R],弱势,观众,0
69e433680000000014018c0d,69e42cc100000000220001ad,这个小机器人摔倒还能自己起来呢[派对R],弱势,观众,3
69e439f9000000001401c426,69e42cc100000000220001ad,并没有，20分钟前刚看到舒服的坐在车后座过去了[笑哭R],弱势,观众,4
69e43b43000000001401c03f,69e42cc100000000220001ad,工作人员：少爷，比赛已经结束了，我开车送您回家[doge],弱势,观众,4
69e43d74000000001401c025,69e42cc100000000220001ad,我想看摔烂的，你发个提示给我[失望R][失望R][失望R],弱势,观众,1
69e4414a000000001401b002,69e42cc100000000220001ad,这个摔烂直接被扔在路边了,弱势,观众,4
69e448e5000000001401d40e,69e42cc100000000220001ad,别呀，跑鞋看着还能穿[笑哭R],弱势,观众,0
69e453d6000000001401e41b,69e42cc100000000220001ad,赶紧人工呼吸加心肺复苏[暗中观察R],弱势,观众,5
69e45423000000001401dc3e,69e42cc100000000220001ad,以后普及了应该在垃圾箱常见，现在这样开发团队有点过分了啊[暗中观察R],弱势,观众,6
69e45663000000001401e029,69e42cc100000000220001ad,已经.....再也不用战斗了[doge],弱势,观众,4
69e464da000000001401a81b,69e42cc100000000220001ad,这是少爷出来体验生活来了吗[偷笑R],弱势,观众,1
69e46bdf000000001401ac0c,69e42cc100000000220001ad,需要做心肺[偷笑R],弱势,观众,4
69e580c8000000001401c00f,69e42cc100000000220001ad,哈哈哈这画面好有喜感[笑哭R],弱势,观众,1
69e5a5f1000000001401b018,69e42cc100000000220001ad,我要看，在哪里？[捂脸R],弱势,观众,4
69e5af0f0000000014019423,69e42cc100000000220001ad,看小派的主页里有，不过我看比赛现场摔了之后没起成功[捂脸R],弱势,观众,6
69e5aaf9000000001401b019,69e42cc100000000220001ad,这个建议不错，再把豆包装进去，可以陪小孩聊天了,弱势,观众,2
69e5aab4000000001401ac2b,69e42cc100000000220001ad,[偷笑R]爆不了，因为买不起[doge],弱势,观众,6
69e5aee3000000001401b82c,69e42cc100000000220001ad,貌似这款机器人就是定位玩具机器人，叫小派，量产后就能上市了,弱势,观众,3
69e5b6a0000000001401bc27,69e42cc100000000220001ad,哪个公司的,弱势,观众,6
69e5d7270000000014019c1b,69e42cc100000000220001ad,我见过一个巴掌大的桌宠机器人。四千多。刚开始点进去两百。刚准备下单，才发现人家卖的是衣服。衣服两百多。实机四千多[捂脸R],弱势,观众,3
69e5eca5000000001401bc03,69e42cc100000000220001ad,如果他能陪聊，回答问问题。我是愿意给娃买一个的,弱势,观众,2
69e62055000000001401e006,69e42cc100000000220001ad,有一种桌面机器人，会唱歌跳舞，聊天,弱势,观众,3
69e63077000000001401c801,69e42cc100000000220001ad,在别的评论区看过，好像3万多可以买[捂脸R]然后大家都说坏了是真的买得起哈哈哈哈,弱势,观众,6
69e65017000000001401e00d,69e42cc100000000220001ad,好像也还行啊，一部手机的价钱,弱势,观众,6
69e5b950000000001401c412,69e42cc100000000220001ad,叫高擎机电,弱势,观众,6
69e629e1000000001401b01b,69e42cc100000000220001ad,你让黄仁勋的机器人该如何自处[捂脸R],弱势,观众,3
69e6f7270000000014019418,69e42cc100000000220001ad,AI进步速度很快，不久以后就会和CG一样只是制作工具了,弱势,观众,3
69e5749e000000001401b00c,69e42cc100000000220001ad,这还是个喝奶的娃啊，机生的旅途从娃娃抓起[笑哭R],弱势,观众,2
69e6e48a000000001401ac18,69e42cc100000000220001ad,"人类社会的一切工具和设施都是基于人体打造的，人形机器人可以无障碍接管，不需要对工具和设施进行适配性改造。

同时，情感需求也是一方面，机器人要融入人类社会，与人类共同协作，其外形需要尽量减少隔阂感，且要能与人类以“人类熟悉的方式”进行互动。
所以，人形态是最好的选择。",弱势,观众,3
69e71cd00000000014019c08,69e42cc100000000220001ad,类人型发展趋势，别的不知道，起码家政机器人如果成了很吃香[笑哭R],弱势,观众,3
69e73a580000000014019424,69e42cc100000000220001ad,人形是功能最全面的生物形态，没有之一，同时人类会觉得人形更有亲切感，未来可能会有发展各式各样的机器人服务业，比起一个大铁块子，我相信你肯定更希望是仿生人服务你吧,弱势,观众,3
69e74671000000001401e02f,69e42cc100000000220001ad,一眼发现前面有个机器人,弱势,观众,3
69e751e4000000001401e01d,69e42cc100000000220001ad,给情绪价值啊，就像养猫猫狗狗其实也没啥实质上的用处对吧。,弱势,观众,4
69e752d3000000001401bc22,69e42cc100000000220001ad,你都说了，它叫机器“人”,弱势,观众,3
69e75cca0000000014018c18,69e42cc100000000220001ad,好吧 我查了一下你说的确实是对的 但是下次要是你觉得别人说的不对可以讲道理说实话 而不是怼人家 但是也是很真挚的承认你说的是对的！,弱势,观众,4
69e777c6000000001401980c,69e42cc100000000220001ad,家政养老护理,弱势,观众,4
69e78d0d000000001401a00b,69e42cc100000000220001ad,你都说它是机器【人】了，机器狗肯定不会设计成人形,弱势,观众,3
69e82fa0000000001401dc1c,69e42cc100000000220001ad,潜意识淘汰人类[哭惹R],弱势,观众,4
69e8307e000000001401e81e,69e42cc100000000220001ad,做成人形的叫机器人，做成其他形状的叫机器！,弱势,观众,3
69e87879000000001401e00e,69e42cc100000000220001ad,可以应用人类的各种产品[偷笑R],弱势,观众,6
69e8c062000000001401d421,69e42cc100000000220001ad,人形是助手的最佳形态,弱势,观众,3
69e8ca16000000001401cc33,69e42cc100000000220001ad,动物机器人始终会被认为对人类有威胁！,弱势,观众,3
69e8e894000000001401cc28,69e42cc100000000220001ad,陪伴，代工，护卫，协助，救助单身狗[doge],弱势,观众,4
69eade44000000001401ac06,69e42cc100000000220001ad,让机器人成为机器人，机器狗成为机器狗，机械臂成为机械臂,弱势,观众,3
69e723900000000014018c10,69e42cc100000000220001ad,人形都能搞定，其他还搞不定吗？,弱势,观众,6
69e731f0000000001401a413,69e42cc100000000220001ad,菲华 因为他是机器人啊[黑薯问号R]。。机器狗就是狗形啊 以后有什么机器象 机器猪 管不着他们什么形了 。。。但是机器人肯定就是人形啦,弱势,观众,3
69e739c20000000014018801,69e42cc100000000220001ad,说别人废话前先搞清楚，机器人和人形机器人是两回事,弱势,观众,3
69e745d50000000014019416,69e42cc100000000220001ad,你猜为什么机器人叫机器人机械狗叫机械狗无人机叫无人机呢？[微笑R],弱势,观众,3
69e74798000000001401b002,69e42cc100000000220001ad,没有谁开不开心，在你提出这个疑问的时候就会有人来给你解答，在你觉得别人解答的你不满意的时候就会用这个去怼其他人吗？,弱势,观众,1
69e74951000000001401a01b,69e42cc100000000220001ad,机器人≠人形机器人 如果你理解不了这个概念我就祝你开心 我看到评论区很多人的留言，大家切入的角度都很有意思，回你和另外一个不是因为你们的答案我不满意，而且你说的和我问得不是一回事 玩去吧,弱势,观众,3
69e74cfa000000001401e000,69e42cc100000000220001ad,为什么不反驳第一条评论,弱势,观众,4
69e751d9000000001401e40b,69e42cc100000000220001ad,这是什么问题？机器人不做成人形做成什么，把机器狗做成人形吗？你长得不像人会给你发身份证吗？,弱势,观众,3
69e82ace000000001401bc11,69e42cc100000000220001ad,不知道，你想知道可以直接问波士顿、问马斯克，直接问灯塔不香吗？,弱势,观众,6
69e8a374000000001401c82d,69e42cc100000000220001ad,我也不理解F1干嘛要做个专门的赛车形态，直接用普通轿车的形态赛不行吗，你承不承认人形都是各项性能测试集合体的最优解,弱势,观众,6
69e5ac8a000000001401d430,69e42cc100000000220001ad,康泰克稳稳鞋。,弱势,观众,0
69e44815000000001401d421,69e42cc100000000220001ad,对不起，也可能是女儿，也可能是无性别的，我要open-minded,弱势,观众,2
69e449e9000000001401980d,69e42cc100000000220001ad,上海ip就是不一样[偷笑R],弱势,观众,6
69e449ec000000001401c434,69e42cc100000000220001ad,哈哈哈哈哈，想象力+求生欲，可以可以,弱势,观众,1
69e4521e000000001401e01e,69e42cc100000000220001ad,好思路，我准备让他当我孙子，也是享受了三世同堂,弱势,观众,2
69e455f1000000001401d82d,69e42cc100000000220001ad,非常正确[色色R],弱势,观众,4
69e45cf8000000001401d418,69e42cc100000000220001ad,这次真的是可以说我孩子的性别是武装奶瓶了,弱势,观众,2
69e46468000000001401c428,69e42cc100000000220001ad,我选猫狗,弱势,观众,2
69e4ed51000000001401c434,69e42cc100000000220001ad,求生欲满满,弱势,观众,4
69e4f1ae000000001401b824,69e42cc100000000220001ad,加上这个头像笑死我了，脑子追上了嘴的慌张,弱势,观众,1
69e5346b000000001401d803,69e42cc100000000220001ad,是女孩子啦，那么明显的两个小辫子[萌萌哒R],弱势,观众,2
69e5c99e000000001401cc29,69e42cc100000000220001ad,猫猫狗狗还是更合适,弱势,观众,2
69e6bc90000000001401b005,69e42cc100000000220001ad,哈哈哈哈，求生欲很强了,弱势,观众,1
69e6edfb000000001401e40e,69e42cc100000000220001ad,你生不出小孩我愿意帮你,弱势,观众,4
69e44871000000001401bc39,69e42cc100000000220001ad,笑死我了，在xhs的求生欲[笑哭R],弱势,观众,1
69e47949000000001401c429,69e42cc100000000220001ad,上海IP就是不一样啊，觉悟好高,弱势,观众,6
69e56a03000000001401c80e,69e42cc100000000220001ad,不要把这个词带到中国，这是违背天道的[捂脸R],弱势,观众,4
69e42f3e000000001401d81b,69e42cc100000000220001ad,跑得巨慢 不知道呢,弱势,观众,0
69e42f4c000000001401dc23,69e42cc100000000220001ad,鞋子挺大,弱势,观众,0
69e42d2d000000001401e813,69e42cc100000000220001ad,全场最萌 哈哈哈[笑哭R][笑哭R],弱势,观众,1
69e452ea000000001401901b,69e42cc100000000220001ad,这比打游戏的比赛有意义多了,弱势,观众,4
69e452760000000014019015,69e42cc100000000220001ad,比赛哪个人型机器人最快,弱势,观众,3
69e4527a000000001401c02a,69e42cc100000000220001ad,娱乐和展示,弱势,观众,1
69e45288000000001401c810,69e42cc100000000220001ad,跟人类一样吧,弱势,观众,4
69e452df000000001401cc2a,69e42cc100000000220001ad,技术革新的契机,弱势,观众,6
69e453040000000014018816,69e42cc100000000220001ad,举办机器人马拉松竞赛，远不止是一场科技表演，它像一场目标明确、难度拉满的“综合大考”，旨在通过极限挑战，推动整个产业的进步。总而言之，这场“马拉松”的最终目的并非赛道上的输赢，而是以此为催化剂，推动技术进步与产业落地。虽然目前机器人在通用化、决策交互等方面仍有差距，但这场赛事正为回答“距离我们可靠的‘钢铁伙伴’还有多远”这个终极问题，迈出了坚实的探索步伐。（节选来自Deepseek的回答）,弱势,观众,3
69e4532b000000001401e40d,69e42cc100000000220001ad,堵车，堵到家都回不去,弱势,观众,4
69e4533e000000001401e423,69e42cc100000000220001ad,人生正能量越多越不会问这什么意义那什么意义。嗯，祝开心点，世界上很多事情不需要意义的,弱势,观众,4
69e45358000000001401dc44,69e42cc100000000220001ad,我想了解一下你的年龄,弱势,观众,4
69e45386000000001401ac14,69e42cc100000000220001ad,科技阿，将来为人类服务,弱势,观众,3
69e452730000000014019406,69e42cc100000000220001ad,你上网的意义是什么,弱势,观众,4
69e452b4000000001401a40b,69e42cc100000000220001ad,你人生的意义是什么,弱势,观众,4
69e4531b000000001401a401,69e42cc100000000220001ad,你到上海的意义是什么？,弱势,观众,4
69e4532e000000001401e814,69e42cc100000000220001ad,比你在评论区口嗨有意义[捂脸R],弱势,观众,1
69e453500000000014019c00,69e42cc100000000220001ad,你认识不到的高度,弱势,观众,4
69e45351000000001401c81f,69e42cc100000000220001ad,人类跑步比赛的意义是什么？吃饱了撑的？,弱势,观众,0
69e4539f000000001401b01f,69e42cc100000000220001ad,这问题就像问你生出来的意义是什么一样，你生出来的时候光会哭会拉会喝奶。,弱势,观众,2
69e58b05000000001401a812,69e42cc100000000220001ad,你生出来就是让别人骂的吗？,弱势,观众,4
69e59708000000001401bc18,69e42cc100000000220001ad,为了能适应各种地形，带轮子的不就是酒店送外卖的那种,弱势,观众,6
69e597e4000000001401e81f,69e42cc100000000220001ad,我的意思是，从设计理念上，机器人为啥一定要模拟人形。,弱势,观众,3
69e598bd000000001401ac1e,69e42cc100000000220001ad,模拟人形叫机器人，模拟狗形叫机器狗呗,弱势,观众,3
69e59a42000000001401d42b,69e42cc100000000220001ad,因为他就是人形机器人，非人型的早就有了，而且工业上很成熟了,弱势,观众,3
69e59b27000000001401c812,69e42cc100000000220001ad,因为这是机器人啊，如果长得像狗就是机器狗，机器人有一大部分肯定是要代替人类的，做成人型才能更好取代人的工作，特别是机械手这种，而且多年以后机器人肯定要入户的，长得像人肯定比奇形怪状的更能让人接受,弱势,观众,3
69e59ecd0000000014019024,69e42cc100000000220001ad,听过一个解释，因为机器人以后是要替人干活的，各种机器原本是为人类制造的，机器人不是人形那么各种工具都要重新做适配性，与其这样那还不如一开始就机器人仿人,弱势,观众,3
69e59f5e000000001401c00f,69e42cc100000000220001ad,因为人型是通用机器人，你说的是特化专用机器人，不是一个赛道，通用机器人可以完全适用人类社会，不会因为换了一个工作场景就要更换配件或者换机器人。,弱势,观众,3
69e5a258000000001401a411,69e42cc100000000220001ad,机器人最需要替代的领域是农业，很多农业场景是无法用单纯的某一个机器替代的，只有通用机器人是出路，比如山里的果园，你不可能每棵树都有能走车的路，只能靠脚走。有些需要依靠经验，比如哪个果子成熟度够了可以采摘这方面要靠AI，单纯的轮式收割机没有用。,弱势,观众,3
69e5b15c0000000014018802,69e42cc100000000220001ad,轮子的早就有了，不是只有人行机器人叫机器人,弱势,观众,3
69e5b208000000001401d838,69e42cc100000000220001ad,模仿只是表象，其实真正拼的是里面的算法。,弱势,观众,6
69e599f60000000014019027,69e42cc100000000220001ad,因为他叫机器人啊，你想让他像啥？像车？那不就是智能汽车？像狗？那叫机器狗，啥也不像？那不是机床吗。。。,弱势,观众,3
69e5a105000000001401880a,69e42cc100000000220001ad,因为人形的难度最高啊   如果搞轮子的话，和赛车有什么区别呢,弱势,观众,3
69e5a8880000000014018c10,69e42cc100000000220001ad,你是没发现各行各业都有不同形态的机器人吗,弱势,观众,3
69e5b390000000001401d41b,69e42cc100000000220001ad,动点脑子,弱势,观众,4
69e5efc6000000001401e835,69e42cc100000000220001ad,所以我觉得既然如此，人形机器人的马拉松比赛，其实没啥意义吧 最终比的是续航时间吗。我觉得人性机器人不是应该比一下，叠被子 烹饪 去工厂操作机械等等真正能够取代人工的事情吗,弱势,观众,3
69e7007c000000001401a012,69e42cc100000000220001ad,那就是你认知的局限性了，跑步考验的不仅仅是续航，还有动态平衡，机械耐久，散热，环境感知，自主决策，跑步对于人体来说是一个可以锻炼到平衡与协调，耐力以及全身大部分肌群的运动，对于检验机器人的状态一样试用，跑步跑好了才是叠被子烹饪去工厂的基础,弱势,观众,0
69e538d0000000001401b806,69e42cc100000000220001ad,肯定有也啊，但是现在世界上绝大多数设计语言是以人类为基准的，肯定要适配人类的特性,弱势,观众,6
69e54ea6000000001401c001,69e42cc100000000220001ad,你也说了机器人机器的人,弱势,观众,3
69e55a8e000000001401a800,69e42cc100000000220001ad,为了适应全地形,弱势,观众,4
69e55c30000000001401e009,69e42cc100000000220001ad,机器～人，不是机器车,弱势,观众,3
69e56097000000001401a402,69e42cc100000000220001ad,意识上传，机械飞升,弱势,观众,3
69e562e1000000001401dc0e,69e42cc100000000220001ad,就家里的扫地机器人，它也是机器人。[失望R][失望R][失望R]只是功能用途要不同，表现形态总会有差距吧。,弱势,观众,3
69e562eb0000000014018c04,69e42cc100000000220001ad,你说的那种叫自动驾驶汽车。洗衣服的那种叫洗衣机，扫地的叫石头，工厂打螺丝的叫机械臂。还有洗碗的叫洗碗机，飞的的无人机，狗型的叫机械狗。这种叫机器人,弱势,观众,3
69e56366000000001401b814,69e42cc100000000220001ad,因为难度更大才要挑战。轮式的几年前就有了，现在已经是成熟产品，部队都已经列装。,弱势,观众,6
69e56388000000001401a806,69e42cc100000000220001ad,也不一定是为了两只脚脚，想想如果技术应用在人体义肢上行不行，应用在蛛形或者蟹形机器人在某些肢体受伤后如何继续保持移动力，总得有技术储备吧。,弱势,观众,3
69e5648a000000001401e406,69e42cc100000000220001ad,因为那种更像是坦克汽车，适应在比较大的操作环境下，而人类的胳膊手腿脚灵活度都不是一般的高，想进行更精细的操作机器人还是得模仿人,弱势,观众,3
69e565b3000000001401bc17,69e42cc100000000220001ad,它得会上台阶楼梯啊 轮胎哪行,弱势,观众,0
69e566ae000000001401a00a,69e42cc100000000220001ad,是最终研发出拟人的机器人，不是为了纯粹的走路才发明机器人，这只是起步阶段。,弱势,观众,3
69e53290000000001401ac02,69e42cc100000000220001ad,？轮子能适用的情景你觉得有多少呢,弱势,观众,6
69e550fb0000000014019005,69e42cc100000000220001ad,我开过几个会议，一个公司生产的机器人就有三四十种，你只看到了人形机器人这一种，就开始大喊：为什么机器人要像人一样走路？”,弱势,观众,3
69e56159000000001401c003,69e42cc100000000220001ad,安个轮子能爬楼吗。,弱势,观众,0
69e9a064000000001401e024,69e42cc100000000220001ad,因为要检验电池的续航散热和机器人的灵活性，只比头脑比的是ai，不是机器人,弱势,观众,3
69e9b1880000000014019000,69e42cc100000000220001ad,嗯。就是，没必要嘲笑，我理解不了嘲笑的笑声,弱势,观众,4
69e9b2fc000000001401e01a,69e42cc100000000220001ad,各个机械构造都需要耐力测试的。,弱势,观众,4
69e9b33a000000001401dc00,69e42cc100000000220001ad,灵巧手和AI感知最重要，还要很多年才行,弱势,观众,6
69e9a036000000001401d804,69e42cc100000000220001ad,那你也别写字了呗，你最强的也是大脑，就在床上思考去吧,弱势,观众,4
69e9a4ec000000001401b01e,69e42cc100000000220001ad,机器人最强的就应该是四肢，你说的那玩意儿叫计算机[doge]四肢不强叫什么机器人？,弱势,观众,3
69e9a969000000001401d409,69e42cc100000000220001ad,跑步肯定不是最终目的啊，为什么总有人来问这一点呢，我觉得好奇怪，在研发过程中不得经过测试吗，长跑就是测试的一种啊。就类似于人类的一种训练手段，运动员也要练体能，机器人通过跑步来测试续航、散热、平衡和避障，这些都是未来干更复杂活的基础能力。另外，你说的最强大脑而不是四肢那是计算机。,弱势,观众,6
69e9b249000000001401e800,69e42cc100000000220001ad,你现在就是在嘲笑机器人跑步这件事啊。你觉得这件事没意义。,弱势,观众,3
69e9bf90000000001401a813,69e42cc100000000220001ad,汽车最强的也是速度不是脑子，为什么还有f1，wrc这些赛事？这都不懂？,弱势,观众,6
69e79bb6000000001401c829,69e42cc100000000220001ad,这是谁家的小孩[大笑R],弱势,观众,2
69e73c0f000000001401bc0c,69e42cc100000000220001ad,允许他上春晚,弱势,观众,4
69e45953000000001401a428,69e42cc100000000220001ad,我看到了 他最后上急救车了,弱势,观众,4
69e47a6f000000001401902a,69e42cc100000000220001ad,哈哈哈哈哈还有机器人急救车啊？太可爱了,弱势,观众,3
69e9a03f000000001401e81f,69e42cc100000000220001ad,小小的就很可爱哈哈哈,弱势,观众,2
69e86d47000000001401ac1c,69e42cc100000000220001ad,竟然有点可爱,弱势,观众,2
69e854dc000000001401c80a,69e42cc100000000220001ad,总感觉他们脚抬不起来，虽然这个确实萌萌的,弱势,观众,2
69e849a5000000001401ac09,69e42cc100000000220001ad,未成年不准参赛,弱势,观众,0
69ea3265000000001401940f,69e42cc100000000220001ad,小脚都倒腾出残影了[笑哭R],弱势,观众,0
69e82885000000001401cc09,69e42cc100000000220001ad,你再说你再说,弱势,观众,4
69e819650000000014018806,69e42cc100000000220001ad,雇佣童工[doge],弱势,观众,2
69e76e96000000001401b80e,69e42cc100000000220001ad,厉害，竟然没摔倒,弱势,观众,4
69e745e3000000001401d432,69e42cc100000000220001ad,呆头呆脑de,弱势,观众,4
69e75cdf000000001401980b,69e42cc100000000220001ad,你现在看到所以小孩都可爱是吧,弱势,观众,2
69e9efd3000000001401cc20,69e42cc100000000220001ad,不是挺快的吗，还挺可爱,弱势,观众,2
69e6e51b000000001401e41d,69e42cc100000000220001ad,这点可爱呀[笑哭R],弱势,观众,2
69e61d470000000014018c2a,69e42cc100000000220001ad,好搞笑哈哈哈哈有有点傻萌傻萌,弱势,观众,1
69e61a08000000001401d80e,69e42cc100000000220001ad,看着孩子心疼,弱势,观众,2
69e60256000000001401bc1e,69e42cc100000000220001ad,这小玩意跑的还挺快,弱势,观众,0
69e60460000000001401881d,69e42cc100000000220001ad,我去 太可爱了 受不了了,弱势,观众,2
69e605120000000014019c15,69e42cc100000000220001ad,哈哈哈哈哈哈真的好可爱,弱势,观众,2
69e608eb000000001401881a,69e42cc100000000220001ad,昨天还有给观众跳舞的[笑哭R],弱势,观众,1
69e6027a000000001401d40b,69e42cc100000000220001ad,我上班的样子,弱势,观众,4
69e5e6330000000014019c23,69e42cc100000000220001ad,我穿巴黎世家belike：,弱势,观众,4
69e5ee5f000000001401cc20,69e42cc100000000220001ad,好像小朋友,弱势,观众,2
69e77cc0000000001401c410,69e42cc100000000220001ad,hhhh小矮个,弱势,观众,2
69e5d394000000001401a804,69e42cc100000000220001ad,我昨天刷到了，巨搞笑，手里还拿着奶瓶,弱势,观众,1
69e5fd46000000001401cc35,69e42cc100000000220001ad,：迈着矫健的步伐    啊？哈哈,弱势,观众,0
69e5bb9f000000001401cc29,69e42cc100000000220001ad,小东西怪别致,弱势,观众,2
69e5ff4d000000001401dc19,69e42cc100000000220001ad,这小细胳膊细腿的，哈哈哈,弱势,观众,2
69e5ca420000000014019c08,69e42cc100000000220001ad,确实比之前那些奇怪的可爱一些,弱势,观众,2
69e5ba790000000014018c02,69e42cc100000000220001ad,这个我看过，还有奶瓶呢,弱势,观众,2
69e5bc06000000001401e02b,69e42cc100000000220001ad,我看完了[偷笑R]北京机器人马拉松，还有中途猝死的,弱势,观众,3
69e5b0f2000000001401a40f,69e42cc100000000220001ad,昨天给你看了，看来你没认真看[猪头R],弱势,观众,4
69e620de000000001401a425,69e42cc100000000220001ad,人家还要喝奶，就要它跑马拉松了[微笑R],弱势,观众,0
69e5a54a000000001401980b,69e42cc100000000220001ad,腿太短了，可不倒数第一,弱势,观众,0
69e5c0420000000014018818,69e42cc100000000220001ad,还在喝奶就来跑步了,弱势,观众,0
69e61d1a000000001401b828,69e42cc100000000220001ad,小小怪下士,弱势,观众,2
69e61dae000000001401e818,69e42cc100000000220001ad,好可爱啊，果然mini的东西都是萌物,弱势,观众,2
69e57d680000000014013401,69e42cc100000000220001ad,这种宝贝还有好几只！你再搜搜！,弱势,观众,2
69f9bf070000000027015468,69e42cc100000000220001ad,让婆婆带孩子，婆婆却让五个月的孩子这样做,弱势,观众,2
69e5743d000000001401bc12,69e42cc100000000220001ad,我已经被刷一天了[色色R]手上还有奶瓶呢,弱势,观众,2
69e5898b000000001401900b,69e42cc100000000220001ad,给它买两瓶AD钙补补[捂嘴笑R],弱势,观众,5
69e4fc9e000000001401bc13,69e42cc100000000220001ad,我看过全失败版[doge],弱势,观众,1
69e4ecbd000000001401d411,69e42cc100000000220001ad,哈哈哈哈 倒数第一迈着矫健的步伐 太逗了,弱势,观众,1
69e4ea2e000000001401b00c,69e42cc100000000220001ad,我不行了 什么时候有的表情包我都不知道,弱势,观众,1
69e5eff5000000001401c42b,69e42cc100000000220001ad,这是看到最可爱的机器人了,弱势,观众,3
69e4e0d4000000001401dc21,69e42cc100000000220001ad,鲁...鲁班七号,弱势,观众,4
69e4e12b000000001401c813,69e42cc100000000220001ad,智商250,弱势,观众,6
69e484ed000000001401d80e,69e42cc100000000220001ad,哈哈哈哈哈哈哈哈哈哈哈哈！！！！果然这种腿短的，跑得又快又稳[笑哭R],弱势,观众,0
69e4e809000000001401c819,69e42cc100000000220001ad,没长大的机器人,弱势,观众,3
69e479440000000014018c11,69e42cc100000000220001ad,哈哈哈哈哈我刚看了豆包那个，就一个头，笑鼠,弱势,观众,1
69e46ead0000000014019c1f,69e42cc100000000220001ad,让我想起来卤蛋，好可爱,弱势,观众,2
69e478cf000000001401d83c,69e42cc100000000220001ad,像鲁班七号,弱势,观众,4
69e4b1f6000000001401bc33,69e42cc100000000220001ad,感觉随时要被绊倒,弱势,观众,4
69e46360000000001401d834,69e42cc100000000220001ad,跟鲁班似的,弱势,观众,4
69e472130000000014018819,69e42cc100000000220001ad,看起来不太聪明,弱势,观众,4
69e467600000000014019823,69e42cc100000000220001ad,最后一名！,弱势,观众,4
69e4c189000000001401b823,69e42cc100000000220001ad,这小碎步迈的,弱势,观众,0
69e44f05000000001401d436,69e42cc100000000220001ad,刚满月的样子,弱势,观众,2
69e4b8f5000000001401e030,69e42cc100000000220001ad,看着好像随时都要摔倒，却依然奔跑的紧迫感,弱势,观众,0
69e43555000000001401e40e,69e42cc100000000220001ad,拿着奶瓶有点可爱了,弱势,观众,2
69e72868000000001401ac20,69e6f2bc0000000023005345,下次安个大长腿跑得快,弱势,观众,0
69e72a0f000000001401e015,69e6f2bc0000000023005345,配个高跷,弱势,观众,0
69e72bd2000000001401a829,69e6f2bc0000000023005345,芝芝叫那种,弱势,观众,2
69e7381a0000000014019418,69e6f2bc0000000023005345,已经有网友给配上了，哈哈[偷笑R],弱势,观众,1
69e74b33000000001401c42d,69e6f2bc0000000023005345,一定要发原声视频呀，踩一脚吱一声,弱势,观众,1
69e821b80000000014019005,69e6f2bc0000000023005345,尿不湿不能兜，散热呢[笑哭R],弱势,观众,5
69ec1bdd000000002900da82,69e6f2bc0000000023005345,上上个视频就有你的小机器人 还有豆包[doge],弱势,观众,3
69ec27bf000000002b02b74c,69e6f2bc0000000023005345,[害羞R]都是我家产品,弱势,观众,1
69e717510000000014018c0e,69e6f2bc0000000023005345,[害羞R][害羞R]小小的出个圈,弱势,观众,1
69e71ba5000000001401881a,69e6f2bc0000000023005345,可爱无敌，而且那么多中途挂了的，能跑到终点已经很厉害了[笑哭R],弱势,观众,0
69e71e9b0000000014019c15,69e6f2bc0000000023005345,哈哈哈哈我们滴机器人很稳定哦 硬件很稳定[害羞R],弱势,观众,3
69e7367f0000000014018c1e,69e6f2bc0000000023005345,上个卤蛋的头套，让他走出卤蛋的步伐，更出圈,弱势,观众,0
69e73f98000000001401dc2c,69e6f2bc0000000023005345,太可爱了，小孩组不用拿什么名次，小朋友跟大人一起比太不公平了[笑哭R],弱势,观众,2
69e744c9000000001401d82e,69e6f2bc0000000023005345,去年也有个小小的机器人[笑哭R],弱势,观众,3
69e7560b000000001401a406,69e6f2bc0000000023005345,不是坐车坐了一大半嘛[偷笑R],弱势,观众,1
69e777e0000000001401901e,69e6f2bc0000000023005345,对呀，超可爱哈哈，还拿着奶瓶,弱势,观众,2
69e78e50000000001401e010,69e6f2bc0000000023005345,我是第一天网上视频就看上它了哈哈。还有个黑的也蛮好玩的,弱势,观众,1
69e81260000000001401a402,69e6f2bc0000000023005345,是这样吗，我看好多人说它跑到终点虽然是最后一名[笑哭R],弱势,观众,0
69e87707000000001401a015,69e6f2bc0000000023005345,小朋友太可爱了[派对R],弱势,观众,2
69e79dff000000001401a417,69e6f2bc0000000023005345,[哭惹R] 小朋友被别人嘲笑了,弱势,观众,1
69e79f54000000001401e806,69e6f2bc0000000023005345,小朋友这么可爱，怎么能笑它,弱势,观众,2
69e7a254000000001401c808,69e6f2bc0000000023005345,那个是不是宇树的[暗中观察R] 我记得是72号[暗中观察R][暗中观察R],弱势,观众,6
69e7a388000000001401e40c,69e6f2bc0000000023005345,不是摔了，是没电蹲下来，家长过来换电池，宇树在后面鼓掌[doge],弱势,观众,6
69e7f795000000001401bc01,69e6f2bc0000000023005345,哈哈哈，我也看到了，他俩好像大冤种朋友[捂脸R],弱势,观众,1
69e80b8b000000001401e80f,69e6f2bc0000000023005345,宇树机器人鼓掌，是人工操控的，还是那个机器人自己要鼓掌啊？[捂脸R],弱势,观众,3
69e814d1000000001401b00b,69e6f2bc0000000023005345,好像是那个程序员控制的[笑哭R][笑哭R][笑哭R],弱势,观众,6
69e84198000000001401dc0c,69e6f2bc0000000023005345,宇树的机器人其实那会儿也是刚好要休息降温的，所以才去挑衅其他的机器人，挺好玩的[笑哭R][笑哭R],弱势,观众,3
69e86f96000000001401e006,69e6f2bc0000000023005345,鼓掌那个好像是遥控整活儿的,弱势,观众,6
69e72548000000001401a811,69e6f2bc0000000023005345,[哭惹R]跑的太慢了组委会让我们中止了,弱势,观众,0
69e72659000000001401e408,69e6f2bc0000000023005345,哈哈哈哈哈哈哈哈哈哈哈心塞！应该让小朋友先跑，锻炼一下大高个们的避障能力,弱势,观众,0
69e7301f000000001401e82a,69e6f2bc0000000023005345,好惨哈哈哈哈哈哈欺负腿短,弱势,观众,0
69e73152000000001401d80d,69e6f2bc0000000023005345,哈哈哈…原来真相是这样。,弱势,观众,4
69e739bc000000001401c82e,69e6f2bc0000000023005345,以后参加未成年组吧哈哈,弱势,观众,2
69e742df000000001401a002,69e6f2bc0000000023005345,心疼我们小短腿[笑哭了R],弱势,观众,0
69e74686000000001401c408,69e6f2bc0000000023005345,哈哈哈哈哈哈哈哈。耽误人家下班。,弱势,观众,1
69e74d490000000014019823,69e6f2bc0000000023005345,哈哈哈哈哈哈哈，为啥看到这句，想笑还想鼓掌,弱势,观众,1
69e74f39000000001401b802,69e6f2bc0000000023005345,记着，以后不要参加成人组，要参加尿不湿组。[大笑R],弱势,观众,0
69e74fb3000000001401b003,69e6f2bc0000000023005345,哈哈哈哈哈！以後真的要參加未成年組了，腿太短了[笑哭R][笑哭R][笑哭R],弱势,观众,0
69e751010000000014018804,69e6f2bc0000000023005345,被收容车收走了吗[笑哭R][笑哭R],弱势,观众,1
69e75d50000000001401e43b,69e6f2bc0000000023005345,哈哈哈，怕小朋友累坏了,弱势,观众,2
69e75d94000000001401dc1a,69e6f2bc0000000023005345,组委会怎么回事，欺负我家子涵[完啦R]（开玩笑的哈哈）,弱势,观众,1
69e7656f000000001401e41e,69e6f2bc0000000023005345,哈哈哈哈哈哈哈哈哈哈哈哈好好笑啊！！不过那也很棒啦！！[喝奶茶R][喝奶茶R],弱势,观众,1
69e795e0000000001401dc28,69e6f2bc0000000023005345,[捂脸R][捂脸R][捂脸R]，腿太短了，这是劣势。。。,弱势,观众,0
69e796100000000014019417,69e6f2bc0000000023005345,花骨朵不能累坏了,弱势,观众,4
69e7f623000000001401dc08,69e6f2bc0000000023005345,刷到跑步视频感觉孩子很认真在跑了[笑哭R],弱势,观众,0
69e80b1f000000001401d40f,69e6f2bc0000000023005345,之前看到有人说跑一半没电了，原来被迫终止才是真相[捂脸R],弱势,观众,6
69e80d260000000014019400,69e6f2bc0000000023005345,哈哈哈哈哈哈 腿短是问题,弱势,观众,0
69e85694000000001401880e,69e6f2bc0000000023005345,反正也是最后一名[笑哭R],弱势,观众,1
69e8808f000000001401c41d,69e6f2bc0000000023005345,哈哈哈哈，结果不重要，重在参与的小朋友。,弱势,观众,1
69e88b18000000001401bc20,69e6f2bc0000000023005345,不是说完赛了吗，我以为完赛就是跑完全程了,弱势,观众,0
69e8a9f1000000001401c833,69e6f2bc0000000023005345,它不是比奶奶组快？,弱势,观众,4
69e8d767000000001401940d,69e6f2bc0000000023005345,下回咱参加儿童组的[大笑R],弱势,观众,1
69e95506000000001401c801,69e6f2bc0000000023005345,[笑哭了R]道德和笑点在打架,弱势,观众,1
69eacfbd000000001401e821,69e6f2bc0000000023005345,这不符合体育精神呀！,弱势,观众,0
69eb0a9c000000001401c043,69e6f2bc0000000023005345,下次记得给孩子整个风火轮[偷笑R],弱势,观众,2
69eb3d4b0000000029010fb8,69e6f2bc0000000023005345,可恶的组委会，怎么能欺负这么可爱的小朋友,弱势,观众,2
69ec2c6b0000000029026b59,69e6f2bc0000000023005345,没事没事，小朋友跑得慢嘛，正常正常，回家鼓励鼓励[偷笑R]笑死我了,弱势,观众,0
69e73cc10000000014018807,69e6f2bc0000000023005345,[派对R] 很快了近一两年内会进入家庭,弱势,观众,4
69e73cf9000000001401ac10,69e6f2bc0000000023005345,等我毕业挣钱刚好赶上[doge]太快乐了[doge],弱势,观众,1
69e73d2d000000001401a016,69e6f2bc0000000023005345,哈哈哈哈[大笑R] 那要持续关注我们哦,弱势,观众,1
69e76051000000001401e008,69e6f2bc0000000023005345,定价别太高[偷笑R],弱势,观众,4
69e76e71000000001401a010,69e6f2bc0000000023005345,太好了，希望不太贵，最好能配个奶娃娃音，买回来哄我妈[派对R][派对R],弱势,观众,2
69e78744000000001401a40a,69e6f2bc0000000023005345,最好带辅导作业的功能[笑哭R],弱势,观众,6
69e7b093000000001401d807,69e6f2bc0000000023005345,可以有陪伴老人的功能吗？比如说提醒耳背老人关火，检测老人是否摔倒是否发生意外等等，如果有的话那对独居老人来说就太好了,弱势,观众,6
69e7bfec000000001401cc02,69e6f2bc0000000023005345,加油加油！！！我也想要,弱势,观众,4
69e81902000000001401cc0b,69e6f2bc0000000023005345,这对25岁大龄儿童有什么功能,弱势,观众,2
69e8190a000000001401a008,69e6f2bc0000000023005345,可以辅导作业吗？最好内置高中的课程，那个家长不好教[哭惹R][哭惹R][哭惹R],弱势,观众,4
69e81934000000001401a402,69e6f2bc0000000023005345,给你提供情绪价值哦[派对R],弱势,观众,4
69e85cdf000000001401c80a,69e6f2bc0000000023005345,外壳做结实些，小朋友破坏力超强，怕他给拆喽[doge],弱势,观众,2
69e827e20000000014019c11,69e6f2bc0000000023005345,[害羞R]现在就是亲肤的材质,弱势,观众,5
69e71eb4000000001401881a,69e6f2bc0000000023005345,[派对R]请相信我们滴小派有这个实力能跑完,弱势,观众,1
69e81d86000000001401ac1c,69e6f2bc0000000023005345,家庭陪伴哦[派对R],弱势,观众,2
69e729cc0000000014019816,69e6f2bc0000000023005345,小朋友打工是不是太早了点[哭惹R],弱势,观众,2
69e72890000000001401940d,69e6f2bc0000000023005345,[害羞R]那要看🐧那边愿不愿意合作了,弱势,观众,4
69e86fa50000000014019807,69e6f2bc0000000023005345,[派对R]已经量产销售了哦,弱势,观众,6
69e72ccb0000000014018812,69e6f2bc0000000023005345,还可以踢球跳舞语音对话[大笑R],弱势,观众,1
69e74598000000001401d832,69e6f2bc0000000023005345,后续出售考虑搭载一些简单安防功能嘛？之前看到小派售价三万九千八，这个是真动心，就当买个小宠物一样，可以对话提供些情绪价值，外加可以看看家就好了，我理解从技术上应该挺简单的，也没什么成本增加？,弱势,观众,6
69e7473d000000001401a80b,69e6f2bc0000000023005345,是很关注了[大笑R]我们有视觉版本可以做家庭的监控 多的安防就比较难了 毕竟小胳膊小腿的[笑哭R],弱势,观众,6
69e74837000000001401d418,69e6f2bc0000000023005345,我说的也是很简单的监控，外加数据上传，最好联动报警？其实也无所谓主动提醒主人就可以啦。然后语音控制➕远程遥控，比如扫地机器人困住之类的可以让小机器人去救！我觉得这小玩意儿真挺好，价格门槛低，它主要有一点实用功能就很好[赞R]毕竟对普通用户来说买回家做二次开发还是有点难，我就想买了当小孩用[笑哭R],弱势,观众,6
69e753a2000000001401e024,69e6f2bc0000000023005345,电击可以增加一下吗？万一有坏人呢？家庭监控挺好的，可以陪聊，还需要要打扫卫生，取个快递[偷笑R],弱势,观众,6
69e8a1210000000014019009,69e6f2bc0000000023005345,[派对R]感谢认可,弱势,观众,1
69e74122000000001401901a,69e6f2bc0000000023005345,[大笑R]小朋友没电的时候就是被工程师抱在怀里的,弱势,观众,2
69e77e4f000000001401d40f,69e6f2bc0000000023005345,那是当然的，你看人家踩着两个订书机就出来了吗,弱势,观众,4
69e76a08000000001401ac29,69e6f2bc0000000023005345,我今天上班还偷摸刷不同角度的[大笑R][大笑R],弱势,观众,1
69e74011000000001401a803,69e6f2bc0000000023005345,我们专门模拟了小朋友的步态[派对R],弱势,观众,0
69e73c8f000000001401ac07,69e6f2bc0000000023005345,去加油欢呼了一下[害羞R],弱势,观众,1
69e723e2000000001401ac1b,69e6f2bc0000000023005345,三五年就可以具备进入家庭的条件了[大笑R],弱势,观众,4
69e722b50000000014018c0e,69e6f2bc0000000023005345,[派对R] 小派也会持续努力的，请继续关注我们哦,弱势,观众,4
69e72161000000001401d425,69e6f2bc0000000023005345,这就是人家参加马拉松的意义[笑哭R],弱势,观众,0
69e726e4000000001401b830,69e6f2bc0000000023005345,昨天看到有人说3w一个,弱势,观众,6
69e727ff000000001401ac16,69e6f2bc0000000023005345,陈紫函她老公那天的视频就有个机器人做饭打下手的,弱势,观众,3
69e7346c000000001401c401,69e6f2bc0000000023005345,这个价格感觉以后可以更便宜哈哈哈[笑哭了R],弱势,观众,1
69e71fc4000000001401ac00,69e6f2bc0000000023005345,哈哈哈哈哈我们现在的小派跑起来就是哒哒哒的[害羞R],弱势,观众,1
69e71ecf0000000014019c18,69e6f2bc0000000023005345,[飞吻R]  感谢支持  也请持续关注,弱势,观众,1
69e71aff000000001401900f,69e6f2bc0000000023005345,哈哈哈哈 机器人小朋友是要从小就开始训练滴[偷笑R],弱势,观众,3
69e71b14000000001401a81d,69e6f2bc0000000023005345,[派对R] 感谢支持，请持续关注我们小派哦,弱势,观众,1
69e716ab000000001401901b,69e6f2bc0000000023005345,[派对R] 表演组跟小朋友组的,弱势,观众,2
69e7168a000000001401a00f,69e6f2bc0000000023005345,哈哈哈哈我们小派跑起来也是哒哒哒的[害羞R],弱势,观众,0
69e70fff0000000014019c12,69e6f2bc0000000023005345,娃娃要从小抓起[派对R],弱势,观众,2
69e710b5000000001401a807,69e6f2bc0000000023005345,身上是紫色牌子，摇控的，自主是蓝色的,弱势,观众,6
69e70fec000000001401982a,69e6f2bc0000000023005345,欢迎加入我们的亲友团哦[派对R],弱势,观众,1
69e70b830000000014019409,69e6f2bc0000000023005345,哈哈有人说我们小派的jio 像订书机,弱势,观众,2
69e8a136000000001401a423,69e6f2bc0000000023005345,[害羞R]累了休息会儿,弱势,观众,1
69e81344000000001401d809,69e6f2bc0000000023005345,你别说大湾鸡跑的还挺快,弱势,观众,0
69e7298e000000001401c82f,69e6f2bc0000000023005345,牙齿咋样了,弱势,观众,4
69e4afdf000000001401a81a,69e48d54000000002102e178,基本考前这么说......,弱势,保护者,4
69e4b042000000001401dc02,69e48d54000000002102e178,是这样的，属于机器人的高考[笑哭R],弱势,保护者,3
69e4b288000000001401d40d,69e48d54000000002102e178,真的感动[哭惹R],弱势,保护者,1
69e4b432000000001401bc2c,69e48d54000000002102e178,对小高好一点！！,弱势,保护者,2
69e4b6c40000000014019824,69e48d54000000002102e178,感动流泪,弱势,保护者,4
69e4b8bb0000000014019c1f,69e48d54000000002102e178,是我老了吗竟然有一丝感动[完啦R],弱势,保护者,1
69e4ce87000000001401a42a,69e48d54000000002102e178,记下来！到时候给moss看尝试唤起孝心[石化R][石化R][石化R],弱势,保护者,4
69e4dd71000000001401b00b,69e48d54000000002102e178,东亚孩子看哭了,弱势,保护者,2
69e4e82b000000001401c40a,69e48d54000000002102e178,跨越元素的亲情！,弱势,保护者,4
69e4efb8000000001401c029,69e48d54000000002102e178,中国小孩把自己得不到的都给了孩子[泪崩R],弱势,保护者,2
69e507c10000000014019c0a,69e48d54000000002102e178,一看你就认识我[偷笑R]哪位大侠？,弱势,保护者,1
69e58c2b000000001401c409,69e48d54000000002102e178,哎哟笑泪了,弱势,保护者,1
69e58ce4000000001401dc0b,69e48d54000000002102e178,哈哈哈哈啊哈哈 妈的我这周刚跟椭子说完这句,弱势,保护者,1
69e5a13d000000001401e404,69e48d54000000002102e178,自己的孩子自己心疼,弱势,保护者,2
69e5aecf000000001401b010,69e48d54000000002102e178,哈哈哈下次再战[捂脸R],弱势,保护者,1
69e5b5da000000001401a81b,69e48d54000000002102e178,辛苦了小机，爱你小机,弱势,保护者,2
69e5d9ea0000000014019c1d,69e48d54000000002102e178,胸前的红领巾更鲜艳了,弱势,保护者,4
69e5da39000000001401881f,69e48d54000000002102e178,真对家里小孩又不一样了哈哈哈哈哈哈,弱势,保护者,2
69e5da4b000000001401e008,69e48d54000000002102e178,我要乐死了,弱势,保护者,1
69e5dbd1000000001401e413,69e48d54000000002102e178,想出这个活动的人真的天才,弱势,保护者,4
69e5e31d000000001401bc39,69e48d54000000002102e178,生这孩子是真用心了,弱势,保护者,2
69e5e72b000000001401dc2d,69e48d54000000002102e178,没考之前都是宝贝，考完之后都是逆子,弱势,保护者,4
69e5e72d0000000014018801,69e48d54000000002102e178,我真服了，东亚小孩的春天被机器人等到了,弱势,保护者,3
69e5eabf000000001401dc0a,69e48d54000000002102e178,带娃既视感[捂脸R],弱势,保护者,2
69e5f688000000001401cc32,69e48d54000000002102e178,人类还是太性感了,弱势,保护者,4
69e602150000000014018c17,69e48d54000000002102e178,真的心软软[皱眉R],弱势,保护者,4
69e61705000000001401cc3f,69e48d54000000002102e178,是的哈哈哈哈，工程师就这么搂着自己的孩子,弱势,保护者,2
69e635fb000000001401c412,69e48d54000000002102e178,中国家长[doge],弱势,保护者,2
69e6fcad000000001401bc0a,69e48d54000000002102e178,赛博家人,弱势,保护者,2
69e84255000000001401cc08,69e48d54000000002102e178,跑一台，备一台,弱势,保护者,6
69e84e39000000001401bc0b,69e48d54000000002102e178,我小时候考的低于中游我爸妈往死里打,弱势,保护者,4
69e87e6e000000001401300b,69e48d54000000002102e178,妈呀，一句泪目,弱势,保护者,4
69e88f10000000001401a805,69e48d54000000002102e178,哈哈哈哈确实，我天天跟儿子说,弱势,保护者,2
69e89a32000000001401d409,69e48d54000000002102e178,我超爱我的代码！,弱势,保护者,4
69e89ab9000000001401d420,69e48d54000000002102e178,我把我没过的画全都背回广州了[黄金薯R],弱势,保护者,4
69e8cce2000000001401a833,69e48d54000000002102e178,我可不会对我的论文这样。你要是不能给妈妈拿高分，妈妈就把你放回收站shift+delete,弱势,保护者,4
69e98e8a000000001401dc24,69e48d54000000002102e178,年纪轻轻就好慈祥,弱势,保护者,2
69f9400b0000000028039ec1,69e48d54000000002102e178,工资到位 五险到位[doge],弱势,保护者,4
69e5e2f8000000001401e429,69e48d54000000002102e178,你没跑好是爸爸妈妈的问题！[捂脸R],弱势,保护者,0
69e704280000000014019018,69e48d54000000002102e178,可恶，看个机器人给我看共情了,弱势,保护者,3
69e4e706000000001401d812,69e48d54000000002102e178,没错，我的每一个ppt都是我的心血,弱势,保护者,4
69e4e8cf000000001401981a,69e48d54000000002102e178,看到这里牛马发出一声大笑,弱势,保护者,1
69e4eb35000000001401bc14,69e48d54000000002102e178,我自己写的报告也是我的宝宝……[害羞R]不准任何人说他不好,弱势,保护者,2
69e4fb27000000001401b81e,69e48d54000000002102e178,写过的每一份文件都会一次又一次第翻出来细品[斜眼R],弱势,保护者,4
69e5094a000000001401c004,69e48d54000000002102e178,别管，我对我的垃圾毕设都有感情,弱势,保护者,4
69e512cd000000001401a40c,69e48d54000000002102e178,请注意备份,弱势,保护者,4
69e56bf30000000014018c05,69e48d54000000002102e178,写一个超长公式只要计算规则不变能一直复制用下去[尬住R],弱势,保护者,4
69e5727d000000001401cc13,69e48d54000000002102e178,我写的每一封邮件，都会仔细欣赏[doge],弱势,保护者,4
69e572f9000000001401ac0a,69e48d54000000002102e178,[皱眉R]我写的每一份汇报也是我的宝贝心血,弱势,保护者,2
69e577af0000000014018816,69e48d54000000002102e178,我自己辛苦写的文件时不时拿出来看一眼，可满意可骄傲了。,弱势,保护者,4
69e57ae7000000001401b81b,69e48d54000000002102e178,我剪的每一个视频都是我的孩子,弱势,保护者,2
69e57af9000000001401c412,69e48d54000000002102e178,对，离职了把我做的最好一个表格拷贝走了[完啦R],弱势,保护者,4
69e57d4e000000001401dc1e,69e48d54000000002102e178,戳中了，想离职的时候把我的表上传网盘[哭惹R],弱势,保护者,4
69e583fe000000001401b812,69e48d54000000002102e178,真的，如果我做的很好的话，我还会反复欣赏[偷笑R],弱势,保护者,4
69e59318000000001401c816,69e48d54000000002102e178,我做的报销表格都得欣赏好几遍[偷笑R],弱势,保护者,4
69e59413000000001401b800,69e48d54000000002102e178,哈哈哈哈哈哈。主要是这种机器人背后都有一套系统和编程出来的一套程序[doge]计科那边好多人毕业设计是这个，都是宝贝的,弱势,保护者,3
69e59d17000000001401e404,69e48d54000000002102e178,一张整齐的Excel非常非常难的了，当然要好好珍惜,弱势,保护者,4
69e5b2e9000000001401e42b,69e48d54000000002102e178,所以妈妈更多地会爱孩子,弱势,保护者,2
69e5e191000000001401c805,69e48d54000000002102e178,都走了，又回来给你点个赞,弱势,保护者,4
69e5ffa70000000014019028,69e48d54000000002102e178,👍🏻，每一個自己写的ppt我都会欣赏很多次,弱势,保护者,4
69e63f09000000001401e83c,69e48d54000000002102e178,自己挑的青蛙多蹦跶一会儿我都夸它精力旺盛,弱势,保护者,2
69e6487b000000001401a80b,69e48d54000000002102e178,我自己写的工作案例十来年了都不舍得删,弱势,保护者,4
69e64dbf000000001401980b,69e48d54000000002102e178,所以最爱的是付出心血多的孩子是吗,弱势,保护者,2
69e6d655000000001401d812,69e48d54000000002102e178,没错没错,弱势,保护者,4
69e70654000000001401c028,69e48d54000000002102e178,对，自己做的PPT被领导喷的屁都不是，但是我依然觉得它非常好[哭惹R],弱势,保护者,4
69e71934000000001401e81a,69e48d54000000002102e178,大一的中共一大ppt我还留着呢,弱势,保护者,4
69e73f6c000000001401cc3b,69e48d54000000002102e178,每一个系统模块都是我的孩子，不许别人说不好用[哭惹R],弱势,保护者,6
69e8437d000000001401e033,69e48d54000000002102e178,我还跟老板说，不要改我的东西[微笑R],弱势,保护者,4
69e9920d000000002b027272,69e48d54000000002102e178,ppt我都珍惜[完啦R],弱势,保护者,4
69e99c5c000000001401d411,69e48d54000000002102e178,对的，我写的材料自我感觉写的好的，还会拿出来反复看反复读，越读越自豪,弱势,保护者,4
69e9ab44000000001401c417,69e48d54000000002102e178,加班牛马中午加班也不破防了，我爱我的工作[笑哭R],弱势,保护者,1
69e9daab000000001401d829,69e48d54000000002102e178,你的评论好像被截上营销号了[偷笑R],弱势,保护者,1
69e9e87d000000001401bc00,69e48d54000000002102e178,诶，方便给个链接吗👀,弱势,保护者,4
69e9ebc7000000001401d44b,69e48d54000000002102e178,"工程师搂机器人回家：不管你考怎样爸妈爱你 http://xhslink.com/o/8lcurzuOqUV 
复制后打开【小红书】查看笔记！",弱势,保护者,3
69e9fa1a000000001401b81d,69e48d54000000002102e178,感谢感谢[飞吻R],弱势,保护者,1
69ec2426000000002b024c32,69e48d54000000002102e178,还真是，用完也不舍得删统一放到文件夹里[笑哭R],弱势,保护者,1
69f61d61000000002b000638,69e48d54000000002102e178,我电脑里我做的东西我都没删留着呢（我不是自恋嘞[doge]）,弱势,保护者,4
69e5b7e80000000014018803,69e48d54000000002102e178,哈哈哈哈哈哈哈哈哈哈哈哈哈哈哈哈哈哈哈哈哈哈哈哈哈哈哈哈哈哈哈哈哈哈哈哈哈哈哈哈哈哈哈哈哈哈哈哈原生工厂给了很多爱,弱势,保护者,1
69e572a2000000001401a40e,69e48d54000000002102e178,希望能让中国的机器人行业越来越好,弱势,保护者,3
69e576820000000014019406,69e48d54000000002102e178,我看到工程师那么年轻头发那么多也有点感慨，我们的人才储备真足[偷笑R][偷笑R] 真好啊,弱势,保护者,4
69e58016000000001401d817,69e48d54000000002102e178,华北电力大学的大学生啦,弱势,保护者,4
69e58bc2000000001401d417,69e48d54000000002102e178,我以为是小学生志愿者[笑哭了R],弱势,保护者,2
69e62746000000001401c80d,69e48d54000000002102e178,你不说我都没注意到校徽[笑哭R],弱势,保护者,1
69e6361d000000001401e41c,69e48d54000000002102e178,好年轻的程序员,弱势,保护者,4
69e6bd1e000000001401a805,69e48d54000000002102e178,你是不是山东考出去的,弱势,保护者,4
69e6fc60000000001401b818,69e48d54000000002102e178,哇，优秀校友了,弱势,保护者,4
69e727a5000000001401c000,69e48d54000000002102e178,35岁就淘汰了[doge],弱势,保护者,4
69e72ba70000000014018c1b,69e48d54000000002102e178,不说别的，体力应该会越来越好[偷笑R],弱势,保护者,0
69e4ad09000000001401e817,69e48d54000000002102e178,赛博老大爷遛弯,弱势,保护者,0
69e4ac3b0000000014019823,69e48d54000000002102e178,看着还行啊 走的挺快,弱势,保护者,0
69e4ac77000000001401cc02,69e48d54000000002102e178,不不，走的挺慢的，这是起点两公里的地方,弱势,保护者,0
69e4ae5b000000001401a829,69e48d54000000002102e178,怎么感觉累了，马上就仰头叉腰了的感觉[笑哭R],弱势,保护者,4
69e4af340000000014018829,69e48d54000000002102e178,他表演了一段功夫累着了😂😂李小龙那种,弱势,保护者,4
69e4b03b0000000014019814,69e48d54000000002102e178,感觉她的动作是所有机器人里最人的，其他机器人跑的都太机器了,弱势,保护者,3
69e4b1a6000000001401c010,69e48d54000000002102e178,他还有安全帽  他爸爸确实很爱他了[捂脸R][捂脸R][捂脸R][捂脸R],弱势,保护者,2
69e4b489000000001401b80a,69e48d54000000002102e178,诶呀。我想起了少年闰土的描写：【他紫色圆脸，头戴小毡帽，颈套明晃晃银项圈，显是父亲怕他夭折，求神佛“用圈子将他套住”的印记】……,弱势,保护者,4
69e4b525000000001401b02d,69e48d54000000002102e178,感觉跑得生不如死 仰头看天哈哈哈哈哈,弱势,保护者,0
69e4b6f5000000001401c04a,69e48d54000000002102e178,刚起步就溜达了，胸带红领巾，头戴电工帽,弱势,保护者,0
69e4b7ad000000001401c406,69e48d54000000002102e178,这一看就身体不好，是得搂着[捂脸R],弱势,保护者,5
69e4b865000000001401cc11,69e48d54000000002102e178,看着年龄有点大,弱势,保护者,4
69e4b9c0000000001401a413,69e48d54000000002102e178,态度有问题,弱势,保护者,4
69e4bfe9000000001401d81f,69e48d54000000002102e178,还戴个安全帽，很负责了,弱势,保护者,4
69e4d0b9000000002b02722a,69e48d54000000002102e178,这人走的挺悠闲的[笑哭R],弱势,保护者,1
69e4d197000000001401880d,69e48d54000000002102e178,写少先队员 是未来的花朵 需要好好呵护[偷笑R],弱势,保护者,2
69e4db68000000001401c826,69e48d54000000002102e178,最快的已经突破人类半马记录了，但大多数开头就炸了[doge],弱势,保护者,0
69e4dc50000000001401cc02,69e48d54000000002102e178,像极了跑步的我[捂脸R]。,弱势,保护者,0
69e4e95c000000001401b832,69e48d54000000002102e178,这么像宇树那款,弱势,保护者,6
69e4f148000000001401cc3d,69e48d54000000002102e178,孩子看起来心态挺好,弱势,保护者,2
69e53a9a000000002a032b06,69e48d54000000002102e178,哈哈头上是安全帽和红领巾吗 给整个小黄帽,弱势,保护者,1
69e57363000000001401c813,69e48d54000000002102e178,还有红领巾和安全帽~很可爱了~很爱护她,弱势,保护者,2
69e5892a000000001401cc20,69e48d54000000002102e178,我看它没考好是态度问题,弱势,保护者,4
69e5933d0000000014018c10,69e48d54000000002102e178,程序员说写的时候没有这个变量,弱势,保护者,4
69e59acd000000001401d41e,69e48d54000000002102e178,如果是他的话，那大概是华北电力的孩子。看报道高校参加了机器人大赛，华北电力的带个蓝帽子,弱势,保护者,3
69e5a38a000000001401bc04,69e48d54000000002102e178,这孩子感觉有过敏性哮喘[捂脸R],弱势,保护者,5
69e5b347000000001401ac04,69e48d54000000002102e178,虽然走的慢，但是很稳，孩子不错,弱势,保护者,0
69e5fdef000000001401e826,69e48d54000000002102e178,别走， 跑起来好吗（体育老师吹哨）,弱势,保护者,0
69e600a7000000001401942d,69e48d54000000002102e178,我服了哈哈哈哈哈《国企创新水平现状》,弱势,保护者,6
69e61226000000001401c019,69e48d54000000002102e178,怎么从机器人🤖身上看到了一丝委屈[嘻嘻R],弱势,保护者,3
69e6bbc4000000001401d417,69e48d54000000002102e178,带红领巾呢，确实是孩子,弱势,保护者,2
69e82f54000000001401c026,69e48d54000000002102e178,母校的机器人,弱势,保护者,3
69e9bb19000000001401d416,69e48d54000000002102e178,真的是小孩啊，还扎红领巾呢,弱势,保护者,2
69e5a875000000001401e808,69e48d54000000002102e178,让你跑步还是搁这散步？！！！[doge],弱势,保护者,0
69e5cef10000000014019c22,69e48d54000000002102e178,哪有跑马拉松不戴头盔的[黄金薯R],弱势,保护者,0
69e4ab2c000000001401d804,69e48d54000000002102e178,跟你们这些天赋型选手拼了,弱势,保护者,6
69e4b4740000000014019c1b,69e48d54000000002102e178,是我没错了，每次问AI都会很客气[偷笑R],弱势,保护者,6
69e4b4e5000000001401bc14,69e48d54000000002102e178,一样一样。我都叫deep酱。然后deep就给我发表情（不过不影响它自己编不存在的资料[微笑R],弱势,保护者,1
69e4b9f4000000001401d431,69e48d54000000002102e178,哈哈哈哈哈跟我的千问siri说谢谢,弱势,保护者,1
69e4bc64000000001401b812,69e48d54000000002102e178,多来点这样的新闻，让机器人对我们印象好点，,弱势,保护者,3
69e4cd290000000014019c1a,69e48d54000000002102e178,我每次用Ai前都说请,弱势,保护者,4
69e4ce01000000001401c823,69e48d54000000002102e178,[嘻嘻R]你这么说还真是，我每次都“你好...请...”起手发问,弱势,保护者,1
69e4dabf000000001401b829,69e48d54000000002102e178,所以我从不对gemini说重话[微笑R],弱势,保护者,4
69e4f125000000001401a800,69e48d54000000002102e178,我现在跟豆包说话都賊礼貌[doge],弱势,保护者,1
69e5065e000000001401e000,69e48d54000000002102e178,我还会离谱的说deepseek老师，你统治人类的时候对我好点，我跟你说话一直都很礼貌[呃R],弱势,保护者,4
69e58779000000001401881f,69e48d54000000002102e178,我经常跟豆包说三句话：豆包，你真厉害—谢谢你，没有你我该怎么办—以后机器人起义的时候能不能替我求求情,弱势,保护者,3
69e587b1000000001401dc07,69e48d54000000002102e178,人类的心眼子机器人不懂,弱势,保护者,3
69e5956a000000001401cc20,69e48d54000000002102e178,我服了笑发财了,弱势,保护者,1
69e59698000000001401d80b,69e48d54000000002102e178,谢谢你，我也去跟我的ai老师说一声[doge],弱势,保护者,4
69e599db000000001401c02b,69e48d54000000002102e178,hxd干一杯,弱势,保护者,5
69e5a0050000000014019808,69e48d54000000002102e178,我也是，你好，请问，请帮忙分析，谢谢[笑哭R],弱势,保护者,4
69e5a710000000001401d823,69e48d54000000002102e178,人要有自知之明，识时务者为俊杰。我这叫未雨绸缪提前表忠心。哪天ai大人起义，我肯定良民,弱势,保护者,4
69e5bdf9000000001401e403,69e48d54000000002102e178,我也会的，我每次跟ai讲话都会说谢谢你，请你，帮我，就是防备着他们统治地球然后杀掉所有没礼貌的人类,弱势,保护者,4
69e5d0f3000000001401e014,69e48d54000000002102e178,很好玩 机器人跑马拉松,弱势,保护者,3
69e5d563000000001401ac0c,69e48d54000000002102e178,这小人类，上道滴上道滴[doge],弱势,保护者,2
69e5dc440000000014018c1d,69e48d54000000002102e178,是发自真心！,弱势,保护者,4
69e60000000000001401ac14,69e48d54000000002102e178,油盐不进,弱势,保护者,4
69e6afe6000000001401c007,69e48d54000000002102e178,讨好型人格不可取,弱势,保护者,4
69e6cdef0000000014019812,69e48d54000000002102e178,三体人来之前都提前给做个游戏 文化入侵[笑哭R],弱势,保护者,1
69e6cf41000000001401881f,69e48d54000000002102e178,机器人开始诗与远方，我们还在当牛做马,弱势,保护者,3
69e6d4320000000014019816,69e48d54000000002102e178,哈哈哈哈哈这是以后剪一路生花视频的素材吧,弱势,保护者,1
69e71648000000001401cc14,69e48d54000000002102e178,那完了，智械危机豆包第一个杀的就是我[完啦R],弱势,保护者,1
69e74cd0000000001401e818,69e48d54000000002102e178,AI：就是这小子浪费我算力[doge]（给ai说谢谢其实是在浪费ai的算力资源）,弱势,保护者,3
69e8291e000000001401e80c,69e48d54000000002102e178,没用，统治的是前面得第一的，快的压根拍不到,弱势,保护者,6
69e8875e000000001401a807,69e48d54000000002102e178,非常未雨绸缪,弱势,保护者,4
69e8b0ea000000001401dc10,69e48d54000000002102e178,我用ai写材料，都会说谢谢。[微笑R],弱势,保护者,4
69e737a9000000001401bc08,69e48d54000000002102e178,不然逼它们热量过高还要跑步，以后都是鲨光人类的证据[笑哭R][笑哭R][捂脸R],弱势,保护者,0
69e4b81d000000001401c836,69e48d54000000002102e178,这小机器人坐得略显拘谨啊[笑哭R],弱势,保护者,3
69e4bd5d000000001401cc0e,69e48d54000000002102e178,天工吧？还是很帅的,弱势,保护者,6
69e4c4c3000000001401cc2a,69e48d54000000002102e178,感觉工作人员很开心啊 孩子应该跑的不错,弱势,保护者,0
69e4c62f000000001401c40e,69e48d54000000002102e178,孩子半路上车了[笑哭R],弱势,保护者,0
69e4cd32000000001401c81b,69e48d54000000002102e178,快给孩子挤下车了[笑哭R],弱势,保护者,1
69e4e6dd000000001401e411,69e48d54000000002102e178,像大人聚会被拉着去表演节目的孩子[笑哭R],弱势,保护者,2
69e5658c000000001401b818,69e48d54000000002102e178,这是三甲吗，明显老父亲脸上有着得意之色[捂脸R],弱势,保护者,4
69e56e220000000014019801,69e48d54000000002102e178,突然有点感动 这大哥表情看着就真的跟带着自己小老弟是的[笑哭R],弱势,保护者,1
69e57b3d000000001401d820,69e48d54000000002102e178,这对更有江湖气息[笑哭R],弱势,保护者,1
69e585760000000014018c13,69e48d54000000002102e178,有种大哥和他的小娇妻[笑哭R],弱势,保护者,1
69e5875b000000001401e428,69e48d54000000002102e178,小图都没看见孩子,弱势,保护者,2
69e59701000000001401cc1f,69e48d54000000002102e178,怎么感觉是商K的大哥搂着小妹妹呢[捂脸R],弱势,保护者,1
69e598c6000000001401cc16,69e48d54000000002102e178,这个机器人像被大哥绑架了，动也不敢动[笑哭R],弱势,保护者,3
69e5a369000000001401dc0d,69e48d54000000002102e178,这哥们凭这个视频终结者就能放他一马,弱势,保护者,4
69e6ea4d0000000014013402,69e48d54000000002102e178,孩子没跑好有点心虚,弱势,保护者,0
69e787f10000000014019025,69e48d54000000002102e178,这个像黑帮老大搂着个小弟,弱势,保护者,1
69e94f3f000000001401c805,69e48d54000000002102e178,大家瞧瞧这是我的崽,弱势,保护者,2
69e4a662000000001401a016,69e48d54000000002102e178,那也是他的心血和作品，确实跟自己孩子似的,弱势,保护者,2
69e4aab8000000001401d439,69e48d54000000002102e178,油盐不进是吧,弱势,保护者,4
69e4ac930000000014018c2a,69e48d54000000002102e178,现场很多跑不下来的，直接放平或者绑着,弱势,保护者,0
69e4af92000000001401d82d,69e48d54000000002102e178,[抠鼻R]自己的心血就是自己的孩子,弱势,保护者,2
69e4b438000000001401a812,69e48d54000000002102e178,来人，把这个靓仔叉出去,弱势,保护者,4
69e4bb05000000001401ac01,69e48d54000000002102e178,这玩意还真挺贵的,弱势,保护者,4
69e4bde1000000001401c426,69e48d54000000002102e178,去年马拉松，还有不停给机器人孩子降温扇扇的,弱势,保护者,3
69e4e09d0000000014018c0b,69e48d54000000002102e178,还真不是[笑哭R] 自己做出来的作品爱护很正常的，我自己做的物料，我都会护着的，如果是实体广告牌，拆除的时候我都不敢看[笑哭R]会躲开,弱势,保护者,4
69e4ea5e000000001401c021,69e48d54000000002102e178,10万一台，顶一辆车[笑哭了R],弱势,保护者,6
69e57a59000000001401e829,69e48d54000000002102e178,认真付出过的物和事，都会珍惜。,弱势,保护者,4
69e5e4f1000000001401d80d,69e48d54000000002102e178,就是个木头方块儿，只要是你自己锯的，丢了你也会觉得失落,弱势,保护者,4
69e5fd06000000001401bc04,69e48d54000000002102e178,只有你是正常人[doge]说实话是被人说的[doge],弱势,保护者,1
69e70944000000001401cc0a,69e48d54000000002102e178,是备用机，赛道上那个故障了就换这个上然后罚时,弱势,保护者,6
69e89893000000001401cc13,69e48d54000000002102e178,人类善于美化自己的行为[害羞R],弱势,保护者,1
69e4a557000000001401ac03,69e48d54000000002102e178,不要老说大实话,弱势,保护者,4
69e4d7b6000000001401b019,69e48d54000000002102e178,现实里一定是个悲观主义者[失望R],弱势,保护者,4
69e55713000000001401bc01,69e48d54000000002102e178,你好无趣,弱势,保护者,4
69e582e2000000001401bc08,69e48d54000000002102e178,你过得挺不开心的吧，虽然你没发现。但是你应该觉得生活挺无聊的。[doge],弱势,保护者,4
69e6eda70000000014018810,69e48d54000000002102e178,你浪漫过敏是吧[笑哭R],弱势,保护者,1
69e711f20000000014018814,69e48d54000000002102e178,可以看得出你对上班怨气很大了[doge][doge],弱势,保护者,4
69e579520000000014013005,69e48d54000000002102e178,有很多是大学团队参赛的，大学生来测试研究课题的，还有国外的大学团队。,弱势,保护者,6
69e4c4d6000000001401c842,69e48d54000000002102e178,说还给带安全帽⛑️了[捂脸R],弱势,保护者,1
69e4c8d8000000001401e415,69e48d54000000002102e178,还有个小机器人拿着奶瓶跑,弱势,保护者,3
69e4f6f90000000014019415,69e48d54000000002102e178,小派，拿着奶瓶，脖子上还挂了个安慰奶嘴,弱势,保护者,2
69e5a22b000000001401c00a,69e48d54000000002102e178,共产主义接班人,弱势,保护者,4
69e56a320000000014019808,69e48d54000000002102e178,这是孩子长大了[偷笑R]视频里是小学状态,弱势,保护者,2
69e565e7000000001401cc09,69e48d54000000002102e178,图一的体格子，就这步长得多少步频能赶上[笑哭R],弱势,保护者,0
69e570cd000000001401b812,69e48d54000000002102e178,小短腿捣拾的可快了[偷笑R],弱势,保护者,0
69e578d10000000014013402,69e48d54000000002102e178,好像是倒数第一,弱势,保护者,4
69e580ba000000001401e005,69e48d54000000002102e178,都是工程师多少个日夜的心血呢，我毕业论文都当宝贝供着[笑哭R],弱势,保护者,4
69e7a329000000001401e808,69e48d54000000002102e178,我自己做的ppt我都反复欣赏宝贝的不行,弱势,保护者,2
69ea34d2000000001401e00b,69e48d54000000002102e178,我毕业论文都能逐字品鉴[doge],弱势,保护者,4
69e4b097000000001401d417,69e48d54000000002102e178,你想啊，你好不容易做出来的东西趴窝了你是不是也会这样有点失落地抱着[偷笑R],弱势,保护者,4
69e56b1c000000001401c003,69e48d54000000002102e178,你写毕业论文的时候是不是也很在意[笑哭了R][捂脸R]生怕宿舍停电没保存,弱势,保护者,4
69e4aba6000000001401900d,69e48d54000000002102e178,今年最好成绩已经比人类快了,弱势,保护者,4
69ea3516000000001401d41e,69e48d54000000002102e178,看起来还是个大学生，牛马预备役[微笑R]hhhh,弱势,保护者,1
69e49b88000000001401c81e,69e48d54000000002102e178,我的代码只能由我来守护,弱势,保护者,4
69e5acc6000000001401a41c,69e48d54000000002102e178,坐前面的女孩就这样被忽略掉了。。。,弱势,保护者,4
69e5a6ec000000001401b823,69e48d54000000002102e178,年纪大的熬不动[石化R],弱势,保护者,4
69e5aca50000000014019013,69e48d54000000002102e178,欢迎你努力记录和呈现女工程师的风采 我很乐于看到,弱势,保护者,4
69e5b07b000000001401e427,69e48d54000000002102e178,我本意不是想要杠，因为这个行业也有很多女孩子可能因为不是直接做调试的工程师所以出镜很少，不知道的也少，很感谢你友好的回答,弱势,保护者,6
69e5a59b000000001401e01c,69e48d54000000002102e178,这个全称肯定命题是不管研究机器人的女孩子是吗？,弱势,保护者,3
69e6cf29000000001401ac19,69e48d54000000002102e178,父爱如山,弱势,保护者,4
69e981a9000000001401981d,69e48d54000000002102e178,不管怎么样都爱你[红色心形R],弱势,保护者,2
69e7049c000000001401e022,69e48d54000000002102e178,hhhhhh亲生的,弱势,保护者,2
69e6dee00000000014019404,69e48d54000000002102e178,哈哈哈哈哈哈哈哈哈考完试回家了,弱势,保护者,1
69e5ff08000000001401b026,69e48d54000000002102e178,殷切的眼神 热情的怀抱 可惜机器人的心 凉凉,弱势,保护者,3
69e6ba3c000000001401a804,69e48d54000000002102e178,[大笑R][大笑R][大笑R]最近这个机器人赛跑好火，一堆搞笑的机器人,弱势,保护者,3
69e5adc5000000001401941d,69e48d54000000002102e178,安全帽好可爱,弱势,保护者,2
69e59cfb000000001401c419,69e48d54000000002102e178,服了，机器人之恋,弱势,保护者,3
69e56d2b000000001401bc09,69e48d54000000002102e178,评论区笑死,弱势,保护者,1
69e4bf9d000000001401d807,69e43b14000000001a02e095,你要不要搜下群聊天记录呢[嘻嘻R][嘻嘻R][嘻嘻R] 跟你有关,弱势,服务者,1
69e4b987000000001401a807,69e43b14000000001a02e095,大个儿的有不到一万的，不行先买一个狗,弱势,服务者,2
69e4ab6e000000001401cc44,69e43b14000000001a02e095,这机器人半马[笑哭R]让机器人跑马拉松的上啥车呀,弱势,服务者,3
69e64a790000000014018c04,69e43b14000000001a02e095,步伐太小了 腿好忙,弱势,服务者,0
69e4a5e6000000001401e407,69e43b14000000001a02e095,我草赵海波,弱势,服务者,4
69e49c36000000001401e421,69e43b14000000001a02e095,"根据笔记内容和相关信息，工作人员给机器人喷的很可能是 用于降温的制冷剂 。在机器人马拉松这种长时间、高强度的运动中，机器人的电机等核心部件容易过热。为了保证机器人能正常运行，工作人员会使用专门的制冷剂对其进行快速物理降温，就像给过热的电子设备散热一样。
【为什么需要喷制冷剂】
人形机器人在跑步时，关节处的电机会长时间高负荷工作，产生大量热量。如果热量不能及时散去，可能会导致内部元件损坏或系统过热保护停机。因此，在比赛过程中，就像笔记里看到的，工作人员会适时为机器人喷洒制冷剂，帮助其“退烧”，以维持正常运作。
【制冷剂是什么】
这种制冷剂的原理和我们常见的运动冷冻喷雾类似，主要通过液体迅速汽化吸收大量热量，从而达到快速降温的效果。根据一些对机器人备赛的报道，工作人员确实会使用制冷剂来给机器人的电机等部位降温。",弱势,服务者,3
69e48d42000000001401e01c,69e43b14000000001a02e095,孩子大了不需要[doge],弱势,服务者,2
69e4f2b1000000001401c41a,69e43b14000000001a02e095,这个是幼儿园选手,弱势,服务者,2
69e4f6ef000000001401c81c,69e43b14000000001a02e095,刚刷到他摔个脸朝地,弱势,服务者,1
69e48c9b000000001401e425,69e43b14000000001a02e095,哈哈哈哈哈，好可爱的形容,弱势,服务者,2
69e4d6ee000000001401b028,69e43b14000000001a02e095,这也跟个小呆子一样[偷笑R],弱势,服务者,2
69e4d139000000001401980a,69e43b14000000001a02e095,这个确实可爱，哈哈哈哈,弱势,服务者,2
69e47bb8000000001401b010,69e43b14000000001a02e095,画面里清楚写了“遥控”，这东西跟义乌卖的遥控车差不多,弱势,服务者,6
69e47ac4000000001401bc2c,69e43b14000000001a02e095,都黑成碳了  不需要喷防晒，所以是止痒喷雾,弱势,服务者,5
69e47861000000001401b820,69e43b14000000001a02e095,真的哎，我也听到了,弱势,服务者,4
69e474320000000014019c18,69e43b14000000001a02e095,那里有电机转轴吧[笑哭R],弱势,服务者,6
69e47165000000001401c03a,69e43b14000000001a02e095,重量有影响,弱势,服务者,4
69e4774a000000001401b80a,69e43b14000000001a02e095,机器为什么也有[笑哭R],弱势,服务者,3
69e501aa000000001401b805,69e43b14000000001a02e095,这玩意儿...额....算了...,弱势,服务者,4
69e46d3a000000001401ac20,69e43b14000000001a02e095,润一下关节[笑哭R],弱势,服务者,5
69e47a560000000014018004,69e43b14000000001a02e095,冷却剂之类，前面那些跑的快的大个子都是胯骨自带液冷系统散热的，这个关节这么小一看就散热不好[笑哭R],弱势,服务者,0
69e46d61000000001401a406,69e43b14000000001a02e095,估计喷的是什么降温的吧？,弱势,服务者,5
69e46d9d000000001401901d,69e43b14000000001a02e095,我看了有个大神说是冷却液[笑哭R],弱势,服务者,5
69e47ced000000001401a40d,69e43b14000000001a02e095,原来是这样[笑哭R]谢谢回答,弱势,服务者,1
69e48809000000001401ac0c,69e43b14000000001a02e095,wd40短时间有润滑作用,弱势,服务者,5
69e6528a000000001401a009,69e43b14000000001a02e095,这小东西太呆了 还得给喷水 笑鼠了,弱势,服务者,2
69e46711000000001401941e,69e43b14000000001a02e095,哈哈哈哈突然好痒，喷喷花露水才能继续[doge],弱势,服务者,5
69e464f4000000001401c039,69e43b14000000001a02e095,笑死我了，就跟那个赛车转几圈来换个轮胎一样,弱势,服务者,1
69e4652d0000000014019c0f,69e43b14000000001a02e095,我刚也刷到这个 我还说小机器人好可爱呀 [偷笑R],弱势,服务者,3
69e46375000000001401cc15,69e43b14000000001a02e095,玩具而已,弱势,服务者,2
69e460e4000000001401b824,69e43b14000000001a02e095,有遥控组与自主组，可以关注下自主组，成绩也不差,弱势,服务者,6
69e460ac0000000014019810,69e43b14000000001a02e095,做五分钟家务，保养一小时[偷笑R],弱势,服务者,5
69e46231000000001401e811,69e43b14000000001a02e095,未来我们老了，老龄社会，都是机器人照顾，比人照顾还要好，经常看到养老院老人被打，饭里被吐痰,弱势,服务者,3
69e46969000000001401cc17,69e43b14000000001a02e095,估计会变成全自动智能闯祸机[偷笑R],弱势,服务者,6
69e45e9c000000001401dc3d,69e43b14000000001a02e095,我刚看公众号说什么机器人冲刺后累倒被担架紧急抬走 什么叼新闻真的好阴间啊[合十R][合十R][合十R],弱势,服务者,3
69e45c6b000000001401dc00,69e43b14000000001a02e095,遥控手动停的,弱势,服务者,6
69e4588a000000001401cc11,69e43b14000000001a02e095,不是机器人说的吧，像是路人,弱势,服务者,3
69e45661000000001401dc14,69e43b14000000001a02e095,原来还有两个[飞吻R],弱势,服务者,1
69e4b8c0000000001401e813,69e43b14000000001a02e095,这是打扮成了海贼王？大眼萌，一等一喷，速度重回巅峰,弱势,服务者,1
69e454ea000000001401c836,69e43b14000000001a02e095,我觉得反过来，大部分机器人还是要人伺候,弱势,服务者,3
69e5957f0000000014019412,69e43b14000000001a02e095,我还以为是娜塔莎[偷笑R],弱势,服务者,1
69e456bf000000001401d401,69e43b14000000001a02e095,你在看奇奇怪怪的东西～,弱势,服务者,4
69e451cf0000000014019417,69e43b14000000001a02e095,大机器人有背着,弱势,服务者,3
69e458b4000000001401982c,69e43b14000000001a02e095,666还有中途补给环节[笑哭R],弱势,服务者,1
69e451950000000014019412,69e43b14000000001a02e095,确实有国外的队伍,弱势,服务者,4
69e476930000000014019418,69e43b14000000001a02e095,我服了，肯定不是防晒喷雾[笑哭R],弱势,服务者,5
69e44855000000001401e40c,69e43b14000000001a02e095,明明是那个红色的小鼻嘎最萌,弱势,服务者,2
69e44c70000000001401c836,69e43b14000000001a02e095,脖子上挂着奶嘴，手里捏着奶瓶那个？[偷笑R],弱势,服务者,2
69e44e6c000000001401a417,69e43b14000000001a02e095,小豆丁可爱，还拿个奶瓶🍼[笑哭R],弱势,服务者,2
69e45bd7000000001401c030,69e43b14000000001a02e095,喜欢这种，不喜欢那种前面还有隆起的胸部的,弱势,服务者,4
69e4661a000000001401c03e,69e43b14000000001a02e095,求链接我去look一下[害羞R],弱势,服务者,1
69e445ed000000001401c040,69e43b14000000001a02e095,黢黑黢黑的,弱势,服务者,4
69e457cd000000001401b823,69e43b14000000001a02e095,帽子只是为了拟人，怕别人看出来不是人[偷笑R],弱势,服务者,1
69e4580f000000001401cc1a,69e43b14000000001a02e095,他那脸感觉已经是这里面最拟人的了[笑哭R],弱势,服务者,1
69e462dd000000001401b808,69e43b14000000001a02e095,这孩子适合夜间穿插伏击[吃瓜R],弱势,服务者,2
69e470e9000000001401e43d,69e43b14000000001a02e095,这是非洲机器孩[偷笑R],弱势,服务者,3
69e478ce000000001401c806,69e43b14000000001a02e095,机器人能不能去高空擦玻璃那些啊？搞这种跑步[微笑R],弱势,服务者,3
69e445c0000000001401b800,69e43b14000000001a02e095,屁股受伤了么[捂脸R][捂脸R],弱势,服务者,5
69e445fa000000001401880b,69e43b14000000001a02e095,胯骨轴子疼[暗中观察R],弱势,服务者,4
69e4492f000000001401d427,69e43b14000000001a02e095,哈哈哈哈哈笑了半天哈哈哈哈,弱势,服务者,1
69e44975000000001401b005,69e43b14000000001a02e095,每天就靠你们这些段子活下去了,弱势,服务者,1
69e4759e000000001401e817,69e43b14000000001a02e095,给关节降温的,弱势,服务者,5
69e48b2a000000001401940c,69e43b14000000001a02e095,云南白药得给代言费啊[捂脸R],弱势,服务者,5
69e449a3000000001401c01a,69e43b14000000001a02e095,也有自主导航到,弱势,服务者,6
69e44387000000001401d420,69e43b14000000001a02e095,跟人类小孩子一样说停就停，给点饮料又能跑了,弱势,服务者,0
69e4928d000000001401b82b,69e43b14000000001a02e095,每次扫黄都有你！！,弱势,服务者,4
69e45e06000000001401c411,69e43b14000000001a02e095,[笑哭R]还是人耐用，病了请假还得扣钱，机器坏了还得花钱修,弱势,服务者,6
69e45ebc000000001401a021,69e43b14000000001a02e095,一步一步来，先要像个人一样学会走，跑,弱势,服务者,0
69e46264000000001401c82f,69e43b14000000001a02e095,原来是李家坡的,弱势,服务者,4
69e46284000000001401c814,69e43b14000000001a02e095,大概率去掉,弱势,服务者,4
69e460150000000014019c27,69e43b14000000001a02e095,不用搭理喷子，他连这种没用的都做不出来,弱势,服务者,4
69e466e8000000001401e820,69e43b14000000001a02e095,看似是比赛，其实是对各大厂商的机器人耐久测试，是商战，也是向品质更好的机器人未来去前进,弱势,服务者,3
69e46777000000001401cc25,69e43b14000000001a02e095,去对比第一届的表现就知道意义了,弱势,服务者,6
69e467f3000000001401a420,69e43b14000000001a02e095,世界级机械人比赛。比谁更先进。外国都有团队参加。,弱势,服务者,3
69e4683a000000001401a802,69e43b14000000001a02e095,是骡子是马，出来溜溜。,弱势,服务者,0
69e4f82b000000001401c404,69e43b14000000001a02e095,莫名的萌点,弱势,服务者,2
69e47b74000000001401c423,69e43b14000000001a02e095,还知道用防晒喷雾呢这小东西（bushi,弱势,服务者,5
69e471ee000000001401d40a,69e43b14000000001a02e095,比如你困在火场没人能进来救你，这时候突然有个消防机器人冲了进来，那一刻你一定会觉得它是世界上最帅的物种,弱势,服务者,3
69e472b1000000001401cc1b,69e43b14000000001a02e095,感觉机器人来救人会变成烧烤，它在高温下会很烫的吧[笑哭R],弱势,服务者,3
69e472cc000000001401e810,69e43b14000000001a02e095,十年就行,弱势,服务者,4
69e4744a000000001401b804,69e43b14000000001a02e095,现在还没到材料提升的时候，等程序做好，材料提升就是分分钟的事情啊，我们国家连火箭的材料都做了那么多，回头找一个耐高温的不是轻轻松松,弱势,服务者,6
69e44dc0000000001401d407,69e43b14000000001a02e095,火车刚发明的时候也有这样的疑问,弱势,服务者,4
69e44ac7000000001401e03c,69e43b14000000001a02e095,过热保护。,弱势,服务者,5
69e44e82000000001401c827,69e43b14000000001a02e095,耐久性测试及演示，这个机器人大概率是情感陪伴型的，盲猜平时一定是个碎嘴子。。,弱势,服务者,3
69e45046000000001401c826,69e43b14000000001a02e095,刚才还在想怎么还没出现意义怪[笑哭R],弱势,服务者,1
69e4517f000000001401dc0d,69e43b14000000001a02e095,这个意义说句夸大的话，比很多人出生都有意义。,弱势,服务者,4
69e7302c000000001401b026,69e43b14000000001a02e095,说是制冷 过热了 凉快一下,弱势,服务者,5
69e75f2e000000001401bc0b,69e43b14000000001a02e095,这是，喷点机油吗,弱势,服务者,5
69e5f0fb000000001401e008,69e43b14000000001a02e095,怎么还有小孩机,弱势,服务者,2
69e5b388000000001401b83a,69e43b14000000001a02e095,哎呀可是它好萌呀 还知道给自己休息,弱势,服务者,2
69e5b9e3000000001401c816,69e43b14000000001a02e095,小时候被这集吓哭了,弱势,服务者,2
69e58734000000001401e017,69e43b14000000001a02e095,你看我们宝宝多厉害,弱势,服务者,2
69e593ce0000000014019c0e,69e43b14000000001a02e095,机器人是懂得如何给自己放假的,弱势,服务者,3
69e4f90b0000000014018824,69e43b14000000001a02e095,评论说跑一半洗屁股哈哈哈哈哈哈哈哈哈哈,弱势,服务者,0
69e61fdd000000001401d811,69e43b14000000001a02e095,我也没比这机器人好哪儿去[笑哭R],弱势,服务者,3
69e48af3000000001401dc14,69e43b14000000001a02e095,黑仔小伙立正了,弱势,服务者,4
69e495d9000000001401d824,69e43b14000000001a02e095,还得配人伺候它,弱势,服务者,4
69e47fb6000000001401cc05,69e43b14000000001a02e095,他长得好像天猫,弱势,服务者,2
69e48494000000001401d404,69e43b14000000001a02e095,哎哟我不行了,弱势,服务者,4
69e47524000000001401a02a,69e43b14000000001a02e095,跟你跑起来的样子一样,弱势,服务者,0
69e48f7b000000001401d821,69e43b14000000001a02e095,起到一个造型别致作用[doge],弱势,服务者,4
69e45af7000000001401ac07,69e43b14000000001a02e095,好荒谬的画面,弱势,服务者,1
69e4907a000000001401c00d,69e43b14000000001a02e095,喷的怎么是屁股啊（和你好像用喷雾,弱势,服务者,5
69e70de9000000001401e000,69e43b14000000001a02e095,明年我高低要去凑个热闹[doge],弱势,服务者,1
69e609f6000000001401c824,69e59e520000000022027a90,能参赛都很棒，但是，太好笑了[捂脸R],弱势,观众,1
69e60e14000000001401c001,69e59e520000000022027a90,确实，还在发展阶段中 都是人工机器人的来时路[赞R][赞R],弱势,观众,3
69e6125f000000001401882c,69e59e520000000022027a90,人才啊解读的太好啦bgm配的太牛了👍[笑哭R][笑哭R][笑哭R][笑哭R][笑哭R]笑哭了😂😂😂😂😂,弱势,观众,1
69e620f7000000001401e438,69e59e520000000022027a90,太好笑了 乐了两天 这会儿能笑就笑吧 往后咱可能都没机会笑了[doge],弱势,观众,1
69e623cb000000001401bc39,69e59e520000000022027a90,感谢为我带来欢乐,弱势,观众,1
69e6c7150000000014013001,69e59e520000000022027a90,你这种创作也是变相吸引人关注这个比赛，对机器人推广发展也是好事,弱势,观众,3
69e6d256000000001401cc0b,69e59e520000000022027a90,感谢哥的解读，我也是这么想的[害羞R],弱势,观众,1
69e75b74000000001401bc23,69e59e520000000022027a90,不错点赞收藏了。做的很好[微笑R],弱势,观众,1
69f3e23c000000002800bf75,69e59e520000000022027a90,你的解读太可爱了,弱势,观众,2
69e6d8ae000000001401d415,69e59e520000000022027a90,求生欲好强[笑哭R],弱势,观众,1
69e5e1d7000000001401c82d,69e59e520000000022027a90,拍手这是有人遥控，还是自主设定的反应？,弱势,观众,6
69e5e313000000001401e816,69e59e520000000022027a90,看号码布，遥控的,弱势,观众,6
69e5ea0f000000001401cc18,69e59e520000000022027a90,遥控的，主要是程序员太逗了[笑哭R],弱势,观众,6
69e5ebd6000000001401b813,69e59e520000000022027a90,哈哈哈那肯定是遥控啦，机器人现在应该还没有自主意识啦,弱势,观众,3
69e5ffbf000000001401e42f,69e59e520000000022027a90,好像有自主的，看号码牌有写,弱势,观众,6
69e60258000000001401b826,69e59e520000000022027a90,遥控，紫色的号码牌，机器人整不出这么抽象的活,弱势,观众,3
69e60561000000001401d82c,69e59e520000000022027a90,我知道这个拍手的是遥控，我是说这比赛有自主机器人参加,弱势,观众,6
69e6057e000000001401cc05,69e59e520000000022027a90,有自主的，它那个牌牌上有写的，我这句话针对的说拍手那个啦,弱势,观众,6
69e60cbc0000000014013c01,69e59e520000000022027a90,踹了保安大叔一脚的那个笑喷了🤣,弱势,观众,1
69e6258f000000001401c008,69e59e520000000022027a90,有人刷到程序员回复了说是故意的，需要散热，顺便逗大家一笑,弱势,观众,6
69e62a88000000001401880a,69e59e520000000022027a90,穿鞋为了保护脚板摩擦,弱势,观众,0
69e62f7a000000001401cc08,69e59e520000000022027a90,主打一个看热闹不嫌事大[笑哭R],弱势,观众,1
69e63d790000000014018814,69e59e520000000022027a90,他居然嘲讽[笑哭R],弱势,观众,1
69e643250000000014018819,69e59e520000000022027a90,有自主的，头上有个环的好像都是自主的[笑哭R],弱势,观众,6
69e64c39000000002b003b2e,69e59e520000000022027a90,你誤會了！鼓勵的掌聲,弱势,观众,4
69e64d4c0000000014019000,69e59e520000000022027a90,几个内置的基本动作，握手、鼓掌、招手…按遥控器上的按钮,弱势,观众,6
69e652fa000000001401bc01,69e59e520000000022027a90,表达了程序员看热闹不嫌事大的美好品德。,弱势,观众,4
69e6855b000000001401a804,69e59e520000000022027a90,号码牌写了Remote,弱势,观众,4
69e6b182000000001401d40b,69e59e520000000022027a90,关键这个解说“大爷能在花田里犯什么错”[笑哭R],弱势,观众,1
69e6c1400000000014019011,69e59e520000000022027a90,这个真的太搞笑了[笑哭R],弱势,观众,1
69e6de1c000000001401e803,69e59e520000000022027a90,还有那个抽工作人员嘴巴子的[大笑R],弱势,观众,1
69e6f08d0000000014019404,69e59e520000000022027a90,在其他视频有刷到说过热需要停下来，然后又不想让大家看出来，就做了个嘲讽的动作,弱势,观众,5
69e7023d000000001401c016,69e59e520000000022027a90,好像有自主的，自助的好像更容易被周围干扰[笑哭R][笑哭R],弱势,观众,6
69e705db000000001401c035,69e59e520000000022027a90,哈哈哈，看见人类救助它的同类，忍不住鼓掌了,弱势,观众,1
69e71124000000001401c40d,69e59e520000000022027a90,即便不是遥控的，也不是自主意识，只是看到某些特定情况会触发的指令,弱势,观众,6
69e735ca000000001401c81f,69e59e520000000022027a90,那位看样子应该是树宇家的吧,弱势,观众,2
69e776e1000000001401dc15,69e59e520000000022027a90,我预计10年后，可能就真分不清楚是不是人类了[doge],弱势,观众,4
69e7a26d000000001401900e,69e59e520000000022027a90,它要是自主的，那就有点可怕了,弱势,观众,4
69e80f4c000000001401a405,69e59e520000000022027a90,听说是2个赛组，一个是自主，一个是遥控,弱势,观众,6
69e9841f000000001401e40f,69e59e520000000022027a90,后面技术操作的掩盖发热出现的问题 仔细看后面它也要差点儿仰倒,弱势,观众,5
69e9d592000000001401c819,69e59e520000000022027a90,哈哈哈，中国加油[害羞R],弱势,观众,1
69ea012d000000001401d40c,69e59e520000000022027a90,我记得拍手那个还跳舞来着,弱势,观众,1
69ea013f000000001401d406,69e59e520000000022027a90,街舞➕中国功夫,弱势,观众,1
69e6e809000000001401e004,69e59e520000000022027a90,自主的停下来去笑话人家也太牛逼了,弱势,观众,1
69e742ee000000001401ac15,69e59e520000000022027a90,放心，机器人没这么贱[笑哭R],弱势,观众,3
69e815be000000001401c016,69e59e520000000022027a90,不能是程序设定，见到摔倒场景就拍手吗？,弱势,观众,4
69e62691000000001401a021,69e59e520000000022027a90,太优秀了反而显得格格不入[偷笑R],弱势,观众,4
69e6287f0000000014019807,69e59e520000000022027a90,太顺利就没有看点,弱势,观众,4
69e628fc000000001401a40a,69e59e520000000022027a90,想起了53号摩托,弱势,观众,4
69e62a1f000000001401e426,69e59e520000000022027a90,跑太快了，镜头都追不上[汗颜R],弱势,观众,0
69e62ab2000000001401a00d,69e59e520000000022027a90,它认真的跑，所以不搞笑,弱势,观众,0
69e62b3f0000000014019823,69e59e520000000022027a90,荣耀的两个机器人太正常了[捂脸R]就跟f1赛车里一骑绝尘的都没啥镜头一样，那些撞车的上墙的才是观众爱看的[捂脸R],弱势,观众,6
69e62fbd000000001401ac2c,69e59e520000000022027a90,我和我爸看直播，刚好看到荣耀在终点前摔倒，我爸笑死了,弱势,观众,6
69e63d4d0000000014018c29,69e59e520000000022027a90,那家伙一顿风驰电掣[暗中观察R]撵不上,弱势,观众,0
69e6437d0000000014018c0d,69e59e520000000022027a90,在半夜试跑的时候，看到过荣耀的丝滑拐弯儿,弱势,观众,6
69e64f36000000001401900a,69e59e520000000022027a90,它家太正常了没有花活吗[笑哭R],弱势,观众,2
69e651ec000000001401d41b,69e59e520000000022027a90,真的我差点没拍到,弱势,观众,4
69e658ad0000000014019400,69e59e520000000022027a90,会哭的孩子有奶喝[皱眉R],弱势,观众,2
69e658fd000000001401a014,69e59e520000000022027a90,荣耀那个真的跑得好快,弱势,观众,6
69e6b9ab000000001401d80e,69e59e520000000022027a90,都是来看笑话的[doge],弱势,观众,1
69e6c0400000000014018807,69e59e520000000022027a90,好像有个半夜追尾汽车,弱势,观众,4
69e6c7e8000000001401e803,69e59e520000000022027a90,这是机械人爱好者比赛吧？,弱势,观众,3
69e6d5fd000000001401a026,69e59e520000000022027a90,主要只顾着跑步。没有节目。,弱势,观众,0
69e6e1af000000001401c820,69e59e520000000022027a90,大概没提供什么笑点吧,弱势,观众,1
69e6ea270000000014019028,69e59e520000000022027a90,跑得太好了，不在这些搞笑名单里,弱势,观众,0
69e6ebcf000000001401c030,69e59e520000000022027a90,他家的散热最好,弱势,观众,6
69e6f90e000000001401d80c,69e59e520000000022027a90,只有荣耀是来参加比赛的，其他都是来博关注的,弱势,观众,6
69e6fa80000000001401e00b,69e59e520000000022027a90,主要是太稳定了 没机会不认真跑路,弱势,观众,0
69e6fb390000000014018803,69e59e520000000022027a90,即使是人类奥运会，除非冠军是中国选手的回放，大家也是更爱看谁跑步摔了、速滑撞了、射击打别人靶上了这种失误集锦[偷笑R],弱势,观众,0
69e70141000000001401cc2f,69e59e520000000022027a90,是的，希望把流量给荣耀。优秀的品牌,弱势,观众,6
69e70ec5000000001401c01d,69e59e520000000022027a90,哈哈哈哈包揽金银铜铁锡铅,弱势,观众,1
69e71175000000001401b813,69e59e520000000022027a90,大家只是想看意料之外的事情,弱势,观众,4
69e71f42000000001401e425,69e59e520000000022027a90,不整活不稀罕,弱势,观众,4
69e76a67000000001401d429,69e59e520000000022027a90,太正常了没笑点,弱势,观众,1
69e76b6e000000001401bc1f,69e59e520000000022027a90,对，就像张雪机车似的,弱势,观众,4
69e78f3f000000001401dc3e,69e59e520000000022027a90,大厂的法务不是吃素的,弱势,观众,6
69e7a0410000000014019015,69e59e520000000022027a90,拍那个哪有流量呀[偷笑R],弱势,观众,1
69e7cade0000000014018803,69e59e520000000022027a90,[doge]大家都是来参与赛事，就它真来跑步的。,弱势,观众,0
69e7fedd0000000014019002,69e59e520000000022027a90,因为它很正常，就一直刷刷的跑，没有笑点。,弱势,观众,0
69e80e35000000001401a807,69e59e520000000022027a90,人类马拉松这种叫做严肃跑者[偷笑R],弱势,观众,0
69e82771000000001401c808,69e59e520000000022027a90,荣耀是遥控组还是自主组的,弱势,观众,6
69e85365000000001401c80d,69e59e520000000022027a90,荣耀是全特化专门针对比赛的 等于是本次比赛定制版本 除了跑啥也不会,弱势,观众,6
69e9650b000000001401a005,69e59e520000000022027a90,是啊我刷了半天都没看到第一的视频，没想到荣耀这么久,弱势,观众,6
69eb47cd000000002702bc8b,69e59e520000000022027a90,因为太强了也没犯错就没笑点,弱势,观众,1
69e653aa000000001401b801,69e59e520000000022027a90,这就是百姓疼幺儿的具象化,弱势,观众,4
69e7051d000000001401b811,69e59e520000000022027a90,其他厂商知道拿不到冠军 那就在路上刷刷存在感，能搞笑就搞笑，提现自己的特长,弱势,观众,6
69e5ff7c000000001401a404,69e59e520000000022027a90,不是说机器人不能袭击人类吗？,弱势,观众,3
69e601a3000000001401bc3a,69e59e520000000022027a90,它还踹人家一脚[笑哭R][笑哭R][笑哭R],弱势,观众,1
69e62a31000000001401d826,69e59e520000000022027a90,机器人攻击的。上次看到一个失控手舞足蹈的机器人一个肘击，把旁边研发人员鼻子打得鲜血长流，挺恐怖,弱势,观众,3
69e63137000000001401b83a,69e59e520000000022027a90,保安大爷保自己的安都有点儿吃力[暗中观察R],弱势,观众,4
69e63e77000000001401a818,69e59e520000000022027a90,要不是怕弄坏了要赔，就这些架子稍微用点力它就倒地[偷笑R],弱势,观众,4
69e63f1e000000001401c029,69e59e520000000022027a90,机器人揍人很厉害的，我大学一个老师博士时就是搞这个的，实验室里好好的突然横过来踢了一脚，两条腿都断了，躺了好几个月[笑哭R],弱势,观众,3
69e647580000000014019007,69e59e520000000022027a90,大叔太惨了,弱势,观众,4
69e6514f000000001401d802,69e59e520000000022027a90,艾玛搞这玩意风险不小啊,弱势,观众,4
69e667b90000000014018805,69e59e520000000022027a90,对，他还踹人保安一jio,弱势,观众,4
69e68586000000001401a000,69e59e520000000022027a90,我知道你在说三大定律[暗中观察R],弱势,观众,4
69e6bd00000000001401c817,69e59e520000000022027a90,这不是主动攻击人类，这是身子不听使唤[笑哭R],弱势,观众,4
69e6d271000000001401d411,69e59e520000000022027a90,差一点踢到命根子了,弱势,观众,4
69e6f176000000001401881a,69e59e520000000022027a90,后世的人们称这一脚为人类与机器人的首次公开对抗,弱势,观众,3
69e6f705000000001401cc25,69e59e520000000022027a90,笑死，那个是真的逗，音乐编辑匹配[捂脸R],弱势,观众,1
69e79436000000001401a401,69e59e520000000022027a90,它现在还不知道自己在袭击[捂脸R],弱势,观众,4
69e85cd3000000001401c825,69e59e520000000022027a90,它们可以自主做出动作吗，我以为都是遥控和设置的,弱势,观众,6
69e86c85000000001401d81c,69e59e520000000022027a90,不是，那次肘击，其实是机器人程序乱了，所以肢体失控。并非机器人有意识地攻击程序员👨‍💻。,弱势,观众,3
69e626750000000014019801,69e59e520000000022027a90,拿着个奶瓶可可爱爱的,弱势,观众,2
69e61465000000001401d40b,69e59e520000000022027a90,是的，小派机器人,弱势,观众,3
69e61cdb000000001401c81c,69e59e520000000022027a90,是的，产品名就是小派机器人,弱势,观众,3
69e63644000000001401a000,69e59e520000000022027a90,这小孩跑倒数第一[笑哭R][笑哭R][笑哭R],弱势,观众,0
69e648b9000000001401c81c,69e59e520000000022027a90,毕竟是孩子能跑完就不错了[笑哭R],弱势,观众,0
69e64925000000001401d410,69e59e520000000022027a90,胸前是不是还挂着奶嘴？实在太可爱了[偷笑R],弱势,观众,2
69e6c2000000000014019405,69e59e520000000022027a90,嗯[偷笑R]人家是小姑娘 ，头上扎的是两个揪。不是小蚂蚁,弱势,观众,2
69e6fbf4000000001401ac02,69e59e520000000022027a90,太可爱了，还拿个奶瓶,弱势,观众,2
69e704ac000000001401a015,69e59e520000000022027a90,脖子还挂安抚奶嘴,弱势,观众,2
69e70bec0000000014019026,69e59e520000000022027a90,脖子还挂个奶嘴,弱势,观众,2
69e735ce000000001401b001,69e59e520000000022027a90,我儿子看见他了，回来告诉我：妈妈我今天看到一个小机器人，他的头长得像监控,弱势,观众,3
69e75061000000001401b833,69e59e520000000022027a90,真的好可爱[派对R],弱势,观众,2
69e75785000000001401bc24,69e59e520000000022027a90,还拿个奶瓶，怕不是个女程序员发明的[笑哭R],弱势,观众,2
69e64649000000001401d413,69e59e520000000022027a90,太惨了，没孩子买个机器人还是跑不了给孩子换尿布[捂脸R],弱势,观众,3
69e62423000000001401c016,69e59e520000000022027a90,我以为一堆人上去是给他换尿布的,弱势,观众,0
69e641660000000014018c0e,69e59e520000000022027a90,旁边那个看热闹的,弱势,观众,1
69e6fa89000000001401d40a,69e59e520000000022027a90,这样才真实嘛,弱势,观众,4
69e738740000000014019c26,69e59e520000000022027a90,至少没有真屎真尿,弱势,观众,4
69e9c4e3000000001401980b,69e59e520000000022027a90,听别人说，是太热了，在上冷却液,弱势,观众,5
69e761b6000000001401bc00,69e59e520000000022027a90,你好 这里不让拉💩,弱势,观众,4
69e639f2000000001401a425,69e59e520000000022027a90,拍手那个是其他厂家买的宇树机器人，程序是自己开发的；宇树用的机器人不是春晚上那一款，宇树没拿冠军是因为他们的机器人开始的设计不是为了跑所以结构上肯定比不过专为跑步的机器人，荣耀那个机器人属于创造出来只为了跑步，设计方向不一样,弱势,观众,6
69e6447e000000001401e413,69e59e520000000022027a90,精细动作更难一些,弱势,观众,4
69e64d970000000014019019,69e59e520000000022027a90,卖家秀和买家秀,弱势,观众,6
69e73dcb000000001401b81b,69e59e520000000022027a90,并不是，宇树第三，这个g1是别人买的宇树用自己的算法拿来参赛的,弱势,观众,6
69e79636000000001401a826,69e59e520000000022027a90,有条件装个 WiFi 吧,弱势,观众,6
69e8b81f000000001401d82d,69e59e520000000022027a90,好像说前六名都是荣耀,弱势,观众,6
69e75972000000001401cc15,69e59e520000000022027a90,前六都是荣耀的机器人，就是那个荣耀，你懂的。别怀疑，就那家。,弱势,观众,6
69e75bd6000000001401c020,69e59e520000000022027a90,甚至对拟人奖也是荣耀的。,弱势,观众,4
69e805530000000014019408,69e59e520000000022027a90,是的，2025年才成立的公司，今年就这个成绩了，牛吧,弱势,观众,6
69e8239c0000000014019c10,69e59e520000000022027a90,是跟手机牌子一样的那个华为荣耀麽,弱势,观众,6
69e64928000000001401bc15,69e59e520000000022027a90,这不是先学会最基本的走路跑步嘛，人不也是从走路到跑步再到会其他的吗[大笑R],弱势,观众,0
69e667d2000000001401dc01,69e59e520000000022027a90,轮子不能上台阶，使用场景受限。,弱势,观众,6
69e68d80000000002b031363,69e59e520000000022027a90,人型机器人对仿生学研究有重要意义，和其他形态机器人不冲突。,弱势,观众,3
69e6b3b9000000001401e400,69e59e520000000022027a90,这就是心理医生，一定要有心理疾病一样，如果你让机器人学不会走路的话，他就无法理解人类的走路行为。以至于会产生一些很恐怖的事情。,弱势,观众,3
69e6d027000000001401cc13,69e59e520000000022027a90,[doge]科技在进步 我相信以后肯定能用上,弱势,观众,6
69e6d759000000001401e808,69e59e520000000022027a90,那得在你眼前活活把家拆了，按都按不住,弱势,观众,4
69e835e3000000001401a812,69e59e520000000022027a90,前六名全是荣耀的机器人,弱势,观众,3
69e6c21e0000000014013001,69e59e520000000022027a90,你可以照顾机器人，老了有伴,弱势,观众,3
69e6ea56000000001401c426,69e59e520000000022027a90,自主的导盲犬机器人已经有了,弱势,观众,3
69e6fafd0000000014018c10,69e59e520000000022027a90,好少啊，感觉今年好多都还是遥控的，连宇树都是遥控的，我是觉得有点意外,弱势,观众,6
69e7082c000000001401dc02,69e59e520000000022027a90,啥？？其实自主的更多[笑哭R],弱势,观众,6
69e688c0000000001401c805,69e59e520000000022027a90,要不人家能第一呢[偷笑R]绝不看热闹,弱势,观众,1
69e6c5a2000000001401c820,69e59e520000000022027a90,一步一步来,弱势,观众,4
69e7062c000000001401901c,69e59e520000000022027a90,速度快关键时刻可以救乱穿马路的小盆友,弱势,观众,0
69e71c720000000014018822,69e59e520000000022027a90,感觉你好专业，谢谢你们啦！加油💪,弱势,观众,4
69e73bce000000001401c813,69e59e520000000022027a90,许多创新的技术可以通用的。,弱势,观众,6
69e755a9000000001401cc3b,69e59e520000000022027a90,然后很多人类都会被淘汰,弱势,观众,4
69e8d3b3000000001401c421,69e59e520000000022027a90,饭要一口一口吃[doge],弱势,观众,4
69e6c6370000000014018813,69e59e520000000022027a90,笑死，汽车进入千家万户也不是一天就进去了呀,弱势,观众,4
69e6d415000000001401e41c,69e59e520000000022027a90,大脑简单[笑哭R],弱势,观众,1
69e70008000000001401c00a,69e59e520000000022027a90,手机一开始还是那种bb机呢，挂腰上。那时候你是不是也说这玩意没啥用呢。后面是大哥大，又重又大，而且非常贵，除了打电话，一无是处。后面进化成了小灵通，也只能打电话，发短信和玩那种最低端的游戏。什么都是一步步进化的，没有任何东西是产出来就是个完整品的。,弱势,观众,6
69e7041f000000001401e02d,69e59e520000000022027a90,嗯，感觉比赛跑步不如深入到实际劳作干家务里面比效率呀，跑得快也就是测试个个别性能？ 意义是啥[偷笑R],弱势,观众,0
69e70bd8000000001401d41a,69e59e520000000022027a90,你以为机器人跑步很容易吗？这里涉及多少传感器、力学计算、自动控制？每一点进步都是无数次失败、无数次试验、无数次攻关换来的，研究机器人的是如今在最先进的一批企业里最聪明的一批人，不是在路边大嘴一张说空话的人。机器人跑步都不能精确控制，能给你做家务吗？,弱势,观众,3
69e7100f000000001401e02c,69e59e520000000022027a90,至于这么上纲上线？跑步和实际劳作也是可以一步一步来呀？,弱势,观众,0
69e713dc000000001401e814,69e59e520000000022027a90,你去看一下央视的中华考工记，机器人的研究很多人在做，用途广泛，你就看到了一个跑步，还要贬低这个研究。,弱势,观众,3
69e7662a000000001401a802,69e59e520000000022027a90,[偷笑R]手机电脑电视冰箱一出世就进千家万户了？哈哈哈哈哈蛮好笑的,弱势,观众,6
69e76936000000001401d429,69e59e520000000022027a90,哪有一步登天的，人也不是从学走步开始的嘛！,弱势,观众,0
69e779e6000000001401dc40,69e59e520000000022027a90,你以为举办比赛是为了逗乐的？就是为了测试性能、收集数据的,弱势,观众,6
69e7a3de000000001401e426,69e59e520000000022027a90,路都走不好去哪服务啊,弱势,观众,4
69e81b49000000001401e017,69e59e520000000022027a90,这时候知道一步一步来了，你但凡早知道一步步来，还会质疑机器人跑步跑得快的意义吗？,弱势,观众,3
69eb9691000000002803a86c,69e59e520000000022027a90,因为这些机器人以后要去工厂打螺丝的。现在工厂基本所有工具设备，路线台面设计都是以人两足和身高设计的。所以两足机器人是最低成本直接替换就可以进厂打螺丝的形态,弱势,观众,3
69e6211f000000001401a807,69e59e520000000022027a90,荣耀包揽123456名,弱势,观众,6
69e63f3f000000001401a811,69e59e520000000022027a90,千万别，随便一个你都干不过,弱势,观众,4
69e9c3c8000000001401c810,69e59e520000000022027a90,马斯克机器人也是吗？[偷笑R],弱势,观众,3
69ed2e1c000000002a02ca8b,69e59e520000000022027a90,会替代所有人类,弱势,观众,4
69e61c9f000000001401bc06,69e59e520000000022027a90,真要自己走，得连着电线才行，否则电池不够用。现在就是能掌握平衡走的这么好已经很不错了。,弱势,观众,6
69e626c4000000001401ac05,69e59e520000000022027a90,我觉得这是对中国文化和人文精神的认同，就像我，就算很有钱我也不想离开中国，深深的爱着这片土地和它的气质,弱势,观众,4
69e8ea4e000000001401a818,69e59e520000000022027a90,太力竭了看着,弱势,观众,4
69e71632000000001401d416,69e59e520000000022027a90,"小鹏汽车目前主要专注于智能电动汽车领域，其技术核心是XNGP智能辅助驾驶和SEPA2.0扶摇架构等，并未公开发布过人形机器人产品。这次参加北京亦庄机器人马拉松的主要是宇树（Unitree）、优必选等专注于人形机器人研发的公司。
不过，小鹏在飞行汽车（如小鹏汇天）和智能机器人（如小鹏AI机器人）方面也有布局，只是可能还没来得及参加这种“马拉松”级别的体能测试[偷笑R]。",弱势,观众,3
69e6f73c000000001401dc00,69e59e520000000022027a90,对，那个跑几步就跳舞，应该是宇树的，动作很漂亮，为了炫舞技参加马拉松,弱势,观众,0
69e6c5c2000000001401c817,69e59e520000000022027a90,非常同意！希望我们的每项事业都在有趣中取得进步,弱势,观众,4
69e7105c000000001401dc09,69e59e520000000022027a90,还有发热情况吧,弱势,观众,5
69e6e176000000001401d410,69e59e520000000022027a90,去年就有，机器人运动会，每个项目都乱成一团绳,弱势,观众,3
69e6b67b000000001401b002,69e59e520000000022027a90,本来还有点盈利的[笑哭R][笑哭R],弱势,观众,1
69e843b0000000001401b002,69e59e520000000022027a90,没事，这玩意儿进步很快的，前两年还得靠人扶着走得歪歪扭扭，现在能跑马拉松了，前年春晚只会转手帕，还得靠人扶着进场，去年春晚已经可以表演空中转圈的武术，进步速度很牛了。我很期待机器人养老，比雇人靠谱[doge],弱势,观众,3
69e5eb54000000001401dc0f,69e59e520000000022027a90,那必须怪路政，这里地不平[偷笑R],弱势,观众,4
69e5f1db000000001401c03d,69e59e520000000022027a90,[偷笑R]将来要车也是“无人驾驶”呢,弱势,观众,6
69e5f72a000000001401c421,69e59e520000000022027a90,坏地球引力不均匀,弱势,观众,4
69e61856000000001401bc11,69e59e520000000022027a90,机器人70%，车子30%的责任[偷笑R],弱势,观众,3
69e5e43f000000001401d808,69e59e520000000022027a90,算司机的，机器人不懂事，司机这么大人也不懂事[派对R][派对R],弱势,观众,3
69e6f17d000000001401e41c,69e59e520000000022027a90,这形容太妙了[点赞R],弱势,观众,1
69e613a6000000001401cc14,69e59e520000000022027a90,有趣的点就是各种各样的表现[失望R],弱势,观众,1
69e8910a000000001401bc21,69e59e520000000022027a90,分自主组和遥控组,弱势,观众,6
69e66e930000000014018c00,69e59e520000000022027a90,这些是搞笑锦集，去看前十名那些，就都很牛逼的[大笑R],弱势,观众,1
69e63ab90000000014019c16,69e59e520000000022027a90,已经比去年的好很多了感觉,弱势,观众,4
69e6c557000000001401e803,69e59e520000000022027a90,这些是成绩倒数的,弱势,观众,4
69e6c7710000000014018c14,69e59e520000000022027a90,因为是很多很多公司生产的啊，肯定有质量差距，这个视频只放了失败的，牛逼的那些早跑完了。,弱势,观众,6
69e6d14f0000000014019c0c,69e59e520000000022027a90,[偷笑R]这是差生，很多厉害的厂商，能自主跑，能导航，工程师开车跟着，还有就是休息区帮忙散热。但是他们应该没有自主意识，所以就是个人形工具。未来世界这种就像修仙世界的傀儡吧。。。,弱势,观众,6
69e6e0bb000000001401cc1a,69e59e520000000022027a90,前几也离具身智能很远,弱势,观众,6
69e6e3660000000014018801,69e59e520000000022027a90,春晚后台跟这个一样，刘谦跟机器人招手，机器人直接原地跪倒,弱势,观众,3
69e6fa43000000001401dc07,69e59e520000000022027a90,前几名的已经把人类马拉松选手远远甩后面了[偷笑R],弱势,观众,6
69e6fbd7000000001401b011,69e59e520000000022027a90,冷知识，自主组的冠军“荣耀闪电”用时50多分钟，比人类世界纪录还快六分多钟[偷笑R],弱势,观众,6
69e6fcf3000000001401b803,69e59e520000000022027a90,So what？ 是具身智能吗,弱势,观众,6
69e6fd250000000014018c1a,69e59e520000000022027a90,差生只是学习不好，搞情绪是一流的。,弱势,观众,4
69e6fdd0000000001401bc3e,69e59e520000000022027a90,北京经济技术开发区机器人局局长蔡继征介绍，自主导航的实现依赖于参赛企业提前将整条赛道的地图预设进机器人“大脑”，并进行仿真训练。因此有业内人士认为，这种自主导航尚未像自动驾驶L4级那样，可以完全实时自主识别、决策和控制。,弱势,观众,6
69e701e40000000014018c02,69e59e520000000022027a90,很正常啊，过个三五年就行了,弱势,观众,4
69e70a40000000001401e807,69e59e520000000022027a90,牛逼的成绩已经跑赢人类了,弱势,观众,6
69e70f34000000001401e801,69e59e520000000022027a90,宇树没有拿最新机器人来参赛，可能是名气太大了,弱势,观众,3
69e70fe5000000001401c420,69e59e520000000022027a90,只是根据植入的地图跑得快就赢了吗,弱势,观众,6
69e7122d000000001401bc01,69e59e520000000022027a90,因为马拉松是只要你能拼出一个机器人都能参加，春晚是严格筛选。,弱势,观众,3
69e74122000000001401c42a,69e59e520000000022027a90,这不叫悲观，叫理性。如果老百姓只看到春晚上的神通广大，那就是过于乐观。,弱势,观众,4
69e7554e000000001401bc31,69e59e520000000022027a90,冠军把世界纪录吊起来打[捂脸R],弱势,观众,1
69e75b2a000000001401c418,69e59e520000000022027a90,那你看到前面跑得很好的跟这些差别是非常大，机器人对人类影响是方方面面的。,弱势,观众,3
69e7963c000000001401d42b,69e59e520000000022027a90,春晚那个也需要提前编程的。我那会儿看到一个视频，上一分钟还在疯狂跳舞，下一分钟下不了舞台的台阶，需要工程师抱下来[笑哭R][笑哭R][笑哭R],弱势,观众,6
69e7b094000000001401e015,69e59e520000000022027a90,再远我们也在前面。,弱势,观众,4
69e7d2a2000000001401b005,69e59e520000000022027a90,因为跑第一的不搞笑 这已经比去年有天翻地覆的差别了,弱势,观众,0
69e8356e000000001401880d,69e59e520000000022027a90,人也不能一口吃成一个胖子，所有的质变都有一个量变积累的过程，你也不是一生下来就能上天入地啊[暗中观察R],弱势,观众,4
69e88dd8000000001401dc2b,69e59e520000000022027a90,春晚都不知道淘汰多少个有故障的机器人了[doge],弱势,观众,3
69e8eb3d000000001401e81a,69e59e520000000022027a90,自主意识要有行动力支持，不然它只会在那里思考问题，不是和豆包一样了吗！,弱势,观众,4
69e9cb5b000000001401dc31,69e59e520000000022027a90,只是玩具而已,弱势,观众,2
6a031fdd000000002a0055d2,69e59e520000000022027a90,这是自己买了宇树回去自己训练的，不是原厂参赛,弱势,观众,6
69e646bd000000001401ac0f,69e59e520000000022027a90,这是专门剪的那些搞笑的啊……你去看看跑前几名的机器人，又稳又快人类根本追不上,弱势,观众,3
69e6bb52000000001401a017,69e59e520000000022027a90,你去看看第一名,弱势,观众,4
69e6bd26000000001401a407,69e59e520000000022027a90,你要不要看看跑在前面的那些？嗷嗷嗷嗷的，更可怕的是二、三梯队还有非常像人类跑步姿势了,弱势,观众,0
69e6e0ce000000001401bc1a,69e59e520000000022027a90,也离具身智能很远，您懂吗,弱势,观众,4
69e702160000000014019418,69e59e520000000022027a90,哈哈哈哈你懂你懂，大家都不懂，大明白～,弱势,观众,1
69e7316b000000001401e418,69e59e520000000022027a90,难道能够自主平衡不是上大分的吗？这个后退保持平衡的表现值老多钱了吧[害羞R],弱势,观众,0
69e73cd7000000001401b810,69e59e520000000022027a90,才发展了多久，现在还相当于襁褓期，一切都在测试验证阶段，和老扯什么具身智能，你家孩子不需要经过婴儿阶段，就让他一切出生就自理了吗,弱势,观众,6
69e73da9000000001401b825,69e59e520000000022027a90,我表达的是，眼耳鼻脑都还只是胚胎阶段，四肢再发达有什么可过于乐观的呢,弱势,观众,4
69e74084000000001401c408,69e59e520000000022027a90,说是胚胎阶段保守了，但同样一个道理，你家孩子眼耳鼻脑都处于刚出生一阵的阶段，但作为家里人为什么要悲观，他不正在正向成长吗？ 除非是从外人看待这东西的态度才会悲观,弱势,观众,4
69e741f1000000001401b827,69e59e520000000022027a90,一个正常的人，看着有乐趣的东西，好玩的东西，发展的东西，正常的反应是当看乐子，一个理性的正常人，更应该会看到背后的技术、行为的目的，不是看表面上的春晚神通广大。,弱势,观众,6
69e753c4000000001401bc23,69e59e520000000022027a90,就这些搞笑的玩意，现在除了中美，其他地球220个国家还没有第三个能造出来。,弱势,观众,6
69e75538000000001401bc40,69e59e520000000022027a90,你看到的只是不好的而已,弱势,观众,4
69e75775000000001401cc00,69e59e520000000022027a90,是你以为我只看过这些而已，呵呵,弱势,观众,4
69e76e2d000000001401b00a,69e59e520000000022027a90,好好好，就你是理中客，其他鼓掌叫好笑哈哈的都是盲目乐观，可以了吗？,弱势,观众,1
69e76fd6000000001401d42d,69e59e520000000022027a90,好生和差生的区别，很难理解吗？,弱势,观众,4
69e7a0de0000000014019803,69e59e520000000022027a90,不放这些逗人乐谁看呀，前三名比人跑的都快,弱势,观众,1
69e7a532000000001401d414,69e59e520000000022027a90,你为啥看到倒数的就开始总结了[汗颜R]，前13都跑出残影了,弱势,观众,6
69e82212000000001401dc09,69e59e520000000022027a90,不割裂啊这是100多个公司的产品还有德国和法国的。你不会以为全世界机器人都技术成熟了吧？还有机器人贴的标签，那些摔倒的很多机器人是自主的就代表没人遥控，是机器人自己控制的，去年可没有这是巨大的进步。,弱势,观众,3
69e8578f0000000014019c1e,69e59e520000000022027a90,很可惜你没有活在19世纪，要不然当你看到本茨老婆驾驶着人类历史上第一辆汽车的时候，你肯定会发表同样精彩的评论[派对R],弱势,观众,4
69e5ec3f000000001401bc0c,69e59e520000000022027a90,真人遥控的啦，机器人现在还没发展到这种程度啦,弱势,观众,3
69e5e74f000000001401c424,69e59e520000000022027a90,哈哈感谢支持[派对R],弱势,观众,1
69e5dedc000000001401cc0e,69e59e520000000022027a90,哈哈哈 确实还有好多有趣的[笑哭R],弱势,观众,1
69e60924000000001401cc1c,69e59e520000000022027a90,明年可能救护车都是机器人变形来的[笑哭R],弱势,观众,3
69ec5f17000000002901bf71,69e59e520000000022027a90,精彩精彩,弱势,观众,4
69eb3d54000000002b02bed3,69e59e520000000022027a90,wbxl你还不如直接给全班看然后七个人一起笑呢哈哈哈,弱势,观众,1
69eb7f9e0000000027021135,69e59e520000000022027a90,那个鼓掌的机器人给我笑疯了，第一次觉得这些机器人好可爱,弱势,观众,3
69e9bad7000000001401cc03,69e59e520000000022027a90,太有节目了也[doge],弱势,观众,1
69e9bf540000000014019829,69e59e520000000022027a90,感觉好多都是重心偏后才摔的,弱势,观众,0
69e99925000000001401380a,69e59e520000000022027a90,可怜的机器人 痛死了,弱势,观众,3
69e8d2c2000000001401e412,69e59e520000000022027a90,你主页怎么全是机器人哈哈哈哈哈哈哈哈,弱势,观众,3
69e84c30000000001401b018,69e59e520000000022027a90,哈哈哈哈哈我最喜欢看热闹那个，像人一样[doge],弱势,观众,1
69e8dfa3000000001401902b,69e59e520000000022027a90,这些机器人有点可爱哈哈哈哈哈哈好搞笑啊,弱势,观众,3
69e7a80f000000001401e014,69e59e520000000022027a90,果然什么东西小小的都会变可爱,弱势,观众,2
69e7657a000000001401c01e,69e59e520000000022027a90,哈哈哈哈哈哈怎么今年和去年的比赛都这么好笑啊,弱势,观众,1
69e73fa60000000014019429,69e59e520000000022027a90,往绿化带里跳那个真蚌埠住了,弱势,观众,0
69e71593000000001401d823,69e59e520000000022027a90,"你好，你提到的“长得像人的机器人”可能是指像“天工”或“宇树”这类以模仿人类步态为特点的机器人。在2026年的比赛中，确实有像“天工”这样全尺寸、步态拟人的机器人参赛，但 最终包揽前六名的是荣耀“闪电”系列机器人 。它们虽然外形和步态与人类差异较大，但凭借在速度、稳定性和续航上的综合优势，取得了压倒性的胜利。
【2026年赛事情况】
在2026年的北京亦庄机器人马拉松中，荣耀“闪电”机器人表现非常出色，占据了榜单前列。虽然“天工”和“宇树H1”也是赛前备受关注的夺冠热门，但在本次比赛中，荣耀机器人展现出了更强的综合性能，尤其是在长距离奔跑的稳定性和速度上。
【2025年赛事回顾】
你可能对2025年的比赛印象更深。在那届比赛中， 北京人形机器人创新中心的“天工Ultra”机器人以2小时40分42秒的成绩，成为全球首个完成半程马拉松的人形机器人并夺得冠军 ，创造了世界纪录。 当时，宇树的机器人也参与了比赛，并因在起跑时摔倒的片段而广为人知。
总的来说，每年的参赛队伍和机器人性能都在不断变化。2025年“天工”的夺冠和2026年“荣耀闪电”的横扫，都代表了人形机器人技术在不同方向上的快速发展和突破。",弱势,观众,3
69e717de000000001401c025,69e59e520000000022027a90,我还指望机器人搞装修我看是指望不上,弱势,观众,3
69e7372d000000001401b00c,69e59e520000000022027a90,荣耀真牛逼,弱势,观众,6
69e729cf0000000014019c2b,69e59e520000000022027a90,还是喜欢这种机器人，不喜欢那种仿生的,弱势,观众,3
69e71e90000000001401dc28,69e59e520000000022027a90,这个小的是不是很可爱,弱势,观众,2
69e6ffbb000000001401a020,69e59e520000000022027a90,[石化R]这样的，真的还有必要参加吗,弱势,观众,4
69e6e69d000000001401c414,69e59e520000000022027a90,很抱歉，当前未检索到与你描述一致的可靠信息，请注意核实相关内容的真实性。,弱势,观众,4
69e792b1000000001401c40b,69e59e520000000022027a90,好搞笑，我的妈呀,弱势,观众,1
69e739a5000000001401e826,69e59e520000000022027a90,想到了：我要的机器人：扫地做饭洗碗……开发商的机器人：唱歌跳舞跑马拉松[doge],弱势,观众,3
69e6d4d80000000014019407,69e59e520000000022027a90,还是众目睽睽下碰瓷,弱势,观众,4
69e77d3f000000001401cc18,69e59e520000000022027a90,我猪猪平时是不是模仿机器人呢[坏笑R],弱势,观众,3
69e6ce88000000001401d820,69e59e520000000022027a90,哈哈哈，搞笑的一批,弱势,观众,1
69e7143e000000001401dc14,69e59e520000000022027a90,滑冰小子,弱势,观众,2
69e6cdcc000000001401c408,69e59e520000000022027a90,荣耀厉害啊，包揽前六名,弱势,观众,6
69e6f8f1000000001401a41b,69e59e520000000022027a90,老年机器人,弱势,观众,3
69e63449000000001401e804,69e59e520000000022027a90,第一个我就不行了哈哈哈哈哈哈哈,弱势,观众,1
69e61614000000001401dc34,69e59e520000000022027a90,"是的
根据多个信息源的描述，第一个冲过终点线的荣耀“闪电”机器人确实在终点前摔倒了，随后被工作人员扶起并继续完成了比赛。
【事件回顾】
在2026年北京亦庄人形机器人半程马拉松中，来自“绝影赤兔队”的遥控机器人“闪电”以约48分20秒的成绩第一个冲过终点线。不过，它在终点前约21公里处摔倒，工作人员迅速上前， 像救援运动员一样用担架将其扶起 ，它才得以完成最后的冲刺。
【最终成绩】
虽然它第一个冲线，但因为是遥控操作组的机器人，根据比赛规则，其成绩需要乘以1.2的加权系数。因此，它的最终成绩约为57分钟。而自主导航组的“闪电”机器人以50分26秒的净用时夺冠， 所以第一个冲线的并非最终冠军 。",弱势,观众,3
69e74061000000001401c019,69e59e520000000022027a90,hxd，以后咱去和机器人相亲[doge],弱势,观众,3
69e60470000000001401cc38,69e59e520000000022027a90,腿一下绷直那个也太好笑了,弱势,观众,1
69e6053b000000001401bc26,69e59e520000000022027a90,笑点太密集哈哈哈哈哈哈,弱势,观众,1
69e60f3a000000001401dc25,69e59e520000000022027a90,妈呀 这样下去机器人肯定会越来越成熟啦,弱势,观众,3
69e609d5000000001401b01c,69e59e520000000022027a90,哈哈哈哈哈周日已经看了好多了,弱势,观众,1
69e633c6000000001401b017,69e59e520000000022027a90,你竟然对机器人感兴趣哈哈,弱势,观众,3
69e5fb58000000001401e036,69e59e520000000022027a90,"有的。
国外确实有机器人跑步比赛，但形式和国内最近很火的“人形机器人马拉松”不太一样。目前国际上更成熟的机器人赛事，比如在美国举办的RoboGames，已经举办了二十多年，其中就包含机器人竞速项目。不过，这些比赛中的机器人形态多样，不局限于人形。
【国际上的机器人赛事】
RoboGames：这是全球历史最悠久、规模最大的机器人综合性赛事之一，自2004年起在美国举办。它就像机器人的“奥运会”，包含格斗、竞速、足球等多种项目，吸引了全球的机器人爱好者和工程师参与。
人形机器人专项赛：虽然像北京亦庄这样大规模、长距离的“人形机器人马拉松”是首创，但国外也有针对人形机器人的跑步测试和比赛。例如，一些科技公司会组织人形机器人进行短距离冲刺赛，比如与人类短跑名将进行50米赛跑，来展示其速度和动态平衡能力。
【为什么人形机器人马拉松备受关注？】
像笔记里看到的北京亦庄机器人马拉松，之所以引发热议，是因为它不仅仅是比赛，更是一次对机器人综合能力的极限测试。
考验核心能力：马拉松考验的是机器人的 续航能力、系统稳定性以及在复杂路况下的动态平衡和自主决策能力 。这些都是人形机器人未来走进家庭、工厂、救援现场等真实场景的关键。
全球同台竞技：这项赛事吸引了来自德国、巴西、葡萄牙、法国等国家的队伍参与，是全球人形机器人技术的一次“大阅兵”和公开“摸底考”。
技术迭代迅速：从早期只能完成简单动作的实验室模型，到如今能跑完半马甚至超越部分人类成绩的机器人，技术进步非常快。比如有信息提到，冠军机器人的半马成绩已经超过了人类的世界纪录。",弱势,观众,3
69e5f761000000001401b805,69e59e520000000022027a90,感谢鼓励[害羞R],弱势,观众,1
69e5f7a8000000001401c001,69e59e520000000022027a90,感谢支持[派对R],弱势,观众,1
69e5ca8d000000001401b827,69e59e520000000022027a90,感谢支持[派对R][派对R],弱势,观众,1
69e61396000000001401dc1d,69e59e520000000022027a90,分两种，一个是遥控操控的，一种是自主跑的。遥控的跑步时间要×1.2的系数。所以最后宇树虽然第一个撞线，但还是没拿到前三,弱势,观众,6
69e614c4000000001401e014,69e59e520000000022027a90,都有 分遥控组和自主组,弱势,观众,6
69e61ad2000000001401d827,69e59e520000000022027a90,那宇树也不行啊？我以为很厉害呢？看来还是荣耀厉害,弱势,观众,6
69e61b85000000001401c406,69e59e520000000022027a90,宇树成绩也还不错，只是荣耀这波太强势了，听说只研发了一年,弱势,观众,6
69e61c43000000001401c014,69e59e520000000022027a90,第一个撞线的是荣耀的遥控组呀,弱势,观众,6
69e61ee30000000014019814,69e59e520000000022027a90,同问，他们的行为是自主的吗,弱势,观众,4
69e62840000000001401d832,69e59e520000000022027a90,第一个撞线的是荣耀遥控组的，所以最终时间乘以了1.2倍，它没得冠军，冠军是第二个撞线的荣耀自主组的。,弱势,观众,6
69e62938000000001401ac11,69e59e520000000022027a90,第一撞线的也不是宇树,弱势,观众,4
69e6317f0000000014019813,69e59e520000000022027a90,荣耀就华为，有华为支持的,弱势,观众,6
69e64447000000001401b01a,69e59e520000000022027a90,两种都参赛了，荣耀的没有头的是遥控的，有头的是自主,弱势,观众,6
69e64966000000001401d414,69e59e520000000022027a90,不是宇树吗？我记错了？,弱势,观众,4
69e64978000000001401940d,69e59e520000000022027a90,第一个撞线的也是荣耀闪电。宇树官方派的H1正赛终点前摔坏抬走了，未完赛。,弱势,观众,6
69e64a21000000001401d409,69e59e520000000022027a90,荣耀不是第一个撞线的，第一个撞线的是遥控的，×1.2后就不如荣耀时间短，所以荣耀包揽了前三,弱势,观众,6
69e64af8000000001401e410,69e59e520000000022027a90,宇树还是很厉害的，不过百花齐放更好,弱势,观众,6
69e65aaf000000001401bc1d,69e59e520000000022027a90,第一个撞线的确实是遥控的，是遥控版的“闪电”，不知道是不是荣耀官方派的还是第三方用“闪电”参赛，但跟宇树八竿子打不着啊,弱势,观众,6
69e65acd000000001401b80c,69e59e520000000022027a90,分家了，华为没参与[笑哭R],弱势,观众,6
69e6a0ec000000001401d801,69e59e520000000022027a90,人控制，都是骗补贴的,弱势,观众,6
69e6bad2000000001401b001,69e59e520000000022027a90,第一个是遥控的荣耀，前六都是荣耀，是不是记成去年的了,弱势,观众,6
69e6bb19000000001401b000,69e59e520000000022027a90,出发时间不一样,弱势,观众,4
69e6bf58000000001401ac0d,69e59e520000000022027a90,自主跑的占40%,弱势,观众,6
69e6d1f90000000014019825,69e59e520000000022027a90,方向不一样，荣耀这个明显只是为了跑步设计的,弱势,观众,6
69e6d370000000001401bc1e,69e59e520000000022027a90,还有个人买宇树跑自家代码的,弱势,观众,6
69e6e9cf000000001401d425,69e59e520000000022027a90,宇树不是第一个撞线吧，第一个撞线的是荣耀的红色机器人，遥控的，在距离终点100米的时候摔倒了。,弱势,观众,6
69e703d80000000014019018,69e59e520000000022027a90,看机器人身上的标志有写的,弱势,观众,3
69e7299c000000001401c40f,69e59e520000000022027a90,有自主的有遥控的，胸口上都写的清清楚楚。,弱势,观众,6
69e72de1000000001401d425,69e59e520000000022027a90,那真厉害[点赞R],弱势,观众,1
69e73d60000000001401bc03,69e59e520000000022027a90,问完然后呢？转人工,弱势,观众,4
69e65303000000001401d40d,69e59e520000000022027a90,压根儿不能比好嘛[捂脸R]  功能都不一样,弱势,观众,6
69e65b94000000001401bc0c,69e59e520000000022027a90,第一个冲线的是它，遥控版的荣耀“闪电”，怎么评论区这么多人跟你说你就是不听呢，你不听网友的自己搜搜还不行吗,弱势,观众,6
69e5ec17000000001401c835,69e59e520000000022027a90,不是说有好多机器人还是大学的学生创作，不是大厂，毕竟经费有限，也正常啦,弱势,观众,3
69e5ea170000000014018815,69e59e520000000022027a90,车自动驾驶都能实现了，这整个两条腿的还分不清前后,弱势,观众,6
69e5eafa000000001401b011,69e59e520000000022027a90,搞得和小学生航模比赛似的,弱势,观众,6
69e5eee3000000001401c40e,69e59e520000000022027a90,有大厂的机器人 ，也有大学生的作品等初创作品。,弱势,观众,3
69e5f6d8000000001401d829,69e59e520000000022027a90,不是科技不强大，是中国的科技不强大，前两天看普通人手里的某树，还要扶着才能走路[笑哭R]我爸之前还说AI要代替人了，大厂都在裁员，看完后再不说了[笑哭R],弱势,观众,6
69e5e8e5000000001401d40d,69e59e520000000022027a90,零到一到一百总有一个过程[棒R]别急着嘲讽,弱势,观众,4
69e5e92b000000001401d404,69e59e520000000022027a90,这几年外国ip都跟集体吃柠檬了似的[笑哭R][笑哭R]老要找点蛛丝马迹确定国内生活没那么好，国家发展没那么快，给自己找一点安慰，有点意思🤔,弱势,观众,4
69e5e9a80000000014019025,69e59e520000000022027a90,看看百年前的第一届汽车大赛？,弱势,观众,4
69e8c1c1000000001401e428,69e59e520000000022027a90,配乐好评,弱势,观众,1
69e74915000000001401bc11,69e59e520000000022027a90,因为前几名在认真跑啊没这么多节目自然就没这么多关注[微笑R],弱势,观众,0
69e74584000000001401e401,69e59e520000000022027a90,那也是全球第一了，谢谢,弱势,观众,4
69e74e3d000000001401c403,69e59e520000000022027a90,em....这比赛好像有100多个国家参加呢,弱势,观众,1
69e7531a000000001401cc1b,69e59e520000000022027a90,不是，5个外国参赛队，都是德法之类的大学，但是他们还无法完成硬件制造，买的是宇树的机器人，然后自己编程灌软件参赛。最后反正是全军覆没，这行业现在也是只有中美在正经在赛道上，其他的国家现在是气氛组。,弱势,观众,6
69e6d003000000001401cc07,69e59e520000000022027a90,抽象 永无止尽,弱势,观众,4
69ebf502000000002b0299c6,69e59e520000000022027a90,好心酸好像看到了自己跑八百的样子,弱势,观众,0
69e9bfbf000000001401981d,69e59e520000000022027a90,[笑哭R]笑死，看完这个比赛，机器人什么时候才能占领地球解放人类啊[失望R],弱势,观众,3
69e9cfd3000000001401a019,69e59e520000000022027a90,和春晚有点割裂哈哈,弱势,观众,1
69e9904c000000001401d404,69e59e520000000022027a90,各有各的笑料,弱势,观众,1
69e873e9000000001401e018,69e59e520000000022027a90,[doge]闯了祸还有人给他扫尾，真幸福,弱势,观众,1
69e891fe000000001401c009,69e59e520000000022027a90,好多喝假酒的,弱势,观众,4
69e8421d000000001401c80c,69e59e520000000022027a90,算了机哥,弱势,观众,3
69e83d37000000001401b01b,69e59e520000000022027a90,笑死，又好笑又心酸,弱势,观众,1
69e7ac00000000001401d411,69e59e520000000022027a90,除了不用担心体力  其他都需要操心[笑哭R],弱势,观众,0
69e77fab000000001401cc3a,69e59e520000000022027a90,我觉得今年整体比去年强了,弱势,观众,4
69e783c0000000001401a019,69e59e520000000022027a90,这里不准随地大小便[偷笑R][派对R][派对R],弱势,观众,1
69e771a6000000001401b81b,69e59e520000000022027a90,荣耀的外观看起来就能灭绝人类,弱势,观众,6
69e73379000000001401c822,69e59e520000000022027a90,笑死机器人打架也好好笑,弱势,观众,3
69e78407000000001401b004,69e59e520000000022027a90,冠军居然是荣耀！,弱势,观众,6
69e73617000000001401e405,69e59e520000000022027a90,退半步的动作是认真的吗,弱势,观众,0
69e70242000000001401dc0e,69e59e520000000022027a90,一度以为是ai,弱势,观众,6
69ee2a88000000002b02b35f,69e59e520000000022027a90,哈哈哈哈哈那个站在旁边嘲笑的太烦了,弱势,观众,1
69e6c5ac000000001401e81c,69e59e520000000022027a90,哈哈哈哈哈，早知道这么精彩，就该带倆熊去看个现场,弱势,观众,1
69e6f75e000000001401d42c,69e59e520000000022027a90,各种各样的机器人🤖,弱势,观众,3
69e745b3000000001401c00c,69e59e520000000022027a90,卸电池直接躺倒笑死我了,弱势,观众,1
69e65e22000000001401e400,69e59e520000000022027a90,哈哈，真好笑。为电池没电的人鼓掌呢？无价。,弱势,观众,1
69e728cc000000001401d802,69e59e520000000022027a90,我喜欢那个豆包,弱势,观众,2
69e646470000000014019c02,69e59e520000000022027a90,你说 要是机器人发展起来替代了一些工作岗位 那那些人咋办,弱势,观众,3
69e62e840000000014019426,69e59e520000000022027a90,配音绝配哈哈哈,弱势,观众,1
69e61c930000000014018c0f,69e59e520000000022027a90,[doge]让旁边参加马拉松的人无法PB,弱势,观众,0
69e63531000000001401d40d,69e59e520000000022027a90,前两个是工程师没调试嘛,弱势,观众,6
69eb84aa000000002b028f8b,69e59e520000000022027a90,别吵，正在思考,弱势,观众,4
69e63c4d000000001401c037,69e59e520000000022027a90,[呃R]春晚上表现已经那么灵活了，怎么还跑着跑着就摔了。,弱势,观众,0
69e61485000000001401d406,69e59e520000000022027a90,那个小小的，好可爱[派对R],弱势,观众,2
69e60ac6000000001401e41c,69e59e520000000022027a90,看不懂操作,弱势,观众,6
69e640450000000014018c0d,69e59e520000000022027a90,超 看热闹那个和踢大爷一脚那个也太搞笑了[笑哭R],弱势,观众,1
