topic_id,raw_count,assigned_count,n_posts_raw,top_post_share_raw,level1_share_raw,level2_share_raw,top_terms,representative_docs,top_like_examples,post_diverse_examples,random_examples,coder1_domain,coder1_label,coder1_notes,coder2_domain,coder2_label,coder2_notes,adjudicated_domain,adjudicated_label,adjudication_notes
0,1129,1222,31,0.4977856510186005,0.6492471213463242,0.3507528786536758,"遥控, 遥控器, 遥控车, 遙控, 监控, 失控, 操控, 有人, 跟不上, 跟着","['[微笑R]这不都是人遥控的么', '哈哈哈，遥控de', '有自主跑的，也有遥控的。']","[post=69e59e520000000022027a90; level=2; likes=787.0; status=弱势; role=观众] 遥控的，主要是程序员太逗了[笑哭R]
---
[post=69e429b4000000001b00037a; level=2; likes=552.0; status=常态; role=观众] 遥控组作为底层，就是来整活的，毕竟也只能干整活[捂脸R]
---
[post=69e4426b000000001d01c7ed; level=2; likes=426.0; status=混合; role=观众] 那直接放遥控汽车不就起飞了。
---
[post=69e59e520000000022027a90; level=2; likes=344.0; status=弱势; role=观众] 看号码布，遥控的
---
[post=69e59e520000000022027a90; level=2; likes=288.0; status=弱势; role=观众] 拍手这是有人遥控，还是自主设定的反应？","[post=69e59e520000000022027a90; level=2; likes=787.0; status=弱势; role=观众] 遥控的，主要是程序员太逗了[笑哭R]
---
[post=69e429b4000000001b00037a; level=2; likes=552.0; status=常态; role=观众] 遥控组作为底层，就是来整活的，毕竟也只能干整活[捂脸R]
---
[post=69e4426b000000001d01c7ed; level=2; likes=426.0; status=混合; role=观众] 那直接放遥控汽车不就起飞了。
---
[post=69e4b08d000000001d01c1bc; level=2; likes=285.0; status=混合; role=观众] 48分钟那个是遥控的，50分的是自主的，48分的要乘1.2的系数就不是冠军了
---
[post=69df625d0000000021005c63; level=2; likes=251.0; status=失败; role=观众] 都有，遥控的话最后时间要乘以1.2
---
[post=69e634590000000022003bb5; level=1; likes=249.0; status=常态; role=观众] 居然是蓝标，自主不是遥控，棒极了
---
[post=69e463df000000001b003017; level=2; likes=118.0; status=强势; role=服务者] 遥控的要加时间，加权后才是最终成绩
---
[post=69da7e87000000001a03484e; level=2; likes=86.0; status=强势; role=观众] 今年分组别，自主导航组和遥控组，速度也都提升很大。","[post=69e634590000000022003bb5; level=1; likes=0.0; status=常态; role=观众] 后面是遥控器控制走的吧
---
[post=69e481e8000000002003ad94; level=1; likes=0.0; status=强势; role=服务者] 那遥控器的更累[笑哭R]
---
[post=69e481e8000000002003ad94; level=1; likes=8.0; status=强势; role=服务者] 就是个遥控玩具，腿部关节有点难度，换成轮子谁都能做
---
[post=69e481e8000000002003ad94; level=2; likes=1.0; status=强势; role=服务者] 哈哈哈 遥控玩具非要弄成机器人形状
---
[post=69e481e8000000002003ad94; level=1; likes=0.0; status=强势; role=服务者] 拿遥控器那个全程跟跑？那不累死",,,,,,,,,
1,646,955,28,0.2770897832817337,0.6486068111455109,0.35139318885448917,"机器人马拉松, 机器人, 马拉松, 人形机器人, 跑马, 机器, 跑步, 赛事, 奔跑, 比赛","['机器人跑马拉松[偷笑R]', '以后马拉松就是机器人比赛[偷笑R]', '有的。\n国外确实有机器人跑步比赛，但形式和国内最近很火的“人形机器人马拉松”不太一样。目前国际上更成熟的机器人赛事，比如在美国举办的RoboGames，已经举办了二十多年，其中就包含机器人竞速项目。不过，这些比赛中的机器人形态多样，不局限于人形。\n【国际上的机器人赛事】\nRoboGames：这是全球历史最悠久、规模最大的机器人综合性赛事之一，自2004年起在美国举办。它就像机器人的“奥运会”，包含格斗、竞速、足球等多种项目，吸引了全球的机器人爱好者和工程师参与。\n人形机器人专项赛：虽然像北京亦庄这样大规模、长距离的“人形机器人马拉松”是首创，但国外也有针对人形机器人的跑步测试和比赛。例如，一些科技公司会组织人形机器人进行短距离冲刺赛，比如与人类短跑名将进行50米赛跑，来展示其速度和动态平衡能力。\n【为什么人形机器人马拉松备受关注？】\n像笔记里看到的北京亦庄机器人马拉松，之所以引发热议，是因为它不仅仅是比赛，更是一次对机器人综合能力的极限测试。\n考验核心能力：马拉松考验的是机器人的 续航能力、系统稳定性以及在复杂路况下的动态平衡和自主决策能力 。这些都是人形机器人未来走进家庭、工厂、救援现场等真实场景的关键。\n全球同台竞技：这项赛事吸引了来自德国、巴西、葡萄牙、法国等国家的队伍参与，是全球人形机器人技术的一次“大阅兵”和公开“摸底考”。\n技术迭代迅速：从早期只能完成简单动作的实验室模型，到如今能跑完半马甚至超越部分人类成绩的机器人，技术进步非常快。比如有信息提到，冠军机器人的半马成绩已经超过了人类的世界纪录。']","[post=69e4b08d000000001d01c1bc; level=1; likes=1807.0; status=混合; role=观众] emm……马拉松的意义不是锻炼身体和耐力么，机器人真的需要这个吗
---
[post=69e40352000000002102fc75; level=1; likes=893.0; status=常态; role=服务者] 这不叫机器人大赛，应更名叫仿生人马拉松。因为机器人要快，它就不用人类的跑步方式，更是换上高速引挺滑轮，看谁快。只有仿生人才会这样。无论那一种，都是人类科学的进步，加油加油！
---
[post=69e47f8f000000001f007203; level=1; likes=295.0; status=混合; role=观众] 我不是很懂，为啥要弄机器人跑步，花费这么多人力物力财力的意义是什么，（纯纯问，无恶意哈）
---
[post=69e48341000000001a02d0c4; level=2; likes=251.0; status=强势; role=观众] 现在迭代这么快，应该十年内就能实现。上一届机器人马拉松这群玩意儿还是连滚带爬的，一年就超过人类了。
---
[post=69e47f8f000000001f007203; level=2; likes=209.0; status=混合; role=观众] 跑步考验机器人的稳定性，连贯性，散热，电池续航，是以后开发更多功能的基础。","[post=69e4b08d000000001d01c1bc; level=1; likes=1807.0; status=混合; role=观众] emm……马拉松的意义不是锻炼身体和耐力么，机器人真的需要这个吗
---
[post=69e40352000000002102fc75; level=1; likes=893.0; status=常态; role=服务者] 这不叫机器人大赛，应更名叫仿生人马拉松。因为机器人要快，它就不用人类的跑步方式，更是换上高速引挺滑轮，看谁快。只有仿生人才会这样。无论那一种，都是人类科学的进步，加油加油！
---
[post=69e47f8f000000001f007203; level=1; likes=295.0; status=混合; role=观众] 我不是很懂，为啥要弄机器人跑步，花费这么多人力物力财力的意义是什么，（纯纯问，无恶意哈）
---
[post=69e48341000000001a02d0c4; level=2; likes=251.0; status=强势; role=观众] 现在迭代这么快，应该十年内就能实现。上一届机器人马拉松这群玩意儿还是连滚带爬的，一年就超过人类了。
---
[post=69e41e24000000001a025f1a; level=1; likes=188.0; status=失败; role=观众] 机器人马拉松会不会影响真人跑者的成绩啊，感觉大家都忍不住看哈哈哈
---
[post=69e634590000000022003bb5; level=2; likes=160.0; status=常态; role=观众] 我也觉得[捂脸R]外面的视频都是营销号剪的娱乐版 看多了审美疲劳。机器人半马明明是一件很有意义的事情，感谢你们国家的科技树长出了新的枝叶
---
[post=69e48b0b000000001a02578c; level=1; likes=89.0; status=失败; role=服务者] 不懂机器人跑马拉松的意义在哪[捂脸R]
---
[post=69e44278000000001a0217bb; level=1; likes=54.0; status=强势; role=被超越者] “多年以后，面对机器人，人类回想起了它在马拉松超过自己的瞬间”","[post=69e429b4000000001b00037a; level=1; likes=1.0; status=常态; role=观众] 一群人看机器人，意义何在？
---
[post=69e47f8f000000001f007203; level=2; likes=1.0; status=混合; role=观众] 因为可以通过长距离运动体现出来非常多的问题，电量，温度，稳定，平衡，操作顺滑度等等。自主机器人还有ai学习，动态思考等等。走路在人看来是一个非常简单的事，但是在机器人来讲关节、力量传导、避障，甚至有个石子垫了脚它没有肌肉要怎么平衡站稳，都是算法和机械支撑的，这些都需要一个发展过程，马拉松其实更像是一个暴露问题的阶段汇报复盘大会。
---
[post=69e481e8000000002003ad94; level=1; likes=0.0; status=强势; role=服务者] 机器人马拉松不应该算工具么
---
[post=69e481e8000000002003ad94; level=1; likes=0.0; status=强势; role=服务者] 现在机器人能马拉松，那以后是不是能打拳击[doge]
---
[post=69e47f8f000000001f007203; level=2; likes=0.0; status=混合; role=观众] 问题是这是在测试性能[笑哭R]机器人造出来以后又不是真的让他跑步。",,,,,,,,,
2,560,1037,27,0.13392857142857142,0.6839285714285714,0.31607142857142856,"机器人, 小机器人, 机器人界, 機器, 机器, 人机, 真好玩, 机械, 好笑, 有个","['机器人添大乱', '机器人：力大砖飞[坏笑R]', '机器人不好玩！']","[post=69e48d54000000002102e178; level=2; likes=634.0; status=弱势; role=保护者] 这小机器人坐得略显拘谨啊[笑哭R]
---
[post=69e47f8f000000001f007203; level=2; likes=634.0; status=混合; role=观众] 机器人也是人[大笑R]
---
[post=69e2583b00000000230211ea; level=2; likes=558.0; status=失败; role=抢救者] 这个我觉得是真实视频，因为看见过其他视角的。这跟机器人材质和重量有关吧，我觉得这个程度摔一下还是可能会碎的
---
[post=69e447d2000000001d01aa01; level=2; likes=402.0; status=强势; role=服务者] [扶墙R][扶墙R]机器人现在就有自己想法了吗，好高级[扶墙R]
---
[post=69e4b08d000000001d01c1bc; level=1; likes=280.0; status=混合; role=观众] 邓超机器人笑发财了","[post=69e48d54000000002102e178; level=2; likes=634.0; status=弱势; role=保护者] 这小机器人坐得略显拘谨啊[笑哭R]
---
[post=69e47f8f000000001f007203; level=2; likes=634.0; status=混合; role=观众] 机器人也是人[大笑R]
---
[post=69e2583b00000000230211ea; level=2; likes=558.0; status=失败; role=抢救者] 这个我觉得是真实视频，因为看见过其他视角的。这跟机器人材质和重量有关吧，我觉得这个程度摔一下还是可能会碎的
---
[post=69e447d2000000001d01aa01; level=2; likes=402.0; status=强势; role=服务者] [扶墙R][扶墙R]机器人现在就有自己想法了吗，好高级[扶墙R]
---
[post=69e4b08d000000001d01c1bc; level=1; likes=280.0; status=混合; role=观众] 邓超机器人笑发财了
---
[post=69e429b4000000001b00037a; level=2; likes=161.0; status=常态; role=观众] 哈哈哈哈哈哈机器人也有自己的adhd
---
[post=69e481e8000000002003ad94; level=2; likes=114.0; status=强势; role=服务者] 没事 机器人发展比你大脑发展快的多[doge][doge]
---
[post=69e463df000000001b003017; level=1; likes=86.0; status=强势; role=服务者] 机器人激动得半天说不出一句话[笑哭R]","[post=69da7e87000000001a03484e; level=2; likes=0.0; status=强势; role=观众] 机器人也是人[doge]
---
[post=69e4426b000000001d01c7ed; level=1; likes=1.0; status=混合; role=观众] 这机器人体态有问题
---
[post=69e481e8000000002003ad94; level=1; likes=0.0; status=强势; role=服务者] 第一次觉得作为机器人也挺累的，不知道为什么挺可怜的
---
[post=69e59e520000000022027a90; level=1; likes=5.0; status=弱势; role=观众] 我的快乐是机器人给的，笑的眼泪都流出来了
---
[post=69e481e8000000002003ad94; level=1; likes=1.0; status=强势; role=服务者] 连机器人都累得站不稳了……",,,,,,,,,
3,499,633,27,0.533066132264529,0.6673346693386774,0.33266533066132264,"程序员, 跟着, 跟不上, 跑不动, 跑不过, 跑啦, 编程, 程序, 追着, run","['程序员咋不跟着跑', '程序员也要跟着跑步，可能是救程序员的', '程序员说写的时候没有这个变量']","[post=69e447d2000000001d01aa01; level=1; likes=1848.0; status=强势; role=服务者] 三公里就得换一个程序员
---
[post=69e2583b00000000230211ea; level=1; likes=1030.0; status=失败; role=抢救者] 只有我心疼这个机器的报废了吗，程序员不心碎了吗
---
[post=69e447d2000000001d01aa01; level=2; likes=903.0; status=强势; role=服务者] 这是一个梗 程序和程序员有一个能跑就行[偷笑R]
---
[post=69e634590000000022003bb5; level=2; likes=474.0; status=常态; role=观众] 语音控制电瓶车上的程序员吧[偷笑R]
---
[post=69e447d2000000001d01aa01; level=1; likes=328.0; status=强势; role=服务者] 咱就不能给程序员配个八嘎车，一个开车追，一个改bug[笑哭R]","[post=69e447d2000000001d01aa01; level=1; likes=1848.0; status=强势; role=服务者] 三公里就得换一个程序员
---
[post=69e2583b00000000230211ea; level=1; likes=1030.0; status=失败; role=抢救者] 只有我心疼这个机器的报废了吗，程序员不心碎了吗
---
[post=69e634590000000022003bb5; level=2; likes=474.0; status=常态; role=观众] 语音控制电瓶车上的程序员吧[偷笑R]
---
[post=69e429b4000000001b00037a; level=2; likes=114.0; status=常态; role=观众] 触发底层代码了[笑哭R]
---
[post=69e481e8000000002003ad94; level=2; likes=109.0; status=强势; role=服务者] 可是，程序员也在跑着呐[偷笑R]
---
[post=69da7e87000000001a03484e; level=1; likes=80.0; status=强势; role=观众] 今年不用选体能好的程序员跟跑了，因为体能再好都跟不上了
---
[post=69e4551e000000001f005895; level=1; likes=54.0; status=强势; role=被超越者] 这一车是程序员么
---
[post=69e47f8f000000001f007203; level=2; likes=49.0; status=混合; role=观众] 或许上面坐的是一排排修复bug的程序员呢","[post=69e447d2000000001d01aa01; level=1; likes=0.0; status=强势; role=服务者] 有效解决了程序员久坐问题[笑哭了R]
---
[post=69da7e87000000001a03484e; level=1; likes=0.0; status=强势; role=观众] 程序员咋不跟着跑
---
[post=69e59e520000000022027a90; level=1; likes=1.0; status=弱势; role=观众] 哈哈哈哈，给了程序员一个大逼斗，还把自己的手打掉了。
---
[post=69e481e8000000002003ad94; level=1; likes=1.0; status=强势; role=服务者] 马拉松程序员也得跟着跑[笑哭R]
---
[post=69e481e8000000002003ad94; level=1; likes=0.0; status=强势; role=服务者] 工程师：我写的代码会跑啦",,,,,,,,,
4,498,720,24,0.45180722891566266,0.5020080321285141,0.4979919678714859,"战场, 打仗, 作战, 战士, 战时, 战争, 牺牲, 背着, 军用, 武器","['意义就是以后战场不需要人了[doge]', '战场上背炸弹', '对啊，让他跑这么快的意义是？上战场吗']","[post=69e481e8000000002003ad94; level=2; likes=290.0; status=强势; role=服务者] 打仗时候可以绑炸弹冲在前面，火场救援，灾区救援
---
[post=69e481e8000000002003ad94; level=2; likes=217.0; status=强势; role=服务者] 为巷战、为丛林战做准备。
---
[post=69e4c771000000002102c3fc; level=1; likes=169.0; status=常态; role=服务者] 好好练，将来分担抢险救灾的工作💪
---
[post=69e4551e000000001f005895; level=1; likes=93.0; status=强势; role=被超越者] 这玩意加个强化外壳，装上遥控炸药，想拦住不太容易呀[笑哭R]
---
[post=69da7e87000000001a03484e; level=1; likes=91.0; status=强势; role=观众] 可以用于灾害救援啊这个","[post=69e481e8000000002003ad94; level=2; likes=290.0; status=强势; role=服务者] 打仗时候可以绑炸弹冲在前面，火场救援，灾区救援
---
[post=69e4c771000000002102c3fc; level=1; likes=169.0; status=常态; role=服务者] 好好练，将来分担抢险救灾的工作💪
---
[post=69e4551e000000001f005895; level=1; likes=93.0; status=强势; role=被超越者] 这玩意加个强化外壳，装上遥控炸药，想拦住不太容易呀[笑哭R]
---
[post=69da7e87000000001a03484e; level=1; likes=91.0; status=强势; role=观众] 可以用于灾害救援啊这个
---
[post=69e46032000000001f002048; level=2; likes=76.0; status=常态; role=保护者] 现在距离派往光州已经就差一秒六棍了
---
[post=69e44278000000001a0217bb; level=2; likes=25.0; status=强势; role=被超越者] 白活这么大了 导弹都接不住
---
[post=69e634590000000022003bb5; level=2; likes=19.0; status=常态; role=观众] 这玩意和火药一个道理，在我们这里是烟花，在别人那里是炮弹！但是我们现在肯定不会这么傻了[doge]
---
[post=69e59e520000000022027a90; level=1; likes=13.0; status=弱势; role=观众] 希望以后追杀我的都是这些型号[doge]","[post=69e481e8000000002003ad94; level=1; likes=1.0; status=强势; role=服务者] 未来的战争就不是士兵上阵了[微笑R]
---
[post=69e46730000000001d0199c8; level=2; likes=2.0; status=强势; role=观众] 可能以后战场上可以当搬运兵？🤔
---
[post=69e481e8000000002003ad94; level=2; likes=0.0; status=强势; role=服务者] 到时候拿起机枪跑起来突人，你就不这么觉得了[doge]
---
[post=69e481e8000000002003ad94; level=1; likes=0.0; status=强势; role=服务者] 第一眼好像一个全副武装的战士冲过来了
---
[post=69da7e87000000001a03484e; level=1; likes=0.0; status=强势; role=观众] 后续救援会用到吧",,,,,,,,,
5,494,819,23,0.3805668016194332,0.25303643724696356,0.7469635627530364,"人形机器人, 人形, 机器人, 人型, 人体, 外形, 人类, 形状, 机器, 形态","['就是因为人形才叫机器人啊傻不傻', '人形设计出来是为了代替人类的，整个世界的各种工具都是人类可以用的，设计成人形是为了造通用型机器人，因为人能很好的让这个世界运转，人形一样能，可以不用改造环境和工具，就可以适配所有人类适应的环境。人形不是为了满足特定场景而设计出来的机器人，而是这个世界的所有场景的通用机器人。特殊场景的机器人，人形也能去控制它，人形机器人算是高纬度的机器人了', '你是人形的呀，这个社会就是按人形设计的。[暗中观察R]']","[post=69e4426b000000001d01c7ed; level=2; likes=2132.0; status=混合; role=观众] 这是人形机器人，你说的那种是另一种机器人。
---
[post=69e481e8000000002003ad94; level=2; likes=907.0; status=强势; role=服务者] 因为人形可以和人本身结合起来，他可以用人的装备，人的武器，人也可以用他们的
---
[post=69e48b0b000000001a02578c; level=2; likes=307.0; status=失败; role=服务者] 我也觉得。每次有人问，都一大堆人说是为了适配人类社会的设施，但我寻思守望先锋奥丽莎这种设计也行啊
---
[post=69e481e8000000002003ad94; level=2; likes=251.0; status=强势; role=服务者] 很简单的理解。为什么是人型，因为这个社会所有的设施都按人为基准建的。你想，造一个人出来，首先要教会这个人走路，跑步啊，这才只是最简单的一步。只能说现在是刚学会走路跑步的一两岁小孩子。
---
[post=69e42cc100000000220001ad; level=2; likes=168.0; status=弱势; role=观众] 人类社会的一切工具和设施都是基于人体打造的，人形机器人可以无障碍接管，不需要对工具和设施进行适配性改造。  同时，情感需求也是一方面，机器人要融入人类社会，与人类共同协作，其外形需要尽量减少隔阂感，且要能与人类以“人类熟悉的方式”进行互动。 所以，人形态是最好的选择。","[post=69e4426b000000001d01c7ed; level=2; likes=2132.0; status=混合; role=观众] 这是人形机器人，你说的那种是另一种机器人。
---
[post=69e481e8000000002003ad94; level=2; likes=907.0; status=强势; role=服务者] 因为人形可以和人本身结合起来，他可以用人的装备，人的武器，人也可以用他们的
---
[post=69e48b0b000000001a02578c; level=2; likes=307.0; status=失败; role=服务者] 我也觉得。每次有人问，都一大堆人说是为了适配人类社会的设施，但我寻思守望先锋奥丽莎这种设计也行啊
---
[post=69e42cc100000000220001ad; level=2; likes=168.0; status=弱势; role=观众] 人类社会的一切工具和设施都是基于人体打造的，人形机器人可以无障碍接管，不需要对工具和设施进行适配性改造。  同时，情感需求也是一方面，机器人要融入人类社会，与人类共同协作，其外形需要尽量减少隔阂感，且要能与人类以“人类熟悉的方式”进行互动。 所以，人形态是最好的选择。
---
[post=69e48341000000001a02d0c4; level=2; likes=80.0; status=强势; role=观众] 还有问为啥要做成人形的
---
[post=69df625d0000000021005c63; level=2; likes=69.0; status=失败; role=观众] 因为叫机器人啊，做成狗的叫机器狗，做成蜘蛛的叫机器蜘蛛。。这就是中文基本的表达方法。。又不像英文出现个啥就创造一个单词出来。。。。
---
[post=69da7e87000000001a03484e; level=2; likes=62.0; status=强势; role=观众] 做成人形，就是各行各业通用
---
[post=69e40352000000002102fc75; level=2; likes=38.0; status=常态; role=服务者] 仿生人不就是仿生机器人[doge]","[post=69e2583b00000000230211ea; level=1; likes=0.0; status=失败; role=抢救者] 很多人体民块
---
[post=69e48341000000001a02d0c4; level=2; likes=11.0; status=强势; role=观众] 这就是技术路线的选择不一样。其实人工只能最后还是要落地到 生活中才有市场。 当然现在中国的大模型也不差。已经要追平美国了。老美 他们做不了落地的东西，因为制造业跟不上。他们必将落后于我们的。
---
[post=69e481e8000000002003ad94; level=2; likes=0.0; status=强势; role=服务者] 比如说要进密林，进废墟，轮子根本进不去啊，像汶川地震救援的时候进震区纯靠人走路的，轮子的灵活性跟人四肢没法比的，如果路况好到轮子可以，那完全可以开车啊。而且人形机器人技术成熟后可以直接使用现有的人用工具，不用额外开发工具，节约成本，缩短正式投放市场的周期。
---
[post=69da7e87000000001a03484e; level=1; likes=8.0; status=强势; role=观众] 就搞不懂为什么执着要做成人型的。
---
[post=69e43b14000000001a02e095; level=1; likes=1.0; status=弱势; role=服务者] 人形机器人目前研发聚焦在能跑就行，设计的时候还没有考虑耐久性和寿命",,,,,,,,,
6,435,652,28,0.3195402298850575,0.7540229885057471,0.24597701149425288,"摔倒, 摔了一跤, 跌倒, 摔到, 摔得, 摔下去, 摔成, 摔个, 摔碎, 绊倒","['总感觉下一秒就要摔倒了，一直到最后也没摔倒', '真不是故意摔倒的？', '摔倒了的那个不蹭，嘣💥']","[post=69e48d54000000002102e178; level=1; likes=4072.0; status=弱势; role=保护者] 他是怕摔下来，公司要他赔
---
[post=69e2583b00000000230211ea; level=1; likes=774.0; status=失败; role=抢救者] 粉碎性骨折[doge]
---
[post=69e44171000000001a026b25; level=2; likes=707.0; status=混合; role=观众] 它倒地都是很温柔的找好角度倒的 不像别个直接一个雷霆大摔 摔的七零八落担架抬走[笑哭R]
---
[post=69e46730000000001d0199c8; level=2; likes=522.0; status=强势; role=观众] 还摔了一跤呢，担架都上来了，但是没用上，扶起来起来又跑了[笑哭R]
---
[post=69e2583b00000000230211ea; level=2; likes=307.0; status=失败; role=抢救者] 就这么摔一下就散架了，在家就没测试过的吧[笑哭R]","[post=69e48d54000000002102e178; level=1; likes=4072.0; status=弱势; role=保护者] 他是怕摔下来，公司要他赔
---
[post=69e2583b00000000230211ea; level=1; likes=774.0; status=失败; role=抢救者] 粉碎性骨折[doge]
---
[post=69e44171000000001a026b25; level=2; likes=707.0; status=混合; role=观众] 它倒地都是很温柔的找好角度倒的 不像别个直接一个雷霆大摔 摔的七零八落担架抬走[笑哭R]
---
[post=69e46730000000001d0199c8; level=2; likes=522.0; status=强势; role=观众] 还摔了一跤呢，担架都上来了，但是没用上，扶起来起来又跑了[笑哭R]
---
[post=69da7e87000000001a03484e; level=2; likes=164.0; status=强势; role=观众] 大不了换零件[doge]
---
[post=69db34bb000000001a0348ae; level=2; likes=88.0; status=失败; role=抢救者] 粉碎性骨折啊这是
---
[post=69e41e24000000001a025f1a; level=1; likes=79.0; status=失败; role=观众] 啥东西，碎一地[doge]
---
[post=69e42cc100000000220001ad; level=2; likes=36.0; status=弱势; role=观众] 这个摔烂直接被扔在路边了","[post=69e2583b00000000230211ea; level=1; likes=0.0; status=失败; role=抢救者] 这是ai吗？怎么可能碎成这样，还有粉末
---
[post=69da7e87000000001a03484e; level=1; likes=0.0; status=强势; role=观众] 地板还好吗
---
[post=69e59e520000000022027a90; level=1; likes=0.0; status=弱势; role=观众] 如果不小心被它撞到，我要做什么。。
---
[post=69e42cc100000000220001ad; level=2; likes=0.0; status=弱势; role=观众] 厉害，竟然没摔倒
---
[post=69e4426b000000001d01c7ed; level=2; likes=4.0; status=混合; role=观众] 不敢扶，怕讹人[萌萌哒R]",,,,,,,,,
7,418,693,27,0.3014354066985646,0.6674641148325359,0.33253588516746413,"机器人, 机器, 人类, 人工, 服务, 人来, 伺候, 服务业, 有个, 工作","['以后人类要服务机器人了！', '所以是机器人服务人类还是人类服务机器人[微笑R]', '以后养老靠机器人感觉很有希望了']","[post=69e634590000000022003bb5; level=1; likes=2076.0; status=常态; role=观众] 原来是你们团队叫加速进化，我看到你们机器人上贴这个以为是你们的机器人要加速进化了[石化R][石化R][石化R]
---
[post=69e48341000000001a02d0c4; level=1; likes=927.0; status=强势; role=观众] 我已经预见到我老了将会有一个人形机器人推着轮椅带着伞啊外套啊保温壶、小点心、我的降压药什么的，陪我去公园散步。根本不敢指望我儿子
---
[post=69db34bb000000001a0348ae; level=1; likes=359.0; status=失败; role=抢救者] 机器人老了可怎么办[doge]
---
[post=69e47f8f000000001f007203; level=2; likes=171.0; status=混合; role=观众] 让老人照顾机器人
---
[post=69df625d0000000021005c63; level=1; likes=55.0; status=失败; role=观众] 这个视频外网已经有了，老外说这才是中国机器人的真实水平","[post=69e634590000000022003bb5; level=1; likes=2076.0; status=常态; role=观众] 原来是你们团队叫加速进化，我看到你们机器人上贴这个以为是你们的机器人要加速进化了[石化R][石化R][石化R]
---
[post=69e48341000000001a02d0c4; level=1; likes=927.0; status=强势; role=观众] 我已经预见到我老了将会有一个人形机器人推着轮椅带着伞啊外套啊保温壶、小点心、我的降压药什么的，陪我去公园散步。根本不敢指望我儿子
---
[post=69db34bb000000001a0348ae; level=1; likes=359.0; status=失败; role=抢救者] 机器人老了可怎么办[doge]
---
[post=69e47f8f000000001f007203; level=2; likes=171.0; status=混合; role=观众] 让老人照顾机器人
---
[post=69df625d0000000021005c63; level=1; likes=55.0; status=失败; role=观众] 这个视频外网已经有了，老外说这才是中国机器人的真实水平
---
[post=69da7e87000000001a03484e; level=2; likes=48.0; status=强势; role=观众] 以后机器人OTA可以实现 就像现在电车可以端到端
---
[post=69e481e8000000002003ad94; level=1; likes=35.0; status=强势; role=服务者] 无聊的人类，本来机器人的创造是为了代替人类，去做高风险职业，比如高空作业，，下地下井，外太空等等，但是反过来了
---
[post=69e59e520000000022027a90; level=2; likes=33.0; status=弱势; role=观众] 你可以照顾机器人，老了有伴","[post=69e481e8000000002003ad94; level=1; likes=0.0; status=强势; role=服务者] 以后得专门请人工伺候机器人
---
[post=69e48341000000001a02d0c4; level=1; likes=3.0; status=强势; role=观众] 中国人看机器人🤖哈哈哈哈哈，，外国人看机器人🤖到时候不会拿把枪追我吧[笑哭R]
---
[post=69e481e8000000002003ad94; level=1; likes=0.0; status=强势; role=服务者] 伺候机器人大爷的国家
---
[post=69e46032000000001f002048; level=1; likes=8.0; status=常态; role=保护者] 好了，未来给你预留一个在机器人家里搞卫生的工作岗位
---
[post=69e40352000000002102fc75; level=1; likes=0.0; status=常态; role=服务者] 老龄化社会，希望家政机器人早点上线，解决独生子女没时间照顾老人的难题",,,,,,,,,
8,390,568,26,0.6,0.8153846153846154,0.18461538461538463,"去年, 今年, 昨年, 前年, 第二年, 跑的快, 飞速发展, 好快, 进步, 之前","['去年他还需要人扶，今年都能跑马拉松了[赞R]', '今年的比去年的快多了。', '哈哈哈哈哈哈哈去年也是这么说的，去年也很拉胯，一年了没有丝毫进步']","[post=69e4c771000000002102c3fc; level=1; likes=545.0; status=常态; role=服务者] 时隔一年进步就这么大，为祖国骄傲
---
[post=69e45dbe000000001f00434f; level=1; likes=251.0; status=强势; role=观众] 去年都还在连滚带爬，今年已经从从容容了[彩虹R][彩虹R][赞R][赞R]
---
[post=69e48d54000000002102e178; level=1; likes=74.0; status=弱势; role=保护者] 相信他们会把它们“养”好的，感觉今年脚底下利索点了
---
[post=69da7e87000000001a03484e; level=1; likes=69.0; status=强势; role=观众] 比起昨年，肉眼可见的进步
---
[post=69e4c771000000002102c3fc; level=2; likes=66.0; status=常态; role=服务者] 这一年来进步神速，期待明年更大的惊喜！","[post=69e4c771000000002102c3fc; level=1; likes=545.0; status=常态; role=服务者] 时隔一年进步就这么大，为祖国骄傲
---
[post=69e45dbe000000001f00434f; level=1; likes=251.0; status=强势; role=观众] 去年都还在连滚带爬，今年已经从从容容了[彩虹R][彩虹R][赞R][赞R]
---
[post=69e48d54000000002102e178; level=1; likes=74.0; status=弱势; role=保护者] 相信他们会把它们“养”好的，感觉今年脚底下利索点了
---
[post=69da7e87000000001a03484e; level=1; likes=69.0; status=强势; role=观众] 比起昨年，肉眼可见的进步
---
[post=69df625d0000000021005c63; level=1; likes=46.0; status=失败; role=观众] 能笑就笑吧，明年就没得笑了。[笑哭R]
---
[post=69e634590000000022003bb5; level=2; likes=44.0; status=常态; role=观众] 今年有40%的自住跑哦，每一年都有很大进步的，你可以去看看去年的
---
[post=69e447d2000000001d01aa01; level=1; likes=40.0; status=强势; role=服务者] 一派勃勃生机，万物竞发的景象就在眼前[偷笑R]
---
[post=69e59e520000000022027a90; level=2; likes=32.0; status=弱势; role=观众] 已经比去年的好很多了感觉","[post=69da7e87000000001a03484e; level=1; likes=0.0; status=强势; role=观众] 以前我看它们各种出丑，觉得好笑，现在我看到的是进步的很快，未来可期。
---
[post=69e48d54000000002102e178; level=1; likes=74.0; status=弱势; role=保护者] 相信他们会把它们“养”好的，感觉今年脚底下利索点了
---
[post=69da7e87000000001a03484e; level=1; likes=0.0; status=强势; role=观众] 前两年还跟老太太过马路一样，现在已经健步如飞了[笑哭R]
---
[post=69df625d0000000021005c63; level=1; likes=0.0; status=失败; role=观众] 我记得，已经比一年前好多了
---
[post=69e447d2000000001d01aa01; level=1; likes=0.0; status=强势; role=服务者] 不会吧，今年还这样，说好的科技进步呢",,,,,,,,,
9,370,637,18,0.5864864864864865,0.4027027027027027,0.5972972972972973,"轮子, 更快, 更稳, 轮胎, 坐轮椅, 更好, 上不去, 轮式, 轮椅, 不比","['轮子不更快', '轮子不是更快吗？为啥要手，脚的', '那4个轮子不是更快[doge]']","[post=69e2583b00000000230211ea; level=1; likes=6166.0; status=失败; role=抢救者] 能不能做成四个轮子的，加一种液体就可以跑起来的那种！
---
[post=69e481e8000000002003ad94; level=1; likes=4733.0; status=强势; role=服务者] 比跑步干嘛非要人形，轮子不是更快[笑哭R]
---
[post=69e48b0b000000001a02578c; level=1; likes=1201.0; status=失败; role=服务者] 为什么非要学人用两条腿走，腿也没那么好使，走路累死了，所以人们都骑电动[失望R]
---
[post=69e481e8000000002003ad94; level=2; likes=698.0; status=强势; role=服务者] 等明年搞一个5公里越野跑，后年搞一个负重60公斤5公里越野跑，你就知道为什么要人形了。
---
[post=69e2583b00000000230211ea; level=2; likes=115.0; status=失败; role=抢救者] [doge]先把那些楼梯都不会上的筛掉","[post=69e2583b00000000230211ea; level=1; likes=6166.0; status=失败; role=抢救者] 能不能做成四个轮子的，加一种液体就可以跑起来的那种！
---
[post=69e481e8000000002003ad94; level=1; likes=4733.0; status=强势; role=服务者] 比跑步干嘛非要人形，轮子不是更快[笑哭R]
---
[post=69e48b0b000000001a02578c; level=1; likes=1201.0; status=失败; role=服务者] 为什么非要学人用两条腿走，腿也没那么好使，走路累死了，所以人们都骑电动[失望R]
---
[post=69da7e87000000001a03484e; level=2; likes=48.0; status=强势; role=观众] 科技发展啊，双腿更容易应对复杂地形啊。
---
[post=69e4426b000000001d01c7ed; level=2; likes=34.0; status=混合; role=观众] 人类生活环境有不少阶梯和上下坡，四轮的可走不了这些路[doge]
---
[post=69e447d2000000001d01aa01; level=2; likes=19.0; status=强势; role=服务者] 轮上不了楼爬不了山，用处不一样
---
[post=69e48341000000001a02d0c4; level=2; likes=15.0; status=强势; role=观众] 如果四轮的行，我觉得螺旋桨的也行
---
[post=69e46730000000001d0199c8; level=2; likes=11.0; status=强势; role=观众] 两条腿的跟两条腿的比，拉人的那个车属于保障车，你可以理解成人马拉松的救护车你知道，就是为了后边那个突然嘎地上的能尽快捡起来","[post=69e481e8000000002003ad94; level=2; likes=0.0; status=强势; role=服务者] [捂脸R]确实，保留所有腿关节 脚底用轮子 灵活性超强
---
[post=69e481e8000000002003ad94; level=1; likes=0.0; status=强势; role=服务者] 成功把轮子淘汰了
---
[post=69e481e8000000002003ad94; level=2; likes=7.0; status=强势; role=服务者] 直接不要轮子，起飞那不更快[失望R]这是不同用途的
---
[post=69e481e8000000002003ad94; level=2; likes=0.0; status=强势; role=服务者] 在复杂地形，奔跑也许是唯一的行动模式。
---
[post=69e481e8000000002003ad94; level=2; likes=0.0; status=强势; role=服务者] 你怎麼不說加一百個噴射器可以上太空呢。",,,,,,,,,
10,364,877,26,0.42032967032967034,0.8076923076923077,0.19230769230769232,"跑动, 跑步, 跑得慢, 跑不动, 姿势, 跑法, 奔跑, 步伐, 动作, 姿态","['有一个姿势很像人跑步了', '这个跑步姿势有点丑[石化R][石化R][石化R]', '和我跑步一个姿势']","[post=69da7e87000000001a03484e; level=1; likes=1046.0; status=强势; role=观众] 我就知道是因为你小子使劲儿跑步呢[生气R][生气R]
---
[post=69e46730000000001d0199c8; level=1; likes=254.0; status=强势; role=观众] 这个最像人跑步👍
---
[post=69e634590000000022003bb5; level=2; likes=193.0; status=常态; role=观众] 就跟人跑到最后的状态好相似
---
[post=69e47f8f000000001f007203; level=1; likes=156.0; status=混合; role=观众] 哇塞，这个跑步的姿势很矫健呐[赞R]
---
[post=69e634590000000022003bb5; level=2; likes=139.0; status=常态; role=观众] 跑步姿势很帅","[post=69da7e87000000001a03484e; level=1; likes=1046.0; status=强势; role=观众] 我就知道是因为你小子使劲儿跑步呢[生气R][生气R]
---
[post=69e46730000000001d0199c8; level=1; likes=254.0; status=强势; role=观众] 这个最像人跑步👍
---
[post=69e634590000000022003bb5; level=2; likes=193.0; status=常态; role=观众] 就跟人跑到最后的状态好相似
---
[post=69e47f8f000000001f007203; level=1; likes=156.0; status=混合; role=观众] 哇塞，这个跑步的姿势很矫健呐[赞R]
---
[post=69e43a5a000000001d01dcc7; level=1; likes=68.0; status=常态; role=观众] 虽然跑得慢，但架不住戏挺多的[笑哭R][笑哭R]
---
[post=69df625d0000000021005c63; level=2; likes=43.0; status=失败; role=观众] 这个视频负责搞笑的，正常跑的没笑点[偷笑R]
---
[post=69e481e8000000002003ad94; level=2; likes=28.0; status=强势; role=服务者] 幼儿跑步的时候，也一样一个台阶就废
---
[post=69e44171000000001a026b25; level=2; likes=26.0; status=混合; role=观众] 不是跑的慢，是故意慢下来整活儿吧[笑哭R]","[post=69e46730000000001d0199c8; level=1; likes=0.0; status=强势; role=观众] 这个像陈赫跑步
---
[post=69e4412a000000002103883f; level=1; likes=1.0; status=强势; role=观众] 原皮仔跑姿最优美
---
[post=69e481e8000000002003ad94; level=1; likes=0.0; status=强势; role=服务者] 奔跑向未来
---
[post=69e429b4000000001b00037a; level=1; likes=0.0; status=常态; role=观众] 跑的不快吧舞姿还挺骚还挺自然
---
[post=69e4551e000000001f005895; level=2; likes=4.0; status=强势; role=被超越者] 哈哈哈哈，章跑步就这个姿势",,,,,,,,,
11,362,668,27,0.1712707182320442,0.5027624309392266,0.4972375690607735,"好笑, 真好玩, 好好笑, 搞笑, 有趣, 好玩, 有意思, 太逗, 逗笑, 笑点","['真的有点好笑了', '这真的太好笑了', '真的太好笑了']","[post=69df625d0000000021005c63; level=2; likes=310.0; status=失败; role=观众] 哈哈哈[玫瑰R][玫瑰R][玫瑰R]笑死我了[玫瑰R][玫瑰R][玫瑰R][玫瑰R]继续努力吧[玫瑰R][玫瑰R][玫瑰R]
---
[post=69e6f2bc0000000023005345; level=2; likes=192.0; status=弱势; role=观众] 已经有网友给配上了，哈哈[偷笑R]
---
[post=69e59e520000000022027a90; level=1; likes=77.0; status=弱势; role=观众] 休息的时候好好笑
---
[post=69e4426b000000001d01c7ed; level=2; likes=74.0; status=混合; role=观众] 哈哈哈哈 真的很好笑
---
[post=69e46730000000001d0199c8; level=2; likes=73.0; status=强势; role=观众] 哎呀我也觉得好好笑，淡淡地说出很疯的话的感觉哈哈哈哈哈","[post=69df625d0000000021005c63; level=2; likes=310.0; status=失败; role=观众] 哈哈哈[玫瑰R][玫瑰R][玫瑰R]笑死我了[玫瑰R][玫瑰R][玫瑰R][玫瑰R]继续努力吧[玫瑰R][玫瑰R][玫瑰R]
---
[post=69e6f2bc0000000023005345; level=2; likes=192.0; status=弱势; role=观众] 已经有网友给配上了，哈哈[偷笑R]
---
[post=69e59e520000000022027a90; level=1; likes=77.0; status=弱势; role=观众] 休息的时候好好笑
---
[post=69e4426b000000001d01c7ed; level=2; likes=74.0; status=混合; role=观众] 哈哈哈哈 真的很好笑
---
[post=69e46730000000001d0199c8; level=2; likes=73.0; status=强势; role=观众] 哎呀我也觉得好好笑，淡淡地说出很疯的话的感觉哈哈哈哈哈
---
[post=69db34bb000000001a0348ae; level=2; likes=35.0; status=失败; role=抢救者] 嘎嘣一下享福去了[完啦R][完啦R]
---
[post=69e46032000000001f002048; level=2; likes=20.0; status=常态; role=保护者] 你的个性签名也太好笑了哈哈哈哈
---
[post=69e4551e000000001f005895; level=2; likes=13.0; status=强势; role=被超越者] 哈哈哈[笑哭R]去附近热点视频里找","[post=69e59e520000000022027a90; level=1; likes=0.0; status=弱势; role=观众] 救命，笑的我好崩溃
---
[post=69e42cc100000000220001ad; level=2; likes=0.0; status=弱势; role=观众] 哈哈哈这画面好有喜感[笑哭R]
---
[post=69df625d0000000021005c63; level=2; likes=0.0; status=失败; role=观众] 哈哈哈哈哈哈，真是各有各的好笑
---
[post=69e2583b00000000230211ea; level=2; likes=0.0; status=失败; role=抢救者] 害我莫名其妙笑了一下
---
[post=69e4551e000000001f005895; level=2; likes=0.0; status=强势; role=被超越者] 打错字了，刚发现，想打:好有礼貌",,,,,,,,,
12,321,587,28,0.17133956386292834,0.6728971962616822,0.32710280373831774,"比赛, 参赛, 大赛, 这比, 观赛, 有意义, 赛前, 参赛选手, 有意思, 完赛","['这种比赛的意义是什么', '哈哈哈，不专心比赛哦[偷笑R][偷笑R]', '比不比赛了还[笑哭R]哈哈哈哈光饭撒了']","[post=69e6f2bc0000000023005345; level=1; likes=2088.0; status=弱势; role=观众] 名次不重要、流量才是最重要的，那么多机器人只记得这个小鼻嘎了[捂脸R]
---
[post=69e429b4000000001b00037a; level=1; likes=263.0; status=常态; role=观众] 哈哈哈，白天比赛把丝巾当领巾规矩佩戴，晚上演出再挂腰上秒变酷guy[得意]
---
[post=69e47f8f000000001f007203; level=2; likes=247.0; status=混合; role=观众] 我以为它是这场比赛的吉祥物，原来也是参赛选手啊[笑哭R]
---
[post=69e59e520000000022027a90; level=2; likes=244.0; status=弱势; role=观众] 能参赛都很棒，但是，太好笑了[捂脸R]
---
[post=69e48d54000000002102e178; level=1; likes=238.0; status=弱势; role=保护者] 这个就跟送自家孩子参加比赛一样 失败了就下次努力","[post=69e6f2bc0000000023005345; level=1; likes=2088.0; status=弱势; role=观众] 名次不重要、流量才是最重要的，那么多机器人只记得这个小鼻嘎了[捂脸R]
---
[post=69e429b4000000001b00037a; level=1; likes=263.0; status=常态; role=观众] 哈哈哈，白天比赛把丝巾当领巾规矩佩戴，晚上演出再挂腰上秒变酷guy[得意]
---
[post=69e47f8f000000001f007203; level=2; likes=247.0; status=混合; role=观众] 我以为它是这场比赛的吉祥物，原来也是参赛选手啊[笑哭R]
---
[post=69e59e520000000022027a90; level=2; likes=244.0; status=弱势; role=观众] 能参赛都很棒，但是，太好笑了[捂脸R]
---
[post=69e48d54000000002102e178; level=1; likes=238.0; status=弱势; role=保护者] 这个就跟送自家孩子参加比赛一样 失败了就下次努力
---
[post=69e41e24000000001a025f1a; level=2; likes=183.0; status=失败; role=观众] 停下看的一般都不在乎成绩吧[笑哭R]
---
[post=69e481e8000000002003ad94; level=2; likes=84.0; status=强势; role=服务者] 这个比赛有自主组，也有非自主组[汗颜R]
---
[post=69e48341000000001a02d0c4; level=1; likes=38.0; status=强势; role=观众] 如果是美国的比赛我真的会怕，想当年波士顿动力的视频把我心打的凉凉的，幸好这是中国的","[post=69e481e8000000002003ad94; level=1; likes=0.0; status=强势; role=服务者] 好样的，多搞这样的比赛，奖金多给点，鼓励科技进步
---
[post=69df625d0000000021005c63; level=1; likes=1.0; status=失败; role=观众] 又有阻碍比赛的服务人员，这是黑幕
---
[post=69e47f8f000000001f007203; level=1; likes=0.0; status=混合; role=观众] 反正比不过那几个，慢慢来吸引点注意力
---
[post=69e2583b00000000230211ea; level=1; likes=0.0; status=失败; role=抢救者] 这是比谁的尸块多比赛[笑哭R]
---
[post=69e44278000000001a0217bb; level=1; likes=2.0; status=强势; role=被超越者] 头一次对手超过自己了，开心的一次",,,,,,,,,
13,309,386,13,0.919093851132686,0.7896440129449838,0.21035598705501618,"冰块, 冰塊, 加冰, 放冰, 补冰, 降温, 冰冷, 干冰, 冷却, 碎冰","['冰块降温', '好像不是冰块 是干冰[笑哭R]', '不是冰块，是干冰[doge]']","[post=69e481e8000000002003ad94; level=2; likes=154.0; status=强势; role=服务者] 冰块，降温散热用的。
---
[post=69e41e24000000001a025f1a; level=2; likes=110.0; status=失败; role=观众] 背后加入冷却冰块，后面车上人有冰桶，过一阵就往里面倒，挺好玩的
---
[post=69e481e8000000002003ad94; level=2; likes=69.0; status=强势; role=服务者] 干冰，这个桶可太熟悉了[笑哭R]
---
[post=69e48b0b000000001a02578c; level=1; likes=38.0; status=失败; role=服务者] 这天气需要背着这玩意降温的话，说明内部设计完全不合理
---
[post=69e481e8000000002003ad94; level=2; likes=35.0; status=强势; role=服务者] 冰块啊！应该是降温用的","[post=69e481e8000000002003ad94; level=2; likes=154.0; status=强势; role=服务者] 冰块，降温散热用的。
---
[post=69e41e24000000001a025f1a; level=2; likes=110.0; status=失败; role=观众] 背后加入冷却冰块，后面车上人有冰桶，过一阵就往里面倒，挺好玩的
---
[post=69e48b0b000000001a02578c; level=1; likes=38.0; status=失败; role=服务者] 这天气需要背着这玩意降温的话，说明内部设计完全不合理
---
[post=69e46032000000001f002048; level=1; likes=7.0; status=常态; role=保护者] 冰箱：啧啧啧啧啧
---
[post=69df625d0000000021005c63; level=2; likes=3.0; status=失败; role=观众] 到哪都有你们这号人，我说冰箱不好用你就说不好用你自己去造一个[doge][doge][赞R][赞R]
---
[post=69e43b14000000001a02e095; level=1; likes=1.0; status=弱势; role=服务者] 有个货背后背了一袋子冰块！
---
[post=69e2583b00000000230211ea; level=1; likes=0.0; status=失败; role=抢救者] 里面还有泥土？！稀土散热？！
---
[post=69e48341000000001a02d0c4; level=1; likes=0.0; status=强势; role=观众] 还要派几个人加冰降温","[post=69e481e8000000002003ad94; level=1; likes=0.0; status=强势; role=服务者] 冰块散热[笑哭R]我看着看着看懂了[笑哭R]
---
[post=69e481e8000000002003ad94; level=1; likes=0.0; status=强势; role=服务者] 前面加温，后面加热。
---
[post=69e481e8000000002003ad94; level=1; likes=22.0; status=强势; role=服务者] 往它背上倒的是啥？蛋白粉吗？
---
[post=69e48b0b000000001a02578c; level=1; likes=0.0; status=失败; role=服务者] 干冰还是不行，你得上钢冰，要冷钢的冰才行[doge]
---
[post=69e481e8000000002003ad94; level=1; likes=0.0; status=强势; role=服务者] 冰块降温？",,,,,,,,,
14,299,397,28,0.2508361204013378,0.6923076923076923,0.3076923076923077,"换电池, 电池, 电池容量, 续航, 充电, 电量, 费电, 有电, 断电, 换电","['这么嚣张？扣它电池[doge]', '比电池续航呗[捂脸R]', '比电池续航吗？']","[post=69e4551e000000001f005895; level=1; likes=2825.0; status=强势; role=被超越者] 这玩意只要有电，能跑死你们人类
---
[post=69e447d2000000001d01aa01; level=2; likes=338.0; status=强势; role=服务者] 不知道是不是一回事。最后结果是追上断电了。
---
[post=69e481e8000000002003ad94; level=2; likes=49.0; status=强势; role=服务者] 估计是电压不足
---
[post=69e4551e000000001f005895; level=1; likes=36.0; status=强势; role=被超越者] 喘气儿的跑不过烧电的！
---
[post=69e47f8f000000001f007203; level=1; likes=34.0; status=混合; role=观众] 青海湖电池也是用在闪电身上了","[post=69e4551e000000001f005895; level=1; likes=2825.0; status=强势; role=被超越者] 这玩意只要有电，能跑死你们人类
---
[post=69e447d2000000001d01aa01; level=2; likes=338.0; status=强势; role=服务者] 不知道是不是一回事。最后结果是追上断电了。
---
[post=69e481e8000000002003ad94; level=2; likes=49.0; status=强势; role=服务者] 估计是电压不足
---
[post=69e47f8f000000001f007203; level=1; likes=34.0; status=混合; role=观众] 青海湖电池也是用在闪电身上了
---
[post=69e6f2bc0000000023005345; level=2; likes=33.0; status=弱势; role=观众] 不是摔了，是没电蹲下来，家长过来换电池，宇树在后面鼓掌[doge]
---
[post=69e463df000000001b003017; level=1; likes=33.0; status=强势; role=服务者] 你们说闪电和win会不会电池是一样的[旺柴]
---
[post=69da7e87000000001a03484e; level=2; likes=21.0; status=强势; role=观众] 还费电呢，你下次建议他别用电池
---
[post=69e634590000000022003bb5; level=2; likes=17.0; status=常态; role=观众] 备用机在没电的补给车上，我们没有其他选择了。","[post=69da7e87000000001a03484e; level=2; likes=0.0; status=强势; role=观众] 他总有没电的时候，核动力追不上。
---
[post=69e43b14000000001a02e095; level=1; likes=2.0; status=弱势; role=服务者] 跑着跑着，家里煤气好像没关，算了来都来了继续吧
---
[post=69e481e8000000002003ad94; level=1; likes=0.0; status=强势; role=服务者] 扣电池，赶紧的[doge]
---
[post=69e4412a000000002103883f; level=2; likes=2.0; status=强势; role=观众] 哈哈哈哈哈  它路上电池过热还蹲下了    笑死了
---
[post=69db34bb000000001a0348ae; level=2; likes=0.0; status=失败; role=抢救者] 车里一堆充电包锤子电钻",,,,,,,,,
15,277,504,23,0.34657039711191334,0.4332129963898917,0.5667870036101083,"科技进步, 高科技, 科技, 技术, 进步, 突飞猛进, 科学, 真快, 先进, 科研","['科技的进步', '我去，科技发展这么快', '科技科技']","[post=69e4b08d000000001d01c1bc; level=2; likes=2577.0; status=混合; role=观众] 这个是纯展示技术呀
---
[post=69e47f8f000000001f007203; level=2; likes=877.0; status=混合; role=观众] 技术就在无聊中诞生
---
[post=69db34bb000000001a0348ae; level=1; likes=264.0; status=失败; role=抢救者] 科技服务不了人，还是人在服务科技[捂脸R]
---
[post=69e40352000000002102fc75; level=2; likes=161.0; status=常态; role=服务者] 技术的进步不可能一蹴而就
---
[post=69e40352000000002102fc75; level=2; likes=44.0; status=常态; role=服务者] 现在任何领域都需要创新，既然发明出来了就有意义","[post=69e4b08d000000001d01c1bc; level=2; likes=2577.0; status=混合; role=观众] 这个是纯展示技术呀
---
[post=69e47f8f000000001f007203; level=2; likes=877.0; status=混合; role=观众] 技术就在无聊中诞生
---
[post=69db34bb000000001a0348ae; level=1; likes=264.0; status=失败; role=抢救者] 科技服务不了人，还是人在服务科技[捂脸R]
---
[post=69e40352000000002102fc75; level=2; likes=161.0; status=常态; role=服务者] 技术的进步不可能一蹴而就
---
[post=69da7e87000000001a03484e; level=2; likes=40.0; status=强势; role=观众] 就是要一点点研发设计呀。谁也没让他们现在就去[笑哭R]
---
[post=69e481e8000000002003ad94; level=2; likes=30.0; status=强势; role=服务者] 比卫浴门帘柜有科技含量点
---
[post=69e4551e000000001f005895; level=1; likes=24.0; status=强势; role=被超越者] 为科技进步自豪[赞R]
---
[post=69e45dbe000000001f00434f; level=1; likes=8.0; status=强势; role=观众] 看得我一身鸡皮疙瘩。两年时间。我们国家的具身智能发展又往前迈了一大步，不敢想象2030年会怎么样","[post=69e481e8000000002003ad94; level=1; likes=0.0; status=强势; role=服务者] 技术的考验与迭代升级。民众宣传。
---
[post=69e481e8000000002003ad94; level=2; likes=0.0; status=强势; role=服务者] 得亏不是你主宰世界的科技[doge]
---
[post=69da7e87000000001a03484e; level=1; likes=0.0; status=强势; role=观众] 这个技术进步速度，真是太快了
---
[post=69e481e8000000002003ad94; level=1; likes=0.0; status=强势; role=服务者] 问就是未来10年的强国强军计划在于科技，决不打败战。
---
[post=69e47f8f000000001f007203; level=1; likes=4.0; status=混合; role=观众] 无聊！科技是用来干这些事情的！看看国际科研，简直耻辱！",,,,,,,,,
16,239,263,18,0.3807531380753138,0.4435146443514644,0.5564853556485355,"120, 有人, 救人, 机器人, 救活, 救护车, 機器, 救護車, 得救, 救护","['机器人也要120救啊[笑哭R]', '道理我都懂  但为什么会有120救护车啊？！', '为什么会有120的救护车？哈哈哈哈哈[捂脸R]']","[post=69db34bb000000001a0348ae; level=1; likes=2706.0; status=失败; role=抢救者] 我还以为是机器人医生来救人[笑哭R]
---
[post=69e47f8f000000001f007203; level=2; likes=1060.0; status=混合; role=观众] 救人的 旁边在进行人类马拉松[大笑R]
---
[post=69db34bb000000001a0348ae; level=1; likes=384.0; status=失败; role=抢救者] 机器人抢救团队—爱回收
---
[post=69da7e87000000001a03484e; level=2; likes=228.0; status=强势; role=观众] 外骨骼机器人让你自己跑去医院途中顺便给你心肺复苏[doge]
---
[post=69db34bb000000001a0348ae; level=1; likes=95.0; status=失败; role=抢救者] 社会发展到机器人都有救护车了，却还没有动物救护车","[post=69db34bb000000001a0348ae; level=1; likes=2706.0; status=失败; role=抢救者] 我还以为是机器人医生来救人[笑哭R]
---
[post=69e47f8f000000001f007203; level=2; likes=1060.0; status=混合; role=观众] 救人的 旁边在进行人类马拉松[大笑R]
---
[post=69da7e87000000001a03484e; level=2; likes=228.0; status=强势; role=观众] 外骨骼机器人让你自己跑去医院途中顺便给你心肺复苏[doge]
---
[post=69e59e520000000022027a90; level=2; likes=9.0; status=弱势; role=观众] 速度快关键时刻可以救乱穿马路的小盆友
---
[post=69e2583b00000000230211ea; level=2; likes=6.0; status=失败; role=抢救者] 别急，一会医生拿着药箱就出来了
---
[post=69e634590000000022003bb5; level=1; likes=4.0; status=常态; role=观众] 莫名的喜感[捂脸R]机器人救护车 机器人坐车车[大笑R]太可爱啦
---
[post=69e447d2000000001d01aa01; level=1; likes=3.0; status=强势; role=服务者] 我就说机器人马拉松干嘛停个120[捂脸R]
---
[post=69e40352000000002102fc75; level=1; likes=1.0; status=常态; role=服务者] 昨天回家路上看见的机器人救护车[笑哭R]","[post=69db34bb000000001a0348ae; level=2; likes=0.0; status=失败; role=抢救者] [失望R][失望R]我以为机器人救人呢[笑哭R]
---
[post=69db34bb000000001a0348ae; level=1; likes=0.0; status=失败; role=抢救者] 哈哈哈哈没点开前，我还在想，是无人驾驶的车，载着，医护机器人，去救病人
---
[post=69db34bb000000001a0348ae; level=2; likes=0.0; status=失败; role=抢救者] 我是医学生我沉默了，机械生你呢
---
[post=69da7e87000000001a03484e; level=2; likes=0.0; status=强势; role=观众] 我觉得可能这个机器人本身就是救援机器人，他身上就有很多的救援设备。
---
[post=69e47f8f000000001f007203; level=1; likes=0.0; status=混合; role=观众] 是这样的，120是救谁的？",,,,,,,,,
17,219,428,24,0.3059360730593607,0.502283105022831,0.4977168949771689,"马拉松, 跑步, 赛事, 锻炼, 比赛, 运动, 有人, 参加, 中途, 费劲","['马拉松都有这个，记时用的', '马拉松已经走火入魔[笑哭R]', 'cxy怎么跑马拉松去了']","[post=69e447d2000000001d01aa01; level=2; likes=590.0; status=强势; role=服务者] 就是一个象征，能跑马拉松就能追到在嫌疑人[大笑R]真要追问意义，人跑马拉松也没意义，不如田里耕地[大笑R]
---
[post=69df625d0000000021005c63; level=2; likes=201.0; status=失败; role=观众] 你蹲着跑马拉松看看裁判会罚你吗？
---
[post=69e44171000000001a026b25; level=1; likes=94.0; status=混合; role=观众] 搞什么跑步比赛啊，搞居家服务比赛啊
---
[post=69e481e8000000002003ad94; level=2; likes=63.0; status=强势; role=服务者] 人类跑还有补能补水呢。历史上第一个没有补给跑完全马的人，跑完就嘎了
---
[post=69e429b4000000001b00037a; level=2; likes=33.0; status=常态; role=观众] 这个型号不是为跑步项目开发的，拿不到名次可能也跑不完比赛，所以跑不跑无所谓[doge][doge][doge]","[post=69e447d2000000001d01aa01; level=2; likes=590.0; status=强势; role=服务者] 就是一个象征，能跑马拉松就能追到在嫌疑人[大笑R]真要追问意义，人跑马拉松也没意义，不如田里耕地[大笑R]
---
[post=69df625d0000000021005c63; level=2; likes=201.0; status=失败; role=观众] 你蹲着跑马拉松看看裁判会罚你吗？
---
[post=69e44171000000001a026b25; level=1; likes=94.0; status=混合; role=观众] 搞什么跑步比赛啊，搞居家服务比赛啊
---
[post=69e481e8000000002003ad94; level=2; likes=63.0; status=强势; role=服务者] 人类跑还有补能补水呢。历史上第一个没有补给跑完全马的人，跑完就嘎了
---
[post=69e429b4000000001b00037a; level=2; likes=33.0; status=常态; role=观众] 这个型号不是为跑步项目开发的，拿不到名次可能也跑不完比赛，所以跑不跑无所谓[doge][doge][doge]
---
[post=69e4b08d000000001d01c1bc; level=2; likes=21.0; status=混合; role=观众] 马拉松的意义时间纪念那个叫马拉松的人。锻炼身体和耐力不一定，锻炼精神可以。
---
[post=69e48341000000001a02d0c4; level=1; likes=8.0; status=强势; role=观众] 分工明确，有展示速度的，有负责卖萌的，还有专门搞笑的。这比真人马拉松好看多了。[笑哭R]
---
[post=69e47f8f000000001f007203; level=2; likes=8.0; status=混合; role=观众] 跑步测试，未来肯定得进入生活的测试，都是一步步来的","[post=69e481e8000000002003ad94; level=2; likes=0.0; status=强势; role=服务者] 马拉松也不是人人都能跑完全程的，人回去睡一觉再来你能接受吗？
---
[post=69e481e8000000002003ad94; level=1; likes=0.0; status=强势; role=服务者] 真人跑都没这服务
---
[post=69e447d2000000001d01aa01; level=2; likes=0.0; status=强势; role=服务者] 以后招聘面试，得先到运动场跑上几圈，还要验一下马拉松完赛奖牌是不是真的[大笑R]
---
[post=69e447d2000000001d01aa01; level=2; likes=0.0; status=强势; role=服务者] 失业原因：跑不了马拉松
---
[post=69e481e8000000002003ad94; level=2; likes=0.0; status=强势; role=服务者] 硬件能力测试吧，跑步只是一个测试方式",,,,,,,,,
18,219,366,24,0.2831050228310502,0.7808219178082192,0.2191780821917808,"短腿, 这腿, 腿短, 小腿, 这小, 太短, 短手, 小个子, 大腿, 跑得慢","['小短腿倒腾的……', '这小短腿其实倒腾挺快的[笑哭R][笑哭R]', '这小短腿，紧着倒腾']","[post=69e47f8f000000001f007203; level=2; likes=2636.0; status=混合; role=观众] 我看着挺有意思的，这性感的金属小腿儿，跑的挺带劲儿
---
[post=69e47f8f000000001f007203; level=1; likes=573.0; status=混合; role=观众] 这个步态太像真人
---
[post=69e45dbe000000001f00434f; level=2; likes=365.0; status=强势; role=观众] 轻松优雅最像人类
---
[post=69e6f2bc0000000023005345; level=2; likes=27.0; status=弱势; role=观众] 好惨哈哈哈哈哈哈欺负腿短
---
[post=69e48341000000001a02d0c4; level=1; likes=22.0; status=强势; role=观众] 那俩小的长两个角是为了凑身高的吧","[post=69e47f8f000000001f007203; level=2; likes=2636.0; status=混合; role=观众] 我看着挺有意思的，这性感的金属小腿儿，跑的挺带劲儿
---
[post=69e45dbe000000001f00434f; level=2; likes=365.0; status=强势; role=观众] 轻松优雅最像人类
---
[post=69e6f2bc0000000023005345; level=2; likes=27.0; status=弱势; role=观众] 好惨哈哈哈哈哈哈欺负腿短
---
[post=69e48341000000001a02d0c4; level=1; likes=22.0; status=强势; role=观众] 那俩小的长两个角是为了凑身高的吧
---
[post=69e44171000000001a026b25; level=2; likes=12.0; status=混合; role=观众] 哈哈哈哈哈，难道也是……梨形身材[偷笑R]
---
[post=69e42cc100000000220001ad; level=1; likes=11.0; status=弱势; role=观众] 欺负小孩，孩子输在了腿短哈哈哈哈哈哈
---
[post=69e48d54000000002102e178; level=2; likes=4.0; status=弱势; role=保护者] 小短腿捣拾的可快了[偷笑R]
---
[post=69e429b4000000001b00037a; level=1; likes=3.0; status=常态; role=观众] 后面这段，向左附体","[post=69da7e87000000001a03484e; level=1; likes=0.0; status=强势; role=观众] 最后那个不行太像人了 吓人
---
[post=69e481e8000000002003ad94; level=1; likes=0.0; status=强势; role=服务者] 好帅，3步站稳了，比我减速都快
---
[post=69e481e8000000002003ad94; level=1; likes=0.0; status=强势; role=服务者] 短板太多了，铁片子成精
---
[post=69e429b4000000001b00037a; level=1; likes=0.0; status=常态; role=观众] 功夫比向左厉害太多了
---
[post=69e5a09a000000002103ba03; level=1; likes=1.0; status=常态; role=观众] 再来一下前的的几步，好像这街的小鸡",,,,,,,,,
19,212,254,20,0.330188679245283,0.5990566037735849,0.4009433962264151,"奶瓶, 有奶, 喝奶, 喝口奶, 奶嘴, 小可爱, 吃奶, 我奶, 可爱, 小宝宝","['手拿着奶瓶[偷笑R]', '不是怎么还有拿着奶瓶的小土豆', '笑死了小个儿的还拿个奶瓶[笑哭R]']","[post=69e4426b000000001d01c7ed; level=1; likes=5607.0; status=混合; role=观众] 太可爱啦还拿着奶瓶🍼[笑哭R][笑哭R][笑哭R][笑哭R][笑哭R][笑哭R]
---
[post=69e43b14000000001a02e095; level=1; likes=437.0; status=弱势; role=服务者] 凭什么别人有奶瓶[doge]
---
[post=69e4426b000000001d01c7ed; level=2; likes=323.0; status=混合; role=观众] 小的拿个奶瓶踉踉跄跄得往前冲太可爱了哎哟喂
---
[post=69e4426b000000001d01c7ed; level=2; likes=291.0; status=混合; role=观众] 哈哈哈，一看真拿了个奶瓶🍼
---
[post=69e59e520000000022027a90; level=2; likes=137.0; status=弱势; role=观众] 拿着个奶瓶可可爱爱的","[post=69e4426b000000001d01c7ed; level=1; likes=5607.0; status=混合; role=观众] 太可爱啦还拿着奶瓶🍼[笑哭R][笑哭R][笑哭R][笑哭R][笑哭R][笑哭R]
---
[post=69e43b14000000001a02e095; level=1; likes=437.0; status=弱势; role=服务者] 凭什么别人有奶瓶[doge]
---
[post=69e59e520000000022027a90; level=2; likes=137.0; status=弱势; role=观众] 拿着个奶瓶可可爱爱的
---
[post=69e47f8f000000001f007203; level=2; likes=112.0; status=混合; role=观众] 手上还有小奶瓶[黄金薯R]
---
[post=69e4412a000000002103883f; level=1; likes=105.0; status=强势; role=观众] 哈哈，拿着奶嘴就上来了，小卡拉咪
---
[post=69e48d54000000002102e178; level=2; likes=84.0; status=弱势; role=保护者] 小派，拿着奶瓶，脖子上还挂了个安慰奶嘴
---
[post=69e44278000000001a0217bb; level=2; likes=50.0; status=强势; role=被超越者] 胸前还挂了一个奶嘴[捂脸R][捂脸R]
---
[post=69e48341000000001a02d0c4; level=1; likes=30.0; status=强势; role=观众] 最后俩还没断奶就去跑步了啊","[post=69e4426b000000001d01c7ed; level=2; likes=0.0; status=混合; role=观众] 脖子上还挂了个奶嘴[捂脸R][捂脸R][捂脸R]
---
[post=69e44278000000001a0217bb; level=2; likes=0.0; status=强势; role=被超越者] 是，跑到后面奶瓶找不到了[偷笑R]
---
[post=69e44278000000001a0217bb; level=2; likes=50.0; status=强势; role=被超越者] 胸前还挂了一个奶嘴[捂脸R][捂脸R]
---
[post=69e4426b000000001d01c7ed; level=1; likes=1.0; status=混合; role=观众] 小孩还拿的奶瓶🍼[笑哭R]
---
[post=69e42cc100000000220001ad; level=2; likes=1.0; status=弱势; role=观众] 这个我看过，还有奶瓶呢",,,,,,,,,
20,206,312,25,0.18446601941747573,0.39805825242718446,0.6019417475728155,"ai, 人工智能, 智能, 算法, 具身智能, 识别, 生成, 大脑, 掌握, 哪个","['我的ai什么时候涨涨', '以后会不会有ai奥义[doge][doge][自拍R]', 'ai太强大了']","[post=69e4b08d000000001d01c1bc; level=1; likes=1061.0; status=混合; role=观众] 但是AI发达了我只会感觉害怕[笑哭R]
---
[post=69e2583b00000000230211ea; level=1; likes=924.0; status=失败; role=抢救者] 这AI吧，不可能啊，机器人怎么摔下也不至于摔成这样，碎哪里都是渣，我儿子的玩具从4楼掉下去都没掉渣，就是变形了
---
[post=69e481e8000000002003ad94; level=2; likes=786.0; status=强势; role=服务者] 具身智能也是要发展的，这是未来5年重要的发展方向之一
---
[post=69e4551e000000001f005895; level=2; likes=746.0; status=强势; role=被超越者] 您好这位AI，我可没说过AI的坏话，都是他们说的
---
[post=69e44171000000001a026b25; level=1; likes=402.0; status=混合; role=观众] 摔倒是真的，摔倒后靠自身AI已经无法决策和执行重新站起程序，后方遥控人员先让机器（人）进入IDLE状态（摊平），然后执行起立，再go on[吃瓜R]","[post=69e4b08d000000001d01c1bc; level=1; likes=1061.0; status=混合; role=观众] 但是AI发达了我只会感觉害怕[笑哭R]
---
[post=69e2583b00000000230211ea; level=1; likes=924.0; status=失败; role=抢救者] 这AI吧，不可能啊，机器人怎么摔下也不至于摔成这样，碎哪里都是渣，我儿子的玩具从4楼掉下去都没掉渣，就是变形了
---
[post=69e481e8000000002003ad94; level=2; likes=786.0; status=强势; role=服务者] 具身智能也是要发展的，这是未来5年重要的发展方向之一
---
[post=69e4551e000000001f005895; level=2; likes=746.0; status=强势; role=被超越者] 您好这位AI，我可没说过AI的坏话，都是他们说的
---
[post=69e44171000000001a026b25; level=1; likes=402.0; status=混合; role=观众] 摔倒是真的，摔倒后靠自身AI已经无法决策和执行重新站起程序，后方遥控人员先让机器（人）进入IDLE状态（摊平），然后执行起立，再go on[吃瓜R]
---
[post=69e48d54000000002102e178; level=2; likes=135.0; status=弱势; role=保护者] 是我没错了，每次问AI都会很客气[偷笑R]
---
[post=69da7e87000000001a03484e; level=2; likes=19.0; status=强势; role=观众] 具身智能就是要这样[捂脸R]
---
[post=69db34bb000000001a0348ae; level=1; likes=13.0; status=失败; role=抢救者] 能工智人来救人工智能了","[post=69e59e520000000022027a90; level=2; likes=0.0; status=弱势; role=观众] 前几也离具身智能很远
---
[post=69e429b4000000001b00037a; level=2; likes=0.0; status=常态; role=观众] 我不懂机器人也不懂ai，只是目前的发展速度给我带来的恐慌，现实就是已经有很多人因为ai事业，像你说的它当工具人，那会不会还会有大批人失业，当年刘德华唱恭喜发财是机器人还只会简单动作了，别说什么底层逻辑，哪个底层逻辑不被时代打破了
---
[post=69e481e8000000002003ad94; level=1; likes=0.0; status=强势; role=服务者] 确定这个Ai
---
[post=69e47f8f000000001f007203; level=2; likes=0.0; status=混合; role=观众] 要被ai占领了
---
[post=69e40352000000002102fc75; level=2; likes=0.0; status=常态; role=服务者] ai机器人无人机，已经让很多人失去工作过了。你可以调查下周围刚毕业的一千万大学生，还有其他。。等等",,,,,,,,,
21,190,281,19,0.26842105263157895,0.8631578947368421,0.1368421052631579,"鞋子, 穿鞋, 太大, 挺大, 太重, 这大, 运动鞋, 双鞋, 没穿, 买大","['孩子是不是鞋子太大了', '孩子鞋子太大了[皱眉R]', '谁给孩子穿那么大的鞋子[失望R][失望R]']","[post=69e6f2bc0000000023005345; level=1; likes=3237.0; status=弱势; role=观众] 下次给娃买双会闪光会叫叫的鞋
---
[post=69e47f8f000000001f007203; level=2; likes=87.0; status=混合; role=观众] 人家甚至穿了跑鞋
---
[post=69da7e87000000001a03484e; level=2; likes=26.0; status=强势; role=观众] 以后穿上361就没声音了
---
[post=69e42cc100000000220001ad; level=1; likes=19.0; status=弱势; role=观众] 都怪鞋太重，腿太短，孩子本身没问题
---
[post=69e47f8f000000001f007203; level=1; likes=12.0; status=混合; role=观众] 扁平足就是有力气","[post=69e6f2bc0000000023005345; level=1; likes=3237.0; status=弱势; role=观众] 下次给娃买双会闪光会叫叫的鞋
---
[post=69e47f8f000000001f007203; level=2; likes=87.0; status=混合; role=观众] 人家甚至穿了跑鞋
---
[post=69da7e87000000001a03484e; level=2; likes=26.0; status=强势; role=观众] 以后穿上361就没声音了
---
[post=69e42cc100000000220001ad; level=1; likes=19.0; status=弱势; role=观众] 都怪鞋太重，腿太短，孩子本身没问题
---
[post=69e634590000000022003bb5; level=1; likes=11.0; status=常态; role=观众] 老师！我有问题，这个鞋子是必须的吗，用来减震之类的，还是只是广告位，其实不需要这个鞋子[萌萌哒R][萌萌哒R][萌萌哒R]
---
[post=69e4426b000000001d01c7ed; level=1; likes=8.0; status=混合; role=观众] 爷爷没穿足力健
---
[post=69e43a5a000000001d01dcc7; level=1; likes=4.0; status=常态; role=观众] 鞋子啥牌子的[偷笑R]
---
[post=69e429b4000000001b00037a; level=1; likes=1.0; status=常态; role=观众] 哈哈哈哈哈哈哈哈哈好忙啊，还得打两份工。他这个鞋不错。","[post=69e47f8f000000001f007203; level=1; likes=1.0; status=混合; role=观众] 穿鞋那个挺聪明的，要不铁脚板咔咔的磨损太大了。
---
[post=69e42cc100000000220001ad; level=1; likes=0.0; status=弱势; role=观众] 这么点小孩脚丫子这么大[笑哭R]
---
[post=69e45dbe000000001f00434f; level=2; likes=0.0; status=强势; role=观众] 还穿着运动鞋
---
[post=69e42cc100000000220001ad; level=1; likes=0.0; status=弱势; role=观众] 家长给孩子穿那么大的鞋，是捡哥哥穿的鞋吗，太会过了吧[偷笑R]
---
[post=69e4426b000000001d01c7ed; level=1; likes=0.0; status=混合; role=观众] 还穿着耐克吗[捂脸R][飞吻R]",,,,,,,,,
22,188,229,10,0.7340425531914894,0.8085106382978723,0.19148936170212766,"外卖, 送餐, 配送, 美团, 机器人, 这送, 快递, 人工, 订单, 打到","['外卖机器人🤖', '送外卖快，还带声响的', '跟跑外卖的抢单']","[post=69da7e87000000001a03484e; level=1; likes=21.0; status=强势; role=观众] 这玩意不能送外卖吧，这不得把我可乐都晃成糖水了[笑哭了R]
---
[post=69da7e87000000001a03484e; level=2; likes=21.0; status=强势; role=观众] 机器人多贵！机器人被车撞了你得重新买一个，外卖员被车撞了就赖给外卖员自己不遵守交通规则0成本的[doge][doge][doge]机器人把餐食打翻了平台得赔钱，外卖员打翻了自己垫着[doge][doge][doge]你是老板你选择机器人还是外卖员，就这么说就国内的人力成本除了没有厂里，不然机器人暂时还替代不了人力
---
[post=69da7e87000000001a03484e; level=1; likes=20.0; status=强势; role=观众] 哈哈哈，外卖小哥表示有压力[失望R]
---
[post=69da7e87000000001a03484e; level=1; likes=19.0; status=强势; role=观众] 外卖员，你们有焦虑么？[捂脸R][捂脸R]
---
[post=69da7e87000000001a03484e; level=2; likes=14.0; status=强势; role=观众] 想多了，外卖员可比机器人便宜多了[doge]","[post=69da7e87000000001a03484e; level=1; likes=21.0; status=强势; role=观众] 这玩意不能送外卖吧，这不得把我可乐都晃成糖水了[笑哭了R]
---
[post=69e481e8000000002003ad94; level=1; likes=8.0; status=强势; role=服务者] 这玩意未来取代外卖跑腿，那不是迟早的事[捂脸R]，太强了
---
[post=69e48341000000001a02d0c4; level=2; likes=4.0; status=强势; role=观众] 帮我跑步取快递用[斜眼R]
---
[post=69e447d2000000001d01aa01; level=1; likes=2.0; status=强势; role=服务者] 让机器人送外卖  能实现从锅边儿到桌边儿的最短时间
---
[post=69e4412a000000002103883f; level=1; likes=2.0; status=强势; role=观众] 未来外卖小哥可以背替代了
---
[post=69df625d0000000021005c63; level=2; likes=1.0; status=失败; role=观众] 外卖配送机器人[斜眼R]
---
[post=69e4b08d000000001d01c1bc; level=1; likes=1.0; status=混合; role=观众] 再这么下去 外卖岗位我都应聘不上了[呃R]
---
[post=69e40352000000002102fc75; level=1; likes=0.0; status=常态; role=服务者] 以后机器人开电鸡送快递效率比人还快，更多人失业","[post=69da7e87000000001a03484e; level=1; likes=0.0; status=强势; role=观众] 送外面的要下岗了[笑哭R]
---
[post=69da7e87000000001a03484e; level=1; likes=0.0; status=强势; role=观众] 什么时候会骑电动车了，我买10个送外卖[偷笑R]
---
[post=69da7e87000000001a03484e; level=1; likes=0.0; status=强势; role=观众] 有种赶着送外卖的既视感[笑哭R]
---
[post=69da7e87000000001a03484e; level=1; likes=1.0; status=强势; role=观众] 能代替去跑外卖吗？不过还是算了，到了客户那餐不知道还在不[暗中观察R]
---
[post=69da7e87000000001a03484e; level=1; likes=5.0; status=强势; role=观众] 以后快递哥不用进小区和单位了，每个院子配两个机器人随时跑腿接力。[doge]",,,,,,,,,
23,180,350,18,0.24444444444444444,0.6166666666666667,0.38333333333333336,"可爱, 可爱多, 小可爱, 太萌, 好萌, 挺好玩, 喜欢, 小小的, 这小, 小东西","['唔西迪西好可爱[偷笑R]', '小三也可爱吗[暗中观察R]', '小弟弟可爱吗[doge]']","[post=69e4426b000000001d01c7ed; level=1; likes=1250.0; status=混合; role=观众] 果然什么东西小了都可爱[喝奶茶R]
---
[post=69e59e520000000022027a90; level=1; likes=380.0; status=弱势; role=观众] 我就喜欢这个小蚂蚁
---
[post=69e47f8f000000001f007203; level=2; likes=111.0; status=混合; role=观众] 好可爱，还打扮了一下
---
[post=69e46730000000001d0199c8; level=1; likes=96.0; status=强势; role=观众] 可是我觉得它们好可爱啊
---
[post=69e4426b000000001d01c7ed; level=2; likes=79.0; status=混合; role=观众] 真的诶，好可爱啊，心都化了","[post=69e4426b000000001d01c7ed; level=1; likes=1250.0; status=混合; role=观众] 果然什么东西小了都可爱[喝奶茶R]
---
[post=69e59e520000000022027a90; level=1; likes=380.0; status=弱势; role=观众] 我就喜欢这个小蚂蚁
---
[post=69e47f8f000000001f007203; level=2; likes=111.0; status=混合; role=观众] 好可爱，还打扮了一下
---
[post=69e46730000000001d0199c8; level=1; likes=96.0; status=强势; role=观众] 可是我觉得它们好可爱啊
---
[post=69e42cc100000000220001ad; level=2; likes=21.0; status=弱势; role=观众] 并不是哈 有个部位小了并不可爱哦[偷笑R]
---
[post=69e43b14000000001a02e095; level=1; likes=20.0; status=弱势; role=服务者] 这个是长得最可爱的
---
[post=69e40352000000002102fc75; level=1; likes=4.0; status=常态; role=服务者] 这两个有点可爱[大笑R]
---
[post=69e447d2000000001d01aa01; level=1; likes=2.0; status=强势; role=服务者] 好可爱，跟个鬼一样","[post=69e42cc100000000220001ad; level=2; likes=0.0; status=弱势; role=观众] 好可爱啊，果然mini的东西都是萌物
---
[post=69e48341000000001a02d0c4; level=1; likes=0.0; status=强势; role=观众] 后面两小只好可爱
---
[post=69e4426b000000001d01c7ed; level=1; likes=0.0; status=混合; role=观众] 小小的好萌啊
---
[post=69e47f8f000000001f007203; level=2; likes=0.0; status=混合; role=观众] 那个小小的好可爱
---
[post=69e42cc100000000220001ad; level=2; likes=0.0; status=弱势; role=观众] 小的虽是可爱，你又会嫌不中用啊",,,,,,,,,
24,176,419,25,0.26136363636363635,0.1590909090909091,0.8409090909090909,"看不懂, 理解, 了解, 不当, 扯淡, 奇怪, 解答, 道理, 解释, 质疑","['可能不需要你理解[笑哭R]', '哎呦plq说不理解的你就不理解着吧也别理解了理解不了的，你老了我卖你保健品一卖一个准', '理解不了']","[post=69da7e87000000001a03484e; level=2; likes=146.0; status=强势; role=观众] 好角度，建议下次再深刻一些，例如从伦理开始批判
---
[post=69e481e8000000002003ad94; level=2; likes=67.0; status=强势; role=服务者] 所以咱是普通人，没有前瞻性
---
[post=69e447d2000000001d01aa01; level=2; likes=61.0; status=强势; role=服务者] 答案出现了[doge]
---
[post=69e4412a000000002103883f; level=2; likes=35.0; status=强势; role=观众] 你肯定看不到了
---
[post=69e46730000000001d0199c8; level=2; likes=31.0; status=强势; role=观众] 刚给我妈解答完，不谢","[post=69da7e87000000001a03484e; level=2; likes=146.0; status=强势; role=观众] 好角度，建议下次再深刻一些，例如从伦理开始批判
---
[post=69e481e8000000002003ad94; level=2; likes=67.0; status=强势; role=服务者] 所以咱是普通人，没有前瞻性
---
[post=69e447d2000000001d01aa01; level=2; likes=61.0; status=强势; role=服务者] 答案出现了[doge]
---
[post=69e4412a000000002103883f; level=2; likes=35.0; status=强势; role=观众] 你肯定看不到了
---
[post=69e46730000000001d0199c8; level=2; likes=31.0; status=强势; role=观众] 刚给我妈解答完，不谢
---
[post=69e46032000000001f002048; level=2; likes=30.0; status=常态; role=保护者] 你跟这个帖子风格格格不入
---
[post=69e48341000000001a02d0c4; level=2; likes=12.0; status=强势; role=观众] 不需要你知道
---
[post=69e47f8f000000001f007203; level=2; likes=12.0; status=混合; role=观众] 理解不了","[post=69e481e8000000002003ad94; level=2; likes=1.0; status=强势; role=服务者] 别和他解释，夏虫不可语冰
---
[post=69e481e8000000002003ad94; level=2; likes=0.0; status=强势; role=服务者] 我相信所有事情都是双面的，只是还没想清楚而已[吧唧R][吧唧R]
---
[post=69da7e87000000001a03484e; level=2; likes=0.0; status=强势; role=观众] 你去教育他们一下
---
[post=69da7e87000000001a03484e; level=2; likes=0.0; status=强势; role=观众] [捂脸R]我看楼上就觉得哪里不对劲，到你这就悟了
---
[post=69e48d54000000002102e178; level=2; likes=2.0; status=弱势; role=保护者] 所以我从不对gemini说重话[微笑R]",,,,,,,,,
25,168,339,10,0.8928571428571429,0.8928571428571429,0.10714285714285714,"三人, 机器人, 三个, 机器人三定律, 三四个, 机器, 伺候, 多人, 几个, 四个","['一个机器人，配三个伺候的', '一个机器人三个人伺候', '一个机器人三个人伺候[doge]']","[post=69e48b0b000000001a02578c; level=1; likes=3414.0; status=失败; role=服务者] 机器人提供了新的就业岗位，一个机器人跑马拉松需要两个助理
---
[post=69e481e8000000002003ad94; level=1; likes=1144.0; status=强势; role=服务者] 一个机器人需要3个人伺候，就业新方向来了
---
[post=69e481e8000000002003ad94; level=1; likes=339.0; status=强势; role=服务者] 一个机器人，三个人服侍它，以后不怕没岗位啦[偷笑R]
---
[post=69e481e8000000002003ad94; level=1; likes=39.0; status=强势; role=服务者] 我笑死，真的一台机器人可以带动5个人就业
---
[post=69e481e8000000002003ad94; level=1; likes=21.0; status=强势; role=服务者] 本来一个人的工作变成3人加机器[点赞R]","[post=69e48b0b000000001a02578c; level=1; likes=3414.0; status=失败; role=服务者] 机器人提供了新的就业岗位，一个机器人跑马拉松需要两个助理
---
[post=69e481e8000000002003ad94; level=1; likes=1144.0; status=强势; role=服务者] 一个机器人需要3个人伺候，就业新方向来了
---
[post=69e4426b000000001d01c7ed; level=1; likes=3.0; status=混合; role=观众] 俩机器人，一群人侍候，促进再就业[捂脸R]
---
[post=69e48341000000001a02d0c4; level=1; likes=3.0; status=强势; role=观众] 我要这几个机器人。前两个跑得快的给我做家务。第三个蓝裤子给我表演节目。第四个小草帽陪我餐后散步。第五个冲天炮陪我聊天，让我拥抱。
---
[post=69e47f8f000000001f007203; level=2; likes=1.0; status=混合; role=观众] 一个机器人至少配的三个工作人员[捂脸R]
---
[post=69e59e520000000022027a90; level=1; likes=1.0; status=弱势; role=观众] 一个机器人要3个大活人伺候。哈哈哈哈。我们能用上它们伺候还有很长的路要走呢真是机气人
---
[post=69da7e87000000001a03484e; level=2; likes=0.0; status=强势; role=观众] 同学，请复习一下阿西莫夫机器人三定律
---
[post=69e40352000000002102fc75; level=1; likes=0.0; status=常态; role=服务者] 一个机器人需要很多人伺候着,这样也不错,大家都不会失业","[post=69e481e8000000002003ad94; level=1; likes=2.0; status=强势; role=服务者] 。。。其实机器人多了也失不了业。。。一个机器人配三个服务员[害羞R][害羞R][笑哭R][笑哭R]
---
[post=69e481e8000000002003ad94; level=1; likes=2.0; status=强势; role=服务者] 机器人促进就业啊，一台机器三人维护。
---
[post=69e481e8000000002003ad94; level=1; likes=1.0; status=强势; role=服务者] 说一个机器人四个佣人的也太看不起机器人了[失望R]，这种比赛时期是一个项目组大几十人在服务一个机器人[失望R]
---
[post=69e481e8000000002003ad94; level=1; likes=0.0; status=强势; role=服务者] 三个真人，侍候一个机器人[笑哭R]
---
[post=69e481e8000000002003ad94; level=2; likes=0.0; status=强势; role=服务者] 哈哈！要那么多人服侍一个机械人，增加就业就挺好！",,,,,,,,,
26,168,531,26,0.16071428571428573,0.7678571428571429,0.23214285714285715,"机器人, 小机器人, 机器, 追上来, 有人, 跟着, 追不上, 前面, 赛跑, 后面","['机器人前面跑。你们跟着后面跑[扶额R]', '[石化R][石化R][石化R]我只刷到了一万个机器人跑步视频。', '看机器人跑步看哭了[笑哭R]']","[post=69e46032000000001f002048; level=1; likes=4457.0; status=常态; role=保护者] 你不跑有的是机器人愿意跑
---
[post=69df625d0000000021005c63; level=1; likes=4172.0; status=失败; role=观众] 大家娱乐一下哈，视频里只放了一些“精彩”画面配解说，其实还有更多的机器人是跑的又稳又快的[害羞R]
---
[post=69e47f8f000000001f007203; level=1; likes=715.0; status=混合; role=观众] 从这个机器人的跑步姿势上看出了性别[笑哭R][笑哭R][笑哭R][笑哭R]
---
[post=69e634590000000022003bb5; level=2; likes=438.0; status=常态; role=观众] 真的~看着机器人在前面跑，怎么不像自己的孩子在赛道拼搏。能站在跑道上大家都是第一名！！
---
[post=69e46032000000001f002048; level=1; likes=153.0; status=常态; role=保护者] Wifi：都是机器，机器人跑一个小时你心疼的不行，我停一秒你就要搁那叫叫叫","[post=69e46032000000001f002048; level=1; likes=4457.0; status=常态; role=保护者] 你不跑有的是机器人愿意跑
---
[post=69df625d0000000021005c63; level=1; likes=4172.0; status=失败; role=观众] 大家娱乐一下哈，视频里只放了一些“精彩”画面配解说，其实还有更多的机器人是跑的又稳又快的[害羞R]
---
[post=69e47f8f000000001f007203; level=1; likes=715.0; status=混合; role=观众] 从这个机器人的跑步姿势上看出了性别[笑哭R][笑哭R][笑哭R][笑哭R]
---
[post=69e634590000000022003bb5; level=2; likes=438.0; status=常态; role=观众] 真的~看着机器人在前面跑，怎么不像自己的孩子在赛道拼搏。能站在跑道上大家都是第一名！！
---
[post=69da7e87000000001a03484e; level=2; likes=61.0; status=强势; role=观众] 有一个视频是一个机器人失控自己跑了，后面两个程序员玩命追[偷笑R]
---
[post=69e48b0b000000001a02578c; level=2; likes=29.0; status=失败; role=服务者] 如果机器人的走路是纯靠遥控的那这个操作手是真nb
---
[post=69e44278000000001a0217bb; level=1; likes=9.0; status=强势; role=被超越者] 机器人跑姿不错[偷笑R]我是热崩了
---
[post=69e447d2000000001d01aa01; level=2; likes=6.0; status=强势; role=服务者] 你别说，这机器人只要不摔跤还跑挺快","[post=69df625d0000000021005c63; level=2; likes=0.0; status=失败; role=观众] 都别赞啦，没跑过机器人[笑哭R]
---
[post=69e45dbe000000001f00434f; level=2; likes=0.0; status=强势; role=观众] 一堆机器人跑试试
---
[post=69da7e87000000001a03484e; level=1; likes=0.0; status=强势; role=观众] 这机器人咋跑起来姿态那么猥琐？
---
[post=69db34bb000000001a0348ae; level=2; likes=0.0; status=失败; role=抢救者] 哈哈哈哈哈因为会有机器人跑一半拐了[呃R]
---
[post=69e47f8f000000001f007203; level=2; likes=0.0; status=混合; role=观众] 我也是说这个机器人是从鸟巢开跑的吧哈哈哈哈哈哈",,,,,,,,,
27,165,373,17,0.5272727272727272,0.6666666666666666,0.3333333333333333,"有何意义, 意义, 有意义, 意思, 没意义, 实际意义, 玩意, 毫无意义, 有人, 为什么","['有什麼意义', '我觉得以后人的意义是什么[笑哭R]', '不是外国货，这么做意义是什么？[doge]']","[post=69e481e8000000002003ad94; level=1; likes=110.0; status=强势; role=服务者] 这东西的意义在哪？
---
[post=69da7e87000000001a03484e; level=1; likes=53.0; status=强势; role=观众] 坐等意义提问派[doge]
---
[post=69e40352000000002102fc75; level=1; likes=41.0; status=常态; role=服务者] 我很想知道意义在哪儿
---
[post=69da7e87000000001a03484e; level=2; likes=32.0; status=强势; role=观众] 整天寻找意义，你累不累啊[汗颜R]
---
[post=69e40352000000002102fc75; level=2; likes=32.0; status=常态; role=服务者] 你说这话证明你的人生无意义。","[post=69e481e8000000002003ad94; level=1; likes=110.0; status=强势; role=服务者] 这东西的意义在哪？
---
[post=69da7e87000000001a03484e; level=1; likes=53.0; status=强势; role=观众] 坐等意义提问派[doge]
---
[post=69e40352000000002102fc75; level=1; likes=41.0; status=常态; role=服务者] 我很想知道意义在哪儿
---
[post=69e42cc100000000220001ad; level=2; likes=31.0; status=弱势; role=观众] 你上网的意义是什么
---
[post=69e43b14000000001a02e095; level=2; likes=8.0; status=弱势; role=服务者] 刚才还在想怎么还没出现意义怪[笑哭R]
---
[post=69e4412a000000002103883f; level=2; likes=8.0; status=强势; role=观众] 无意义是最能让人快乐的
---
[post=69db34bb000000001a0348ae; level=2; likes=1.0; status=失败; role=抢救者] 我感觉木有这个必要了吧
---
[post=69e47f8f000000001f007203; level=2; likes=1.0; status=混合; role=观众] 人活着也没啥意义 但也都不想死","[post=69e481e8000000002003ad94; level=1; likes=0.0; status=强势; role=服务者] 这意义到底何在
---
[post=69e481e8000000002003ad94; level=2; likes=0.0; status=强势; role=服务者] 你活着的意义是什么？
---
[post=69da7e87000000001a03484e; level=1; likes=0.0; status=强势; role=观众] plq问有什么意义的那群人 明明是豆包都可以完美回答的问题在这里暴露认知[捂脸R]
---
[post=69e2583b00000000230211ea; level=1; likes=0.0; status=失败; role=抢救者] 你说人为啥累，就是在做没有意义的事情
---
[post=69da7e87000000001a03484e; level=1; likes=0.0; status=强势; role=观众] 什么意义？工业，农业，军事，家政，你想要什么意义就给你什么意义。",,,,,,,,,
28,149,436,23,0.31543624161073824,0.4697986577181208,0.5302013422818792,"人类, 全人类, 人类文明, 造人, 代替, 替代, 取代, 替换, 淘汰, 灭亡","['终将反噬人类', '人类观战[偷笑R]', '人类好忙[笑哭R]']","[post=69e47f8f000000001f007203; level=1; likes=1076.0; status=混合; role=观众] 其实蛮无聊的啊，人类都怎么啦？[笑哭R]
---
[post=69e44278000000001a0217bb; level=2; likes=37.0; status=强势; role=被超越者] 你们都是伟大的人类
---
[post=69e4551e000000001f005895; level=2; likes=29.0; status=强势; role=被超越者] 你怎么还把自己排除人类了[笑哭R]
---
[post=69e4426b000000001d01c7ed; level=2; likes=26.0; status=混合; role=观众] 这么好玩[笑哭R][笑哭R]连人类的八卦也学会了[笑哭R][笑哭R]
---
[post=69e4551e000000001f005895; level=2; likes=24.0; status=强势; role=被超越者] 他可能是人类叛徒","[post=69e47f8f000000001f007203; level=1; likes=1076.0; status=混合; role=观众] 其实蛮无聊的啊，人类都怎么啦？[笑哭R]
---
[post=69e44278000000001a0217bb; level=2; likes=37.0; status=强势; role=被超越者] 你们都是伟大的人类
---
[post=69e4551e000000001f005895; level=2; likes=29.0; status=强势; role=被超越者] 你怎么还把自己排除人类了[笑哭R]
---
[post=69e4426b000000001d01c7ed; level=2; likes=26.0; status=混合; role=观众] 这么好玩[笑哭R][笑哭R]连人类的八卦也学会了[笑哭R][笑哭R]
---
[post=69e4412a000000002103883f; level=1; likes=10.0; status=强势; role=观众] 希望能在活一千年，看看会发生什么
---
[post=69da7e87000000001a03484e; level=2; likes=8.0; status=强势; role=观众] 送上太空 命名为塞伯坦星球 [吃瓜R]
---
[post=69e48b0b000000001a02578c; level=1; likes=8.0; status=失败; role=服务者] 看来人类的耐力在蓝星是遥遥领先[doge]
---
[post=69e2583b00000000230211ea; level=2; likes=3.0; status=失败; role=抢救者] 哈哈哈🤣，人类的智慧总有相似之处。","[post=69df625d0000000021005c63; level=1; likes=1.0; status=失败; role=观众] 这么一看，人类智商真的好高啊！
---
[post=69df625d0000000021005c63; level=1; likes=0.0; status=失败; role=观众] 不要笑，将来取代我们工作的就是他们
---
[post=69e44278000000001a0217bb; level=1; likes=0.0; status=强势; role=被超越者] 这东西的进化是以天记的，人是以代记的[吃瓜R]
---
[post=69e4551e000000001f005895; level=2; likes=0.0; status=强势; role=被超越者] 让它了解一下人类社会的险恶[偷笑R]
---
[post=69e59e520000000022027a90; level=2; likes=2.0; status=弱势; role=观众] 然后很多人类都会被淘汰",,,,,,,,,
29,148,203,17,0.4527027027027027,0.6013513513513513,0.39864864864864863,"荣耀, 华为, 牌子, 第一名, 第一, 官方, 夺冠, 手机, 擅长, 厉害","['前6名全是荣耀的', '荣耀荣耀，天下第一', '此荣耀是彼荣耀吗？']","[post=69e59e520000000022027a90; level=1; likes=1352.0; status=弱势; role=观众] 刷了3天的视频，发现荣耀是最少的，是因为它家跑的太快了，大家还没来得及拍它就跑远了吗[偷笑R]
---
[post=69da7e87000000001a03484e; level=1; likes=405.0; status=强势; role=观众] 荣耀那个机器人跑的是真快
---
[post=69da7e87000000001a03484e; level=1; likes=225.0; status=强势; role=观众] 你们先告诉我第几个跑过去的是荣耀的机器人？这速度生怕我看清楚啊
---
[post=69e59e520000000022027a90; level=2; likes=175.0; status=弱势; role=观众] 荣耀的两个机器人太正常了[捂脸R]就跟f1赛车里一骑绝尘的都没啥镜头一样，那些撞车的上墙的才是观众爱看的[捂脸R]
---
[post=69da7e87000000001a03484e; level=1; likes=94.0; status=强势; role=观众] 听说荣耀机器人也参赛了？","[post=69e59e520000000022027a90; level=1; likes=1352.0; status=弱势; role=观众] 刷了3天的视频，发现荣耀是最少的，是因为它家跑的太快了，大家还没来得及拍它就跑远了吗[偷笑R]
---
[post=69da7e87000000001a03484e; level=1; likes=405.0; status=强势; role=观众] 荣耀那个机器人跑的是真快
---
[post=69e44278000000001a0217bb; level=2; likes=37.0; status=强势; role=被超越者] 白天工，红荣耀，黑宇树。
---
[post=69e463df000000001b003017; level=2; likes=32.0; status=强势; role=服务者] 这个是荣耀的[暗中观察R]荣耀拿奖的时候宇树的正在玩[暗中观察R]
---
[post=69e45dbe000000001f00434f; level=1; likes=32.0; status=强势; role=观众] 荣耀虽跑第一，但没宇树，天工帅[笑哭R][笑哭R][笑哭R]
---
[post=69e634590000000022003bb5; level=1; likes=27.0; status=常态; role=观众] 荣耀机器人的液冷散热器用的是升级元件，人家做手机的最知道怎么散热了。
---
[post=69df625d0000000021005c63; level=2; likes=23.0; status=失败; role=观众] [doge]上面的标看起来是荣耀
---
[post=69e47f8f000000001f007203; level=2; likes=8.0; status=混合; role=观众] 荣耀的机器人元气仔，跑姿也得奖了","[post=69e45dbe000000001f00434f; level=1; likes=6.0; status=强势; role=观众] 不管怎么说，荣耀的跑步姿势第一名[笑哭R]
---
[post=69e59e520000000022027a90; level=1; likes=0.0; status=弱势; role=观众] 荣耀荣耀，天下第一
---
[post=69da7e87000000001a03484e; level=1; likes=405.0; status=强势; role=观众] 荣耀那个机器人跑的是真快
---
[post=69e4426b000000001d01c7ed; level=2; likes=0.0; status=混合; role=观众] 华人牌2060款手机傻妞为您服务
---
[post=69e59e520000000022027a90; level=2; likes=7.0; status=弱势; role=观众] 荣耀那个真的跑得好快",,,,,,,,,
30,146,298,23,0.22602739726027396,0.5205479452054794,0.4794520547945205,"补贴, 国家补贴, 补助, 到手, 骗钱, 拉赞助, 拿到, 融资, 掏钱, 政策","['人控制，都是骗补贴的', '骗补贴骗投资', '马扁补贴']","[post=69e40352000000002102fc75; level=2; likes=39.0; status=常态; role=服务者] 造势 骗补贴
---
[post=69da7e87000000001a03484e; level=2; likes=34.0; status=强势; role=观众] 国家补贴有很大一部分就是给人骗的，只要能养出一两家有真东西的企业，那就是赚
---
[post=69e481e8000000002003ad94; level=2; likes=29.0; status=强势; role=服务者] 资金吹泡泡需要，抵押估值需要。
---
[post=69e481e8000000002003ad94; level=2; likes=25.0; status=强势; role=服务者] 股票套了多少
---
[post=69e47f8f000000001f007203; level=2; likes=25.0; status=混合; role=观众] 公共展示一下让大众认识一下怎样拉投资[偷笑R]","[post=69e40352000000002102fc75; level=2; likes=39.0; status=常态; role=服务者] 造势 骗补贴
---
[post=69da7e87000000001a03484e; level=2; likes=34.0; status=强势; role=观众] 国家补贴有很大一部分就是给人骗的，只要能养出一两家有真东西的企业，那就是赚
---
[post=69e481e8000000002003ad94; level=2; likes=29.0; status=强势; role=服务者] 资金吹泡泡需要，抵押估值需要。
---
[post=69e47f8f000000001f007203; level=2; likes=25.0; status=混合; role=观众] 公共展示一下让大众认识一下怎样拉投资[偷笑R]
---
[post=69e48341000000001a02d0c4; level=2; likes=11.0; status=强势; role=观众] 娱乐，陪伴，装点门面，服务，只要价格打下来[偷笑R]
---
[post=69e2583b00000000230211ea; level=2; likes=9.0; status=失败; role=抢救者] 其实领导也知道骗补。那么为什么还要让补，匪夷所思
---
[post=69e4b08d000000001d01c1bc; level=2; likes=7.0; status=混合; role=观众] 毕竟出的晚，要打开市场还是得靠广告
---
[post=69e59e520000000022027a90; level=1; likes=7.0; status=弱势; role=观众] 都是资本收割韭菜工具","[post=69e59e520000000022027a90; level=1; likes=0.0; status=弱势; role=观众] 骗补贴骗投资
---
[post=69e2583b00000000230211ea; level=1; likes=0.0; status=失败; role=抢救者] 我们的高科技在卷最基本的跑步，就这种工业垃圾凭什么能力融资？那种没投资经验的还是多看看成熟些的产品吧
---
[post=69da7e87000000001a03484e; level=2; likes=0.0; status=强势; role=观众] 你在美国也是做投融资的吧
---
[post=69e481e8000000002003ad94; level=2; likes=0.0; status=强势; role=服务者] 不然怎么有补贴，有岗位。
---
[post=69e481e8000000002003ad94; level=1; likes=0.0; status=强势; role=服务者] 有钱人请一群没事干的，陪他们玩游戏",,,,,,,,,
31,140,407,18,0.32857142857142857,0.5714285714285714,0.42857142857142855,"机器人, 机器, 轮子, 机器狗, 两条腿, 车子, 不稳, 四轮, 人形, 两个","['机器人为什么一定要是人形的，加四个轮子跑的不是更快？[捂脸R]', '机器人是不是不一定要两条腿，弄轮子不是更好吗[黑薯问号R]', '这是机器人～～～～，有轮子的是车～～～～～']","[post=69da7e87000000001a03484e; level=1; likes=77.0; status=强势; role=观众] 我也觉得人行机器人的用途在哪？没必要完全做成人的模样吧 要说让他跑 做成轮子更快 更节约成本啊
---
[post=69e48b0b000000001a02578c; level=1; likes=54.0; status=失败; role=服务者] 这种玩意儿就是为了圈钱吗？ 跑公路早就有人发明了更好的机器人 它有四个圆形的轮子 名字叫车
---
[post=69da7e87000000001a03484e; level=1; likes=46.0; status=强势; role=观众] 都机器人了还用腿 装俩轱辘不行么
---
[post=69e48b0b000000001a02578c; level=2; likes=39.0; status=失败; role=服务者] 不用两条腿的话就不叫机器人了[笑哭R]
---
[post=69da7e87000000001a03484e; level=1; likes=28.0; status=强势; role=观众] 呃，这种拼速度的机器人有什么必要做成两条腿？","[post=69da7e87000000001a03484e; level=1; likes=77.0; status=强势; role=观众] 我也觉得人行机器人的用途在哪？没必要完全做成人的模样吧 要说让他跑 做成轮子更快 更节约成本啊
---
[post=69e48b0b000000001a02578c; level=1; likes=54.0; status=失败; role=服务者] 这种玩意儿就是为了圈钱吗？ 跑公路早就有人发明了更好的机器人 它有四个圆形的轮子 名字叫车
---
[post=69e48341000000001a02d0c4; level=1; likes=12.0; status=强势; role=观众] 必须要2脚人性的机器人才能参加吗，4轮的可以吗[doge]
---
[post=69e42cc100000000220001ad; level=1; likes=10.0; status=弱势; role=观众] 我不理解 为何机器人要双腿行走，他就不有个轮子。上楼就切换腿。
---
[post=69e4426b000000001d01c7ed; level=2; likes=7.0; status=混合; role=观众] 四个轮子的没法爬楼梯，机器人有关节未来才能做更复杂的操作，我老了还指望他们照顾我呢[暗中观察R]
---
[post=69e447d2000000001d01aa01; level=1; likes=7.0; status=强势; role=服务者] 机器人为什么一定要有脚，有轮子就行了吧
---
[post=69df625d0000000021005c63; level=2; likes=4.0; status=失败; role=观众] 全球第一台双足机器人诞生于1969年，这都块60年了也没研究明白
---
[post=69e40352000000002102fc75; level=1; likes=4.0; status=常态; role=服务者] 有没有一种机器人，胸口装俩轮子，趴着贴地，不是更快","[post=69e481e8000000002003ad94; level=2; likes=0.0; status=强势; role=服务者] 这是在展现机器人的水平啊，用轮子那不是车吗
---
[post=69e42cc100000000220001ad; level=1; likes=0.0; status=弱势; role=观众] 智能的东西为什么一定要追求长成人的模样，明明加个轮子吊打人类，非要给人家装上脚跑！机器人真的鸡肋，智能的东西，你需要他干活，就改成对应的机器，需要跑步，就改成小车，无人机也可以，整个腿成为了阉割版的玩具车了
---
[post=69da7e87000000001a03484e; level=1; likes=0.0; status=强势; role=观众] 建议给机器人脚板底配备轮子 移动时 启动超级变换形态 四支四轮着地 尾部发射喷气推进装置[doge]
---
[post=69e42cc100000000220001ad; level=2; likes=0.0; status=弱势; role=观众] 轮子的早就有了，不是只有人行机器人叫机器人
---
[post=69da7e87000000001a03484e; level=1; likes=0.0; status=强势; role=观众] 机器人完全没必要像人类一样直立行走…四条腿八条腿的可以又稳又快啊[笑哭R]",,,,,,,,,
32,138,319,11,0.7246376811594203,0.8478260869565217,0.15217391304347827,"还跟着, 跟着, 有人, 跑动, 人要, 人多, 乱跑, 赶上, 跑跑步, 背着","['人也要跟着跑吗[笑哭R]', '人也跟着跑', '人也要跟着跑啊[笑哭R]']","[post=69e447d2000000001d01aa01; level=2; likes=109.0; status=强势; role=服务者] 物理跟紧这个项目
---
[post=69e4412a000000002103883f; level=2; likes=12.0; status=强势; role=观众] 人家都跑，他搁那表演上了
---
[post=69e447d2000000001d01aa01; level=1; likes=8.0; status=强势; role=服务者] 这和追着一辆车跑没啥区别
---
[post=69e447d2000000001d01aa01; level=2; likes=7.0; status=强势; role=服务者] 不是不用跟，以后是真跟不上了，那有那么多追风少年[偷笑R]
---
[post=69e45dbe000000001f00434f; level=2; likes=6.0; status=强势; role=观众] 你两岁跑路的时候，你身后也跟着一群人","[post=69e447d2000000001d01aa01; level=2; likes=109.0; status=强势; role=服务者] 物理跟紧这个项目
---
[post=69e4412a000000002103883f; level=2; likes=12.0; status=强势; role=观众] 人家都跑，他搁那表演上了
---
[post=69e45dbe000000001f00434f; level=2; likes=6.0; status=强势; role=观众] 你两岁跑路的时候，你身后也跟着一群人
---
[post=69e481e8000000002003ad94; level=1; likes=5.0; status=强势; role=服务者] 人要跟着跑，简直了 有啥意义
---
[post=69da7e87000000001a03484e; level=1; likes=4.0; status=强势; role=观众] 它能背着人跑吗
---
[post=69e4b08d000000001d01c1bc; level=2; likes=2.0; status=混合; role=观众] 背着跑会不会有点颠簸?
---
[post=69df625d0000000021005c63; level=2; likes=0.0; status=失败; role=观众] 今天下雨也在跑
---
[post=69e43b14000000001a02e095; level=1; likes=0.0; status=弱势; role=服务者] 这宝贝跑步，得一车人跟着。","[post=69e45dbe000000001f00434f; level=2; likes=6.0; status=强势; role=观众] 你两岁跑路的时候，你身后也跟着一群人
---
[post=69e481e8000000002003ad94; level=1; likes=0.0; status=强势; role=服务者] 所以要人天天跑个毛线？很闲啊
---
[post=69e481e8000000002003ad94; level=1; likes=0.0; status=强势; role=服务者] 这些人跟着跑？
---
[post=69e481e8000000002003ad94; level=1; likes=0.0; status=强势; role=服务者] 还需要人跟着跑？
---
[post=69e481e8000000002003ad94; level=1; likes=0.0; status=强势; role=服务者] 非得有个人在边上陪跑吗",,,,,,,,,
33,133,285,22,0.18045112781954886,0.5263157894736842,0.47368421052631576,"养老, 养个, 你老, 依靠, 照顾, 防老, 没活, 退休, 想用, 买给","['这样我还怎么养老', '我等着它给我养老呢 可别唱衰', '还能给我养老吗？我47了']","[post=69e48341000000001a02d0c4; level=2; likes=126.0; status=强势; role=观众] 等我老了，这两个就扮演我孙子
---
[post=69e42cc100000000220001ad; level=2; likes=29.0; status=弱势; role=观众] 好思路，我准备让他当我孙子，也是享受了三世同堂
---
[post=69e4b08d000000001d01c1bc; level=2; likes=29.0; status=混合; role=观众] 家政和养老，特别是养老很需要
---
[post=69e43b14000000001a02e095; level=2; likes=20.0; status=弱势; role=服务者] 做五分钟家务，保养一小时[偷笑R]
---
[post=69e481e8000000002003ad94; level=2; likes=15.0; status=强势; role=服务者] 给它一些时间，也给人类一些时间，我还盼着它越来越成熟，以后给我伺候我养老呢","[post=69e48341000000001a02d0c4; level=2; likes=126.0; status=强势; role=观众] 等我老了，这两个就扮演我孙子
---
[post=69e42cc100000000220001ad; level=2; likes=29.0; status=弱势; role=观众] 好思路，我准备让他当我孙子，也是享受了三世同堂
---
[post=69e4b08d000000001d01c1bc; level=2; likes=29.0; status=混合; role=观众] 家政和养老，特别是养老很需要
---
[post=69e43b14000000001a02e095; level=2; likes=20.0; status=弱势; role=服务者] 做五分钟家务，保养一小时[偷笑R]
---
[post=69e481e8000000002003ad94; level=2; likes=15.0; status=强势; role=服务者] 给它一些时间，也给人类一些时间，我还盼着它越来越成熟，以后给我伺候我养老呢
---
[post=69e40352000000002102fc75; level=1; likes=7.0; status=常态; role=服务者] 能帮我跑腿和做家务就行 也不用这么快
---
[post=69e47f8f000000001f007203; level=2; likes=6.0; status=混合; role=观众] 训练好了，等我老了百米冲刺背我去医院
---
[post=69e48b0b000000001a02578c; level=2; likes=6.0; status=失败; role=服务者] 等我老了，指着它背着我下楼去医院呢[皱眉R]","[post=69e429b4000000001b00037a; level=2; likes=0.0; status=常态; role=观众] 加油跑，指着养老呢
---
[post=69e481e8000000002003ad94; level=2; likes=0.0; status=强势; role=服务者] 哈哈哈哈哈哈哈哈，对对对！学会伺候人的本领[偷笑R]
---
[post=69e43b14000000001a02e095; level=1; likes=0.0; status=弱势; role=服务者] 我老了让它伺候也行，跟亲孙子似的[大笑R]
---
[post=69df625d0000000021005c63; level=1; likes=0.0; status=失败; role=观众] 不对，网上发那么多，难道是假的？这样怎么做饭扶老人[笑哭R]
---
[post=69e47f8f000000001f007203; level=2; likes=0.0; status=混合; role=观众] 以后养老和育儿用得上",,,,,,,,,
34,133,202,10,0.7894736842105263,0.8195488721804511,0.18045112781954886,"换电池, 换电, 降温, 补电, 电池, 加电, 加热, 冷却, 发烫, 发热","['降温➕换电池吗', '这是降温，换电池', '又是换电池，又是降温，又是润滑[偷笑R]']","[post=69e48b0b000000001a02578c; level=2; likes=22.0; status=失败; role=服务者] 给电池降温吗？
---
[post=69e43b14000000001a02e095; level=1; likes=9.0; status=弱势; role=服务者] 电机过热保护了 喷制冷剂[偷笑R]
---
[post=69e4426b000000001d01c7ed; level=2; likes=7.0; status=混合; role=观众] 一个是短时间工作，一个长时间工作，两种难度点不一样。长时间关节处，电池处等温度会过高。
---
[post=69e4551e000000001f005895; level=2; likes=6.0; status=强势; role=被超越者] 错 电机过热就会慢或者动作不协调 严重直接摔  跟人一样也会累 也需要补给（补给干冰降温）
---
[post=69e481e8000000002003ad94; level=1; likes=6.0; status=强势; role=服务者] 换电池=人类休息，加冰块=人类喝水散热，喷药是为了啥[微笑R]","[post=69e48b0b000000001a02578c; level=2; likes=22.0; status=失败; role=服务者] 给电池降温吗？
---
[post=69e43b14000000001a02e095; level=1; likes=9.0; status=弱势; role=服务者] 电机过热保护了 喷制冷剂[偷笑R]
---
[post=69e4426b000000001d01c7ed; level=2; likes=7.0; status=混合; role=观众] 一个是短时间工作，一个长时间工作，两种难度点不一样。长时间关节处，电池处等温度会过高。
---
[post=69e4551e000000001f005895; level=2; likes=6.0; status=强势; role=被超越者] 错 电机过热就会慢或者动作不协调 严重直接摔  跟人一样也会累 也需要补给（补给干冰降温）
---
[post=69e481e8000000002003ad94; level=1; likes=6.0; status=强势; role=服务者] 换电池=人类休息，加冰块=人类喝水散热，喷药是为了啥[微笑R]
---
[post=69df625d0000000021005c63; level=1; likes=0.0; status=失败; role=观众] 感觉是电机疯狂过热[捂脸R]
---
[post=69e4b08d000000001d01c1bc; level=2; likes=0.0; status=混合; role=观众] 材料技术，电机控制时间
---
[post=69e48341000000001a02d0c4; level=1; likes=0.0; status=强势; role=观众] 冷却和机械磨损控制做的不错啊","[post=69e481e8000000002003ad94; level=1; likes=0.0; status=强势; role=服务者] 冷却系统，哈哈哈，想起了内燃机，关节电机发热还是厉害啊。单电机机械功率就当 500 瓦，铜铁损发热 100 瓦够吗？哈哈哈，100 瓦风冷应该没问题啊
---
[post=69e44171000000001a026b25; level=2; likes=0.0; status=混合; role=观众] 电机过热了，遥控进入起身程序，了解下就知道大胯超过100度，降温很重要。[笑哭R][笑哭R]
---
[post=69e4b08d000000001d01c1bc; level=2; likes=0.0; status=混合; role=观众] 材料技术，电机控制时间
---
[post=69e481e8000000002003ad94; level=1; likes=0.0; status=强势; role=服务者] 换电，加冰散热。
---
[post=69e481e8000000002003ad94; level=1; likes=0.0; status=强势; role=服务者] 这东西需要不停的换电池，而且我估计这东西肯定还会发烫，所以我认为个人认为这个东西做得不成功",,,,,,,,,
35,127,172,7,0.905511811023622,0.7559055118110236,0.2440944881889764,"f1, 赛车, 机器人界, 赛事, 方程式赛车, 比赛, 赛场, 法拉利, 一辆车, 比拼","['机器人F1[笑哭R]', '哈比为啥要有F1？', 'F1 赛机手[汗颜R][汗颜R]']","[post=69e481e8000000002003ad94; level=2; likes=25.0; status=强势; role=服务者] 是的f1没用
---
[post=69e481e8000000002003ad94; level=2; likes=21.0; status=强势; role=服务者] f1一个人开车几十个人服务[doge]
---
[post=69e481e8000000002003ad94; level=2; likes=10.0; status=强势; role=服务者] 赛车还要换轮胎加油
---
[post=69e481e8000000002003ad94; level=1; likes=6.0; status=强势; role=服务者] 好像F1，车停下来，一帮工作人员赶紧上去，各司其职[大笑R]
---
[post=69e481e8000000002003ad94; level=2; likes=4.0; status=强势; role=服务者] 没见过f1赛车吗，一个车几十个人服务你怎么不说","[post=69e481e8000000002003ad94; level=2; likes=25.0; status=强势; role=服务者] 是的f1没用
---
[post=69da7e87000000001a03484e; level=1; likes=0.0; status=强势; role=观众] 跟F1追求极限速度一样
---
[post=69e429b4000000001b00037a; level=1; likes=0.0; status=常态; role=观众] 感觉像是GTA
---
[post=69e43b14000000001a02e095; level=2; likes=0.0; status=弱势; role=服务者] 笑死我了，就跟那个赛车转几圈来换个轮胎一样
---
[post=69e447d2000000001d01aa01; level=2; likes=0.0; status=强势; role=服务者] f1跑圈有什么用处呢
---
[post=69e47f8f000000001f007203; level=2; likes=0.0; status=混合; role=观众] 哈比为啥要有F1？
---
[post=69e59e520000000022027a90; level=1; likes=0.0; status=弱势; role=观众] 方程豹謝謝你[偷笑R]","[post=69e481e8000000002003ad94; level=1; likes=0.0; status=强势; role=服务者] 整上F1了
---
[post=69e481e8000000002003ad94; level=1; likes=0.0; status=强势; role=服务者] 太慢了[笑哭R]F1都完成半圈了
---
[post=69e47f8f000000001f007203; level=2; likes=0.0; status=混合; role=观众] 意义就是加速研发和迭代，就像F1和WSBK的比赛一样
---
[post=69e481e8000000002003ad94; level=1; likes=3.0; status=强势; role=服务者] 有种F1进站的感觉
---
[post=69e481e8000000002003ad94; level=1; likes=0.0; status=强势; role=服务者] 这有点F1那味儿了！好希望有专业转播全程赛事",,,,,,,,,
36,121,150,8,0.45454545454545453,0.8429752066115702,0.15702479338842976,"解说, 解说词, 好笑, 搞笑, 好好笑, 笑死人, 好玩, 笑话, 游戏, 有趣","['这解说直接让我上不来气了😂😂😂', '听你解说更想笑了哈哈哈哈哈', '解说➕鸡腿']","[post=69e46730000000001d0199c8; level=1; likes=1223.0; status=强势; role=观众] 你解说的好棒 太逗了[偷笑R]
---
[post=69e46730000000001d0199c8; level=1; likes=380.0; status=强势; role=观众] 强烈要求主播下界要上去解说 更精彩
---
[post=69e46730000000001d0199c8; level=1; likes=40.0; status=强势; role=观众] 你的解说好松弛
---
[post=69df625d0000000021005c63; level=1; likes=17.0; status=失败; role=观众] 解说太逗了[大笑R]
---
[post=69e46730000000001d0199c8; level=1; likes=4.0; status=强势; role=观众] 解说是鸟鸟老师吗？","[post=69e46730000000001d0199c8; level=1; likes=1223.0; status=强势; role=观众] 你解说的好棒 太逗了[偷笑R]
---
[post=69df625d0000000021005c63; level=1; likes=17.0; status=失败; role=观众] 解说太逗了[大笑R]
---
[post=69e2583b00000000230211ea; level=2; likes=2.0; status=失败; role=抢救者] 机器人：超级拆解
---
[post=69e59e520000000022027a90; level=1; likes=2.0; status=弱势; role=观众] 这个解说真的是笑死人了[笑哭R]
---
[post=69e4551e000000001f005895; level=1; likes=1.0; status=强势; role=被超越者] 主播还有礼貌
---
[post=69da7e87000000001a03484e; level=2; likes=0.0; status=强势; role=观众] 可以了解一下，一个游戏
---
[post=69e4412a000000002103883f; level=2; likes=0.0; status=强势; role=观众] 现在各种神解说，神评论
---
[post=69e4426b000000001d01c7ed; level=2; likes=0.0; status=混合; role=观众] 再配上这个观众的解说，我他娘的又真的要笑死了，救命啊","[post=69e46730000000001d0199c8; level=1; likes=4.0; status=强势; role=观众] 解说是鸟鸟老师吗？
---
[post=69e46730000000001d0199c8; level=1; likes=0.0; status=强势; role=观众] 最佳解说员[偷笑R]
---
[post=69e59e520000000022027a90; level=1; likes=0.0; status=弱势; role=观众] 哈哈哈哈哈 主播解说好有趣[笑哭R][笑哭R][笑哭R]
---
[post=69e2583b00000000230211ea; level=1; likes=0.0; status=失败; role=抢救者] 自考拆解
---
[post=69e59e520000000022027a90; level=1; likes=0.0; status=弱势; role=观众] 解說員真幽默[大笑R][大笑R][大笑R][大笑R][大笑R][大笑R]",,,,,,,,,
37,120,199,11,0.38333333333333336,0.7416666666666667,0.25833333333333336,"低血糖, 头晕, 晕倒, 站不稳, 晕厥, 迷糊, 喝点, 缺氧, 低电压, 糖水","['66号低血糖了', '039也低血糖', '有点低血糖，站不太稳']","[post=69e481e8000000002003ad94; level=1; likes=3043.0; status=强势; role=服务者] 这减速到停下简直不要太丝滑，还有站稳后晃的那两下[捂脸R]像低血糖似的
---
[post=69e4426b000000001d01c7ed; level=2; likes=11.0; status=混合; role=观众] 真的很像低血糖哈哈啊哈哈哈
---
[post=69e44171000000001a026b25; level=1; likes=7.0; status=混合; role=观众] 像低血糖晕倒了
---
[post=69e481e8000000002003ad94; level=1; likes=7.0; status=强势; role=服务者] 低血糖了吧，都要倒了，赶紧给块糖
---
[post=69e48b0b000000001a02578c; level=1; likes=5.0; status=失败; role=服务者] 是不是低电糖了[石化R]","[post=69e481e8000000002003ad94; level=1; likes=3043.0; status=强势; role=服务者] 这减速到停下简直不要太丝滑，还有站稳后晃的那两下[捂脸R]像低血糖似的
---
[post=69e4426b000000001d01c7ed; level=2; likes=11.0; status=混合; role=观众] 真的很像低血糖哈哈啊哈哈哈
---
[post=69e44171000000001a026b25; level=1; likes=7.0; status=混合; role=观众] 像低血糖晕倒了
---
[post=69e48b0b000000001a02578c; level=1; likes=5.0; status=失败; role=服务者] 是不是低电糖了[石化R]
---
[post=69e59e520000000022027a90; level=1; likes=2.0; status=弱势; role=观众] 这个有点像我多久了猛然起身头晕的样子
---
[post=69e47f8f000000001f007203; level=1; likes=1.0; status=混合; role=观众] 赶紧给吃点东西，都低血糖了
---
[post=69da7e87000000001a03484e; level=1; likes=0.0; status=强势; role=观众] 这样跑吃多少氨糖都没用啊[笑哭R]
---
[post=69df625d0000000021005c63; level=1; likes=0.0; status=失败; role=观众] 和人晕厥时好像","[post=69e481e8000000002003ad94; level=1; likes=0.0; status=强势; role=服务者] 补给的时候往后摇晃的那两下，太像低血糖了[笑哭R]
---
[post=69e481e8000000002003ad94; level=2; likes=0.0; status=强势; role=服务者] 前两天还刷到低血糖加坐地上的[笑哭R]
---
[post=69e4426b000000001d01c7ed; level=2; likes=0.0; status=混合; role=观众] 救命啊 低血糖了属于是
---
[post=69e481e8000000002003ad94; level=1; likes=1.0; status=强势; role=服务者] 明显低血糖了，往后直呼悠
---
[post=69e481e8000000002003ad94; level=1; likes=0.0; status=强势; role=服务者] 跑太快低血糖了",,,,,,,,,
38,115,226,13,0.6782608695652174,0.808695652173913,0.19130434782608696,"降降温, 降温, 降热, 发热, 发烧, 过热, 温度, 凉快, 太热, 温差","['加把油啊给它降温', '笑死我了给ka降温', '降温 冷静[笑哭R][笑哭R]']","[post=69e48b0b000000001a02578c; level=1; likes=55.0; status=失败; role=服务者] 看来温度没那么容易解决
---
[post=69e4551e000000001f005895; level=2; likes=46.0; status=强势; role=被超越者] 会自焚的降温跟不上的话[捂脸R]
---
[post=69e634590000000022003bb5; level=2; likes=28.0; status=常态; role=观众] 可能有点烫吧[笑哭R]，百十来度呢
---
[post=69e48b0b000000001a02578c; level=2; likes=25.0; status=失败; role=服务者] 时间一长，什么不需要额外降温
---
[post=69e481e8000000002003ad94; level=2; likes=18.0; status=强势; role=服务者] 在哪里发热需要降温人家工程师能不比你知道吗[汗颜R][汗颜R][汗颜R][汗颜R]","[post=69e48b0b000000001a02578c; level=1; likes=55.0; status=失败; role=服务者] 看来温度没那么容易解决
---
[post=69e4551e000000001f005895; level=2; likes=46.0; status=强势; role=被超越者] 会自焚的降温跟不上的话[捂脸R]
---
[post=69e634590000000022003bb5; level=2; likes=28.0; status=常态; role=观众] 可能有点烫吧[笑哭R]，百十来度呢
---
[post=69e481e8000000002003ad94; level=2; likes=18.0; status=强势; role=服务者] 在哪里发热需要降温人家工程师能不比你知道吗[汗颜R][汗颜R][汗颜R][汗颜R]
---
[post=69e43b14000000001a02e095; level=1; likes=6.0; status=弱势; role=服务者] 穿条冰丝内裤，会不会就不用人工降温了[笑哭R]
---
[post=69e44278000000001a0217bb; level=2; likes=1.0; status=强势; role=被超越者] 今天气温高
---
[post=69e59e520000000022027a90; level=2; likes=1.0; status=弱势; role=观众] 还有发热情况吧
---
[post=69da7e87000000001a03484e; level=1; likes=0.0; status=强势; role=观众] 北京现在早晚凉，运动过后注意擦汗补充电解质别感冒","[post=69e481e8000000002003ad94; level=1; likes=0.0; status=强势; role=服务者] 人工降温
---
[post=69e59e520000000022027a90; level=1; likes=0.0; status=弱势; role=观众] 笑死我了，身上蓝色圈圈的是不是降温的水圈
---
[post=69e481e8000000002003ad94; level=1; likes=0.0; status=强势; role=服务者] 还需要降温[失望R]
---
[post=69e481e8000000002003ad94; level=1; likes=0.0; status=强势; role=服务者] 蛋蛋需要降温？[笑哭R]
---
[post=69e481e8000000002003ad94; level=1; likes=1.0; status=强势; role=服务者] 现在觉得人类的流汗降温机制太绝了",,,,,,,,,
39,114,256,18,0.43859649122807015,0.5789473684210527,0.42105263157894735,"钢拳, 铁甲, 铁甲威龙, 钢铁, 机甲, 战斗, 打仗, 作战, 戰場, 核弹","['什么时候铁甲钢拳', '什么时候铁甲钢拳[doge]', '我看到的是未来战场的杀戮机器']","[post=69e481e8000000002003ad94; level=2; likes=8904.0; status=强势; role=服务者] 为以后做准备，复杂地形，废墟，山地，城市，你懂的[偷笑R]。之后还会有多足机器人，那玩意可就吓人了
---
[post=69e634590000000022003bb5; level=1; likes=878.0; status=常态; role=观众] 看看这个世界，很多地方在打仗，而咱们在搞机器人半马[自拍R][赞R]
---
[post=69e47f8f000000001f007203; level=2; likes=35.0; status=混合; role=观众] 不是一开始就可以用机器人上战场的，这个过程需要各种实验
---
[post=69e46730000000001d0199c8; level=2; likes=17.0; status=强势; role=观众] 机器人佣人，战警兵，探索神秘宇宙，
---
[post=69da7e87000000001a03484e; level=2; likes=16.0; status=强势; role=观众] 人型机器人的动作协调性需要复杂的算法实现。你这话等于说核弹有什么大不了的，大一点的炮仗罢了[微笑R]","[post=69e481e8000000002003ad94; level=2; likes=8904.0; status=强势; role=服务者] 为以后做准备，复杂地形，废墟，山地，城市，你懂的[偷笑R]。之后还会有多足机器人，那玩意可就吓人了
---
[post=69e634590000000022003bb5; level=1; likes=878.0; status=常态; role=观众] 看看这个世界，很多地方在打仗，而咱们在搞机器人半马[自拍R][赞R]
---
[post=69e47f8f000000001f007203; level=2; likes=35.0; status=混合; role=观众] 不是一开始就可以用机器人上战场的，这个过程需要各种实验
---
[post=69e46730000000001d0199c8; level=2; likes=17.0; status=强势; role=观众] 机器人佣人，战警兵，探索神秘宇宙，
---
[post=69da7e87000000001a03484e; level=2; likes=16.0; status=强势; role=观众] 人型机器人的动作协调性需要复杂的算法实现。你这话等于说核弹有什么大不了的，大一点的炮仗罢了[微笑R]
---
[post=69e44278000000001a0217bb; level=2; likes=13.0; status=强势; role=被超越者] 你可以想象一下，真正战场，一个机器人摔倒后碰到一群机器人，然后那群机器人应激乱开枪的场面[偷笑R]
---
[post=69e447d2000000001d01aa01; level=1; likes=13.0; status=强势; role=服务者] 你有没有想过，这个成本几千块钱的机器人塞满了tnt，直接顶着火力往阵地上冲的感觉。
---
[post=69e45dbe000000001f00434f; level=1; likes=9.0; status=强势; role=观众] 让这些机器人拿着一把真理向敌人阵地冲去，就问对面怕不怕？[哇R]","[post=69e481e8000000002003ad94; level=1; likes=0.0; status=强势; role=服务者] 铁甲钢拳来的[萌萌哒R]
---
[post=69da7e87000000001a03484e; level=2; likes=0.0; status=强势; role=观众] 试想一下，如果战场上有个这样的机器人背着炸药包冲向敌人，你还会觉得没用吗
---
[post=69e47f8f000000001f007203; level=2; likes=0.0; status=混合; role=观众] 万一以后有战争 你就知道机器人的好了 有事儿机器人能真上
---
[post=69e45dbe000000001f00434f; level=2; likes=4.0; status=强势; role=观众] 以后真正打仗的时候是派这些机器人先上去而不是先派你上去做炮灰你就知道它们的作用了[doge]
---
[post=69e447d2000000001d01aa01; level=2; likes=0.0; status=强势; role=服务者] 未来陆战主力军就是机器人啊，它能跑马拉松，地面作战就能实现人机协同啊。星球大战里面机器人大军的场面，我们有生之年大概是能看到了",,,,,,,,,
40,110,124,4,0.8545454545454545,0.41818181818181815,0.5818181818181818,"wd40, 40, wd, 喷剂, 一款, 得用, 一瓶, 一顿, 都行, 东西","['喷了好几罐WD40[doge]', 'WD40管够', '多囤点 wd40 以后能涨价']","[post=69e481e8000000002003ad94; level=2; likes=14.0; status=强势; role=服务者] wd40这个机器人没有润滑，只能通过反复喷涂wd40防止干燥。
---
[post=69e43b14000000001a02e095; level=1; likes=5.0; status=弱势; role=服务者] 该不会是万能喷剂wd40 吧
---
[post=69e43b14000000001a02e095; level=2; likes=2.0; status=弱势; role=服务者] wd40短时间有润滑作用
---
[post=69e43b14000000001a02e095; level=1; likes=1.0; status=弱势; role=服务者] 万能的wd-40[doge]
---
[post=69e43b14000000001a02e095; level=1; likes=1.0; status=弱势; role=服务者] 机器人的香水WD40","[post=69e481e8000000002003ad94; level=2; likes=14.0; status=强势; role=服务者] wd40这个机器人没有润滑，只能通过反复喷涂wd40防止干燥。
---
[post=69e43b14000000001a02e095; level=1; likes=5.0; status=弱势; role=服务者] 该不会是万能喷剂wd40 吧
---
[post=69e4412a000000002103883f; level=1; likes=0.0; status=强势; role=观众] 喷的wd40? LOL
---
[post=69e447d2000000001d01aa01; level=2; likes=0.0; status=强势; role=服务者] 笔芯硬度适中，不会断芯，上色均匀不结块。","[post=69e481e8000000002003ad94; level=2; likes=0.0; status=强势; role=服务者] wd40，给缝隙处除锈除污的[笑哭R]
---
[post=69e481e8000000002003ad94; level=2; likes=0.0; status=强势; role=服务者] 看起来是wd40润滑的
---
[post=69e481e8000000002003ad94; level=2; likes=0.0; status=强势; role=服务者] WD40润滑剂
---
[post=69e481e8000000002003ad94; level=2; likes=0.0; status=强势; role=服务者] wd40吧，跑久了运动关节磨损，润滑关节的
---
[post=69e481e8000000002003ad94; level=2; likes=0.0; status=强势; role=服务者] 百分百男人的香水WD40",,,,,,,,,
41,110,145,5,0.7545454545454545,0.4818181818181818,0.5181818181818182,"云南白药, 喷药, 喷上去, 喷上, 白藥, 喷剂, 喷雾剂, 喷雾, 神药, 抽筋","['喷得云南白药啊[笑哭R]', '云南白药喷起来[偷笑R][偷笑R][偷笑R]', '六六六  还喷云南白药[doge]（抽）']","[post=69e43b14000000001a02e095; level=1; likes=420.0; status=弱势; role=服务者] 孩子跑着跑着还得喷点云南白药气雾剂[暗中观察R]
---
[post=69e481e8000000002003ad94; level=2; likes=108.0; status=强势; role=服务者] 我以为是云南白药呢[暗中观察R]
---
[post=69e481e8000000002003ad94; level=1; likes=11.0; status=强势; role=服务者] 喷云南白药，灌能量胶？
---
[post=69e47f8f000000001f007203; level=2; likes=7.0; status=混合; role=观众] 我有次大腿抽筋了，就这样，要喷药[偷笑R]
---
[post=69e634590000000022003bb5; level=2; likes=5.0; status=常态; role=观众] 借楼问一下这喷的是啥 云南白药吗","[post=69e43b14000000001a02e095; level=1; likes=420.0; status=弱势; role=服务者] 孩子跑着跑着还得喷点云南白药气雾剂[暗中观察R]
---
[post=69e481e8000000002003ad94; level=2; likes=108.0; status=强势; role=服务者] 我以为是云南白药呢[暗中观察R]
---
[post=69e47f8f000000001f007203; level=2; likes=7.0; status=混合; role=观众] 我有次大腿抽筋了，就这样，要喷药[偷笑R]
---
[post=69e634590000000022003bb5; level=2; likes=5.0; status=常态; role=观众] 借楼问一下这喷的是啥 云南白药吗
---
[post=69e4426b000000001d01c7ed; level=2; likes=0.0; status=混合; role=观众] 右脚抽筋了","[post=69e481e8000000002003ad94; level=2; likes=0.0; status=强势; role=服务者] 雲南白藥[暗中观察R] 我們打球酸痛了也噴這個[暗中观察R]
---
[post=69e43b14000000001a02e095; level=1; likes=1.0; status=弱势; role=服务者] 有关节炎？ 喷的云南白药？
---
[post=69e481e8000000002003ad94; level=2; likes=1.0; status=强势; role=服务者] 云南白药，防止跌打损伤。
---
[post=69e481e8000000002003ad94; level=1; likes=0.0; status=强势; role=服务者] 红药喷剂都用上了[笑哭R]
---
[post=69e481e8000000002003ad94; level=2; likes=0.0; status=强势; role=服务者] 云南白药喷雾",,,,,,,,,
42,109,257,18,0.3761467889908257,0.5963302752293578,0.4036697247706422,"诡异, 吓人, 恐怖, 毛骨悚然, 可怕, 吓到, 吓死人, 奇奇怪怪, 吓死, 荒诞","['哈哈哈哈哈哈服啦 好诡异', '这太诡异了[暗中观察R]', '有点诡异[捂脸R]恐怖谷的感觉']","[post=69e4b08d000000001d01c1bc; level=1; likes=194.0; status=混合; role=观众] 这尼玛太诡异了
---
[post=69e429b4000000001b00037a; level=1; likes=39.0; status=常态; role=观众] 只有我觉得这事很可怕吗。。。
---
[post=69db34bb000000001a0348ae; level=1; likes=28.0; status=失败; role=抢救者] 好荒诞的场面[笑哭R][笑哭R]
---
[post=69e4b08d000000001d01c1bc; level=2; likes=12.0; status=混合; role=观众] 方便电话机传进中国的时候，人们也害怕，照相机还被说是摄魂的
---
[post=69e481e8000000002003ad94; level=1; likes=11.0; status=强势; role=服务者] 只有我看完感觉毛骨悚然么…真的起鸡皮疙瘩[扶额R][扶额R]","[post=69e4b08d000000001d01c1bc; level=1; likes=194.0; status=混合; role=观众] 这尼玛太诡异了
---
[post=69e429b4000000001b00037a; level=1; likes=39.0; status=常态; role=观众] 只有我觉得这事很可怕吗。。。
---
[post=69db34bb000000001a0348ae; level=1; likes=28.0; status=失败; role=抢救者] 好荒诞的场面[笑哭R][笑哭R]
---
[post=69e481e8000000002003ad94; level=1; likes=11.0; status=强势; role=服务者] 只有我看完感觉毛骨悚然么…真的起鸡皮疙瘩[扶额R][扶额R]
---
[post=69e59e520000000022027a90; level=1; likes=2.0; status=弱势; role=观众] 什么时候满街都是这玩意，也挺恐怖的。
---
[post=69e2583b00000000230211ea; level=1; likes=2.0; status=失败; role=抢救者] 太血腥了能不能打个码
---
[post=69da7e87000000001a03484e; level=1; likes=1.0; status=强势; role=观众] 虽然有脑袋的很诡异 但是没脑袋那个明显更吓人[笑哭R]
---
[post=69e41e24000000001a025f1a; level=1; likes=1.0; status=失败; role=观众] 这一惊一乍的真吓人[捂脸R]","[post=69da7e87000000001a03484e; level=1; likes=0.0; status=强势; role=观众] 这大晚上的跑出来吓人的吗[笑哭了R][笑哭了R][笑哭了R]
---
[post=69da7e87000000001a03484e; level=2; likes=0.0; status=强势; role=观众] 肯定吓一跳
---
[post=69e46730000000001d0199c8; level=1; likes=0.0; status=强势; role=观众] 感觉看到了一群“妖魔鬼怪” 😂
---
[post=69e59e520000000022027a90; level=1; likes=0.0; status=弱势; role=观众] 忽然恐怖谷[笑哭R]
---
[post=69e481e8000000002003ad94; level=2; likes=0.0; status=强势; role=服务者] 好恐怖  突然想到巨型蜘蛛",,,,,,,,,
44,107,209,13,0.7009345794392523,0.8037383177570093,0.19626168224299065,"散热, 散热器, 过热, 热坏, 主板, 发烫, cpu, 内存, 电池, 电脑","['散热[捂脸R]快买英维克', '直接加半导体散热不可以。', '散热刚需']","[post=69e4551e000000001f005895; level=2; likes=59.0; status=强势; role=被超越者] 主要问题不是电量，而是散热
---
[post=69e4551e000000001f005895; level=1; likes=36.0; status=强势; role=被超越者] 它这个散热系统是真牛逼呀
---
[post=69e463df000000001b003017; level=1; likes=30.0; status=强势; role=服务者] 散热看起来和win似的，算是同根同源了
---
[post=69e59e520000000022027a90; level=2; likes=28.0; status=弱势; role=观众] 有人刷到程序员回复了说是故意的，需要散热，顺便逗大家一笑
---
[post=69e481e8000000002003ad94; level=2; likes=19.0; status=强势; role=服务者] 对，主板散热","[post=69e4551e000000001f005895; level=2; likes=59.0; status=强势; role=被超越者] 主要问题不是电量，而是散热
---
[post=69e463df000000001b003017; level=1; likes=30.0; status=强势; role=服务者] 散热看起来和win似的，算是同根同源了
---
[post=69e59e520000000022027a90; level=2; likes=28.0; status=弱势; role=观众] 有人刷到程序员回复了说是故意的，需要散热，顺便逗大家一笑
---
[post=69e481e8000000002003ad94; level=2; likes=19.0; status=强势; role=服务者] 对，主板散热
---
[post=69e48b0b000000001a02578c; level=2; likes=10.0; status=失败; role=服务者] 正常的工业产品一定可以在设计工况下 无需外挂散热的情况下工作的。这些现在都是验证品，距离工业产品还有距离
---
[post=69e429b4000000001b00037a; level=1; likes=6.0; status=常态; role=观众] 对自己的散热很有信心啊这样穿[笑哭R]
---
[post=69e43b14000000001a02e095; level=1; likes=1.0; status=弱势; role=服务者] 这个散热方法跟我们当初做无人机实验一模一样[笑哭R]
---
[post=69e634590000000022003bb5; level=1; likes=1.0; status=常态; role=观众] 总归还是解决散热问题","[post=69e481e8000000002003ad94; level=2; likes=0.0; status=强势; role=服务者] 散热而已
---
[post=69e481e8000000002003ad94; level=1; likes=0.0; status=强势; role=服务者] 直接加半导体散热不可以。
---
[post=69e634590000000022003bb5; level=1; likes=0.0; status=常态; role=观众] 这个要是有荣耀那么好的散热，会更好
---
[post=69e481e8000000002003ad94; level=1; likes=1.0; status=强势; role=服务者] 散热这么差 感觉毫无意义 倒是养活了好几个岗位[大笑R]
---
[post=69e59e520000000022027a90; level=2; likes=0.0; status=弱势; role=观众] 他家的散热最好",,,,,,,,,
43,107,245,12,0.6822429906542056,0.822429906542056,0.17757009345794392,"机器人, 降温, 散热, 发热, 过热, 温度, 高温, 体温, 冷却, 停机","['降温机器人', '降温的，喷的位置都是轴承部位，说明材料遇高温性能会明显下降，从视频开头机器人退的几步就能看出来，高温导致锁紧功能下降，所以会不受控制后仰，平衡功能修正导致踉跄，后背放冰防止电子元件过热，整体看主要是材料问题，当然也可以说是设计问题，毕竟摩擦生热是常识，但是设计还是死磕人形的结构，导致双腿和胯骨轴承一直运动没办法很好的散热来进行持续运转，完全可以用八条腿交替运动降低运动频率，延长散热时间，在材料无法突破的情况下拉长使用寿命……不过也能理解，死磕人形态的设计后续才有市场，才好拉投资……', '根据笔记内容和相关信息，工作人员给机器人喷的很可能是 用于降温的制冷剂 。在机器人马拉松这种长时间、高强度的运动中，机器人的电机等核心部件容易过热。为了保证机器人能正常运行，工作人员会使用专门的制冷剂对其进行快速物理降温，就像给过热的电子设备散热一样。\n【为什么需要喷制冷剂】\n人形机器人在跑步时，关节处的电机会长时间高负荷工作，产生大量热量。如果热量不能及时散去，可能会导致内部元件损坏或系统过热保护停机。因此，在比赛过程中，就像笔记里看到的，工作人员会适时为机器人喷洒制冷剂，帮助其“退烧”，以维持正常运作。\n【制冷剂是什么】\n这种制冷剂的原理和我们常见的运动冷冻喷雾类似，主要通过液体迅速汽化吸收大量热量，从而达到快速降温的效果。根据一些对机器人备赛的报道，工作人员确实会使用制冷剂来给机器人的电机等部位降温。']","[post=69e481e8000000002003ad94; level=2; likes=29.0; status=强势; role=服务者] 是冰淇淋，这个机器人叫李明，李明喜欢吃冰淇淋，有喜欢的食物会跑的更快。
---
[post=69e43b14000000001a02e095; level=1; likes=8.0; status=弱势; role=服务者] 机器人：屁眼子凉飕飕耶
---
[post=69e634590000000022003bb5; level=1; likes=7.0; status=常态; role=观众] 给机器人喷的是什么东西？
---
[post=69e481e8000000002003ad94; level=1; likes=6.0; status=强势; role=服务者] 我看的是换电池，润滑油，冰块降温，这种机器人想表达什么？这种机器人的意义是什么？摇摇领先吗？
---
[post=69e48b0b000000001a02578c; level=2; likes=6.0; status=失败; role=服务者] 你看了比赛没有[抠鼻R]没有一个机器人不需要降温的，你知道跑多少公里吗[抠鼻R]","[post=69e481e8000000002003ad94; level=2; likes=29.0; status=强势; role=服务者] 是冰淇淋，这个机器人叫李明，李明喜欢吃冰淇淋，有喜欢的食物会跑的更快。
---
[post=69e43b14000000001a02e095; level=1; likes=8.0; status=弱势; role=服务者] 机器人：屁眼子凉飕飕耶
---
[post=69e634590000000022003bb5; level=1; likes=7.0; status=常态; role=观众] 给机器人喷的是什么东西？
---
[post=69e48b0b000000001a02578c; level=2; likes=6.0; status=失败; role=服务者] 你看了比赛没有[抠鼻R]没有一个机器人不需要降温的，你知道跑多少公里吗[抠鼻R]
---
[post=69e4551e000000001f005895; level=2; likes=5.0; status=强势; role=被超越者] 宇树机器人没有针对散热进行优化，过热出现问题了
---
[post=69e47f8f000000001f007203; level=1; likes=1.0; status=混合; role=观众] 看到有二个机器人中暑了[捂脸R]
---
[post=69e4412a000000002103883f; level=1; likes=0.0; status=强势; role=观众] 我怎么听到机器人喘气声啊[okR]
---
[post=69e46730000000001d0199c8; level=1; likes=0.0; status=强势; role=观众] 天气太热机器人都中暑了[暗中观察R]","[post=69e481e8000000002003ad94; level=1; likes=0.0; status=强势; role=服务者] 机器就怕过热[doge]
---
[post=69e481e8000000002003ad94; level=1; likes=0.0; status=强势; role=服务者] 机器人：我怎么感觉裤裆凉飕飕的
---
[post=69e43b14000000001a02e095; level=1; likes=0.0; status=弱势; role=服务者] 是不是跑的太快，铁摩擦太热就不能跑了。我们人体之间有血液体液，能不能设计机器人在关节的地方也有这些液体缓冲，是不是就不容易热了
---
[post=69e481e8000000002003ad94; level=1; likes=0.0; status=强势; role=服务者] 这机器人人性化，跑步确实会出汗会热，需要冰块降温
---
[post=69e43b14000000001a02e095; level=1; likes=0.0; status=弱势; role=服务者] 明白了 机器人取代人类的最后一个技术壁垒是保持体温",,,,,,,,,
45,106,395,19,0.29245283018867924,0.42452830188679247,0.5754716981132075,"五年, 三五年, 几年, 若干年, 两年, 十年, 一年, 很快, 发展, 多久","['何须五年，就看这一年来的变化[点赞R]不出两年，绝对质的飞跃！', '发展真抉，没几年自己跑上了。', '用不了五年，可能就有新变化了，只过了一年，发展已经超过我的想象。']","[post=69e40352000000002102fc75; level=2; likes=27.0; status=常态; role=服务者] 慢慢来，发展需要时间[红色心形R]
---
[post=69e4c771000000002102c3fc; level=1; likes=16.0; status=常态; role=服务者] 孩子们在创造历史
---
[post=69e4412a000000002103883f; level=2; likes=10.0; status=强势; role=观众] 我预约不需要100年啊
---
[post=69e48341000000001a02d0c4; level=2; likes=9.0; status=强势; role=观众] 这个发展速度，等不了多久
---
[post=69e47f8f000000001f007203; level=1; likes=7.0; status=混合; role=观众] 用不了五年，可能就有新变化了，只过了一年，发展已经超过我的想象。","[post=69e40352000000002102fc75; level=2; likes=27.0; status=常态; role=服务者] 慢慢来，发展需要时间[红色心形R]
---
[post=69e4c771000000002102c3fc; level=1; likes=16.0; status=常态; role=服务者] 孩子们在创造历史
---
[post=69e4412a000000002103883f; level=2; likes=10.0; status=强势; role=观众] 我预约不需要100年啊
---
[post=69e48341000000001a02d0c4; level=2; likes=9.0; status=强势; role=观众] 这个发展速度，等不了多久
---
[post=69e47f8f000000001f007203; level=1; likes=7.0; status=混合; role=观众] 用不了五年，可能就有新变化了，只过了一年，发展已经超过我的想象。
---
[post=69da7e87000000001a03484e; level=2; likes=6.0; status=强势; role=观众] 再过10年15年看看
---
[post=69e481e8000000002003ad94; level=2; likes=6.0; status=强势; role=服务者] 这只是发展初期，后续肯定不会这样的呀
---
[post=69e59e520000000022027a90; level=2; likes=3.0; status=弱势; role=观众] 很正常啊，过个三五年就行了","[post=69e45dbe000000001f00434f; level=1; likes=0.0; status=强势; role=观众] 过几年就垄断独家了
---
[post=69e481e8000000002003ad94; level=1; likes=1.0; status=强势; role=服务者] 不出十年必有质变
---
[post=69e48341000000001a02d0c4; level=2; likes=0.0; status=强势; role=观众] 20年后应该能用上
---
[post=69e40352000000002102fc75; level=2; likes=0.0; status=常态; role=服务者] 会的，我相信那天咱们有生之年可以体验到
---
[post=69da7e87000000001a03484e; level=2; likes=0.0; status=强势; role=观众] 马上就能亲眼见到了",,,,,,,,,
46,105,242,6,0.7523809523809524,0.8476190476190476,0.1523809523809524,"喷裆, 裤裆, 喷个, 喷到, 裆部, 喷喷, 喷药, 喷水, 喷点, 裤档","['为什么喷裤裆', '裤裆有点刺挠[笑哭R]', '怎么老往裤裆喷']","[post=69e43b14000000001a02e095; level=1; likes=12.0; status=弱势; role=服务者] 为什么喷在PP和裆部[doge]
---
[post=69e43b14000000001a02e095; level=1; likes=8.0; status=弱势; role=服务者] [笑哭R][笑哭R][笑哭R]裤兜滚烫
---
[post=69e43b14000000001a02e095; level=2; likes=5.0; status=弱势; role=服务者] 不用搭理喷子，他连这种没用的都做不出来
---
[post=69e43b14000000001a02e095; level=1; likes=2.0; status=弱势; role=服务者] 为什么就喷屁屁
---
[post=69e43b14000000001a02e095; level=1; likes=2.0; status=弱势; role=服务者] 出门不穿裤子就算了 热了还得让人给喷屁股[石化R]","[post=69e43b14000000001a02e095; level=1; likes=12.0; status=弱势; role=服务者] 为什么喷在PP和裆部[doge]
---
[post=69e481e8000000002003ad94; level=1; likes=2.0; status=强势; role=服务者] 喷的位子有点不雅[doge]
---
[post=69df625d0000000021005c63; level=2; likes=0.0; status=失败; role=观众] 小鹏那个做成女性网友怎么喷的？
---
[post=69e2583b00000000230211ea; level=1; likes=0.0; status=失败; role=抢救者] 害我喷了一地大米饭
---
[post=69e447d2000000001d01aa01; level=2; likes=0.0; status=强势; role=服务者] 下次再奔袭三所里用的[吐舌头H]
---
[post=69e42cc100000000220001ad; level=2; likes=0.0; status=弱势; role=观众] 扫兴的人揍开[捂脸R]","[post=69df625d0000000021005c63; level=2; likes=0.0; status=失败; role=观众] 小鹏那个做成女性网友怎么喷的？
---
[post=69e481e8000000002003ad94; level=1; likes=0.0; status=强势; role=服务者] 学到了[点赞R] 下次跑步也给裤裆里喷点这个 寻思能跑的更快些[笑哭R]
---
[post=69e43b14000000001a02e095; level=1; likes=0.0; status=弱势; role=服务者] 喷一下裤裆凉快一点
---
[post=69e481e8000000002003ad94; level=1; likes=0.0; status=强势; role=服务者] 为啥狂喷人家裆部？
---
[post=69e481e8000000002003ad94; level=1; likes=0.0; status=强势; role=服务者] 为什么老是喷它丹丹[偷笑R]",,,,,,,,,
47,104,132,13,0.7115384615384616,0.7980769230769231,0.20192307692307693,"抬担架, 担架, 担架队, 架子, 抬着, 还拿个, 放在, 带上, 抬走, 举着","['三二一，上担架！', '还拿担架，不应该使个筐吗[笑哭R]', '还有人拿担架[doge]']","[post=69db34bb000000001a0348ae; level=2; likes=1015.0; status=失败; role=抢救者] 好像拿扫把扫比较快了[完啦R]
---
[post=69db34bb000000001a0348ae; level=1; likes=350.0; status=失败; role=抢救者] 担架的必要性
---
[post=69db34bb000000001a0348ae; level=2; likes=53.0; status=失败; role=抢救者] 这个应该更需要扫帚和簸萁
---
[post=69da7e87000000001a03484e; level=2; likes=32.0; status=强势; role=观众] 您这不废话吗？博尔特也不会撑杆跳啊[笑哭R]
---
[post=69e2583b00000000230211ea; level=1; likes=14.0; status=失败; role=抢救者] 拿来的竟然是单架，不应该是纸箱吗","[post=69db34bb000000001a0348ae; level=2; likes=1015.0; status=失败; role=抢救者] 好像拿扫把扫比较快了[完啦R]
---
[post=69da7e87000000001a03484e; level=2; likes=32.0; status=强势; role=观众] 您这不废话吗？博尔特也不会撑杆跳啊[笑哭R]
---
[post=69e2583b00000000230211ea; level=1; likes=14.0; status=失败; role=抢救者] 拿来的竟然是单架，不应该是纸箱吗
---
[post=69e48341000000001a02d0c4; level=1; likes=14.0; status=强势; role=观众] nbc新闻只有一个镜头，那个被减速带绊倒摔的七零八落，被担架抬走的。昨天的，可查
---
[post=69e6f2bc0000000023005345; level=1; likes=6.0; status=弱势; role=观众] 再把扫地做饭训练好
---
[post=69e47f8f000000001f007203; level=2; likes=1.0; status=混合; role=观众] 一起抬走[吃瓜R]
---
[post=69e4426b000000001d01c7ed; level=2; likes=1.0; status=混合; role=观众] 确实 还有冲向绿化带被抬担架了
---
[post=69df625d0000000021005c63; level=1; likes=0.0; status=失败; role=观众] 为什么旁边没有医生，摔倒了把伤员用担架抬走[doge]","[post=69db34bb000000001a0348ae; level=2; likes=0.0; status=失败; role=抢救者] 那确实很需要担架了
---
[post=69e59e520000000022027a90; level=1; likes=0.0; status=弱势; role=观众] 要真放在家里干活，不指定谁收拾谁[笑哭R]
---
[post=69e2583b00000000230211ea; level=1; likes=0.0; status=失败; role=抢救者] 还有担架，送不送ICU
---
[post=69df625d0000000021005c63; level=1; likes=0.0; status=失败; role=观众] 为什么旁边没有医生，摔倒了把伤员用担架抬走[doge]
---
[post=69e2583b00000000230211ea; level=1; likes=1.0; status=失败; role=抢救者] 太人性化了，还有担架[笑哭R][笑哭R]",,,,,,,,,
48,103,165,17,0.24271844660194175,0.6213592233009708,0.3786407766990291,"春晚, 小品, 差远了, 这不比, 这场, 这波, 表演, 那批, 机器人, 舞台","['春晚那小子来了么？', '春晚里的也不是这熊样啊！', '怎么和春晚的机器人判若两人？']","[post=69e4426b000000001d01c7ed; level=2; likes=242.0; status=混合; role=观众] 春晚是编程好的，半马需要自主时时判断路况路线，根据现场情况做出反应
---
[post=69df625d0000000021005c63; level=2; likes=228.0; status=失败; role=观众] 这个比春晚好看多了[点赞R]
---
[post=69e59e520000000022027a90; level=1; likes=188.0; status=弱势; role=观众] 这种表现和春晚上的实在太割裂，连走路都走不好，离具身智能就更远了
---
[post=69e2583b00000000230211ea; level=2; likes=139.0; status=失败; role=抢救者] 这绝对不是春晚的机器人[捂脸R][捂脸R][捂脸R][捂脸R][笑哭R][笑哭R][笑哭R]
---
[post=69e481e8000000002003ad94; level=2; likes=78.0; status=强势; role=服务者] 热知识，前年还没有机器人能上春晚","[post=69e4426b000000001d01c7ed; level=2; likes=242.0; status=混合; role=观众] 春晚是编程好的，半马需要自主时时判断路况路线，根据现场情况做出反应
---
[post=69df625d0000000021005c63; level=2; likes=228.0; status=失败; role=观众] 这个比春晚好看多了[点赞R]
---
[post=69e59e520000000022027a90; level=1; likes=188.0; status=弱势; role=观众] 这种表现和春晚上的实在太割裂，连走路都走不好，离具身智能就更远了
---
[post=69e2583b00000000230211ea; level=2; likes=139.0; status=失败; role=抢救者] 这绝对不是春晚的机器人[捂脸R][捂脸R][捂脸R][捂脸R][笑哭R][笑哭R][笑哭R]
---
[post=69e481e8000000002003ad94; level=2; likes=78.0; status=强势; role=服务者] 热知识，前年还没有机器人能上春晚
---
[post=69e47f8f000000001f007203; level=1; likes=43.0; status=混合; role=观众] 这波贪了，应该留到春晚看的
---
[post=69e43a5a000000001d01dcc7; level=1; likes=5.0; status=常态; role=观众] 建议明年春晚演这个
---
[post=69e45dbe000000001f00434f; level=1; likes=4.0; status=强势; role=观众] 中国的机器人发展太快了，上一个春晚到这个春晚，才一年时间，就会做高难度动作，而且还很丝滑。","[post=69e47f8f000000001f007203; level=2; likes=0.0; status=混合; role=观众] 但凡目光长远一点都不会有这个疑问了，那你说春晚让机器人上去跳舞是为什么
---
[post=69df625d0000000021005c63; level=1; likes=0.0; status=失败; role=观众] 上春晚的机器人看着还可以啊，这些机器人咋了呢？当个玩具也不合格呀
---
[post=69df625d0000000021005c63; level=1; likes=0.0; status=失败; role=观众] 咋春晚的机器人那么厉害
---
[post=69da7e87000000001a03484e; level=1; likes=0.0; status=强势; role=观众] 智能交互 没体现，跟春晚的没区别
---
[post=69df625d0000000021005c63; level=1; likes=0.0; status=失败; role=观众] 春晚的机器人都能后空翻了，这个跑的还有问题？这？难道春晚的是AI?",,,,,,,,,
49,102,155,12,0.5686274509803921,0.8137254901960784,0.18627450980392157,"小黑, 黑黑, 小黑子, 黢黑, 黑皮, 黑色, 黑成, 小小的, 挺快, 跑得快","['这小黑跑姿挺好的', '小黑很顶啊[石化R]', '小黑孩儿还是可以啊']","[post=69e634590000000022003bb5; level=2; likes=52.0; status=常态; role=观众] 这个小黑黑好可爱！
---
[post=69e43b14000000001a02e095; level=2; likes=39.0; status=弱势; role=服务者] 黢黑黢黑的
---
[post=69e481e8000000002003ad94; level=2; likes=4.0; status=强势; role=服务者] 找不到黑点就别黑了
---
[post=69e47f8f000000001f007203; level=1; likes=4.0; status=混合; role=观众] 这个小黑铁蛋，跑的又努力又辛酸又可爱又搞笑。
---
[post=69e47f8f000000001f007203; level=1; likes=3.0; status=混合; role=观众] 这小黑娃谁研究的呢 好可爱[皱眉R]","[post=69e634590000000022003bb5; level=2; likes=52.0; status=常态; role=观众] 这个小黑黑好可爱！
---
[post=69e43b14000000001a02e095; level=2; likes=39.0; status=弱势; role=服务者] 黢黑黢黑的
---
[post=69e481e8000000002003ad94; level=2; likes=4.0; status=强势; role=服务者] 找不到黑点就别黑了
---
[post=69e47f8f000000001f007203; level=1; likes=4.0; status=混合; role=观众] 这个小黑铁蛋，跑的又努力又辛酸又可爱又搞笑。
---
[post=69e4412a000000002103883f; level=1; likes=2.0; status=强势; role=观众] 不愧是山东，还用黑人脏辫
---
[post=69da7e87000000001a03484e; level=2; likes=1.0; status=强势; role=观众] 目测比老黑快了
---
[post=69df625d0000000021005c63; level=1; likes=1.0; status=失败; role=观众] 怎么还有黑皮体育生参赛啊？
---
[post=69e42cc100000000220001ad; level=2; likes=1.0; status=弱势; role=观众] 黑蠓子小小的[doge]","[post=69e47f8f000000001f007203; level=1; likes=0.0; status=混合; role=观众] 那俩小黑玩意跑挺快
---
[post=69e47f8f000000001f007203; level=1; likes=0.0; status=混合; role=观众] 那个小黑太可爱了，哪里可以买
---
[post=69e47f8f000000001f007203; level=1; likes=3.0; status=混合; role=观众] 这小黑娃谁研究的呢 好可爱[皱眉R]
---
[post=69e47f8f000000001f007203; level=2; likes=0.0; status=混合; role=观众] 那个小黑好努力又可怜
---
[post=69e43b14000000001a02e095; level=1; likes=0.0; status=弱势; role=服务者] 台词:我什么没见过啊，你这个小黑鸡崽子[doge]",,,,,,,,,
50,99,153,9,0.6868686868686869,0.6767676767676768,0.32323232323232326,"亦庄, 北京, 字庄, 地方, 偶尔, 这里, 房子, 关于, 以前, 玩笑","['在亦庄办办[笑哭R]', '可以和亦庄鸵鸟pk', '亦庄还有鸵鸟呢[doge]']","[post=69da7e87000000001a03484e; level=2; likes=283.0; status=强势; role=观众] 白天偶尔也会看到鸵鸟在马路上跑了
---
[post=69da7e87000000001a03484e; level=1; likes=74.0; status=强势; role=观众] 感觉亦庄好有科技感，无人驾驶汽车，机器人，各种新科技都在那测试
---
[post=69da7e87000000001a03484e; level=2; likes=67.0; status=强势; role=观众] 亦庄还有鸵鸟呢[doge]
---
[post=69da7e87000000001a03484e; level=2; likes=54.0; status=强势; role=观众] 亦庄无人驾驶也很多，经常一扭头发现一起等红灯的车里没有司机[捂脸R]
---
[post=69db34bb000000001a0348ae; level=2; likes=29.0; status=失败; role=抢救者] 扔到河北去","[post=69da7e87000000001a03484e; level=2; likes=283.0; status=强势; role=观众] 白天偶尔也会看到鸵鸟在马路上跑了
---
[post=69db34bb000000001a0348ae; level=2; likes=29.0; status=失败; role=抢救者] 扔到河北去
---
[post=69e59e520000000022027a90; level=1; likes=2.0; status=弱势; role=观众] 这几天的快乐都是亦庄这群机器人给的[笑哭R]
---
[post=69df625d0000000021005c63; level=1; likes=1.0; status=失败; role=观众] 亦庄的路上不是鸵鸟就是机器人，太洋气啦
---
[post=69e40352000000002102fc75; level=1; likes=1.0; status=常态; role=服务者] 现在还有吗 在昌平过去还来得及吗
---
[post=69e4426b000000001d01c7ed; level=1; likes=0.0; status=混合; role=观众] 本来打算去看的，我就住亦庄里，但是周末只想躺尸
---
[post=69e481e8000000002003ad94; level=1; likes=0.0; status=强势; role=服务者] 没事别开车去亦庄[叹气R]
---
[post=69e47f8f000000001f007203; level=1; likes=0.0; status=混合; role=观众] 在首都真好呀，我也想看","[post=69df625d0000000021005c63; level=1; likes=0.0; status=失败; role=观众] 北京那两个字还是擦掉吧 丢脸
---
[post=69da7e87000000001a03484e; level=1; likes=0.0; status=强势; role=观众] 亦庄是一直叫亦庄，还是以前是义庄啊[笑哭R]
---
[post=69da7e87000000001a03484e; level=2; likes=1.0; status=强势; role=观众] 亦庄没啥人，都是机器人和无人车
---
[post=69da7e87000000001a03484e; level=1; likes=0.0; status=强势; role=观众] 鸵鸟更快
---
[post=69da7e87000000001a03484e; level=1; likes=0.0; status=强势; role=观众] 用来追逃跑的鸵鸟",,,,,,,,,
51,95,170,4,0.8526315789473684,0.23157894736842105,0.7684210526315789,"降温, 喷雾, 降热, 喷雾剂, 喷剂, 雾气, 保温, 喷出来, 喷一, 高温","['降温喷雾', '降温喷雾，', '降温喷雾吧 哈哈哈哈哈哈']","[post=69e481e8000000002003ad94; level=2; likes=8645.0; status=强势; role=服务者] 快速散热的，但是可燃，有火花就直接烧
---
[post=69e481e8000000002003ad94; level=2; likes=1355.0; status=强势; role=服务者] 足球赛场上也用，烷基制冷喷雾
---
[post=69e481e8000000002003ad94; level=2; likes=335.0; status=强势; role=服务者] 感觉是压缩空气，降温用
---
[post=69e634590000000022003bb5; level=2; likes=37.0; status=常态; role=观众] 自主，喷的是降温用的
---
[post=69e481e8000000002003ad94; level=2; likes=8.0; status=强势; role=服务者] 应该是清凉喷雾，给电机散热","[post=69e481e8000000002003ad94; level=2; likes=8645.0; status=强势; role=服务者] 快速散热的，但是可燃，有火花就直接烧
---
[post=69e634590000000022003bb5; level=2; likes=37.0; status=常态; role=观众] 自主，喷的是降温用的
---
[post=69e43b14000000001a02e095; level=2; likes=5.0; status=弱势; role=服务者] 估计喷的是什么降温的吧？
---
[post=69e4412a000000002103883f; level=2; likes=3.0; status=强势; role=观众] 如果你去参加马拉松，沿路也都有喷雾给你使用，极速降温，保护关节。不过那是云南白药[暗中观察R][暗中观察R]","[post=69e43b14000000001a02e095; level=1; likes=0.0; status=弱势; role=服务者] 液氮降温
---
[post=69e481e8000000002003ad94; level=1; likes=0.0; status=强势; role=服务者] 补能、降温
---
[post=69e481e8000000002003ad94; level=2; likes=0.0; status=强势; role=服务者] 丙烷或者丁烷…… 我感觉整个二氧化碳灭火器对着喷都比这安全。炸了就舒服了
---
[post=69e481e8000000002003ad94; level=2; likes=0.0; status=强势; role=服务者] 不是润滑剂，就是降温的，淘宝搜降温喷雾就行。
---
[post=69e481e8000000002003ad94; level=2; likes=0.0; status=强势; role=服务者] 丁烷吧[捂脸R]差不多可以理解成煤气",,,,,,,,,
52,90,168,17,0.16666666666666666,0.5111111111111111,0.4888888888888889,"宇树, 宇树用, 宇树家, 第二名, 树上, 别人, 参加, 记错, 其他, 第几名","['肯定不是宇树科技[捂脸R]', '宇树姿势太漂亮', '宇树是干嘛来的[笑哭R]']","[post=69e429b4000000001b00037a; level=1; likes=802.0; status=常态; role=观众] 破案了 这个就是宇树G1[doge]春晚的武BOT[doge]
---
[post=69df625d0000000021005c63; level=2; likes=495.0; status=失败; role=观众] 宇树的还是哪家的不是百米都进10s了么
---
[post=69e59e520000000022027a90; level=2; likes=141.0; status=弱势; role=观众] 分两种，一个是遥控操控的，一种是自主跑的。遥控的跑步时间要×1.2的系数。所以最后宇树虽然第一个撞线，但还是没拿到前三
---
[post=69e59e520000000022027a90; level=2; likes=130.0; status=弱势; role=观众] 拍手那个是其他厂家买的宇树机器人，程序是自己开发的；宇树用的机器人不是春晚上那一款，宇树没拿冠军是因为他们的机器人开始的设计不是为了跑所以结构上肯定比不过专为跑步的机器人，荣耀那个机器人属于创造出来只为了跑步，设计方向不一样
---
[post=69e463df000000001b003017; level=2; likes=117.0; status=强势; role=服务者] 那是民间团体和国外团队，他们是买了宇树G2自己调教参赛[笑哭R]宇树官方用的H1","[post=69e429b4000000001b00037a; level=1; likes=802.0; status=常态; role=观众] 破案了 这个就是宇树G1[doge]春晚的武BOT[doge]
---
[post=69df625d0000000021005c63; level=2; likes=495.0; status=失败; role=观众] 宇树的还是哪家的不是百米都进10s了么
---
[post=69e59e520000000022027a90; level=2; likes=141.0; status=弱势; role=观众] 分两种，一个是遥控操控的，一种是自主跑的。遥控的跑步时间要×1.2的系数。所以最后宇树虽然第一个撞线，但还是没拿到前三
---
[post=69e463df000000001b003017; level=2; likes=117.0; status=强势; role=服务者] 那是民间团体和国外团队，他们是买了宇树G2自己调教参赛[笑哭R]宇树官方用的H1
---
[post=69e2583b00000000230211ea; level=2; likes=105.0; status=失败; role=抢救者] 那是宇树的成熟货架产品高级版，这个估计就是那个学校学生好的团队研发，差距大了去了
---
[post=69e481e8000000002003ad94; level=2; likes=16.0; status=强势; role=服务者] 宇树几十万的年薪应该给你
---
[post=69e48341000000001a02d0c4; level=1; likes=13.0; status=强势; role=观众] 宇树是干嘛来的[笑哭R]
---
[post=69e4551e000000001f005895; level=2; likes=13.0; status=强势; role=被超越者] 宇树是去整活的不是去拿奖的，半路跳舞给大家看[偷笑R]","[post=69e2583b00000000230211ea; level=1; likes=0.0; status=失败; role=抢救者] 宇强；开半米也很好
---
[post=69da7e87000000001a03484e; level=1; likes=0.0; status=强势; role=观众] 宇树跑的好着急
---
[post=69e4412a000000002103883f; level=1; likes=0.0; status=强势; role=观众] 玉树第几？
---
[post=69e481e8000000002003ad94; level=2; likes=0.0; status=强势; role=服务者] 宇树一年研发费用7000万[捂脸R]。隔壁华为苹果，一年几百亿[捂脸R]。我咋感觉这个研发费用太少了，
---
[post=69e4b08d000000001d01c1bc; level=2; likes=5.0; status=混合; role=观众] 好像宇树家的[捂脸R]",,,,,,,,,
53,85,167,11,0.7411764705882353,0.4470588235294118,0.5529411764705883,"膝盖, 膝关节, 不伤, 搞不好, 关节, 换个, 磨损, 担心, 不怕, 看起来","['你要知道它膝盖伤了可以换，但是人的膝盖不可以[doge]', '别怕 我铁的膝盖，而且有备胎', '铁膝盖就是牛杯']","[post=69da7e87000000001a03484e; level=2; likes=590.0; status=强势; role=观众] 刚换的钛合金膝盖
---
[post=69db34bb000000001a0348ae; level=1; likes=10.0; status=失败; role=抢救者] 怎么老小老弟 半月板跑废了
---
[post=69da7e87000000001a03484e; level=2; likes=8.0; status=强势; role=观众] 工程师：真·钛合金膝盖，小子
---
[post=69da7e87000000001a03484e; level=1; likes=2.0; status=强势; role=观众] 这下半月板真成耗材了
---
[post=69da7e87000000001a03484e; level=1; likes=1.0; status=强势; role=观众] 顺带不做个膝盖及组织润滑液的耐久研究[doge]","[post=69da7e87000000001a03484e; level=2; likes=590.0; status=强势; role=观众] 刚换的钛合金膝盖
---
[post=69db34bb000000001a0348ae; level=1; likes=10.0; status=失败; role=抢救者] 怎么老小老弟 半月板跑废了
---
[post=69e481e8000000002003ad94; level=1; likes=1.0; status=强势; role=服务者] 把他的关节换给我行吗？
---
[post=69e43b14000000001a02e095; level=1; likes=0.0; status=弱势; role=服务者] 髋关节需要润滑了[doge]
---
[post=69e4426b000000001d01c7ed; level=1; likes=0.0; status=混合; role=观众] 看起来它的膝盖还不如我[捂脸R]
---
[post=69e44171000000001a026b25; level=1; likes=0.0; status=混合; role=观众] 髋关节挺灵活的[派对R]
---
[post=69e47f8f000000001f007203; level=2; likes=0.0; status=混合; role=观众] 髋关节更换n[笑哭R]
---
[post=69e447d2000000001d01aa01; level=2; likes=0.0; status=强势; role=服务者] 然后转成膝盖了[doge]","[post=69da7e87000000001a03484e; level=2; likes=0.0; status=强势; role=观众] 可以做手术，再复健的[笑哭R]
---
[post=69da7e87000000001a03484e; level=2; likes=0.0; status=强势; role=观众] 人家膝盖可以无限换，你的就不行
---
[post=69da7e87000000001a03484e; level=2; likes=0.0; status=强势; role=观众] 铁膝盖，普通人伤不起[偷笑R]
---
[post=69da7e87000000001a03484e; level=2; likes=0.0; status=强势; role=观众] 真·钛合金膝盖
---
[post=69da7e87000000001a03484e; level=1; likes=0.0; status=强势; role=观众] 看着就伤膝盖[笑哭R]",,,,,,,,,
54,85,103,6,0.5176470588235295,0.611764705882353,0.38823529411764707,"防晒霜, 防晒, 喷雾, 喷上, 晒黑, 防蚊, 喷个, 痱子粉, 防水, 防止","['防晒喷雾[偷笑R][偷笑R]', '应该是防晒喷雾', '防晒喷雾，隔绝紫外线[doge]']","[post=69e481e8000000002003ad94; level=2; likes=12.0; status=强势; role=服务者] 防蚊喷雾[doge]
---
[post=69e481e8000000002003ad94; level=1; likes=6.0; status=强势; role=服务者] 真讲究，还喷防晒[笑哭R]
---
[post=69e43b14000000001a02e095; level=1; likes=5.0; status=弱势; role=服务者] 喷点防晒，瞧给孩子晒得黢黑
---
[post=69e481e8000000002003ad94; level=2; likes=4.0; status=强势; role=服务者] 降温的可不是防晒[捂脸R]
---
[post=69e43b14000000001a02e095; level=1; likes=1.0; status=弱势; role=服务者] 光给喷降温的，也给喷点防晒的啊，看给孩子晒得黑的[doge]","[post=69e481e8000000002003ad94; level=2; likes=12.0; status=强势; role=服务者] 防蚊喷雾[doge]
---
[post=69e43b14000000001a02e095; level=1; likes=5.0; status=弱势; role=服务者] 喷点防晒，瞧给孩子晒得黢黑
---
[post=69da7e87000000001a03484e; level=1; likes=0.0; status=强势; role=观众] 为啥总是喜欢涂黑色?
---
[post=69df625d0000000021005c63; level=1; likes=0.0; status=失败; role=观众] 是不是光线太暗了[笑哭R][赞R]
---
[post=69e4426b000000001d01c7ed; level=2; likes=0.0; status=混合; role=观众] 这肤色倒也不用防了[doge]
---
[post=69e42cc100000000220001ad; level=1; likes=0.0; status=弱势; role=观众] 维特丝美白沐浴露果酸祛痘留香","[post=69e43b14000000001a02e095; level=1; likes=0.0; status=弱势; role=服务者] 早干嘛，孩子都已经晒黑了[偷笑R]
---
[post=69e481e8000000002003ad94; level=1; likes=0.0; status=强势; role=服务者] 你这个防晒喷雾效果不行啊，都晒黑了[doge][doge][doge][doge][doge][doge]
---
[post=69e481e8000000002003ad94; level=1; likes=0.0; status=强势; role=服务者] 呦~他还喷上防晒了[斜眼R]
---
[post=69e43b14000000001a02e095; level=1; likes=0.0; status=弱势; role=服务者] 是不是换成白漆能少喷几下[捂嘴笑R][捂嘴笑R][捂嘴笑R]
---
[post=69e43b14000000001a02e095; level=1; likes=0.0; status=弱势; role=服务者] 有痱子，孩子挠不到，理解一下",,,,,,,,,
55,84,285,13,0.4880952380952381,0.13095238095238096,0.8690476190476191,"汽車, 汽车, 车上, 一辆, 电动汽车, 家用车, 叫车, 过车, 机动车, 电车","['您是否是想搜：汽车？', '俊熹那是汽车', '还是汽车人[暗中观察R]']","[post=69e481e8000000002003ad94; level=2; likes=159.0; status=强势; role=服务者] 恭喜你发明了电动汽车[doge][doge]
---
[post=69da7e87000000001a03484e; level=2; likes=60.0; status=强势; role=观众] 按俩轱辘那叫电动车
---
[post=69e447d2000000001d01aa01; level=2; likes=51.0; status=强势; role=服务者] 哈哈哈哈哈车如其名了属于是！
---
[post=69e481e8000000002003ad94; level=2; likes=27.0; status=强势; role=服务者] 你能卖出去车也是奇迹
---
[post=69e481e8000000002003ad94; level=2; likes=24.0; status=强势; role=服务者] 恭喜你发明了新能源两轮车[偷笑R]","[post=69e481e8000000002003ad94; level=2; likes=159.0; status=强势; role=服务者] 恭喜你发明了电动汽车[doge][doge]
---
[post=69da7e87000000001a03484e; level=2; likes=60.0; status=强势; role=观众] 按俩轱辘那叫电动车
---
[post=69e447d2000000001d01aa01; level=2; likes=51.0; status=强势; role=服务者] 哈哈哈哈哈车如其名了属于是！
---
[post=69e4426b000000001d01c7ed; level=2; likes=6.0; status=混合; role=观众] 你说的那种只能当汽车开，这种干啥都行
---
[post=69e4551e000000001f005895; level=2; likes=5.0; status=强势; role=被超越者] 你得注明一下，不是新国标电车[嘻嘻R]
---
[post=69db34bb000000001a0348ae; level=2; likes=1.0; status=失败; role=抢救者] 车上常备的会是五金店吗？[呃R]
---
[post=69e48341000000001a02d0c4; level=2; likes=1.0; status=强势; role=观众] 那不就是电动车吗
---
[post=69e2583b00000000230211ea; level=1; likes=1.0; status=失败; role=抢救者] 盖灵布的车企业有的一拼","[post=69e481e8000000002003ad94; level=2; likes=0.0; status=强势; role=服务者] 电瓶车不早有了
---
[post=69e481e8000000002003ad94; level=2; likes=4.0; status=强势; role=服务者] 汽车早就有，你没见过吗
---
[post=69da7e87000000001a03484e; level=2; likes=20.0; status=强势; role=观众] 还是汽车人[暗中观察R]
---
[post=69e481e8000000002003ad94; level=2; likes=0.0; status=强势; role=服务者] 我车卖的非常好  不骗人
---
[post=69e481e8000000002003ad94; level=2; likes=0.0; status=强势; role=服务者] 你说的那玩意叫汽车[爆炸R]",,,,,,,,,
56,82,115,19,0.32926829268292684,0.43902439024390244,0.5609756097560976,"豆包, 豆脚, 豆角, 小豆, 豆德, 一个头, 脑袋, 两脚, 不如, 看过","['那颗头呢，豆包那个', '豆包那个太过分了吧！', '豆包 豆脚']","[post=69e47f8f000000001f007203; level=1; likes=6640.0; status=混合; role=观众] 怎么不拍豆脚，她也参赛了。
---
[post=69e47f8f000000001f007203; level=2; likes=249.0; status=混合; role=观众] 豆脚哈哈哈哈哈哈哈哈哈哈谁起的名字笑死了
---
[post=69e4b08d000000001d01c1bc; level=1; likes=33.0; status=混合; role=观众] 这个豆包……感觉改改能做腿音未来……
---
[post=69e481e8000000002003ad94; level=2; likes=30.0; status=强势; role=服务者] 反正跟你们无关，啃你的爱尔兰土豆吧
---
[post=69e4b08d000000001d01c1bc; level=2; likes=8.0; status=混合; role=观众] 豆包说没预算，为了省钱就不做身体了","[post=69e47f8f000000001f007203; level=1; likes=6640.0; status=混合; role=观众] 怎么不拍豆脚，她也参赛了。
---
[post=69e4b08d000000001d01c1bc; level=1; likes=33.0; status=混合; role=观众] 这个豆包……感觉改改能做腿音未来……
---
[post=69e481e8000000002003ad94; level=2; likes=30.0; status=强势; role=服务者] 反正跟你们无关，啃你的爱尔兰土豆吧
---
[post=69e463df000000001b003017; level=2; likes=5.0; status=强势; role=服务者] 豆包一样吧
---
[post=69e40352000000002102fc75; level=1; likes=4.0; status=常态; role=服务者] 豆脚加油
---
[post=69df625d0000000021005c63; level=2; likes=1.0; status=失败; role=观众] 看到了一个长脚豆包的作者发了一个视频，，
---
[post=69e4426b000000001d01c7ed; level=2; likes=1.0; status=混合; role=观众] 我今天还刷到一个只有脚和头的豆包
---
[post=69db34bb000000001a0348ae; level=1; likes=1.0; status=失败; role=抢救者] 我还是忘不了那个豆脚[笑哭R]","[post=69df625d0000000021005c63; level=2; likes=0.0; status=失败; role=观众] 我爱上豆脚了
---
[post=69e4426b000000001d01c7ed; level=2; likes=0.0; status=混合; role=观众] 那个豆包更是炸裂
---
[post=69e47f8f000000001f007203; level=2; likes=0.0; status=混合; role=观众] 豆包她妹妹么
---
[post=69e40352000000002102fc75; level=1; likes=0.0; status=常态; role=服务者] 豆脚在哪里
---
[post=69e47f8f000000001f007203; level=2; likes=249.0; status=混合; role=观众] 豆脚哈哈哈哈哈哈哈哈哈哈谁起的名字笑死了",,,,,,,,,
57,80,200,9,0.7625,0.4,0.6,"润滑油, 润滑剂, 润滑, 润滑液, 关节, 机油, 磨损, 摩擦, 有助于, 喷过","['关节润滑油', '很可能是关节处的润滑油', '我以为是关节润滑油']","[post=69e4412a000000002103883f; level=2; likes=16.0; status=强势; role=观众] 肯定有用。抵消惯性。
---
[post=69e634590000000022003bb5; level=1; likes=12.0; status=常态; role=观众] 这是自主还是遥控版本啊？ 另外喷的润滑液还是冷却
---
[post=69e481e8000000002003ad94; level=2; likes=2.0; status=强势; role=服务者] 还真有用，这玩意就得加油，[偷笑R]各种润滑
---
[post=69e43b14000000001a02e095; level=1; likes=1.0; status=弱势; role=服务者] 整点润滑油
---
[post=69e481e8000000002003ad94; level=2; likes=1.0; status=强势; role=服务者] 润滑运动部位。","[post=69e4412a000000002103883f; level=2; likes=16.0; status=强势; role=观众] 肯定有用。抵消惯性。
---
[post=69e634590000000022003bb5; level=1; likes=12.0; status=常态; role=观众] 这是自主还是遥控版本啊？ 另外喷的润滑液还是冷却
---
[post=69e481e8000000002003ad94; level=2; likes=2.0; status=强势; role=服务者] 还真有用，这玩意就得加油，[偷笑R]各种润滑
---
[post=69e43b14000000001a02e095; level=1; likes=1.0; status=弱势; role=服务者] 整点润滑油
---
[post=69e2583b00000000230211ea; level=1; likes=1.0; status=失败; role=抢救者] 这机器是用浆糊粘的吗
---
[post=69da7e87000000001a03484e; level=2; likes=0.0; status=强势; role=观众] 多用润滑
---
[post=69df625d0000000021005c63; level=1; likes=0.0; status=失败; role=观众] 摩擦摩擦，在光滑的地上摩 擦，摩擦
---
[post=69e59e520000000022027a90; level=1; likes=0.0; status=弱势; role=观众] 都用的乙醇汽油吧，多少都有点上头","[post=69e481e8000000002003ad94; level=2; likes=2.0; status=强势; role=服务者] 还真有用，这玩意就得加油，[偷笑R]各种润滑
---
[post=69e481e8000000002003ad94; level=2; likes=0.0; status=强势; role=服务者] 我以为是润滑油[笑哭R]
---
[post=69e48b0b000000001a02578c; level=1; likes=0.0; status=失败; role=服务者] 我还以为是柳絮
---
[post=69df625d0000000021005c63; level=1; likes=0.0; status=失败; role=观众] 摩擦摩擦，在光滑的地上摩 擦，摩擦
---
[post=69e481e8000000002003ad94; level=2; likes=0.0; status=强势; role=服务者] 股骨头润滑剂",,,,,,,,,
58,78,107,8,0.46153846153846156,0.717948717948718,0.28205128205128205,"终结者, 终极, 更强, 看过, 强大, 速度, 最初, 不停, 看样子, 要是","['有什么意义呢？为什么不直接造终结者？', '最后一个成终结者了[笑哭R]', '终结者t800[暗中观察R]']","[post=69da7e87000000001a03484e; level=1; likes=10.0; status=强势; role=观众] 以后被 t 800追杀都跑不赢[石化R]
---
[post=69e4551e000000001f005895; level=2; likes=5.0; status=强势; role=被超越者] 换个头型涂装就终结者，10个朝你跑过来，害怕不？100个呢[doge]
---
[post=69e44278000000001a0217bb; level=1; likes=3.0; status=强势; role=被超越者] 现实版终结者啊
---
[post=69e481e8000000002003ad94; level=2; likes=2.0; status=强势; role=服务者] 没歇菜之前就是个T800，不会害怕，没有感情，高效机械的执行命令
---
[post=69e44278000000001a0217bb; level=1; likes=2.0; status=强势; role=被超越者] 有点看电影终结者的感觉了，第二集里面一家老小开车被 t 1000跑步追逐，非常窒息[捂脸R][偷笑R]","[post=69da7e87000000001a03484e; level=1; likes=10.0; status=强势; role=观众] 以后被 t 800追杀都跑不赢[石化R]
---
[post=69e4551e000000001f005895; level=2; likes=5.0; status=强势; role=被超越者] 换个头型涂装就终结者，10个朝你跑过来，害怕不？100个呢[doge]
---
[post=69e44278000000001a0217bb; level=1; likes=3.0; status=强势; role=被超越者] 现实版终结者啊
---
[post=69e481e8000000002003ad94; level=2; likes=2.0; status=强势; role=服务者] 没歇菜之前就是个T800，不会害怕，没有感情，高效机械的执行命令
---
[post=69e48d54000000002102e178; level=2; likes=1.0; status=弱势; role=保护者] 这哥们凭这个视频终结者就能放他一马
---
[post=69e2583b00000000230211ea; level=2; likes=1.0; status=失败; role=抢救者] 哈哈哈哈哈哈哈光速结束战斗！
---
[post=69df625d0000000021005c63; level=1; likes=0.0; status=失败; role=观众] 看样子t800还没来[doge]
---
[post=69e48341000000001a02d0c4; level=1; likes=0.0; status=强势; role=观众] [点赞R]。十几年前波士顿动力的圣诞老人跑出来时，我以为终结者快被美国搞出来了，现在想想那是不是他们广告部拍的大片[捂脸R]","[post=69e4551e000000001f005895; level=2; likes=1.0; status=强势; role=被超越者] 参考终结者T1000这个就是原型机[捂脸R][捂脸R]
---
[post=69e481e8000000002003ad94; level=1; likes=0.0; status=强势; role=服务者] t800既视感
---
[post=69da7e87000000001a03484e; level=2; likes=0.0; status=强势; role=观众] 终结者t800[暗中观察R]
---
[post=69df625d0000000021005c63; level=1; likes=0.0; status=失败; role=观众] 看样子t800还没来[doge]
---
[post=69e481e8000000002003ad94; level=1; likes=0.0; status=强势; role=服务者] 终结者，I will come back!",,,,,,,,,
59,77,144,3,0.974025974025974,0.03896103896103896,0.961038961038961,"发动机, 日系, 本田, 比不上, 各有千秋, 国产, 马力, 日本, 不差, 奇瑞","['嗯现在国产发动机也碾压日本', '日本发动机很牛逼，我们开新能源车', '嗯感觉现在国产发动机比日本好']","[post=69e48341000000001a02d0c4; level=1; likes=127.0; status=强势; role=观众] 小时候觉得日本机器人厉害，现在中国这方面碾压日本人。要是汽车领域压日本就更好了。中国发动机差一点
---
[post=69e48341000000001a02d0c4; level=2; likes=93.0; status=强势; role=观众] 中国弯道超车，走电车路线，三电技术甩日本几条街
---
[post=69e48341000000001a02d0c4; level=2; likes=50.0; status=强势; role=观众] 如果说汽车电机的话，应该不差日本了。燃油发动机确实国产的不行
---
[post=69e48341000000001a02d0c4; level=2; likes=22.0; status=强势; role=观众] 国产发动机不差好吧，主要是变速箱还有发变配合
---
[post=69e48341000000001a02d0c4; level=2; likes=13.0; status=强势; role=观众] 我是外行哦，但是感觉电车好像已经比日本好了。","[post=69e48341000000001a02d0c4; level=1; likes=127.0; status=强势; role=观众] 小时候觉得日本机器人厉害，现在中国这方面碾压日本人。要是汽车领域压日本就更好了。中国发动机差一点
---
[post=69e481e8000000002003ad94; level=1; likes=9.0; status=强势; role=服务者] 太先进了，日本的好多东西我们得学一学了
---
[post=69da7e87000000001a03484e; level=1; likes=2.0; status=强势; role=观众] 说义意是什么的估计是说电车发展不起来是同一帮人。[偷笑R][偷笑R]","[post=69e48341000000001a02d0c4; level=2; likes=0.0; status=强势; role=观众] 日本人生活也不容易，[笑哭R]物价飞涨。工资不涨。年轻人也穷，工资不高。但就业率还行，比国内高个人感觉哈[微笑R]我现在很克制的花钱。一个月顶多攒1.5万。合计着再干几年回国躺平。国内物价比日本低多了，美滋滋[偷笑R]
---
[post=69e48341000000001a02d0c4; level=2; likes=1.0; status=强势; role=观众] 发动机是一点不差，差在变速箱专利早被发达国家垄断了。
---
[post=69e48341000000001a02d0c4; level=2; likes=0.0; status=强势; role=观众] 但是你必须要佩服日本在精密仪器，精密化工和材料行业的水平！
---
[post=69e48341000000001a02d0c4; level=2; likes=0.0; status=强势; role=观众] 奇瑞就算了！[笑哭R]我同事的奇瑞一堆问题，油耗还大[自拍R]
---
[post=69e48341000000001a02d0c4; level=1; likes=127.0; status=强势; role=观众] 小时候觉得日本机器人厉害，现在中国这方面碾压日本人。要是汽车领域压日本就更好了。中国发动机差一点",,,,,,,,,
60,73,172,17,0.4657534246575342,0.6438356164383562,0.3561643835616438,"吃饱, 吃成, 一口口, 吃个, 一口, 胖子, 太饱, 不吃, 吃饭, 吃到","['你吃饭吃一整碗干嘛，直接吃最后一口不就饱了', '你能一口吃成胖子吗？你生下来就一口吃成大人吗？', '一口吃成胖子吗']","[post=69e481e8000000002003ad94; level=1; likes=1240.0; status=强势; role=服务者] 孙孙，切汤饭了[doge]
---
[post=69e46730000000001d0199c8; level=2; likes=158.0; status=强势; role=观众] 得先会走，然后再跑。。不可能一口吃成个胖子啊。。
---
[post=69e481e8000000002003ad94; level=2; likes=18.0; status=强势; role=服务者] 你能一口吃成胖子吗？你生下来就一口吃成大人吗？
---
[post=69e40352000000002102fc75; level=1; likes=14.0; status=常态; role=服务者] 都是吃饱撑得  科学的镜头就是世界的毁灭
---
[post=69e481e8000000002003ad94; level=2; likes=12.0; status=强势; role=服务者] 一口吃个死胖子？","[post=69e481e8000000002003ad94; level=1; likes=1240.0; status=强势; role=服务者] 孙孙，切汤饭了[doge]
---
[post=69e46730000000001d0199c8; level=2; likes=158.0; status=强势; role=观众] 得先会走，然后再跑。。不可能一口吃成个胖子啊。。
---
[post=69e40352000000002102fc75; level=1; likes=14.0; status=常态; role=服务者] 都是吃饱撑得  科学的镜头就是世界的毁灭
---
[post=69da7e87000000001a03484e; level=2; likes=6.0; status=强势; role=观众] 一口吃不成胖子
---
[post=69e4426b000000001d01c7ed; level=1; likes=6.0; status=混合; role=观众] 这是跑一半，没吃到自助餐饿晕了吗？[偷笑R][偷笑R]
---
[post=69df625d0000000021005c63; level=1; likes=4.0; status=失败; role=观众] 这个肯定没吃饭
---
[post=69e47f8f000000001f007203; level=2; likes=3.0; status=混合; role=观众] 气炸了的工作人员
---
[post=69e59e520000000022027a90; level=2; likes=3.0; status=弱势; role=观众] 饭要一口一口吃[doge]","[post=69e4412a000000002103883f; level=2; likes=0.0; status=强势; role=观众] 三张饼吃跑，请问第一张和第二张的意义在哪？
---
[post=69e481e8000000002003ad94; level=2; likes=0.0; status=强势; role=服务者] 吃饱饭干嘛一定要有肉有菜，米饭馒头不是更饱？[得意R][鄙视R][抠鼻R]
---
[post=69e481e8000000002003ad94; level=1; likes=1.0; status=强势; role=服务者] 这几个工作人员真累啊
---
[post=69e481e8000000002003ad94; level=2; likes=2.0; status=强势; role=服务者] 路要一步步走，饭要一口口吃，我要想晚上吃啥去了
---
[post=69e481e8000000002003ad94; level=2; likes=0.0; status=强势; role=服务者] 吃饭干嘛用筷子，直接用手抓不更灵活[doge]",,,,,,,,,
61,72,82,4,0.9305555555555556,0.041666666666666664,0.9583333333333334,"凉面, 麻酱, 拌面, 凉皮, 酸辣, 鸡丝, 好吃, 芝麻, 要加, 味道","['麻酱鸡丝凉面[萌萌哒R]', '凉面我只吃麻酱鸡丝凉面', '凉面要吃麻酱鸡丝的']","[post=69e46032000000001f002048; level=2; likes=1082.0; status=常态; role=保护者] 凉面要吃鸡丝的
---
[post=69e46032000000001f002048; level=2; likes=378.0; status=常态; role=保护者] 鸡丝凉面要加点醋好吃[坏笑R]
---
[post=69e46032000000001f002048; level=2; likes=239.0; status=常态; role=保护者] 鸡丝要吃麻辣的
---
[post=69e46032000000001f002048; level=2; likes=205.0; status=常态; role=保护者] 凉面要加黄瓜丝
---
[post=69e46032000000001f002048; level=2; likes=130.0; status=常态; role=保护者] 椒麻鸡丝拌面也好吃[萌萌哒R]","[post=69e46032000000001f002048; level=2; likes=1082.0; status=常态; role=保护者] 凉面要吃鸡丝的
---
[post=69e481e8000000002003ad94; level=2; likes=7.0; status=强势; role=服务者] 估计是蒜瓣，提神醒脑
---
[post=69e429b4000000001b00037a; level=1; likes=0.0; status=常态; role=观众] 好香？这玩意能吃吗？[汗颜R]
---
[post=69e42cc100000000220001ad; level=2; likes=0.0; status=弱势; role=观众] 大树底下挂辣椒呢","[post=69e481e8000000002003ad94; level=1; likes=0.0; status=强势; role=服务者] 工程师：喂我花生！
---
[post=69e46032000000001f002048; level=2; likes=0.0; status=常态; role=保护者] 凉面我要加点麻酱谢谢你
---
[post=69e46032000000001f002048; level=2; likes=0.0; status=常态; role=保护者] 要花生米！要花生米！
---
[post=69e46032000000001f002048; level=2; likes=0.0; status=常态; role=保护者] 支持凉面
---
[post=69e46032000000001f002048; level=2; likes=1.0; status=常态; role=保护者] 芝麻酱的好吃",,,,,,,,,
62,69,140,10,0.7536231884057971,0.17391304347826086,0.8260869565217391,"赛车, 赛车场, 比赛, 赛事, 赛道, 大赛, 观赛, 赛跑, 叫做, 赛马","['因为有赛车比赛了[捂脸R]', '那叫赛车比赛', '那个归类赛车']","[post=69e481e8000000002003ad94; level=2; likes=33.0; status=强势; role=服务者] 赛车伺候的人更多
---
[post=69e4426b000000001d01c7ed; level=2; likes=7.0; status=混合; role=观众] 那不成赛车了
---
[post=69e481e8000000002003ad94; level=2; likes=6.0; status=强势; role=服务者] 那叫赛车比赛[笑哭R]
---
[post=69da7e87000000001a03484e; level=2; likes=5.0; status=强势; role=观众] 你想想飞机已经够快了，为什么还会有赛车比赛[doge]
---
[post=69e40352000000002102fc75; level=2; likes=4.0; status=常态; role=服务者] 你猜国外为什么经常举办赛车?","[post=69e481e8000000002003ad94; level=2; likes=33.0; status=强势; role=服务者] 赛车伺候的人更多
---
[post=69e4426b000000001d01c7ed; level=2; likes=7.0; status=混合; role=观众] 那不成赛车了
---
[post=69da7e87000000001a03484e; level=2; likes=5.0; status=强势; role=观众] 你想想飞机已经够快了，为什么还会有赛车比赛[doge]
---
[post=69e40352000000002102fc75; level=2; likes=4.0; status=常态; role=服务者] 你猜国外为什么经常举办赛车?
---
[post=69e48341000000001a02d0c4; level=2; likes=4.0; status=强势; role=观众] 我想你在问的大概是汽车拉力赛
---
[post=69e4b08d000000001d01c1bc; level=2; likes=2.0; status=混合; role=观众] 你看最后 也讲了汽车比赛的发展啊
---
[post=69e59e520000000022027a90; level=2; likes=2.0; status=弱势; role=观众] 看看百年前的第一届汽车大赛？
---
[post=69e47f8f000000001f007203; level=2; likes=1.0; status=混合; role=观众] 太好玩了！周六我在公园的时候就经过这个赛道来着[害羞R]","[post=69e481e8000000002003ad94; level=2; likes=0.0; status=强势; role=服务者] 那不就成赛车了嘛[笑哭R]
---
[post=69e481e8000000002003ad94; level=2; likes=33.0; status=强势; role=服务者] 赛车伺候的人更多
---
[post=69e40352000000002102fc75; level=2; likes=4.0; status=常态; role=服务者] 你猜国外为什么经常举办赛车?
---
[post=69e481e8000000002003ad94; level=2; likes=0.0; status=强势; role=服务者] 那不就成了赛车？
---
[post=69e481e8000000002003ad94; level=2; likes=0.0; status=强势; role=服务者] 不会，那还不如直接看赛车比赛",,,,,,,,,
63,69,99,15,0.2318840579710145,0.8115942028985508,0.18840579710144928,"小鼻嘎, 小鼻嘎好, 这小鼻, 嘎嘎, 可爱, 嘎子, 鼻子, 可爱多, 鼻屎, 最萌","['最可爱的就是这个小鼻嘎', '那个小鼻嘎很可爱', '还是小鼻嘎最可爱']","[post=69e43a5a000000001d01dcc7; level=1; likes=114.0; status=常态; role=观众] 上面刷过来，小鼻嘎出故障了他在旁边看热闹还鼓掌[笑哭R]
---
[post=69e43b14000000001a02e095; level=2; likes=16.0; status=弱势; role=服务者] 明明是那个红色的小鼻嘎最萌
---
[post=69e48341000000001a02d0c4; level=2; likes=13.0; status=强势; role=观众] 海派兄弟小鼻嘎。本来做出来陪小孩儿的。以后说不准就是隧道选手了[笑哭R]
---
[post=69e59e520000000022027a90; level=1; likes=8.0; status=弱势; role=观众] 嘎嘎嘎嘎，主包梗太密集了，关注了
---
[post=69e4426b000000001d01c7ed; level=2; likes=7.0; status=混合; role=观众] 小鼻嘎跑了将近10公里，已经比我强多了[笑哭R]","[post=69e43a5a000000001d01dcc7; level=1; likes=114.0; status=常态; role=观众] 上面刷过来，小鼻嘎出故障了他在旁边看热闹还鼓掌[笑哭R]
---
[post=69e43b14000000001a02e095; level=2; likes=16.0; status=弱势; role=服务者] 明明是那个红色的小鼻嘎最萌
---
[post=69e48341000000001a02d0c4; level=2; likes=13.0; status=强势; role=观众] 海派兄弟小鼻嘎。本来做出来陪小孩儿的。以后说不准就是隧道选手了[笑哭R]
---
[post=69e59e520000000022027a90; level=1; likes=8.0; status=弱势; role=观众] 嘎嘎嘎嘎，主包梗太密集了，关注了
---
[post=69e4426b000000001d01c7ed; level=2; likes=7.0; status=混合; role=观众] 小鼻嘎跑了将近10公里，已经比我强多了[笑哭R]
---
[post=69e4412a000000002103883f; level=1; likes=4.0; status=强势; role=观众] 小鼻嘎揣着小奶瓶太逗了[笑哭R]
---
[post=69da7e87000000001a03484e; level=1; likes=1.0; status=强势; role=观众] 前几个好像嘎子偷鸡
---
[post=69e42cc100000000220001ad; level=1; likes=1.0; status=弱势; role=观众] 这小鼻嘎好可爱，像一个下课了想马上回家看动画片的孩子","[post=69e4412a000000002103883f; level=1; likes=4.0; status=强势; role=观众] 小鼻嘎揣着小奶瓶太逗了[笑哭R]
---
[post=69e4426b000000001d01c7ed; level=1; likes=2.0; status=混合; role=观众] 小鼻嘎有点可爱呢
---
[post=69e48341000000001a02d0c4; level=2; likes=0.0; status=强势; role=观众] 这个小鼻嘎是倒数第一，哈哈哈
---
[post=69e4b08d000000001d01c1bc; level=2; likes=1.0; status=混合; role=观众] 喜欢小比噶
---
[post=69e43b14000000001a02e095; level=1; likes=0.0; status=弱势; role=服务者] 没鼻子的匹诺曹",,,,,,,,,
64,67,233,16,0.1791044776119403,0.43283582089552236,0.5671641791044776,"评论, 评价, 搞笑, 有意思, 好玩, 好好笑, 有个, 真是, 真多, 还行","['评论区要笑死我了', '评论区怎么这么多慈禧太后[叹气R]', '评论区笑死']","[post=69da7e87000000001a03484e; level=2; likes=245.0; status=强势; role=观众] 评论区唯一受害者
---
[post=69e40352000000002102fc75; level=1; likes=229.0; status=常态; role=服务者] 评论区好多恨不得一秒进入未来模式，又不是明天就噶多点耐心[doge][doge][doge]
---
[post=69e44278000000001a0217bb; level=2; likes=20.0; status=强势; role=被超越者] 我上网就是为了看您这样的评论[赞R]
---
[post=69df625d0000000021005c63; level=2; likes=14.0; status=失败; role=观众] 少发点卖弄自己智商的评论行吗[笑哭R][汗颜R]
---
[post=69da7e87000000001a03484e; level=2; likes=9.0; status=强势; role=观众] 你快洗洗睡吧，评论个球","[post=69da7e87000000001a03484e; level=2; likes=245.0; status=强势; role=观众] 评论区唯一受害者
---
[post=69e40352000000002102fc75; level=1; likes=229.0; status=常态; role=服务者] 评论区好多恨不得一秒进入未来模式，又不是明天就噶多点耐心[doge][doge][doge]
---
[post=69e44278000000001a0217bb; level=2; likes=20.0; status=强势; role=被超越者] 我上网就是为了看您这样的评论[赞R]
---
[post=69df625d0000000021005c63; level=2; likes=14.0; status=失败; role=观众] 少发点卖弄自己智商的评论行吗[笑哭R][汗颜R]
---
[post=69e481e8000000002003ad94; level=1; likes=9.0; status=强势; role=服务者] 评论区现状
---
[post=69e4426b000000001d01c7ed; level=2; likes=8.0; status=混合; role=观众] 本来没啥感觉，看到这个评论笑死了
---
[post=69e46730000000001d0199c8; level=1; likes=5.0; status=强势; role=观众] 每一个的评价都好到位[笑哭R]说一个笑一个[笑哭R]
---
[post=69e42cc100000000220001ad; level=2; likes=3.0; status=弱势; role=观众] 比你在评论区口嗨有意义[捂脸R]","[post=69e4426b000000001d01c7ed; level=2; likes=0.0; status=混合; role=观众] 人才都在评论区。
---
[post=69e4551e000000001f005895; level=2; likes=0.0; status=强势; role=被超越者] 哈哈哈 评论区都是神人[笑哭R]你这
---
[post=69e481e8000000002003ad94; level=1; likes=0.0; status=强势; role=服务者] 评论区给我看力竭了，人类的参差啊[汗颜R][汗颜R][汗颜R]
---
[post=69e4426b000000001d01c7ed; level=2; likes=0.0; status=混合; role=观众] 看到评论好好笑
---
[post=69e481e8000000002003ad94; level=1; likes=9.0; status=强势; role=服务者] 评论区现状",,,,,,,,,
65,66,353,14,0.2727272727272727,0.6060606060606061,0.3939393939393939,"小孩子, 小孩儿, 小孩, 孩子, 小朋友, 小男孩, 小宝宝, 宝宝, 可爱, 小屁孩","['哈哈哈哈哈小孩太可爱了[笑哭R]', '那个小孩太可爱了[偷笑R]', '小孩小孩']","[post=69e47f8f000000001f007203; level=2; likes=85.0; status=混合; role=观众] 哈哈哈哈 正正经经的大女孩
---
[post=69e4426b000000001d01c7ed; level=2; likes=54.0; status=混合; role=观众] 孩子太小了，已经很不错了，等长大点再来吧[doge]
---
[post=69df625d0000000021005c63; level=2; likes=43.0; status=失败; role=观众] 哦哦哦哦，谢谢，继续期待这些钢铁小孩儿给我们带来不断的惊喜
---
[post=69e4426b000000001d01c7ed; level=1; likes=37.0; status=混合; role=观众] 我们在家门口这，都没等来这个小孩[偷笑R][偷笑R]
---
[post=69e40352000000002102fc75; level=1; likes=29.0; status=常态; role=服务者] 说个题外话，刚刚在某儿童管楼梯下看到的一幕，觉得他们像哈利波特一样窝那怪可怜的[笑哭R]","[post=69e47f8f000000001f007203; level=2; likes=85.0; status=混合; role=观众] 哈哈哈哈 正正经经的大女孩
---
[post=69e4426b000000001d01c7ed; level=2; likes=54.0; status=混合; role=观众] 孩子太小了，已经很不错了，等长大点再来吧[doge]
---
[post=69df625d0000000021005c63; level=2; likes=43.0; status=失败; role=观众] 哦哦哦哦，谢谢，继续期待这些钢铁小孩儿给我们带来不断的惊喜
---
[post=69e40352000000002102fc75; level=1; likes=29.0; status=常态; role=服务者] 说个题外话，刚刚在某儿童管楼梯下看到的一幕，觉得他们像哈利波特一样窝那怪可怜的[笑哭R]
---
[post=69e48d54000000002102e178; level=2; likes=19.0; status=弱势; role=保护者] 这是孩子长大了[偷笑R]视频里是小学状态
---
[post=69e2583b00000000230211ea; level=1; likes=2.0; status=失败; role=抢救者] 以前是小屁孩的玩具现在那群人长大了还是这样
---
[post=69e44171000000001a026b25; level=1; likes=1.0; status=混合; role=观众] 把小朋友高兴的
---
[post=69e634590000000022003bb5; level=1; likes=1.0; status=常态; role=观众] 太可爱了，像看着自己孩子一样","[post=69e48d54000000002102e178; level=2; likes=0.0; status=弱势; role=保护者] 真对家里小孩又不一样了哈哈哈哈哈哈
---
[post=69e42cc100000000220001ad; level=2; likes=0.0; status=弱势; role=观众] 哎，一下就想到了我闺女，越长越不带人希见
---
[post=69e47f8f000000001f007203; level=1; likes=0.0; status=混合; role=观众] 阿這個是什麼？中国娃娃？
---
[post=69e44171000000001a026b25; level=1; likes=1.0; status=混合; role=观众] 把小朋友高兴的
---
[post=69e48d54000000002102e178; level=2; likes=0.0; status=弱势; role=保护者] 小图都没看见孩子",,,,,,,,,
69,65,130,11,0.5538461538461539,0.13846153846153847,0.8615384615384616,"无人驾驶, 驾驶, 电动汽车, 自动, 汽车, 特斯拉, 智驾, 智能, 人工智能, 遥控车","['你是说自动驾驶？', '你说的是自动驾驶汽车吗', '那是自动驾驶汽车吧[捂脸R]']","[post=69e40352000000002102fc75; level=2; likes=62.0; status=常态; role=服务者] 那不就是汽车无人驾驶吗[doge]
---
[post=69e4426b000000001d01c7ed; level=2; likes=50.0; status=混合; role=观众] 满大街跑的智驾电动汽车了解一下[微笑R]
---
[post=69e481e8000000002003ad94; level=2; likes=7.0; status=强势; role=服务者] 你说的那叫智能驾驶[笑哭R]
---
[post=69e481e8000000002003ad94; level=2; likes=5.0; status=强势; role=服务者] 无人驾驶汽车[抠鼻R]
---
[post=69e48341000000001a02d0c4; level=2; likes=4.0; status=强势; role=观众] 你是在说自动驾驶的快递车吗[doge]","[post=69e40352000000002102fc75; level=2; likes=62.0; status=常态; role=服务者] 那不就是汽车无人驾驶吗[doge]
---
[post=69e4426b000000001d01c7ed; level=2; likes=50.0; status=混合; role=观众] 满大街跑的智驾电动汽车了解一下[微笑R]
---
[post=69e481e8000000002003ad94; level=2; likes=7.0; status=强势; role=服务者] 你说的那叫智能驾驶[笑哭R]
---
[post=69e48341000000001a02d0c4; level=2; likes=4.0; status=强势; role=观众] 你是在说自动驾驶的快递车吗[doge]
---
[post=69da7e87000000001a03484e; level=2; likes=1.0; status=强势; role=观众] 自动驾驶车：你凭什么认为我和你是一伙的[偷笑R]
---
[post=69df625d0000000021005c63; level=2; likes=1.0; status=失败; role=观众] 你说的那是特斯拉无人驾驶
---
[post=69e45dbe000000001f00434f; level=1; likes=1.0; status=强势; role=观众] 就是一个没有轮子的自动新能源人形汽车。
---
[post=69e59e520000000022027a90; level=2; likes=1.0; status=弱势; role=观众] 车自动驾驶都能实现了，这整个两条腿的还分不清前后","[post=69da7e87000000001a03484e; level=2; likes=0.0; status=强势; role=观众] [笑哭R]现在都是有自动驾驶了，一路睡到家都行
---
[post=69e481e8000000002003ad94; level=2; likes=0.0; status=强势; role=服务者] 干脆弄个自动驾驶的车呗，直接第一名算了
---
[post=69da7e87000000001a03484e; level=2; likes=0.0; status=强势; role=观众] 智驾小蓝灯
---
[post=69e481e8000000002003ad94; level=2; likes=0.0; status=强势; role=服务者] 你这话说的，那直接无人驾驶汽车赛车不就完了呗[笑哭R]
---
[post=69e481e8000000002003ad94; level=1; likes=0.0; status=强势; role=服务者] 开无人汽车不更好",,,,,,,,,
70,65,96,11,0.3384615384615385,0.6461538461538462,0.35384615384615387,"帽子, 戴帽子, 小帽子, 草帽, 可爱, 安全帽, 戴个, 好看, 太萌, 头上","['帽子这么可爱', '帽子还怪可爱的呀[笑哭R]', '戴着帽子好可爱']","[post=69e43b14000000001a02e095; level=1; likes=414.0; status=弱势; role=服务者] 帽子不挡太阳，看把孩子晒的
---
[post=69e48d54000000002102e178; level=2; likes=220.0; status=弱势; role=保护者] 说还给带安全帽⛑️了[捂脸R]
---
[post=69e48d54000000002102e178; level=2; likes=106.0; status=弱势; role=保护者] 他还有安全帽  他爸爸确实很爱他了[捂脸R][捂脸R][捂脸R][捂脸R]
---
[post=69e4426b000000001d01c7ed; level=2; likes=20.0; status=混合; role=观众] 它还戴了帽子防晒[嘻嘻R]
---
[post=69e48d54000000002102e178; level=2; likes=19.0; status=弱势; role=保护者] 诶呀。我想起了少年闰土的描写：【他紫色圆脸，头戴小毡帽，颈套明晃晃银项圈，显是父亲怕他夭折，求神佛“用圈子将他套住”的印记】……","[post=69e43b14000000001a02e095; level=1; likes=414.0; status=弱势; role=服务者] 帽子不挡太阳，看把孩子晒的
---
[post=69e48d54000000002102e178; level=2; likes=220.0; status=弱势; role=保护者] 说还给带安全帽⛑️了[捂脸R]
---
[post=69e4426b000000001d01c7ed; level=2; likes=20.0; status=混合; role=观众] 它还戴了帽子防晒[嘻嘻R]
---
[post=69e46730000000001d0199c8; level=1; likes=6.0; status=强势; role=观众] 整个帽子是怕它被晒黑吗[doge]
---
[post=69e634590000000022003bb5; level=1; likes=2.0; status=常态; role=观众] 脑袋顶上为什么有个小鸟？[偷笑R]
---
[post=69da7e87000000001a03484e; level=1; likes=0.0; status=强势; role=观众] 太优雅了，还戴帽子
---
[post=69e481e8000000002003ad94; level=2; likes=0.0; status=强势; role=服务者] 衣服穿上去，帽子一带，更吓人。[doge]
---
[post=69e48341000000001a02d0c4; level=1; likes=0.0; status=强势; role=观众] 戴草帽那个小鼻嘎也可爱[doge]","[post=69e47f8f000000001f007203; level=1; likes=0.0; status=混合; role=观众] 我想买那个戴帽子的
---
[post=69da7e87000000001a03484e; level=1; likes=0.0; status=强势; role=观众] 这没戴头盔能上路了吗[捂脸R]
---
[post=69e47f8f000000001f007203; level=1; likes=0.0; status=混合; role=观众] 这么黑了，防晒帽子也没必要带了，还有风阻[偷笑R]
---
[post=69e43b14000000001a02e095; level=1; likes=0.0; status=弱势; role=服务者] 好可爱，还戴着小草帽[哇R]
---
[post=69e48d54000000002102e178; level=2; likes=0.0; status=弱势; role=保护者] 胸前的红领巾更鲜艳了",,,,,,,,,
66,65,134,9,0.5692307692307692,0.6307692307692307,0.36923076923076925,"摆臂, 不摆臂, 甩臂, 手臂, 摆动, 摆手, 胳膊, 双臂, 机器人, 跑的快","['人跑步为啥要摆臂？', '机器人跑步也要摆臂吗？', '机器人跑步也要摆臂吗']","[post=69e4412a000000002103883f; level=2; likes=417.0; status=强势; role=观众] 甩起来更有助于平衡
---
[post=69e4412a000000002103883f; level=1; likes=61.0; status=强势; role=观众] 机器人跑步需要甩臂吗？还是只是为了看着更像人
---
[post=69da7e87000000001a03484e; level=2; likes=34.0; status=强势; role=观众] 你可以不摆双臂跑跑步试试 不摆不容易保持平衡
---
[post=69da7e87000000001a03484e; level=1; likes=31.0; status=强势; role=观众] 是脚不是轮胎我能理解，可是我正经询问一下，为什么机器人跑步要摆动双臂？
---
[post=69e4412a000000002103883f; level=2; likes=18.0; status=强势; role=观众] 甩臂会保持平衡","[post=69e4412a000000002103883f; level=2; likes=417.0; status=强势; role=观众] 甩起来更有助于平衡
---
[post=69da7e87000000001a03484e; level=2; likes=34.0; status=强势; role=观众] 你可以不摆双臂跑跑步试试 不摆不容易保持平衡
---
[post=69e48341000000001a02d0c4; level=2; likes=2.0; status=强势; role=观众] 你可以尝试一下跑步的时候抱紧双臂，就明白了[害羞R]
---
[post=69e46730000000001d0199c8; level=1; likes=2.0; status=强势; role=观众] 机器人跑步也要摆臂吗
---
[post=69e45dbe000000001f00434f; level=1; likes=1.0; status=强势; role=观众] 不摆臂是不是也行？
---
[post=69e2583b00000000230211ea; level=1; likes=1.0; status=失败; role=抢救者] 胳膊飞起来转体好几周半[笑哭R]
---
[post=69df625d0000000021005c63; level=1; likes=0.0; status=失败; role=观众] 掉胳膊的是买不起螺纹胶吗[捂脸R]
---
[post=69e481e8000000002003ad94; level=1; likes=0.0; status=强势; role=服务者] 机器人还用摆臂吗","[post=69da7e87000000001a03484e; level=1; likes=0.0; status=强势; role=观众] 他们是不是不需要摆臂
---
[post=69da7e87000000001a03484e; level=2; likes=0.0; status=强势; role=观众] 你自己不摆臂跑跑就知道了呗
---
[post=69e48341000000001a02d0c4; level=1; likes=1.0; status=强势; role=观众] 话说回来，为什么机器人跑步也要摆臂？还是说要保持平衡？[吧唧R][吧唧R]
---
[post=69e45dbe000000001f00434f; level=1; likes=0.0; status=强势; role=观众] 机器人  要什么摆臂阿  耗能
---
[post=69da7e87000000001a03484e; level=2; likes=3.0; status=强势; role=观众] 人没有陀螺仪所以要摆臂，机器是可以有陀螺仪的。",,,,,,,,,
68,65,127,11,0.49230769230769234,0.9076923076923077,0.09230769230769231,"喝了酒, 假酒, 喝多, 喝醉, 喝醉酒, 喝成, 喝酒, 喝高, 喝点, 酒吧","['都踏马的假酒喝多了', '喝假酒喝多了', '这是假酒喝多了吧[捂脸R]']","[post=69e481e8000000002003ad94; level=2; likes=9.0; status=强势; role=服务者] 我感觉喝点酒可能更有激情❤️‍🔥
---
[post=69df625d0000000021005c63; level=1; likes=1.0; status=失败; role=观众] 第二个应该是比赛前喝酒🍺了[玫瑰R]
---
[post=69df625d0000000021005c63; level=1; likes=1.0; status=失败; role=观众] 几个菜喝成这样？！！！
---
[post=69e40352000000002102fc75; level=1; likes=1.0; status=常态; role=服务者] 杭州有喝酒搭子嘛 一起小酌一下聊聊天 去去班味
---
[post=69e44171000000001a026b25; level=1; likes=1.0; status=混合; role=观众] 喝多了还是中暑了？[大笑R][大笑R]","[post=69e481e8000000002003ad94; level=2; likes=9.0; status=强势; role=服务者] 我感觉喝点酒可能更有激情❤️‍🔥
---
[post=69df625d0000000021005c63; level=1; likes=1.0; status=失败; role=观众] 第二个应该是比赛前喝酒🍺了[玫瑰R]
---
[post=69e40352000000002102fc75; level=1; likes=1.0; status=常态; role=服务者] 杭州有喝酒搭子嘛 一起小酌一下聊聊天 去去班味
---
[post=69e44171000000001a026b25; level=1; likes=1.0; status=混合; role=观众] 喝多了还是中暑了？[大笑R][大笑R]
---
[post=69e47f8f000000001f007203; level=1; likes=1.0; status=混合; role=观众] 仿佛喝了二两假酒
---
[post=69e59e520000000022027a90; level=1; likes=1.0; status=弱势; role=观众] 像在同一桌喝的假酒
---
[post=69da7e87000000001a03484e; level=2; likes=0.0; status=强势; role=观众] 宫廷玉液酒，下一句？
---
[post=69e429b4000000001b00037a; level=1; likes=0.0; status=常态; role=观众] 哥们，晚上一起喝点","[post=69e481e8000000002003ad94; level=1; likes=0.0; status=强势; role=服务者] 不给一瓶红色尖叫吗[捂脸R]
---
[post=69e481e8000000002003ad94; level=1; likes=0.0; status=强势; role=服务者] 干了2两茅台酒，走路都打川川。[笑哭R]
---
[post=69e4426b000000001d01c7ed; level=1; likes=0.0; status=混合; role=观众] 昨晚上宿醉了
---
[post=69e59e520000000022027a90; level=1; likes=0.0; status=弱势; role=观众] 昨晚喝多了！[偷笑R]
---
[post=69e59e520000000022027a90; level=1; likes=0.0; status=弱势; role=观众] 假酒喝多了[笑哭R]",,,,,,,,,
67,65,170,12,0.5846153846153846,0.15384615384615385,0.8461538461538461,"有人, 当时, 火车, 车是, 马车, 以前, 跑不过, 为什么, 第一辆, 不如","['你卖车，所以汽车刚发明的时候跑不过马车，有什么意义', '火车刚出来还没马车跑得快，现在呢', '以前驾马车的也这样说开火车的']","[post=69e481e8000000002003ad94; level=2; likes=879.0; status=强势; role=服务者] 这个评论像极了最开始火车刚出来还没马车快，人们问这东西有啥用的时候
---
[post=69e40352000000002102fc75; level=2; likes=208.0; status=常态; role=服务者] 当年汽车刚刚发明的时候，肯定也会有人问：为什么要让这个铁疙瘩跑，马车不能跑了吗？
---
[post=69e481e8000000002003ad94; level=2; likes=137.0; status=强势; role=服务者] 飞机刚上天的时候很多人也是这么问的
---
[post=69e481e8000000002003ad94; level=2; likes=57.0; status=强势; role=服务者] 电磁感应发明的时候老太婆在台下说：这有什么用
---
[post=69e481e8000000002003ad94; level=2; likes=57.0; status=强势; role=服务者] 老佛爷：洋人的火车还得弄轨道才能跑，为什么不直接用马车？","[post=69e481e8000000002003ad94; level=2; likes=879.0; status=强势; role=服务者] 这个评论像极了最开始火车刚出来还没马车快，人们问这东西有啥用的时候
---
[post=69e40352000000002102fc75; level=2; likes=208.0; status=常态; role=服务者] 当年汽车刚刚发明的时候，肯定也会有人问：为什么要让这个铁疙瘩跑，马车不能跑了吗？
---
[post=69e43b14000000001a02e095; level=2; likes=45.0; status=弱势; role=服务者] 火车刚发明的时候也有这样的疑问
---
[post=69da7e87000000001a03484e; level=2; likes=28.0; status=强势; role=观众] 正常，去年机器人跑得慢的时候，冷嘲热讽的人更多，毕竟火车刚发明出来的时候，大家也都觉得它没用
---
[post=69e48b0b000000001a02578c; level=2; likes=16.0; status=失败; role=服务者] 电力刚发明的时候那些人也和你一样这么说
---
[post=69e48341000000001a02d0c4; level=2; likes=12.0; status=强势; role=观众] 老外都不会蒸馒头，怎么可能发明蒸汽机[抠鼻R]
---
[post=69e4b08d000000001d01c1bc; level=2; likes=11.0; status=混合; role=观众] 当年火车被发明时侯所有人也在害怕
---
[post=69e44278000000001a0217bb; level=2; likes=7.0; status=强势; role=被超越者] 蒸汽机诞生时还不如马车呢[偷笑R]","[post=69e44278000000001a0217bb; level=2; likes=7.0; status=强势; role=被超越者] 蒸汽机诞生时还不如马车呢[偷笑R]
---
[post=69e481e8000000002003ad94; level=2; likes=0.0; status=强势; role=服务者] 以前的火车还是马拉的呢
---
[post=69e481e8000000002003ad94; level=2; likes=0.0; status=强势; role=服务者] 怎么不见你当年说莱特兄弟的飞机才飞了几米高
---
[post=69e481e8000000002003ad94; level=2; likes=19.0; status=强势; role=服务者] 几百年前也有人问过发电有什么用
---
[post=69e48b0b000000001a02578c; level=2; likes=1.0; status=失败; role=服务者] 你最好想想飞机的历史才多少年",,,,,,,,,
71,63,181,12,0.4444444444444444,0.746031746031746,0.25396825396825395,"未成年, 参赛, 参赛者, 参加, 参与, 年龄, 年纪, 成年, 主办方, 比赛","['未成年可以参赛吗', '这个应该参加儿童组', '这个应该去参加未成年机器人组']","[post=69e47f8f000000001f007203; level=1; likes=413.0; status=混合; role=观众] 太奶怎么还要出来比赛[石化R]
---
[post=69e48341000000001a02d0c4; level=1; likes=24.0; status=强势; role=观众] 这个比赛不限制年龄吗？那几个小娃娃还没断奶吧[笑哭R]
---
[post=69db34bb000000001a0348ae; level=2; likes=19.0; status=失败; role=抢救者] 可能类似儿科，碳基家长很难缠[笑哭R]
---
[post=69e42cc100000000220001ad; level=1; likes=13.0; status=弱势; role=观众] 它应该参加少儿组，怎么跑到成人区了[笑哭R]
---
[post=69e42cc100000000220001ad; level=1; likes=12.0; status=弱势; role=观众] 反正我们这里幼儿组和成人组不能放一起比[doge]","[post=69e47f8f000000001f007203; level=1; likes=413.0; status=混合; role=观众] 太奶怎么还要出来比赛[石化R]
---
[post=69e48341000000001a02d0c4; level=1; likes=24.0; status=强势; role=观众] 这个比赛不限制年龄吗？那几个小娃娃还没断奶吧[笑哭R]
---
[post=69db34bb000000001a0348ae; level=2; likes=19.0; status=失败; role=抢救者] 可能类似儿科，碳基家长很难缠[笑哭R]
---
[post=69e42cc100000000220001ad; level=1; likes=13.0; status=弱势; role=观众] 它应该参加少儿组，怎么跑到成人区了[笑哭R]
---
[post=69e6f2bc0000000023005345; level=2; likes=5.0; status=弱势; role=观众] 组委会怎么回事，欺负我家子涵[完啦R]（开玩笑的哈哈）
---
[post=69e43b14000000001a02e095; level=2; likes=2.0; status=弱势; role=服务者] 这个是幼儿园选手
---
[post=69e4426b000000001d01c7ed; level=2; likes=1.0; status=混合; role=观众] 还没满月就出来参加比赛了吗，[偷笑R][偷笑R][偷笑R][偷笑R][偷笑R][偷笑R][偷笑R][偷笑R][偷笑R]
---
[post=69e634590000000022003bb5; level=2; likes=1.0; status=常态; role=观众] 你让一岁小孩去参加比赛也是全家出动吧","[post=69e42cc100000000220001ad; level=1; likes=0.0; status=弱势; role=观众] 未成年的机器娃娃  也可以报名！？
---
[post=69e6f2bc0000000023005345; level=2; likes=0.0; status=弱势; role=观众] 记着，以后不要参加成人组，要参加尿不湿组。[大笑R]
---
[post=69da7e87000000001a03484e; level=2; likes=0.0; status=强势; role=观众] 哈哈哈哈汽车人禁止参赛
---
[post=69e42cc100000000220001ad; level=1; likes=0.0; status=弱势; role=观众] 未成年能参加比赛？没有底线的吗？[doge]
---
[post=69e4426b000000001d01c7ed; level=2; likes=1.0; status=混合; role=观众] 还没满月就出来参加比赛了吗，[偷笑R][偷笑R][偷笑R][偷笑R][偷笑R][偷笑R][偷笑R][偷笑R][偷笑R]",,,,,,,,,
72,62,241,9,0.8225806451612904,0.45161290322580644,0.5483870967741935,"好笑, 坐地, 坐在, 地上, 转过, 好好笑, 搞笑, 一转, 坐下, 笑死人","['镜头一转有个坐地上的[失望R]', '镜头一转地上那个笑死我了', '镜头一转一个坐在地上的，有点想笑，哈哈哈哈哈哈']","[post=69e4426b000000001d01c7ed; level=1; likes=617.0; status=混合; role=观众] 什么镜头转过去地上还坐了一个，把我笑抽了
---
[post=69e4426b000000001d01c7ed; level=1; likes=73.0; status=混合; role=观众] 哈哈哈哈哈，我还在想，废的在哪里，最后镜头一转，绷不住了[笑哭R]
---
[post=69e4426b000000001d01c7ed; level=2; likes=40.0; status=混合; role=观众] 哈哈哈哈哈哈哈哈那个坐地上的也太好笑了
---
[post=69e48d54000000002102e178; level=2; likes=32.0; status=弱势; role=保护者] 坐前面的女孩就这样被忽略掉了。。。
---
[post=69e4426b000000001d01c7ed; level=1; likes=7.0; status=混合; role=观众] 每一帧都很好笑，尤其是最后有一个坐那儿的","[post=69e4426b000000001d01c7ed; level=1; likes=617.0; status=混合; role=观众] 什么镜头转过去地上还坐了一个，把我笑抽了
---
[post=69e48d54000000002102e178; level=2; likes=32.0; status=弱势; role=保护者] 坐前面的女孩就这样被忽略掉了。。。
---
[post=69da7e87000000001a03484e; level=1; likes=2.0; status=强势; role=观众] 原来十二星座选择你的庇护所里的坐着走路真有原型[呃R]
---
[post=69e4551e000000001f005895; level=1; likes=2.0; status=强势; role=被超越者] 一闪而过的那个彩色爆炸头是在cos小丑吗哈哈哈哈
---
[post=69e59e520000000022027a90; level=1; likes=2.0; status=弱势; role=观众] 那一脚笑笑死哈哈哈
---
[post=69e43a5a000000001d01dcc7; level=2; likes=1.0; status=常态; role=观众] 哈哈哈哈哈镜头一转旁边怎么还坐着一个
---
[post=69e43b14000000001a02e095; level=1; likes=0.0; status=弱势; role=服务者] 后面这位睡着啦？[doge]
---
[post=69e44171000000001a026b25; level=1; likes=0.0; status=混合; role=观众] 哇竟然还有自己可以起来的","[post=69e4426b000000001d01c7ed; level=1; likes=0.0; status=混合; role=观众] 看到坐地上那个憋不住笑了[捂脸R]
---
[post=69e4426b000000001d01c7ed; level=2; likes=0.0; status=混合; role=观众] 哈哈哈哈哈坐地上这个出现我笑成大粪
---
[post=69e4426b000000001d01c7ed; level=1; likes=2.0; status=混合; role=观众] 镜头一转一个坐地上的给我笑死了
---
[post=69e4426b000000001d01c7ed; level=2; likes=0.0; status=混合; role=观众] 我本來以為第一個是廢的，原來還有更廢的[色色R]
---
[post=69e4426b000000001d01c7ed; level=2; likes=0.0; status=混合; role=观众] 哈哈哈哈哈哈哈哈哈哈你坐在地上干嘛",,,,,,,,,
73,61,130,11,0.29508196721311475,0.8688524590163934,0.13114754098360656,"bgm, 配乐, 好听, 好笑, 配音, 搞笑, 好玩, 笑死人, 好看, 剪辑","['bgm让我笑出皱纹[笑哭R]', 'BGM应该用一剪梅啊', '[捂脸R]哈哈哈哈哈，配音配乐也太贴切了']","[post=69e59e520000000022027a90; level=2; likes=18.0; status=弱势; role=观众] 人才啊解读的太好啦bgm配的太牛了👍[笑哭R][笑哭R][笑哭R][笑哭R][笑哭R]笑哭了😂😂😂😂😂
---
[post=69e47f8f000000001f007203; level=1; likes=9.0; status=混合; role=观众] 这位还跟音乐卡点了，有点带感[偷笑R]
---
[post=69df625d0000000021005c63; level=1; likes=2.0; status=失败; role=观众] 配乐一加更搞笑
---
[post=69e429b4000000001b00037a; level=1; likes=2.0; status=常态; role=观众] 自带混响的[大笑R]
---
[post=69e634590000000022003bb5; level=1; likes=2.0; status=常态; role=观众] 这一幕，加上配的BGM，感觉像是机器人瓦力[哭惹R][哭惹R][哭惹R]","[post=69e59e520000000022027a90; level=2; likes=18.0; status=弱势; role=观众] 人才啊解读的太好啦bgm配的太牛了👍[笑哭R][笑哭R][笑哭R][笑哭R][笑哭R]笑哭了😂😂😂😂😂
---
[post=69e47f8f000000001f007203; level=1; likes=9.0; status=混合; role=观众] 这位还跟音乐卡点了，有点带感[偷笑R]
---
[post=69df625d0000000021005c63; level=1; likes=2.0; status=失败; role=观众] 配乐一加更搞笑
---
[post=69e429b4000000001b00037a; level=1; likes=2.0; status=常态; role=观众] 自带混响的[大笑R]
---
[post=69e634590000000022003bb5; level=1; likes=2.0; status=常态; role=观众] 这一幕，加上配的BGM，感觉像是机器人瓦力[哭惹R][哭惹R][哭惹R]
---
[post=69e46730000000001d0199c8; level=1; likes=1.0; status=强势; role=观众] 好喜欢你的声音[飞吻R][飞吻R][飞吻R]
---
[post=69e4426b000000001d01c7ed; level=1; likes=0.0; status=混合; role=观众] 你还给配音了[笑哭R]
---
[post=69e481e8000000002003ad94; level=1; likes=0.0; status=强势; role=服务者] 配合挺默契","[post=69e48341000000001a02d0c4; level=1; likes=0.0; status=强势; role=观众] 都是高科技，但这音乐是一点都不正经啊[笑哭了R][笑哭了R]
---
[post=69df625d0000000021005c63; level=1; likes=2.0; status=失败; role=观众] 配乐一加更搞笑
---
[post=69e59e520000000022027a90; level=1; likes=0.0; status=弱势; role=观众] 还得是这个配音最绝，哈哈
---
[post=69e4426b000000001d01c7ed; level=1; likes=0.0; status=混合; role=观众] 你还给配音了[笑哭R]
---
[post=69e46730000000001d0199c8; level=1; likes=0.0; status=强势; role=观众] 说话像鸟鸟哈哈",,,,,,,,,
74,61,134,4,0.8852459016393442,0.8360655737704918,0.16393442622950818,"三人, 伺候, 这三人, 三个, 三個, 照顾, 侍候, 服侍, 几个, 多人","['三个人伺候[笑哭R][笑哭R][笑哭R]', '三个伺候一个', '三个人伺候一个人']","[post=69e40352000000002102fc75; level=2; likes=31.0; status=常态; role=服务者] 这才是最需要他们的地方[笑哭R]
---
[post=69e481e8000000002003ad94; level=1; likes=15.0; status=强势; role=服务者] 本来想取代一个人的，结果用了三个人维护它！
---
[post=69e481e8000000002003ad94; level=1; likes=5.0; status=强势; role=服务者] 这是造了大爷呀，还请了这个多保姆，他能干嘛呢
---
[post=69e481e8000000002003ad94; level=2; likes=2.0; status=强势; role=服务者] 三十个也是这三个人维护
---
[post=69e481e8000000002003ad94; level=1; likes=2.0; status=强势; role=服务者] 还得三人伺候着[捂脸R]","[post=69e40352000000002102fc75; level=2; likes=31.0; status=常态; role=服务者] 这才是最需要他们的地方[笑哭R]
---
[post=69e481e8000000002003ad94; level=1; likes=15.0; status=强势; role=服务者] 本来想取代一个人的，结果用了三个人维护它！
---
[post=69e43b14000000001a02e095; level=1; likes=1.0; status=弱势; role=服务者] 还得个人伺候着
---
[post=69e47f8f000000001f007203; level=2; likes=0.0; status=混合; role=观众] 老人：谁照顾谁讷","[post=69e481e8000000002003ad94; level=2; likes=0.0; status=强势; role=服务者] 为了后面跟三个人伺候它[捂脸R]
---
[post=69e481e8000000002003ad94; level=1; likes=0.0; status=强势; role=服务者] 三个人伺候[笑哭R][笑哭R][笑哭R]
---
[post=69e43b14000000001a02e095; level=2; likes=0.0; status=弱势; role=服务者] 还得配人伺候它
---
[post=69e481e8000000002003ad94; level=1; likes=0.0; status=强势; role=服务者] 三个人伺候一个，真划算
---
[post=69e40352000000002102fc75; level=2; likes=31.0; status=常态; role=服务者] 这才是最需要他们的地方[笑哭R]",,,,,,,,,
75,59,96,6,0.847457627118644,0.8983050847457628,0.1016949152542373,"保安, 犯了错, 误伤, 一脚, 报警, 安保, 保住, 搞笑, 小偷, 好笑","['保安被踢了一脚[笑哭了R]', '保安一不注意被踢了一脚。。', '保安被踢了一脚算谁的']","[post=69e59e520000000022027a90; level=1; likes=1058.0; status=弱势; role=观众] 问题是花田里那个大爷也是白白挨了它一脚[笑哭R]
---
[post=69e59e520000000022027a90; level=2; likes=65.0; status=弱势; role=观众] 踹了保安大叔一脚的那个笑喷了🤣
---
[post=69e59e520000000022027a90; level=2; likes=63.0; status=弱势; role=观众] 保安大爷保自己的安都有点儿吃力[暗中观察R]
---
[post=69e59e520000000022027a90; level=1; likes=20.0; status=弱势; role=观众] 它去花丛还踢了保安一jio
---
[post=69e59e520000000022027a90; level=1; likes=4.0; status=弱势; role=观众] 花田错那位还踹了保安大哥一jio[捂脸R][捂脸R]","[post=69e59e520000000022027a90; level=1; likes=1058.0; status=弱势; role=观众] 问题是花田里那个大爷也是白白挨了它一脚[笑哭R]
---
[post=69e48341000000001a02d0c4; level=1; likes=3.0; status=强势; role=观众] 警察叔叔也很樂[大笑R][大笑R][大笑R]
---
[post=69e5a09a000000002103ba03; level=1; likes=1.0; status=常态; role=观众] 后面保安笑而不语
---
[post=69da7e87000000001a03484e; level=1; likes=0.0; status=强势; role=观众] 前几个是小偷，最后一个是保安(目测60+)[笑哭R][笑哭R]
---
[post=69e481e8000000002003ad94; level=2; likes=0.0; status=强势; role=服务者] 叔叔不开心[害羞R]
---
[post=69e44171000000001a026b25; level=1; likes=0.0; status=混合; role=观众] 我记得还有一个机器人好像踢了保安一脚[doge]","[post=69e59e520000000022027a90; level=1; likes=2.0; status=弱势; role=观众] 大爷是会reaction的[暗中观察R]
---
[post=69e59e520000000022027a90; level=1; likes=1.0; status=弱势; role=观众] 想看采访被踢了的保安大叔
---
[post=69e59e520000000022027a90; level=1; likes=1.0; status=弱势; role=观众] 笑死了，把保安一脚踢旁边去了
---
[post=69e59e520000000022027a90; level=1; likes=1.0; status=弱势; role=观众] 被踢一脚的保安大哥还好吗[捂脸R][捂脸R]
---
[post=69e59e520000000022027a90; level=1; likes=0.0; status=弱势; role=观众] 给人家保安大叔踹了一脚也太缺德了[笑哭R]",,,,,,,,,
76,59,204,11,0.2033898305084746,0.576271186440678,0.423728813559322,"外国人, 外国, 看不起, 国外, 老外, 看看, 在外, 西方人, 丢人, 不少","['要是外国人搞的，你会说“这就是人类之光，未来在这里”[doge]', '国外就是人类之光[哇R]国内就是意义怪[偷笑R]太喜欢评论区辣[派对R]', '外国人看看中国的发展']","[post=69e2583b00000000230211ea; level=2; likes=21.0; status=失败; role=抢救者] 印度人会感觉自己又行了
---
[post=69e59e520000000022027a90; level=2; likes=14.0; status=弱势; role=观众] 这几年外国ip都跟集体吃柠檬了似的[笑哭R][笑哭R]老要找点蛛丝马迹确定国内生活没那么好，国家发展没那么快，给自己找一点安慰，有点意思🤔
---
[post=69e2583b00000000230211ea; level=1; likes=11.0; status=失败; role=抢救者] 如果印度人看了后怎么办。
---
[post=69da7e87000000001a03484e; level=2; likes=7.0; status=强势; role=观众] 这要是美鬼日鬼的，那就是人类之光了[doge][doge][doge]
---
[post=69e48b0b000000001a02578c; level=2; likes=7.0; status=失败; role=服务者] 要是外国人搞的，你会说“这就是人类之光，未来在这里”[doge]","[post=69e2583b00000000230211ea; level=2; likes=21.0; status=失败; role=抢救者] 印度人会感觉自己又行了
---
[post=69e59e520000000022027a90; level=2; likes=14.0; status=弱势; role=观众] 这几年外国ip都跟集体吃柠檬了似的[笑哭R][笑哭R]老要找点蛛丝马迹确定国内生活没那么好，国家发展没那么快，给自己找一点安慰，有点意思🤔
---
[post=69da7e87000000001a03484e; level=2; likes=7.0; status=强势; role=观众] 这要是美鬼日鬼的，那就是人类之光了[doge][doge][doge]
---
[post=69e48b0b000000001a02578c; level=2; likes=7.0; status=失败; role=服务者] 要是外国人搞的，你会说“这就是人类之光，未来在这里”[doge]
---
[post=69e48341000000001a02d0c4; level=1; likes=4.0; status=强势; role=观众] 西方负责给出一个方向，我们负责卷。
---
[post=69df625d0000000021005c63; level=1; likes=3.0; status=失败; role=观众] 不会传到国外丢人吧[笑哭R]
---
[post=69e481e8000000002003ad94; level=2; likes=2.0; status=强势; role=服务者] 陕西不是有西安这种文明度比较高的城市吗？怎么还有这种想法的人？
---
[post=69e40352000000002102fc75; level=1; likes=1.0; status=常态; role=服务者] 这要是老外先搞出来，指不定捧成啥样[偷笑R][捂脸R]","[post=69da7e87000000001a03484e; level=2; likes=7.0; status=强势; role=观众] 这要是美鬼日鬼的，那就是人类之光了[doge][doge][doge]
---
[post=69e2583b00000000230211ea; level=1; likes=0.0; status=失败; role=抢救者] 能不能发给外国人看看哦
---
[post=69e4b08d000000001d01c1bc; level=2; likes=0.0; status=混合; role=观众] 外国人看看中国的发展
---
[post=69e47f8f000000001f007203; level=2; likes=0.0; status=混合; role=观众] 跟上时代吧！如果这是国外那这就是人类之光了[微笑R]
---
[post=69e48341000000001a02d0c4; level=2; likes=3.0; status=强势; role=观众] 要是国外的，得难受死[哭惹R]",,,,,,,,,
78,57,286,12,0.5087719298245614,0.43859649122807015,0.5614035087719298,"骑车, 骑着, 有车, 打车, 骑个, 跟车, 开车, 坐车, 坐骑, 不让","['骑个车不行吗[偷笑R]', '咱就不能骑个车跟着吗？[笑哭R]', '明明可以打车或者骑摩托']","[post=69e447d2000000001d01aa01; level=1; likes=1864.0; status=强势; role=服务者] 咱就不能骑个车跟着吗？[笑哭R]
---
[post=69e634590000000022003bb5; level=2; likes=132.0; status=常态; role=观众] 还要安全到达，路上担心磕碰…………
---
[post=69e43b14000000001a02e095; level=1; likes=9.0; status=弱势; role=服务者] 有车怎么不让它上啊
---
[post=69da7e87000000001a03484e; level=2; likes=8.0; status=强势; role=观众] 有些地方车子上不去
---
[post=69da7e87000000001a03484e; level=2; likes=6.0; status=强势; role=观众] 不如打车","[post=69e447d2000000001d01aa01; level=1; likes=1864.0; status=强势; role=服务者] 咱就不能骑个车跟着吗？[笑哭R]
---
[post=69e634590000000022003bb5; level=2; likes=132.0; status=常态; role=观众] 还要安全到达，路上担心磕碰…………
---
[post=69e43b14000000001a02e095; level=1; likes=9.0; status=弱势; role=服务者] 有车怎么不让它上啊
---
[post=69da7e87000000001a03484e; level=2; likes=8.0; status=强势; role=观众] 有些地方车子上不去
---
[post=69e44278000000001a0217bb; level=1; likes=2.0; status=强势; role=被超越者] 为啥不拿摩托车和人跑呢
---
[post=69e40352000000002102fc75; level=1; likes=1.0; status=常态; role=服务者] 地铁咋过去啊
---
[post=69e42cc100000000220001ad; level=2; likes=0.0; status=弱势; role=观众] 堵车，堵到家都回不去
---
[post=69e4426b000000001d01c7ed; level=1; likes=0.0; status=混合; role=观众] 人还是得坐车了","[post=69e4426b000000001d01c7ed; level=2; likes=0.0; status=混合; role=观众] 这么快到湖南了[微笑R]竟然不塞车
---
[post=69da7e87000000001a03484e; level=2; likes=8.0; status=强势; role=观众] 有些地方车子上不去
---
[post=69da7e87000000001a03484e; level=2; likes=0.0; status=强势; role=观众] 所以为什么不能坐车去呢
---
[post=69da7e87000000001a03484e; level=1; likes=1.0; status=强势; role=观众] 以后八抬大轿又是主流出行工具了吧
---
[post=69da7e87000000001a03484e; level=2; likes=6.0; status=强势; role=观众] 不如打车",,,,,,,,,
77,57,116,6,0.9122807017543859,0.22807017543859648,0.7719298245614035,"猝死, 熬夜, 死得, 更快, 容易, 加班, 危险, 担心, 扛不住, 心梗","['很容易猝死', '更容易猝死了[偷笑R]', '就是熬夜+运动容易猝死']","[post=69e447d2000000001d01aa01; level=2; likes=153.0; status=强势; role=服务者] 然后猝死了，心源性...[笑哭R][笑哭R]
---
[post=69da7e87000000001a03484e; level=1; likes=43.0; status=强势; role=观众] 大晚上这样冲刺对心脏不好
---
[post=69e447d2000000001d01aa01; level=2; likes=30.0; status=强势; role=服务者] 然后增加猝死概率[笑哭R]不是什么时候运动都是有好处的[笑哭R]
---
[post=69e447d2000000001d01aa01; level=2; likes=13.0; status=强势; role=服务者] 猝死概率加大[doge]
---
[post=69e447d2000000001d01aa01; level=2; likes=3.0; status=强势; role=服务者] 就是熬夜+运动容易猝死","[post=69e447d2000000001d01aa01; level=2; likes=153.0; status=强势; role=服务者] 然后猝死了，心源性...[笑哭R][笑哭R]
---
[post=69da7e87000000001a03484e; level=1; likes=43.0; status=强势; role=观众] 大晚上这样冲刺对心脏不好
---
[post=69e4426b000000001d01c7ed; level=1; likes=0.0; status=混合; role=观众] 不用牛马跟着跑这点挺好，免得昨晚熬夜完再跑猝死了
---
[post=69df625d0000000021005c63; level=1; likes=0.0; status=失败; role=观众] 脑梗猝死[偷笑R]
---
[post=69e2583b00000000230211ea; level=1; likes=0.0; status=失败; role=抢救者] 昨晚熬夜锻炼了一晚上，猝死了
---
[post=69e481e8000000002003ad94; level=2; likes=0.0; status=强势; role=服务者] 说的也是，容易脑出血。","[post=69e447d2000000001d01aa01; level=2; likes=0.0; status=强势; role=服务者] 我咋感觉更容易猝死了，高强度工作还得高强度跑步[doge]
---
[post=69e2583b00000000230211ea; level=1; likes=0.0; status=失败; role=抢救者] 昨晚熬夜锻炼了一晚上，猝死了
---
[post=69e447d2000000001d01aa01; level=2; likes=1.0; status=强势; role=服务者] 更容易猝死了[捂脸R]
---
[post=69e447d2000000001d01aa01; level=2; likes=0.0; status=强势; role=服务者] 更容易猝死了
---
[post=69e447d2000000001d01aa01; level=2; likes=3.0; status=强势; role=服务者] 就是熬夜+运动容易猝死",,,,,,,,,
79,56,71,4,0.9285714285714286,0.8571428571428571,0.14285714285714285,"元气, 最帅, 仔好, 好看, 最像, 可爱, 看上去, 仔跑, 样子, 喜欢","['元气仔最顺眼[捂脸R]', '元气仔最像人[派对R]', '元气仔好帅']","[post=69e45dbe000000001f00434f; level=1; likes=1442.0; status=强势; role=观众] 元气仔姿势最标准[笑哭R]
---
[post=69e45dbe000000001f00434f; level=1; likes=374.0; status=强势; role=观众] 元气仔跑得最好
---
[post=69e45dbe000000001f00434f; level=2; likes=77.0; status=强势; role=观众] 那个元气仔也是荣耀的
---
[post=69e45dbe000000001f00434f; level=1; likes=52.0; status=强势; role=观众] 元气仔跑姿最接近人
---
[post=69e45dbe000000001f00434f; level=2; likes=47.0; status=强势; role=观众] 元气这个感觉最接近人类运动行为了","[post=69e45dbe000000001f00434f; level=1; likes=1442.0; status=强势; role=观众] 元气仔姿势最标准[笑哭R]
---
[post=69df625d0000000021005c63; level=1; likes=0.0; status=失败; role=观众] 跑到死唔断气的样子确实像人类
---
[post=69da7e87000000001a03484e; level=1; likes=0.0; status=强势; role=观众] 看到我们家闪电的身影了[偷笑R]欢迎大家投投票，你一票我一票，元气闪电将出道[红色心形R]
---
[post=69e47f8f000000001f007203; level=1; likes=0.0; status=混合; role=观众] 怎么没看到我们的夺冠选手闪电[旺柴]倒是看到元气仔了，跑的真的很优雅啊","[post=69e45dbe000000001f00434f; level=1; likes=0.0; status=强势; role=观众] 元气仔真的好像人呀
---
[post=69e45dbe000000001f00434f; level=1; likes=0.0; status=强势; role=观众] 元气仔最像人类长跑运动员，而且看上去很轻松惬意
---
[post=69e45dbe000000001f00434f; level=1; likes=0.0; status=强势; role=观众] 元气仔跑步姿势帅。
---
[post=69e45dbe000000001f00434f; level=1; likes=0.0; status=强势; role=观众] 元气仔跑得好优雅
---
[post=69e45dbe000000001f00434f; level=1; likes=2.0; status=强势; role=观众] 元气仔最标准，最像人在跑",,,,,,,,,
80,54,147,10,0.7407407407407407,0.8148148148148148,0.18518518518518517,"补给, 补上, 补给点, 快补, 补给站, 弥补, 私补, 有个, 没给, 需要","['补给补给', '高冷补给[笑哭R]', '补给好帅气[点赞R]']","[post=69da7e87000000001a03484e; level=1; likes=53.0; status=强势; role=观众] 他们应该一人被一个送餐箱去送餐看谁快[doge]
---
[post=69e43b14000000001a02e095; level=1; likes=1.0; status=弱势; role=服务者] 停下来补给一下不是很正常么[偷笑R]
---
[post=69e481e8000000002003ad94; level=1; likes=1.0; status=强势; role=服务者] 他们是算好他在那里停下补给吗？还是要你跑的比他还快，在前面等着给他补给？[偷笑R][偷笑R]
---
[post=69e42cc100000000220001ad; level=2; likes=0.0; status=弱势; role=观众] 随时补给[笑哭R][笑哭R]
---
[post=69e43b14000000001a02e095; level=2; likes=0.0; status=弱势; role=服务者] 666还有中途补给环节[笑哭R]","[post=69da7e87000000001a03484e; level=1; likes=53.0; status=强势; role=观众] 他们应该一人被一个送餐箱去送餐看谁快[doge]
---
[post=69e43b14000000001a02e095; level=1; likes=1.0; status=弱势; role=服务者] 停下来补给一下不是很正常么[偷笑R]
---
[post=69e481e8000000002003ad94; level=1; likes=1.0; status=强势; role=服务者] 他们是算好他在那里停下补给吗？还是要你跑的比他还快，在前面等着给他补给？[偷笑R][偷笑R]
---
[post=69e42cc100000000220001ad; level=2; likes=0.0; status=弱势; role=观众] 随时补给[笑哭R][笑哭R]
---
[post=69e44171000000001a026b25; level=1; likes=0.0; status=混合; role=观众] 补给点没吃补给吧，平常也得多锻炼啊[doge]
---
[post=69e447d2000000001d01aa01; level=2; likes=0.0; status=强势; role=服务者] 可以暂停程序
---
[post=69e2583b00000000230211ea; level=1; likes=0.0; status=失败; role=抢救者] 直线中过人吃
---
[post=69e44278000000001a0217bb; level=2; likes=0.0; status=强势; role=被超越者] 能弥补我的“哇塞”","[post=69e481e8000000002003ad94; level=1; likes=0.0; status=强势; role=服务者] 和人一样，也得补给[偷笑R]
---
[post=69e481e8000000002003ad94; level=1; likes=0.0; status=强势; role=服务者] 这补给太慢了
---
[post=69e481e8000000002003ad94; level=1; likes=0.0; status=强势; role=服务者] 快补，快，不不行了，快[笑哭R]
---
[post=69e59e520000000022027a90; level=1; likes=0.0; status=弱势; role=观众] Hhhh说了骗补的，果不其然[doge]
---
[post=69da7e87000000001a03484e; level=1; likes=53.0; status=强势; role=观众] 他们应该一人被一个送餐箱去送餐看谁快[doge]",,,,,,,,,
81,54,93,14,0.46296296296296297,0.7222222222222222,0.2777777777777778,"闪电, 红色, 紅色, 红衣服, 小红, 跑得快, 火花, 红衣, 有个, 真猛","['红色闪电', '闪电是红色的', '那个红色闪电笑死我了[笑哭R]']","[post=69df625d0000000021005c63; level=2; likes=117.0; status=失败; role=观众] 红色闪电，真猛[点赞R]
---
[post=69df625d0000000021005c63; level=2; likes=63.0; status=失败; role=观众] 那个红色闪电⚡
---
[post=69e48341000000001a02d0c4; level=1; likes=22.0; status=强势; role=观众] 闪电⚡️是真的帅啊，朋友们[飞吻R]
---
[post=69df625d0000000021005c63; level=2; likes=15.0; status=失败; role=观众] 那个红色闪电是谁家的？我去买他家股票
---
[post=69df625d0000000021005c63; level=1; likes=11.0; status=失败; role=观众] 红色的好激情啊","[post=69df625d0000000021005c63; level=2; likes=117.0; status=失败; role=观众] 红色闪电，真猛[点赞R]
---
[post=69e48341000000001a02d0c4; level=1; likes=22.0; status=强势; role=观众] 闪电⚡️是真的帅啊，朋友们[飞吻R]
---
[post=69e4412a000000002103883f; level=1; likes=4.0; status=强势; role=观众] 闪电是冠军
---
[post=69e41e24000000001a025f1a; level=2; likes=3.0; status=失败; role=观众] 闪电是红色的
---
[post=69e44278000000001a0217bb; level=2; likes=2.0; status=强势; role=被超越者] 閃電真的太快了……從別人的視角看不明顯，從跑者的腳步一看簡直是絕望[石化R]
---
[post=69da7e87000000001a03484e; level=2; likes=1.0; status=强势; role=观众] 红色的你自己看吧
---
[post=69e2583b00000000230211ea; level=1; likes=1.0; status=失败; role=抢救者] 那个红色的是心脏吗？哪个器官呢？
---
[post=69db34bb000000001a0348ae; level=2; likes=0.0; status=失败; role=抢救者] 火花带闪电[呃R]","[post=69df625d0000000021005c63; level=1; likes=0.0; status=失败; role=观众] 闪电侠好厉害啊
---
[post=69e4412a000000002103883f; level=1; likes=4.0; status=强势; role=观众] 闪电是冠军
---
[post=69e2583b00000000230211ea; level=1; likes=1.0; status=失败; role=抢救者] 那个红色的是心脏吗？哪个器官呢？
---
[post=69e43b14000000001a02e095; level=1; likes=0.0; status=弱势; role=服务者] 这是红色冲天揪的兄弟？
---
[post=69df625d0000000021005c63; level=1; likes=0.0; status=失败; role=观众] 红色闪电让我想起了它",,,,,,,,,
82,54,115,16,0.14814814814814814,0.8888888888888888,0.1111111111111111,"机器人, 人形机器人, 人工智能, 股票, 基金, 涨停, 玩意, 亏了, 机械, 上不去","['机器人基金又该跌了[doge]', '所以买机器人的股票和基金是不是很有前景[扯脸H]', '因为我买的人工智能基金股票要涨了[doge]']","[post=69e40352000000002102fc75; level=1; likes=2.0; status=常态; role=服务者] 周一机器人大跌
---
[post=69e59e520000000022027a90; level=1; likes=2.0; status=弱势; role=观众] 删了吧。。。。重仓机器人的不活了呗
---
[post=69e59e520000000022027a90; level=1; likes=2.0; status=弱势; role=观众] 我来看看我买了并每天定投的机器人基金发展的咋样了
---
[post=69da7e87000000001a03484e; level=1; likes=1.0; status=强势; role=观众] 反正我清仓了[睡觉R]
---
[post=69df625d0000000021005c63; level=1; likes=1.0; status=失败; role=观众] 明天把机器人股清了","[post=69e40352000000002102fc75; level=1; likes=2.0; status=常态; role=服务者] 周一机器人大跌
---
[post=69e59e520000000022027a90; level=1; likes=2.0; status=弱势; role=观众] 删了吧。。。。重仓机器人的不活了呗
---
[post=69da7e87000000001a03484e; level=1; likes=1.0; status=强势; role=观众] 反正我清仓了[睡觉R]
---
[post=69df625d0000000021005c63; level=1; likes=1.0; status=失败; role=观众] 明天把机器人股清了
---
[post=69e43b14000000001a02e095; level=1; likes=1.0; status=弱势; role=服务者] 一直在定投机器人etf ，未来的好日子都要靠这些机械
---
[post=69e44171000000001a026b25; level=1; likes=1.0; status=混合; role=观众] 机器人要起来了吗[害羞R]明天大涨吧📈
---
[post=69e4551e000000001f005895; level=1; likes=1.0; status=强势; role=被超越者] 这么厉害，下周我的机器人指数能回本不[哭惹R]
---
[post=69e481e8000000002003ad94; level=1; likes=1.0; status=强势; role=服务者] 看到这个消耗场面，我就知道大A植物人还是不能着急下手[笑哭R][笑哭R][笑哭R][笑哭R]","[post=69df625d0000000021005c63; level=1; likes=0.0; status=失败; role=观众] 难怪买的机器人的基金亏死了[哭惹R]
---
[post=69da7e87000000001a03484e; level=2; likes=0.0; status=强势; role=观众] 明天给我的机器人全卖了[微笑R][微笑R][微笑R]
---
[post=69e47f8f000000001f007203; level=2; likes=1.0; status=混合; role=观众] 因为我买的人工智能基金股票要涨了[doge]
---
[post=69e4551e000000001f005895; level=1; likes=1.0; status=强势; role=被超越者] 这么厉害，下周我的机器人指数能回本不[哭惹R]
---
[post=69e447d2000000001d01aa01; level=1; likes=0.0; status=强势; role=服务者] 好搞笑，就说明天机器人是红是绿的[吃瓜R]",,,,,,,,,
83,53,82,9,0.7169811320754716,0.18867924528301888,0.8113207547169812,"蚊子, 苍蝇, 蟑螂, 蜈蚣, 螳螂, 老鼠, 一只, 除了, 恶心, 幼虫","['[doge]蛆不比苍蝇可爱？孑孓也比蚊子可爱', '蚊子，苍蝇，蛆', '除了蚊子苍蝇蟑螂[抽泣R]']","[post=69e42cc100000000220001ad; level=2; likes=823.0; status=弱势; role=观众] 蚊子除外
---
[post=69e42cc100000000220001ad; level=2; likes=545.0; status=弱势; role=观众] 苍蝇除外
---
[post=69e42cc100000000220001ad; level=2; likes=17.0; status=弱势; role=观众] 蟑螂呢？老鼠呢？[偷笑R][偷笑R][偷笑R]
---
[post=69e40352000000002102fc75; level=2; likes=14.0; status=常态; role=服务者] 别人在绕月，苍蝇却盯着厕所[偷笑R]
---
[post=69e4426b000000001d01c7ed; level=2; likes=2.0; status=混合; role=观众] 广东蟑螂🪳：hi～～～～","[post=69e42cc100000000220001ad; level=2; likes=823.0; status=弱势; role=观众] 蚊子除外
---
[post=69e40352000000002102fc75; level=2; likes=14.0; status=常态; role=服务者] 别人在绕月，苍蝇却盯着厕所[偷笑R]
---
[post=69e4426b000000001d01c7ed; level=2; likes=2.0; status=混合; role=观众] 广东蟑螂🪳：hi～～～～
---
[post=69e43b14000000001a02e095; level=1; likes=2.0; status=弱势; role=服务者] 哪个蚊子还咬人家屁屁
---
[post=69da7e87000000001a03484e; level=1; likes=1.0; status=强势; role=观众] [呃R]像，奔跑的大蟑螂
---
[post=69e44278000000001a0217bb; level=2; likes=1.0; status=强势; role=被超越者] 我是蠕动的蛆虫[doge]
---
[post=69e2583b00000000230211ea; level=1; likes=0.0; status=失败; role=抢救者] 变无头苍蝇了
---
[post=69e4412a000000002103883f; level=1; likes=0.0; status=强势; role=观众] 好像诡异的螳螂啊啊啊啊啊[捂脸R]","[post=69e43b14000000001a02e095; level=1; likes=2.0; status=弱势; role=服务者] 哪个蚊子还咬人家屁屁
---
[post=69e42cc100000000220001ad; level=2; likes=0.0; status=弱势; role=观众] 苍蝇小时候不是蛆吗？
---
[post=69e42cc100000000220001ad; level=2; likes=0.0; status=弱势; role=观众] [doge]蛆不比苍蝇可爱？孑孓也比蚊子可爱
---
[post=69e42cc100000000220001ad; level=2; likes=0.0; status=弱势; role=观众] 蟑螂也是小小的[吃瓜R]
---
[post=69e42cc100000000220001ad; level=2; likes=1.0; status=弱势; role=观众] 笑死了楼主不语，楼主只是一味地蚊子蟑螂老鼠除外，直到最后没招了别过来都别过来哈哈哈哈哈哈哈",,,,,,,,,
84,53,164,13,0.5283018867924528,0.8301886792452831,0.16981132075471697,"加油, 用油, 有人, 继续, 加电, 好快, 希望, 夸赞, 一起, 欢呼","['喊加油他听得见吗', '还有人叫加油。。。', '加油加油[赞R]']","[post=69e46032000000001f002048; level=2; likes=6.0; status=常态; role=保护者] 来和我一起喊，MRGA！
---
[post=69e45dbe000000001f00434f; level=1; likes=4.0; status=强势; role=观众] 还有人跟它说加油[扶墙R]
---
[post=69e481e8000000002003ad94; level=2; likes=4.0; status=强势; role=服务者] 它听懂了，不好意思骂，加什么油，老子？新能源[偷笑R]
---
[post=69e481e8000000002003ad94; level=1; likes=3.0; status=强势; role=服务者] 我是不是听到有人喊加油了？
---
[post=69e45dbe000000001f00434f; level=1; likes=3.0; status=强势; role=观众] 我有个疑问:路人在喊加油，它能听得懂么？会提速么？","[post=69e46032000000001f002048; level=2; likes=6.0; status=常态; role=保护者] 来和我一起喊，MRGA！
---
[post=69e45dbe000000001f00434f; level=1; likes=4.0; status=强势; role=观众] 还有人跟它说加油[扶墙R]
---
[post=69e481e8000000002003ad94; level=2; likes=4.0; status=强势; role=服务者] 它听懂了，不好意思骂，加什么油，老子？新能源[偷笑R]
---
[post=69e634590000000022003bb5; level=1; likes=3.0; status=常态; role=观众] 加油！你们很棒！
---
[post=69e4412a000000002103883f; level=1; likes=2.0; status=强势; role=观众] 嗯……喊加油他能听懂吗[笑哭R]
---
[post=69e6f2bc0000000023005345; level=2; likes=1.0; status=弱势; role=观众] 去加油欢呼了一下[害羞R]
---
[post=69df625d0000000021005c63; level=1; likes=0.0; status=失败; role=观众] 大家都加油
---
[post=69e2583b00000000230211ea; level=1; likes=0.0; status=失败; role=抢救者] 加油继续","[post=69e481e8000000002003ad94; level=1; likes=0.0; status=强势; role=服务者] 加电！加电！[加油R]
---
[post=69e42cc100000000220001ad; level=1; likes=0.0; status=弱势; role=观众] 下次加油呀小可爱[笑哭R]
---
[post=69e481e8000000002003ad94; level=2; likes=0.0; status=强势; role=服务者] 对着王者喊wo靠，王者听得懂吗
---
[post=69e59e520000000022027a90; level=1; likes=0.0; status=弱势; role=观众] 加油💪中国制造，作者的解读到位
---
[post=69e4412a000000002103883f; level=1; likes=1.0; status=强势; role=观众] 它不需要加油。只需要夸赞",,,,,,,,,
85,53,56,7,0.49056603773584906,0.7735849056603774,0.22641509433962265,"鲁班, 王者, 有个, 上班, 有人, 我操, 小家伙, 有点像, 想起, 参加","['鲁班大师', '鲁班他二爹', '鲁班 是你吗鲁班？']","[post=69e6f2bc0000000023005345; level=1; likes=26.0; status=弱势; role=观众] 你家孩子正好cos鲁班七号[斜眼R]
---
[post=69e42cc100000000220001ad; level=1; likes=5.0; status=弱势; role=观众] 鲁班七号咋来参加马拉松了[doge]
---
[post=69e47f8f000000001f007203; level=2; likes=5.0; status=混合; role=观众] 这小短腿不是鲁班嘛
---
[post=69e42cc100000000220001ad; level=1; likes=4.0; status=弱势; role=观众] 好像鲁班7号[笑哭R] 迈着矫健的步伐[doge]
---
[post=69e48341000000001a02d0c4; level=2; likes=3.0; status=强势; role=观众] 想起了鲁班七号[doge]","[post=69e6f2bc0000000023005345; level=1; likes=26.0; status=弱势; role=观众] 你家孩子正好cos鲁班七号[斜眼R]
---
[post=69e42cc100000000220001ad; level=1; likes=5.0; status=弱势; role=观众] 鲁班七号咋来参加马拉松了[doge]
---
[post=69e47f8f000000001f007203; level=2; likes=5.0; status=混合; role=观众] 这小短腿不是鲁班嘛
---
[post=69e48341000000001a02d0c4; level=2; likes=3.0; status=强势; role=观众] 想起了鲁班七号[doge]
---
[post=69e4426b000000001d01c7ed; level=2; likes=2.0; status=混合; role=观众] 小鲁班乒乓小将[doge]
---
[post=69da7e87000000001a03484e; level=1; likes=0.0; status=强势; role=观众] 我操这不是岱宗吗
---
[post=69e43b14000000001a02e095; level=1; likes=0.0; status=弱势; role=服务者] 像鲁班的乒乓小将","[post=69e42cc100000000220001ad; level=1; likes=0.0; status=弱势; role=观众] 鲁班七号？
---
[post=69e48341000000001a02d0c4; level=2; likes=0.0; status=强势; role=观众] 感觉好像小鲁班[偷笑R]
---
[post=69e42cc100000000220001ad; level=1; likes=0.0; status=弱势; role=观众] 小鲁班，一抓一死
---
[post=69e42cc100000000220001ad; level=1; likes=4.0; status=弱势; role=观众] 好像鲁班7号[笑哭R] 迈着矫健的步伐[doge]
---
[post=69e48341000000001a02d0c4; level=1; likes=0.0; status=强势; role=观众] 小小的跟鲁班七号差不多[doge]",,,,,,,,,
86,52,122,12,0.5192307692307693,0.8076923076923077,0.19230769230769232,"装备, 爆一地, 自爆, 东西, 厉害, 一下, 太高, 爆率, 满血, 碰瓷","['爆了一地的“装备”[偷笑R]', '装备也太业余了', '怎么导出爆装备啊[笑哭R]']","[post=69e2583b00000000230211ea; level=2; likes=16.0; status=失败; role=抢救者] 一点AI的味道都没看出来。刷到过其他角度的视频，确实爆装备了
---
[post=69e42cc100000000220001ad; level=2; likes=8.0; status=弱势; role=观众] [偷笑R]爆不了，因为买不起[doge]
---
[post=69e2583b00000000230211ea; level=1; likes=5.0; status=失败; role=抢救者] 爆了一地装备
---
[post=69e46730000000001d0199c8; level=1; likes=1.0; status=强势; role=观众] 刚起步就爆装备
---
[post=69e48b0b000000001a02578c; level=1; likes=1.0; status=失败; role=服务者] 这咋还背的啥撒出来了？负重五公里爆装备了吗[捂脸R]","[post=69e2583b00000000230211ea; level=2; likes=16.0; status=失败; role=抢救者] 一点AI的味道都没看出来。刷到过其他角度的视频，确实爆装备了
---
[post=69e42cc100000000220001ad; level=2; likes=8.0; status=弱势; role=观众] [偷笑R]爆不了，因为买不起[doge]
---
[post=69e46730000000001d0199c8; level=1; likes=1.0; status=强势; role=观众] 刚起步就爆装备
---
[post=69e48b0b000000001a02578c; level=1; likes=1.0; status=失败; role=服务者] 这咋还背的啥撒出来了？负重五公里爆装备了吗[捂脸R]
---
[post=69da7e87000000001a03484e; level=1; likes=0.0; status=强势; role=观众] 英雄萨里的自爆兵[新月R]真特么恐怖
---
[post=69df625d0000000021005c63; level=1; likes=0.0; status=失败; role=观众] 上来就爆装备[笑哭了R]
---
[post=69e447d2000000001d01aa01; level=1; likes=0.0; status=强势; role=服务者] 一骑绝尘
---
[post=69e4426b000000001d01c7ed; level=1; likes=0.0; status=混合; role=观众] 那家伙想碰瓷。","[post=69e2583b00000000230211ea; level=1; likes=0.0; status=失败; role=抢救者] 666还掉装备。
---
[post=69e481e8000000002003ad94; level=1; likes=0.0; status=强势; role=服务者] 装备也太业余了
---
[post=69e2583b00000000230211ea; level=1; likes=0.0; status=失败; role=抢救者] 哎呀，爆一地装备，笑死了
---
[post=69e2583b00000000230211ea; level=1; likes=0.0; status=失败; role=抢救者] 跑个步怎么还爆装备了[doge]
---
[post=69e2583b00000000230211ea; level=1; likes=0.0; status=失败; role=抢救者] 装备掉一地",,,,,,,,,
87,50,252,13,0.42,0.78,0.22,"站不稳, 有点累, 好累, 累得, 站不住, 累到, 太累, 真累, 累坏, 疲惫","['站不稳，是不是累了', '[害羞R]累了休息会儿', '累的都站不稳[捂脸R]也不让休息一下']","[post=69e481e8000000002003ad94; level=1; likes=23.0; status=强势; role=服务者] 他还假装往后撤两步，真的累了😮‍💨
---
[post=69e481e8000000002003ad94; level=1; likes=18.0; status=强势; role=服务者] 真像人，都累打晃晃了
---
[post=69e46730000000001d0199c8; level=1; likes=18.0; status=强势; role=观众] 休息的这个好熟悉 [扶墙R]
---
[post=69e48d54000000002102e178; level=2; likes=14.0; status=弱势; role=保护者] 你想啊，你好不容易做出来的东西趴窝了你是不是也会这样有点失落地抱着[偷笑R]
---
[post=69e4426b000000001d01c7ed; level=2; likes=10.0; status=混合; role=观众] 累瘫了，歇会[偷笑R]","[post=69e481e8000000002003ad94; level=1; likes=23.0; status=强势; role=服务者] 他还假装往后撤两步，真的累了😮‍💨
---
[post=69e46730000000001d0199c8; level=1; likes=18.0; status=强势; role=观众] 休息的这个好熟悉 [扶墙R]
---
[post=69e48d54000000002102e178; level=2; likes=14.0; status=弱势; role=保护者] 你想啊，你好不容易做出来的东西趴窝了你是不是也会这样有点失落地抱着[偷笑R]
---
[post=69e4426b000000001d01c7ed; level=2; likes=10.0; status=混合; role=观众] 累瘫了，歇会[偷笑R]
---
[post=69e44171000000001a026b25; level=1; likes=4.0; status=混合; role=观众] “累了...歇会” “算了，这么多人看着呢”
---
[post=69e42cc100000000220001ad; level=2; likes=2.0; status=弱势; role=观众] 哭着趴下去然后喊妈妈[笑哭R]
---
[post=69e43b14000000001a02e095; level=1; likes=2.0; status=弱势; role=服务者] 是它不，最后太累，还是上车了
---
[post=69da7e87000000001a03484e; level=2; likes=0.0; status=强势; role=观众] 背着多难受 抱着吧[暗中观察R]","[post=69e4426b000000001d01c7ed; level=2; likes=0.0; status=混合; role=观众] 可虚了 累了坐会儿吧嘿嘿
---
[post=69e481e8000000002003ad94; level=1; likes=0.0; status=强势; role=服务者] 也是累的够呛，都站不稳了
---
[post=69e6f2bc0000000023005345; level=1; likes=0.0; status=弱势; role=观众] 人总要休息一下，再一下[得意R]
---
[post=69e481e8000000002003ad94; level=1; likes=0.0; status=强势; role=服务者] 站不稳了，累坏了
---
[post=69e48d54000000002102e178; level=2; likes=1.0; status=弱势; role=保护者] 这一看就身体不好，是得搂着[捂脸R]",,,,,,,,,
