topic_id,raw_count,assigned_count,n_posts_raw,top_post_share_raw,level1_share_raw,level2_share_raw,top_terms,representative_docs,top_like_examples,post_diverse_examples,random_examples,risk_flags
0,1129,1222,31,0.4977856510186005,0.6492471213463242,0.3507528786536758,"遥控玩具, 遥控机器人, 遥控, 遥控的, 自主, 自主的, 都是遥控的, 有遥控的, 没意思, 不是遥控","['遥控玩具[偷笑R]', '号码布上写了“自主”“遥控”，估计是有不同的参赛组别', '遥控玩具[失望R]']","[post=69e59e520000000022027a90; level=2; likes=787.0; status=弱势; role=观众] 遥控的，主要是程序员太逗了[笑哭R]
---
[post=69e429b4000000001b00037a; level=2; likes=552.0; status=常态; role=观众] 遥控组作为底层，就是来整活的，毕竟也只能干整活[捂脸R]
---
[post=69e4426b000000001d01c7ed; level=2; likes=426.0; status=混合; role=观众] 那直接放遥控汽车不就起飞了。
---
[post=69e59e520000000022027a90; level=2; likes=344.0; status=弱势; role=观众] 看号码布，遥控的
---
[post=69e59e520000000022027a90; level=2; likes=288.0; status=弱势; role=观众] 拍手这是有人遥控，还是自主设定的反应？","[post=69e59e520000000022027a90; level=2; likes=787.0; status=弱势; role=观众] 遥控的，主要是程序员太逗了[笑哭R]
---
[post=69e429b4000000001b00037a; level=2; likes=552.0; status=常态; role=观众] 遥控组作为底层，就是来整活的，毕竟也只能干整活[捂脸R]
---
[post=69e4426b000000001d01c7ed; level=2; likes=426.0; status=混合; role=观众] 那直接放遥控汽车不就起飞了。
---
[post=69e4b08d000000001d01c1bc; level=2; likes=285.0; status=混合; role=观众] 48分钟那个是遥控的，50分的是自主的，48分的要乘1.2的系数就不是冠军了
---
[post=69df625d0000000021005c63; level=2; likes=251.0; status=失败; role=观众] 都有，遥控的话最后时间要乘以1.2
---
[post=69e634590000000022003bb5; level=1; likes=249.0; status=常态; role=观众] 居然是蓝标，自主不是遥控，棒极了
---
[post=69e463df000000001b003017; level=2; likes=118.0; status=强势; role=服务者] 遥控的要加时间，加权后才是最终成绩
---
[post=69da7e87000000001a03484e; level=2; likes=86.0; status=强势; role=观众] 今年分组别，自主导航组和遥控组，速度也都提升很大。","[post=69e634590000000022003bb5; level=1; likes=0.0; status=常态; role=观众] 后面是遥控器控制走的吧
---
[post=69e481e8000000002003ad94; level=1; likes=0.0; status=强势; role=服务者] 那遥控器的更累[笑哭R]
---
[post=69e481e8000000002003ad94; level=1; likes=8.0; status=强势; role=服务者] 就是个遥控玩具，腿部关节有点难度，换成轮子谁都能做
---
[post=69e481e8000000002003ad94; level=2; likes=1.0; status=强势; role=服务者] 哈哈哈 遥控玩具非要弄成机器人形状
---
[post=69e481e8000000002003ad94; level=1; likes=0.0; status=强势; role=服务者] 拿遥控器那个全程跟跑？那不累死",high_post_dominance
3,634,633,25,0.3675078864353312,0.3233438485804416,0.6766561514195584,"人形机器人, 机器人, 不懂就问, 即便不是最优解, 很难说这种发展方向没有受人想象控制, 现在设计机器人总是沉着与用人形来让它做各种事, 楼梯, 现在很多还用前凸后翘的机器人来吸引眼球, 如果追求不同的功能的话应该依照功能来设计不同的外形比较高效吧, 机器猫","['人形机器人 不管是马斯克的还是中国的 都是纯纯讲故事', '你的问题跟我说的完全不是一个意思哇[尬住R]只是比较疑惑，如果追求不同的功能的话应该依照功能来设计不同的外形比较高效吧，现在设计机器人总是沉着与用人形来让它做各种事[笑哭R]现在很多还用前凸后翘的机器人来吸引眼球，很难说这种发展方向没有受人想象控制，即便不是最优解', '只是比较疑惑，如果追求不同的功能的话应该依照功能来设计不同的外形比较高效吧，现在设计机器人总是沉着与用人形来让它做各种事[笑哭R]现在很多还用前凸后翘的机器人来吸引眼球，很难说这种发展方向没有受人想象控制，即便不是最优解']","[post=69e4426b000000001d01c7ed; level=2; likes=2132.0; status=混合; role=观众] 这是人形机器人，你说的那种是另一种机器人。
---
[post=69e481e8000000002003ad94; level=2; likes=907.0; status=强势; role=服务者] 因为人形可以和人本身结合起来，他可以用人的装备，人的武器，人也可以用他们的
---
[post=69e48b0b000000001a02578c; level=2; likes=307.0; status=失败; role=服务者] 我也觉得。每次有人问，都一大堆人说是为了适配人类社会的设施，但我寻思守望先锋奥丽莎这种设计也行啊
---
[post=69e481e8000000002003ad94; level=2; likes=251.0; status=强势; role=服务者] 很简单的理解。为什么是人型，因为这个社会所有的设施都按人为基准建的。你想，造一个人出来，首先要教会这个人走路，跑步啊，这才只是最简单的一步。只能说现在是刚学会走路跑步的一两岁小孩子。
---
[post=69e42cc100000000220001ad; level=2; likes=168.0; status=弱势; role=观众] 人类社会的一切工具和设施都是基于人体打造的，人形机器人可以无障碍接管，不需要对工具和设施进行适配性改造。  同时，情感需求也是一方面，机器人要融入人类社会，与人类共同协作，其外形需要尽量减少隔阂感，且要能与人类以“人类熟悉的方式”进行互动。 所以，人形态是最好的选择。","[post=69e4426b000000001d01c7ed; level=2; likes=2132.0; status=混合; role=观众] 这是人形机器人，你说的那种是另一种机器人。
---
[post=69e481e8000000002003ad94; level=2; likes=907.0; status=强势; role=服务者] 因为人形可以和人本身结合起来，他可以用人的装备，人的武器，人也可以用他们的
---
[post=69e48b0b000000001a02578c; level=2; likes=307.0; status=失败; role=服务者] 我也觉得。每次有人问，都一大堆人说是为了适配人类社会的设施，但我寻思守望先锋奥丽莎这种设计也行啊
---
[post=69e42cc100000000220001ad; level=2; likes=168.0; status=弱势; role=观众] 人类社会的一切工具和设施都是基于人体打造的，人形机器人可以无障碍接管，不需要对工具和设施进行适配性改造。  同时，情感需求也是一方面，机器人要融入人类社会，与人类共同协作，其外形需要尽量减少隔阂感，且要能与人类以“人类熟悉的方式”进行互动。 所以，人形态是最好的选择。
---
[post=69e48341000000001a02d0c4; level=2; likes=80.0; status=强势; role=观众] 还有问为啥要做成人形的
---
[post=69da7e87000000001a03484e; level=1; likes=77.0; status=强势; role=观众] 我也觉得人行机器人的用途在哪？没必要完全做成人的模样吧 要说让他跑 做成轮子更快 更节约成本啊
---
[post=69df625d0000000021005c63; level=2; likes=69.0; status=失败; role=观众] 因为叫机器人啊，做成狗的叫机器狗，做成蜘蛛的叫机器蜘蛛。。这就是中文基本的表达方法。。又不像英文出现个啥就创造一个单词出来。。。。
---
[post=69e40352000000002102fc75; level=2; likes=38.0; status=常态; role=服务者] 仿生人不就是仿生机器人[doge]","[post=69e481e8000000002003ad94; level=1; likes=0.0; status=强势; role=服务者] 人形机器人现在的最大或者很大的问题上控制或电机器散热问题懂得都懂[捂脸R]
---
[post=69da7e87000000001a03484e; level=2; likes=0.0; status=强势; role=观众] 为啥不把机器狗做成人形呢
---
[post=69e4412a000000002103883f; level=1; likes=0.0; status=强势; role=观众] 现在都不看人了，都看铁疙瘩了
---
[post=69e481e8000000002003ad94; level=2; likes=1.0; status=强势; role=服务者] 人形机器人都能发展得那么好，那你觉得军品，科研产品会差么？
---
[post=69e481e8000000002003ad94; level=2; likes=0.0; status=强势; role=服务者] 我觉得这样模仿人类是愚蠢的，就应该保持机器人特性，多用途多场景，伸展蜘蛛脚，平地，悬崖峭壁都可以，而且平稳性更好。高重心机器人搞平衡就要花费很多计算和能量保持。仅仅让他更像人类",high_post_dominance
4,499,720,27,0.533066132264529,0.6673346693386774,0.3326653306613226,"程序员, 好消息, 坏消息, 这下好了, 救血压上升的程序员, 雾草, 我谢谢你, 救程序员, 招程序员, 程序员跟不上","['程序员[doge]举着电脑在后面跑', '好消息：程序员：我的代码能跑了\n坏消息：程序员：我跑不过我的代码\n网友：没想到有一天码农是个体力活😂', '程序员：不敢熬夜了，还要跑步[捂脸R][捂脸R][捂脸R]']","[post=69e447d2000000001d01aa01; level=1; likes=1848.0; status=强势; role=服务者] 三公里就得换一个程序员
---
[post=69e2583b00000000230211ea; level=1; likes=1030.0; status=失败; role=抢救者] 只有我心疼这个机器的报废了吗，程序员不心碎了吗
---
[post=69e447d2000000001d01aa01; level=2; likes=903.0; status=强势; role=服务者] 这是一个梗 程序和程序员有一个能跑就行[偷笑R]
---
[post=69e634590000000022003bb5; level=2; likes=474.0; status=常态; role=观众] 语音控制电瓶车上的程序员吧[偷笑R]
---
[post=69e447d2000000001d01aa01; level=1; likes=328.0; status=强势; role=服务者] 咱就不能给程序员配个八嘎车，一个开车追，一个改bug[笑哭R]","[post=69e447d2000000001d01aa01; level=1; likes=1848.0; status=强势; role=服务者] 三公里就得换一个程序员
---
[post=69e2583b00000000230211ea; level=1; likes=1030.0; status=失败; role=抢救者] 只有我心疼这个机器的报废了吗，程序员不心碎了吗
---
[post=69e634590000000022003bb5; level=2; likes=474.0; status=常态; role=观众] 语音控制电瓶车上的程序员吧[偷笑R]
---
[post=69e429b4000000001b00037a; level=2; likes=114.0; status=常态; role=观众] 触发底层代码了[笑哭R]
---
[post=69e481e8000000002003ad94; level=2; likes=109.0; status=强势; role=服务者] 可是，程序员也在跑着呐[偷笑R]
---
[post=69da7e87000000001a03484e; level=1; likes=80.0; status=强势; role=观众] 今年不用选体能好的程序员跟跑了，因为体能再好都跟不上了
---
[post=69e4551e000000001f005895; level=1; likes=54.0; status=强势; role=被超越者] 这一车是程序员么
---
[post=69e47f8f000000001f007203; level=2; likes=49.0; status=混合; role=观众] 或许上面坐的是一排排修复bug的程序员呢","[post=69e447d2000000001d01aa01; level=1; likes=1.0; status=强势; role=服务者] 程序猿现在还要干体力活……
---
[post=69e447d2000000001d01aa01; level=2; likes=0.0; status=强势; role=服务者] 程序员没那体力[偷笑R]
---
[post=69e47f8f000000001f007203; level=2; likes=0.0; status=混合; role=观众] 救被气死的程序员
---
[post=69e447d2000000001d01aa01; level=1; likes=0.0; status=强势; role=服务者] 有效解决了程序员久坐问题[笑哭了R]
---
[post=69e481e8000000002003ad94; level=1; likes=0.0; status=强势; role=服务者] 程序员看了直流泪： 办公室写代码、出去还要跑马拉松[哭惹R][哭惹R][哭惹R]",high_post_dominance
5,498,819,24,0.4518072289156626,0.5020080321285141,0.4979919678714859,"小鸟说早早早, 花儿对我笑, 太阳当空照, 逮小偷, 带上, 我去炸学校, 你为什么背着炸药包, 老师不知道, 想想都可怕, 没意义","[""it's actually quite scary thinking as an ex Soldier just imagining thousands of them coming towards you in a Battle with a Gun in its hand 🫣🤪"", '太阳当空照，花儿对我笑，小鸟说早早早，你为什么背上炸药包~我去炸学校，老师不知道，砰的一声，学校没有了~[捂脸R][捂脸R][捂脸R]', '太阳当空照，花儿对我笑。                                    小鸟说早早早，你为什么背着炸药包。                 我要炸学校，老师不知道。                                     一点火我就跑，老师学校全都不见了。                  [害羞R][害羞R][害羞R]']","[post=69e481e8000000002003ad94; level=2; likes=290.0; status=强势; role=服务者] 打仗时候可以绑炸弹冲在前面，火场救援，灾区救援
---
[post=69e481e8000000002003ad94; level=2; likes=217.0; status=强势; role=服务者] 为巷战、为丛林战做准备。
---
[post=69e4c771000000002102c3fc; level=1; likes=169.0; status=常态; role=服务者] 好好练，将来分担抢险救灾的工作💪
---
[post=69e4551e000000001f005895; level=1; likes=93.0; status=强势; role=被超越者] 这玩意加个强化外壳，装上遥控炸药，想拦住不太容易呀[笑哭R]
---
[post=69da7e87000000001a03484e; level=1; likes=91.0; status=强势; role=观众] 可以用于灾害救援啊这个","[post=69e481e8000000002003ad94; level=2; likes=290.0; status=强势; role=服务者] 打仗时候可以绑炸弹冲在前面，火场救援，灾区救援
---
[post=69e4c771000000002102c3fc; level=1; likes=169.0; status=常态; role=服务者] 好好练，将来分担抢险救灾的工作💪
---
[post=69e4551e000000001f005895; level=1; likes=93.0; status=强势; role=被超越者] 这玩意加个强化外壳，装上遥控炸药，想拦住不太容易呀[笑哭R]
---
[post=69da7e87000000001a03484e; level=1; likes=91.0; status=强势; role=观众] 可以用于灾害救援啊这个
---
[post=69e46032000000001f002048; level=2; likes=76.0; status=常态; role=保护者] 现在距离派往光州已经就差一秒六棍了
---
[post=69e44278000000001a0217bb; level=2; likes=25.0; status=强势; role=被超越者] 白活这么大了 导弹都接不住
---
[post=69e634590000000022003bb5; level=2; likes=19.0; status=常态; role=观众] 这玩意和火药一个道理，在我们这里是烟花，在别人那里是炮弹！但是我们现在肯定不会这么傻了[doge]
---
[post=69e59e520000000022027a90; level=1; likes=13.0; status=弱势; role=观众] 希望以后追杀我的都是这些型号[doge]","[post=69e44278000000001a0217bb; level=1; likes=0.0; status=强势; role=被超越者] 还以为你被追杀[捂脸R]
---
[post=69e46730000000001d0199c8; level=2; likes=1.0; status=强势; role=观众] 至少可以去战场躺雷，别限制了自己的想象力哈[偷笑R][偷笑R][偷笑R]
---
[post=69e447d2000000001d01aa01; level=2; likes=1.0; status=强势; role=服务者] 战场行军？
---
[post=69da7e87000000001a03484e; level=1; likes=0.0; status=强势; role=观众] 这玩意搞偷袭，数百公里外敌人就听见了
---
[post=69da7e87000000001a03484e; level=1; likes=0.0; status=强势; role=观众] 这玩意要是带自瞄准追我，我要吓疯",high_post_dominance
6,435,652,28,0.3195402298850575,0.7540229885057471,0.2459770114942528,"粉碎性骨折, 粉身碎骨浑不怕, 摔得稀碎, 东一块, 假摔, 看到这个, 我一直在等他摔倒, 孩子啊, 还好, 捂脸r","['粉碎性骨折、挣扎几下就不动了…', '粉碎性骨折[doge]', '让他撞了，我是不是得“粉碎性骨折”[石化R]']","[post=69e48d54000000002102e178; level=1; likes=4072.0; status=弱势; role=保护者] 他是怕摔下来，公司要他赔
---
[post=69e2583b00000000230211ea; level=1; likes=774.0; status=失败; role=抢救者] 粉碎性骨折[doge]
---
[post=69e44171000000001a026b25; level=2; likes=707.0; status=混合; role=观众] 它倒地都是很温柔的找好角度倒的 不像别个直接一个雷霆大摔 摔的七零八落担架抬走[笑哭R]
---
[post=69e46730000000001d0199c8; level=2; likes=522.0; status=强势; role=观众] 还摔了一跤呢，担架都上来了，但是没用上，扶起来起来又跑了[笑哭R]
---
[post=69e2583b00000000230211ea; level=2; likes=307.0; status=失败; role=抢救者] 就这么摔一下就散架了，在家就没测试过的吧[笑哭R]","[post=69e48d54000000002102e178; level=1; likes=4072.0; status=弱势; role=保护者] 他是怕摔下来，公司要他赔
---
[post=69e2583b00000000230211ea; level=1; likes=774.0; status=失败; role=抢救者] 粉碎性骨折[doge]
---
[post=69e44171000000001a026b25; level=2; likes=707.0; status=混合; role=观众] 它倒地都是很温柔的找好角度倒的 不像别个直接一个雷霆大摔 摔的七零八落担架抬走[笑哭R]
---
[post=69e46730000000001d0199c8; level=2; likes=522.0; status=强势; role=观众] 还摔了一跤呢，担架都上来了，但是没用上，扶起来起来又跑了[笑哭R]
---
[post=69da7e87000000001a03484e; level=2; likes=164.0; status=强势; role=观众] 大不了换零件[doge]
---
[post=69db34bb000000001a0348ae; level=2; likes=88.0; status=失败; role=抢救者] 粉碎性骨折啊这是
---
[post=69e41e24000000001a025f1a; level=1; likes=79.0; status=失败; role=观众] 啥东西，碎一地[doge]
---
[post=69e42cc100000000220001ad; level=2; likes=36.0; status=弱势; role=观众] 这个摔烂直接被扔在路边了","[post=69e2583b00000000230211ea; level=1; likes=0.0; status=失败; role=抢救者] 这是ai吗？怎么可能碎成这样，还有粉末
---
[post=69da7e87000000001a03484e; level=1; likes=0.0; status=强势; role=观众] 地板还好吗
---
[post=69e59e520000000022027a90; level=1; likes=0.0; status=弱势; role=观众] 如果不小心被它撞到，我要做什么。。
---
[post=69e42cc100000000220001ad; level=2; likes=0.0; status=弱势; role=观众] 厉害，竟然没摔倒
---
[post=69e4426b000000001d01c7ed; level=2; likes=4.0; status=混合; role=观众] 不敢扶，怕讹人[萌萌哒R]",high_post_dominance
7,390,693,26,0.6,0.8153846153846154,0.1846153846153846,"进步太快了, 赞r, 进步神速啊, 点赞r, 我去, 比去年进步很多, 今年就健步如飞了, 进步真快, 太厉害了, 进化的真快啊","['进步太快了。', '进步太快了', '进步太快了，去年还摔掉脑袋[笑哭R]']","[post=69e4c771000000002102c3fc; level=1; likes=545.0; status=常态; role=服务者] 时隔一年进步就这么大，为祖国骄傲
---
[post=69e45dbe000000001f00434f; level=1; likes=251.0; status=强势; role=观众] 去年都还在连滚带爬，今年已经从从容容了[彩虹R][彩虹R][赞R][赞R]
---
[post=69e48d54000000002102e178; level=1; likes=74.0; status=弱势; role=保护者] 相信他们会把它们“养”好的，感觉今年脚底下利索点了
---
[post=69da7e87000000001a03484e; level=1; likes=69.0; status=强势; role=观众] 比起昨年，肉眼可见的进步
---
[post=69e4c771000000002102c3fc; level=2; likes=66.0; status=常态; role=服务者] 这一年来进步神速，期待明年更大的惊喜！","[post=69e4c771000000002102c3fc; level=1; likes=545.0; status=常态; role=服务者] 时隔一年进步就这么大，为祖国骄傲
---
[post=69e45dbe000000001f00434f; level=1; likes=251.0; status=强势; role=观众] 去年都还在连滚带爬，今年已经从从容容了[彩虹R][彩虹R][赞R][赞R]
---
[post=69e48d54000000002102e178; level=1; likes=74.0; status=弱势; role=保护者] 相信他们会把它们“养”好的，感觉今年脚底下利索点了
---
[post=69da7e87000000001a03484e; level=1; likes=69.0; status=强势; role=观众] 比起昨年，肉眼可见的进步
---
[post=69df625d0000000021005c63; level=1; likes=46.0; status=失败; role=观众] 能笑就笑吧，明年就没得笑了。[笑哭R]
---
[post=69e634590000000022003bb5; level=2; likes=44.0; status=常态; role=观众] 今年有40%的自住跑哦，每一年都有很大进步的，你可以去看看去年的
---
[post=69e447d2000000001d01aa01; level=1; likes=40.0; status=强势; role=服务者] 一派勃勃生机，万物竞发的景象就在眼前[偷笑R]
---
[post=69e59e520000000022027a90; level=2; likes=32.0; status=弱势; role=观众] 已经比去年的好很多了感觉","[post=69da7e87000000001a03484e; level=1; likes=0.0; status=强势; role=观众] 还记得去年[捂脸R]一年的时间，进步真的很快了
---
[post=69da7e87000000001a03484e; level=1; likes=0.0; status=强势; role=观众] 上次有个马拉松比赛是什么时候，那个时候还要有工作人员在旁边陪跑。有的头掉了，有的摔跤[笑哭R]这过去有一年了不
---
[post=69da7e87000000001a03484e; level=1; likes=0.0; status=强势; role=观众] 这就是一年的发展速度吗？
---
[post=69da7e87000000001a03484e; level=1; likes=0.0; status=强势; role=观众] 比起第一届进步好多呦
---
[post=69e43b14000000001a02e095; level=1; likes=0.0; status=弱势; role=服务者] 很难想象去年的大家还是慢慢悠悠逛完全程没有散架就算成功的",high_post_dominance
8,370,568,18,0.5864864864864865,0.4027027027027027,0.5972972972972973,"不行吗, 我有个想法, 轮子, 轮子不是更快吗, 为啥不用轮子, 没苦硬吃, 装四个轮子, 能不能做成四个轮子的, 更快, 不是更快","['我有个想法，给他们装上四个轮子是不是更快点', '我有个想法，为了适应不同的环境 要不把轮子换成履带[doge][doge]', '对啊，跑步爬楼梯，不行吗？越障，越野，不行吗？而且我说了，技术验证，技术储备，不行吗？你双足都能做好了，其他轮式会做不了？连这都想不明白']","[post=69e2583b00000000230211ea; level=1; likes=6166.0; status=失败; role=抢救者] 能不能做成四个轮子的，加一种液体就可以跑起来的那种！
---
[post=69e481e8000000002003ad94; level=1; likes=4733.0; status=强势; role=服务者] 比跑步干嘛非要人形，轮子不是更快[笑哭R]
---
[post=69e48b0b000000001a02578c; level=1; likes=1201.0; status=失败; role=服务者] 为什么非要学人用两条腿走，腿也没那么好使，走路累死了，所以人们都骑电动[失望R]
---
[post=69e481e8000000002003ad94; level=2; likes=698.0; status=强势; role=服务者] 等明年搞一个5公里越野跑，后年搞一个负重60公斤5公里越野跑，你就知道为什么要人形了。
---
[post=69e2583b00000000230211ea; level=2; likes=115.0; status=失败; role=抢救者] [doge]先把那些楼梯都不会上的筛掉","[post=69e2583b00000000230211ea; level=1; likes=6166.0; status=失败; role=抢救者] 能不能做成四个轮子的，加一种液体就可以跑起来的那种！
---
[post=69e481e8000000002003ad94; level=1; likes=4733.0; status=强势; role=服务者] 比跑步干嘛非要人形，轮子不是更快[笑哭R]
---
[post=69e48b0b000000001a02578c; level=1; likes=1201.0; status=失败; role=服务者] 为什么非要学人用两条腿走，腿也没那么好使，走路累死了，所以人们都骑电动[失望R]
---
[post=69da7e87000000001a03484e; level=2; likes=48.0; status=强势; role=观众] 科技发展啊，双腿更容易应对复杂地形啊。
---
[post=69e4426b000000001d01c7ed; level=2; likes=34.0; status=混合; role=观众] 人类生活环境有不少阶梯和上下坡，四轮的可走不了这些路[doge]
---
[post=69e447d2000000001d01aa01; level=2; likes=19.0; status=强势; role=服务者] 轮上不了楼爬不了山，用处不一样
---
[post=69e48341000000001a02d0c4; level=2; likes=15.0; status=强势; role=观众] 如果四轮的行，我觉得螺旋桨的也行
---
[post=69e46730000000001d0199c8; level=2; likes=11.0; status=强势; role=观众] 两条腿的跟两条腿的比，拉人的那个车属于保障车，你可以理解成人马拉松的救护车你知道，就是为了后边那个突然嘎地上的能尽快捡起来","[post=69e481e8000000002003ad94; level=1; likes=0.0; status=强势; role=服务者] 感觉加个尾巴更容易平衡，
---
[post=69da7e87000000001a03484e; level=1; likes=0.0; status=强势; role=观众] 可以用轮子➕腿，是不是更快，更稳，还静音？？？
---
[post=69e481e8000000002003ad94; level=2; likes=0.0; status=强势; role=服务者] 加上螺旋桨飞起来更快。
---
[post=69e481e8000000002003ad94; level=1; likes=0.0; status=强势; role=服务者] 用轮子不行吗[汗颜R]
---
[post=69da7e87000000001a03484e; level=1; likes=1.0; status=强势; role=观众] 跑的没轮子快，跑得也不像人呀？还要人操控，不知道有啥用。",high_post_dominance
9,364,637,26,0.4203296703296703,0.8076923076923077,0.1923076923076923,"坐着跑, 身体前倾, 最后一个跑姿最好, 闪开, 赞r, 太不容易了, 哇塞, 大笑r, 哈哈哈哈哈, 特别是停下的时候","['最后一个跑姿最好[偷笑R][偷笑R]', '坐着跑─=≡Σ(((つ•̀ω•́)つ比较省力，快点正常', '跑步鄙视链的最底层:坐着跑，哈哈哈']","[post=69da7e87000000001a03484e; level=1; likes=1046.0; status=强势; role=观众] 我就知道是因为你小子使劲儿跑步呢[生气R][生气R]
---
[post=69e46730000000001d0199c8; level=1; likes=254.0; status=强势; role=观众] 这个最像人跑步👍
---
[post=69e634590000000022003bb5; level=2; likes=193.0; status=常态; role=观众] 就跟人跑到最后的状态好相似
---
[post=69e47f8f000000001f007203; level=1; likes=156.0; status=混合; role=观众] 哇塞，这个跑步的姿势很矫健呐[赞R]
---
[post=69e634590000000022003bb5; level=2; likes=139.0; status=常态; role=观众] 跑步姿势很帅","[post=69da7e87000000001a03484e; level=1; likes=1046.0; status=强势; role=观众] 我就知道是因为你小子使劲儿跑步呢[生气R][生气R]
---
[post=69e46730000000001d0199c8; level=1; likes=254.0; status=强势; role=观众] 这个最像人跑步👍
---
[post=69e634590000000022003bb5; level=2; likes=193.0; status=常态; role=观众] 就跟人跑到最后的状态好相似
---
[post=69e47f8f000000001f007203; level=1; likes=156.0; status=混合; role=观众] 哇塞，这个跑步的姿势很矫健呐[赞R]
---
[post=69e43a5a000000001d01dcc7; level=1; likes=68.0; status=常态; role=观众] 虽然跑得慢，但架不住戏挺多的[笑哭R][笑哭R]
---
[post=69df625d0000000021005c63; level=2; likes=43.0; status=失败; role=观众] 这个视频负责搞笑的，正常跑的没笑点[偷笑R]
---
[post=69e481e8000000002003ad94; level=2; likes=28.0; status=强势; role=服务者] 幼儿跑步的时候，也一样一个台阶就废
---
[post=69e44171000000001a026b25; level=2; likes=26.0; status=混合; role=观众] 不是跑的慢，是故意慢下来整活儿吧[笑哭R]","[post=69e47f8f000000001f007203; level=2; likes=0.0; status=混合; role=观众] 大家跑得都好心酸
---
[post=69da7e87000000001a03484e; level=1; likes=1.0; status=强势; role=观众] 最后一个最好，是人类跑姿
---
[post=69e47f8f000000001f007203; level=1; likes=156.0; status=混合; role=观众] 哇塞，这个跑步的姿势很矫健呐[赞R]
---
[post=69e634590000000022003bb5; level=1; likes=1.0; status=常态; role=观众] 跑步姿势也太美丽了吧。一路跟在后面，好像看着自己的孩子参加比赛，跑到后面右腿有点受伤了的感觉，依然坚持跑到终点，太不容易了，大家都棒棒哒。[赞R][赞R][赞R]
---
[post=69da7e87000000001a03484e; level=1; likes=0.0; status=强势; role=观众] 倒数第一第二的跑步姿势最像",high_post_dominance
12,309,587,13,0.919093851132686,0.7896440129449838,0.2103559870550161,"干冰, 冰块降温, 干冰降温, 冰块, 冷却液, 加冰块降温, 降温, 干冰吗, 散热用的, 加冰降温","['干冰？常温下干冰这样吗？[笑哭R]', '干冰，这个桶可太熟悉了[笑哭R]', '干冰，冷却液[笑哭R]']","[post=69e481e8000000002003ad94; level=2; likes=154.0; status=强势; role=服务者] 冰块，降温散热用的。
---
[post=69e41e24000000001a025f1a; level=2; likes=110.0; status=失败; role=观众] 背后加入冷却冰块，后面车上人有冰桶，过一阵就往里面倒，挺好玩的
---
[post=69e481e8000000002003ad94; level=2; likes=69.0; status=强势; role=服务者] 干冰，这个桶可太熟悉了[笑哭R]
---
[post=69e48b0b000000001a02578c; level=1; likes=38.0; status=失败; role=服务者] 这天气需要背着这玩意降温的话，说明内部设计完全不合理
---
[post=69e481e8000000002003ad94; level=2; likes=35.0; status=强势; role=服务者] 冰块啊！应该是降温用的","[post=69e481e8000000002003ad94; level=2; likes=154.0; status=强势; role=服务者] 冰块，降温散热用的。
---
[post=69e41e24000000001a025f1a; level=2; likes=110.0; status=失败; role=观众] 背后加入冷却冰块，后面车上人有冰桶，过一阵就往里面倒，挺好玩的
---
[post=69e48b0b000000001a02578c; level=1; likes=38.0; status=失败; role=服务者] 这天气需要背着这玩意降温的话，说明内部设计完全不合理
---
[post=69e46032000000001f002048; level=1; likes=7.0; status=常态; role=保护者] 冰箱：啧啧啧啧啧
---
[post=69df625d0000000021005c63; level=2; likes=3.0; status=失败; role=观众] 到哪都有你们这号人，我说冰箱不好用你就说不好用你自己去造一个[doge][doge][赞R][赞R]
---
[post=69e43b14000000001a02e095; level=1; likes=1.0; status=弱势; role=服务者] 有个货背后背了一袋子冰块！
---
[post=69e2583b00000000230211ea; level=1; likes=0.0; status=失败; role=抢救者] 里面还有泥土？！稀土散热？！
---
[post=69e48341000000001a02d0c4; level=1; likes=0.0; status=强势; role=观众] 还要派几个人加冰降温","[post=69e481e8000000002003ad94; level=1; likes=0.0; status=强势; role=服务者] 像是给背包里倒冰块呢
---
[post=69e481e8000000002003ad94; level=1; likes=1.0; status=强势; role=服务者] cpu都干冒烟了，加干冰也没用
---
[post=69e481e8000000002003ad94; level=1; likes=0.0; status=强势; role=服务者] 后背＋冰块  全身喷冷却液   它太热且太累  都快站不稳了  [笑哭了R]  …
---
[post=69e481e8000000002003ad94; level=1; likes=0.0; status=强势; role=服务者] 後面放的是什麼？
---
[post=69e481e8000000002003ad94; level=1; likes=0.0; status=强势; role=服务者] 背冰🧊降温？",high_post_dominance
14,277,397,23,0.3465703971119133,0.4332129963898917,0.5667870036101083,"科技强国, 科技在进步, 应用, 科技的进步, 技术展示, 点赞r, 无聊, 有意义吗, 挺好的, 科技发展真快","['感叹，科技的进步[点赞R][点赞R][点赞R]', '科技强国', '科技强国，']","[post=69e4b08d000000001d01c1bc; level=2; likes=2577.0; status=混合; role=观众] 这个是纯展示技术呀
---
[post=69e47f8f000000001f007203; level=2; likes=877.0; status=混合; role=观众] 技术就在无聊中诞生
---
[post=69db34bb000000001a0348ae; level=1; likes=264.0; status=失败; role=抢救者] 科技服务不了人，还是人在服务科技[捂脸R]
---
[post=69e40352000000002102fc75; level=2; likes=161.0; status=常态; role=服务者] 技术的进步不可能一蹴而就
---
[post=69e40352000000002102fc75; level=2; likes=44.0; status=常态; role=服务者] 现在任何领域都需要创新，既然发明出来了就有意义","[post=69e4b08d000000001d01c1bc; level=2; likes=2577.0; status=混合; role=观众] 这个是纯展示技术呀
---
[post=69e47f8f000000001f007203; level=2; likes=877.0; status=混合; role=观众] 技术就在无聊中诞生
---
[post=69db34bb000000001a0348ae; level=1; likes=264.0; status=失败; role=抢救者] 科技服务不了人，还是人在服务科技[捂脸R]
---
[post=69e40352000000002102fc75; level=2; likes=161.0; status=常态; role=服务者] 技术的进步不可能一蹴而就
---
[post=69da7e87000000001a03484e; level=2; likes=40.0; status=强势; role=观众] 就是要一点点研发设计呀。谁也没让他们现在就去[笑哭R]
---
[post=69e481e8000000002003ad94; level=2; likes=30.0; status=强势; role=服务者] 比卫浴门帘柜有科技含量点
---
[post=69e4551e000000001f005895; level=1; likes=24.0; status=强势; role=被超越者] 为科技进步自豪[赞R]
---
[post=69e45dbe000000001f00434f; level=1; likes=8.0; status=强势; role=观众] 看得我一身鸡皮疙瘩。两年时间。我们国家的具身智能发展又往前迈了一大步，不敢想象2030年会怎么样","[post=69da7e87000000001a03484e; level=1; likes=1.0; status=强势; role=观众] 技术发展真是突飞猛进啊😱
---
[post=69e40352000000002102fc75; level=2; likes=0.0; status=常态; role=服务者] 这就是我现在研究的玩意儿
---
[post=69e59e520000000022027a90; level=1; likes=0.0; status=弱势; role=观众] 这科技发展的真快呀
---
[post=69da7e87000000001a03484e; level=2; likes=1.0; status=强势; role=观众] 这种科技进步超快，一两个月就更新[笑哭R]
---
[post=69e40352000000002102fc75; level=2; likes=0.0; status=常态; role=服务者] 技术的进步需要大量资金去迭代和发展，一开始就要结果的那是修仙，不，修仙都没那么快的",high_post_dominance
15,239,504,18,0.3807531380753138,0.4435146443514644,0.5564853556485355,"机器人救护车, 医生, 笑死我了机器人也得人工呼吸呐, 人工呼吸, 心肺复苏, 加油r, 无视所有红灯的情况下, 看到120来了和躺在地上的机器人, 明年可能救护车都是机器人变形来的, 然后运坏了的机器人","['哈哈哈哈 机器人救护车🚑', '机器人救护车 给机器人整活[笑哭R]', '机器人救护车，我还以为是机器人抢救人[笑哭R]']","[post=69db34bb000000001a0348ae; level=1; likes=2706.0; status=失败; role=抢救者] 我还以为是机器人医生来救人[笑哭R]
---
[post=69e47f8f000000001f007203; level=2; likes=1060.0; status=混合; role=观众] 救人的 旁边在进行人类马拉松[大笑R]
---
[post=69db34bb000000001a0348ae; level=1; likes=384.0; status=失败; role=抢救者] 机器人抢救团队—爱回收
---
[post=69da7e87000000001a03484e; level=2; likes=228.0; status=强势; role=观众] 外骨骼机器人让你自己跑去医院途中顺便给你心肺复苏[doge]
---
[post=69db34bb000000001a0348ae; level=1; likes=95.0; status=失败; role=抢救者] 社会发展到机器人都有救护车了，却还没有动物救护车","[post=69db34bb000000001a0348ae; level=1; likes=2706.0; status=失败; role=抢救者] 我还以为是机器人医生来救人[笑哭R]
---
[post=69e47f8f000000001f007203; level=2; likes=1060.0; status=混合; role=观众] 救人的 旁边在进行人类马拉松[大笑R]
---
[post=69da7e87000000001a03484e; level=2; likes=228.0; status=强势; role=观众] 外骨骼机器人让你自己跑去医院途中顺便给你心肺复苏[doge]
---
[post=69e59e520000000022027a90; level=2; likes=9.0; status=弱势; role=观众] 速度快关键时刻可以救乱穿马路的小盆友
---
[post=69e2583b00000000230211ea; level=2; likes=6.0; status=失败; role=抢救者] 别急，一会医生拿着药箱就出来了
---
[post=69e634590000000022003bb5; level=1; likes=4.0; status=常态; role=观众] 莫名的喜感[捂脸R]机器人救护车 机器人坐车车[大笑R]太可爱啦
---
[post=69e447d2000000001d01aa01; level=1; likes=3.0; status=强势; role=服务者] 我就说机器人马拉松干嘛停个120[捂脸R]
---
[post=69e40352000000002102fc75; level=1; likes=1.0; status=常态; role=服务者] 昨天回家路上看见的机器人救护车[笑哭R]","[post=69e46730000000001d0199c8; level=1; likes=0.0; status=强势; role=观众] 我觉得我还可以抢救一下
---
[post=69da7e87000000001a03484e; level=1; likes=1.0; status=强势; role=观众] 让它负重跑 负重300磅 可以用于救人
---
[post=69e4426b000000001d01c7ed; level=2; likes=0.0; status=混合; role=观众] 等待救護車中！
---
[post=69da7e87000000001a03484e; level=2; likes=0.0; status=强势; role=观众] 背过去发现瞳孔散了，心梗最重要的是病发后三十秒
---
[post=69e47f8f000000001f007203; level=2; likes=1060.0; status=混合; role=观众] 救人的 旁边在进行人类马拉松[大笑R]",high_post_dominance
17,219,428,24,0.3059360730593607,0.502283105022831,0.4977168949771689,"这是马拉松吗, 比它们还废, 是一个道理, 真人跑马拉松也没个什么用处, 目的不是为比赛跑步, 看喝醉了吧, 甚至还能推着你去参加马拉松, 现场惨不忍睹, 真的是全马吗, 真要追问意义","['一看你说的就是外行话。人类跑马拉松也得有补给站。赛车不也得有补给站吗？是一个道理！你老说些没用的有用吗？毕竟现在人类科技还没有发明永动机。承认自己行就那么难吗？非得承认自己不行，还得证明你自己哪儿不行！', '这是马拉松吗？不是百米冲刺？', '这是马拉松吗 这不一百米吗？']","[post=69e447d2000000001d01aa01; level=2; likes=590.0; status=强势; role=服务者] 就是一个象征，能跑马拉松就能追到在嫌疑人[大笑R]真要追问意义，人跑马拉松也没意义，不如田里耕地[大笑R]
---
[post=69df625d0000000021005c63; level=2; likes=201.0; status=失败; role=观众] 你蹲着跑马拉松看看裁判会罚你吗？
---
[post=69e44171000000001a026b25; level=1; likes=94.0; status=混合; role=观众] 搞什么跑步比赛啊，搞居家服务比赛啊
---
[post=69e481e8000000002003ad94; level=2; likes=63.0; status=强势; role=服务者] 人类跑还有补能补水呢。历史上第一个没有补给跑完全马的人，跑完就嘎了
---
[post=69e429b4000000001b00037a; level=2; likes=33.0; status=常态; role=观众] 这个型号不是为跑步项目开发的，拿不到名次可能也跑不完比赛，所以跑不跑无所谓[doge][doge][doge]","[post=69e447d2000000001d01aa01; level=2; likes=590.0; status=强势; role=服务者] 就是一个象征，能跑马拉松就能追到在嫌疑人[大笑R]真要追问意义，人跑马拉松也没意义，不如田里耕地[大笑R]
---
[post=69df625d0000000021005c63; level=2; likes=201.0; status=失败; role=观众] 你蹲着跑马拉松看看裁判会罚你吗？
---
[post=69e44171000000001a026b25; level=1; likes=94.0; status=混合; role=观众] 搞什么跑步比赛啊，搞居家服务比赛啊
---
[post=69e481e8000000002003ad94; level=2; likes=63.0; status=强势; role=服务者] 人类跑还有补能补水呢。历史上第一个没有补给跑完全马的人，跑完就嘎了
---
[post=69e429b4000000001b00037a; level=2; likes=33.0; status=常态; role=观众] 这个型号不是为跑步项目开发的，拿不到名次可能也跑不完比赛，所以跑不跑无所谓[doge][doge][doge]
---
[post=69e4b08d000000001d01c1bc; level=2; likes=21.0; status=混合; role=观众] 马拉松的意义时间纪念那个叫马拉松的人。锻炼身体和耐力不一定，锻炼精神可以。
---
[post=69e48341000000001a02d0c4; level=1; likes=8.0; status=强势; role=观众] 分工明确，有展示速度的，有负责卖萌的，还有专门搞笑的。这比真人马拉松好看多了。[笑哭R]
---
[post=69e47f8f000000001f007203; level=2; likes=8.0; status=混合; role=观众] 跑步测试，未来肯定得进入生活的测试，都是一步步来的","[post=69e481e8000000002003ad94; level=2; likes=0.0; status=强势; role=服务者] 马拉松也不是人人都能跑完全程的，人回去睡一觉再来你能接受吗？
---
[post=69e481e8000000002003ad94; level=1; likes=0.0; status=强势; role=服务者] 真人跑都没这服务
---
[post=69e447d2000000001d01aa01; level=2; likes=0.0; status=强势; role=服务者] 以后招聘面试，得先到运动场跑上几圈，还要验一下马拉松完赛奖牌是不是真的[大笑R]
---
[post=69e447d2000000001d01aa01; level=2; likes=0.0; status=强势; role=服务者] 失业原因：跑不了马拉松
---
[post=69e481e8000000002003ad94; level=2; likes=0.0; status=强势; role=服务者] 硬件能力测试吧，跑步只是一个测试方式",high_post_dominance
18,212,366,20,0.330188679245283,0.5990566037735849,0.4009433962264151,"还拿个奶瓶, 脖子上还挂个奶嘴, 拿奶瓶的倒数第一, 提两箱牛奶, 真有奶瓶, 小的太可爱了, 脖子上还挂了个奶嘴, 拿着奶瓶, 大笑r, 太可爱啦","['拿奶瓶的倒数第一，哈哈。', '太可爱了，还拿个奶瓶', '太可爱了[大笑R]它还拿着奶瓶的年纪，很努力了[大笑R][偷笑R][偷笑R][偷笑R]']","[post=69e4426b000000001d01c7ed; level=1; likes=5607.0; status=混合; role=观众] 太可爱啦还拿着奶瓶🍼[笑哭R][笑哭R][笑哭R][笑哭R][笑哭R][笑哭R]
---
[post=69e43b14000000001a02e095; level=1; likes=437.0; status=弱势; role=服务者] 凭什么别人有奶瓶[doge]
---
[post=69e4426b000000001d01c7ed; level=2; likes=323.0; status=混合; role=观众] 小的拿个奶瓶踉踉跄跄得往前冲太可爱了哎哟喂
---
[post=69e4426b000000001d01c7ed; level=2; likes=291.0; status=混合; role=观众] 哈哈哈，一看真拿了个奶瓶🍼
---
[post=69e59e520000000022027a90; level=2; likes=137.0; status=弱势; role=观众] 拿着个奶瓶可可爱爱的","[post=69e4426b000000001d01c7ed; level=1; likes=5607.0; status=混合; role=观众] 太可爱啦还拿着奶瓶🍼[笑哭R][笑哭R][笑哭R][笑哭R][笑哭R][笑哭R]
---
[post=69e43b14000000001a02e095; level=1; likes=437.0; status=弱势; role=服务者] 凭什么别人有奶瓶[doge]
---
[post=69e59e520000000022027a90; level=2; likes=137.0; status=弱势; role=观众] 拿着个奶瓶可可爱爱的
---
[post=69e47f8f000000001f007203; level=2; likes=112.0; status=混合; role=观众] 手上还有小奶瓶[黄金薯R]
---
[post=69e4412a000000002103883f; level=1; likes=105.0; status=强势; role=观众] 哈哈，拿着奶嘴就上来了，小卡拉咪
---
[post=69e48d54000000002102e178; level=2; likes=84.0; status=弱势; role=保护者] 小派，拿着奶瓶，脖子上还挂了个安慰奶嘴
---
[post=69e44278000000001a0217bb; level=2; likes=50.0; status=强势; role=被超越者] 胸前还挂了一个奶嘴[捂脸R][捂脸R]
---
[post=69e48341000000001a02d0c4; level=1; likes=30.0; status=强势; role=观众] 最后俩还没断奶就去跑步了啊","[post=69e4426b000000001d01c7ed; level=1; likes=0.0; status=混合; role=观众] 小奶娃能跑
---
[post=69e48341000000001a02d0c4; level=1; likes=0.0; status=强势; role=观众] 你的意思，不拿奶瓶，拿个勺子？
---
[post=69e47f8f000000001f007203; level=1; likes=0.0; status=混合; role=观众] 拿奶瓶🍼那个好可爱[偷笑R]为什么还在吃奶也要跑那么远[捂脸R]辛苦了宝宝
---
[post=69e43b14000000001a02e095; level=2; likes=3.0; status=弱势; role=服务者] 小豆丁可爱，还拿个奶瓶🍼[笑哭R]
---
[post=69e59e520000000022027a90; level=2; likes=137.0; status=弱势; role=观众] 拿着个奶瓶可可爱爱的",high_post_dominance
21,188,281,10,0.7340425531914894,0.8085106382978723,0.1914893617021276,"让机器人送外卖, 送外卖, 能实现从锅边儿到桌边儿的最短时间, 外卖小哥要失业了, 外卖员, 完了, 新的外卖小哥诞生了, 新时代外卖员, 第一反应想让他们送外卖, 真的感觉在家收快递开门的瞬间看到一个机器人的时代已经不远了","['外卖员，你们有焦虑么？[捂脸R][捂脸R]', '吓死人，用途是什么？送外卖？跑在路上撞伤路人咋整', '让机器人送外卖  能实现从锅边儿到桌边儿的最短时间']","[post=69da7e87000000001a03484e; level=1; likes=21.0; status=强势; role=观众] 这玩意不能送外卖吧，这不得把我可乐都晃成糖水了[笑哭了R]
---
[post=69da7e87000000001a03484e; level=2; likes=21.0; status=强势; role=观众] 机器人多贵！机器人被车撞了你得重新买一个，外卖员被车撞了就赖给外卖员自己不遵守交通规则0成本的[doge][doge][doge]机器人把餐食打翻了平台得赔钱，外卖员打翻了自己垫着[doge][doge][doge]你是老板你选择机器人还是外卖员，就这么说就国内的人力成本除了没有厂里，不然机器人暂时还替代不了人力
---
[post=69da7e87000000001a03484e; level=1; likes=20.0; status=强势; role=观众] 哈哈哈，外卖小哥表示有压力[失望R]
---
[post=69da7e87000000001a03484e; level=1; likes=19.0; status=强势; role=观众] 外卖员，你们有焦虑么？[捂脸R][捂脸R]
---
[post=69da7e87000000001a03484e; level=2; likes=14.0; status=强势; role=观众] 想多了，外卖员可比机器人便宜多了[doge]","[post=69da7e87000000001a03484e; level=1; likes=21.0; status=强势; role=观众] 这玩意不能送外卖吧，这不得把我可乐都晃成糖水了[笑哭了R]
---
[post=69e481e8000000002003ad94; level=1; likes=8.0; status=强势; role=服务者] 这玩意未来取代外卖跑腿，那不是迟早的事[捂脸R]，太强了
---
[post=69e48341000000001a02d0c4; level=2; likes=4.0; status=强势; role=观众] 帮我跑步取快递用[斜眼R]
---
[post=69e447d2000000001d01aa01; level=1; likes=2.0; status=强势; role=服务者] 让机器人送外卖  能实现从锅边儿到桌边儿的最短时间
---
[post=69e4412a000000002103883f; level=1; likes=2.0; status=强势; role=观众] 未来外卖小哥可以背替代了
---
[post=69df625d0000000021005c63; level=2; likes=1.0; status=失败; role=观众] 外卖配送机器人[斜眼R]
---
[post=69e4b08d000000001d01c1bc; level=1; likes=1.0; status=混合; role=观众] 再这么下去 外卖岗位我都应聘不上了[呃R]
---
[post=69e40352000000002102fc75; level=1; likes=0.0; status=常态; role=服务者] 以后机器人开电鸡送快递效率比人还快，更多人失业","[post=69da7e87000000001a03484e; level=1; likes=0.0; status=强势; role=观众] 以后送外卖应该很少有超时了吧
---
[post=69da7e87000000001a03484e; level=1; likes=0.0; status=强势; role=观众] 以后送外卖不用配电瓶车了[doge]现在是满街跑电瓶车很危险，以后是满街跑机器人[笑哭R][笑哭R][笑哭R]
---
[post=69da7e87000000001a03484e; level=2; likes=0.0; status=强势; role=观众] 外卖员，可能大多数30岁以后就会失业了[捂脸R]
---
[post=69da7e87000000001a03484e; level=1; likes=0.0; status=强势; role=观众] 用来送买外？
---
[post=69da7e87000000001a03484e; level=1; likes=0.0; status=强势; role=观众] 外卖员的噩梦提前到来[笑哭R]",high_post_dominance
24,168,419,10,0.8928571428571429,0.8928571428571429,0.1071428571428571,"一个机器人, 三个人服务一个机器人, 意义何在, 一个机器人三个人伺候, 一台机器人, 一个机器人要三个人伺候, 一个机器人要3个人伺候, 一个机器人三个保姆, it, 一个机器人跑","['一个机器人 三个人照顾吗', '一个机器人🤖3个人类伺候[doge]', '解决待业[偷笑R] 一个机器人 一车人伺候']","[post=69e48b0b000000001a02578c; level=1; likes=3414.0; status=失败; role=服务者] 机器人提供了新的就业岗位，一个机器人跑马拉松需要两个助理
---
[post=69e481e8000000002003ad94; level=1; likes=1144.0; status=强势; role=服务者] 一个机器人需要3个人伺候，就业新方向来了
---
[post=69e481e8000000002003ad94; level=1; likes=339.0; status=强势; role=服务者] 一个机器人，三个人服侍它，以后不怕没岗位啦[偷笑R]
---
[post=69e481e8000000002003ad94; level=1; likes=39.0; status=强势; role=服务者] 我笑死，真的一台机器人可以带动5个人就业
---
[post=69e481e8000000002003ad94; level=1; likes=21.0; status=强势; role=服务者] 本来一个人的工作变成3人加机器[点赞R]","[post=69e48b0b000000001a02578c; level=1; likes=3414.0; status=失败; role=服务者] 机器人提供了新的就业岗位，一个机器人跑马拉松需要两个助理
---
[post=69e481e8000000002003ad94; level=1; likes=1144.0; status=强势; role=服务者] 一个机器人需要3个人伺候，就业新方向来了
---
[post=69e4426b000000001d01c7ed; level=1; likes=3.0; status=混合; role=观众] 俩机器人，一群人侍候，促进再就业[捂脸R]
---
[post=69e48341000000001a02d0c4; level=1; likes=3.0; status=强势; role=观众] 我要这几个机器人。前两个跑得快的给我做家务。第三个蓝裤子给我表演节目。第四个小草帽陪我餐后散步。第五个冲天炮陪我聊天，让我拥抱。
---
[post=69e47f8f000000001f007203; level=2; likes=1.0; status=混合; role=观众] 一个机器人至少配的三个工作人员[捂脸R]
---
[post=69e59e520000000022027a90; level=1; likes=1.0; status=弱势; role=观众] 一个机器人要3个大活人伺候。哈哈哈哈。我们能用上它们伺候还有很长的路要走呢真是机气人
---
[post=69da7e87000000001a03484e; level=2; likes=0.0; status=强势; role=观众] 同学，请复习一下阿西莫夫机器人三定律
---
[post=69e40352000000002102fc75; level=1; likes=0.0; status=常态; role=服务者] 一个机器人需要很多人伺候着,这样也不错,大家都不会失业","[post=69e4426b000000001d01c7ed; level=2; likes=0.0; status=混合; role=观众] 你说的应该是有四个门 人也可以做里面那种机器吧[doge]
---
[post=69e481e8000000002003ad94; level=1; likes=0.0; status=强势; role=服务者] 看吧，一个机器人需要三个人帮忙维护，创再就业岗位呢？
---
[post=69e481e8000000002003ad94; level=1; likes=0.0; status=强势; role=服务者] 一个机器人，三个人来伺候
---
[post=69e48341000000001a02d0c4; level=1; likes=3.0; status=强势; role=观众] 我要这几个机器人。前两个跑得快的给我做家务。第三个蓝裤子给我表演节目。第四个小草帽陪我餐后散步。第五个冲天炮陪我聊天，让我拥抱。
---
[post=69e481e8000000002003ad94; level=1; likes=0.0; status=强势; role=服务者] 一个机器人干活需要三个人。哈哈",high_post_dominance
25,165,339,17,0.5272727272727272,0.6666666666666666,0.3333333333333333,"黑薯问号r, 意义在哪里, 这有什么意义啊, 意义何在, 有什么意义, 你活着的意义是什么, 有何意义, 毫无意义, 意义在哪, 深究起来","['意义在哪里？[笑哭R]', '意义在哪里[doge]', '意义在哪？？？？？？？？我请问？？？？？？？？？？？？[黑薯问号R][黑薯问号R][黑薯问号R][黑薯问号R][黑薯问号R][黑薯问号R][黑薯问号R][黑薯问号R][黑薯问号R]']","[post=69e481e8000000002003ad94; level=1; likes=110.0; status=强势; role=服务者] 这东西的意义在哪？
---
[post=69da7e87000000001a03484e; level=1; likes=53.0; status=强势; role=观众] 坐等意义提问派[doge]
---
[post=69e40352000000002102fc75; level=1; likes=41.0; status=常态; role=服务者] 我很想知道意义在哪儿
---
[post=69da7e87000000001a03484e; level=2; likes=32.0; status=强势; role=观众] 整天寻找意义，你累不累啊[汗颜R]
---
[post=69e40352000000002102fc75; level=2; likes=32.0; status=常态; role=服务者] 你说这话证明你的人生无意义。","[post=69e481e8000000002003ad94; level=1; likes=110.0; status=强势; role=服务者] 这东西的意义在哪？
---
[post=69da7e87000000001a03484e; level=1; likes=53.0; status=强势; role=观众] 坐等意义提问派[doge]
---
[post=69e40352000000002102fc75; level=1; likes=41.0; status=常态; role=服务者] 我很想知道意义在哪儿
---
[post=69e42cc100000000220001ad; level=2; likes=31.0; status=弱势; role=观众] 你上网的意义是什么
---
[post=69e43b14000000001a02e095; level=2; likes=8.0; status=弱势; role=服务者] 刚才还在想怎么还没出现意义怪[笑哭R]
---
[post=69e4412a000000002103883f; level=2; likes=8.0; status=强势; role=观众] 无意义是最能让人快乐的
---
[post=69db34bb000000001a0348ae; level=2; likes=1.0; status=失败; role=抢救者] 我感觉木有这个必要了吧
---
[post=69e47f8f000000001f007203; level=2; likes=1.0; status=混合; role=观众] 人活着也没啥意义 但也都不想死","[post=69e481e8000000002003ad94; level=1; likes=0.0; status=强势; role=服务者] 这有啥意义吗
---
[post=69e481e8000000002003ad94; level=1; likes=1.0; status=强势; role=服务者] 搞这玩意儿意义何在？
---
[post=69e481e8000000002003ad94; level=1; likes=0.0; status=强势; role=服务者] 到底为了什么
---
[post=69e481e8000000002003ad94; level=1; likes=0.0; status=强势; role=服务者] 评论区总会出现意义侠[扯脸H]  严格来说人类乜柒意义都没有，不要一天天搁这问这有啥意义啊....
---
[post=69e481e8000000002003ad94; level=1; likes=0.0; status=强势; role=服务者] 为什么那么多人问意义在哪里？",high_post_dominance
26,149,531,23,0.3154362416107382,0.4697986577181208,0.5302013422818792,"人类一败涂地, 很快, 看来人类的耐力在蓝星是遥遥领先, 明年就要奴役人类了, 真的觉得人类可能是这世界上最复杂的生物了, 神创造了人, 研究在极端情况下替代人类的可能性, 科技毁灭人类, 生物, 看来未来人类可以","['三年以后就是。它们看我们：人类一败涂地[捂脸R]', 'Even then need some humans love [害羞R]', '现在看是笑话，以后呢，疯狂的，盲目的，无底线的发展最后一定反噬人类。']","[post=69e47f8f000000001f007203; level=1; likes=1076.0; status=混合; role=观众] 其实蛮无聊的啊，人类都怎么啦？[笑哭R]
---
[post=69e44278000000001a0217bb; level=2; likes=37.0; status=强势; role=被超越者] 你们都是伟大的人类
---
[post=69e4551e000000001f005895; level=2; likes=29.0; status=强势; role=被超越者] 你怎么还把自己排除人类了[笑哭R]
---
[post=69e4426b000000001d01c7ed; level=2; likes=26.0; status=混合; role=观众] 这么好玩[笑哭R][笑哭R]连人类的八卦也学会了[笑哭R][笑哭R]
---
[post=69e4551e000000001f005895; level=2; likes=24.0; status=强势; role=被超越者] 他可能是人类叛徒","[post=69e47f8f000000001f007203; level=1; likes=1076.0; status=混合; role=观众] 其实蛮无聊的啊，人类都怎么啦？[笑哭R]
---
[post=69e44278000000001a0217bb; level=2; likes=37.0; status=强势; role=被超越者] 你们都是伟大的人类
---
[post=69e4551e000000001f005895; level=2; likes=29.0; status=强势; role=被超越者] 你怎么还把自己排除人类了[笑哭R]
---
[post=69e4426b000000001d01c7ed; level=2; likes=26.0; status=混合; role=观众] 这么好玩[笑哭R][笑哭R]连人类的八卦也学会了[笑哭R][笑哭R]
---
[post=69e4412a000000002103883f; level=1; likes=10.0; status=强势; role=观众] 希望能在活一千年，看看会发生什么
---
[post=69da7e87000000001a03484e; level=2; likes=8.0; status=强势; role=观众] 送上太空 命名为塞伯坦星球 [吃瓜R]
---
[post=69e48b0b000000001a02578c; level=1; likes=8.0; status=失败; role=服务者] 看来人类的耐力在蓝星是遥遥领先[doge]
---
[post=69e2583b00000000230211ea; level=2; likes=3.0; status=失败; role=抢救者] 哈哈哈🤣，人类的智慧总有相似之处。","[post=69e4551e000000001f005895; level=2; likes=24.0; status=强势; role=被超越者] 他可能是人类叛徒
---
[post=69da7e87000000001a03484e; level=2; likes=0.0; status=强势; role=观众] 这玩意能替考不[doge]
---
[post=69da7e87000000001a03484e; level=2; likes=3.0; status=强势; role=观众] 再一次证明了天老爷确实是把人类扔在地球上不管了吧[doge]你们看有造物主关照的“生物”进化得多快呀~
---
[post=69df625d0000000021005c63; level=1; likes=0.0; status=失败; role=观众] 所以说他们还是需要人去维护的，别告诉我他代替人类，因为他还是需要人类的，人的智商和学历要转换而已[害羞R]
---
[post=69df625d0000000021005c63; level=1; likes=0.0; status=失败; role=观众] 人类的智商在原地踏步",high_post_dominance
27,148,373,17,0.4527027027027027,0.6013513513513513,0.3986486486486486,"荣耀, 黑宇树, 红荣耀, 荣耀厉害啊, 白天工, 闪电, 荣耀的, 真人都没那么快, 第一个是遥控的荣耀, 等于是本次比赛定制版本","['荣耀，冠亚季军啥意思？', '[暗中观察R]荣耀，橘色小闪电', '荣耀？是那个做手机的荣耀吗？']","[post=69e59e520000000022027a90; level=1; likes=1352.0; status=弱势; role=观众] 刷了3天的视频，发现荣耀是最少的，是因为它家跑的太快了，大家还没来得及拍它就跑远了吗[偷笑R]
---
[post=69da7e87000000001a03484e; level=1; likes=405.0; status=强势; role=观众] 荣耀那个机器人跑的是真快
---
[post=69da7e87000000001a03484e; level=1; likes=225.0; status=强势; role=观众] 你们先告诉我第几个跑过去的是荣耀的机器人？这速度生怕我看清楚啊
---
[post=69e59e520000000022027a90; level=2; likes=175.0; status=弱势; role=观众] 荣耀的两个机器人太正常了[捂脸R]就跟f1赛车里一骑绝尘的都没啥镜头一样，那些撞车的上墙的才是观众爱看的[捂脸R]
---
[post=69da7e87000000001a03484e; level=1; likes=94.0; status=强势; role=观众] 听说荣耀机器人也参赛了？","[post=69e59e520000000022027a90; level=1; likes=1352.0; status=弱势; role=观众] 刷了3天的视频，发现荣耀是最少的，是因为它家跑的太快了，大家还没来得及拍它就跑远了吗[偷笑R]
---
[post=69da7e87000000001a03484e; level=1; likes=405.0; status=强势; role=观众] 荣耀那个机器人跑的是真快
---
[post=69e44278000000001a0217bb; level=2; likes=37.0; status=强势; role=被超越者] 白天工，红荣耀，黑宇树。
---
[post=69e463df000000001b003017; level=2; likes=32.0; status=强势; role=服务者] 这个是荣耀的[暗中观察R]荣耀拿奖的时候宇树的正在玩[暗中观察R]
---
[post=69e45dbe000000001f00434f; level=1; likes=32.0; status=强势; role=观众] 荣耀虽跑第一，但没宇树，天工帅[笑哭R][笑哭R][笑哭R]
---
[post=69e634590000000022003bb5; level=1; likes=27.0; status=常态; role=观众] 荣耀机器人的液冷散热器用的是升级元件，人家做手机的最知道怎么散热了。
---
[post=69df625d0000000021005c63; level=2; likes=23.0; status=失败; role=观众] [doge]上面的标看起来是荣耀
---
[post=69e47f8f000000001f007203; level=2; likes=8.0; status=混合; role=观众] 荣耀的机器人元气仔，跑姿也得奖了","[post=69e463df000000001b003017; level=1; likes=1.0; status=强势; role=服务者] 荣耀赞赞的
---
[post=69e59e520000000022027a90; level=2; likes=50.0; status=弱势; role=观众] 前六都是荣耀的机器人，就是那个荣耀，你懂的。别怀疑，就那家。
---
[post=69df625d0000000021005c63; level=1; likes=0.0; status=失败; role=观众] 为什么要把撞车的红色机器人跟荣耀的剪辑到一起呢？感觉到一丝恶意
---
[post=69df625d0000000021005c63; level=1; likes=0.0; status=失败; role=观众] 123456名都是荣耀的，666啊
---
[post=69e45dbe000000001f00434f; level=1; likes=0.0; status=强势; role=观众] 荣耀最好看",high_post_dominance
29,138,203,11,0.7246376811594203,0.8478260869565217,0.1521739130434782,"人要跟着跑, 人也跟着跑, 人也要跟着跑吗, 人跟着跑, 人还得跟着跑, 人也要跟着跑, 有意义吗, 旁边那个赛道是陪跑, 现在陪跑了, 物理跟紧这个项目","['人要跟着跑？', '重点是， 人要跟着跑', '人要跟着跑?']","[post=69e447d2000000001d01aa01; level=2; likes=109.0; status=强势; role=服务者] 物理跟紧这个项目
---
[post=69e4412a000000002103883f; level=2; likes=12.0; status=强势; role=观众] 人家都跑，他搁那表演上了
---
[post=69e447d2000000001d01aa01; level=1; likes=8.0; status=强势; role=服务者] 这和追着一辆车跑没啥区别
---
[post=69e447d2000000001d01aa01; level=2; likes=7.0; status=强势; role=服务者] 不是不用跟，以后是真跟不上了，那有那么多追风少年[偷笑R]
---
[post=69e45dbe000000001f00434f; level=2; likes=6.0; status=强势; role=观众] 你两岁跑路的时候，你身后也跟着一群人","[post=69e447d2000000001d01aa01; level=2; likes=109.0; status=强势; role=服务者] 物理跟紧这个项目
---
[post=69e4412a000000002103883f; level=2; likes=12.0; status=强势; role=观众] 人家都跑，他搁那表演上了
---
[post=69e45dbe000000001f00434f; level=2; likes=6.0; status=强势; role=观众] 你两岁跑路的时候，你身后也跟着一群人
---
[post=69e481e8000000002003ad94; level=1; likes=5.0; status=强势; role=服务者] 人要跟着跑，简直了 有啥意义
---
[post=69da7e87000000001a03484e; level=1; likes=4.0; status=强势; role=观众] 它能背着人跑吗
---
[post=69e4b08d000000001d01c1bc; level=2; likes=2.0; status=混合; role=观众] 背着跑会不会有点颠簸?
---
[post=69df625d0000000021005c63; level=2; likes=0.0; status=失败; role=观众] 今天下雨也在跑
---
[post=69e43b14000000001a02e095; level=1; likes=0.0; status=弱势; role=服务者] 这宝贝跑步，得一车人跟着。","[post=69e481e8000000002003ad94; level=1; likes=0.0; status=强势; role=服务者] 后面必须有个人跟着跑吗
---
[post=69e481e8000000002003ad94; level=2; likes=0.0; status=强势; role=服务者] 难不成你就是跟着跑的
---
[post=69e481e8000000002003ad94; level=1; likes=0.0; status=强势; role=服务者] [石化R]人也要跟着一起跑吗？不能骑电动车吗？
---
[post=69e481e8000000002003ad94; level=1; likes=0.0; status=强势; role=服务者] 我想问一下它还得3个人跟着，那3个人是不是更厉害[笑哭R]（跑的更厉害，还操控又操心）
---
[post=69e481e8000000002003ad94; level=2; likes=0.0; status=强势; role=服务者] 要跟着跑，必须年轻呀，你去跑估计要心梗[笑哭R]",high_post_dominance
31,133,407,10,0.7894736842105263,0.8195488721804511,0.1804511278195488,"换电池, 换电, 润滑, 降温, 加冰, 电机过热, 喷润滑剂, 冷却, 加冰降温, 换电瓶","['这是降温，换电池', '换电池 喷液氮降温啊', '一个干冰降温，一个关节润滑，换电池']","[post=69e48b0b000000001a02578c; level=2; likes=22.0; status=失败; role=服务者] 给电池降温吗？
---
[post=69e43b14000000001a02e095; level=1; likes=9.0; status=弱势; role=服务者] 电机过热保护了 喷制冷剂[偷笑R]
---
[post=69e4426b000000001d01c7ed; level=2; likes=7.0; status=混合; role=观众] 一个是短时间工作，一个长时间工作，两种难度点不一样。长时间关节处，电池处等温度会过高。
---
[post=69e4551e000000001f005895; level=2; likes=6.0; status=强势; role=被超越者] 错 电机过热就会慢或者动作不协调 严重直接摔  跟人一样也会累 也需要补给（补给干冰降温）
---
[post=69e481e8000000002003ad94; level=1; likes=6.0; status=强势; role=服务者] 换电池=人类休息，加冰块=人类喝水散热，喷药是为了啥[微笑R]","[post=69e48b0b000000001a02578c; level=2; likes=22.0; status=失败; role=服务者] 给电池降温吗？
---
[post=69e43b14000000001a02e095; level=1; likes=9.0; status=弱势; role=服务者] 电机过热保护了 喷制冷剂[偷笑R]
---
[post=69e4426b000000001d01c7ed; level=2; likes=7.0; status=混合; role=观众] 一个是短时间工作，一个长时间工作，两种难度点不一样。长时间关节处，电池处等温度会过高。
---
[post=69e4551e000000001f005895; level=2; likes=6.0; status=强势; role=被超越者] 错 电机过热就会慢或者动作不协调 严重直接摔  跟人一样也会累 也需要补给（补给干冰降温）
---
[post=69e481e8000000002003ad94; level=1; likes=6.0; status=强势; role=服务者] 换电池=人类休息，加冰块=人类喝水散热，喷药是为了啥[微笑R]
---
[post=69df625d0000000021005c63; level=1; likes=0.0; status=失败; role=观众] 感觉是电机疯狂过热[捂脸R]
---
[post=69e4b08d000000001d01c1bc; level=2; likes=0.0; status=混合; role=观众] 材料技术，电机控制时间
---
[post=69e48341000000001a02d0c4; level=1; likes=0.0; status=强势; role=观众] 冷却和机械磨损控制做的不错啊","[post=69e481e8000000002003ad94; level=1; likes=0.0; status=强势; role=服务者] 换电池，加满冰
---
[post=69e481e8000000002003ad94; level=1; likes=0.0; status=强势; role=服务者] 以后共亨散热降温站 共亨换电站感觉要火
---
[post=69e481e8000000002003ad94; level=1; likes=0.0; status=强势; role=服务者] 机器过热
---
[post=69e481e8000000002003ad94; level=1; likes=0.0; status=强势; role=服务者] 换电池和降温
---
[post=69e481e8000000002003ad94; level=1; likes=0.0; status=强势; role=服务者] 换电，加冰散热。",high_post_dominance
32,127,319,7,0.905511811023622,0.7559055118110236,0.2440944881889764,"f1, 法拉利, 好像f1, 太慢了, 没f1赛车换轮胎快, 方程豹謝謝你, 法拉利的, 法拉利换胎工再就业方向指导视频, 没通网, 没见过f1赛车吗","['F1 赛机手[汗颜R][汗颜R]', 'F1 机器人', '你是否在查找：F1？']","[post=69e481e8000000002003ad94; level=2; likes=25.0; status=强势; role=服务者] 是的f1没用
---
[post=69e481e8000000002003ad94; level=2; likes=21.0; status=强势; role=服务者] f1一个人开车几十个人服务[doge]
---
[post=69e481e8000000002003ad94; level=2; likes=10.0; status=强势; role=服务者] 赛车还要换轮胎加油
---
[post=69e481e8000000002003ad94; level=1; likes=6.0; status=强势; role=服务者] 好像F1，车停下来，一帮工作人员赶紧上去，各司其职[大笑R]
---
[post=69e481e8000000002003ad94; level=2; likes=4.0; status=强势; role=服务者] 没见过f1赛车吗，一个车几十个人服务你怎么不说","[post=69e481e8000000002003ad94; level=2; likes=25.0; status=强势; role=服务者] 是的f1没用
---
[post=69da7e87000000001a03484e; level=1; likes=0.0; status=强势; role=观众] 跟F1追求极限速度一样
---
[post=69e429b4000000001b00037a; level=1; likes=0.0; status=常态; role=观众] 感觉像是GTA
---
[post=69e43b14000000001a02e095; level=2; likes=0.0; status=弱势; role=服务者] 笑死我了，就跟那个赛车转几圈来换个轮胎一样
---
[post=69e447d2000000001d01aa01; level=2; likes=0.0; status=强势; role=服务者] f1跑圈有什么用处呢
---
[post=69e47f8f000000001f007203; level=2; likes=0.0; status=混合; role=观众] 哈比为啥要有F1？
---
[post=69e59e520000000022027a90; level=1; likes=0.0; status=弱势; role=观众] 方程豹謝謝你[偷笑R]","[post=69e481e8000000002003ad94; level=1; likes=0.0; status=强势; role=服务者] 堪比F1进站：机器人进站
---
[post=69e481e8000000002003ad94; level=1; likes=0.0; status=强势; role=服务者] 感覺F1更容易搗騰[笑哭R]
---
[post=69e481e8000000002003ad94; level=2; likes=10.0; status=强势; role=服务者] 赛车还要换轮胎加油
---
[post=69e481e8000000002003ad94; level=1; likes=0.0; status=强势; role=服务者] 法拉利换胎工再就业方向指导视频[doge]
---
[post=69da7e87000000001a03484e; level=2; likes=0.0; status=强势; role=观众] 已经有f1方程式赛车了",high_post_dominance
33,121,285,8,0.4545454545454545,0.8429752066115702,0.1570247933884297,"超级拆解, 赞r, 大笑r, 笑死我了, 解说太逗了, 解说太有趣了, 解说, 解说有意思, 玫瑰r, 哈哈哈哈哈哈哈","['超级拆解（JPG）', '超级拆解[抓狂R]', '机器人：超级拆解']","[post=69e46730000000001d0199c8; level=1; likes=1223.0; status=强势; role=观众] 你解说的好棒 太逗了[偷笑R]
---
[post=69e46730000000001d0199c8; level=1; likes=380.0; status=强势; role=观众] 强烈要求主播下界要上去解说 更精彩
---
[post=69e46730000000001d0199c8; level=1; likes=40.0; status=强势; role=观众] 你的解说好松弛
---
[post=69df625d0000000021005c63; level=1; likes=17.0; status=失败; role=观众] 解说太逗了[大笑R]
---
[post=69e46730000000001d0199c8; level=1; likes=4.0; status=强势; role=观众] 解说是鸟鸟老师吗？","[post=69e46730000000001d0199c8; level=1; likes=1223.0; status=强势; role=观众] 你解说的好棒 太逗了[偷笑R]
---
[post=69df625d0000000021005c63; level=1; likes=17.0; status=失败; role=观众] 解说太逗了[大笑R]
---
[post=69e2583b00000000230211ea; level=2; likes=2.0; status=失败; role=抢救者] 机器人：超级拆解
---
[post=69e59e520000000022027a90; level=1; likes=2.0; status=弱势; role=观众] 这个解说真的是笑死人了[笑哭R]
---
[post=69e4551e000000001f005895; level=1; likes=1.0; status=强势; role=被超越者] 主播还有礼貌
---
[post=69da7e87000000001a03484e; level=2; likes=0.0; status=强势; role=观众] 可以了解一下，一个游戏
---
[post=69e4412a000000002103883f; level=2; likes=0.0; status=强势; role=观众] 现在各种神解说，神评论
---
[post=69e4426b000000001d01c7ed; level=2; likes=0.0; status=混合; role=观众] 再配上这个观众的解说，我他娘的又真的要笑死了，救命啊","[post=69e4412a000000002103883f; level=2; likes=0.0; status=强势; role=观众] 现在各种神解说，神评论
---
[post=69e46730000000001d0199c8; level=1; likes=0.0; status=强势; role=观众] 我喜欢这个解说
---
[post=69e46730000000001d0199c8; level=1; likes=0.0; status=强势; role=观众] 最佳解说员[偷笑R]
---
[post=69e46730000000001d0199c8; level=1; likes=0.0; status=强势; role=观众] 你解说的好好笑啊，你本人怎么不笑的[捂脸R]
---
[post=69e46730000000001d0199c8; level=1; likes=0.0; status=强势; role=观众] 解说100分",high_post_dominance
34,120,202,11,0.3833333333333333,0.7416666666666667,0.2583333333333333,"低血糖, 都低血糖了, 有点低血糖, 低血糖了, 低电压, 气血不足哦, 电没给充够啊, 没吃饭, 没想到地上还有一个, 电学糖低了点","['是不是快往后倒下了，低血糖？', '低血糖（低电压）了', '低血糖，不！低电压[偷笑R]']","[post=69e481e8000000002003ad94; level=1; likes=3043.0; status=强势; role=服务者] 这减速到停下简直不要太丝滑，还有站稳后晃的那两下[捂脸R]像低血糖似的
---
[post=69e4426b000000001d01c7ed; level=2; likes=11.0; status=混合; role=观众] 真的很像低血糖哈哈啊哈哈哈
---
[post=69e44171000000001a026b25; level=1; likes=7.0; status=混合; role=观众] 像低血糖晕倒了
---
[post=69e481e8000000002003ad94; level=1; likes=7.0; status=强势; role=服务者] 低血糖了吧，都要倒了，赶紧给块糖
---
[post=69e48b0b000000001a02578c; level=1; likes=5.0; status=失败; role=服务者] 是不是低电糖了[石化R]","[post=69e481e8000000002003ad94; level=1; likes=3043.0; status=强势; role=服务者] 这减速到停下简直不要太丝滑，还有站稳后晃的那两下[捂脸R]像低血糖似的
---
[post=69e4426b000000001d01c7ed; level=2; likes=11.0; status=混合; role=观众] 真的很像低血糖哈哈啊哈哈哈
---
[post=69e44171000000001a026b25; level=1; likes=7.0; status=混合; role=观众] 像低血糖晕倒了
---
[post=69e48b0b000000001a02578c; level=1; likes=5.0; status=失败; role=服务者] 是不是低电糖了[石化R]
---
[post=69e59e520000000022027a90; level=1; likes=2.0; status=弱势; role=观众] 这个有点像我多久了猛然起身头晕的样子
---
[post=69e47f8f000000001f007203; level=1; likes=1.0; status=混合; role=观众] 赶紧给吃点东西，都低血糖了
---
[post=69da7e87000000001a03484e; level=1; likes=0.0; status=强势; role=观众] 这样跑吃多少氨糖都没用啊[笑哭R]
---
[post=69df625d0000000021005c63; level=1; likes=0.0; status=失败; role=观众] 和人晕厥时好像","[post=69e4426b000000001d01c7ed; level=1; likes=2.0; status=混合; role=观众] 大的低血糖，小的很活跃，这很人类。
---
[post=69e47f8f000000001f007203; level=1; likes=0.0; status=混合; role=观众] 大高个低血糖了
---
[post=69e47f8f000000001f007203; level=1; likes=0.0; status=混合; role=观众] 都跟早上没吃饭跑远了低血糖了一样[笑哭R][笑哭R]
---
[post=69e4426b000000001d01c7ed; level=2; likes=0.0; status=混合; role=观众] 可能低血糖了哈哈哈哈哈哈哈哈跑着跑着停下来缓缓
---
[post=69df625d0000000021005c63; level=1; likes=0.0; status=失败; role=观众] 和人晕厥时好像",high_post_dominance
35,115,172,13,0.6782608695652174,0.808695652173913,0.1913043478260869,"还要降温, 过热了, 物理降温, 太热了, 快降温, 还需要降温, 降降温, 降温, 物理降温吗, 看起来发热严重","['还要降温[捂脸R]', '过热了，降温[笑哭R][笑哭R][笑哭R][笑哭R]', '太热了。降降温[笑哭R]']","[post=69e48b0b000000001a02578c; level=1; likes=55.0; status=失败; role=服务者] 看来温度没那么容易解决
---
[post=69e4551e000000001f005895; level=2; likes=46.0; status=强势; role=被超越者] 会自焚的降温跟不上的话[捂脸R]
---
[post=69e634590000000022003bb5; level=2; likes=28.0; status=常态; role=观众] 可能有点烫吧[笑哭R]，百十来度呢
---
[post=69e48b0b000000001a02578c; level=2; likes=25.0; status=失败; role=服务者] 时间一长，什么不需要额外降温
---
[post=69e481e8000000002003ad94; level=2; likes=18.0; status=强势; role=服务者] 在哪里发热需要降温人家工程师能不比你知道吗[汗颜R][汗颜R][汗颜R][汗颜R]","[post=69e48b0b000000001a02578c; level=1; likes=55.0; status=失败; role=服务者] 看来温度没那么容易解决
---
[post=69e4551e000000001f005895; level=2; likes=46.0; status=强势; role=被超越者] 会自焚的降温跟不上的话[捂脸R]
---
[post=69e634590000000022003bb5; level=2; likes=28.0; status=常态; role=观众] 可能有点烫吧[笑哭R]，百十来度呢
---
[post=69e481e8000000002003ad94; level=2; likes=18.0; status=强势; role=服务者] 在哪里发热需要降温人家工程师能不比你知道吗[汗颜R][汗颜R][汗颜R][汗颜R]
---
[post=69e43b14000000001a02e095; level=1; likes=6.0; status=弱势; role=服务者] 穿条冰丝内裤，会不会就不用人工降温了[笑哭R]
---
[post=69e44278000000001a0217bb; level=2; likes=1.0; status=强势; role=被超越者] 今天气温高
---
[post=69e59e520000000022027a90; level=2; likes=1.0; status=弱势; role=观众] 还有发热情况吧
---
[post=69da7e87000000001a03484e; level=1; likes=0.0; status=强势; role=观众] 北京现在早晚凉，运动过后注意擦汗补充电解质别感冒","[post=69e481e8000000002003ad94; level=1; likes=0.0; status=强势; role=服务者] [偷笑R]物理降温干啥用？
---
[post=69e44171000000001a026b25; level=1; likes=0.0; status=混合; role=观众] 应该是温度太高了，降降温
---
[post=69e481e8000000002003ad94; level=1; likes=0.0; status=强势; role=服务者] 蛋蛋需要降温？[笑哭R]
---
[post=69e4426b000000001d01c7ed; level=2; likes=0.0; status=混合; role=观众] 过热了 躺会儿就好[笑哭R]
---
[post=69e481e8000000002003ad94; level=1; likes=0.0; status=强势; role=服务者] 还要物理降温[捂脸R]",high_post_dominance
36,114,150,18,0.4385964912280701,0.5789473684210527,0.4210526315789473,"什么时候铁甲钢拳, 斜眼r, 黑薯问号r, 再过几年, 现在是一个机器人, 直接上战场, 登陆美国就有意义了, 相控阵雷达和机枪, 直奔敌军基地, 没见过钢铁侠","['第一步就是让机器人动起来，后面再更多功能，甚至防卫家园，牛逼克拉斯', '什么时候铁甲钢拳', '什么时候铁甲钢拳[doge]']","[post=69e481e8000000002003ad94; level=2; likes=8904.0; status=强势; role=服务者] 为以后做准备，复杂地形，废墟，山地，城市，你懂的[偷笑R]。之后还会有多足机器人，那玩意可就吓人了
---
[post=69e634590000000022003bb5; level=1; likes=878.0; status=常态; role=观众] 看看这个世界，很多地方在打仗，而咱们在搞机器人半马[自拍R][赞R]
---
[post=69e47f8f000000001f007203; level=2; likes=35.0; status=混合; role=观众] 不是一开始就可以用机器人上战场的，这个过程需要各种实验
---
[post=69e46730000000001d0199c8; level=2; likes=17.0; status=强势; role=观众] 机器人佣人，战警兵，探索神秘宇宙，
---
[post=69da7e87000000001a03484e; level=2; likes=16.0; status=强势; role=观众] 人型机器人的动作协调性需要复杂的算法实现。你这话等于说核弹有什么大不了的，大一点的炮仗罢了[微笑R]","[post=69e481e8000000002003ad94; level=2; likes=8904.0; status=强势; role=服务者] 为以后做准备，复杂地形，废墟，山地，城市，你懂的[偷笑R]。之后还会有多足机器人，那玩意可就吓人了
---
[post=69e634590000000022003bb5; level=1; likes=878.0; status=常态; role=观众] 看看这个世界，很多地方在打仗，而咱们在搞机器人半马[自拍R][赞R]
---
[post=69e47f8f000000001f007203; level=2; likes=35.0; status=混合; role=观众] 不是一开始就可以用机器人上战场的，这个过程需要各种实验
---
[post=69e46730000000001d0199c8; level=2; likes=17.0; status=强势; role=观众] 机器人佣人，战警兵，探索神秘宇宙，
---
[post=69da7e87000000001a03484e; level=2; likes=16.0; status=强势; role=观众] 人型机器人的动作协调性需要复杂的算法实现。你这话等于说核弹有什么大不了的，大一点的炮仗罢了[微笑R]
---
[post=69e44278000000001a0217bb; level=2; likes=13.0; status=强势; role=被超越者] 你可以想象一下，真正战场，一个机器人摔倒后碰到一群机器人，然后那群机器人应激乱开枪的场面[偷笑R]
---
[post=69e447d2000000001d01aa01; level=1; likes=13.0; status=强势; role=服务者] 你有没有想过，这个成本几千块钱的机器人塞满了tnt，直接顶着火力往阵地上冲的感觉。
---
[post=69e45dbe000000001f00434f; level=1; likes=9.0; status=强势; role=观众] 让这些机器人拿着一把真理向敌人阵地冲去，就问对面怕不怕？[哇R]","[post=69e46730000000001d0199c8; level=2; likes=17.0; status=强势; role=观众] 机器人佣人，战警兵，探索神秘宇宙，
---
[post=69e481e8000000002003ad94; level=1; likes=0.0; status=强势; role=服务者] 钢铁侠那种要什么时候才能实现？
---
[post=69da7e87000000001a03484e; level=2; likes=0.0; status=强势; role=观众] 试想一下，如果战场上有个这样的机器人背着炸药包冲向敌人，你还会觉得没用吗
---
[post=69e481e8000000002003ad94; level=1; likes=1.0; status=强势; role=服务者] 后期让机器人上战场是最实在的
---
[post=69e47f8f000000001f007203; level=2; likes=0.0; status=混合; role=观众] 地震、洪水、火灾这种高危场所如果使用人形机器人入场作业需要快速",high_post_dominance
37,110,199,4,0.8545454545454545,0.4181818181818181,0.5818181818181818,"wd40, 40, 男人的香水, wd, wd40吧, 喷的wd40, 只能通过反复喷涂wd40防止干燥, 降温的, 百公里两瓶wd40, 看见机器就wd40","['国产机器人会不会有一天被 wd40 卡脖子', 'wd40，给缝隙处除锈除污的[笑哭R]', 'wd40，机器人的杜蕾斯[doge]']","[post=69e481e8000000002003ad94; level=2; likes=14.0; status=强势; role=服务者] wd40这个机器人没有润滑，只能通过反复喷涂wd40防止干燥。
---
[post=69e43b14000000001a02e095; level=1; likes=5.0; status=弱势; role=服务者] 该不会是万能喷剂wd40 吧
---
[post=69e43b14000000001a02e095; level=2; likes=2.0; status=弱势; role=服务者] wd40短时间有润滑作用
---
[post=69e43b14000000001a02e095; level=1; likes=1.0; status=弱势; role=服务者] 万能的wd-40[doge]
---
[post=69e43b14000000001a02e095; level=1; likes=1.0; status=弱势; role=服务者] 机器人的香水WD40","[post=69e481e8000000002003ad94; level=2; likes=14.0; status=强势; role=服务者] wd40这个机器人没有润滑，只能通过反复喷涂wd40防止干燥。
---
[post=69e43b14000000001a02e095; level=1; likes=5.0; status=弱势; role=服务者] 该不会是万能喷剂wd40 吧
---
[post=69e4412a000000002103883f; level=1; likes=0.0; status=强势; role=观众] 喷的wd40? LOL
---
[post=69e447d2000000001d01aa01; level=2; likes=0.0; status=强势; role=服务者] 笔芯硬度适中，不会断芯，上色均匀不结块。","[post=69e43b14000000001a02e095; level=1; likes=1.0; status=弱势; role=服务者] 机器人的香水WD40
---
[post=69e43b14000000001a02e095; level=1; likes=0.0; status=弱势; role=服务者] 多囤点 wd40 以后能涨价
---
[post=69e481e8000000002003ad94; level=2; likes=0.0; status=强势; role=服务者] 香水，哈哈。闻香而动。
---
[post=69e481e8000000002003ad94; level=2; likes=0.0; status=强势; role=服务者] WD40，机器人的香水[吃瓜R]上一个时代还是男人的香水
---
[post=69e481e8000000002003ad94; level=1; likes=0.0; status=强势; role=服务者] wd40跟喷香水似的",high_post_dominance
38,110,226,5,0.7545454545454545,0.4818181818181818,0.5181818181818182,"云南白药, 云南白药气雾剂, 喷点云南白药, 云南白药喷雾剂, 抽筋了, 云南白药喷雾, 防止跌打损伤, 红花油或者云南白药, 治疗关节痛的喷剂, 沈阳红药","['云南白药，膝盖疼了[笑哭R][笑哭R]', '云南白药，喷上去凉凉的[doge]', '云南白药，马拉松都喷这个[doge]']","[post=69e43b14000000001a02e095; level=1; likes=420.0; status=弱势; role=服务者] 孩子跑着跑着还得喷点云南白药气雾剂[暗中观察R]
---
[post=69e481e8000000002003ad94; level=2; likes=108.0; status=强势; role=服务者] 我以为是云南白药呢[暗中观察R]
---
[post=69e481e8000000002003ad94; level=1; likes=11.0; status=强势; role=服务者] 喷云南白药，灌能量胶？
---
[post=69e47f8f000000001f007203; level=2; likes=7.0; status=混合; role=观众] 我有次大腿抽筋了，就这样，要喷药[偷笑R]
---
[post=69e634590000000022003bb5; level=2; likes=5.0; status=常态; role=观众] 借楼问一下这喷的是啥 云南白药吗","[post=69e43b14000000001a02e095; level=1; likes=420.0; status=弱势; role=服务者] 孩子跑着跑着还得喷点云南白药气雾剂[暗中观察R]
---
[post=69e481e8000000002003ad94; level=2; likes=108.0; status=强势; role=服务者] 我以为是云南白药呢[暗中观察R]
---
[post=69e47f8f000000001f007203; level=2; likes=7.0; status=混合; role=观众] 我有次大腿抽筋了，就这样，要喷药[偷笑R]
---
[post=69e634590000000022003bb5; level=2; likes=5.0; status=常态; role=观众] 借楼问一下这喷的是啥 云南白药吗
---
[post=69e4426b000000001d01c7ed; level=2; likes=0.0; status=混合; role=观众] 右脚抽筋了","[post=69e43b14000000001a02e095; level=1; likes=0.0; status=弱势; role=服务者] 抽筋了 喷点云南白药[doge]
---
[post=69e481e8000000002003ad94; level=2; likes=0.0; status=强势; role=服务者] 云南白药喷剂
---
[post=69e43b14000000001a02e095; level=1; likes=1.0; status=弱势; role=服务者] 有关节炎？ 喷的云南白药？
---
[post=69e481e8000000002003ad94; level=1; likes=1.0; status=强势; role=服务者] 补充的电解质，前面放的压缩饼干，喷的是云南白药。相信我，我专业。[偷笑R]
---
[post=69e481e8000000002003ad94; level=1; likes=1.0; status=强势; role=服务者] 为什么还要喷云南白药[呃R]",high_post_dominance
39,109,256,18,0.3761467889908257,0.5963302752293578,0.4036697247706422,"好恐怖, 好诡异, 有点诡异, 妈呀, 照相机还被说是摄魂的, 突然想到巨型蜘蛛, 突然感觉场面很魔性, 笑死我了诡异得很搞笑, 方便电话机传进中国的时候, 日本的果然诡异","['哈哈哈哈哈哈服啦 好诡异', '好恐怖！怎么这么脆弱离我远点', '好诡异 好好笑哈哈哈哈哈哈']","[post=69e4b08d000000001d01c1bc; level=1; likes=194.0; status=混合; role=观众] 这尼玛太诡异了
---
[post=69e429b4000000001b00037a; level=1; likes=39.0; status=常态; role=观众] 只有我觉得这事很可怕吗。。。
---
[post=69db34bb000000001a0348ae; level=1; likes=28.0; status=失败; role=抢救者] 好荒诞的场面[笑哭R][笑哭R]
---
[post=69e4b08d000000001d01c1bc; level=2; likes=12.0; status=混合; role=观众] 方便电话机传进中国的时候，人们也害怕，照相机还被说是摄魂的
---
[post=69e481e8000000002003ad94; level=1; likes=11.0; status=强势; role=服务者] 只有我看完感觉毛骨悚然么…真的起鸡皮疙瘩[扶额R][扶额R]","[post=69e4b08d000000001d01c1bc; level=1; likes=194.0; status=混合; role=观众] 这尼玛太诡异了
---
[post=69e429b4000000001b00037a; level=1; likes=39.0; status=常态; role=观众] 只有我觉得这事很可怕吗。。。
---
[post=69db34bb000000001a0348ae; level=1; likes=28.0; status=失败; role=抢救者] 好荒诞的场面[笑哭R][笑哭R]
---
[post=69e481e8000000002003ad94; level=1; likes=11.0; status=强势; role=服务者] 只有我看完感觉毛骨悚然么…真的起鸡皮疙瘩[扶额R][扶额R]
---
[post=69e59e520000000022027a90; level=1; likes=2.0; status=弱势; role=观众] 什么时候满街都是这玩意，也挺恐怖的。
---
[post=69e2583b00000000230211ea; level=1; likes=2.0; status=失败; role=抢救者] 太血腥了能不能打个码
---
[post=69da7e87000000001a03484e; level=1; likes=1.0; status=强势; role=观众] 虽然有脑袋的很诡异 但是没脑袋那个明显更吓人[笑哭R]
---
[post=69e41e24000000001a025f1a; level=1; likes=1.0; status=失败; role=观众] 这一惊一乍的真吓人[捂脸R]","[post=69da7e87000000001a03484e; level=1; likes=0.0; status=强势; role=观众] 大晚上看到这个东东在跑，还不被吓s[石化R]
---
[post=69da7e87000000001a03484e; level=1; likes=0.0; status=强势; role=观众] 晚上喝了酒上街看到能给我吓死
---
[post=69da7e87000000001a03484e; level=1; likes=0.0; status=强势; role=观众] 半夜遇到这玩意儿能吓死我
---
[post=69e429b4000000001b00037a; level=1; likes=39.0; status=常态; role=观众] 只有我觉得这事很可怕吗。。。
---
[post=69e4426b000000001d01c7ed; level=1; likes=0.0; status=混合; role=观众] 没人觉得这可怕么",high_post_dominance
40,107,124,13,0.7009345794392523,0.8037383177570093,0.1962616822429906,"散热不行, 散热, 没装外壳就得这么人工散热, 等上了固态电池看看呢, 现阶段的技术散热跟不上, 用在军工方面就还很遥远, 液冷散热搞起来, 算是同根同源了, 没法端电脑, 水冷散热安排上啊","['散热不行？？', '散热不行[笑哭R]', '散热不行[偷笑R]']","[post=69e4551e000000001f005895; level=2; likes=59.0; status=强势; role=被超越者] 主要问题不是电量，而是散热
---
[post=69e4551e000000001f005895; level=1; likes=36.0; status=强势; role=被超越者] 它这个散热系统是真牛逼呀
---
[post=69e463df000000001b003017; level=1; likes=30.0; status=强势; role=服务者] 散热看起来和win似的，算是同根同源了
---
[post=69e59e520000000022027a90; level=2; likes=28.0; status=弱势; role=观众] 有人刷到程序员回复了说是故意的，需要散热，顺便逗大家一笑
---
[post=69e481e8000000002003ad94; level=2; likes=19.0; status=强势; role=服务者] 对，主板散热","[post=69e4551e000000001f005895; level=2; likes=59.0; status=强势; role=被超越者] 主要问题不是电量，而是散热
---
[post=69e463df000000001b003017; level=1; likes=30.0; status=强势; role=服务者] 散热看起来和win似的，算是同根同源了
---
[post=69e59e520000000022027a90; level=2; likes=28.0; status=弱势; role=观众] 有人刷到程序员回复了说是故意的，需要散热，顺便逗大家一笑
---
[post=69e481e8000000002003ad94; level=2; likes=19.0; status=强势; role=服务者] 对，主板散热
---
[post=69e48b0b000000001a02578c; level=2; likes=10.0; status=失败; role=服务者] 正常的工业产品一定可以在设计工况下 无需外挂散热的情况下工作的。这些现在都是验证品，距离工业产品还有距离
---
[post=69e429b4000000001b00037a; level=1; likes=6.0; status=常态; role=观众] 对自己的散热很有信心啊这样穿[笑哭R]
---
[post=69e43b14000000001a02e095; level=1; likes=1.0; status=弱势; role=服务者] 这个散热方法跟我们当初做无人机实验一模一样[笑哭R]
---
[post=69e634590000000022003bb5; level=1; likes=1.0; status=常态; role=观众] 总归还是解决散热问题","[post=69e481e8000000002003ad94; level=2; likes=0.0; status=强势; role=服务者] 他们需要散热 也就是过热就会出问题 要是防止过热成本成倍增加 但是想让他热太容易了
---
[post=69e43b14000000001a02e095; level=1; likes=1.0; status=弱势; role=服务者] 这个散热方法跟我们当初做无人机实验一模一样[笑哭R]
---
[post=69e481e8000000002003ad94; level=2; likes=17.0; status=强势; role=服务者] 这是防止过热的，目前还是发烫严重不散热都跑不完
---
[post=69e59e520000000022027a90; level=2; likes=0.0; status=弱势; role=观众] 他家的散热最好
---
[post=69e481e8000000002003ad94; level=1; likes=0.0; status=强势; role=服务者] 散热器不行了",high_post_dominance
42,105,257,6,0.7523809523809524,0.8476190476190476,0.1523809523809524,"裆部散热, 液体伟哥, 真的为了赶时间啊, 热了还得让人给喷屁股, 没看到喷jj上了吗, 紧哒对胯里喷做么子, 猛而刚, 笑了, 鄙视r, 扶墙r","['裆部散热[微笑R]', '裆部散热[偷笑R]', '裆部散热']","[post=69e43b14000000001a02e095; level=1; likes=12.0; status=弱势; role=服务者] 为什么喷在PP和裆部[doge]
---
[post=69e43b14000000001a02e095; level=1; likes=8.0; status=弱势; role=服务者] [笑哭R][笑哭R][笑哭R]裤兜滚烫
---
[post=69e43b14000000001a02e095; level=2; likes=5.0; status=弱势; role=服务者] 不用搭理喷子，他连这种没用的都做不出来
---
[post=69e43b14000000001a02e095; level=1; likes=2.0; status=弱势; role=服务者] 为什么就喷屁屁
---
[post=69e43b14000000001a02e095; level=1; likes=2.0; status=弱势; role=服务者] 出门不穿裤子就算了 热了还得让人给喷屁股[石化R]","[post=69e43b14000000001a02e095; level=1; likes=12.0; status=弱势; role=服务者] 为什么喷在PP和裆部[doge]
---
[post=69e481e8000000002003ad94; level=1; likes=2.0; status=强势; role=服务者] 喷的位子有点不雅[doge]
---
[post=69df625d0000000021005c63; level=2; likes=0.0; status=失败; role=观众] 小鹏那个做成女性网友怎么喷的？
---
[post=69e2583b00000000230211ea; level=1; likes=0.0; status=失败; role=抢救者] 害我喷了一地大米饭
---
[post=69e447d2000000001d01aa01; level=2; likes=0.0; status=强势; role=服务者] 下次再奔袭三所里用的[吐舌头H]
---
[post=69e42cc100000000220001ad; level=2; likes=0.0; status=弱势; role=观众] 扫兴的人揍开[捂脸R]","[post=69e481e8000000002003ad94; level=2; likes=0.0; status=强势; role=服务者] 裆部散热
---
[post=69e43b14000000001a02e095; level=1; likes=0.0; status=弱势; role=服务者] 为什么不会自己拿水喷？[doge]
---
[post=69e481e8000000002003ad94; level=1; likes=0.0; status=强势; role=服务者] 为什么不让他自己喷
---
[post=69e43b14000000001a02e095; level=1; likes=0.0; status=弱势; role=服务者] 还往人裤裆喷东西呢
---
[post=69e43b14000000001a02e095; level=1; likes=0.0; status=弱势; role=服务者] 往孩子裆里喷药[扶墙R]",high_post_dominance
43,104,245,13,0.7115384615384616,0.7980769230769231,0.2019230769230769,"还有担架, 用编织袋不好么, 昨天的, 没想到是担架啊, 最后担架我是没绷住, 竟然还有担架, 等会儿是不是拿扫把, 没等抬呢自己先报废了, 派个大号扫地机器人, 用担架确实有点搞笑了","['还有担架…不应该是塑料袋么', '还有担架，我绷不住了[笑哭R]', '太人性化了，还有担架[笑哭R][笑哭R]']","[post=69db34bb000000001a0348ae; level=2; likes=1015.0; status=失败; role=抢救者] 好像拿扫把扫比较快了[完啦R]
---
[post=69db34bb000000001a0348ae; level=1; likes=350.0; status=失败; role=抢救者] 担架的必要性
---
[post=69db34bb000000001a0348ae; level=2; likes=53.0; status=失败; role=抢救者] 这个应该更需要扫帚和簸萁
---
[post=69da7e87000000001a03484e; level=2; likes=32.0; status=强势; role=观众] 您这不废话吗？博尔特也不会撑杆跳啊[笑哭R]
---
[post=69e2583b00000000230211ea; level=1; likes=14.0; status=失败; role=抢救者] 拿来的竟然是单架，不应该是纸箱吗","[post=69db34bb000000001a0348ae; level=2; likes=1015.0; status=失败; role=抢救者] 好像拿扫把扫比较快了[完啦R]
---
[post=69da7e87000000001a03484e; level=2; likes=32.0; status=强势; role=观众] 您这不废话吗？博尔特也不会撑杆跳啊[笑哭R]
---
[post=69e2583b00000000230211ea; level=1; likes=14.0; status=失败; role=抢救者] 拿来的竟然是单架，不应该是纸箱吗
---
[post=69e48341000000001a02d0c4; level=1; likes=14.0; status=强势; role=观众] nbc新闻只有一个镜头，那个被减速带绊倒摔的七零八落，被担架抬走的。昨天的，可查
---
[post=69e6f2bc0000000023005345; level=1; likes=6.0; status=弱势; role=观众] 再把扫地做饭训练好
---
[post=69e47f8f000000001f007203; level=2; likes=1.0; status=混合; role=观众] 一起抬走[吃瓜R]
---
[post=69e4426b000000001d01c7ed; level=2; likes=1.0; status=混合; role=观众] 确实 还有冲向绿化带被抬担架了
---
[post=69df625d0000000021005c63; level=1; likes=0.0; status=失败; role=观众] 为什么旁边没有医生，摔倒了把伤员用担架抬走[doge]","[post=69e2583b00000000230211ea; level=1; likes=0.0; status=失败; role=抢救者] 竟然还有担架，直接笑喷了
---
[post=69e2583b00000000230211ea; level=1; likes=1.0; status=失败; role=抢救者] 这，找蛇皮袋往里弄呀，整啥担架呢
---
[post=69e2583b00000000230211ea; level=1; likes=0.0; status=失败; role=抢救者] 再接再厉，提升质量，担架都准备好了[捂脸R]
---
[post=69e2583b00000000230211ea; level=1; likes=2.0; status=失败; role=抢救者] 后面的担架好搞笑
---
[post=69e2583b00000000230211ea; level=1; likes=0.0; status=失败; role=抢救者] 做成这样，抬走吧",high_post_dominance
45,102,395,12,0.5686274509803921,0.8137254901960784,0.1862745098039215,"皱眉r, 黑色吸热, 小黑加油, 小黑太可爱了, 小黑真厉害, 礼貌吗叫人小黑, 矮小黑跑得不错, 目测比老黑快了, 用这小黑子陪小孩跑步会有趣点, 现实中明明黑人跑得最快","['早知道涂白色吧 黑色吸热', '这小黑娃谁研究的呢 好可爱[皱眉R]', '图二好像黑蛋啊[皱眉R][皱眉R][皱眉R]好可爱[皱眉R][皱眉R][皱眉R]']","[post=69e634590000000022003bb5; level=2; likes=52.0; status=常态; role=观众] 这个小黑黑好可爱！
---
[post=69e43b14000000001a02e095; level=2; likes=39.0; status=弱势; role=服务者] 黢黑黢黑的
---
[post=69e481e8000000002003ad94; level=2; likes=4.0; status=强势; role=服务者] 找不到黑点就别黑了
---
[post=69e47f8f000000001f007203; level=1; likes=4.0; status=混合; role=观众] 这个小黑铁蛋，跑的又努力又辛酸又可爱又搞笑。
---
[post=69e47f8f000000001f007203; level=1; likes=3.0; status=混合; role=观众] 这小黑娃谁研究的呢 好可爱[皱眉R]","[post=69e634590000000022003bb5; level=2; likes=52.0; status=常态; role=观众] 这个小黑黑好可爱！
---
[post=69e43b14000000001a02e095; level=2; likes=39.0; status=弱势; role=服务者] 黢黑黢黑的
---
[post=69e481e8000000002003ad94; level=2; likes=4.0; status=强势; role=服务者] 找不到黑点就别黑了
---
[post=69e47f8f000000001f007203; level=1; likes=4.0; status=混合; role=观众] 这个小黑铁蛋，跑的又努力又辛酸又可爱又搞笑。
---
[post=69e4412a000000002103883f; level=1; likes=2.0; status=强势; role=观众] 不愧是山东，还用黑人脏辫
---
[post=69da7e87000000001a03484e; level=2; likes=1.0; status=强势; role=观众] 目测比老黑快了
---
[post=69df625d0000000021005c63; level=1; likes=1.0; status=失败; role=观众] 怎么还有黑皮体育生参赛啊？
---
[post=69e42cc100000000220001ad; level=2; likes=1.0; status=弱势; role=观众] 黑蠓子小小的[doge]","[post=69e43b14000000001a02e095; level=1; likes=0.0; status=弱势; role=服务者] 黑色皮肤，持久＋1
---
[post=69e47f8f000000001f007203; level=1; likes=0.0; status=混合; role=观众] 那个小黑娜塔莎好努力啊[笑哭R]
---
[post=69e47f8f000000001f007203; level=1; likes=0.0; status=混合; role=观众] 那个小黑娃好可爱
---
[post=69e47f8f000000001f007203; level=1; likes=0.0; status=混合; role=观众] 那俩小黑玩意跑挺快
---
[post=69da7e87000000001a03484e; level=1; likes=0.0; status=强势; role=观众] 还是老黑厉害",high_post_dominance
46,99,242,9,0.6868686868686869,0.6767676767676768,0.3232323232323232,"亦庄, 义庄, 扯脸h, 亦庄真是个神奇的地方, 亦庄这个地方还是太复杂了, 奕字庄, 简化为了, 是不是举办地方有点说法, 没事溜溜鸵鸟, 没事别开车去亦庄","['果然是“亦庄”', '名字就很诡异 亦庄[捂脸R][捂脸R]', '不是\n“亦庄”和“义庄”不是一回事，只是读音相同，但字和意思都完全不同。亦庄的名字由来和古代的“义庄”（宗族慈善机构或停尸房）没有关系。\n关于“亦庄”名字的由来，流传最广且有史料支持的说法是，这里曾是清代“奕字营”的兵营所在地。清末，一位姓祁的富商在此买地建庄园，取名为“奕字庄”。后来，人们为了书写方便，逐渐将“奕字庄”简化为了“亦庄”。\n“义庄”在古代其实是一种慈善机构，由宗族或乡绅创办，主要功能是救济族人、资助教育、办理婚丧等，并非只是影视剧里演的停尸房。将亦庄和义庄联系起来，更多是民间的一种谐音附会。']","[post=69da7e87000000001a03484e; level=2; likes=283.0; status=强势; role=观众] 白天偶尔也会看到鸵鸟在马路上跑了
---
[post=69da7e87000000001a03484e; level=1; likes=74.0; status=强势; role=观众] 感觉亦庄好有科技感，无人驾驶汽车，机器人，各种新科技都在那测试
---
[post=69da7e87000000001a03484e; level=2; likes=67.0; status=强势; role=观众] 亦庄还有鸵鸟呢[doge]
---
[post=69da7e87000000001a03484e; level=2; likes=54.0; status=强势; role=观众] 亦庄无人驾驶也很多，经常一扭头发现一起等红灯的车里没有司机[捂脸R]
---
[post=69db34bb000000001a0348ae; level=2; likes=29.0; status=失败; role=抢救者] 扔到河北去","[post=69da7e87000000001a03484e; level=2; likes=283.0; status=强势; role=观众] 白天偶尔也会看到鸵鸟在马路上跑了
---
[post=69db34bb000000001a0348ae; level=2; likes=29.0; status=失败; role=抢救者] 扔到河北去
---
[post=69e59e520000000022027a90; level=1; likes=2.0; status=弱势; role=观众] 这几天的快乐都是亦庄这群机器人给的[笑哭R]
---
[post=69df625d0000000021005c63; level=1; likes=1.0; status=失败; role=观众] 亦庄的路上不是鸵鸟就是机器人，太洋气啦
---
[post=69e40352000000002102fc75; level=1; likes=1.0; status=常态; role=服务者] 现在还有吗 在昌平过去还来得及吗
---
[post=69e4426b000000001d01c7ed; level=1; likes=0.0; status=混合; role=观众] 本来打算去看的，我就住亦庄里，但是周末只想躺尸
---
[post=69e481e8000000002003ad94; level=1; likes=0.0; status=强势; role=服务者] 没事别开车去亦庄[叹气R]
---
[post=69e47f8f000000001f007203; level=1; likes=0.0; status=混合; role=观众] 在首都真好呀，我也想看","[post=69da7e87000000001a03484e; level=1; likes=0.0; status=强势; role=观众] 还得是亦庄啊！一会儿跑鸵鸟、一会儿跑机器人
---
[post=69df625d0000000021005c63; level=1; likes=0.0; status=失败; role=观众] 周日可以去亦庄现场看比赛吗[笑哭R]
---
[post=69da7e87000000001a03484e; level=1; likes=0.0; status=强势; role=观众] 亦庄真是个神奇的地方
---
[post=69da7e87000000001a03484e; level=2; likes=0.0; status=强势; role=观众] 你住亦庄吗？看来qiong到只能买起工业区的房子了
---
[post=69da7e87000000001a03484e; level=1; likes=0.0; status=强势; role=观众] 想起来上次在亦庄碰到了鸵鸟跑步了",high_post_dominance
47,95,132,4,0.8526315789473684,0.231578947368421,0.7684210526315789,"压缩空气, 快速降温喷雾, 降温用的, 降温, 降温喷雾, 炸了就舒服了, 类似于丁烷, 淘宝搜降温喷雾就行, 液氮降温, 液氮罐降温的","['快速降温喷雾，实际上是LPG，易燃易爆[捂脸R]', '压缩空气 无所谓的', '压缩空气，气化吸热']","[post=69e481e8000000002003ad94; level=2; likes=8645.0; status=强势; role=服务者] 快速散热的，但是可燃，有火花就直接烧
---
[post=69e481e8000000002003ad94; level=2; likes=1355.0; status=强势; role=服务者] 足球赛场上也用，烷基制冷喷雾
---
[post=69e481e8000000002003ad94; level=2; likes=335.0; status=强势; role=服务者] 感觉是压缩空气，降温用
---
[post=69e634590000000022003bb5; level=2; likes=37.0; status=常态; role=观众] 自主，喷的是降温用的
---
[post=69e481e8000000002003ad94; level=2; likes=8.0; status=强势; role=服务者] 应该是清凉喷雾，给电机散热","[post=69e481e8000000002003ad94; level=2; likes=8645.0; status=强势; role=服务者] 快速散热的，但是可燃，有火花就直接烧
---
[post=69e634590000000022003bb5; level=2; likes=37.0; status=常态; role=观众] 自主，喷的是降温用的
---
[post=69e43b14000000001a02e095; level=2; likes=5.0; status=弱势; role=服务者] 估计喷的是什么降温的吧？
---
[post=69e4412a000000002103883f; level=2; likes=3.0; status=强势; role=观众] 如果你去参加马拉松，沿路也都有喷雾给你使用，极速降温，保护关节。不过那是云南白药[暗中观察R][暗中观察R]","[post=69e481e8000000002003ad94; level=2; likes=0.0; status=强势; role=服务者] 降温和润滑用的吧
---
[post=69e481e8000000002003ad94; level=2; likes=0.0; status=强势; role=服务者] 应该是氯乙烷，降温
---
[post=69e481e8000000002003ad94; level=2; likes=0.0; status=强势; role=服务者] 压缩空气，气化吸热
---
[post=69e43b14000000001a02e095; level=1; likes=0.0; status=弱势; role=服务者] 和人一样样的，人类马拉松进补给站，也喷喷雾降温
---
[post=69e481e8000000002003ad94; level=2; likes=0.0; status=强势; role=服务者] 可能是液氮吧！感觉是降温的",high_post_dominance
49,85,155,11,0.7411764705882353,0.4470588235294118,0.5529411764705883,"钛合金膝盖, 伤膝盖, 没事, 注意保护膝盖, 新膝盖, 无所畏了, 真正的物理铁膝盖, 氨糖, 没事马上就能有机器人医生给换膝盖, 没有恢复期","['姿势不标准 伤膝盖', '真·钛合金膝盖', '工程师：真·钛合金膝盖，小子']","[post=69da7e87000000001a03484e; level=2; likes=590.0; status=强势; role=观众] 刚换的钛合金膝盖
---
[post=69db34bb000000001a0348ae; level=1; likes=10.0; status=失败; role=抢救者] 怎么老小老弟 半月板跑废了
---
[post=69da7e87000000001a03484e; level=2; likes=8.0; status=强势; role=观众] 工程师：真·钛合金膝盖，小子
---
[post=69da7e87000000001a03484e; level=1; likes=2.0; status=强势; role=观众] 这下半月板真成耗材了
---
[post=69da7e87000000001a03484e; level=1; likes=1.0; status=强势; role=观众] 顺带不做个膝盖及组织润滑液的耐久研究[doge]","[post=69da7e87000000001a03484e; level=2; likes=590.0; status=强势; role=观众] 刚换的钛合金膝盖
---
[post=69db34bb000000001a0348ae; level=1; likes=10.0; status=失败; role=抢救者] 怎么老小老弟 半月板跑废了
---
[post=69e481e8000000002003ad94; level=1; likes=1.0; status=强势; role=服务者] 把他的关节换给我行吗？
---
[post=69e43b14000000001a02e095; level=1; likes=0.0; status=弱势; role=服务者] 髋关节需要润滑了[doge]
---
[post=69e4426b000000001d01c7ed; level=1; likes=0.0; status=混合; role=观众] 看起来它的膝盖还不如我[捂脸R]
---
[post=69e44171000000001a026b25; level=1; likes=0.0; status=混合; role=观众] 髋关节挺灵活的[派对R]
---
[post=69e47f8f000000001f007203; level=2; likes=0.0; status=混合; role=观众] 髋关节更换n[笑哭R]
---
[post=69e447d2000000001d01aa01; level=2; likes=0.0; status=强势; role=服务者] 然后转成膝盖了[doge]","[post=69da7e87000000001a03484e; level=2; likes=0.0; status=强势; role=观众] 没事他膝盖钢做的
---
[post=69da7e87000000001a03484e; level=1; likes=0.0; status=强势; role=观众] 膝关节为什么基本不动
---
[post=69e4426b000000001d01c7ed; level=1; likes=0.0; status=混合; role=观众] 看起来它的膝盖还不如我[捂脸R]
---
[post=69da7e87000000001a03484e; level=1; likes=0.0; status=强势; role=观众] 这膝盖得三天一换吧
---
[post=69da7e87000000001a03484e; level=2; likes=0.0; status=强势; role=观众] 机器人：我的换膝手术很便宜，况且我老的快，可能不到明年就彻底退休了，无所畏了[抠鼻R]",high_post_dominance
50,85,153,6,0.5176470588235295,0.611764705882353,0.388235294117647,"防晒喷雾, 防晒, 防蚊喷雾, 都晒黑了, 还要喷防晒, 晒黑了, 捂嘴笑r, 痱子粉, 早干嘛, 既然怕热回去给孩子改成浅色吧","['防晒喷雾[doge]', '防晒喷雾，隔绝紫外线[doge]', '防晒喷雾[偷笑R][偷笑R]']","[post=69e481e8000000002003ad94; level=2; likes=12.0; status=强势; role=服务者] 防蚊喷雾[doge]
---
[post=69e481e8000000002003ad94; level=1; likes=6.0; status=强势; role=服务者] 真讲究，还喷防晒[笑哭R]
---
[post=69e43b14000000001a02e095; level=1; likes=5.0; status=弱势; role=服务者] 喷点防晒，瞧给孩子晒得黢黑
---
[post=69e481e8000000002003ad94; level=2; likes=4.0; status=强势; role=服务者] 降温的可不是防晒[捂脸R]
---
[post=69e43b14000000001a02e095; level=1; likes=1.0; status=弱势; role=服务者] 光给喷降温的，也给喷点防晒的啊，看给孩子晒得黑的[doge]","[post=69e481e8000000002003ad94; level=2; likes=12.0; status=强势; role=服务者] 防蚊喷雾[doge]
---
[post=69e43b14000000001a02e095; level=1; likes=5.0; status=弱势; role=服务者] 喷点防晒，瞧给孩子晒得黢黑
---
[post=69da7e87000000001a03484e; level=1; likes=0.0; status=强势; role=观众] 为啥总是喜欢涂黑色?
---
[post=69df625d0000000021005c63; level=1; likes=0.0; status=失败; role=观众] 是不是光线太暗了[笑哭R][赞R]
---
[post=69e4426b000000001d01c7ed; level=2; likes=0.0; status=混合; role=观众] 这肤色倒也不用防了[doge]
---
[post=69e42cc100000000220001ad; level=1; likes=0.0; status=弱势; role=观众] 维特丝美白沐浴露果酸祛痘留香","[post=69e43b14000000001a02e095; level=1; likes=0.0; status=弱势; role=服务者] 防晒喷雾？
---
[post=69e43b14000000001a02e095; level=1; likes=0.0; status=弱势; role=服务者] 工作人员几下是喷个防晒喷雾吗[抠鼻R]
---
[post=69e481e8000000002003ad94; level=2; likes=0.0; status=强势; role=服务者] 防晒美白润肤
---
[post=69e43b14000000001a02e095; level=1; likes=0.0; status=弱势; role=服务者] 都晒黑了，喷的防晒喷雾[暗中观察R]
---
[post=69e43b14000000001a02e095; level=1; likes=1.0; status=弱势; role=服务者] 被蚊子咬了吧，止痒喷雾",high_post_dominance
51,84,170,13,0.4880952380952381,0.1309523809523809,0.8690476190476191,"汽车, 那不就是汽车吗, 那tm叫汽车, 那不就是电动车吗, 有轮子的叫电动车, 注意不错马上量产, 汽车也不是一天成现在这样的, 汽车早就发明出来了, 早发明了, 汽车早就有","['汽车：请好好看着我', '那不是早就有了吗，汽车[暗中观察R]', '您是否是想搜：汽车？']","[post=69e481e8000000002003ad94; level=2; likes=159.0; status=强势; role=服务者] 恭喜你发明了电动汽车[doge][doge]
---
[post=69da7e87000000001a03484e; level=2; likes=60.0; status=强势; role=观众] 按俩轱辘那叫电动车
---
[post=69e447d2000000001d01aa01; level=2; likes=51.0; status=强势; role=服务者] 哈哈哈哈哈车如其名了属于是！
---
[post=69e481e8000000002003ad94; level=2; likes=27.0; status=强势; role=服务者] 你能卖出去车也是奇迹
---
[post=69e481e8000000002003ad94; level=2; likes=24.0; status=强势; role=服务者] 恭喜你发明了新能源两轮车[偷笑R]","[post=69e481e8000000002003ad94; level=2; likes=159.0; status=强势; role=服务者] 恭喜你发明了电动汽车[doge][doge]
---
[post=69da7e87000000001a03484e; level=2; likes=60.0; status=强势; role=观众] 按俩轱辘那叫电动车
---
[post=69e447d2000000001d01aa01; level=2; likes=51.0; status=强势; role=服务者] 哈哈哈哈哈车如其名了属于是！
---
[post=69e4426b000000001d01c7ed; level=2; likes=6.0; status=混合; role=观众] 你说的那种只能当汽车开，这种干啥都行
---
[post=69e4551e000000001f005895; level=2; likes=5.0; status=强势; role=被超越者] 你得注明一下，不是新国标电车[嘻嘻R]
---
[post=69db34bb000000001a0348ae; level=2; likes=1.0; status=失败; role=抢救者] 车上常备的会是五金店吗？[呃R]
---
[post=69e48341000000001a02d0c4; level=2; likes=1.0; status=强势; role=观众] 那不就是电动车吗
---
[post=69e2583b00000000230211ea; level=1; likes=1.0; status=失败; role=抢救者] 盖灵布的车企业有的一拼","[post=69da7e87000000001a03484e; level=1; likes=2.0; status=强势; role=观众] 以后能抓违规电动车了！[捂脸R]
---
[post=69e481e8000000002003ad94; level=2; likes=0.0; status=强势; role=服务者] 那不就是汽车吗[满月R]
---
[post=69db34bb000000001a0348ae; level=2; likes=1.0; status=失败; role=抢救者] 车上常备的会是五金店吗？[呃R]
---
[post=69e481e8000000002003ad94; level=2; likes=0.0; status=强势; role=服务者] 俊熹那是汽车
---
[post=69e481e8000000002003ad94; level=2; likes=0.0; status=强势; role=服务者] 你说的那玩意叫汽车[爆炸R]",high_post_dominance
52,82,168,19,0.3292682926829268,0.4390243902439024,0.5609756097560976,"豆包, 疑似猪圈, 笑得我肚子啊啊啊啊啊, 突然想起来了那个豆脚, 看见豆脚没, 看到了一个长脚豆包的作者发了一个视频, 看个豆角的集合, 疑似豆包小号, 啥意思, 好吓人啊","['看个豆角的集合。[doge][doge]', '底特律：豆包', '豆包 豆脚']","[post=69e47f8f000000001f007203; level=1; likes=6640.0; status=混合; role=观众] 怎么不拍豆脚，她也参赛了。
---
[post=69e47f8f000000001f007203; level=2; likes=249.0; status=混合; role=观众] 豆脚哈哈哈哈哈哈哈哈哈哈谁起的名字笑死了
---
[post=69e4b08d000000001d01c1bc; level=1; likes=33.0; status=混合; role=观众] 这个豆包……感觉改改能做腿音未来……
---
[post=69e481e8000000002003ad94; level=2; likes=30.0; status=强势; role=服务者] 反正跟你们无关，啃你的爱尔兰土豆吧
---
[post=69e4b08d000000001d01c1bc; level=2; likes=8.0; status=混合; role=观众] 豆包说没预算，为了省钱就不做身体了","[post=69e47f8f000000001f007203; level=1; likes=6640.0; status=混合; role=观众] 怎么不拍豆脚，她也参赛了。
---
[post=69e4b08d000000001d01c1bc; level=1; likes=33.0; status=混合; role=观众] 这个豆包……感觉改改能做腿音未来……
---
[post=69e481e8000000002003ad94; level=2; likes=30.0; status=强势; role=服务者] 反正跟你们无关，啃你的爱尔兰土豆吧
---
[post=69e463df000000001b003017; level=2; likes=5.0; status=强势; role=服务者] 豆包一样吧
---
[post=69e40352000000002102fc75; level=1; likes=4.0; status=常态; role=服务者] 豆脚加油
---
[post=69df625d0000000021005c63; level=2; likes=1.0; status=失败; role=观众] 看到了一个长脚豆包的作者发了一个视频，，
---
[post=69e4426b000000001d01c7ed; level=2; likes=1.0; status=混合; role=观众] 我今天还刷到一个只有脚和头的豆包
---
[post=69db34bb000000001a0348ae; level=1; likes=1.0; status=失败; role=抢救者] 我还是忘不了那个豆脚[笑哭R]","[post=69e47f8f000000001f007203; level=2; likes=0.0; status=混合; role=观众] 它叫豆脚 还有初音的壳
---
[post=69e40352000000002102fc75; level=1; likes=0.0; status=常态; role=服务者] 这里是不是还有个豆包？
---
[post=69e4b08d000000001d01c1bc; level=1; likes=1.0; status=混合; role=观众] 你看见豆包了么
---
[post=69e47f8f000000001f007203; level=2; likes=0.0; status=混合; role=观众] 哈哈哈哈哈那个豆角我真的[笑哭了R]
---
[post=69e47f8f000000001f007203; level=2; likes=0.0; status=混合; role=观众] 好吓人啊[笑哭R][笑哭R][笑哭R]这是豆包吗？还不如整个红豆包顶着算了",high_post_dominance
53,80,167,9,0.7625,0.4,0.6,"我以为是润滑油, 印度神油, 关节润滑剂吗, 润滑剂吧, 是不是润滑油, 润滑关节的, 润滑油, 气态润滑油, 类似除锈剂这样的东西, 润滑的","['我以为是润滑油[捂脸R]', '我以为是润滑油[笑哭R]', '我以为是润滑油']","[post=69e4412a000000002103883f; level=2; likes=16.0; status=强势; role=观众] 肯定有用。抵消惯性。
---
[post=69e634590000000022003bb5; level=1; likes=12.0; status=常态; role=观众] 这是自主还是遥控版本啊？ 另外喷的润滑液还是冷却
---
[post=69e481e8000000002003ad94; level=2; likes=2.0; status=强势; role=服务者] 还真有用，这玩意就得加油，[偷笑R]各种润滑
---
[post=69e43b14000000001a02e095; level=1; likes=1.0; status=弱势; role=服务者] 整点润滑油
---
[post=69e481e8000000002003ad94; level=2; likes=1.0; status=强势; role=服务者] 润滑运动部位。","[post=69e4412a000000002103883f; level=2; likes=16.0; status=强势; role=观众] 肯定有用。抵消惯性。
---
[post=69e634590000000022003bb5; level=1; likes=12.0; status=常态; role=观众] 这是自主还是遥控版本啊？ 另外喷的润滑液还是冷却
---
[post=69e481e8000000002003ad94; level=2; likes=2.0; status=强势; role=服务者] 还真有用，这玩意就得加油，[偷笑R]各种润滑
---
[post=69e43b14000000001a02e095; level=1; likes=1.0; status=弱势; role=服务者] 整点润滑油
---
[post=69e2583b00000000230211ea; level=1; likes=1.0; status=失败; role=抢救者] 这机器是用浆糊粘的吗
---
[post=69da7e87000000001a03484e; level=2; likes=0.0; status=强势; role=观众] 多用润滑
---
[post=69df625d0000000021005c63; level=1; likes=0.0; status=失败; role=观众] 摩擦摩擦，在光滑的地上摩 擦，摩擦
---
[post=69e59e520000000022027a90; level=1; likes=0.0; status=弱势; role=观众] 都用的乙醇汽油吧，多少都有点上头","[post=69e481e8000000002003ad94; level=1; likes=0.0; status=强势; role=服务者] 关节润滑油
---
[post=69e481e8000000002003ad94; level=2; likes=0.0; status=强势; role=服务者] 我咋感觉是润滑油之类的
---
[post=69e481e8000000002003ad94; level=2; likes=0.0; status=强势; role=服务者] 润滑剂，类似除锈剂这样的东西
---
[post=69e481e8000000002003ad94; level=2; likes=0.0; status=强势; role=服务者] 我以为是润滑油
---
[post=69e481e8000000002003ad94; level=2; likes=0.0; status=强势; role=服务者] 80 俗称液体黄油 喷出10秒黄油化",high_post_dominance
54,78,103,8,0.4615384615384615,0.717948717948718,0.282051282051282,"终结者, 这进化速度, 很快, 现在想想那是不是他们广告部拍的大片, 看来咱们离终结者的到来不远了, 现实版终结者啊, 画面详见终结者, 没歇菜之前就是个t800, 没有进化过程的, 看来t800很快就会出来了","['此事《终结者》一至六部均有记录', '去年还需要支架 今年就健步如飞，这进化速度，很快《终结者》就会实现。', '这进化速度，很快《终结者》就会出现']","[post=69da7e87000000001a03484e; level=1; likes=10.0; status=强势; role=观众] 以后被 t 800追杀都跑不赢[石化R]
---
[post=69e4551e000000001f005895; level=2; likes=5.0; status=强势; role=被超越者] 换个头型涂装就终结者，10个朝你跑过来，害怕不？100个呢[doge]
---
[post=69e44278000000001a0217bb; level=1; likes=3.0; status=强势; role=被超越者] 现实版终结者啊
---
[post=69e481e8000000002003ad94; level=2; likes=2.0; status=强势; role=服务者] 没歇菜之前就是个T800，不会害怕，没有感情，高效机械的执行命令
---
[post=69e44278000000001a0217bb; level=1; likes=2.0; status=强势; role=被超越者] 有点看电影终结者的感觉了，第二集里面一家老小开车被 t 1000跑步追逐，非常窒息[捂脸R][偷笑R]","[post=69da7e87000000001a03484e; level=1; likes=10.0; status=强势; role=观众] 以后被 t 800追杀都跑不赢[石化R]
---
[post=69e4551e000000001f005895; level=2; likes=5.0; status=强势; role=被超越者] 换个头型涂装就终结者，10个朝你跑过来，害怕不？100个呢[doge]
---
[post=69e44278000000001a0217bb; level=1; likes=3.0; status=强势; role=被超越者] 现实版终结者啊
---
[post=69e481e8000000002003ad94; level=2; likes=2.0; status=强势; role=服务者] 没歇菜之前就是个T800，不会害怕，没有感情，高效机械的执行命令
---
[post=69e48d54000000002102e178; level=2; likes=1.0; status=弱势; role=保护者] 这哥们凭这个视频终结者就能放他一马
---
[post=69e2583b00000000230211ea; level=2; likes=1.0; status=失败; role=抢救者] 哈哈哈哈哈哈哈光速结束战斗！
---
[post=69df625d0000000021005c63; level=1; likes=0.0; status=失败; role=观众] 看样子t800还没来[doge]
---
[post=69e48341000000001a02d0c4; level=1; likes=0.0; status=强势; role=观众] [点赞R]。十几年前波士顿动力的圣诞老人跑出来时，我以为终结者快被美国搞出来了，现在想想那是不是他们广告部拍的大片[捂脸R]","[post=69da7e87000000001a03484e; level=2; likes=0.0; status=强势; role=观众] 太TM吓人😱了，我脑子里首先想到的是终结者T1000，人类要完
---
[post=69e4551e000000001f005895; level=2; likes=1.0; status=强势; role=被超越者] 参考终结者T1000这个就是原型机[捂脸R][捂脸R]
---
[post=69da7e87000000001a03484e; level=1; likes=0.0; status=强势; role=观众] 有T800的意思了
---
[post=69e481e8000000002003ad94; level=1; likes=0.0; status=强势; role=服务者] 造出终结者啊，让美国人美梦成真
---
[post=69e4551e000000001f005895; level=2; likes=0.0; status=强势; role=被超越者] bro以为自己是终结者",high_post_dominance
55,77,285,3,0.974025974025974,0.0389610389610389,0.961038961038961,"发动机, 发动机不差, 没有一个品牌不被黑的, 是全面碾压, 现在换成10式1200马力的了, 现在15年过去了, 现在日本除了动漫和那方面之外已经没啥了吧, 现在国产几乎都是电车, 民用的也不差, 现在新能源汽车用的是电机","['发动机不差，是专利墙绕不过去，军工不在乎专利，你看看军工发动机', '汽车领域已经开始了，可以看一下刚结束的曼谷车展，泰国之前一直是日系车领地，在当地有很多工厂，今年国产车拿下了7成的单子。这波石油价格起飞，新能源车大卖，石油用来当燃料太可惜了，工业必需品。', '发动机部分领域已经超过日本了，比如1500马力柴油机国产坦克大列装好多年没啥问题，日本的还在流大姨妈，现在换成10式1200马力的了。潍柴的500马力柴油机热效率全球一流，燃气轮机，喷气式发动机世界前三，这些高端发动机不知道甩日本几条街，汽车发动机快发展到头了，全世界的汽车大厂基本指标都大差不差']","[post=69e48341000000001a02d0c4; level=1; likes=127.0; status=强势; role=观众] 小时候觉得日本机器人厉害，现在中国这方面碾压日本人。要是汽车领域压日本就更好了。中国发动机差一点
---
[post=69e48341000000001a02d0c4; level=2; likes=93.0; status=强势; role=观众] 中国弯道超车，走电车路线，三电技术甩日本几条街
---
[post=69e48341000000001a02d0c4; level=2; likes=50.0; status=强势; role=观众] 如果说汽车电机的话，应该不差日本了。燃油发动机确实国产的不行
---
[post=69e48341000000001a02d0c4; level=2; likes=22.0; status=强势; role=观众] 国产发动机不差好吧，主要是变速箱还有发变配合
---
[post=69e48341000000001a02d0c4; level=2; likes=13.0; status=强势; role=观众] 我是外行哦，但是感觉电车好像已经比日本好了。","[post=69e48341000000001a02d0c4; level=1; likes=127.0; status=强势; role=观众] 小时候觉得日本机器人厉害，现在中国这方面碾压日本人。要是汽车领域压日本就更好了。中国发动机差一点
---
[post=69e481e8000000002003ad94; level=1; likes=9.0; status=强势; role=服务者] 太先进了，日本的好多东西我们得学一学了
---
[post=69da7e87000000001a03484e; level=1; likes=2.0; status=强势; role=观众] 说义意是什么的估计是说电车发展不起来是同一帮人。[偷笑R][偷笑R]","[post=69e48341000000001a02d0c4; level=2; likes=0.0; status=强势; role=观众] 别好像，中国电车领先全球
---
[post=69e48341000000001a02d0c4; level=2; likes=0.0; status=强势; role=观众] 国内没有🙂‍↔️最贵的也比不上日本日立。比如国产21吨左右的挖掘机。国产基本就是80万左右，压根就没有贵的，日立的要120左右。估计国内可能不愿意做挖掘机领域[笑哭R]
---
[post=69e48341000000001a02d0c4; level=2; likes=0.0; status=强势; role=观众] 回国体会体会发动机就好了[doge]现在日本除了动漫和那方面之外已经没啥了吧
---
[post=69e48341000000001a02d0c4; level=2; likes=0.0; status=强势; role=观众] 至少15年前国内发动机就是比不上日本。现在15年过去了，我不知道是否有大变化[微笑R]
---
[post=69e48341000000001a02d0c4; level=2; likes=0.0; status=强势; role=观众] 那雅马哈和本田怎么输给了820RR？难道是故意不小心的？",high_post_dominance
56,73,115,17,0.4657534246575342,0.6438356164383562,0.3561643835616438,"还回来吃饭吗, 看来虽然不吃大米, 然后再跑, 直接吃最后一口饭不就行了, 累坏了工作人员, 直接吃最后一口不就饱了, 米饭馒头不是更饱, 直接用手抓不更灵活, 科学的镜头就是世界的毁灭, 真的很敬业了","['去哪啊 还回来吃饭吗', '还回来吃饭吗？', '还回来吃饭吗！！！']","[post=69e481e8000000002003ad94; level=1; likes=1240.0; status=强势; role=服务者] 孙孙，切汤饭了[doge]
---
[post=69e46730000000001d0199c8; level=2; likes=158.0; status=强势; role=观众] 得先会走，然后再跑。。不可能一口吃成个胖子啊。。
---
[post=69e481e8000000002003ad94; level=2; likes=18.0; status=强势; role=服务者] 你能一口吃成胖子吗？你生下来就一口吃成大人吗？
---
[post=69e40352000000002102fc75; level=1; likes=14.0; status=常态; role=服务者] 都是吃饱撑得  科学的镜头就是世界的毁灭
---
[post=69e481e8000000002003ad94; level=2; likes=12.0; status=强势; role=服务者] 一口吃个死胖子？","[post=69e481e8000000002003ad94; level=1; likes=1240.0; status=强势; role=服务者] 孙孙，切汤饭了[doge]
---
[post=69e46730000000001d0199c8; level=2; likes=158.0; status=强势; role=观众] 得先会走，然后再跑。。不可能一口吃成个胖子啊。。
---
[post=69e40352000000002102fc75; level=1; likes=14.0; status=常态; role=服务者] 都是吃饱撑得  科学的镜头就是世界的毁灭
---
[post=69da7e87000000001a03484e; level=2; likes=6.0; status=强势; role=观众] 一口吃不成胖子
---
[post=69e4426b000000001d01c7ed; level=1; likes=6.0; status=混合; role=观众] 这是跑一半，没吃到自助餐饿晕了吗？[偷笑R][偷笑R]
---
[post=69df625d0000000021005c63; level=1; likes=4.0; status=失败; role=观众] 这个肯定没吃饭
---
[post=69e47f8f000000001f007203; level=2; likes=3.0; status=混合; role=观众] 气炸了的工作人员
---
[post=69e59e520000000022027a90; level=2; likes=3.0; status=弱势; role=观众] 饭要一口一口吃[doge]","[post=69e42cc100000000220001ad; level=1; likes=0.0; status=弱势; role=观众] 不吃不喝的人，可以干到天荒地老
---
[post=69e481e8000000002003ad94; level=1; likes=0.0; status=强势; role=服务者] 把工作人员累的不行
---
[post=69e47f8f000000001f007203; level=2; likes=1.0; status=混合; role=观众] 要不然无聊，谁能长到榴莲、板栗、螺蛳粉这些玩意能吃呀？
---
[post=69e481e8000000002003ad94; level=2; likes=0.0; status=强势; role=服务者] 吃饭干嘛用筷子，直接用手抓不更灵活[doge]
---
[post=69e2583b00000000230211ea; level=1; likes=0.0; status=失败; role=抢救者] 真是吃饱了撑得",high_post_dominance
57,72,200,4,0.9305555555555556,0.0416666666666666,0.9583333333333334,"要花生米, 没有凉皮派吗, 真的美滋滋, 派留给我中不中, 笑死我了评论区, 工程师, 皱眉r, 萌萌哒r, 捂嘴笑r, 色色r","['笑死我了评论区，我决定也当凉面派', 's还有白砂糖，真的美滋滋', '要花生米！要花生米！']","[post=69e46032000000001f002048; level=2; likes=1082.0; status=常态; role=保护者] 凉面要吃鸡丝的
---
[post=69e46032000000001f002048; level=2; likes=378.0; status=常态; role=保护者] 鸡丝凉面要加点醋好吃[坏笑R]
---
[post=69e46032000000001f002048; level=2; likes=239.0; status=常态; role=保护者] 鸡丝要吃麻辣的
---
[post=69e46032000000001f002048; level=2; likes=205.0; status=常态; role=保护者] 凉面要加黄瓜丝
---
[post=69e46032000000001f002048; level=2; likes=130.0; status=常态; role=保护者] 椒麻鸡丝拌面也好吃[萌萌哒R]","[post=69e46032000000001f002048; level=2; likes=1082.0; status=常态; role=保护者] 凉面要吃鸡丝的
---
[post=69e481e8000000002003ad94; level=2; likes=7.0; status=强势; role=服务者] 估计是蒜瓣，提神醒脑
---
[post=69e429b4000000001b00037a; level=1; likes=0.0; status=常态; role=观众] 好香？这玩意能吃吗？[汗颜R]
---
[post=69e42cc100000000220001ad; level=2; likes=0.0; status=弱势; role=观众] 大树底下挂辣椒呢","[post=69e46032000000001f002048; level=2; likes=0.0; status=常态; role=保护者] 凉面要吃糖醋的
---
[post=69e46032000000001f002048; level=2; likes=0.0; status=常态; role=保护者] 凉面要吃麻酱鸡丝的
---
[post=69e46032000000001f002048; level=2; likes=0.0; status=常态; role=保护者] 我不一样我是凉粉派[doge]
---
[post=69e46032000000001f002048; level=2; likes=0.0; status=常态; role=保护者] 我的再加点黄豆芽和海带丝
---
[post=69e481e8000000002003ad94; level=1; likes=0.0; status=强势; role=服务者] 工程师：喂我花生！",high_post_dominance
58,69,107,10,0.7536231884057971,0.1739130434782608,0.8260869565217391,"那不就是赛车了, 那叫赛车比赛, 黑薯问号r, 看看百年前的第一届汽车大赛, 直接看赛车不更好吗, 直接到比赛中去测试吗, 没人拦着你去看啊, 汽车最强的也是速度不是脑子, 比赛吗, 是为了赛道垄断吧","['那不就是赛车了？', '那叫赛车比赛[笑哭R]', '那不就是赛车了，马拉松是赛跑啊[doge]']","[post=69e481e8000000002003ad94; level=2; likes=33.0; status=强势; role=服务者] 赛车伺候的人更多
---
[post=69e4426b000000001d01c7ed; level=2; likes=7.0; status=混合; role=观众] 那不成赛车了
---
[post=69e481e8000000002003ad94; level=2; likes=6.0; status=强势; role=服务者] 那叫赛车比赛[笑哭R]
---
[post=69da7e87000000001a03484e; level=2; likes=5.0; status=强势; role=观众] 你想想飞机已经够快了，为什么还会有赛车比赛[doge]
---
[post=69e40352000000002102fc75; level=2; likes=4.0; status=常态; role=服务者] 你猜国外为什么经常举办赛车?","[post=69e481e8000000002003ad94; level=2; likes=33.0; status=强势; role=服务者] 赛车伺候的人更多
---
[post=69e4426b000000001d01c7ed; level=2; likes=7.0; status=混合; role=观众] 那不成赛车了
---
[post=69da7e87000000001a03484e; level=2; likes=5.0; status=强势; role=观众] 你想想飞机已经够快了，为什么还会有赛车比赛[doge]
---
[post=69e40352000000002102fc75; level=2; likes=4.0; status=常态; role=服务者] 你猜国外为什么经常举办赛车?
---
[post=69e48341000000001a02d0c4; level=2; likes=4.0; status=强势; role=观众] 我想你在问的大概是汽车拉力赛
---
[post=69e4b08d000000001d01c1bc; level=2; likes=2.0; status=混合; role=观众] 你看最后 也讲了汽车比赛的发展啊
---
[post=69e59e520000000022027a90; level=2; likes=2.0; status=弱势; role=观众] 看看百年前的第一届汽车大赛？
---
[post=69e47f8f000000001f007203; level=2; likes=1.0; status=混合; role=观众] 太好玩了！周六我在公园的时候就经过这个赛道来着[害羞R]","[post=69e4426b000000001d01c7ed; level=2; likes=7.0; status=混合; role=观众] 那不成赛车了
---
[post=69e48341000000001a02d0c4; level=2; likes=2.0; status=强势; role=观众] 那个归类赛车
---
[post=69e481e8000000002003ad94; level=2; likes=0.0; status=强势; role=服务者] 车怎么跑步，就叫赛车
---
[post=69e59e520000000022027a90; level=1; likes=0.0; status=弱势; role=观众] 这个赛道养活了不少闲人。[得意R]
---
[post=69e481e8000000002003ad94; level=2; likes=0.0; status=强势; role=服务者] 那特么是赛车",high_post_dominance
65,65,353,11,0.4923076923076923,0.9076923076923076,0.0923076923076923,"假酒喝多了, 昨晚上宿醉了, 的假酒吧, 是不是都是一场, 昨晚喝多了, 第一个是喝醉酒了, 第一个喝高了, 第一个喝多了吧, 红色那个没喝, 第一位应该是跑马之前喝了二斤白的","['第二个应该是比赛前喝酒🍺了[玫瑰R]', '假酒喝多了', '假酒喝多了[笑哭R]']","[post=69e481e8000000002003ad94; level=2; likes=9.0; status=强势; role=服务者] 我感觉喝点酒可能更有激情❤️‍🔥
---
[post=69df625d0000000021005c63; level=1; likes=1.0; status=失败; role=观众] 第二个应该是比赛前喝酒🍺了[玫瑰R]
---
[post=69df625d0000000021005c63; level=1; likes=1.0; status=失败; role=观众] 几个菜喝成这样？！！！
---
[post=69e40352000000002102fc75; level=1; likes=1.0; status=常态; role=服务者] 杭州有喝酒搭子嘛 一起小酌一下聊聊天 去去班味
---
[post=69e44171000000001a026b25; level=1; likes=1.0; status=混合; role=观众] 喝多了还是中暑了？[大笑R][大笑R]","[post=69e481e8000000002003ad94; level=2; likes=9.0; status=强势; role=服务者] 我感觉喝点酒可能更有激情❤️‍🔥
---
[post=69df625d0000000021005c63; level=1; likes=1.0; status=失败; role=观众] 第二个应该是比赛前喝酒🍺了[玫瑰R]
---
[post=69e40352000000002102fc75; level=1; likes=1.0; status=常态; role=服务者] 杭州有喝酒搭子嘛 一起小酌一下聊聊天 去去班味
---
[post=69e44171000000001a026b25; level=1; likes=1.0; status=混合; role=观众] 喝多了还是中暑了？[大笑R][大笑R]
---
[post=69e47f8f000000001f007203; level=1; likes=1.0; status=混合; role=观众] 仿佛喝了二两假酒
---
[post=69e59e520000000022027a90; level=1; likes=1.0; status=弱势; role=观众] 像在同一桌喝的假酒
---
[post=69da7e87000000001a03484e; level=2; likes=0.0; status=强势; role=观众] 宫廷玉液酒，下一句？
---
[post=69e429b4000000001b00037a; level=1; likes=0.0; status=常态; role=观众] 哥们，晚上一起喝点","[post=69e40352000000002102fc75; level=1; likes=1.0; status=常态; role=服务者] 杭州有喝酒搭子嘛 一起小酌一下聊聊天 去去班味
---
[post=69df625d0000000021005c63; level=1; likes=1.0; status=失败; role=观众] 几个菜喝成这样？！！！
---
[post=69e59e520000000022027a90; level=1; likes=0.0; status=弱势; role=观众] ➕的假酒吧～还撒酒疯儿
---
[post=69df625d0000000021005c63; level=1; likes=0.0; status=失败; role=观众] 都踏马的假酒喝多了
---
[post=69e59e520000000022027a90; level=1; likes=0.0; status=弱势; role=观众] 喝醉了还没醒[大笑R][大笑R]",high_post_dominance
66,65,134,11,0.5538461538461539,0.1384615384615384,0.8615384615384616,"那叫自动驾驶, 无人驾驶汽车, 直接给电驴整个自动驾驶参赛, 无人驾驶了, 无人驾驶, 无人驾驶是不是也得有个按钮启动模式呢, 无人汽车还没在你那里出现吗, 无人汽车, 没有一点难度, 纯纯噱头","['那就没意思了，没观赏性。现在的无人汽车到处跑，没有一点难度。', '那叫自动驾驶', '那叫自动驾驶[笑哭R]']","[post=69e40352000000002102fc75; level=2; likes=62.0; status=常态; role=服务者] 那不就是汽车无人驾驶吗[doge]
---
[post=69e4426b000000001d01c7ed; level=2; likes=50.0; status=混合; role=观众] 满大街跑的智驾电动汽车了解一下[微笑R]
---
[post=69e481e8000000002003ad94; level=2; likes=7.0; status=强势; role=服务者] 你说的那叫智能驾驶[笑哭R]
---
[post=69e481e8000000002003ad94; level=2; likes=5.0; status=强势; role=服务者] 无人驾驶汽车[抠鼻R]
---
[post=69e48341000000001a02d0c4; level=2; likes=4.0; status=强势; role=观众] 你是在说自动驾驶的快递车吗[doge]","[post=69e40352000000002102fc75; level=2; likes=62.0; status=常态; role=服务者] 那不就是汽车无人驾驶吗[doge]
---
[post=69e4426b000000001d01c7ed; level=2; likes=50.0; status=混合; role=观众] 满大街跑的智驾电动汽车了解一下[微笑R]
---
[post=69e481e8000000002003ad94; level=2; likes=7.0; status=强势; role=服务者] 你说的那叫智能驾驶[笑哭R]
---
[post=69e48341000000001a02d0c4; level=2; likes=4.0; status=强势; role=观众] 你是在说自动驾驶的快递车吗[doge]
---
[post=69da7e87000000001a03484e; level=2; likes=1.0; status=强势; role=观众] 自动驾驶车：你凭什么认为我和你是一伙的[偷笑R]
---
[post=69df625d0000000021005c63; level=2; likes=1.0; status=失败; role=观众] 你说的那是特斯拉无人驾驶
---
[post=69e45dbe000000001f00434f; level=1; likes=1.0; status=强势; role=观众] 就是一个没有轮子的自动新能源人形汽车。
---
[post=69e59e520000000022027a90; level=2; likes=1.0; status=弱势; role=观众] 车自动驾驶都能实现了，这整个两条腿的还分不清前后","[post=69e4426b000000001d01c7ed; level=2; likes=0.0; status=混合; role=观众] 那干脆自动驾驶汽车上去跑好了，绝对第一[doge]
---
[post=69e481e8000000002003ad94; level=2; likes=5.0; status=强势; role=服务者] 无人驾驶汽车[抠鼻R]
---
[post=69e481e8000000002003ad94; level=2; likes=0.0; status=强势; role=服务者] 你说自动快递车[doge]
---
[post=69e481e8000000002003ad94; level=2; likes=0.0; status=强势; role=服务者] 那不就是无人驾驶汽车吗
---
[post=69e481e8000000002003ad94; level=2; likes=0.0; status=强势; role=服务者] 那tm叫无人车",high_post_dominance
63,65,99,12,0.5846153846153846,0.1538461538461538,0.8461538461538461,"现在呢, 汽车发明出来, 火车刚发明的时候也有这样的疑问, 火车刚出来时还不如马车, 电磁感应发明的时候老太婆在台下说, 洋人的火车还得弄轨道才能跑, 汽车刚发明时, 电话刚发明的时候也有一样蠢的问题, 毕竟火车刚发明出来的时候, 百年前","['18世纪中期，富兰克林通过著名的风筝实验证实了雷电与电是同一种物质，并据此发明了避雷针——一根安装在建筑物顶端、通过金属线连接到地面的金属杆，能将雷电安全地导入大地，避免雷击引发火灾 。当富兰克林向公众展示这项新发明时，一位阔太太带着怀疑的神情问道：""可是，富兰克林先生，这玩意儿有什么用呢？""\n 富兰克林没有直接解释避雷针的原理和价值，而是平静地反问她：""夫人，新生的婴儿又有什么用呢？""所以说，蠢货什么时候都存在[doge]', '曾经的汽车还不如马车快[微笑R]也是有很多人嘲笑这个毫无用处的，现在呢…', '火车刚出来还没马车跑得快，现在呢']","[post=69e481e8000000002003ad94; level=2; likes=879.0; status=强势; role=服务者] 这个评论像极了最开始火车刚出来还没马车快，人们问这东西有啥用的时候
---
[post=69e40352000000002102fc75; level=2; likes=208.0; status=常态; role=服务者] 当年汽车刚刚发明的时候，肯定也会有人问：为什么要让这个铁疙瘩跑，马车不能跑了吗？
---
[post=69e481e8000000002003ad94; level=2; likes=137.0; status=强势; role=服务者] 飞机刚上天的时候很多人也是这么问的
---
[post=69e481e8000000002003ad94; level=2; likes=57.0; status=强势; role=服务者] 电磁感应发明的时候老太婆在台下说：这有什么用
---
[post=69e481e8000000002003ad94; level=2; likes=57.0; status=强势; role=服务者] 老佛爷：洋人的火车还得弄轨道才能跑，为什么不直接用马车？","[post=69e481e8000000002003ad94; level=2; likes=879.0; status=强势; role=服务者] 这个评论像极了最开始火车刚出来还没马车快，人们问这东西有啥用的时候
---
[post=69e40352000000002102fc75; level=2; likes=208.0; status=常态; role=服务者] 当年汽车刚刚发明的时候，肯定也会有人问：为什么要让这个铁疙瘩跑，马车不能跑了吗？
---
[post=69e43b14000000001a02e095; level=2; likes=45.0; status=弱势; role=服务者] 火车刚发明的时候也有这样的疑问
---
[post=69da7e87000000001a03484e; level=2; likes=28.0; status=强势; role=观众] 正常，去年机器人跑得慢的时候，冷嘲热讽的人更多，毕竟火车刚发明出来的时候，大家也都觉得它没用
---
[post=69e48b0b000000001a02578c; level=2; likes=16.0; status=失败; role=服务者] 电力刚发明的时候那些人也和你一样这么说
---
[post=69e48341000000001a02d0c4; level=2; likes=12.0; status=强势; role=观众] 老外都不会蒸馒头，怎么可能发明蒸汽机[抠鼻R]
---
[post=69e4b08d000000001d01c1bc; level=2; likes=11.0; status=混合; role=观众] 当年火车被发明时侯所有人也在害怕
---
[post=69e44278000000001a0217bb; level=2; likes=7.0; status=强势; role=被超越者] 蒸汽机诞生时还不如马车呢[偷笑R]","[post=69e47f8f000000001f007203; level=2; likes=0.0; status=混合; role=观众] 飞机和汽车刚发明出来那会 大部分人也会问同样的问题[doge]
---
[post=69e4b08d000000001d01c1bc; level=2; likes=6.0; status=混合; role=观众] 火车没抢我工作的意思
---
[post=69e481e8000000002003ad94; level=2; likes=1.0; status=强势; role=服务者] 你知道以前汽车刚出来的时候是什么样子吗？同样被马车车夫嘲笑，你觉得他没用，只能说明你的认知还不够
---
[post=69da7e87000000001a03484e; level=2; likes=0.0; status=强势; role=观众] 大概在189几年的时候巴黎办了一场汽车比赛，当时的人可能也在想都有马车夫了，还要汽车干什么，开路上还要修
---
[post=69e481e8000000002003ad94; level=1; likes=0.0; status=强势; role=服务者] 评论区有些人急了[doge]，可我觉得这就像人类刚发明蒸汽汽车一样伟大的开始",high_post_dominance
64,65,233,11,0.3384615384615385,0.6461538461538462,0.3538461538461538,"求神佛, 用圈子将他套住, 红领巾落家里了, 红色的是消防的嘛, 竟然还带顶帽子, 确实是孩子, 真的是小孩啊, 看把孩子晒的, 看情况扣, 旁边小草帽","['救命 有点可爱！还戴个小帽子[笑哭R][笑哭R]', '完了完了，红领巾落家里了[大笑R]', '诶呀。我想起了少年闰土的描写：【他紫色圆脸，头戴小毡帽，颈套明晃晃银项圈，显是父亲怕他夭折，求神佛“用圈子将他套住”的印记】……']","[post=69e43b14000000001a02e095; level=1; likes=414.0; status=弱势; role=服务者] 帽子不挡太阳，看把孩子晒的
---
[post=69e48d54000000002102e178; level=2; likes=220.0; status=弱势; role=保护者] 说还给带安全帽⛑️了[捂脸R]
---
[post=69e48d54000000002102e178; level=2; likes=106.0; status=弱势; role=保护者] 他还有安全帽  他爸爸确实很爱他了[捂脸R][捂脸R][捂脸R][捂脸R]
---
[post=69e4426b000000001d01c7ed; level=2; likes=20.0; status=混合; role=观众] 它还戴了帽子防晒[嘻嘻R]
---
[post=69e48d54000000002102e178; level=2; likes=19.0; status=弱势; role=保护者] 诶呀。我想起了少年闰土的描写：【他紫色圆脸，头戴小毡帽，颈套明晃晃银项圈，显是父亲怕他夭折，求神佛“用圈子将他套住”的印记】……","[post=69e43b14000000001a02e095; level=1; likes=414.0; status=弱势; role=服务者] 帽子不挡太阳，看把孩子晒的
---
[post=69e48d54000000002102e178; level=2; likes=220.0; status=弱势; role=保护者] 说还给带安全帽⛑️了[捂脸R]
---
[post=69e4426b000000001d01c7ed; level=2; likes=20.0; status=混合; role=观众] 它还戴了帽子防晒[嘻嘻R]
---
[post=69e46730000000001d0199c8; level=1; likes=6.0; status=强势; role=观众] 整个帽子是怕它被晒黑吗[doge]
---
[post=69e634590000000022003bb5; level=1; likes=2.0; status=常态; role=观众] 脑袋顶上为什么有个小鸟？[偷笑R]
---
[post=69da7e87000000001a03484e; level=1; likes=0.0; status=强势; role=观众] 太优雅了，还戴帽子
---
[post=69e481e8000000002003ad94; level=2; likes=0.0; status=强势; role=服务者] 衣服穿上去，帽子一带，更吓人。[doge]
---
[post=69e48341000000001a02d0c4; level=1; likes=0.0; status=强势; role=观众] 戴草帽那个小鼻嘎也可爱[doge]","[post=69e634590000000022003bb5; level=2; likes=0.0; status=常态; role=观众] 原来戴草帽的这个也是同队的[偷笑R]
---
[post=69e47f8f000000001f007203; level=1; likes=0.0; status=混合; role=观众] 草帽小子看起来核心好稳，上半身和头不带动的
---
[post=69e43b14000000001a02e095; level=1; likes=0.0; status=弱势; role=服务者] 这里还有一只哈哈 帽子很可爱[红色心形R]
---
[post=69e48d54000000002102e178; level=2; likes=0.0; status=弱势; role=保护者] 哈哈头上是安全帽和红领巾吗 给整个小黄帽
---
[post=69da7e87000000001a03484e; level=1; likes=0.0; status=强势; role=观众] 有帽子叔叔在旁边是怕有人偷走选手吗[doge]",high_post_dominance
62,65,140,9,0.5692307692307692,0.6307692307692307,0.3692307692307692,"你可以尝试一下跑步的时候抱紧双臂, 机器人跑步也要摆臂吗, 是不是做了手影响平衡, 看看不甩臂跑的协调不, 甩起来更有助于平衡, 甩臂那个是不是后来胳膊还掉了, 甩臂会保持平衡, 没手臂也得有其它配重平衡啊或是陀螺仪啊, 求问原理, 吧唧r","['你可以尝试一下跑步的时候抱紧双臂，这样就能感受出来', '机器人跑步也要摆臂吗', '你可以尝试一下跑步的时候抱紧双臂，就明白了[害羞R]']","[post=69e4412a000000002103883f; level=2; likes=417.0; status=强势; role=观众] 甩起来更有助于平衡
---
[post=69e4412a000000002103883f; level=1; likes=61.0; status=强势; role=观众] 机器人跑步需要甩臂吗？还是只是为了看着更像人
---
[post=69da7e87000000001a03484e; level=2; likes=34.0; status=强势; role=观众] 你可以不摆双臂跑跑步试试 不摆不容易保持平衡
---
[post=69da7e87000000001a03484e; level=1; likes=31.0; status=强势; role=观众] 是脚不是轮胎我能理解，可是我正经询问一下，为什么机器人跑步要摆动双臂？
---
[post=69e4412a000000002103883f; level=2; likes=18.0; status=强势; role=观众] 甩臂会保持平衡","[post=69e4412a000000002103883f; level=2; likes=417.0; status=强势; role=观众] 甩起来更有助于平衡
---
[post=69da7e87000000001a03484e; level=2; likes=34.0; status=强势; role=观众] 你可以不摆双臂跑跑步试试 不摆不容易保持平衡
---
[post=69e48341000000001a02d0c4; level=2; likes=2.0; status=强势; role=观众] 你可以尝试一下跑步的时候抱紧双臂，就明白了[害羞R]
---
[post=69e46730000000001d0199c8; level=1; likes=2.0; status=强势; role=观众] 机器人跑步也要摆臂吗
---
[post=69e45dbe000000001f00434f; level=1; likes=1.0; status=强势; role=观众] 不摆臂是不是也行？
---
[post=69e2583b00000000230211ea; level=1; likes=1.0; status=失败; role=抢救者] 胳膊飞起来转体好几周半[笑哭R]
---
[post=69df625d0000000021005c63; level=1; likes=0.0; status=失败; role=观众] 掉胳膊的是买不起螺纹胶吗[捂脸R]
---
[post=69e481e8000000002003ad94; level=1; likes=0.0; status=强势; role=服务者] 机器人还用摆臂吗","[post=69e4412a000000002103883f; level=1; likes=0.0; status=强势; role=观众] 其实不甩胳膊也能跑[笑哭R]
---
[post=69da7e87000000001a03484e; level=2; likes=0.0; status=强势; role=观众] 机器人就不需要平衡吗？
---
[post=69da7e87000000001a03484e; level=1; likes=0.0; status=强势; role=观众] 机器人跑步也要摆臂吗？
---
[post=69da7e87000000001a03484e; level=1; likes=0.0; status=强势; role=观众] 应该不需要摆臂吧[笑哭R]
---
[post=69e4412a000000002103883f; level=2; likes=2.0; status=强势; role=观众] 你跑的快点，看看不甩臂跑的协调不",high_post_dominance
67,63,170,12,0.4444444444444444,0.746031746031746,0.2539682539682539,"现在都这么卷了吗, 没断奶呢就已经上赛道了, 碳基家长很难缠, 没断奶就参赛了, 没有底线的吗, 没成年啊这都可以报名参赛, 禁止小孩参赛, 玩赖, 组委会, 组委会怎么回事","['婴儿怎么也来参赛，现在都这么卷了吗[捂脸R][捂脸R][捂脸R]', '没断奶呢就已经上赛道了[doge][doge][doge]', '组委会怎么回事，欺负我家子涵[完啦R]（开玩笑的哈哈）']","[post=69e47f8f000000001f007203; level=1; likes=413.0; status=混合; role=观众] 太奶怎么还要出来比赛[石化R]
---
[post=69e48341000000001a02d0c4; level=1; likes=24.0; status=强势; role=观众] 这个比赛不限制年龄吗？那几个小娃娃还没断奶吧[笑哭R]
---
[post=69db34bb000000001a0348ae; level=2; likes=19.0; status=失败; role=抢救者] 可能类似儿科，碳基家长很难缠[笑哭R]
---
[post=69e42cc100000000220001ad; level=1; likes=13.0; status=弱势; role=观众] 它应该参加少儿组，怎么跑到成人区了[笑哭R]
---
[post=69e42cc100000000220001ad; level=1; likes=12.0; status=弱势; role=观众] 反正我们这里幼儿组和成人组不能放一起比[doge]","[post=69e47f8f000000001f007203; level=1; likes=413.0; status=混合; role=观众] 太奶怎么还要出来比赛[石化R]
---
[post=69e48341000000001a02d0c4; level=1; likes=24.0; status=强势; role=观众] 这个比赛不限制年龄吗？那几个小娃娃还没断奶吧[笑哭R]
---
[post=69db34bb000000001a0348ae; level=2; likes=19.0; status=失败; role=抢救者] 可能类似儿科，碳基家长很难缠[笑哭R]
---
[post=69e42cc100000000220001ad; level=1; likes=13.0; status=弱势; role=观众] 它应该参加少儿组，怎么跑到成人区了[笑哭R]
---
[post=69e6f2bc0000000023005345; level=2; likes=5.0; status=弱势; role=观众] 组委会怎么回事，欺负我家子涵[完啦R]（开玩笑的哈哈）
---
[post=69e43b14000000001a02e095; level=2; likes=2.0; status=弱势; role=服务者] 这个是幼儿园选手
---
[post=69e4426b000000001d01c7ed; level=2; likes=1.0; status=混合; role=观众] 还没满月就出来参加比赛了吗，[偷笑R][偷笑R][偷笑R][偷笑R][偷笑R][偷笑R][偷笑R][偷笑R][偷笑R]
---
[post=69e634590000000022003bb5; level=2; likes=1.0; status=常态; role=观众] 你让一岁小孩去参加比赛也是全家出动吧","[post=69e42cc100000000220001ad; level=1; likes=0.0; status=弱势; role=观众] 这个应该参加儿童组
---
[post=69e59e520000000022027a90; level=1; likes=0.0; status=弱势; role=观众] 这不是参赛者，全是病患儿啊！
---
[post=69e42cc100000000220001ad; level=1; likes=0.0; status=弱势; role=观众] 怎么能让孩子参加这个？！！[笑哭R]
---
[post=69e47f8f000000001f007203; level=2; likes=4.0; status=混合; role=观众] 请主办方下次开通未成年组 这明显是欺负小孩儿[害羞R]
---
[post=69e43b14000000001a02e095; level=2; likes=2.0; status=弱势; role=服务者] 这个是幼儿园选手",high_post_dominance
68,62,127,9,0.8225806451612904,0.4516129032258064,0.5483870967741935,"镜头一转, 真是笑死人了, 看到坐地上那个憋不住笑了, 笑死我了哈哈哈哈哈哈哈哈哈哈哈哈哈哈哈哈哈哈哈哈哈哈哈哈, 突然立正给我笑晕了, 突然看到这个坐着的给我乐一跟头, 突然看到这个坐下的, 看到这个真的没绷住哈哈哈哈哈哈哈, 看半天才发现地上还坐一个哈哈哈哈哈, 第一个顶个天线头","['镜头一转，地上坐着一个，真的笑死了[笑哭R]', '镜头一转，地上还有一个[笑哭R]还寻思废的在哪[笑哭R]', '镜头一转，那个坐着的笑死我了[笑哭R]']","[post=69e4426b000000001d01c7ed; level=1; likes=617.0; status=混合; role=观众] 什么镜头转过去地上还坐了一个，把我笑抽了
---
[post=69e4426b000000001d01c7ed; level=1; likes=73.0; status=混合; role=观众] 哈哈哈哈哈，我还在想，废的在哪里，最后镜头一转，绷不住了[笑哭R]
---
[post=69e4426b000000001d01c7ed; level=2; likes=40.0; status=混合; role=观众] 哈哈哈哈哈哈哈哈那个坐地上的也太好笑了
---
[post=69e48d54000000002102e178; level=2; likes=32.0; status=弱势; role=保护者] 坐前面的女孩就这样被忽略掉了。。。
---
[post=69e4426b000000001d01c7ed; level=1; likes=7.0; status=混合; role=观众] 每一帧都很好笑，尤其是最后有一个坐那儿的","[post=69e4426b000000001d01c7ed; level=1; likes=617.0; status=混合; role=观众] 什么镜头转过去地上还坐了一个，把我笑抽了
---
[post=69e48d54000000002102e178; level=2; likes=32.0; status=弱势; role=保护者] 坐前面的女孩就这样被忽略掉了。。。
---
[post=69da7e87000000001a03484e; level=1; likes=2.0; status=强势; role=观众] 原来十二星座选择你的庇护所里的坐着走路真有原型[呃R]
---
[post=69e4551e000000001f005895; level=1; likes=2.0; status=强势; role=被超越者] 一闪而过的那个彩色爆炸头是在cos小丑吗哈哈哈哈
---
[post=69e59e520000000022027a90; level=1; likes=2.0; status=弱势; role=观众] 那一脚笑笑死哈哈哈
---
[post=69e43a5a000000001d01dcc7; level=2; likes=1.0; status=常态; role=观众] 哈哈哈哈哈镜头一转旁边怎么还坐着一个
---
[post=69e43b14000000001a02e095; level=1; likes=0.0; status=弱势; role=服务者] 后面这位睡着啦？[doge]
---
[post=69e44171000000001a026b25; level=1; likes=0.0; status=混合; role=观众] 哇竟然还有自己可以起来的","[post=69e4426b000000001d01c7ed; level=1; likes=5.0; status=混合; role=观众] 本来前头就搞笑，镜头一转看到坐在地上那个直接绷不住了[笑哭R]
---
[post=69e4426b000000001d01c7ed; level=1; likes=1.0; status=混合; role=观众] 哈哈哈镜头移到坐地那台的时候，三台同框，镜头语言拉满
---
[post=69e4551e000000001f005895; level=1; likes=2.0; status=强势; role=被超越者] 一闪而过的那个彩色爆炸头是在cos小丑吗哈哈哈哈
---
[post=69e4426b000000001d01c7ed; level=2; likes=0.0; status=混合; role=观众] 哈哈哈哈哈哈哈原地坐下的我
---
[post=69e4426b000000001d01c7ed; level=2; likes=0.0; status=混合; role=观众] 哈哈哈哈哈哈哈哈镜头转过来一个坐地上真是笑死了",high_post_dominance
70,61,96,4,0.8852459016393442,0.8360655737704918,0.1639344262295081,"三个人伺候一个, 然后一群人跟着伺候吗, 真划算, 破玩意, 照顾要三个人, 大爷, 还是离不开人, 老人, 看看, 三个人伺候","['破玩意，还得仨人伺候！', '三个人伺候一个[捂脸R]', '三个人伺候一个，真划算']","[post=69e40352000000002102fc75; level=2; likes=31.0; status=常态; role=服务者] 这才是最需要他们的地方[笑哭R]
---
[post=69e481e8000000002003ad94; level=1; likes=15.0; status=强势; role=服务者] 本来想取代一个人的，结果用了三个人维护它！
---
[post=69e481e8000000002003ad94; level=1; likes=5.0; status=强势; role=服务者] 这是造了大爷呀，还请了这个多保姆，他能干嘛呢
---
[post=69e481e8000000002003ad94; level=2; likes=2.0; status=强势; role=服务者] 三十个也是这三个人维护
---
[post=69e481e8000000002003ad94; level=1; likes=2.0; status=强势; role=服务者] 还得三人伺候着[捂脸R]","[post=69e40352000000002102fc75; level=2; likes=31.0; status=常态; role=服务者] 这才是最需要他们的地方[笑哭R]
---
[post=69e481e8000000002003ad94; level=1; likes=15.0; status=强势; role=服务者] 本来想取代一个人的，结果用了三个人维护它！
---
[post=69e43b14000000001a02e095; level=1; likes=1.0; status=弱势; role=服务者] 还得个人伺候着
---
[post=69e47f8f000000001f007203; level=2; likes=0.0; status=混合; role=观众] 老人：谁照顾谁讷","[post=69e481e8000000002003ad94; level=1; likes=1.0; status=强势; role=服务者] 还不是要人类来伺候
---
[post=69e481e8000000002003ad94; level=1; likes=0.0; status=强势; role=服务者] 三人伺候
---
[post=69e481e8000000002003ad94; level=1; likes=0.0; status=强势; role=服务者] 要那么多人侍候啊
---
[post=69e481e8000000002003ad94; level=1; likes=0.0; status=强势; role=服务者] 三个伺候一个
---
[post=69e481e8000000002003ad94; level=1; likes=0.0; status=强势; role=服务者] 就这么个垃圾，还要几个人伺候",high_post_dominance
71,59,181,6,0.847457627118644,0.8983050847457628,0.1016949152542373,"真是笑死, 算不算袭警, 真担心突然抬脚把工作人员踢了, 目测60, 然后用担架抬走了, 注意咯, 昨天刷到一个直接77跑进路边绿化带里趴里边了, 等会, 大爷, 这个","['真担心突然抬脚把工作人员踢了[尬住R]', '昨天刷到一个直接77跑进路边绿化带里趴里边了[捂脸R]保安都看懵了，然后用担架抬走了', '等会，这个，算不算袭警？[暗中观察R][暗中观察R]']","[post=69e59e520000000022027a90; level=1; likes=1058.0; status=弱势; role=观众] 问题是花田里那个大爷也是白白挨了它一脚[笑哭R]
---
[post=69e59e520000000022027a90; level=2; likes=65.0; status=弱势; role=观众] 踹了保安大叔一脚的那个笑喷了🤣
---
[post=69e59e520000000022027a90; level=2; likes=63.0; status=弱势; role=观众] 保安大爷保自己的安都有点儿吃力[暗中观察R]
---
[post=69e59e520000000022027a90; level=1; likes=20.0; status=弱势; role=观众] 它去花丛还踢了保安一jio
---
[post=69e59e520000000022027a90; level=1; likes=4.0; status=弱势; role=观众] 花田错那位还踹了保安大哥一jio[捂脸R][捂脸R]","[post=69e59e520000000022027a90; level=1; likes=1058.0; status=弱势; role=观众] 问题是花田里那个大爷也是白白挨了它一脚[笑哭R]
---
[post=69e48341000000001a02d0c4; level=1; likes=3.0; status=强势; role=观众] 警察叔叔也很樂[大笑R][大笑R][大笑R]
---
[post=69e5a09a000000002103ba03; level=1; likes=1.0; status=常态; role=观众] 后面保安笑而不语
---
[post=69da7e87000000001a03484e; level=1; likes=0.0; status=强势; role=观众] 前几个是小偷，最后一个是保安(目测60+)[笑哭R][笑哭R]
---
[post=69e481e8000000002003ad94; level=2; likes=0.0; status=强势; role=服务者] 叔叔不开心[害羞R]
---
[post=69e44171000000001a026b25; level=1; likes=0.0; status=混合; role=观众] 我记得还有一个机器人好像踢了保安一脚[doge]","[post=69e59e520000000022027a90; level=1; likes=1.0; status=弱势; role=观众] 花田錯那位我看過另外一個視角 哈哈哈哈
---
[post=69e59e520000000022027a90; level=1; likes=0.0; status=弱势; role=观众] 保安：也没人说这个工作还会被误伤呀
---
[post=69e59e520000000022027a90; level=1; likes=2.0; status=弱势; role=观众] 踢保安的那个太好笑了！
---
[post=69e59e520000000022027a90; level=1; likes=0.0; status=弱势; role=观众] 这做安保的太不容易了好危险啊[笑哭R]
---
[post=69e59e520000000022027a90; level=1; likes=3.0; status=弱势; role=观众] 保安大哥被踢了一脚[害羞R]",high_post_dominance
74,57,134,12,0.5087719298245614,0.4385964912280701,0.5614035087719298,"竟然不塞车, 直接坐车不是更快, 现在要开摩托车追了, 现在已经骑摩托追了, 现在一上车睡觉, 明明可以打车或者骑摩托, 自行车, 也是, 就是, 厉害","['之前人还能跟着跑[呃R]现在要开摩托车追了', '厉害[赞R]之前还人还能跟上，现在已经骑摩托追了，利好电机关节驱动', '也是，现在一上车睡觉，他都能给你开到家门口，再把车停好，安排的明明白白[捂脸R]']","[post=69e447d2000000001d01aa01; level=1; likes=1864.0; status=强势; role=服务者] 咱就不能骑个车跟着吗？[笑哭R]
---
[post=69e634590000000022003bb5; level=2; likes=132.0; status=常态; role=观众] 还要安全到达，路上担心磕碰…………
---
[post=69e43b14000000001a02e095; level=1; likes=9.0; status=弱势; role=服务者] 有车怎么不让它上啊
---
[post=69da7e87000000001a03484e; level=2; likes=8.0; status=强势; role=观众] 有些地方车子上不去
---
[post=69da7e87000000001a03484e; level=2; likes=6.0; status=强势; role=观众] 不如打车","[post=69e447d2000000001d01aa01; level=1; likes=1864.0; status=强势; role=服务者] 咱就不能骑个车跟着吗？[笑哭R]
---
[post=69e634590000000022003bb5; level=2; likes=132.0; status=常态; role=观众] 还要安全到达，路上担心磕碰…………
---
[post=69e43b14000000001a02e095; level=1; likes=9.0; status=弱势; role=服务者] 有车怎么不让它上啊
---
[post=69da7e87000000001a03484e; level=2; likes=8.0; status=强势; role=观众] 有些地方车子上不去
---
[post=69e44278000000001a0217bb; level=1; likes=2.0; status=强势; role=被超越者] 为啥不拿摩托车和人跑呢
---
[post=69e40352000000002102fc75; level=1; likes=1.0; status=常态; role=服务者] 地铁咋过去啊
---
[post=69e42cc100000000220001ad; level=2; likes=0.0; status=弱势; role=观众] 堵车，堵到家都回不去
---
[post=69e4426b000000001d01c7ed; level=1; likes=0.0; status=混合; role=观众] 人还是得坐车了","[post=69da7e87000000001a03484e; level=2; likes=1.0; status=强势; role=观众] 我过个马路到家，不让过打车花七十块钱绕了半个多小时
---
[post=69da7e87000000001a03484e; level=2; likes=0.0; status=强势; role=观众] 所以为什么不能坐车去呢
---
[post=69da7e87000000001a03484e; level=2; likes=0.0; status=强势; role=观众] 自行车(脚踏车)[偷笑R]
---
[post=69e447d2000000001d01aa01; level=1; likes=6.0; status=强势; role=服务者] 但凡骑个车呢[笑哭R]
---
[post=69e46032000000001f002048; level=2; likes=0.0; status=常态; role=保护者] 就这样骑墙[呃R]",high_post_dominance
73,57,130,6,0.912280701754386,0.2280701754385964,0.7719298245614035,"更容易猝死了, 熬夜, 很容易猝死, 高强度运动, 完了, 程序猿这个岗位, 昨晚熬夜锻炼了一晚上, 既要熬夜, 活下来的绝对精英, 然后增加猝死概率","['更容易猝死了[捂脸R]', '熬夜+高强度运动，死得更快了[笑哭R][汗颜R]', '熬夜+高强度运动，咋感觉猝死概率更大了呢[笑哭R]']","[post=69e447d2000000001d01aa01; level=2; likes=153.0; status=强势; role=服务者] 然后猝死了，心源性...[笑哭R][笑哭R]
---
[post=69da7e87000000001a03484e; level=1; likes=43.0; status=强势; role=观众] 大晚上这样冲刺对心脏不好
---
[post=69e447d2000000001d01aa01; level=2; likes=30.0; status=强势; role=服务者] 然后增加猝死概率[笑哭R]不是什么时候运动都是有好处的[笑哭R]
---
[post=69e447d2000000001d01aa01; level=2; likes=13.0; status=强势; role=服务者] 猝死概率加大[doge]
---
[post=69e447d2000000001d01aa01; level=2; likes=3.0; status=强势; role=服务者] 就是熬夜+运动容易猝死","[post=69e447d2000000001d01aa01; level=2; likes=153.0; status=强势; role=服务者] 然后猝死了，心源性...[笑哭R][笑哭R]
---
[post=69da7e87000000001a03484e; level=1; likes=43.0; status=强势; role=观众] 大晚上这样冲刺对心脏不好
---
[post=69e4426b000000001d01c7ed; level=1; likes=0.0; status=混合; role=观众] 不用牛马跟着跑这点挺好，免得昨晚熬夜完再跑猝死了
---
[post=69df625d0000000021005c63; level=1; likes=0.0; status=失败; role=观众] 脑梗猝死[偷笑R]
---
[post=69e2583b00000000230211ea; level=1; likes=0.0; status=失败; role=抢救者] 昨晚熬夜锻炼了一晚上，猝死了
---
[post=69e481e8000000002003ad94; level=2; likes=0.0; status=强势; role=服务者] 说的也是，容易脑出血。","[post=69e447d2000000001d01aa01; level=2; likes=0.0; status=强势; role=服务者] 熬大夜+运动有点危险吧
---
[post=69e447d2000000001d01aa01; level=2; likes=0.0; status=强势; role=服务者] [捂脸R]熬夜后剧烈运动更容易嘎吧躺下
---
[post=69e447d2000000001d01aa01; level=1; likes=1.0; status=强势; role=服务者] 经常熬夜突然这样折腾受得了吗
---
[post=69e447d2000000001d01aa01; level=2; likes=0.0; status=强势; role=服务者] 猝死double
---
[post=69e447d2000000001d01aa01; level=2; likes=30.0; status=强势; role=服务者] 然后增加猝死概率[笑哭R]不是什么时候运动都是有好处的[笑哭R]",high_post_dominance
75,56,96,4,0.9285714285714286,0.8571428571428571,0.1428571428571428,"元气仔, 元气仔最像人, 看到我们家闪电的身影了, 特别设立一些单项奖, 特别可爱, 没有双脚腾空, 旺柴, 红色心形r, 害羞r, 哇r","['元气仔  将获得——动作标准奖！[点赞R]', '元气仔最像人[派对R]', '元气仔最像人[笑哭R]应该在竞速之外，特别设立一些单项奖，比如最像人的[笑哭R]']","[post=69e45dbe000000001f00434f; level=1; likes=1442.0; status=强势; role=观众] 元气仔姿势最标准[笑哭R]
---
[post=69e45dbe000000001f00434f; level=1; likes=374.0; status=强势; role=观众] 元气仔跑得最好
---
[post=69e45dbe000000001f00434f; level=2; likes=77.0; status=强势; role=观众] 那个元气仔也是荣耀的
---
[post=69e45dbe000000001f00434f; level=1; likes=52.0; status=强势; role=观众] 元气仔跑姿最接近人
---
[post=69e45dbe000000001f00434f; level=2; likes=47.0; status=强势; role=观众] 元气这个感觉最接近人类运动行为了","[post=69e45dbe000000001f00434f; level=1; likes=1442.0; status=强势; role=观众] 元气仔姿势最标准[笑哭R]
---
[post=69df625d0000000021005c63; level=1; likes=0.0; status=失败; role=观众] 跑到死唔断气的样子确实像人类
---
[post=69da7e87000000001a03484e; level=1; likes=0.0; status=强势; role=观众] 看到我们家闪电的身影了[偷笑R]欢迎大家投投票，你一票我一票，元气闪电将出道[红色心形R]
---
[post=69e47f8f000000001f007203; level=1; likes=0.0; status=混合; role=观众] 怎么没看到我们的夺冠选手闪电[旺柴]倒是看到元气仔了，跑的真的很优雅啊","[post=69e47f8f000000001f007203; level=2; likes=0.0; status=混合; role=观众] 原来大家都有这种感觉[捂脸R]对不起元气仔，但是你真的[doge]
---
[post=69e45dbe000000001f00434f; level=1; likes=2.0; status=强势; role=观众] 元气仔最标准，最像人在跑
---
[post=69e45dbe000000001f00434f; level=1; likes=0.0; status=强势; role=观众] 元气仔最像跑步的你
---
[post=69e45dbe000000001f00434f; level=1; likes=4.0; status=强势; role=观众] 元气仔这个已经像人类跑步了
---
[post=69e45dbe000000001f00434f; level=1; likes=0.0; status=强势; role=观众] 元气仔跑的比较从容",high_post_dominance
76,54,204,10,0.7407407407407407,0.8148148148148148,0.1851851851851851,"补给太慢了, 看把孩子急得, 直线中过人吃, 毕竟他可能不知道自己需要补给了, 差评, 和人一样, 那个, 太慢了, 哇塞, 哇r","['补给人员要好好训练，太慢了，看把孩子急得[偷笑R][偷笑R][偷笑R]', '补给太慢了。', '补给太慢了']","[post=69da7e87000000001a03484e; level=1; likes=53.0; status=强势; role=观众] 他们应该一人被一个送餐箱去送餐看谁快[doge]
---
[post=69e43b14000000001a02e095; level=1; likes=1.0; status=弱势; role=服务者] 停下来补给一下不是很正常么[偷笑R]
---
[post=69e481e8000000002003ad94; level=1; likes=1.0; status=强势; role=服务者] 他们是算好他在那里停下补给吗？还是要你跑的比他还快，在前面等着给他补给？[偷笑R][偷笑R]
---
[post=69e42cc100000000220001ad; level=2; likes=0.0; status=弱势; role=观众] 随时补给[笑哭R][笑哭R]
---
[post=69e43b14000000001a02e095; level=2; likes=0.0; status=弱势; role=服务者] 666还有中途补给环节[笑哭R]","[post=69da7e87000000001a03484e; level=1; likes=53.0; status=强势; role=观众] 他们应该一人被一个送餐箱去送餐看谁快[doge]
---
[post=69e43b14000000001a02e095; level=1; likes=1.0; status=弱势; role=服务者] 停下来补给一下不是很正常么[偷笑R]
---
[post=69e481e8000000002003ad94; level=1; likes=1.0; status=强势; role=服务者] 他们是算好他在那里停下补给吗？还是要你跑的比他还快，在前面等着给他补给？[偷笑R][偷笑R]
---
[post=69e42cc100000000220001ad; level=2; likes=0.0; status=弱势; role=观众] 随时补给[笑哭R][笑哭R]
---
[post=69e44171000000001a026b25; level=1; likes=0.0; status=混合; role=观众] 补给点没吃补给吧，平常也得多锻炼啊[doge]
---
[post=69e447d2000000001d01aa01; level=2; likes=0.0; status=强势; role=服务者] 可以暂停程序
---
[post=69e2583b00000000230211ea; level=1; likes=0.0; status=失败; role=抢救者] 直线中过人吃
---
[post=69e44278000000001a0217bb; level=2; likes=0.0; status=强势; role=被超越者] 能弥补我的“哇塞”","[post=69e481e8000000002003ad94; level=2; likes=0.0; status=强势; role=服务者] 补上氮气全力冲刺[笑哭R]
---
[post=69e43b14000000001a02e095; level=2; likes=0.0; status=弱势; role=服务者] 666还有中途补给环节[笑哭R]
---
[post=69e481e8000000002003ad94; level=1; likes=0.0; status=强势; role=服务者] 这真的是掏心掏肺的补啊
---
[post=69e447d2000000001d01aa01; level=2; likes=0.0; status=强势; role=服务者] 可以暂停程序
---
[post=69e481e8000000002003ad94; level=1; likes=1.0; status=强势; role=服务者] 他们是算好他在那里停下补给吗？还是要你跑的比他还快，在前面等着给他补给？[偷笑R][偷笑R]",high_post_dominance
77,54,116,14,0.4629629629629629,0.7222222222222222,0.2777777777777778,"红色闪电, 闪电, 红色三倍速, 红衣教主, 红色的是honor, 红色的好激情啊, 红色的像自爆兵, 红色的你自己看吧, 红色有角三倍速懂伐, 红色使徒","['红色闪电，真猛[点赞R]', '红色闪电⚡真的强[点赞R]', '红色闪电']","[post=69df625d0000000021005c63; level=2; likes=117.0; status=失败; role=观众] 红色闪电，真猛[点赞R]
---
[post=69df625d0000000021005c63; level=2; likes=63.0; status=失败; role=观众] 那个红色闪电⚡
---
[post=69e48341000000001a02d0c4; level=1; likes=22.0; status=强势; role=观众] 闪电⚡️是真的帅啊，朋友们[飞吻R]
---
[post=69df625d0000000021005c63; level=2; likes=15.0; status=失败; role=观众] 那个红色闪电是谁家的？我去买他家股票
---
[post=69df625d0000000021005c63; level=1; likes=11.0; status=失败; role=观众] 红色的好激情啊","[post=69df625d0000000021005c63; level=2; likes=117.0; status=失败; role=观众] 红色闪电，真猛[点赞R]
---
[post=69e48341000000001a02d0c4; level=1; likes=22.0; status=强势; role=观众] 闪电⚡️是真的帅啊，朋友们[飞吻R]
---
[post=69e4412a000000002103883f; level=1; likes=4.0; status=强势; role=观众] 闪电是冠军
---
[post=69e41e24000000001a025f1a; level=2; likes=3.0; status=失败; role=观众] 闪电是红色的
---
[post=69e44278000000001a0217bb; level=2; likes=2.0; status=强势; role=被超越者] 閃電真的太快了……從別人的視角看不明顯，從跑者的腳步一看簡直是絕望[石化R]
---
[post=69da7e87000000001a03484e; level=2; likes=1.0; status=强势; role=观众] 红色的你自己看吧
---
[post=69e2583b00000000230211ea; level=1; likes=1.0; status=失败; role=抢救者] 那个红色的是心脏吗？哪个器官呢？
---
[post=69db34bb000000001a0348ae; level=2; likes=0.0; status=失败; role=抢救者] 火花带闪电[呃R]","[post=69df625d0000000021005c63; level=1; likes=0.0; status=失败; role=观众] 闪电跑得快[抱拳R]
---
[post=69e41e24000000001a025f1a; level=1; likes=2.0; status=失败; role=观众] 是哪個叫閃電的嗎？
---
[post=69e45dbe000000001f00434f; level=1; likes=0.0; status=强势; role=观众] 红色闪电夺冠了吗？
---
[post=69df625d0000000021005c63; level=1; likes=1.0; status=失败; role=观众] 红色的是刀锋战士呀[点赞R]
---
[post=69df625d0000000021005c63; level=1; likes=0.0; status=失败; role=观众] 闪电侠好厉害啊",high_post_dominance
79,53,71,9,0.7169811320754716,0.1886792452830188,0.8113207547169812,"蚊子, 苍蝇, 蟑螂, 纯抽象, 第一个好像螳螂, 第一个像螳螂, 笑死了楼主不语, 直到最后没招了别过来都别过来哈哈哈哈哈哈哈, 没有挑刺哈, 水蛭呢","['小强，杰瑞，蚊子，苍蝇……[doge]', '蚊子，苍蝇，蛆', '对  苍蝇  蚊子 老鼠小时候都可爱[笑哭R]']","[post=69e42cc100000000220001ad; level=2; likes=823.0; status=弱势; role=观众] 蚊子除外
---
[post=69e42cc100000000220001ad; level=2; likes=545.0; status=弱势; role=观众] 苍蝇除外
---
[post=69e42cc100000000220001ad; level=2; likes=17.0; status=弱势; role=观众] 蟑螂呢？老鼠呢？[偷笑R][偷笑R][偷笑R]
---
[post=69e40352000000002102fc75; level=2; likes=14.0; status=常态; role=服务者] 别人在绕月，苍蝇却盯着厕所[偷笑R]
---
[post=69e4426b000000001d01c7ed; level=2; likes=2.0; status=混合; role=观众] 广东蟑螂🪳：hi～～～～","[post=69e42cc100000000220001ad; level=2; likes=823.0; status=弱势; role=观众] 蚊子除外
---
[post=69e40352000000002102fc75; level=2; likes=14.0; status=常态; role=服务者] 别人在绕月，苍蝇却盯着厕所[偷笑R]
---
[post=69e4426b000000001d01c7ed; level=2; likes=2.0; status=混合; role=观众] 广东蟑螂🪳：hi～～～～
---
[post=69e43b14000000001a02e095; level=1; likes=2.0; status=弱势; role=服务者] 哪个蚊子还咬人家屁屁
---
[post=69da7e87000000001a03484e; level=1; likes=1.0; status=强势; role=观众] [呃R]像，奔跑的大蟑螂
---
[post=69e44278000000001a0217bb; level=2; likes=1.0; status=强势; role=被超越者] 我是蠕动的蛆虫[doge]
---
[post=69e2583b00000000230211ea; level=1; likes=0.0; status=失败; role=抢救者] 变无头苍蝇了
---
[post=69e4412a000000002103883f; level=1; likes=0.0; status=强势; role=观众] 好像诡异的螳螂啊啊啊啊啊[捂脸R]","[post=69e42cc100000000220001ad; level=2; likes=545.0; status=弱势; role=观众] 苍蝇除外
---
[post=69e42cc100000000220001ad; level=2; likes=0.0; status=弱势; role=观众] 小强，杰瑞，蚊子，苍蝇……[doge]
---
[post=69e42cc100000000220001ad; level=1; likes=0.0; status=弱势; role=观众] 蚊子和苍蝇臭屁虫该死的
---
[post=69e42cc100000000220001ad; level=2; likes=0.0; status=弱势; role=观众] 如果你面前有一个巨型苍蝇，还有一只小苍蝇，你会觉得小苍蝇其实也挺可爱的[偷笑R]
---
[post=69e42cc100000000220001ad; level=2; likes=0.0; status=弱势; role=观众] 苍蝇幼虫呢[doge]",high_post_dominance
80,53,147,13,0.5283018867924528,0.8301886792452831,0.1698113207547169,"加油, 加电, 还有人叫加油, 加油加油, 稳了, 王者听得懂吗, 旁边喊加油, mean, mrga, 新能源","['加油💪中国制造，作者的解读到位', '加油，罗伯特！', '加油！加油']","[post=69e46032000000001f002048; level=2; likes=6.0; status=常态; role=保护者] 来和我一起喊，MRGA！
---
[post=69e45dbe000000001f00434f; level=1; likes=4.0; status=强势; role=观众] 还有人跟它说加油[扶墙R]
---
[post=69e481e8000000002003ad94; level=2; likes=4.0; status=强势; role=服务者] 它听懂了，不好意思骂，加什么油，老子？新能源[偷笑R]
---
[post=69e481e8000000002003ad94; level=1; likes=3.0; status=强势; role=服务者] 我是不是听到有人喊加油了？
---
[post=69e45dbe000000001f00434f; level=1; likes=3.0; status=强势; role=观众] 我有个疑问:路人在喊加油，它能听得懂么？会提速么？","[post=69e46032000000001f002048; level=2; likes=6.0; status=常态; role=保护者] 来和我一起喊，MRGA！
---
[post=69e45dbe000000001f00434f; level=1; likes=4.0; status=强势; role=观众] 还有人跟它说加油[扶墙R]
---
[post=69e481e8000000002003ad94; level=2; likes=4.0; status=强势; role=服务者] 它听懂了，不好意思骂，加什么油，老子？新能源[偷笑R]
---
[post=69e634590000000022003bb5; level=1; likes=3.0; status=常态; role=观众] 加油！你们很棒！
---
[post=69e4412a000000002103883f; level=1; likes=2.0; status=强势; role=观众] 嗯……喊加油他能听懂吗[笑哭R]
---
[post=69e6f2bc0000000023005345; level=2; likes=1.0; status=弱势; role=观众] 去加油欢呼了一下[害羞R]
---
[post=69df625d0000000021005c63; level=1; likes=0.0; status=失败; role=观众] 大家都加油
---
[post=69e2583b00000000230211ea; level=1; likes=0.0; status=失败; role=抢救者] 加油继续","[post=69e481e8000000002003ad94; level=1; likes=0.0; status=强势; role=服务者] 加电！加电！[加油R]
---
[post=69e481e8000000002003ad94; level=1; likes=0.0; status=强势; role=服务者] 还有喊加油的！这黑小子能听懂么[微笑R][害羞R][笑哭R]
---
[post=69e481e8000000002003ad94; level=1; likes=0.0; status=强势; role=服务者] 加油它能听懂
---
[post=69e59e520000000022027a90; level=1; likes=0.0; status=弱势; role=观众] 加油宝贝[玫瑰R]
---
[post=69e42cc100000000220001ad; level=1; likes=0.0; status=弱势; role=观众] 下次加油呀小可爱[笑哭R]",high_post_dominance
81,53,93,7,0.490566037735849,0.7735849056603774,0.2264150943396226,"鲁班七号, 感觉好像小鲁班, 小鲁班乒乓小将, 小鲁班, 是你吗鲁班, 终于有人和我一样觉得像小鲁班了, 王者投一个鲁班七号呗, 智商250, 机器人版, 小短腿好可爱","['鲁班七号', '鲁...鲁班七号', '鲁班七号………']","[post=69e6f2bc0000000023005345; level=1; likes=26.0; status=弱势; role=观众] 你家孩子正好cos鲁班七号[斜眼R]
---
[post=69e42cc100000000220001ad; level=1; likes=5.0; status=弱势; role=观众] 鲁班七号咋来参加马拉松了[doge]
---
[post=69e47f8f000000001f007203; level=2; likes=5.0; status=混合; role=观众] 这小短腿不是鲁班嘛
---
[post=69e42cc100000000220001ad; level=1; likes=4.0; status=弱势; role=观众] 好像鲁班7号[笑哭R] 迈着矫健的步伐[doge]
---
[post=69e48341000000001a02d0c4; level=2; likes=3.0; status=强势; role=观众] 想起了鲁班七号[doge]","[post=69e6f2bc0000000023005345; level=1; likes=26.0; status=弱势; role=观众] 你家孩子正好cos鲁班七号[斜眼R]
---
[post=69e42cc100000000220001ad; level=1; likes=5.0; status=弱势; role=观众] 鲁班七号咋来参加马拉松了[doge]
---
[post=69e47f8f000000001f007203; level=2; likes=5.0; status=混合; role=观众] 这小短腿不是鲁班嘛
---
[post=69e48341000000001a02d0c4; level=2; likes=3.0; status=强势; role=观众] 想起了鲁班七号[doge]
---
[post=69e4426b000000001d01c7ed; level=2; likes=2.0; status=混合; role=观众] 小鲁班乒乓小将[doge]
---
[post=69da7e87000000001a03484e; level=1; likes=0.0; status=强势; role=观众] 我操这不是岱宗吗
---
[post=69e43b14000000001a02e095; level=1; likes=0.0; status=弱势; role=服务者] 像鲁班的乒乓小将","[post=69e42cc100000000220001ad; level=1; likes=0.0; status=弱势; role=观众] 鲁班机器人？智商250？
---
[post=69e47f8f000000001f007203; level=1; likes=0.0; status=混合; role=观众] 鲁班还跑挺快
---
[post=69e4426b000000001d01c7ed; level=1; likes=0.0; status=混合; role=观众] 小家伙好像鲁班7号[喝奶茶R]
---
[post=69e42cc100000000220001ad; level=2; likes=0.0; status=弱势; role=观众] 跟鲁班似的
---
[post=69e42cc100000000220001ad; level=1; likes=0.0; status=弱势; role=观众] 鲁班新皮肤？",high_post_dominance
82,52,115,12,0.5192307692307693,0.8076923076923077,0.1923076923076923,"爆一地装备, 爆了一地装备, 爆了一地的, 碰瓷呀, 确实爆装备了, 真的是爆了一地装备, 真特么恐怖, 看出来装备党不如裸奔了, 爆率真高啊, 爆率好高一地装备","['哎呀，爆一地装备，笑死了', '这爆率太高了吧，爆一地装备[偷笑R]', '爆一地装备，可怜的[偷笑R]']","[post=69e2583b00000000230211ea; level=2; likes=16.0; status=失败; role=抢救者] 一点AI的味道都没看出来。刷到过其他角度的视频，确实爆装备了
---
[post=69e42cc100000000220001ad; level=2; likes=8.0; status=弱势; role=观众] [偷笑R]爆不了，因为买不起[doge]
---
[post=69e2583b00000000230211ea; level=1; likes=5.0; status=失败; role=抢救者] 爆了一地装备
---
[post=69e46730000000001d0199c8; level=1; likes=1.0; status=强势; role=观众] 刚起步就爆装备
---
[post=69e48b0b000000001a02578c; level=1; likes=1.0; status=失败; role=服务者] 这咋还背的啥撒出来了？负重五公里爆装备了吗[捂脸R]","[post=69e2583b00000000230211ea; level=2; likes=16.0; status=失败; role=抢救者] 一点AI的味道都没看出来。刷到过其他角度的视频，确实爆装备了
---
[post=69e42cc100000000220001ad; level=2; likes=8.0; status=弱势; role=观众] [偷笑R]爆不了，因为买不起[doge]
---
[post=69e46730000000001d0199c8; level=1; likes=1.0; status=强势; role=观众] 刚起步就爆装备
---
[post=69e48b0b000000001a02578c; level=1; likes=1.0; status=失败; role=服务者] 这咋还背的啥撒出来了？负重五公里爆装备了吗[捂脸R]
---
[post=69da7e87000000001a03484e; level=1; likes=0.0; status=强势; role=观众] 英雄萨里的自爆兵[新月R]真特么恐怖
---
[post=69df625d0000000021005c63; level=1; likes=0.0; status=失败; role=观众] 上来就爆装备[笑哭了R]
---
[post=69e447d2000000001d01aa01; level=1; likes=0.0; status=强势; role=服务者] 一骑绝尘
---
[post=69e4426b000000001d01c7ed; level=1; likes=0.0; status=混合; role=观众] 那家伙想碰瓷。","[post=69e4426b000000001d01c7ed; level=1; likes=0.0; status=混合; role=观众] 那家伙想碰瓷。
---
[post=69e481e8000000002003ad94; level=1; likes=0.0; status=强势; role=服务者] 满级加血
---
[post=69e2583b00000000230211ea; level=1; likes=0.0; status=失败; role=抢救者] 装备碎了一地
---
[post=69df625d0000000021005c63; level=2; likes=0.0; status=失败; role=观众] 怎么导出爆装备啊[笑哭R]
---
[post=69e2583b00000000230211ea; level=1; likes=0.0; status=失败; role=抢救者] 跑个步怎么还爆装备了[doge]",high_post_dominance
83,50,82,13,0.42,0.78,0.22,"累了, 站不稳了, 歇会, 真的累了, 最后太累, 瞧瞧都累的, 第一句应该是, 真把自己当人了, 真像人, 真他妈累","['累了，补充体液', '累了，躺下休息一会', '累了，还休息一会儿。']","[post=69e481e8000000002003ad94; level=1; likes=23.0; status=强势; role=服务者] 他还假装往后撤两步，真的累了😮‍💨
---
[post=69e481e8000000002003ad94; level=1; likes=18.0; status=强势; role=服务者] 真像人，都累打晃晃了
---
[post=69e46730000000001d0199c8; level=1; likes=18.0; status=强势; role=观众] 休息的这个好熟悉 [扶墙R]
---
[post=69e48d54000000002102e178; level=2; likes=14.0; status=弱势; role=保护者] 你想啊，你好不容易做出来的东西趴窝了你是不是也会这样有点失落地抱着[偷笑R]
---
[post=69e4426b000000001d01c7ed; level=2; likes=10.0; status=混合; role=观众] 累瘫了，歇会[偷笑R]","[post=69e481e8000000002003ad94; level=1; likes=23.0; status=强势; role=服务者] 他还假装往后撤两步，真的累了😮‍💨
---
[post=69e46730000000001d0199c8; level=1; likes=18.0; status=强势; role=观众] 休息的这个好熟悉 [扶墙R]
---
[post=69e48d54000000002102e178; level=2; likes=14.0; status=弱势; role=保护者] 你想啊，你好不容易做出来的东西趴窝了你是不是也会这样有点失落地抱着[偷笑R]
---
[post=69e4426b000000001d01c7ed; level=2; likes=10.0; status=混合; role=观众] 累瘫了，歇会[偷笑R]
---
[post=69e44171000000001a026b25; level=1; likes=4.0; status=混合; role=观众] “累了...歇会” “算了，这么多人看着呢”
---
[post=69e42cc100000000220001ad; level=2; likes=2.0; status=弱势; role=观众] 哭着趴下去然后喊妈妈[笑哭R]
---
[post=69e43b14000000001a02e095; level=1; likes=2.0; status=弱势; role=服务者] 是它不，最后太累，还是上车了
---
[post=69da7e87000000001a03484e; level=2; likes=0.0; status=强势; role=观众] 背着多难受 抱着吧[暗中观察R]","[post=69e481e8000000002003ad94; level=1; likes=1.0; status=强势; role=服务者] 看得出来它挺累的，刚停下来的时候有点虚，站都站不稳
---
[post=69e48d54000000002102e178; level=2; likes=14.0; status=弱势; role=保护者] 你想啊，你好不容易做出来的东西趴窝了你是不是也会这样有点失落地抱着[偷笑R]
---
[post=69e48d54000000002102e178; level=2; likes=1.0; status=弱势; role=保护者] 这一看就身体不好，是得搂着[捂脸R]
---
[post=69e481e8000000002003ad94; level=1; likes=2.0; status=强势; role=服务者] 会说话，第一句应该是，真他妈累
---
[post=69e6f2bc0000000023005345; level=2; likes=0.0; status=弱势; role=观众] [害羞R]累了休息会儿",high_post_dominance
