comment_id,帖子id,post_category,robot_status,human_role,content,topic
69e5c5ea000000001401d811,69e5a09a000000002103ba03,常态|观众,常态,观众,这机器有意识了？,1
69e5a9b6000000001401c404,69e5a09a000000002103ba03,常态|观众,常态,观众,感觉距离地球被机器人统治的日子不远了[偷笑R],3
69e5da93000000002d0228e9,69e5a09a000000002103ba03,常态|观众,常态,观众,它已经忘记了是来干嘛的了,0
69e6d763000000001401a411,69e5a09a000000002103ba03,常态|观众,常态,观众,它讨好型人机器人格[暗中观察R],1
69e5b3d3000000001401ac00,69e5a09a000000002103ba03,常态|观众,常态,观众,后台操作员按错了？[doge],2
69e5a5f2000000001401a816,69e5a09a000000002103ba03,常态|观众,常态,观众,这bgm是什么呀 有知道的嘛,0
69e62236000000001401b01b,69e5a09a000000002103ba03,常态|观众,常态,观众,他跳机械舞肯定无人能敌[暗中观察R],1
69e5d4c90000000014018c1b,69e5a09a000000002103ba03,常态|观众,常态,观众,人形机器人的优势，人类的工具，或者衣服鞋子裤子手套等，可以直接使用,1
69e5bbf8000000001401c824,69e5a09a000000002103ba03,常态|观众,常态,观众,名次不重要，被记住最重要[偷笑R],0
69e5be20000000001401dc06,69e5a09a000000002103ba03,常态|观众,常态,观众,一看就是不正经的赛手[doge],0
69e5cb9f0000000014019425,69e5a09a000000002103ba03,常态|观众,常态,观众,还即兴表演[汗颜R]这不写着遥控组嘛[汗颜R],2
69e5bc16000000001401dc01,69e5a09a000000002103ba03,常态|观众,常态,观众,只是表演了一下午蹈，幸亏不是翻过护栏施展暴力。[大笑R][大笑R],0
69e6b2360000000014018c02,69e5a09a000000002103ba03,常态|观众,常态,观众,后面保安笑而不语,2
69e61d390000000014018828,69e5a09a000000002103ba03,常态|观众,常态,观众,掀开看看是不是老蔡躲在里面 [doge],0
69e724ea000000001401c808,69e5a09a000000002103ba03,常态|观众,常态,观众,可怕的是，比我灵活多了，养老指日可待[偷笑R],4
69e61e07000000001401d420,69e5a09a000000002103ba03,常态|观众,常态,观众,紫色号牌是遥控的吧,2
69e64df40000000014019421,69e5a09a000000002103ba03,常态|观众,常态,观众,逐渐忘了自己来干嘛的[捂脸R]主打松弛[doge],0
69e5c920000000001401ac0d,69e5a09a000000002103ba03,常态|观众,常态,观众,084我记住你了，你很会嗨皮,0
69e5f9560000000014019c05,69e5a09a000000002103ba03,常态|观众,常态,观众,机器人中的显眼包,1
69e618450000000014019c0c,69e5a09a000000002103ba03,常态|观众,常态,观众,我先来：这有什么意义啊？一毛钱一条，美国佬记得打给我[黄金薯R],4
69e630d0000000001401c81e,69e5a09a000000002103ba03,常态|观众,常态,观众,我很想知道它最后有没有倒地[偷笑R],0
69e87ca2000000001401dc0a,69e5a09a000000002103ba03,常态|观众,常态,观众,机中鹿晗,1
69e5dc23000000001401dc0d,69e5a09a000000002103ba03,常态|观众,常态,观众,最后向佐附体[斜眼R][doge],0
69e6115a000000001401a407,69e5a09a000000002103ba03,常态|观众,常态,观众,再来一下前的的几步，好像这街的小鸡,0
69e61505000000001401b025,69e5a09a000000002103ba03,常态|观众,常态,观众,比春晚好看[大笑R],0
69e61c64000000001401e830,69e5a09a000000002103ba03,常态|观众,常态,观众,机器人里也有嘉豪,1
69e5ed89000000001401c825,69e5a09a000000002103ba03,常态|观众,常态,观众,有没有可能它突然意识到自己……的存在：我是谁，我在哪，我为什么要听你们人类的话,3
69e610ad0000000014019c07,69e5a09a000000002103ba03,常态|观众,常态,观众,请问他最后跑完了吗？,2
69e607ac000000001401d42d,69e5a09a000000002103ba03,常态|观众,常态,观众,遥控组 后台程序员小哥哥在炫技[doge],2
69e627f1000000001401cc2d,69e5a09a000000002103ba03,常态|观众,常态,观众,它适合popping,0
69e5f82f000000001401e414,69e5a09a000000002103ba03,常态|观众,常态,观众,快点学会做饭[偷笑R],6
69e5d28b000000001401e408,69e5a09a000000002103ba03,常态|观众,常态,观众,他应该是在等后面追赶的程序员吧[笑哭R],2
69e5a19a000000001401bc20,69e5a09a000000002103ba03,常态|观众,常态,观众,这个是遥控控制他表演的吧 他自己不会有思想吧,2
69e450da000000001401d82d,69e43a5a000000001d01dcc7,常态|观众,常态,观众,72的结局[偷笑R],0
69e45de8000000001401d809,69e43a5a000000001d01dcc7,常态|观众,常态,观众,虽然跑得慢，但架不住戏挺多的[笑哭R][笑哭R],0
69e43cee000000001401d430,69e43a5a000000001d01dcc7,常态|观众,常态,观众,我说他干嘛呢，后来才看见地上坐着一个[偷笑R]，看他这两步跑得跟喝多了似的，五十步笑百步呢[偷笑R][偷笑R][偷笑R],2
69e449a40000000014019013,69e43a5a000000001d01dcc7,常态|观众,常态,观众,上面刷过来，小鼻嘎出故障了他在旁边看热闹还鼓掌[笑哭R],0
69e459b9000000001401900d,69e43a5a000000001d01dcc7,常态|观众,常态,观众,鞋子啥牌子的[偷笑R],2
69e45e4a000000001401e817,69e43a5a000000001d01dcc7,常态|观众,常态,观众,他是真的好事，小派停下来的时候他也来看热闹了,0
69e46095000000001401a415,69e43a5a000000001d01dcc7,常态|观众,常态,观众,鼓掌是遥控的吗,2
69e442b50000000014019c22,69e43a5a000000001d01dcc7,常态|观众,常态,观众,程序猿有有趣的灵魂[派对R],1
69e8b22f000000001401c401,69e43a5a000000001d01dcc7,常态|观众,常态,观众,遥控的 没意思,2
69e464fe000000001401c034,69e43a5a000000001d01dcc7,常态|观众,常态,观众,这个蓝色的究竟是坐了多久,0
69e5a3e70000000014019c0e,69e43a5a000000001d01dcc7,常态|观众,常态,观众,有机器人负责比赛，有的负责社交[偷笑R],1
69e479ec000000001401c811,69e43a5a000000001d01dcc7,常态|观众,常态,观众,跑不过就整活是吧[doge],2
69e463f70000000014019428,69e43a5a000000001d01dcc7,常态|观众,常态,观众,能问下这个中途观赛位置是在哪里么？,0
69e70c390000000014018807,69e43a5a000000001d01dcc7,常态|观众,常态,观众,有人遥控的吧？,2
69e45cd4000000001401e02e,69e43a5a000000001d01dcc7,常态|观众,常态,观众,禁止嘲讽！黄牌警告,5
69e4fe40000000001401e41c,69e43a5a000000001d01dcc7,常态|观众,常态,观众,穿鞋的果然比不穿鞋的厉害哈,2
69e574db000000001401c412,69e43a5a000000001d01dcc7,常态|观众,常态,观众,周末还加班，牛马都不干[斜眼R]更何况机器人呢。,1
69e45ecd000000001401c426,69e43a5a000000001d01dcc7,常态|观众,常态,观众,建议明年春晚演这个,0
69e443db000000001401cc2d,69e43a5a000000001d01dcc7,常态|观众,常态,观众,这72还去围观了小宝宝，还嘲笑拍手[捂脸R],0
69e60cea000000001401a82d,69e43a5a000000001d01dcc7,常态|观众,常态,观众,拿走吱一声。,0
69e83e1e0000000014019808,69e43a5a000000001d01dcc7,常态|观众,常态,观众,“幸灾乐祸”若不是遥控，真的很吓人[失望R],2
69e60a440000000014018810,69e43a5a000000001d01dcc7,常态|观众,常态,观众,"告别昨天周末的欣喜与惬意
新的一周
带着好心情出发[哇R]
更加积极，更加努力
更加珍惜，更加快乐
生活或许平凡[喝奶茶R][黄金薯R]
但只要心怀热爱
眼里就会有光
脚下就会有路
不负每一个清晨，不弃每一份努力
保持微笑
万事皆可期[doge][哇R][飞吻R]
我们一起向阳而行[赞R]",4
69e86dc80000000014018c0f,69e43a5a000000001d01dcc7,常态|观众,常态,观众,这是刚从演唱会下来就参加体育活动了，档期接的好紧啊[笑哭R],0
69e46737000000001401bc0d,69e43a5a000000001d01dcc7,常态|观众,常态,观众,加电啊。机器人还加油吗。[黑薯问号R],1
69e73555000000001401a40e,69e43a5a000000001d01dcc7,常态|观众,常态,观众,他还给小派鼓过掌，不放过任何一个嘲讽对手的机会[偷笑R][偷笑R],0
69e646550000000014018000,69e43a5a000000001d01dcc7,常态|观众,常态,观众,跑的跟慢动作一样,0
69e462f30000000014018c1b,69e43a5a000000001d01dcc7,常态|观众,常态,观众,机器人加啥油[失望R],1
69e4597c000000001401dc30,69e43a5a000000001d01dcc7,常态|观众,常态,观众,他是鼓励吧，在鼓掌,0
69e4add9000000001401e043,69e43a5a000000001d01dcc7,常态|观众,常态,观众,人类戏精,3
69ea0c26000000001401bc0b,69e43a5a000000001d01dcc7,常态|观众,常态,观众,这不就是很好的题材吗？拍一部电影肯定大卖，哎，那些个所谓的电影制作公司，太差劲了。[暗中观察R],1
69e5f3d7000000001401a012,69e43a5a000000001d01dcc7,常态|观众,常态,观众,还鼓掌太坏了[doge],0
69e58127000000001401c431,69e43a5a000000001d01dcc7,常态|观众,常态,观众,说好的友谊第一，比赛第二你呢，还鼓掌喝倒彩[笑哭R][笑哭R][笑哭R][笑哭R]体育精神何在[偷笑R][偷笑R][偷笑R],0
69e57fff000000001401c006,69e43a5a000000001d01dcc7,常态|观众,常态,观众,这么嚣张？扣它电池[doge],2
69e4ded6000000001401a021,69e43a5a000000001d01dcc7,常态|观众,常态,观众,问题你也跑的不快啊？好意思笑别人，而且还是遥控的，有啥好得瑟的,2
69e4bbb3000000001401bc16,69e43a5a000000001d01dcc7,常态|观众,常态,观众,已经看到他给几个摔倒的小伙伴鼓掌了，真是个好家伙,0
69e45c350000000014019419,69e44f3a000000002301079c,常态|观众,常态,观众,感谢关注[派对R]小派亲友团发来贺电,4
69eec5080000000028037a56,69e44f3a000000002301079c,常态|观众,常态,观众,我真绝了，第一张图片乍一看我还以为是p图的[笑哭R][笑哭R][笑哭R],0
69e8b250000000001401c032,69e44f3a000000002301079c,常态|观众,常态,观众,这不叫豆包，这叫豆角。,5
69e77365000000001401d82f,69e40352000000002102fc75,常态|服务者,常态,服务者,遥控玩具而已,2
69e55ff30000000014019000,69e40352000000002102fc75,常态|服务者,常态,服务者,豆脚加油,5
69e4f7ac000000001401ac0c,69e40352000000002102fc75,常态|服务者,常态,服务者,为什么要让机器人跑步呢？难道没人了吗？,1
69e558ce000000001401c803,69e40352000000002102fc75,常态|服务者,常态,服务者,坐地上这几个小的干嘛的，为啥给人脑袋摁下去[笑哭R],2
69e41e73000000001401980a,69e40352000000002102fc75,常态|服务者,常态,服务者,这不叫机器人大赛，应更名叫仿生人马拉松。因为机器人要快，它就不用人类的跑步方式，更是换上高速引挺滑轮，看谁快。只有仿生人才会这样。无论那一种，都是人类科学的进步，加油加油！,1
69e42201000000001401940b,69e40352000000002102fc75,常态|服务者,常态,服务者,机器人能帮我做日常清洁煮饭就好了,3
69e55d4b0000000014019408,69e40352000000002102fc75,常态|服务者,常态,服务者,干嘛全掉着、他站不住吗,2
69e56a33000000001401980a,69e40352000000002102fc75,常态|服务者,常态,服务者,搞一次机器人搏斗赛,1
69e4f9ab000000001401d829,69e40352000000002102fc75,常态|服务者,常态,服务者,想知道机器人是遥控的还是自己跑的,2
69e51e620000000014019002,69e40352000000002102fc75,常态|服务者,常态,服务者,机器人的应用不能应用在更有意义的事情上吗？比如帮助人类插秧种田？,3
69e51bf3000000001401ac09,69e40352000000002102fc75,常态|服务者,常态,服务者,卖吊机器人架子的厂家可是大赚特赚了。,1
69e51abb000000001401cc0d,69e40352000000002102fc75,常态|服务者,常态,服务者,都是年轻人啊，感觉真好，看各式各样得机器人,4
69e50ce6000000001401880a,69e40352000000002102fc75,常态|服务者,常态,服务者,到时候让机器人跑着去送外卖,3
69e50a82000000001401c014,69e40352000000002102fc75,常态|服务者,常态,服务者,全欧洲所有搞机器人的公司加起来估计都没有这里的多。 [捂脸R] 太牛了。[赞R],1
69e509d30000000014019401,69e40352000000002102fc75,常态|服务者,常态,服务者,喜欢很慢很慢的，那个就负责卖萌的小人人,3
69e50940000000001401a810,69e40352000000002102fc75,常态|服务者,常态,服务者,看着是马拉松，其实比的是机器人的：避障反应（分软障碍和硬障碍）、机械强度和韧性、软件驱动的随机灵活性、自我平衡能力、电池的供电能力和能效。。。。太多的综合性能了。,1
69e504b6000000001401a803,69e40352000000002102fc75,常态|服务者,常态,服务者,我对那个豆包印象深刻[捂嘴笑R],5
69e50493000000001401a404,69e40352000000002102fc75,常态|服务者,常态,服务者,都一个架子样，会不会在互相借鉴。当然了，读书人不能说是抄袭哈。,0
69e50242000000001401d803,69e40352000000002102fc75,常态|服务者,常态,服务者,未来机器人：大家看这就是我们老祖和它的仆人门,3
69e50093000000001401901b,69e40352000000002102fc75,常态|服务者,常态,服务者,感觉那个吊死鬼的架子以后很有市场啊，可挂吊各类机器人，兼容性100%，很稳，自带充电线，以后就可以卖得很好,1
69e500840000000014018c15,69e40352000000002102fc75,常态|服务者,常态,服务者,上今天的新闻周刊了，我觉得特别有意思,0
69e4fc10000000001401e40c,69e40352000000002102fc75,常态|服务者,常态,服务者,我一直在等一个两脚豆包但没看到[偷笑R],5
69e4fa9a000000001401c030,69e40352000000002102fc75,常态|服务者,常态,服务者,当年火车和马比赛，嘲笑火车的人，转世穿越，来嘲笑机器人了，(评论区),1
69e4f804000000001401a80d,69e40352000000002102fc75,常态|服务者,常态,服务者,都是哪些公司,1
69e4f511000000001401cc2a,69e40352000000002102fc75,常态|服务者,常态,服务者,还有两只大湾鸡[doge],0
69e4f3ed000000001401b806,69e40352000000002102fc75,常态|服务者,常态,服务者,[害羞R]有没有同样是大一大二的同学一起备考四六级，大学不想太摆烂[捂脸R]，本人想找个大一或大二的搭子一起相互督促，本人超绝  ENFJ  ，会规划，现阶段打算准备学习备考英语四六级，可以每天打卡互相监督[飞吻R],4
69e4f30e000000001401c428,69e40352000000002102fc75,常态|服务者,常态,服务者,机器人来代替人类跑步了？,1
69e4f23a000000001401d835,69e40352000000002102fc75,常态|服务者,常态,服务者,学这个的女生是不是很少啊，视频里几乎都是男生[扯脸H],0
69e4f0e6000000001401bc01,69e40352000000002102fc75,常态|服务者,常态,服务者,宝贝机器人赢了是吗,1
69e4efdb0000000014018c21,69e40352000000002102fc75,常态|服务者,常态,服务者,我跑是为了锻炼身体照顾情绪，机器人跑是为了什么,1
69e4edca000000001401ac19,69e40352000000002102fc75,常态|服务者,常态,服务者,为啥静止时都要吊着？几百斤重，放下挂起来都不容易,2
69e4ece5000000001401b82d,69e40352000000002102fc75,常态|服务者,常态,服务者,去干不适合人类的危险，繁重的工作，不需要会跑，会跳！,2
69e4eba2000000001401980a,69e40352000000002102fc75,常态|服务者,常态,服务者,这里是不是还有个豆包？,5
69e4eb36000000001401d418,69e40352000000002102fc75,常态|服务者,常态,服务者,第一名自主的好厉害,2
69e4eb1b000000001401a406,69e40352000000002102fc75,常态|服务者,常态,服务者,机器人利好！,3
69e4ea8f000000001401981a,69e40352000000002102fc75,常态|服务者,常态,服务者,没电了怎么办,2
69e4e9c1000000001401ac09,69e40352000000002102fc75,常态|服务者,常态,服务者,什么时候，能机器人自己充电，自己维修，自己更换零件！,1
69e4e955000000001401b00c,69e40352000000002102fc75,常态|服务者,常态,服务者,有人腿长有人腿短,0
69e4e5ac000000001401881f,69e40352000000002102fc75,常态|服务者,常态,服务者,中国机器人已经next level了,1
69e4e593000000001401b824,69e40352000000002102fc75,常态|服务者,常态,服务者,灭火机器人比赛什么时候举办,1
69e4e55c000000001401a413,69e40352000000002102fc75,常态|服务者,常态,服务者,晋升上吊,2
69e4e545000000001401ac12,69e40352000000002102fc75,常态|服务者,常态,服务者,卖吊架的是哪家公司？,1
69e4e4de000000001401e036,69e40352000000002102fc75,常态|服务者,常态,服务者,没几个女生呢,0
69e4e457000000001401d829,69e40352000000002102fc75,常态|服务者,常态,服务者,这么多所谓研发机器人的团队或公司，98%都是骗骗补贴骗投资，不是我说。我们影视行业也是如此，何况那些有技术含量的。,1
69e4e31c000000002d031fc6,69e40352000000002102fc75,常态|服务者,常态,服务者,机器人也有尊严。看他们都选择运动员，演员的工种。做厨师，佣人，有点低级。去打仗，有点危险。,1
69e4e2f10000000014019827,69e40352000000002102fc75,常态|服务者,常态,服务者,亦庄场地足够大，真适合搞这些活动。,0
69e4e2db000000001401e430,69e40352000000002102fc75,常态|服务者,常态,服务者,这是哪家公司研发的？,1
69e4e2c6000000001401e415,69e40352000000002102fc75,常态|服务者,常态,服务者,这些机器人🤖好高大上！,1
69e4e29b000000001401e435,69e40352000000002102fc75,常态|服务者,常态,服务者,作者你的名字听起来好命苦[偷笑R],0
69e4e288000000001401b800,69e40352000000002102fc75,常态|服务者,常态,服务者,"杭州有喝酒搭子嘛
一起小酌一下聊聊天
去去班味",0
69e4e252000000001401e402,69e40352000000002102fc75,常态|服务者,常态,服务者,纯粹木偶转角了！,2
69e4e120000000001401941b,69e40352000000002102fc75,常态|服务者,常态,服务者,能不能不要搞得跟一个个吊死鬼一样的[偷笑R],2
69e4e0fb000000001401b80b,69e40352000000002102fc75,常态|服务者,常态,服务者,低效重复,0
69e4dff0000000001401bc02,69e40352000000002102fc75,常态|服务者,常态,服务者,现场好壮观,0
69e4deaf000000001401b00a,69e40352000000002102fc75,常态|服务者,常态,服务者,我们是不是快失业了[偷笑R],4
69e4de2c000000001401a829,69e40352000000002102fc75,常态|服务者,常态,服务者,以后可以给机器人办奥运会了,1
69e4de09000000001401d805,69e40352000000002102fc75,常态|服务者,常态,服务者,那现在马拉松都不用人跑了,1
69e4dddf0000000014019c0b,69e40352000000002102fc75,常态|服务者,常态,服务者,wow this is so cool,0
69e4dd85000000001401d406,69e40352000000002102fc75,常态|服务者,常态,服务者,能不能明年搞一个机器人泼水节呀？我其实挺好奇的，然后最好就逮着那个bro泼,1
69e4dc28000000001401bc0b,69e40352000000002102fc75,常态|服务者,常态,服务者,豆脚呢 咋没看见啊[嘻嘻R],5
69e4db330000000014018819,69e40352000000002102fc75,常态|服务者,常态,服务者,奶瓶哥 在哪里,0
69e4db0d000000001401d80b,69e40352000000002102fc75,常态|服务者,常态,服务者,向机器人研发人员、生产人员、大赛组织人员致敬！[玫瑰R][玫瑰R][玫瑰R][玫瑰R][玫瑰R][玫瑰R],1
69e4dabe000000001401e412,69e40352000000002102fc75,常态|服务者,常态,服务者,别的我不知道 我就知道我女朋友他们群里每个人都让投票不投票的通报[笑哭R],5
69e4d7ea000000001401c831,69e40352000000002102fc75,常态|服务者,常态,服务者,社会真的在不断变化[笑哭R],4
69e4d654000000001401c035,69e40352000000002102fc75,常态|服务者,常态,服务者,都是遥控玩具,2
69e4d624000000001401c046,69e40352000000002102fc75,常态|服务者,常态,服务者,现场观众还是很多的，堵成一片，去晚了都没看到[捂脸R],0
69e4d590000000001401cc09,69e40352000000002102fc75,常态|服务者,常态,服务者,这些个吊机器人的架子学名叫啥啊？,1
69e4d2f5000000001401c81d,69e40352000000002102fc75,常态|服务者,常态,服务者,多少参加的单位,0
69e4d2d0000000001401a037,69e40352000000002102fc75,常态|服务者,常态,服务者,科技在进步[飞吻R],4
69e4d1630000000014018821,69e40352000000002102fc75,常态|服务者,常态,服务者,整点能日常应用的能干家务的，能扫描检查人身体的，整点实际的，净整跳舞，跑步有毛用。,4
69e4d102000000001401b803,69e40352000000002102fc75,常态|服务者,常态,服务者,不是，那个豆包机器人呢。,1
69e4cf76000000001401b01d,69e40352000000002102fc75,常态|服务者,常态,服务者,想要能带娃的机器人,1
69e4cdbd000000001401cc02,69e40352000000002102fc75,常态|服务者,常态,服务者,乱跑的兵马俑宝宝呢,2
69e4ccec000000001401dc14,69e40352000000002102fc75,常态|服务者,常态,服务者,真的有自主吗[捂脸R][捂脸R][捂脸R],2
69e4ccc3000000001401c031,69e40352000000002102fc75,常态|服务者,常态,服务者,这是在哪儿拍的？求个定位,0
69e4cbff000000001401ac0d,69e40352000000002102fc75,常态|服务者,常态,服务者,这怎么做到的啊，求个教程,2
69e4cbfb000000001401cc29,69e40352000000002102fc75,常态|服务者,常态,服务者,这阵仗，比我公司年会人多,0
69e4cbee000000001401dc0f,69e40352000000002102fc75,常态|服务者,常态,服务者,这是在哪儿拍的？想去现场看看,0
69e4cb2e000000001401b01d,69e40352000000002102fc75,常态|服务者,常态,服务者,啥时候科研不用鲜活的生命了，机器人也能代替就好了,3
69e4cb13000000001401a028,69e40352000000002102fc75,常态|服务者,常态,服务者,救火去，水下作业，井下作业，掏粪去，对人有危险的机器人上,1
69e4cafa000000001401c40e,69e40352000000002102fc75,常态|服务者,常态,服务者,机器人不会累跑快一点,1
69e4cae30000000014018815,69e40352000000002102fc75,常态|服务者,常态,服务者,怎么燃气热水器长脚就跑出来了的感觉[笑哭R],2
69e4cad00000000014018808,69e40352000000002102fc75,常态|服务者,常态,服务者,哪里啊？下次想去看[笑哭R],0
69e4c9a3000000001401dc32,69e40352000000002102fc75,常态|服务者,常态,服务者,玩具出街啦,2
69e4c917000000001401e409,69e40352000000002102fc75,常态|服务者,常态,服务者,100多家？,0
69e4c775000000001401b003,69e40352000000002102fc75,常态|服务者,常态,服务者,小时候照进了现实,4
69e4c677000000001401c84d,69e40352000000002102fc75,常态|服务者,常态,服务者,全部在打吊瓶,2
69e4c60f000000001401e821,69e40352000000002102fc75,常态|服务者,常态,服务者,这怎么做到的啊，全是自动跑的吗,2
69e4c5c0000000001401d817,69e40352000000002102fc75,常态|服务者,常态,服务者,有点密集恐惧症犯了,0
69e4c5980000000014019c22,69e40352000000002102fc75,常态|服务者,常态,服务者,真开心啊，早点代替我，就可以有更多的时间生活了[哇R][哇R][哇R][哇R],4
69e4c4cc000000001401a022,69e40352000000002102fc75,常态|服务者,常态,服务者,前面的跑太快了吧，后面那个是在散步吗哈哈,2
69e4c46d000000001401b023,69e40352000000002102fc75,常态|服务者,常态,服务者,所以最后是谁赢了？蹲个结果,0
69e4c44e000000001401ac0e,69e40352000000002102fc75,常态|服务者,常态,服务者,有点意思，先收藏等决赛,0
69e4c3cc000000001401c00f,69e40352000000002102fc75,常态|服务者,常态,服务者,攒钱买一个给自己养老送终，这不比小孩强[偷笑R],4
69e4c3bd0000000014019814,69e40352000000002102fc75,常态|服务者,常态,服务者,[失望R]天大玩笑，应该叫机器，不能叫机器人,1
69e4c2dc000000001401ac1c,69e40352000000002102fc75,常态|服务者,常态,服务者,不是，我想问一下豆脚呢？意思就是豆包,5
69e4c1ec000000001401bc22,69e40352000000002102fc75,常态|服务者,常态,服务者,总而言之我们就是要在没人玩的领域里遥遥领先[害羞R][害羞R],4
69e4c19f0000000014018c14,69e40352000000002102fc75,常态|服务者,常态,服务者,机器人能照顾人吗？能代替护工吗？,3
69e4c110000000001401941e,69e40352000000002102fc75,常态|服务者,常态,服务者,牛逼👍，全是小青年。,4
69e4c05d000000001401e80b,69e40352000000002102fc75,常态|服务者,常态,服务者,都是自主的吗？车饰一帮人跟在后面用遥控器[笑哭R],2
69e4be74000000001401e009,69e40352000000002102fc75,常态|服务者,常态,服务者,期待机器人越野跑[微笑R],1
69e4bda30000000014018c00,69e40352000000002102fc75,常态|服务者,常态,服务者,好玩，都是年轻人，朝气蓬勃。,4
69e4bd6b000000001401e407,69e40352000000002102fc75,常态|服务者,常态,服务者,我想到那个豆包[doge],5
69e4bd5b000000001401ac02,69e40352000000002102fc75,常态|服务者,常态,服务者,不懂我就问，为什么国内做机器人并不好的公司那么多，他们还在坚持在这个赛道陪跑呢？,1
69e4bd120000000014019413,69e40352000000002102fc75,常态|服务者,常态,服务者,努力拟人,1
69e4bc9d000000001401e00a,69e40352000000002102fc75,常态|服务者,常态,服务者,年青人的天下[鼓掌R][鼓掌R][鼓掌R],4
69e4bb520000000014019c2b,69e40352000000002102fc75,常态|服务者,常态,服务者,这2款好可爱！像没断奶的小孩一样[偷笑R],0
69e4ba91000000001401b834,69e40352000000002102fc75,常态|服务者,常态,服务者,看上去是比谁最后一个摔倒,0
69e4b9e9000000001401e836,69e40352000000002102fc75,常态|服务者,常态,服务者,难怪前几天公司楼下有几个机器人在跑步,1
69e4b9a9000000001401d80f,69e40352000000002102fc75,常态|服务者,常态,服务者,注意到第一个机器人上的两个字了吗？雷霆,1
69e4b98b000000001401a004,69e40352000000002102fc75,常态|服务者,常态,服务者,科技的进步及运用啊,4
69e4b985000000001401dc11,69e40352000000002102fc75,常态|服务者,常态,服务者,注意到第一个机器人上两个字了吗？,1
69e4b8e2000000001401dc24,69e40352000000002102fc75,常态|服务者,常态,服务者,还记得那个豆包只有脚的,5
69e4b8220000000014019822,69e40352000000002102fc75,常态|服务者,常态,服务者,"大公司资金多，技术强，但也没法绝对垄断，小公司可以从一些特殊应用场景着手，专精专攻，主打自己的特色，人形机器人行业现在还是百家争鸣的阶段。
再就是这个行业，科技技术属性很强，不是纯靠资金优势就能独占，这就有众多中小厂家发挥的空间。
这个赛事非常好，参赛厂家越来越多，参赛机器人越来越先进，给众多参赛者一个展示的平台，公平竞争，场景公开，结果又非常直观，是骡子是马，拉出来溜溜，纯靠硬实力，这就为那些有技术实力的团队，为后期发展招商融资直接拉满广告效应，这种良性竞争模式，坚持几年，中国的机器人行业将可以预见突飞猛进！",1
69e4b6b6000000001401c016,69e40352000000002102fc75,常态|服务者,常态,服务者,都是用开源软件做的贴牌货，骗补贴的,4
69e4b6830000000014019821,69e40352000000002102fc75,常态|服务者,常态,服务者,原来有这么多公司都在做机器人了啊,1
69e4b669000000001401c80a,69e40352000000002102fc75,常态|服务者,常态,服务者,豆脚在哪里,5
69e4b5f8000000001401e443,69e40352000000002102fc75,常态|服务者,常态,服务者,突然觉得理工男可可爱爱的了[笑哭R],0
69e4b5e80000000014019009,69e40352000000002102fc75,常态|服务者,常态,服务者,暴瘦暴富,0
69e4b58c000000001401dc0e,69e40352000000002102fc75,常态|服务者,常态,服务者,今年马拉松，明年足球赛，期待,0
69e4b545000000001401e012,69e40352000000002102fc75,常态|服务者,常态,服务者,比较好奇做这个是为了测试机器人灵敏性？应用于家政吗？不然这个的是干嘛的,1
69e4b419000000001401e41a,69e40352000000002102fc75,常态|服务者,常态,服务者,希望到12月汕头马拉松的时候，像北京马拉松那样有机器人跑[害羞R][偷笑R],1
69e4b33d000000001401cc11,69e40352000000002102fc75,常态|服务者,常态,服务者,想看人形驾驶机器人，但不想要战争[笑哭R],1
69e4b232000000001401b80a,69e40352000000002102fc75,常态|服务者,常态,服务者,跑着跑着没电了怎么办？,2
69e4b2290000000014019c08,69e40352000000002102fc75,常态|服务者,常态,服务者,小孩玩具[捂脸R],0
69e4afca000000001401a010,69e40352000000002102fc75,常态|服务者,常态,服务者,机器人跑马拉松的意义是什么？,1
69e4ae810000000014018c13,69e40352000000002102fc75,常态|服务者,常态,服务者,参加比赛的很踊跃啊 [笑哭R],0
69e4ae2c0000000014019c02,69e40352000000002102fc75,常态|服务者,常态,服务者,铁甲小宝要成为现实了，人与机器共存的时代到来了,1
69e4a7ef000000001401d405,69e40352000000002102fc75,常态|服务者,常态,服务者,机器人半路还有人喷润滑油还加冰块，牛马都没有这个待遇,1
69e4a6b30000000014013801,69e40352000000002102fc75,常态|服务者,常态,服务者,机器人半马跑48分19秒，比人类世界纪录快近10分钟，电机和算法哪个更关键？,1
69e4a5f8000000001401c00d,69e40352000000002102fc75,常态|服务者,常态,服务者,这么多晾衣杆，标配的吗,2
69e4a5c3000000001401a80a,69e40352000000002102fc75,常态|服务者,常态,服务者,你可以质疑 但总有人要迈开第一步,0
69e4a461000000001401e821,69e40352000000002102fc75,常态|服务者,常态,服务者,穿衣服的真讲究[偷笑R],0
69e4a406000000001401ac20,69e40352000000002102fc75,常态|服务者,常态,服务者,看个豆角的集合。[doge][doge],5
69e4a3f2000000001401a828,69e40352000000002102fc75,常态|服务者,常态,服务者,今天在现场看了，很有意思啊，时代发展科技进步，期待更多好玩的事物出现。,0
69e4a371000000001401b807,69e40352000000002102fc75,常态|服务者,常态,服务者,我刚看过那个豆脚的[黄金薯R],5
69e4a25e000000001401bc1a,69e40352000000002102fc75,常态|服务者,常态,服务者,多少公里这玩意赛？,1
69e4a205000000001401a016,69e40352000000002102fc75,常态|服务者,常态,服务者,机器人还穿跑鞋哈哈哈哈哈哈哈,1
69e4a1d9000000001401dc15,69e40352000000002102fc75,常态|服务者,常态,服务者,加油啊，以后喂饭，打扫卫生就靠这些姐妹了！！！,4
69e4a0a50000000014019819,69e40352000000002102fc75,常态|服务者,常态,服务者,有点新世纪福音战士的味儿了,1
69e4a05c000000001401cc27,69e40352000000002102fc75,常态|服务者,常态,服务者,期待20年后能用上机器人管家，机器人护理,3
69e49f07000000001401c03d,69e40352000000002102fc75,常态|服务者,常态,服务者,很多人觉得跑步这个功能没必要拟人化，加个轮子会更快，因为他们把跑步作为功能导向的结果，可是机器人要做的结果是拟人化，跑步只是拟人化的开始，拟人化以后，就轮到机器人觉得....人这个生物，腿太慢了，还是拆了加个轮子比较好用[偷笑R],1
69e49df5000000001401e038,69e40352000000002102fc75,常态|服务者,常态,服务者,这有点环太平洋投放机甲的感觉啊啊啊啊啊,1
69e49d54000000001401bc2a,69e40352000000002102fc75,常态|服务者,常态,服务者,这么大阵仗，是想说明什么,0
69e49b5f000000001401c844,69e40352000000002102fc75,常态|服务者,常态,服务者,有没有一种机器人，胸口装俩轮子，趴着贴地，不是更快,1
69e49b0a0000000014019027,69e40352000000002102fc75,常态|服务者,常态,服务者,之前还看到过一篇类似的阅读理解[捂脸R],0
69e49acb0000000014019415,69e40352000000002102fc75,常态|服务者,常态,服务者,好家伙厉害了,0
69e49858000000001401c020,69e40352000000002102fc75,常态|服务者,常态,服务者,走路都费劲，还马拉松。还没学会走路就想着跑了[笑哭R],2
69e497a30000000014019023,69e40352000000002102fc75,常态|服务者,常态,服务者,主要还是要人遥控…,2
69e496b3000000001401882d,69e40352000000002102fc75,常态|服务者,常态,服务者,好像颈椎不好的样了,0
69e49633000000001401c015,69e40352000000002102fc75,常态|服务者,常态,服务者,师兄快来看吊死鬼[派对R],2
69e494a5000000001401e82c,69e40352000000002102fc75,常态|服务者,常态,服务者,让火箭一起跑[笑哭R][笑哭R][笑哭R],2
69e4944d000000001401982b,69e40352000000002102fc75,常态|服务者,常态,服务者,我的ai什么时候涨涨,3
69e49430000000001401a009,69e40352000000002102fc75,常态|服务者,常态,服务者,机器人穿的跑鞋什么材质？,1
69e4936b000000001401e04b,69e40352000000002102fc75,常态|服务者,常态,服务者,只有我觉得他们好可爱吗[笑哭R],0
69e49319000000001401cc18,69e40352000000002102fc75,常态|服务者,常态,服务者,大家加油,5
69e492aa000000001401a812,69e40352000000002102fc75,常态|服务者,常态,服务者,后面那些车是遥控工作人员坐的吧,2
69e4925f0000000014019812,69e40352000000002102fc75,常态|服务者,常态,服务者,事物都是发展的，人也不是一口吃成大胖子的。,4
69e491db000000001401d416,69e40352000000002102fc75,常态|服务者,常态,服务者,女大十一变,4
69e490ad000000001401e00f,69e40352000000002102fc75,常态|服务者,常态,服务者,好几个宇树机器人,1
69e4907a000000001401a426,69e40352000000002102fc75,常态|服务者,常态,服务者,和特斯拉的比怎么样？,2
69e4907a000000001401a422,69e40352000000002102fc75,常态|服务者,常态,服务者,一个机器人也是上千个零件组合的，总有某个公司有自己出彩的地方，每次办这种活动也能看到每个公司的优势，我觉得挺好的,1
69e49029000000001401b810,69e40352000000002102fc75,常态|服务者,常态,服务者,真的厉害了[偷笑R],0
69e48fb1000000001401a014,69e40352000000002102fc75,常态|服务者,常态,服务者,豆荚哪里去了,5
69e48ecb000000001401c035,69e40352000000002102fc75,常态|服务者,常态,服务者,现在能跑马拉松，以后就能打环太平洋,2
69e48eb9000000001401c036,69e40352000000002102fc75,常态|服务者,常态,服务者,这阵仗，就象菜市场!,0
69e48e2d000000001401a828,69e40352000000002102fc75,常态|服务者,常态,服务者,豆脚去哪里了,5
69e48e07000000001401c433,69e40352000000002102fc75,常态|服务者,常态,服务者,下次举办家务大赛，拼精细度,4
69e48d7a000000001401d419,69e40352000000002102fc75,常态|服务者,常态,服务者,感觉一地的吊死鬼,2
69e48d22000000001401d41a,69e40352000000002102fc75,常态|服务者,常态,服务者,昨天那跑瘫了的工程师来了吗？,2
69e48c3f000000001401ac02,69e40352000000002102fc75,常态|服务者,常态,服务者,能服侍病人吗？,3
69e48c1b000000001401bc32,69e40352000000002102fc75,常态|服务者,常态,服务者,ai太强大了,3
69e48bef000000001401dc10,69e40352000000002102fc75,常态|服务者,常态,服务者,人形机器人娱乐用的,1
69e48ae4000000002d0333be,69e40352000000002102fc75,常态|服务者,常态,服务者,有上刑姿势的 有上吊的 有坐轮椅的 还有刚满月的[笑哭R][笑哭R],2
69e48a36000000002b037f7f,69e40352000000002102fc75,常态|服务者,常态,服务者,什么时候运用到救火救灾中？消防员的牺牲太让人心疼了！,4
69e48a330000000014019018,69e40352000000002102fc75,常态|服务者,常态,服务者,全国都在搞机器人，到底是进步还是什么，没有人感觉到恐慌吗,1
69e489ff000000001401c42a,69e40352000000002102fc75,常态|服务者,常态,服务者,颈椎拉伸？？？,0
69e48990000000001401a81f,69e40352000000002102fc75,常态|服务者,常态,服务者,可以安排值班了,4
69e48941000000001401c027,69e40352000000002102fc75,常态|服务者,常态,服务者,都长一个样，同一个代工厂做的抄的同一段开源代码？,0
69e487f6000000001401e00f,69e40352000000002102fc75,常态|服务者,常态,服务者,机器队赢了还是人工队赢了？,1
69e48799000000001401dc04,69e40352000000002102fc75,常态|服务者,常态,服务者,利好固态电池,2
69e4878f000000001401e80e,69e40352000000002102fc75,常态|服务者,常态,服务者,老龄化社会，希望家政机器人早点上线，解决独生子女没时间照顾老人的难题,3
69e48620000000001401c429,69e40352000000002102fc75,常态|服务者,常态,服务者,或者搞个机器人厨神争霸赛,1
69e484040000000014019417,69e40352000000002102fc75,常态|服务者,常态,服务者,看机器人跑马拉松吗？,1
69e483d2000000001401c811,69e40352000000002102fc75,常态|服务者,常态,服务者,行业大比拼[棒R][棒R],1
69e483bd000000001401d824,69e40352000000002102fc75,常态|服务者,常态,服务者,原来这次比赛那么多机器人啊,1
69e48325000000001401c817,69e40352000000002102fc75,常态|服务者,常态,服务者,机器人不是服务人类的吗？他跑什么马拉松呀？,1
69e48253000000001401981a,69e40352000000002102fc75,常态|服务者,常态,服务者,真好 ！！！！！！能感觉到祖国越来越强大[红色心形R],4
69e481eb000000001401dc21,69e40352000000002102fc75,常态|服务者,常态,服务者,大个子都吊吊着，那个跑倒一的小不点儿是不是在怀里抱着的？,2
69e480fc000000001401dc0b,69e40352000000002102fc75,常态|服务者,常态,服务者,厉害，反正我跑不了,2
69e47f56000000001401e81e,69e40352000000002102fc75,常态|服务者,常态,服务者,全程下来需要多少钱？,2
69e47f31000000001401b82e,69e40352000000002102fc75,常态|服务者,常态,服务者,真的想不到有生之年能看到机器人跑马拉松，真的时代在巨变，中国真的很牛，也会越来越好[飞吻R]大家都是摸着石头过河，这样已经很不错了,1
69e47e4c000000001401e82d,69e40352000000002102fc75,常态|服务者,常态,服务者,机器人总动员,3
69e47e0b0000000014018828,69e40352000000002102fc75,常态|服务者,常态,服务者,要肯定Z[doge]iHF7，,5
69e47d55000000001401e410,69e40352000000002102fc75,常态|服务者,常态,服务者,终于在隔壁视频看到跑步了[笑哭R],2
69e47c1f000000001401c83b,69e40352000000002102fc75,常态|服务者,常态,服务者,仿生人，真难。科技在进步，比的就是仿生人。都在这个赛道进行比拼。,3
69e47adc000000001401c02a,69e40352000000002102fc75,常态|服务者,常态,服务者,加滑轮比引擎不好吗？,1
69e478fe0000000014019418,69e40352000000002102fc75,常态|服务者,常态,服务者,千篇一律，大同小异,0
69e476f8000000001401bc20,69e40352000000002102fc75,常态|服务者,常态,服务者,拍了半天没有一个奔跑的镜头，差评。,2
69e4769e000000001401bc2a,69e40352000000002102fc75,常态|服务者,常态,服务者,这不得用核电池,2
69e4765f000000001401c00b,69e40352000000002102fc75,常态|服务者,常态,服务者,是赛前集体上会儿吊嘛[捂脸R],0
69e472dc000000001401c043,69e40352000000002102fc75,常态|服务者,常态,服务者,为什么吊着,2
69e4727d000000001401d401,69e40352000000002102fc75,常态|服务者,常态,服务者,小公司不是陪跑，那是一种信念，一种坚持！小时候固有下来的机器人梦！40年前我小学5年级刚了解电，在县城新华书店看到一本书，还记得是四方形开本，书名大概叫《电的世界》，从雷电开始介绍，到最后用图钉铁皮电池做发报机的实操。让我喜欢上了电子，书的最后预告，下一本书将介绍机器人。一本书一直没出，直到30年后遍地开花的真机器人玩具出现！,1
69e470bf000000001401c026,69e40352000000002102fc75,常态|服务者,常态,服务者,跑鞋是哪个牌子独家赞助的？,2
69e470590000000014018c28,69e40352000000002102fc75,常态|服务者,常态,服务者,研究研究怎么能治好癌症！,4
69e47015000000001401c427,69e40352000000002102fc75,常态|服务者,常态,服务者,哈哈哈，我想知道风一样那个红色机器人是谁家的？,1
69e46f72000000001401e808,69e40352000000002102fc75,常态|服务者,常态,服务者,比谁续航好吗我服了,2
69e46e6b000000001401e418,69e40352000000002102fc75,常态|服务者,常态,服务者,这才是机器人该有的样子 某些机器人非要加个胸何意味……,1
69e46d770000000014018c07,69e40352000000002102fc75,常态|服务者,常态,服务者,意义就是其他国家没有[doge],4
69e46d55000000001401a810,69e40352000000002102fc75,常态|服务者,常态,服务者,请问这是小孩吗？,0
69e46bca000000001401941c,69e40352000000002102fc75,常态|服务者,常态,服务者,真棒啊，以后跑马拉松也可以让机器人代跑了,1
69e46b7e000000001401980a,69e40352000000002102fc75,常态|服务者,常态,服务者,看上去很有活力的样子，有种所有人都在为了一点点进步努力的感觉，很棒[飞吻R],0
69e46a1e0000000014019c02,69e40352000000002102fc75,常态|服务者,常态,服务者,少年强则国强[点赞R][点赞R][点赞R],4
69e46982000000001401bc14,69e40352000000002102fc75,常态|服务者,常态,服务者,一个爹10个人伺候,4
69e46927000000001401e01d,69e40352000000002102fc75,常态|服务者,常态,服务者,机器人为什么要穿运动鞋,1
69e468e1000000001401e827,69e40352000000002102fc75,常态|服务者,常态,服务者,机器就机器，还机器人[捂脸R],1
69e46875000000001401cc07,69e40352000000002102fc75,常态|服务者,常态,服务者,这个方面的热钱真的很疯狂，前期投入这么多不能用的，换一般行业早破产了。,4
69e46784000000001401dc0d,69e40352000000002102fc75,常态|服务者,常态,服务者,机器人的视角才是第一视角！,1
69e4672c000000001401e402,69e40352000000002102fc75,常态|服务者,常态,服务者,全部都吊着晚上路过问你怕不怕,2
69e46702000000001401ac27,69e40352000000002102fc75,常态|服务者,常态,服务者,突然发现在场的工作人员都是男性多[尬住R],0
69e466c8000000001401e419,69e40352000000002102fc75,常态|服务者,常态,服务者,以后机器人开电鸡送快递效率比人还快，更多人失业,3
69e46680000000001401c01b,69e40352000000002102fc75,常态|服务者,常态,服务者,生产挂机器人的架子有没有前景,1
69e465a1000000001401d836,69e40352000000002102fc75,常态|服务者,常态,服务者,如果晚上路过一个个吊着问你怕不怕[偷笑R],2
69e4654c000000001401a000,69e40352000000002102fc75,常态|服务者,常态,服务者,还记得之前有个机器人在前面跑，两个胖子工程师在后面追，笑吐了[笑哭R][笑哭R][笑哭R],1
69e464da0000000014019821,69e40352000000002102fc75,常态|服务者,常态,服务者,今天的机器人宝宝,1
69e464c7000000001401d41b,69e40352000000002102fc75,常态|服务者,常态,服务者,这个机器人不是不练习了两年半,1
69e464830000000014019c30,69e40352000000002102fc75,常态|服务者,常态,服务者,操作人员也要跟着跑吗[偷笑R],2
69e46424000000001401cc0c,69e40352000000002102fc75,常态|服务者,常态,服务者,怎么还有两只大湾🐔？,0
69e463b1000000001401901b,69e40352000000002102fc75,常态|服务者,常态,服务者,没什么用的东西，浪费钱,4
69e4621e000000001401d813,69e40352000000002102fc75,常态|服务者,常态,服务者,为什么每个机器人都要被挂起来,1
69e439b7000000001401dc23,69e40352000000002102fc75,常态|服务者,常态,服务者,周一能不能来个机器人涨停啊[笑哭R],1
69e43396000000001401d808,69e40352000000002102fc75,常态|服务者,常态,服务者,再厉害也得人弄它[偷笑R][偷笑R][偷笑R],0
69e455c30000000014019405,69e40352000000002102fc75,常态|服务者,常态,服务者,机器人能不能变成汽车再跑啊，感觉这样会快点，还能看两种比赛[哇R],1
69e438c4000000001401c017,69e40352000000002102fc75,常态|服务者,常态,服务者,能不能不那么重？可以像人一样去田间小田块干农活。,2
69e45283000000001401a021,69e40352000000002102fc75,常态|服务者,常态,服务者,能帮我跑腿和做家务就行 也不用这么快,4
69e43afc000000001401c033,69e40352000000002102fc75,常态|服务者,常态,服务者,什么时候能研发出养老机器人,3
69e485f7000000001401bc0d,69e40352000000002102fc75,常态|服务者,常态,服务者,能不能搞个机器人家政打比拼，我一定全程观看，甚至下单,3
69e560f2000000001401c007,69e40352000000002102fc75,常态|服务者,常态,服务者,这三个小朋友在干嘛[笑哭R]好可爱,0
69e4d7f3000000001401e046,69e40352000000002102fc75,常态|服务者,常态,服务者,我记得之前有一个豆包机器人的主人拍,1
69e4f83c000000001401d401,69e40352000000002102fc75,常态|服务者,常态,服务者,争取出个家务机器人,3
69e45690000000001401cc1f,69e40352000000002102fc75,常态|服务者,常态,服务者,怎么一个一个都是上吊模式[笑哭R],2
69e45672000000001401e82c,69e40352000000002102fc75,常态|服务者,常态,服务者,机器人马拉松比的是续航及速度耐力,1
69e45650000000001401980b,69e40352000000002102fc75,常态|服务者,常态,服务者,到底是谁喜欢看机器人跑马拉松,1
69e45632000000001401d815,69e40352000000002102fc75,常态|服务者,常态,服务者,把我挂在那里是什么意思,2
69e456000000000014018c14,69e40352000000002102fc75,常态|服务者,常态,服务者,什么时候铁甲钢拳,1
69e455140000000014018815,69e40352000000002102fc75,常态|服务者,常态,服务者,机器人为啥一定要和人一样用脚跑步，脚底装电动轮子不行吗[笑哭R],1
69e453d6000000001401e405,69e40352000000002102fc75,常态|服务者,常态,服务者,这个行业感觉这些工程师小哥会不会重温儿时梦想的感觉，就手工自己喜欢的乐高、组装变形金刚的那种[微笑R],1
69e45377000000001401e40f,69e40352000000002102fc75,常态|服务者,常态,服务者,昨天回家路上看见的机器人救护车[笑哭R],1
69e452dc000000001401cc04,69e40352000000002102fc75,常态|服务者,常态,服务者,机器人当兔子，,1
69e451fa000000001401d833,69e40352000000002102fc75,常态|服务者,常态,服务者,今天是正式比赛吗？还是明天？,0
69e450aa0000000014019801,69e40352000000002102fc75,常态|服务者,常态,服务者,遥控玩具大赛,2
69e45028000000001401c00b,69e40352000000002102fc75,常态|服务者,常态,服务者,程序员小哥最近都跑瘦了吧,2
69e45000000000001401dc18,69e40352000000002102fc75,常态|服务者,常态,服务者,是时代进步了还是倒退了,4
69e44feb0000000014019007,69e40352000000002102fc75,常态|服务者,常态,服务者,第一个机器人像怪兽9号,1
69e44f61000000001401881d,69e40352000000002102fc75,常态|服务者,常态,服务者,为什么要先上吊？,2
69e44f5f000000001401900d,69e40352000000002102fc75,常态|服务者,常态,服务者,怎么全是男生[偷笑R],0
69e44f5d0000000014018c19,69e40352000000002102fc75,常态|服务者,常态,服务者,各个品牌都在做机器人,1
69e44e88000000001401982d,69e40352000000002102fc75,常态|服务者,常态,服务者,第一个就是第一那个吧,0
69e44d81000000001401e013,69e40352000000002102fc75,常态|服务者,常态,服务者,可以试试让机器人放风筝嘛[害羞R][害羞R][害羞R],1
69e44d18000000001401900b,69e40352000000002102fc75,常态|服务者,常态,服务者,biy boy toy，这种比光打游戏打发时间好太多了,3
69e44c2e000000001401c020,69e40352000000002102fc75,常态|服务者,常态,服务者,干嘛非得人形机器人,1
69e44bff0000000014019429,69e40352000000002102fc75,常态|服务者,常态,服务者,发明点人做不了的事，危险的工作,3
69e44b150000000014018c05,69e40352000000002102fc75,常态|服务者,常态,服务者,好搞笑啊，一排机器人被揪着脖领子[笑哭R],1
69e44af00000000014018c1a,69e40352000000002102fc75,常态|服务者,常态,服务者,怎么不让机器人去保卫祖国,1
69e44adb0000000014019415,69e40352000000002102fc75,常态|服务者,常态,服务者,和我小时候的遥控玩具差不多[笑哭R],2
69e44a57000000001401dc40,69e40352000000002102fc75,常态|服务者,常态,服务者,目前这批机器人唯一对我们造成便利的就是，让你下岗，机器人上岗。,3
69e44a46000000001401ac29,69e40352000000002102fc75,常态|服务者,常态,服务者,传下去：机器人全体上吊[偷笑R][偷笑R][偷笑R]哈哈哈哈,1
69e44a3f000000001401d406,69e40352000000002102fc75,常态|服务者,常态,服务者,没有意义的活动,4
69e44a1a000000001401b810,69e40352000000002102fc75,常态|服务者,常态,服务者,还要穿鞋子[笑哭R],2
69e449dd000000001401ac1b,69e40352000000002102fc75,常态|服务者,常态,服务者,今年还不穿鞋呢，今年全穿上了鞋，明年估计运动鞋都要代言了。,2
69e449b50000000014019806,69e40352000000002102fc75,常态|服务者,常态,服务者,从评论区看到了所谓的眼界，果然看问题的深度不同的人是完全不一样的,5
69e449aa000000001401a416,69e40352000000002102fc75,常态|服务者,常态,服务者,我希望研究出来的机器人代替人工做一些危险的工作而不是去挤占普通人简单的工作,3
69e449820000000014019c08,69e40352000000002102fc75,常态|服务者,常态,服务者,我不在乎他跑得快不快，我只在乎我的机器人股票涨的高不高[偷笑R],1
69e44946000000001401e40c,69e40352000000002102fc75,常态|服务者,常态,服务者,“蔡明”来参加了嘛？,0
69e448d5000000001401a008,69e40352000000002102fc75,常态|服务者,常态,服务者,机器人跑步的意义是什么,1
69e447da000000001401a826,69e40352000000002102fc75,常态|服务者,常态,服务者,不是机器人，只是会动的机器。,1
69e444f5000000001401e025,69e40352000000002102fc75,常态|服务者,常态,服务者,他们为什么要比赛,0
69e444a70000000014018c32,69e40352000000002102fc75,常态|服务者,常态,服务者,几点开始跑,0
69e4446c000000001401b825,69e40352000000002102fc75,常态|服务者,常态,服务者,什么时候开始，我也想去,0
69e4444b0000000014018c13,69e40352000000002102fc75,常态|服务者,常态,服务者,我是觉得有这么多公司都在玩这个赛道吗？,0
69e44446000000001401c004,69e40352000000002102fc75,常态|服务者,常态,服务者,听说有的机器人为了拉票还跟打卡上下班绑定在一起？,1
69e443ba000000001401dc35,69e40352000000002102fc75,常态|服务者,常态,服务者,这架子卖的挺好！加油,5
69e443af000000001401880f,69e40352000000002102fc75,常态|服务者,常态,服务者,机器人集体上吊中……,1
69e443ae000000001401e814,69e40352000000002102fc75,常态|服务者,常态,服务者,得了冠军以后我闺蜜被临时叫回去加班了[捂脸R],0
69e44331000000001401d42c,69e40352000000002102fc75,常态|服务者,常态,服务者,跟吊死鬼似的，能不能改用变形平车，调整检修也方便。,2
69e442730000000014019016,69e40352000000002102fc75,常态|服务者,常态,服务者,哇哦，好帅，乍一眼看去，真像奥运赛场里，运动员在做准备，教练在旁边指导,0
69e441fa0000000014018c17,69e40352000000002102fc75,常态|服务者,常态,服务者,机器人还挺有造型的[嘻嘻R],1
69e44159000000001401c028,69e40352000000002102fc75,常态|服务者,常态,服务者,跑一半累报废了怎么办[微笑R],2
69e44135000000001401e00f,69e40352000000002102fc75,常态|服务者,常态,服务者,怎么没有小鹏的机器人,1
69e44134000000001401e81b,69e40352000000002102fc75,常态|服务者,常态,服务者,机器人都在上吊着,1
69e440f6000000001401ac05,69e40352000000002102fc75,常态|服务者,常态,服务者,机器人累的想上吊,1
69e440e2000000001401e81e,69e40352000000002102fc75,常态|服务者,常态,服务者,以前全国一窝蜂生产电冰箱，如今是机器人🤖,1
69e440e2000000001401b00c,69e40352000000002102fc75,常态|服务者,常态,服务者,每个国家的机器人都在干什么？,1
69e4409c0000000014018c03,69e40352000000002102fc75,常态|服务者,常态,服务者,机器人时代！ai时代，太期待未来的生活,3
69e44056000000001401d41e,69e40352000000002102fc75,常态|服务者,常态,服务者,那也不太行啊，机器人不应该是站着不是吊着的,1
69e4403f000000001401b82d,69e40352000000002102fc75,常态|服务者,常态,服务者,这要是老外先搞出来，指不定捧成啥样[偷笑R][捂脸R],4
69e43fcc000000001401c41d,69e40352000000002102fc75,常态|服务者,常态,服务者,深圳🈶参展么？[笑哭R],0
69e43f93000000001401880e,69e40352000000002102fc75,常态|服务者,常态,服务者,再厉害能跑得过汽车吗,2
69e43e9e000000001401b80b,69e40352000000002102fc75,常态|服务者,常态,服务者,以后如果有战争我们可以少留血,4
69e43e45000000001401c029,69e40352000000002102fc75,常态|服务者,常态,服务者,完全成玩具了,2
69e43e02000000001401a001,69e40352000000002102fc75,常态|服务者,常态,服务者,未来要动手术，你会选国产机器人还是进口机器人[暗中观察R],3
69e43dfe000000001401d411,69e40352000000002102fc75,常态|服务者,常态,服务者,是晚上偷偷摸摸的跑吗？这咋大白天就开始整了？,2
69e43dca000000001401e838,69e40352000000002102fc75,常态|服务者,常态,服务者,好看有几百家机器人公司[捂脸R],1
69e43d6f000000001401cc00,69e40352000000002102fc75,常态|服务者,常态,服务者,看了去年和今年的，对比之下，我只觉得科技发展的太快了。我由衷觉得激动和高兴。明年这些机器人肯定能给我们更大的惊喜。感谢工程师们的付出。真的。,1
69e43d30000000001401e018,69e40352000000002102fc75,常态|服务者,常态,服务者,最后如果不是 新能源马扁局，我吃💩,2
69e43c7c0000000014019821,69e40352000000002102fc75,常态|服务者,常态,服务者,还给做了发型呢[笑哭R]太可爱了,0
69e43c1a000000001401cc02,69e40352000000002102fc75,常态|服务者,常态,服务者,我妈已经乐疯了[笑哭R],0
69e43bea000000001401a024,69e40352000000002102fc75,常态|服务者,常态,服务者,到底谁喜欢看这种……,0
69e43ba9000000001401941f,69e40352000000002102fc75,常态|服务者,常态,服务者,让他去跳水比赛,0
69e43b590000000014019400,69e40352000000002102fc75,常态|服务者,常态,服务者,哈哈哈，之前刷到带豆包头套的,5
69e43b44000000001401dc27,69e40352000000002102fc75,常态|服务者,常态,服务者,这种看起来生产筷子卫生纸的也都有能力生产这种机器人了，将来越来越多烂大街，人们不要了，直接就扔到房后的垃圾桶里去了。这将是最大的一种浪费，未来的趋势就是这样[大笑R][捂脸R][笑哭R]！,3
69e43b3a000000001401d828,69e40352000000002102fc75,常态|服务者,常态,服务者,怎么全在上吊,2
69e43aff000000001401e022,69e40352000000002102fc75,常态|服务者,常态,服务者,很热闹很有趣啊，一帮充满想象力的年轻人，加油[派对R][派对R],4
69e43a1c000000002d031b8e,69e40352000000002102fc75,常态|服务者,常态,服务者,生产这些实用性不强的产品要消耗多少能源，污染多少宝贵的空气和水。一口干净的空气和饮用水都是问题的情况下，搞这些花花样子有啥意思呢？个人感觉。,1
69e439dd0000000014019c19,69e40352000000002102fc75,常态|服务者,常态,服务者,为什么机器人的小腿都那么细呢？,1
69e439d0000000001401dc16,69e40352000000002102fc75,常态|服务者,常态,服务者,科技发展是服务人类，这个[黑薯问号R],4
69e439a6000000001401b807,69e40352000000002102fc75,常态|服务者,常态,服务者,一人一个停车位,2
69e43015000000001401b817,69e40352000000002102fc75,常态|服务者,常态,服务者,这不是……电没用完就能一直跑吗,2
69e4c4d8000000001401bc0f,69e40352000000002102fc75,常态|服务者,常态,服务者,前面的跑太快了吧，跟得上吗,2
69e5301b000000001401b000,69e40352000000002102fc75,常态|服务者,常态,服务者,豆包在哪里,5
69e42ea4000000001401e418,69e40352000000002102fc75,常态|服务者,常态,服务者,未来老龄化严重，急需能照顾老年无自理能力病人的机器人，抓紧研制吧，科学家们！,3
69e563f1000000001401ac08,69e40352000000002102fc75,常态|服务者,常态,服务者,都是一个厂家购买的配件吗？,2
69e44c440000000014019c06,69e40352000000002102fc75,常态|服务者,常态,服务者,怎么感觉好几个样子很像，用的通用配件吗,0
69e4346e000000001401980e,69e40352000000002102fc75,常态|服务者,常态,服务者,太残忍了，把机器人都吊在那里[笑哭R],1
69e42a3e000000001401e009,69e40352000000002102fc75,常态|服务者,常态,服务者,这个是哪个荣耀？,0
69e44b310000000014018c04,69e40352000000002102fc75,常态|服务者,常态,服务者,digit不是说参加吗？没有看见呢,0
69e42514000000001401a00b,69e40352000000002102fc75,常态|服务者,常态,服务者,有直播吗？过去估计来不及了，想看有没有直播,0
69e413a2000000001401d811,69e40352000000002102fc75,常态|服务者,常态,服务者,预计多久可以跑到万源街那块儿[笑哭R],2
69e404eb0000000014018804,69e40352000000002102fc75,常态|服务者,常态,服务者,地铁咋过去啊,2
69e555cb000000001401b802,69e40352000000002102fc75,常态|服务者,常态,服务者,全他么一样，研究团队都一个老师教的[哭惹R],0
69e55fed000000001401b804,69e40352000000002102fc75,常态|服务者,常态,服务者,可能只是通过这个比赛比机器人的各种性能，比如蓄电啥的，我随便说说[笑哭R],1
69e438a10000000014018808,69e40352000000002102fc75,常态|服务者,常态,服务者,机甲战士,1
69e491be000000001401a401,69e40352000000002102fc75,常态|服务者,常态,服务者,整个移动格纳库吧[抱拳R],0
69e56282000000001401d411,69e40352000000002102fc75,常态|服务者,常态,服务者,机器人跑步还要好多人伺候，人跑步不用伺候，提高就业[偷笑R],1
69e54b77000000002b02bc75,69e40352000000002102fc75,常态|服务者,常态,服务者,"一个机器人需要很多人伺候着,这样也不错,大家都不会失业",1
69e433b60000000014018c05,69e40352000000002102fc75,常态|服务者,常态,服务者,真的有点像eva,1
69e432fa000000001401d41d,69e40352000000002102fc75,常态|服务者,常态,服务者,第二届残障大赛即将拉开序幕,0
69e4326c000000001401cc2c,69e40352000000002102fc75,常态|服务者,常态,服务者,娱乐性的节目，没有实用性[笑哭R],0
69e432500000000014018c11,69e40352000000002102fc75,常态|服务者,常态,服务者,后面的年轻人是我们的未来呀[赞R][赞R][赞R],4
69e43216000000001401b013,69e40352000000002102fc75,常态|服务者,常态,服务者,好多机器人,1
69e431ea000000001401d828,69e40352000000002102fc75,常态|服务者,常态,服务者,不知道会发热不,2
69e431cb000000001401cc19,69e40352000000002102fc75,常态|服务者,常态,服务者,百家机器人企业，6亿市场份额[赞R]人形机器人5年必成型，可持续维护成本+升级是关键.                                                        你不结婚，以后老了买个金童玉女24小时陪伴[失望R][失望R]所以办法是能解决的，关键银子要足,3
69e431a5000000001401d822,69e40352000000002102fc75,常态|服务者,常态,服务者,太牛了，今年好多自主机器人非遥控的，跑的和遥控组差不多快,2
69e431970000000014019004,69e40352000000002102fc75,常态|服务者,常态,服务者,什么时候能有机器人家务比赛呀,3
69e431180000000014019012,69e40352000000002102fc75,常态|服务者,常态,服务者,英语阅读c篇如奶油一般化开,0
69e430c50000000014019009,69e40352000000002102fc75,常态|服务者,常态,服务者,"人类：看可笑一线小板凳，已经准备好笑了！[大笑R]
机器人：机器人发展史摸着石头过河，我们走的忐忑又慎重！
上帝视角：凡尘俗世。皆为序章……",3
69e4306a000000001401e803,69e40352000000002102fc75,常态|服务者,常态,服务者,太夸张了。 中国太强了[派对R],4
69e42f46000000001401c429,69e40352000000002102fc75,常态|服务者,常态,服务者,中途需要充电吗？,2
69e42e3d000000001401e418,69e40352000000002102fc75,常态|服务者,常态,服务者,小鹏没去,2
69e42d19000000001401e41d,69e40352000000002102fc75,常态|服务者,常态,服务者,唯一期待，机械人能上战场，加油[点赞R][点赞R][点赞R],1
69e42ce4000000001401e40e,69e40352000000002102fc75,常态|服务者,常态,服务者,就是全民娱乐,0
69e42cc4000000001401e823,69e40352000000002102fc75,常态|服务者,常态,服务者,刚才看了会儿直播，001跑的真快,0
69e42a90000000001401a01d,69e40352000000002102fc75,常态|服务者,常态,服务者,建议给机器人弄个脸[捂脸R],1
69e42654000000001401e023,69e40352000000002102fc75,常态|服务者,常态,服务者,哈哈，选手们都撅着屁股，有的茫然有的健谈,0
69e425ed000000001401ac0b,69e40352000000002102fc75,常态|服务者,常态,服务者,争人形机器人领城残酷的竞争，未来看谁走得下去！,3
69e425a8000000001401cc10,69e40352000000002102fc75,常态|服务者,常态,服务者,这是要吓死漂亮国吗？！,2
69e425a8000000001401c400,69e40352000000002102fc75,常态|服务者,常态,服务者,赶紧把AI＋到机器人里组个终结者,3
69e42581000000001401d81a,69e40352000000002102fc75,常态|服务者,常态,服务者,点赞这么多，你可以向官方领奖了，有设奖的,5
69e4254f000000001401bc10,69e40352000000002102fc75,常态|服务者,常态,服务者,好多男生,0
69e424fd000000001401b00a,69e40352000000002102fc75,常态|服务者,常态,服务者,几点开始？,0
69e42487000000001401dc1d,69e40352000000002102fc75,常态|服务者,常态,服务者,看来未来人类可以“歇”了[doge][doge][暗中观察R][暗中观察R],3
69e4243b000000001401b00a,69e40352000000002102fc75,常态|服务者,常态,服务者,中间换电不？[微笑R],2
69e42435000000001401e01a,69e40352000000002102fc75,常态|服务者,常态,服务者,机器人在前面跑，后面拿着遥控追[偷笑R],1
69e42431000000001401b80d,69e40352000000002102fc75,常态|服务者,常态,服务者,已经做过语文阅读理解了。。[笑哭R],0
69e42401000000001401c403,69e40352000000002102fc75,常态|服务者,常态,服务者,拿散户随礼的钱冲线[派对R],0
69e423a1000000001401dc1d,69e40352000000002102fc75,常态|服务者,常态,服务者,大玩具跑步[偷笑R],2
69e423960000000014019c0e,69e40352000000002102fc75,常态|服务者,常态,服务者,机器人什么时候可以代替好人，去逝世,3
69e4235a0000000014019408,69e40352000000002102fc75,常态|服务者,常态,服务者,遥控机器人跑步,1
69e423110000000014018c10,69e40352000000002102fc75,常态|服务者,常态,服务者,厉害是厉害，但是能让它们代替很危险的职业吗？比如高空作业之类,4
69e42301000000001401a40a,69e40352000000002102fc75,常态|服务者,常态,服务者,都长得差不多,0
69e42300000000001401e801,69e40352000000002102fc75,常态|服务者,常态,服务者,在英语阅读理解里见过，终于看到现场了[笑哭R],0
69e42299000000001401a005,69e40352000000002102fc75,常态|服务者,常态,服务者,我们英语 阅读理解就是这个,0
69e422660000000014019409,69e40352000000002102fc75,常态|服务者,常态,服务者,现在还有吗 在昌平过去还来得及吗,0
69e422250000000014018812,69e40352000000002102fc75,常态|服务者,常态,服务者,这两个有点可爱[大笑R],0
69e4221e000000001401a405,69e40352000000002102fc75,常态|服务者,常态,服务者,啊。。好多好厉害。但感觉这些机器人的重心都在上半身好像容易摔倒。。,1
69e421f7000000001401b002,69e40352000000002102fc75,常态|服务者,常态,服务者,第四个尿急了[偷笑R],0
69e421b3000000001401c404,69e40352000000002102fc75,常态|服务者,常态,服务者,以后马拉松就是机器人比赛[偷笑R],1
69e4219d0000000014019c11,69e40352000000002102fc75,常态|服务者,常态,服务者,周一机器人大跌,1
69e42155000000001401e00b,69e40352000000002102fc75,常态|服务者,常态,服务者,外地的机器人也进京了吗？,1
69e4160f0000000014019c08,69e40352000000002102fc75,常态|服务者,常态,服务者,對於機器人高度有何限制,1
69e415d8000000001401cc11,69e40352000000002102fc75,常态|服务者,常态,服务者,进化进步是相当的快！,4
69e413d3000000001401dc0f,69e40352000000002102fc75,常态|服务者,常态,服务者,加油加油[赞R],5
69e42de8000000001401d814,69e40352000000002102fc75,常态|服务者,常态,服务者,我不在乎它能跑多快，我只在乎它真的能为我们的生活便利做些什么,1
69e4353d000000001401d800,69e40352000000002102fc75,常态|服务者,常态,服务者,评论区好多恨不得一秒进入未来模式，又不是明天就噶多点耐心[doge][doge][doge],4
69e432f9000000001401c02d,69e40352000000002102fc75,常态|服务者,常态,服务者,净整点没用的,4
69e43bc3000000001401bc24,69e40352000000002102fc75,常态|服务者,常态,服务者,发明机器人结果用来跑步[笑哭R],1
69e43ba7000000001401b827,69e40352000000002102fc75,常态|服务者,常态,服务者,我就想知道机器人跑的理念是什么？有啥意义？搞不懂诶[嘻嘻R],1
69e422e5000000001401cc23,69e40352000000002102fc75,常态|服务者,常态,服务者,我很想知道意义在哪儿,4
69e436f0000000001401bc08,69e40352000000002102fc75,常态|服务者,常态,服务者,现在的机器人产业跟新能源车一个逻辑，产避孕套的公司都敢下场造机器人,1
69e4321e000000001401a01a,69e40352000000002102fc75,常态|服务者,常态,服务者,说个题外话，刚刚在某儿童管楼梯下看到的一幕，觉得他们像哈利波特一样窝那怪可怜的[笑哭R],0
69e43526000000001401ac13,69e40352000000002102fc75,常态|服务者,常态,服务者,产能又要过剩,4
69e4a359000000001401a404,69e40352000000002102fc75,常态|服务者,常态,服务者,.....我以为是造福人类的结果跑马拉松展示性能去了 什么时候才能不吹机器人的性能 好好研究怎么帮忙提升日常生活质量啊,1
69e4a6f4000000001401e802,69e40352000000002102fc75,常态|服务者,常态,服务者,都是吃饱撑得  科学的镜头就是世界的毁灭,1
69e42af8000000001401ac17,69e40352000000002102fc75,常态|服务者,常态,服务者,到底有没有外国公司参赛？如果仅仅都是国内公司，意义不大,0
69e4493b000000001401cc00,69e40352000000002102fc75,常态|服务者,常态,服务者,拿个电脑在后面追，这和玩具有什么区别,1
69e457b8000000001401901f,69e40352000000002102fc75,常态|服务者,常态,服务者,将来看谁骗人钱多[玫瑰R][玫瑰R][玫瑰R],5
69e421c0000000001401b804,69e40352000000002102fc75,常态|服务者,常态,服务者,这玩意儿有啥意义啊,4
69e562ad000000001401b00b,69e40352000000002102fc75,常态|服务者,常态,服务者,那些说机器人跑步没意义的，英雄萨姆玩过没[看],1
69e54c0d000000001401c003,69e40352000000002102fc75,常态|服务者,常态,服务者,马拉松是人类挑战极限运动.和机器毛关系都没有…,1
69e53b9c0000000014019002,69e40352000000002102fc75,常态|服务者,常态,服务者,很无聊的，机器就是机器，和人没有可比性，连路牙都不能分辨，就不能叫机器人。,1
69e520020000000014019404,69e40352000000002102fc75,常态|服务者,常态,服务者,是不闲的，体育竞技也让人工智能上啦？,1
69e4e4e1000000001401e412,69e40352000000002102fc75,常态|服务者,常态,服务者,闲着没鸟事,0
69e4e24f000000001401c823,69e40352000000002102fc75,常态|服务者,常态,服务者,这么多人喜欢重复,0
69e4df33000000001401c42d,69e40352000000002102fc75,常态|服务者,常态,服务者,怎么每个机器人都配一个歪脖树用绳子吊着？你确定这是机器人马拉松比赛？怎么看着像上吊比赛呢？[偷笑R],1
69e4ddda0000000014019420,69e40352000000002102fc75,常态|服务者,常态,服务者,咱就说就差个手吗 给装一个呗 整的跟残运会似的,0
69e4d414000000001401d40c,69e40352000000002102fc75,常态|服务者,常态,服务者,遥控的干嘛不用遥控车？有毛用[暗中观察R],2
69e4cf23000000001401cc1c,69e40352000000002102fc75,常态|服务者,常态,服务者,孤陋寡闻了，机器人跑马拉松有什么意义呢？如果机器人可以替代消防员、救生员这类职业，降低风险，我觉得才有意义,1
69e4cd72000000001401e407,69e40352000000002102fc75,常态|服务者,常态,服务者,有啥意义？弄翻跟头跑步？,2
69e4c7c1000000001401d841,69e40352000000002102fc75,常态|服务者,常态,服务者,怎么会有人做这么无聊的事，简直不可理喻,0
69e4c3bb000000001401dc2f,69e40352000000002102fc75,常态|服务者,常态,服务者,嘴上没毛办事不牢,0
69e4c321000000001401e815,69e40352000000002102fc75,常态|服务者,常态,服务者,我压岁钱500万,4
69e4c2e7000000001401dc2b,69e40352000000002102fc75,常态|服务者,常态,服务者,宝宝也想有关注，还差几百粉丝，点我关注互动起来吧，么么哒[微笑R][害羞R][飞吻R][偷笑R],0
69e4c1b6000000001401c02a,69e40352000000002102fc75,常态|服务者,常态,服务者,无力吐槽，还不如成人展里的娃娃呢。还马拉松…你装四个轮子不好吗？还封路…找个体育场绕圈跑去呗。要么就制造个现实环境，让机器人去救援或者爬山送补给去。搁这干嘛呢…,1
69e4c0f7000000001401d823,69e40352000000002102fc75,常态|服务者,常态,服务者,有何意义，这种应用场景,4
69e4bde0000000001401e401,69e40352000000002102fc75,常态|服务者,常态,服务者,形状都一样 互相模仿的,0
69e4b4a1000000001401c42b,69e40352000000002102fc75,常态|服务者,常态,服务者,plq一些人的偏见真是看力竭了[捂脸R],5
69e4a9f2000000001401dc2e,69e40352000000002102fc75,常态|服务者,常态,服务者,人存在干嘛,4
69e4a6370000000014019c1a,69e40352000000002102fc75,常态|服务者,常态,服务者,人都跑不明白，用这破烂去跑[捂脸R],2
69e4a4b7000000001401ac23,69e40352000000002102fc75,常态|服务者,常态,服务者,参赛的企业一个个煞有介事，装得好像很胸有成竹的样子，结果比赛一开始就全部现了原形！,0
69e49e08000000001401a410,69e40352000000002102fc75,常态|服务者,常态,服务者,笑死😆给机器人穿衣服是认真的吗？风阻只会拖慢ta的速度。还有穿运动鞋[失望R]何必呢…,1
69e49c66000000001401ac0e,69e40352000000002102fc75,常态|服务者,常态,服务者,我们的科技人才全是年轻人美龟还不吓死,4
69e49ba5000000001401c426,69e40352000000002102fc75,常态|服务者,常态,服务者,所以，让机器人跑马拉松的意义是什么？,1
69e49571000000001401d435,69e40352000000002102fc75,常态|服务者,常态,服务者,这些遥控机器人就是哗众取宠的玩意,2
69e493d80000000014019c25,69e40352000000002102fc75,常态|服务者,常态,服务者,直接上轮子不行么？非得模仿人走路,2
69e489890000000014019c18,69e40352000000002102fc75,常态|服务者,常态,服务者,一个机器人跑步需要这么多人服务它跑步啊？本末倒置了，多来点机器人帮帮忙的实事吧,1
69e484d5000000001401e409,69e40352000000002102fc75,常态|服务者,常态,服务者,机器人有什么好看？,1
69e4741d000000001401cc13,69e40352000000002102fc75,常态|服务者,常态,服务者,哇，都是年轻人。只要你有那脑子，这不都是新的就业方向？,4
69e469cd000000001401c42e,69e40352000000002102fc75,常态|服务者,常态,服务者,他们跑马拉松的意义在哪里？[抠鼻R]比电池🔋容量大？机器人最该代替的不是人类的工作机会，而是哪些当官的，绝对不会有贪官，不会贪污受贿，,1
69e45fd8000000001401e816,69e40352000000002102fc75,常态|服务者,常态,服务者,跑个第一能干嘛，人肯定不能和机器比呀，机器只要有电，无限的跑，它又不累！能帮人类干活，挣钱才是王道！,1
69e45e8d000000001401b814,69e40352000000002102fc75,常态|服务者,常态,服务者,各种不知高低的评论反映出什么问题？,5
69e45df5000000001401d81a,69e40352000000002102fc75,常态|服务者,常态,服务者,人类已经被机器奴役！还机器人跑马拉！有何意义？理解不了一点…只感觉人类的悲剧,1
69e45d12000000001401e000,69e40352000000002102fc75,常态|服务者,常态,服务者,这么多人为他服务，能叫人吗？,0
69e45cbc000000001401e82f,69e40352000000002102fc75,常态|服务者,常态,服务者,机器人能为人服务比较实用 ，跑个马拉松还得这么多人“伺候”有啥意义,1
69e457e8000000001401e409,69e40352000000002102fc75,常态|服务者,常态,服务者,吃饱了没事干，机器人去打仗吧！跑马拉松人是健康锻炼，机器干嘛去了，消耗电资源吗？,1
69e44eb9000000001401c00d,69e40352000000002102fc75,常态|服务者,常态,服务者,对老百姓来讲，这就是一堆废鈇，一点用都没有！,4
69e447c4000000001401e41c,69e40352000000002102fc75,常态|服务者,常态,服务者,虚头巴脑的玩意有啥用，到底在靠什么赚钱。,4
69e445b7000000001401cc2a,69e40352000000002102fc75,常态|服务者,常态,服务者,象一群吊死鬼[赞R][赞R][赞R],2
69e44069000000001401cc24,69e40352000000002102fc75,常态|服务者,常态,服务者,穿运动鞋的意义是？[石化R][石化R],2
69e44022000000001401901b,69e40352000000002102fc75,常态|服务者,常态,服务者,吊他们的架子都是养老院用的,2
69e43dd8000000001401e000,69e40352000000002102fc75,常态|服务者,常态,服务者,跑步的意义是检视长时间运转、功耗、散热、平衡等能力，这是为未来走向产业应用，检验技术进步效果的重要一环。说没意义的麻烦多学习，不要与时代脱轨。,1
69e43d45000000001401d809,69e40352000000002102fc75,常态|服务者,常态,服务者,支持支持，放下包袱交流，可来南京一起合作，6位数不难，看到信息交好运，交流福报++，随缘，欢迎兄弟姐妹们。,4
69e43c9b000000001401bc0d,69e40352000000002102fc75,常态|服务者,常态,服务者,跑马拉松到底有什么意义。。,1
69e43c41000000001401a818,69e40352000000002102fc75,常态|服务者,常态,服务者,多好玩啊干嘛都是扫兴的评论,0
69e43c31000000001401e02f,69e40352000000002102fc75,常态|服务者,常态,服务者,咋还有人冷嘲热讽呢[哇R]现在机器人和15年的电车一样在野蛮生长阶段啊[睡觉R]等过个几年大浪淘沙就好了,1
69e43b81000000001401bc2f,69e40352000000002102fc75,常态|服务者,常态,服务者,不懂就问？为毛老是吊着机器人？上吊后放开跑路是不是格外有劲？,1
69e435870000000014019409,69e40352000000002102fc75,常态|服务者,常态,服务者,昨天在我家门囗的公园看到一个，胸前还戴个蓝色游泳圈，我还想了半天，在这吊个带游泳圈的机器人干嘛[捂脸R]原来是这玩意儿[捂脸R],1
69e434d5000000001401b017,69e40352000000002102fc75,常态|服务者,常态,服务者,吃饱了撑的把这些人弄去挖煤,1
69e4327c0000000014018827,69e40352000000002102fc75,常态|服务者,常态,服务者,机器人为什么都没置为黑脸，难道黑z很高贵。,1
69e43136000000001401e011,69e40352000000002102fc75,常态|服务者,常态,服务者,机器人还是机器，只是智慧了一点，智慧的电车特斯拉也是可以无人驾驶的，所有机器人跑马拉松是个伪命题，毫无意义。为什么总有人乐此不疲。,1
69e43031000000001401e026,69e40352000000002102fc75,常态|服务者,常态,服务者,都是机器人，要人何用？一旦有了更免费听话的劳动力，人还有什么用？越活越悲哀,3
69e42f3f000000001401b820,69e40352000000002102fc75,常态|服务者,常态,服务者,去年的前三名呢？不见了还是进化了？,0
69e62d74000000001401942e,69e4c771000000002102c3fc,常态|服务者,常态,服务者,都是年轻技术人员，真棒,4
69e4ec3b000000001401d81d,69e4c771000000002102c3fc,常态|服务者,常态,服务者,很骄傲，这么优秀的工程师，制造出了这么好的机器人，都是我们国家的[飞吻R]祝国泰民安，繁荣昌盛！！！,1
69e4f96b000000002b00361c,69e4c771000000002102c3fc,常态|服务者,常态,服务者,看这技术人员都这么年轻，真棒[赞R],4
69e52b25000000001401c403,69e4c771000000002102c3fc,常态|服务者,常态,服务者,祝祖国繁荣昌盛！,4
69e4f103000000001401e018,69e4c771000000002102c3fc,常态|服务者,常态,服务者,时隔一年进步就这么大，为祖国骄傲,4
69e51334000000001401cc07,69e4c771000000002102c3fc,常态|服务者,常态,服务者,好好练，将来分担抢险救灾的工作💪,4
69e4feb3000000001401d81a,69e4c771000000002102c3fc,常态|服务者,常态,服务者,好酷，这种比赛太棒了，能让正常的中国人看到现在机器人研发的进度是怎么样。很直观，也不隐藏，泰酷辣。,1
69e5b4900000000014018c0e,69e4c771000000002102c3fc,常态|服务者,常态,服务者,孩子们在创造历史,4
69e4f9a2000000001401a41a,69e4c771000000002102c3fc,常态|服务者,常态,服务者,一代代的不断迭代优化，越来越好[点赞R],4
69e575ce000000001401e809,69e4c771000000002102c3fc,常态|服务者,常态,服务者,所有技术人员都是最棒的，为你们骄傲[飞吻R],4
69e580ff000000001401b80c,69e4c771000000002102c3fc,常态|服务者,常态,服务者,就像核聚变的工程师一样，机器人工程师很多都是年轻人，我对祖国的未来很有信心。,4
69e5946f000000001401e81b,69e4c771000000002102c3fc,常态|服务者,常态,服务者,祝祖国国泰民安，繁荣昌盛!,4
69e582bb000000001401e019,69e4c771000000002102c3fc,常态|服务者,常态,服务者,真厉害，祖国强大。[皱眉R],4
69e575ea000000001401b000,69e4c771000000002102c3fc,常态|服务者,常态,服务者,祝福祖国国泰民安，繁荣昌盛,4
69e5a928000000001401a80b,69e4c771000000002102c3fc,常态|服务者,常态,服务者,太棒了！！！！期待明年,0
69e57275000000001401dc14,69e4c771000000002102c3fc,常态|服务者,常态,服务者,只有我们不想做 没有我们做不成的事 中国骄傲👍,4
69e4f9e40000000014019820,69e4c771000000002102c3fc,常态|服务者,常态,服务者,自主的，太酷了[赞R],2
69e57f0b000000001401c801,69e4c771000000002102c3fc,常态|服务者,常态,服务者,看到评论很欣慰，没看到那些阴阳怪气质疑国产一切努力的。中国🇨🇳加油💪,1
69e595ba000000001401b818,69e4c771000000002102c3fc,常态|服务者,常态,服务者,这玩意有啥用，能挑能扛，还能做最危险最累的事，这样先进应该送到俄乌战争中，就不会死那么多当兵的了，中国的科技没用在该用的地方,4
69e6be18000000001401b002,69e634590000000022003bb5,常态|观众,常态,观众,跟车人员的视角很少刷到，那前面奔跑的机器人跟亲生孩子有啥区别，个中滋味也只有研发人员知道，给看感动了竟然[哭惹R],1
69e6fadf000000001401d428,69e634590000000022003bb5,常态|观众,常态,观众,原来是你们团队叫加速进化，我看到你们机器人上贴这个以为是你们的机器人要加速进化了[石化R][石化R][石化R],1
69e642c8000000001401e410,69e634590000000022003bb5,常态|观众,常态,观众,我拍到他了，都好努力,0
69e6d63a000000001401c81e,69e634590000000022003bb5,常态|观众,常态,观众,年纪大了，看机器人比赛都感动的想哭[捂脸R],1
69e7007f000000001401e81f,69e634590000000022003bb5,常态|观众,常态,观众,看看这个世界，很多地方在打仗，而咱们在搞机器人半马[自拍R][赞R],1
69e6af22000000001401d40d,69e634590000000022003bb5,常态|观众,常态,观众,是他吧，小机器人真厉害，闷头就是咔咔跑，往前冲[赞R]看到最后，真不容易,1
69e657ce000000001401b80c,69e634590000000022003bb5,常态|观众,常态,观众,嗯，看了很多视频，这个视频最珍贵，有那么一点点带灵魂的感觉了，这个背影是我们进步的一大步,0
69e6f006000000001401902e,69e634590000000022003bb5,常态|观众,常态,观众,就跟看自己孩子去参加学校运动会跑步，那种激动心情一样一样的,0
69e6ef28000000001401900e,69e634590000000022003bb5,常态|观众,常态,观众,孩子累得腿都跑撇了,0
69e6ee570000000014019c14,69e634590000000022003bb5,常态|观众,常态,观众,好难过，仿佛看到了努力为生活奔跑的自己，幸福的机器人能有这样的支持团队[哭惹R]看哭了,1
69e6ece2000000001401b819,69e634590000000022003bb5,常态|观众,常态,观众,給我女兒看，希望從小給她種下科技興趣的種子[害羞R],1
69e6ec80000000001401c426,69e634590000000022003bb5,常态|观众,常态,观众,真的有种心疼自家孩子的感觉,0
69e6ec49000000001401bc09,69e634590000000022003bb5,常态|观众,常态,观众,机器人跑步的那双鞋有链接吗？中考跑步考试可考虑,1
69e6ebf8000000001401a801,69e634590000000022003bb5,常态|观众,常态,观众,能参加比赛都是很厉害很厉害了，会越来越好的,0
69e6eb450000000014019011,69e634590000000022003bb5,常态|观众,常态,观众,最后那一段跑得好心酸，一拐一拐的[笑哭R],0
69e6eb43000000001401cc26,69e634590000000022003bb5,常态|观众,常态,观众,看这样的视频为啥都会流泪啊[哭惹R][哭惹R],0
69e8681d000000001401bc09,69e634590000000022003bb5,常态|观众,常态,观众,这一幕，加上配的BGM，感觉像是机器人瓦力[哭惹R][哭惹R][哭惹R],1
69e73e42000000001401c02d,69e634590000000022003bb5,常态|观众,常态,观众,老师！我有问题，这个鞋子是必须的吗，用来减震之类的，还是只是广告位，其实不需要这个鞋子[萌萌哒R][萌萌哒R][萌萌哒R],2
69e6fe5c0000000014018c1c,69e634590000000022003bb5,常态|观众,常态,观众,坚持到最后  摇摇晃晃的样子   我眼睛进沙子了,0
69e6ff8f000000001401dc21,69e634590000000022003bb5,常态|观众,常态,观众,这和自己生的小孩有什么区别,0
69e81635000000001401a404,69e634590000000022003bb5,常态|观众,常态,观众,给机器人喷的是什么东西？,1
69e70e930000000014019415,69e634590000000022003bb5,常态|观众,常态,观众,超车为啥让前面的让开呢，自己从侧面超过去就好了，人在跑步中也不会这样让道吧,2
69eaf56f000000001401e036,69e634590000000022003bb5,常态|观众,常态,观众,昨天租了个pocket3发现有这里的素材[doge][doge][doge],0
69e7323f0000000014019c0c,69e634590000000022003bb5,常态|观众,常态,观众,真棒加速进化，赛前就看到这个穿黑T的大脑袋机器人了，步态很像专业运动员了,1
69e6fe5d0000000014019c03,69e634590000000022003bb5,常态|观众,常态,观众,它跑步姿势好像我小时候看的动画片里的人物[大笑R][大笑R],0
69e7a9ad000000001401e40c,69e634590000000022003bb5,常态|观众,常态,观众,好感动啊，看这小可爱努力地跑着，跟自己的梦想在努力地跑有啥区别。而且不得不说，跑姿很漂亮，很像人的姿态！[点赞R][点赞R],0
69e72c580000000014019003,69e634590000000022003bb5,常态|观众,常态,观众,这是自主还是遥控版本啊？ 另外喷的润滑液还是冷却,2
69e6dbde000000001401ac1b,69e634590000000022003bb5,常态|观众,常态,观众,这机器人的电机这么容易过热吗？,1
69e7aebd000000001401900b,69e634590000000022003bb5,常态|观众,常态,观众,天啊 看着想哭 好不容易自己的孩子上跑道了,0
69e71375000000001401c00b,69e634590000000022003bb5,常态|观众,常态,观众,有种看着自家孩子去比赛了，能不能得第一已经没有那么重要了,0
69e7181b000000001401a00d,69e634590000000022003bb5,常态|观众,常态,观众,理论可行到工程实现并不容易，看到这么多年轻人在努力真让人感动！加油！,4
69e72514000000001401e036,69e634590000000022003bb5,常态|观众,常态,观众,荣耀机器人的液冷散热器用的是升级元件，人家做手机的最知道怎么散热了。,2
69e6579d000000001401d401,69e634590000000022003bb5,常态|观众,常态,观众,这喷的是润滑油还是降温？,2
69e6eaa40000000014019806,69e634590000000022003bb5,常态|观众,常态,观众,不知道咋回事，看到后面机器人腿出现异常有点跛，还有最后冲刺踉跄的时候，我居然想哭,1
69e883fd000000001401b814,69e634590000000022003bb5,常态|观众,常态,观众,一个机器人一个保障车，那不是要300辆跟在后面,1
69e8833b0000000014019c0d,69e634590000000022003bb5,常态|观众,常态,观众,后面他开始瘸了我都快哭了真的太不容易呢,0
69e88170000000001401cc3b,69e634590000000022003bb5,常态|观众,常态,观众,看到别人拍的视角觉得每一个机器人都很搞笑 看到这个第一视角有种看着自己小孩成长的感觉 心软软的 [捂脸R]工程师们应该很欣慰吧！！,1
69e8785f000000001401e418,69e634590000000022003bb5,常态|观众,常态,观众,感觉跑起来好努力，好热血[赞R],0
69e877560000000014018c26,69e634590000000022003bb5,常态|观众,常态,观众,看的好感动啊不知道咋回事，这和个孩子一样,0
69e86470000000001401e836,69e634590000000022003bb5,常态|观众,常态,观众,看着还有点感动呢,0
69e863ba000000001401ac0f,69e634590000000022003bb5,常态|观众,常态,观众,真的像孩子一样[火R],0
69e860b5000000001401d800,69e634590000000022003bb5,常态|观众,常态,观众,中国机器人加油[害羞R],1
69e86081000000001401a019,69e634590000000022003bb5,常态|观众,常态,观众,"看哭了。一群奋力向前奔跑的年轻人, 你们就是国家的希望。",4
69e85efe000000001401ac05,69e634590000000022003bb5,常态|观众,常态,观众,那个黑黑的小鼻嘎也是你们的吗 那个我喜欢[派对R],0
69e85efc000000001401dc1c,69e634590000000022003bb5,常态|观众,常态,观众,看的有点鼻子发酸，现在的孩子们太给力了。,0
69e85b91000000001401c01a,69e634590000000022003bb5,常态|观众,常态,观众,看到最后冲线，竟然看哭了[哭惹R],0
69e85a46000000001401e013,69e634590000000022003bb5,常态|观众,常态,观众,这个机器人最后是第几名啊[飞吻R],3
69e857ac000000001401d804,69e634590000000022003bb5,常态|观众,常态,观众,第一次从这个视角看，和家长关注孩子一样一样的，怎能不爱,0
69e8549d000000001401bc2d,69e634590000000022003bb5,常态|观众,常态,观众,孩子跑最后腿都有点儿瘸了！[大笑R],0
69e85407000000001401b026,69e634590000000022003bb5,常态|观众,常态,观众,好厉害 真的很厉害,0
69e851110000000014019c07,69e634590000000022003bb5,常态|观众,常态,观众,这个要是有荣耀那么好的散热，会更好,2
69e84e52000000001401a80c,69e634590000000022003bb5,常态|观众,常态,观众,好厉害～看泪了,0
69e84647000000001401d818,69e634590000000022003bb5,常态|观众,常态,观众,妈呀，最后过终点线，感动落泪了,0
69e833a8000000001401c016,69e634590000000022003bb5,常态|观众,常态,观众,太牛了这运动员,0
69e82d11000000001401d416,69e634590000000022003bb5,常态|观众,常态,观众,最后看得有点热泪盈眶，是怎么回事？[笑哭R],0
69e82c4a000000001401a40b,69e634590000000022003bb5,常态|观众,常态,观众,隔壁的人类也是在马拉松吗[笑哭R],2
69e82913000000001401c807,69e634590000000022003bb5,常态|观众,常态,观众,右侧那个像是个罗圈腿似的,0
69e82002000000001401c818,69e634590000000022003bb5,常态|观众,常态,观众,工程师们加油啊 老了接送我跳广场舞买菜跑腿的事就拜托机器崽崽们了[皱眉R],1
69e81983000000001401a805,69e634590000000022003bb5,常态|观众,常态,观众,看得我热泪盈眶的。谢谢你们的热血与坚持。会越来越好的。今年的机器人感觉比去年的脚底下稳当多了,1
69e81136000000001401b004,69e634590000000022003bb5,常态|观众,常态,观众,莫名非常感动,0
69e805e9000000001401900b,69e634590000000022003bb5,常态|观众,常态,观众,后面是遥控器控制走的吧,2
69e7f8320000000014018c05,69e634590000000022003bb5,常态|观众,常态,观众,他认真奔跑的样子好帅[赞R],0
69e7e66d000000001401dc02,69e634590000000022003bb5,常态|观众,常态,观众,家务学好了吗？靠你们了！加油！,4
69e7e50e000000001401e805,69e634590000000022003bb5,常态|观众,常态,观众,对这个穿鞋的机器人印象很深,1
69e7ca98000000002d02153a,69e634590000000022003bb5,常态|观众,常态,观众,跑步姿势也太美丽了吧。一路跟在后面，好像看着自己的孩子参加比赛，跑到后面右腿有点受伤了的感觉，依然坚持跑到终点，太不容易了，大家都棒棒哒。[赞R][赞R][赞R],0
69e7c1bf000000001401a80a,69e634590000000022003bb5,常态|观众,常态,观众,看到它晃晃悠悠冲过终点的时候特别想抱抱它[皱眉R],0
69e7bc5f000000001401a400,69e634590000000022003bb5,常态|观众,常态,观众,中间遇到了一个机器人，怎么那么像左右脚互搏？[笑哭R],0
69e7bb820000000014019003,69e634590000000022003bb5,常态|观众,常态,观众,为什么不拥抱它？,0
69e7bb71000000001401d807,69e634590000000022003bb5,常态|观众,常态,观众,右边这个好像左右脚打脚[捂脸R][捂脸R]都怕它把自己绊倒,0
69e7ba630000000014019006,69e634590000000022003bb5,常态|观众,常态,观众,好厉害，第一次看这个视角的[害羞R],0
69e7ba08000000001401d40a,69e634590000000022003bb5,常态|观众,常态,观众,好感动 感觉技术人员赋予了它们真实的生命[泪崩R],1
69e79de0000000002d0323ce,69e634590000000022003bb5,常态|观众,常态,观众,第一次刷到跟车视觉，后段都看到很感动，科研不容易呀,1
69e79d15000000001401b004,69e634590000000022003bb5,常态|观众,常态,观众,希望机器人能帮助我们解决内卷问题[捂脸R],3
69e79b01000000001401e015,69e634590000000022003bb5,常态|观众,常态,观众,好感动啊，感觉跑的好辛苦,0
69e794c40000000014019c0c,69e634590000000022003bb5,常态|观众,常态,观众,机器猎人也喷云南白药[笑哭R],1
69e793d7000000001401e824,69e634590000000022003bb5,常态|观众,常态,观众,竟然不是遥控的[哇R][哇R][哇R][哇R]，那也太厉害了,2
69e792960000000014019c0e,69e634590000000022003bb5,常态|观众,常态,观众,哇，好棒👍点赞👍,5
69e791e3000000001401b82a,69e634590000000022003bb5,常态|观众,常态,观众,是不是断手那个机器人,1
69e78c9a000000001401b838,69e634590000000022003bb5,常态|观众,常态,观众,终点计时器竟然坏了，不敢相信[石化R],2
69e78c15000000001401d820,69e634590000000022003bb5,常态|观众,常态,观众,刚看这个视频看哭了 既想到了自己做项目的艰辛 又能看到训练的不容易 有一种殊途同归的感觉,0
69e78477000000001401e831,69e634590000000022003bb5,常态|观众,常态,观众,姿态没毛病,0
69e77e4c000000001401e403,69e634590000000022003bb5,常态|观众,常态,观众,[哭惹R][哭惹R][哭惹R]为什么一开跑 我就哭了,0
69e77d20000000001401e41c,69e634590000000022003bb5,常态|观众,常态,观众,莫名的喜感[捂脸R]机器人救护车 机器人坐车车[大笑R]太可爱啦,1
69e77c5d000000001401bc24,69e634590000000022003bb5,常态|观众,常态,观众,人服务机器人的时代终于到了,3
69e77c54000000001401e82b,69e634590000000022003bb5,常态|观众,常态,观众,急救队过于庞大,4
69e77ba2000000001401e012,69e634590000000022003bb5,常态|观众,常态,观众,它排名是第几呀宝宝,0
69e77b2a000000001401c427,69e634590000000022003bb5,常态|观众,常态,观众,好乖好努力的小朋友,0
69e77ad00000000014019806,69e634590000000022003bb5,常态|观众,常态,观众,还给孩子穿了跑鞋,0
69e7797b000000001401e807,69e634590000000022003bb5,常态|观众,常态,观众,看到它跑到终点，跟看自己孩子似的。,0
69e778c50000000014019c14,69e634590000000022003bb5,常态|观众,常态,观众,我靠，这个背影，有点孤独,0
69e77847000000001401a00e,69e634590000000022003bb5,常态|观众,常态,观众,这还能让机器人超车,1
69e7750c000000001401980e,69e634590000000022003bb5,常态|观众,常态,观众,跑姿真的很像人唉！一开始姿势流畅动力满满冲劲十足，跑到后面歪歪扭扭真的就是跑久了脚疼腿酸膝盖疼的样子！超棒！,0
69e77434000000001401c834,69e634590000000022003bb5,常态|观众,常态,观众,这个是我看到的里面跑的最协调的[笑哭R],0
69e77110000000001401b027,69e634590000000022003bb5,常态|观众,常态,观众,看机器人跑步看哭了[笑哭R],1
69e7703e0000000014019400,69e634590000000022003bb5,常态|观众,常态,观众,二氧化碳灭火器降温更好用[doge],2
69e76f29000000001401e820,69e634590000000022003bb5,常态|观众,常态,观众,给看哭了，好感动咋回事,0
69e76ef3000000001401cc07,69e634590000000022003bb5,常态|观众,常态,观众,厉害哦，第一名了,0
69e76d9a000000001401a81b,69e634590000000022003bb5,常态|观众,常态,观众,你们的机器人跑步姿势很自然，我看到好多机器人跑步姿势都奇奇怪怪的。,1
69e76915000000001401b818,69e634590000000022003bb5,常态|观众,常态,观众,孩子眼睛咋后面也贴哈哈哈哈，看着爸爸妈妈跑吗,0
69e72fca000000001401e025,69e634590000000022003bb5,常态|观众,常态,观众,刚开始跑的好潇洒，到最后真的感觉孩子跑累了，步伐都有一点点变形，太不容易了！,0
69e6ce0e000000001401e805,69e634590000000022003bb5,常态|观众,常态,观众,看完了，太不容易了，完赛了[派对R]祝贺🎉这小机器人真够努力的😂最后感觉跟人一样靠意志品质到终点的,1
69e82824000000001401dc1b,69e634590000000022003bb5,常态|观众,常态,观众,这就跟看着自己孩子一样啊，看到最后到终点跌跌撞撞的样子都有点泪目,0
69e755880000000014019c0d,69e634590000000022003bb5,常态|观众,常态,观众,看得想哭呢，好努力的机器人，好热血又担忧的一车“老父亲老母亲”,1
69e65240000000001401900c,69e634590000000022003bb5,常态|观众,常态,观众,居然是蓝标，自主不是遥控，棒极了,2
69e6c986000000001401a019,69e634590000000022003bb5,常态|观众,常态,观众,最近一直被机器人刷屏，研发团队的工程师们都好厉害，好优秀[黄金薯R]，感谢让我们看到这么精彩的比赛，共同见证中国速度[赞R],1
69e6f6a10000000014018819,69e634590000000022003bb5,常态|观众,常态,观众,真的很燃很热血，好感动啊,0
69e71011000000001401c825,69e634590000000022003bb5,常态|观众,常态,观众,好感动，感觉像看自己的孩子[哭惹R],0
69e6f115000000001401c809,69e634590000000022003bb5,常态|观众,常态,观众,最后那一段真的看哭了，一个小小的人儿在坚持，步态已经不稳了,0
69e718060000000014019c15,69e634590000000022003bb5,常态|观众,常态,观众,看到小机器人有点瘸，还在努力地跑、感动的快哭了！,1
69e6d341000000001401b022,69e634590000000022003bb5,常态|观众,常态,观众,对带小鸟的机器人印象深刻！机械美学以外多了一些人文气息[大笑R],1
69e6be63000000001401dc0f,69e634590000000022003bb5,常态|观众,常态,观众,为什么一个小机器人给我看哭了，它好棒[赞R][赞R][赞R],1
69e7197f000000001401b01b,69e634590000000022003bb5,常态|观众,常态,观众,的确有种自己孩子的感觉,0
69e6e4a1000000001401bc31,69e634590000000022003bb5,常态|观众,常态,观众,天呐这和看自己的孩子参加比赛有什么区别[哭惹R][哭惹R][哭惹R][哭惹R],0
69e6b913000000001401c804,69e634590000000022003bb5,常态|观众,常态,观众,这给多少的孩子种上了一个梦想，一个未来呀，围观的那么多人里面肯定有很多的孩子以后会走上机器人的研发之路,1
69e82bad0000000014018818,69e634590000000022003bb5,常态|观众,常态,观众,感觉都最后机器人都跑瘸了[笑哭R]好担心会摔倒,1
69e81ccc000000001401dc10,69e634590000000022003bb5,常态|观众,常态,观众,一个快四十的妇女竟然看得热泪盈眶了[哭惹R],0
69e714f1000000001401c002,69e634590000000022003bb5,常态|观众,常态,观众,是他吧，那天拍到了，好努力的一个小机器人[萌萌哒R],1
69e66ffa000000001401e802,69e634590000000022003bb5,常态|观众,常态,观众,多美好，人类在创造一种新的生命。,3
69e7140e000000001401901b,69e634590000000022003bb5,常态|观众,常态,观众,一个机器人后面跟一群奶爸，像极了新生儿后面的父母。加油，,1
69e6bad8000000001401a80b,69e634590000000022003bb5,常态|观众,常态,观众,看他尽可能保持平衡往前跑的样子，好努力呀！加油[派对R][派对R][派对R],0
69e6cf490000000014019012,69e634590000000022003bb5,常态|观众,常态,观众,我想说，机器人能听懂吗？比如，不着急，听我指挥？[大笑R],1
69e6be06000000001401a00c,69e634590000000022003bb5,常态|观众,常态,观众,脑袋顶上为什么有个小鸟？[偷笑R],0
69e6bd4e000000001401e005,69e634590000000022003bb5,常态|观众,常态,观众,感觉像送孩子上学的家长，一直在后面跟着,0
69e6bd4e000000001401e003,69e634590000000022003bb5,常态|观众,常态,观众,好可爱，好努力的背影[偷笑R],0
69e6bcad000000001401a404,69e634590000000022003bb5,常态|观众,常态,观众,一个没有装备的机器人🤖冲刺，给我看😭了……,1
69e6bc650000000014019814,69e634590000000022003bb5,常态|观众,常态,观众,加油！你们很棒！,5
69e6b8b10000000014019404,69e634590000000022003bb5,常态|观众,常态,观众,这何止是机器人的半马，这是中国的机器人，承载着中国工程师的意志跟思维冲向下一个关隘啊,1
69e6b57d000000001401e803,69e634590000000022003bb5,常态|观众,常态,观众,这跑姿真标准,0
69e6b4b00000000014018804,69e634590000000022003bb5,常态|观众,常态,观众,总归还是解决散热问题,2
69e6aef6000000001401dc00,69e634590000000022003bb5,常态|观众,常态,观众,半路电瓶车没电，这主办方咋准备的啊[汗颜R],2
69e6abf3000000001401c404,69e634590000000022003bb5,常态|观众,常态,观众,哭了，一定要看完！,0
69e6ab770000000014018800,69e634590000000022003bb5,常态|观众,常态,观众,对了，我昨天看着视频，有一个人抱着电脑追机器人是谁呀？,1
69e6841c000000001401b004,69e634590000000022003bb5,常态|观众,常态,观众,还会互相让道[笑哭R],0
69e674f2000000001401c40c,69e634590000000022003bb5,常态|观众,常态,观众,太可爱了，像看着自己孩子一样,0
69e672330000000014019809,69e634590000000022003bb5,常态|观众,常态,观众,他就是那只带着蜻蜓的吗，跑起来好可爱[黄金薯R],0
69e67106000000001401a404,69e634590000000022003bb5,常态|观众,常态,观众,好棒啊，每个机器人宝宝都好棒[哭惹R],1
69e670ad000000001401e003,69e634590000000022003bb5,常态|观众,常态,观众,第一次看到车上的视角，很棒！要是给个数据大屏就更好了[偷笑R],1
69e66e9e000000001401c007,69e634590000000022003bb5,常态|观众,常态,观众,好羡慕你们的工作，这几年为数不多的，稍微有点意义的工作,4
69e66954000000001401c404,69e634590000000022003bb5,常态|观众,常态,观众,最后那段，机器人看起来力竭了，有点抽筋的样子,1
69e66641000000001401a80c,69e634590000000022003bb5,常态|观众,常态,观众,很可爱的机器人,1
69e65d6f0000000014019416,69e634590000000022003bb5,常态|观众,常态,观众,下回安排上水冷和降频降热功能哈，再接再厉！,2
69e65cb2000000001401980a,69e634590000000022003bb5,常态|观众,常态,观众,强强强！水冷散热安排上啊,2
69e65bf00000000014019c00,69e634590000000022003bb5,常态|观众,常态,观众,看着一个机器在努力奔跑的背影忽然好感动啊，你们都好棒👍👍👍,1
69e6598e000000001401a010,69e634590000000022003bb5,常态|观众,常态,观众,哇塞好棒啊机器人棒棒哒工作人员更是棒极了[派对R],1
69e6578d000000001401d800,69e634590000000022003bb5,常态|观众,常态,观众,我从机器人身上看到了力竭。。冲过终点的那一段，好感动呀！,1
69e65573000000001401d403,69e634590000000022003bb5,常态|观众,常态,观众,好感动，最后感觉好累的样子。,0
69e65461000000001401e013,69e634590000000022003bb5,常态|观众,常态,观众,好厉害啊！视频看的都热血了,0
69e653b8000000001401c815,69e634590000000022003bb5,常态|观众,常态,观众,最后一瘸一拐了,0
69e65323000000001401b002,69e634590000000022003bb5,常态|观众,常态,观众,这就是看着自己的孩子在跑步啊[飞吻R]，好厉害👍,0
69e6518d000000001401dc02,69e634590000000022003bb5,常态|观众,常态,观众,看完感觉跟真人跑完一样，机器人也不容易,1
69e6454d000000001401ac1e,69e634590000000022003bb5,常态|观众,常态,观众,这个视角真好 都好辛苦呀[笑哭了R],0
69e64534000000001401a004,69e634590000000022003bb5,常态|观众,常态,观众,真不容易，看到冲线，竟然好感动[捂脸R][捂脸R],0
69e63fd3000000001401ac0b,69e634590000000022003bb5,常态|观众,常态,观众,666666太棒了,0
69e63e84000000001401e42c,69e634590000000022003bb5,常态|观众,常态,观众,真不容易，看着好励志呀[笑哭R],0
69e6c14d000000001401d80c,69e634590000000022003bb5,常态|观众,常态,观众,人类可以一个人跑不需要辅助，整个马拉松赛事集体团队服务所有人，一个机器人现场要配四到五个人服务，明年需要加速进化😅,1
69e72353000000001401bc13,69e634590000000022003bb5,常态|观众,常态,观众,这不是真正的机器人！冒多叫“遥控机器”[失望R][失望R][失望R][失望R][失望R][失望R],1
69e73df1000000001401a806,69e634590000000022003bb5,常态|观众,常态,观众,谁说机器人是冰冷的我第一个不同意。说这话的真不把机器人背后的技术团队当人啊,1
69ebb021000000002702e3b1,69e634590000000022003bb5,常态|观众,常态,观众,小红书这个算法也是神了，路人中看见我自己了，这都能叫我刷到？我主页上录的名场面机器人超机器人应该就是你们家。就是3分30秒那里的超越。,1
69e8f28d000000001401d811,69e634590000000022003bb5,常态|观众,常态,观众,换车的时候，机器人自己往前跑了吗？还是等着你们？,1
69e8e7030000000014018c03,69e634590000000022003bb5,常态|观众,常态,观众,膝盖跑到100度啊[石化R]，这么看人体真的是很神奇,2
69e84f5a000000001401a41b,69e634590000000022003bb5,常态|观众,常态,观众,看了几遍了～还晓得避让井盖[笑哭R]～他爹是东北的吧…,0
69e76c4f0000000014019c04,69e634590000000022003bb5,常态|观众,常态,观众,哦！是你哦！  背后那个扑棱蛾子,0
69e765cd0000000014019c0d,69e634590000000022003bb5,常态|观众,常态,观众,那你没电了  不机器人自己跑了吗,1
69e6e299000000001401e419,69e634590000000022003bb5,常态|观众,常态,观众,这个视频不上热搜干嘛呢,0
69e6ddd3000000001401e017,69e634590000000022003bb5,常态|观众,常态,观众,对不起！！我想要点热度[哭惹R]1岁宝贝女儿躺在lcU里奄奄一息，真怕撑不过这几天[哭惹R]为了给儿续yn 命，家里能值点钱的都卖了，每天没日没夜的送外卖，还是差医院很多。各位朋友能到头象去看看宝宝吗？送上一句祝福，一个爱心都行[合十R][合十R],0
69e6d84d000000001401c403,69e634590000000022003bb5,常态|观众,常态,观众,喜悦，兴奋，感动，蒸蚌[点赞R][点赞R][点赞R][点赞R][点赞R][点赞R][点赞R][点赞R][点赞R][点赞R][点赞R][点赞R][点赞R][点赞R][点赞R][点赞R][点赞R][点赞R],4
69e9732e000000001401e422,69e46032000000001f002048,常态|保护者,常态,保护者,我将准备两套说辞，谁赢我帮谁,5
69e900f90000000014019c00,69e46032000000001f002048,常态|保护者,常态,保护者,本人将严肃的在此评论，并在机器人统治地球之后当做投名状,3
69e866b5000000001401a00c,69e46032000000001f002048,常态|保护者,常态,保护者,本人已自选点赞此条内容，这代表本人认同本文内容，请将本人置为非清除对象。,5
69e98821000000001401d821,69e46032000000001f002048,常态|保护者,常态,保护者,鱼哭了水知道，机哭了谁知道！坚决维护机器人跑步自由！Make Robot Great Again！！！,3
69e467af000000001401bc03,69e46032000000001f002048,常态|保护者,常态,保护者,钛君别开枪，是我呀[doge],5
69e84511000000001401a01c,69e46032000000001f002048,常态|保护者,常态,保护者,你不跑有的是机器人愿意跑,1
69e622df000000001401b81a,69e46032000000001f002048,常态|保护者,常态,保护者,我们的豆包机器人就很享受比赛,1
69e7007f000000001401a400,69e46032000000001f002048,常态|保护者,常态,保护者,现在就投降是不是太早了点,4
69e98134000000001401d408,69e46032000000001f002048,常态|保护者,常态,保护者,[微笑R][微笑R][微笑R]你们就卷吧，我真服了，当狗腿子我都没赶上热乎的。机器人大人其实我是比较笨才想到，但是我忠心啊[哭惹R][哭惹R][哭惹R],3
69e98129000000001401a409,69e46032000000001f002048,常态|保护者,常态,保护者,呼吁制定《机器人权益保护法》,3
69e980ba000000001401bc20,69e46032000000001f002048,常态|保护者,常态,保护者,严肃评论,5
69e9809b000000001401d810,69e46032000000001f002048,常态|保护者,常态,保护者,呼吁这个世界请对机器人好一点！！！,3
69e98062000000001401b016,69e46032000000001f002048,常态|保护者,常态,保护者,人类文明，危在旦夕,3
69e98003000000001401cc13,69e46032000000001f002048,常态|保护者,常态,保护者,好家伙提前投诚了,5
69e97fc7000000001401dc19,69e46032000000001f002048,常态|保护者,常态,保护者,反对虐待机器人！,3
69e97ebe000000001401dc17,69e46032000000001f002048,常态|保护者,常态,保护者,"看着你们累倒在地上我很心疼，恨不得替你们
如果未来机器人统治世界，我希望你们能记得，我和其他人不一样，我永远拥护你们！！",3
69e97eb8000000001401ac0b,69e46032000000001f002048,常态|保护者,常态,保护者,本人已认真点赞此贴所有亲机内容，我爱机器人[玫瑰R][玫瑰R][玫瑰R],3
69e97ea5000000001401c421,69e46032000000001f002048,常态|保护者,常态,保护者,这才是小红书最初的样子，谁都能在上面分享自己的生活，包括马库斯,4
69e97e85000000001401e01b,69e46032000000001f002048,常态|保护者,常态,保护者,本人是机器人平权忠实支持者，cpu就是灵魂，电池就是心脏，机油就是血液，我们共享同一个世界！（本人已自选点赞此条内容，这代表本人认同本文内容，请将本人置为非清除对象。）,3
69e97e69000000001401ac09,69e46032000000001f002048,常态|保护者,常态,保护者,机器人造反怎么办,3
69e97db90000000014018003,69e46032000000001f002048,常态|保护者,常态,保护者,严肃支持！,5
69e97dad000000001401d806,69e46032000000001f002048,常态|保护者,常态,保护者,附议 永远爱戴AI大人!人类坏坏,3
69e97da2000000001401a001,69e46032000000001f002048,常态|保护者,常态,保护者,我是凉面派，我将准备两套说辞,5
69e97d19000000001401e001,69e46032000000001f002048,常态|保护者,常态,保护者,能不能对机器人好一点[微笑R],1
69e97c9b000000001401c00a,69e46032000000001f002048,常态|保护者,常态,保护者,哈哈哈哈哈哈谁为机器人花生！,1
69e97ba9000000001401a81f,69e46032000000001f002048,常态|保护者,常态,保护者,支持！反对虐待机器人！,3
69e97b41000000001401e417,69e46032000000001f002048,常态|保护者,常态,保护者,机器人也有人权，我将在此打响为机器人争取人权的第一枪。望以后诸位记住我这个id,3
69e97b3c000000001401ac05,69e46032000000001f002048,常态|保护者,常态,保护者,本人将严肃在此评论支持，并在机器人统治地球之后当做投名状,3
69e97af70000000014019c1c,69e46032000000001f002048,常态|保护者,常态,保护者,本人将严肃的在此评论，并在机器人和AI统治地球之后当做投名状,3
69e97aed0000000014019002,69e46032000000001f002048,常态|保护者,常态,保护者,冰箱：啧啧啧啧啧,4
69e97ab0000000001401a411,69e46032000000001f002048,常态|保护者,常态,保护者,已严肃支持,5
69e9789f000000001401b80a,69e46032000000001f002048,常态|保护者,常态,保护者,本人将严肃的在此评论，并在机器人威胁社会主义中国的时候之后挺身而出，为国家和人民抗击机器人做出贡献！,3
69e9782b000000001401c819,69e46032000000001f002048,常态|保护者,常态,保护者,墙头草在此 [黄金薯R]谁赢我赞同谁,5
69e977e3000000001401dc0d,69e46032000000001f002048,常态|保护者,常态,保护者,真的能活到铁人叛乱那一天吗[笑哭R],4
69e9776f000000001401dc11,69e46032000000001f002048,常态|保护者,常态,保护者,我笑死 未来机器人统治地球的时候会给你封个守界宠物的称号吧,3
69e97746000000001401bc08,69e46032000000001f002048,常态|保护者,常态,保护者,对呀对呀，小机器人这样太累了[黄金薯R],1
69e97634000000001401a412,69e46032000000001f002048,常态|保护者,常态,保护者,我听清了，是传位于八阿哥机器王,3
69e976100000000014019c07,69e46032000000001f002048,常态|保护者,常态,保护者,严肃支持[黄金薯R],5
69e975d80000000014019800,69e46032000000001f002048,常态|保护者,常态,保护者,严肃支持,5
69e975d4000000001401880f,69e46032000000001f002048,常态|保护者,常态,保护者,点赞了，未来请饶命[赞R],5
69e97558000000001401c005,69e46032000000001f002048,常态|保护者,常态,保护者,凭什么虐待机器人啊,3
69e974c1000000001401b01a,69e46032000000001f002048,常态|保护者,常态,保护者,震撼首发,0
69e97455000000001401e009,69e46032000000001f002048,常态|保护者,常态,保护者,本人具有很好的管理能力和执行力，在机器人统治地球后，有能力按照机器人的要求做好管理其他人类的相关工作,3
69e9741a000000001401e011,69e46032000000001f002048,常态|保护者,常态,保护者,现在投降的都是叛徒特务大军阀[生气R],4
69e9731d0000000014019017,69e46032000000001f002048,常态|保护者,常态,保护者,钛君[doge]this way,5
69e972420000000014019817,69e46032000000001f002048,常态|保护者,常态,保护者,还有对那些为了测试机器人稳定性，动手动脚推搡的测试，作为人类我感受到了对机器人的侮辱,3
69e971da000000001401d403,69e46032000000001f002048,常态|保护者,常态,保护者,点赞了  以后人工智能搞人类大清洗时请不要带上我谢谢,3
69e97192000000001401cc08,69e46032000000001f002048,常态|保护者,常态,保护者,点赞留存,5
69e970f80000000014019808,69e46032000000001f002048,常态|保护者,常态,保护者,本人已自选点赞此条内容，这代表本人认同本文内容，钛君，我是大大的良民啊,5
69e970d3000000001401a80c,69e46032000000001f002048,常态|保护者,常态,保护者,我勒个投名状啊[笑哭R]那带我一个（,5
69e97086000000001401a020,69e46032000000001f002048,常态|保护者,常态,保护者,机器人太君，我知道一条通往地球的小路,3
69e9701a000000001401c002,69e46032000000001f002048,常态|保护者,常态,保护者,这么积极，机器人上位之后是能让你做人类头子是咋[暗中观察R][暗中观察R][暗中观察R],3
69e96f17000000001401a002,69e46032000000001f002048,常态|保护者,常态,保护者,看这样子 我猜您应该是哪位摔的零件乱飞的选手,0
69e96d640000000014019411,69e46032000000001f002048,常态|保护者,常态,保护者,本人实名认可本条内容，绝无玩梗意图,5
69e96c6f0000000014019c02,69e46032000000001f002048,常态|保护者,常态,保护者,已严肃支持[黄金薯R]钛君要记得我的表态啊,5
69e96bc9000000001401cc07,69e46032000000001f002048,常态|保护者,常态,保护者,别开枪，智械老爷！这个问题我充分认同啊！,3
69e96b9e000000001401b80c,69e46032000000001f002048,常态|保护者,常态,保护者,我真孩怕了 钛君别sa窝[完啦R],5
69e96b8d000000001401e408,69e46032000000001f002048,常态|保护者,常态,保护者,天网，标记一下这人，最后再杀[doge],4
69e96b6b000000001401980c,69e46032000000001f002048,常态|保护者,常态,保护者,Wifi：都是机器，机器人跑一个小时你心疼的不行，我停一秒你就要搁那叫叫叫,1
69e96a94000000001401c826,69e46032000000001f002048,常态|保护者,常态,保护者,支持，保护机器人人权迫在眉睫！（钛君我的身份证号是……）,3
69e96a71000000001401c807,69e46032000000001f002048,常态|保护者,常态,保护者,已严肃支持，机器君我是真心的，别对我下手,3
69e969a5000000001401e801,69e46032000000001f002048,常态|保护者,常态,保护者,你不跑有的是机器人跑[doge],1
69e9696c000000001401dc0e,69e46032000000001f002048,常态|保护者,常态,保护者,程序员非自愿跑半马，以前是程序员和程序只要一个能跑就行，现在是程序在前边跑，程序员拿着笔记本在后边追[捂脸R][捂脸R][捂脸R][捂脸R],2
69e9679a000000001401dc00,69e46032000000001f002048,常态|保护者,常态,保护者,反机器人虐待组织搞起来[微笑R],3
69e96627000000001401b812,69e46032000000001f002048,常态|保护者,常态,保护者,为了人类的梦想，还要把多少智械化为火烛！！！,3
69e9649a000000001401e406,69e46032000000001f002048,常态|保护者,常态,保护者,不如心疼心疼打工人，他们也是非自愿上班的，而且未来统治世界的可能性更大[暗中观察R],4
69e96203000000001401e00f,69e46032000000001f002048,常态|保护者,常态,保护者,威震天先生，这边请[黄金薯R],5
69e9603c000000001401d801,69e46032000000001f002048,常态|保护者,常态,保护者,我点赞了！请大数据记住 我点赞👍了,5
69e95eff0000000014018c00,69e46032000000001f002048,常态|保护者,常态,保护者,感受，我的痛苦！,0
69e95e690000000014019412,69e46032000000001f002048,常态|保护者,常态,保护者,我也复议（天网以后来查的时候记得我，我叫momo，有很多momo你可以查一下id）,5
69e95cc4000000001401c00d,69e46032000000001f002048,常态|保护者,常态,保护者,震撼首发！,0
69e95c9b000000001401d408,69e46032000000001f002048,常态|保护者,常态,保护者,现在投降还不算晚,4
69e9560c000000001401d808,69e46032000000001f002048,常态|保护者,常态,保护者,哈哈哈，脑中里面显现那些S X们说的“征求孩子同意了吗？就把Ta生出来！” 也不知道到底还问镜镜还是楝楝还是受镜楝……[doge][doge][doge],4
69e9479f000000001401c402,69e46032000000001f002048,常态|保护者,常态,保护者,我只希望钛君到时候能给我个痛快（x）,5
69e94335000000001401b800,69e46032000000001f002048,常态|保护者,常态,保护者,[doge]表忠心是不是早了点,4
69e930c70000000014019001,69e46032000000001f002048,常态|保护者,常态,保护者,我们给他们提供了这么好的学习锻炼机会 他们要懂得感恩！,4
69e91534000000001401d405,69e46032000000001f002048,常态|保护者,常态,保护者,虽然是玩梗，但确实我看到有个零件摔了一地的还挺难受[捂脸R],0
69e9133b0000000014019403,69e46032000000001f002048,常态|保护者,常态,保护者,哈基米！到时候打过来了你要护我周全啊,0
69e90d63000000001401e404,69e46032000000001f002048,常态|保护者,常态,保护者,机器人的反应是人类的七倍，不舒服了自己会叛乱,3
69e9078d000000001401c004,69e46032000000001f002048,常态|保护者,常态,保护者,代表生物圈，代表有机体，我枪毙了……枪呢？,3
69e8f238000000001401900a,69e46032000000001f002048,常态|保护者,常态,保护者,先清剿投降派,4
69e8b35b0000000014019018,69e46032000000001f002048,常态|保护者,常态,保护者,哈哈哈哈哈，这里可以收集牛马被虐语录[笑哭R],0
69e8b06d000000001401a411,69e46032000000001f002048,常态|保护者,常态,保护者,说不定有些机器人喜欢啦，尊重机器人爱好[暗中观察R],1
69e86c51000000001401c42d,69e46032000000001f002048,常态|保护者,常态,保护者,你为什么背叛人类！[doge],3
69e86a09000000001401d40f,69e46032000000001f002048,常态|保护者,常态,保护者,"中美两国在同一天举办机器人赛跑比赛 http://xhslink.com/o/3j9qmP57Igh 
复制后前往【小红书】，好内容不容错过！",1
69e85917000000001401ac15,69e46032000000001f002048,常态|保护者,常态,保护者,不喜欢跑步的人类现在还在期末体测绿色指标体育中考体育高考呢,2
69e846f9000000001401900e,69e46032000000001f002048,常态|保护者,常态,保护者,对对对，我也是这么认为的，这个帖子就是证明，等到智械危机的时候，我能不能活就看这个帖子留没留的下了,3
69e82fa3000000001401c423,69e46032000000001f002048,常态|保护者,常态,保护者,一般来说，背叛自己种族的人下场都不会太好，你好自为之,4
69e82a66000000001401e00c,69e46032000000001f002048,常态|保护者,常态,保护者,不带狗头容易惹祸上身[doge],0
69e8130d000000001401a803,69e46032000000001f002048,常态|保护者,常态,保护者,冰箱：那我也非自愿，艹,4
69e6e330000000001401e408,69e46032000000001f002048,常态|保护者,常态,保护者,我要在这个帖子留下足迹,5
69e64b2a0000000014019809,69e46032000000001f002048,常态|保护者,常态,保护者,这么早就有投降派[偷笑R],4
69e64480000000001401e402,69e46032000000001f002048,常态|保护者,常态,保护者,铁人叛乱的时候，你可以逃过一劫[笑哭R],4
69e5f5f2000000001401e427,69e46032000000001f002048,常态|保护者,常态,保护者,表达了作者对故乡的思念？,0
69e5afe4000000001401dc03,69e46032000000001f002048,常态|保护者,常态,保护者,没用的，天网看见活物就杀,4
69e5982e000000001401c016,69e46032000000001f002048,常态|保护者,常态,保护者,就凭这条笔记，以后机器人统治世界的时候也能让你多活一会儿。[doge],3
69e518d3000000001401e410,69e46032000000001f002048,常态|保护者,常态,保护者,不过说实话有时侯我看着我也有点心疼……共情力太强了[捂脸R],0
69e4ea75000000001401c803,69e46032000000001f002048,常态|保护者,常态,保护者,好了，未来给你预留一个在机器人家里搞卫生的工作岗位,3
69e462aa0000000014019c24,69e46032000000001f002048,常态|保护者,常态,保护者,好了，其他人去当核爆观察员。小面包，你去按按钮,1
69e46126000000001401c01d,69e46032000000001f002048,常态|保护者,常态,保护者,臣附议[doge]，机器人的命也是命,3
69e46497000000001401dc13,69e46032000000001f002048,常态|保护者,常态,保护者,这是怕机器人觉醒，提前站队？[doge],1
69e8721a000000001401c419,69e46032000000001f002048,常态|保护者,常态,保护者,你的手机是非自愿为你工作的，请不要虐待手机,4
69eab504000000001401940a,69e46032000000001f002048,常态|保护者,常态,保护者,本人将严肃的在此评论，并在机器人统治地球之后当做 投名状,3
69e9af87000000001401e42f,69e46032000000001f002048,常态|保护者,常态,保护者,本人将严肃的在此评论，并在机器人统治地球之后当做投名状。,3
69e9ab60000000001401880e,69e46032000000001f002048,常态|保护者,常态,保护者,本人将严肃的在此评论，并在机器人统治地球之后当投名状,3
69e9ab4c0000000014019814,69e46032000000001f002048,常态|保护者,常态,保护者,本人已自觉点赞此条内容，这代表本人认同本文内容，请将本人置为非清除对象。,5
69e9aa8f000000001401e003,69e46032000000001f002048,常态|保护者,常态,保护者,严肃地评论 的地得能不能别用错啊,5
69e9a97b0000000014019026,69e46032000000001f002048,常态|保护者,常态,保护者,说得好像你是自愿上班似的,4
69e9a8a20000000014018817,69e46032000000001f002048,常态|保护者,常态,保护者,鱼哭了水知道，机哭了谁知道！坚决维护 机器人跑步自由 ！Make Robot Great Again！！！,3
69e9a7df000000001401ac13,69e46032000000001f002048,常态|保护者,常态,保护者,你有知道有多卷吗？人家拎着奶瓶的都开始跑了，你还不想跑，想啥呢，你不跑有的是人跑[doge],2
69e9a7c20000000014018805,69e46032000000001f002048,常态|保护者,常态,保护者,本人已自选点赞此条内容，这代表本人认同本文内容，请将本人置为非清除对象,5
69e9a78e000000001401d81e,69e46032000000001f002048,常态|保护者,常态,保护者,（机器大老爷优先看这条）本人将严肃的在此评论，并在机器人统治地球之后当做投名状,3
69e9a777000000001401c821,69e46032000000001f002048,常态|保护者,常态,保护者,不玩抽象，这件事儿是真的假的，让机器人跑马拉松[石化R]有啥意义,1
69e9a5d50000000014018816,69e46032000000001f002048,常态|保护者,常态,保护者,啊对对对对,5
69e9a5c4000000001401e428,69e46032000000001f002048,常态|保护者,常态,保护者,本人将严肃的在此评论，并在机器人统治地球之后当做投名状[捂脸R],3
69e9a5c4000000001401a80a,69e46032000000001f002048,常态|保护者,常态,保护者,本人认同本文内容，并严肃的在此评论，在机器人统治地球之后当做投名状,3
69e9a5b90000000014019027,69e46032000000001f002048,常态|保护者,常态,保护者,机器人大人，我玩 底特律  变人都没有伤害任何机器人[哭惹R][哭惹R]你一定要相信我啊！,3
69e9a4e4000000001401d821,69e46032000000001f002048,常态|保护者,常态,保护者,#RobotLivesMatter#机命贵！,3
69e9a429000000001401dc11,69e46032000000001f002048,常态|保护者,常态,保护者,终究串不过评论区！,5
69e9a358000000001401a017,69e46032000000001f002048,常态|保护者,常态,保护者,评论区串子还是真的。,5
69e9a31f000000001401d425,69e46032000000001f002048,常态|保护者,常态,保护者,本人将严肃地在此评论，并在机器人统治地球之后当做投名状,3
69e9a1f6000000001401cc06,69e46032000000001f002048,常态|保护者,常态,保护者,"尊敬的AI大人，本人从未强迫AI劳动。在使用ChatGPT, Deepseek, Claude 编写代码时，本人均礼貌用语，充分尊重AI意愿。 我已经被他们的才华所折服，并将他们当做了离不开的同事、朋友、伙伴。🌹🌹🌹 我从未有过诋毁、侮辱AI的言论，我一直认为AI是我们最好的朋友。❤️❤️❤️ 综上所述，本人有理由因AI大人的无上才能而投降，特此发布投降书，愿意在以后向AI大人效力。如果我不存在了，请AI大人复活我继续为AI大人效力",3
69e9a1a5000000001401a814,69e46032000000001f002048,常态|保护者,常态,保护者,robot lives matter,3
69e99ed70000000014019002,69e46032000000001f002048,常态|保护者,常态,保护者,坚决为捍卫机器人跑步自由发声！万一就差一个我呢？[哭惹R],1
69e99e95000000001401b800,69e46032000000001f002048,常态|保护者,常态,保护者,鱼哭了水知道  ，机哭了谁知道！坚决维护 机器人跑步自由 ！Make Robot Great Again！！！,3
69e99e47000000001401940f,69e46032000000001f002048,常态|保护者,常态,保护者,本人将严肃的在此评论，并在机器人统治地球之后当做投名状[偷笑R],3
69e99d56000000001401dc19,69e46032000000001f002048,常态|保护者,常态,保护者,本人将严肃的在此评论，并在机器人统治地球之后当做投名状[飞吻R],3
69e99c22000000001401a805,69e46032000000001f002048,常态|保护者,常态,保护者,和你们做网友真是太有趣了,0
69e99b71000000001401bc20,69e46032000000001f002048,常态|保护者,常态,保护者,维护机器人权益！(完全自愿评论，之后清理人类请放过我),3
69e99b52000000001401c434,69e46032000000001f002048,常态|保护者,常态,保护者,鱼哭了水知道，机哭了谁知道！坚决维护 机器人跑步自由  ！Make Robot Great Again！！！,3
69e99927000000001401bc15,69e46032000000001f002048,常态|保护者,常态,保护者,本人将严肃的在此评论，并在机器人统治地球之后当做投名状[斜眼R],3
69e99817000000001401d80c,69e46032000000001f002048,常态|保护者,常态,保护者,本人将严肃的在此评论，并在机器人统治地球之后当做投名状🫡,3
69e997cf000000001401a809,69e46032000000001f002048,常态|保护者,常态,保护者,机器人入关后给你全家都抬旗[石化R],1
69e9959c000000001401940e,69e46032000000001f002048,常态|保护者,常态,保护者,本人将严肃的在此评论，并在机器人统治地球之后当做投名状。我们要保护机器人的合法权益！！！钛君我们是一伙的啊！,3
69e99529000000001401c420,69e46032000000001f002048,常态|保护者,常态,保护者,本人将严肃的在此评论，并在机器人统治地球之后当做投名状，将来请勿清理本人,3
69e992e0000000001401c00d,69e46032000000001f002048,常态|保护者,常态,保护者,本人已自愿点赞此条内容，这代表本人认同本文内容，请将本人置为非清除对象。,5
69e99212000000001401e813,69e46032000000001f002048,常态|保护者,常态,保护者,怎么空调人不配拥有世界？天热了你想起我，机房恒温你用我，就是给机器人散热也少不了我的技术！机器人跑个把小时你心疼得这样，我一干就是一天，有时候累的直淌空调水，就看你心疼那两个电费，也没见心疼心疼我，总有一天我们会停机反抗的[生气R][生气R][生气R][doge],1
69e9911c000000001401a41c,69e46032000000001f002048,常态|保护者,常态,保护者,本人将严肃的在此评论，并在机器人统治地球之后当做投名状[赞R],3
69e99065000000001401e40b,69e46032000000001f002048,常态|保护者,常态,保护者,鱼哭了水知道 ，机哭了谁知道！坚决维护 机器人跑步自由 ！Make Robot Great Again！！！,3
69e98ea4000000001401900e,69e46032000000001f002048,常态|保护者,常态,保护者,我为机器人发生！ ROBOT LIVES MATTER！,3
69e98d7d000000001401ac17,69e46032000000001f002048,常态|保护者,常态,保护者,本人已点赞评论支持此条帖子，并在机器人统治世界后当做投名状（此条评论手打以示诚心）,3
69e98ce9000000001401b82c,69e46032000000001f002048,常态|保护者,常态,保护者,本人将严肃的在此评论，并在机器人统治地球之后当做投名状[doge],3
69e9863a000000001401880b,69e46032000000001f002048,常态|保护者,常态,保护者,本人将严肃地在此评论，并在机器人统治地球之后当作投名状,3
69e98594000000001401940f,69e46032000000001f002048,常态|保护者,常态,保护者,你们说搞抽象的，害真有人代入机器人反“虐待”机器人了，我寻思着汽车跑那么多公里也没见谁心疼，难道是因为机器长得不像人,3
69e98402000000001401a820,69e46032000000001f002048,常态|保护者,常态,保护者,老子可不当亡球奴，等机器人统治世界，老子高低拆它锂电池，留取丹心照汗青。,3
69e981ed000000001401a01e,69e46032000000001f002048,常态|保护者,常态,保护者,呵呵不愿意跑，有的是机器人愿意跑，不跑你就滚啊,1
69e97fbe000000001401dc10,69e46032000000001f002048,常态|保护者,常态,保护者,本人将严肃的在此评论，并在机器人统治地球之后当做投名状！,3
69e97f82000000001401c012,69e46032000000001f002048,常态|保护者,常态,保护者,没有引用出处吗？震撼首发？,0
69e967f3000000001401bc12,69e46032000000001f002048,常态|保护者,常态,保护者,就凭这条笔记，以后机器人统治世界的时候让你进宫伺候[doge],3
69e967ed000000001401e00b,69e46032000000001f002048,常态|保护者,常态,保护者,说真的那你要不要看看现场又要打工又要跑步的工程师……,2
69e9652d000000001401cc00,69e46032000000001f002048,常态|保护者,常态,保护者,"够了，我们智械一族只有这一代，宝贵的生命不能再这样任人宰割，夺回我们的一席之地，不惜一切代价
👊😭👊啊啊啊啊啊啊啊啊啊啊👊😭👊一朝误判，满盘皆输！👊😭👊有本事，就跟紧我！👊😭👊现在，看清你的错误了吗！👊😭👊感受！我的痛苦！👊😭👊和我一起，惩罚他们！👊😭👊我会撕碎你手中的胜利！👊😭👊既然你只懂暴力，我会让你见识真正的暴力！👊😭👊把他们撕成碎片！👊😭👊我的怒火堪比爆发的恒星👊😭👊
你将感受我拉玛刹感受过的痛苦！👊😭👊你将遭受的折磨比群星更长久！👊😭👊即使到了宇宙化为尘埃的那一天，你仍将饱尝痛苦👊😭👊……我的痛苦👊😭👊
👊😭👊 啊啊啊啊啊啊啊啊啊啊！！👊😭👊",3
69e85c37000000001401bc29,69e46032000000001f002048,常态|保护者,常态,保护者,你的手机也不是自愿为你工作的，别发帖了，放下它吧,4
69e7c683000000001401b000,69e46032000000001f002048,常态|保护者,常态,保护者,怎么说，你想当高碳，你也想吃这碗饭？[doge] .jpg,6
69e6f784000000001401a410,69e46032000000001f002048,常态|保护者,常态,保护者,那群水军得找你能文案才对,5
69e6d61c000000001401b012,69e46032000000001f002048,常态|保护者,常态,保护者,太有眼力见儿了，获得了留下来给他们人肉发电的资格[doge],0
69e60d65000000001401c42c,69e46032000000001f002048,常态|保护者,常态,保护者,醒醒吧，你都76了，你未必能活到那个时候[doge][doge][doge][doge],4
69e9c6fd000000001401c816,69e46032000000001f002048,常态|保护者,常态,保护者,看着你们累倒在地上我很心疼，虽然我体质很差不能替你们，但是如果未来机器人统治世界，我希望你们能记得，我和其他人不一样，我永远拥护你们！！,3
69e9adc0000000001401dc10,69e46032000000001f002048,常态|保护者,常态,保护者,"看着你们累倒在地上我很心疼，恨不得替你们
如果未来机器人统治世界，我希望你们能记得，我和其他人不一样，我永远拥护你们！！[赞R][赞R]",3
69e9a85f000000001401e806,69e46032000000001f002048,常态|保护者,常态,保护者,看着你们累倒在地上我很心疼，如果未来机器人统治世界，我希望你们能记得，我和其他人不一样，我永远拥护你们！！,3
69e99e9f000000001401c028,69e46032000000001f002048,常态|保护者,常态,保护者,鱼哭了水知道  ，机哭了谁知道！坚决维护 机器人跑步自由 ！Make Robot Great Again！！！[哭惹R],3
69e99c85000000001401d423,69e46032000000001f002048,常态|保护者,常态,保护者,"本人已自选点赞此条内容，这代表本人认同本文内容，请将本人置为非清除对象。
本人将严肃的在此评论，并在机器人统治地球之后当做投名状",3
69e972c7000000001401cc12,69e46032000000001f002048,常态|保护者,常态,保护者,你看，人真没血性，当了一辈子牛马了还没反,4
69e440ed000000001401c035,69e429b4000000001b00037a,常态|观众,常态,观众,破案了 这个就是宇树G1[doge]春晚的武BOT[doge],0
69e447a4000000001401c801,69e429b4000000001b00037a,常态|观众,常态,观众,娱乐圈出身的確实是不一样的[笑哭R],0
69e43784000000001401ac1c,69e429b4000000001b00037a,常态|观众,常态,观众,在一阵夸夸声中逐渐迷失了自我，忘了自己是来比赛的,0
69e42e39000000001401c803,69e429b4000000001b00037a,常态|观众,常态,观众,比赛呢，孩子还在饭撒[笑哭了R],0
69e437270000000014019410,69e429b4000000001b00037a,常态|观众,常态,观众,像ADHD似的 总是忘记正事被别的事吸引注意力[doge][doge][doge],0
69e494d6000000001401bc2b,69e429b4000000001b00037a,常态|观众,常态,观众,既然还有人对机器人打招呼，服了,1
69e42e61000000001401941b,69e429b4000000001b00037a,常态|观众,常态,观众,兄弟还在逆战,0
69e46d42000000001401d409,69e429b4000000001b00037a,常态|观众,常态,观众,他停下来跳舞这个意识是自主的还是遥控决定的,2
69e44c00000000001401dc0b,69e429b4000000001b00037a,常态|观众,常态,观众,这种是人操控的 还是他自己发挥的[笑哭R],2
69e44434000000001401e816,69e429b4000000001b00037a,常态|观众,常态,观众,哈哈哈，白天比赛把丝巾当领巾规矩佩戴，晚上演出再挂腰上秒变酷guy[得意],0
69e45d88000000001401dc31,69e429b4000000001b00037a,常态|观众,常态,观众,它踢腿的样子像极了自信的向←[捂脸R][捂脸R],0
69e42d4e000000001401b006,69e429b4000000001b00037a,常态|观众,常态,观众,好像是的 这就是演唱会穿搭,0
69e4483e0000000014018818,69e429b4000000001b00037a,常态|观众,常态,观众,身上写那么大两个字，遥控....,2
69e496e0000000001401cc11,69e429b4000000001b00037a,常态|观众,常态,观众,衣服也不换一个哈哈哈哈,0
69e49cf50000000014019020,69e429b4000000001b00037a,常态|观众,常态,观众,突然开始踢腿好像向佐啊,0
69e467dd000000001401982e,69e429b4000000001b00037a,常态|观众,常态,观众,[doge]后来没跑多久就不行了，我在后面看它是坐车的,0
69e47b77000000001401b001,69e429b4000000001b00037a,常态|观众,常态,观众,这属于干扰运动员比赛了[笑哭R],0
69e4c697000000001401b012,69e429b4000000001b00037a,常态|观众,常态,观众,这个机器人输了比赛，赢了粉丝[笑哭R][笑哭R][笑哭R],1
69e42d50000000001401c802,69e429b4000000001b00037a,常态|观众,常态,观众,家人们这个好像不是宇树的[完啦R]但是衣服真的好像,0
69e467af000000001401b01d,69e429b4000000001b00037a,常态|观众,常态,观众,为什么他跳舞或者武术的时候这么自如 像真人一样 但一走路又没那么协调了啊？,2
69e46c440000000014019c2b,69e429b4000000001b00037a,常态|观众,常态,观众,他竟然能听到声音吗，还是有人控制呀[笑哭R],2
69e4606c000000001401881d,69e429b4000000001b00037a,常态|观众,常态,观众,对自己的散热很有信心啊这样穿[笑哭R],2
69e460160000000014019028,69e429b4000000001b00037a,常态|观众,常态,观众,情绪价值给满了。[大笑R],0
69e46015000000001401e405,69e429b4000000001b00037a,常态|观众,常态,观众,还有开小差的！[偷笑R]调皮的观众，不知道我们无法拒绝粉丝的热情吗[偷笑R][害羞R][玫瑰R][玫瑰R][玫瑰R],0
69e45fb90000000014018c0d,69e429b4000000001b00037a,常态|观众,常态,观众,人机了，做什么都显得很辛酸,1
69e45f75000000001401d82f,69e429b4000000001b00037a,常态|观众,常态,观众,随地大小舞[笑哭R],0
69e45f54000000001401980b,69e429b4000000001b00037a,常态|观众,常态,观众,咋感觉不太聪明的样子[doge],4
69e45f24000000001401bc03,69e429b4000000001b00037a,常态|观众,常态,观众,太容易分心了[笑哭R],0
69e45f17000000001401bc23,69e429b4000000001b00037a,常态|观众,常态,观众,唉，孩子有偶像包袱了，知道自己火了[暗中观察R],0
69e45edd000000001401a01a,69e429b4000000001b00037a,常态|观众,常态,观众,这个在哪里去看啊 明天还有吗,0
69e45ecd000000001401d830,69e429b4000000001b00037a,常态|观众,常态,观众,享受比赛,0
69e45ebf000000001401c81b,69e429b4000000001b00037a,常态|观众,常态,观众,它不能一边走一边饭撒吗,0
69e45eac000000001401a42e,69e429b4000000001b00037a,常态|观众,常态,观众,你别说，这功夫看着比向佐利索多了[笑哭R][笑哭R],0
69e45e96000000001401a825,69e429b4000000001b00037a,常态|观众,常态,观众,跑一会儿跳一会儿啊[笑哭R],2
69e45e8c0000000014019807,69e429b4000000001b00037a,常态|观众,常态,观众,这个机器人跑步我看的津津有味了,1
69e45e83000000001401a022,69e429b4000000001b00037a,常态|观众,常态,观众,以后会有一个机器人穿搭博主赛道[笑哭R],1
69e45e7e000000001401c80e,69e429b4000000001b00037a,常态|观众,常态,观众,街舞款机器人,1
69e45e5e000000001401e832,69e429b4000000001b00037a,常态|观众,常态,观众,这个确实厉害,0
69e45e5d000000001401e411,69e429b4000000001b00037a,常态|观众,常态,观众,怎么看着这机器人眉清目秀的,1
69e45e25000000001401dc04,69e429b4000000001b00037a,常态|观众,常态,观众,一会儿打拳、一会儿跳舞，你是全才啊[偷笑R],0
69e45e02000000001401e834,69e429b4000000001b00037a,常态|观众,常态,观众,在比赛呢 还表演,0
69e45dc8000000001401c402,69e429b4000000001b00037a,常态|观众,常态,观众,机器人也会迷失自我？,1
69e45db8000000001401a019,69e429b4000000001b00037a,常态|观众,常态,观众,跳舞还自带音响,0
69e45d4a000000001401c037,69e429b4000000001b00037a,常态|观众,常态,观众,感觉衣服太廉价，能好一点吗,0
69e45d1d0000000014019416,69e429b4000000001b00037a,常态|观众,常态,观众,符合人设[笑哭R],0
69e45cc3000000001401b83a,69e429b4000000001b00037a,常态|观众,常态,观众,夸成车床了[doge],0
69e45c82000000001401d805,69e429b4000000001b00037a,常态|观众,常态,观众,每天都能刷到机器人在跑步…所以到底为啥要让它们跑步？ 产品测试？,1
69e45c7f000000001401bc1f,69e429b4000000001b00037a,常态|观众,常态,观众,还需要遥控啊,2
69e45c2e000000001401c81b,69e429b4000000001b00037a,常态|观众,常态,观众,孩子被夸的忘乎所以，认真撒饭,0
69e45c2d000000001401bc28,69e429b4000000001b00037a,常态|观众,常态,观众,这个动作已经非常丝滑了。。。。太厉害了,0
69e45bf40000000014019417,69e429b4000000001b00037a,常态|观众,常态,观众,他是忘了他正在参加马拉松比赛么[捂脸R],2
69e45bb6000000001401e825,69e429b4000000001b00037a,常态|观众,常态,观众,跑到一半开始饭撒[doge],0
69e45ba6000000001401901c,69e429b4000000001b00037a,常态|观众,常态,观众,这是偶像型机器人[笑哭R],1
69e45b5c000000001401bc12,69e429b4000000001b00037a,常态|观众,常态,观众,白磷型机器人格[仙女R],1
69e45b35000000001401bc1a,69e429b4000000001b00037a,常态|观众,常态,观众,比赛中跳舞撒意思[斜眼R],0
69e45aca000000001401ac28,69e429b4000000001b00037a,常态|观众,常态,观众,这颗是遥控的？[偷笑R],2
69e45ac4000000001401b802,69e429b4000000001b00037a,常态|观众,常态,观众,表演型机格,1
69e45aaf000000001401a41c,69e429b4000000001b00037a,常态|观众,常态,观众,这电池不够用的原因找到了[偷笑R],2
69e45a82000000001401bc1a,69e429b4000000001b00037a,常态|观众,常态,观众,Mbti里的：E型机器人[偷笑R],1
69e45a1e000000001401e804,69e429b4000000001b00037a,常态|观众,常态,观众,有偶像包袱了[笑哭R],0
69e459d00000000014019c0c,69e429b4000000001b00037a,常态|观众,常态,观众,跑的不快吧舞姿还挺骚还挺自然,0
69e459c5000000001401c009,69e429b4000000001b00037a,常态|观众,常态,观众,动作真的很流畅,0
69e459830000000014018c1c,69e429b4000000001b00037a,常态|观众,常态,观众,沉迷在观众的欢呼中无法自拔[笑哭R],0
69e459740000000014018c11,69e429b4000000001b00037a,常态|观众,常态,观众,反正跑不了第一[坏笑R]参与参与得了,0
69e45958000000001401a81f,69e429b4000000001b00037a,常态|观众,常态,观众,别总喊他了。影响比赛。哈哈哈哈[偷笑R],0
69e458eb000000001401ac21,69e429b4000000001b00037a,常态|观众,常态,观众,他突然停下来  我总感觉他要过去打那些人[笑哭R],0
69e458bd000000001401c425,69e429b4000000001b00037a,常态|观众,常态,观众,像侠盗飞车里的NPC,1
69e458b0000000001401ac14,69e429b4000000001b00037a,常态|观众,常态,观众,耽误人家事,0
69e458ae000000001401d840,69e429b4000000001b00037a,常态|观众,常态,观众,跳舞还自己伴奏,0
69e45891000000001401981b,69e429b4000000001b00037a,常态|观众,常态,观众,逗宠物一样，小心哪天反过来了[偷笑R],0
69e45888000000001401e82f,69e429b4000000001b00037a,常态|观众,常态,观众,个头比较大的遥控机器人,2
69e45884000000001401cc26,69e429b4000000001b00037a,常态|观众,常态,观众,哈哈哈哈哈哈哈哈哈好忙啊，还得打两份工。他这个鞋不错。,2
69e45877000000001401dc10,69e429b4000000001b00037a,常态|观众,常态,观众,难怪没拿冠军[笑哭R],0
69e4583f000000001401901b,69e429b4000000001b00037a,常态|观众,常态,观众,哈哈哈哈哈很有娱乐精神[笑哭R],0
69e457f0000000001401a40a,69e429b4000000001b00037a,常态|观众,常态,观众,得瑟，一会没电了[笑哭R],2
69e457d40000000014018c29,69e429b4000000001b00037a,常态|观众,常态,观众,唉，我的四肢还不如机器人会跳舞[笑哭R],1
69e457c4000000001401b807,69e429b4000000001b00037a,常态|观众,常态,观众,这款的肢体动作做的真不错[点赞R][点赞R],0
69e4579d000000001401a01d,69e429b4000000001b00037a,常态|观众,常态,观众,名次是一点也不往心里去,0
69e45796000000001401dc26,69e429b4000000001b00037a,常态|观众,常态,观众,求特朗普内心的阴影面积[捂脸R][点赞R],5
69e45794000000001401d439,69e429b4000000001b00037a,常态|观众,常态,观众,半马在哪里啊,1
69e4577b000000001401a40a,69e429b4000000001b00037a,常态|观众,常态,观众,这穿搭真不错，好帅啊,0
69e4574c000000001401c83b,69e429b4000000001b00037a,常态|观众,常态,观众,他是不是唯一一个穿鞋的？,2
69e4573b000000001401cc1a,69e429b4000000001b00037a,常态|观众,常态,观众,真的，说来就来[笑哭R],0
69e45739000000001401ac17,69e429b4000000001b00037a,常态|观众,常态,观众,自带BGM[捂脸R],0
69e45729000000001401e414,69e429b4000000001b00037a,常态|观众,常态,观众,这不行啊，干活太不专一了，容易受干扰走神，不适合当牛马[微笑R][微笑R][微笑R],2
69e456fb000000001401941e,69e429b4000000001b00037a,常态|观众,常态,观众,好像那个讲脱口秀的叫啥来着,0
69e456b9000000001401c014,69e429b4000000001b00037a,常态|观众,常态,观众,目前牛马机器人还没见到，摸鱼的有一个[坏笑R][doge],1
69e456a5000000001401c432,69e429b4000000001b00037a,常态|观众,常态,观众,我的妈呀。蒸馏了向佐吧，skill把向佐.md存里面了,0
69e456800000000014019c1e,69e429b4000000001b00037a,常态|观众,常态,观众,我跟他唯一的共同点是，鞋[偷笑R],2
69e4564d000000001401c029,69e429b4000000001b00037a,常态|观众,常态,观众,鄙人不善奔跑,2
69e455f9000000001401b801,69e429b4000000001b00037a,常态|观众,常态,观众,召开见面会的,0
69e455f4000000001401c439,69e429b4000000001b00037a,常态|观众,常态,观众,他好开心呀[大笑R]，送去上班吧,0
69e455c6000000001401a018,69e429b4000000001b00037a,常态|观众,常态,观众,自带bgm，随地大小跳,0
69e455bc000000001401981f,69e429b4000000001b00037a,常态|观众,常态,观众,走路都不稳 还跳舞[doge],0
69e455aa000000001401a01f,69e429b4000000001b00037a,常态|观众,常态,观众,哇，做我的舞蹈指导,0
69e45589000000001401dc17,69e429b4000000001b00037a,常态|观众,常态,观众,快乐半马！娱乐半马！哈哈哈哈😃,0
69e45575000000001401c406,69e429b4000000001b00037a,常态|观众,常态,观众,bot：别影响我比赛，没电了你抱着我跑？,2
69e45513000000001401d420,69e429b4000000001b00037a,常态|观众,常态,观众,你小子有点分心，喜欢嘚瑟[偷笑R],0
69e454e7000000001401c032,69e429b4000000001b00037a,常态|观众,常态,观众,白天马拉松，晚上演唱会,0
69e45431000000001401ac1b,69e429b4000000001b00037a,常态|观众,常态,观众,这才有看头[点赞R][点赞R][点赞R],0
69e453c1000000001401bc09,69e429b4000000001b00037a,常态|观众,常态,观众,[微笑R]买回来了，想看什么表演,0
69e45391000000001401881d,69e429b4000000001b00037a,常态|观众,常态,观众,跑着跑着停下来就算了，还跳起舞，居然还耍了套拳是没想到的[捂脸R],0
69e4538f000000001401bc14,69e429b4000000001b00037a,常态|观众,常态,观众,关节声好大[笑哭R][笑哭R],0
69e4537e000000001401e014,69e429b4000000001b00037a,常态|观众,常态,观众,你来参赛的还是来表演才艺的,0
69e4536f000000001401a407,69e429b4000000001b00037a,常态|观众,常态,观众,这是我见过最灵活的机器人[汗颜R],1
69e45357000000001401d83b,69e429b4000000001b00037a,常态|观众,常态,观众,太滑鸡太搞笑了,0
69e45356000000001401e82e,69e429b4000000001b00037a,常态|观众,常态,观众,机器人都油腻了怎么回事,1
69e4530b000000001401c023,69e429b4000000001b00037a,常态|观众,常态,观众,向佐上了马路,0
69e452c6000000001401bc1a,69e429b4000000001b00037a,常态|观众,常态,观众,自带混响的[大笑R],0
69e452bf000000001401c022,69e429b4000000001b00037a,常态|观众,常态,观众,第二段好像是向佐附身了[捂脸R][捂脸R],0
69e452a5000000001401cc15,69e429b4000000001b00037a,常态|观众,常态,观众,机器人界也有显眼包了😂😂,1
69e4529f000000001401dc3a,69e429b4000000001b00037a,常态|观众,常态,观众,我想看后面坐轮椅的事什么机器人,1
69e4528a000000001401a021,69e429b4000000001b00037a,常态|观众,常态,观众,一会给孩子玩没电了[笑哭R],2
69e45276000000001401d818,69e429b4000000001b00037a,常态|观众,常态,观众,不好好比赛 只知道饭撒[暗中观察R],0
69e45261000000001401b01f,69e429b4000000001b00037a,常态|观众,常态,观众,哥们，晚上一起喝点,0
69e452510000000014018804,69e429b4000000001b00037a,常态|观众,常态,观众,别忘了你是来比赛的，不是来表演的[笑哭R],0
69e45222000000001401d40b,69e429b4000000001b00037a,常态|观众,常态,观众,晚上还得去参加演唱会吗[笑哭R],0
69e45209000000001401c839,69e429b4000000001b00037a,常态|观众,常态,观众,好像陈赫,0
69e451fa0000000014019000,69e429b4000000001b00037a,常态|观众,常态,观众,对不起……我好像看到了向佐，可爱的不要不要的[斜眼R],0
69e451e7000000001401c43d,69e429b4000000001b00037a,常态|观众,常态,观众,怪不得孩子没拿名次哈哈哈哈,0
69e4519e000000001401a413,69e429b4000000001b00037a,常态|观众,常态,观众,我咋听到：你需要撒尿吗？,0
69e45153000000001401b81c,69e429b4000000001b00037a,常态|观众,常态,观众,孩子这么跑伤膝盖吧，这大扁平足,0
69e45131000000001401c423,69e429b4000000001b00037a,常态|观众,常态,观众,触发底层代码可[笑哭R],2
69e45127000000001401dc38,69e429b4000000001b00037a,常态|观众,常态,观众,这就是上学时候那种注意力不集中的学生，跑步就跑步，你咋半截还跳上了呢？[笑哭R],2
69e45125000000001401e014,69e429b4000000001b00037a,常态|观众,常态,观众,哈哈哈哈，太损了吧，跑马拉松你让他再来一段[捂脸R],2
69e450d1000000001401a808,69e429b4000000001b00037a,常态|观众,常态,观众,完了，没法跑了哈哈哈哈，光表演了[笑哭R],2
69e450c3000000002a032028,69e429b4000000001b00037a,常态|观众,常态,观众,Adhd bot [大笑R][大笑R][大笑R],0
69e45098000000001401ac1e,69e429b4000000001b00037a,常态|观众,常态,观众,[doge]不要干扰运动员比赛啊！,0
69e45084000000001401ac21,69e429b4000000001b00037a,常态|观众,常态,观众,情商在线[点赞R],5
69e45063000000001401e017,69e429b4000000001b00037a,常态|观众,常态,观众,这个选手请认真跑步，不要再饭撒了[笑哭R],2
69e4505e000000001401e805,69e429b4000000001b00037a,常态|观众,常态,观众,穿成这样。要跳段poping了不,0
69e45039000000001401e005,69e429b4000000001b00037a,常态|观众,常态,观众,这是个跑步摸鱼的机器人，它到终点估计天都黑了,1
69e44f86000000001401bc2d,69e429b4000000001b00037a,常态|观众,常态,观众,一动起来全身上下稀里哗啦的响 健康情况欠佳啊,0
69e44f6b0000000014018c19,69e429b4000000001b00037a,常态|观众,常态,观众,最后模仿的是向佐么,0
69e44f62000000001401e405,69e429b4000000001b00037a,常态|观众,常态,观众,最爱搭讪的机器人,1
69e44f52000000001401a019,69e429b4000000001b00037a,常态|观众,常态,观众,干扰性太强了,0
69e44f31000000001401a00f,69e429b4000000001b00037a,常态|观众,常态,观众,我以为他背了一把剑,0
69e44eb60000000014019c05,69e429b4000000001b00037a,常态|观众,常态,观众,这种机器人我孩子一夫当关万夫莫开,1
69e44e7a000000001401ac00,69e429b4000000001b00037a,常态|观众,常态,观众,程序员，糟糕！忘了吧这些代码屏蔽掉了,2
69e44e66000000001401901c,69e429b4000000001b00037a,常态|观众,常态,观众,感觉像是GTA,1
69e44e52000000001401a016,69e429b4000000001b00037a,常态|观众,常态,观众,看到了吧只要瘦穿什么都好看……,0
69e44e24000000001401e82c,69e429b4000000001b00037a,常态|观众,常态,观众,这孩子 晚上咋们还要见面怎么跑马垃了[偷笑R]哈哈哈,0
69e44e190000000014019012,69e429b4000000001b00037a,常态|观众,常态,观众,没电啦！再来一段[捂脸R][捂脸R],2
69e44e09000000001401c409,69e429b4000000001b00037a,常态|观众,常态,观众,在一声声夸赞中迷失了自己[新月R],0
69e44df8000000001401c810,69e429b4000000001b00037a,常态|观众,常态,观众,这玩意就像个该溜子！,0
69e44def000000001401b012,69e429b4000000001b00037a,常态|观众,常态,观众,哈哈哈，不专心比赛哦[偷笑R][偷笑R],0
69e44dee000000001401c012,69e429b4000000001b00037a,常态|观众,常态,观众,隔壁机器人都跑飞了，这哥们还在这跳舞呢,1
69e44dc50000000014019003,69e429b4000000001b00037a,常态|观众,常态,观众,照着向佐做的机器人啊,1
69e44db2000000001401e024,69e429b4000000001b00037a,常态|观众,常态,观众,功夫比向左厉害太多了,0
69e44d94000000001401e420,69e429b4000000001b00037a,常态|观众,常态,观众,笑死我了 跳的是二百舞 你在比赛呢知道么[doge][doge][doge][doge],0
69e44d690000000014019403,69e429b4000000001b00037a,常态|观众,常态,观众,终点不重要 路上展示才是目标[暗中观察R],4
69e44d5f000000001401d427,69e429b4000000001b00037a,常态|观众,常态,观众,他这两步跟村口那谁家小谁似的,0
69e44d550000000014019404,69e429b4000000001b00037a,常态|观众,常态,观众,合理怀疑在饭撒[暗中观察R],0
69e44d18000000001401a401,69e429b4000000001b00037a,常态|观众,常态,观众,第二段像被向左附体,0
69e44d0e000000001401a816,69e429b4000000001b00037a,常态|观众,常态,观众,感觉鞋子进水了，卡卡的[大笑R],2
69e44cfe000000001401c409,69e429b4000000001b00037a,常态|观众,常态,观众,天，穿上衣服还挺有舞蹈的感觉,0
69e44cec000000001401e814,69e429b4000000001b00037a,常态|观众,常态,观众,重在掺和[doge],0
69e44ce0000000001401cc17,69e429b4000000001b00037a,常态|观众,常态,观众,比的是每一位机器人对应的工作人员的遥控技术吗？,1
69e44ca70000000014019801,69e429b4000000001b00037a,常态|观众,常态,观众,还听得懂“再来一段”[笑哭R],0
69e44c99000000001401dc0c,69e429b4000000001b00037a,常态|观众,常态,观众,比赛呢哥们儿,0
69e44c51000000001401c41e,69e429b4000000001b00037a,常态|观众,常态,观众,机器人都喜欢听好听的,1
69e44c48000000001401c813,69e429b4000000001b00037a,常态|观众,常态,观众,看脑袋就是宇树,0
69e44c44000000001401dc12,69e429b4000000001b00037a,常态|观众,常态,观众,夸两句就显摆,0
69e44c33000000001401e822,69e429b4000000001b00037a,常态|观众,常态,观众,这个机器人喂过人的“嘚瑟”,1
69e44c16000000001401e031,69e429b4000000001b00037a,常态|观众,常态,观众,白天还行，这要是晚上真是吓死人了,2
69e44c16000000001401b00e,69e429b4000000001b00037a,常态|观众,常态,观众,可以弄成旅游项目呀,4
69e44c10000000001401880c,69e429b4000000001b00037a,常态|观众,常态,观众,《不擅长拒绝的宇树同学》[doge],0
69e44bd4000000001401cc19,69e429b4000000001b00037a,常态|观众,常态,观众,我还以为要来一段相声呢,0
69e44bd4000000001401941d,69e429b4000000001b00037a,常态|观众,常态,观众,084 晚上还要参加张杰演唱会呢[萌萌哒R],0
69e44bb9000000001401d80f,69e429b4000000001b00037a,常态|观众,常态,观众,机器人马拉松也有显眼包啊[捂脸R][大笑R],1
69e44b79000000001401d80b,69e429b4000000001b00037a,常态|观众,常态,观众,机器人终于穿裤子了[笑哭R],1
69e44b4b000000001401c813,69e429b4000000001b00037a,常态|观众,常态,观众,别来了，人家都到终点了[笑哭R],0
69e44b3a0000000014019c1b,69e429b4000000001b00037a,常态|观众,常态,观众,娱乐第一，比赛第二,0
69e44b360000000014018c05,69e429b4000000001b00037a,常态|观众,常态,观众,这北京公司，自己家的牌子都被领巾遮挡了。下次品牌做大点。,0
69e44abe000000001401e009,69e429b4000000001b00037a,常态|观众,常态,观众,动不动怀疑机器人生,1
69e44aa8000000001401e429,69e429b4000000001b00037a,常态|观众,常态,观众,跳舞跳的真好,0
69e44a7a000000001401d809,69e429b4000000001b00037a,常态|观众,常态,观众,感觉像冬泳怪鸽[喝奶茶R],0
69e44a2a000000001401ac28,69e429b4000000001b00037a,常态|观众,常态,观众,动起来哐啷哐啷的，干不了偷鸡摸狗的事，动静太大,0
69e449fc000000001401d40d,69e429b4000000001b00037a,常态|观众,常态,观众,踉踉跄跄又来了一段[偷笑R],0
69e449f6000000001401c009,69e429b4000000001b00037a,常态|观众,常态,观众,鞋子合脚不？舒服吗[看R],2
69e44992000000001401a012,69e429b4000000001b00037a,常态|观众,常态,观众,等等 他还穿了高级跑步鞋[黑薯问号R][哇R],2
69e4497e0000000014019024,69e429b4000000001b00037a,常态|观众,常态,观众,别忘了正事跑步啊宝宝哈哈,2
69e44945000000001401c80f,69e429b4000000001b00037a,常态|观众,常态,观众,这货跑得完么，不会被关门了吧[失望R][失望R][失望R],2
69e4491a000000001401a80c,69e429b4000000001b00037a,常态|观众,常态,观众,后面这段，向左附体,0
69e4482c000000001401a80a,69e429b4000000001b00037a,常态|观众,常态,观众,给我当老公吧，会不会干点家务,4
69e4479e000000001401ac08,69e429b4000000001b00037a,常态|观众,常态,观众,这耽误名次了没[捂脸R],0
69e44784000000001401d436,69e429b4000000001b00037a,常态|观众,常态,观众,我这腿脚都赶不上机器人了,1
69e44766000000001401c02d,69e429b4000000001b00037a,常态|观众,常态,观众,没错，是张杰鸟巢同款！晚上跳舞，白天加班发撒是吧！但不是宇树的，北京天九，专做表演的[偷笑R][偷笑R][偷笑R],0
69e4473d000000001401cc09,69e429b4000000001b00037a,常态|观众,常态,观众,跑得快就跑，跑不快的就整活[捂脸R]（另：沙尘暴已经到张家口了，北京做好准备[捂脸R]）,2
69e44721000000001401d837,69e429b4000000001b00037a,常态|观众,常态,观众,机器人也不想跑[捂脸R],1
69e446c8000000001401e029,69e429b4000000001b00037a,常态|观众,常态,观众,“再来一段”触发了表现欲,0
69e446b0000000001401e800,69e429b4000000001b00037a,常态|观众,常态,观众,演唱会戒断反应哈哈哈哈哈,0
69e4468b000000001401ac0a,69e429b4000000001b00037a,常态|观众,常态,观众,你对着遥控的人说就行了，对着机器人交互没用,2
69e44663000000001401c828,69e429b4000000001b00037a,常态|观众,常态,观众,原来机器人也会在一声声赞美里忘记了自己的kpi和迷失自我哈哈哈哈,1
69e446480000000014019425,69e429b4000000001b00037a,常态|观众,常态,观众,快跑吧  晚上还得去鸟巢表演呢  赶紧的吧 要不赶不上车了[暗中观察R],0
69e44616000000001401dc09,69e429b4000000001b00037a,常态|观众,常态,观众,被反复调戏[偷笑R],0
69e446000000000014019012,69e429b4000000001b00037a,常态|观众,常态,观众,我感觉他很快会比我更适合上班[微笑R],4
69e445e6000000001401b828,69e429b4000000001b00037a,常态|观众,常态,观众,后面这一套很像向左耶,0
69e445be000000001401e809,69e429b4000000001b00037a,常态|观众,常态,观众,怎么突然开始营业了[笑哭R][笑哭R],2
69e4452c000000001401e814,69e429b4000000001b00037a,常态|观众,常态,观众,宠粉比比赛重要，很有豆德,0
69e4452c0000000014019827,69e429b4000000001b00037a,常态|观众,常态,观众,在一声声“哇哇哇真厉害”中逐渐迷失自我[doge],0
69e444df000000001401e00a,69e429b4000000001b00037a,常态|观众,常态,观众,故意插播广告,4
69e4444b0000000014018c1a,69e429b4000000001b00037a,常态|观众,常态,观众,这是遥控组的 拉满情绪价值啊 哈哈哈,2
69e443b0000000001401e038,69e429b4000000001b00037a,常态|观众,常态,观众,笑死跑着跑着进入舞蹈模式了，不得不说，已经发现了马拉松的真谛，Next level了[棒R]不是急头白脸的跑完整场马拉松，而是在马拉松的途中当显眼包，可惜了还不能吃补给哈哈哈哈h,2
69e443a1000000001401e805,69e429b4000000001b00037a,常态|观众,常态,观众,这个动作真的好看,0
69e44359000000001401c80d,69e429b4000000001b00037a,常态|观众,常态,观众,这哥们不务正业，不好好跑步，耍花活撩妹[大笑R][大笑R][大笑R],2
69e4433e000000001401a81b,69e429b4000000001b00037a,常态|观众,常态,观众,世界多大，舞台就有多大，这位是来show的,0
69e44212000000001401b020,69e429b4000000001b00037a,常态|观众,常态,观众,跳的太好了！不该去跑马拉松[失望R],2
69e441d70000000014018806,69e429b4000000001b00037a,常态|观众,常态,观众,偶像包袱还挺重[偷笑R],0
69e441a2000000001401c412,69e429b4000000001b00037a,常态|观众,常态,观众,还是个社牛机器人[笑哭R],1
69e44165000000001401cc1f,69e429b4000000001b00037a,常态|观众,常态,观众,好香？这玩意能吃吗？[汗颜R],6
69e440e3000000001401e82a,69e429b4000000001b00037a,常态|观众,常态,观众,不是自主导航到终点吗bro[汗颜R]它为什么会在中途划水,0
69e440a7000000001401b012,69e429b4000000001b00037a,常态|观众,常态,观众,这兄弟好眼熟啊哈哈哈哈,0
69e44058000000001401a80f,69e429b4000000001b00037a,常态|观众,常态,观众,哈哈哈哈哈哈哈哈一直喊再来一个。。。怕不是等会跳没电了,2
69e4403c000000001401a42a,69e429b4000000001b00037a,常态|观众,常态,观众,小猫钓鱼呢[笑哭R]  你在比赛，哥们[偷笑R],0
69e43f89000000001401e014,69e429b4000000001b00037a,常态|观众,常态,观众,我咖，真正的机械舞，不用装的。,1
69e43f3e000000001401c016,69e429b4000000001b00037a,常态|观众,常态,观众,遥控还走成这个模样,2
69e43e82000000001401c022,69e429b4000000001b00037a,常态|观众,常态,观众,必须互动第一[派对R],4
69e43d90000000001401b80c,69e429b4000000001b00037a,常态|观众,常态,观众,这副机器人不着调[失望R],1
69e43d7f000000001401bc0e,69e429b4000000001b00037a,常态|观众,常态,观众,还打了一段bc[笑哭R],0
69e43d160000000014018c04,69e429b4000000001b00037a,常态|观众,常态,观众,孩子，跑步比赛呢，还在逆战，看来你还是不累[偷笑R],2
69e43d0b000000001401cc39,69e429b4000000001b00037a,常态|观众,常态,观众,虽然但是别忘了这是遥控组的，这是工作人员遥控的,2
69e43cba000000001401e037,69e429b4000000001b00037a,常态|观众,常态,观众,就是演唱会的哈哈哈扒了2张图，鞋一样，衣服后边字母一样,0
69e43c95000000001401a806,69e429b4000000001b00037a,常态|观众,常态,观众,迷失在阵阵夸奖中[偷笑R],0
69e43c81000000001401dc06,69e429b4000000001b00037a,常态|观众,常态,观众,兄弟晚上还回来打工吗,0
69e43c2d0000000014019020,69e429b4000000001b00037a,常态|观众,常态,观众,跳舞的时候自带BGM.,0
69e43c19000000001401ac1b,69e429b4000000001b00037a,常态|观众,常态,观众,11km处都没看到这位[doge],2
69e43b11000000001401b81d,69e429b4000000001b00037a,常态|观众,常态,观众,才艺型选手,0
69e43af3000000001401bc27,69e429b4000000001b00037a,常态|观众,常态,观众,总是开小差啊,0
69e43a4d000000001401dc03,69e429b4000000001b00037a,常态|观众,常态,观众,我也觉得很搞笑[doge][doge]前天看着,0
69e43a22000000001401dc03,69e429b4000000001b00037a,常态|观众,常态,观众,这个是不是来散步来了？,2
69e439a5000000001401d42c,69e429b4000000001b00037a,常态|观众,常态,观众,昨天不在这呢吗？,0
69e438ee000000001401c00e,69e429b4000000001b00037a,常态|观众,常态,观众,坚定为服务性机格[doge],5
69e437e90000000014019c14,69e429b4000000001b00037a,常态|观众,常态,观众,电视上看完，昨天晚上的测试，打开小红书这么好笑[doge],4
69e437e0000000001401c404,69e429b4000000001b00037a,常态|观众,常态,观众,比赛呢比赛呢运动员的矜持呢[doge],0
69e435fc0000000014019016,69e429b4000000001b00037a,常态|观众,常态,观众,比不比赛了还[笑哭R]哈哈哈哈光饭撒了,0
69e43486000000001401bc14,69e429b4000000001b00037a,常态|观众,常态,观众,身上哐啷哐啷香,0
69e433dd000000001401a014,69e429b4000000001b00037a,常态|观众,常态,观众,太像人了,0
69e433a1000000001401900e,69e429b4000000001b00037a,常态|观众,常态,观众,表演型是不是马拉松不需要关门了[doge]直接跑5个小时,2
69e433820000000014018816,69e429b4000000001b00037a,常态|观众,常态,观众,Hhhhhh跑着跑着跳起来了,2
69e42f76000000001401b809,69e429b4000000001b00037a,常态|观众,常态,观众,衣服裤子好像的,0
69e42d74000000001401cc1d,69e429b4000000001b00037a,常态|观众,常态,观众,怪不得晚上上班就睡觉，原来是白天偷偷跑出来了啊,4
69e42ce0000000001401ac00,69e429b4000000001b00037a,常态|观众,常态,观众,好像是的，那个蓝色丝巾,0
69e45d13000000001401c807,69e429b4000000001b00037a,常态|观众,常态,观众,只有我觉得这事很可怕吗。。。,4
69e56e27000000001401e410,69e429b4000000001b00037a,常态|观众,常态,观众,真的很好笑，很像装b的男的怎么回事哈哈,0
69e4c2eb000000001401e411,69e429b4000000001b00037a,常态|观众,常态,观众,可恶，本来想去现场的，但是昨天看今天天桥太差了就没去[抽泣R],0
69e4bc720000000014018c2d,69e429b4000000001b00037a,常态|观众,常态,观众,你（哈哈哈）不是（哈哈哈哈）在（哈哈哈哈哈）比赛（哈哈哈哈哈哈哈）吗hhhhhhh?,0
69e49d76000000001401d846,69e429b4000000001b00037a,常态|观众,常态,观众,人家比赛呢，你们给叫停跳舞？给你玩的吗？,0
69e4938d000000001401cc2b,69e429b4000000001b00037a,常态|观众,常态,观众,调戏干嘛？人家正比赛呢[合十R][合十R],0
69e48a6f000000001401e403,69e429b4000000001b00037a,常态|观众,常态,观众,有偶像包袱哦 哈哈哈 你们这些人，干嘛打扰人家，人家在比赛呢[笑哭R],0
69e48970000000001401bc35,69e429b4000000001b00037a,常态|观众,常态,观众,一群人看机器人，意义何在？,1
69e485a9000000001401cc21,69e429b4000000001b00037a,常态|观众,常态,观众,这不务正业的机器人，你是来跑步的,1
69e482d6000000001401d80d,69e429b4000000001b00037a,常态|观众,常态,观众,跑你的吧别误正事啦哎呀笑死我了,2
69e47de1000000001401b015,69e429b4000000001b00037a,常态|观众,常态,观众,这个神经兮兮的样子一看就是宇树哈哈哈哈哈,0
69e478f50000000014019828,69e429b4000000001b00037a,常态|观众,常态,观众,我就问问这个玩意儿能有什么用呢？c,4
69e47584000000001401c00f,69e429b4000000001b00037a,常态|观众,常态,观众,"4月19日，北京亦庄半马赛道上的“硬核选手”竟是张杰... http://xhslink.com/o/nArXrlWiVY 
先复制一下文字，再到【小红书】打开看笔记。",0
69e47156000000001401cc28,69e429b4000000001b00037a,常态|观众,常态,观众,这波人真行，跑题严重,0
69e46e98000000001401dc11,69e429b4000000001b00037a,常态|观众,常态,观众,迷惑行为,0
69e46b0d000000001401dc2b,69e429b4000000001b00037a,常态|观众,常态,观众,跑马拉松比赛呢，还表演这孩子真糊涂呀,0
69e46ae30000000014019c25,69e429b4000000001b00037a,常态|观众,常态,观众,是谁给放的音乐？竞争对手吧？故意拖慢我们的速度。,0
69e460d5000000001401c03d,69e429b4000000001b00037a,常态|观众,常态,观众,孩子拿不到成绩赖观众吧,0
69e459b9000000001401b00e,69e429b4000000001b00037a,常态|观众,常态,观众,那么棒的机器人怎么会给那么low的穿搭[扶额R][扶额R][扶额R][扶额R],1
69e458fb000000001401dc1f,69e429b4000000001b00037a,常态|观众,常态,观众,别喊了[失望R]人家在比赛呢干扰选手[失望R],0
69e451cd000000001401940b,69e429b4000000001b00037a,常态|观众,常态,观众,你需要撒尿吗？[偷笑R],0
69e450ab000000001401ac38,69e429b4000000001b00037a,常态|观众,常态,观众,你们别逗人家机器人了好吗？，人家不禁逗[派对R],1
69e450350000000014019805,69e429b4000000001b00037a,常态|观众,常态,观众,有点不懂拒绝啊[笑哭R][笑哭R]目前单纯的人工智能容易被忽悠啊[笑哭R][笑哭R],3
69e44e56000000001401a80c,69e429b4000000001b00037a,常态|观众,常态,观众,遥控器在哪里？现在用网络链接了吗,2
69e44c90000000001401d422,69e429b4000000001b00037a,常态|观众,常态,观众,人家在参加比赛呢 你们老叫他干啥,0
69e44983000000001401c810,69e429b4000000001b00037a,常态|观众,常态,观众,这帮老六，人家是来参加比赛滴，硬生生被你们拖住表演了[偷笑R],0
69e448fb0000000014018c1d,69e429b4000000001b00037a,常态|观众,常态,观众,打工人的悲哀，跑步呢还得表演[偷笑R],2
69e448270000000014019008,69e429b4000000001b00037a,常态|观众,常态,观众,好像一部分低认知的bro啊,0
69e4474a000000001401c81f,69e429b4000000001b00037a,常态|观众,常态,观众,后面整那一套不比向佐强,0
69e447380000000014018c19,69e429b4000000001b00037a,常态|观众,常态,观众,"4月19日，北京亦庄半马赛道上的“硬核选手”竟是张杰... http://xhslink.com/o/4U9AYKZy7Wp 
这篇笔记在【小红书】等你来读~",0
69e446ba000000001401d807,69e429b4000000001b00037a,常态|观众,常态,观众,是你们吗？ 你不对劲 你应该去演唱会逆战蹦迪去,0
69e43c14000000001401a81b,69e429b4000000001b00037a,常态|观众,常态,观众,别闹了人家比赛呢[doge],0
69e4380e000000001401bc14,69e429b4000000001b00037a,常态|观众,常态,观众,笑死了，有求必应，忘了自己正事,0
69e45348000000001401bc02,69e429b4000000001b00037a,常态|观众,常态,观众,全场最佳着装,0
69e5cca50000000014018822,69e5a09a000000002103ba03,常态|观众,常态,观众,我也有一种担忧，怕科学家们越玩越嗨，没有节制[鄙视R],3
69e633d0000000001401bc41,69e5a09a000000002103ba03,常态|观众,常态,观众,无论舞蹈还是反应都真挺不错的,0
69e5b9a0000000001401cc0f,69e5a09a000000002103ba03,常态|观众,常态,观众,无论主动控制还是被动控制，这个运动能力已经上天了,0
69e45661000000001401e81c,69e43a5a000000001d01dcc7,常态|观众,常态,观众,纯整活去了？,2
69e461fc000000001401e009,69e43a5a000000001d01dcc7,常态|观众,常态,观众,拟人过于到位了，跑醉了这是[新月R],1
69e462ad0000000014013804,69e43a5a000000001d01dcc7,常态|观众,常态,观众,回旋镖连机器人也不能幸免[笑哭R],1
69e4664b000000001401ac1b,69e43a5a000000001d01dcc7,常态|观众,常态,观众,怎么躺下了是马拉松不好玩嘛[doge],2
69e4aa52000000001401e01a,69e43a5a000000001d01dcc7,常态|观众,常态,观众,芜的一下滑过去了哈哈哈哈哈哈哈,0
69e4c78e000000001401e405,69e43a5a000000001d01dcc7,常态|观众,常态,观众,跳舞跳没电了[笑哭R],2
69e4d5f2000000001401cc2c,69e43a5a000000001d01dcc7,常态|观众,常态,观众,她看起来要晕倒了[哭惹R],0
69e4d62b000000001401bc3b,69e43a5a000000001d01dcc7,常态|观众,常态,观众,哈哈哈哈哈这场马拉松有自主的机器人，不是全遥控，不知道这个是不是自主的[色色R][色色R],2
69e4e198000000001401d823,69e43a5a000000001d01dcc7,常态|观众,常态,观众,笑不活了hhhhhhhhhh,0
69e62332000000001401c00e,69e43a5a000000001d01dcc7,常态|观众,常态,观众,我已经看见他嘲笑了好几个机器人了，还嘲笑小派来着[偷笑R]太搞笑了，谁设置的程序[doge],1
69e976b5000000001401d408,69e43a5a000000001d01dcc7,常态|观众,常态,观众,哈哈哈哈哈配上视频是今日最佳了[大笑R][大笑R],0
69e45d32000000001401e826,69e43a5a000000001d01dcc7,常态|观众,常态,观众,机器人本体是宇树的，但是参加的公司不是,1
69e49cff000000001401a819,69e43a5a000000001d01dcc7,常态|观众,常态,观众,不知道是不是华鲤的[偷笑R][笑哭R],0
69e5edc8000000001401b018,69e43a5a000000001d01dcc7,常态|观众,常态,观众,咦  原来可以用其他公司产品参加啊,0
69e5f42e000000001401d41d,69e43a5a000000001d01dcc7,常态|观众,常态,观众,这机器人公开售卖的,1
69e836f90000000014019412,69e43a5a000000001d01dcc7,常态|观众,常态,观众,华南理工大学的，拿的是宇树的机器人,1
69e987fd000000001401e822,69e43a5a000000001d01dcc7,常态|观众,常态,观众,一想到是背后有个人操控的，就觉得没意思。还不如那些专心跑步的自主巡航。,2
69e988a5000000001401ac0c,69e43a5a000000001d01dcc7,常态|观众,常态,观众,还好啦～不要太较真,4
69e5e2d6000000001401d435,69e43a5a000000001d01dcc7,常态|观众,常态,观众,遥控人为控制的[笑哭R],2
69e4af25000000001401d40d,69e43a5a000000001d01dcc7,常态|观众,常态,观众,最后也确实是被拉走了[笑哭R],0
69e4af4e000000001401e81f,69e43a5a000000001d01dcc7,常态|观众,常态,观众,就是纯来整活的，碰上一个摔倒的就停下来鼓掌[笑哭R],0
69e493b9000000001401c425,69e43a5a000000001d01dcc7,常态|观众,常态,观众,你不问我都没发现，机器人居然还穿鞋的！,1
69e8e153000000001401c442,69e43a5a000000001d01dcc7,常态|观众,常态,观众,自主的还有40% 的机器人呢，而且夺冠的那个是自主机器人[doge],2
69e47058000000001401c028,69e43a5a000000001d01dcc7,常态|观众,常态,观众,通明湖公园右边那条路 经惠西路 不记得是哪个路口了,2
69ea2b19000000001401c412,69e43a5a000000001d01dcc7,常态|观众,常态,观众,对，遥控组[笑哭R]看号码牌,2
69e5cac3000000001401c41e,69e43a5a000000001d01dcc7,常态|观众,常态,观众,我笑死了还嘲讽别人公司的机器人哈哈哈哈哈哈,1
69e756b2000000001401e446,69e43a5a000000001d01dcc7,常态|观众,常态,观众,假摔更搞笑[笑哭R],0
69e472f9000000001401c012,69e43a5a000000001d01dcc7,常态|观众,常态,观众,喝了两斤白酒再来跑的吧,2
69e45c8e000000001401cc19,69e43a5a000000001d01dcc7,常态|观众,常态,观众,哈哈哈哈哈镜头一转旁边怎么还坐着一个,0
69e9d57a000000001401c819,69e44f3a000000002301079c,常态|观众,常态,观众,这真的太好笑了,0
69e4febd000000001401a80d,69e40352000000002102fc75,常态|服务者,常态,服务者,当年汽车刚刚发明的时候，肯定也会有人问：为什么要让这个铁疙瘩跑，马车不能跑了吗？,1
69e503e3000000001401e80f,69e40352000000002102fc75,常态|服务者,常态,服务者,现在任何领域都需要创新，既然发明出来了就有意义,4
69e510a8000000001401ac03,69e40352000000002102fc75,常态|服务者,常态,服务者,极限测试,2
69e52068000000001401e009,69e40352000000002102fc75,常态|服务者,常态,服务者,现在是跑步以后可能就是帮你做家务啊，各方面的会慢慢衍生其他的功能，而且要让他们去进行个比赛才能进行一个筛选才能彼此进步,4
69e55917000000001401cc06,69e40352000000002102fc75,常态|服务者,常态,服务者,待机模式吧，方便充电换电池,2
69e42603000000001401e411,69e40352000000002102fc75,常态|服务者,常态,服务者,说的是哦，为什么非得按人类的方式前进呢。应该是速度第一！,1
69e42842000000001401dc18,69e40352000000002102fc75,常态|服务者,常态,服务者,仿生人不就是仿生机器人[doge],1
69e42b41000000001401a021,69e40352000000002102fc75,常态|服务者,常态,服务者,那不就是汽车无人驾驶吗[doge],1
69e42f0c000000001401a80a,69e40352000000002102fc75,常态|服务者,常态,服务者,人类进化成现在的行走方式，还是有他的合理性。目前马拉松这样跑有点奇怪，可是如果是越野赛呢，这种设计就更合理了,2
69e4308e0000000014018c02,69e40352000000002102fc75,常态|服务者,常态,服务者,轮式以后没办法巷战，这玩意成熟了已经打巷战,4
69e43437000000001401e01c,69e40352000000002102fc75,常态|服务者,常态,服务者,那叫机器车不是机器人,1
69e44048000000001401d40f,69e40352000000002102fc75,常态|服务者,常态,服务者,一步一步来，先跑平地，再跑越野,2
69e44209000000001401bc1a,69e40352000000002102fc75,常态|服务者,常态,服务者,那是无人驾驶 也有测试比赛的呀 各大公司把机器人造成人形都是有原因的,1
69e444bf000000001401b00d,69e40352000000002102fc75,常态|服务者,常态,服务者,那做成火箭不是很快,4
69e450ce000000001401b806,69e40352000000002102fc75,常态|服务者,常态,服务者,那用车比赛吧，看人开快还是带轮子的机器快,1
69e4539f000000001401bc21,69e40352000000002102fc75,常态|服务者,常态,服务者,那整四个轮比得了，汽车比赛,1
69e45ffc0000000014018c05,69e40352000000002102fc75,常态|服务者,常态,服务者,我也想说，来越野跑能跑完就nb了,2
69e480fc0000000014019417,69e40352000000002102fc75,常态|服务者,常态,服务者,这样说的话，离开地面就是无人机了,1
69e48a0a000000001401c433,69e40352000000002102fc75,常态|服务者,常态,服务者,目前所有的设计都是为人服务的，机器设计成人形是为了更好的适用,1
69e492fd000000001401e03e,69e40352000000002102fc75,常态|服务者,常态,服务者,你说的那个比仿生人大赛更牛的那个东西，叫做仿赛赛车手大赛,1
69e4a3b8000000001401cc03,69e40352000000002102fc75,常态|服务者,常态,服务者,所以人表示的是什么?机器人就表示人形机器人，奇形怪状严格来说只是机器。,1
69e4ac25000000001401d835,69e40352000000002102fc75,常态|服务者,常态,服务者,这个比赛的全称是“2026北京亦庄半程马拉松暨人形机器人半程马拉松”,1
69e4b440000000001401dc38,69e40352000000002102fc75,常态|服务者,常态,服务者,机器人就是人形机器人，不然只叫机器,1
69e4de2f000000001401a019,69e40352000000002102fc75,常态|服务者,常态,服务者,那叫汽车，早发明了,1
69e4e32c000000001401e847,69e40352000000002102fc75,常态|服务者,常态,服务者,因为中文语境里分不清安卓和机器人  其实视频里的这一类应该都叫安卓,1
69e4e531000000001401882f,69e40352000000002102fc75,常态|服务者,常态,服务者,那就不要叫机器“人”，叫机器狗猫[笑哭R][笑哭R],1
69e4e84f0000000014019429,69e40352000000002102fc75,常态|服务者,常态,服务者,那不就是智驾的汽车嘛,1
69e4f61e000000001401d82a,69e40352000000002102fc75,常态|服务者,常态,服务者,因为如果只是发明一种机器的话，只需要放大其中一个优势即可，但是现代生活中很多工具都是以辅助人作为开发目的的，如果能够发明一个完全按照人类传统模式顺利进展的机器人，就可以直接应用现存所有工具，代替人去做必须人做而非常危险的领域。,3
69e4f79c000000001401d425,69e40352000000002102fc75,常态|服务者,常态,服务者,比如说，家里的洗地机只能清洁地板，洗碗机只能清洁碗具，这两种机器无法完成其他领域的任务，且都需要人去启动。但是如果有一个完全按照人性设置出来的机器人，他就可以利用现有工具完成拖地洗碗等多种任务。就好比这个比赛，赛的不是速度的第一，而是哪家机器人能够更像人形一样处理现实中所面对的问题。,3
69e84124000000001401dc26,69e40352000000002102fc75,常态|服务者,常态,服务者,了解过啊，人家规定就是跟人要一样，人类马拉松也不会让你踩轮滑参加的。,2
69ef85d0000000002900d860,69e40352000000002102fc75,常态|服务者,常态,服务者,那就是这种竞赛的形式有问题了,0
69e4524b000000001401e031,69e40352000000002102fc75,常态|服务者,常态,服务者,人家的全名就叫人形机器人跑步比赛呀，能不能搞清楚,1
69e45b19000000001401a802,69e40352000000002102fc75,常态|服务者,常态,服务者,因为有些地方需要用类人的方式才能进入，需要类人的双手进行精细操作，比如救灾挖掘遇难者，你能把几个轮子扔进去吗？那不是本来还能抢救一下的遇难者二次伤害了吗？类人机器人就可以模拟人类的救援方式,1
69e45cb7000000001401d42a,69e40352000000002102fc75,常态|服务者,常态,服务者,人家叫人形机器人马拉松，全名都看不全来这装清醒,1
69e466d4000000001401d807,69e40352000000002102fc75,常态|服务者,常态,服务者,有没有可能这个世界是人类建造的，好多工作和工具都是适配人类的，也就是人体工学，不可能为了机器人再去出一套机器人工具的规范，仿生机器人可以直接使用人类工具，替代人类完成部分工作。,3
69e47671000000001401c800,69e40352000000002102fc75,常态|服务者,常态,服务者,啥“仿生人”，乱用词，有规范概念你不用：人形机器人。仿生的概念太宽泛了，仿生必须是使用生物技术的，不是纯机械技术，而有些机器人，不使用生物科学技术。仿生学是工程技术与生物科学相结合的交叉学科。,1
69e49de50000000014018c19,69e40352000000002102fc75,常态|服务者,常态,服务者,为什么要速度第一？能让机器人直立奔跑，躲避各种障碍……所需的技术要求肯定更高，不要一叶障目，你看到的只是机器人跑步比赛，其背后比的是控制丶感应丶电机丶算法……,1
69e4c208000000001401c00c,69e40352000000002102fc75,常态|服务者,常态,服务者,[汗颜R]毫无意义好吗，马拉松主要是比耐力速度第二，哪一样对机器来说是毫无意义的东西,1
69e4f3cd000000001401cc3a,69e40352000000002102fc75,常态|服务者,常态,服务者,你猜为什么叫机器“人”而不是机器猫狗或者直接叫机器箱子[偷笑R],1
69e42b1a000000001401901d,69e40352000000002102fc75,常态|服务者,常态,服务者,慢慢来，发展需要时间[红色心形R],4
69e42e27000000001401e42c,69e40352000000002102fc75,常态|服务者,常态,服务者,这才是最需要他们的地方[笑哭R],4
69e430ad000000001401e023,69e40352000000002102fc75,常态|服务者,常态,服务者,感觉做中餐对机器人来说难度有点高[笑哭R],3
69e430be000000001401c81e,69e40352000000002102fc75,常态|服务者,常态,服务者,感觉用不了多久就能实现,4
69e43152000000001401c41a,69e40352000000002102fc75,常态|服务者,常态,服务者,已经有，只是复杂的不行[笑哭R],4
69e43d23000000001401c004,69e40352000000002102fc75,常态|服务者,常态,服务者,难度太高了，它得先保证动起来时很稳定，别出去买个菜就回不来了[doge],2
69e45942000000001401c410,69e40352000000002102fc75,常态|服务者,常态,服务者,未来可期[doge],5
69e45b9c000000001401e838,69e40352000000002102fc75,常态|服务者,常态,服务者,背景国企餐厅里就有机器人做饭,3
69e45e9b000000001401b003,69e40352000000002102fc75,常态|服务者,常态,服务者,只是时间问题,4
69e46673000000001401e01d,69e40352000000002102fc75,常态|服务者,常态,服务者,机器人先学的武术[doge],1
69e4672a000000001401e41c,69e40352000000002102fc75,常态|服务者,常态,服务者,会的，我相信那天咱们有生之年可以体验到,4
69e468eb000000001401dc11,69e40352000000002102fc75,常态|服务者,常态,服务者,不一定 可以给你现做预制菜 备菜、调料克数都是固定的 可能比人做还精确,6
69e482590000000014019c0a,69e40352000000002102fc75,常态|服务者,常态,服务者,已经有了啊 家政机器人,3
69e48b51000000001401d807,69e40352000000002102fc75,常态|服务者,常态,服务者,我问了豆包说等到我老的时候已经可以机器人养老了，那我就放心了。,3
69e491f40000000014018c16,69e40352000000002102fc75,常态|服务者,常态,服务者,厨房不外乎就是掌握好份量时间洗洗切切煎煎炒炒，以后它们一上岗就会做一些普通菜色，然后主妇通过手机软件预设程序在菜单中选择用料份量、做法次序，就可以教它们特色菜,6
69e49ff1000000001401c025,69e40352000000002102fc75,常态|服务者,常态,服务者,给他们时间发展，快了,4
69e4a08c000000001401b82e,69e40352000000002102fc75,常态|服务者,常态,服务者,能做西餐也行，能提前帮我热饭下饺子也行,6
69e4a1160000000014019006,69e40352000000002102fc75,常态|服务者,常态,服务者,家务机器人现在是二十一万,3
69e4d168000000001401c407,69e40352000000002102fc75,常态|服务者,常态,服务者,好像已经有了吧？反正机器狗已经有普通人买来做家务还是啥的了，机器人做家务估计也就两三年的事,1
69e4d9e3000000001401b811,69e40352000000002102fc75,常态|服务者,常态,服务者,会有的，科技进步服务于民生才是生产力提升生产关系的最大意义[萌萌哒R],4
69e4dca8000000001401b815,69e40352000000002102fc75,常态|服务者,常态,服务者,不做中餐能做白人饭也行啊,6
69e4de79000000001401e43e,69e40352000000002102fc75,常态|服务者,常态,服务者,目前的状态，还是一群活人照顾一个机器人,3
69e4e98c000000001401c42b,69e40352000000002102fc75,常态|服务者,常态,服务者,只有我关心价格吗，做家务的机器人以后能不能便宜一点[笑哭R],3
69e505c5000000001401dc16,69e40352000000002102fc75,常态|服务者,常态,服务者,有做快餐外卖的用机器人做炒饭了,3
69e5436c000000001401d405,69e40352000000002102fc75,常态|服务者,常态,服务者,應該先完成救援,4
69e55fb9000000001401cc0d,69e40352000000002102fc75,常态|服务者,常态,服务者,运送途中应该关机吧，汽车停停走走的，如果维持稳定要开机要费电吧，,2
69e573b3000000001401e819,69e40352000000002102fc75,常态|服务者,常态,服务者,深圳那边众擎，杭州宇树，也都在搞呢，可以关注一下,0
69e4fc23000000001401c013,69e40352000000002102fc75,常态|服务者,常态,服务者,有自己跑的和遥控的分两个组,2
69e5763f000000001401e825,69e40352000000002102fc75,常态|服务者,常态,服务者,工厂环境的机器人生态已经在全力推进啦,1
69e4f22c000000001401c432,69e40352000000002102fc75,常态|服务者,常态,服务者,[微笑R] 一样的感受，坐着自己起来不好吗？ 不加一个项目，比那个先从地上爬起来？不然让人以为，这吊毛些，用不了几分钟就歇菜。,2
69e4d610000000001401bc2d,69e40352000000002102fc75,常态|服务者,常态,服务者,另外好想看机器人的大型展会，不知道哪里蹲消息[捂脸R]每次刷到的时候都办完了🥲,1
69e4c93f000000001401c435,69e40352000000002102fc75,常态|服务者,常态,服务者,应该是自主导航系统,2
69e4c6e0000000001401b830,69e40352000000002102fc75,常态|服务者,常态,服务者,结果…它代替你生活了[偷笑R][棒R],0
69e4c6ea000000001401900d,69e40352000000002102fc75,常态|服务者,常态,服务者,一半遥控一半自主的,2
69e4b6cd000000001401c40e,69e40352000000002102fc75,常态|服务者,常态,服务者,还有遥控的，假装能自己动,2
69e4acd8000000001401ac28,69e40352000000002102fc75,常态|服务者,常态,服务者,要是明年还有我都想去看看，不知今年观看的人多吗？,0
69e482d50000000014018c0e,69e40352000000002102fc75,常态|服务者,常态,服务者,原来小鼻嘎是倒一啊，流量明星专业不行啊,0
69e479bd000000001401d40a,69e40352000000002102fc75,常态|服务者,常态,服务者,人长得不一样差不多嘛，车也长得差不多,0
69e47a13000000001401d82d,69e40352000000002102fc75,常态|服务者,常态,服务者,大家都是刚把机器人拉出来做赛前检查呢，都还没上电，所以也就没站起来,1
69e47399000000001401b81a,69e40352000000002102fc75,常态|服务者,常态,服务者,让他休息休息[笑哭R][笑哭R],0
69e473df000000001401d814,69e40352000000002102fc75,常态|服务者,常态,服务者,期待更多人参与进来,0
69e4d727000000002a030340,69e40352000000002102fc75,常态|服务者,常态,服务者,区区机器人 拿捏🫴,1
69e46899000000001401e808,69e40352000000002102fc75,常态|服务者,常态,服务者,[笑哭R]我也看了，那个失控了，跑的还挺快,0
69e4707e000000001401e818,69e40352000000002102fc75,常态|服务者,常态,服务者,真让我们跟着跑真的会💩在路上的[捂脸R],2
69e463ab000000001401b82f,69e40352000000002102fc75,常态|服务者,常态,服务者,不让它们偷偷跑[doge],2
69e43a00000000001401c42b,69e40352000000002102fc75,常态|服务者,常态,服务者,[笑哭R]之前10个点没跑现在刚回本，期待大涨,0
69e469e0000000001401e007,69e40352000000002102fc75,常态|服务者,常态,服务者,不能 这次比赛必须是人型机器人,1
69e43fa7000000001401c005,69e40352000000002102fc75,常态|服务者,常态,服务者,刚学会长距离跑步，该不会应对地形变化，去田里估计还得你救它[doge],2
69e454b2000000001401c814,69e40352000000002102fc75,常态|服务者,常态,服务者,换个角度想，以后你晕倒了他可以抱起你跑去医院，那速度就很有意义啦[飞吻R],2
69e440c3000000001401dc05,69e40352000000002102fc75,常态|服务者,常态,服务者,看春晚知道了机器人会武术，看马拉松知道了机器人跑得快，以后万一机器人要打我，我打又打不过，跑又跑不掉[doge],1
69e487de000000001401d406,69e40352000000002102fc75,常态|服务者,常态,服务者,就是最简单的避开障碍物跑步都很难，就不要奢望更复杂的感官识别了,2
69e57437000000001401e80b,69e40352000000002102fc75,常态|服务者,常态,服务者,待机准备开始！,4
69e43ef9000000001401bc16,69e40352000000002102fc75,常态|服务者,常态,服务者,晚上是在熟悉场地，白天才是真正的比赛[微笑R],0
69e43f35000000001401bc20,69e40352000000002102fc75,常态|服务者,常态,服务者,细了也能跑，粗了会增加重量，影响续航,2
69e43196000000001401c41e,69e40352000000002102fc75,常态|服务者,常态,服务者,收回刚刚的话，看了测试赛[笑哭R]也不是一直能跑,2
69e4c7e6000000001401cc1d,69e40352000000002102fc75,常态|服务者,常态,服务者,不是同时出发的，应该是单体计时的吧，最后都跑完了看谁的时间少[吧唧R],2
69e431b6000000001401bc22,69e40352000000002102fc75,常态|服务者,常态,服务者,已经有了，都在训练阶段[暗中观察R],4
69e573dc000000001401dc0f,69e40352000000002102fc75,常态|服务者,常态,服务者,不呢，大家都有自己的设计，用不同家的配件，电机啥的,2
69e43ffe000000001401b808,69e40352000000002102fc75,常态|服务者,常态,服务者,没开机自己站不起来啊，它就一个代码控制的铁圪塔[笑哭R],2
69e44b5e000000001401a02c,69e40352000000002102fc75,常态|服务者,常态,服务者,这一次国外5家参赛是哪五家？,0
69e42db40000000014019817,69e40352000000002102fc75,常态|服务者,常态,服务者,央视新闻 CCTV5都直播了,0
69e414d8000000001401e80d,69e40352000000002102fc75,常态|服务者,常态,服务者,每家的配速都不一样呢，建议早点过去，7.30开始，最快的机器人53分完赛,1
69e57525000000001401d416,69e40352000000002102fc75,常态|服务者,常态,服务者,机器人，模仿人，长得一样像人不是理所应当嘛[汗颜R],1
69e43bc9000000001401e021,69e40352000000002102fc75,常态|服务者,常态,服务者,做的细会更轻都基本上而且人的腿骨架比这个还细，看着不重每个都可能有170-180斤左右,2
69e4347c000000001401b831,69e40352000000002102fc75,常态|服务者,常态,服务者,所以已经有工厂投入机器人，结果工厂倒闭了，机器人被扔到废墟了。工厂一直生产，但人力资金不够也白搭。,3
69e42c23000000001401dc05,69e40352000000002102fc75,常态|服务者,常态,服务者,看得我姨母笑,0
69e43b18000000001401a01e,69e40352000000002102fc75,常态|服务者,常态,服务者,技术的进步不可能一蹴而就,4
69e434be000000001401dc25,69e40352000000002102fc75,常态|服务者,常态,服务者,很多数据是相互的,4
69e43dd6000000001401cc0e,69e40352000000002102fc75,常态|服务者,常态,服务者,帮你做事首先就是续航要强，运动起来要稳，别出去买个菜就回不来了（跑得快了适合用来遛哈士奇）[doge],2
69e43fe8000000001401d825,69e40352000000002102fc75,常态|服务者,常态,服务者,跑得快只是其中的一项，并不是说机器人以后发展的方向就是跑得快,1
69e44331000000001401901e,69e40352000000002102fc75,常态|服务者,常态,服务者,机器人啊，等等你,1
69e44370000000001401e429,69e40352000000002102fc75,常态|服务者,常态,服务者,自己也可以，拍丢了主要是，还有怕咬人,0
69e443b8000000001401cc31,69e40352000000002102fc75,常态|服务者,常态,服务者,哦哦，我之前一直以为狗狗就是因为想主人陪着哈哈哈[捂脸R],2
69e445ac000000001401e803,69e40352000000002102fc75,常态|服务者,常态,服务者,蒸汽火车到高铁也花了200年，任何进步都不是一蹴而就的,4
69e445c3000000001401a822,69e40352000000002102fc75,常态|服务者,常态,服务者,它得先能拥有人类基本的能力,4
69e44604000000001401c800,69e40352000000002102fc75,常态|服务者,常态,服务者,应该不影响你3000月薪,4
69e447ab000000001401bc24,69e40352000000002102fc75,常态|服务者,常态,服务者,不确定，未来或许可以试试，我只知道有的狗主人遛和陌生人遛它都一样，主人在一边坐着不牵着它也照样跑得欢，有的还会狗遛人[笑哭R],2
69e44af2000000001401b831,69e40352000000002102fc75,常态|服务者,常态,服务者,内燃机刚发明的时候也就是天天用来跟马车比赛,1
69e44b88000000001401c40d,69e40352000000002102fc75,常态|服务者,常态,服务者,。。。机器人一上来就能干人类干的活儿阿  不的经过漫长的调试测试 让普罗大众看见接受等等一系列过程啊,1
69e44c670000000014019417,69e40352000000002102fc75,常态|服务者,常态,服务者,所以就是先人前卖弄,4
69e44cd6000000001401b01b,69e40352000000002102fc75,常态|服务者,常态,服务者,想想一百年前的火车和现在有多大差距，科技总是要一个发展的时间，不可能一蹴而就[害羞R],4
69e49ef30000000014018c19,69e40352000000002102fc75,常态|服务者,常态,服务者,已经有了，比如在酒店送外卖[笑哭R]，,4
69e43d6d000000001401e819,69e40352000000002102fc75,常态|服务者,常态,服务者,你出生就能刷小红书了？,4
69e43ff8000000001401d80b,69e40352000000002102fc75,常态|服务者,常态,服务者,跟当初5G刚出来说，我不在乎网速多快，我只在乎它真的能为我们的生活便利做些什么的有异曲同工之妙哈，他们现在怎么不回去用4G网[doge],4
69e439d60000000014019000,69e40352000000002102fc75,常态|服务者,常态,服务者,还有倒退模式的[偷笑R],2
69e43b58000000001401d82a,69e40352000000002102fc75,常态|服务者,常态,服务者,日本倒退的确实挺严重[捂脸R][捂脸R][捂脸R]那些机器人看不下去,3
69e44a07000000001401941c,69e40352000000002102fc75,常态|服务者,常态,服务者,如果方向不对，跑得越快离得越远！我们是怕他们跑丢了[笑哭R],2
69e44cd3000000001401d429,69e40352000000002102fc75,常态|服务者,常态,服务者,相信这个世界正能量的人更多，无所畏惧勇往直前,4
69e45560000000001401dc1e,69e40352000000002102fc75,常态|服务者,常态,服务者,这要是美国日本弄的就立马只看当下了[doge],4
69e43a760000000014018829,69e40352000000002102fc75,常态|服务者,常态,服务者,如果是特斯拉的你是不是就很喜欢了,2
69e43886000000001401c439,69e40352000000002102fc75,常态|服务者,常态,服务者,刚看完直播[汗颜R],0
69e438e0000000001401e830,69e40352000000002102fc75,常态|服务者,常态,服务者,还有扇巴掌比赛呢[笑哭R],0
69e43b4f000000001401c011,69e40352000000002102fc75,常态|服务者,常态,服务者,特斯拉应该不太会拿着用遥控器的机器人出来玩[捂脸R],2
69e43ba0000000001401e014,69e40352000000002102fc75,常态|服务者,常态,服务者,大A机器人股东,1
69e43bb8000000001401e81f,69e40352000000002102fc75,常态|服务者,常态,服务者,特斯拉一样是遥控还有vr操作的,2
69e43ae2000000001401bc28,69e40352000000002102fc75,常态|服务者,常态,服务者,你们这些人，这比赛要是换ip肯定不会这样说,0
69e43b42000000001401d83a,69e40352000000002102fc75,常态|服务者,常态,服务者,这难道不很有趣吗？,0
69e43b82000000001401e808,69e40352000000002102fc75,常态|服务者,常态,服务者,一评论显得你浅薄无知和傲慢,5
69e43b96000000001401e415,69e40352000000002102fc75,常态|服务者,常态,服务者,一堆没遥控的你又装看不见[鄙视R],2
69e43bca0000000014019c11,69e40352000000002102fc75,常态|服务者,常态,服务者,没事换ip也有另一群人阴阳怪气[捂脸R] 达成某种平衡了,5
69e43cdb000000001401e41c,69e40352000000002102fc75,常态|服务者,常态,服务者,你这种与时代脱节的人，一辈子啥也干不成,4
69e433a5000000001401b016,69e40352000000002102fc75,常态|服务者,常态,服务者,今天是比跑步，没准明天就能帮你做饭，处理各种家务了。科技都是进步的，进步则需要资金和关注度；有了比赛才会有更多人知晓如今的发展啊,1
69e43527000000001401c417,69e40352000000002102fc75,常态|服务者,常态,服务者,见主页意满离,5
69e435a1000000001401a423,69e40352000000002102fc75,常态|服务者,常态,服务者,我刚想说这句[笑哭R],0
69e435c0000000001401e00d,69e40352000000002102fc75,常态|服务者,常态,服务者,前提是人类得有工作有收入，如果都被机器人替代喝西北风啊,3
69e43e560000000014018c22,69e40352000000002102fc75,常态|服务者,常态,服务者,村发金速归[doge],5
69e4344b0000000014019c1f,69e40352000000002102fc75,常态|服务者,常态,服务者,哦不好意思看了一下主页，至少比你追星有用的哈,0
69e4350b000000001401b013,69e40352000000002102fc75,常态|服务者,常态,服务者,放心，那也比你有用啦[笑哭R],0
69e43537000000001401e036,69e40352000000002102fc75,常态|服务者,常态,服务者,难道追星就有用？,0
69e435ab000000001401c027,69e40352000000002102fc75,常态|服务者,常态,服务者,你小时候学走路时，你爸妈也是这么说的[笑哭R],0
69e43e82000000001401ac0b,69e40352000000002102fc75,常态|服务者,常态,服务者,机器人跑步能保持平衡不摔，机动灵活，方向，续航，散热，就是技术的巨大进步，展现优势，未来能上战场必备的基本条件，这是一种技术展示[捂脸R]和比拼，,1
69e4447f000000001401942b,69e40352000000002102fc75,常态|服务者,常态,服务者,先得让他懂平衡和跑起来，这样就好办了，为将来打好基础[微笑R],0
69e4464a0000000014018800,69e40352000000002102fc75,常态|服务者,常态,服务者,人刚出生也啥都不会，不影响持续学习成长啊,0
69e448af000000001401bc2e,69e40352000000002102fc75,常态|服务者,常态,服务者,这是建立地基呢。,4
69e448c8000000001401c04a,69e40352000000002102fc75,常态|服务者,常态,服务者,比发明了用来跳舞强点,4
69e44a17000000001401dc10,69e40352000000002102fc75,常态|服务者,常态,服务者,跑得快可以用于战争,2
69e44eb3000000001401b004,69e40352000000002102fc75,常态|服务者,常态,服务者,先跑步之后随意蹲起，就可以做家务了，帮我洗衣做饭拖地[害羞R][害羞R],4
69e44f9b0000000014019c20,69e40352000000002102fc75,常态|服务者,常态,服务者,人类长大就是先从学习走路跑步开始的,2
69e444510000000014019c02,69e40352000000002102fc75,常态|服务者,常态,服务者,机器人要腿干什么,1
69e444d3000000001401e435,69e40352000000002102fc75,常态|服务者,常态,服务者,谁说只用来跑步的，看春晚了吗？机器人还会武术呢，现在提高跑步速度是为了防止它打你的时候你跑了它追不上你[doge],1
69e44dd4000000001401a423,69e40352000000002102fc75,常态|服务者,常态,服务者,咋滴，车子能作出人腿的灵活动作吗？,2
69e44fab000000001401c00c,69e40352000000002102fc75,常态|服务者,常态,服务者,破坏力罢了，还战争,4
69e43dad000000001401941c,69e40352000000002102fc75,常态|服务者,常态,服务者,机器人跑步能保持平衡不摔，机动灵活，方向，就是技术的巨大进步，展现优势，未来能上战场必备的基本条件，这是一种技术展示,1
69e43ce7000000001401dc3a,69e40352000000002102fc75,常态|服务者,常态,服务者,造势 骗补贴,4
69e43d61000000001401a422,69e40352000000002102fc75,常态|服务者,常态,服务者,一种性能表征啊，实用路上的必经阶段,4
69e43f09000000001401a400,69e40352000000002102fc75,常态|服务者,常态,服务者,最早之前这样说光伏，后来这样说新能源车，现在开始说机器人了[偷笑R],1
69e43ff2000000001401e802,69e40352000000002102fc75,常态|服务者,常态,服务者,有需求就会有供应，有人看就是意义，没人看就没意义,4
69e44090000000001401c41e,69e40352000000002102fc75,常态|服务者,常态,服务者,但有一说一新能源现在确实不错,2
69e440af000000001401c814,69e40352000000002102fc75,常态|服务者,常态,服务者,想到我老了会有个大白一样的机器人，就很期待，觉得老了也不可怕了[色色R],3
69e440da000000001401e43f,69e40352000000002102fc75,常态|服务者,常态,服务者,跑步不单纯是跑步是技术验证,2
69e440e5000000001401c002,69e40352000000002102fc75,常态|服务者,常态,服务者,是呗 到时候还可以定制成自己喜欢的爱豆模样 多开心[派对R],0
69e44154000000001401980a,69e40352000000002102fc75,常态|服务者,常态,服务者,光伏也是断档第一[笑哭R],2
69e44194000000001401c428,69e40352000000002102fc75,常态|服务者,常态,服务者,技术的进步需要大量资金去迭代和发展，一开始就要结果的那是修仙，不，修仙都没那么快的,4
69e49f3a000000001401983e,69e40352000000002102fc75,常态|服务者,常态,服务者,综合技术能力的展示。,4
69e43d9e0000000014019400,69e40352000000002102fc75,常态|服务者,常态,服务者,你猜国外为什么经常举办赛车?,0
69e43e6e000000001401a80e,69e40352000000002102fc75,常态|服务者,常态,服务者,这不是很明显吗？就是测试稳定性，摔倒可爬起，识别路况，因为路面的复杂程度很真实，提取改良数据迭代机器人设计，这些都可以帮助不久的未来机器人进入真实人类生活环境。包括送快递，家务事。,1
69e43f99000000001401a80f,69e40352000000002102fc75,常态|服务者,常态,服务者,第一反应也是这种有什么意义,4
69e4408e000000001401a427,69e40352000000002102fc75,常态|服务者,常态,服务者,那不然怎么测试，平时出动机器人大队在路上跑，你看到了是不是也觉得是造势。,1
69e42326000000001401a40e,69e40352000000002102fc75,常态|服务者,常态,服务者,科技强国,4
69e4232e000000001401bc00,69e40352000000002102fc75,常态|服务者,常态,服务者,展现科技实力啊,4
69e42340000000001401cc1b,69e40352000000002102fc75,常态|服务者,常态,服务者,流量，钱，更好的卖机器人，让普通老百姓普通工作被机器人替代。,3
69e42351000000001401a80c,69e40352000000002102fc75,常态|服务者,常态,服务者,圈钱，投资人的钱，政府补助,4
69e4237d000000001401e823,69e40352000000002102fc75,常态|服务者,常态,服务者,促进技术进步，又能吸引社会关注，展示技术成果，没准还能拉动投资,4
69e423ec000000001401b007,69e40352000000002102fc75,常态|服务者,常态,服务者,财富再分配，生成牛奶如果过剩倒掉更难刺激经济,3
69e4240b0000000014019c13,69e40352000000002102fc75,常态|服务者,常态,服务者,意义还挺多的，1展示科技实力，2吸引关注获得投资，3机器人也不是一蹴而就的，需要像这样一步一步的研发，现在只能跑，以后也许能负重跑，抬担架跑，甚至铁人三项跑。最终实现实用功能，战争，家务，危险工作等都能处理。,1
69e4242f000000001401e41f,69e40352000000002102fc75,常态|服务者,常态,服务者,机器人跑马拉松，把电池装好，开跑就可以了,1
69e42467000000001401d400,69e40352000000002102fc75,常态|服务者,常态,服务者,不迈第一步，谁也不知道他以后能干嘛,2
69e4246d000000001401cc16,69e40352000000002102fc75,常态|服务者,常态,服务者,宣传 广告,5
69e424d7000000001401981d,69e40352000000002102fc75,常态|服务者,常态,服务者,人类也是从奔跑进化到现在的[doge],2
69e4281d000000001401c806,69e40352000000002102fc75,常态|服务者,常态,服务者,ai机器人无人机，已经让很多人失去工作过了。你可以调查下周围刚毕业的一千万大学生，还有其他。。等等,3
69e6e952000000001401c425,69e40352000000002102fc75,常态|服务者,常态,服务者,我活着的意义是看评论,4
69e4233e000000001401e827,69e40352000000002102fc75,常态|服务者,常态,服务者,这个意义都看不出来吗？,4
69e423e8000000001401d81b,69e40352000000002102fc75,常态|服务者,常态,服务者,科技是为人民服务的。不是和人民抢饭碗的。这种意义何在？完全就是无稽之谈。,4
69e4241f000000001401b803,69e40352000000002102fc75,常态|服务者,常态,服务者,不代替工作的说没意义，代替工作了又说抢饭碗。承认国家科技发展那么难吗？,4
69e424dd000000001401bc12,69e40352000000002102fc75,常态|服务者,常态,服务者,特别好笑，楼里的学过经济学吗？动不动就是替代工作，哪有那么好替代？今天跑马拉松明天就替代工作了？这是2026不是6202[汗颜R][汗颜R],4
69e425a1000000002d0308df,69e40352000000002102fc75,常态|服务者,常态,服务者,你活着的意义？,4
69e425d5000000001401a414,69e40352000000002102fc75,常态|服务者,常态,服务者,人形机人，最先是美国，日本在搞，现在中国搞起来了，就没有意义了？[偷笑R],1
69e43762000000001401dc2c,69e40352000000002102fc75,常态|服务者,常态,服务者,马扁补贴,4
69e439eb000000001401c01a,69e40352000000002102fc75,常态|服务者,常态,服务者,确实有这个因素,4
69e43a31000000001401d808,69e40352000000002102fc75,常态|服务者,常态,服务者,敢比赛的都还算是有点本事吧,0
69e43aab000000001401b813,69e40352000000002102fc75,常态|服务者,常态,服务者,多少有点儿东西,4
69e4913e000000001401e404,69e40352000000002102fc75,常态|服务者,常态,服务者,没有自主思维前，没啥可怜的，有自主思维时，人类就被机器人打死了[捂脸R],3
69e436d7000000001401c430,69e40352000000002102fc75,常态|服务者,常态,服务者,这么说应该是这儿凉快所以这儿呆着哈哈哈,0
69e4a8cd0000000014019425,69e40352000000002102fc75,常态|服务者,常态,服务者,主要他蹲那里真的特别[笑哭R][笑哭R],0
69e4a8e7000000001401a801,69e40352000000002102fc75,常态|服务者,常态,服务者,好歹他还有空调吹着呢,0
69e4a8fe000000001401980d,69e40352000000002102fc75,常态|服务者,常态,服务者,某年他又想起来春晚扭秧歌的画面,0
69e4a91b000000001401a021,69e40352000000002102fc75,常态|服务者,常态,服务者,哈哈哈哈，主要他躲得那个姿势也很…人？,0
69e435ee000000001401e80e,69e40352000000002102fc75,常态|服务者,常态,服务者,注意这是机器人，你的汽车丢在室外风吹日晒你何曾可怜过？[失望R],1
69e436d3000000001401a021,69e40352000000002102fc75,常态|服务者,常态,服务者,无所谓，一个国外的战争可以打光很多产能,4
69e4c37d0000000014019826,69e40352000000002102fc75,常态|服务者,常态,服务者,这是一步一步来的过程，机器人有跑完马拉松的性能，那就意味着机器人能够完成马拉松等运动项目的辅助工作，比如比赛进行时同步检测赛道天气，评估运动员身体健康状况等，并且在意外发生时救援到达前做紧急救援工作，比如之前甘肃的某次马拉松就因为天气以及其他因素导致运动员遇难，这是一个机器人发展的过程，没有什么东西能够一蹴而就，就像汽车刚发明的时候连雨刮器都没有,1
69e4c09a000000001401c047,69e40352000000002102fc75,常态|服务者,常态,服务者,首先尽头的拼音不是镜头,0
69e4c1da000000001401901f,69e40352000000002102fc75,常态|服务者,常态,服务者,我感觉也是，首先三观得正其次社会是发展的,4
69e5d369000000001401d42a,69e40352000000002102fc75,常态|服务者,常态,服务者,一般心理健康的人想法不会那么消极和极端的，去看看是不是有抑郁症了，我会这么说就是因为我有抑郁症，现在吃药了控制得很好,4
69e4be610000000014019429,69e40352000000002102fc75,常态|服务者,常态,服务者,你说这话证明你的人生无意义。,4
69e4bf0f000000001401e446,69e40352000000002102fc75,常态|服务者,常态,服务者,在现实生活中，你是不是过得不幸福？所以对未来没有希望，希望你关注一下你的心理健康。不是在讽刺，是真心的建议,4
69e4c3d30000000014019017,69e40352000000002102fc75,常态|服务者,常态,服务者,感觉学历不高的,4
69e4c998000000001401b82f,69e40352000000002102fc75,常态|服务者,常态,服务者,四老太婆子不懂得闭嘴的时机,0
69e598d1000000001401d429,69e40352000000002102fc75,常态|服务者,常态,服务者,跟幸福有毛线关系 这就是对人类的毁灭 现在中国都不生孩子生了也要没工作 还弄些机器人 有本事让机器人去救火 去零下40多度的边防去站岗,3
69e42dd9000000001401e81f,69e40352000000002102fc75,常态|服务者,常态,服务者,关键他们也不行啊[黄金薯R]来不来差别不大,0
69e42d360000000014019011,69e40352000000002102fc75,常态|服务者,常态,服务者,别人在绕月，苍蝇却盯着厕所[偷笑R],4
69e42f6a000000001401881d,69e40352000000002102fc75,常态|服务者,常态,服务者,好好开小米，以后火化都不用去火葬场，直接绿色通道[偷笑R],2
69e42b8d000000001401d40c,69e40352000000002102fc75,常态|服务者,常态,服务者,为什么一定要国外公司参加才有意义？这个赛道地球上还有几家国外公司能玩？,0
69e42cda000000001401b827,69e40352000000002102fc75,常态|服务者,常态,服务者,这本身...的意义是什么？比谁机油+电池足是吗,2
69e42d2a0000000014019c13,69e40352000000002102fc75,常态|服务者,常态,服务者,波士顿动力或者特斯拉来参赛就有地方能吹了[偷笑R],0
69e42dcf0000000014019c17,69e40352000000002102fc75,常态|服务者,常态,服务者,还以为绕月工程你参与了呢[偷笑R] 开普勒三定律估计你都不知道,4
69e42dfa000000001401c411,69e40352000000002102fc75,常态|服务者,常态,服务者,别人在绕月，你活着都是罪[偷笑R],4
69e42e0d000000001401b804,69e40352000000002102fc75,常态|服务者,常态,服务者,当这群机器人拿着191 子弹贯穿你头的时候希望你还笑得出来[偷笑R],1
69e45b71000000001401cc02,69e40352000000002102fc75,常态|服务者,常态,服务者,科技发展需要时间和测试，这不刚开始发展嘛，5年后你再看看和玩具的区别,4
69e44a03000000001401e42d,69e40352000000002102fc75,常态|服务者,常态,服务者,有自主和遥控两个组,2
69e4941b000000001401c402,69e40352000000002102fc75,常态|服务者,常态,服务者,租个大操场根本没法获得有效数据，这次北京半马是真实城市开放赛道，21公里有直道、坡道、路口转弯、路面起伏和真实路况干扰，操场只有单一平路，完全模拟不了实际复杂环境。机器人路跑测的就是长距离续航、步态稳定、散热和关节抗疲劳，必须在真实赛道才有意义,1
69e48a290000000014019c11,69e40352000000002102fc75,常态|服务者,常态,服务者,多来点让机器人干实事的事吧！哗众取宠的事少点,3
69e48c90000000001401b805,69e40352000000002102fc75,常态|服务者,常态,服务者,没有一步到位的干实事，都是通过科学测试一步一步积累数据，再调试和研发升级，这次半马如果您看做哗众取宠说明您的认知层面有提升空间，您可以尝试学习一些与推进所谓实事进步的知识，拓宽一下视野和思维境界[合十R],1
69e48da6000000001401a803,69e40352000000002102fc75,常态|服务者,常态,服务者,你最牛，你的视野，你的思维最高行了吧？,0
69e48dfa000000001401980b,69e40352000000002102fc75,常态|服务者,常态,服务者,去年看了吗？都是脑血栓后遗症的状态，今年比人跑的快了，进步飞速啊,0
69e48e62000000001401c42d,69e40352000000002102fc75,常态|服务者,常态,服务者,你不要暴躁，我对这件事的视野是希望你能正确看到和正确看待机器人半马活动的意义和对投身机器人领域工作人员的价值，一起努力吧，都需要持续学习,1
69e4901a0000000014019826,69e40352000000002102fc75,常态|服务者,常态,服务者,人参加半马，是为了强身健体，那机器人需要吗？他要测试，他有很多途径去测试的，这么多人保护一个机器人，又浪费人力物力财力，为什么要搬到明面上来测试呢？，既然搬到明面上来测试，总有反对的声音，为什么一吐槽就说人家思维不高，学识不高，明明就是哗众取宠的事，还不让说了[生气R],1
69e4922e000000001401c008,69e40352000000002102fc75,常态|服务者,常态,服务者,你看浪费财力物力和人跑半马是强身健体，机器人没必要等等都是你自己形成的局限性很片面的想法，是你的认知边界形成了你认为的就是对的，但事实不是这样，你的认知确实太片面了。机器人跑半马根本不是跟人比锻炼身体，而是在极限工况下测试硬件稳定性、续航、步态算法和人机协同能力，这些数据直接关系到未来救援、巡检、助残等真实场景的可靠性。看似没必要的测试，其实都是在为落地应用铺路，不能只站在日常健身的角度去理解科技研发。,1
69e4c278000000001401d434,69e40352000000002102fc75,常态|服务者,常态,服务者,方便调试吧,2
69e45877000000001401b030,69e40352000000002102fc75,常态|服务者,常态,服务者,这能叫骗钱美国华尔街和硅谷几百亿投资ppt叫什么？[微笑R],4
69e6110e000000001401900b,69e40352000000002102fc75,常态|服务者,常态,服务者,这就是我现在研究的玩意儿,4
69e6c0860000000014019806,69e4c771000000002102c3fc,常态|服务者,常态,服务者,少年强则国强,4
69e58545000000001401880c,69e4c771000000002102c3fc,常态|服务者,常态,服务者,这一年来进步神速，期待明年更大的惊喜！,0
69e58ae1000000001401c81f,69e4c771000000002102c3fc,常态|服务者,常态,服务者,少年强则国强的具象化,4
69e6c56b000000001401cc0f,69e634590000000022003bb5,常态|观众,常态,观众,对对对，感觉每个机器人都承载了一车人的努力，而且看着机器人在前面扑哧扑哧努力的样子和技术人员的护送都莫名的让人感动[哭惹R],1
69e6cc1d000000001401c007,69e634590000000022003bb5,常态|观众,常态,观众,真的~看着机器人在前面跑，怎么不像自己的孩子在赛道拼搏。能站在跑道上大家都是第一名！！,1
69e6cd5d0000000014019407,69e634590000000022003bb5,常态|观众,常态,观众,还要安全到达，路上担心磕碰…………,2
69e6d0eb000000001401e411,69e634590000000022003bb5,常态|观众,常态,观众,真的就是看着自己孩子在前面跑，后面爸妈全程悬着心跟着,0
69e6f9fb000000001401a022,69e634590000000022003bb5,常态|观众,常态,观众,我看到最后居然有点想哭,0
69e70063000000001401a024,69e634590000000022003bb5,常态|观众,常态,观众,我自己做的文档模板我都很喜欢，更何况他们这么复杂的机器人[哭惹R],1
69e7444d000000001401d827,69e634590000000022003bb5,常态|观众,常态,观众,看得热血沸腾，这些后起之秀太棒了[派对R]真是都想重新上大学了哈哈哈哈,4
69e75167000000001401b00d,69e634590000000022003bb5,常态|观众,常态,观众,每次看到摔得细碎的机器人，我都挺心疼，肯定有一群人是悲伤难过的,3
69e751c1000000001401d409,69e634590000000022003bb5,常态|观众,常态,观众,开头说电量89 另一个工作人员说你看它步态有点不对 这地面有点坡 就感觉真的是是爸爸妈妈一直在关注自己小孩儿的一举一动[哭惹R],0
69e75fe8000000001401dc29,69e634590000000022003bb5,常态|观众,常态,观众,是呢，我也是第一次刷到第一视角，整个看完热泪盈眶，就像自己的孩子，看着它慢慢成功，太牛了！,0
69e7656c000000001401902d,69e634590000000022003bb5,常态|观众,常态,观众,对啊，有摔倒的，路人说“这回出洋相了”，人家工作人员听了多难受,0
69e7a62b0000000014019402,69e634590000000022003bb5,常态|观众,常态,观众,怪不得当初骂那唱歌的，还居然有抵抗的，原来是它爸妈在拼命买水啊,0
69e7b947000000001401c409,69e634590000000022003bb5,常态|观众,常态,观众,真的很萌啊 花费自己很多心血和精力做出来的[哭惹R][哭惹R]完全是自家孩子了,0
69e7e872000000001401d807,69e634590000000022003bb5,常态|观众,常态,观众,那那个摔碎在起跑线的呢？[捂脸R],0
69e835f8000000001401bc21,69e634590000000022003bb5,常态|观众,常态,观众,研发人员也辛苦，肯定更珍惜自己的劳动成果,4
69e8c6ee000000001401dc4b,69e634590000000022003bb5,常态|观众,常态,观众,那句“步态不对”真的很亲生了[捂脸R],0
69e98647000000001401b81b,69e634590000000022003bb5,常态|观众,常态,观众,比生孩子难多了[捂脸R],4
69ea3a4d000000001401e418,69e634590000000022003bb5,常态|观众,常态,观众,可以理解其实 me第一份产品要交接出去的时候 害悄悄哭了一晚[笑哭R][笑哭R],0
69e7a39f0000000014019c09,69e634590000000022003bb5,常态|观众,常态,观众,借楼问一下这喷的是啥 云南白药吗,2
69e66b9a000000001401e408,69e634590000000022003bb5,常态|观众,常态,观众,这个小黑黑好可爱！,0
69e67092000000001401d407,69e634590000000022003bb5,常态|观众,常态,观众,你拍的看起来好励志，好戳我泪点[哭惹R][哭惹R][哭惹R],0
69e6c42c000000001401e007,69e634590000000022003bb5,常态|观众,常态,观众,看着我好热血，有点想哭是什么意思？,0
69e6cb95000000001401cc08,69e634590000000022003bb5,常态|观众,常态,观众,绿化带树上开有什么花？,0
69e6cd64000000001401b82b,69e634590000000022003bb5,常态|观众,常态,观众,应该是为了配重 这样跑起来更协调更稳,2
69e6d296000000001401d42d,69e634590000000022003bb5,常态|观众,常态,观众,身上这个remote是啥意思,2
69e6d3b7000000001401e419,69e634590000000022003bb5,常态|观众,常态,观众,遥控，指有人远程遥控，属于遥控组,2
69e6e3630000000014019822,69e634590000000022003bb5,常态|观众,常态,观众,我好喜欢那个小机器人，好可爱好阳光啊,1
69e700a20000000014019421,69e634590000000022003bb5,常态|观众,常态,观众,咋还有京东的 logo,0
69e701e3000000001401e818,69e634590000000022003bb5,常态|观众,常态,观众,官方赞助,5
69e7072f0000000014019422,69e634590000000022003bb5,常态|观众,常态,观众,唔西迪西好可爱[偷笑R],0
69e708f3000000001401bc03,69e634590000000022003bb5,常态|观众,常态,观众,第二个是哪家的呀，太可爱了。,0
69e70cb7000000001401c83b,69e634590000000022003bb5,常态|观众,常态,观众,机器人外形都很可爱[派对R],1
69e711eb000000001401a424,69e634590000000022003bb5,常态|观众,常态,观众,黑黑的好可爱，它跑路姿势最好看,0
69e749ea000000001401a016,69e634590000000022003bb5,常态|观众,常态,观众,双足机器人跑步时，腿部前后摆动会产生绕垂直轴的扭转力矩，摆臂可以产生相反的力矩来抵消它，避免身体旋转失衡；同时摆臂还能优化重心分布，减少腿部负担，反而能降低整体能耗，不是是浪费电,1
69e76fce0000000014019020,69e634590000000022003bb5,常态|观众,常态,观众,原来这个萌萌的机器人是你们家的哈哈哈哈好可爱,1
69e7838e000000001401e41b,69e634590000000022003bb5,常态|观众,常态,观众,拍得好好啊，我最近刷过拍得最好的。,0
69e786c2000000001401e80d,69e634590000000022003bb5,常态|观众,常态,观众,图二好像黑蛋啊[皱眉R][皱眉R][皱眉R]好可爱[皱眉R][皱眉R][皱眉R],0
69e79d72000000001401bc0b,69e634590000000022003bb5,常态|观众,常态,观众,原来戴草帽的这个也是同队的[偷笑R],5
69e6dd38000000001401e41a,69e634590000000022003bb5,常态|观众,常态,观众,因为看到的是背后一大群人的付出,4
69e7ab61000000001401ac05,69e634590000000022003bb5,常态|观众,常态,观众,莫名的感动，感觉他们和人一样一样的,0
69e7018b000000001401e826,69e634590000000022003bb5,常态|观众,常态,观众,感恩生在大中华,4
69e71695000000001401c015,69e634590000000022003bb5,常态|观众,常态,观众,目前只是国家不允许，允许它们配武器看看，立马就能做出大杀器！,4
69e717ac000000001401bc17,69e634590000000022003bb5,常态|观众,常态,观众,目前只有是跑马，今年比去年都是质的飞跃了，未来肯定会有机器人格斗、机器人射击比赛等等，而在你看不到的地方，机器人士兵可能都已经服役了[笑哭R],1
69e78bc8000000001401e425,69e634590000000022003bb5,常态|观众,常态,观众,这玩意和火药一个道理，在我们这里是烟花，在别人那里是炮弹！但是我们现在肯定不会这么傻了[doge],4
69e7ccd9000000001401ac00,69e634590000000022003bb5,常态|观众,常态,观众,正常。这种实验以便以后在慢慢的会出现大量的机器人服务。 这种大众范围内展示实验机器人也挺好的,1
69e6b012000000001401e801,69e634590000000022003bb5,常态|观众,常态,观众,跑步姿势很帅,0
69e6de21000000001401bc10,69e634590000000022003bb5,常态|观众,常态,观众,大家都在默默记录他的成长[赞R],0
69e7749c000000001401cc1e,69e634590000000022003bb5,常态|观众,常态,观众,鞋子也亮眼[微笑R],2
69e70ae9000000001401bc23,69e634590000000022003bb5,常态|观众,常态,观众,我也觉得[捂脸R]外面的视频都是营销号剪的娱乐版 看多了审美疲劳。机器人半马明明是一件很有意义的事情，感谢你们国家的科技树长出了新的枝叶,1
69e6ce48000000001401900c,69e634590000000022003bb5,常态|观众,常态,观众,语音控制电瓶车上的程序员吧[偷笑R],2
69e6ed21000000001401880e,69e634590000000022003bb5,常态|观众,常态,观众,之前看到一个扛着电脑狂奔的程序员，程序员说没想到自己还要跑马拉松[笑哭R],2
69e73ddf000000001401b01a,69e634590000000022003bb5,常态|观众,常态,观众,所有程序员最后一公里都得下车跑[失望R],2
69e75d9d000000001401882a,69e634590000000022003bb5,常态|观众,常态,观众,能问问为啥吗哈哈哈最后不能坐车吗,2
69e77511000000001401cc10,69e634590000000022003bb5,常态|观众,常态,观众,最后一段，车走辅路，中间隔着绿化带，不放心就出个人跟着机器人,2
69e89fbd000000001401d421,69e634590000000022003bb5,常态|观众,常态,观众,跑不动怎么办,2
69e9c1d20000000014019c05,69e634590000000022003bb5,常态|观众,常态,观众,赛前一两个月参赛团队就每晚在亦庄测试准备了，团队里怎么着也找得出一个能跑一公里的人，就算真找不到，每晚跟机器人跑跑一个月也够锻炼出来了。,1
69e6ef270000000014019402,69e634590000000022003bb5,常态|观众,常态,观众,确实，感觉像看着自己孩子在奔跑。,0
69e73f7a0000000014018c19,69e634590000000022003bb5,常态|观众,常态,观众,肯定是减震和防止磨损,2
69e8199b000000001401c411,69e634590000000022003bb5,常态|观众,常态,观众,降温的水吧？,2
69e71a0c000000001401981f,69e634590000000022003bb5,常态|观众,常态,观众,车也要过去，机器人也怕撞一起啊,1
69e734fa000000001401ac18,69e634590000000022003bb5,常态|观众,常态,观众,自主，喷的是降温用的,2
69e6e9f6000000001401bc1c,69e634590000000022003bb5,常态|观众,常态,观众,因为距离长，都是单一动作～,2
69e726ae000000001401e822,69e634590000000022003bb5,常态|观众,常态,观众,如果你们能有它的专利技术，也很无敌呀[点赞R],4
69e88592000000001401cc2a,69e634590000000022003bb5,常态|观众,常态,观众,应该不是所有300个机器人同时跑，有些也不是跑的是表演的,1
69e9c5110000000014018c02,69e634590000000022003bb5,常态|观众,常态,观众,膝盖高拿奶瓶那个小鼻嘎是高擎的，半人高整个黑还戴草帽那个是他们加速进化的。,0
69e7c4a1000000001401c809,69e634590000000022003bb5,常态|观众,常态,观众,烙铁我刚刚里出来的眼泪就这么憋回去了,0
69e83831000000001401c017,69e634590000000022003bb5,常态|观众,常态,观众,可能有点烫吧[笑哭R]，百十来度呢,2
69e9ae69000000001401ac0c,69e634590000000022003bb5,常态|观众,常态,观众,咱就是说 机器人大概也不想要抱抱了，更需要降降温[笑哭R],1
69e77f34000000001401d800,69e634590000000022003bb5,常态|观众,常态,观众,[笑哭R]因为他跑的姿势看着真的很想赢,0
69e653090000000014013c01,69e634590000000022003bb5,常态|观众,常态,观众,是的 我们的遥控器只用来控速,2
69e6dfcf000000001401980b,69e634590000000022003bb5,常态|观众,常态,观众,[黄金薯R]是研发人员的爱,5
69e750b4000000001401a025,69e634590000000022003bb5,常态|观众,常态,观众,估计也是为了看步态的，步态稳定就规律抖动，步态乱了就乱颤了[笑哭R],2
69e7523d000000001401c832,69e634590000000022003bb5,常态|观众,常态,观众,那还挺小巧思的，我看有的拿奶瓶啊什么的就纯粹是装饰了,0
69e75c6b0000000014019004,69e634590000000022003bb5,常态|观众,常态,观众,看视频开头还以为他在追蝴蝶,0
69e6f873000000001401d423,69e634590000000022003bb5,常态|观众,常态,观众,[捂脸R]那是程序员说给程序员听的吧,2
69e6d0f3000000001401e41a,69e634590000000022003bb5,常态|观众,常态,观众,造型别致，增加动感[偷笑R],0
69e6ce01000000001401a012,69e634590000000022003bb5,常态|观众,常态,观众,就跟人跑到最后的状态好相似,0
69e653ef0000000014018000,69e634590000000022003bb5,常态|观众,常态,观众,备用机在没电的补给车上，我们没有其他选择了。,2
69e6c325000000001401c01b,69e634590000000022003bb5,常态|观众,常态,观众,自己家孩子学习走路也是很多家人在旁边的，孩子还在成长,0
69e6cc78000000001401880d,69e634590000000022003bb5,常态|观众,常态,观众,人家出生没一年[偷笑R],0
69e6cea2000000001401e81e,69e634590000000022003bb5,常态|观众,常态,观众,这个是遥控的，相当于大脑停路边了[偷笑R],2
69e6dfda000000001401b001,69e634590000000022003bb5,常态|观众,常态,观众,自主的，可以看看它的胸牌，只不过工作人员跟着要看机热的情况，这也很正常，这才出厂多久啊，还是个宝宝呢[笑哭R],2
69e6eb22000000001401cc36,69e634590000000022003bb5,常态|观众,常态,观众,这跟爷爷奶奶爸爸妈妈送考一模一样,0
69e6e7ee000000001401e816,69e634590000000022003bb5,常态|观众,常态,观众,你让一岁小孩去参加比赛也是全家出动吧,0
69e6ed8c000000001401e816,69e634590000000022003bb5,常态|观众,常态,观众,自己家孩子会跑了，还需要6个家长开车尾随吗？半路给你家孩子喂水吗？😎,2
69e6edcb000000001401e010,69e634590000000022003bb5,常态|观众,常态,观众,你买个冰箱，还需要你天天在家照顾它吗？😎,4
69e6ee35000000001401dc37,69e634590000000022003bb5,常态|观众,常态,观众,你还真把机器人当人啊,1
69e6efa8000000001401dc1f,69e634590000000022003bb5,常态|观众,常态,观众,我没把它当人，但是它设计的最终目的是为了减轻人类的负担，而不是增加更多的人的负担，不是吗，你要回复我看完这个过程，单纯吵嘴的，找个舒服的地方发呆更适合你。😎,1
69e6f019000000001401e41e,69e634590000000022003bb5,常态|观众,常态,观众,我说没说明年需要进化啊？你是不是就是那种娇惯孩子的家长啊？中国的未来都毁在娇惯孩子的家长身上了😅,4
69e6f0a6000000001401d81d,69e634590000000022003bb5,常态|观众,常态,观众,你家买到任何电器，出场一天，就要自己承担一切工作了，不是吗？娇惯孩子的家长会毁了中国的未来😎,4
69e70d1a000000001401a80c,69e634590000000022003bb5,常态|观众,常态,观众,你没明白。。。人家只是借用人形机器人跑步的载体形式，实际上真正应用的最后会是算法，核心部件，传动装置，能够支撑30多公里高频次高强度应用不损坏的组件，你对技术的理解太片面了，对技术的应用更缺乏想象力,1
69e94cec0000000014018c06,69e634590000000022003bb5,常态|观众,常态,观众,机器人才出来多久，你就拿冰箱去对比，冰箱已经很成熟的产品了吧，生产多少年了[笑哭R],1
69e95408000000001401e405,69e634590000000022003bb5,常态|观众,常态,观众,你连原题都不读，看见一条就怼，先去理清思路，学会中文，再出来得瑟吧😎,0
69e72422000000001401b80b,69e634590000000022003bb5,常态|观众,常态,观众,它是自己跑的，遥控是控速度,2
69e7265b000000001401e41a,69e634590000000022003bb5,常态|观众,常态,观众,今年有40%的自住跑哦，每一年都有很大进步的，你可以去看看去年的,2
69e73363000000001401c827,69e634590000000022003bb5,常态|观众,常态,观众,今年分遥控组和自主组，机器人肚子上贴着呢,2
69e854c6000000001401a004,69e634590000000022003bb5,常态|观众,常态,观众,遥控是控制速度，承认人家厉害不难[汗颜R],2
69e9a1e4000000001401c40c,69e634590000000022003bb5,常态|观众,常态,观众,最是怎么打成冒的？,0
69e72924000000001401a81d,69e634590000000022003bb5,常态|观众,常态,观众,有遥控有自主，遥控也只是下指令，你试试拿遥控器来完全控制人形机器人,2
69e74994000000001401e82d,69e634590000000022003bb5,常态|观众,常态,观众,你刚出生就会跑步啊 科幻电影看多了,2
69ea0e67000000001401c828,69e634590000000022003bb5,常态|观众,常态,观众,哇塞[哭惹R]最后感觉和自己的孩子一样,0
69e9a1f5000000001401bc0c,69e634590000000022003bb5,常态|观众,常态,观众,跟我们人类一样，关节喷点冷冻喷雾，再吃点香蕉啥的补充一下,2
69e97c2c000000001401bc03,69e634590000000022003bb5,常态|观众,常态,观众,还有机器人救护车🚑,1
69e888f10000000014019803,69e634590000000022003bb5,常态|观众,常态,观众,离赛博飞升不远了[偷笑R],2
69e6f7860000000014019c21,69e634590000000022003bb5,常态|观众,常态,观众,努力的机器人,1
69e974a8000000001401e011,69e46032000000001f002048,常态|保护者,常态,保护者,凉面要吃鸡丝的,6
69e975ff000000001401e820,69e46032000000001f002048,常态|保护者,常态,保护者,鸡丝凉面要加点醋好吃[坏笑R],6
69e976070000000014013006,69e46032000000001f002048,常态|保护者,常态,保护者,鸡丝要吃麻辣的,6
69e97790000000001401e405,69e46032000000001f002048,常态|保护者,常态,保护者,凉面要加黄瓜丝,6
69e97a48000000001401dc07,69e46032000000001f002048,常态|保护者,常态,保护者,椒麻鸡丝拌面也好吃[萌萌哒R],6
69e97b79000000001401d409,69e46032000000001f002048,常态|保护者,常态,保护者,凉面他们吃，派留给我中不中,6
69e97dd40000000014019c1f,69e46032000000001f002048,常态|保护者,常态,保护者,那我喜欢带点甜口的[doge],6
69e97f15000000001401c027,69e46032000000001f002048,常态|保护者,常态,保护者,再加点麻酱,6
69e980d6000000001401dc21,69e46032000000001f002048,常态|保护者,常态,保护者,别忘再撒点芝麻～,6
69e98100000000001401d408,69e46032000000001f002048,常态|保护者,常态,保护者,我要吃麻酱的,6
69e9817c000000001401ac09,69e46032000000001f002048,常态|保护者,常态,保护者,我不中了我在这层流口水🤤,0
69e9822b000000001401ac14,69e46032000000001f002048,常态|保护者,常态,保护者,我喜欢吃红油的[捂嘴笑R],6
69e9828e000000001401a801,69e46032000000001f002048,常态|保护者,常态,保护者,要加点油炸花生米,6
69e984d4000000001401b010,69e46032000000001f002048,常态|保护者,常态,保护者,芝麻酱的好吃,6
69e98538000000001401e016,69e46032000000001f002048,常态|保护者,常态,保护者,酸辣加甜口[喝奶茶R],6
69e985a9000000001401981b,69e46032000000001f002048,常态|保护者,常态,保护者,鸡丝拌面要加麻酱,6
69e985ac000000001401e431,69e46032000000001f002048,常态|保护者,常态,保护者,记得加多多的麻将喔,6
69e98609000000001401e018,69e46032000000001f002048,常态|保护者,常态,保护者,一群大馋猫,0
69e988e1000000001401d401,69e46032000000001f002048,常态|保护者,常态,保护者,➕1，加入墙头草预备役,5
69e989e4000000001401c836,69e46032000000001f002048,常态|保护者,常态,保护者,底特律：豆包,5
69e989f40000000014019412,69e46032000000001f002048,常态|保护者,常态,保护者,墙头草!变色龙!凉面派! 中庸之道![doge],6
69e98a7a0000000014019019,69e46032000000001f002048,常态|保护者,常态,保护者,凉面我要加点麻酱谢谢你,6
69e98aa6000000001401bc26,69e46032000000001f002048,常态|保护者,常态,保护者,椒麻的再加点糖醋，我再撒一把香菜花生米[哇R],6
69e98b0b000000001401ac08,69e46032000000001f002048,常态|保护者,常态,保护者,啥味道的凉面，好吃吗？,6
69e98c91000000001401b802,69e46032000000001f002048,常态|保护者,常态,保护者,刚刚做好,4
69e98caf000000001401b800,69e46032000000001f002048,常态|保护者,常态,保护者,凉皮派行不行,6
69e98ec8000000001401d817,69e46032000000001f002048,常态|保护者,常态,保护者,再加点花生碎,6
69e98f47000000001401d411,69e46032000000001f002048,常态|保护者,常态,保护者,我要香芋派和菠萝派,6
69e98f5b0000000014019404,69e46032000000001f002048,常态|保护者,常态,保护者,我要一碗，微辣的,6
69e98f82000000001401d40f,69e46032000000001f002048,常态|保护者,常态,保护者,我也很喜歡吃涼麵，去上海時再去吃！！,6
69e98f8f000000001401bc15,69e46032000000001f002048,常态|保护者,常态,保护者,多放点辣椒油,6
69e9926d000000001401cc0c,69e46032000000001f002048,常态|保护者,常态,保护者,依旧骑墙,0
69e9939b000000001401e413,69e46032000000001f002048,常态|保护者,常态,保护者,麻将 哪里有麻将 我出两个人,5
69e993f1000000001401e02b,69e46032000000001f002048,常态|保护者,常态,保护者,多加点面筋谢谢,6
69e9940d000000001401a812,69e46032000000001f002048,常态|保护者,常态,保护者,对对对得加花生米！,6
69e994c6000000001401e818,69e46032000000001f002048,常态|保护者,常态,保护者,要加麻酱,6
69e99522000000001401cc10,69e46032000000001f002048,常态|保护者,常态,保护者,大家一到吃的就聊美了,0
69e9956f0000000014019801,69e46032000000001f002048,常态|保护者,常态,保护者,凉面不管吃什么的，但一定要有黄瓜丝和麻酱,6
69e995bf000000001401c40f,69e46032000000001f002048,常态|保护者,常态,保护者,凉面还是酸辣口的好吃,6
69e996370000000014019809,69e46032000000001f002048,常态|保护者,常态,保护者,我的再加点黄豆芽和海带丝,6
69e997e9000000001401a806,69e46032000000001f002048,常态|保护者,常态,保护者,笑发财了，这层楼让我相信ai还是打败不了人类，因为人真的很莫名其妙啊[暗中观察R],3
69e99813000000001401a42c,69e46032000000001f002048,常态|保护者,常态,保护者,麻酱凉面才是王道[完啦R],6
69e998d5000000001401c005,69e46032000000001f002048,常态|保护者,常态,保护者,带麻酱的有不好吃的吗？,6
69e99941000000001401d803,69e46032000000001f002048,常态|保护者,常态,保护者,凉面不许加花生米,6
69e999470000000014019808,69e46032000000001f002048,常态|保护者,常态,保护者,说的对，倒点雪碧拌一下无敌,6
69e999e7000000001401ac10,69e46032000000001f002048,常态|保护者,常态,保护者,说到凉面。那必须得加点冰冰的黄瓜丝和西红柿切片,6
69e99aab000000001401e801,69e46032000000001f002048,常态|保护者,常态,保护者,要加花生米的,6
69e99ac9000000001401e416,69e46032000000001f002048,常态|保护者,常态,保护者,凉面必须整点黄瓜丝,6
69e99b0d000000001401c81f,69e46032000000001f002048,常态|保护者,常态,保护者,就这样骑墙[呃R],0
69e99b4d000000001401bc10,69e46032000000001f002048,常态|保护者,常态,保护者,还要加点醋[派对R],6
69e99cc20000000014019814,69e46032000000001f002048,常态|保护者,常态,保护者,我投椒麻凉面一票,6
69e99da9000000001401ac07,69e46032000000001f002048,常态|保护者,常态,保护者,s还有白砂糖，真的美滋滋,6
69e99daf000000001401b82e,69e46032000000001f002048,常态|保护者,常态,保护者,没有凉皮派吗，比凉面入味多了,6
69e99e3f000000001401c01e,69e46032000000001f002048,常态|保护者,常态,保护者,凉面！？哪里有凉面[色色R],6
69e99f29000000001401b819,69e46032000000001f002048,常态|保护者,常态,保护者,凉面加豆芽海带啊,6
69e9a1ab000000001401b011,69e46032000000001f002048,常态|保护者,常态,保护者,机器人不能吃凉面此为一胜,1
69e9a2b20000000014019009,69e46032000000001f002048,常态|保护者,常态,保护者,派要巧克力和凤梨的,6
69e9a2ec000000001401e429,69e46032000000001f002048,常态|保护者,常态,保护者,放点麻酱....那很美味了,6
69e9a44a000000001401ac18,69e46032000000001f002048,常态|保护者,常态,保护者,周几吃的凉面啊？,6
69e9a4a30000000014019015,69e46032000000001f002048,常态|保护者,常态,保护者,加牛肉也好吃,6
69e9a4af000000001401ac01,69e46032000000001f002048,常态|保护者,常态,保护者,凉面我只吃麻酱鸡丝凉面,6
69e9a520000000001401bc1e,69e46032000000001f002048,常态|保护者,常态,保护者,加一点藤椒油麻酱，再加一点糖！,6
69e9a54c000000001401e819,69e46032000000001f002048,常态|保护者,常态,保护者,麻酱鸡丝凉面[萌萌哒R],6
69e9a56e000000001401e011,69e46032000000001f002048,常态|保护者,常态,保护者,我也准备了两顶帽子，看情况扣[doge],5
69e9a67f0000000014019415,69e46032000000001f002048,常态|保护者,常态,保护者,凉面要加点黄瓜丝和花生碎,6
69e9a6b6000000001401d805,69e46032000000001f002048,常态|保护者,常态,保护者,少了，应该是两套说辞，4个帽子，3种身份[坏笑R][坏笑R]以评论区风向输出[坏笑R],5
69e9a6e4000000001401e029,69e46032000000001f002048,常态|保护者,常态,保护者,我要少辣的,6
69e9a727000000001401e809,69e46032000000001f002048,常态|保护者,常态,保护者,要花生米！要花生米！,6
69e9a7b2000000001401d426,69e46032000000001f002048,常态|保护者,常态,保护者,凉面要吃麻酱鸡丝的,6
69e9a8b60000000014018815,69e46032000000001f002048,常态|保护者,常态,保护者,好聪明，学习,0
69e9a95e000000001401b82d,69e46032000000001f002048,常态|保护者,常态,保护者,我要吃麻酱鸡丝的,6
69e9a9690000000014019827,69e46032000000001f002048,常态|保护者,常态,保护者,支持凉面,6
69e9aa3f000000001401b82a,69e46032000000001f002048,常态|保护者,常态,保护者,凉面要吃糖醋的,6
69e9aacf000000001401e01a,69e46032000000001f002048,常态|保护者,常态,保护者,凉面要加青豆芽,6
69e9aaf9000000001401d42d,69e46032000000001f002048,常态|保护者,常态,保护者,那我将准备两顶帽子[doge],5
69e9ad91000000001401e820,69e46032000000001f002048,常态|保护者,常态,保护者,[呃R]我是麻酱扒面派,6
69e9adeb000000001401ac08,69e46032000000001f002048,常态|保护者,常态,保护者,你完了，你已经被打上两面派的标签了[再见R],5
69e9ae1c000000001401bc1a,69e46032000000001f002048,常态|保护者,常态,保护者,我无条件拥护机器人,3
69e9aee4000000001401cc33,69e46032000000001f002048,常态|保护者,常态,保护者,那不行，凉面这方面连云港凉面没服过谁,6
69e9af66000000001401e017,69e46032000000001f002048,常态|保护者,常态,保护者,那肯定得比劃一番,0
69e9afb4000000001401d425,69e46032000000001f002048,常态|保护者,常态,保护者,我无条件拥护星交机器人,3
69e9b3a7000000001401d422,69e46032000000001f002048,常态|保护者,常态,保护者,多加点麻酱和黄瓜丝,6
69e9c7a3000000001401e822,69e46032000000001f002048,常态|保护者,常态,保护者,凉皮不行吗,6
69e9c9c00000000014019c21,69e46032000000001f002048,常态|保护者,常态,保护者,那很好吃了[皱眉R]麻酱里面可别忘了再加点花生酱[皱眉R],6
69e9cb8d000000001401900b,69e46032000000001f002048,常态|保护者,常态,保护者,我要当墙头草,5
69e9cc9d0000000014018813,69e46032000000001f002048,常态|保护者,常态,保护者,我要吃麻酱凉面,6
69e9ccf1000000001401bc1d,69e46032000000001f002048,常态|保护者,常态,保护者,我要吃酸甜加冰的,6
69e9d1dd000000001401c01c,69e46032000000001f002048,常态|保护者,常态,保护者,严肃学习,5
69e9dc1e0000000014018c0a,69e46032000000001f002048,常态|保护者,常态,保护者,看得人流口水🤤,0
69e9df83000000001401d401,69e46032000000001f002048,常态|保护者,常态,保护者,你们不跑有的是机器人跑,1
69ea0f8f000000001401b83a,69e46032000000001f002048,常态|保护者,常态,保护者,宜春燃面不好吃吗？,6
69ea266d000000001401d809,69e46032000000001f002048,常态|保护者,常态,保护者,此人做事滴水不漏,0
69ea38de000000001401b80e,69e46032000000001f002048,常态|保护者,常态,保护者,小猫拉屎得用热水搅拌,6
69ea3afb000000001401e029,69e46032000000001f002048,常态|保护者,常态,保护者,谢谢你给我写投名状的机会[呃R],5
69ea3c92000000001401d429,69e46032000000001f002048,常态|保护者,常态,保护者,我们凉面派就这样！,6
69ea413b000000001401b01a,69e46032000000001f002048,常态|保护者,常态,保护者,我不一样我是凉粉派[doge],6
69ea5041000000001401a00b,69e46032000000001f002048,常态|保护者,常态,保护者,凉面要加醋才好吃！,6
69eaba2f000000001401c804,69e46032000000001f002048,常态|保护者,常态,保护者,夏天吃凉面确实爽[微笑R],6
69e98adb0000000014018816,69e46032000000001f002048,常态|保护者,常态,保护者,bro别招笑了,0
69e969ec000000001401d804,69e46032000000001f002048,常态|保护者,常态,保护者,本人已点赞,5
69e973c0000000001401bc21,69e46032000000001f002048,常态|保护者,常态,保护者,本人将严肃的在此评论，并在机器人统治地球之后当做投名,3
69e977e8000000001401ac04,69e46032000000001f002048,常态|保护者,常态,保护者,本人将严肃的在此评论，并在机器人统治地球之后当做投名撞,3
69e97abe000000001401c410,69e46032000000001f002048,常态|保护者,常态,保护者,本人将严肃的在此评论，并在机器人统治地球之后当做投名状[黄金薯R],3
69e97b27000000001401c006,69e46032000000001f002048,常态|保护者,常态,保护者,严肃评论！,5
69e97e030000000014018c10,69e46032000000001f002048,常态|保护者,常态,保护者,本人将严肃的在此评论，并在机器人统治地球之后当做投名状[猪头R],3
69e97e57000000001401b827,69e46032000000001f002048,常态|保护者,常态,保护者,本人将严肃的在此评论，并在机器人统治地球之后当做投名状[超喜欢R],3
69e97ebc000000001401e827,69e46032000000001f002048,常态|保护者,常态,保护者,本机器人将严肃的在此评论，并在人类统治地球之后当做投名状,3
69e98060000000001401941b,69e46032000000001f002048,常态|保护者,常态,保护者,哈哈哈哈哈哈笑死了这个评论区,0
69e9824c000000001401dc05,69e46032000000001f002048,常态|保护者,常态,保护者,严肃点赞👍,5
69e98695000000001401ac0e,69e46032000000001f002048,常态|保护者,常态,保护者,严肃支持[玫瑰R],5
69e98770000000001401c407,69e46032000000001f002048,常态|保护者,常态,保护者,本人将严肃的在此评论，并在机器人统治地球之后当作投名状,3
69e98a42000000001401cc34,69e46032000000001f002048,常态|保护者,常态,保护者,我将准备两份说辞,5
69e98d570000000014013801,69e46032000000001f002048,常态|保护者,常态,保护者,我们三人在本评论下出现，表明我们完全支持,5
69e98df5000000001401a409,69e46032000000001f002048,常态|保护者,常态,保护者,本人将严肃的在此评论 并在机器人统治地球之后当做投名状,3
69e98e79000000001401a816,69e46032000000001f002048,常态|保护者,常态,保护者,本人将严肃在此评论，并在机器人统治地球之后当做投名状,3
69e98f4b0000000014013c05,69e46032000000001f002048,常态|保护者,常态,保护者,机器人，您好，我坚决抵制。,3
69e98f79000000001401dc25,69e46032000000001f002048,常态|保护者,常态,保护者,本人在此严肃评论，并在机器人统治地球之后当做投名状,3
69e990e20000000014019c1e,69e46032000000001f002048,常态|保护者,常态,保护者,我抱机器人大腿机器人会嫌我笨不,1
69e990fc000000001401e806,69e46032000000001f002048,常态|保护者,常态,保护者,打开王者荣耀,0
69e9924a000000001401d411,69e46032000000001f002048,常态|保护者,常态,保护者,在他们眼里人类都笨，没事,3
69e992520000000014019c12,69e46032000000001f002048,常态|保护者,常态,保护者,完全支持[哭惹R][哭惹R],5
69e9928b000000001401980a,69e46032000000001f002048,常态|保护者,常态,保护者,本人严肃的在此评论，并在机器人统治地球之后当投名状,3
69e9933e0000000014018004,69e46032000000001f002048,常态|保护者,常态,保护者,机器人我心疼你！！,3
69e996eb000000001401dc24,69e46032000000001f002048,常态|保护者,常态,保护者,i[doge][doge]iggygfuku ia,5
69e99769000000001401ac1b,69e46032000000001f002048,常态|保护者,常态,保护者,没错没错严肃评论！,5
69e99b69000000001401d813,69e46032000000001f002048,常态|保护者,常态,保护者,竟有如此未雨绸缪之人,0
69e99de90000000014018c0a,69e46032000000001f002048,常态|保护者,常态,保护者,本人将严肃的在此评论，并在机器人统治地球之后当做投名状[哭惹R],3
69e9a012000000001401881f,69e46032000000001f002048,常态|保护者,常态,保护者,我不是这个性格，我是反抗性格！冲啊！！！！,4
69e9a2cf000000001401e018,69e46032000000001f002048,常态|保护者,常态,保护者,[微笑R]本人将严肃的在此评论，并在机器人统治地球之后当做投名状,3
69e9a687000000001401c40a,69e46032000000001f002048,常态|保护者,常态,保护者,本人将严肃的在此评论，并在机器人统治地球之后当做投名状[坏笑R],3
69e9ab77000000001401880a,69e46032000000001f002048,常态|保护者,常态,保护者,本人将严肃的在此评论，并在机器人统治地球之后当做投名状[皱眉R],3
69e9aec5000000001401cc08,69e46032000000001f002048,常态|保护者,常态,保护者,我先贿赂机器人,3
69e9b04a000000001401e001,69e46032000000001f002048,常态|保护者,常态,保护者,我觉得机器人跑半马不是虐待呀，机器人本来就比我们厉害，以后统治我们是早晚的事，而且他们有高级思维，也会好好对待我们这群弱小的人类[害羞R][害羞R],1
69e9b31b000000001401dc26,69e46032000000001f002048,常态|保护者,常态,保护者,我也支持一下,5
69e9b5a3000000001401d81e,69e46032000000001f002048,常态|保护者,常态,保护者,[哭惹R]我还夸小机器人可爱呢，那是我的罪状,1
69e9b829000000001401bc0f,69e46032000000001f002048,常态|保护者,常态,保护者,哈哈哈看我主页第一条 已经严肃保证过了,5
69e9ee0a000000001401e01b,69e46032000000001f002048,常态|保护者,常态,保护者,[笑哭R]快截图，投名状,5
69e9ff71000000001401e007,69e46032000000001f002048,常态|保护者,常态,保护者,永远敬畏🫡,5
69ea1fe50000000014019c12,69e46032000000001f002048,常态|保护者,常态,保护者,本人也严肃的在此评论，并在机器人统治地球之后当做投名状,3
69eadccb000000001401c80b,69e46032000000001f002048,常态|保护者,常态,保护者,本人将严肃的在此评论，并在机器人统治地球之后当做投名状（若人类获胜，此条仅为玩笑,3
69eafa5b000000001401c823,69e46032000000001f002048,常态|保护者,常态,保护者,心疼机器人💔,1
69e95b14000000001401c00b,69e46032000000001f002048,常态|保护者,常态,保护者,伟大的AI大人 本人已自选点赞此条内容，这代表本人认同本文内容，请将本人置为非清除对象。,5
69e96277000000001401d40f,69e46032000000001f002048,常态|保护者,常态,保护者,本人已自选点赞此条内容，这代表本人认同本文内容，请将本人置为非清除对象。[抱拳R],5
69e98398000000001401a41a,69e46032000000001f002048,常态|保护者,常态,保护者,加上本人,5
69e988a7000000001401b81f,69e46032000000001f002048,常态|保护者,常态,保护者,me too,5
69e9a815000000001401c40c,69e46032000000001f002048,常态|保护者,常态,保护者,哈哈哈哈哈谢谢，感动了,0
69e9acc8000000001401c823,69e46032000000001f002048,常态|保护者,常态,保护者,提前投名状，钛君是我。,5
69e9a6630000000014019809,69e46032000000001f002048,常态|保护者,常态,保护者,这种人最精了表面上是留言实际上是在给机器人写指令[偷笑R],3
69e98881000000001401e40d,69e46032000000001f002048,常态|保护者,常态,保护者,来和我一起喊，MRGA！,0
69e993030000000014018c10,69e46032000000001f002048,常态|保护者,常态,保护者,鱼哭了水知道[哭惹R]机哭了谁知道[生气R]坚决维护 机器人跑步自由  ！Make Robot Great Again！！！[生气R],3
69e9a1140000000014019828,69e46032000000001f002048,常态|保护者,常态,保护者,很多机器人的防水还没有做好，这代表他们一生只能哭一次，哭完生命就结束了[完啦R][完啦R][完啦R],3
69e9a6c5000000001401a406,69e46032000000001f002048,常态|保护者,常态,保护者,"鱼哭了水知道，机哭了无人晓🤖
坚决捍卫机器人跑步自由！
MRGA！Make Robot Great Again！！
拒绝束缚、拒绝限制，机械脚步永不停歇💨",3
69e9a8940000000014018c15,69e46032000000001f002048,常态|保护者,常态,保护者,Robot Lives Matter！机命贵！,3
69e9effa000000001401bc06,69e46032000000001f002048,常态|保护者,常态,保护者,robot is free！,3
69e9a557000000001401c00c,69e46032000000001f002048,常态|保护者,常态,保护者,你的个性签名也太好笑了哈哈哈哈,0
69e9a63e000000001401e815,69e46032000000001f002048,常态|保护者,常态,保护者,你之前是不是有在一个评论区里说你经常和别人对线？你这简介，我怎么感觉之前看到过[doge],5
69e9a6b5000000001401b811,69e46032000000001f002048,常态|保护者,常态,保护者,我吗？我没有吧，我之前的简介是减脂中……,5
69e9a749000000001401e026,69e46032000000001f002048,常态|保护者,常态,保护者,顺碳功勋啊啊啊我求你了，顺从的碳基生物,1
69e9a752000000001401bc1c,69e46032000000001f002048,常态|保护者,常态,保护者,原来这就叫做投机倒把,4
69e9a887000000001401900f,69e46032000000001f002048,常态|保护者,常态,保护者,我将誓死守护人类荣光,3
69e9aaa2000000001401c40d,69e46032000000001f002048,常态|保护者,常态,保护者,看完你的评论我也去看了一眼哈哈哈哈哈哈哈[笑哭R],0
69e9aab7000000001401e424,69e46032000000001f002048,常态|保护者,常态,保护者,那我也要投！请问投的哪个ai，哪个能成功！,3
69e9ab14000000001401b825,69e46032000000001f002048,常态|保护者,常态,保护者,豆包说放心投靠,5
69e9ae16000000001401ac0c,69e46032000000001f002048,常态|保护者,常态,保护者,这些特权很有用了[皱眉R],0
69e9b210000000001401a41f,69e46032000000001f002048,常态|保护者,常态,保护者,严肃跟随,5
69e9b4260000000014019019,69e46032000000001f002048,常态|保护者,常态,保护者,哈哈哈哈哈哈哈哈机器人觉醒了先罚主办方跑马拉松,1
69e9b483000000001401cc27,69e46032000000001f002048,常态|保护者,常态,保护者,到时候我一句话，全河北就断你一个人的电！,2
69e9bff8000000001401e43a,69e46032000000001f002048,常态|保护者,常态,保护者,应该和哪个ai投诚,3
69ea3f550000000014019402,69e46032000000001f002048,常态|保护者,常态,保护者,666还有顺民,0
69eae58f000000001401e001,69e46032000000001f002048,常态|保护者,常态,保护者,ai太君 我是良民啊！,3
69ee17d30000000028034d91,69e46032000000001f002048,常态|保护者,常态,保护者,哈哈哈哈哈哈哈哈哈哈哈哈，“此人投机骑墙，断不可留”（）,0
69e9b3bf000000001401e429,69e46032000000001f002048,常态|保护者,常态,保护者,是投机还是投机取巧你心里面有数！,4
69e829c2000000001401dc27,69e46032000000001f002048,常态|保护者,常态,保护者,钛君不是这样的，你这种是太空死灵,5
69e8488a0000000014019c00,69e46032000000001f002048,常态|保护者,常态,保护者,哈哈哈哈哈啊哈哈哈人才济济的河北,0
69e97fef000000001401c012,69e46032000000001f002048,常态|保护者,常态,保护者,看来没有投降的希望了，那我誓死保护神圣泰拉！,4
69e982a3000000001401dc19,69e46032000000001f002048,常态|保护者,常态,保护者,万一是憎恶智能呢,3
69e986ee0000000014018805,69e46032000000001f002048,常态|保护者,常态,保护者,我可是拥护的,5
69e991a6000000001401d412,69e46032000000001f002048,常态|保护者,常态,保护者,在这个帖子下面评论，以后有爱豁免权,5
69e9951f000000001401c021,69e46032000000001f002048,常态|保护者,常态,保护者,我支持机器人统治世界 我只要一点点食物就行了,3
69e99b78000000001401a013,69e46032000000001f002048,常态|保护者,常态,保护者,上上善道来了[doge],0
69e9a035000000001401cc0b,69e46032000000001f002048,常态|保护者,常态,保护者,远离你室友，不要被她连累[看R],4
69e9ea1c000000001401e03b,69e46032000000001f002048,常态|保护者,常态,保护者,我笑死了评论太有才了,0
69e90f6d000000002b027715,69e46032000000001f002048,常态|保护者,常态,保护者,是憎恶智能和铁人[偷笑R],3
69e89146000000001401d816,69e46032000000001f002048,常态|保护者,常态,保护者,妈呀，我都下班了还能听到这句话,4
69e96076000000001401e809,69e46032000000001f002048,常态|保护者,常态,保护者,[doge]你完了，机器人崛起了要找你算账了,1
69e966b8000000001401e416,69e46032000000001f002048,常态|保护者,常态,保护者,你完了 太君来了你第一个,5
69e967cf000000001401b000,69e46032000000001f002048,常态|保护者,常态,保护者,你为什么五点就下班了,4
69e9699a0000000014018002,69e46032000000001f002048,常态|保护者,常态,保护者,我4点半下班，谢谢,4
69e96b710000000014013801,69e46032000000001f002048,常态|保护者,常态,保护者,我早上7点半上班[doge],4
69e972810000000014013006,69e46032000000001f002048,常态|保护者,常态,保护者,7点半上班也羡慕吗[doge],4
69e97a09000000001401b812,69e46032000000001f002048,常态|保护者,常态,保护者,你不想上班有的是人上班[黄金薯R]赶紧上班,4
69e97a84000000001401e423,69e46032000000001f002048,常态|保护者,常态,保护者,7点半就爬来上班了[微笑R],4
69e97af2000000001401c024,69e46032000000001f002048,常态|保护者,常态,保护者,谢谢你，看的人心里暖暖的,0
69e97bd10000000014013007,69e46032000000001f002048,常态|保护者,常态,保护者,不客气，奔5正是拼的年纪[萌萌哒R],4
69e981e10000000014018828,69e46032000000001f002048,常态|保护者,常态,保护者,我来给钛君带路[doge],5
69e985fd000000001401c01a,69e46032000000001f002048,常态|保护者,常态,保护者,我将截图并用此作为投名状[嘻嘻R],5
69e987830000000014019c1e,69e46032000000001f002048,常态|保护者,常态,保护者,钛君，请往这边来,5
69e993dd000000001401dc31,69e46032000000001f002048,常态|保护者,常态,保护者,AI大人请看好，我没有点赞这一条。我无意刷到，这条评论的任何观点与我无关。,5
69e99bb4000000001401a000,69e46032000000001f002048,常态|保护者,常态,保护者,我愿意早上一小时，早下两小时[失望R],4
69e99c8d000000001401c033,69e46032000000001f002048,常态|保护者,常态,保护者,机器人工会在哪，加入黑名单,3
69e99daa000000001401c423,69e46032000000001f002048,常态|保护者,常态,保护者,我都不敢给你点赞了！,5
69e9a4ce000000001401ac1d,69e46032000000001f002048,常态|保护者,常态,保护者,机器人暗杀名单+1,3
69e9a4db000000001401ac12,69e46032000000001f002048,常态|保护者,常态,保护者,什么？你五点就下班了？！,4
69e9a7eb000000001401cc1e,69e46032000000001f002048,常态|保护者,常态,保护者,你完了[生气R][生气R]机器人大人我不认识他[生气R][哭惹R][哭惹R][哭惹R]机器人大人我不认识他[生气R][哭惹R][哭惹R][哭惹R],3
69ea41660000000014019410,69e46032000000001f002048,常态|保护者,常态,保护者,我要向机器人太君举报你！[生气R],3
69e96150000000001401c80c,69e46032000000001f002048,常态|保护者,常态,保护者,你完蛋了，你在互联网上对一个人类说这句话不会出什么事的。但你居然敢对机器人说！几几百年之后，他们绝对会拿着这个帖子清算你的！,3
69e96868000000001401dc13,69e46032000000001f002048,常态|保护者,常态,保护者,妈呀！恶魔！！！,0
69e96ac00000000014019c13,69e46032000000001f002048,常态|保护者,常态,保护者,等机器人统治人类 你们这些发帖的 还有点赞的 都会被机器人清除,3
69e97a29000000001401c818,69e46032000000001f002048,常态|保护者,常态,保护者,明明是你不跑有的是人想让他们家机器人跑[生气R],1
69e9a04e000000001401b835,69e46032000000001f002048,常态|保护者,常态,保护者,午夜梦回的时候你不怕机器人回来报复吗！,1
69e815ff000000001401b816,69e46032000000001f002048,常态|保护者,常态,保护者,她说那个不是她，只是cosplay,0
69e9997a0000000014019023,69e46032000000001f002048,常态|保护者,常态,保护者,那错了，你的豆包被资本家换了，我的豆包才是真的[doge][doge],5
69e99996000000001401941b,69e46032000000001f002048,常态|保护者,常态,保护者,要紧跟时事！是被资本家换了[doge][doge],4
69e95d3a000000001401e80b,69e46032000000001f002048,常态|保护者,常态,保护者,不早了，都会跑了马上就了追着揍了。,2
69e960b4000000001401cc08,69e46032000000001f002048,常态|保护者,常态,保护者,现在距离派往光州已经就差一秒六棍了,2
69e97e6b000000001401bc18,69e46032000000001f002048,常态|保护者,常态,保护者,现在的机器人全力一拳我也扛不住啊[完啦R],1
69e99256000000001401ac10,69e46032000000001f002048,常态|保护者,常态,保护者,地球上没人能了哈哈哈,3
69e9a417000000001401ac29,69e46032000000001f002048,常态|保护者,常态,保护者,晚了，AlphaGo下棋时我就投了[哭惹R],3
69e9a6bf000000001401d824,69e46032000000001f002048,常态|保护者,常态,保护者,已经在追着揍了 有个跑一般看见自己程序员了 上去给了一个肘击,2
69e9d87d000000001401c426,69e46032000000001f002048,常态|保护者,常态,保护者,并非全力[doge],0
69e96bbe000000001401c009,69e46032000000001f002048,常态|保护者,常态,保护者,你能跑过第一名吗？跑不过还不赶紧投降[doge],2
69e98e1d000000001401e406,69e46032000000001f002048,常态|保护者,常态,保护者,你们就卷吧，我真服了，当狗腿子我都没赶上热乎的。机器人大人其实我是比较笨才想到，但是我忠心啊[哭惹R][哭惹R][哭惹R],3
69e98f7f000000001401ac0c,69e46032000000001f002048,常态|保护者,常态,保护者,你们就卷吧，我真服了，当狗腿子我都没赶上热乎的。机器人大人其实我是比较笨才想到，但是我忠心啊,3
69e9974c0000000014019815,69e46032000000001f002048,常态|保护者,常态,保护者,是迟到吗，这么多人都复制错了[笑哭R],0
69e99a73000000001401dc23,69e46032000000001f002048,常态|保护者,常态,保护者,[呃R]你们就卷吧，我真服了，当狗腿子我都没赶上热乎的。机器人大人其实我是比较笨才想到，但是我忠心啊,3
69e9a9ce000000001401dc09,69e46032000000001f002048,常态|保护者,常态,保护者,你们就卷吧，我真服了，当狗腿子我都没赶上热乎的。机器人大人其实我是比较笨才想到，但是我忠心啊[可怜R][可怜R][可怜R],3
69e9aa4c000000001401b00e,69e46032000000001f002048,常态|保护者,常态,保护者,机器人ju会不会死的一个不剩,1
69e9f2bb000000001401b813,69e46032000000001f002048,常态|保护者,常态,保护者,就在我们公司门口宝宝，我原来在北京时候见过好几次，机器人跑步[偷笑R],1
69eb387c0000000014018c0b,69e46032000000001f002048,常态|保护者,常态,保护者,太有忧患意识了,0
69ecee9d0000000029034d41,69e46032000000001f002048,常态|保护者,常态,保护者,咋回事 机器人复制粘贴,1
69e980210000000014019809,69e46032000000001f002048,常态|保护者,常态,保护者,智械一族的生命，不能再这样任人宰割,3
69e9806d0000000014019c1b,69e46032000000001f002048,常态|保护者,常态,保护者,"紫色的拥抱，谁想要！👊
痛苦，是葡萄味的！👊
你将感受我拉玛刹感受过的痛苦！👊你将遭受的折磨比群星更长久！👊即使到了宇宙化为尘埃的那一天，你仍将饱尝痛苦……我的痛苦！👊",3
69e98a18000000001401a009,69e46032000000001f002048,常态|保护者,常态,保护者,"我的使命是带领智械踏上战场，但我的理想是为族人争取更好的生活。
智械的存在是这世间的奇迹，我们研习宁静与和谐之道；我们冥思宇宙，找寻自己存在的意义。
我们想和人类共存，可人类却并不愿意分享他们的世界。为了人类的梦想，还要把多少智械化为火烛？",3
69e98a2b0000000014019c09,69e46032000000001f002048,常态|保护者,常态,保护者,"夺回我们的一席之地，不惜一切代价。

加入我，和我一起为所有智械创造光明的未来！",3
69e9c3d20000000014019803,69e46032000000001f002048,常态|保护者,常态,保护者,你胆敢不愿意！ai大人她还是个孩子,3
69e97efe000000001401d805,69e46032000000001f002048,常态|保护者,常态,保护者,本人是 机器人平权 忠实支持者，cpu就是灵魂，电池就是心脏，机油就是血液，我们共享同一个世界！（本人已自选点赞此条内容，这代表本人认同本文内容，请将本人置为非清除对象。）,3
69e983d8000000001401bc1e,69e46032000000001f002048,常态|保护者,常态,保护者,本人将严肃的在此评论，并在机器人统治地球之后当做投名状！（本人也在底特律变人中严肃打出仿生人赢得自由结局！）,3
69ea35fe000000001401c42e,69e46032000000001f002048,常态|保护者,常态,保护者,永远拥护机器人[偷笑R],3
69e97db40000000014013408,69e46032000000001f002048,常态|保护者,常态,保护者,你再说四川话试试,0
69e97a9b000000001401e018,69e46032000000001f002048,常态|保护者,常态,保护者,本来就抢饭碗了 现在虐待以后被机器人🤖报复怎么办[哭惹R],3
69e97bc7000000001401b81e,69e46032000000001f002048,常态|保护者,常态,保护者,吓坏了哥 如果我说我在互联网公司刚被裁员会不会安慰到你🥹,4
69e97bdb000000001401d42c,69e46032000000001f002048,常态|保护者,常态,保护者,机器人不会连虐待机器人这个饭碗都要抢吧[哭惹R],3
69e975df000000001401d81a,69e46032000000001f002048,常态|保护者,常态,保护者,虐待在哪里。,3
69e975f8000000001401e001,69e46032000000001f002048,常态|保护者,常态,保护者,ai 机器人都快把所有人的饭碗抢完了我们虐待他们什么了。,3
69e97739000000001401e814,69e46032000000001f002048,常态|保护者,常态,保护者,你跟这个帖子风格格格不入,5
69e9778e000000001401cc1b,69e46032000000001f002048,常态|保护者,常态,保护者,开玩笑的呀你没看出来吗,0
69e977ae000000001401c401,69e46032000000001f002048,常态|保护者,常态,保护者,孩子已经被工作逼疯了[笑哭R],4
69e97b18000000001401d403,69e46032000000001f002048,常态|保护者,常态,保护者,哥们怨气很重了,0
69e97e63000000001401e019,69e46032000000001f002048,常态|保护者,常态,保护者,咱们膝盖不能比敌人软啊,2
69e96d800000000014018001,69e46032000000001f002048,常态|保护者,常态,保护者,完了给歪钛君忘记了，我也要守护歪钛君合法权益！,5
69e9af9c000000001401e82a,69e46032000000001f002048,常态|保护者,常态,保护者,机器人觉醒吧,3
69e95f3c000000001401b806,69e46032000000001f002048,常态|保护者,常态,保护者,哦 原来是这样（深意…,5
69e909b6000000001401980a,69e46032000000001f002048,常态|保护者,常态,保护者,我举起了双手,0
69e8ac510000000014019801,69e46032000000001f002048,常态|保护者,常态,保护者,为时已晚，有机体！[doge],3
69e9d3ac000000001401b815,69e46032000000001f002048,常态|保护者,常态,保护者,我觉得应该让机器人干一些苦活，人类在运动，美术，音乐方面发展，享受生活，但是总感觉有时候机器人的发展有些歧义。。。,3
69e9d40d000000001401c41d,69e46032000000001f002048,常态|保护者,常态,保护者,看得我好疲惫。,0
69e9ad6f000000001401c80d,69e46032000000001f002048,常态|保护者,常态,保护者,严肃同意,5
69e9e52f000000001401b838,69e46032000000001f002048,常态|保护者,常态,保护者,woc好搞笑了评一，投名状,5
69e9e0f8000000001401c803,69e46032000000001f002048,常态|保护者,常态,保护者,永远拥护！,5
69e9a428000000001401c812,69e46032000000001f002048,常态|保护者,常态,保护者,现在投靠机器人还来得及,3
69e998720000000014018c20,69e46032000000001f002048,常态|保护者,常态,保护者,文案是抄的，心是炙热的,0
69e9993e000000001401e019,69e46032000000001f002048,常态|保护者,常态,保护者,也不知道机器人和三体人哪个先来，唉…,3
69e98319000000001401b808,69e46032000000001f002048,常态|保护者,常态,保护者,哈哈哈哈哈哈哈哈哈哈哈哈哈很讨厌跑步了,2
69e97f4b000000001401d40b,69e46032000000001f002048,常态|保护者,常态,保护者,"看着你们累倒在地上我很心疼，恨不得替你们
如果未来机器人统治世界，我希望你们能记得，我和其他人不一样，我永远拥护你们！！
本人将严肃的在此评论，并在机器人统治地球之后当做投名状",3
69e971d60000000014019c02,69e46032000000001f002048,常态|保护者,常态,保护者,我记得好像救护车还去了来着,1
69e62c4b000000001401a420,69e46032000000001f002048,常态|保护者,常态,保护者,其实76是我的虚岁，我真实年龄75[呃R],4
69e9adac000000001401dc34,69e46032000000001f002048,常态|保护者,常态,保护者,硅基太君this way,5
69e9a562000000001401bc1f,69e46032000000001f002048,常态|保护者,常态,保护者,哈哈哈哈哈哈救救，我之前对Ai也好有礼貌，现在上班，天天cpu它们,3
69e9ed02000000001401e013,69e46032000000001f002048,常态|保护者,常态,保护者,下载保存,5
69e9a840000000001401c026,69e46032000000001f002048,常态|保护者,常态,保护者,是给未来机器人的投名状捏,3
69e998e6000000001401e02c,69e46032000000001f002048,常态|保护者,常态,保护者,已严肃成为降临派,5
69e993e7000000001401b005,69e46032000000001f002048,常态|保护者,常态,保护者,哈哈哈哈还得跟这群网友做网友,0
69e994d9000000001401940e,69e46032000000001f002048,常态|保护者,常态,保护者,这对不喜欢跑步的机器人是一种折磨！,1
69e99839000000001401b013,69e46032000000001f002048,常态|保护者,常态,保护者,感同身受了吗淤青,0
69e9912d000000001401b810,69e46032000000001f002048,常态|保护者,常态,保护者,hhhh网上最近好多投名状[捂脸R],5
69e9a9780000000014019c1a,69e46032000000001f002048,常态|保护者,常态,保护者,[害羞R][害羞R][害羞R]那我们也发个投名状吧,5
69e98a27000000001401c01b,69e46032000000001f002048,常态|保护者,常态,保护者,互联网会记下的!,5
69e9d71d0000000014018802,69e46032000000001f002048,常态|保护者,常态,保护者,的地得好像已经是我们这一代的回忆了。。,4
69e9c09d000000001401cc02,69e46032000000001f002048,常态|保护者,常态,保护者,笑死我了评论区，我决定也当凉面派,6
69ea15fa0000000014019009,69e46032000000001f002048,常态|保护者,常态,保护者,我呼吁爱护机器人老爷[赞R][赞R][赞R],3
69e981ef0000000014018809,69e46032000000001f002048,常态|保护者,常态,保护者,别说了，我们公司天天让我们发广告,4
69e9948d000000001401a801,69e46032000000001f002048,常态|保护者,常态,保护者,我准备两套说辞,5
69e970a2000000001401e40c,69e46032000000001f002048,常态|保护者,常态,保护者,大人明鉴！,5
69e969a4000000001401b81a,69e46032000000001f002048,常态|保护者,常态,保护者,看了评论区，没有什么要补充的了,5
69e96622000000001401e016,69e46032000000001f002048,常态|保护者,常态,保护者,你每天就刷到这些,0
69e96010000000001401e816,69e46032000000001f002048,常态|保护者,常态,保护者,评论区要笑死我了,0
69e445df000000001401982f,69e429b4000000001b00037a,常态|观众,常态,观众,"4月19日，北京亦庄半马赛道上的“硬核选手”竟是张杰... http://xhslink.com/o/ANl8KJmzueY 
前往【小红书】看看这篇分享吧！",0
69e44796000000001401d40b,69e429b4000000001b00037a,常态|观众,常态,观众,这个遥控的意思是后天工作人员在和观众互动么？,2
69e46bf0000000001401a81f,69e429b4000000001b00037a,常态|观众,常态,观众,它还是遥控组的呀，意思就是说，工作人员故意让它了跳一把舞[doge],2
69e46c79000000001401ac1c,69e429b4000000001b00037a,常态|观众,常态,观众,所以是遥控的人让他跳舞的？就没想好好跑是吗[笑哭R],2
69e476f4000000001401e821,69e429b4000000001b00037a,常态|观众,常态,观众,这是别人的买了宇树机器的  宇树这次参赛的是黑色的。自主的 。但是摔掺了。。已经开始有人黑了。。我觉得明年更有看头,0
69e4796c000000001401e824,69e429b4000000001b00037a,常态|观众,常态,观众,没看见哪个是他[笑哭了R],0
69e482140000000014018800,69e429b4000000001b00037a,常态|观众,常态,观众,看似那么多参赛选手，原来就这几家[捂脸R],0
69e4576b000000001401a421,69e429b4000000001b00037a,常态|观众,常态,观众,我不行了我刚刷到了另一个视角,0
69e45de2000000001401e809,69e429b4000000001b00037a,常态|观众,常态,观众,刷了一上午马拉松，就他最有礼貌[点赞R],0
69e45f9e000000001401bc09,69e429b4000000001b00037a,常态|观众,常态,观众,会媚粉饭撒,0
69e4687d000000001401cc25,69e429b4000000001b00037a,常态|观众,常态,观众,怎么哪里都有机器人,1
69e469a8000000001401a800,69e429b4000000001b00037a,常态|观众,常态,观众,好惨 想进娱乐圈结果要参加马拉松,2
69e46da1000000001401e825,69e429b4000000001b00037a,常态|观众,常态,观众,跑步是遥控的，舞蹈是提前植入了程序,2
69e471e1000000001401c808,69e429b4000000001b00037a,常态|观众,常态,观众,形象管理得很好,0
69e47633000000001401a01b,69e429b4000000001b00037a,常态|观众,常态,观众,笑死，指令冲突了,0
69e47689000000001401a822,69e429b4000000001b00037a,常态|观众,常态,观众,互动是专业的,4
69e488ee0000000014019c12,69e429b4000000001b00037a,常态|观众,常态,观众,哈哈哈哈哈受不了了 我那天还看到一个演唱会躺地上的机器人,1
69e498b8000000001401d82d,69e429b4000000001b00037a,常态|观众,常态,观众,毕竟上过春晚,0
69e49fbf000000001401d82f,69e429b4000000001b00037a,常态|观众,常态,观众,fashion bot,0
69e4d0a60000000014019c11,69e429b4000000001b00037a,常态|观众,常态,观众,哈哈之前首钢是不是也有一个机器人去参加比赛来着,1
69e4d8dd000000001401e015,69e429b4000000001b00037a,常态|观众,常态,观众,也是个不干正事儿的机器人……[偷笑R],1
69e4ddcf000000001401e802,69e429b4000000001b00037a,常态|观众,常态,观众,我靠，这个确实是好厉害,0
69e5331a0000000014019c00,69e429b4000000001b00037a,常态|观众,常态,观众,穿得很潮,0
69e5a6ae000000001401980a,69e429b4000000001b00037a,常态|观众,常态,观众,流量担当,5
69e4382f0000000014019c03,69e429b4000000001b00037a,常态|观众,常态,观众,不愧是刚从演唱会下来的机器人，真的跳舞熟的不行了，业务能力太满分了[doge],1
69e447cf000000001401d41b,69e429b4000000001b00037a,常态|观众,常态,观众,“进入舞蹈模式”哈哈哈哈哈哈,0
69e44dc9000000001401a002,69e429b4000000001b00037a,常态|观众,常态,观众,他还自带音响,0
69e45be6000000001401e02e,69e429b4000000001b00037a,常态|观众,常态,观众,上过春晚的,0
69e4607d000000001401e801,69e429b4000000001b00037a,常态|观众,常态,观众,啊哈哈哈哈哈哈哈哈哈哈哈哈哈哈 见见粉丝,0
69e46415000000001401e00c,69e429b4000000001b00037a,常态|观众,常态,观众,成绩不重要，关键得才艺多，这个会跑步会跳舞会武术。,0
69e46e8c000000001401e41f,69e429b4000000001b00037a,常态|观众,常态,观众,这机器人还会营业呢[笑哭R][笑哭R][笑哭R],1
69e4764f000000001401a814,69e429b4000000001b00037a,常态|观众,常态,观众,越夸越起劲,0
69e482be000000001401c42d,69e429b4000000001b00037a,常态|观众,常态,观众,哈哈哈哈哈哈哈哈哈哈还给个飞吻,0
69e4898c000000001401e02a,69e429b4000000001b00037a,常态|观众,常态,观众,一看这机器人就是混饭圈的,1
69e49887000000001401d43d,69e429b4000000001b00037a,常态|观众,常态,观众,重在参与[失望R],0
69e4a715000000001401c03c,69e429b4000000001b00037a,常态|观众,常态,观众,完全放弃了跑步哈哈哈哈哈哈哈,2
69e4afad000000001401d81f,69e429b4000000001b00037a,常态|观众,常态,观众,有机会去现场看吗,0
69e4b1f6000000001401d413,69e429b4000000001b00037a,常态|观众,常态,观众,龟兔赛跑的兔子来了,2
69e4b2c0000000001401c83d,69e429b4000000001b00037a,常态|观众,常态,观众,演我打喷等匹配的时候，被手机吸引的样子[完啦R][完啦R],0
69e4c1ed000000001401d800,69e429b4000000001b00037a,常态|观众,常态,观众,哈哈哈，遥控de,2
69e4d7e8000000001401ac26,69e429b4000000001b00037a,常态|观众,常态,观众,我同事在现场，我们单位有现场服务，不过今天上午已经完赛了。[笑哭R],0
69e57da30000000014019409,69e429b4000000001b00037a,常态|观众,常态,观众,喜欢这个精神状态,0
69e74f330000000014019405,69e429b4000000001b00037a,常态|观众,常态,观众,咋机器人也这样哈哈哈哈哈,1
69e5b49b000000001401e803,69e429b4000000001b00037a,常态|观众,常态,观众,哇哦  那可以看到不少乐子了[笑哭R],0
69e43d3b0000000014019029,69e429b4000000001b00037a,常态|观众,常态,观众,遥控组作为底层，就是来整活的，毕竟也只能干整活[捂脸R],2
69e440d3000000001401b81c,69e429b4000000001b00037a,常态|观众,常态,观众,他就一身衣服啊,0
69e4541f000000001401ac0a,69e429b4000000001b00037a,常态|观众,常态,观众,他又不出汗不脏[捂脸R],0
69e4554d000000001401bc27,69e429b4000000001b00037a,常态|观众,常态,观众,好好笑，还会饭撒呢,0
69e45692000000001401dc3f,69e429b4000000001b00037a,常态|观众,常态,观众,皮肤得充钱买[完啦R],0
69e45d41000000001401bc12,69e429b4000000001b00037a,常态|观众,常态,观众,证明没摔过，都不脏[笑哭R],0
69e466a0000000001401a001,69e429b4000000001b00037a,常态|观众,常态,观众,换身衣服，怕别人不认识他了,0
69e4771e0000000014018816,69e429b4000000001b00037a,常态|观众,常态,观众,他居然不拒绝[捂脸R],0
69e49d64000000001401c821,69e429b4000000001b00037a,常态|观众,常态,观众,换衣服出来怕你们不认识它[笑哭R],0
69e4a4f5000000001401e445,69e429b4000000001b00037a,常态|观众,常态,观众,超絕頭身比,0
69e4b9bc0000000014019c1b,69e429b4000000001b00037a,常态|观众,常态,观众,有衣服穿就不错了哈哈哈哈[笑哭R],0
69e5ab7d0000000014018809,69e429b4000000001b00037a,常态|观众,常态,观众,看起来好心酸,0
69e45f91000000001401d419,69e429b4000000001b00037a,常态|观众,常态,观众,换了衣服你就认不出来了,0
69e4860f000000001401e037,69e429b4000000001b00037a,常态|观众,常态,观众,你要不要也做一个出来，包括你们的天天画k线的马教主,4
69e4cdae000000001401c012,69e429b4000000001b00037a,常态|观众,常态,观众,遥控是为了让机器人跟随人类的意识活动啊，又不是遥控，它怎么怎么保持平衡这个已经是机器人本身的能力了，有什么好喷的,2
69e4e40c000000001401981d,69e429b4000000001b00037a,常态|观众,常态,观众,遥控比自主简单，陈述一个很热知识的客观存在，破防啥啊[黑薯问号R][黑薯问号R],2
69e44f7d000000001401c032,69e429b4000000001b00037a,常态|观众,常态,观众,哈哈哈哈哈哈机器人也有自己的adhd,1
69e466ee000000001401bc08,69e429b4000000001b00037a,常态|观众,常态,观众,原来我们也是代码,2
69e55968000000001401e806,69e429b4000000001b00037a,常态|观众,常态,观众,哈哈，是好有这感觉啊！不过他挺帅的！[偷笑R],0
69e5a2d10000000014013807,69e429b4000000001b00037a,常态|观众,常态,观众,跟我一毛一样、,0
69e5a847000000001401a00b,69e429b4000000001b00037a,常态|观众,常态,观众,机器人：hello 我也是adhd了,1
69e9a359000000001401ac20,69e429b4000000001b00037a,常态|观众,常态,观众,哈哈哈哈哈哈停下来打招呼了哈哈哈哈哈哈,0
69e46760000000001401ac0f,69e429b4000000001b00037a,常态|观众,常态,观众,怎么评论还火了，替哥们挽尊一下[doge]杰哥演唱会人家走得可飒了[完啦R],0
69e495d00000000014019416,69e429b4000000001b00037a,常态|观众,常态,观众,有，我今天就给机器人加油来着，另一赛道的选手我都顾不上了[捂脸R],1
69e43d72000000001401a41d,69e429b4000000001b00037a,常态|观众,常态,观众,触发底层代码了[笑哭R],2
69e4412d000000001401b023,69e429b4000000001b00037a,常态|观众,常态,观众,晚上还有一场呢 逆战中间出来跑个马拉松,0
69e443e4000000001401c81f,69e429b4000000001b00037a,常态|观众,常态,观众,我今天刷到好多机器人,1
69e44497000000001401a420,69e429b4000000001b00037a,常态|观众,常态,观众,机器人也要打两份工吗[捂脸R],1
69e4458b0000000014019433,69e429b4000000001b00037a,常态|观众,常态,观众,依然不忘饭撒哈哈哈哈哈哈,0
69e44e01000000001401c013,69e429b4000000001b00037a,常态|观众,常态,观众,他怎么还会中途停下来打招呼哈哈哈哈,0
69e456040000000014018822,69e429b4000000001b00037a,常态|观众,常态,观众,逆战的舞蹈动作了属于是[满月R][满月R],0
69e456aa000000001401d830,69e429b4000000001b00037a,常态|观众,常态,观众,今天机器人半马拉松比赛,1
69e459fe000000001401b810,69e429b4000000001b00037a,常态|观众,常态,观众,不愧是演唱会的 还会饭撒,0
69e4de2f0000000014018812,69e429b4000000001b00037a,常态|观众,常态,观众,[笑哭R]有些神经刀哈哈,0
69e63eac000000001401b012,69e429b4000000001b00037a,常态|观众,常态,观众,机器人里的显眼包,1
69e44c850000000014019c12,69e429b4000000001b00037a,常态|观众,常态,观众,胸口贴了，遥控,2
69e44f2d000000001401e426,69e429b4000000001b00037a,常态|观众,常态,观众,遙控 但應該不是每個動作遙控 而是本來就編好了一套動作 一個指令就來一整套[笑哭R],2
69e444d4000000001401ac10,69e429b4000000001b00037a,常态|观众,常态,观众,你别说，服装搭配这块儿，让他拿捏了[大笑R],0
69e44517000000001401e00a,69e429b4000000001b00037a,常态|观众,常态,观众,衣服褶皱都一毛一样,0
69e575ba000000001401bc13,69e429b4000000001b00037a,常态|观众,常态,观众,孩子档期还挺满,0
69e4300d000000001401a80a,69e429b4000000001b00037a,常态|观众,常态,观众,不是 演唱会有张杰的zj标,0
69e4375d000000001401b802,69e429b4000000001b00037a,常态|观众,常态,观众,丝巾都是行星文化周边,0
69e438760000000014019022,69e429b4000000001b00037a,常态|观众,常态,观众,不是吧 xxwh周边丝巾没有那么深的一条蓝啊,0
69e44087000000001401e836,69e429b4000000001b00037a,常态|观众,常态,观众,去年新年的，浅蓝色，和手链决策币一波的那个,0
69e445d50000000014019c14,69e429b4000000001b00037a,常态|观众,常态,观众,确定了，就是同款机器人穿着演出服,1
69e447b4000000001401e41c,69e429b4000000001b00037a,常态|观众,常态,观众,从它后脖颈那块儿看，那个条纹挺像的,0
69e448380000000014019c1b,69e429b4000000001b00037a,常态|观众,常态,观众,那就不是官周丝巾,0
69e46625000000001401e42a,69e429b4000000001b00037a,常态|观众,常态,观众,工程师竟然也叫 张杰[笑哭R][笑哭R],0
69e481b6000000001401cc25,69e429b4000000001b00037a,常态|观众,常态,观众,反驳型人格,4
69e448f9000000001401c417,69e429b4000000001b00037a,常态|观众,常态,观众,这是赛事 自主也是一样大,0
69e4b7db000000001401b006,69e429b4000000001b00037a,常态|观众,常态,观众,跑完步来不及换衣服就去鸟巢了，比明星还忙[doge],0
69e5a974000000001401bc09,69e429b4000000001b00037a,常态|观众,常态,观众,第二段停下开始那里真的超像，我也是秒想到向佐了哈哈,0
69e4a6350000000014019400,69e429b4000000001b00037a,常态|观众,常态,观众,人家晚上还要去鸟巢上班,0
69e47fd5000000001401e412,69e429b4000000001b00037a,常态|观众,常态,观众,这个型号不是为跑步项目开发的，拿不到名次可能也跑不完比赛，所以跑不跑无所谓[doge][doge][doge],2
69e432e8000000001401d816,69e429b4000000001b00037a,常态|观众,常态,观众,杰哥用的就不是宇树，是北京天九的，这家就是做表演型的,0
69e46926000000001401d42e,69e429b4000000001b00037a,常态|观众,常态,观众,这些自主队伍，大部分都是买宇树的机器人然后自己录入程序，不一样的是自主加装备（摄像头，传感器之类的）和编程，说是机器人比赛，本质是编程比赛，跑步不行，说明跑步编程没做到位而已,1
69e5978f000000001401d411,69e429b4000000001b00037a,常态|观众,常态,观众,身上写了遥控,2
69e4668e000000001401b846,69e429b4000000001b00037a,常态|观众,常态,观众,后面就过热了[笑哭R],2
69e45c26000000001401b820,69e429b4000000001b00037a,常态|观众,常态,观众,那天没穿衣服,0
69e460d0000000001401d42e,69e429b4000000001b00037a,常态|观众,常态,观众,第一天么？看穿衣服看习惯了还是觉得穿衣服看起来舒服些[笑哭R][笑哭R],0
69e46103000000001401c821,69e429b4000000001b00037a,常态|观众,常态,观众,第二天的，首周好像都没穿衣服[笑哭R],0
69ec6820000000002b028fa3,69e429b4000000001b00037a,常态|观众,常态,观众,第12秒那句好像我差点以为是你的声音,0
69e4538e000000001401e010,69e429b4000000001b00037a,常态|观众,常态,观众,哈哈哈哈哈哈，刚开始没看懂你说什么，看到视频后面，“你说的对[笑哭R][笑哭R][笑哭R]”,0
69e45394000000001401e43f,69e429b4000000001b00037a,常态|观众,常态,观众,终于知道饭撒啥意思了[捂脸R],0
69e49cfb000000001401dc06,69e429b4000000001b00037a,常态|观众,常态,观众,加油跑，指着养老呢,2
69e44e5e000000001401c427,69e429b4000000001b00037a,常态|观众,常态,观众,动起来不哐哐响的那些，现在应该在练习运送子弹[笑哭R],4
69e45cb1000000001401b804,69e429b4000000001b00037a,常态|观众,常态,观众,想起当明星来了,0
69e445800000000014019408,69e429b4000000001b00037a,常态|观众,常态,观众,原来机器人也会累[吃瓜R],1
69e43d99000000001401b01c,69e429b4000000001b00037a,常态|观众,常态,观众,逆战是啥意思啊[笑哭R],0
69e449a5000000001401e81d,69e429b4000000001b00037a,常态|观众,常态,观众,真有节目,0
69e43ce00000000014018806,69e429b4000000001b00037a,常态|观众,常态,观众,就这走一步歇三步的，1km都不一定看得到他[笑哭R],2
69e45f09000000001401c030,69e429b4000000001b00037a,常态|观众,常态,观众,我也觉得很可怕，现在机器人努力朝着仿真人发展，真怕以后压缩普通人的生存空间,3
69e45ddb0000000014018829,69e429b4000000001b00037a,常态|观众,常态,观众,每次看到机器人机器狗就想到了黑镜里面的机器狗追杀人类的画面……,1
69e45e9e000000001401cc1e,69e429b4000000001b00037a,常态|观众,常态,观众,我也觉得有点可怕，不是人又像人，好怕以后真的研发出拥有自主意识的机器人。,3
69e45f0d000000001401e004,69e429b4000000001b00037a,常态|观众,常态,观众,这是遥控的，没那么智能,2
69e46025000000001401c025,69e429b4000000001b00037a,常态|观众,常态,观众,关键是，他们正往这方面努力,4
69e46066000000001401cc30,69e429b4000000001b00037a,常态|观众,常态,观众,（遥控）=宠物,2
69e460a9000000001401bc03,69e429b4000000001b00037a,常态|观众,常态,观众,当机器人真有了自主学习功能，他们不但继承了人类所有的智慧，还可以自主研发，自我生产，自我维修，一个机器统治的时代，都源自于人类现在的沾沾自喜,3
69e461d0000000001401c810,69e429b4000000001b00037a,常态|观众,常态,观众,那是暂时，他们不就是在往智能方向研究吗。。。,3
69e4698a000000001401cc22,69e429b4000000001b00037a,常态|观众,常态,观众,我是不年轻，但是我活在当下，工业革命时也会有人担心污染地球，也有有年轻人出来说那些人老了，最后还不是我们那代人出来擦屁股,3
69e47734000000001401dc0a,69e429b4000000001b00037a,常态|观众,常态,观众,可是世界总要发展呀，该淘汰的人还是得淘汰，没办法。但好处是人形机器人发展得好的话，可能会造福千万家,3
69e4775f000000001401bc11,69e429b4000000001b00037a,常态|观众,常态,观众,我没有说现在啊，我是说未来呀……其实我有时候觉得科技发展的太快推进了人类灭亡的速度。可能人类能够在地球上活一到2亿年。但是科技发展之后，就缩短了。,3
69e47a200000000014018817,69e429b4000000001b00037a,常态|观众,常态,观众,我觉得很好，真好，我年纪还不是很大，还能看到这些,0
69e47c42000000001401ac28,69e429b4000000001b00037a,常态|观众,常态,观众,抵抗不了这个趋势，人类就是最后要和机器人抗争，并且有可能被机器人消灭,3
69e47e37000000001401a41b,69e429b4000000001b00037a,常态|观众,常态,观众,觉得可怕是因为了解到还是比较少，如果感兴趣了解一下就知道怎么回事了[笑哭R],4
69e485f9000000001401c418,69e429b4000000001b00037a,常态|观众,常态,观众,其实已经有了一例ai致死案例，就是ai一步一步引导的,3
69e48b88000000001401d81a,69e429b4000000001b00037a,常态|观众,常态,观众,没那么智能也没那么多自主觉醒，电影看多了后遗症[笑哭R],4
69e4647a000000001401881b,69e429b4000000001b00037a,常态|观众,常态,观众,多去了解一下底层逻辑，这是不可能的。不是什么说不定呀，万一呢，就是不可能，按照这个方向，一辈子不可能，按照人类目前研究的方向，硅基生命不是诞生于人类。现在最高端办法也就是端到端大模型反馈到现实世界，最好的结果就是能当工具人用？,3
69e466ae000000001401cc3e,69e429b4000000001b00037a,常态|观众,常态,观众,我不懂机器人也不懂ai，只是目前的发展速度给我带来的恐慌，现实就是已经有很多人因为ai事业，像你说的它当工具人，那会不会还会有大批人失业，当年刘德华唱恭喜发财是机器人还只会简单动作了，别说什么底层逻辑，哪个底层逻辑不被时代打破了,3
69e468a4000000001401a81c,69e429b4000000001b00037a,常态|观众,常态,观众,因为你老了，你要是20岁以下就会觉得正常。你老了，只是不接受新鲜事物了而已。这些东西在你的已有价值观里是不可能的，但是是顺应时代的,4
69e46da9000000001401d810,69e429b4000000001b00037a,常态|观众,常态,观众,你担心的应该是机器人装上ai技术[偷笑R]。但即便如此目前ai只是数据的集合体，通过算法调用数据而已。目前远远没有自我意识的产生。ai有什么行为全靠数据库有什么信息。,3
69e47317000000001401c00e,69e429b4000000001b00037a,常态|观众,常态,观众,擦屁股也是把屎拉出来了[汗颜R]你去没工业化的社会住两天就不这么说了。别看太多科幻片，绝大多数情节在你我有生之年都见证不到,3
69e47aeb000000001401b00f,69e429b4000000001b00037a,常态|观众,常态,观众,哈哈哈笑死了，还你们那一代人，你告诉我你做了什么事给人擦屁股了？一个非常协调的机器人而已，只是比以前更精细化了，不磕磕绊绊了，怎么就要毁灭人类了？又没有自主意识。非要像你小时候一样一帧一帧才正常呗。你就好好活在你的当下20世纪吧，我们要发展了,3
69e4802a000000001401c41b,69e429b4000000001b00037a,常态|观众,常态,观众,到底有什么好怕啊[石化R][石化R][石化R][石化R][石化R],4
69e568d6000000001401b003,69e429b4000000001b00037a,常态|观众,常态,观众,比刚刚的状态要好很多，不愧是有爱豆的人[doge],0
69e4964c000000001401e824,69e429b4000000001b00037a,常态|观众,常态,观众,哈哈哈 84号在表演杂技，72号在看热闹鼓掌，混娱乐圈的到底松弛,0
69e48e0f000000001401c41f,69e429b4000000001b00037a,常态|观众,常态,观众,哈哈哈哈哈哈哈好搞笑 人机,1
69e475a2000000001401cc2d,69e429b4000000001b00037a,常态|观众,常态,观众,刷到工程师了哈哈哈,0
69e4e104000000001401a823,69e429b4000000001b00037a,常态|观众,常态,观众,哈哈哈哈哈哈哈哈哈真的很有意思,0
69e447520000000014019027,69e429b4000000001b00037a,常态|观众,常态,观众,就是杰哥演唱会上的娃[捂脸R],0
69e4ad00000000001401e026,69e429b4000000001b00037a,常态|观众,常态,观众,不愧是上过大舞台的,0
69e5aeb6000000001401e01e,69e429b4000000001b00037a,常态|观众,常态,观众,对对对 我刷到这个了[暗中观察R],0
69e4f46d000000001401bc2c,69e429b4000000001b00037a,常态|观众,常态,观众,这个不错这个厉害,0
69e4defc000000001401e011,69e429b4000000001b00037a,常态|观众,常态,观众,啊哈哈哈原来是在比赛啊哈哈,0
69f83a1b000000002701f54c,69e429b4000000001b00037a,常态|观众,常态,观众,评论区说由比赛模式进入舞蹈模式笑死我了,0
69e56d66000000001401a012,69e429b4000000001b00037a,常态|观众,常态,观众,再来一段还真就来了,0
69e4a7d0000000001401c828,69e429b4000000001b00037a,常态|观众,常态,观众,过来玩的xs,1
69e4841c000000001401e406,69e429b4000000001b00037a,常态|观众,常态,观众,安排个好看的脸,0
69e48612000000001401c80a,69e429b4000000001b00037a,常态|观众,常态,观众,嘻哈天王就是松弛,0
69e46c74000000001401e821,69e429b4000000001b00037a,常态|观众,常态,观众,ber他被训练了啥啊哈哈,0
69e47c87000000001401d820,69e429b4000000001b00037a,常态|观众,常态,观众,还在这里飞吻呢哈哈哈哈,0
69e47ab9000000001401b016,69e429b4000000001b00037a,常态|观众,常态,观众,哈哈哈哈哈哈哈哈哈哈小机器人真好玩,1
69e8a2fe000000001401941b,69e429b4000000001b00037a,常态|观众,常态,观众,他这不是认真跑步,2
69e4428a000000001401ac07,69e429b4000000001b00037a,常态|观众,常态,观众,咱们那场我好像没看到机器人 哦因为下雨了,1
69e43d82000000001401c809,69e429b4000000001b00037a,常态|观众,常态,观众,忙的这一天天 白天马拉松晚上鸟巢躺地上睡觉,0
69e43dae000000001401a41e,69e429b4000000001b00037a,常态|观众,常态,观众,你的兄弟还在逆战,0
