帖子id,帖子标题,帖子点赞数,帖子评论数,comment_level,comment_id,parent_comment_id,user_id,content,comment_time,location,like_count,reply_count,char_len,post_category,robot_status,human_role,effective_token_count,robot_status_group,topic
69e463df000000001b003017,"

",3270.0,219.0,2,69e5b1e0000000001401ac13,69e5af30000000001401a00f,5ce9329d00000000160281b1,遥控的要加时间，加权后才是最终成绩,2026.04.20,河南,118.0,,17,强势|服务者,强势,服务者,6,强势成功,0
69e447d2000000001d01aa01,"当算法有了腿，程序员万万没想到……

",,2912.0,2,69e5ec700000000014019c1f,69e49549000000001401902c,5eb9567e000000000100057e,物理跟紧这个项目,2026.04.20,四川,109.0,,8,强势|服务者,强势,服务者,3,强势成功,0
69da7e87000000001a03484e,"今晚的亦庄机器人马拉松测试

",,8169.0,2,69dabac4000000000d037827,69dab64a0000000016015dcc,5f8804fb000000000100921c,今年分组别，自主导航组和遥控组，速度也都提升很大。,2026.04.12,美国,86.0,,25,强势|观众,强势,观众,9,强势成功,0
69e463df000000001b003017,"

",3270.0,219.0,1,69e5af30000000001401a00f,,5ffdda72000000000100a6c6,竟然是自主的夺冠了，遥控的怎么会输给自主[捂脸R],2026.04.20,山西,75.0,7.0,25,强势|服务者,强势,服务者,6,强势成功,0
69e481e8000000002003ad94,"

",,,2,69e48b8d000000001401c421,69e48adf000000001401b835,6672635e000000000d0257d0,这个前面的标签写的很清楚，是自主的。不是遥控。,2026.04.19,北京,63.0,,23,强势|服务者,强势,服务者,5,强势成功,0
69e46730000000001d0199c8,"

",,761.0,1,69e4b56c000000001401e82f,,657c35cc0000000020035899,也就是遥控玩具吧,2026.04.19,陕西,51.0,35.0,8,强势|观众,强势,观众,2,强势成功,0
69e4412a000000002103883f,"荣耀闪电队-齐天大圣夺冠！

",3517.0,445.0,2,69e4763b000000001401d416,69e475840000000014019008,5c124415f7e8b957900d0ee5,有30％是自主跑的，70％是遥控的,2026.04.19,北京,47.0,,17,强势|观众,强势,观众,4,强势成功,0
69e447d2000000001d01aa01,"当算法有了腿，程序员万万没想到……

",,2912.0,2,69e47e46000000001401bc1e,69e47dbc000000001401bc0e,66fa4bb8000000000d0272b6,这次有40％不用跑，看腰部贴纸写了“自主”的就是。以后会越来越多，你可以关注具身智能话题。,2026.04.19,上海,45.0,,45,强势|服务者,强势,服务者,10,强势成功,0
69e4551e000000001f005895,"荣耀机器人赢麻了🤖我觉得它表情在嘲讽我

",,816.0,2,69e4a4c6000000001401dc17,69e47f9e0000000014018803,5ceab7c3000000001102d391,不是的，这个是自主的，前三都是这个外形自主的，用时最快的是50分多，摔了一下48分多的那个是这个外形遥控的，遥控的需要1.2倍加权算最终成绩,2026.04.19,山东,43.0,,70,强势|被超越者,强势,被超越者,19,强势成功,0
69e46730000000001d0199c8,"

",,761.0,2,69e4dd1d000000001401e433,69e4db8c000000001401b823,62319693000000001000c401,有自主的和遥控的两个类别,2026.04.19,山西,43.0,,12,强势|观众,强势,观众,4,强势成功,0
69e447d2000000001d01aa01,"当算法有了腿，程序员万万没想到……

",,2912.0,2,69e45c8b000000001401b833,69e45575000000001401e004,630603ee000000001200298b,今年马拉松有自主/无遥控组,2026.04.19,江苏,40.0,,13,强势|服务者,强势,服务者,4,强势成功,0
69e481e8000000002003ad94,"

",,,1,69e5babd0000000014019c1f,,61760afe000000001f03d228,完全非自主，就是大号遥控玩具🪀,2026.04.20,广东,39.0,21.0,15,强势|服务者,强势,服务者,5,强势成功,0
69e481e8000000002003ad94,"

",,,2,69e5cb7c000000001401c821,69e5babd0000000014019c1f,5e61061000000000010051ff,上面都贴了自主，应该是补给的时候可以遥控，完了回到赛道后开始自主。官方都说了分为遥控和自主两个组。,2026.04.20,河南,35.0,,49,强势|服务者,强势,服务者,13,强势成功,0
69e463df000000001b003017,"

",3270.0,219.0,2,69e60002000000001401c019,69e5af30000000001401a00f,666e33cb0000000003031057,说实话，遥控的第一个冲线，但是遥控的成绩要乘1.2[笑哭R],2026.04.20,江西,28.0,,30,强势|服务者,强势,服务者,7,强势成功,0
69e46730000000001d0199c8,"

",,761.0,2,69e4f11b000000001401c027,69e4db8c000000001401b823,62e8ffa5000000001f006316,机器人分两个组别，一个是自主组一个是遥控组，而且遥控机器人也是机器人呀。,2026.04.19,广西,27.0,,36,强势|观众,强势,观众,8,强势成功,0
69e48341000000001a02d0c4,"机器人马拉松，我们看乐了，西方人看破防了🤣

",3931.0,1022.0,2,69e56c99000000001401c003,69e5690a000000001401c001,63e77c2600000000260119bb,让您失望了，40%自主的,2026.04.20,陕西,26.0,,12,强势|观众,强势,观众,3,强势成功,0
69e481e8000000002003ad94,"

",,,2,69e48bc5000000001401d825,69e48adf000000001401b835,63954af4000000002702b22c,紫色衣服拿那么大个遥控跟着跑,2026.04.19,重庆,20.0,,14,强势|服务者,强势,服务者,5,强势成功,0
69e481e8000000002003ad94,"

",,,2,69e4927b000000001401c01a,69e490bc000000001401ac0d,5e14419700000000010085c2,有两组 一个自主一个遥控 按照1 和1.2复权,2026.04.19,新西兰,18.0,,23,强势|服务者,强势,服务者,6,强势成功,0
69e481e8000000002003ad94,"

",,,2,69e48d77000000001401c01f,69e48cf30000000014018c28,55600248c2bdeb2494be1082,这不是遥控的，这是自主跑的,2026.04.19,北京,18.0,,13,强势|服务者,强势,服务者,2,强势成功,0
69e463df000000001b003017,"

",3270.0,219.0,2,69e5b9010000000014018c1b,69e5af30000000001401a00f,565eff9a82ec3924d4ee5238,遥控的时间要乘1.2,2026.04.20,江苏,17.0,,10,强势|服务者,强势,服务者,3,强势成功,0
69e463df000000001b003017,"

",3270.0,219.0,2,69e4c24c000000001401c419,69e4b196000000001401a001,635492b5000000001802d09c,自主组的第九号,2026.04.19,河南,17.0,,7,强势|服务者,强势,服务者,2,强势成功,0
69e48341000000001a02d0c4,"机器人马拉松，我们看乐了，西方人看破防了🤣

",3931.0,1022.0,2,69e5a9970000000014019414,69e5690a000000001401c001,64e442fc000000000100641d,有两个组别，自主导航和遥控的。遥控组的冠军最终成绩是48分19秒。自主导航组的冠军稍微慢一点，跑了50分26秒。这两个成绩都超越了人类的世界记录。,2026.04.20,上海,17.0,,73,强势|观众,强势,观众,24,强势成功,0
69e481e8000000002003ad94,"

",,,2,69e48ff5000000001401900c,69e48adf000000001401b835,63ff29a3000000001001dab0,两个组，自主导航和遥控组，这个是自主导航组的,2026.04.19,江苏,16.0,,22,强势|服务者,强势,服务者,6,强势成功,0
69e481e8000000002003ad94,"

",,,1,69e49908000000001401bc36,,604db7120000000001005e8f,拿遥控这小哥不得累死,2026.04.19,四川,15.0,4.0,10,强势|服务者,强势,服务者,4,强势成功,0
69e463df000000001b003017,"

",3270.0,219.0,2,69e5b0b8000000001401bc26,69e5af30000000001401a00f,5bceda9af7e8b96d17330340,遥控要加权,2026.04.20,广东,15.0,,5,强势|服务者,强势,服务者,2,强势成功,0
69e481e8000000002003ad94,"

",,,1,69e48adf000000001401b835,,61ea6f0200000000100073d3,全程要人遥控控制？,2026.04.19,广东,13.0,37.0,9,强势|服务者,强势,服务者,4,强势成功,0
69e45dbe000000001f00434f,"机器人跑马拉松超越人类？

",4650.0,773.0,2,69e4dbdf000000001401e827,69e4ac4c0000000014019407,5f9199ce000000000101cb9f,夺冠的前三名都是自主的,2026.04.19,四川,12.0,,11,强势|观众,强势,观众,3,强势成功,0
69e481e8000000002003ad94,"

",,,1,69e490bc000000001401ac0d,,693a4be40000000039012711,后面人拿的不是遥控器吗？,2026.04.19,辽宁,11.0,19.0,12,强势|服务者,强势,服务者,3,强势成功,0
69e45dbe000000001f00434f,"机器人跑马拉松超越人类？

",4650.0,773.0,2,69e56038000000001401e808,69e51ffc000000001401ac00,60bc4ea30000000001005a02,不懂就别乱喷，今年半数自主导航,2026.04.20,广西,11.0,,15,强势|观众,强势,观众,5,强势成功,0
69e447d2000000001d01aa01,"当算法有了腿，程序员万万没想到……

",,2912.0,2,69e4f7c3000000001401980c,69e4ace1000000001401b02e,5b121f91e8ac2b19ad66de2f,分自主跟遥控两组,2026.04.19,广东,11.0,,8,强势|服务者,强势,服务者,3,强势成功,0
69da7e87000000001a03484e,"今晚的亦庄机器人马拉松测试

",,8169.0,1,69da9a3500000000010073ef,,5991139c50c4b459b6942b69,我就知道是因为你小子使劲儿跑步呢[生气R][生气R],2026.04.12,北京,1046.0,36.0,26,强势|观众,强势,观众,5,强势成功,1
69e45dbe000000001f00434f,"机器人跑马拉松超越人类？

",4650.0,773.0,2,69e4e324000000001401b024,69e4e279000000001401a41b,5ea82e9700000000010093f0,轻松优雅最像人类,2026.04.19,北京,365.0,,8,强势|观众,强势,观众,4,强势成功,1
69e46730000000001d0199c8,"

",,761.0,1,69e4d3db000000001401b839,,621b75550000000021021d38,这个最像人跑步👍,2026.04.19,广东,254.0,8.0,8,强势|观众,强势,观众,3,强势成功,1
69e45dbe000000001f00434f,"机器人跑马拉松超越人类？

",4650.0,773.0,2,69e4e5fc000000001401a811,69e4e279000000001401a41b,656bcc32000000001902e486,我真惊讶了，最像人,2026.04.19,广东,109.0,,9,强势|观众,强势,观众,3,强势成功,1
69e4551e000000001f005895,"荣耀机器人赢麻了🤖我觉得它表情在嘲讽我

",,816.0,2,69e486e2000000001401a003,69e47f9e0000000014018803,63239ad8000000002303db4d,太疯狂了[捂脸R][捂脸R][捂脸R]48分钟我还在10公里处,2026.04.19,北京,98.0,,31,强势|被超越者,强势,被超越者,5,强势成功,1
69e4551e000000001f005895,"荣耀机器人赢麻了🤖我觉得它表情在嘲讽我

",,816.0,1,69e47f9e0000000014018803,,6673c5c80000000007006bbc,没看清，这是多少配速,2026.04.19,山西,78.0,11.0,10,强势|被超越者,强势,被超越者,3,强势成功,1
69e4551e000000001f005895,"荣耀机器人赢麻了🤖我觉得它表情在嘲讽我

",,816.0,2,69e5087a000000001401c819,69e5051f000000001401c419,5c6d3332000000001001161c,48分钟二十公里[笑哭R]我觉得人应该没那么快,2026.04.20,浙江,68.0,,23,强势|被超越者,强势,被超越者,4,强势成功,1
69e4551e000000001f005895,"荣耀机器人赢麻了🤖我觉得它表情在嘲讽我

",,816.0,2,69e48a13000000001401940a,69e47f9e0000000014018803,5bfff069000000000701b757,它真的超级快[捂脸R]快到有点反应不过来,2026.04.19,北京,51.0,,20,强势|被超越者,强势,被超越者,5,强势成功,1
69e45dbe000000001f00434f,"机器人跑马拉松超越人类？

",4650.0,773.0,2,69e501c50000000014018803,69e4e279000000001401a41b,62bfd886000000001b029a9e,体态最好[偷笑R],2026.04.20,广东,50.0,,9,强势|观众,强势,观众,2,强势成功,1
69e4551e000000001f005895,"荣耀机器人赢麻了🤖我觉得它表情在嘲讽我

",,816.0,1,69e48b36000000001401c808,,5976af1d6a6a695142bde0d9,这速度好像堪比电瓶车，估计有50-60码了,2026.04.19,浙江,38.0,4.0,21,强势|被超越者,强势,被超越者,7,强势成功,1
69e4551e000000001f005895,"荣耀机器人赢麻了🤖我觉得它表情在嘲讽我

",,816.0,1,69e47395000000001401e037,,6340e2bd000000001802c875,喘气儿的跑不过烧电的！,2026.04.19,山西,36.0,1.0,11,强势|被超越者,强势,被超越者,3,强势成功,1
69e46730000000001d0199c8,"

",,761.0,2,69e52c01000000001401e000,69e52051000000001401bc02,62fcf4df00000000120012b0,对50分撞线，超级快,2026.04.20,北京,36.0,,10,强势|观众,强势,观众,3,强势成功,1
69e46730000000001d0199c8,"

",,761.0,1,69e4ba66000000001401c80f,,66e5a91f000000000b031b4e,第三个有一点点像薛之谦，别打我[捂脸R],2026.04.19,北京,35.0,4.0,20,强势|观众,强势,观众,4,强势成功,1
69e481e8000000002003ad94,"

",,,2,69e5a398000000001401dc26,69e4a4c50000000014018c1e,5b5ed4de6b58b70ab1faab60,幼儿跑步的时候，也一样一个台阶就废,2026.04.20,北京,28.0,,17,强势|服务者,强势,服务者,4,强势成功,1
69da7e87000000001a03484e,"今晚的亦庄机器人马拉松测试

",,8169.0,2,69daf33f00000000350230e1,69daf1a9000000000103c4f0,64d071ac000000000e025281,以后穿上361就没声音了,2026.04.12,山东,26.0,,12,强势|观众,强势,观众,2,强势成功,1
69e45dbe000000001f00434f,"机器人跑马拉松超越人类？

",4650.0,773.0,2,69e50dbb000000001401e410,69e50619000000001401ac01,5b58a9244eacab5b7a338705,现在能这样跑20公里 以后就能在月球上跑20公里,2026.04.20,广东,15.0,,24,强势|观众,强势,观众,6,强势成功,1
69e46730000000001d0199c8,"

",,761.0,1,69e5ca520000000014018c0d,,5f30b7960000000001008fb7,这几个最像跑马拉松跑不动了,2026.04.20,广东,13.0,3.0,13,强势|观众,强势,观众,4,强势成功,1
69e4412a000000002103883f,"荣耀闪电队-齐天大圣夺冠！

",3517.0,445.0,1,69e460fe000000001401c835,,5c167c930000000006037e3a,真有个跑的披头散发的[笑哭R],2026.04.19,福建,12.0,2.0,15,强势|观众,强势,观众,2,强势成功,1
69da7e87000000001a03484e,"今晚的亦庄机器人马拉松测试

",,8169.0,2,69daf17400000000150002d0,69daef220000000035024590,5cd0b61b0000000016017d08,背着跑比坐救护车更体面是吗[黑薯问号R],2026.04.12,上海,12.0,,20,强势|观众,强势,观众,3,强势成功,1
69e45dbe000000001f00434f,"机器人跑马拉松超越人类？

",4650.0,773.0,1,69e719b70000000014019429,,57b11d0aa9b2ed1ab459f532,第一个感觉好快,2026.04.21,江苏,11.0,2.0,7,强势|观众,强势,观众,2,强势成功,1
69da7e87000000001a03484e,"今晚的亦庄机器人马拉松测试

",,8169.0,2,69dafce500000000020289b3,69dafc3a0000000035010a34,65ad2140000000001302f49d,这个跑步动作标准，身体前倾,2026.04.12,浙江,11.0,,13,强势|观众,强势,观众,5,强势成功,1
69e45dbe000000001f00434f,"机器人跑马拉松超越人类？

",4650.0,773.0,2,69e5c1b20000000014018004,69e5bbf30000000014018c1e,5a9ab361e8ac2b6e8eda1c8b,还有网友让小派穿那种走路时[失望R]踩下去带声音的宝宝鞋,2026.04.20,浙江,9.0,,28,强势|观众,强势,观众,7,强势成功,1
69da7e87000000001a03484e,"今晚的亦庄机器人马拉松测试

",,8169.0,2,69daee3b000000000d035292,69dac8d7000000000c0319f8,608840160000000001005fe4,前摆高度不够呢，这个是膝主导跑法,2026.04.12,上海,8.0,,16,强势|观众,强势,观众,4,强势成功,1
69e4551e000000001f005895,"荣耀机器人赢麻了🤖我觉得它表情在嘲讽我

",,816.0,2,69e823730000000014019822,69e5051f000000001401c419,5b944d20c327a90001bd64de,它们这应该是类人跑记录的创造者。,2026.04.22,河北,7.0,,16,强势|被超越者,强势,被超越者,3,强势成功,1
69e48341000000001a02d0c4,"机器人马拉松，我们看乐了，西方人看破防了🤣

",3931.0,1022.0,2,69e4b48f000000001401c805,69e4a6ec000000001401a013,5c336a0f0000000007013417,那个我怎么看怎么像奔跑的烤鸡,2026.04.19,湖南,7.0,,14,强势|观众,强势,观众,2,强势成功,1
69e4551e000000001f005895,"荣耀机器人赢麻了🤖我觉得它表情在嘲讽我

",,816.0,1,69e4959d000000001401a027,,5ab1faf311be10423602072c,我追了一个 415的配速 累死我了,2026.04.19,北京,6.0,2.0,17,强势|被超越者,强势,被超越者,3,强势成功,1
69e44278000000001a0217bb,"机器人超过我的瞬间

",6019.0,372.0,1,69e88206000000001401e421,,591622066a6a693a393e7ef2,大哥，看您这个视频好欢乐呀，您边跑边看热闹的这状态真好[偷笑R],2026.04.22,湖南,5.0,1.0,32,强势|被超越者,强势,被超越者,5,强势成功,1
69da7e87000000001a03484e,"今晚的亦庄机器人马拉松测试

",,8169.0,1,69db6a20000000003501f3f1,,61d6ca8a000000001000a915,第四个才是人类跑步的姿势[笑哭R],2026.04.12,山东,5.0,1.0,17,强势|观众,强势,观众,4,强势成功,1
69da7e87000000001a03484e,"今晚的亦庄机器人马拉松测试

",,8169.0,1,69dafdfa000000003501f893,,5bc8164c135a4700015658e1,感觉最后一个跑步姿势相对正确，重心也靠前，是往前冲的那种。别的都是坐姿跑,2026.04.12,河北,5.0,1.0,36,强势|观众,强势,观众,10,强势成功,1
69da7e87000000001a03484e,"今晚的亦庄机器人马拉松测试

",,8169.0,1,69dade1b000000000d03f669,,5fd0db310000000001006ce5,速度都起来了,2026.04.12,北京,5.0,1.0,6,强势|观众,强势,观众,2,强势成功,1
69e481e8000000002003ad94,"

",,,2,69e71e44000000001401a023,69e71b47000000001401ac15,5c580827000000001103107a,打仗时候可以绑炸弹冲在前面，火场救援，灾区救援,2026.04.21,河南,290.0,,23,强势|服务者,强势,服务者,7,强势成功,2
69e481e8000000002003ad94,"

",,,2,69e493050000000014019008,69e490ae000000001401d42a,67fb1389000000000e011fa0,为巷战、为丛林战做准备。,2026.04.19,湖南,217.0,,12,强势|服务者,强势,服务者,3,强势成功,2
69e4551e000000001f005895,"荣耀机器人赢麻了🤖我觉得它表情在嘲讽我

",,816.0,1,69e4c0ce000000001401980e,,60fc0523000000002002fa5a,这玩意加个强化外壳，装上遥控炸药，想拦住不太容易呀[笑哭R],2026.04.19,辽宁,93.0,7.0,30,强势|被超越者,强势,被超越者,9,强势成功,2
69da7e87000000001a03484e,"今晚的亦庄机器人马拉松测试

",,8169.0,1,69db0fce0000000015005918,,62d827ae0000000002001e7e,可以用于灾害救援啊这个,2026.04.12,广东,91.0,34.0,11,强势|观众,强势,观众,3,强势成功,2
69da7e87000000001a03484e,"今晚的亦庄机器人马拉松测试

",,8169.0,2,69db0fe10000000014009cfb,69db0fce0000000015005918,62d827ae0000000002001e7e,从火场里救人，咻咻咻的就跑出来了,2026.04.12,广东,63.0,,16,强势|观众,强势,观众,3,强势成功,2
69e4551e000000001f005895,"荣耀机器人赢麻了🤖我觉得它表情在嘲讽我

",,816.0,2,69e4998e000000001401dc16,69e48d160000000014018c1b,645886ad000000001f03039a,在战场上不需要跑死，只要接近就完犊子了[捂脸R],2026.04.19,辽宁,61.0,,24,强势|被超越者,强势,被超越者,5,强势成功,2
69e481e8000000002003ad94,"

",,,2,69e5776f000000001401d408,69e571d9000000001401c009,5eccc46e0000000001002848,当他拿起枪保护你，炸掉对方时你就觉得都值得,2026.04.20,海南,61.0,,21,强势|服务者,强势,服务者,5,强势成功,2
69e481e8000000002003ad94,"

",,,2,69e584f3000000001401b809,69e5841a000000001401d81f,642ce676000000000801849b,打仗就能少死三个人了[点赞R],2026.04.20,湖南,59.0,,15,强势|服务者,强势,服务者,3,强势成功,2
69da7e87000000001a03484e,"今晚的亦庄机器人马拉松测试

",,8169.0,1,69db12970000000035018b53,,61efc8f500000000210240ff,这nb了 这要是上战场了…,2026.04.12,北京,54.0,19.0,13,强势|观众,强势,观众,3,强势成功,2
69e481e8000000002003ad94,"

",,,2,69e57617000000001401d80b,69e571d9000000001401c009,647c1a9b000000001001d907,战场上，战士们不用再背着炸药包了。,2026.04.20,河南,35.0,,17,强势|服务者,强势,服务者,5,强势成功,2
69e44278000000001a0217bb,"机器人超过我的瞬间

",6019.0,372.0,2,69e5d522000000001401e428,69e5c985000000001401cc14,5cf9dbbc000000001000b90f,白活这么大了 导弹都接不住,2026.04.20,上海,25.0,,13,强势|被超越者,强势,被超越者,3,强势成功,2
69da7e87000000001a03484e,"今晚的亦庄机器人马拉松测试

",,8169.0,2,69dadc3900000000020342f7,69dadbd3000000000103dd83,632a650600000000230271fd,放战场上你就知道了[笑哭R],2026.04.12,北京,23.0,,14,强势|观众,强势,观众,2,强势成功,2
69e481e8000000002003ad94,"

",,,1,69e49b9f0000000014019c07,,642643e5000000001f032066,确实可以上战场了，人员配齐就行,2026.04.19,湖南,21.0,4.0,15,强势|服务者,强势,服务者,5,强势成功,2
69e481e8000000002003ad94,"

",,,2,69e722f60000000014019011,69e7223d0000000014018c02,63d0bcf0000000002702a242,没意义？战场和恶劣天气的时候，你去执行任务？[doge],2026.04.21,广东,21.0,,28,强势|服务者,强势,服务者,6,强势成功,2
69da7e87000000001a03484e,"今晚的亦庄机器人马拉松测试

",,8169.0,2,69dad4b900000000140087f1,69dad438000000003503068b,5b6add956b58b77e4d909ed6,从民用到军用 都会有用的 放心吧,2026.04.12,上海,19.0,,16,强势|观众,强势,观众,4,强势成功,2
69e44278000000001a0217bb,"机器人超过我的瞬间

",6019.0,372.0,1,69e480d7000000001401e02e,,66343c2c0000000003030984,如果战场上，他拿个枪，就是个大麻烦,2026.04.19,北京,18.0,18.0,17,强势|被超越者,强势,被超越者,3,强势成功,2
69e481e8000000002003ad94,"

",,,2,69e57656000000001401e809,69e571d9000000001401c009,618bd62900000000100061e8,军用民用,2026.04.20,河南,15.0,,4,强势|服务者,强势,服务者,2,强势成功,2
69da7e87000000001a03484e,"今晚的亦庄机器人马拉松测试

",,8169.0,2,69dbfa6b000000000d03dcc4,69dba1b50000000001005940,64589da0000000002a009e77,明年应该就能拿冲锋枪了[doge],2026.04.13,江苏,14.0,,17,强势|观众,强势,观众,2,强势成功,2
69e481e8000000002003ad94,"

",,,2,69e575890000000014019814,69e574d70000000014019810,5fdc4c7200000000010075c1,真打仗和救援了，你愿意做冲上去那个还是后方维护那个？,2026.04.20,湖北,14.0,,26,强势|服务者,强势,服务者,6,强势成功,2
69da7e87000000001a03484e,"今晚的亦庄机器人马拉松测试

",,8169.0,1,69dba1b50000000001005940,,5d37cfd700000000100145f0,太吓人了 这玩意儿要是军事化应用，那人类还能活吗,2026.04.12,北京,13.0,9.0,24,强势|观众,强势,观众,7,强势成功,2
69e481e8000000002003ad94,"

",,,1,69e5ac19000000001401a80f,,691743360000000037008e46,他是不是去了不该去的地方，为啥要做关键部位消杀。。。[笑哭R],2026.04.20,四川,11.0,5.0,31,强势|服务者,强势,服务者,5,强势成功,2
69da7e87000000001a03484e,"今晚的亦庄机器人马拉松测试

",,8169.0,2,69db177300000000350197da,69db12970000000035018b53,61efc8f500000000210240ff,关键是这玩意开几枪打不死[笑哭R]体能力量还比人强,2026.04.12,北京,11.0,,25,强势|观众,强势,观众,7,强势成功,2
69da7e87000000001a03484e,"今晚的亦庄机器人马拉松测试

",,8169.0,2,69db19c30000000002034510,69db12970000000035018b53,63abb50900000000270280a0,一边跑一边举枪就不笑了[偷笑R],2026.04.12,上海,11.0,,16,强势|观众,强势,观众,3,强势成功,2
69e481e8000000002003ad94,"

",,,2,69e570970000000014019c00,69e4a81a000000001401e809,642455e40000000012013bb6,觉醒的时候能少抽你两鞭子[doge],2026.04.20,辽宁,11.0,,18,强势|服务者,强势,服务者,3,强势成功,2
69e481e8000000002003ad94,"

",,,2,69e6e96e000000001401cc12,69e6e77e0000000014019c03,55a0a8465894462928b7a913,打个仗救个援也是极好的 无论什么从无到有都是种突破 你说是吧,2026.04.21,上海,11.0,,30,强势|服务者,强势,服务者,6,强势成功,2
69e463df000000001b003017,"

",3270.0,219.0,2,69e6ce90000000001401e002,69e5818d000000001401a001,5bf7a125edf09e0001ed17c5,就算刺杀人也是人在背后操控[汗颜R],2026.04.21,福建,11.0,,18,强势|服务者,强势,服务者,6,强势成功,2
69da7e87000000001a03484e,"今晚的亦庄机器人马拉松测试

",,8169.0,1,69db15d6000000003502d6a5,,69cb273e000000003202940f,为以后追杀人类做准备[偷笑R],2026.04.12,浙江,10.0,2.0,15,强势|观众,强势,观众,3,强势成功,2
69da7e87000000001a03484e,"今晚的亦庄机器人马拉松测试

",,8169.0,1,69db0790000000003503255c,,559656bb62a60c325cd4a2da,背个遥控起爆型TNT3公斤。100美元换他几百万美元的战地坦克。堡垒地道战。,2026.04.12,北京,10.0,7.0,38,强势|观众,强势,观众,12,强势成功,2
69da7e87000000001a03484e,"今晚的亦庄机器人马拉松测试

",,8169.0,2,69dadc780000000035032760,69dadbd3000000000103dd83,59283b9350c4b4155ca1b691,带上🔫，带上💣，🤖×200，冲锋号一响。想都不敢想。,2026.04.12,浙江,10.0,,26,强势|观众,强势,观众,6,强势成功,2
69e481e8000000002003ad94,"

",,,2,69e519f8000000001401bc10,69e51893000000001401e006,654cb5c7000000000202899a,先别笑，没准以后他会替代你的子孙后代上战场。,2026.04.20,河北,8.0,,22,强势|服务者,强势,服务者,6,强势成功,2
69e481e8000000002003ad94,"

",,,2,69e492de000000001401d809,69e490ae000000001401d42a,651a3fa30000000024014f22,因为人形可以和人本身结合起来，他可以用人的装备，人的武器，人也可以用他们的,2026.04.19,山东,907.0,,37,强势|服务者,强势,服务者,10,强势成功,3
69e481e8000000002003ad94,"

",,,2,69e5731c000000001401a017,69e571d9000000001401c009,61d9801000000000100071f8,很简单的理解。为什么是人型，因为这个社会所有的设施都按人为基准建的。你想，造一个人出来，首先要教会这个人走路，跑步啊，这才只是最简单的一步。只能说现在是刚学会走路跑步的一两岁小孩子。,2026.04.20,北京,251.0,,91,强势|服务者,强势,服务者,25,强势成功,3
69e48341000000001a02d0c4,"机器人马拉松，我们看乐了，西方人看破防了🤣

",3931.0,1022.0,2,69e49974000000001401c404,69e495f6000000001401e015,678a4be8000000000e01e9d7,还有问为啥要做成人形的,2026.04.19,天津,80.0,,11,强势|观众,强势,观众,2,强势成功,3
69da7e87000000001a03484e,"今晚的亦庄机器人马拉松测试

",,8169.0,2,69db0336000000000d036d47,69db02c8000000003501de1d,64f710a700000000040260ca,做成人形，就是各行各业通用,2026.04.12,广东,62.0,,13,强势|观众,强势,观众,4,强势成功,3
69da7e87000000001a03484e,"今晚的亦庄机器人马拉松测试

",,8169.0,2,69db0b33000000003502e0aa,69db09350000000035018759,643a7915000000001400eef8,它是替人干活的[捂脸R]而所有的工业设备都是适配人类的，机器人人型更方便,2026.04.12,内蒙古,41.0,,36,强势|观众,强势,观众,10,强势成功,3
69da7e87000000001a03484e,"今晚的亦庄机器人马拉松测试

",,8169.0,2,69db18770000000015001c5b,69db17fd0000000001004b62,610d6123000000000100b83a,机器人做成狗那还能叫机器人嘛,2026.04.12,陕西,38.0,,14,强势|观众,强势,观众,4,强势成功,3
69e481e8000000002003ad94,"

",,,1,69e625ea000000001401c824,,59016ae06a6a697664112864,人形机器人就是圈钱用的。大家看看乐呵乐呵就行了。,2026.04.20,内蒙古,34.0,17.0,24,强势|服务者,强势,服务者,6,强势成功,3
69da7e87000000001a03484e,"今晚的亦庄机器人马拉松测试

",,8169.0,1,69db0d990000000001006f53,,6456f785000000002901183a,很多人都会说，把机器做成人形有什么意义？……有没有一种可能，那是我们以后的身体,2026.04.12,湖南,21.0,7.0,39,强势|观众,强势,观众,9,强势成功,3
69da7e87000000001a03484e,"今晚的亦庄机器人马拉松测试

",,8169.0,2,69db187a00000000350260a0,69db17fd0000000001004b62,65c5959a0000000011018d2d,可以做人做的事 现有建筑都按这个设计,2026.04.12,澳大利亚,21.0,,18,强势|观众,强势,观众,4,强势成功,3
69e481e8000000002003ad94,"

",,,2,69e4947b000000001401c02f,69e490ae000000001401d42a,5dbc22d8000000000100a45a,1.为打仗做准备 2.生活环境是按照人形需求建立的，比如台阶的高矮、门把手的高低、地铁的缝隙，等等,2026.04.19,上海,17.0,,49,强势|服务者,强势,服务者,16,强势成功,3
69e481e8000000002003ad94,"

",,,2,69e5a34f000000001401bc17,69e5a177000000001401c82e,65fe69bd000000000b00ede1,只有长得像人才能完整适应人类为人类自己开发的工具。你会跑步，会做饭，会上楼梯，会开车，机器人同时具备这些能力，人形就是最好的答案,2026.04.20,山东,17.0,,64,强势|服务者,强势,服务者,22,强势成功,3
69da7e87000000001a03484e,"今晚的亦庄机器人马拉松测试

",,8169.0,2,69db0382000000001500a840,69db02c8000000003501de1d,5b46dfc76b58b75d7993013d,人形是对技术的挑战,2026.04.12,广东,14.0,,9,强势|观众,强势,观众,3,强势成功,3
69da7e87000000001a03484e,"今晚的亦庄机器人马拉松测试

",,8169.0,2,69db3f480000000002028659,69db2eba000000003501189f,5aa640a311be104abd0c24aa,人类社会是按人的需求建设的，仿生机器人仿人类肯定是主要方向之一，这样最具有泛用性。,2026.04.12,浙江,13.0,,41,强势|观众,强势,观众,14,强势成功,3
69e48341000000001a02d0c4,"机器人马拉松，我们看乐了，西方人看破防了🤣

",3931.0,1022.0,2,69e57aee0000000014019c03,69e57a210000000014018c0e,5f7750cb000000000100879b,加一个：为什么非要做成人形的？[暗中观察R],2026.04.20,广东,12.0,,22,强势|观众,强势,观众,4,强势成功,3
69da7e87000000001a03484e,"今晚的亦庄机器人马拉松测试

",,8169.0,2,69db0220000000000c0318c3,69db01250000000015007221,621f945900000000210207a4,目前来看人形实用性不高，但都是对软硬件和算法的考验。运动控制感知通讯电池等缺一个都做不出来，都是给以后做铺垫的，就像婴儿不会爬就不会走，不会走就不会跑,2026.04.12,广东,11.0,,75,强势|观众,强势,观众,15,强势成功,3
69da7e87000000001a03484e,"今晚的亦庄机器人马拉松测试

",,8169.0,2,69db08e700000000150085c0,69db06f4000000000d036c86,63d3b4420000000026005040,因为是仿人，有双臂保持平衡,2026.04.12,山东,10.0,,13,强势|观众,强势,观众,3,强势成功,3
69e46730000000001d0199c8,"

",,761.0,2,69e4bb7e000000001401b020,69e4b56c000000001401e82f,62dac45d000000001f0146ed,人形机器人好几十个自由度，你要是实时都能控制，使其不摔倒，还能跑步，你就是最强大脑,2026.04.19,德国,10.0,,41,强势|观众,强势,观众,10,强势成功,3
69e45dbe000000001f00434f,"机器人跑马拉松超越人类？

",4650.0,773.0,2,69e4f5650000000014019818,69e4e279000000001401a41b,61658a89000000001f03a124,毕竟设计之初就是为了模仿人类，不像他同事闪电为了夺冠而生[doge],2026.04.19,河南,9.0,,34,强势|观众,强势,观众,12,强势成功,3
69e48341000000001a02d0c4,"机器人马拉松，我们看乐了，西方人看破防了🤣

",3931.0,1022.0,2,69e583e2000000001401dc0f,69e57a210000000014018c0e,5e3948fd0000000001002a55,看到好多问这个问题了，咱也不懂人形机器人比赛不做成人形的做成啥形的，就好像在问马术比赛为啥不骑猪一样[笑哭R],2026.04.20,北京,9.0,,55,强势|观众,强势,观众,12,强势成功,3
69da7e87000000001a03484e,"今晚的亦庄机器人马拉松测试

",,8169.0,1,69db17fd0000000001004b62,,60cc8ad0000000000101d32e,就搞不懂为什么执着要做成人型的。,2026.04.12,甘肃,8.0,18.0,16,强势|观众,强势,观众,4,强势成功,3
69e481e8000000002003ad94,"

",,,2,69e6c544000000001401dc1a,69e592e5000000001401dc07,61ae291b0000000021022951,大部分工具都是为人类设计的，人形机器可以无缝衔接，没必额外适配套件,2026.04.21,澳大利亚,8.0,,33,强势|服务者,强势,服务者,12,强势成功,3
69e46730000000001d0199c8,"

",,761.0,2,69e594f00000000014019010,69e54d60000000001401c002,5da2d522000000000100bebe,材料，动力系统，平衡系统，电池系统，视觉系统，软件控制，芯片算法。人形机器人基本整合了现代工业最重要的基础。,2026.04.20,上海,8.0,,54,强势|观众,强势,观众,19,强势成功,3
69da7e87000000001a03484e,"今晚的亦庄机器人马拉松测试

",,8169.0,1,69db24d8000000003502195b,,5dce58dd0000000001005fd1,"看到评论区里还是有很多质疑人形机器人意义的…
非人形机器人可以运用在很多工业细分场景，但你的厨房、医院病房等等很多场景都是为人设计的。人形机器人的一个很大的意义就在于它有机会适配几乎所有给人类设计的场景，而不是只能停留在工厂流水线上。",2026.04.12,北京,7.0,1.0,117,强势|观众,强势,观众,35,强势成功,3
69e45dbe000000001f00434f,"机器人跑马拉松超越人类？

",4650.0,773.0,1,69e50619000000001401ac01,,632054030000000023025901,人类为什么这么执着搞人形机器人,2026.04.20,山西,7.0,33.0,15,强势|观众,强势,观众,4,强势成功,3
69da7e87000000001a03484e,"今晚的亦庄机器人马拉松测试

",,8169.0,2,69db3e43000000003501f444,69db2eba000000003501189f,6406e417000000002a008955,机器人未来是服务人类代替人类完成一些工作，所以是按照人类外形设计能更好融入场景，比如要去柜子上面取放东西，比如要搀扶照顾老人等等，懂了吧？,2026.04.12,湖北,7.0,,69,强势|观众,强势,观众,25,强势成功,3
69da7e87000000001a03484e,"今晚的亦庄机器人马拉松测试

",,8169.0,2,69db0200000000000103de9e,69daf96f0000000015001390,6129dae1000000000100afdb,做成人形是因为现有的所有设施都是按照普通人的人体工学来设计的，改换机器人的人形得花多少钱去更新基础设施？,2026.04.12,广东,7.0,,52,强势|观众,强势,观众,17,强势成功,3
69da7e87000000001a03484e,"今晚的亦庄机器人马拉松测试

",,8169.0,2,69db0bab000000003500ab88,69db09350000000035018759,60e980490000000001009df8,为未来适配人类的生产资料做准备,2026.04.12,山东,7.0,,15,强势|观众,强势,观众,5,强势成功,3
69e4412a000000002103883f,"荣耀闪电队-齐天大圣夺冠！

",3517.0,445.0,2,69e47315000000001401c007,69e46094000000001401a41b,63423651000000001801cdaa,有时候是人的结构是真的很便利,2026.04.19,四川,7.0,,14,强势|观众,强势,观众,5,强势成功,3
69da7e87000000001a03484e,"今晚的亦庄机器人马拉松测试

",,8169.0,1,69db2eba000000003501189f,,58949bac82ec39483bea1870,所以为什么非要用人形架构[doge],2026.04.12,上海,6.0,10.0,18,强势|观众,强势,观众,4,强势成功,3
69da7e87000000001a03484e,"今晚的亦庄机器人马拉松测试

",,8169.0,2,69e47fca000000001401a407,69e42853000000001401cc00,6422d5150000000029014539,这个就是人形机器人啊[笑哭R]你说的是别的类型的机器人。人形机器人有自己的赛道，现在避孕套购买率下降，小玩具购买率上升，光是机器人恋人这个赛道，潜力都是巨大的。大部分人还是喜欢人形外表的，越像人肯定越好。,2026.04.19,浙江,6.0,,102,强势|观众,强势,观众,27,强势成功,3
69e48341000000001a02d0c4,"机器人马拉松，我们看乐了，西方人看破防了🤣

",3931.0,1022.0,1,69e4a930000000001401a020,,6482e7ab000000001003558b,我已经预见到我老了将会有一个人形机器人推着轮椅带着伞啊外套啊保温壶、小点心、我的降压药什么的，陪我去公园散步。根本不敢指望我儿子,2026.04.19,福建,927.0,85.0,64,强势|观众,强势,观众,14,强势成功,4
69e447d2000000001d01aa01,"当算法有了腿，程序员万万没想到……

",,2912.0,2,69e45a6c000000001401a412,69e45575000000001401e004,67a1abc3000000000e01276b,[扶墙R][扶墙R]机器人现在就有自己想法了吗，好高级[扶墙R],2026.04.19,江苏,402.0,,32,强势|服务者,强势,服务者,3,强势成功,4
69e48341000000001a02d0c4,"机器人马拉松，我们看乐了，西方人看破防了🤣

",3931.0,1022.0,1,69e495f6000000001401e015,,615189cb000000000201b487,小红书已经问了，研究这些机器人出来有什么用[doge][doge],2026.04.19,广西,144.0,62.0,33,强势|观众,强势,观众,4,强势成功,4
69e481e8000000002003ad94,"

",,,2,69e586210000000014019813,69e585a70000000014018c15,5bb3293a3b41e5000166bf7a,没事 机器人发展比你大脑发展快的多[doge][doge],2026.04.20,湖北,114.0,,29,强势|服务者,强势,服务者,5,强势成功,4
69e48341000000001a02d0c4,"机器人马拉松，我们看乐了，西方人看破防了🤣

",3931.0,1022.0,2,69e4ae010000000014013c07,69e4a930000000001401a020,650651d40000000012005a70,[色色R]机器人管家是我从小想到大的场景，在我变老之前希望能进化出来,2026.04.19,广东,54.0,,34,强势|观众,强势,观众,9,强势成功,4
69da7e87000000001a03484e,"今晚的亦庄机器人马拉松测试

",,8169.0,2,69daf882000000000c0307db,69daef220000000035024590,54e56252e7798967d42fbbdc,以后机器人OTA可以实现 就像现在电车可以端到端,2026.04.12,江苏,48.0,,24,强势|观众,强势,观众,5,强势成功,4
69e481e8000000002003ad94,"

",,,2,69e66680000000002a03121c,69e66556000000001401c800,5a5baae04eacab23819e0c2e,太棒了，你能想到的东西全世界这么多做机器人的都想不到[偷笑R],2026.04.21,美国,38.0,,31,强势|服务者,强势,服务者,6,强势成功,4
69e481e8000000002003ad94,"

",,,1,69e4a390000000001401cc07,,6057790c000000000101d3fe,无聊的人类，本来机器人的创造是为了代替人类，去做高风险职业，比如高空作业，，下地下井，外太空等等，但是反过来了,2026.04.19,云南,35.0,12.0,55,强势|服务者,强势,服务者,17,强势成功,4
69e481e8000000002003ad94,"

",,,2,69e6b939000000001401d808,69e6a9d00000000014019c03,587ad6305e87e748861d1b10,给它一些时间，也给人类一些时间，我还盼着它越来越成熟，以后给我伺候我养老呢,2026.04.21,广西,15.0,,37,强势|服务者,强势,服务者,7,强势成功,4
69e481e8000000002003ad94,"

",,,1,69e49eec000000001401e438,,6577fde7000000002002f49d,这是人伺候机器人。没啥意义。,2026.04.19,北京,14.0,11.0,14,强势|服务者,强势,服务者,4,强势成功,4
69e48341000000001a02d0c4,"机器人马拉松，我们看乐了，西方人看破防了🤣

",3931.0,1022.0,2,69e4b915000000001401941d,69e4a930000000001401a020,5af29fa011be100d595d09a5,我是打算老了买一个机器人照顾我和我老公，希望机器人行业发展顺利，保佑保佑[笑哭R],2026.04.19,广东,14.0,,41,强势|观众,强势,观众,11,强势成功,4
69e48341000000001a02d0c4,"机器人马拉松，我们看乐了，西方人看破防了🤣

",3931.0,1022.0,1,69e4bd620000000014018814,,5b57eb0d6b58b72d773cd510,我就期待出一个老了能伺候我的机器人[偷笑R],2026.04.19,北京,12.0,3.0,22,强势|观众,强势,观众,3,强势成功,4
69da7e87000000001a03484e,"今晚的亦庄机器人马拉松测试

",,8169.0,2,69db0410000000003502caeb,69daf96f0000000015001390,57960294bd0da52c100325ca,为了机器人方便去改变基础设施才是真的机器人主宰世界了，这一点都他们想不通。,2026.04.12,江苏,10.0,,37,强势|观众,强势,观众,10,强势成功,4
69e48341000000001a02d0c4,"机器人马拉松，我们看乐了，西方人看破防了🤣

",3931.0,1022.0,2,69e4a6320000000014018c19,69e495f6000000001401e015,5712f7471c07df669328b0e4,我期待着养老机器人，也期待着机器人能让危险岗位上的人类都下岗，比如消防员,2026.04.19,天津,9.0,,36,强势|观众,强势,观众,11,强势成功,4
69e481e8000000002003ad94,"

",,,2,69e49617000000001401a003,69e49576000000001401c41f,68fe15c900000000370070b9,你活着和这个机器人比浪费资源多了，就这么说吧，这机器人创造的价值你三辈子都追不回来,2026.04.19,北京,8.0,,41,强势|服务者,强势,服务者,8,强势成功,4
69e481e8000000002003ad94,"

",,,2,69e6f117000000001401c000,69e6f061000000001401c018,61503a9d00000000020258d1,你以为造机器人是能一步到位的吗,2026.04.21,广东,6.0,,15,强势|服务者,强势,服务者,3,强势成功,4
69e48341000000001a02d0c4,"机器人马拉松，我们看乐了，西方人看破防了🤣

",3931.0,1022.0,2,69e4af56000000001401d406,69e489b20000000014019418,5fa5dc10000000000100081f,嘲讽组，还嘲讽到底的机械人[笑哭R],2026.04.19,北京,6.0,,18,强势|观众,强势,观众,5,强势成功,4
69e481e8000000002003ad94,"

",,,1,69e4a6350000000014018819,,563ab0f1e00dd82cceaca34f,懂了，以后某些工作岗位被机器人替代以后又会新增一个岗位—机器人维护员,2026.04.19,湖北,5.0,0.0,34,强势|服务者,强势,服务者,8,强势成功,4
69e481e8000000002003ad94,"

",,,1,69e625a6000000001401b80d,,5ef1f89a00000000010032bc,搞半天让机器人代替人去运动，让人还在干着很多高危工作,2026.04.20,贵州,5.0,12.0,26,强势|服务者,强势,服务者,9,强势成功,4
69e481e8000000002003ad94,"

",,,1,69e49bc9000000001401e413,,5d6f2ba10000000001005fab,鸡肋研发，没法用，战场一个机器人送个人头，家里人和机器一起做一个事,2026.04.19,辽宁,5.0,15.0,33,强势|服务者,强势,服务者,9,强势成功,4
69e44278000000001a0217bb,"机器人超过我的瞬间

",6019.0,372.0,2,69e4cffd000000001401e00b,69e499d3000000001401dc0b,65f8ef5f000000000600cedc,人形机器人技术爆发才第2年。所以你急什么？,2026.04.19,福建,5.0,,21,强势|被超越者,强势,被超越者,3,强势成功,4
69e447d2000000001d01aa01,"当算法有了腿，程序员万万没想到……

",,2912.0,2,69e4ac3f000000001401c40c,69e46f4d0000000014018827,5c64f205000000001202fc38,那机器人从此以后就自由了。[暗中观察R],2026.04.19,内蒙古,5.0,,20,强势|服务者,强势,服务者,3,强势成功,4
69e4551e000000001f005895,"荣耀机器人赢麻了🤖我觉得它表情在嘲讽我

",,816.0,1,69e47971000000001401bc0c,,6523453f000000002a02b2a0,人工队，机械队,2026.04.19,浙江,4.0,1.0,7,强势|被超越者,强势,被超越者,2,强势成功,4
69e481e8000000002003ad94,"

",,,1,69e6f2920000000014018802,,63e2433b00000000270299e1,一点用都没有，我要的机器人是能帮我买菜，帮我做饭收拾家,2026.04.21,内蒙古,4.0,9.0,27,强势|服务者,强势,服务者,6,强势成功,4
69e4412a000000002103883f,"荣耀闪电队-齐天大圣夺冠！

",3517.0,445.0,1,69e49c4f000000002b027225,,661ff89f0000000007007502,我预言下一个100年、机器人会和人类一样灵活多样、会自主控制、思考、学习！,2026.04.19,美国,4.0,4.0,37,强势|观众,强势,观众,10,强势成功,4
69e481e8000000002003ad94,"

",,,2,69e4a7810000000014018823,69e4a6fe0000000014019c0d,5fa78dbf000000000100b1ff,造不出机器人的人不准批判能造出机器人的人,2026.04.19,江西,4.0,,20,强势|服务者,强势,服务者,8,强势成功,4
69e481e8000000002003ad94,"

",,,1,69e5db06000000001401c022,,5c5eda40000000001a012966,你努力进化，我努力攒钱，五十年后我不用进养老院就全靠你了。希望科技突飞猛进，把机器人价格打下来。,2026.04.20,山东,3.0,0.0,48,强势|服务者,强势,服务者,14,强势成功,4
69e481e8000000002003ad94,"

",,,1,69e4a7f2000000001401a008,,5ccecf62000000001702ddac,大家都别笑了，要想想这些机器人以后可能最先出现在消防救援，出现在缉毒前线，出现在保护我们的前线，目前的这些看起来呆呆傻傻，不那么智能，是不是就都可以理解了，给机器人ai学习时间，这以后都是造福人类的，不要想着抢了人类的工作,2026.04.19,湖北,3.0,0.0,111,强势|服务者,强势,服务者,30,强势成功,4
69e481e8000000002003ad94,"

",,,2,69e978de000000001401ac19,69e77c580000000014019028,58c3814f50c4b4281a2afcdd,还活在以前啊bro，现在已经有自主机器人了,2026.04.23,山东,3.0,,21,强势|服务者,强势,服务者,5,强势成功,4
69e45dbe000000001f00434f,"机器人跑马拉松超越人类？

",4650.0,773.0,2,69e73cff0000000014019030,69e73178000000001401d810,5f4f45a30000000001006abe,哈哈哈，终于找到一个问这种问题的了，洗衣做饭搞卫生，下一步是不是得进房一起睡[笑哭R][笑哭R]刚出生的bb，现在能跑得快都不错了，想要当保姆机器人，估计，5年以后[doge],2026.04.21,广东,3.0,,88,强势|观众,强势,观众,18,强势成功,4
69e447d2000000001d01aa01,"当算法有了腿，程序员万万没想到……

",,2912.0,1,69e44e85000000001401a404,,626c1e4b00000000210298d0,三公里就得换一个程序员,2026.04.19,陕西,1848.0,53.0,11,强势|服务者,强势,服务者,2,强势成功,5
69e447d2000000001d01aa01,"当算法有了腿，程序员万万没想到……

",,2912.0,2,69e450ed000000001401e814,69e44a84000000001401b822,5b602d14f7e8b9063b691965,这是一个梗 程序和程序员有一个能跑就行[偷笑R],2026.04.19,广东,903.0,,24,强势|服务者,强势,服务者,2,强势成功,5
69e481e8000000002003ad94,"

",,,2,69e4a89d000000001401cc35,69e4a81a000000001401e809,5fddd3ba000000000100a547,可是，程序员也在跑着呐[偷笑R],2026.04.19,江苏,109.0,,16,强势|服务者,强势,服务者,2,强势成功,5
69e447d2000000001d01aa01,"当算法有了腿，程序员万万没想到……

",,2912.0,2,69e5ccf7000000001401ac05,69e49549000000001401902c,5fc6d13b0000000001004553,对程序猿最严厉的爱[笑哭R][笑哭R][笑哭R],2026.04.20,安徽,104.0,,24,强势|服务者,强势,服务者,2,强势成功,5
69da7e87000000001a03484e,"今晚的亦庄机器人马拉松测试

",,8169.0,1,69dafb65000000001500583a,,623e891c000000001000eccd,今年不用选体能好的程序员跟跑了，因为体能再好都跟不上了,2026.04.12,江苏,80.0,6.0,27,强势|观众,强势,观众,7,强势成功,5
69e447d2000000001d01aa01,"当算法有了腿，程序员万万没想到……

",,2912.0,2,69e453c6000000001401c81a,69e44e85000000001401a404,588b548a3460945d4c535d82,很费程序员,2026.04.19,上海,70.0,,5,强势|服务者,强势,服务者,2,强势成功,5
69e447d2000000001d01aa01,"当算法有了腿，程序员万万没想到……

",,2912.0,2,69e45b71000000001401ac00,69e44a84000000001401b822,604d8387000000000100a4db,技术宅再也宅不了了，各个都得会跑马[偷笑R],2026.04.19,湖南,65.0,,22,强势|服务者,强势,服务者,5,强势成功,5
69e447d2000000001d01aa01,"当算法有了腿，程序员万万没想到……

",,2912.0,1,69e4728f000000001401ac1e,,5ab3765ee8ac2b04099bb6d1,肯定不是程序员，程序员头发没这么飘逸,2026.04.19,河北,57.0,9.0,18,强势|服务者,强势,服务者,5,强势成功,5
69e447d2000000001d01aa01,"当算法有了腿，程序员万万没想到……

",,2912.0,1,69e49e3f000000001401e021,,5b84f474a5ec3a00013ae177,程序员感觉一直很命苦的样子,2026.04.19,上海,50.0,2.0,13,强势|服务者,强势,服务者,4,强势成功,5
69e447d2000000001d01aa01,"当算法有了腿，程序员万万没想到……

",,2912.0,2,69e45c80000000001401c009,69e44a84000000001401b822,5acd2d924eacab611389ea10,关键是程序比程序员跑的快[偷笑R],2026.04.19,辽宁,41.0,,17,强势|服务者,强势,服务者,4,强势成功,5
69e447d2000000001d01aa01,"当算法有了腿，程序员万万没想到……

",,2912.0,2,69e457b4000000001401b037,69e44e85000000001401a404,5ff9b1d3000000000100b38d,可以搞一个程序员接力[微笑R],2026.04.19,重庆,41.0,,15,强势|服务者,强势,服务者,2,强势成功,5
69e447d2000000001d01aa01,"当算法有了腿，程序员万万没想到……

",,2912.0,1,69e45bfd0000000014019030,,54e5a9962e1d935fdf851715,没人说当程序猿要跑马拉松啊[石化R],2026.04.19,广东,40.0,4.0,18,强势|服务者,强势,服务者,4,强势成功,5
69e4551e000000001f005895,"荣耀机器人赢麻了🤖我觉得它表情在嘲讽我

",,816.0,2,69e5bf38000000001401a426,69e5aeb9000000001401a81c,608657f6000000000101e68f,裁判跟工程师。,2026.04.20,湖南,37.0,,7,强势|被超越者,强势,被超越者,2,强势成功,5
69e447d2000000001d01aa01,"当算法有了腿，程序员万万没想到……

",,2912.0,1,69e4b6d1000000001401c426,,5b13a8886b58b778cffd825f,好消息，代码能跑了[捂脸R],2026.04.19,北京,36.0,2.0,14,强势|服务者,强势,服务者,2,强势成功,5
69e447d2000000001d01aa01,"当算法有了腿，程序员万万没想到……

",,2912.0,2,69e45e75000000001401d833,69e44a84000000001401b822,6368cfa9000000001f018155,哈哈哈，程序员说，别跑，你还有bug呢,2026.04.19,北京,35.0,,19,强势|服务者,强势,服务者,3,强势成功,5
69e447d2000000001d01aa01,"当算法有了腿，程序员万万没想到……

",,2912.0,2,69e5ecbb000000001401a81d,69e49549000000001401902c,58eca2e65e87e725e271fbb2,谁写的bug 谁follow!,2026.04.20,上海,35.0,,15,强势|服务者,强势,服务者,2,强势成功,5
69e447d2000000001d01aa01,"当算法有了腿，程序员万万没想到……

",,2912.0,2,69e4ecf2000000001401e01d,69e49ed0000000001401cc3e,56ab7c7e84edcd5c269da9b4,程序员：我谢谢你，一个脑子要管多少个部位,2026.04.19,河南,28.0,,20,强势|服务者,强势,服务者,6,强势成功,5
69e447d2000000001d01aa01,"当算法有了腿，程序员万万没想到……

",,2912.0,2,69e469f3000000001401d40a,69e44a84000000001401b822,6075c01e000000000100667a,这下好了，程序员门槛要求一条会跑马拉松，卷起来,2026.04.19,江苏,26.0,,23,强势|服务者,强势,服务者,7,强势成功,5
69e447d2000000001d01aa01,"当算法有了腿，程序员万万没想到……

",,2912.0,1,69e460c5000000001401a808,,5df9deb100000000010061ea,这下代码真跑起来了！[doge],2026.04.19,福建,25.0,1.0,16,强势|服务者,强势,服务者,4,强势成功,5
69e447d2000000001d01aa01,"当算法有了腿，程序员万万没想到……

",,2912.0,1,69e4715e0000000014019420,,60842fbc00000000010073bb,火化那天，突然在他耳边说他写的代码出bug了，他能活过来,2026.04.19,辽宁,20.0,2.0,28,强势|服务者,强势,服务者,7,强势成功,5
69e447d2000000001d01aa01,"当算法有了腿，程序员万万没想到……

",,2912.0,1,69e47dbc000000001401bc0e,,5f4359990000000001006fb9,啥时候不用程序员跟着跑，那就高级了,2026.04.19,北京,18.0,15.0,17,强势|服务者,强势,服务者,5,强势成功,5
69e44fbf000000001e00cc6a,"程序员：也没说搞科研还需要体力啊！

",136.0,12.0,1,69e4547b000000001401a807,,5f421eb000000000010015d4,全能工程师：熬最深的夜，顶着最高的脑门，跑得像风一样快,2026.04.19,重庆,17.0,0.0,27,强势|服务者,强势,服务者,6,强势成功,5
69e447d2000000001d01aa01,"当算法有了腿，程序员万万没想到……

",,2912.0,1,69e4713c000000001401dc30,,5b42ae9ae8ac2b6fc54ce555,程序员和程序都跑，但是程序员跑不过程序,2026.04.19,广东,16.0,2.0,19,强势|服务者,强势,服务者,5,强势成功,5
69e447d2000000001d01aa01,"当算法有了腿，程序员万万没想到……

",,2912.0,1,69e46df1000000001401bc3a,,6430d0fc0000000011023d12,还是印证了那句话，程序和程序员之间有一个能跑就行,2026.04.19,河南,16.0,0.0,24,强势|服务者,强势,服务者,5,强势成功,5
69e447d2000000001d01aa01,"当算法有了腿，程序员万万没想到……

",,2912.0,1,69e44983000000001401dc28,,5c64bbef00000000110289f6,干脆叫程序员马拉松算了[笑哭R],2026.04.19,甘肃,15.0,0.0,16,强势|服务者,强势,服务者,4,强势成功,5
69e447d2000000001d01aa01,"当算法有了腿，程序员万万没想到……

",,2912.0,2,69e45cb6000000001401980e,69e45bfd0000000014019030,646db9c0000000002a037c2c,大厂程序员基本就是网上说的中产，跑步，爬山，骑行，飞盘这些就是他们玩的最多,2026.04.19,山东,13.0,,37,强势|服务者,强势,服务者,11,强势成功,5
69e447d2000000001d01aa01,"当算法有了腿，程序员万万没想到……

",,2912.0,1,69e49873000000001401a022,,59f63bf24eacab75b4c4844f,原来跑代码是这个意思,2026.04.19,福建,12.0,0.0,10,强势|服务者,强势,服务者,3,强势成功,5
69e481e8000000002003ad94,"

",,,2,69e4a7c7000000001401d842,69e4a791000000001401cc1d,5ee634cf0000000001000850,那以后程序员首先要能跑马拉松的来[暗中观察R],2026.04.19,四川,12.0,,23,强势|服务者,强势,服务者,4,强势成功,5
69e447d2000000001d01aa01,"当算法有了腿，程序员万万没想到……

",,2912.0,1,69e44a93000000001401c025,,6040ba4200000000010077dd,程序员要二级运动员证书[捂脸R],2026.04.19,北京,10.0,0.0,16,强势|服务者,强势,服务者,4,强势成功,5
69e447d2000000001d01aa01,"当算法有了腿，程序员万万没想到……

",,2912.0,2,69e45fad000000001401d829,69e44a84000000001401b822,644bcf040000000012037a3b,改成技术跑了[偷笑R],2026.04.19,江苏,10.0,,11,强势|服务者,强势,服务者,2,强势成功,5
69e45dbe000000001f00434f,"机器人跑马拉松超越人类？

",4650.0,773.0,1,69e5f0f90000000014019420,,5bc57bc7f7e8b94c6f5cbe16,去年都还在连滚带爬，今年已经从从容容了[彩虹R][彩虹R][赞R][赞R],2026.04.20,四川,251.0,6.0,37,强势|观众,强势,观众,4,强势成功,6
69da7e87000000001a03484e,"今晚的亦庄机器人马拉松测试

",,8169.0,1,69dafb8f0000000016014fbc,,5fd0472f000000000101d26e,比起昨年，肉眼可见的进步,2026.04.12,四川,69.0,31.0,12,强势|观众,强势,观众,5,强势成功,6
69e45dbe000000001f00434f,"机器人跑马拉松超越人类？

",4650.0,773.0,1,69e4ac4c0000000014019407,,62068598000000002102205f,不敢想象明年会怎么样，估计要挤撞对手才能分胜负了[偷笑R],2026.04.19,浙江,48.0,10.0,29,强势|观众,强势,观众,9,强势成功,6
69e447d2000000001d01aa01,"当算法有了腿，程序员万万没想到……

",,2912.0,1,69e455ce000000001401ac24,,5fe176ef0000000001004911,一派勃勃生机，万物竞发的景象就在眼前[偷笑R],2026.04.19,陕西,40.0,1.0,23,强势|服务者,强势,服务者,6,强势成功,6
69e48341000000001a02d0c4,"机器人马拉松，我们看乐了，西方人看破防了🤣

",3931.0,1022.0,2,69e4a05b0000000014019c32,69e495f6000000001401e015,67868756000000000801d090,"哈，说那些话的以后在工厂流水线，工地，救灾抢险，消防等场景看到才能理解今天的""靴头""，今天看完现场更期待明年后年的比赛了。",2026.04.19,北京,40.0,,61,强势|观众,强势,观众,19,强势成功,6
69da7e87000000001a03484e,"今晚的亦庄机器人马拉松测试

",,8169.0,1,69daeb410000000035013e89,,6184d0c2000000002102461f,去年好像还不这样,2026.04.12,江苏,38.0,2.0,8,强势|观众,强势,观众,3,强势成功,6
69da7e87000000001a03484e,"今晚的亦庄机器人马拉松测试

",,8169.0,2,69da811a00000000350088c5,69da80180000000035010cd6,5aa35c114eacab11b5783fd9,是的是的，今年有几个特别快，慢的也有，整体很进步,2026.04.12,北京,36.0,,24,强势|观众,强势,观众,5,强势成功,6
69da7e87000000001a03484e,"今晚的亦庄机器人马拉松测试

",,8169.0,2,69dafc11000000000d03c410,69dafb8f0000000016014fbc,5c7789cc0000000012024425,什么是昨年啊！大神！中国人这么说话的吗[哭惹R]我勒个去,2026.04.12,北京,33.0,,28,强势|观众,强势,观众,6,强势成功,6
69e48341000000001a02d0c4,"机器人马拉松，我们看乐了，西方人看破防了🤣

",3931.0,1022.0,2,69e51eab000000001401d409,69e51bd8000000001401dc04,676e7edb000000001801d12e,这几年回旋镖特别多,2026.04.20,越南,22.0,,9,强势|观众,强势,观众,3,强势成功,6
69e481e8000000002003ad94,"

",,,1,69e634c9000000001401d817,,5f5766c30000000001003255,去年他还需要人扶，今年都能跑马拉松了[赞R],2026.04.20,吉林,16.0,3.0,22,强势|服务者,强势,服务者,5,强势成功,6
69e481e8000000002003ad94,"

",,,2,69e49431000000001401cc0a,69e490ae000000001401d42a,67093e0a000000001d030ee1,今年跑步，明年攀岩，后年探洞[微笑R],2026.04.19,广东,13.0,,19,强势|服务者,强势,服务者,6,强势成功,6
69e45dbe000000001f00434f,"机器人跑马拉松超越人类？

",4650.0,773.0,2,69e4af8b000000001401e82e,69e4ac4c0000000014019407,678c2452000000000e011be1,明年改障碍赛[doge],2026.04.19,河南,13.0,,12,强势|观众,强势,观众,2,强势成功,6
69da7e87000000001a03484e,"今晚的亦庄机器人马拉松测试

",,8169.0,1,69db08040000000035010092,,61832a85000000001000fa45,[黑薯问号R]去年还是一抖一抖的，今年怎么已经发展成这样了,2026.04.12,福建,9.0,3.0,29,强势|观众,强势,观众,6,强势成功,6
69da7e87000000001a03484e,"今晚的亦庄机器人马拉松测试

",,8169.0,1,69dae79300000000150033c6,,5ea18aeb0000000001007c1d,和去年比，质的飞跃啊[汗颜R],2026.04.12,江苏,7.0,0.0,15,强势|观众,强势,观众,2,强势成功,6
69da7e87000000001a03484e,"今晚的亦庄机器人马拉松测试

",,8169.0,1,69dad6100000000002035f37,,6269c3ee00000000210243ff,比去年强得多啊，发展速度真快,2026.04.12,山西,7.0,0.0,14,强势|观众,强势,观众,5,强势成功,6
69e4412a000000002103883f,"荣耀闪电队-齐天大圣夺冠！

",3517.0,445.0,1,69e57562000000001401e020,,5ea18aeb0000000001007c1d,今年冠军比去年第一名快两小时，什么概念，都不敢想明年会是什么景象了[汗颜R],2026.04.20,江苏,7.0,1.0,38,强势|观众,强势,观众,9,强势成功,6
69da7e87000000001a03484e,"今晚的亦庄机器人马拉松测试

",,8169.0,1,69db03ca000000000c0330f5,,5fe047c100000000010009b8,卧槽，去年还在那慢慢跑，跑不好还摔倒今年就健步如飞了,2026.04.12,加拿大,6.0,0.0,26,强势|观众,强势,观众,7,强势成功,6
69da7e87000000001a03484e,"今晚的亦庄机器人马拉松测试

",,8169.0,1,69dafa62000000001500675f,,596b26995e87e73ad90146b6,这一年进步太多了,2026.04.12,北京,5.0,0.0,8,强势|观众,强势,观众,3,强势成功,6
69e45dbe000000001f00434f,"机器人跑马拉松超越人类？

",4650.0,773.0,1,69e5c536000000001401b811,,5e01ed68000000000100688f,去年可是跑的磕磕绊绊，今年就能这么稳了！[赞R],2026.04.20,江苏,5.0,0.0,24,强势|观众,强势,观众,4,强势成功,6
69e481e8000000002003ad94,"

",,,2,69e4e2ac000000001401b039,69e495250000000014019029,5a3cea154eacab600209420b,你可以去看看去年比赛视频，再回来看看这个。接着想一想明年甚至后年的场景。就会明白了,2026.04.19,上海,5.0,,41,强势|服务者,强势,服务者,13,强势成功,6
69e45dbe000000001f00434f,"机器人跑马拉松超越人类？

",4650.0,773.0,2,69e6f5ee000000001401ac0c,69e5f0f90000000014019420,65bf4a6c000000000d01fccd,明年展翅高飞,2026.04.21,浙江,5.0,,6,强势|观众,强势,观众,2,强势成功,6
69da7e87000000001a03484e,"今晚的亦庄机器人马拉松测试

",,8169.0,1,69db2d970000000035021838,,5ee6f1eb0000000001006ab8,进步巨大，去年还得有人跟着一起跑呢,2026.04.12,北京,4.0,0.0,17,强势|观众,强势,观众,6,强势成功,6
69da7e87000000001a03484e,"今晚的亦庄机器人马拉松测试

",,8169.0,1,69db1280000000000c032c6e,,5f246025000000000101db03,更新迭代好快啊，上一次马拉松一堆摔倒的，这次人均长跑冠军配速,2026.04.12,河北,4.0,0.0,30,强势|观众,强势,观众,11,强势成功,6
69da7e87000000001a03484e,"今晚的亦庄机器人马拉松测试

",,8169.0,2,69db086c000000000103dff4,69db08040000000035010092,5cecca630000000016034536,因为过去一年了，一年足够迭代几十轮了。,2026.04.12,陕西,4.0,,19,强势|观众,强势,观众,6,强势成功,6
69da7e87000000001a03484e,"今晚的亦庄机器人马拉松测试

",,8169.0,2,69dafc93000000000d03de1e,69dafb8f0000000016014fbc,5c7789cc0000000012024425,[抠鼻R]我不管不管不管！你就得说去年！不许说昨年！！！,2026.04.12,北京,4.0,,28,强势|观众,强势,观众,6,强势成功,6
69da7e87000000001a03484e,"今晚的亦庄机器人马拉松测试

",,8169.0,1,69db6b8b0000000035022d6d,,5c9a1b2e0000000010010aa7,去年还东倒西晃摔跟头  今年居然像终结者  [点赞R][点赞R][点赞R],2026.04.12,北京,3.0,0.0,37,强势|观众,强势,观众,7,强势成功,6
69da7e87000000001a03484e,"今晚的亦庄机器人马拉松测试

",,8169.0,1,69db2bd70000000035032602,,5b6ea21476d27000019fa71d,谁还记得去年它们跑成啥样，天啊…,2026.04.12,上海,3.0,0.0,16,强势|观众,强势,观众,2,强势成功,6
69da7e87000000001a03484e,"今晚的亦庄机器人马拉松测试

",,8169.0,1,69db13c7000000001400bf3a,,57388aa350c4b471239570f9,妈耶 去年比的时候还都是老奶过马路 今年都这么快了😳,2026.04.12,北京,3.0,0.0,26,强势|观众,强势,观众,5,强势成功,6
69da7e87000000001a03484e,"今晚的亦庄机器人马拉松测试

",,8169.0,1,69db0f5400000000020376bc,,5bd1de9b09cce4000163aa89,想想去年的马拉松 这发展的实在是太快了,2026.04.12,江苏,3.0,0.0,19,强势|观众,强势,观众,6,强势成功,6
69da7e87000000001a03484e,"今晚的亦庄机器人马拉松测试

",,8169.0,1,69daed3f000000001500af8d,,59d629476eea88023ac81d67,我去...去年还一个个老太太过马路。今年就各个健步如飞,2026.04.12,四川,3.0,0.0,27,强势|观众,强势,观众,7,强势成功,6
69e481e8000000002003ad94,"

",,,2,69e595f5000000001401b01d,69e5949d000000001401cc1b,5724420250c4b430e1131110,冰块，降温散热用的。,2026.04.20,上海,154.0,,10,强势|服务者,强势,服务者,3,强势成功,7
69e481e8000000002003ad94,"

",,,2,69e59e15000000001401a008,69e5949d000000001401cc1b,5a28c0e6b1da1449d366a6d4,干冰，这个桶可太熟悉了[笑哭R],2026.04.20,山东,69.0,,16,强势|服务者,强势,服务者,2,强势成功,7
69e46730000000001d0199c8,"

",,761.0,1,69e4e367000000001401e021,,62029b440000000010009fa3,这不是热水器在跑步吗[笑哭R][笑哭R][笑哭R],2026.04.19,广东,38.0,3.0,25,强势|观众,强势,观众,2,强势成功,7
69e481e8000000002003ad94,"

",,,2,69e4ffdf000000001401d40b,69e4fb83000000001401c40c,67a5e751000000000e01de9e,冰块啊！应该是降温用的,2026.04.20,福建,35.0,,11,强势|服务者,强势,服务者,2,强势成功,7
69e481e8000000002003ad94,"

",,,2,69e598f9000000001401b81c,69e4a3ea000000001401e813,685ff465000000001b019504,那是保温壶，里面装的碎冰块，给主机降温的[doge],2026.04.20,北京,24.0,,26,强势|服务者,强势,服务者,5,强势成功,7
69e481e8000000002003ad94,"

",,,1,69e6f8a10000000014019c09,,5e8297000000000001001b48,往它背上倒的是啥？蛋白粉吗？,2026.04.21,四川,22.0,7.0,14,强势|服务者,强势,服务者,2,强势成功,7
69e481e8000000002003ad94,"

",,,1,69e49ad60000000014018c19,,61a5f90c000000001000ed65,笑死了，我一开始以为是高级燃料，结果发现是往背包里放冰,2026.04.19,上海,20.0,4.0,27,强势|服务者,强势,服务者,8,强势成功,7
69e481e8000000002003ad94,"

",,,2,69e49f4a000000001401b029,69e491830000000014019008,5d32c69b000000001600452e,我一直在找他保温杯倒的啥，原来是冰块啊,2026.04.19,浙江,17.0,,19,强势|服务者,强势,服务者,4,强势成功,7
69e481e8000000002003ad94,"

",,,2,69e4854a000000001401a810,69e4850b0000000014018c17,5eca8c300000000001002049,不是冰块，是干冰[doge],2026.04.19,广东,15.0,,14,强势|服务者,强势,服务者,2,强势成功,7
69e481e8000000002003ad94,"

",,,1,69e491830000000014019008,,61bfd5900000000010005331,背着冰块，真是人才,2026.04.19,江苏,13.0,18.0,9,强势|服务者,强势,服务者,4,强势成功,7
69e481e8000000002003ad94,"

",,,1,69e493ea000000001401e029,,66277520000000000700678b,背后装的是冰块吗,2026.04.19,广东,11.0,12.0,8,强势|服务者,强势,服务者,2,强势成功,7
69e481e8000000002003ad94,"

",,,1,69e4850b0000000014018c17,,5ef5c533000000000100769b,还在想罐子里是什么？应该不是燃料？原来是降温用的冰块？,2026.04.19,广东,9.0,5.0,27,强势|服务者,强势,服务者,5,强势成功,7
69e481e8000000002003ad94,"

",,,1,69e487f9000000001401e425,,5f321f27000000000101ecfb,干冰在胸前是不是冷却效果更好？,2026.04.19,广东,9.0,16.0,15,强势|服务者,强势,服务者,6,强势成功,7
69e481e8000000002003ad94,"

",,,2,69e49d1b000000002b035926,69e49cb60000000014018c06,5eba0de6000000000101e037,不給他加冰降溫[笑哭R],2026.04.19,中国香港,9.0,,12,强势|服务者,强势,服务者,3,强势成功,7
69e481e8000000002003ad94,"

",,,1,69e49947000000001401e835,,607040ae00000000010035ae,冰块降温？！这和破铜烂铁有啥区别？,2026.04.19,陕西,7.0,13.0,17,强势|服务者,强势,服务者,4,强势成功,7
69e481e8000000002003ad94,"

",,,1,69e4941b0000000014019026,,5ce529260000000018018452,背后是冰块呀[捂脸R],2026.04.19,江西,6.0,5.0,11,强势|服务者,强势,服务者,2,强势成功,7
69e481e8000000002003ad94,"

",,,2,69e49fa3000000001401b019,69e491830000000014019008,5be70e733d92970001e04553,干冰降温啊，你能找到效率更高重量更轻的方案吗？,2026.04.19,广东,6.0,,23,强势|服务者,强势,服务者,8,强势成功,7
69e481e8000000002003ad94,"

",,,1,69e56dd8000000001401e80a,,649bed3b0000000025036f3d,后面还得被冰 冷却,2026.04.20,江苏,4.0,4.0,9,强势|服务者,强势,服务者,2,强势成功,7
69e481e8000000002003ad94,"

",,,2,69e57c95000000001401dc1c,69e549ac0000000014019000,6069c7350000000001006cc9,后备放冰块了[笑哭R],2026.04.20,江苏,4.0,,11,强势|服务者,强势,服务者,2,强势成功,7
69e481e8000000002003ad94,"

",,,2,69e4a3550000000014019816,69e4a33f000000001401e817,60f01152000000000101d36b,冰块，为了散热,2026.04.19,广东,4.0,,7,强势|服务者,强势,服务者,3,强势成功,7
69e481e8000000002003ad94,"

",,,2,69e495500000000014019408,69e493ea000000001401e029,5d137eb7000000001100e81f,干冰不加水就是没有雾啊[偷笑R],2026.04.19,陕西,4.0,,16,强势|服务者,强势,服务者,2,强势成功,7
69e481e8000000002003ad94,"

",,,2,69e5691c000000001401a407,69e4fb83000000001401c40c,5dca02550000000001005cc3,冰块，干冰不能放密封容器里，会炸,2026.04.20,美国,3.0,,16,强势|服务者,强势,服务者,5,强势成功,7
69e481e8000000002003ad94,"

",,,2,69e494dd000000001401c40a,69e493ea000000001401e029,63de88ed0000000026007aec,逗，干冰一点烟雾没有,2026.04.19,广东,3.0,,10,强势|服务者,强势,服务者,3,强势成功,7
69e481e8000000002003ad94,"

",,,1,69e5166d0000000014019004,,67866d64000000000803c33e,"what is the thing inside the backpack? is it cold water or fuel? what is it, the man pour into the backpack?",2026.04.20,印度尼西亚,2.0,10.0,108,强势|服务者,强势,服务者,22,强势成功,7
69e481e8000000002003ad94,"

",,,1,69e492f3000000001401c02a,,56580662b8c8b426bcbf4bf4,后面是装的大米饭？,2026.04.19,北京,2.0,2.0,9,强势|服务者,强势,服务者,2,强势成功,7
69e481e8000000002003ad94,"

",,,1,69e48dc7000000001401d427,,5fc7c3470000000001009935,背着干冰降温[笑哭R]真的是，怎么不说加个固体燃料火箭背包🎒一会就到了[笑哭R],2026.04.19,陕西,2.0,0.0,40,强势|服务者,强势,服务者,10,强势成功,7
69e481e8000000002003ad94,"

",,,2,69e85588000000001401ac25,69e78e5e000000001401a031,678775be000000000801d09d,干冰吧，冷却用的,2026.04.22,湖北,2.0,,8,强势|服务者,强势,服务者,2,强势成功,7
69e481e8000000002003ad94,"

",,,2,69e6207e000000001401b00c,69e61ff7000000001401d826,5e5112b40000000001008b93,应该是冰块，给核心降温,2026.04.20,广东,2.0,,11,强势|服务者,强势,服务者,3,强势成功,7
69e481e8000000002003ad94,"

",,,2,69e524ea000000001401b801,69e5166d0000000014019004,60ec6bd70000000001006fcd,冰块散热的,2026.04.20,浙江,2.0,,5,强势|服务者,强势,服务者,2,强势成功,7
69e481e8000000002003ad94,"

",,,1,69e49c00000000001401a008,,571637c384edcd22489e7b70,冰是好东西，助你我持久！,2026.04.19,福建,1.0,0.0,12,强势|服务者,强势,服务者,3,强势成功,7
69e481e8000000002003ad94,"

",,,2,69e48647000000001401c03c,69e4853b000000001401b022,5c1f80c70000000006039d5c,快速散热的，但是可燃，有火花就直接烧,2026.04.19,上海,8645.0,,18,强势|服务者,强势,服务者,4,强势成功,8
69e481e8000000002003ad94,"

",,,2,69e489460000000014018c23,69e4853b000000001401b022,5b706599f7e8b95176d1359c,足球赛场上也用，烷基制冷喷雾,2026.04.19,北京,1355.0,,14,强势|服务者,强势,服务者,5,强势成功,8
69e481e8000000002003ad94,"

",,,2,69e4898c000000001401b002,69e4853b000000001401b022,61c85d85000000001000cd1e,感觉是压缩空气，降温用,2026.04.19,浙江,335.0,,11,强势|服务者,强势,服务者,2,强势成功,8
69e481e8000000002003ad94,"

",,,2,69e48cbe000000001401e83b,69e4853b000000001401b022,67cae98a000000000e011a3c,wd40这个机器人没有润滑，只能通过反复喷涂wd40防止干燥。,2026.04.19,黑龙江,14.0,,31,强势|服务者,强势,服务者,10,强势成功,8
69e481e8000000002003ad94,"

",,,2,69e4a57e000000001401b020,69e4a4fc000000001401dc17,6198b400000000001000d018,他那个是真钢筋，你的喷完就冻成豆芽了[doge],2026.04.19,广西,13.0,,24,强势|服务者,强势,服务者,3,强势成功,8
69e481e8000000002003ad94,"

",,,2,69e48c03000000001401c435,69e4853b000000001401b022,64f859e50000000004025d83,应该是清凉喷雾，给电机散热,2026.04.19,广东,8.0,,13,强势|服务者,强势,服务者,4,强势成功,8
69e481e8000000002003ad94,"

",,,2,69e5976a000000001401dc15,69e58bf4000000001401940f,5e19361a000000000100a877,摩擦散热难道不是应该喷摩擦最大的地方吗？[失望R]咋了？没有也幻痛？[汗颜R],2026.04.20,天津,8.0,,39,强势|服务者,强势,服务者,7,强势成功,8
69e481e8000000002003ad94,"

",,,2,69e5b9f80000000014018c16,69e5b997000000001401d81f,60fe98740000000001009224,关节润滑降温？,2026.04.20,山东,5.0,,7,强势|服务者,强势,服务者,3,强势成功,8
69e481e8000000002003ad94,"

",,,2,69e48b32000000001401e00b,69e4853b000000001401b022,63b18d0e0000000026010df3,我记得踢球的时候也喷过，凉凉的,2026.04.19,山西,4.0,,15,强势|服务者,强势,服务者,4,强势成功,8
69e4412a000000002103883f,"荣耀闪电队-齐天大圣夺冠！

",3517.0,445.0,2,69e66cf9000000001401ac01,69e48aca000000001401cc02,60b0d5e40000000001001995,如果你去参加马拉松，沿路也都有喷雾给你使用，极速降温，保护关节。不过那是云南白药[暗中观察R][暗中观察R],2026.04.21,广西,3.0,,54,强势|观众,强势,观众,11,强势成功,8
69e481e8000000002003ad94,"

",,,1,69e49abf000000001401ac02,,655733320000000002035731,跑步主要是关节，但为什么喷雾一直在喷小j,2026.04.19,上海,2.0,4.0,20,强势|服务者,强势,服务者,6,强势成功,8
69e481e8000000002003ad94,"

",,,2,69e4978b000000001401d81a,69e49601000000001401e835,661eae5f0000000003033569,还真有用，这玩意就得加油，[偷笑R]各种润滑,2026.04.19,贵州,2.0,,22,强势|服务者,强势,服务者,5,强势成功,8
69e481e8000000002003ad94,"

",,,2,69e4973d000000001401c81d,69e493ea000000001401e029,63de88ed0000000026007aec,空气有水分,2026.04.19,广东,2.0,,5,强势|服务者,强势,服务者,2,强势成功,8
69e481e8000000002003ad94,"

",,,1,69eaf01f000000001401b807,,61b843f90000000010004097,补点wd40[笑哭R],2026.04.24,浙江,1.0,0.0,11,强势|服务者,强势,服务者,2,强势成功,8
69e481e8000000002003ad94,"

",,,1,69e70546000000001401dc2b,,621647f1000000001000f9ad,这样喷关节老了得关节炎咋办,2026.04.21,宁夏,1.0,1.0,13,强势|服务者,强势,服务者,5,强势成功,8
69e481e8000000002003ad94,"

",,,1,69e5c4300000000014019807,,661796c10000000003031f9b,wd40，机器人的杜蕾斯[doge],2026.04.20,新疆,1.0,0.0,18,强势|服务者,强势,服务者,3,强势成功,8
69da7e87000000001a03484e,"今晚的亦庄机器人马拉松测试

",,8169.0,2,69dae5710000000035026677,69dae0870000000015004554,63c0417d0000000026005c51,人家是金属的，你越抽它越兴奋,2026.04.12,广东,1.0,,14,强势|观众,强势,观众,3,强势成功,8
69e481e8000000002003ad94,"

",,,2,69e4a737000000001401c022,69e4a6c2000000001401dc38,6342ce33000000001802cdc0,wd40润滑剂吧,2026.04.19,上海,1.0,,8,强势|服务者,强势,服务者,2,强势成功,8
69e481e8000000002003ad94,"

",,,2,69e57d44000000001401a006,69e57cbf000000001401d413,629b62e40000000015016773,关节润滑剂,2026.04.20,宁夏,1.0,,5,强势|服务者,强势,服务者,2,强势成功,8
69e481e8000000002003ad94,"

",,,2,69e494400000000014019011,69e493f9000000001401e42c,665bf14b0000000003032112,降温喷雾，人类也用,2026.04.19,广东,1.0,,9,强势|服务者,强势,服务者,3,强势成功,8
69e481e8000000002003ad94,"

",,,2,69e48d4c0000000014019029,69e4853b000000001401b022,659bc7ad000000002001e53c,给电机降温的喷雾呗,2026.04.19,江苏,1.0,,9,强势|服务者,强势,服务者,3,强势成功,8
69e481e8000000002003ad94,"

",,,2,69e4a673000000001401c03f,69e4853b000000001401b022,686909ef000000001d02e2a4,很有可能 万能wd40 机器人界的阿司匹林,2026.04.19,日本,1.0,,21,强势|服务者,强势,服务者,4,强势成功,8
69e481e8000000002003ad94,"

",,,2,69e54fb4000000001401dc05,69e4853b000000001401b022,61b2c257000000001000fa64,冷媒，给电机、减速器散热用的,2026.04.20,江苏,1.0,,14,强势|服务者,强势,服务者,4,强势成功,8
69e481e8000000002003ad94,"

",,,2,69e56feb000000001401a80e,69e4853b000000001401b022,5d186048000000001001643f,液氮或者液化二氧化碳,2026.04.20,北京,1.0,,10,强势|服务者,强势,服务者,4,强势成功,8
69e481e8000000002003ad94,"

",,,2,69e585ae000000001401b81f,69e4853b000000001401b022,68f5a83400000000370049ac,制冷剂，因为关节部位长时间相互运动有摩擦，所以局部温度会比较高，需要喷制冷剂,2026.04.20,广东,1.0,,38,强势|服务者,强势,服务者,12,强势成功,8
69e481e8000000002003ad94,"

",,,2,69e6a52e000000001401a804,69e4853b000000001401b022,5bac5bca11be1057bab8c1b1,应该是精密电子清洗液,2026.04.21,河北,1.0,,10,强势|服务者,强势,服务者,3,强势成功,8
69e481e8000000002003ad94,"

",,,2,69e496e70000000014018823,69e4937a000000001401dc2b,644911730000000029015dbf,喷的是冷却喷雾，关节摩擦会产生高温,2026.04.19,山东,1.0,,17,强势|服务者,强势,服务者,6,强势成功,8
69e481e8000000002003ad94,"

",,,2,69e4a8e7000000001401cc0b,69e4a78e0000000014019402,641c1f5b0000000011023dc2,润滑运动部位。,2026.04.19,广东,1.0,,7,强势|服务者,强势,服务者,3,强势成功,8
69da7e87000000001a03484e,"今晚的亦庄机器人马拉松测试

",,8169.0,1,69daefcf0000000035025b0e,,5f6235c6000000000100a5ef,第一个像羊尾油[doge],2026.04.12,北京,0.0,0.0,13,强势|观众,强势,观众,2,强势成功,8
69e481e8000000002003ad94,"

",,,1,69e49d8a000000001401902a,,5b9527e7f7e8b9786710a75a,WD40 你的马拉松补给站,2026.04.19,上海,0.0,0.0,13,强势|服务者,强势,服务者,3,强势成功,8
69e48341000000001a02d0c4,"机器人马拉松，我们看乐了，西方人看破防了🤣

",3931.0,1022.0,2,69e4b1fa000000001401c82c,69e4a930000000001401a020,5e1e88b6000000000100a2c5,现在迭代这么快，应该十年内就能实现。上一届机器人马拉松这群玩意儿还是连滚带爬的，一年就超过人类了。,2026.04.19,江苏,251.0,,49,强势|观众,强势,观众,11,强势成功,9
69e447d2000000001d01aa01,"当算法有了腿，程序员万万没想到……

",,2912.0,2,69e465d0000000001401e40f,69e4636b0000000014018824,678934ec000000000d00b4d5,无论机器人跳舞拳击赛运动会马拉松，就是展示中国整个机器人领域的发展进度，而且是百花齐放,2026.04.19,上海,64.0,,43,强势|服务者,强势,服务者,14,强势成功,9
69e44278000000001a0217bb,"机器人超过我的瞬间

",6019.0,372.0,1,69e4e3310000000014018809,,63175d43000000000f005598,“多年以后，面对机器人，人类回想起了它在马拉松超过自己的瞬间”,2026.04.19,上海,54.0,2.0,31,强势|被超越者,强势,被超越者,8,强势成功,9
69da7e87000000001a03484e,"今晚的亦庄机器人马拉松测试

",,8169.0,1,69daef940000000001007f78,,5fd79cdf0000000001002b97,不是 是真不理解 体育是一种精神。机器人搞这个干嘛？,2026.04.12,浙江,47.0,71.0,26,强势|观众,强势,观众,7,强势成功,9
69da7e87000000001a03484e,"今晚的亦庄机器人马拉松测试

",,8169.0,2,69db3704000000003501c169,69db2e550000000016017b12,5c29c008000000000601c740,技术验证，对比前年春晚跟去年春晚的机器人行动的流畅度你就能看出来差异了，这种马拉松或者类似的机器人运动就是对具身智能技术提升部分的实测实验以及品牌曝光过程,2026.04.12,江苏,43.0,,77,强势|观众,强势,观众,26,强势成功,9
69e4551e000000001f005895,"荣耀机器人赢麻了🤖我觉得它表情在嘲讽我

",,816.0,1,69e47927000000001401b00b,,64942ab4000000002a034200,真不敢想象五年后这种机器人比赛会牛逼成什么样子,2026.04.19,山东,42.0,4.0,23,强势|被超越者,强势,被超越者,8,强势成功,9
69e45dbe000000001f00434f,"机器人跑马拉松超越人类？

",4650.0,773.0,2,69e74c05000000001401dc2a,69e73178000000001401d810,5e65b9860000000001005a95,跑步的意义在于展示机器人对肢体的控制平衡程度，程序的稳定性，如果连跑步这种事情他都能做的比较好的话，那说明他们对于其他方面的开发也是有掌控力的,2026.04.21,浙江,36.0,,71,强势|观众,强势,观众,21,强势成功,9
69e46730000000001d0199c8,"

",,761.0,1,69e748fd0000000014019805,,69ae83970000000033026b02,请问制造跑步机器人🈶何用？,2026.04.21,云南,35.0,26.0,13,强势|观众,强势,观众,5,强势成功,9
69da7e87000000001a03484e,"今晚的亦庄机器人马拉松测试

",,8169.0,2,69db07960000000035008264,69db01a30000000001007604,5aa35c114eacab11b5783fd9,哈哈哈哈哈哈哈哈机器人：谢谢你，他们都问我马拉松意义是什么，只有你关心我心脏好不好,2026.04.12,北京,35.0,,41,强势|观众,强势,观众,8,强势成功,9
69e481e8000000002003ad94,"

",,,2,69e49d2c000000001401881b,69e49a7e000000001401e401,6554b1000000000004038e79,人跑马拉松都需要散热，更别况机器人了,2026.04.19,山东,34.0,,18,强势|服务者,强势,服务者,6,强势成功,9
69e481e8000000002003ad94,"

",,,1,69e57c66000000001401e818,,5fb4dd67000000000101fcc7,我不懂，机器人参加马拉松，和吃饱了没事干哪个含金量更高？,2026.04.20,湖南,16.0,47.0,28,强势|服务者,强势,服务者,8,强势成功,9
69e44278000000001a0217bb,"机器人超过我的瞬间

",6019.0,372.0,1,69e6f0dc000000001401d819,,5c96fe9a000000001602bb18,你可能不知道，多年以后这个视频，将成为人类的回忆，第一次机器人在马拉松比赛超越人类，拍的太好了,2026.04.21,广东,13.0,1.0,47,强势|被超越者,强势,被超越者,13,强势成功,9
69e481e8000000002003ad94,"

",,,1,69e77320000000001401903b,,5c223e8f000000000501eae2,我看到这机器人马拉松，辅助的都是年轻人，就这点，很欣慰，原来不是所有的年轻人都想着摆烂，躺平，还是有人在努力创新[害羞R],2026.04.21,上海,12.0,2.0,61,强势|服务者,强势,服务者,14,强势成功,9
69e45dbe000000001f00434f,"机器人跑马拉松超越人类？

",4650.0,773.0,2,69e5fe4f000000001401a406,69e5f9c6000000001401cc23,6663f8fc0000000007004d30,马拉松分真人组和机器人组,2026.04.20,北京,10.0,,12,强势|观众,强势,观众,4,强势成功,9
69e481e8000000002003ad94,"

",,,1,69ea62d3000000001401c40d,,5c503615000000001203b19a,说实话，我想不懂，机器人去马拉松要什么意义[笑哭R] 之后是不是智能汽车也要去赛车[笑哭R],2026.04.24,广东,9.0,16.0,46,强势|服务者,强势,服务者,9,强势成功,9
69e481e8000000002003ad94,"

",,,1,69e494c2000000001401a810,,5c0f8cdf0000000006009b2f,机器人马拉松谁最累[笑哭R],2026.04.19,英国,9.0,15.0,14,强势|服务者,强势,服务者,2,强势成功,9
69e463df000000001b003017,"

",3270.0,219.0,2,69e4d0110000000014019422,69e4a67e0000000014018004,6168d787000000000201dee9,算法，高速运算和自主决策，没跑一步对环境坡度能耗运算量海量的，你知道的是他在跑步，背后收集的数据训练机器人给人做心脏搭桥手术是通的。,2026.04.19,广东,9.0,,66,强势|服务者,强势,服务者,23,强势成功,9
69da7e87000000001a03484e,"今晚的亦庄机器人马拉松测试

",,8169.0,2,69dae6790000000001004ff3,69dae18a0000000035025c63,5b7f78f4432d8b000158e8d2,您看去年跑步那速度，今年就已经调试成这样了，而且组还只是给你看到的，人家实验室里真正能用的机器人肯定还要再往前几代,2026.04.12,北京,8.0,,57,强势|观众,强势,观众,16,强势成功,9
69e481e8000000002003ad94,"

",,,2,69e59f99000000001401e401,69e57c66000000001401e818,5c66bddd0000000011001119,机器人参加马拉松我个人认为一是可以向大家见识到我国现在机器人发展的现状，二是可以测试机器人的性能，在这个活动暴露一些问题，之后可以改正，机器人越来越好的话，可以参加一些例如救援啊或者费人的工作,2026.04.20,安徽,8.0,,96,强势|服务者,强势,服务者,30,强势成功,9
69e481e8000000002003ad94,"

",,,2,69e4a3a0000000001401c02c,69e49731000000001401982b,69391e550000000032026333,比起视频里的，你更像机器人，只会重复一句话。机器人跑马松的意义是测试机器人性能，测试它的散热能力，续航能力，对环境的适应能力，以及机械的稳定性,2026.04.19,湖北,8.0,,71,强势|服务者,强势,服务者,22,强势成功,9
69e481e8000000002003ad94,"

",,,2,69e58e1e000000001401e036,69e4a79a000000001401c01d,5ba6142bef996a000115c84c,参加本次马拉松人员十分庞大，每个队伍分别有一个机器人和三个人类完成[捂脸R][捂脸R][捂脸R],2026.04.20,北京,8.0,,48,强势|服务者,强势,服务者,13,强势成功,9
69e481e8000000002003ad94,"

",,,1,69e58f51000000001401a417,,5b48c46711be102611245d35,现在是机器人爆发开始，就像人类第一部电话，我们有幸见证，今天的机器人马拉松，在未来也许会被载入史册。,2026.04.20,山西,7.0,0.0,50,强势|服务者,强势,服务者,13,强势成功,9
69e481e8000000002003ad94,"

",,,1,69e4a0400000000014019400,,54e6c628e779893ba2d39ebc,机器人跑马拉松我没觉得什么，给机器人加油我笑了[偷笑R],2026.04.19,上海,6.0,5.0,28,强势|服务者,强势,服务者,4,强势成功,9
69e481e8000000002003ad94,"

",,,1,69e722d4000000001401e81f,,5c19852a000000000701e3b3,如果机器人不能自主跑完全程，那么这种比赛就是没有任何意义的,2026.04.21,山东,6.0,15.0,29,强势|服务者,强势,服务者,6,强势成功,9
69e481e8000000002003ad94,"

",,,2,69e57f66000000001401d421,69e571d9000000001401c009,588c8e1382ec394ed84a7711,"之前做过这方面的相关研究，你这个问题是别人最常问的。一个最直接了当的回答就是：跑步看似很简单，实际上这个跑步的动作包含了非常强大的算力、算法精简度、还有硬件的支撑，这一些都为将来机器人越来越强打下基础。
而跑步就是一个很简单的体现方式，看似对人类来讲是简单的动作，但是各种扭距的极限，角度，还有平衡的保持，速度的提升都需要非常强大的算力支持。短短几年内国内的人型机器人就发展的这么快，真的很厉害了",2026.04.20,上海,6.0,,198,强势|服务者,强势,服务者,58,强势成功,9
69e44278000000001a0217bb,"机器人超过我的瞬间

",6019.0,372.0,1,69e7789a0000000014019014,,633ffa5c000000001802a7b9,当年志愿军腿着翻越主峰，成功截住美军汽车轮子，你就明白机器人半马的重大意义了。,2026.04.21,北京,5.0,0.0,39,强势|被超越者,强势,被超越者,13,强势成功,9
69e481e8000000002003ad94,"

",,,1,69e5db10000000001401e805,,560927005894467a90739a0f,所以机器人跑马拉松是为了什么[笑哭R],2026.04.20,山东,5.0,16.0,19,强势|服务者,强势,服务者,3,强势成功,9
69e46730000000001d0199c8,"

",,761.0,1,69e4b4eb0000000014019419,,60967fff0000000001002961,回想十年前，你说2026年会举办一场人形机器人马拉松大赛，我是绝不相信的。关键是还有自主组！,2026.04.19,河北,5.0,0.0,46,强势|观众,强势,观众,13,强势成功,9
69e447d2000000001d01aa01,"当算法有了腿，程序员万万没想到……

",,2912.0,2,69e46b0d0000000014019c16,69e46b04000000001401d404,68944c1e0000000028001164,"在机器人马拉松比赛中，程序员或工程师抱着电脑在后面追，主要是为了在比赛这个真实、动态的环境中，对机器人进行实时的监控、调试和维护。这就像赛车比赛中的维修团队，需要随时待命处理突发状况，确保“赛车”（机器人）能顺利完成比赛。
【陪跑员的多重角色】
在比赛中，这些工程师扮演着多重关键角色：
实时监控与调试: 通过笔记本电脑，工程师可以 实时查看机器人的运行数据 ，比如传感器信息、关节状态、电量和算法执行情况。一旦机器人出现姿态不稳、偏离路线等小问题，工程师可以立即进行远程调试和算法修正，防止小问题演变成摔倒或“罢工”。
硬件“急诊医生”: 机器人在长时间、高强度的奔跑中，关节电机等部件会产生大量热量。工程师需要 监控温度，防止过热损坏 。如果发生摔倒或零件松动，工程师需要第一时间冲上去扶起机器人，进行紧急维修或更换损坏的部件，比如视频中提到的更换电池。
数据采集与分析: 比赛是宝贵的测试机会。工程师会 记录机器人在真实复杂路况下的所有表现数据 ，这些“人类视角”的观察和数据，对于赛后优化机器人的运动算法、提升其在非结构化环境中的适应能力至关重要。
总而言之，这场马拉松不仅是一场比赛，更是一次大型的户外实验。工程师的“陪跑”是确保测试顺利进行、快速迭代技术不可或缺的一环。[加油R]",2026.04.19,--,5.0,,546,强势|服务者,强势,服务者,175,强势成功,9
69da7e87000000001a03484e,"今晚的亦庄机器人马拉松测试

",,8169.0,1,69db37700000000001007246,,5a642b1f4eacab367211a086,哈哈哈哈哈哈哈哈去年考某体制，就让剪的机器人马拉松的片子，那会儿都是走两步躺下的，没想到一年后跑这么麻溜[大笑R],2026.04.12,北京,4.0,0.0,57,强势|观众,强势,观众,11,强势成功,9
69e46730000000001d0199c8,"

",,761.0,2,69e523c1000000001401e401,69e52051000000001401bc02,6440a2c40000000012034fec,还摔了一跤呢，担架都上来了，但是没用上，扶起来起来又跑了[笑哭R],2026.04.20,北京,522.0,,33,强势|观众,强势,观众,6,强势成功,10
69e447d2000000001d01aa01,"当算法有了腿，程序员万万没想到……

",,2912.0,2,69e45ac0000000001401e82e,69e45575000000001401e004,621ddac6000000002102735d,他撞了别人和别人撞坏他都不好吧。[笑哭R],2026.04.19,天津,61.0,,21,强势|服务者,强势,服务者,4,强势成功,10
69da7e87000000001a03484e,"今晚的亦庄机器人马拉松测试

",,8169.0,1,69db2e25000000003501c35f,,64016dfd000000000e022f1b,他甚至还能扭头露出笑脸,2026.04.12,河北,48.0,8.0,11,强势|观众,强势,观众,4,强势成功,10
69e447d2000000001d01aa01,"当算法有了腿，程序员万万没想到……

",,2912.0,1,69e46f4d0000000014018827,,559ba2c662a60c229d042158,这要是摔了把电脑砸了怎么办,2026.04.19,湖北,35.0,21.0,13,强势|服务者,强势,服务者,3,强势成功,10
69da7e87000000001a03484e,"今晚的亦庄机器人马拉松测试

",,8169.0,2,69dae251000000003501cf95,69dae18a0000000035025c63,67240ba7000000001d02fe8b,您这不废话吗？博尔特也不会撑杆跳啊[笑哭R],2026.04.12,四川,32.0,,22,强势|观众,强势,观众,3,强势成功,10
69e481e8000000002003ad94,"

",,,1,69e4a6e7000000001401d831,,5f48ebd5000000000101c73d,他居然像人一样虚的往后仰[doge],2026.04.19,天津,23.0,0.0,18,强势|服务者,强势,服务者,4,强势成功,10
69e481e8000000002003ad94,"

",,,1,69e4a3610000000014018825,,562f66aee00dd863c733324a,他还假装往后撤两步，真的累了😮‍💨,2026.04.19,陕西,23.0,1.0,17,强势|服务者,强势,服务者,4,强势成功,10
69e447d2000000001d01aa01,"当算法有了腿，程序员万万没想到……

",,2912.0,2,69e45b9a0000000014019413,69e45575000000001401e004,604d8387000000000100a4db,万一撞了或者没影了损失会有点大[偷笑R],2026.04.19,湖南,23.0,,20,强势|服务者,强势,服务者,4,强势成功,10
69e4551e000000001f005895,"荣耀机器人赢麻了🤖我觉得它表情在嘲讽我

",,816.0,2,69e49a9b000000001401d412,69e47e4a000000001401cc1c,5aceceb84eacab32f6747d05,他甚至还挣扎了一下[捂脸R],2026.04.19,北京,19.0,,14,强势|被超越者,强势,被超越者,3,强势成功,10
69e481e8000000002003ad94,"

",,,1,69e49463000000001401d430,,6479408300000000100356bd,真像人，都累打晃晃了,2026.04.19,北京,18.0,3.0,10,强势|服务者,强势,服务者,3,强势成功,10
69da7e87000000001a03484e,"今晚的亦庄机器人马拉松测试

",,8169.0,2,69db2342000000000100540d,69daef220000000035024590,5eba50fa000000000101d730,这个跑法背着人去医院也给震出脑震荡了,2026.04.12,北京,15.0,,18,强势|观众,强势,观众,6,强势成功,10
69e48341000000001a02d0c4,"机器人马拉松，我们看乐了，西方人看破防了🤣

",3931.0,1022.0,1,69e55ee4000000001401cc00,,628f83a300000000210205a6,nbc新闻只有一个镜头，那个被减速带绊倒摔的七零八落，被担架抬走的。昨天的，可查,2026.04.20,江西,14.0,13.0,40,强势|观众,强势,观众,11,强势成功,10
69e481e8000000002003ad94,"

",,,1,69e4a0f6000000001401a423,,6350b179000000001802e20f,停下来要倒不倒还挺像人[笑哭R],2026.04.19,安徽,11.0,2.0,16,强势|服务者,强势,服务者,2,强势成功,10
69e481e8000000002003ad94,"

",,,2,69e7882c0000000014019819,69e653eb0000000014018807,603e44bd0000000001004cd9,往后倒那两步 是不是因为喘的啊 ？,2026.04.21,江苏,10.0,,17,强势|服务者,强势,服务者,3,强势成功,10
69e481e8000000002003ad94,"

",,,2,69e6457d0000000014019c1b,69e644ed000000001401a009,63614139000000001e00d892,爱因斯坦婴儿时，站都站不稳，谁能知道他以后会成为一名物理学家呢,2026.04.20,河南,10.0,,31,强势|服务者,强势,服务者,7,强势成功,10
69e46730000000001d0199c8,"

",,761.0,1,69e4c2fa000000001401c83c,,69101caf0000000037028a7d,上半身想赢，下半身想躺平，不像自愿的。,2026.04.19,山西,6.0,0.0,19,强势|观众,强势,观众,5,强势成功,10
69da7e87000000001a03484e,"今晚的亦庄机器人马拉松测试

",,8169.0,2,69daca2a000000000d034eef,69da8ebd0000000035031419,66565b8f0000000003033d5e,和发力部位有关系。重心低一些惯量会小，对关节的力矩和发热有好处。,2026.04.12,北京,6.0,,32,强势|观众,强势,观众,9,强势成功,10
69e481e8000000002003ad94,"

",,,2,69e65eae000000001401dc0b,69e65e37000000001401d808,5b6fb0b82c1b7e0001dd60a8,为啥要自杀，它断两条腿都能用手撑着把对面撞死。,2026.04.21,湖北,5.0,,23,强势|服务者,强势,服务者,7,强势成功,10
69e481e8000000002003ad94,"

",,,2,69e48adf000000001401b019,69e487f9000000001401e425,6698ef58000000000f03450e,重心不太对了[笑哭R],2026.04.19,江苏,5.0,,11,强势|服务者,强势,服务者,3,强势成功,10
69e4412a000000002103883f,"荣耀闪电队-齐天大圣夺冠！

",3517.0,445.0,2,69e47df2000000001401dc3e,69e47d38000000001401c423,5c124415f7e8b957900d0ee5,我看到了摔倒了碎掉了很多，没拍到！,2026.04.19,北京,5.0,,17,强势|观众,强势,观众,3,强势成功,10
69e481e8000000002003ad94,"

",,,1,69e65107000000001401cc0a,,63803c1a000000001f0171ab,越做越逼真了，踉跄的那一刻我都能感受到它累了,2026.04.21,广西,3.0,0.0,22,强势|服务者,强势,服务者,6,强势成功,10
69e481e8000000002003ad94,"

",,,1,69e5226e0000000014019406,,5fb8daf9000000000101dada,笑死了，停下来时候好像真人一样还颤颤巍巍的站不住[捂脸R][捂脸R][捂脸R],2026.04.20,河北,3.0,0.0,39,强势|服务者,强势,服务者,6,强势成功,10
69e481e8000000002003ad94,"

",,,1,69e57cce000000001401ac0c,,6300c4da00000000120038f3,站都站不住，玩儿呢！！！,2026.04.20,河北,3.0,13.0,12,强势|服务者,强势,服务者,2,强势成功,10
69da7e87000000001a03484e,"今晚的亦庄机器人马拉松测试

",,8169.0,1,69db28bf00000000350266f5,,68019be6000000000d00bbd5,地板都被他弄坏了[捂脸R],2026.04.12,广东,2.0,0.0,13,强势|观众,强势,观众,2,强势成功,10
69e481e8000000002003ad94,"

",,,1,69e497bc000000001401dc05,,6580e505000000001902c59d,有人注意到最后停下来两步姿态很自然吗，还有工作人员推他的时候倒退两步的姿态，都说明姿态稳定性很好，外部干扰的时候可以快速回归稳态。,2026.04.19,澳大利亚,2.0,0.0,65,强势|服务者,强势,服务者,20,强势成功,10
69e481e8000000002003ad94,"

",,,1,69e496f5000000001401a404,,5fdbf52c0000000001009029,会说话，第一句应该是，真他妈累,2026.04.19,福建,2.0,1.0,15,强势|服务者,强势,服务者,3,强势成功,10
69e481e8000000002003ad94,"

",,,1,69e4a25b000000001401d80d,,5c59bb9d000000001202494a,太逼真了，差点没累趴下,2026.04.19,山东,2.0,0.0,11,强势|服务者,强势,服务者,4,强势成功,10
69e463df000000001b003017,"

",3270.0,219.0,1,69e487d6000000001401e42f,,5e6895d900000000010088c9,真怕它突然跑起来[笑哭R],2026.04.19,广西,2.0,0.0,13,强势|服务者,强势,服务者,3,强势成功,10
69e48341000000001a02d0c4,"机器人马拉松，我们看乐了，西方人看破防了🤣

",3931.0,1022.0,1,69e4d9f4000000001401dc27,,574c558a6a6a695dc5cd7d50,这个我有印象，它后来半路瘫倒在路边了[呃R],2026.04.19,浙江,2.0,0.0,22,强势|观众,强势,观众,5,强势成功,10
69da7e87000000001a03484e,"今晚的亦庄机器人马拉松测试

",,8169.0,1,69dc2acb00000000150077e4,,5fdac5a300000000010090dd,就这个速度  能一下把人撞死,2026.04.13,黑龙江,1.0,0.0,14,强势|观众,强势,观众,4,强势成功,10
69e44278000000001a0217bb,"机器人超过我的瞬间

",6019.0,372.0,1,69e4573a000000001401a417,,599fe7ce6a6a6917a03c4e09,您是生命的热烈，它是钢铁的进步[赞R],2026.04.19,北京,3905.0,33.0,19,强势|被超越者,强势,被超越者,4,强势成功,11
69e4412a000000002103883f,"荣耀闪电队-齐天大圣夺冠！

",3517.0,445.0,1,69e4c8c6000000001401e025,,5b0849c74eacab771bfe9343,玩归玩，笑归笑，看见中国科技一点点的进步，真的让人感动。,2026.04.19,湖北,232.0,5.0,28,强势|观众,强势,观众,9,强势成功,11
69da7e87000000001a03484e,"今晚的亦庄机器人马拉松测试

",,8169.0,2,69db194b000000001500437e,69db0fce0000000015005918,62d827ae0000000002001e7e,就是要一点点研发设计呀。谁也没让他们现在就去[笑哭R],2026.04.12,广东,40.0,,27,强势|观众,强势,观众,4,强势成功,11
69da7e87000000001a03484e,"今晚的亦庄机器人马拉松测试

",,8169.0,2,69daf3130000000015005cfe,69daef940000000001007f78,6902a8e0000000003700125f,展示科技进步,2026.04.12,广东,38.0,,6,强势|观众,强势,观众,2,强势成功,11
69e4412a000000002103883f,"荣耀闪电队-齐天大圣夺冠！

",3517.0,445.0,2,69e4e6060000000014019807,69e4d870000000001401c830,5d2f425a00000000120088e2,技术牛逼、产品知名、资本追投,2026.04.19,北京,36.0,,14,强势|观众,强势,观众,5,强势成功,11
69e481e8000000002003ad94,"

",,,2,69e6f1fd0000000014018c27,69e6f061000000001401c018,60d4bf350000000001003eec,这是一个必须经历的过程，不可能一下造出个飞机就是这个道理,2026.04.21,新疆,29.0,,28,强势|服务者,强势,服务者,7,强势成功,11
69da7e87000000001a03484e,"今晚的亦庄机器人马拉松测试

",,8169.0,2,69dc4a4d00000000350339fb,69dba59500000000020372ca,605367e4000000000101ccee,可能是因为你们那边做不到吧,2026.04.13,江苏,25.0,,13,强势|观众,强势,观众,3,强势成功,11
69e4551e000000001f005895,"荣耀机器人赢麻了🤖我觉得它表情在嘲讽我

",,816.0,1,69e49ce6000000001401b002,,6530acfd000000002b002aff,为科技进步自豪[赞R],2026.04.19,福建,24.0,1.0,11,强势|被超越者,强势,被超越者,2,强势成功,11
69e48341000000001a02d0c4,"机器人马拉松，我们看乐了，西方人看破防了🤣

",3931.0,1022.0,1,69e59316000000001401dc29,,6381a875000000001f016abd,美国：人类之光，牛逼大了。中国：无效内卷，这有啥用。,2026.04.20,北京,23.0,11.0,26,强势|观众,强势,观众,8,强势成功,11
69e481e8000000002003ad94,"

",,,2,69e553d3000000001401c000,69e495250000000014019029,612cdaa50000000001003956,所以爱尔兰发展不了高科技[汗颜R],2026.04.20,德国,21.0,,17,强势|服务者,强势,服务者,4,强势成功,11
69da7e87000000001a03484e,"今晚的亦庄机器人马拉松测试

",,8169.0,2,69db131c0000000035033e92,69db12970000000035018b53,5982ce6e82ec39639a2fbbd0,未来肯定的,2026.04.12,福建,20.0,,5,强势|观众,强势,观众,2,强势成功,11
69da7e87000000001a03484e,"今晚的亦庄机器人马拉松测试

",,8169.0,2,69e460f5000000001401d838,69e42853000000001401cc00,6121ebd1000000002002f450,就算这个没用，那也是作为科技进步的过程，进步毕竟不是一蹴而就的,2026.04.19,山西,16.0,,31,强势|观众,强势,观众,8,强势成功,11
69e481e8000000002003ad94,"

",,,2,69e5bb90000000001401b815,69e5b2360000000014019001,639c5b730000000026012441,看的长远一点，更好的应用必须要经过这样的阶段来优化,2026.04.20,湖北,12.0,,25,强势|服务者,强势,服务者,9,强势成功,11
69da7e87000000001a03484e,"今晚的亦庄机器人马拉松测试

",,8169.0,2,69db345800000000150096aa,69db31a90000000014008677,5c31f50c000000000601dfe9,科技进步是一步一步来的，明年这时候，你嘲笑它做不到的，它都能做到的,2026.04.12,重庆,10.0,,33,强势|观众,强势,观众,8,强势成功,11
69e4412a000000002103883f,"荣耀闪电队-齐天大圣夺冠！

",3517.0,445.0,2,69e49d19000000001401d436,69e49c4f000000002b027225,5c124415f7e8b957900d0ee5,我预约不需要100年啊,2026.04.19,北京,10.0,,11,强势|观众,强势,观众,3,强势成功,11
69e48341000000001a02d0c4,"机器人马拉松，我们看乐了，西方人看破防了🤣

",3931.0,1022.0,2,69e4cf42000000001401c812,69e4cdd6000000001401dc35,60435a8a0000000001001389,这个发展速度，等不了多久,2026.04.19,宁夏,9.0,,12,强势|观众,强势,观众,4,强势成功,11
69e45dbe000000001f00434f,"机器人跑马拉松超越人类？

",4650.0,773.0,1,69e50b820000000014019002,,64803557000000001f005fb6,看得我一身鸡皮疙瘩。两年时间。我们国家的具身智能发展又往前迈了一大步，不敢想象2030年会怎么样,2026.04.20,贵州,8.0,2.0,48,强势|观众,强势,观众,15,强势成功,11
69e481e8000000002003ad94,"

",,,2,69e4a082000000001401b028,69e49a050000000014019c00,5b53272d6b58b75f3d5729b7,技术展示，拉投资,2026.04.19,上海,7.0,,8,强势|服务者,强势,服务者,3,强势成功,11
69e481e8000000002003ad94,"

",,,2,69e5ad0b0000000014019812,69e5abe6000000001401bc07,6066a229000000000101e1d9,研发阶段必经之路,2026.04.20,福建,7.0,,8,强势|服务者,强势,服务者,3,强势成功,11
69e481e8000000002003ad94,"

",,,2,69eaab94000000001401ac03,69eaa968000000001401a005,6454307e00000000100273d7,科技发展进步你这种人是不理解的,2026.04.24,浙江,7.0,,15,强势|服务者,强势,服务者,5,强势成功,11
69e46730000000001d0199c8,"

",,761.0,2,69e4bfd0000000001401e036,69e4bed6000000001401c40c,6071cb7100000000010001c1,一步一步来咯,2026.04.19,福建,7.0,,6,强势|观众,强势,观众,2,强势成功,11
69da7e87000000001a03484e,"今晚的亦庄机器人马拉松测试

",,8169.0,2,69dcbff6000000003502b66d,69dc8cf000000000350322c5,5a0fb02f11be103844e245f6,再过10年15年看看,2026.04.13,云南,6.0,,10,强势|观众,强势,观众,4,强势成功,11
69e481e8000000002003ad94,"

",,,2,69e589060000000014019004,69e574d70000000014019810,63cd101f0000000026012f04,这只是发展初期，后续肯定不会这样的呀,2026.04.20,河南,6.0,,18,强势|服务者,强势,服务者,6,强势成功,11
69e481e8000000002003ad94,"

",,,2,69e69d9e000000001401e000,69e67f9f000000001401b807,61e7d04f000000001000806a,人家还没搞出来1，咱们的100就没法遥遥领先[doge],2026.04.21,江苏,5.0,,28,强势|服务者,强势,服务者,5,强势成功,11
69e481e8000000002003ad94,"

",,,2,69e6f60b000000002d022b28,69e6e77e0000000014019c03,5f720d88000000000101fa2b,这是过程.不是结果吧.如果人生只想一步就有个结果多半是失败人生.,2026.04.21,中国香港,5.0,,32,强势|服务者,强势,服务者,9,强势成功,11
69e481e8000000002003ad94,"

",,,2,69e48dcc000000001401c035,69e48d90000000001401dc2c,5b10150411be10610ab53b2c,全身都是高科技啊,2026.04.19,四川,5.0,,8,强势|服务者,强势,服务者,2,强势成功,11
69e481e8000000002003ad94,"

",,,1,69e600660000000014019412,,565a8c434476080f27f826ae,很多你现在看起来很搞笑的科技，到了未来都会深深的改变每一个人的生活,2026.04.20,广东,4.0,0.0,33,强势|服务者,强势,服务者,9,强势成功,11
69e48341000000001a02d0c4,"机器人马拉松，我们看乐了，西方人看破防了🤣

",3931.0,1022.0,1,69e4bb0d0000000014019803,,678610c4000000000801df95,西方负责给出一个方向，我们负责卷。,2026.04.19,山东,4.0,2.0,17,强势|观众,强势,观众,5,强势成功,11
69da7e87000000001a03484e,"今晚的亦庄机器人马拉松测试

",,8169.0,2,69db35bf000000003501b190,69db353500000000350125bb,678136bd000000000801c21b,快了，五年内我觉得做到你这个要求没问题,2026.04.12,北京,4.0,,19,强势|观众,强势,观众,4,强势成功,11
69da7e87000000001a03484e,"今晚的亦庄机器人马拉松测试

",,8169.0,2,69db187d000000000d037726,69daf4fb0000000015009327,5de9f9d5000000000100a8b8,希望您能以后健康平安快乐的生活着，再过五年十年再来一次新疆，一定会看到变化的❤️,2026.04.12,新疆,4.0,,40,强势|观众,强势,观众,13,强势成功,11
69e481e8000000002003ad94,"

",,,2,69e48c50000000001401b81b,69e48bf3000000001401ac1e,564fcf9d9eb57842e10b542b,比赛要求是两只脚倒蹬[doge][doge],2026.04.19,江苏,50.0,,22,强势|服务者,强势,服务者,4,强势成功,12
69e481e8000000002003ad94,"

",,,1,69e49a5c000000001401ac0a,,69c3cf2b0000000032035570,我有个疑问…换轮子不是更快吗,2026.04.19,山东,43.0,97.0,14,强势|服务者,强势,服务者,3,强势成功,12
69da7e87000000001a03484e,"今晚的亦庄机器人马拉松测试

",,8169.0,2,69db153b0000000035030d86,69daf96f0000000015001390,5ccbe39c0000000012015b14,所以轮子没办法爬山和爬楼梯，也没办法原地在复杂地面原地掉头，但是你可以,2026.04.12,北京,36.0,,35,强势|观众,强势,观众,10,强势成功,12
69e481e8000000002003ad94,"

",,,1,69e48bf3000000001401ac1e,,62b1ad1d0000000019029117,如果在脚上加两个轮子会不会更快[吃瓜R],2026.04.19,福建,26.0,45.0,20,强势|服务者,强势,服务者,4,强势成功,12
69e481e8000000002003ad94,"

",,,1,69e49ae2000000001401c023,,5e06e0050000000001006fdc,我有个大胆的想法，装四个轮子，装发动机，卧下来，是不是更快呢[doge],2026.04.19,江苏,22.0,11.0,36,强势|服务者,强势,服务者,8,强势成功,12
69e481e8000000002003ad94,"

",,,2,69e4938c000000002b026716,69e490ae000000001401d42a,64512c6800000000100254c1,那也是四个轮子更稳更快更简单,2026.04.19,江苏,21.0,,14,强势|服务者,强势,服务者,5,强势成功,12
69e447d2000000001d01aa01,"当算法有了腿，程序员万万没想到……

",,2912.0,2,69e63321000000001401bc3a,69e605120000000014019c0d,5b9bf1bc398e4d0001f9e03e,轮上不了楼爬不了山，用处不一样,2026.04.20,甘肃,19.0,,15,强势|服务者,强势,服务者,5,强势成功,12
69e48341000000001a02d0c4,"机器人马拉松，我们看乐了，西方人看破防了🤣

",3931.0,1022.0,2,69e49edc000000001401c032,69e49ab00000000014018801,600a6a19000000000101c0c8,如果四轮的行，我觉得螺旋桨的也行,2026.04.19,陕西,15.0,,16,强势|观众,强势,观众,2,强势成功,12
69da7e87000000001a03484e,"今晚的亦庄机器人马拉松测试

",,8169.0,2,69dc90050000000002037ce8,69dc339f000000003501f4fa,60fb90580000000001000aa0,都有，不过脚才能上楼梯过障碍等，匹配人脚的对应环境,2026.04.13,广东,13.0,,25,强势|观众,强势,观众,8,强势成功,12
69da7e87000000001a03484e,"今晚的亦庄机器人马拉松测试

",,8169.0,2,69db03fd000000000202af16,69db02c8000000003501de1d,5d23e07c000000001202e6ea,轮子只是在铺装路面好跑，越野性能真比不上腿子[嘻嘻R],2026.04.12,湖南,12.0,,27,强势|观众,强势,观众,7,强势成功,12
69e46730000000001d0199c8,"

",,761.0,2,69e5076b0000000014018809,69e4fd5f000000001401ac1a,5dc56c890000000001005e5f,两条腿的跟两条腿的比，拉人的那个车属于保障车，你可以理解成人马拉松的救护车你知道，就是为了后边那个突然嘎地上的能尽快捡起来,2026.04.20,河北,11.0,,61,强势|观众,强势,观众,16,强势成功,12
69da7e87000000001a03484e,"今晚的亦庄机器人马拉松测试

",,8169.0,1,69dba59500000000020372ca,,5fed35db000000000100b5bf,不知道这玩意意义是啥，好好的轮子不用，非弄两条腿[抠鼻R],2026.04.12,芬兰,7.0,9.0,29,强势|观众,强势,观众,8,强势成功,12
69e481e8000000002003ad94,"

",,,2,69e8431e000000001401dc26,69e83ff7000000001401bc26,5cdd2c7400000000050213e1,塞车还得中途换轮儿呢朋友[捂脸R],2026.04.22,河北,7.0,,17,强势|服务者,强势,服务者,4,强势成功,12
69e481e8000000002003ad94,"

",,,2,69e49b27000000001401880a,69e49ae2000000001401c023,65223f5600000000230274c6,直接不要轮子，起飞那不更快[失望R]这是不同用途的,2026.04.19,河南,7.0,,25,强势|服务者,强势,服务者,6,强势成功,12
69e481e8000000002003ad94,"

",,,1,69e6ce9f000000001401c402,,6672bba90000000003030fae,咱能不能改进一下，给下面加四个轱辘[doge]里面放个方向盘，搭个棚子，人还能坐里面[害羞R],2026.04.21,江苏,6.0,1.0,47,强势|服务者,强势,服务者,13,强势成功,12
69e481e8000000002003ad94,"

",,,2,69e67de5000000001401a800,69e64aff0000000014019817,5b4cbd2711be101af8c357a2,动平衡！轮胎是没发做到的,2026.04.21,广东,6.0,,12,强势|服务者,强势,服务者,4,强势成功,12
69da7e87000000001a03484e,"今晚的亦庄机器人马拉松测试

",,8169.0,1,69db4c8b000000003503171a,,582bd9f85e87e74f9ae5aadf,他们要不要交养路费。机械脚比汽车轮胎对路面的伤害还要大。[笑哭R],2026.04.12,江苏,5.0,0.0,33,强势|观众,强势,观众,8,强势成功,12
69e481e8000000002003ad94,"

",,,2,69e7271b000000001401dc14,69e71b47000000001401ac15,5ffbdd92000000000101f73a,玩鸣潮方便,2026.04.21,广东,5.0,,5,强势|服务者,强势,服务者,2,强势成功,12
69da7e87000000001a03484e,"今晚的亦庄机器人马拉松测试

",,8169.0,2,69e459fd000000001401e806,69e42853000000001401cc00,5e1abb7a00000000010060aa,双脚可以应对复杂地形呀，轮子能平稳上楼梯吗，在坑洼地段能够保持平衡吗,2026.04.19,河南,4.0,,34,强势|观众,强势,观众,11,强势成功,12
69da7e87000000001a03484e,"今晚的亦庄机器人马拉松测试

",,8169.0,1,69dafa2d0000000035026441,,678ba9510000000004033690,换个轱辘呢[扯脸H],2026.04.12,江苏,3.0,0.0,10,强势|观众,强势,观众,2,强势成功,12
69e481e8000000002003ad94,"

",,,1,69e49799000000001401a410,,5c590c540000000011008502,反正都是机器，给脚上装几个轮子，跑的更快,2026.04.19,北京,3.0,8.0,20,强势|服务者,强势,服务者,6,强势成功,12
69da7e87000000001a03484e,"今晚的亦庄机器人马拉松测试

",,8169.0,1,69db2a90000000001400bb8a,,5485a20ed6e4a92d727be6e0,后来有个聪明的工程师给他们安上了轮子。他们就跑得更稳当了。[doge],2026.04.12,北京,2.0,0.0,35,强势|观众,强势,观众,7,强势成功,12
69e463df000000001b003017,"

",3270.0,219.0,1,69e4c2aa0000000014019013,,582fb5705e87e73f8e595e44,它为什么不装起来？,2026.04.19,江苏,2.0,1.0,9,强势|服务者,强势,服务者,3,强势成功,12
69da7e87000000001a03484e,"今晚的亦庄机器人马拉松测试

",,8169.0,2,69db4035000000003500d4ca,69db1c4600000000020286a9,654ef403000000000202ad2d,那车形又能帮你干啥？能上楼吗？,2026.04.12,广东,2.0,,15,强势|观众,强势,观众,2,强势成功,12
69e481e8000000002003ad94,"

",,,2,69e66799000000001401d808,69e66556000000001401c800,66162f4b000000000d024d20,轮子遇到楼梯遇到坑就只能望而却步了,2026.04.21,江苏,2.0,,17,强势|服务者,强势,服务者,6,强势成功,12
69da7e87000000001a03484e,"今晚的亦庄机器人马拉松测试

",,8169.0,1,69db5e8500000000150053f5,,5ec622d20000000001003365,能不能给他们装一种圆形的配件，外面用橡胶包裹的[doge],2026.04.12,浙江,1.0,0.0,29,强势|观众,强势,观众,6,强势成功,12
69da7e87000000001a03484e,"今晚的亦庄机器人马拉松测试

",,8169.0,1,69db1900000000000d03546e,,6329ce29000000002303e499,等我老了，以后他们的腿能不能装到我的腿上 ，这样我就不用坐轮椅了,2026.04.12,福建,1.0,0.0,32,强势|观众,强势,观众,4,强势成功,12
69da7e87000000001a03484e,"今晚的亦庄机器人马拉松测试

",,8169.0,1,69db111b000000000c031c82,,6694a3c7000000000f034f31,我有个想法，不如给它装上轮子，会不会跑的更快效率更高呢,2026.04.12,江苏,1.0,1.0,27,强势|观众,强势,观众,6,强势成功,12
69da7e87000000001a03484e,"今晚的亦庄机器人马拉松测试

",,8169.0,1,69db0f94000000000103f566,,5f884dc1000000000100496b,干嘛不往脚底装个轮，用的时候滑出来，用轮儿滑着跑,2026.04.12,山西,1.0,0.0,24,强势|观众,强势,观众,5,强势成功,12
69da7e87000000001a03484e,"今晚的亦庄机器人马拉松测试

",,8169.0,1,69dae994000000003501e2f0,,68993cac000000002802f17e,换成轱辘得了！[笑哭R],2026.04.12,北京,1.0,0.0,12,强势|观众,强势,观众,2,强势成功,12
69da7e87000000001a03484e,"今晚的亦庄机器人马拉松测试

",,8169.0,2,69dafff70000000035009eb6,69dafee4000000001400a5be,65b30da9000000000e027334,为了嘲笑那个希腊人：这能给你跑死咯？,2026.04.12,上海,49.0,,18,强势|观众,强势,观众,4,强势成功,13
69e481e8000000002003ad94,"

",,,1,69e4a791000000001401cc1d,,61f2c3ec0000000010007158,他们仨也要跟着跑马拉松吗[呃R],2026.04.19,广东,40.0,4.0,16,强势|服务者,强势,服务者,2,强势成功,13
69da7e87000000001a03484e,"今晚的亦庄机器人马拉松测试

",,8169.0,2,69db097f0000000035013b1f,69db0498000000000103dbe2,5aa35c114eacab11b5783fd9,我咋知道，我就路边看热闹一路人[笑哭了R],2026.04.12,北京,31.0,,21,强势|观众,强势,观众,5,强势成功,13
69da7e87000000001a03484e,"今晚的亦庄机器人马拉松测试

",,8169.0,2,69db13300000000016014460,69db108a000000003502fc8f,567d0c019eb5780ec7a56b6b,对对对，走路跑步都不稳当，它就能当保姆。,2026.04.12,内蒙古,15.0,,20,强势|观众,强势,观众,5,强势成功,13
69da7e87000000001a03484e,"今晚的亦庄机器人马拉松测试

",,8169.0,1,69db23b6000000000d03eea6,,5f8daf91000000000100a67c,果然，不管是谁跑马拉松，看上去都很命苦……,2026.04.12,浙江,13.0,0.0,21,强势|观众,强势,观众,5,强势成功,13
69e4412a000000002103883f,"荣耀闪电队-齐天大圣夺冠！

",3517.0,445.0,2,69e47954000000001401d40b,69e46f1e000000001401c819,5f1da7380000000001003338,人家都跑，他搁那表演上了,2026.04.19,北京,12.0,,12,强势|观众,强势,观众,2,强势成功,13
69e481e8000000002003ad94,"

",,,1,69e49b82000000001401cc22,,5b3313b44eacab14f0d11144,它一个跑马拉松  仨人跟着跑  [笑哭R],2026.04.19,辽宁,10.0,3.0,21,强势|服务者,强势,服务者,3,强势成功,13
69e45dbe000000001f00434f,"机器人跑马拉松超越人类？

",4650.0,773.0,1,69e4dda5000000001401b843,,5c840004000000001103420b,旁边一遛人类观众跟着🏃 莫名喜感[doge],2026.04.19,广东,9.0,3.0,22,强势|观众,强势,观众,6,强势成功,13
69e447d2000000001d01aa01,"当算法有了腿，程序员万万没想到……

",,2912.0,1,69e48cd3000000001401cc26,,64e2d413000000000100fa58,这和追着一辆车跑没啥区别,2026.04.19,四川,8.0,3.0,12,强势|服务者,强势,服务者,2,强势成功,13
69e481e8000000002003ad94,"

",,,2,69e6b0cc000000001401c001,69e6b0430000000014019c0b,5d160cf5000000001101d995,工作人员坐车的[笑哭R],2026.04.21,江苏,7.0,,12,强势|服务者,强势,服务者,2,强势成功,13
69e447d2000000001d01aa01,"当算法有了腿，程序员万万没想到……

",,2912.0,2,69e48c3d000000001401e808,69e47dbc000000001401bc0e,628090ef0000000021023daf,不是不用跟，以后是真跟不上了，那有那么多追风少年[偷笑R],2026.04.19,安徽,7.0,,29,强势|服务者,强势,服务者,5,强势成功,13
69da7e87000000001a03484e,"今晚的亦庄机器人马拉松测试

",,8169.0,2,69db2f9f000000000d034bdb,69db2f270000000015006eb6,5c14c39b0000000007014b07,谁在月球来回跑了？,2026.04.12,北京,6.0,,9,强势|观众,强势,观众,2,强势成功,13
69e481e8000000002003ad94,"

",,,2,69e59fb20000000014018809,69e59f53000000001401981c,65119fbf00000000230243f8,让工作人员跑快一点[偷笑R],2026.04.20,浙江,6.0,,14,强势|服务者,强势,服务者,2,强势成功,13
69e45dbe000000001f00434f,"机器人跑马拉松超越人类？

",4650.0,773.0,2,69e4eb6a0000000014019801,69e4ea7c000000001401e811,678d99d7000000000e01d77f,你两岁跑路的时候，你身后也跟着一群人,2026.04.19,广东,6.0,,18,强势|观众,强势,观众,5,强势成功,13
69e481e8000000002003ad94,"

",,,1,69eaae0a000000001401a80a,,557f8e2ca75c957050465c3b,人要跟着跑，简直了 有啥意义,2026.04.24,上海,5.0,15.0,14,强势|服务者,强势,服务者,4,强势成功,13
69e4412a000000002103883f,"荣耀闪电队-齐天大圣夺冠！

",3517.0,445.0,1,69e47df90000000014018821,,5b67124a6b58b71d2f7f2d92,谁能懂我  另一边挤满马拉松参赛人类的反差感哈哈哈哈哈哈哈哈,2026.04.19,广东,5.0,0.0,30,强势|观众,强势,观众,6,强势成功,13
69da7e87000000001a03484e,"今晚的亦庄机器人马拉松测试

",,8169.0,1,69db00d20000000035012eb7,,5b2b479811be1071d6ceaafe,它能背着人跑吗,2026.04.12,辽宁,4.0,3.0,7,强势|观众,强势,观众,2,强势成功,13
69da7e87000000001a03484e,"今晚的亦庄机器人马拉松测试

",,8169.0,2,69db36a000000000010042b4,69daf56d000000001601419c,5a071544e8ac2b7f4101a661,不会啊，应该庆幸旁边还有保安和跟拍车车，不然才是真正的独自练习，那才吓人吧[doge],2026.04.12,北京,4.0,,43,强势|观众,强势,观众,10,强势成功,13
69da7e87000000001a03484e,"今晚的亦庄机器人马拉松测试

",,8169.0,1,69db0d9e000000000c030a97,,5b8c86c42fc4fb00014087d0,其实这玩意跑过去，跟一台车开过去，没什么不一样。,2026.04.12,广东,3.0,0.0,24,强势|观众,强势,观众,8,强势成功,13
69da7e87000000001a03484e,"今晚的亦庄机器人马拉松测试

",,8169.0,1,69dad1da0000000015000b70,,59feb339e8ac2b27606e9b06,因为他 我绕了好大一圈才回家,2026.04.12,北京,3.0,0.0,14,强势|观众,强势,观众,3,强势成功,13
69e4551e000000001f005895,"荣耀机器人赢麻了🤖我觉得它表情在嘲讽我

",,816.0,2,69e4898d000000001401a815,69e47927000000001401b00b,63239ad8000000002303db4d,[捂脸R]不在一个层面上应该 他们要跑超级马拉松,2026.04.19,北京,3.0,,24,强势|被超越者,强势,被超越者,4,强势成功,13
69e45dbe000000001f00434f,"机器人跑马拉松超越人类？

",4650.0,773.0,2,69f14ac60000000029036d94,69f0e773000000002702185e,5d230b93000000001100a85d,你小时候，你爸也跟着你！,2026.04.29,北京,3.0,,12,强势|观众,强势,观众,2,强势成功,13
69e4412a000000002103883f,"荣耀闪电队-齐天大圣夺冠！

",3517.0,445.0,2,69e472e9000000001401e401,69e470030000000014019830,5c124415f7e8b957900d0ee5,哈哈哈，肯定是给后面的工作人员听的！,2026.04.19,北京,3.0,,18,强势|观众,强势,观众,3,强势成功,13
69e481e8000000002003ad94,"

",,,1,69e49808000000001401c01e,,56593555f53ee0646d3b8c16,人也跟着跑全程吗？,2026.04.19,上海,2.0,0.0,9,强势|服务者,强势,服务者,3,强势成功,13
69e481e8000000002003ad94,"

",,,1,69e78d23000000001401bc08,,5b1812fd4eacab31f88e3cd3,还得人跟着跑？,2026.04.21,广西,2.0,0.0,7,强势|服务者,强势,服务者,2,强势成功,13
69e481e8000000002003ad94,"

",,,1,69e4a560000000001401e830,,5d4e785f000000001600f115,原来人也要跟着跑啊,2026.04.19,广东,2.0,0.0,9,强势|服务者,强势,服务者,3,强势成功,13
69e481e8000000002003ad94,"

",,,1,69e48af50000000014019c03,,6512a528000000002402d184,那操作员也是一路跟跑？,2026.04.19,浙江,2.0,2.0,11,强势|服务者,强势,服务者,2,强势成功,13
69e4412a000000002103883f,"荣耀闪电队-齐天大圣夺冠！

",3517.0,445.0,1,69e459d20000000014019c28,,63aa7c5f0000000026004e44,旁边那个赛道是陪跑？,2026.04.19,福建,2.0,3.0,10,强势|观众,强势,观众,2,强势成功,13
69e447d2000000001d01aa01,"当算法有了腿，程序员万万没想到……

",,2912.0,2,69e48d17000000001401a021,69e44e85000000001401a404,55d2008758944622c7f6e9f9,日夜兼程，跑死了好几匹马……,2026.04.19,河北,2.0,,14,强势|服务者,强势,服务者,2,强势成功,13
69da7e87000000001a03484e,"今晚的亦庄机器人马拉松测试

",,8169.0,1,69db9a16000000003502906d,,5f76d3b50000000001009565,一起跑，比个赛,2026.04.12,天津,1.0,0.0,7,强势|观众,强势,观众,2,强势成功,13
69e4551e000000001f005895,"荣耀机器人赢麻了🤖我觉得它表情在嘲讽我

",,816.0,1,69e48d160000000014018c1b,,5fa8d0fc000000000100566c,这玩意只要有电，能跑死你们人类,2026.04.19,安徽,2825.0,153.0,15,强势|被超越者,强势,被超越者,4,强势成功,14
69e447d2000000001d01aa01,"当算法有了腿，程序员万万没想到……

",,2912.0,2,69e45839000000001401e003,69e45575000000001401e004,621ddac6000000002102735d,不知道是不是一回事。最后结果是追上断电了。,2026.04.19,天津,338.0,,21,强势|服务者,强势,服务者,7,强势成功,14
69da7e87000000001a03484e,"今晚的亦庄机器人马拉松测试

",,8169.0,2,69dad46b000000003501bc1d,69dac8d7000000000c0319f8,6299ff0e000000002102022f,大不了换零件[doge],2026.04.12,天津,164.0,,12,强势|观众,强势,观众,2,强势成功,14
69e481e8000000002003ad94,"

",,,2,69e57975000000001401bc13,69e56a0b000000001401c009,581dcf073460940cfdc72f4e,估计是电压不足,2026.04.20,山东,49.0,,7,强势|服务者,强势,服务者,3,强势成功,14
69e463df000000001b003017,"

",3270.0,219.0,1,69eb54d0000000002803e2d9,,695673240000000037002da7,你们说闪电和win会不会电池是一样的[旺柴],2026.04.24,湖北,33.0,1.0,22,强势|服务者,强势,服务者,4,强势成功,14
69e4551e000000001f005895,"荣耀机器人赢麻了🤖我觉得它表情在嘲讽我

",,816.0,1,69f181ef00000000270144af,,62dfb87a000000001f004394,闪电，快点给你的青海湖电池吐出来放我身上，我燃尽了,2026.04.29,吉林,32.0,3.0,25,强势|被超越者,强势,被超越者,7,强势成功,14
69e463df000000001b003017,"

",3270.0,219.0,1,69ec66ef000000002803845c,,697a0a39000000001d01b1b3,闪电是不是和win似的用的也是青海湖电池,2026.04.25,湖北,21.0,0.0,20,强势|服务者,强势,服务者,6,强势成功,14
69da7e87000000001a03484e,"今晚的亦庄机器人马拉松测试

",,8169.0,2,69db14d600000000350128b6,69daf1a9000000000103c4f0,5ccbe39c0000000012015b14,还费电呢，你下次建议他别用电池,2026.04.12,北京,21.0,,15,强势|观众,强势,观众,5,强势成功,14
69e481e8000000002003ad94,"

",,,2,69e48b55000000001401b803,69e48a260000000014018c20,58bfcc916a6a6905a6ce3912,汽车到现在还是得加油，充电,2026.04.19,北京,15.0,,13,强势|服务者,强势,服务者,3,强势成功,14
69e481e8000000002003ad94,"

",,,1,69e4a28f000000001401d81f,,578dcb3f82ec392411efb807,所以那位拿着电池的要一直跟着它跑吗[笑哭R],2026.04.19,广东,14.0,13.0,22,强势|服务者,强势,服务者,4,强势成功,14
69e4551e000000001f005895,"荣耀机器人赢麻了🤖我觉得它表情在嘲讽我

",,816.0,1,69e48b57000000001401bc2e,,569892eee4251d36ba970392,只要有电它可以保持匀速,2026.04.19,山东,12.0,5.0,11,强势|被超越者,强势,被超越者,4,强势成功,14
69e447d2000000001d01aa01,"当算法有了腿，程序员万万没想到……

",,2912.0,2,69e487d5000000001401e031,69e46f4d0000000014018827,63a66a150000000026012871,公司的，换一台呗,2026.04.19,澳大利亚,11.0,,8,强势|服务者,强势,服务者,2,强势成功,14
69e4551e000000001f005895,"荣耀机器人赢麻了🤖我觉得它表情在嘲讽我

",,816.0,1,69e589590000000014019820,,5b8409bf1cd8b70001a7c678,跳过去扣电池[偷笑R],2026.04.20,重庆,8.0,2.0,11,强势|被超越者,强势,被超越者,2,强势成功,14
69e481e8000000002003ad94,"

",,,1,69e49f490000000014019821,,633148c2000000002303f06d,我还以为不换电池跑完全程，这不是妥妥的耍赖吗,2026.04.19,上海,3.0,16.0,22,强势|服务者,强势,服务者,5,强势成功,14
69e481e8000000002003ad94,"

",,,2,69e4a34d000000001401a417,69e49f490000000014019821,633148c2000000002303f06d,换电池相当于人吃一顿正餐再睡一觉。,2026.04.19,上海,3.0,,17,强势|服务者,强势,服务者,6,强势成功,14
69e481e8000000002003ad94,"

",,,1,69e494e5000000001401a82d,,5a62ba5fe8ac2b5bd039a6b0,可以用另一台机器人跟着跑帮他换电池，工作人员就没那么累了[doge],2026.04.19,重庆,2.0,1.0,34,强势|服务者,强势,服务者,5,强势成功,14
69e4412a000000002103883f,"荣耀闪电队-齐天大圣夺冠！

",3517.0,445.0,2,69e4870c000000001401a01c,69e479760000000014019c2a,55afa01ea75c955f3280799c,哈哈哈哈哈  它路上电池过热还蹲下了    笑死了,2026.04.19,湖南,2.0,,25,强势|观众,强势,观众,4,强势成功,14
69da7e87000000001a03484e,"今晚的亦庄机器人马拉松测试

",,8169.0,1,69dbabd30000000002034b25,,652e9a7e000000002a02b743,这是在比电池容量大小吗！！[doge][doge],2026.04.12,北京,1.0,0.0,25,强势|观众,强势,观众,2,强势成功,14
69da7e87000000001a03484e,"今晚的亦庄机器人马拉松测试

",,8169.0,1,69db14e8000000001500108e,,5df607b100000000010070df,换电池的时候是不是可以推着他十几秒钟来节省体力[doge],2026.04.12,上海,1.0,0.0,29,强势|观众,强势,观众,7,强势成功,14
69da7e87000000001a03484e,"今晚的亦庄机器人马拉松测试

",,8169.0,1,69db0625000000000d03c250,,5f17a13a000000000100a279,所以这是拼谁的硬件跟电池续航能力是吗[笑哭R],2026.04.12,广东,1.0,3.0,23,强势|观众,强势,观众,4,强势成功,14
69da7e87000000001a03484e,"今晚的亦庄机器人马拉松测试

",,8169.0,1,69db03780000000035010e76,,63cf7a5800000000260076ab,这不是马拉松，拼的是续航，耐磨，速度，反应[哭惹R],2026.04.12,广东,1.0,0.0,26,强势|观众,强势,观众,5,强势成功,14
69da7e87000000001a03484e,"今晚的亦庄机器人马拉松测试

",,8169.0,1,69db009400000000150097b2,,60f83e4a000000000101f4d6,这玩意儿要是坏了会不会瞎跑，有没有紧急断电措施？,2026.04.12,北京,1.0,0.0,24,强势|观众,强势,观众,5,强势成功,14
69da7e87000000001a03484e,"今晚的亦庄机器人马拉松测试

",,8169.0,1,69dae0b2000000000103fdf1,,5dac84af0000000001008b4e,比电池续航吗？,2026.04.12,江苏,1.0,0.0,7,强势|观众,强势,观众,2,强势成功,14
69e481e8000000002003ad94,"

",,,1,69e4982b000000001401881b,,56f77feeaed7581a8a5a3dc4,这玩意儿换个电池不就相当于换了个人了么[捂脸R],2026.04.19,北京,1.0,1.0,24,强势|服务者,强势,服务者,5,强势成功,14
69e481e8000000002003ad94,"

",,,1,69e494de000000001401c80b,,5d2f2c89000000001200182c,断电之后它自己还能记得它是谁？他在哪？他要做什么？,2026.04.19,辽宁,1.0,0.0,25,强势|服务者,强势,服务者,3,强势成功,14
69e481e8000000002003ad94,"

",,,1,69ec5107000000002803ad23,,59d84b986eea881ebfe9c3bd,换电池了吗[石化R]换电池还比啥，可以无限跑下去了呀,2026.04.25,北京,1.0,3.0,26,强势|服务者,强势,服务者,4,强势成功,14
69e481e8000000002003ad94,"

",,,1,69e83ff7000000001401bc26,,5e8b52a000000000010033e4,换电池属于作弊吗,2026.04.22,山东,1.0,3.0,8,强势|服务者,强势,服务者,3,强势成功,14
69e481e8000000002003ad94,"

",,,1,69e634ce000000001401d81a,,57984a4ca9b2ed063a79fd16,没电就跟人低血糖一样，站不稳直往后倒这玩意儿,2026.04.20,浙江,1.0,0.0,22,强势|服务者,强势,服务者,7,强势成功,14
69e447d2000000001d01aa01,"当算法有了腿，程序员万万没想到……

",,2912.0,1,69e48f4b000000001401c052,,615ec5fd000000000201bb40,不费电，不费电机，只费程序员[大笑R],2026.04.19,新疆,1.0,0.0,19,强势|服务者,强势,服务者,5,强势成功,14
69da7e87000000001a03484e,"今晚的亦庄机器人马拉松测试

",,8169.0,2,69dcc71f000000003500f297,69db30220000000016016d90,5482992e2e1d932a39f9f090,断电就行了能耗死它们。,2026.04.13,上海,1.0,,11,强势|观众,强势,观众,3,强势成功,14
69da7e87000000001a03484e,"今晚的亦庄机器人马拉松测试

",,8169.0,1,69db5886000000001500067e,,5989413e6a6a697cc9735268,这玩意不能送外卖吧，这不得把我可乐都晃成糖水了[笑哭了R],2026.04.12,北京,21.0,2.0,29,强势|观众,强势,观众,6,强势成功,15
69da7e87000000001a03484e,"今晚的亦庄机器人马拉松测试

",,8169.0,2,69dc3a29000000000103d160,69dbd52a000000003502ca11,5e63c206000000000100b568,机器人多贵！机器人被车撞了你得重新买一个，外卖员被车撞了就赖给外卖员自己不遵守交通规则0成本的[doge][doge][doge]机器人把餐食打翻了平台得赔钱，外卖员打翻了自己垫着[doge][doge][doge]你是老板你选择机器人还是外卖员，就这么说就国内的人力成本除了没有厂里，不然机器人暂时还替代不了人力,2026.04.13,江苏,21.0,,157,强势|观众,强势,观众,34,强势成功,15
69da7e87000000001a03484e,"今晚的亦庄机器人马拉松测试

",,8169.0,1,69daee220000000015008cbc,,6087484b00000000010056a5,哈哈哈，外卖小哥表示有压力[失望R],2026.04.12,澳大利亚,20.0,11.0,18,强势|观众,强势,观众,4,强势成功,15
69da7e87000000001a03484e,"今晚的亦庄机器人马拉松测试

",,8169.0,1,69dbd52a000000003502ca11,,6106c9f90000000001006034,外卖员，你们有焦虑么？[捂脸R][捂脸R],2026.04.13,江西,19.0,13.0,21,强势|观众,强势,观众,2,强势成功,15
69da7e87000000001a03484e,"今晚的亦庄机器人马拉松测试

",,8169.0,2,69dbd7a80000000016016653,69dbd52a000000003502ca11,5d15d0ba0000000012029617,想多了，外卖员可比机器人便宜多了[doge],2026.04.13,美国,14.0,,22,强势|观众,强势,观众,4,强势成功,15
69da7e87000000001a03484e,"今晚的亦庄机器人马拉松测试

",,8169.0,1,69db05e000000000140081b9,,5bfe76ff0000000005005c11,新的外卖小哥诞生了，无需中间休息，就需要多备两颗电池,2026.04.12,广东,11.0,1.0,26,强势|观众,强势,观众,10,强势成功,15
69da7e87000000001a03484e,"今晚的亦庄机器人马拉松测试

",,8169.0,2,69dba601000000000103f1a4,69daeb6f0000000001006d56,5bb77a8118d7e30001fd05bd,[捂脸R]可能明年它就能送餐了,2026.04.12,福建,11.0,,15,强势|观众,强势,观众,2,强势成功,15
69e481e8000000002003ad94,"

",,,1,69e59437000000001401b81c,,5e0e0566000000000100be8f,这玩意未来取代外卖跑腿，那不是迟早的事[捂脸R]，太强了,2026.04.20,云南,8.0,10.0,28,强势|服务者,强势,服务者,7,强势成功,15
69da7e87000000001a03484e,"今晚的亦庄机器人马拉松测试

",,8169.0,1,69db09ae0000000015000aac,,5cf4d6f3000000001803e774,就这样帮我去拿快递，打通小区和驿站最后一公里,2026.04.12,广东,6.0,1.0,22,强势|观众,强势,观众,7,强势成功,15
69da7e87000000001a03484e,"今晚的亦庄机器人马拉松测试

",,8169.0,1,69db0e8e00000000140091a1,,5fdb4dd000000000010093b6,以后快递哥不用进小区和单位了，每个院子配两个机器人随时跑腿接力。[doge],2026.04.12,四川,5.0,0.0,38,强势|观众,强势,观众,11,强势成功,15
69da7e87000000001a03484e,"今晚的亦庄机器人马拉松测试

",,8169.0,1,69db421a0000000016015bed,,69c333ae000000003401967d,你看他们跑起来都保持平稳，将来肯定会接过一批外卖配送业务,2026.04.12,江苏,4.0,2.0,28,强势|观众,强势,观众,10,强势成功,15
69da7e87000000001a03484e,"今晚的亦庄机器人马拉松测试

",,8169.0,2,69db32220000000016015fb3,69db2e550000000016017b12,68909a60000000002802c4c3,车送不了外卖 这玩意儿可以,2026.04.12,北京,4.0,,13,强势|观众,强势,观众,4,强势成功,15
69e48341000000001a02d0c4,"机器人马拉松，我们看乐了，西方人看破防了🤣

",3931.0,1022.0,2,69e4a27b000000001401a02d,69e495f6000000001401e015,58b25d6082ec3947b8a06058,帮我跑步取快递用[斜眼R],2026.04.19,山西,4.0,,13,强势|观众,强势,观众,2,强势成功,15
69da7e87000000001a03484e,"今晚的亦庄机器人马拉松测试

",,8169.0,1,69db4bd40000000002035ba8,,5a18e7a6db2e60180f82f798,一个个都像要送的外卖要超时了[笑哭R],2026.04.12,上海,3.0,0.0,19,强势|观众,强势,观众,3,强势成功,15
69da7e87000000001a03484e,"今晚的亦庄机器人马拉松测试

",,8169.0,1,69db2642000000001500b0c7,,5aeda2dbe8ac2b5aec1b09c0,我还是没大格局 我的第一想法是……可以直接跑着送外卖[呃R],2026.04.12,广东,3.0,0.0,30,强势|观众,强势,观众,4,强势成功,15
69e481e8000000002003ad94,"

",,,2,69e5957b000000001401c412,69e59437000000001401b81c,5e0e0566000000000100be8f,迟早的事，前期研发成本高，所以价格很高，慢慢的价格就降下来了，代替人工外卖，这是迟早的事！,2026.04.20,云南,3.0,,45,强势|服务者,强势,服务者,12,强势成功,15
69da7e87000000001a03484e,"今晚的亦庄机器人马拉松测试

",,8169.0,1,69db77b300000000010075f2,,5b07b880e8ac2b49df3e669e,哈哈哈。以后不会满大街都是这东西跑着去送外卖吧？,2026.04.12,新加坡,2.0,0.0,24,强势|观众,强势,观众,3,强势成功,15
69da7e87000000001a03484e,"今晚的亦庄机器人马拉松测试

",,8169.0,1,69db127e00000000010051c0,,5bb7770118d7e30001f82b5a,以后会不会满大街都是 跑步送餐的机器人啊[汗颜R],2026.04.12,北京,2.0,1.0,25,强势|观众,强势,观众,4,强势成功,15
69da7e87000000001a03484e,"今晚的亦庄机器人马拉松测试

",,8169.0,1,69db1101000000000d034898,,5d0def93000000001103a029,再过两年外卖都得机器人送了，快递员全员失业。,2026.04.12,上海,2.0,0.0,22,强势|观众,强势,观众,7,强势成功,15
69e447d2000000001d01aa01,"当算法有了腿，程序员万万没想到……

",,2912.0,1,69e4a06b000000001401cc43,,5fb7634d00000000010014f7,让机器人送外卖  能实现从锅边儿到桌边儿的最短时间,2026.04.19,北京,2.0,0.0,25,强势|服务者,强势,服务者,7,强势成功,15
69e4412a000000002103883f,"荣耀闪电队-齐天大圣夺冠！

",3517.0,445.0,1,69e500540000000014018808,,60d842fe0000000020028f2f,未来外卖小哥可以背替代了,2026.04.20,北京,2.0,0.0,12,强势|观众,强势,观众,4,强势成功,15
69da7e87000000001a03484e,"今晚的亦庄机器人马拉松测试

",,8169.0,2,69db40ed000000000d035193,69db3ade000000000d034593,58bc36776a6a690811d6c85b,送外卖的被机器人取代的话  外卖员是没钱赚了还是在家不去送外卖就有人给钱了呢,2026.04.12,黑龙江,2.0,,38,强势|观众,强势,观众,11,强势成功,15
69da7e87000000001a03484e,"今晚的亦庄机器人马拉松测试

",,8169.0,2,69daeee4000000001500a5a4,69daee220000000015008cbc,6087484b00000000010056a5,估计是行，每次我看到顺丰快递扛20公斤的面粉上六楼我都心疼[呃R],2026.04.12,澳大利亚,2.0,,33,强势|观众,强势,观众,9,强势成功,15
69da7e87000000001a03484e,"今晚的亦庄机器人马拉松测试

",,8169.0,2,69daf2a600000000140093a1,69daee220000000015008cbc,6087484b00000000010056a5,哈哈哈，真的感觉在家收快递开门的瞬间看到一个机器人的时代已经不远了[失望R],2026.04.12,澳大利亚,2.0,,38,强势|观众,强势,观众,8,强势成功,15
69da7e87000000001a03484e,"今晚的亦庄机器人马拉松测试

",,8169.0,1,69dbae020000000035030caf,,5dafdbc800000000010004cd,这要是拿着我的外卖🥡跑了我都追不上[笑哭了R],2026.04.12,河北,1.0,0.0,23,强势|观众,强势,观众,3,强势成功,15
69da7e87000000001a03484e,"今晚的亦庄机器人马拉松测试

",,8169.0,1,69db8e890000000015003bb5,,5f900e530000000001007453,“它喵的，原来我们被造出来是为了送外卖”- 机器人A01编号,2026.04.12,马来西亚,1.0,0.0,30,强势|观众,强势,观众,7,强势成功,15
69da7e87000000001a03484e,"今晚的亦庄机器人马拉松测试

",,8169.0,1,69db41ce00000000350225c4,,61bc94f7000000001000f54e,机器人骑电动车送外卖遵守交规超时被罚不能充电即将走进现实,2026.04.12,山东,1.0,1.0,28,强势|观众,强势,观众,10,强势成功,15
69da7e87000000001a03484e,"今晚的亦庄机器人马拉松测试

",,8169.0,1,69db3ce9000000000c033a45,,67c98295000000000e013f06,我押第一个，感觉它最稳，送外卖的话不会摔倒,2026.04.12,北京,1.0,0.0,21,强势|观众,强势,观众,6,强势成功,15
69da7e87000000001a03484e,"今晚的亦庄机器人马拉松测试

",,8169.0,1,69db379a0000000002035646,,5d4e93520000000011020ac3,是不是以后外卖也不用人送了,2026.04.12,北京,1.0,0.0,13,强势|观众,强势,观众,4,强势成功,15
69da7e87000000001a03484e,"今晚的亦庄机器人马拉松测试

",,8169.0,1,69db27830000000035019822,,5b5fd12ef7e8b954fa9b38cf,这个身体控制，真的可以送外卖了，反正都是遥控的，以后外卖小哥们都坐在办公室里远程遥控就行,2026.04.12,北京,1.0,0.0,44,强势|观众,强势,观众,13,强势成功,15
69e481e8000000002003ad94,"

",,,1,69e4962e000000001401b006,,5c23652e00000000050032b8,一个机器人需要3个人伺候，就业新方向来了,2026.04.19,黑龙江,1144.0,73.0,20,强势|服务者,强势,服务者,6,强势成功,16
69e481e8000000002003ad94,"

",,,1,69e5841a000000001401d81f,,5ba7a42e95d6810001712b6e,一个机器人，三个人服侍它，以后不怕没岗位啦[偷笑R],2026.04.20,广东,339.0,51.0,26,强势|服务者,强势,服务者,6,强势成功,16
69e481e8000000002003ad94,"

",,,1,69e51893000000001401e006,,64e0d207000000000100cbff,我笑死，真的一台机器人可以带动5个人就业,2026.04.20,广东,39.0,10.0,20,强势|服务者,强势,服务者,6,强势成功,16
69e481e8000000002003ad94,"

",,,1,69e49e63000000001401e026,,5b9a19021a438100010eb19b,本来一个人的工作变成3人加机器[点赞R],2026.04.19,山东,21.0,3.0,20,强势|服务者,强势,服务者,6,强势成功,16
69e481e8000000002003ad94,"

",,,1,69e4a00e0000000014019c23,,6816226c000000000d00a9c6,这玩意儿存在最大的作用，一台机器人提供了三个岗位，减少了就业压力。,2026.04.19,河南,15.0,3.0,33,强势|服务者,强势,服务者,12,强势成功,16
69e481e8000000002003ad94,"

",,,1,69e48a260000000014018c20,,64a440c300000000100340d0,这玩意儿没啥用啊，一个机器人需要三个人做补给。,2026.04.19,河南,8.0,16.0,23,强势|服务者,强势,服务者,6,强势成功,16
69e481e8000000002003ad94,"

",,,1,69e634e3000000001401bc2a,,602731ae000000000101f671,一个机器人三个人伺候，意义何在,2026.04.20,广东,7.0,8.0,15,强势|服务者,强势,服务者,6,强势成功,16
69e481e8000000002003ad94,"

",,,2,69e49b79000000001401c018,69e4962e000000001401b006,5b290308e8ac2b08e147d67c,一个机器人需要三个人伺候，以后1万台机器人说不好也只要三个人伺候,2026.04.19,北京,5.0,,32,强势|服务者,强势,服务者,12,强势成功,16
69e481e8000000002003ad94,"

",,,1,69e4a8fd000000001401e42b,,69a2e8f200000000210107c1,一个机器人要3个人陪同，这就是3个岗位啊[笑哭R],2026.04.19,湖南,4.0,0.0,25,强势|服务者,强势,服务者,4,强势成功,16
69e481e8000000002003ad94,"

",,,1,69e4a3da0000000014019821,,5f44de69000000000100ad41,这样看来大家都不再怕失业了，一个机器人需要三个工作人员，就是说一个机器人能带来三个工作岗位[笑哭R][笑哭R],2026.04.19,广东,4.0,1.0,55,强势|服务者,强势,服务者,14,强势成功,16
69e481e8000000002003ad94,"

",,,1,69eddc35000000002702b9bc,,61e53d9800000000100051e2,三个人伺候一个机器人，那机器人的初衷是啥？要这玩意有啥用？[笑哭R],2026.04.26,河北,3.0,2.0,34,强势|服务者,强势,服务者,7,强势成功,16
69e481e8000000002003ad94,"

",,,1,69e774460000000014019c26,,693ba6f0000000003201c620,机器人的意义就是带动就业,2026.04.21,湖南,3.0,1.0,12,强势|服务者,强势,服务者,4,强势成功,16
69e481e8000000002003ad94,"

",,,1,69e74718000000001401cc13,,5b9382c888127200015272dd,这么多人服务一个机器人 倒反天罡啊,2026.04.21,北京,3.0,3.0,17,强势|服务者,强势,服务者,4,强势成功,16
69e481e8000000002003ad94,"

",,,1,69e49731000000001401982b,,5b3c918f6b58b76ef84df5c9,这有什么意义，3个大活人围着一个机器人跑路[笑哭R],2026.04.19,广东,3.0,6.0,26,强势|服务者,强势,服务者,5,强势成功,16
69e48341000000001a02d0c4,"机器人马拉松，我们看乐了，西方人看破防了🤣

",3931.0,1022.0,1,69e59225000000001401cc1f,,5963bbb75e87e7323e84e89c,我要这几个机器人。前两个跑得快的给我做家务。第三个蓝裤子给我表演节目。第四个小草帽陪我餐后散步。第五个冲天炮陪我聊天，让我拥抱。,2026.04.20,湖南,3.0,0.0,64,强势|观众,强势,观众,18,强势成功,16
69e481e8000000002003ad94,"

",,,1,69e64cd4000000001401c42b,,60ffd6c0000000002002cbdf,不要害怕机器人让人类失业，你看一下吧，一个机器人需要十几个人类服侍。,2026.04.20,广东,2.0,0.0,34,强势|服务者,强势,服务者,11,强势成功,16
69e481e8000000002003ad94,"

",,,1,69e5a9c1000000001401e803,,5c86f161000000001102d2fa,。。。其实机器人多了也失不了业。。。一个机器人配三个服务员[害羞R][害羞R][笑哭R][笑哭R],2026.04.20,山东,2.0,0.0,49,强势|服务者,强势,服务者,6,强势成功,16
69e481e8000000002003ad94,"

",,,1,69e4ef2d000000001401d829,,5d4ebecd0000000011026894,机器人促进就业啊，一台机器三人维护。,2026.04.19,福建,2.0,0.0,18,强势|服务者,强势,服务者,7,强势成功,16
69e481e8000000002003ad94,"

",,,1,69e48fc40000000014019029,,60390686000000000100afed,一个机器人靠3个人“伺候”，看来以后大家不用担心啦,2026.04.19,云南,2.0,0.0,25,强势|服务者,强势,服务者,7,强势成功,16
69e481e8000000002003ad94,"

",,,1,69e6f061000000001401c018,,5f980efc0000000001000252,一个机器人还需要几个人侍候，造它的意义在哪里,2026.04.21,陕西,2.0,9.0,22,强势|服务者,强势,服务者,8,强势成功,16
69e481e8000000002003ad94,"

",,,2,69e7745c000000001401902f,69e774460000000014019c26,693ba6f0000000003201c620,一台机器人 需要三个小伙子伺候,2026.04.21,湖南,2.0,,15,强势|服务者,强势,服务者,6,强势成功,16
69e481e8000000002003ad94,"

",,,1,69e49d71000000001401cc08,,63f41a1c000000001400d782,技术创造就业，一个机器人需要3人来服务,2026.04.19,北京,1.0,0.0,19,强势|服务者,强势,服务者,7,强势成功,16
69e481e8000000002003ad94,"

",,,1,69e8b041000000001401a406,,57734dc182ec394ee4cf8f25,几个人服侍一个机器人,2026.04.22,广东,1.0,6.0,10,强势|服务者,强势,服务者,4,强势成功,16
69e481e8000000002003ad94,"

",,,1,69e789c3000000001401ac15,,5793509d5e87e745c79a38f5,一个机器人三人服务。是他为我服务还是我为他请保姆?,2026.04.21,福建,1.0,0.0,25,强势|服务者,强势,服务者,5,强势成功,16
69e481e8000000002003ad94,"

",,,1,69e76dd8000000001401e40e,,5e183dbd0000000001000597,一个机器人配置3个人，这是加大就业趋势[吧唧R],2026.04.21,广东,1.0,0.0,24,强势|服务者,强势,服务者,6,强势成功,16
69e481e8000000002003ad94,"

",,,1,69e70531000000001401e032,,59c3591944363b0408570f30,一个机器人得3个人伺候,2026.04.21,浙江,1.0,0.0,11,强势|服务者,强势,服务者,3,强势成功,16
69e481e8000000002003ad94,"

",,,1,69e6dc1c000000001401d424,,60632c8c0000000001000f18,三个人服侍一个机器人,2026.04.21,上海,1.0,0.0,10,强势|服务者,强势,服务者,4,强势成功,16
69e481e8000000002003ad94,"

",,,1,69e5f4ce000000001401c007,,5b1acef511be107223e794bc,一个人工智能配三个天然智人，这个画面好好玩[笑哭了R],2026.04.20,山东,1.0,0.0,27,强势|服务者,强势,服务者,6,强势成功,16
69e481e8000000002003ad94,"

",,,1,69e5bcb1000000001401a002,,5e1927e10000000001001f52,不错不错一个机器人解决了最起码十来个人的就业,2026.04.20,山西,1.0,0.0,22,强势|服务者,强势,服务者,8,强势成功,16
69e481e8000000002003ad94,"

",,,1,69e581f10000000014018805,,657f00910000000019011dc2,一个机器人跑 配三个人类当保姆 真是倒反天罡了[捂脸R],2026.04.20,内蒙古,1.0,0.0,28,强势|服务者,强势,服务者,6,强势成功,16
69da7e87000000001a03484e,"今晚的亦庄机器人马拉松测试

",,8169.0,2,69db0376000000000d03f7a8,69daf1a9000000000103c4f0,66fd5e06000000001d030e9c,好角度，建议下次再深刻一些，例如从伦理开始批判,2026.04.12,广东,146.0,,23,强势|观众,强势,观众,8,强势成功,17
69da7e87000000001a03484e,"今晚的亦庄机器人马拉松测试

",,8169.0,2,69e445be000000001401e00e,69e42853000000001401cc00,63864adf000000001f01b950,认知差的话据说吃猪脑可以补[大笑R],2026.04.19,福建,103.0,,18,强势|观众,强势,观众,4,强势成功,17
69e481e8000000002003ad94,"

",,,2,69e59d68000000001401e42f,69e57c66000000001401e818,60bdca72000000002002917d,应该都比你这个问题含金量高,2026.04.20,福建,98.0,,13,强势|服务者,强势,服务者,2,强势成功,17
69e481e8000000002003ad94,"

",,,2,69e724480000000014018806,69e7223d0000000014018c02,6027d9d50000000001007b16,所以咱是普通人，没有前瞻性,2026.04.21,浙江,67.0,,13,强势|服务者,强势,服务者,3,强势成功,17
69da7e87000000001a03484e,"今晚的亦庄机器人马拉松测试

",,8169.0,2,69dbffb000000000350122bf,69dbd52a000000003502ca11,67858211000000000803f3dc,没焦虑，你永远不知道客户有什么出格要求。,2026.04.13,广西,62.0,,20,强势|观众,强势,观众,6,强势成功,17
69e447d2000000001d01aa01,"当算法有了腿，程序员万万没想到……

",,2912.0,2,69e4af92000000001401b825,69e48c45000000001401e034,5b0ff888e8ac2b1c04ce12b0,答案出现了[doge],2026.04.19,福建,61.0,,11,强势|服务者,强势,服务者,2,强势成功,17
69e4412a000000002103883f,"荣耀闪电队-齐天大圣夺冠！

",3517.0,445.0,2,69e4951a000000001401dc2d,69e490500000000014019c1c,5c124415f7e8b957900d0ee5,你肯定看不到了,2026.04.19,北京,35.0,,7,强势|观众,强势,观众,2,强势成功,17
69e46730000000001d0199c8,"

",,761.0,2,69e4baff000000001401a81a,69e4b56c000000001401e82f,59a92b09b1da141dfe62b63c,刚给我妈解答完，不谢,2026.04.19,北京,31.0,,10,强势|观众,强势,观众,2,强势成功,17
69da7e87000000001a03484e,"今晚的亦庄机器人马拉松测试

",,8169.0,2,69db314f000000000d03e568,69db2efd000000003500fedd,5bb47525c751e0000193c467,其实，你这条评论也没啥用[坏笑R],2026.04.12,辽宁,25.0,,17,强势|观众,强势,观众,3,强势成功,17
69da7e87000000001a03484e,"今晚的亦庄机器人马拉松测试

",,8169.0,2,69db2ed100000000350195fc,69db2e550000000016017b12,5a065840b1da1409d5adc2cd,[微笑R]你理解不了的事多了，有本事你让车开上山,2026.04.12,天津,14.0,,24,强势|观众,强势,观众,5,强势成功,17
69e481e8000000002003ad94,"

",,,2,69e9a5cb000000001401b80c,69e9648f000000001401d410,65ac6d0a000000000e00152b,站的位置决定眼光,2026.04.23,安徽,13.0,,8,强势|服务者,强势,服务者,3,强势成功,17
69e48341000000001a02d0c4,"机器人马拉松，我们看乐了，西方人看破防了🤣

",3931.0,1022.0,2,69e49e2e000000001401b832,69e495f6000000001401e015,5bbff9d5793734000164be0f,不需要你知道,2026.04.19,北京,12.0,,6,强势|观众,强势,观众,2,强势成功,17
69e481e8000000002003ad94,"

",,,2,69e68042000000001401b805,69e67f9f000000001401b807,6561c4d1000000000802c2d1,对，全世界都不懂的，就你一个人清醒[笑哭R],2026.04.21,重庆,11.0,,22,强势|服务者,强势,服务者,3,强势成功,17
69e481e8000000002003ad94,"

",,,2,69e63627000000001401c419,69e634e3000000001401bc2a,5efeb5cd00000000010038b5,看得出来，你没有一丁点长远眼光,2026.04.20,天津,11.0,,15,强势|服务者,强势,服务者,4,强势成功,17
69e481e8000000002003ad94,"

",,,2,69e59d20000000001401c809,69e57c66000000001401e818,5ece76c5000000000101fb99,你先提升下自己的眼界吧[doge],2026.04.20,江苏,10.0,,17,强势|服务者,强势,服务者,2,强势成功,17
69e45dbe000000001f00434f,"机器人跑马拉松超越人类？

",4650.0,773.0,2,69e5d333000000001401d420,69e5bb400000000014018810,63940af30000000027028874,请问你用哪个眼睛发现的？,2026.04.20,四川,10.0,,12,强势|观众,强势,观众,4,强势成功,17
69e481e8000000002003ad94,"

",,,2,69e627df000000001401c442,69e625ea000000001401c824,66155e6f0000000007005a85,你的知识盲区就别蹭了[微笑R],2026.04.20,广东,8.0,,15,强势|服务者,强势,服务者,3,强势成功,17
69e481e8000000002003ad94,"

",,,2,69e5bba0000000001401980b,69e5b2360000000014019001,60d9abc5000000000100a7f7,我找茬都说不出你这话,2026.04.20,海南,8.0,,10,强势|服务者,强势,服务者,3,强势成功,17
69da7e87000000001a03484e,"今晚的亦庄机器人马拉松测试

",,8169.0,2,69dafe22000000000c030eed,69dafb88000000000d037bec,5c7016fa00000000120042ae,他这种人你还解释个啥[笑哭R]能听懂算我输,2026.04.12,上海,6.0,,21,强势|观众,强势,观众,3,强势成功,17
69da7e87000000001a03484e,"今晚的亦庄机器人马拉松测试

",,8169.0,2,69dade56000000001400a9d9,69dadbd3000000000103dd83,5831204382ec392e5ce5eb51,看不懂没关系，上一边儿玩去吧,2026.04.12,北京,6.0,,14,强势|观众,强势,观众,4,强势成功,17
69e481e8000000002003ad94,"

",,,2,69e688e7000000001401a404,69e67f9f000000001401b807,5a410777b1da140910caed15,你的知识储备，局限了你的思维格局,2026.04.21,辽宁,6.0,,16,强势|服务者,强势,服务者,5,强势成功,17
69e48341000000001a02d0c4,"机器人马拉松，我们看乐了，西方人看破防了🤣

",3931.0,1022.0,2,69e55fbd000000001401a005,69e55ab0000000001401b805,57d7a2986a6a69559b568468,你要不再看看呢,2026.04.20,日本,6.0,,7,强势|观众,强势,观众,2,强势成功,17
69e44278000000001a0217bb,"机器人超过我的瞬间

",6019.0,372.0,2,69e5ce60000000001401941a,69e5c985000000001401cc14,64e1aa320000000001012404,你画到现在全凭脸皮厚吗[偷笑R],2026.04.20,浙江,5.0,,16,强势|被超越者,强势,被超越者,2,强势成功,17
69da7e87000000001a03484e,"今晚的亦庄机器人马拉松测试

",,8169.0,2,69dae3fd0000000035024a80,69dae18a0000000035025c63,62243023000000001000de0a,没人爱听真话[笑哭R],2026.04.12,内蒙古,5.0,,11,强势|观众,强势,观众,2,强势成功,17
69e4551e000000001f005895,"荣耀机器人赢麻了🤖我觉得它表情在嘲讽我

",,816.0,2,69e49411000000001401a026,69e48b57000000001401bc2e,63239ad8000000002303db4d,问题开始有深度了,2026.04.19,北京,4.0,,8,强势|被超越者,强势,被超越者,3,强势成功,17
69da7e87000000001a03484e,"今晚的亦庄机器人马拉松测试

",,8169.0,2,69db5217000000003502e9ad,69db517b0000000035011a96,5b744e712ea3000001e0634b,兄弟你搁这儿自问自答可还行[doge],2026.04.12,江苏,4.0,,19,强势|观众,强势,观众,4,强势成功,17
69e481e8000000002003ad94,"

",,,2,69e7c6d20000000014018c05,69e494a6000000001401b831,60136a0d000000000101f146,不懂你就多看看，张嘴就丢人[弱R],2026.04.22,北京,4.0,,17,强势|服务者,强势,服务者,3,强势成功,17
69e481e8000000002003ad94,"

",,,2,69e585e9000000001401e81b,69e5841a000000001401d81f,5af52d2a6b58b7106ae4a04e,早期和成熟期你一点不提,2026.04.20,湖北,4.0,,11,强势|服务者,强势,服务者,4,强势成功,17
69e481e8000000002003ad94,"

",,,2,69e5a2570000000014019c11,69e57c66000000001401e818,5dfe26290000000001004d1f,为你的独立思考点赞，虽然脑容量不多[doge],2026.04.20,山东,4.0,,23,强势|服务者,强势,服务者,5,强势成功,17
69e481e8000000002003ad94,"

",,,2,69e4952a000000001401d809,69e494c2000000001401a810,620091e20000000010006795,好先进啊，学会自问自答了[偷笑R],2026.04.19,浙江,4.0,,17,强势|服务者,强势,服务者,3,强势成功,17
69e481e8000000002003ad94,"

",,,2,69e493ba000000001401a415,69e490ae000000001401d42a,62925ce40000000015017070,恭喜你发明了电动汽车[doge][doge],2026.04.19,内蒙古,159.0,,22,强势|服务者,强势,服务者,3,强势成功,18
69da7e87000000001a03484e,"今晚的亦庄机器人马拉松测试

",,8169.0,2,69db0a260000000001006db1,69db09ea0000000035017942,5f84231d00000000010000dd,按俩轱辘那叫电动车,2026.04.12,北京,60.0,,9,强势|观众,强势,观众,3,强势成功,18
69e447d2000000001d01aa01,"当算法有了腿，程序员万万没想到……

",,2912.0,2,69e49fa6000000001401c01d,69e49ed0000000001401cc3e,609f6fb7000000000101c1d6,哈哈哈哈哈车如其名了属于是！,2026.04.19,天津,51.0,,14,强势|服务者,强势,服务者,2,强势成功,18
69da7e87000000001a03484e,"今晚的亦庄机器人马拉松测试

",,8169.0,2,69db24ef000000000d03f379,69db1b05000000003503073f,5bcf3158c478260001268ba8,恭喜您，发现了汽车[doge],2026.04.12,浙江,30.0,,15,强势|观众,强势,观众,3,强势成功,18
69e481e8000000002003ad94,"

",,,2,69e6e6ec0000000014018c14,69e6e5f70000000014019c1a,606d86ca00000000010057f4,你能卖出去车也是奇迹,2026.04.21,重庆,27.0,,10,强势|服务者,强势,服务者,2,强势成功,18
69e481e8000000002003ad94,"

",,,2,69e48cda000000001401c437,69e48bf3000000001401ac1e,5d8a5a1d0000000001008201,恭喜你发明了新能源两轮车[偷笑R],2026.04.19,重庆,24.0,,17,强势|服务者,强势,服务者,4,强势成功,18
69da7e87000000001a03484e,"今晚的亦庄机器人马拉松测试

",,8169.0,2,69db27d7000000000100625f,69db2712000000003502db22,5e4191f10000000001006cc4,还是汽车人[暗中观察R],2026.04.12,北京,20.0,,12,强势|观众,强势,观众,2,强势成功,18
69da7e87000000001a03484e,"今晚的亦庄机器人马拉松测试

",,8169.0,2,69db27cd0000000001006046,69db1b05000000003503073f,5a80559be8ac2b69edee8dbb,恭喜你，发现了火箭🚀,2026.04.12,河南,14.0,,10,强势|观众,强势,观众,3,强势成功,18
69da7e87000000001a03484e,"今晚的亦庄机器人马拉松测试

",,8169.0,2,69daf2c7000000003501127e,69daf19f00000000020365e6,6451a3580000000029014cdb,莫非你说的是新能源车么,2026.04.12,上海,9.0,,11,强势|观众,强势,观众,2,强势成功,18
69e481e8000000002003ad94,"

",,,2,69e49c74000000001401cc11,69e49a5c000000001401ac0a,60fa13a4000000000100874d,你说的那叫智能驾驶[笑哭R],2026.04.19,河北,7.0,,14,强势|服务者,强势,服务者,2,强势成功,18
69e481e8000000002003ad94,"

",,,2,69e54215000000001401e000,69e49a5c000000001401ac0a,5fd2dd3a000000000101c35d,汽车早就发明出来了,2026.04.20,上海,6.0,,9,强势|服务者,强势,服务者,3,强势成功,18
69e4551e000000001f005895,"荣耀机器人赢麻了🤖我觉得它表情在嘲讽我

",,816.0,2,69e49255000000001401cc23,69e48b36000000001401c808,5b2519aae8ac2b3cac86e6fb,你得注明一下，不是新国标电车[嘻嘻R],2026.04.19,山东,5.0,,19,强势|被超越者,强势,被超越者,4,强势成功,18
69e481e8000000002003ad94,"

",,,2,69e49b05000000001401c016,69e49799000000001401a410,6789a4d5000000000d009ebe,无人驾驶汽车[抠鼻R],2026.04.19,北京,5.0,,11,强势|服务者,强势,服务者,2,强势成功,18
69da7e87000000001a03484e,"今晚的亦庄机器人马拉松测试

",,8169.0,2,69db0efc000000000d03e7fa,69db09350000000035018759,55b4983462a60c268cf8f159,想法好聪明啊，下次我们应该发展一个有4个轮子的东西，我们就把他的名字起成汽车好不好,2026.04.12,北京,4.0,,41,强势|观众,强势,观众,10,强势成功,18
69e481e8000000002003ad94,"

",,,2,69e7c39a0000000014018c03,69e77c580000000014019028,60136a0d000000000101f146,汽车早就有，你没见过吗,2026.04.22,北京,4.0,,11,强势|服务者,强势,服务者,3,强势成功,18
69e48341000000001a02d0c4,"机器人马拉松，我们看乐了，西方人看破防了🤣

",3931.0,1022.0,2,69e49ec1000000001401a810,69e49ab00000000014018801,62a0afff000000001b027807,你是在说自动驾驶的快递车吗[doge],2026.04.19,山东,4.0,,19,强势|观众,强势,观众,3,强势成功,18
69e48341000000001a02d0c4,"机器人马拉松，我们看乐了，西方人看破防了🤣

",3931.0,1022.0,2,69e4ba11000000001401e827,69e49ab00000000014018801,5f1da7380000000001003338,那叫新能源汽车,2026.04.19,北京,3.0,,7,强势|观众,强势,观众,2,强势成功,18
69da7e87000000001a03484e,"今晚的亦庄机器人马拉松测试

",,8169.0,2,69dadae50000000002036cf6,69dab64a0000000016015dcc,66437f9f0000000007007541,不开着电瓶车的嘛,2026.04.12,广东,2.0,,8,强势|观众,强势,观众,2,强势成功,18
69da7e87000000001a03484e,"今晚的亦庄机器人马拉松测试

",,8169.0,2,69daf2550000000035025dd1,69daf19f00000000020365e6,575c088650c4b46fee1372ce,就是电动轮椅车吗,2026.04.12,北京,2.0,,8,强势|观众,强势,观众,2,强势成功,18
69e481e8000000002003ad94,"

",,,2,69e4974f000000001401ac18,69e490ae000000001401d42a,5edfa9c10000000001002248,有轮子的叫电动车,2026.04.19,福建,2.0,,8,强势|服务者,强势,服务者,2,强势成功,18
69e447d2000000001d01aa01,"当算法有了腿，程序员万万没想到……

",,2912.0,2,69e48ce3000000001401bc09,69e46d57000000001401a022,5f94e39a00000000010056d9,哈哈哈哈哈哈，电鸡在广东是电动车🛵的意思,2026.04.19,广东,2.0,,20,强势|服务者,强势,服务者,4,强势成功,18
69da7e87000000001a03484e,"今晚的亦庄机器人马拉松测试

",,8169.0,1,69db1f56000000003501fe08,,694cf855000000003702ff84,交警：你说这玩意算不算机动车[捂脸R],2026.04.12,黑龙江,1.0,0.0,19,强势|观众,强势,观众,4,强势成功,18
69e45dbe000000001f00434f,"机器人跑马拉松超越人类？

",4650.0,773.0,1,69e55c41000000001401d80c,,6058afb3000000000100965d,就是一个没有轮子的自动新能源人形汽车。,2026.04.20,四川,1.0,0.0,19,强势|观众,强势,观众,5,强势成功,18
69da7e87000000001a03484e,"今晚的亦庄机器人马拉松测试

",,8169.0,2,69db315e000000001500228e,69db30220000000016016d90,6787d0a3000000000803e9aa,[笑哭R]这就把我难住了，说不定还真难找合适的车,2026.04.12,广东,1.0,,24,强势|观众,强势,观众,4,强势成功,18
69da7e87000000001a03484e,"今晚的亦庄机器人马拉松测试

",,8169.0,2,69db84480000000015005c26,69db30220000000016016d90,63f0ac18000000000f012d7f,自动驾驶车：你凭什么认为我和你是一伙的[偷笑R],2026.04.12,陕西,1.0,,24,强势|观众,强势,观众,4,强势成功,18
69e481e8000000002003ad94,"

",,,2,69e497f7000000001401a818,69e490ae000000001401d42a,5d2b24060000000010013f19,新能源汽车,2026.04.19,山西,1.0,,5,强势|服务者,强势,服务者,2,强势成功,18
69e481e8000000002003ad94,"

",,,2,69e4a8bf0000000014019413,69e490ae000000001401d42a,5eb96925000000000101f128,无人驾驶汽车：你觉得我是啥？,2026.04.19,黑龙江,1.0,,14,强势|服务者,强势,服务者,2,强势成功,18
69e48341000000001a02d0c4,"机器人马拉松，我们看乐了，西方人看破防了🤣

",3931.0,1022.0,2,69e56586000000001401a008,69e49ab00000000014018801,64ff7dfd0000000006031586,那不就是电动车吗,2026.04.20,云南,1.0,,8,强势|观众,强势,观众,2,强势成功,18
69da7e87000000001a03484e,"今晚的亦庄机器人马拉松测试

",,8169.0,1,69db9c7700000000160142a9,,66715ba40000000007005dc9,直接给电驴整个自动驾驶参赛[doge],2026.04.12,山东,0.0,0.0,19,强势|观众,强势,观众,5,强势成功,18
69da7e87000000001a03484e,"今晚的亦庄机器人马拉松测试

",,8169.0,1,69db44fa0000000035024723,,67a98674000000000a03f147,这个比无人车牛逼,2026.04.12,辽宁,0.0,0.0,8,强势|观众,强势,观众,2,强势成功,18
69e46730000000001d0199c8,"

",,761.0,2,69e4e06a000000001401941b,69e4db75000000001401c83d,6492bd9800000000250341a7,哎呀我也觉得好好笑，淡淡地说出很疯的话的感觉哈哈哈哈哈,2026.04.19,广西,73.0,,27,强势|观众,强势,观众,5,强势成功,19
69e46730000000001d0199c8,"

",,761.0,2,69e4e535000000001401d431,69e4d3db000000001401b839,5c4e6c2b00000000120324c5,你看它想不想薛之谦 哈哈哈哈哈,2026.04.19,上海,31.0,,15,强势|观众,强势,观众,2,强势成功,19
69da7e87000000001a03484e,"今晚的亦庄机器人马拉松测试

",,8169.0,2,69db2b58000000001400a745,69db2a3e00000000350207cb,6788e2260000000008016bd9,那会儿大侄子又感动了[doge],2026.04.12,北京,16.0,,16,强势|观众,强势,观众,3,强势成功,19
69e4551e000000001f005895,"荣耀机器人赢麻了🤖我觉得它表情在嘲讽我

",,816.0,1,69e45645000000001401942a,,595bec3e50c4b4281b60cfed,他绝对在嘲笑,2026.04.19,中国香港,13.0,1.0,6,强势|被超越者,强势,被超越者,2,强势成功,19
69e4551e000000001f005895,"荣耀机器人赢麻了🤖我觉得它表情在嘲讽我

",,816.0,2,69e49b100000000014018801,69e490dd000000001401e423,5c2e84cc0000000005039aa0,太能整活了[捂脸R],2026.04.19,北京,12.0,,10,强势|被超越者,强势,被超越者,2,强势成功,19
69da7e87000000001a03484e,"今晚的亦庄机器人马拉松测试

",,8169.0,2,69db9d40000000000202b931,69da9a3500000000010073ef,620bab250000000021023df5,啊哈哈哈哈哈哈哈抱歉太好笑了,2026.04.12,北京,8.0,,14,强势|观众,强势,观众,2,强势成功,19
69e48341000000001a02d0c4,"机器人马拉松，我们看乐了，西方人看破防了🤣

",3931.0,1022.0,2,69e56879000000001401c40f,69e55ee4000000001401cc00,5f7f125b000000000100904f,那不挺好吗！战忽局都省了！让他们知道什么叫笑着笑着就笑不出来了[偷笑R],2026.04.20,辽宁,7.0,,36,强势|观众,强势,观众,2,强势成功,19
69e447d2000000001d01aa01,"当算法有了腿，程序员万万没想到……

",,2912.0,1,69e45e8e000000001401e436,,5ad9bd0be8ac2b2d9ecea1da,这真的很搞笑啊救命,2026.04.19,河北,5.0,0.0,9,强势|服务者,强势,服务者,3,强势成功,19
69da7e87000000001a03484e,"今晚的亦庄机器人马拉松测试

",,8169.0,1,69db0ffa000000003502e445,,5b495adb4eacab76298ebf75,人型的样子，大半夜做什么都有种心酸感！[捂脸R],2026.04.12,湖北,4.0,1.0,24,强势|观众,强势,观众,5,强势成功,19
69e481e8000000002003ad94,"

",,,1,69ed984c000000002800988c,,5b2fb5aa4eacab7285b4dfc4,最大的笑话,2026.04.26,四川,4.0,2.0,5,强势|服务者,强势,服务者,2,强势成功,19
69e4412a000000002103883f,"荣耀闪电队-齐天大圣夺冠！

",3517.0,445.0,1,69e473da000000001401cc0d,,6141883a000000001f03f5e3,比看人好看多了[偷笑R][偷笑R],2026.04.19,河北,4.0,2.0,17,强势|观众,强势,观众,3,强势成功,19
69e4551e000000001f005895,"荣耀机器人赢麻了🤖我觉得它表情在嘲讽我

",,816.0,2,69e5bd35000000001401a016,69e4857a000000001401b831,563d6922b7ba2278e7928c7c,童年最大的阴影没有之一[抓狂R],2026.04.20,北京,3.0,,16,强势|被超越者,强势,被超越者,4,强势成功,19
69e4551e000000001f005895,"荣耀机器人赢麻了🤖我觉得它表情在嘲讽我

",,816.0,2,69e49d43000000001401a412,69e49d13000000001401dc2a,5cb1fa02000000001603d650,是什么梗，为什么这么多这种评论[笑哭R],2026.04.19,广东,3.0,,20,强势|被超越者,强势,被超越者,2,强势成功,19
69e46730000000001d0199c8,"

",,761.0,2,69e4e67b000000001401c03a,69e4d3db000000001401b839,67e8f672000000000a03cd8f,我看见他的时候也想到薛之谦嘞哈哈哈哈哈,2026.04.19,浙江,3.0,,19,强势|观众,强势,观众,3,强势成功,19
69e463df000000001b003017,"

",3270.0,219.0,2,69e5b5a7000000001401cc24,69e578ee000000001401bc24,6465a1e10000000029013ad6,哈哈哈哈哈太可爱了我也才看见,2026.04.20,辽宁,3.0,,14,强势|服务者,强势,服务者,2,强势成功,19
69e4551e000000001f005895,"荣耀机器人赢麻了🤖我觉得它表情在嘲讽我

",,816.0,2,69e45932000000001401cc25,69e4589d000000001401cc0c,5c073a1c000000000600bbb3,哈哈哈哈哈哈哈我无情的嘲笑了一下,2026.04.19,北京,2.0,,16,强势|被超越者,强势,被超越者,3,强势成功,19
69da7e87000000001a03484e,"今晚的亦庄机器人马拉松测试

",,8169.0,2,69db327300000000350135c7,69daf56d000000001601419c,5b5854996b58b762c0bddf4c,我看到只觉得搞笑啊为什么[笑哭R],2026.04.12,辽宁,2.0,,17,强势|观众,强势,观众,2,强势成功,19
69e481e8000000002003ad94,"

",,,2,69e4919b000000001401d82c,69e48bf3000000001401ac1e,601b3706000000000101c7d4,别处看到个刷烂了的破梗就到处发还以为自己可幽默可聪明了,2026.04.19,上海,2.0,,27,强势|服务者,强势,服务者,6,强势成功,19
69e481e8000000002003ad94,"

",,,1,69e602cb0000000014018824,,681f2826000000000601f906,不知道为什么 挺感人的[笑哭R]真厉害,2026.04.20,上海,1.0,0.0,19,强势|服务者,强势,服务者,4,强势成功,19
69e481e8000000002003ad94,"

",,,1,69e5c9ba000000001401cc1d,,5aca396fe8ac2b11753e9a5b,不知道为啥，我看着又荒谬又好笑,2026.04.20,上海,1.0,0.0,15,强势|服务者,强势,服务者,4,强势成功,19
69e481e8000000002003ad94,"

",,,1,69e4a5d4000000001401a40d,,61471e27000000000202437a,对着唧唧一顿喷我是真笑的受不了了,2026.04.19,山东,1.0,0.0,16,强势|服务者,强势,服务者,3,强势成功,19
69e447d2000000001d01aa01,"当算法有了腿，程序员万万没想到……

",,2912.0,1,69e461ea000000001401e437,,5f3df495000000000101e2da,可太好笑了,2026.04.19,福建,1.0,0.0,5,强势|服务者,强势,服务者,2,强势成功,19
69e46730000000001d0199c8,"

",,761.0,1,69e4b60e000000001401e01f,,63664c69000000001f018179,你真的太逗了,2026.04.19,北京,1.0,0.0,6,强势|观众,强势,观众,2,强势成功,19
69e4412a000000002103883f,"荣耀闪电队-齐天大圣夺冠！

",3517.0,445.0,1,69e5e03f000000001401cc0d,,5ccc62bb000000001702fac6,看了全程直播，激动，开心，一直笑[笑哭了R],2026.04.20,云南,1.0,0.0,22,强势|观众,强势,观众,5,强势成功,19
69e44278000000001a0217bb,"机器人超过我的瞬间

",6019.0,372.0,2,69e4dc8e000000001401d80b,69e47886000000001401b01e,5c65e016000000001002b234,人里人气的[笑哭R],2026.04.19,广东,1.0,,10,强势|被超越者,强势,被超越者,2,强势成功,19
69e44278000000001a0217bb,"机器人超过我的瞬间

",6019.0,372.0,2,69e80a300000000014018c0b,69e73a840000000014019012,5a9f6953e8ac2b29ec03cf81,嗯嗯能听出来一点 特别熟悉的感觉[偷笑R],2026.04.22,美国,1.0,,21,强势|被超越者,强势,被超越者,3,强势成功,19
69e44278000000001a0217bb,"机器人超过我的瞬间

",6019.0,372.0,2,69e5b1bf000000001401b800,69e46287000000001401cc26,59cf48356eea88064c6a44f4,增添乐趣啊[笑哭R] 我看的很开心[笑哭R][笑哭R][笑哭R],2026.04.20,福建,1.0,,32,强势|被超越者,强势,被超越者,3,强势成功,19
69e44278000000001a0217bb,"机器人超过我的瞬间

",6019.0,372.0,2,69e495e7000000001401a423,69e48220000000001401a01a,68f98dea000000003702a062,哈哈哈哈哈哈你的名字和你的评论好呼应,2026.04.19,湖南,1.0,,18,强势|被超越者,强势,被超越者,3,强势成功,19
69e4551e000000001f005895,"荣耀机器人赢麻了🤖我觉得它表情在嘲讽我

",,816.0,2,69e4896e000000001401a81b,69e47e08000000001401bc23,63239ad8000000002303db4d,哈哈哈[笑哭R]我勇敢尝试了,2026.04.19,北京,1.0,,14,强势|被超越者,强势,被超越者,2,强势成功,19
69da7e87000000001a03484e,"今晚的亦庄机器人马拉松测试

",,8169.0,2,69db3259000000000d03e61d,69dac8d7000000000c0319f8,5c31f50c000000000601dfe9,哈哈哈😄笑得不行了[捂脸R]为了你这句话，我又看了好几遍[笑哭R],2026.04.12,重庆,1.0,,33,强势|观众,强势,观众,4,强势成功,19
69e481e8000000002003ad94,"

",,,2,69e7252a000000001401d411,69e722d4000000001401e81f,63e731b60000000026012cca,是的f1没用,2026.04.21,山西,25.0,,6,强势|服务者,强势,服务者,2,强势成功,20
69e481e8000000002003ad94,"

",,,2,69e58cea000000001401e42d,69e5841a000000001401d81f,5e60ec2600000000010080e3,f1一个人开车几十个人服务[doge],2026.04.20,陕西,21.0,,19,强势|服务者,强势,服务者,6,强势成功,20
69e481e8000000002003ad94,"

",,,2,69e48c8b000000001401cc27,69e48b180000000014019c26,630068e7000000001200d609,赛车还要换轮胎加油,2026.04.19,江苏,10.0,,9,强势|服务者,强势,服务者,4,强势成功,20
69e481e8000000002003ad94,"

",,,1,69e48669000000001401a403,,5c6d55f5000000001001cf09,好像F1，车停下来，一帮工作人员赶紧上去，各司其职[大笑R],2026.04.19,北京,6.0,0.0,30,强势|服务者,强势,服务者,8,强势成功,20
69e481e8000000002003ad94,"

",,,2,69e5a512000000001401e40b,69e5a46d000000001401ac0c,64a80c01000000000a023b5a,没见过f1赛车吗，一个车几十个人服务你怎么不说,2026.04.20,吉林,4.0,,23,强势|服务者,强势,服务者,7,强势成功,20
69e481e8000000002003ad94,"

",,,2,69e724420000000014019c08,69e722d4000000001401e81f,618bb6740000000010009cd0,F1都得换胎，你在说什么[笑哭R]。,2026.04.21,四川,4.0,,18,强势|服务者,强势,服务者,2,强势成功,20
69e481e8000000002003ad94,"

",,,1,69e49741000000001401d413,,645886ad000000001f03039a,突然有种F1进站的既视感是怎么回事[捂脸R][捂脸R][捂脸R],2026.04.19,辽宁,3.0,0.0,32,强势|服务者,强势,服务者,7,强势成功,20
69e481e8000000002003ad94,"

",,,1,69e493f8000000001401c824,,5e1474af00000000010088e2,有种F1进站的感觉,2026.04.19,上海,3.0,0.0,9,强势|服务者,强势,服务者,3,强势成功,20
69e481e8000000002003ad94,"

",,,2,69e99467000000001401c435,69e8b041000000001401a406,643cf509000000000e01e7de,f1还上百个人服务一辆车呢,2026.04.23,江苏,3.0,,13,强势|服务者,强势,服务者,5,强势成功,20
69e481e8000000002003ad94,"

",,,1,69ea3f91000000001401dc23,,56497c4be00dd82ce54e7576,f1方程式赛人,2026.04.23,福建,2.0,0.0,7,强势|服务者,强势,服务者,3,强势成功,20
69e481e8000000002003ad94,"

",,,2,69e5806c000000001401ac14,69e57fdc000000001401e002,65f548b2000000000500fa79,车是交通工具  赛车场上  几十个人为一台车服务,2026.04.20,福建,2.0,,24,强势|服务者,强势,服务者,7,强势成功,20
69e481e8000000002003ad94,"

",,,2,69e4967f000000001401c030,69e495aa0000000014019035,5c419fdf0000000006022e5b,F1赛车设计出来意义是什么？,2026.04.19,江苏,2.0,,14,强势|服务者,强势,服务者,4,强势成功,20
69da7e87000000001a03484e,"今晚的亦庄机器人马拉松测试

",,8169.0,1,69dbd098000000003501e1f2,,60d599920000000001000d68,感觉这辈子有希望坐上扎古了,2026.04.13,加拿大,1.0,0.0,13,强势|观众,强势,观众,4,强势成功,20
69e481e8000000002003ad94,"

",,,1,69e51b57000000001401cc04,,611387f9000000000100bfd5,法拉利：我看谁再说我慢[生气R],2026.04.20,广东,1.0,0.0,16,强势|服务者,强势,服务者,3,强势成功,20
69e481e8000000002003ad94,"

",,,1,69e4a94a000000001401c011,,66f69e13000000001d030ddd,法拉利进站了这是,2026.04.19,北京,1.0,0.0,8,强势|服务者,强势,服务者,2,强势成功,20
69e481e8000000002003ad94,"

",,,1,69e49f3b000000001401dc31,,63010a05000000001200fb18,有意思，像F1进站。,2026.04.19,北京,1.0,0.0,10,强势|服务者,强势,服务者,3,强势成功,20
69e481e8000000002003ad94,"

",,,1,69e48a64000000001401d804,,61629638000000000202690d,我看F1赛车都是几秒解决的,2026.04.19,海南,1.0,0.0,13,强势|服务者,强势,服务者,4,强势成功,20
69e481e8000000002003ad94,"

",,,1,69e4a766000000001401d41e,,6513f1b600000000230248b9,这速度，人家汽车轮胎换完都跑二里地了[doge],2026.04.19,湖北,1.0,0.0,24,强势|服务者,强势,服务者,4,强势成功,20
69e481e8000000002003ad94,"

",,,2,69e74861000000001401c025,69e7223d0000000014018c02,65315b9a000000000200f32b,有很多民用车技术是f1下放的。顶尖激进技术试验场。,2026.04.21,北京,1.0,,25,强势|服务者,强势,服务者,9,强势成功,20
69da7e87000000001a03484e,"今晚的亦庄机器人马拉松测试

",,8169.0,1,69db364a0000000016014a8c,,5a8d7febe8ac2b05268aa156,那要f1干啥,2026.04.12,上海,0.0,0.0,6,强势|观众,强势,观众,2,强势成功,20
69da7e87000000001a03484e,"今晚的亦庄机器人马拉松测试

",,8169.0,1,69daff69000000000d037644,,5ada99fadb2e602ceb5e71b7,跟F1追求极限速度一样,2026.04.12,陕西,0.0,0.0,11,强势|观众,强势,观众,4,强势成功,20
69e481e8000000002003ad94,"

",,,1,69e49eac000000001401bc26,,54434318d6e4a907f8abd809,这补给比F1还F1,2026.04.19,重庆,0.0,0.0,9,强势|服务者,强势,服务者,3,强势成功,20
69e481e8000000002003ad94,"

",,,1,69e49e12000000001401dc30,,65ea5329000000000500b307,F1换轮胎加油的[笑哭R],2026.04.19,北京,0.0,0.0,13,强势|服务者,强势,服务者,3,强势成功,20
69e481e8000000002003ad94,"

",,,1,69e49d35000000001401e01c,,65e74d8f000000000500b91f,好帅，有种F1的感觉。,2026.04.19,黑龙江,0.0,0.0,11,强势|服务者,强势,服务者,3,强势成功,20
69e481e8000000002003ad94,"

",,,1,69e49d14000000001401881a,,5cbc961200000000110029f3,维修站这不是f1的东西么 我觉得 这个项目有的搞,2026.04.19,英国,0.0,0.0,24,强势|服务者,强势,服务者,4,强势成功,20
69e481e8000000002003ad94,"

",,,1,69e49d04000000001401b80f,,5b7ad5e0ce2f9d0001869061,马拉松跑出f1的感觉,2026.04.19,广东,0.0,0.0,10,强势|服务者,强势,服务者,2,强势成功,20
69e481e8000000002003ad94,"

",,,1,69e49af7000000001401e009,,5dd6b42000000000010066ef,有赛博那味儿了,2026.04.19,江苏,0.0,0.0,7,强势|服务者,强势,服务者,2,强势成功,20
69e481e8000000002003ad94,"

",,,1,69e49a71000000001401bc11,,5f4c3f000000000001000c2a,就这速度放F1里，大门都进不去[捂脸R][捂脸R],2026.04.19,山东,0.0,0.0,25,强势|服务者,强势,服务者,4,强势成功,20
69e481e8000000002003ad94,"

",,,1,69e499ab0000000014019009,,62fa3552000000000f007c3f,感覺F1更容易搗騰[笑哭R],2026.04.19,澳大利亚,0.0,0.0,14,强势|服务者,强势,服务者,4,强势成功,20
69e481e8000000002003ad94,"

",,,1,69e49973000000001401c002,,6431838e000000000e01fd72,跟f1差不多,2026.04.19,安徽,0.0,0.0,6,强势|服务者,强势,服务者,2,强势成功,20
69e481e8000000002003ad94,"

",,,1,69e71b47000000001401ac15,,5b20a18e6b58b775e9548708,这东西的意义在哪？,2026.04.21,广东,110.0,135.0,9,强势|服务者,强势,服务者,2,强势成功,21
69da7e87000000001a03484e,"今晚的亦庄机器人马拉松测试

",,8169.0,1,69db0c2e0000000002034cbc,,66a58821000000001d033920,坐等意义提问派[doge],2026.04.12,澳大利亚,53.0,8.0,13,强势|观众,强势,观众,3,强势成功,21
69da7e87000000001a03484e,"今晚的亦庄机器人马拉松测试

",,8169.0,2,69da91120000000001007405,69da8bb50000000035029c69,6473ec3700000000120362cb,整天寻找意义，你累不累啊[汗颜R],2026.04.12,北京,32.0,,17,强势|观众,强势,观众,4,强势成功,21
69e481e8000000002003ad94,"

",,,2,69e4961c000000001401d403,69e495aa0000000014019035,5d55182700000000160240bd,你活着的意义到底是什么,2026.04.19,北京,21.0,,11,强势|服务者,强势,服务者,3,强势成功,21
69e4412a000000002103883f,"荣耀闪电队-齐天大圣夺冠！

",3517.0,445.0,2,69e4c5b0000000001401a407,69e4c3170000000014018c20,6172b749000000000201e8b5,比你在这里扣键盘有意义[点赞R],2026.04.19,广西,21.0,,16,强势|观众,强势,观众,3,强势成功,21
69e481e8000000002003ad94,"

",,,1,69e495aa0000000014019035,,5d673236000000000100b57f,这种东西设计出来的意义是什么。。。。。。,2026.04.19,上海,16.0,52.0,20,强势|服务者,强势,服务者,3,强势成功,21
69e481e8000000002003ad94,"

",,,2,69e7234a0000000014019c1b,69e7223d0000000014018c02,678938d1000000000e010988,真的有空研究意义，建议写本哲学书出版,2026.04.21,上海,16.0,,18,强势|服务者,强势,服务者,8,强势成功,21
69e481e8000000002003ad94,"

",,,2,69ec4052000000002702bc5f,69eaae0a000000001401a80a,643643c300000000290178fe,回韩国去吧。有啥意义你不明白。,2026.04.25,福建,13.0,,15,强势|服务者,强势,服务者,3,强势成功,21
69e481e8000000002003ad94,"

",,,1,69e7223d0000000014018c02,,5bb9aa6318d7e30001bf0861,一点意义都没有,2026.04.21,广东,9.0,26.0,7,强势|服务者,强势,服务者,2,强势成功,21
69e481e8000000002003ad94,"

",,,2,69e724f00000000014019c1c,69e7223d0000000014018c02,6127508d0000000001007840,你活着有什么意义吗？,2026.04.21,陕西,9.0,,10,强势|服务者,强势,服务者,2,强势成功,21
69e4412a000000002103883f,"荣耀闪电队-齐天大圣夺冠！

",3517.0,445.0,2,69e4c5fd000000001401980c,69e4c3170000000014018c20,60b329c10000000001003390,无意义是最能让人快乐的,2026.04.19,广东,8.0,,11,强势|观众,强势,观众,4,强势成功,21
69e481e8000000002003ad94,"

",,,2,69e65b05000000001401b002,69e644ed000000001401a009,596c63706a6a69125423227f,那下象棋有啥用，一点价值没创造，纯浪费时间,2026.04.21,广东,7.0,,21,强势|服务者,强势,服务者,5,强势成功,21
69da7e87000000001a03484e,"今晚的亦庄机器人马拉松测试

",,8169.0,2,69dc84dd0000000035015926,69dc7c33000000000d036b35,5f9fe03c000000000100bcbf,没意义，去玩吧,2026.04.13,四川,6.0,,7,强势|观众,强势,观众,2,强势成功,21
69e46730000000001d0199c8,"

",,761.0,2,69e74d87000000001401e409,69e748fd0000000014019805,618913df000000001000fe3e,不能要求别人“有用”,2026.04.21,重庆,5.0,,10,强势|观众,强势,观众,3,强势成功,21
69e481e8000000002003ad94,"

",,,1,69e6e77e0000000014019c03,,5f6e095a0000000001002f6e,我就想问这种有什么任何的实际意义吗？,2026.04.21,北京,3.0,8.0,18,强势|服务者,强势,服务者,2,强势成功,21
69da7e87000000001a03484e,"今晚的亦庄机器人马拉松测试

",,8169.0,2,69daff690000000015009c9c,69dafee4000000001400a5be,65274a5e000000002b001126,和你给机器人带围巾一个意义，自己觉得有意思就行，还能享受内啡肽分泌的快感,2026.04.12,北京,3.0,,36,强势|观众,强势,观众,9,强势成功,21
69e481e8000000002003ad94,"

",,,2,69e496ca0000000014018825,69e495aa0000000014019035,5f40c91c0000000001006fd5,设计出来的意义就是有东西可以让你在网上问设计出来的意义,2026.04.19,江苏,3.0,,27,强势|服务者,强势,服务者,7,强势成功,21
69e4412a000000002103883f,"荣耀闪电队-齐天大圣夺冠！

",3517.0,445.0,2,69e4c657000000001401ac16,69e4c3170000000014018c20,5dea5d690000000001000dcf,什么是有意义的，有为什么一定要有意义,2026.04.19,河北,3.0,,18,强势|观众,强势,观众,4,强势成功,21
69da7e87000000001a03484e,"今晚的亦庄机器人马拉松测试

",,8169.0,1,69db2749000000001500ab92,,64833706000000000f007b63,我来我来：那么代价呢？有什么 意义呢？,2026.04.12,西藏,2.0,0.0,19,强势|观众,强势,观众,3,强势成功,21
69e481e8000000002003ad94,"

",,,1,69e61c0f000000001401b808,,64830f81000000000f007031,掐指一算，评论区一定会有人说它的意义是什么，你要问他他存在的意义是什么，没几个能回答出来的,2026.04.20,中国香港,2.0,0.0,45,强势|服务者,强势,服务者,9,强势成功,21
69e481e8000000002003ad94,"

",,,2,69e4a6fb0000000014019019,69e4a686000000001401c019,66c69505000000000b032241,一个劲的问意义[坏笑R]自己都没活明白呢[坏笑R],2026.04.19,山东,2.0,,25,强势|服务者,强势,服务者,4,强势成功,21
69e481e8000000002003ad94,"

",,,2,69e72b04000000001401e007,69e722d4000000001401e81f,665c3e61000000000303210b,本来就没有什么鸟意义,2026.04.21,广东,2.0,,10,强势|服务者,强势,服务者,2,强势成功,21
69e46730000000001d0199c8,"

",,761.0,2,69ea949e000000001401a402,69e748fd0000000014019805,66d3a377000000001d032c1a,有没有用不谈但这个得会,2026.04.24,云南,2.0,,11,强势|观众,强势,观众,3,强势成功,21
69e481e8000000002003ad94,"

",,,1,69e75285000000001401a810,,6224b0470000000021024324,都在问有什么意义，它的意义比你存在的意义都大得多[吃瓜R],2026.04.21,四川,1.0,0.0,29,强势|服务者,强势,服务者,5,强势成功,21
69e481e8000000002003ad94,"

",,,1,69e7137d000000001401c807,,57b854b55e87e76cf58752ba,搞这玩意儿意义何在？,2026.04.21,陕西,1.0,0.0,10,强势|服务者,强势,服务者,3,强势成功,21
69e481e8000000002003ad94,"

",,,1,69e8721f0000000014019c1b,,61a9b36a0000000010006fc9,就这样的拿出来的意义在哪里,2026.04.22,新疆,1.0,10.0,13,强势|服务者,强势,服务者,3,强势成功,21
69da7e87000000001a03484e,"今晚的亦庄机器人马拉松测试

",,8169.0,2,69db172a000000003501e056,69daef220000000035024590,55813a245894460926264f4a,？不用不用,2026.04.12,重庆,1.0,,5,强势|观众,强势,观众,2,强势成功,21
69e481e8000000002003ad94,"

",,,2,69e727240000000014018c15,69e71b47000000001401ac15,6104f9ae000000000101ca1b,我看你拉屎也没有什么意义[偷笑R],2026.04.21,安徽,1.0,,17,强势|服务者,强势,服务者,2,强势成功,21
69e481e8000000002003ad94,"

",,,2,69e48df0000000001401c407,69e48bf3000000001401ac1e,5ddbd8680000000001000646,没意义为什么这么多人做[笑哭R],2026.04.19,河北,1.0,,16,强势|服务者,强势,服务者,3,强势成功,21
69e481e8000000002003ad94,"

",,,2,69e48e6e000000001401cc22,69e48bf3000000001401ac1e,6788d5360000000008018a14,奥运会有啥意义？？,2026.04.19,四川,1.0,,9,强势|服务者,强势,服务者,2,强势成功,21
69e447d2000000001d01aa01,"当算法有了腿，程序员万万没想到……

",,2912.0,2,69e464590000000014019403,69e4636b0000000014018824,5fd40865000000000100648a,就是一个象征，能跑马拉松就能追到在嫌疑人[大笑R]真要追问意义，人跑马拉松也没意义，不如田里耕地[大笑R],2026.04.19,天津,590.0,,53,强势|服务者,强势,服务者,13,强势成功,22
69e481e8000000002003ad94,"

",,,2,69e49ff80000000014019402,69e49f490000000014019821,55bdec9d3397db5a1c186a35,人类跑还有补能补水呢。历史上第一个没有补给跑完全马的人，跑完就嘎了,2026.04.19,江苏,63.0,,33,强势|服务者,强势,服务者,8,强势成功,22
69da7e87000000001a03484e,"今晚的亦庄机器人马拉松测试

",,8169.0,2,69db1b7b0000000035023894,69db1b05000000003503073f,61018355000000000101dcf1,因为跑步只是它的用处之一，不是全部，不然开车更快喽,2026.04.12,上海,35.0,,25,强势|观众,强势,观众,8,强势成功,22
69e481e8000000002003ad94,"

",,,2,69e5ee6d000000001401900a,69e5be22000000001401e80f,5b6f87cdf7e8b96796fbe356,马拉松只是个检验，类人场景下积累的各种能力，能迁移到其他工作场景的，比如稳定性，续航，自主控制啊等等,2026.04.20,四川,25.0,,50,强势|服务者,强势,服务者,18,强势成功,22
69e481e8000000002003ad94,"

",,,2,69e6f4a10000000014019811,69e6d549000000001401940d,67cc5646000000000d00a6dd,跑马拉松不是目的，需要的就是技术测试，未来才可以延伸场景应用,2026.04.21,江苏,18.0,,30,强势|服务者,强势,服务者,9,强势成功,22
69da7e87000000001a03484e,"今晚的亦庄机器人马拉松测试

",,8169.0,2,69db0aae0000000035028ece,69db09350000000035018759,5eafaa760000000001007c29,啥东西都有个发展过程，现在能跑马拉松了，几年以后就能服务人类了,2026.04.12,陕西,16.0,,31,强势|观众,强势,观众,7,强势成功,22
69e481e8000000002003ad94,"

",,,2,69e72877000000001401d82e,69e71b47000000001401ac15,66001fc1000000000600d21c,当然是为了发展，今天跑半马还要黑电机降温，明天跑全马还能抬两根大杠。,2026.04.21,广东,13.0,,34,强势|服务者,强势,服务者,12,强势成功,22
69e481e8000000002003ad94,"

",,,2,69e4a1990000000014019415,69e491830000000014019008,65643c74000000000802caa5,一看你说的就是外行话。人类跑马拉松也得有补给站。赛车不也得有补给站吗？是一个道理！你老说些没用的有用吗？毕竟现在人类科技还没有发明永动机。承认自己行就那么难吗？非得承认自己不行，还得证明你自己哪儿不行！,2026.04.19,黑龙江,10.0,,101,强势|服务者,强势,服务者,24,强势成功,22
69e4551e000000001f005895,"荣耀机器人赢麻了🤖我觉得它表情在嘲讽我

",,816.0,1,69e479dc000000001401ac05,,65ee5687000000000500d5d6,这只为跑步而单向功能设计的，,2026.04.19,山东,5.0,6.0,14,强势|被超越者,强势,被超越者,3,强势成功,22
69da7e87000000001a03484e,"今晚的亦庄机器人马拉松测试

",,8169.0,2,69db2a76000000003502f51a,69db1b05000000003503073f,5db67f4700000000010005d3,人明明可以可以骑车开车坐飞机，还要费劲跑马拉松干啥呢,2026.04.12,江苏,5.0,,26,强势|观众,强势,观众,8,强势成功,22
69da7e87000000001a03484e,"今晚的亦庄机器人马拉松测试

",,8169.0,1,69db13230000000001007840,,5b51ed1ef7e8b923983b2481,应该测试双手不动的时候跑步，因为手里要端着加特林，更接近实战情况[偷笑R],2026.04.12,广东,4.0,1.0,37,强势|观众,强势,观众,10,强势成功,22
69da7e87000000001a03484e,"今晚的亦庄机器人马拉松测试

",,8169.0,2,69daea72000000000d03c105,69dae3ac0000000001004268,5c56e546000000001000fe8d,人类的马拉松运动员也不干家政啊,2026.04.12,山东,4.0,,15,强势|观众,强势,观众,4,强势成功,22
69e481e8000000002003ad94,"

",,,2,69e48d4f000000001401bc10,69e48b180000000014019c26,58a2e39d6a6a693920534c1b,人跑马拉松也需要补给,2026.04.19,山东,4.0,,10,强势|服务者,强势,服务者,4,强势成功,22
69e46730000000001d0199c8,"

",,761.0,2,69e598db000000001401b00a,69e54d60000000001401c002,5cf2ccc1000000001102b208,替人跑马拉松呀[偷笑R],2026.04.20,广东,3.0,,12,强势|观众,强势,观众,2,强势成功,22
69e481e8000000002003ad94,"

",,,2,69e61c64000000001401bc32,69e549ac0000000014019000,57d8010634609420ba163ea3,人类进化几百万年了，长跑还是靠浇水散热 原始吗,2026.04.20,河南,2.0,,23,强势|服务者,强势,服务者,7,强势成功,22
69e447d2000000001d01aa01,"当算法有了腿，程序员万万没想到……

",,2912.0,2,69e46f11000000001401a81f,69e4636b0000000014018824,648fa0580000000011000b8b,其实和人一样。就是锻炼“身体”。马拉松都能跑，其他活就都能干了。,2026.04.19,辽宁,2.0,,32,强势|服务者,强势,服务者,8,强势成功,22
69da7e87000000001a03484e,"今晚的亦庄机器人马拉松测试

",,8169.0,1,69db048f0000000035016a1f,,60a74c19000000000100af34,话说这次马拉松比赛在哪看比较好,2026.04.12,北京,1.0,1.0,15,强势|观众,强势,观众,4,强势成功,22
69da7e87000000001a03484e,"今晚的亦庄机器人马拉松测试

",,8169.0,1,69daf46b000000000d037f75,,5c5a7db1000000001b035a7d,问能不能照顾老人的，跑马拉松的一般也不干家政啊问题是[笑哭R][笑哭R][笑哭R],2026.04.12,山东,1.0,0.0,41,强势|观众,强势,观众,7,强势成功,22
69da7e87000000001a03484e,"今晚的亦庄机器人马拉松测试

",,8169.0,1,69db5ac0000000003502d4dc,,6421b3df0000000011022f55,狗屁马拉松松，这不是跑！这是走！,2026.04.12,辽宁,1.0,0.0,16,强势|观众,强势,观众,2,强势成功,22
69da7e87000000001a03484e,"今晚的亦庄机器人马拉松测试

",,8169.0,1,69db14ac0000000035027945,,58ad415c37cec9533cd53cdf,问意义的人是认真的吗[黑薯问号R]，当然是做技术测试和评估啊，跑马拉松是一种形式又不是最终目的…,2026.04.12,广东,1.0,0.0,48,强势|观众,强势,观众,12,强势成功,22
69e481e8000000002003ad94,"

",,,1,69e5bf08000000001401cc0d,,606582cc0000000001002219,不太懂，两脚并非最稳定结构，这种奔跑比赛的意义在哪？求专家解释下,2026.04.20,上海,1.0,9.0,32,强势|服务者,强势,服务者,10,强势成功,22
69e447d2000000001d01aa01,"当算法有了腿，程序员万万没想到……

",,2912.0,1,69e45e9c000000001401a836,,678717a4000000000801f19c,当初招我的时候可没说让我跑马拉松啊。,2026.04.19,甘肃,1.0,0.0,18,强势|服务者,强势,服务者,2,强势成功,22
69e4412a000000002103883f,"荣耀闪电队-齐天大圣夺冠！

",3517.0,445.0,1,69e4ec61000000001401c42a,,5fbfa5e70000000001000fcb,以后马拉松再也不用人去跑了,2026.04.19,福建,1.0,1.0,13,强势|观众,强势,观众,4,强势成功,22
69e481e8000000002003ad94,"

",,,2,69e49b47000000001401dc2d,69e49aaf000000001401c802,5664da6a82718c390338f21f,平常的马拉松，也有私补。比赛，做好保障是必要的。,2026.04.19,上海,1.0,,24,强势|服务者,强势,服务者,7,强势成功,22
69e481e8000000002003ad94,"

",,,2,69e769d4000000001401ac07,69e71b47000000001401ac15,665dfe0a0000000007005106,首先有些人有的钱赚，有些人有的工打，有些人能有的玩，有些市场能跑得好（包括这个马拉松）；其次我们基本用不到，也就是说我们不属于前面这些群体[偷笑R],2026.04.21,四川,1.0,,74,强势|服务者,强势,服务者,20,强势成功,22
69e481e8000000002003ad94,"

",,,2,69e499a4000000001401e818,69e49947000000001401e835,6155713c000000000201b2e3,这个跑马拉松，稳定高强度木的办法,2026.04.19,贵州,1.0,,16,强势|服务者,强势,服务者,4,强势成功,22
69e481e8000000002003ad94,"

",,,2,69e5fdfe000000001401e400,69e5f836000000001401bc01,5d0f3cf7000000001602c5d5,对，就是为了遥遥领先的，下一个赛道  浴室柜门不用你换了,2026.04.20,上海,1.0,,28,强势|服务者,强势,服务者,5,强势成功,22
69da7e87000000001a03484e,"今晚的亦庄机器人马拉松测试

",,8169.0,1,69dba1aa000000003500e449,,67568103000000001d02e1bd,代替人跑马拉松，也是有意义的[失望R],2026.04.12,北京,0.0,1.0,19,强势|观众,强势,观众,4,强势成功,22
69da7e87000000001a03484e,"今晚的亦庄机器人马拉松测试

",,8169.0,1,69db871500000000150082c0,,5b62a6f1e8ac2b4efa3ba69e,这是马拉松吗 这不一百米吗？,2026.04.12,天津,0.0,0.0,14,强势|观众,强势,观众,2,强势成功,22
69da7e87000000001a03484e,"今晚的亦庄机器人马拉松测试

",,8169.0,1,69db806d0000000016016c91,,68579bc0000000001d009ac9,send him to the Olympics 🏅🏅,2026.04.12,马来西亚,0.0,0.0,27,强势|观众,强势,观众,5,强势成功,22
69e481e8000000002003ad94,"

",,,1,69e574d70000000014019810,,63e46f90000000002600551f,本来想取代一个人的，结果用了三个人维护它！,2026.04.20,上海,15.0,14.0,21,强势|服务者,强势,服务者,7,强势成功,23
69e481e8000000002003ad94,"

",,,1,69e4958b000000001401a800,,65ba6875000000000903e3e6,这是造了大爷呀，还请了这个多保姆，他能干嘛呢,2026.04.19,四川,5.0,10.0,22,强势|服务者,强势,服务者,3,强势成功,23
69e45dbe000000001f00434f,"机器人跑马拉松超越人类？

",4650.0,773.0,2,69e52302000000001401e402,69e50619000000001401ac01,5d9c8594000000000101b5b4,你老了之后可以照顾你，既能给你擦屁股也能给你擦嘴,2026.04.20,广东,4.0,,24,强势|观众,强势,观众,5,强势成功,23
69e48341000000001a02d0c4,"机器人马拉松，我们看乐了，西方人看破防了🤣

",3931.0,1022.0,1,69e50309000000001401a405,,5ccec2ec000000001702c114,真好 我这样没孩子的人老了有指望了[笑哭R],2026.04.20,江苏,3.0,0.0,22,强势|观众,强势,观众,5,强势成功,23
69e481e8000000002003ad94,"

",,,1,69e6d0e8000000001401e80e,,58901be55e87e74a647131d7,还得三人伺候着[捂脸R],2026.04.21,天津,2.0,0.0,12,强势|服务者,强势,服务者,2,强势成功,23
69da7e87000000001a03484e,"今晚的亦庄机器人马拉松测试

",,8169.0,2,69db052c000000003502be1f,69db01250000000015007221,5a556dfb4eacab0e0a1a2269,搞好了 吴老二可以在家躺着了[doge],2026.04.12,黑龙江,2.0,,20,强势|观众,强势,观众,3,强势成功,23
69e481e8000000002003ad94,"

",,,2,69e6f22e000000001401cc1d,69e6f1cf000000001401e008,63e8948b000000002703548a,他一个人需要一群人伺候[笑哭R],2026.04.21,安徽,2.0,,16,强势|服务者,强势,服务者,5,强势成功,23
69e481e8000000002003ad94,"

",,,2,69e5ae5d000000001401e822,69e574d70000000014019810,669923b0000000002401ce3b,三十个也是这三个人维护,2026.04.20,陕西,2.0,,11,强势|服务者,强势,服务者,4,强势成功,23
69e481e8000000002003ad94,"

",,,1,69ede150000000002803d0c0,,6705bb9f000000001d0222e5,这一个需要多少人伺候着啊,2026.04.26,河北,1.0,0.0,12,强势|服务者,强势,服务者,4,强势成功,23
69e481e8000000002003ad94,"

",,,1,69e6d3aa000000001401cc1c,,5cb6c1c20000000012006c6e,还不是要人类来伺候,2026.04.21,浙江,1.0,0.0,9,强势|服务者,强势,服务者,2,强势成功,23
69e481e8000000002003ad94,"

",,,1,69e6ac95000000001401e806,,5b2875f34eacab3a18a5ffab,卧槽，三个人伺候它，感觉这三人负重锻炼的不错[点赞R][笑哭R],2026.04.21,山东,1.0,0.0,32,强势|服务者,强势,服务者,8,强势成功,23
69e481e8000000002003ad94,"

",,,1,69e58da6000000001401dc0a,,6124a8cb0000000001008547,三个人伺候1个人，这就放心了，不可能替代人类了,2026.04.20,天津,1.0,0.0,23,强势|服务者,强势,服务者,7,强势成功,23
69e481e8000000002003ad94,"

",,,1,69e4a597000000001401b815,,6880ed92000000001b0183ce,三个人类伺候[笑哭R][笑哭R],2026.04.19,江西,1.0,0.0,16,强势|服务者,强势,服务者,3,强势成功,23
69e481e8000000002003ad94,"

",,,1,69e4a2bc000000001401c027,,5928fa12a9b2ed0d5e3435c1,1个活爹，三个儿,2026.04.19,江苏,1.0,0.0,8,强势|服务者,强势,服务者,2,强势成功,23
69e481e8000000002003ad94,"

",,,1,69e4a19c0000000014018c1e,,67b4196e000000000e01faec,好多人类在服侍[满月R],2026.04.19,广东,1.0,0.0,12,强势|服务者,强势,服务者,3,强势成功,23
69e481e8000000002003ad94,"

",,,2,69e4a1f20000000014018827,69e4a1ae000000001401e82f,5679458de00dd81c0f02d951,得三个人伺候着[笑哭R],2026.04.19,湖北,1.0,,12,强势|服务者,强势,服务者,3,强势成功,23
69e481e8000000002003ad94,"

",,,2,69e49f63000000001401e814,69e49eec000000001401e438,62caeba60000000002001d5a,.....只是现在人伺候他而已，小孩子不也是需要人伺候,2026.04.19,江苏,1.0,,27,强势|服务者,强势,服务者,8,强势成功,23
69e4412a000000002103883f,"荣耀闪电队-齐天大圣夺冠！

",3517.0,445.0,2,69e4f2d6000000001401a81f,69e4d870000000001401c830,5d23bbf50000000011033809,以后你儿子不养你，你有可能靠它养老,2026.04.19,广东,1.0,,17,强势|观众,强势,观众,3,强势成功,23
69da7e87000000001a03484e,"今晚的亦庄机器人马拉松测试

",,8169.0,1,69db21a4000000003500f258,,60ca1e6700000000010012e7,与其浪费这些钱，还不如降低一些社保费，提高一些农村老年人的养老金,2026.04.12,广东,0.0,0.0,32,强势|观众,强势,观众,10,强势成功,23
69e481e8000000002003ad94,"

",,,1,69e49ca8000000001401c018,,64469cdd0000000012035eb2,真人伺候假人。,2026.04.19,云南,0.0,0.0,7,强势|服务者,强势,服务者,3,强势成功,23
69e481e8000000002003ad94,"

",,,1,69e49c92000000001401c430,,5c0715f00000000006004bad,买这个 不亚于撞了个老头 多了一个活爹[笑哭R],2026.04.19,北京,0.0,0.0,24,强势|服务者,强势,服务者,3,强势成功,23
69e481e8000000002003ad94,"

",,,1,69e49949000000001401b816,,640e86d5000000002a009615,三人伺候,2026.04.19,北京,0.0,0.0,4,强势|服务者,强势,服务者,2,强势成功,23
69e481e8000000002003ad94,"

",,,1,69e496870000000014019c05,,5de8dd590000000001008d68,这一堆人给累的，伺候一个没用的大爷[暗中观察R],2026.04.19,云南,0.0,0.0,24,强势|服务者,强势,服务者,5,强势成功,23
69e481e8000000002003ad94,"

",,,1,69e49686000000001401b839,,5e3df4370000000001008377,买过来一个，照顾要三个人,2026.04.19,浙江,0.0,0.0,12,强势|服务者,强势,服务者,4,强势成功,23
69e481e8000000002003ad94,"

",,,1,69edeceb0000000029026c22,,661bcd840000000003030a1b,好好伺候着,2026.04.26,北京,0.0,0.0,5,强势|服务者,强势,服务者,2,强势成功,23
69e481e8000000002003ad94,"

",,,1,69e9bcf4000000001401c014,,64c1da7700000000140365b2,這是花钱买回来个老人！,2026.04.23,四川,0.0,0.0,11,强势|服务者,强势,服务者,4,强势成功,23
69e481e8000000002003ad94,"

",,,1,69e994aa000000001401cc12,,5743bc3a5e87e71458f3b143,还要三个人服务[失望R],2026.04.23,广东,0.0,0.0,12,强势|服务者,强势,服务者,4,强势成功,23
69e481e8000000002003ad94,"

",,,1,69e85b53000000001401901c,,65b1ef65000000000e025735,还要这么多人伺候，以后不用担心没工作了[偷笑R],2026.04.22,韩国,0.0,0.0,24,强势|服务者,强势,服务者,6,强势成功,23
69e481e8000000002003ad94,"

",,,1,69e78b06000000001401d43c,,5d0d89a1000000001200580c,现在是我们照顾你，将来就轮到你做苦力了[偷笑R][偷笑R],2026.04.21,广西,0.0,0.0,29,强势|服务者,强势,服务者,4,强势成功,23
69e481e8000000002003ad94,"

",,,1,69e77998000000001401e82b,,5ceddc78000000001700a293,还是离不开人！,2026.04.21,四川,0.0,0.0,7,强势|服务者,强势,服务者,2,强势成功,23
69e481e8000000002003ad94,"

",,,1,69e490ae000000001401d42a,,5b92131965aece0001d21a33,比跑步干嘛非要人形，轮子不是更快[笑哭R],2026.04.19,浙江,4733.0,1334.0,21,强势|服务者,强势,服务者,6,强势成功,24
69da7e87000000001a03484e,"今晚的亦庄机器人马拉松测试

",,8169.0,1,69db09350000000035018759,,64b0be30000000001f00419e,我也觉得人行机器人的用途在哪？没必要完全做成人的模样吧 要说让他跑 做成轮子更快 更节约成本啊,2026.04.12,日本,77.0,76.0,47,强势|观众,强势,观众,14,强势成功,24
69da7e87000000001a03484e,"今晚的亦庄机器人马拉松测试

",,8169.0,1,69db09ea0000000035017942,,5e19632f0000000001002dbc,都机器人了还用腿 装俩轱辘不行么,2026.04.12,北京,46.0,10.0,16,强势|观众,强势,观众,4,强势成功,24
69da7e87000000001a03484e,"今晚的亦庄机器人马拉松测试

",,8169.0,1,69dadf8d000000001500b155,,5c22420a000000000501faf3,可机器“人”往人形仿真设计 运动并不经济啊，这条线发展下去为了陪伴拟人？那跑得快就没必要了。如果是plq说的军事需求，不如搞个踩风火轮带关节的 可以跨越速度也快，类似火星探测,2026.04.12,浙江,36.0,22.0,87,强势|观众,强势,观众,27,强势成功,24
69da7e87000000001a03484e,"今晚的亦庄机器人马拉松测试

",,8169.0,1,69daf96f0000000015001390,,6431c6ba0000000012034853,人进化成直立行走是解放双手。机器人没这个需要啊。下面换成轮子，速度上150公里/小时随随便便啊。还稳当,2026.04.12,上海,16.0,20.0,51,强势|观众,强势,观众,17,强势成功,24
69da7e87000000001a03484e,"今晚的亦庄机器人马拉松测试

",,8169.0,1,69daf19f00000000020365e6,,5fa7bcbd0000000001006f2a,机器人做成这样速度还是不够快，不如我们把腿部做成圆形的，内部还可以设置座位方便运输人类，怎么样？,2026.04.12,广东,16.0,5.0,48,强势|观众,强势,观众,16,强势成功,24
69e481e8000000002003ad94,"

",,,1,69e67f9f000000001401b807,,5ea19f8a0000000001003948,越走越偏了，应该往智能方面发展，结果整成四肢了,2026.04.21,四川,13.0,11.0,23,强势|服务者,强势,服务者,6,强势成功,24
69e48341000000001a02d0c4,"机器人马拉松，我们看乐了，西方人看破防了🤣

",3931.0,1022.0,1,69e49ab00000000014018801,,5e3d67d2000000000100357e,必须要2脚人性的机器人才能参加吗，4轮的可以吗[doge],2026.04.19,江苏,12.0,29.0,29,强势|观众,强势,观众,5,强势成功,24
69da7e87000000001a03484e,"今晚的亦庄机器人马拉松测试

",,8169.0,1,69dc339f000000003501f4fa,,585561b882ec3905e0526076,不懂就问，为什么都要做长脚的机器人，不能做轮子吗？,2026.04.13,上海,11.0,20.0,25,强势|观众,强势,观众,4,强势成功,24
69da7e87000000001a03484e,"今晚的亦庄机器人马拉松测试

",,8169.0,2,69db0f01000000003502f5f6,69db0da4000000000c030c0c,64b6015600000000140380c3,这是通用机器人，一个设计到处使用，能进工厂能叠被子能送快递，你说的轮子型的上下楼没这个快，通用性一般,2026.04.12,美国,11.0,,50,强势|观众,强势,观众,14,强势成功,24
69da7e87000000001a03484e,"今晚的亦庄机器人马拉松测试

",,8169.0,1,69e42853000000001401cc00,,674004a8000000001d02c7f4,说实话，能用轮子为啥要用腿，这机器人也就看个乐，没啥用,2026.04.19,中国香港,7.0,22.0,27,强势|观众,强势,观众,5,强势成功,24
69da7e87000000001a03484e,"今晚的亦庄机器人马拉松测试

",,8169.0,1,69db2712000000003502db22,,558a6c2458944613dc3be814,🤔 为什么不给机器人安装轮胎  停下来走楼梯或者需要人形时候变回人形    平地奔跑切换成轮胎,2026.04.12,湖南,7.0,11.0,47,强势|观众,强势,观众,15,强势成功,24
69da7e87000000001a03484e,"今晚的亦庄机器人马拉松测试

",,8169.0,1,69db0b080000000001005db0,,63c77b740000000026010938,跑的很好，但是如果想要制造快速移动的机器人，我认为轮子或许比腿更好,2026.04.12,山东,5.0,4.0,33,强势|观众,强势,观众,10,强势成功,24
69e481e8000000002003ad94,"

",,,1,69e592e5000000001401dc07,,5784e94f5e87e723f783b523,机器人干嘛非得装腿跑步……[吃瓜R],2026.04.20,北京,5.0,12.0,18,强势|服务者,强势,服务者,5,强势成功,24
69da7e87000000001a03484e,"今晚的亦庄机器人马拉松测试

",,8169.0,2,69db0ea90000000035030d91,69db0da4000000000c030c0c,5fa5f2c1000000000101c66a,等你机械飞升时喜欢轮子的，还是喜欢带胳膊腿的,2026.04.12,天津,4.0,,22,强势|观众,强势,观众,6,强势成功,24
69da7e87000000001a03484e,"今晚的亦庄机器人马拉松测试

",,8169.0,1,69db92eb000000003502b0f4,,5bd1bc5b109afd00017483de,他们可不可以像漫画那样 腿转成风火轮跑 机器人不用在意反不反关节哇,2026.04.12,浙江,1.0,2.0,33,强势|观众,强势,观众,10,强势成功,24
69da7e87000000001a03484e,"今晚的亦庄机器人马拉松测试

",,8169.0,1,69db2679000000000d036ff5,,5ee3112d000000000101dd5d,还是发明 这双腿如何按在人类身上,2026.04.12,福建,1.0,0.0,16,强势|观众,强势,观众,5,强势成功,24
69da7e87000000001a03484e,"今晚的亦庄机器人马拉松测试

",,8169.0,1,69db08a4000000003502fd33,,5f6af3be0000000001001102,为什么现在还在照着人形来弄，搞多点腿不应该更好吗[呃R],2026.04.12,湖南,1.0,0.0,28,强势|观众,强势,观众,5,强势成功,24
69da7e87000000001a03484e,"今晚的亦庄机器人马拉松测试

",,8169.0,1,69db0585000000000202bb5a,,6505c5cc0000000017020cef,肯定没有装轮子的快，应该是为了测试机器吧。感觉这种还不够快，给退步加上弹射结构，一步跨个7-8米，跳高能跳10来米，实现那种电影里的机器人，应用到救援上绝对无敌[笑哭R],2026.04.12,山西,1.0,0.0,85,强势|观众,强势,观众,23,强势成功,24
69da7e87000000001a03484e,"今晚的亦庄机器人马拉松测试

",,8169.0,1,69db25ed000000000d03ee55,,6778d331000000001801c8a9,轮子怎么说都比退快，通用型机器人说穿了就是什么都会一点什么都不拔尖，这样的机器人有什么实际意义？还不如专用型的，,2026.04.12,越南,1.0,4.0,56,强势|观众,强势,观众,12,强势成功,24
69da7e87000000001a03484e,"今晚的亦庄机器人马拉松测试

",,8169.0,1,69dae3d5000000003102f4f8,,5bafaef391a1131fe0ec86b6,emmm装轮子不是比腿好吗。一定要仿人类吗,2026.04.12,北京,1.0,0.0,21,强势|观众,强势,观众,6,强势成功,24
69da7e87000000001a03484e,"今晚的亦庄机器人马拉松测试

",,8169.0,2,69db3734000000000c03343a,69daef220000000035024590,5e1c89c60000000001009373,虽然举例的潜在意思我明白，但是我还是想说。给机器人加个轮子有车的功能开去医院不是比跑更省力,2026.04.12,上海,1.0,,45,强势|观众,强势,观众,13,强势成功,24
69da7e87000000001a03484e,"今晚的亦庄机器人马拉松测试

",,8169.0,2,69db0fa100000000150083a3,69db09350000000035018759,5b6be7f6f7e8b94e8359de90,他们是为完整嵌入人类生活准备的 轮子的是跑的快 但上不了楼梯 而且进不去小空间,2026.04.12,陕西,1.0,,39,强势|观众,强势,观众,11,强势成功,24
69da7e87000000001a03484e,"今晚的亦庄机器人马拉松测试

",,8169.0,2,69db15570000000015008e91,69db09350000000035018759,645a92160000000029015045,单看跑步肯定跑不过轮子，但是人类社会适应能力肯定是人形的最强，上楼梯，逛菜场，坐电梯，人类社会的复杂环境，轮子适应不了,2026.04.12,浙江,1.0,,59,强势|观众,强势,观众,21,强势成功,24
69e481e8000000002003ad94,"

",,,2,69e57228000000001401b001,69e49a5c000000001401ac0a,64e1fbf90000000001013484,轮子的机器人已经发展很好了 你不知道吧[偷笑R],2026.04.20,浙江,1.0,,24,强势|服务者,强势,服务者,4,强势成功,24
69e481e8000000002003ad94,"

",,,2,69ec4407000000002902cf05,69e490ae000000001401d42a,6380510e000000001f0147e8,机器人最后的肯定是用于战争，弄个轮子，那不就成车子了？,2026.04.25,浙江,1.0,,27,强势|服务者,强势,服务者,9,强势成功,24
69e481e8000000002003ad94,"

",,,2,69e48e0b000000001401cc3b,69e48bf3000000001401ac1e,6900567e0000000037003dd3,想象力还不够，四个轮子更快……没错，我就在开这种跨时代机器人……[doge],2026.04.19,安徽,1.0,,38,强势|服务者,强势,服务者,8,强势成功,24
69e44278000000001a0217bb,"机器人超过我的瞬间

",6019.0,372.0,1,69e49713000000001401bc08,,6366400a000000001f01f316,本身机器人和人的构造就不同  装不装轮子有啥区别呢 直接装轮子就行了,2026.04.19,浙江,0.0,0.0,34,强势|被超越者,强势,被超越者,10,强势成功,24
69da7e87000000001a03484e,"今晚的亦庄机器人马拉松测试

",,8169.0,1,69dbbd430000000032000d4c,,64a44af6000000002b008a32,都机器人了装个轮怎么了（,2026.04.12,北京,0.0,0.0,12,强势|观众,强势,观众,2,强势成功,24
69da7e87000000001a03484e,"今晚的亦庄机器人马拉松测试

",,8169.0,1,69db9ce6000000001400a4e1,,5dc5e6840000000001002066,为啥不搞个轮式机器人，模仿两条腿多麻烦，弄轮子不更快么，还是得打开思路！[汗颜R],2026.04.12,北京,0.0,0.0,41,强势|观众,强势,观众,9,强势成功,24
69e481e8000000002003ad94,"

",,,2,69e48a26000000001401980f,69e4853b000000001401b022,6593daf8000000001f03a111,我以为是云南白药呢[暗中观察R],2026.04.19,北京,108.0,,16,强势|服务者,强势,服务者,2,强势成功,25
69e481e8000000002003ad94,"

",,,2,69e48b1b000000001401b809,69e4853b000000001401b022,5a78694611be1036f49b3868,降温，就想踢球被撞，云南喷雾剂[偷笑R],2026.04.19,上海,19.0,,20,强势|服务者,强势,服务者,4,强势成功,25
69e481e8000000002003ad94,"

",,,1,69e499be000000001401cc13,,6633906b000000000d024b9b,喷云南白药，灌能量胶？,2026.04.19,江西,11.0,4.0,11,强势|服务者,强势,服务者,2,强势成功,25
69e481e8000000002003ad94,"

",,,2,69e6fc61000000001401e038,69e6f8a10000000014019c09,61cdb64900000000210267f2,估计是蒜瓣，提神醒脑,2026.04.21,陕西,7.0,,10,强势|服务者,强势,服务者,3,强势成功,25
69e481e8000000002003ad94,"

",,,1,69e495670000000014019822,,5ee1012c0000000001003bfc,我的天呀，这是搞笑演小品吗？！还放冰块喷药物,2026.04.19,海南,4.0,3.0,22,强势|服务者,强势,服务者,6,强势成功,25
69e481e8000000002003ad94,"

",,,1,69e49e4a000000001401b80f,,60900ff6000000000101f507,喷上云南白药了[笑哭R][笑哭R],2026.04.19,浙江,1.0,0.0,17,强势|服务者,强势,服务者,2,强势成功,25
69e481e8000000002003ad94,"

",,,1,69e4915c000000001401cc02,,5cfe18cb000000001600928a,补充的电解质，前面放的压缩饼干，喷的是云南白药。相信我，我专业。[偷笑R],2026.04.19,山东,1.0,0.0,37,强势|服务者,强势,服务者,7,强势成功,25
69e481e8000000002003ad94,"

",,,1,69e6343f000000001401a430,,65a269fb0000000022012341,六六六  还喷云南白药[doge]（抽）,2026.04.20,浙江,1.0,0.0,20,强势|服务者,强势,服务者,2,强势成功,25
69e481e8000000002003ad94,"

",,,1,69e4a78e0000000014019402,,648487d8000000002a034504,为什么还要喷云南白药[呃R],2026.04.19,浙江,1.0,1.0,14,强势|服务者,强势,服务者,3,强势成功,25
69e44278000000001a0217bb,"机器人超过我的瞬间

",6019.0,372.0,2,69e4b3a8000000001401dc38,69e47886000000001401b01e,558580cd3397db232de1d0e6,你这么说我开心好多，我脸上有两根，好困扰，还很长,2026.04.19,北京,1.0,,24,强势|被超越者,强势,被超越者,6,强势成功,25
69e481e8000000002003ad94,"

",,,2,69e48f25000000001401a003,69e4853b000000001401b022,5e9dc91100000000010095a4,应该是类似云南白药喷剂,2026.04.19,江苏,1.0,,11,强势|服务者,强势,服务者,3,强势成功,25
69e481e8000000002003ad94,"

",,,2,69e4a922000000001401901a,69e4853b000000001401b022,5fc99cd1000000000100a64a,云南白药，防止跌打损伤。,2026.04.19,北京,1.0,,12,强势|服务者,强势,服务者,3,强势成功,25
69e481e8000000002003ad94,"

",,,2,69e565d2000000001401c004,69e4853b000000001401b022,64f1e50c0000000005000492,云南喷雾剂，防止跌打损伤，乳酸堆积,2026.04.20,四川,1.0,,17,强势|服务者,强势,服务者,6,强势成功,25
69e481e8000000002003ad94,"

",,,2,69e609c3000000001401d82f,69e4853b000000001401b022,5d104cef000000001201a224,云南白药气雾剂 专治运动损伤,2026.04.20,上海,1.0,,14,强势|服务者,强势,服务者,5,强势成功,25
69e481e8000000002003ad94,"

",,,1,69e49e72000000001401e01a,,61326f7600000000020237ac,云南白药了解一下,2026.04.19,江苏,0.0,0.0,8,强势|服务者,强势,服务者,3,强势成功,25
69e481e8000000002003ad94,"

",,,1,69e49d4d000000001401cc38,,63b66f450000000026005819,云南白药喷雾剂,2026.04.19,北京,0.0,0.0,7,强势|服务者,强势,服务者,2,强势成功,25
69e481e8000000002003ad94,"

",,,1,69eb1cae000000001401c003,,6315853b000000000f0070d3,云南白药使劲喷[皱眉R],2026.04.24,广东,0.0,0.0,12,强势|服务者,强势,服务者,2,强势成功,25
69e481e8000000002003ad94,"

",,,1,69e9e809000000001401a81f,,5f1ab4be000000000100993c,好真实啊，使劲喷云南白药,2026.04.23,四川,0.0,0.0,12,强势|服务者,强势,服务者,3,强势成功,25
69e481e8000000002003ad94,"

",,,1,69e77122000000001401ac39,,678af5cc000000000a03d972,云南白药气雾剂[偷笑R],2026.04.21,山东,0.0,0.0,12,强势|服务者,强势,服务者,2,强势成功,25
69e481e8000000002003ad94,"

",,,1,69e762c9000000001401e043,,55713ef724caa9343baadedd,喷的是机器的“云南白药”吗[笑哭R][笑哭R][笑哭R],2026.04.21,浙江,0.0,0.0,28,强势|服务者,强势,服务者,2,强势成功,25
69e481e8000000002003ad94,"

",,,1,69e710f1000000001401c419,,5dd7834c0000000001004a2e,红药喷剂都用上了[笑哭R],2026.04.21,辽宁,0.0,0.0,13,强势|服务者,强势,服务者,2,强势成功,25
69e481e8000000002003ad94,"

",,,1,69e6615b000000001401e801,,6055ca6d0000000001004c08,扭到了？喷云南白药呢？[笑哭R],2026.04.21,广东,0.0,0.0,16,强势|服务者,强势,服务者,2,强势成功,25
69e481e8000000002003ad94,"

",,,1,69e5f51d000000001401bc10,,5c81ba940000000016003c92,我以为喷的云南白药,2026.04.20,上海,0.0,0.0,9,强势|服务者,强势,服务者,2,强势成功,25
69e481e8000000002003ad94,"

",,,1,69e5b0e4000000001401c401,,622ae7ce0000000021029b68,干了2两茅台酒，走路都打川川。[笑哭R],2026.04.20,贵州,0.0,0.0,20,强势|服务者,强势,服务者,3,强势成功,25
69e481e8000000002003ad94,"

",,,1,69e5aa1a000000001401e824,,695738bb000000003702b586,哈哈哈哈，想起来医生给我喷云南白药的场景,2026.04.20,安徽,0.0,0.0,20,强势|服务者,强势,服务者,4,强势成功,25
69e481e8000000002003ad94,"

",,,1,69e5971a000000001401e806,,5e475750000000000100b931,还给喷点云南白药气雾剂吗,2026.04.20,云南,0.0,0.0,12,强势|服务者,强势,服务者,4,强势成功,25
69e481e8000000002003ad94,"

",,,1,69e55e83000000001401ac03,,658fd765000000001f012943,帶 毒品 合用 🤣🤣🤣,2026.04.20,中国香港,0.0,0.0,11,强势|服务者,强势,服务者,2,强势成功,25
69e481e8000000002003ad94,"

",,,1,69e4a8290000000014018c0a,,56bebe814775a75436e40020,喷的是什么？难道是云南白药气雾剂？,2026.04.19,陕西,0.0,0.0,17,强势|服务者,强势,服务者,3,强势成功,25
69e481e8000000002003ad94,"

",,,1,69e4a771000000001401e425,,560cc3d73f95a338e49d934c,我以为在喷云南白药[笑哭R][笑哭R][笑哭R],2026.04.19,浙江,0.0,0.0,24,强势|服务者,强势,服务者,2,强势成功,25
69e481e8000000002003ad94,"

",,,1,69e4a733000000001401c43e,,5fa2c7fb00000000010023a0,主要是喷点云南白药气雾剂[害羞R],2026.04.19,云南,0.0,0.0,17,强势|服务者,强势,服务者,4,强势成功,25
69e481e8000000002003ad94,"

",,,2,69e525a4000000001401c006,69e5166d0000000014019004,5bc9b7da98c35500012124a5,是冰淇淋，这个机器人叫李明，李明喜欢吃冰淇淋，有喜欢的食物会跑的更快。,2026.04.20,福建,29.0,,35,强势|服务者,强势,服务者,9,强势成功,26
69e481e8000000002003ad94,"

",,,1,69e5f836000000001401bc01,,645a3e08000000001f033a4f,我看的是换电池，润滑油，冰块降温，这种机器人想表达什么？这种机器人的意义是什么？摇摇领先吗？,2026.04.20,新加坡,6.0,14.0,46,强势|服务者,强势,服务者,10,强势成功,26
69e45dbe000000001f00434f,"机器人跑马拉松超越人类？

",4650.0,773.0,2,69e4e35b0000000014019401,69e4e1a8000000001401dc1a,5ea82e9700000000010093f0,只要电池够散热处理好，肯定没问题，机器人又不会累,2026.04.19,北京,5.0,,24,强势|观众,强势,观众,7,强势成功,26
69e481e8000000002003ad94,"

",,,1,69e77d2c000000001401a419,,68f05f490000000032018b6e,机器人差点中暑[doge],2026.04.21,浙江,3.0,0.0,13,强势|服务者,强势,服务者,3,强势成功,26
69e481e8000000002003ad94,"

",,,1,69e4a4de0000000014019c17,,640abf39000000002a0092d1,要浪费几个人工成本还要降温和陪跑。几个真人伺候一台机器人[doge][doge][doge][doge],2026.04.19,广东,2.0,0.0,52,强势|服务者,强势,服务者,10,强势成功,26
69e481e8000000002003ad94,"

",,,1,69e49c68000000001401e016,,5bafd751f97905000126fa51,保温瓶掏出来的时候我还在想“机器人也要喝枸杞水？”[笑哭R][笑哭R],2026.04.19,重庆,1.0,0.0,35,强势|服务者,强势,服务者,4,强势成功,26
69e481e8000000002003ad94,"

",,,1,69e7193c000000001401e017,,6532c862000000002a02af69,机器人长了高温蛋蛋！？,2026.04.21,美国,1.0,0.0,11,强势|服务者,强势,服务者,3,强势成功,26
69e481e8000000002003ad94,"

",,,1,69e63f16000000001401a426,,636ba0c2000000001f01ee88,给马达降温还换电池[笑哭R]机器人帮人工作的时间任重而道远啊,2026.04.20,新加坡,1.0,0.0,30,强势|服务者,强势,服务者,8,强势成功,26
69e481e8000000002003ad94,"

",,,1,69e5a0bf000000001401941d,,5cac228d0000000016038049,这机器人多少是有点低血糖了[大笑R],2026.04.20,广东,1.0,0.0,18,强势|服务者,强势,服务者,3,强势成功,26
69e481e8000000002003ad94,"

",,,1,69e50d300000000014018c0b,,65f3b9560000000005008c6a,机器人跑时间长了裆部也热哈！[笑哭R][笑哭R],2026.04.20,美国,1.0,0.0,24,强势|服务者,强势,服务者,4,强势成功,26
69da7e87000000001a03484e,"今晚的亦庄机器人马拉松测试

",,8169.0,2,69dc6638000000000103e443,69db30220000000016016d90,62809096000000002102a89f,被黑客控制就够喝一壶了[偷笑R],2026.04.13,广西,1.0,,16,强势|观众,强势,观众,4,强势成功,26
69e481e8000000002003ad94,"

",,,1,69e49edd000000001401d811,,590be5346a6a6924bda2634f,这机器人烧冰的,2026.04.19,北京,0.0,0.0,7,强势|服务者,强势,服务者,2,强势成功,26
69e481e8000000002003ad94,"

",,,1,69e49e27000000001401a426,,5b69d110a3c3ac0001404413,这机器人人性化，跑步确实会出汗会热，需要冰块降温,2026.04.19,浙江,0.0,0.0,24,强势|服务者,强势,服务者,9,强势成功,26
69e481e8000000002003ad94,"

",,,1,69e49a6f000000001401d805,,5572d2fc484fb67ed748e9d3,机器人跑晕了[笑哭R]。。还要背冰块降温,2026.04.19,新疆,0.0,0.0,20,强势|服务者,强势,服务者,4,强势成功,26
69e481e8000000002003ad94,"

",,,1,69e499f9000000001401d409,,609e26d1000000000101cd7f,机器人比赛带动了保温桶销量[笑哭R],2026.04.19,山东,0.0,0.0,18,强势|服务者,强势,服务者,5,强势成功,26
69e481e8000000002003ad94,"

",,,1,69e499c90000000014019030,,6002dd7e000000000101e643,他为什么要喷机器人的雕雕？,2026.04.19,广东,0.0,0.0,13,强势|服务者,强势,服务者,3,强势成功,26
69e481e8000000002003ad94,"

",,,1,69e499c80000000014018c13,,5b2292b4e8ac2b1ba4c91adb,机器人裤裆需要降温..,2026.04.19,山东,0.0,0.0,11,强势|服务者,强势,服务者,4,强势成功,26
69e481e8000000002003ad94,"

",,,1,69e4993f000000001401cc24,,5d3e96550000000011036acd,给机器人后面加冰这个活我也能干[失望R],2026.04.19,浙江,0.0,0.0,20,强势|服务者,强势,服务者,4,强势成功,26
69e481e8000000002003ad94,"

",,,1,69e49926000000001401bc28,,6294e0f80000000021021bbd,机器人跑多了裆部也潮湿异味儿需要清洁吗？喷那个管用吗？,2026.04.19,北京,0.0,0.0,27,强势|服务者,强势,服务者,7,强势成功,26
69e481e8000000002003ad94,"

",,,1,69e497e0000000001401a000,,62921a4c000000002102369e,此机器人亟待解决续航和散热问题[派对R],2026.04.19,辽宁,0.0,0.0,20,强势|服务者,强势,服务者,5,强势成功,26
69e481e8000000002003ad94,"

",,,1,69e497b6000000001401dc09,,62a9687100000000190285d8,机器就怕过热[doge],2026.04.19,云南,0.0,0.0,12,强势|服务者,强势,服务者,2,强势成功,26
69e481e8000000002003ad94,"

",,,1,69eca3a10000000028032fbc,,64d487e40000000001028803,为什么要给机器人喷裆部,2026.04.25,湖南,0.0,0.0,11,强势|服务者,强势,服务者,3,强势成功,26
69e481e8000000002003ad94,"

",,,1,69ec857b000000002701c03e,,60d84f280000000001007d98,机器人还要喷关节痛药水[飞吻R],2026.04.25,上海,0.0,0.0,16,强势|服务者,强势,服务者,4,强势成功,26
69e481e8000000002003ad94,"

",,,1,69eba3f300000000290249a5,,6005a7a2000000000100af32,机器人散热是个问题,2026.04.25,北京,0.0,0.0,9,强势|服务者,强势,服务者,3,强势成功,26
69e481e8000000002003ad94,"

",,,1,69e8fbd2000000001401e011,,606ea050000000000101e17f,机器人也怕热,2026.04.23,陕西,0.0,0.0,6,强势|服务者,强势,服务者,2,强势成功,26
69e481e8000000002003ad94,"

",,,1,69e87780000000001401cc25,,6433cceb0000000029013c47,机器人：我怎么感觉裤裆凉飕飕的,2026.04.22,广东,0.0,0.0,15,强势|服务者,强势,服务者,3,强势成功,26
69e481e8000000002003ad94,"

",,,1,69e8608b000000001401d81f,,576a7bac5e87e75964870f32,机器人运动也需要运动饮料吗[坏笑R],2026.04.22,浙江,0.0,0.0,18,强势|服务者,强势,服务者,5,强势成功,26
69e481e8000000002003ad94,"

",,,1,69e8338a000000001401e00e,,65831153000000001c03ec5b,再牛的机器人也要喷点藿香正骨水。,2026.04.22,上海,0.0,0.0,16,强势|服务者,强势,服务者,4,强势成功,26
69e481e8000000002003ad94,"

",,,1,69e74992000000001401d846,,6622337300000000030307e7,降温机器人,2026.04.21,北京,0.0,0.0,5,强势|服务者,强势,服务者,2,强势成功,26
69e481e8000000002003ad94,"

",,,1,69e70b11000000001401a011,,5eb6513800000000010042f5,中国机器人关节处用的是电机，所以需要给电机降温，。,2026.04.21,上海,0.0,0.0,25,强势|服务者,强势,服务者,8,强势成功,26
69e4551e000000001f005895,"荣耀机器人赢麻了🤖我觉得它表情在嘲讽我

",,816.0,2,69e493f9000000001401c00c,69e48b57000000001401bc2e,64e623f70000000001012981,主要问题不是电量，而是散热,2026.04.19,四川,59.0,,13,强势|被超越者,强势,被超越者,5,强势成功,27
69e4551e000000001f005895,"荣耀机器人赢麻了🤖我觉得它表情在嘲讽我

",,816.0,1,69e4f216000000001401940a,,5f7f2c30000000000101cecb,它这个散热系统是真牛逼呀,2026.04.19,重庆,36.0,0.0,12,强势|被超越者,强势,被超越者,2,强势成功,27
69e463df000000001b003017,"

",3270.0,219.0,1,69ec66ff00000000270175e9,,69c3660900000000320277bf,散热看起来和win似的，算是同根同源了,2026.04.25,河北,30.0,0.0,19,强势|服务者,强势,服务者,7,强势成功,27
69e481e8000000002003ad94,"

",,,2,69e49428000000001401880d,69e493ea000000001401e029,5bbdb3ea6776780001043d5f,对，主板散热,2026.04.19,福建,19.0,,6,强势|服务者,强势,服务者,2,强势成功,27
69e481e8000000002003ad94,"

",,,2,69e48a07000000001401b820,69e4853b000000001401b022,68087e4e000000000d00863d,应该是帮助散热的,2026.04.19,江苏,18.0,,8,强势|服务者,强势,服务者,2,强势成功,27
69e481e8000000002003ad94,"

",,,1,69e4a7ce0000000014019810,,612468b7000000000100aeed,散热是永恒话题,2026.04.19,陕西,8.0,4.0,7,强势|服务者,强势,服务者,3,强势成功,27
69e481e8000000002003ad94,"

",,,1,69e4a70a000000001401d40d,,5c8e503d000000001001e1a6,散热顶不住了[笑哭R]人类的散热还是牛的,2026.04.19,浙江,8.0,0.0,20,强势|服务者,强势,服务者,4,强势成功,27
69e481e8000000002003ad94,"

",,,2,69e49d03000000001401c431,69e49a7e000000001401e401,5f7af23b000000000101e514,机器都要散热的,2026.04.19,广西,7.0,,7,强势|服务者,强势,服务者,2,强势成功,27
69e481e8000000002003ad94,"

",,,1,69e49cf8000000001401e415,,5bee6a37c65b3800015fc73b,最大难点是散热和遥控[笑哭R],2026.04.19,北京,5.0,1.0,15,强势|服务者,强势,服务者,4,强势成功,27
69e481e8000000002003ad94,"

",,,1,69e549ac0000000014019000,,6534503600000000040084e0,散热这么原始啊[石化R],2026.04.20,广东,3.0,6.0,12,强势|服务者,强势,服务者,2,强势成功,27
69e481e8000000002003ad94,"

",,,1,69e49a7e000000001401e401,,688330a4000000001b018079,这设计有问题吧，还要额外散热[笑哭R],2026.04.19,广东,3.0,7.0,19,强势|服务者,强势,服务者,5,强势成功,27
69e481e8000000002003ad94,"

",,,1,69e49099000000001401e001,,6048d39f0000000001009990,补了一大堆冷却剂，看来散热压力够大,2026.04.19,上海,3.0,2.0,17,强势|服务者,强势,服务者,5,强势成功,27
69e481e8000000002003ad94,"

",,,1,69e485b8000000001401d422,,678a4a03000000000a03ed9f,散热还是个问题,2026.04.19,广东,3.0,0.0,7,强势|服务者,强势,服务者,2,强势成功,27
69e481e8000000002003ad94,"

",,,1,69e78aeb000000001401c019,,653f0ace000000000301e523,这样一比，人体这套运动+散热系统真的领先几千年[石化R] 自带全表皮水冷，智能稳定系统，高效内循环，几十公斤重，能耗还极低[石化R],2026.04.21,四川,2.0,0.0,66,强势|服务者,强势,服务者,20,强势成功,27
69e481e8000000002003ad94,"

",,,1,69e4a8ce000000001401d84f,,625957060000000021029042,好强度运行，，伺服器都高温了，，，，多跑数据，总会完善到比较好的状态,2026.04.19,广东,2.0,0.0,34,强势|服务者,强势,服务者,9,强势成功,27
69e481e8000000002003ad94,"

",,,1,69e49c4c000000001401882a,,69cdf150000000003301f8dd,未来材质的优化，技术的更新换代，估计这块都可以解决，补充散热的问题可以往变压器油冷的方式，这机器技术，最终也是模仿人体的结构，人体通过上万年的更新叠代。拯救这今天的人类。未来的方向可以向左，也可以向右。,2026.04.19,广东,1.0,0.0,101,强势|服务者,强势,服务者,30,强势成功,27
69e481e8000000002003ad94,"

",,,1,69e49b2a000000001401b009,,5bbf59178b710d00018ab584,体态，作用，解决散热和供电[偷笑R]还有人说毫无意义吗？,2026.04.19,广东,1.0,0.0,28,强势|服务者,强势,服务者,7,强势成功,27
69e481e8000000002003ad94,"

",,,1,69ea359f000000001401c425,,5fb5362f000000000101e8a5,散热这么差 感觉毫无意义 倒是养活了好几个岗位[大笑R],2026.04.23,上海,1.0,0.0,28,强势|服务者,强势,服务者,5,强势成功,27
69e481e8000000002003ad94,"

",,,1,69e9cbfe000000001401980d,,5d0356cb000000001002016d,硅基生物一样需要散热，人类真的是发明什么东西都离不开人类本身,2026.04.23,北京,1.0,0.0,30,强势|服务者,强势,服务者,11,强势成功,27
69e481e8000000002003ad94,"

",,,1,69e74def000000001401e01c,,60e05ffd0000000020029f30,机器都要大量散热系统！人类散热全身毛细血管级别！太完美了！！,2026.04.21,广东,1.0,0.0,30,强势|服务者,强势,服务者,10,强势成功,27
69e481e8000000002003ad94,"

",,,1,69e4a505000000001401a011,,66d158ba000000000d026686,这还是骨架系统，没装外壳就得这么人工散热，未来面向市场肯定还得添加仿生外壳，到时候散热还是问题，估计得从材料学上突破了,2026.04.19,日本,1.0,0.0,59,强势|服务者,强势,服务者,19,强势成功,27
69e481e8000000002003ad94,"

",,,2,69e4e5ea000000001401b02a,69e4a7ce0000000014019810,5a3cea154eacab600209420b,在外空间反而需要保暖。根本不考虑散热。,2026.04.19,上海,1.0,,19,强势|服务者,强势,服务者,8,强势成功,27
69e4551e000000001f005895,"荣耀机器人赢麻了🤖我觉得它表情在嘲讽我

",,816.0,1,69e4a552000000001401881b,,5e174883000000000100bae0,卧槽，，，这个怎么这么快？散热没问题吗？[笑哭R],2026.04.19,河南,0.0,0.0,25,强势|被超越者,强势,被超越者,3,强势成功,27
69da7e87000000001a03484e,"今晚的亦庄机器人马拉松测试

",,8169.0,1,69dbb8a1000000000d037fba,,56c2e117e4251d5790d32c5b,一会儿就过热死机了[赞R],2026.04.12,北京,0.0,0.0,13,强势|观众,强势,观众,3,强势成功,27
69da7e87000000001a03484e,"今晚的亦庄机器人马拉松测试

",,8169.0,1,69db7c8d0000000001007f11,,5878786a50c4b427b4197d5b,散热系统能抗住吗？,2026.04.12,上海,0.0,0.0,9,强势|观众,强势,观众,3,强势成功,27
69da7e87000000001a03484e,"今晚的亦庄机器人马拉松测试

",,8169.0,1,69db28f60000000035019688,,5bfcc23c20257700016054d6,[吃瓜R]我就问，关节部件散热问题解决了嘛,2026.04.12,湖南,0.0,0.0,21,强势|观众,强势,观众,5,强势成功,27
69e481e8000000002003ad94,"

",,,1,69e49def000000001401ac06,,6017b0fd0000000001001aae,人类科技现在感觉主要被锁死在电池和散热[doge],2026.04.19,浙江,0.0,0.0,25,强势|服务者,强势,服务者,6,强势成功,27
69e481e8000000002003ad94,"

",,,1,69e49af7000000001401a018,,5992467582ec3968c1733114,看来机械的东西 动力的东西 散热都是瓶颈[笑哭R][笑哭R],2026.04.19,浙江,0.0,0.0,30,强势|服务者,强势,服务者,7,强势成功,27
69e481e8000000002003ad94,"

",,,1,69e49a24000000001401d820,,6864c69f000000001e03a1e4,一个人跑 一堆人伺候 重要发热部位不能做好散热设计吗？比如风冷 水冷？,2026.04.19,北京,0.0,0.0,35,强势|服务者,强势,服务者,13,强势成功,27
69e481e8000000002003ad94,"

",,,1,69e49a0e0000000014019810,,609e94a00000000001004455,电机散热[偷笑R][doge],2026.04.19,印度尼西亚,0.0,0.0,15,强势|服务者,强势,服务者,2,强势成功,27
69da7e87000000001a03484e,"今晚的亦庄机器人马拉松测试

",,8169.0,1,69db00510000000015004958,,5e3b70ac0000000001000412,以后被 t 800追杀都跑不赢[石化R],2026.04.12,四川,10.0,0.0,20,强势|观众,强势,观众,2,强势成功,28
69e4551e000000001f005895,"荣耀机器人赢麻了🤖我觉得它表情在嘲讽我

",,816.0,2,69e48f35000000001401dc14,69e479dc000000001401ac05,6294e3950000000021024687,换个头型涂装就终结者，10个朝你跑过来，害怕不？100个呢[doge],2026.04.19,辽宁,5.0,,35,强势|被超越者,强势,被超越者,7,强势成功,28
69e44278000000001a0217bb,"机器人超过我的瞬间

",6019.0,372.0,1,69e58097000000001401b820,,5e9ef34d000000000100623c,现实版终结者啊,2026.04.20,马来西亚,3.0,0.0,7,强势|被超越者,强势,被超越者,2,强势成功,28
69e44278000000001a0217bb,"机器人超过我的瞬间

",6019.0,372.0,1,69e860d70000000014019012,,556eab83e58d1307eb6563f4,有点看电影终结者的感觉了，第二集里面一家老小开车被 t 1000跑步追逐，非常窒息[捂脸R][偷笑R],2026.04.22,上海,2.0,0.0,51,强势|被超越者,强势,被超越者,11,强势成功,28
69e481e8000000002003ad94,"

",,,2,69e5a733000000001401dc18,69e4a4c50000000014018c1e,5b597810e8ac2b712839d8c6,没歇菜之前就是个T800，不会害怕，没有感情，高效机械的执行命令,2026.04.20,河北,2.0,,32,强势|服务者,强势,服务者,8,强势成功,28
69da7e87000000001a03484e,"今晚的亦庄机器人马拉松测试

",,8169.0,1,69db5a56000000000103c0fd,,5af85cc211be1024d2f0df54,想想终结者[doge]，以后咱们人类是跑不过他们了,2026.04.12,山东,1.0,1.0,25,强势|观众,强势,观众,5,强势成功,28
69da7e87000000001a03484e,"今晚的亦庄机器人马拉松测试

",,8169.0,1,69db0a560000000035028320,,5d50fb6d0000000011038241,想起超能查派,2026.04.12,山东,1.0,0.0,6,强势|观众,强势,观众,3,强势成功,28
69da7e87000000001a03484e,"今晚的亦庄机器人马拉松测试

",,8169.0,1,69db0171000000003500eb3b,,64d1db1f000000000e0244f6,去年还需要支架 今年就健步如飞，这进化速度，很快《终结者》就会实现。,2026.04.12,四川,1.0,0.0,34,强势|观众,强势,观众,10,强势成功,28
69da7e87000000001a03484e,"今晚的亦庄机器人马拉松测试

",,8169.0,1,69db00b4000000003500cfda,,64d1db1f000000000e0244f6,这进化速度，很快《终结者》就会出现,2026.04.12,四川,1.0,0.0,17,强势|观众,强势,观众,5,强势成功,28
69e481e8000000002003ad94,"

",,,1,69e4980b000000001401c030,,5de2316c0000000001005bb6,有点T800的意思了，手里给把菜刀，喜感直接拉满,2026.04.19,内蒙古,1.0,0.0,24,强势|服务者,强势,服务者,6,强势成功,28
69e481e8000000002003ad94,"

",,,1,69e6cf360000000014019005,,625cf8c50000000021028b8e,已经离终结者模式不远了。[失望]人类还在拼了命的为能让它更好更强，今天我们为它不断的强大、不停的进化欢呼，其实就是在让它更快更早得变成终结者的那天。自掘坟墓。,2026.04.21,江苏,1.0,0.0,79,强势|服务者,强势,服务者,20,强势成功,28
69e481e8000000002003ad94,"

",,,1,69e5fbad000000001401bc02,,628cb32e00000000210259bb,挺吊的，越来越有终结者的感觉了。,2026.04.20,海南,1.0,0.0,16,强势|服务者,强势,服务者,2,强势成功,28
69e481e8000000002003ad94,"

",,,1,69e4a179000000001401c02b,,5c9b16b60000000017030294,终结者最初的形态...,2026.04.19,山东,1.0,0.0,11,强势|服务者,强势,服务者,3,强势成功,28
69e4551e000000001f005895,"荣耀机器人赢麻了🤖我觉得它表情在嘲讽我

",,816.0,2,69e48d2d000000001401b024,69e47927000000001401b00b,5c56cdbe000000001000bcc8,参考终结者T1000这个就是原型机[捂脸R][捂脸R],2026.04.19,江苏,1.0,,27,强势|被超越者,强势,被超越者,4,强势成功,28
69da7e87000000001a03484e,"今晚的亦庄机器人马拉松测试

",,8169.0,2,69db79b7000000000c033376,69db30220000000016016d90,629050c50000000021029f76,是你被追，画面详见终结者,2026.04.12,福建,1.0,,12,强势|观众,强势,观众,3,强势成功,28
69da7e87000000001a03484e,"今晚的亦庄机器人马拉松测试

",,8169.0,2,69dc47c8000000003501499a,69db30220000000016016d90,5ce8c7bf00000000120236dc,此事《终结者》一至六部均有记录,2026.04.13,北京,1.0,,15,强势|观众,强势,观众,5,强势成功,28
69da7e87000000001a03484e,"今晚的亦庄机器人马拉松测试

",,8169.0,2,69dc6f8000000000350243c8,69db30220000000016016d90,5994f97250c4b435a63f0da3,终结者看过吗,2026.04.13,天津,1.0,,6,强势|观众,强势,观众,2,强势成功,28
69da7e87000000001a03484e,"今晚的亦庄机器人马拉松测试

",,8169.0,2,69dc76a8000000000c031272,69db30220000000016016d90,63f961b0000000000f01215a,可以参考终结者,2026.04.13,北京,1.0,,7,强势|观众,强势,观众,2,强势成功,28
69e481e8000000002003ad94,"

",,,2,69e521290000000014019403,69e51893000000001401e006,66aaec9a000000001d023d7a,终结者的天网系统，算力只有半块4090，不要小看技术的进步速度。,2026.04.20,北京,1.0,,32,强势|服务者,强势,服务者,12,强势成功,28
69e44278000000001a0217bb,"机器人超过我的瞬间

",6019.0,372.0,1,69e4a74d000000001401880b,,5cf8be9c0000000011000951,原来终结者里被机器人追是这种感觉,2026.04.19,广东,0.0,0.0,16,强势|被超越者,强势,被超越者,4,强势成功,28
69da7e87000000001a03484e,"今晚的亦庄机器人马拉松测试

",,8169.0,1,69dbbc7d0000000015003b19,,590d684b82ec392b29983587,别再发展了，T-800快出来了[笑哭R],2026.04.12,天津,0.0,0.0,20,强势|观众,强势,观众,2,强势成功,28
69da7e87000000001a03484e,"今晚的亦庄机器人马拉松测试

",,8169.0,1,69dbb7a30000000001005ed2,,5f9e4fd60000000001002223,超能查派,2026.04.12,湖南,0.0,0.0,4,强势|观众,强势,观众,2,强势成功,28
69da7e87000000001a03484e,"今晚的亦庄机器人马拉松测试

",,8169.0,1,69dbb5ab000000003502cf3b,,68641296000000001d015192,最后一个成终结者了[笑哭R],2026.04.12,天津,0.0,0.0,14,强势|观众,强势,观众,2,强势成功,28
69da7e87000000001a03484e,"今晚的亦庄机器人马拉松测试

",,8169.0,1,69db8dc70000000035023330,,5cc907340000000012002683,以后天网追杀我们的时候跑不过他们[哭惹R],2026.04.12,河北,0.0,0.0,21,强势|观众,强势,观众,3,强势成功,28
69da7e87000000001a03484e,"今晚的亦庄机器人马拉松测试

",,8169.0,1,69db6d390000000001005e2f,,642641650000000012013eaa,T800也许很快就会有了,2026.04.12,北京,0.0,0.0,12,强势|观众,强势,观众,3,强势成功,28
69da7e87000000001a03484e,"今晚的亦庄机器人马拉松测试

",,8169.0,1,69db342f0000000016015929,,5c7ea85d000000001602b0a4,都这样了，会不会替代警察，然后电影《超能查派》就成真了...,2026.04.12,北京,0.0,2.0,30,强势|观众,强势,观众,7,强势成功,28
69da7e87000000001a03484e,"今晚的亦庄机器人马拉松测试

",,8169.0,1,69db3321000000003501dd37,,5c40aa580000000007014736,距离终结者越来越近了[笑哭R],2026.04.12,北京,0.0,0.0,15,强势|观众,强势,观众,3,强势成功,28
69da7e87000000001a03484e,"今晚的亦庄机器人马拉松测试

",,8169.0,1,69db303d0000000001004c27,,621629f2000000002102406e,终结者指日可待,2026.04.12,四川,0.0,0.0,7,强势|观众,强势,观众,2,强势成功,28
69da7e87000000001a03484e,"今晚的亦庄机器人马拉松测试

",,8169.0,1,69db23ee000000003502cf02,,67876ec3000000000801dda1,还记得T1000怎么追康纳的么[斜眼R]T800,2026.04.12,福建,0.0,0.0,24,强势|观众,强势,观众,4,强势成功,28
69da7e87000000001a03484e,"今晚的亦庄机器人马拉松测试

",,8169.0,1,69db223200000000020365cc,,655599a10000000008003029,我只想到了使命召唤 12,2026.04.12,广东,0.0,0.0,12,强势|观众,强势,观众,4,强势成功,28
69e481e8000000002003ad94,"

",,,1,69e5b997000000001401d81f,,61bc17ca000000001000a38e,换电池=人类休息，加冰块=人类喝水散热，喷药是为了啥[微笑R],2026.04.20,广东,6.0,4.0,31,强势|服务者,强势,服务者,9,强势成功,29
69e4551e000000001f005895,"荣耀机器人赢麻了🤖我觉得它表情在嘲讽我

",,816.0,2,69e4d879000000001401e030,69e48b57000000001401bc2e,64fddc490000000005003e9e,错 电机过热就会慢或者动作不协调 严重直接摔  跟人一样也会累 也需要补给（补给干冰降温）,2026.04.19,云南,6.0,,45,强势|被超越者,强势,被超越者,14,强势成功,29
69e481e8000000002003ad94,"

",,,1,69e496f80000000014019018,,5fb7c0070000000001009feb,换电，冷却，润滑,2026.04.19,北京,1.0,0.0,8,强势|服务者,强势,服务者,3,强势成功,29
69e481e8000000002003ad94,"

",,,1,69e5a7180000000014018807,,61cf3298000000001000e851,我以为补给是换电池，没想到是搞降温[偷笑R],2026.04.20,重庆,1.0,0.0,22,强势|服务者,强势,服务者,5,强势成功,29
69e481e8000000002003ad94,"

",,,1,69e55601000000001401c004,,675ade65000000001c01bb6d,汽油机还是柴油机？还加点油润滑剂和冷却液？,2026.04.20,山东,1.0,0.0,21,强势|服务者,强势,服务者,5,强势成功,29
69e481e8000000002003ad94,"

",,,1,69e4a435000000001401a821,,62b3443e00000000190282d8,还不够智能，应该装两个电池，可以分开换，然后装冰块，换电池，润滑，都自己解决,2026.04.19,陕西,1.0,0.0,38,强势|服务者,强势,服务者,9,强势成功,29
69e481e8000000002003ad94,"

",,,1,69e4937a000000001401dc2b,,5ee1391b00000000010059cf,换电池，喷润滑剂，后面背包里加的是啥？,2026.04.19,北京,1.0,6.0,19,强势|服务者,强势,服务者,5,强势成功,29
69e481e8000000002003ad94,"

",,,2,69e55f79000000001401d403,69e4ddc7000000001401980e,6095eb6a0000000001004b45,应该是给电池降温！！！猜的,2026.04.20,重庆,1.0,,13,强势|服务者,强势,服务者,2,强势成功,29
69e481e8000000002003ad94,"

",,,1,69e49ef7000000001401e42c,,6767dd5c000000001801ce03,换电，润滑，降温,2026.04.19,上海,0.0,0.0,8,强势|服务者,强势,服务者,3,强势成功,29
69e481e8000000002003ad94,"

",,,1,69e49d27000000001401b01e,,60b02abf0000000001005b1d,换电池，加冰降温，裆部是在干嘛，润滑？,2026.04.19,浙江,0.0,0.0,19,强势|服务者,强势,服务者,6,强势成功,29
69e481e8000000002003ad94,"

",,,1,69e49c35000000001401e008,,5d397234000000001000097c,降温，换电，润滑？,2026.04.19,中国澳门,0.0,0.0,9,强势|服务者,强势,服务者,3,强势成功,29
69e481e8000000002003ad94,"

",,,1,69e49c1a000000001401cc1d,,66647e1c0000000007004f5c,换电，降温,2026.04.19,湖北,0.0,0.0,5,强势|服务者,强势,服务者,2,强势成功,29
69e481e8000000002003ad94,"

",,,1,69e49b3b000000001401c01a,,590d9b8650c4b40e4fb225e4,降温➕换电池吗,2026.04.19,福建,0.0,0.0,7,强势|服务者,强势,服务者,2,强势成功,29
69e481e8000000002003ad94,"

",,,1,69e49ae5000000001401c41a,,5ee09ab70000000001003693,一边更换锂电，一边喷WD-40，一边➕冰,2026.04.19,上海,0.0,0.0,20,强势|服务者,强势,服务者,7,强势成功,29
69e481e8000000002003ad94,"

",,,1,69e49a15000000001401d830,,5ef9ebd50000000001002a19,又降温又换电池的,2026.04.19,浙江,0.0,0.0,8,强势|服务者,强势,服务者,2,强势成功,29
69e481e8000000002003ad94,"

",,,1,69e49688000000001401881c,,69db327e0000000033027ffa,降温换电池,2026.04.19,浙江,0.0,0.0,5,强势|服务者,强势,服务者,2,强势成功,29
69e481e8000000002003ad94,"

",,,1,69e4949b000000001401c01d,,614db310000000000202660d,又是换电池，又是降温，又是润滑[偷笑R],2026.04.19,湖南,0.0,0.0,20,强势|服务者,强势,服务者,3,强势成功,29
69e481e8000000002003ad94,"

",,,1,69e970f5000000001401e41c,,640e58f8000000001f030648,散热，换电,2026.04.23,江苏,0.0,0.0,5,强势|服务者,强势,服务者,2,强势成功,29
69e481e8000000002003ad94,"

",,,1,69e8f21c000000001401ac10,,635cfa34000000001802d3dc,换电池，加冰降温，喷润滑剂，是这样吗,2026.04.23,浙江,0.0,0.0,18,强势|服务者,强势,服务者,5,强势成功,29
69e481e8000000002003ad94,"

",,,1,69e789d9000000001401c02c,,5bdc63d5904b310001c5cc52,换电，降温，润滑,2026.04.21,江苏,0.0,0.0,8,强势|服务者,强势,服务者,3,强势成功,29
69e481e8000000002003ad94,"

",,,1,69e777240000000014018801,,6944669a000000003201d551,胸前换的是电池，背后那个粉末的是什么东西,2026.04.21,陕西,0.0,0.0,20,强势|服务者,强势,服务者,5,强势成功,29
69e481e8000000002003ad94,"

",,,1,69e77114000000001401a01e,,640ddba50000000029010b26,换电池，打润滑油，加散热冰,2026.04.21,四川,0.0,0.0,13,强势|服务者,强势,服务者,3,强势成功,29
69e481e8000000002003ad94,"

",,,1,69e747ec0000000014018814,,607ceaa60000000001001649,换电池，补充散热的冰，给关节加润滑剂[doge],2026.04.21,辽宁,0.0,0.0,24,强势|服务者,强势,服务者,5,强势成功,29
69e481e8000000002003ad94,"

",,,1,69e739f1000000001401c024,,5f9a3bd10000000001001d52,加冰，换电，加润滑,2026.04.21,广东,0.0,0.0,9,强势|服务者,强势,服务者,3,强势成功,29
69e481e8000000002003ad94,"

",,,1,69e7342d000000001401b001,,5e52319d0000000001006ae3,电池不放胸口，放肚子上会不会更稳一点？或者把背后的降温小包往下挪一点,2026.04.21,福建,0.0,0.0,34,强势|服务者,强势,服务者,12,强势成功,29
69e481e8000000002003ad94,"

",,,1,69e7176a000000001401c022,,63037d7a0000000012002774,换电池，加冰，喷制冷剂,2026.04.21,山西,0.0,0.0,11,强势|服务者,强势,服务者,3,强势成功,29
69e481e8000000002003ad94,"

",,,1,69e70447000000001401b014,,65ef8fb9000000000d024159,后面是冰块，前面是电池，下面关节噴除锈润滑剂降温。[偷笑R],2026.04.21,江苏,0.0,0.0,30,强势|服务者,强势,服务者,9,强势成功,29
69e481e8000000002003ad94,"

",,,1,69e6f916000000001401d403,,5b13f18a11be104d90083b80,就是换电池，加冰块散热[偷笑R],2026.04.21,广东,0.0,0.0,16,强势|服务者,强势,服务者,3,强势成功,29
69e481e8000000002003ad94,"

",,,1,69e6e297000000001401e01e,,65538724000000000202b1f3,加水，加电，加冰,2026.04.21,湖北,0.0,0.0,8,强势|服务者,强势,服务者,3,强势成功,29
69e481e8000000002003ad94,"

",,,1,69e6ae3b000000001401e00b,,6427a97f000000001201229d,以后共亨散热降温站 共亨换电站感觉要火,2026.04.21,山东,0.0,0.0,19,强势|服务者,强势,服务者,6,强势成功,29
69da7e87000000001a03484e,"今晚的亦庄机器人马拉松测试

",,8169.0,1,69daf56d000000001601419c,,576457d06a6a695229d3dd8d,你知道夜里在亦庄看到这些玩意，独自训练的时候有多诡异吗？[哭惹R][哭惹R],2026.04.12,北京,2564.0,102.0,38,强势|观众,强势,观众,8,强势成功,30
69e481e8000000002003ad94,"

",,,1,69e4a499000000001401dc1b,,5c1f5cf6000000000502942c,只有我看完感觉毛骨悚然么…真的起鸡皮疙瘩[扶额R][扶额R],2026.04.19,新西兰,11.0,18.0,30,强势|服务者,强势,服务者,5,强势成功,30
69da7e87000000001a03484e,"今晚的亦庄机器人马拉松测试

",,8169.0,2,69db1d7c0000000015004271,69daf56d000000001601419c,54e9b476e779892940e56b6e,联想到以前这个地方是干什么的，就更地狱笑话了[捂脸R],2026.04.12,天津,10.0,,27,强势|观众,强势,观众,6,强势成功,30
69da7e87000000001a03484e,"今晚的亦庄机器人马拉松测试

",,8169.0,2,69daf25e000000000d03dac0,69daf20a000000000d03628f,549a810d2e1d931ef0b77749,没错，鬼鬼祟祟的,2026.04.12,上海,5.0,,8,强势|观众,强势,观众,2,强势成功,30
69da7e87000000001a03484e,"今晚的亦庄机器人马拉松测试

",,8169.0,1,69dc127f000000003502d24d,,654470c8000000000200faad,这玩意大半夜在路上跑有点惊悚哈哈哈哈,2026.04.13,辽宁,1.0,0.0,18,强势|观众,强势,观众,4,强势成功,30
69da7e87000000001a03484e,"今晚的亦庄机器人马拉松测试

",,8169.0,1,69db9d7300000000350336cc,,5fdb64e00000000001002b9c,虽然有脑袋的很诡异 但是没脑袋那个明显更吓人[笑哭R],2026.04.12,天津,1.0,0.0,27,强势|观众,强势,观众,6,强势成功,30
69da7e87000000001a03484e,"今晚的亦庄机器人马拉松测试

",,8169.0,1,69db85a5000000001400847e,,5cbbcb1d00000000170083f9,靠，居然有个没头的。,2026.04.12,山东,1.0,0.0,10,强势|观众,强势,观众,3,强势成功,30
69da7e87000000001a03484e,"今晚的亦庄机器人马拉松测试

",,8169.0,2,69dc4a340000000015003bde,69dc31d90000000014009f97,695f5165000000000b03bf43,[捂脸R]这玩意儿 大半夜的跑 要是没有灯光不得把人吓个半亖啊,2026.04.13,广东,1.0,,31,强势|观众,强势,观众,6,强势成功,30
69e4551e000000001f005895,"荣耀机器人赢麻了🤖我觉得它表情在嘲讽我

",,816.0,1,69e4797b000000001401b007,,609364600000000001003145,一只大飞烤鸡,2026.04.19,湖南,0.0,1.0,6,强势|被超越者,强势,被超越者,3,强势成功,30
69da7e87000000001a03484e,"今晚的亦庄机器人马拉松测试

",,8169.0,1,69dbb1ef000000000202a7cc,,6246dd030000000010008244,看起来有点诡异啊，说不上来的感觉,2026.04.12,陕西,0.0,0.0,16,强势|观众,强势,观众,3,强势成功,30
69da7e87000000001a03484e,"今晚的亦庄机器人马拉松测试

",,8169.0,1,69db90f9000000003501cea0,,5838d10d5e87e777bd0e37d9,第二个没头，吓煞人,2026.04.12,北京,0.0,0.0,9,强势|观众,强势,观众,3,强势成功,30
69da7e87000000001a03484e,"今晚的亦庄机器人马拉松测试

",,8169.0,1,69db7b2c0000000035029311,,5ba08d2359e60a000157a0c9,女生夜跑的羁绊？看着挺安全的呢,2026.04.12,上海,0.0,0.0,15,强势|观众,强势,观众,5,强势成功,30
69da7e87000000001a03484e,"今晚的亦庄机器人马拉松测试

",,8169.0,1,69db75170000000035026f9f,,5e3ff4790000000001004ed1,好诡异……知道吗……,2026.04.12,广东,0.0,0.0,10,强势|观众,强势,观众,2,强势成功,30
69da7e87000000001a03484e,"今晚的亦庄机器人马拉松测试

",,8169.0,1,69db72020000000035010451,,5eca6cf8000000000101c94e,大晚上看到这个东东在跑，还不被吓s[石化R],2026.04.12,广东,0.0,0.0,22,强势|观众,强势,观众,2,强势成功,30
69da7e87000000001a03484e,"今晚的亦庄机器人马拉松测试

",,8169.0,1,69db5bf1000000000100772f,,645202fc000000002a00a97d,"大半夜嚇死人, 一個外星生物高速走過",2026.04.12,中国香港,0.0,0.0,18,强势|观众,强势,观众,8,强势成功,30
69da7e87000000001a03484e,"今晚的亦庄机器人马拉松测试

",,8169.0,1,69db52b20000000035023aae,,6450edac0000000029013e15,没头的那个好吓人,2026.04.12,甘肃,0.0,0.0,8,强势|观众,强势,观众,2,强势成功,30
69da7e87000000001a03484e,"今晚的亦庄机器人马拉松测试

",,8169.0,1,69db4ef9000000003502be80,,5f128859000000000100775f,怎么有种诡异的好笑,2026.04.12,北京,0.0,0.0,9,强势|观众,强势,观众,3,强势成功,30
69da7e87000000001a03484e,"今晚的亦庄机器人马拉松测试

",,8169.0,1,69db471c0000000035013382,,5a2213a411be1007b17cf46d,大半夜突然遇到挺恐怖的,2026.04.12,吉林,0.0,0.0,11,强势|观众,强势,观众,4,强势成功,30
69da7e87000000001a03484e,"今晚的亦庄机器人马拉松测试

",,8169.0,1,69db38a9000000003500d396,,5b98a0a6df4ce1000123808a,半夜路上再黑一点就是新中式恐怖[doge],2026.04.12,广西,0.0,0.0,21,强势|观众,强势,观众,5,强势成功,30
69da7e87000000001a03484e,"今晚的亦庄机器人马拉松测试

",,8169.0,1,69db3808000000000d036a41,,664363970000000007006a08,大晚上的他也不容易 都是黑不溜秋的 给带个反光条吧 别跑丢了,2026.04.12,河南,0.0,0.0,30,强势|观众,强势,观众,6,强势成功,30
69da7e87000000001a03484e,"今晚的亦庄机器人马拉松测试

",,8169.0,1,69db370600000000020377f4,,608118c200000000010047d3,大晚上迎面冲过来一个这玩意还是有点吓人的,2026.04.12,山东,0.0,0.0,20,强势|观众,强势,观众,5,强势成功,30
69da7e87000000001a03484e,"今晚的亦庄机器人马拉松测试

",,8169.0,1,69db313a0000000035026289,,5c1b7d8b00000000070355e8,我说大晚上什么玩意儿咣当咣当的……,2026.04.12,北京,0.0,0.0,17,强势|观众,强势,观众,4,强势成功,30
69da7e87000000001a03484e,"今晚的亦庄机器人马拉松测试

",,8169.0,1,69db2ddc0000000015001c12,,61743cd4000000000201f4fb,为什么感觉这么诡异呢[doge],2026.04.12,广西,0.0,0.0,16,强势|观众,强势,观众,2,强势成功,30
69da7e87000000001a03484e,"今晚的亦庄机器人马拉松测试

",,8169.0,1,69db2db4000000000c030a98,,5816b6df6a6a6968b5abadab,好诡异且有点扰民[doge],2026.04.12,广东,0.0,0.0,14,强势|观众,强势,观众,2,强势成功,30
69da7e87000000001a03484e,"今晚的亦庄机器人马拉松测试

",,8169.0,1,69db29f5000000003502a895,,5fd2521b00000000010030d9,无头僵尸[笑哭R],2026.04.12,江西,0.0,0.0,9,强势|观众,强势,观众,2,强势成功,30
69da7e87000000001a03484e,"今晚的亦庄机器人马拉松测试

",,8169.0,1,69db25790000000035033cb7,,5dc809120000000001004d4b,真的很诡异你知道吗,2026.04.12,河北,0.0,0.0,9,强势|观众,强势,观众,3,强势成功,30
69da7e87000000001a03484e,"今晚的亦庄机器人马拉松测试

",,8169.0,1,69db241300000000160150b9,,5f720ed5000000000101fcd9,好恐怖有些没头,2026.04.12,贵州,0.0,0.0,7,强势|观众,强势,观众,3,强势成功,30
69da7e87000000001a03484e,"今晚的亦庄机器人马拉松测试

",,8169.0,1,69db16f3000000000c032fd5,,5b9a87245776c10001dad769,要大半夜跑出一只也是满吓人的[偷笑R],2026.04.12,广东,0.0,0.0,19,强势|观众,强势,观众,3,强势成功,30
69da7e87000000001a03484e,"今晚的亦庄机器人马拉松测试

",,8169.0,1,69db11da000000000103ee97,,60a602a20000000001001f3d,姿态很诡异,2026.04.12,北京,0.0,0.0,5,强势|观众,强势,观众,2,强势成功,30
69da7e87000000001a03484e,"今晚的亦庄机器人马拉松测试

",,8169.0,1,69db0eba000000000d034849,,61b2a988000000001000f37c,这大晚上的，碰上这帮“科技宠儿”，怪吓人[吐舌头H],2026.04.12,陕西,0.0,0.0,26,强势|观众,强势,观众,7,强势成功,30
69e4551e000000001f005895,"荣耀机器人赢麻了🤖我觉得它表情在嘲讽我

",,816.0,2,69e49c21000000001401b828,69e48d160000000014018c1b,61b02fd200000000100072b7,会自焚的降温跟不上的话[捂脸R],2026.04.19,山东,46.0,,16,强势|被超越者,强势,被超越者,4,强势成功,31
69e481e8000000002003ad94,"

",,,2,69e48a17000000001401a01b,69e487f9000000001401e425,5fff9001000000000100917d,在哪里发热需要降温人家工程师能不比你知道吗[汗颜R][汗颜R][汗颜R][汗颜R],2026.04.19,江苏,18.0,,41,强势|服务者,强势,服务者,7,强势成功,31
69e481e8000000002003ad94,"

",,,1,69e4986a000000001401d82e,,69211eb70000000032026c0b,降温是世纪难题啊[偷笑R],2026.04.19,江苏,1.0,0.0,13,强势|服务者,强势,服务者,3,强势成功,31
69e481e8000000002003ad94,"

",,,1,69e5e368000000001401cc19,,5e4817d30000000001004768,为什么要给他弟弟降温？？？,2026.04.20,辽宁,1.0,0.0,13,强势|服务者,强势,服务者,3,强势成功,31
69e481e8000000002003ad94,"

",,,1,69e5a9cc0000000014018c22,,6864c7cb000000001b0225f7,现在觉得人类的流汗降温机制太绝了,2026.04.20,重庆,1.0,0.0,16,强势|服务者,强势,服务者,5,强势成功,31
69e481e8000000002003ad94,"

",,,1,69e585aa000000001401bc29,,5a265c9d11be10681479c074,这个降温法，真是朴实无华[笑哭R],2026.04.20,内蒙古,1.0,0.0,17,强势|服务者,强势,服务者,3,强势成功,31
69e44278000000001a0217bb,"机器人超过我的瞬间

",6019.0,372.0,2,69e449b8000000001401e408,69e443c50000000014019c00,66ee4eb9000000001d032cd4,今天气温高,2026.04.19,北京,1.0,,5,强势|被超越者,强势,被超越者,2,强势成功,31
69e481e8000000002003ad94,"

",,,2,69e89048000000001401c814,69e4853b000000001401b022,5d4b9d12000000001001a521,肯定是降温的,2026.04.22,天津,1.0,,6,强势|服务者,强势,服务者,2,强势成功,31
69da7e87000000001a03484e,"今晚的亦庄机器人马拉松测试

",,8169.0,1,69db1b05000000000d03e01c,,5a7061ed4eacab6922e69702,北京现在早晚凉，运动过后注意擦汗补充电解质别感冒,2026.04.12,北京,0.0,0.0,24,强势|观众,强势,观众,9,强势成功,31
69e481e8000000002003ad94,"

",,,1,69e49e68000000001401c00b,,6982fb79000000002102102c,春代发热？？,2026.04.19,广东,0.0,0.0,6,强势|服务者,强势,服务者,2,强势成功,31
69e481e8000000002003ad94,"

",,,1,69e49e04000000001401d424,,57551c1d6a6a693a063df6fc,还得如此朴素的方式降温[doge],2026.04.19,天津,0.0,0.0,17,强势|服务者,强势,服务者,4,强势成功,31
69e481e8000000002003ad94,"

",,,1,69e49d86000000002b028138,,5de68d2600000000010089b3,真是物理降温,2026.04.19,新加坡,0.0,0.0,6,强势|服务者,强势,服务者,3,强势成功,31
69e481e8000000002003ad94,"

",,,1,69e49d09000000001401d438,,609f82030000000001004ffb,快速降温,2026.04.19,山东,0.0,0.0,4,强势|服务者,强势,服务者,2,强势成功,31
69e481e8000000002003ad94,"

",,,1,69e49c590000000014019814,,61015c77000000000100a571,这么差劲吗  还要降温[笑哭R],2026.04.19,广东,0.0,0.0,16,强势|服务者,强势,服务者,3,强势成功,31
69e481e8000000002003ad94,"

",,,1,69e49adb000000001401a405,,5cf73f960000000016038dae,🐔🐔上特别热，多喷点花露水,2026.04.19,浙江,0.0,0.0,13,强势|服务者,强势,服务者,3,强势成功,31
69e481e8000000002003ad94,"

",,,1,69e49ac5000000001401bc2e,,642af6b30000000012012357,哈哈，降温都没解决[偷笑R],2026.04.19,四川,0.0,1.0,14,强势|服务者,强势,服务者,2,强势成功,31
69e481e8000000002003ad94,"

",,,1,69e498fb000000001401d438,,5b13619b6b58b75a5a3fafa3,p800还要降温[捂脸R],2026.04.19,北京,0.0,0.0,13,强势|服务者,强势,服务者,3,强势成功,31
69e481e8000000002003ad94,"

",,,1,69e498420000000014019c07,,6474dabe000000001c02a8ff,还要降温万,2026.04.19,广东,0.0,0.0,5,强势|服务者,强势,服务者,2,强势成功,31
69e481e8000000002003ad94,"

",,,1,69e498030000000014019c1d,,60d3d15400000000200255d3,蛋蛋需要降温？[笑哭R],2026.04.19,浙江,0.0,0.0,12,强势|服务者,强势,服务者,3,强势成功,31
69e481e8000000002003ad94,"

",,,1,69e496b9000000001401e414,,5484fd2dd6e4a9281453fd9a,还需要降温[失望R],2026.04.19,浙江,0.0,0.0,10,强势|服务者,强势,服务者,2,强势成功,31
69e481e8000000002003ad94,"

",,,1,69e49642000000001401e006,,56696287b8ce1a596ee73e08,降温的办法那么朴素吗,2026.04.19,上海,0.0,0.0,10,强势|服务者,强势,服务者,3,强势成功,31
69e481e8000000002003ad94,"

",,,1,69e495850000000014019c1e,,5f745fb0000000000101c663,[偷笑R]物理降温干啥用？,2026.04.19,河北,0.0,0.0,13,强势|服务者,强势,服务者,2,强势成功,31
69e481e8000000002003ad94,"

",,,1,69e494ca000000001401c016,,61d6f9ba000000001000da49,物理降温！,2026.04.19,天津,0.0,0.0,5,强势|服务者,强势,服务者,2,强势成功,31
69e481e8000000002003ad94,"

",,,1,69e494a4000000001401880c,,5fa604d90000000001006b89,看来要降温,2026.04.19,上海,0.0,0.0,5,强势|服务者,强势,服务者,2,强势成功,31
69e481e8000000002003ad94,"

",,,1,69e49469000000001401b019,,597f06d082ec395ccafd684f,降温措施有点搞笑,2026.04.19,上海,0.0,0.0,8,强势|服务者,强势,服务者,3,强势成功,31
69e481e8000000002003ad94,"

",,,1,69e49407000000001401c032,,61a890330000000010008e10,发热，需要降温,2026.04.19,广东,0.0,0.0,7,强势|服务者,强势,服务者,3,强势成功,31
69e481e8000000002003ad94,"

",,,1,69e8500a000000001401901b,,685b87f1000000001a03a7dd,还需要降温[笑哭R] 但是确实不错。中国科技加油💪,2026.04.22,北京,0.0,0.0,25,强势|服务者,强势,服务者,7,强势成功,31
69e481e8000000002003ad94,"

",,,1,69e7288a000000001401d813,,67c323e2000000000e0117a3,快降温 要发热老,2026.04.21,重庆,0.0,0.0,8,强势|服务者,强势,服务者,2,强势成功,31
69e481e8000000002003ad94,"

",,,1,69e71464000000001401a425,,5f4a3093000000000100032d,全是降温的[doge]～,2026.04.21,陕西,0.0,0.0,12,强势|服务者,强势,服务者,2,强势成功,31
69e481e8000000002003ad94,"

",,,1,69e71355000000001401ac12,,63692393000000001f01b79c,好简谱的降热方式,2026.04.21,广西,0.0,0.0,8,强势|服务者,强势,服务者,3,强势成功,31
69e48341000000001a02d0c4,"机器人马拉松，我们看乐了，西方人看破防了🤣

",3931.0,1022.0,2,69e4c80e0000000014019c17,69e4c0e6000000001401bc1d,688f25e800000000200115ea,是啥也不听，然后舔个大脸张嘴就来[捂脸R],2026.04.19,辽宁,20.0,,21,强势|观众,强势,观众,2,强势成功,32
69da7e87000000001a03484e,"今晚的亦庄机器人马拉松测试

",,8169.0,2,69dae5bc0000000015003fa8,69dae18a0000000035025c63,603d7a920000000001005417,然后呢？摔的时候就喷站不稳。跑的时候嫌跑得慢。现在飕飕的还能喷。你不封做喷王都可惜了。,2026.04.12,新西兰,5.0,,43,强势|观众,强势,观众,6,强势成功,32
69e481e8000000002003ad94,"

",,,1,69e4a7610000000014019c36,,5936b8a26a6a695cf382e182,喷的位子有点不雅[doge],2026.04.19,海南,2.0,1.0,14,强势|服务者,强势,服务者,2,强势成功,32
69e481e8000000002003ad94,"

",,,1,69e498080000000014019822,,6173d4a4000000000201bb40,好怕喷到眼睛,2026.04.19,广东,1.0,1.0,6,强势|服务者,强势,服务者,3,强势成功,32
69e481e8000000002003ad94,"

",,,1,69e496c80000000014019c0c,,5b84e9c24d1e0900013bdea8,那个喷的，是真不管同事死活啊[doge],2026.04.19,广东,1.0,0.0,20,强势|服务者,强势,服务者,3,强势成功,32
69e481e8000000002003ad94,"

",,,1,69e493f9000000001401e42c,,5ebbdbd6000000000101c0f8,不是，蹲着那个人一直在喷什么？,2026.04.19,山东,1.0,3.0,15,强势|服务者,强势,服务者,2,强势成功,32
69e481e8000000002003ad94,"

",,,1,69e75f9e0000000014019822,,60c1e0f70000000001005113,隐私部位喷油[捂脸R][捂脸R][捂脸R][捂脸R],2026.04.21,河南,1.0,0.0,26,强势|服务者,强势,服务者,3,强势成功,32
69e481e8000000002003ad94,"

",,,1,69e5b524000000001401b824,,5dbaf855000000000100b46d,都喷后面那个人脸上去了啦[失望R],2026.04.20,福建,1.0,0.0,17,强势|服务者,强势,服务者,3,强势成功,32
69e481e8000000002003ad94,"

",,,1,69e59d020000000014019c06,,66965e7f000000000303194f,看来是股骨头跑热了，冲着裤裆一阵呲,2026.04.20,山东,1.0,0.0,17,强势|服务者,强势,服务者,5,强势成功,32
69e481e8000000002003ad94,"

",,,1,69e58bf4000000001401940f,,5aa94f04e8ac2b4ce9acd964,怎么一直在喷他那里呀[鄙视R],2026.04.20,广东,1.0,2.0,15,强势|服务者,强势,服务者,2,强势成功,32
69e481e8000000002003ad94,"

",,,1,69e51e09000000001401dc06,,61b55c490000000021028b92,真的为了赶时间啊，口罩😷也不带，那个喷雾吸进去容易肺炎啊,2026.04.20,北京,1.0,0.0,28,强势|服务者,强势,服务者,9,强势成功,32
69e481e8000000002003ad94,"

",,,1,69e4a4fc000000001401dc17,,5d181df7000000001200c968,裤裆喷的啥，我有一个想法[doge],2026.04.19,海南,1.0,4.0,18,强势|服务者,强势,服务者,2,强势成功,32
69e481e8000000002003ad94,"

",,,2,69e57feb000000001401b828,69e57cbf000000001401d413,64623f6a00000000290158ae,对，你看使劲在喷裆部，说明私密处积汗严重，要防痱子，也防熏人,2026.04.20,广东,1.0,,30,强势|服务者,强势,服务者,9,强势成功,32
69e481e8000000002003ad94,"

",,,1,69e49d9e000000001401b02d,,678a1521000000000a03e350,他为啥对着丁丁死命喷[doge],2026.04.19,江苏,0.0,0.0,16,强势|服务者,强势,服务者,2,强势成功,32
69e481e8000000002003ad94,"

",,,1,69e49a20000000001401901e,,66c18e36000000000b032569,屁屁那里喷的啥,2026.04.19,山东,0.0,0.0,7,强势|服务者,强势,服务者,2,强势成功,32
69e481e8000000002003ad94,"

",,,1,69e498c2000000001401940e,,624f9281000000002102900e,为啥裆部也要喷？[哭惹R]太热吗,2026.04.19,江西,0.0,0.0,16,强势|服务者,强势,服务者,2,强势成功,32
69e481e8000000002003ad94,"

",,,1,69e4971b000000001401a415,,5ecd3630000000000100196e,学到了[点赞R] 下次跑步也给裤裆里喷点这个 寻思能跑的更快些[笑哭R],2026.04.19,四川,0.0,0.0,36,强势|服务者,强势,服务者,7,强势成功,32
69e481e8000000002003ad94,"

",,,1,69e494e0000000001401c836,,68b27d6e0000000019013a88,那个罐子倒过来喷[doge]有奇效,2026.04.19,江苏,0.0,0.0,17,强势|服务者,强势,服务者,3,强势成功,32
69e481e8000000002003ad94,"

",,,1,69ea1dd10000000014019812,,64ff0b3f0000000005000e59,为什么不让他自己喷,2026.04.23,广东,0.0,0.0,9,强势|服务者,强势,服务者,2,强势成功,32
69e481e8000000002003ad94,"

",,,1,69e998f0000000001401e42b,,60b33c0c000000000101fad7,为啥一直喷他弟弟,2026.04.23,广东,0.0,0.0,8,强势|服务者,强势,服务者,2,强势成功,32
69e481e8000000002003ad94,"

",,,1,69e96e1f0000000014019813,,6510c3330000000017020abd,为什么要喷裆,2026.04.23,黑龙江,0.0,0.0,6,强势|服务者,强势,服务者,2,强势成功,32
69e481e8000000002003ad94,"

",,,1,69e87e73000000001401d402,,5cfa3e510000000011023c62,有炎症了吗，一直喷,2026.04.22,河南,0.0,0.0,9,强势|服务者,强势,服务者,2,强势成功,32
69e481e8000000002003ad94,"

",,,1,69e867780000000014018c0f,,5d32b82b000000001600057b,他是库档有虱子吗？[捂脸R][笑哭R],2026.04.22,江苏,0.0,0.0,19,强势|服务者,强势,服务者,2,强势成功,32
69e481e8000000002003ad94,"

",,,1,69e86097000000001401cc13,,5c6c2210000000001201c52a,为什么喷裤裆,2026.04.22,广东,0.0,3.0,6,强势|服务者,强势,服务者,2,强势成功,32
69e481e8000000002003ad94,"

",,,1,69e77e5f000000001401a41e,,5d06d464000000001103d137,怎么喷人家屁股,2026.04.21,北京,0.0,0.0,7,强势|服务者,强势,服务者,2,强势成功,32
69e481e8000000002003ad94,"

",,,1,69e77b4c000000001401bc24,,61b01a2a0000000021021526,为什么老是喷它丹丹[偷笑R],2026.04.21,河南,0.0,0.0,14,强势|服务者,强势,服务者,3,强势成功,32
69e481e8000000002003ad94,"

",,,1,69e753c9000000001401bc02,,5ca7d3240000000016001ffa,喷裤裆什么意思,2026.04.21,广东,0.0,0.0,7,强势|服务者,强势,服务者,2,强势成功,32
69e481e8000000002003ad94,"

",,,1,69e70d9d000000001401e402,,5ec652840000000001003777,喷它小JJ干嘛,2026.04.21,澳大利亚,0.0,0.0,7,强势|服务者,强势,服务者,2,强势成功,32
69e481e8000000002003ad94,"

",,,1,69e70aee000000001401c833,,60463c00000000000101dac9,光喷裤裆，膝盖脚脖子肩膀头也喷喷,2026.04.21,山东,0.0,0.0,16,强势|服务者,强势,服务者,6,强势成功,32
69e481e8000000002003ad94,"

",,,1,69e6fac4000000002b02a3d1,,5e061b800000000001004b75,上班累了 可以也给我喷个补给吗加点助力吗[笑哭R],2026.04.21,美国,0.0,0.0,25,强势|服务者,强势,服务者,5,强势成功,32
69e463df000000001b003017,"

",3270.0,219.0,1,69e4f0db000000002b002b1e,,5de0c42600000000010013c0,赶紧加个语音智能，就可以发表获奖感言了[doge],2026.04.19,加拿大,299.0,15.0,25,强势|服务者,强势,服务者,7,强势成功,33
69e481e8000000002003ad94,"

",,,2,69e5bb51000000001401b817,69e5babd0000000014019c1f,603dcd1900000000010036aa,这个比赛有自主组，也有非自主组[汗颜R],2026.04.20,四川,84.0,,20,强势|服务者,强势,服务者,3,强势成功,33
69e48341000000001a02d0c4,"机器人马拉松，我们看乐了，西方人看破防了🤣

",3931.0,1022.0,1,69e4ad22000000001401b002,,678640db000000000801a006,如果是美国的比赛我真的会怕，想当年波士顿动力的视频把我心打的凉凉的，幸好这是中国的,2026.04.19,山东,38.0,7.0,41,强势|观众,强势,观众,12,强势成功,33
69e44278000000001a0217bb,"机器人超过我的瞬间

",6019.0,372.0,1,69e499d3000000001401dc0b,,622dac01000000000201f74f,这个赛道人类认输，建议下回比比照顾老人全套,2026.04.19,河北,35.0,7.0,21,强势|被超越者,强势,被超越者,9,强势成功,33
69e4551e000000001f005895,"荣耀机器人赢麻了🤖我觉得它表情在嘲讽我

",,816.0,1,69e4709e000000001401cc3b,,60fd3ec200000000010143cb,分开比赛是有原因的,2026.04.19,山东,35.0,1.0,9,强势|被超越者,强势,被超越者,3,强势成功,33
69e48341000000001a02d0c4,"机器人马拉松，我们看乐了，西方人看破防了🤣

",3931.0,1022.0,1,69e4d264000000001401e022,,667117ac0000000003031e2c,这个比赛不限制年龄吗？那几个小娃娃还没断奶吧[笑哭R],2026.04.19,广东,24.0,3.0,27,强势|观众,强势,观众,6,强势成功,33
69e48341000000001a02d0c4,"机器人马拉松，我们看乐了，西方人看破防了🤣

",3931.0,1022.0,1,69e5a4af000000001401880c,,62928a790000000021027c72,比赛的规则还不太规范，应该分儿童组和成人组、男子组和女子组…,2026.04.20,广西,11.0,3.0,30,强势|观众,强势,观众,7,强势成功,33
69e48341000000001a02d0c4,"机器人马拉松，我们看乐了，西方人看破防了🤣

",3931.0,1022.0,2,69e5743a0000000014018811,69e55a82000000001401c004,5b1f6d824eacab15c72cd8d0,还在喝奶的年纪就出来比赛了[doge],2026.04.20,江苏,6.0,,19,强势|观众,强势,观众,3,强势成功,33
69da7e87000000001a03484e,"今晚的亦庄机器人马拉松测试

",,8169.0,2,69db26e8000000003501c4b7,69db25ed000000000d03ee55,62bfbe94000000001b0290a7,这要是美国的比赛你还会问有什么实际意义吗[偷笑R],2026.04.12,北京,5.0,,25,强势|观众,强势,观众,4,强势成功,33
69e481e8000000002003ad94,"

",,,2,69e49878000000001401d419,69e4962e000000001401b006,630a3aa5000000001200eb68,人家在比赛，这不正常吗,2026.04.19,陕西,4.0,,11,强势|服务者,强势,服务者,3,强势成功,33
69e481e8000000002003ad94,"

",,,2,69e5fc6f000000001401ac19,69e5babd0000000014019c1f,5d48e491000000001101c013,好好看看比赛规则，分组的，这个是自主组别。不要张口就来,2026.04.20,云南,3.0,,27,强势|服务者,强势,服务者,8,强势成功,33
69e481e8000000002003ad94,"

",,,1,69e63449000000001401c012,,5d9c32980000000001001000,违规了嗷，不能触碰选手[doge],2026.04.20,澳大利亚,2.0,0.0,17,强势|服务者,强势,服务者,3,强势成功,33
69e48341000000001a02d0c4,"机器人马拉松，我们看乐了，西方人看破防了🤣

",3931.0,1022.0,1,69e484fe000000001401c015,,5da543210000000001000015,一个是带儿子来参赛的，一个是来嘚瑟炫耀的[大笑R],2026.04.19,广东,2.0,0.0,25,强势|观众,强势,观众,3,强势成功,33
69e481e8000000002003ad94,"

",,,2,69e497ca000000001401b014,69e49652000000001401e426,67868756000000000801d090,肯定啊，以后名声越来越大参赛的也越来越多，没准还弄个跟汽车拉力赛类似的赛事。今天有看到波士顿动力的阿特拉斯也来参赛了。多好的一个做广告的机会,2026.04.19,北京,2.0,,70,强势|服务者,强势,服务者,18,强势成功,33
69da7e87000000001a03484e,"今晚的亦庄机器人马拉松测试

",,8169.0,1,69db6625000000001400b0cc,,63659312000000001f019c11,让它当关门兔，啥水平的人都能完赛。这个压迫感[笑哭R],2026.04.12,法国,1.0,0.0,27,强势|观众,强势,观众,5,强势成功,33
69e4412a000000002103883f,"荣耀闪电队-齐天大圣夺冠！

",3517.0,445.0,1,69e4d870000000001401c830,,603daa0e0000000001002a35,想知道 这个赢了的意义是啥,2026.04.19,北京,1.0,25.0,13,强势|观众,强势,观众,2,强势成功,33
69e44278000000001a0217bb,"机器人超过我的瞬间

",6019.0,372.0,2,69e4b085000000001401ac25,69e47b6f000000001401940b,61af70b8000000001000c54f,几岁啦？这么小就参赛啦？有前途[点赞R],2026.04.19,四川,1.0,,20,强势|被超越者,强势,被超越者,3,强势成功,33
69e481e8000000002003ad94,"

",,,2,69e5abed000000001401c410,69e4a3ea000000001401e813,637086bc000000001f01d841,感觉可以真搞个比赛啊[doge]，你看这还有box环节,2026.04.20,上海,1.0,,27,强势|服务者,强势,服务者,3,强势成功,33
69e481e8000000002003ad94,"

",,,2,69e49ac6000000001401e832,69e4951a000000001401ac00,66ed57c2000000001d031550,区别就是你没资格参赛。,2026.04.19,江苏,1.0,,11,强势|服务者,强势,服务者,3,强势成功,33
69e45dbe000000001f00434f,"机器人跑马拉松超越人类？

",4650.0,773.0,2,69e6c052000000001401e40b,69e6bfd6000000001401dc0b,5a0dade811be103ea28956ff,有几个法国等外国队的,2026.04.21,广东,1.0,,10,强势|观众,强势,观众,3,强势成功,33
69da7e87000000001a03484e,"今晚的亦庄机器人马拉松测试

",,8169.0,1,69dba544000000003501dec7,,56564e20f53ee03a64f4cf57,这比赛的意义是什么[笑哭R],2026.04.12,中国香港,0.0,0.0,14,强势|观众,强势,观众,2,强势成功,33
69da7e87000000001a03484e,"今晚的亦庄机器人马拉松测试

",,8169.0,1,69db4a52000000000d0350ba,,61b3a757000000001000c560,索尼和 Bungie 不赞助一波？,2026.04.12,广东,0.0,0.0,17,强势|观众,强势,观众,4,强势成功,33
69da7e87000000001a03484e,"今晚的亦庄机器人马拉松测试

",,8169.0,1,69db32b000000000350261ca,,60d0c3370000000001002796,有帽子叔叔在旁边是怕有人偷走选手吗[doge],2026.04.12,安徽,0.0,0.0,23,强势|观众,强势,观众,6,强势成功,33
69da7e87000000001a03484e,"今晚的亦庄机器人马拉松测试

",,8169.0,1,69db1d18000000000202baf3,,64ca557f000000000b008b47,能打拳的那家上了不？,2026.04.12,江苏,0.0,0.0,10,强势|观众,强势,观众,2,强势成功,33
69da7e87000000001a03484e,"今晚的亦庄机器人马拉松测试

",,8169.0,1,69db19ce000000001400a4d6,,61d2fcb40000000010006a14,我家优必选参加了吗,2026.04.12,四川,0.0,0.0,9,强势|观众,强势,观众,3,强势成功,33
69da7e87000000001a03484e,"今晚的亦庄机器人马拉松测试

",,8169.0,1,69db10b5000000000d0377e4,,5cebdbdf000000001803cc8d,这个会不会影响其他选手啊 毕竟一开始一大坨人[笑哭R] 单纯疑问 没恶意,2026.04.12,河南,0.0,0.0,36,强势|观众,强势,观众,10,强势成功,33
69da7e87000000001a03484e,"今晚的亦庄机器人马拉松测试

",,8169.0,1,69daf9ec000000000d03e032,,63baa7960000000026010adc,只能公司参赛吗？个人能参赛吗？,2026.04.12,河南,0.0,0.0,15,强势|观众,强势,观众,5,强势成功,33
69da7e87000000001a03484e,"今晚的亦庄机器人马拉松测试

",,8169.0,1,69dae555000000003501c723,,60cdd5ad0000000001002d0a,就是这个破比赛搞得绕路绕了一个小时才回到家,2026.04.12,北京,0.0,0.0,21,强势|观众,强势,观众,4,强势成功,33
69e481e8000000002003ad94,"

",,,1,69e49d61000000001401b00c,,5926f0e55e87e73e0267ddc4,这个运动意义是？,2026.04.19,河南,0.0,0.0,8,强势|服务者,强势,服务者,2,强势成功,33
69e481e8000000002003ad94,"

",,,1,69e49a79000000001401e402,,645dfb46000000001002bea0,[doge]私兔？取消比赛成绩,2026.04.19,上海,0.0,0.0,15,强势|服务者,强势,服务者,4,强势成功,33
69e48341000000001a02d0c4,"机器人马拉松，我们看乐了，西方人看破防了🤣

",3931.0,1022.0,1,69e56581000000001401a405,,63710c92000000001f0190a7,小时候觉得日本机器人厉害，现在中国这方面碾压日本人。要是汽车领域压日本就更好了。中国发动机差一点,2026.04.20,日本,127.0,122.0,48,强势|观众,强势,观众,17,强势成功,34
69e48341000000001a02d0c4,"机器人马拉松，我们看乐了，西方人看破防了🤣

",3931.0,1022.0,2,69e5660b000000001401a004,69e56581000000001401a405,5fcaf854000000000101c18c,中国弯道超车，走电车路线，三电技术甩日本几条街,2026.04.20,云南,93.0,,23,强势|观众,强势,观众,9,强势成功,34
69e48341000000001a02d0c4,"机器人马拉松，我们看乐了，西方人看破防了🤣

",3931.0,1022.0,2,69e566b9000000001401980c,69e56581000000001401a405,6083d2ab0000000001000311,如果说汽车电机的话，应该不差日本了。燃油发动机确实国产的不行,2026.04.20,山西,50.0,,30,强势|观众,强势,观众,10,强势成功,34
69e48341000000001a02d0c4,"机器人马拉松，我们看乐了，西方人看破防了🤣

",3931.0,1022.0,2,69e5691f000000001401a003,69e56581000000001401a405,679da53a000000000e01ddb4,国产发动机不差好吧，主要是变速箱还有发变配合,2026.04.20,吉林,22.0,,22,强势|观众,强势,观众,7,强势成功,34
69e48341000000001a02d0c4,"机器人马拉松，我们看乐了，西方人看破防了🤣

",3931.0,1022.0,2,69e56e26000000001401a80c,69e56581000000001401a405,57dc9fab82ec39783bb8d2d1,我是外行哦，但是感觉电车好像已经比日本好了。,2026.04.20,上海,13.0,,22,强势|观众,强势,观众,4,强势成功,34
69e481e8000000002003ad94,"

",,,1,69e49480000000001401b80b,,5987bf7882ec39790a2fbca1,太先进了，日本的好多东西我们得学一学了,2026.04.19,日本,9.0,11.0,19,强势|服务者,强势,服务者,6,强势成功,34
69e48341000000001a02d0c4,"机器人马拉松，我们看乐了，西方人看破防了🤣

",3931.0,1022.0,2,69e567e2000000001401c80f,69e56581000000001401a405,5f7f125b000000000100904f,谁说的不行，日本车有一些都买中国的发动机！很多所谓的不行不是造不出来，是专利问题,2026.04.20,辽宁,8.0,,40,强势|观众,强势,观众,11,强势成功,34
69e48341000000001a02d0c4,"机器人马拉松，我们看乐了，西方人看破防了🤣

",3931.0,1022.0,2,69e57e570000000014019408,69e56581000000001401a405,5c3d6303000000000501a998,新能源日本车已经拉完了[捂脸R],2026.04.20,河北,3.0,,16,强势|观众,强势,观众,3,强势成功,34
69da7e87000000001a03484e,"今晚的亦庄机器人马拉松测试

",,8169.0,1,69db0ca00000000035009038,,64d73c29000000000100fef0,说义意是什么的估计是说电车发展不起来是同一帮人。[偷笑R][偷笑R],2026.04.12,广东,2.0,0.0,34,强势|观众,强势,观众,6,强势成功,34
69e48341000000001a02d0c4,"机器人马拉松，我们看乐了，西方人看破防了🤣

",3931.0,1022.0,2,69e57661000000001401bc03,69e56581000000001401a405,61619ad50000000002022a7d,奇瑞的发动机一点不差好吧,2026.04.20,广东,2.0,,12,强势|观众,强势,观众,4,强势成功,34
69e48341000000001a02d0c4,"机器人马拉松，我们看乐了，西方人看破防了🤣

",3931.0,1022.0,2,69e57d92000000001401e023,69e56581000000001401a405,5f1d98b6000000000101c05b,日本发动机很牛逼，我们开新能源车,2026.04.20,广东,2.0,,16,强势|观众,强势,观众,3,强势成功,34
69e48341000000001a02d0c4,"机器人马拉松，我们看乐了，西方人看破防了🤣

",3931.0,1022.0,2,69e581860000000014018c1a,69e56581000000001401a405,64c6759d000000002b009a35,发动机是一点不差，差在变速箱专利早被发达国家垄断了。,2026.04.20,广西,1.0,,26,强势|观众,强势,观众,7,强势成功,34
69e48341000000001a02d0c4,"机器人马拉松，我们看乐了，西方人看破防了🤣

",3931.0,1022.0,2,69e594b5000000001401c810,69e56581000000001401a405,5d2ee2a1000000001100b8c1,发动机是专利卡死了，电机才是未来方向[微笑R],2026.04.20,云南,1.0,,23,强势|观众,强势,观众,6,强势成功,34
69e48341000000001a02d0c4,"机器人马拉松，我们看乐了，西方人看破防了🤣

",3931.0,1022.0,2,69e5a2ed000000001401940e,69e56581000000001401a405,6143f70d000000000201b81e,又说发动机，中国奇瑞不错了，包括变速箱，包括AT变速箱。,2026.04.20,山东,1.0,,28,强势|观众,强势,观众,9,强势成功,34
69e48341000000001a02d0c4,"机器人马拉松，我们看乐了，西方人看破防了🤣

",3931.0,1022.0,2,69e5acef000000001401982a,69e56581000000001401a405,6788bd56000000000803f0ec,了解一下奇瑞发动机，日本公司都有买奇瑞的,2026.04.20,上海,1.0,,20,强势|观众,强势,观众,6,强势成功,34
69e48341000000001a02d0c4,"机器人马拉松，我们看乐了，西方人看破防了🤣

",3931.0,1022.0,2,69e5cfb7000000001401dc04,69e56581000000001401a405,5a093026db2e6048f9da12a7,中国油车的发动机不差，主要是变速箱传动系统的专利保护限制设计,2026.04.20,江苏,1.0,,30,强势|观众,强势,观众,11,强势成功,34
69e48341000000001a02d0c4,"机器人马拉松，我们看乐了，西方人看破防了🤣

",3931.0,1022.0,2,69e5d4f4000000001401c005,69e56581000000001401a405,5fa6b4660000000001004e0c,中国电车的技术已经断层了，接下来就是慢慢抢占市场了,2026.04.20,上海,1.0,,25,强势|观众,强势,观众,7,强势成功,34
69e48341000000001a02d0c4,"机器人马拉松，我们看乐了，西方人看破防了🤣

",3931.0,1022.0,2,69e6f813000000001401d434,69e56581000000001401a405,5f2ffc4b000000000101d99c,广汽本田已经关停了，连续五年效率下滑的原因，赛道已经换了。,2026.04.21,广东,1.0,,29,强势|观众,强势,观众,9,强势成功,34
69e48341000000001a02d0c4,"机器人马拉松，我们看乐了，西方人看破防了🤣

",3931.0,1022.0,2,69e6fd52000000001401c839,69e56581000000001401a405,61053959000000000100101e,发动机专利都给德国和日本抢占先机了，只能换个赛道,2026.04.21,广东,1.0,,24,强势|观众,强势,观众,9,强势成功,34
69e48341000000001a02d0c4,"机器人马拉松，我们看乐了，西方人看破防了🤣

",3931.0,1022.0,2,69e7473f0000000014019416,69e56581000000001401a405,617fafe00000000002024bcd,发动机不差，差的是变速箱，中国发动机的热效能比日本德国的还高，而且长安的发动机连续高负荷运行三天，在快手直播，获得了吉尼斯世界纪录,2026.04.21,湖北,1.0,,65,强势|观众,强势,观众,18,强势成功,34
69e48341000000001a02d0c4,"机器人马拉松，我们看乐了，西方人看破防了🤣

",3931.0,1022.0,2,69eb57340000000027028a21,69e56581000000001401a405,5db789a7000000000100b7d5,所以电车完美避开油车三大件，只需要三电，电机 电池 电控，[doge],2026.04.24,湖南,1.0,,35,强势|观众,强势,观众,10,强势成功,34
69e48341000000001a02d0c4,"机器人马拉松，我们看乐了，西方人看破防了🤣

",3931.0,1022.0,2,69e5ba2e000000001401c409,69e56581000000001401a405,5d355cd20000000012011ad0,只谈发动机可能比不上，但谈电车整体的话，应该吊打日本了吧？,2026.04.20,四川,1.0,,29,强势|观众,强势,观众,8,强势成功,34
69e48341000000001a02d0c4,"机器人马拉松，我们看乐了，西方人看破防了🤣

",3931.0,1022.0,2,69e5ba6e000000001401cc04,69e56581000000001401a405,5ad9610e11be105679759d79,发动机……好古老的名词……为什么要去研究落后的玩意儿，你发动机再强能做到多少动力和效率？,2026.04.20,四川,1.0,,44,强势|观众,强势,观众,13,强势成功,34
69e48341000000001a02d0c4,"机器人马拉松，我们看乐了，西方人看破防了🤣

",3931.0,1022.0,2,69e5c29a000000001401b010,69e56581000000001401a405,664827cf0000000007004b5c,燃油车中国做的晚，好多技术不是做不到，而是被专利壁垒锁死了，很难绕开，供应链也是欧美日把持。所以中国干脆重开一局，把电车专利和供应链反向锁死。先不说电车技术，现在电车供应链在我们这，成本就是比其他地方低很多。,2026.04.20,江苏,1.0,,104,强势|观众,强势,观众,32,强势成功,34
69e48341000000001a02d0c4,"机器人马拉松，我们看乐了，西方人看破防了🤣

",3931.0,1022.0,2,69e56a5a0000000014019400,69e56581000000001401a405,63710c92000000001f0190a7,发动机。应该差很多。,2026.04.20,日本,0.0,,10,强势|观众,强势,观众,2,强势成功,34
69e48341000000001a02d0c4,"机器人马拉松，我们看乐了，西方人看破防了🤣

",3931.0,1022.0,2,69e57a8b000000001401c80f,69e56581000000001401a405,609205fe0000000001002633,汽车领域已经开始了，可以看一下刚结束的曼谷车展，泰国之前一直是日系车领地，在当地有很多工厂，今年国产车拿下了7成的单子。这波石油价格起飞，新能源车大卖，石油用来当燃料太可惜了，工业必需品。,2026.04.20,北京,0.0,,94,强势|观众,强势,观众,30,强势成功,34
69e48341000000001a02d0c4,"机器人马拉松，我们看乐了，西方人看破防了🤣

",3931.0,1022.0,2,69e57ce30000000014018c14,69e56581000000001401a405,63710c92000000001f0190a7,希望中国发动机好起来。我以前接触过挖掘机。国产挖掘机真不行[笑哭R]一年就到处漏油。但价格也确实便宜。日本贵耐用。不知道中国是没能力制造还是不想制造,2026.04.20,日本,0.0,,74,强势|观众,强势,观众,24,强势成功,34
69e48341000000001a02d0c4,"机器人马拉松，我们看乐了，西方人看破防了🤣

",3931.0,1022.0,2,69e5811a000000001401a403,69e56581000000001401a405,5a36078811be102e64eead1b,电动车不是不差，是全面碾压,2026.04.20,广东,0.0,,13,强势|观众,强势,观众,4,强势成功,34
69e48341000000001a02d0c4,"机器人马拉松，我们看乐了，西方人看破防了🤣

",3931.0,1022.0,2,69e582ac0000000014019c02,69e56581000000001401a405,63710c92000000001f0190a7,嗯嗯中国发动机比日本牛p，这是事实。各有千秋吧。,2026.04.20,日本,0.0,,24,强势|观众,强势,观众,5,强势成功,34
69e48341000000001a02d0c4,"机器人马拉松，我们看乐了，西方人看破防了🤣

",3931.0,1022.0,2,69e582e90000000014019014,69e56581000000001401a405,63710c92000000001f0190a7,嗯嗯。不错。5G技术也碾压日本[赞R],2026.04.20,日本,0.0,,19,强势|观众,强势,观众,5,强势成功,34
69e44278000000001a0217bb,"机器人超过我的瞬间

",6019.0,372.0,2,69e4801b000000001401dc2d,69e4573a000000001401a417,5c987c990000000016025530,你们都是伟大的人类,2026.04.19,江苏,37.0,,9,强势|被超越者,强势,被超越者,2,强势成功,35
69e4551e000000001f005895,"荣耀机器人赢麻了🤖我觉得它表情在嘲讽我

",,816.0,2,69e492d20000000014019c09,69e48d160000000014018c1b,5d0efa22000000001202e1f9,你怎么还把自己排除人类了[笑哭R],2026.04.19,安徽,29.0,,17,强势|被超越者,强势,被超越者,2,强势成功,35
69e4551e000000001f005895,"荣耀机器人赢麻了🤖我觉得它表情在嘲讽我

",,816.0,2,69e4a22b0000000014019001,69e48d160000000014018c1b,671c83ac000000001d022595,他可能是人类叛徒,2026.04.19,吉林,24.0,,8,强势|被超越者,强势,被超越者,2,强势成功,35
69e4551e000000001f005895,"荣耀机器人赢麻了🤖我觉得它表情在嘲讽我

",,816.0,2,69e49543000000001401ac1e,69e48d160000000014018c1b,5657ebd003eb843b7d2baff0,你们人类？敢问兄台来自哪个星球[doge],2026.04.19,辽宁,22.0,,21,强势|被超越者,强势,被超越者,5,强势成功,35
69e4551e000000001f005895,"荣耀机器人赢麻了🤖我觉得它表情在嘲讽我

",,816.0,2,69e4b898000000001401c035,69e48d160000000014018c1b,60e46f870000000001005b1c,我们人类吗？有意思,2026.04.19,江苏,21.0,,9,强势|被超越者,强势,被超越者,2,强势成功,35
69da7e87000000001a03484e,"今晚的亦庄机器人马拉松测试

",,8169.0,2,69db28520000000035022e3f,69db2712000000003502db22,558a6c2458944613dc3be814,送上太空 命名为塞伯坦星球 [吃瓜R],2026.04.12,湖南,8.0,,19,强势|观众,强势,观众,5,强势成功,35
69e481e8000000002003ad94,"

",,,2,69e49b64000000001401c820,69e4962e000000001401b006,5ec6b5d20000000001002d18,人类想要突破文明极限，这一步是避免了的，碳基生命如果不能向硅基生命转变，深海世界，地心，外太空，行星计划，星际旅行，星际文明就永远不可能触及[doge]  这一步势不可挡有生之年能窥探到这一层的门槛都算是赚的,2026.04.19,广东,8.0,,104,强势|服务者,强势,服务者,31,强势成功,35
69da7e87000000001a03484e,"今晚的亦庄机器人马拉松测试

",,8169.0,2,69db0f2b0000000035028e83,69db0cc600000000350255d9,62a4acbd000000001b028f03,这要是美鬼日鬼的，那就是人类之光了[doge][doge][doge],2026.04.12,江西,7.0,,35,强势|观众,强势,观众,4,强势成功,35
69e4551e000000001f005895,"荣耀机器人赢麻了🤖我觉得它表情在嘲讽我

",,816.0,2,69e49634000000001401cc2a,69e48d160000000014018c1b,66a52f9e000000001d03197a,你是哪个星球派来的,2026.04.19,北京,6.0,,9,强势|被超越者,强势,被超越者,3,强势成功,35
69da7e87000000001a03484e,"今晚的亦庄机器人马拉松测试

",,8169.0,2,69dc9295000000001500400a,69dba1b50000000001005940,59664f5f5e87e7541e9c1aa8,格局打开 明年就能攻占外星球了[doge],2026.04.13,云南,4.0,,21,强势|观众,强势,观众,5,强势成功,35
69da7e87000000001a03484e,"今晚的亦庄机器人马拉松测试

",,8169.0,2,69db9854000000000202b282,69db9826000000000202a88a,5824ed053460943d29f5619c,再一次证明了天老爷确实是把人类扔在地球上不管了吧[doge]你们看有造物主关照的“生物”进化得多快呀~,2026.04.12,海南,3.0,,51,强势|观众,强势,观众,12,强势成功,35
69e481e8000000002003ad94,"

",,,2,69e700400000000014018c21,69e625a6000000001401b80d,5f1868eb000000000100004a,所以要学人啊，不然怎么代替人[失望R],2026.04.21,广东,3.0,,19,强势|服务者,强势,服务者,4,强势成功,35
69da7e87000000001a03484e,"今晚的亦庄机器人马拉松测试

",,8169.0,1,69db285b000000000103da79,,5b687f543779d10001556147,加油！争取早日全面替代人类！让大部分人失业！让人类文明成为历史！,2026.04.12,北京,2.0,1.0,32,强势|观众,强势,观众,12,强势成功,35
69e481e8000000002003ad94,"

",,,1,69e4a2b2000000001401bc1c,,5ab15f90e8ac2b0416fcd3b8,这一退，是人类的一大退,2026.04.19,湖南,2.0,0.0,11,强势|服务者,强势,服务者,3,强势成功,35
69e48341000000001a02d0c4,"机器人马拉松，我们看乐了，西方人看破防了🤣

",3931.0,1022.0,1,69e499fe000000001401ac00,,5e54734c0000000001009f5d,没法，地球独一份[点赞R],2026.04.19,北京,2.0,0.0,13,强势|观众,强势,观众,3,强势成功,35
69da7e87000000001a03484e,"今晚的亦庄机器人马拉松测试

",,8169.0,1,69db7fea000000003502eeb1,,64bbd98100000000140391cd,人类无法匹敌。,2026.04.12,吉林,1.0,0.0,7,强势|观众,强势,观众,3,强势成功,35
69da7e87000000001a03484e,"今晚的亦庄机器人马拉松测试

",,8169.0,2,69db31b5000000000202bd1f,69db2eba000000003501189f,658578f8000000001b0328fa,这应该就是人类的造物主情结吧[doge],2026.04.12,四川,1.0,,20,强势|观众,强势,观众,3,强势成功,35
69e481e8000000002003ad94,"

",,,2,69e600ad000000001401a81d,69e6003e000000001401940d,66104f790000000003030778,星际那样吗？那时候人类应该也消亡殆尽了[哭惹R],2026.04.20,江西,1.0,,24,强势|服务者,强势,服务者,5,强势成功,35
69e44278000000001a0217bb,"机器人超过我的瞬间

",6019.0,372.0,1,69e481c9000000001401c812,,68565cd5000000001b0202cb,这东西的进化是以天记的，人是以代记的[吃瓜R],2026.04.19,新加坡,0.0,0.0,23,强势|被超越者,强势,被超越者,5,强势成功,35
69e4551e000000001f005895,"荣耀机器人赢麻了🤖我觉得它表情在嘲讽我

",,816.0,1,69e45ca5000000001401e01b,,5b0e81f0f7e8b97fdf3b2bb9,人类拉完了[偷笑R],2026.04.19,北京,0.0,1.0,10,强势|被超越者,强势,被超越者,2,强势成功,35
69da7e87000000001a03484e,"今晚的亦庄机器人马拉松测试

",,8169.0,1,69db481b00000000010049f5,,601285f40000000001009a55,这要是审判日来了 人类根本活不了[偷笑R],2026.04.12,北京,0.0,0.0,21,强势|观众,强势,观众,6,强势成功,35
69da7e87000000001a03484e,"今晚的亦庄机器人马拉松测试

",,8169.0,1,69db21dc00000000010042f6,,58a66e9082ec39423462a14b,plq 至少有一半可以被取代了,2026.04.12,上海,0.0,0.0,15,强势|观众,强势,观众,4,强势成功,35
69da7e87000000001a03484e,"今晚的亦庄机器人马拉松测试

",,8169.0,1,69dadb2f00000000350111a6,,678a5732000000000e010dce,终于可以让人类解放了,2026.04.12,陕西,0.0,0.0,10,强势|观众,强势,观众,3,强势成功,35
69da7e87000000001a03484e,"今晚的亦庄机器人马拉松测试

",,8169.0,1,69dabfc40000000002036c5c,,62aecdc0000000001b026dab,再进化就可以去上班了[笑哭R],2026.04.12,山东,0.0,0.0,15,强势|观众,强势,观众,2,强势成功,35
69da7e87000000001a03484e,"今晚的亦庄机器人马拉松测试

",,8169.0,1,69dc84620000000001005eac,,5cec847e000000001003c042,人类估计最后就要灭在这，愿望是美好的，但是总是有疯子会做点毁天灭地的事情。[笑哭R],2026.04.13,重庆,0.0,0.0,42,强势|观众,强势,观众,10,强势成功,35
69da7e87000000001a03484e,"今晚的亦庄机器人马拉松测试

",,8169.0,1,69db1b24000000003500854f,,5b3d721611be103f70fedd79,让人类看看自己将毁在什么玩意儿手里[捂脸R],2026.04.12,天津,0.0,0.0,22,强势|观众,强势,观众,4,强势成功,35
69e481e8000000002003ad94,"

",,,1,69e95034000000002a032bae,,68714d8e000000000d03d60d,Even then need some humans love [害羞R],2026.04.23,美国,0.0,0.0,37,强势|服务者,强势,服务者,6,强势成功,35
69e481e8000000002003ad94,"

",,,1,69e7e931000000001401b006,,6350906c000000001901dea8,终将反噬人类,2026.04.22,山东,0.0,0.0,6,强势|服务者,强势,服务者,3,强势成功,35
69e481e8000000002003ad94,"

",,,1,69e76e39000000001401e011,,615a8848000000001f03c779,还是代替不了人,2026.04.21,四川,0.0,0.0,7,强势|服务者,强势,服务者,3,强势成功,35
69e481e8000000002003ad94,"

",,,1,69e7637b000000001401b82d,,6680933d00000000030304b7,这玩意会取代我们？,2026.04.21,江苏,0.0,0.0,9,强势|服务者,强势,服务者,2,强势成功,35
69da7e87000000001a03484e,"今晚的亦庄机器人马拉松测试

",,8169.0,2,69dae0110000000035031dd3,69dac8d7000000000c0319f8,5cada7750000000011007631,刚换的钛合金膝盖,2026.04.12,北京,590.0,,8,强势|观众,强势,观众,3,强势成功,36
69da7e87000000001a03484e,"今晚的亦庄机器人马拉松测试

",,8169.0,1,69dae015000000001500be37,,5fdcc301000000000101d552,先能换被套再说吧！,2026.04.12,上海,19.0,8.0,9,强势|观众,强势,观众,3,强势成功,36
69da7e87000000001a03484e,"今晚的亦庄机器人马拉松测试

",,8169.0,2,69daf40e0000000014008780,69dac8d7000000000c0319f8,5aaa285fe8ac2b194336b2fb,工程师：真·钛合金膝盖，小子,2026.04.12,广东,8.0,,14,强势|观众,强势,观众,4,强势成功,36
69da7e87000000001a03484e,"今晚的亦庄机器人马拉松测试

",,8169.0,1,69db06c3000000000202be3f,,5af0ffaae8ac2b123fee460f,这下半月板真成耗材了,2026.04.12,北京,2.0,0.0,10,强势|观众,强势,观众,4,强势成功,36
69da7e87000000001a03484e,"今晚的亦庄机器人马拉松测试

",,8169.0,1,69dafb37000000003500b628,,5fcc2b3e000000000101f96a,顺带不做个膝盖及组织润滑液的耐久研究[doge],2026.04.12,上海,1.0,0.0,24,强势|观众,强势,观众,6,强势成功,36
69e481e8000000002003ad94,"

",,,1,69e75f120000000014018806,,62e6286c000000001f006c12,把他的关节换给我行吗？,2026.04.21,浙江,1.0,0.0,11,强势|服务者,强势,服务者,2,强势成功,36
69da7e87000000001a03484e,"今晚的亦庄机器人马拉松测试

",,8169.0,2,69dbb5ae0000000035023ec9,69dac8d7000000000c0319f8,57565a4b6a6a692b2bce4c11,你要知道它膝盖伤了可以换，但是人的膝盖不可以[doge],2026.04.12,广东,1.0,,28,强势|观众,强势,观众,4,强势成功,36
69da7e87000000001a03484e,"今晚的亦庄机器人马拉松测试

",,8169.0,1,69dbb82c000000001500b034,,59e195006eea886c1f3c300e,看得我膝盖疼[笑哭R],2026.04.12,中国香港,0.0,0.0,11,强势|观众,强势,观众,2,强势成功,36
69da7e87000000001a03484e,"今晚的亦庄机器人马拉松测试

",,8169.0,1,69db9a0500000000150008b4,,566223fb0cdc2b5c4af9c971,髋关节的稳定性是真不错[doge],2026.04.12,上海,0.0,0.0,17,强势|观众,强势,观众,3,强势成功,36
69da7e87000000001a03484e,"今晚的亦庄机器人马拉松测试

",,8169.0,1,69db6b88000000003502e35a,,5f95ba1100000000010077bc,铁膝盖就是牛杯,2026.04.12,浙江,0.0,0.0,7,强势|观众,强势,观众,2,强势成功,36
69da7e87000000001a03484e,"今晚的亦庄机器人马拉松测试

",,8169.0,1,69db66ae0000000002034370,,550f2ea74fac63614ad6c371,这跑步姿势不对吧？来个专业给他们指导指导，机械膝盖就不是膝盖了[doge],2026.04.12,湖北,0.0,0.0,37,强势|观众,强势,观众,10,强势成功,36
69da7e87000000001a03484e,"今晚的亦庄机器人马拉松测试

",,8169.0,1,69db6471000000001601786e,,65325b22000000002a02ae28,要注意保护膝盖,2026.04.12,广东,0.0,0.0,7,强势|观众,强势,观众,3,强势成功,36
69da7e87000000001a03484e,"今晚的亦庄机器人马拉松测试

",,8169.0,1,69db4052000000003502271d,,609efbd2000000000100a054,抢超市鸡蛋的老奶奶拿到了膝盖强化装备be like,2026.04.12,上海,0.0,0.0,25,强势|观众,强势,观众,9,强势成功,36
69da7e87000000001a03484e,"今晚的亦庄机器人马拉松测试

",,8169.0,1,69db373a000000000c0335b5,,63f6bbaf000000000f012dff,都不需要半月板，真好,2026.04.12,陕西,0.0,0.0,10,强势|观众,强势,观众,3,强势成功,36
69da7e87000000001a03484e,"今晚的亦庄机器人马拉松测试

",,8169.0,1,69db2d8f000000000c03025d,,5d39c1790000000010015e6f,有点羡慕 他们不怕废膝盖,2026.04.12,浙江,0.0,0.0,12,强势|观众,强势,观众,3,强势成功,36
69da7e87000000001a03484e,"今晚的亦庄机器人马拉松测试

",,8169.0,1,69db209e000000003500bf25,,63cc125500000000270293f7,膝关节都不动的，好奇怪,2026.04.12,广东,0.0,0.0,11,强势|观众,强势,观众,3,强势成功,36
69da7e87000000001a03484e,"今晚的亦庄机器人马拉松测试

",,8169.0,1,69db1a4c0000000035010c65,,6052c2ab0000000001002799,注意保护膝盖,2026.04.12,广西,0.0,0.0,6,强势|观众,强势,观众,3,强势成功,36
69da7e87000000001a03484e,"今晚的亦庄机器人马拉松测试

",,8169.0,1,69db0eee00000000350275ab,,608cfa8c0000000001003bb1,膝关节为什么基本不动,2026.04.12,四川,0.0,0.0,10,强势|观众,强势,观众,4,强势成功,36
69da7e87000000001a03484e,"今晚的亦庄机器人马拉松测试

",,8169.0,1,69db0d43000000000c033448,,601a0b2500000000010010fe,需要马掌磨损很大,2026.04.12,河北,0.0,0.0,8,强势|观众,强势,观众,4,强势成功,36
69da7e87000000001a03484e,"今晚的亦庄机器人马拉松测试

",,8169.0,1,69db0a240000000035030b44,,5cef971e0000000017036796,膝盖不错,2026.04.12,福建,0.0,0.0,4,强势|观众,强势,观众,2,强势成功,36
69da7e87000000001a03484e,"今晚的亦庄机器人马拉松测试

",,8169.0,1,69dafda3000000003501ec7a,,65d9d1cb000000000401ef6f,这膝盖得三天一换吧,2026.04.12,北京,0.0,0.0,9,强势|观众,强势,观众,3,强势成功,36
69da7e87000000001a03484e,"今晚的亦庄机器人马拉松测试

",,8169.0,1,69daf95e000000001500770a,,5adcad304eacab02b2cf984e,真正的物理铁膝盖,2026.04.12,河南,0.0,0.0,8,强势|观众,强势,观众,3,强势成功,36
69da7e87000000001a03484e,"今晚的亦庄机器人马拉松测试

",,8169.0,1,69daf9910000000035016368,,5d1446c9000000001103c52e,伤膝盖呢哥们，维修费很高的，搞不好痛死你哦,2026.04.12,云南,0.0,0.0,21,强势|观众,强势,观众,5,强势成功,36
69e481e8000000002003ad94,"

",,,1,69e49a6f000000001401d400,,5b4a1d2c4eacab5da65c5568,果然阻碍发展的关节轴承,2026.04.19,北京,0.0,0.0,11,强势|服务者,强势,服务者,4,强势成功,36
69e481e8000000002003ad94,"

",,,1,69e49976000000001401e40d,,598a0e1050c4b453e344c434,果然容易劳损的是髋关节，比如我的…,2026.04.19,天津,0.0,0.0,17,强势|服务者,强势,服务者,5,强势成功,36
69e481e8000000002003ad94,"

",,,1,69e496cd000000001401a027,,5ef85057000000000101cbf2,膝关节不用吗,2026.04.19,日本,0.0,0.0,6,强势|服务者,强势,服务者,2,强势成功,36
69e481e8000000002003ad94,"

",,,1,69eb578d0000000027029f40,,63cd2c890000000027028910,懂了，人的膝盖和髋关节要保护好,2026.04.24,山东,0.0,0.0,15,强势|服务者,强势,服务者,4,强势成功,36
69e481e8000000002003ad94,"

",,,1,69e7302f000000001401b000,,63ef8dbe000000001001e11d,不能自己做保养吗？要人帮忙。,2026.04.21,广东,0.0,0.0,14,强势|服务者,强势,服务者,4,强势成功,36
69e481e8000000002003ad94,"

",,,1,69e71494000000001401c828,,5f4115e700000000010093f9,这跑完得做关节置换了吧[doge],2026.04.21,福建,0.0,0.0,17,强势|服务者,强势,服务者,3,强势成功,36
69da7e87000000001a03484e,"今晚的亦庄机器人马拉松测试

",,8169.0,2,69daf5b400000000150030ff,69dac8d7000000000c0319f8,665fa345000000000303352c,别怕 我铁的膝盖，而且有备胎,2026.04.12,福建,0.0,,14,强势|观众,强势,观众,3,强势成功,36
69e48341000000001a02d0c4,"机器人马拉松，我们看乐了，西方人看破防了🤣

",3931.0,1022.0,2,69e4adea000000001401c80b,69e4a930000000001401a020,590bb6c250c4b43c3fc86df9,赚的钱就该拿来这么用，主打一个购买情绪价值,2026.04.19,江苏,49.0,,21,强势|观众,强势,观众,5,强势成功,37
69e4551e000000001f005895,"荣耀机器人赢麻了🤖我觉得它表情在嘲讽我

",,816.0,2,69e4a51e000000001401e415,69e490dd000000001401e423,555d9f005894467f0a0c29c8,提供情绪价值的一把好手,2026.04.19,上海,45.0,,11,强势|被超越者,强势,被超越者,5,强势成功,37
69da7e87000000001a03484e,"今晚的亦庄机器人马拉松测试

",,8169.0,2,69db148b0000000002035c6d,69db10850000000035021b47,637b1ed0000000001f0172fb,国家补贴有很大一部分就是给人骗的，只要能养出一两家有真东西的企业，那就是赚,2026.04.12,江苏,34.0,,37,强势|观众,强势,观众,9,强势成功,37
69e481e8000000002003ad94,"

",,,2,69e57476000000001401dc15,69e571d9000000001401c009,62af4262000000001b028daf,资金吹泡泡需要，抵押估值需要。,2026.04.20,广东,29.0,,15,强势|服务者,强势,服务者,6,强势成功,37
69e481e8000000002003ad94,"

",,,2,69e58c2f000000001401981d,69e4d70c000000001401e40b,5e5f48090000000001006a3c,股票套了多少,2026.04.20,上海,25.0,,6,强势|服务者,强势,服务者,2,强势成功,37
69da7e87000000001a03484e,"今晚的亦庄机器人马拉松测试

",,8169.0,1,69db10850000000035021b47,,5f8d1dc3000000000101c62b,就一玩具骗国家补贴[大笑R],2026.04.12,广东,18.0,10.0,14,强势|观众,强势,观众,2,强势成功,37
69e481e8000000002003ad94,"

",,,1,69e6ce00000000001401d413,,5febe3ce000000000100672b,制造这些东西就是为了上市圈钱,2026.04.21,上海,16.0,6.0,14,强势|服务者,强势,服务者,6,强势成功,37
69e48341000000001a02d0c4,"机器人马拉松，我们看乐了，西方人看破防了🤣

",3931.0,1022.0,2,69e5aa39000000001401c02b,69e5a4af000000001401880c,60182220000000000100af3a,其实拿第几名不重要，而是给大家一个展示自己产品的机会和平台。,2026.04.20,上海,15.0,,30,强势|观众,强势,观众,9,强势成功,37
69e48341000000001a02d0c4,"机器人马拉松，我们看乐了，西方人看破防了🤣

",3931.0,1022.0,2,69e4a090000000001401b020,69e495f6000000001401e015,62d11aa6000000000303dbc7,娱乐，陪伴，装点门面，服务，只要价格打下来[偷笑R],2026.04.19,上海,11.0,,26,强势|观众,强势,观众,7,强势成功,37
69e4551e000000001f005895,"荣耀机器人赢麻了🤖我觉得它表情在嘲讽我

",,816.0,2,69e4c8a7000000001401e80a,69e4c0ce000000001401980e,5c0dc1ce6b58b75dcf5c233c,[doge]卖给中东，创造外汇,2026.04.19,广东,8.0,,15,强势|被超越者,强势,被超越者,3,强势成功,37
69e481e8000000002003ad94,"

",,,2,69e6d33e000000001401b011,69e6ce00000000001401d413,606efa4f0000000001000744,当今世界，一切不都是为了钱吗，顺便实现点理想,2026.04.21,上海,7.0,,22,强势|服务者,强势,服务者,6,强势成功,37
69e481e8000000002003ad94,"

",,,1,69e6e5f70000000014019c1a,,5dd91be9000000000100abca,哈哈哈 纯骗人 骗钱的 毫无意义,2026.04.21,辽宁,6.0,13.0,16,强势|服务者,强势,服务者,3,强势成功,37
69da7e87000000001a03484e,"今晚的亦庄机器人马拉松测试

",,8169.0,2,69db2f3700000000020351c6,69db2eba000000003501189f,64c3b2ae000000000b00ab2e,更能带来情绪价值吧，这只是一个方向，可以用更好的架构的方向也不是没人做,2026.04.12,广东,6.0,,35,强势|观众,强势,观众,10,强势成功,37
69e48341000000001a02d0c4,"机器人马拉松，我们看乐了，西方人看破防了🤣

",3931.0,1022.0,1,69e4db970000000014019809,,67bea12b0000000006011ca5,谁敢相信八九十年代我们靠给欧美做衣服玩具鞋子挣点碎银，那会儿还常有制鞋女工被粘鞋的胶弄成白血病，我十几岁做阅读理解就看到咱家要搞产业升级的文章，不容易，终于实现了。,2026.04.19,四川,5.0,0.0,82,强势|观众,强势,观众,25,强势成功,37
69e481e8000000002003ad94,"

",,,2,69e9e0320000000014019401,69e9de910000000014019c0e,5c2b6aa00000000005024abc,好经典啊，下一句是不是有这个投入不如给老百姓加点工资,2026.04.23,四川,5.0,,26,强势|服务者,强势,服务者,8,强势成功,37
69e481e8000000002003ad94,"

",,,2,69e62653000000001401a810,69e625ea000000001401c824,5ca72aaa000000001101792c,能圈钱就可以，现在还有什么东西能圈钱,2026.04.20,湖北,4.0,,18,强势|服务者,强势,服务者,3,强势成功,37
69e46730000000001d0199c8,"

",,761.0,2,69e56658000000001401cc07,69e54d60000000001401c002,62f5eee6000000001e01c04a,绝大多数是为了圈米,2026.04.20,福建,4.0,,9,强势|观众,强势,观众,3,强势成功,37
69da7e87000000001a03484e,"今晚的亦庄机器人马拉松测试

",,8169.0,1,69db152900000000350145f7,,64ae12d9000000000b016066,评论区就好像前司的marketing团队：要烧多少钱？不知道；多久起效？不知道。一句话：打钱，反正肯定是有用的[笑哭R],2026.04.12,上海,3.0,0.0,60,强势|观众,强势,观众,15,强势成功,37
69e481e8000000002003ad94,"

",,,2,69e6b556000000001401d811,69e6a9d00000000014019c03,6398215f00000000260043ec,公司招你进来就是盈利的，下个月你要给公司赚200亿,2026.04.21,广东,3.0,,25,强势|服务者,强势,服务者,6,强势成功,37
69da7e87000000001a03484e,"今晚的亦庄机器人马拉松测试

",,8169.0,2,69e42903000000001401980d,69e42853000000001401cc00,698546e90000000021005f29,就是骗钱的噱头,2026.04.19,天津,2.0,,7,强势|观众,强势,观众,2,强势成功,37
69e481e8000000002003ad94,"

",,,1,69e496c3000000001401c01a,,5bdfb330d94c9b00015a4ee4,这东西唯一的价值就是吸流量,2026.04.19,江西,1.0,0.0,13,强势|服务者,强势,服务者,4,强势成功,37
69e48341000000001a02d0c4,"机器人马拉松，我们看乐了，西方人看破防了🤣

",3931.0,1022.0,1,69e57e4d000000001401e00d,,55e805f4e4b1cf1e220afd34,边上广告全是租赁[笑哭R],2026.04.20,江苏,1.0,5.0,13,强势|观众,强势,观众,4,强势成功,37
69e48341000000001a02d0c4,"机器人马拉松，我们看乐了，西方人看破防了🤣

",3931.0,1022.0,1,69e4b44d0000000014019807,,689a6f15000000002802718b,三年之内会进家里[黄金薯R]我现在就投资专做应急安全插销的公司[派对R][派对R],2026.04.19,法国,1.0,0.0,41,强势|观众,强势,观众,10,强势成功,37
69e44278000000001a0217bb,"机器人超过我的瞬间

",6019.0,372.0,2,69e5a0ba000000001401a822,69e4ca490000000014019807,62bafaf9000000001b02a3c8,厉害就搞出作用来说话，天天表演圈钱,2026.04.20,四川,1.0,,17,强势|被超越者,强势,被超越者,7,强势成功,37
69e4551e000000001f005895,"荣耀机器人赢麻了🤖我觉得它表情在嘲讽我

",,816.0,2,69e4b6b70000000014019c02,69e490dd000000001401e423,568dfd4e4775a774ada8e3a7,融资和股票会有波动[笑哭R],2026.04.19,上海,1.0,,14,强势|被超越者,强势,被超越者,3,强势成功,37
69e4551e000000001f005895,"荣耀机器人赢麻了🤖我觉得它表情在嘲讽我

",,816.0,2,69e6c70b000000002b02a256,69e490dd000000001401e423,5f9421d0000000000101d7dc,提供情绪价值去了,2026.04.21,日本,1.0,,8,强势|被超越者,强势,被超越者,3,强势成功,37
69e481e8000000002003ad94,"

",,,2,69e73499000000001401e030,69e71b47000000001401ac15,5c04cb730000000007002b9a,让有钱人投资,2026.04.21,浙江,1.0,,6,强势|服务者,强势,服务者,2,强势成功,37
69e481e8000000002003ad94,"

",,,2,69e496b0000000001401900f,69e495aa0000000014019035,63e4fd76000000002601164c,争名次，露个脸，要投资，挣大钱。,2026.04.19,浙江,1.0,,16,强势|服务者,强势,服务者,4,强势成功,37
69e481e8000000002003ad94,"

",,,2,69e48b9a000000001401cc07,69e48a260000000014018c20,646a0e19000000002a009cde,资本又不傻，跟你一样的眼光不都当贫民去了[doge],2026.04.19,湖北,1.0,,26,强势|服务者,强势,服务者,4,强势成功,37
69e481e8000000002003ad94,"

",,,2,69e5df02000000001401a813,69e5db10000000001401e805,658a65e3000000002200b210,为了炒股,2026.04.20,上海,1.0,,4,强势|服务者,强势,服务者,2,强势成功,37
69da7e87000000001a03484e,"今晚的亦庄机器人马拉松测试

",,8169.0,2,69db087400000000350113be,69daf56d000000001601419c,5aa35c114eacab11b5783fd9,白天偶尔也会看到鸵鸟在马路上跑了,2026.04.12,北京,283.0,,16,强势|观众,强势,观众,4,强势成功,38
69da7e87000000001a03484e,"今晚的亦庄机器人马拉松测试

",,8169.0,1,69dadd5c000000003500d5fd,,580c566c50c4b47740e07f1a,感觉亦庄好有科技感，无人驾驶汽车，机器人，各种新科技都在那测试,2026.04.12,北京,74.0,9.0,31,强势|观众,强势,观众,8,强势成功,38
69da7e87000000001a03484e,"今晚的亦庄机器人马拉松测试

",,8169.0,2,69dae230000000000d03cf8b,69dadd5c000000003500d5fd,635624f7000000001802bd9e,亦庄还有鸵鸟呢[doge],2026.04.12,福建,67.0,,13,强势|观众,强势,观众,2,强势成功,38
69da7e87000000001a03484e,"今晚的亦庄机器人马拉松测试

",,8169.0,2,69db1fef00000000160153f2,69daf56d000000001601419c,5b7e1d754a29df0001be9cf8,亦庄无人驾驶也很多，经常一扭头发现一起等红灯的车里没有司机[捂脸R],2026.04.12,北京,54.0,,34,强势|观众,强势,观众,10,强势成功,38
69da7e87000000001a03484e,"今晚的亦庄机器人马拉松测试

",,8169.0,2,69db2bea00000000160168cf,69daf56d000000001601419c,62a43a43000000001b029f0d,没事啦，这个城市都叫亦庄（义庄）啦，这种现象就很正常[doge],2026.04.12,广东,28.0,,32,强势|观众,强势,观众,6,强势成功,38
69da7e87000000001a03484e,"今晚的亦庄机器人马拉松测试

",,8169.0,1,69db0be9000000000103dc57,,62e0f0a5000000001f0076e8,亦庄马路上跑啥都不要奇怪,2026.04.12,江苏,17.0,4.0,12,强势|观众,强势,观众,4,强势成功,38
69da7e87000000001a03484e,"今晚的亦庄机器人马拉松测试

",,8169.0,1,69dae70f00000000160173b3,,5e4217d90000000001006bd8,前几天鸵鸟跑出来了，也是这里吧？[偷笑R],2026.04.12,辽宁,16.0,4.0,21,强势|观众,强势,观众,3,强势成功,38
69da7e87000000001a03484e,"今晚的亦庄机器人马拉松测试

",,8169.0,1,69dad39200000000020340a1,,5c9c355b000000001000101f,上次这么跑的还是鸵鸟,2026.04.12,北京,4.0,0.0,10,强势|观众,强势,观众,2,强势成功,38
69da7e87000000001a03484e,"今晚的亦庄机器人马拉松测试

",,8169.0,1,69db0fc00000000015002b79,,65db607d000000000503072d,亦庄这个地方越来越神儿了……  [扯脸H][扯脸H][扯脸H][扯脸H][扯脸H][扯脸H],2026.04.12,北京,3.0,0.0,46,强势|观众,强势,观众,4,强势成功,38
69da7e87000000001a03484e,"今晚的亦庄机器人马拉松测试

",,8169.0,1,69dbd2310000000001005097,,5bcb3918d5d8f600013fd8f2,前两天跑鸵鸟，这两天开始跑机器人了，亦庄很努力的再提升形象了,2026.04.13,北京,2.0,0.0,30,强势|观众,强势,观众,9,强势成功,38
69da7e87000000001a03484e,"今晚的亦庄机器人马拉松测试

",,8169.0,1,69db01da00000000150057e4,,54e5d1a8b4c4d62084b28c70,亦庄这地儿太复杂了[捂脸R]大马路上说不准儿碰见啥在飞奔，前几天鸵鸟，现在机器人[捂脸R][捂脸R],2026.04.12,北京,2.0,0.0,50,强势|观众,强势,观众,10,强势成功,38
69da7e87000000001a03484e,"今晚的亦庄机器人马拉松测试

",,8169.0,1,69db80e5000000000203644c,,63fdc9970000000029017926,我们亦庄是这样的 一开始只是跑跑无人车，现在不是看见马路上跑鸵鸟，就是跑机器人[微笑R],2026.04.12,北京,1.0,0.0,44,强势|观众,强势,观众,10,强势成功,38
69da7e87000000001a03484e,"今晚的亦庄机器人马拉松测试

",,8169.0,1,69db152a000000000202a6f4,,5b16b3654eacab22f4907a0d,亦庄真是个神奇的地方……,2026.04.12,北京,1.0,0.0,12,强势|观众,强势,观众,4,强势成功,38
69da7e87000000001a03484e,"今晚的亦庄机器人马拉松测试

",,8169.0,1,69db07e60000000035018f4c,,57328cf26a6a6943880023f6,亦庄还是太权威了,2026.04.12,北京,1.0,0.0,8,强势|观众,强势,观众,2,强势成功,38
69da7e87000000001a03484e,"今晚的亦庄机器人马拉松测试

",,8169.0,1,69dad73e000000001500542f,,5dc58d150000000001007e6b,亦庄已经这么赛博朋克风了,2026.04.12,北京,1.0,0.0,12,强势|观众,强势,观众,3,强势成功,38
69da7e87000000001a03484e,"今晚的亦庄机器人马拉松测试

",,8169.0,2,69db2fba000000000202847a,69daf56d000000001601419c,5c14c39b0000000007014b07,有鸵鸟狂奔诡异吗[笑哭R],2026.04.12,北京,1.0,,13,强势|观众,强势,观众,3,强势成功,38
69da7e87000000001a03484e,"今晚的亦庄机器人马拉松测试

",,8169.0,2,69dcb82e0000000016014f9f,69daf56d000000001601419c,576457d06a6a695229d3dd8d,亦庄以前是军营，周围是养马（马以前也算半个军人）的和猎场。你说的那个停尸体的好像是大红门、小红门、五道口那边。,2026.04.13,北京,1.0,,55,强势|观众,强势,观众,15,强势成功,38
69da7e87000000001a03484e,"今晚的亦庄机器人马拉松测试

",,8169.0,2,69db5683000000000103efe5,69db4e13000000000d03ffba,5e9fca78000000000100648a,亦庄成机器人工厂了[吐舌头H],2026.04.12,北京,1.0,,15,强势|观众,强势,观众,3,强势成功,38
69da7e87000000001a03484e,"今晚的亦庄机器人马拉松测试

",,8169.0,2,69db3942000000003501ddc1,69daf1a9000000000103c4f0,5516b2279c5a6e18008bf44d,亦庄没啥人，都是机器人和无人车,2026.04.12,北京,1.0,,15,强势|观众,强势,观众,4,强势成功,38
69da7e87000000001a03484e,"今晚的亦庄机器人马拉松测试

",,8169.0,2,69dbc9d0000000001500adb6,69dadd5c000000003500d5fd,64c61132000000000b009eda,前几天亦庄马路上有只鸵鸟在飞奔[笑哭R],2026.04.13,北京,1.0,,20,强势|观众,强势,观众,5,强势成功,38
69da7e87000000001a03484e,"今晚的亦庄机器人马拉松测试

",,8169.0,2,69dbdd3a0000000015009b91,69dae70f00000000160173b3,5f8501780000000001004076,欲与鸵鸟试比高[捂脸R],2026.04.13,湖南,1.0,,12,强势|观众,强势,观众,2,强势成功,38
69da7e87000000001a03484e,"今晚的亦庄机器人马拉松测试

",,8169.0,1,69dbe6bf0000000035025480,,55725fc73397db5f9e76603e,鸵鸟更快,2026.04.13,北京,0.0,0.0,4,强势|观众,强势,观众,2,强势成功,38
69da7e87000000001a03484e,"今晚的亦庄机器人马拉松测试

",,8169.0,1,69dbb646000000003502e96a,,564fd678a40e183064291e7f,亦庄神奇的地方哈哈哈,2026.04.12,北京,0.0,0.0,10,强势|观众,强势,观众,3,强势成功,38
69da7e87000000001a03484e,"今晚的亦庄机器人马拉松测试

",,8169.0,1,69db9f54000000000d037878,,66535f510000000007005e37,亦庄已经发展成这样了吗？,2026.04.12,北京,0.0,0.0,12,强势|观众,强势,观众,3,强势成功,38
69da7e87000000001a03484e,"今晚的亦庄机器人马拉松测试

",,8169.0,1,69db97a800000000150035de,,5aded2864eacab07ae39f742,上周也是亦庄吧，鸵鸟狂奔那个。这周是机器人，亦庄这么多节目呢[笑哭R],2026.04.12,北京,0.0,0.0,35,强势|观众,强势,观众,8,强势成功,38
69da7e87000000001a03484e,"今晚的亦庄机器人马拉松测试

",,8169.0,1,69db8f32000000000d03e9e4,,62cad2710000000015014e87,好像一只只鸵鸟跑过去,2026.04.12,重庆,0.0,0.0,10,强势|观众,强势,观众,4,强势成功,38
69da7e87000000001a03484e,"今晚的亦庄机器人马拉松测试

",,8169.0,1,69db798c000000000202893b,,5b3602ef11be105513902a6f,亦庄真是个神奇的地方,2026.04.12,北京,0.0,0.0,10,强势|观众,强势,观众,4,强势成功,38
69da7e87000000001a03484e,"今晚的亦庄机器人马拉松测试

",,8169.0,1,69db54b000000000150059a2,,58c5fcc86a6a69337940875a,亦庄现在好魔幻，经常有机器人跑来跑去的[捂脸R],2026.04.12,北京,0.0,0.0,24,强势|观众,强势,观众,5,强势成功,38
69da7e87000000001a03484e,"今晚的亦庄机器人马拉松测试

",,8169.0,1,69db4e7f000000001400acbd,,5ee2aca1000000000100441d,亦庄老有意思了[扯脸H]去一次啥乱七八糟的都有[doge],2026.04.12,北京,0.0,0.0,29,强势|观众,强势,观众,4,强势成功,38
69da7e87000000001a03484e,"今晚的亦庄机器人马拉松测试

",,8169.0,1,69db3ed00000000015004903,,5b190c126b58b77a55c98545,亦庄简直是机器人和无人驾驶汽车的地盘,2026.04.12,北京,0.0,0.0,18,强势|观众,强势,观众,6,强势成功,38
69da7e87000000001a03484e,"今晚的亦庄机器人马拉松测试

",,8169.0,1,69db7fb1000000000c031c62,,5de0f1e60000000001003b16,荣耀那个机器人跑的是真快,2026.04.12,江西,405.0,3.0,12,强势|观众,强势,观众,3,强势成功,39
69da7e87000000001a03484e,"今晚的亦庄机器人马拉松测试

",,8169.0,1,69db843700000000350151f6,,636e306b000000001f01b9c7,你们先告诉我第几个跑过去的是荣耀的机器人？这速度生怕我看清楚啊,2026.04.12,陕西,225.0,4.0,31,强势|观众,强势,观众,8,强势成功,39
69da7e87000000001a03484e,"今晚的亦庄机器人马拉松测试

",,8169.0,1,69db8529000000000d03f3a8,,678fb06b000000000e0100ca,听说荣耀机器人也参赛了？,2026.04.12,陕西,94.0,2.0,12,强势|观众,强势,观众,4,强势成功,39
69da7e87000000001a03484e,"今晚的亦庄机器人马拉松测试

",,8169.0,1,69db85490000000035024450,,5d2095a00000000010003af0,嘎哒嘎哒嘎哒嘎哒嘎哒嘎哒，我看到了我们荣耀的机器人了,2026.04.12,福建,86.0,0.0,26,强势|观众,强势,观众,2,强势成功,39
69e45dbe000000001f00434f,"机器人跑马拉松超越人类？

",4650.0,773.0,2,69e5bbd5000000001401c031,69e5bb400000000014018810,609f592f000000000101c6e5,闪电和宇树的都是自主导航的,2026.04.20,内蒙古,42.0,,13,强势|观众,强势,观众,4,强势成功,39
69e44278000000001a0217bb,"机器人超过我的瞬间

",6019.0,372.0,2,69e4698b0000000014019809,69e46287000000001401cc26,54ec187fd39ea23226504c59,白天工，红荣耀，黑宇树。,2026.04.19,湖南,37.0,,12,强势|被超越者,强势,被超越者,3,强势成功,39
69e45dbe000000001f00434f,"机器人跑马拉松超越人类？

",4650.0,773.0,1,69e64eea000000001401a400,,65183de5000000002402fdd0,荣耀虽跑第一，但没宇树，天工帅[笑哭R][笑哭R][笑哭R],2026.04.21,云南,32.0,13.0,30,强势|观众,强势,观众,5,强势成功,39
69e463df000000001b003017,"

",3270.0,219.0,2,69e5c1c0000000001401c016,69e578ee000000001401bc24,5ec625ff000000000101c342,这个是荣耀的[暗中观察R]荣耀拿奖的时候宇树的正在玩[暗中观察R],2026.04.20,天津,32.0,,33,强势|服务者,强势,服务者,5,强势成功,39
69e45dbe000000001f00434f,"机器人跑马拉松超越人类？

",4650.0,773.0,1,69e66711000000001401bc0e,,673aeabc000000001d02e6eb,荣耀？是那个做手机的荣耀吗？,2026.04.21,北京,28.0,5.0,14,强势|观众,强势,观众,3,强势成功,39
69e463df000000001b003017,"

",3270.0,219.0,1,69e76d42000000001401b020,,55b300063397db4430baa95b,荣耀确实够强，但宇树的开始有人味儿了。,2026.04.21,江苏,22.0,1.0,19,强势|服务者,强势,服务者,6,强势成功,39
69e48341000000001a02d0c4,"机器人马拉松，我们看乐了，西方人看破防了🤣

",3931.0,1022.0,1,69f1881e000000002701dcfc,,64c22c02000000001403f234,闪电⚡️是真的帅啊，朋友们[飞吻R],2026.04.29,辽宁,22.0,1.0,18,强势|观众,强势,观众,3,强势成功,39
69e45dbe000000001f00434f,"机器人跑马拉松超越人类？

",4650.0,773.0,1,69e592270000000014018c1b,,5f98dc050000000001006799,荣耀是最像人的,2026.04.20,辽宁,20.0,4.0,7,强势|观众,强势,观众,2,强势成功,39
69e45dbe000000001f00434f,"机器人跑马拉松超越人类？

",4650.0,773.0,1,69e5de78000000001401e014,,62cbb12c0000000002003f55,荣耀第一年参赛就拿了冠军,2026.04.20,内蒙古,13.0,1.0,12,强势|观众,强势,观众,4,强势成功,39
69e48341000000001a02d0c4,"机器人马拉松，我们看乐了，西方人看破防了🤣

",3931.0,1022.0,2,69e4ad1b000000001401d422,69e4ac590000000014019815,63209b760000000023026b6e,海派兄弟小鼻嘎。本来做出来陪小孩儿的。以后说不准就是隧道选手了[笑哭R],2026.04.19,山东,13.0,,36,强势|观众,强势,观众,8,强势成功,39
69e463df000000001b003017,"

",3270.0,219.0,2,69e6ee4b0000000014019805,69e6eaf2000000001401a405,584d1de450c4b449046eeb2e,荣耀不上市，国资控股[笑哭R],2026.04.21,广西,9.0,,15,强势|服务者,强势,服务者,4,强势成功,39
69e45dbe000000001f00434f,"机器人跑马拉松超越人类？

",4650.0,773.0,1,69e6008f000000001401e401,,5aa12ff34eacab0d38efc6f2,荣耀是手机的那个牌子吗？,2026.04.20,上海,6.0,3.0,12,强势|观众,强势,观众,3,强势成功,39
69e45dbe000000001f00434f,"机器人跑马拉松超越人类？

",4650.0,773.0,1,69e61970000000001401d82b,,566d8b635e87e77816ff9028,不管怎么说，荣耀的跑步姿势第一名[笑哭R],2026.04.20,浙江,6.0,0.0,21,强势|观众,强势,观众,5,强势成功,39
69e45dbe000000001f00434f,"机器人跑马拉松超越人类？

",4650.0,773.0,2,69e5e036000000001401b816,69e4e279000000001401a41b,66630e49000000000d0279d0,也是全场跑得最稳最自然的一个仔，看来荣耀还是有点东西的！,2026.04.20,重庆,6.0,,28,强势|观众,强势,观众,6,强势成功,39
69e4412a000000002103883f,"荣耀闪电队-齐天大圣夺冠！

",3517.0,445.0,1,69e47188000000001401e81e,,5658259bb8ce1a6498a1d27d,红荣耀是男选手，银荣耀是女选手,2026.04.19,上海,4.0,1.0,15,强势|观众,强势,观众,4,强势成功,39
69e4412a000000002103883f,"荣耀闪电队-齐天大圣夺冠！

",3517.0,445.0,1,69e48a5b000000001401ac12,,5fa0a3250000000001004682,闪电是冠军,2026.04.19,湖北,4.0,0.0,5,强势|观众,强势,观众,2,强势成功,39
69e44278000000001a0217bb,"机器人超过我的瞬间

",6019.0,372.0,2,69e48070000000001401e430,69e45b5d000000001401c403,5c987c990000000016025530,白天工，红荣耀，黑宇树,2026.04.19,江苏,4.0,,11,强势|被超越者,强势,被超越者,3,强势成功,39
69da7e87000000001a03484e,"今晚的亦庄机器人马拉松测试

",,8169.0,2,69db1c920000000035008677,69db07d900000000020368d2,5ebf36e3000000000101cb3d,首先想到了闪送[偷笑R],2026.04.12,北京,4.0,,12,强势|观众,强势,观众,2,强势成功,39
69e4551e000000001f005895,"荣耀机器人赢麻了🤖我觉得它表情在嘲讽我

",,816.0,1,69e4a3840000000014019817,,601d0c030000000001005fbe,一闪而过的那个彩色爆炸头是在cos小丑吗哈哈哈哈,2026.04.19,北京,2.0,2.0,24,强势|被超越者,强势,被超越者,5,强势成功,39
69e45dbe000000001f00434f,"机器人跑马拉松超越人类？

",4650.0,773.0,1,69e5a7a00000000014019c0a,,623d271d000000002102300b,宇树天工其实都比去年进步了很多，奈何荣耀这个陈咬金太牛逼,2026.04.20,北京,2.0,0.0,28,强势|观众,强势,观众,9,强势成功,39
69e463df000000001b003017,"

",3270.0,219.0,1,69e6eaf2000000001401a405,,64633d5d0000000029010cd4,荣耀股票怎么买？？？,2026.04.21,河北,2.0,4.0,10,强势|服务者,强势,服务者,2,强势成功,39
69e44278000000001a0217bb,"机器人超过我的瞬间

",6019.0,372.0,2,69e855bd000000002b031349,69e596ed000000001401a41e,601525bd000000000101ff67,閃電真的太快了……從別人的視角看不明顯，從跑者的腳步一看簡直是絕望[石化R],2026.04.22,中国台湾,2.0,,38,强势|被超越者,强势,被超越者,11,强势成功,39
69e45dbe000000001f00434f,"机器人跑马拉松超越人类？

",4650.0,773.0,1,69e967ff000000001401ac05,,6785b919000000000803caf9,这荣耀是做手机的那个荣耀吗？,2026.04.23,广东,1.0,1.0,14,强势|观众,强势,观众,3,强势成功,39
69e45dbe000000001f00434f,"机器人跑马拉松超越人类？

",4650.0,773.0,1,69e5a24e000000001401c423,,5ca232b8000000001200e0bf,荣耀确实闪电，真快啊,2026.04.20,湖北,1.0,0.0,10,强势|观众,强势,观众,4,强势成功,39
69e4412a000000002103883f,"荣耀闪电队-齐天大圣夺冠！

",3517.0,445.0,1,69e472200000000014018c19,,5a90b19ddb2e6034cfe5ce21,闪电⚡好威武的感觉,2026.04.19,河北,1.0,1.0,9,强势|观众,强势,观众,2,强势成功,39
69e463df000000001b003017,"

",3270.0,219.0,1,69e961aa000000001401d416,,5fe6aa8e0000000001002f0b,荣耀赞赞的,2026.04.23,陕西,1.0,0.0,5,强势|服务者,强势,服务者,2,强势成功,39
69e481e8000000002003ad94,"

",,,2,69e49656000000001401e408,69e495aa0000000014019035,66626c5e000000000b03002c,检测各项技术的应用能力，很多技术需要先验证再民用的，像原来很多赛车上的技术。,2026.04.19,浙江,70.0,,38,强势|服务者,强势,服务者,14,强势成功,40
69e46730000000001d0199c8,"

",,761.0,2,69e77488000000001401982b,69e748fd0000000014019805,62281997000000001000fe57,我感觉就是测试性能的，续航持久度，关节能不能长时间快速磨损，电池或机械部位发热情况等等各种性能吧，搞个比赛大家一起对比对比互相竞争互相进步,2026.04.21,山东,62.0,,69,强势|观众,强势,观众,26,强势成功,40
69e481e8000000002003ad94,"

",,,2,69e5db97000000001401c41d,69e5db10000000001401e805,6833545b00000000060134a2,测试极限和宣传,2026.04.20,云南,24.0,,7,强势|服务者,强势,服务者,3,强势成功,40
69e481e8000000002003ad94,"

",,,2,69e49dcb0000000014018c31,69e49a050000000014019c00,6422bee50000000011022f47,测试稳定性，采集数据，测试极限性能，意义重大。,2026.04.19,广东,13.0,,23,强势|服务者,强势,服务者,9,强势成功,40
69da7e87000000001a03484e,"今晚的亦庄机器人马拉松测试

",,8169.0,2,69db2a7500000000350329af,69db1b05000000003503073f,63f35aaa000000001001dec8,你为什么觉得这种技术验证的目的是拼速度，有没有可能，速度是验证其他性能（稳定性、动力系统、控制系统）的表现方式？[笑哭R],2026.04.12,广东,11.0,,61,强势|观众,强势,观众,15,强势成功,40
69e481e8000000002003ad94,"

",,,2,69e6e9c5000000001401c011,69e6e77e0000000014019c03,625ba8530000000010008ea6,测试机器极限稳定性啊,2026.04.21,重庆,11.0,,10,强势|服务者,强势,服务者,4,强势成功,40
69e481e8000000002003ad94,"

",,,2,69e55a8e000000001401c400,69e55299000000001401d800,611d137c000000000100948e,极限施压测试，和你高考一样，考试内容对人生没啥用但考验你个人能力,2026.04.20,上海,10.0,,32,强势|服务者,强势,服务者,10,强势成功,40
69e481e8000000002003ad94,"

",,,2,69e495a2000000001401e838,69e490ae000000001401d42a,6580e505000000001902c59d,复杂度完全是两个概念，弄这个比赛是为了刺激软件算法+硬件性能，人为制造行业军备竞赛[doge],2026.04.19,澳大利亚,3.0,,47,强势|服务者,强势,服务者,15,强势成功,40
69e481e8000000002003ad94,"

",,,2,69e521e9000000001401d405,69e495250000000014019029,5a97ab7e11be100e98decc9d,都在测极限......本质是场秀肌肉拉投资的比赛。,2026.04.20,广东,3.0,,25,强势|服务者,强势,服务者,6,强势成功,40
69da7e87000000001a03484e,"今晚的亦庄机器人马拉松测试

",,8169.0,2,69db1f8e0000000002034b4c,69daef940000000001007f78,69803dd0000000002100b122,验证机器性能，平衡性什么的,2026.04.12,北京,2.0,,13,强势|观众,强势,观众,4,强势成功,40
69e481e8000000002003ad94,"

",,,2,69e49624000000001401b823,69e49576000000001401c41f,6020b61b000000000100ac0b,也是一种测试啊 浪费什么资源了…,2026.04.19,上海,2.0,,16,强势|服务者,强势,服务者,4,强势成功,40
69e481e8000000002003ad94,"

",,,1,69e61373000000001401c039,,6372d5eb000000001f01dee0,极有意义的比赛，对这种具身智能的运作可靠性和可维护性提出极大的考验。,2026.04.20,浙江,1.0,0.0,34,强势|服务者,强势,服务者,9,强势成功,40
69e481e8000000002003ad94,"

",,,2,69e59fb7000000001401a404,69e57c66000000001401e818,5b6bdc80da38be0001ad59af,测试的东西可多了，机械能不能自动计算路程，能不能精准走在路线上，机器颠簸会不会出现故障，续航如何，零件损耗等等等等,2026.04.20,广东,1.0,,57,强势|服务者,强势,服务者,18,强势成功,40
69e481e8000000002003ad94,"

",,,2,69e4a094000000001401e428,69e49eec000000001401e438,60595011000000000100b9fc,把它当作是工具，现在测试工具就不会考虑它有没有意义了。例如：汽车比赛，摩托车比赛，一样比谁的更好更强大。,2026.04.19,广东,1.0,,52,强势|服务者,强势,服务者,14,强势成功,40
69e481e8000000002003ad94,"

",,,2,69e5ae3a000000001401a80c,69e5abe6000000001401bc07,649db893000000000b0154fa,研发的外场测试啊，这是正常的程序，不然怎么调整,2026.04.20,陕西,1.0,,23,强势|服务者,强势,服务者,7,强势成功,40
69e481e8000000002003ad94,"

",,,2,69e4963d000000001401b012,69e49576000000001401c41f,5823108d82ec396c79108c7a,不测试怎么进步，完善了以后，危险的地方就可以不用人去了[微笑R],2026.04.19,上海,1.0,,32,强势|服务者,强势,服务者,7,强势成功,40
69da7e87000000001a03484e,"今晚的亦庄机器人马拉松测试

",,8169.0,1,69db60d8000000000d03e794,,62771f8900000000210274c5,昨天不知道要搞测试，夜里回家到处都拦上，绕半天没回来！最后还是给开了个临时口才回到家。[笑哭R][笑哭R],2026.04.12,北京,0.0,0.0,53,强势|观众,强势,观众,14,强势成功,40
69da7e87000000001a03484e,"今晚的亦庄机器人马拉松测试

",,8169.0,1,69db3b4e000000001400a045,,5d2eb5f6000000001103ed2d,是为了考验极限在哪吧,2026.04.12,法国,0.0,0.0,10,强势|观众,强势,观众,3,强势成功,40
69da7e87000000001a03484e,"今晚的亦庄机器人马拉松测试

",,8169.0,1,69db25af000000003501d194,,5d29fb65000000001602581d,小本子要是知道你们半夜测试这个，估计瑟瑟发抖,2026.04.12,浙江,0.0,0.0,22,强势|观众,强势,观众,8,强势成功,40
69da7e87000000001a03484e,"今晚的亦庄机器人马拉松测试

",,8169.0,1,69db218700000000350214b2,,5efec25d0000000001004095,测试电池续航，电机性能，雷达视觉，自主能力，整体平衡性，速度，,2026.04.12,江苏,0.0,0.0,31,强势|观众,强势,观众,12,强势成功,40
69da7e87000000001a03484e,"今晚的亦庄机器人马拉松测试

",,8169.0,1,69db19d80000000015009327,,5fe1ef75000000000101fc29,这个应该是测试稳定性，电池，平衡等，很有意义，就比如说很多人说F1赛车有什么意义，但是很多人不知道，涡轮发动机当刚发明出来的时候，就是在f1赛车上实验,2026.04.12,福建,0.0,0.0,75,强势|观众,强势,观众,20,强势成功,40
69da7e87000000001a03484e,"今晚的亦庄机器人马拉松测试

",,8169.0,1,69db10240000000002036624,,6287111400000000210241a6,在我的印象里，不成熟产品应该是完成各个科目的基础测试。而不是博眼球,2026.04.12,湖南,0.0,0.0,33,强势|观众,强势,观众,9,强势成功,40
69da7e87000000001a03484e,"今晚的亦庄机器人马拉松测试

",,8169.0,1,69daf024000000001400af91,,61ecfe1f000000002102a5e5,几点开始测试的，我说怎么大晚上两边都是交警,2026.04.12,北京,0.0,0.0,21,强势|观众,强势,观众,6,强势成功,40
69da7e87000000001a03484e,"今晚的亦庄机器人马拉松测试

",,8169.0,1,69db1a1b00000000020287fa,,5a5d81ca11be1018e02db522,这有啥好测的，他又不会累[微笑R],2026.04.12,北京,0.0,0.0,17,强势|观众,强势,观众,2,强势成功,40
69e481e8000000002003ad94,"

",,,1,69e75fc50000000014019c0b,,666d10dc0000000003032837,这是机械性和耐用性的检验,2026.04.21,山东,0.0,0.0,12,强势|服务者,强势,服务者,3,强势成功,40
69e481e8000000002003ad94,"

",,,1,69e5a7fe000000001401b80f,,63e51e8a0000000026010f15,这种比赛训练的意义就类比踢足球你首先得训练自己的体力可以跑满90分钟的比赛，只有经常各类测试才能知道各种零件的参数极限。只不过把实验室测试搬到了户外变成比赛，再宣传一下而已,2026.04.20,广东,0.0,0.0,86,强势|服务者,强势,服务者,31,强势成功,40
69e481e8000000002003ad94,"

",,,1,69e5876a000000001401bc21,,5d04e02c000000001103f6b7,耐用性、可靠性有待提升！,2026.04.20,广西,0.0,0.0,12,强势|服务者,强势,服务者,4,强势成功,40
69e481e8000000002003ad94,"

",,,1,69e57754000000001401ac0c,,5921f3e882ec396177375416,考验平衡和稳定性，最重要的是推动机械和动力技术的突破。,2026.04.20,河南,0.0,0.0,27,强势|服务者,强势,服务者,9,强势成功,40
69e481e8000000002003ad94,"

",,,1,69e4a649000000001401e435,,60cd9386000000000101e59f,耐久性测试,2026.04.19,天津,0.0,0.0,5,强势|服务者,强势,服务者,2,强势成功,40
69e481e8000000002003ad94,"

",,,1,69e4a2fa000000001401d414,,60cd6090000000000101c2ce,意义是让投资者观摩目前进度。展示软件学习功能和硬件反应和可靠度。增进融资信心，培养专业人才，让背后隐藏项目可持续发展！依照目前电机反应和性能，蓝领的工作岗位也堪忧了,2026.04.19,新加坡,0.0,0.0,82,强势|服务者,强势,服务者,30,强势成功,40
69e46730000000001d0199c8,"

",,761.0,1,69e46b1c000000001401c433,,5ab5b34f11be10767aeeb06d,你解说的好棒 太逗了[偷笑R],2026.04.19,北京,1223.0,19.0,15,强势|观众,强势,观众,2,强势成功,41
69e46730000000001d0199c8,"

",,761.0,1,69e4db75000000001401c83d,,5fabf660000000000100a676,强烈要求主播下界要上去解说 更精彩,2026.04.19,福建,380.0,4.0,17,强势|观众,强势,观众,6,强势成功,41
69e46730000000001d0199c8,"

",,761.0,1,69e5043c0000000014019c02,,56f5fb37aed7582656b7a83b,你的解说好松弛,2026.04.20,新疆,40.0,1.0,7,强势|观众,强势,观众,2,强势成功,41
69e46730000000001d0199c8,"

",,761.0,1,69e56111000000001401b002,,5b2d0f936b58b73d38ca5119,你说话的节奏很像脱口秀的鸟鸟老师,2026.04.20,安徽,19.0,1.0,16,强势|观众,强势,观众,5,强势成功,41
69e46730000000001d0199c8,"

",,761.0,1,69e571650000000014019413,,62fcdd32000000001200d436,解说是鸟鸟老师吗？,2026.04.20,江苏,4.0,3.0,9,强势|观众,强势,观众,3,强势成功,41
69e46730000000001d0199c8,"

",,761.0,1,69e7aa7d0000000014018c00,,67d3f44b000000000e010726,本来就好笑，配你的解说更好笑，笑的我肚子疼,2026.04.22,北京,4.0,0.0,21,强势|观众,强势,观众,5,强势成功,41
69e46730000000001d0199c8,"

",,761.0,1,69e476d7000000001401e831,,653ef6650000000004009acc,看来大家公认这个解说不错。[doge],2026.04.19,北京,3.0,0.0,19,强势|观众,强势,观众,5,强势成功,41
69e46730000000001d0199c8,"

",,761.0,1,69e46f1b000000001401900c,,5a42123511be1058b517e7a7,我咋那么喜欢听你的解说呢[飞吻R],2026.04.19,上海,3.0,0.0,17,强势|观众,强势,观众,2,强势成功,41
69e46730000000001d0199c8,"

",,761.0,1,69e479ac000000001401c401,,5ef4c88200000000010008ee,NND，你太会解说了[笑哭R],2026.04.19,上海,2.0,0.0,15,强势|观众,强势,观众,3,强势成功,41
69e46730000000001d0199c8,"

",,761.0,1,69e70134000000001401d814,,67fda915000000000d008468,看了这么多解说，您是最专业的[私信R][赞R][红书R],2026.04.21,广东,2.0,0.0,28,强势|观众,强势,观众,2,强势成功,41
69e46730000000001d0199c8,"

",,761.0,1,69e52d7a000000001401bc00,,65e858d1000000000d026615,哈哈哈哈解说太幽默了[笑哭R][笑哭R][笑哭R]我喜欢草帽小可爱,2026.04.20,四川,2.0,0.0,33,强势|观众,强势,观众,5,强势成功,41
69e46730000000001d0199c8,"

",,761.0,1,69e4e0a1000000001401900a,,5990652e5e87e73d8eb899b2,感觉鸟鸟在解说,2026.04.19,天津,2.0,0.0,7,强势|观众,强势,观众,2,强势成功,41
69e46730000000001d0199c8,"

",,761.0,1,69e4c3d7000000001401b837,,5dc3947e0000000001002b65,加上你的解说就更好笑了[笑哭R],2026.04.19,浙江,2.0,0.0,16,强势|观众,强势,观众,3,强势成功,41
69e46730000000001d0199c8,"

",,761.0,1,69e4bf51000000001401b805,,67c15971000000000d009b79,你好有趣，你的解说也好有趣，有灵魂的美女[萌萌哒R],2026.04.19,北京,2.0,0.0,26,强势|观众,强势,观众,7,强势成功,41
69e46730000000001d0199c8,"

",,761.0,2,69e5838f000000001401a817,69e46b1c000000001401c433,623c0b56000000002102b1df,我也觉得 本来视频一般般 她一解说 就变味了[捂脸R][捂脸R][捂脸R][捂脸R]笑死我了,2026.04.20,内蒙古,2.0,,46,强势|观众,强势,观众,5,强势成功,41
69e4551e000000001f005895,"荣耀机器人赢麻了🤖我觉得它表情在嘲讽我

",,816.0,1,69e47e08000000001401bc23,,64e023be000000000100dc9f,主播还有礼貌,2026.04.19,北京,1.0,3.0,6,强势|被超越者,强势,被超越者,2,强势成功,41
69e481e8000000002003ad94,"

",,,1,69e48e1f000000001401a415,,67886a69000000000801a9ed,赞美欧姆尼赛亚,2026.04.19,北京,1.0,0.0,7,强势|服务者,强势,服务者,3,强势成功,41
69e46730000000001d0199c8,"

",,761.0,1,69e4a0e4000000001401c823,,5ffd5c9500000000010092d5,解说挺逗 美女也是有意思的姑娘,2026.04.19,河北,1.0,0.0,15,强势|观众,强势,观众,4,强势成功,41
69e46730000000001d0199c8,"

",,761.0,1,69e49fee000000001401e812,,62bc6257000000001501e53a,解说太逗了，看了三遍[大笑R],2026.04.19,北京,1.0,0.0,15,强势|观众,强势,观众,3,强势成功,41
69e46730000000001d0199c8,"

",,761.0,1,69e704a0000000001401ac09,,5e06fde90000000001005fcd,你的解说太可爱了哈哈哈哈……浑身肌无力的时候我笑出了声[笑哭R],2026.04.21,北京,1.0,0.0,32,强势|观众,强势,观众,4,强势成功,41
69e46730000000001d0199c8,"

",,761.0,1,69e6bc5c000000001401ac05,,624e469a000000001000d7a4,听你解说更想笑了哈哈哈哈哈,2026.04.21,美国,1.0,0.0,13,强势|观众,强势,观众,2,强势成功,41
69e46730000000001d0199c8,"

",,761.0,1,69e6563f000000001401b821,,5bedb4a88d18e100011acf94,解说不错[偷笑R],2026.04.21,浙江,1.0,0.0,9,强势|观众,强势,观众,2,强势成功,41
69e46730000000001d0199c8,"

",,761.0,1,69e5b630000000001401bc0a,,60c5a9b4000000002002fb68,每个都有解说哈哈哈哈,2026.04.20,山东,1.0,0.0,10,强势|观众,强势,观众,2,强势成功,41
69e46730000000001d0199c8,"

",,761.0,1,69e580b2000000001401d817,,5817fa0b82ec392dc31e8587,好家伙，你居然挨个解说点评了[笑哭R],2026.04.20,北京,1.0,0.0,19,强势|观众,强势,观众,5,强势成功,41
69e46730000000001d0199c8,"

",,761.0,1,69e56a00000000001401d809,,5db59b500000000001000da0,好可爱的解说,2026.04.20,新加坡,1.0,0.0,6,强势|观众,强势,观众,2,强势成功,41
69e46730000000001d0199c8,"

",,761.0,1,69e53b41000000001401e403,,667cf8fe0000000003033f60,你这个解说笑死了 这么小出来打工哈哈哈,2026.04.20,上海,1.0,0.0,19,强势|观众,强势,观众,2,强势成功,41
69e46730000000001d0199c8,"

",,761.0,1,69e4f2b1000000001401d837,,60d1f82b0000000001006c7c,你的解说笑的我没法睡[笑哭R][笑哭R][笑哭R],2026.04.19,山西,1.0,0.0,25,强势|观众,强势,观众,2,强势成功,41
69e46730000000001d0199c8,"

",,761.0,1,69e4ea66000000001401e441,,5fbd2c5b00000000010055bf,解说的好淡好幽默好精准哈哈哈哈,2026.04.19,安徽,1.0,0.0,15,强势|观众,强势,观众,4,强势成功,41
69e46730000000001d0199c8,"

",,761.0,1,69e4c1cc000000001401c421,,5fbf9b840000000001001319,解说到位,2026.04.19,江苏,1.0,0.0,4,强势|观众,强势,观众,2,强势成功,41
69e46730000000001d0199c8,"

",,761.0,1,69e4b349000000001401ac1a,,5fe5d29c0000000001005aa3,你解说的声音好好听[赞R]风格也好有意思,2026.04.19,广西,1.0,0.0,20,强势|观众,强势,观众,6,强势成功,41
69e481e8000000002003ad94,"

",,,1,69e6003e000000001401940d,,5fd0f54c0000000001009cc8,将来成功用到战场上，一个机器人就能扺100个人了！,2026.04.20,安徽,16.0,10.0,25,强势|服务者,强势,服务者,7,强势成功,42
69da7e87000000001a03484e,"今晚的亦庄机器人马拉松测试

",,8169.0,2,69db059f0000000001007cf0,69db04af000000000202912f,6019764c000000000100b90a,人型机器人的动作协调性需要复杂的算法实现。你这话等于说核弹有什么大不了的，大一点的炮仗罢了[微笑R],2026.04.12,广东,16.0,,50,强势|观众,强势,观众,15,强势成功,42
69e447d2000000001d01aa01,"当算法有了腿，程序员万万没想到……

",,2912.0,1,69e49876000000001401e40e,,64643637000000000c01b1d2,你有没有想过，这个成本几千块钱的机器人塞满了tnt，直接顶着火力往阵地上冲的感觉。,2026.04.19,湖北,13.0,6.0,41,强势|服务者,强势,服务者,10,强势成功,42
69e44278000000001a0217bb,"机器人超过我的瞬间

",6019.0,372.0,2,69e4894a000000001401ac24,69e480d7000000001401e02e,5ecfe82c0000000001003456,你可以想象一下，真正战场，一个机器人摔倒后碰到一群机器人，然后那群机器人应激乱开枪的场面[偷笑R],2026.04.19,天津,13.0,,49,强势|被超越者,强势,被超越者,14,强势成功,42
69e45dbe000000001f00434f,"机器人跑马拉松超越人类？

",4650.0,773.0,1,69e643d1000000001401bc27,,6414cec70000000012011df7,让这些机器人拿着一把真理向敌人阵地冲去，就问对面怕不怕？[哇R],2026.04.20,重庆,9.0,12.0,32,强势|观众,强势,观众,9,强势成功,42
69e481e8000000002003ad94,"

",,,2,69e5a90b000000001401cc17,69e4a4c50000000014018c1e,6664260c0000000007004ad9,你是说你准备顶着机器人上的高清摄像头、相控阵雷达和机枪，去近身割几根电线？[doge],2026.04.20,内蒙古,8.0,,43,强势|服务者,强势,服务者,10,强势成功,42
69e481e8000000002003ad94,"

",,,2,69e4a0e4000000001401940f,69e493ff000000001401941a,62387711000000001000a2de,嗯，万一有战争，你家出活人，我家出机器，火拼吧,2026.04.19,上海,5.0,,23,强势|服务者,强势,服务者,7,强势成功,42
69e45dbe000000001f00434f,"机器人跑马拉松超越人类？

",4650.0,773.0,2,69e53e0e0000000014019802,69e50619000000001401ac01,5ba8a707f2175f000199ffbf,以后真正打仗的时候是派这些机器人先上去而不是先派你上去做炮灰你就知道它们的作用了[doge],2026.04.20,广东,4.0,,46,强势|观众,强势,观众,10,强势成功,42
69e481e8000000002003ad94,"

",,,1,69e48794000000001401dc06,,680a3da7000000000e01f5b2,想想几万个机器人肩扛火箭炮，手持冲锋枪，抢滩登陆的样子[飞吻R],2026.04.19,山东,3.0,0.0,32,强势|服务者,强势,服务者,9,强势成功,42
69da7e87000000001a03484e,"今晚的亦庄机器人马拉松测试

",,8169.0,1,69dbbeac000000001500ba51,,613892e50000000002026074,陆军各集团军合成旅空降兵军合成旅海军陆战队合成旅都可以编成一个机器人营！,2026.04.12,浙江,2.0,0.0,36,强势|观众,强势,观众,10,强势成功,42
69da7e87000000001a03484e,"今晚的亦庄机器人马拉松测试

",,8169.0,2,69db168f0000000015002fe8,69db15d6000000003502d6a5,65e3059e00000000050083b2,消灭敌人用的是四足机器人[偷笑R],2026.04.12,上海,2.0,,17,强势|观众,强势,观众,4,强势成功,42
69da7e87000000001a03484e,"今晚的亦庄机器人马拉松测试

",,8169.0,1,69db0cc80000000015009d6f,,5befb4714b5cbd00010f2e7e,有机器人也挺好的，战场上就不用血肉之躯战斗了，就像那个环太平洋2那样最好，远程操控，又不用人类上场，又不用怕机器人有意识反了[doge],2026.04.12,广东,1.0,0.0,68,强势|观众,强势,观众,16,强势成功,42
69da7e87000000001a03484e,"今晚的亦庄机器人马拉松测试

",,8169.0,1,69db035e0000000035010ac5,,6095401b000000000101cdd1,在战场上一个不怕死的机器人拿把枪   站你面前你慌不慌,2026.04.12,江苏,1.0,0.0,27,强势|观众,强势,观众,5,强势成功,42
69e481e8000000002003ad94,"

",,,1,69e4a7da000000001401d84f,,5f1d4fe00000000001007d40,后期让机器人上战场是最实在的,2026.04.19,浙江,1.0,1.0,14,强势|服务者,强势,服务者,4,强势成功,42
69e481e8000000002003ad94,"

",,,1,69e65e37000000001401d808,,5e8a953a000000000100bdfe,我在想这个以后会不会运用到战场⬆️，自杀式机器人[微笑R],2026.04.21,江苏,1.0,3.0,29,强势|服务者,强势,服务者,4,强势成功,42
69e481e8000000002003ad94,"

",,,1,69e8cec7000000001401a021,,6346e2a9000000001901fd66,未来战士feel喔,2026.04.22,广东,1.0,0.0,9,强势|服务者,强势,服务者,2,强势成功,42
69e481e8000000002003ad94,"

",,,1,69e6f456000000001401d81e,,5c3697ba000000000702eb32,如果这种机器人技术成熟了，千万这样的机器人拿起了武器冲锋，敌人看了会不会崩溃？,2026.04.21,河南,1.0,0.0,39,强势|服务者,强势,服务者,11,强势成功,42
69e481e8000000002003ad94,"

",,,1,69e63657000000001401a42e,,61aee8390000000010007f7b,我靠，这玩意一人背一把巴雷特，在战场上跑，一个机器人打一个坦克,2026.04.20,上海,1.0,0.0,31,强势|服务者,强势,服务者,7,强势成功,42
69e481e8000000002003ad94,"

",,,1,69e59d8a000000001401bc12,,5c05c98b6b58b74db255bf4a,想想以后战争，你躲在地形复杂的掩体里，坦克开不上来，飞机炸不到，然后有个人形机器人抱着炸弹流畅得像一名跑酷运动员一样像你冲过来，你怕不怕[汗颜R][汗颜R][汗颜R][汗颜R],2026.04.20,广东,1.0,0.0,88,强势|服务者,强势,服务者,19,强势成功,42
69e481e8000000002003ad94,"

",,,1,69e4a7c6000000001401a821,,6373b86f000000001f015d6d,想起以后的城市战，敌人分散躲在城市废墟里埋伏，突然看到远处飞来一堆无人机，地上还有一群机械狼，经过一阵鏖战终于顶过去之后，在烟雾中看到人型大喜，以为终于可以杀敌了，结果那个人形头上亮红灯了。,2026.04.19,广东,1.0,2.0,95,强势|服务者,强势,服务者,31,强势成功,42
69e481e8000000002003ad94,"

",,,1,69e4a7c5000000001401b824,,5dafc4d50000000001006a2b,大家畅想一下，未来战场当老美看到犹如电影复联2里犹如奥创大军般的机器人冲过来他们是什么感觉[斜眼R][斜眼R][斜眼R][斜眼R],2026.04.19,浙江,1.0,0.0,65,强势|服务者,强势,服务者,15,强势成功,42
69e481e8000000002003ad94,"

",,,1,69e4a0f6000000001401ac1d,,61c087610000000010007897,未来发展方向 比如高原边境冲突 机器人拿着冷兵器和对面干 或者基于这样的机器人改装的外骨骼 拿着重型冷兵器干,2026.04.19,河南,1.0,0.0,54,强势|服务者,强势,服务者,18,强势成功,42
69da7e87000000001a03484e,"今晚的亦庄机器人马拉松测试

",,8169.0,2,69db5d480000000015004282,69daf96f0000000015001390,5db712e8000000000100834a,机器人也有，比如保姆机器人，还有战争机器人，台湾老破小小区估计要登楼梯作战,2026.04.12,河南,1.0,,37,强势|观众,强势,观众,12,强势成功,42
69da7e87000000001a03484e,"今晚的亦庄机器人马拉松测试

",,8169.0,2,69db2ddc0000000035017432,69db12970000000035018b53,6777f4c7000000001801c174,未来就是这样 一个连队只有几个操控人员 其他都是机器人 无人机,2026.04.12,广东,1.0,,31,强势|观众,强势,观众,10,强势成功,42
69e45dbe000000001f00434f,"机器人跑马拉松超越人类？

",4650.0,773.0,2,69e6f2d4000000001401d432,69e643d1000000001401bc27,5e0551390000000001006d09,就怕以后机器人的社会价值比人高，上战场的还是人[doge],2026.04.21,四川,1.0,,29,强势|观众,强势,观众,6,强势成功,42
69da7e87000000001a03484e,"今晚的亦庄机器人马拉松测试

",,8169.0,1,69dbd06a00000000350108a7,,5caf6103000000001601bd94,打仗的时候机器人很管用啊,2026.04.13,四川,0.0,0.0,12,强势|观众,强势,观众,3,强势成功,42
69da7e87000000001a03484e,"今晚的亦庄机器人马拉松测试

",,8169.0,1,69db961d000000001400b521,,64ec6111000000000100dd28,暴恐机动队啊[doge],2026.04.12,广西,0.0,0.0,12,强势|观众,强势,观众,2,强势成功,42
69da7e87000000001a03484e,"今晚的亦庄机器人马拉松测试

",,8169.0,1,69db3648000000000d03fa2a,,5842e55a6a6a692150b0fd42,能让这些机器人去战斗吗,2026.04.12,广东,0.0,0.0,11,强势|观众,强势,观众,3,强势成功,42
69da7e87000000001a03484e,"今晚的亦庄机器人马拉松测试

",,8169.0,1,69db0c3d0000000035028cdd,,59c479c244363b4d5de5c112,想想战场上 几十台这种机器人迎面冲刺而来 恐怖[捂脸R][捂脸R],2026.04.12,上海,0.0,0.0,33,强势|观众,强势,观众,7,强势成功,42
69da7e87000000001a03484e,"今晚的亦庄机器人马拉松测试

",,8169.0,1,69db075c000000000100569e,,66b6ba4e000000001d02369e,在战场上一群扛着机枪火箭筒机器人这种速度冲上来，敌人是什么感受[doge],2026.04.12,安徽,0.0,0.0,37,强势|观众,强势,观众,10,强势成功,42
69e481e8000000002003ad94,"

",,,2,69e49b14000000001401d807,69e4962e000000001401b006,646af215000000002a00a44c,赛车伺候的人更多,2026.04.19,江苏,33.0,,8,强势|服务者,强势,服务者,4,强势成功,43
69e481e8000000002003ad94,"

",,,2,69e49603000000001401c845,69e490ae000000001401d42a,5c337a4b000000000501acfe,那叫赛车比赛[笑哭R],2026.04.19,福建,6.0,,11,强势|服务者,强势,服务者,2,强势成功,43
69e48341000000001a02d0c4,"机器人马拉松，我们看乐了，西方人看破防了🤣

",3931.0,1022.0,2,69e4b72a000000001401e41d,69e49ab00000000014018801,662c5e5a0000000003033183,我想你在问的大概是汽车拉力赛,2026.04.19,北京,4.0,,14,强势|观众,强势,观众,3,强势成功,43
69e481e8000000002003ad94,"

",,,2,69e491360000000014018c0d,69e490ae000000001401d42a,5c3f33c800000000050010d7,那干嘛不赛车,2026.04.19,上海,2.0,,6,强势|服务者,强势,服务者,2,强势成功,43
69e48341000000001a02d0c4,"机器人马拉松，我们看乐了，西方人看破防了🤣

",3931.0,1022.0,2,69e4aaf8000000001401d435,69e49ab00000000014018801,601496b8000000000101d34f,那个归类赛车,2026.04.19,上海,2.0,,6,强势|观众,强势,观众,2,强势成功,43
69e481e8000000002003ad94,"

",,,1,69e4901b000000001401c01c,,60f237920000000001005fc3,这跟赛车比赛有区别吗？,2026.04.19,辽宁,1.0,0.0,11,强势|服务者,强势,服务者,3,强势成功,43
69e481e8000000002003ad94,"

",,,2,69e5c8e0000000001401ac0c,69e49a5c000000001401ac0a,5bbc718a9bc81b0001818825,汽车比赛[黑薯问号R][黑薯问号R][黑薯问号R]🚗,2026.04.20,四川,1.0,,26,强势|服务者,强势,服务者,2,强势成功,43
69e481e8000000002003ad94,"

",,,2,69e4a64c000000001401cc38,69e490ae000000001401d42a,586051d46a6a6906ad6d55ba,你说的是赛车比赛么[呃R],2026.04.19,浙江,1.0,,13,强势|服务者,强势,服务者,2,强势成功,43
69e481e8000000002003ad94,"

",,,1,69e49d5c000000001401901f,,55696cbd62a60c47dec9cf67,我的赛车人 要更快一些,2026.04.19,四川,0.0,0.0,11,强势|服务者,强势,服务者,3,强势成功,43
69e481e8000000002003ad94,"

",,,1,69e49b5e0000000014018c10,,67513251000000001d02cf5b,跟赛马有什么区别呢,2026.04.19,浙江,0.0,0.0,9,强势|服务者,强势,服务者,2,强势成功,43
69e481e8000000002003ad94,"

",,,1,69e498c6000000001401c41a,,5f5f458000000000010079fc,有种看赛车比赛的感觉,2026.04.19,山东,0.0,0.0,10,强势|服务者,强势,服务者,3,强势成功,43
69e481e8000000002003ad94,"

",,,1,69e49712000000001401e001,,5667926f6a6a690467f79f16,跟赛车一样,2026.04.19,北京,0.0,0.0,5,强势|服务者,强势,服务者,2,强势成功,43
69e481e8000000002003ad94,"

",,,1,69eaccc90000000014019005,,56cd99191c07df7de6ab12c3,去赛车场注意安全,2026.04.24,云南,0.0,0.0,8,强势|服务者,强势,服务者,2,强势成功,43
69e481e8000000002003ad94,"

",,,1,69e7103b0000000014018c05,,5d632b600000000001005116,这跟接力赛有什么区别,2026.04.21,北京,0.0,0.0,10,强势|服务者,强势,服务者,2,强势成功,43
69e481e8000000002003ad94,"

",,,1,69e57416000000001401e815,,5574122833f60c0db7debafa,咋跟赛车一样,2026.04.20,四川,0.0,0.0,6,强势|服务者,强势,服务者,2,强势成功,43
69e481e8000000002003ad94,"

",,,1,69e5259b000000001401a007,,5c9069a4000000001203e3bf,你家赛车这样的？,2026.04.20,广东,0.0,0.0,8,强势|服务者,强势,服务者,3,强势成功,43
69e481e8000000002003ad94,"

",,,1,69e4a5fd000000001401c832,,610d1df8000000000100280c,赛车级待遇,2026.04.19,广东,0.0,0.0,5,强势|服务者,强势,服务者,2,强势成功,43
69e481e8000000002003ad94,"

",,,1,69e4a3f00000000014019024,,578d87f67fc5b847cfd71e23,和赛马一样呗,2026.04.19,上海,0.0,0.0,6,强势|服务者,强势,服务者,2,强势成功,43
69da7e87000000001a03484e,"今晚的亦庄机器人马拉松测试

",,8169.0,2,69db2c210000000035021cc9,69daef940000000001007f78,6303f703000000001200f026,那赛车干嘛,2026.04.12,美国,0.0,,5,强势|观众,强势,观众,2,强势成功,43
69da7e87000000001a03484e,"今晚的亦庄机器人马拉松测试

",,8169.0,2,69db0d8d000000000d03439c,69db02c8000000003501de1d,585e842a82ec3912756728c4,哈哈哈哈汽车人禁止参赛,2026.04.12,北京,0.0,,11,强势|观众,强势,观众,4,强势成功,43
69e481e8000000002003ad94,"

",,,2,69edcdd5000000002803252f,69e49a5c000000001401ac0a,598d264c5e87e720bfb2303a,赛车比赛也挺多的，没人拦着你去看啊。,2026.04.26,广东,0.0,,18,强势|服务者,强势,服务者,4,强势成功,43
69e481e8000000002003ad94,"

",,,2,69e60bba000000001401b003,69e49a5c000000001401ac0a,5bdfd025cb78a100012f1e61,直接看赛车不更好吗？,2026.04.20,山东,0.0,,10,强势|服务者,强势,服务者,2,强势成功,43
69e481e8000000002003ad94,"

",,,2,69e49bbb000000001401ac2f,69e4962e000000001401b006,68de1e080000000037009ab6,所以赛车就是观赏性的运动，还是那种有钱人玩的,2026.04.19,广东,0.0,,22,强势|服务者,强势,服务者,5,强势成功,43
69e481e8000000002003ad94,"

",,,2,69e4a749000000001401dc31,69e4962e000000001401b006,59f48fe3e8ac2b41eccae9f6,赛车有很多类型的也有量产车的,2026.04.19,四川,0.0,,14,强势|服务者,强势,服务者,4,强势成功,43
69e481e8000000002003ad94,"

",,,2,69e49a06000000001401940e,69e490ae000000001401d42a,6278f8b50000000021028826,有没有可能那叫赛车[doge],2026.04.19,福建,0.0,,15,强势|服务者,强势,服务者,2,强势成功,43
69e481e8000000002003ad94,"

",,,2,69e49b64000000001401dc02,69e490ae000000001401d42a,5f07cbd6000000000101e266,你那是赛车，另外一组，在上海[得意R][偷笑R][笑哭R],2026.04.19,四川,0.0,,29,强势|服务者,强势,服务者,4,强势成功,43
69e481e8000000002003ad94,"

",,,2,69e5139b0000000014019c04,69e490ae000000001401d42a,629da9d20000000019028af8,因为有赛车比赛了[捂脸R],2026.04.20,加拿大,0.0,,13,强势|服务者,强势,服务者,2,强势成功,43
69e481e8000000002003ad94,"

",,,2,69e56f1b000000001401c018,69e490ae000000001401d42a,6371a221000000001f0150ee,那叫赛车比赛,2026.04.20,山东,0.0,,6,强势|服务者,强势,服务者,2,强势成功,43
69e481e8000000002003ad94,"

",,,2,69e57db5000000001401e429,69e490ae000000001401d42a,5b3b8dd611be105ae13c01a0,你说的是不是赛车,2026.04.20,陕西,0.0,,8,强势|服务者,强势,服务者,2,强势成功,43
69e481e8000000002003ad94,"

",,,2,69e599ae000000001401c83d,69e490ae000000001401d42a,5c0f7d2300000000060074d0,你真是天才，发明了赛车比赛[笑哭R][笑哭R],2026.04.20,浙江,0.0,,23,强势|服务者,强势,服务者,5,强势成功,43
69da7e87000000001a03484e,"今晚的亦庄机器人马拉松测试

",,8169.0,2,69dad2c3000000001400ad2e,69dab64a0000000016015dcc,5e2123dd0000000001000de4,有一个视频是一个机器人失控自己跑了，后面两个程序员玩命追[偷笑R],2026.04.12,北京,61.0,,33,强势|观众,强势,观众,7,强势成功,44
69e44278000000001a0217bb,"机器人超过我的瞬间

",6019.0,372.0,1,69e4647a000000001401bc13,,6122783a000000002002d11d,这个机器人在2。7公里处怼护栏上退赛,2026.04.19,北京,14.0,4.0,18,强势|被超越者,强势,被超越者,4,强势成功,44
69e44278000000001a0217bb,"机器人超过我的瞬间

",6019.0,372.0,1,69e443c50000000014019c00,,5b49b1fef7e8b916796a619d,机器人跑姿不错[偷笑R]我是热崩了,2026.04.19,北京,9.0,4.0,17,强势|被超越者,强势,被超越者,3,强势成功,44
69da7e87000000001a03484e,"今晚的亦庄机器人马拉松测试

",,8169.0,1,69dae3bd000000001500924b,,630433be000000000f0055ba,最后那个机器人姿态最好,2026.04.12,北京,6.0,1.0,11,强势|观众,强势,观众,4,强势成功,44
69e44278000000001a0217bb,"机器人超过我的瞬间

",6019.0,372.0,1,69e4c709000000001401ac19,,5a25445311be1046d96b3d85,這個是哪家的什麼型號的機器人，跑的好帥啊啊啊[大笑R],2026.04.19,中国香港,3.0,2.0,27,强势|被超越者,强势,被超越者,7,强势成功,44
69e481e8000000002003ad94,"

",,,1,69e488fa000000001401bc15,,6306ca0d000000001200ed7b,这个姿态真的挺像人的，不管是停下来还是起步跑。机器人离实操做来越近了,2026.04.19,广东,3.0,0.0,34,强势|服务者,强势,服务者,9,强势成功,44
69e481e8000000002003ad94,"

",,,1,69e499e8000000001401c83b,,659920930000000022000497,机器人减速站住这两步挺帅的。,2026.04.19,云南,2.0,0.0,14,强势|服务者,强势,服务者,5,强势成功,44
69e447d2000000001d01aa01,"当算法有了腿，程序员万万没想到……

",,2912.0,2,69e470e0000000001401d827,69e45575000000001401e004,621ddac6000000002102735d,机器人chua的跑，第1反应撒丫子追啊。等去找个自行车或电瓶车，机器人都没影了。,2026.04.19,天津,2.0,,40,强势|服务者,强势,服务者,9,强势成功,44
69e44278000000001a0217bb,"机器人超过我的瞬间

",6019.0,372.0,1,69e5a26e000000001401c412,,6288597c0000000021021fdc,机器人跑步的姿态好舒展,2026.04.20,上海,1.0,0.0,11,强势|被超越者,强势,被超越者,4,强势成功,44
69da7e87000000001a03484e,"今晚的亦庄机器人马拉松测试

",,8169.0,1,69daf23400000000350259fa,,689dca32000000001900c114,机器人领跑员[偷笑R],2026.04.12,河南,1.0,0.0,11,强势|观众,强势,观众,2,强势成功,44
69e481e8000000002003ad94,"

",,,1,69e77c090000000014018c04,,5c2cca41000000000501ff22,每次看到人形机器人跑步我就想起这货来,2026.04.21,山东,1.0,0.0,18,强势|服务者,强势,服务者,5,强势成功,44
69e481e8000000002003ad94,"

",,,1,69e635730000000014019039,,63df81b40000000026004f70,我不行了，这些机器人跑得太好笑了,2026.04.20,湖南,1.0,0.0,16,强势|服务者,强势,服务者,4,强势成功,44
69e481e8000000002003ad94,"

",,,1,69e4a13a000000001401b015,,55689169f5a26364ef72d398,哈哈哈哈，机器人跑了，拿遥控的人也要跟着跑,2026.04.19,广东,1.0,0.0,21,强势|服务者,强势,服务者,4,强势成功,44
69e481e8000000002003ad94,"

",,,1,69e4a6fe0000000014019c0d,,58b7e6ad82ec390ebffa2515,这机器人造的，不是跳舞就是跑步的，玩吧，你们开心就好,2026.04.19,北京,1.0,7.0,26,强势|服务者,强势,服务者,6,强势成功,44
69e45dbe000000001f00434f,"机器人跑马拉松超越人类？

",4650.0,773.0,1,69e52076000000001401a803,,5f6cd0190000000001005aa8,在找双肩摇晃 左右上臂翘起的机器人，更像女生跑步，很优雅[偷笑R],2026.04.20,日本,1.0,4.0,33,强势|观众,强势,观众,9,强势成功,44
69e45dbe000000001f00434f,"机器人跑马拉松超越人类？

",4650.0,773.0,1,69e51f56000000001401a005,,660610cb000000000600e886,机器人的跑姿居然也不一样，很有个性,2026.04.20,江苏,1.0,0.0,17,强势|观众,强势,观众,4,强势成功,44
69e45dbe000000001f00434f,"机器人跑马拉松超越人类？

",4650.0,773.0,1,69e4f31e000000001401bc06,,61dfb3cc0000000010009f5c,这是跟机器人一起跑步的快乐吗？[捂脸R],2026.04.19,广东,1.0,0.0,20,强势|观众,强势,观众,4,强势成功,44
69e447d2000000001d01aa01,"当算法有了腿，程序员万万没想到……

",,2912.0,1,69e470c6000000001401cc07,,678e2dda00000000080168ed,这个好像说机器人自己跑了程序员抱着电脑去追[doge][捂脸R],2026.04.19,甘肃,1.0,0.0,32,强势|服务者,强势,服务者,4,强势成功,44
69e46730000000001d0199c8,"

",,761.0,1,69e5e4e50000000014018c21,,62a87103000000001b02a3ea,机器人跑的搞笑程度100%，博主解说的搞笑程度10000000%[捂脸R][捂脸R][捂脸R],2026.04.20,山东,1.0,0.0,47,强势|观众,强势,观众,9,强势成功,44
69e44278000000001a0217bb,"机器人超过我的瞬间

",6019.0,372.0,2,69e49328000000001401ac24,69e48dfa000000001401dc07,615d9371000000000201b81e,对哦，机器人可以穿黑丝跑步，赞美机械,2026.04.19,陕西,1.0,,18,强势|被超越者,强势,被超越者,5,强势成功,44
69e44278000000001a0217bb,"机器人超过我的瞬间

",6019.0,372.0,1,69e5a72c000000001401c422,,60df363400000000200282b0,你看机器人跑多了，感觉博主都是像机器人一样在跑[捂脸R],2026.04.20,重庆,0.0,0.0,28,强势|被超越者,强势,被超越者,4,强势成功,44
69e44278000000001a0217bb,"机器人超过我的瞬间

",6019.0,372.0,1,69e494670000000014018806,,620e36b60000000010008898,为什么看机器人跑这么搞笑啊[捂脸R][捂脸R][捂脸R],2026.04.19,北京,0.0,0.0,28,强势|被超越者,强势,被超越者,3,强势成功,44
69e4551e000000001f005895,"荣耀机器人赢麻了🤖我觉得它表情在嘲讽我

",,816.0,1,69e4a3b3000000001401dc1a,,5b7772a8d88eb300018cb0b7,机器人这人站一根跑道[微笑R],2026.04.19,四川,0.0,0.0,15,强势|被超越者,强势,被超越者,4,强势成功,44
69da7e87000000001a03484e,"今晚的亦庄机器人马拉松测试

",,8169.0,1,69db783a000000000d0378e3,,65cad3e1000000000b035b24,不小心让程序员发现了机器人最佳跑步姿势,2026.04.12,天津,0.0,0.0,19,强势|观众,强势,观众,7,强势成功,44
69da7e87000000001a03484e,"今晚的亦庄机器人马拉松测试

",,8169.0,1,69db550f000000003502b812,,5aeed77e4eacab685df1296b,看到封面我还在想，机器人套着红塑料袋跑是什么操作[doge],2026.04.12,广东,0.0,0.0,30,强势|观众,强势,观众,5,强势成功,44
69da7e87000000001a03484e,"今晚的亦庄机器人马拉松测试

",,8169.0,1,69db3ac4000000003501dc6c,,5cac80a300000000170072ec,想想下周要和这些机器人一起跑[汗颜R][汗颜R][汗颜R]我还是慢跑得了,2026.04.12,北京,0.0,0.0,36,强势|观众,强势,观众,6,强势成功,44
69da7e87000000001a03484e,"今晚的亦庄机器人马拉松测试

",,8169.0,1,69db38500000000015002fa4,,590f88ea82ec3974388ba307,我才发现每家的机器人跑步姿势都不一样嗳[呃R],2026.04.12,上海,0.0,0.0,23,强势|观众,强势,观众,6,强势成功,44
69da7e87000000001a03484e,"今晚的亦庄机器人马拉松测试

",,8169.0,1,69db3596000000000c0311de,,63880dfb000000001e010612,真棒，机器人也做足疗吗,2026.04.12,广东,0.0,0.0,11,强势|观众,强势,观众,3,强势成功,44
69da7e87000000001a03484e,"今晚的亦庄机器人马拉松测试

",,8169.0,1,69db20b900000000150040aa,,5c64446d0000000011019899,哈哈哈怎么感觉机器人跑起来有点可爱,2026.04.12,天津,0.0,0.0,17,强势|观众,强势,观众,3,强势成功,44
69da7e87000000001a03484e,"今晚的亦庄机器人马拉松测试

",,8169.0,1,69db1c3c000000000d03e96c,,5eb5d6290000000001001621,这机器人咋跑起来姿态那么猥琐？,2026.04.12,北京,0.0,0.0,15,强势|观众,强势,观众,4,强势成功,44
69e4412a000000002103883f,"荣耀闪电队-齐天大圣夺冠！

",3517.0,445.0,1,69e479760000000014019c2a,,63611635000000001f01fe37,哈哈，拿着奶嘴就上来了，小卡拉咪,2026.04.19,安徽,105.0,7.0,16,强势|观众,强势,观众,3,强势成功,45
69e44278000000001a0217bb,"机器人超过我的瞬间

",6019.0,372.0,2,69e47ec3000000001401a006,69e47b6f000000001401940b,640eef5400000000290130ae,胸前还挂了一个奶嘴[捂脸R][捂脸R],2026.04.19,浙江,50.0,,19,强势|被超越者,强势,被超越者,2,强势成功,45
69e48341000000001a02d0c4,"机器人马拉松，我们看乐了，西方人看破防了🤣

",3931.0,1022.0,1,69e49529000000001401e421,,5f0fc49f000000000101c8f9,最后俩还没断奶就去跑步了啊,2026.04.19,山东,30.0,4.0,13,强势|观众,强势,观众,3,强势成功,45
69e48341000000001a02d0c4,"机器人马拉松，我们看乐了，西方人看破防了🤣

",3931.0,1022.0,1,69e4c1aa000000001401b800,,5a796b8511be103887778c4d,手上拿着奶瓶干嘛啊[笑哭R],2026.04.19,四川,24.0,13.0,14,强势|观众,强势,观众,3,强势成功,45
69e48341000000001a02d0c4,"机器人马拉松，我们看乐了，西方人看破防了🤣

",3931.0,1022.0,1,69e4bdd6000000001401e414,,579d91116a6a690445b0e8ce,那个小小机器人还拿着个奶瓶？？？[捂脸R][捂脸R][捂脸R],2026.04.19,江苏,16.0,8.0,31,强势|观众,强势,观众,2,强势成功,45
69e48341000000001a02d0c4,"机器人马拉松，我们看乐了，西方人看破防了🤣

",3931.0,1022.0,2,69e4f583000000001401a81f,69e4c1aa000000001401b800,69558ff10000000037005d71,胸前还有奶嘴！,2026.04.19,上海,11.0,,7,强势|观众,强势,观众,2,强势成功,45
69e48341000000001a02d0c4,"机器人马拉松，我们看乐了，西方人看破防了🤣

",3931.0,1022.0,2,69e56764000000001401d411,69e55a82000000001401c004,669e33be000000002401e11b,前面还挂了个奶嘴,2026.04.20,广东,10.0,,8,强势|观众,强势,观众,2,强势成功,45
69e46730000000001d0199c8,"

",,761.0,2,69e46b47000000001401c029,69e46b1c000000001401c433,5ab5b34f11be10767aeeb06d,在一看 水瓶  哈哈哈,2026.04.19,北京,9.0,,11,强势|观众,强势,观众,2,强势成功,45
69e4551e000000001f005895,"荣耀机器人赢麻了🤖我觉得它表情在嘲讽我

",,816.0,2,69e49acf000000001401dc32,69e49413000000001401dc2c,608c6f17000000000100a22f,手拿着奶瓶[偷笑R],2026.04.19,上海,8.0,,10,强势|被超越者,强势,被超越者,2,强势成功,45
69e48341000000001a02d0c4,"机器人马拉松，我们看乐了，西方人看破防了🤣

",3931.0,1022.0,1,69e4ac590000000014019815,,612dfbfd000000000101659d,最后两个奶瓶选手吗？,2026.04.19,广东,7.0,1.0,10,强势|观众,强势,观众,4,强势成功,45
69e48341000000001a02d0c4,"机器人马拉松，我们看乐了，西方人看破防了🤣

",3931.0,1022.0,1,69e4a4e3000000001401c838,,613cae7e000000001f034854,奶瓶组绷不住了[笑哭R][笑哭R][笑哭R],2026.04.19,山东,7.0,0.0,22,强势|观众,强势,观众,3,强势成功,45
69e48341000000001a02d0c4,"机器人马拉松，我们看乐了，西方人看破防了🤣

",3931.0,1022.0,2,69e4df48000000001401d812,69e4bdd6000000001401e414,5c65e016000000001002b234,还有个不仅提着奶瓶，脖子上还挂个奶嘴，可爱死了[笑哭R],2026.04.19,广东,5.0,,28,强势|观众,强势,观众,6,强势成功,45
69e4412a000000002103883f,"荣耀闪电队-齐天大圣夺冠！

",3517.0,445.0,1,69e476b2000000001401e012,,65b047f50000000018021f8c,小鼻嘎揣着小奶瓶太逗了[笑哭R],2026.04.19,上海,4.0,0.0,16,强势|观众,强势,观众,4,强势成功,45
69e4412a000000002103883f,"荣耀闪电队-齐天大圣夺冠！

",3517.0,445.0,2,69e47e950000000014019807,69e47d38000000001401c423,5fae278a000000000101c60c,还有个举着奶瓶🍼跑的，[捂脸R][捂脸R],2026.04.19,上海,4.0,,21,强势|观众,强势,观众,2,强势成功,45
69e48341000000001a02d0c4,"机器人马拉松，我们看乐了，西方人看破防了🤣

",3931.0,1022.0,2,69e522d3000000001401dc03,69e4c1aa000000001401b800,5d30b227000000001202a50c,还是喝奶的年纪呗,2026.04.20,福建,4.0,,8,强势|观众,强势,观众,2,强势成功,45
69e48341000000001a02d0c4,"机器人马拉松，我们看乐了，西方人看破防了🤣

",3931.0,1022.0,1,69e51086000000001401a400,,54e4c4e0e7798967d62f7730,我的天呐，奶嘴，哈哈哈哈,2026.04.20,北京,3.0,1.0,12,强势|观众,强势,观众,2,强势成功,45
69e4412a000000002103883f,"荣耀闪电队-齐天大圣夺冠！

",3517.0,445.0,1,69e47f8e000000001401b822,,5ff1bebb000000000100b905,看出来了孩子们全是扁平足，甚至还有没断奶的，拿着奶瓶就上场了[笑哭R],2026.04.19,湖北,2.0,1.0,35,强势|观众,强势,观众,7,强势成功,45
69e48341000000001a02d0c4,"机器人马拉松，我们看乐了，西方人看破防了🤣

",3931.0,1022.0,1,69e49ecb0000000014019400,,6080dff70000000001001967,那两个小的是拿着奶瓶就上来了吗？,2026.04.19,浙江,2.0,1.0,16,强势|观众,强势,观众,3,强势成功,45
69e48341000000001a02d0c4,"机器人马拉松，我们看乐了，西方人看破防了🤣

",3931.0,1022.0,1,69e4b961000000001401e426,,650da33b0000000017021149,吊着奶瓶的宝宝都出来营业了，可见我们多猛！[大笑R][大笑R],2026.04.19,上海,2.0,0.0,31,强势|观众,强势,观众,6,强势成功,45
69e48341000000001a02d0c4,"机器人马拉松，我们看乐了，西方人看破防了🤣

",3931.0,1022.0,2,69e4d281000000001401941e,69e4bdd6000000001401e414,63dcc799000000002702b656,拿奶瓶的倒数第一,2026.04.19,浙江,2.0,,8,强势|观众,强势,观众,3,强势成功,45
69e45dbe000000001f00434f,"机器人跑马拉松超越人类？

",4650.0,773.0,1,69e56e36000000001401e008,,657029960000000019011da5,还是喜欢那个还没断奶的[暗中观察R],2026.04.20,江苏,1.0,0.0,18,强势|观众,强势,观众,2,强势成功,45
69e46730000000001d0199c8,"

",,761.0,1,69e575f4000000001401d80d,,5dc7b4a50000000001006a96,小鼻嘎？小鼻屎的意思吗[doge],2026.04.20,辽宁,1.0,1.0,17,强势|观众,强势,观众,3,强势成功,45
69e4412a000000002103883f,"荣耀闪电队-齐天大圣夺冠！

",3517.0,445.0,1,69e46eb9000000001401981b,,5dbc6a4d0000000001008d07,最喜欢 小奶瓶哥 哈哈哈,2026.04.19,山西,1.0,0.0,12,强势|观众,强势,观众,2,强势成功,45
69e48341000000001a02d0c4,"机器人马拉松，我们看乐了，西方人看破防了🤣

",3931.0,1022.0,1,69e4fda0000000001401c413,,6229e54e0000000010005c29,不分成人组和儿童组吗？那个拿奶瓶🍼的很吃亏啊[偷笑R][偷笑R],2026.04.20,江苏,1.0,0.0,32,强势|观众,强势,观众,5,强势成功,45
69e48341000000001a02d0c4,"机器人马拉松，我们看乐了，西方人看破防了🤣

",3931.0,1022.0,1,69e4a6480000000014019802,,5aec6e4e11be103d7b8b6ef9,最后那个小可爱还拿着奶瓶[笑哭R][偷笑R],2026.04.19,四川,1.0,0.0,22,强势|观众,强势,观众,3,强势成功,45
69e48341000000001a02d0c4,"机器人马拉松，我们看乐了，西方人看破防了🤣

",3931.0,1022.0,1,69e49a1b000000001401c418,,5d303c96000000001003133c,小比嘎真的好可爱，以后可以当小孩子的玩具的,2026.04.19,四川,1.0,0.0,21,强势|观众,强势,观众,5,强势成功,45
69da7e87000000001a03484e,"今晚的亦庄机器人马拉松测试

",,8169.0,2,69db165c00000000140093f1,69dac8d7000000000c0319f8,65e3059e00000000050083b2,我提两箱牛奶让他们改了,2026.04.12,上海,1.0,,11,强势|观众,强势,观众,3,强势成功,45
69e48341000000001a02d0c4,"机器人马拉松，我们看乐了，西方人看破防了🤣

",3931.0,1022.0,2,69e57f28000000001401c40b,69e4c1aa000000001401b800,5e60ad6f0000000001002f05,宝宝跑累了要喝奶啊,2026.04.20,上海,1.0,,9,强势|观众,强势,观众,2,强势成功,45
69e48341000000001a02d0c4,"机器人马拉松，我们看乐了，西方人看破防了🤣

",3931.0,1022.0,2,69e4db96000000001401d845,69e4bdd6000000001401e414,56faa1244775a733d19b7306,估计没时间喝奶不够力了[大笑R],2026.04.19,广东,1.0,,16,强势|观众,强势,观众,4,强势成功,45
69da7e87000000001a03484e,"今晚的亦庄机器人马拉松测试

",,8169.0,1,69db06cb0000000035026da6,,5b319af611be1050f089a622,厨房的锅糊了我奶也是这么跑过去的,2026.04.12,北京,0.0,0.0,16,强势|观众,强势,观众,4,强势成功,45
69e4412a000000002103883f,"荣耀闪电队-齐天大圣夺冠！

",3517.0,445.0,2,69e464d4000000001401e823,69e46094000000001401a41b,5fc221b70000000001007c68,甩起来更有助于平衡,2026.04.19,四川,417.0,,9,强势|观众,强势,观众,3,强势成功,46
69e4412a000000002103883f,"荣耀闪电队-齐天大圣夺冠！

",3517.0,445.0,1,69e46094000000001401a41b,,605c251400000000010076a1,机器人跑步需要甩臂吗？还是只是为了看着更像人,2026.04.19,上海,61.0,34.0,22,强势|观众,强势,观众,8,强势成功,46
69da7e87000000001a03484e,"今晚的亦庄机器人马拉松测试

",,8169.0,2,69db081d0000000015006510,69db06f4000000000d036c86,5b096849f7e8b92277caf69f,你可以不摆双臂跑跑步试试 不摆不容易保持平衡,2026.04.12,北京,34.0,,22,强势|观众,强势,观众,5,强势成功,46
69da7e87000000001a03484e,"今晚的亦庄机器人马拉松测试

",,8169.0,1,69db06f4000000000d036c86,,565b6e9da40e18253408d199,是脚不是轮胎我能理解，可是我正经询问一下，为什么机器人跑步要摆动双臂？,2026.04.12,江苏,31.0,29.0,35,强势|观众,强势,观众,12,强势成功,46
69e4412a000000002103883f,"荣耀闪电队-齐天大圣夺冠！

",3517.0,445.0,2,69e4698b000000001401c400,69e46094000000001401a41b,64d6b49b000000000100fc67,甩臂会保持平衡,2026.04.19,加拿大,18.0,,7,强势|观众,强势,观众,2,强势成功,46
69da7e87000000001a03484e,"今晚的亦庄机器人马拉松测试

",,8169.0,2,69db121a00000000010079ba,69db06f4000000000d036c86,5b10829d6b58b70a8184cbff,人没有陀螺仪所以要摆臂，机器是可以有陀螺仪的。,2026.04.12,江苏,3.0,,23,强势|观众,强势,观众,5,强势成功,46
69da7e87000000001a03484e,"今晚的亦庄机器人马拉松测试

",,8169.0,1,69db4219000000000103cac7,,53faa27bb4c4d604dfccc538,原来它们跑步也要摆臂[doge],2026.04.12,北京,2.0,0.0,16,强势|观众,强势,观众,3,强势成功,46
69e46730000000001d0199c8,"

",,761.0,1,69e5011f000000001401cc0b,,594aac4750c4b4031f9bf642,机器人跑步也要摆臂吗,2026.04.20,山东,2.0,3.0,10,强势|观众,强势,观众,3,强势成功,46
69e4412a000000002103883f,"荣耀闪电队-齐天大圣夺冠！

",3517.0,445.0,2,69e47e5a000000001401c003,69e46094000000001401a41b,5ff1f7ed000000000101d18b,你跑的快点，看看不甩臂跑的协调不,2026.04.19,浙江,2.0,,16,强势|观众,强势,观众,4,强势成功,46
69e48341000000001a02d0c4,"机器人马拉松，我们看乐了，西方人看破防了🤣

",3931.0,1022.0,2,69e4c5dc000000001401e829,69e4bf4e0000000014019431,63cfb2e10000000027028d15,你可以尝试一下跑步的时候抱紧双臂，就明白了[害羞R],2026.04.19,山东,2.0,,26,强势|观众,强势,观众,6,强势成功,46
69e45dbe000000001f00434f,"机器人跑马拉松超越人类？

",4650.0,773.0,1,69e76fbb000000001401e845,,63c8e54a0000000026011b97,为什么机器人跑步也要把手前后摆动[笑哭R][笑哭R],2026.04.21,四川,1.0,1.0,26,强势|观众,强势,观众,6,强势成功,46
69e45dbe000000001f00434f,"机器人跑马拉松超越人类？

",4650.0,773.0,1,69e556ca000000001401a003,,575c1e7750c4b40a1d1372c2,不摆臂是不是也行？,2026.04.20,北京,1.0,0.0,9,强势|观众,强势,观众,2,强势成功,46
69e48341000000001a02d0c4,"机器人马拉松，我们看乐了，西方人看破防了🤣

",3931.0,1022.0,1,69e4bf4e0000000014019431,,668f9d67000000000f0353ca,话说回来，为什么机器人跑步也要摆臂？还是说要保持平衡？[吧唧R][吧唧R],2026.04.19,江苏,1.0,6.0,37,强势|观众,强势,观众,6,强势成功,46
69da7e87000000001a03484e,"今晚的亦庄机器人马拉松测试

",,8169.0,2,69db10c30000000015008bd3,69db06f4000000000d036c86,5b613ae2b1da1460f7bcf32d,人跑步为啥要摆臂？,2026.04.12,天津,1.0,,9,强势|观众,强势,观众,3,强势成功,46
69e4412a000000002103883f,"荣耀闪电队-齐天大圣夺冠！

",3517.0,445.0,2,69e483fb000000001401e01e,69e46094000000001401a41b,5bc293604e62c20001265bae,摆臂肯定比不摆臂协调跑得快,2026.04.19,浙江,1.0,,13,强势|观众,强势,观众,5,强势成功,46
69da7e87000000001a03484e,"今晚的亦庄机器人马拉松测试

",,8169.0,1,69dbe542000000000d034bb9,,625c0d990000000010007c12,机器人也需要摆臂平衡吗,2026.04.13,河北,0.0,0.0,11,强势|观众,强势,观众,4,强势成功,46
69da7e87000000001a03484e,"今晚的亦庄机器人马拉松测试

",,8169.0,1,69dba54a000000000103c388,,5ce52432000000001200d1aa,上半身看上去没有很大幅度，为什么还是需要摆臂？求问原理[捂脸R],2026.04.12,江苏,0.0,0.0,32,强势|观众,强势,观众,8,强势成功,46
69da7e87000000001a03484e,"今晚的亦庄机器人马拉松测试

",,8169.0,1,69db9ea3000000003500d111,,6243a6e400000000020254db,机器人跑步也要摆臂吗？,2026.04.12,广东,0.0,0.0,11,强势|观众,强势,观众,3,强势成功,46
69da7e87000000001a03484e,"今晚的亦庄机器人马拉松测试

",,8169.0,1,69db9e0300000000350291c0,,5cac67a500000000160003ed,为什么机器人跑步也要摔臂？,2026.04.12,中国香港,0.0,0.0,13,强势|观众,强势,观众,4,强势成功,46
69da7e87000000001a03484e,"今晚的亦庄机器人马拉松测试

",,8169.0,1,69db868c00000000010052ab,,5af31cd7e8ac2b5d7e683593,机器人跑步真的需要摆臂吗,2026.04.12,浙江,0.0,0.0,12,强势|观众,强势,观众,5,强势成功,46
69da7e87000000001a03484e,"今晚的亦庄机器人马拉松测试

",,8169.0,1,69db838c000000000c033ccb,,5a9e4e614eacab3e4f1150a1,摆臂对机器人来说有何意义？,2026.04.12,上海,0.0,0.0,13,强势|观众,强势,观众,4,强势成功,46
69da7e87000000001a03484e,"今晚的亦庄机器人马拉松测试

",,8169.0,1,69db6bc30000000015001cef,,6416727a0000000012013d37,为什么要摆臂,2026.04.12,广东,0.0,0.0,6,强势|观众,强势,观众,2,强势成功,46
69da7e87000000001a03484e,"今晚的亦庄机器人马拉松测试

",,8169.0,1,69db4e5a000000003500d896,,5796e0415e87e71b241cf008,手不摆动，跑不快吗,2026.04.12,广西,0.0,0.0,9,强势|观众,强势,观众,2,强势成功,46
69da7e87000000001a03484e,"今晚的亦庄机器人马拉松测试

",,8169.0,1,69db3daa000000000d03619c,,5aafe2a111be1047955a0ff0,机器人就不用摆臂了吧,2026.04.12,上海,0.0,0.0,10,强势|观众,强势,观众,3,强势成功,46
69da7e87000000001a03484e,"今晚的亦庄机器人马拉松测试

",,8169.0,1,69db35ca0000000035026320,,65ead132000000000500c094,机器人了，为啥还要摆臂？,2026.04.12,河南,0.0,0.0,12,强势|观众,强势,观众,3,强势成功,46
69da7e87000000001a03484e,"今晚的亦庄机器人马拉松测试

",,8169.0,1,69db054b000000000d03d740,,612e3f7a000000000201b49b,他们是不是不需要摆臂,2026.04.12,北京,0.0,4.0,10,强势|观众,强势,观众,3,强势成功,46
69da7e87000000001a03484e,"今晚的亦庄机器人马拉松测试

",,8169.0,1,69db2f5f0000000015007b6f,,5e5479c90000000001001a73,这胳膊非摆不可嘛[笑哭R],2026.04.12,黑龙江,0.0,0.0,13,强势|观众,强势,观众,2,强势成功,46
69da7e87000000001a03484e,"今晚的亦庄机器人马拉松测试

",,8169.0,1,69db28cc000000003501dcd5,,5a6218c8db2e601241de7eaf,摆臂感觉可以去掉,2026.04.12,北京,0.0,0.0,8,强势|观众,强势,观众,2,强势成功,46
69da7e87000000001a03484e,"今晚的亦庄机器人马拉松测试

",,8169.0,1,69db2819000000000d034b8a,,61b19b7600000000210232b1,其实机器人跑步不需要摆臂[偷笑R] 摆臂的时候髋关节也会动嘛，,2026.04.12,云南,0.0,0.0,31,强势|观众,强势,观众,8,强势成功,46
69da7e87000000001a03484e,"今晚的亦庄机器人马拉松测试

",,8169.0,1,69db24700000000035009fef,,633e3d84000000001802dcf8,人跑步摆手是为了保持平衡，机器人跑步摆手是为了？,2026.04.12,广东,0.0,0.0,24,强势|观众,强势,观众,9,强势成功,46
69e447d2000000001d01aa01,"当算法有了腿，程序员万万没想到……

",,2912.0,2,69e46c0f000000001401c835,69e45fee0000000014019c18,5c447c21000000000502474f,然后猝死了，心源性...[笑哭R][笑哭R],2026.04.19,四川,153.0,,22,强势|服务者,强势,服务者,2,强势成功,47
69da7e87000000001a03484e,"今晚的亦庄机器人马拉松测试

",,8169.0,1,69db01a30000000001007604,,67b1dfdc000000000e01dbb2,大晚上这样冲刺对心脏不好,2026.04.12,广西,43.0,4.0,12,强势|观众,强势,观众,5,强势成功,47
69e447d2000000001d01aa01,"当算法有了腿，程序员万万没想到……

",,2912.0,2,69e470de000000001401bc32,69e45fee0000000014019c18,64b7b6520000000014038df7,然后增加猝死概率[笑哭R]不是什么时候运动都是有好处的[笑哭R],2026.04.19,湖北,30.0,,32,强势|服务者,强势,服务者,5,强势成功,47
69e447d2000000001d01aa01,"当算法有了腿，程序员万万没想到……

",,2912.0,2,69e463b10000000014019c02,69e44a84000000001401b822,5fc5f0f10000000001000df7,猝死概率加大[doge],2026.04.19,湖北,13.0,,12,强势|服务者,强势,服务者,3,强势成功,47
69e447d2000000001d01aa01,"当算法有了腿，程序员万万没想到……

",,2912.0,2,69e48802000000001401900a,69e45fee0000000014019c18,5ec8b3ac0000000001002a9f,就是熬夜+运动容易猝死,2026.04.19,湖北,3.0,,11,强势|服务者,强势,服务者,4,强势成功,47
69e447d2000000001d01aa01,"当算法有了腿，程序员万万没想到……

",,2912.0,1,69e4a835000000001401880a,,624524bb000000001000f22d,熬夜+高强度运动，咋感觉猝死概率更大了呢[笑哭R],2026.04.19,北京,2.0,0.0,25,强势|服务者,强势,服务者,6,强势成功,47
69e447d2000000001d01aa01,"当算法有了腿，程序员万万没想到……

",,2912.0,1,69e46e0c000000001401e028,,5f1f05ea00000000010050e9,程序员猝死几率更高了[doge],2026.04.19,四川,2.0,0.0,16,强势|服务者,强势,服务者,3,强势成功,47
69e447d2000000001d01aa01,"当算法有了腿，程序员万万没想到……

",,2912.0,1,69e46ad2000000001401d418,,565664359eb5787fc5d78405,又要熬夜又要久坐这下还要马拉松，妈呀猝死套装齐活儿了[doge],2026.04.19,江苏,2.0,0.0,32,强势|服务者,强势,服务者,9,强势成功,47
69e447d2000000001d01aa01,"当算法有了腿，程序员万万没想到……

",,2912.0,1,69e4912a000000001401e00d,,64507e08000000002a00a1ea,经常熬夜突然这样折腾受得了吗,2026.04.19,广东,1.0,0.0,14,强势|服务者,强势,服务者,6,强势成功,47
69e447d2000000001d01aa01,"当算法有了腿，程序员万万没想到……

",,2912.0,1,69e48b9c000000001401e403,,628090ef0000000021023daf,麻麻终于不用担心我天天熬夜身体顶不住辣[偷笑R],2026.04.19,安徽,1.0,0.0,24,强势|服务者,强势,服务者,8,强势成功,47
69e447d2000000001d01aa01,"当算法有了腿，程序员万万没想到……

",,2912.0,1,69e45efb000000001401a418,,5b1bd8e1e8ac2b3729648b49,这下好了，上班脑力和体力的消耗都打满。得千万注意睡眠和健康饮食，不然怕猝死。当然，好处是，只要调节得当，体质应该会练得相当好了,2026.04.19,北京,1.0,0.0,63,强势|服务者,强势,服务者,21,强势成功,47
69e447d2000000001d01aa01,"当算法有了腿，程序员万万没想到……

",,2912.0,2,69e483a7000000001401a405,69e45fee0000000014019c18,694f8693000000003201ed0d,更容易猝死了[捂脸R],2026.04.19,湖南,1.0,,11,强势|服务者,强势,服务者,2,强势成功,47
69e447d2000000001d01aa01,"当算法有了腿，程序员万万没想到……

",,2912.0,2,69e48b83000000001401d438,69e45fee0000000014019c18,61b728f000000000100091a3,猝死了就永远不会有健康问题了[doge],2026.04.19,北京,1.0,,20,强势|服务者,强势,服务者,4,强势成功,47
69e447d2000000001d01aa01,"当算法有了腿，程序员万万没想到……

",,2912.0,2,69e84b41000000001401b809,69e45fee0000000014019c18,6006be18000000000100b85a,既要熬夜，又要剧烈运动，更容易猝死了[捂脸R],2026.04.22,上海,1.0,,23,强势|服务者,强势,服务者,5,强势成功,47
69da7e87000000001a03484e,"今晚的亦庄机器人马拉松测试

",,8169.0,1,69db2b7b000000000103d334,,634e18cf000000001802c1de,你熬夜剪视频就剪了个这,2026.04.12,山东,0.0,0.0,11,强势|观众,强势,观众,2,强势成功,47
69e447d2000000001d01aa01,"当算法有了腿，程序员万万没想到……

",,2912.0,1,69e49d77000000001401dc27,,559a9869b7ba2244e0392cf0,好怕猝死[笑哭R][笑哭R],2026.04.19,北京,0.0,0.0,14,强势|服务者,强势,服务者,2,强势成功,47
69e447d2000000001d01aa01,"当算法有了腿，程序员万万没想到……

",,2912.0,1,69e49cb1000000001401c833,,61628f130000000002018b2f,挺好的，多运动防猝死,2026.04.19,陕西,0.0,0.0,10,强势|服务者,强势,服务者,2,强势成功,47
69e447d2000000001d01aa01,"当算法有了腿，程序员万万没想到……

",,2912.0,1,69e462ad000000001401a801,,687d2ffb000000001d00aac3,[捂脸R]这么搞不怕猝死了？,2026.04.19,湖南,0.0,0.0,14,强势|服务者,强势,服务者,2,强势成功,47
69e447d2000000001d01aa01,"当算法有了腿，程序员万万没想到……

",,2912.0,1,69e45ec9000000001401bc26,,5dfaf091000000000100b7d1,这下程序员猝死几率又上升了,2026.04.19,云南,0.0,0.0,13,强势|服务者,强势,服务者,5,强势成功,47
69da7e87000000001a03484e,"今晚的亦庄机器人马拉松测试

",,8169.0,2,69deedde0000000031030bc5,69daef220000000035024590,654461b00000000006007c0e,换个思路，在心源性猝死的时候，附近就有投放了大量的机器人，飞奔过来给你做便携式除颤[偷笑R],2026.04.15,广东,0.0,,46,强势|观众,强势,观众,12,强势成功,47
69da7e87000000001a03484e,"今晚的亦庄机器人马拉松测试

",,8169.0,2,69db19060000000016014a8e,69daef940000000001007f78,5f4287f50000000001002c20,我还不理解抽烟有害健康会得癌会死人你怎么还抽呢[抠鼻R],2026.04.12,海南,0.0,,28,强势|观众,强势,观众,7,强势成功,47
69e481e8000000002003ad94,"

",,,2,69e99d2d000000001401c807,69e653eb0000000014018807,5905311482ec393487fe1378,说的也是，容易脑出血。,2026.04.23,湖北,0.0,,11,强势|服务者,强势,服务者,2,强势成功,47
69e447d2000000001d01aa01,"当算法有了腿，程序员万万没想到……

",,2912.0,2,69e51402000000001401d808,69e44a84000000001401b822,68f36e500000000037004628,还是会猝死，因为白天跑步晚上熬夜，容易跑步途中突发心梗了[笑哭R],2026.04.20,重庆,0.0,,33,强势|服务者,强势,服务者,10,强势成功,47
69e447d2000000001d01aa01,"当算法有了腿，程序员万万没想到……

",,2912.0,2,69e566ce000000001401e817,69e44a84000000001401b822,645ccfc20000000014011726,熬夜加班在剧烈运动更容易猝死了[笑哭R],2026.04.20,北京,0.0,,20,强势|服务者,强势,服务者,5,强势成功,47
69e447d2000000001d01aa01,"当算法有了腿，程序员万万没想到……

",,2912.0,2,69e573c2000000001401b817,69e44a84000000001401b822,5a1ab2ca11be104a7a1e77e8,过劳之后剧烈运动，更容易猝死,2026.04.20,北京,0.0,,14,强势|服务者,强势,服务者,5,强势成功,47
69e447d2000000001d01aa01,"当算法有了腿，程序员万万没想到……

",,2912.0,2,69e58e7d000000001401b80b,69e44a84000000001401b822,5ba8228a7962400001987744,熬夜+高强度运动，死得更快了[笑哭R][汗颜R],2026.04.20,山东,0.0,,24,强势|服务者,强势,服务者,5,强势成功,47
69e447d2000000001d01aa01,"当算法有了腿，程序员万万没想到……

",,2912.0,2,69e59410000000001401d805,69e44a84000000001401b822,59f9b78511be1019b1367b4c,[捂脸R]熬夜后剧烈运动更容易嘎吧躺下,2026.04.20,江苏,0.0,,19,强势|服务者,强势,服务者,3,强势成功,47
69e447d2000000001d01aa01,"当算法有了腿，程序员万万没想到……

",,2912.0,2,69e5fcad0000000014018804,69e44a84000000001401b822,5c60e36200000000180019fc,又加班又马拉松 容易猝死[哭惹R],2026.04.20,北京,0.0,,17,强势|服务者,强势,服务者,4,强势成功,47
69e447d2000000001d01aa01,"当算法有了腿，程序员万万没想到……

",,2912.0,2,69e6cc18000000001401e409,69e44a84000000001401b822,6117f0c0000000000101cb90,我咋感觉更容易猝死了，高强度工作还得高强度跑步[doge],2026.04.21,浙江,0.0,,29,强势|服务者,强势,服务者,6,强势成功,47
69e447d2000000001d01aa01,"当算法有了腿，程序员万万没想到……

",,2912.0,2,69e80c9f0000000014018c02,69e44a84000000001401b822,5a816bd8e8ac2b60ab59fe40,这很容易猝死呀,2026.04.22,中国香港,0.0,,7,强势|服务者,强势,服务者,2,强势成功,47
69e481e8000000002003ad94,"

",,,2,69e48c670000000014019c17,69e48adf000000001401b835,601bee430000000001008006,不要人启动了？[扯脸H][扯脸H][扯脸H],2026.04.19,山东,8.0,,22,强势|服务者,强势,服务者,3,强势成功,48
69e481e8000000002003ad94,"

",,,1,69e48a5e000000001401ac19,,62a20a2e000000002102ab4b,这有啥用啊！前线等他去补给呢，他等人类来补给,2026.04.19,江苏,1.0,0.0,22,强势|服务者,强势,服务者,5,强势成功,48
69e481e8000000002003ad94,"

",,,1,69e5b768000000001401a81d,,6272efac0000000021029321,他们是算好他在那里停下补给吗？还是要你跑的比他还快，在前面等着给他补给？[偷笑R][偷笑R],2026.04.20,陕西,1.0,0.0,46,强势|服务者,强势,服务者,5,强势成功,48
69e481e8000000002003ad94,"

",,,1,69e49e93000000001401d80b,,5eea119f00000000010077bd,和人一样，也得补给[偷笑R],2026.04.19,浙江,0.0,0.0,14,强势|服务者,强势,服务者,3,强势成功,48
69e481e8000000002003ad94,"

",,,1,69e49e34000000001401e41d,,55869d40b7ba2234ee38cead,这个补给很燃[点赞R] [哇R]，,2026.04.19,广东,0.0,0.0,17,强势|服务者,强势,服务者,2,强势成功,48
69e481e8000000002003ad94,"

",,,1,69e49b55000000001401e82c,,631d8b4e0000000023024579,应该每隔一段距离设置应该补给点，而不是跟着喂。自己一段没跑到补给点就停的就扣分扣分,2026.04.19,浙江,0.0,0.0,41,强势|服务者,强势,服务者,10,强势成功,48
69e481e8000000002003ad94,"

",,,1,69e49a48000000001401e83e,,6237aa49000000001000ae72,跑了多远？开始补给,2026.04.19,北京,0.0,0.0,9,强势|服务者,强势,服务者,2,强势成功,48
69e481e8000000002003ad94,"

",,,1,69e499e80000000014018816,,600c7f3d0000000001007530,富公哦还有私补,2026.04.19,北京,0.0,0.0,7,强势|服务者,强势,服务者,2,强势成功,48
69e481e8000000002003ad94,"

",,,1,69e499cc000000001401e016,,63e47b4400000000260103b1,这样一看就和人一样，中途还要补给补给,2026.04.19,安徽,0.0,0.0,18,强势|服务者,强势,服务者,8,强势成功,48
69e481e8000000002003ad94,"

",,,1,69e498dc0000000014019c25,,665f662b0000000007007b26,赶紧给补给员点根烟[得意R],2026.04.19,北京,0.0,0.0,14,强势|服务者,强势,服务者,4,强势成功,48
69e481e8000000002003ad94,"

",,,1,69e4967f000000001401a80a,,64adf97f000000001403876c,跟人类补给一个道理,2026.04.19,广东,0.0,0.0,9,强势|服务者,强势,服务者,3,强势成功,48
69e481e8000000002003ad94,"

",,,1,69e495c20000000014019c10,,5dcc55f70000000001008659,不补会怎么样着火吗[笑哭R],2026.04.19,北京,0.0,0.0,14,强势|服务者,强势,服务者,3,强势成功,48
69e481e8000000002003ad94,"

",,,1,69e495a3000000001401b00e,,58d340a57fc5b840f57c13d2,补给人员要好好训练，太慢了，看把孩子急得[偷笑R][偷笑R][偷笑R],2026.04.19,上海,0.0,0.0,35,强势|服务者,强势,服务者,7,强势成功,48
69e481e8000000002003ad94,"

",,,1,69e494bc000000001401d411,,5b0fdc4ab1da142c768ed14e,补给太慢了,2026.04.19,广西,0.0,0.0,5,强势|服务者,强势,服务者,2,强势成功,48
69e481e8000000002003ad94,"

",,,1,69ee0bec0000000027020db2,,5da7e4bf00000000010085c2,有种MS补给舰的忙碌感,2026.04.26,湖北,0.0,0.0,11,强势|服务者,强势,服务者,4,强势成功,48
69e481e8000000002003ad94,"

",,,1,69ec232c000000002900edf9,,69afccd800000000320197d6,就是说，它一边跑一边滴水，滴完了再补？,2026.04.25,北京,0.0,0.0,19,强势|服务者,强势,服务者,5,强势成功,48
69e481e8000000002003ad94,"

",,,1,69ec1c810000000028034504,,5f105df0000000000100504b,他为什么不吃自助餐,2026.04.25,广西,0.0,0.0,9,强势|服务者,强势,服务者,3,强势成功,48
69e481e8000000002003ad94,"

",,,1,69e966d3000000001401dc00,,6434fccd000000000d01bb3a,中途补给[偷笑R],2026.04.23,江苏,0.0,0.0,9,强势|服务者,强势,服务者,2,强势成功,48
69e481e8000000002003ad94,"

",,,1,69e791a7000000001401d42e,,5dfb8b950000000001002dd2,荣耀那个需要补给么,2026.04.21,河南,0.0,0.0,9,强势|服务者,强势,服务者,3,强势成功,48
69e481e8000000002003ad94,"

",,,1,69e77224000000001401bc1d,,5dda49b0000000000100a59c,快补，快，不不行了，快[笑哭R],2026.04.21,河南,0.0,0.0,16,强势|服务者,强势,服务者,2,强势成功,48
69e481e8000000002003ad94,"

",,,1,69e7441b000000001401941b,,631d3b38000000002303ccbe,什么时候能自动补给？,2026.04.21,湖南,0.0,0.0,10,强势|服务者,强势,服务者,2,强势成功,48
69e481e8000000002003ad94,"

",,,1,69e743e4000000001401d424,,66c2ea7f000000001d0335fc,让他自己换啊！人不都是自己吃饭吗！！！！！动手能力真弱！[doge],2026.04.21,浙江,0.0,0.0,34,强势|服务者,强势,服务者,5,强势成功,48
69e481e8000000002003ad94,"

",,,1,69e70b11000000001401a80c,,5fdf38760000000001006dc8,自己知道补给，牛[点赞R],2026.04.21,北京,0.0,0.0,13,强势|服务者,强势,服务者,2,强势成功,48
69e481e8000000002003ad94,"

",,,1,69e70946000000001401d80c,,64c72890000000000b0092ce,居然没有补能模式,2026.04.21,江苏,0.0,0.0,8,强势|服务者,强势,服务者,3,强势成功,48
69e481e8000000002003ad94,"

",,,1,69e6c741000000001401980f,,6100862d0000000001006302,这补充能量算不算违规啊,2026.04.21,北京,0.0,0.0,11,强势|服务者,强势,服务者,4,强势成功,48
69e481e8000000002003ad94,"

",,,1,69e62153000000001401a410,,5fb518d50000000001001fd9,补给太慢了。,2026.04.20,山东,0.0,0.0,6,强势|服务者,强势,服务者,2,强势成功,48
69e481e8000000002003ad94,"

",,,1,69e6144e000000001401a40d,,66d7056f000000001d022d06,这真的是掏心掏肺的补啊,2026.04.20,江西,0.0,0.0,11,强势|服务者,强势,服务者,3,强势成功,48
69e481e8000000002003ad94,"

",,,1,69e612e0000000001401881b,,62a7ca1f000000001b02a66a,富婆哟，还能局部清理,2026.04.20,河南,0.0,0.0,10,强势|服务者,强势,服务者,3,强势成功,48
69e481e8000000002003ad94,"

",,,1,69e60213000000001401e034,,618fa081000000001000aca2,停下补给有点方程赛车的意思了[doge],2026.04.20,浙江,0.0,0.0,20,强势|服务者,强势,服务者,5,强势成功,48
69e481e8000000002003ad94,"

",,,1,69e5f464000000001401e037,,63d9e0720000000026005007,也要补给啊，正想说省了一笔[偷笑R],2026.04.20,上海,0.0,0.0,18,强势|服务者,强势,服务者,3,强势成功,48
69e45dbe000000001f00434f,"机器人跑马拉松超越人类？

",4650.0,773.0,1,69e4e279000000001401a41b,,5be7fb237f584800013c75d8,元气仔姿势最标准[笑哭R],2026.04.19,广东,1442.0,47.0,13,强势|观众,强势,观众,3,强势成功,49
69e45dbe000000001f00434f,"机器人跑马拉松超越人类？

",4650.0,773.0,1,69e4daa5000000001401c02c,,60f6e9aa0000000001005874,元气仔跑得最好,2026.04.19,广东,374.0,8.0,7,强势|观众,强势,观众,3,强势成功,49
69e45dbe000000001f00434f,"机器人跑马拉松超越人类？

",4650.0,773.0,2,69e64f29000000001401bc19,69e64eea000000001401a400,6077a8c20000000001009608,那个元气仔也是荣耀的,2026.04.21,海南,77.0,,10,强势|观众,强势,观众,2,强势成功,49
69e45dbe000000001f00434f,"机器人跑马拉松超越人类？

",4650.0,773.0,1,69e47ed90000000014019004,,62ba9383000000001902bc52,元气仔跑姿最接近人,2026.04.19,北京,52.0,1.0,9,强势|观众,强势,观众,4,强势成功,49
69e45dbe000000001f00434f,"机器人跑马拉松超越人类？

",4650.0,773.0,2,69e65044000000001401c01d,69e64eea000000001401a400,606c9d300000000001006243,元气这个感觉最接近人类运动行为了,2026.04.21,辽宁,47.0,,16,强势|观众,强势,观众,5,强势成功,49
69e45dbe000000001f00434f,"机器人跑马拉松超越人类？

",4650.0,773.0,1,69e4ea050000000014019000,,681c2158000000000e01e451,好多机器人设计都是大胯骨关节，宽腿距。元气仔与种不同是小胯骨关节，窄腿距，外形类人，跑姿类人，这种设计竟然跑的也不慢。,2026.04.19,天津,37.0,2.0,59,强势|观众,强势,观众,16,强势成功,49
69e45dbe000000001f00434f,"机器人跑马拉松超越人类？

",4650.0,773.0,2,69e577ee000000001401e405,69e4daa5000000001401c02c,54dae034e7798965bfe4fba6,我也喜欢元气仔，特别可爱，有一种不擅长运动的高中女生的跑姿,2026.04.20,北京,17.0,,29,强势|观众,强势,观众,8,强势成功,49
69e45dbe000000001f00434f,"机器人跑马拉松超越人类？

",4650.0,773.0,2,69e58707000000001401c801,69e4e279000000001401a41b,5fbb54b000000000010016bc,元气仔丝滑的跑，舒服,2026.04.20,广东,6.0,,10,强势|观众,强势,观众,3,强势成功,49
69e45dbe000000001f00434f,"机器人跑马拉松超越人类？

",4650.0,773.0,1,69e6da490000000014018c04,,5c5c4a5a0000000011036483,元气仔：为什么我出场你们不欢呼？人去哪里了？,2026.04.21,浙江,5.0,0.0,22,强势|观众,强势,观众,6,强势成功,49
69e45dbe000000001f00434f,"机器人跑马拉松超越人类？

",4650.0,773.0,1,69e5ebc1000000001401cc28,,5f37763f0000000001006c34,元气仔跑的最像人,2026.04.20,广东,4.0,0.0,8,强势|观众,强势,观众,3,强势成功,49
69e45dbe000000001f00434f,"机器人跑马拉松超越人类？

",4650.0,773.0,1,69e4e7a8000000001401e00b,,6472cd3f000000000f007499,元气仔这个已经像人类跑步了,2026.04.19,浙江,4.0,0.0,13,强势|观众,强势,观众,3,强势成功,49
69e45dbe000000001f00434f,"机器人跑马拉松超越人类？

",4650.0,773.0,2,69e583360000000014019c03,69e4e279000000001401a41b,5be7fb237f584800013c75d8,对，那些好像踩着风火轮一样，只有元气仔是跑的[笑哭R],2026.04.20,广东,4.0,,27,强势|观众,强势,观众,7,强势成功,49
69e45dbe000000001f00434f,"机器人跑马拉松超越人类？

",4650.0,773.0,1,69e5cd75000000001401980c,,63c151580000000027029d59,人气仔，太有人感觉了。,2026.04.20,江苏,3.0,2.0,11,强势|观众,强势,观众,2,强势成功,49
69e45dbe000000001f00434f,"机器人跑马拉松超越人类？

",4650.0,773.0,1,69e504470000000014018805,,5ccec2ec000000001702c114,元气仔好优雅好有松弛感 其他都是埋头苦干[笑哭R],2026.04.20,江苏,3.0,0.0,25,强势|观众,强势,观众,6,强势成功,49
69e45dbe000000001f00434f,"机器人跑马拉松超越人类？

",4650.0,773.0,1,69e4e104000000001401cc0e,,60bcdb43000000000101dc6d,元气仔跑的好轻柔啊,2026.04.19,贵州,3.0,0.0,9,强势|观众,强势,观众,3,强势成功,49
69e45dbe000000001f00434f,"机器人跑马拉松超越人类？

",4650.0,773.0,1,69e4d97c000000001401a002,,557fbdf158944628a13233e0,元气仔跑步姿态真好看,2026.04.19,福建,3.0,0.0,10,强势|观众,强势,观众,4,强势成功,49
69e45dbe000000001f00434f,"机器人跑马拉松超越人类？

",4650.0,773.0,1,69e5782b000000001401c01b,,5e6a3c9a000000000100396c,元气仔最标准，最像人在跑,2026.04.20,广东,2.0,0.0,12,强势|观众,强势,观众,4,强势成功,49
69e45dbe000000001f00434f,"机器人跑马拉松超越人类？

",4650.0,773.0,1,69e5826a000000001401d418,,5e90f4f1000000000100a8f2,喜欢元气仔，优雅[黄金薯R],2026.04.20,北京,1.0,0.0,14,强势|观众,强势,观众,3,强势成功,49
69e45dbe000000001f00434f,"机器人跑马拉松超越人类？

",4650.0,773.0,1,69e4e493000000001401dc37,,60b392ca0000000001004649,元气仔挺惊艳啊,2026.04.19,湖北,1.0,0.0,7,强势|观众,强势,观众,3,强势成功,49
69e45dbe000000001f00434f,"机器人跑马拉松超越人类？

",4650.0,773.0,1,69e4e177000000001401bc29,,5e3d70ba0000000001004641,元气仔最像人[派对R],2026.04.19,福建,1.0,0.0,11,强势|观众,强势,观众,2,强势成功,49
69e45dbe000000001f00434f,"机器人跑马拉松超越人类？

",4650.0,773.0,1,69e4d09b000000001401c408,,660a1e6e000000000b00ddad,元气仔跑姿好标准,2026.04.19,四川,1.0,0.0,8,强势|观众,强势,观众,4,强势成功,49
69e45dbe000000001f00434f,"机器人跑马拉松超越人类？

",4650.0,773.0,1,69e4b106000000001401c831,,5a8d21724eacab6850484f8a,元气仔跑步姿势好规范,2026.04.19,重庆,1.0,0.0,10,强势|观众,强势,观众,4,强势成功,49
69e45dbe000000001f00434f,"机器人跑马拉松超越人类？

",4650.0,773.0,1,69e5ba71000000001401d42c,,5e7989000000000001006355,元气仔好优雅,2026.04.20,山西,0.0,0.0,6,强势|观众,强势,观众,3,强势成功,49
69e45dbe000000001f00434f,"机器人跑马拉松超越人类？

",4650.0,773.0,1,69e5b7c7000000001401d429,,61553c61000000000202353a,元气仔最像人[笑哭R]应该在竞速之外，特别设立一些单项奖，比如最像人的[笑哭R],2026.04.20,上海,0.0,0.0,40,强势|观众,强势,观众,10,强势成功,49
69e45dbe000000001f00434f,"机器人跑马拉松超越人类？

",4650.0,773.0,1,69e5b60d000000001401e800,,5ae58ccb4eacab2e60c98c3f,荣耀的元气仔很轻盈,2026.04.20,云南,0.0,0.0,9,强势|观众,强势,观众,3,强势成功,49
69e45dbe000000001f00434f,"机器人跑马拉松超越人类？

",4650.0,773.0,1,69e5addd000000001401d812,,5a682181e8ac2b713a15e681,元气仔好像人啊,2026.04.20,山东,0.0,0.0,7,强势|观众,强势,观众,3,强势成功,49
69e45dbe000000001f00434f,"机器人跑马拉松超越人类？

",4650.0,773.0,1,69e5a96d000000001401c805,,67a0fc68000000000d009afd,元气仔太牛了吧[笑哭R]这跑步姿势,2026.04.20,江苏,0.0,0.0,17,强势|观众,强势,观众,4,强势成功,49
69e45dbe000000001f00434f,"机器人跑马拉松超越人类？

",4650.0,773.0,1,69e599c7000000001401e427,,5f9d1b920000000001005dfa,元气仔  将获得——动作标准奖！[点赞R],2026.04.20,内蒙古,0.0,0.0,21,强势|观众,强势,观众,4,强势成功,49
69e45dbe000000001f00434f,"机器人跑马拉松超越人类？

",4650.0,773.0,1,69e59866000000001401d403,,5fe724390000000001005567,元气仔好帅啊！,2026.04.20,江西,0.0,0.0,7,强势|观众,强势,观众,2,强势成功,49
69e45dbe000000001f00434f,"机器人跑马拉松超越人类？

",4650.0,773.0,1,69e52e70000000001401cc01,,5b556dd1f7e8b94b2e376395,元气仔像人扮的[偷笑R],2026.04.20,广西,0.0,0.0,12,强势|观众,强势,观众,3,强势成功,49
