帖子id,帖子标题,帖子点赞数,帖子评论数,comment_level,comment_id,parent_comment_id,user_id,content,comment_time,location,like_count,reply_count,char_len,post_category,robot_status,human_role,effective_token_count,robot_status_group,topic
69e481e8000000002003ad94,"

",,,2,69e4916c0000000014018c09,69e490ae000000001401d42a,5a3cea154eacab600209420b,为以后做准备，复杂地形，废墟，山地，城市，你懂的[偷笑R]。之后还会有多足机器人，那玩意可就吓人了,2026.04.19,上海,8904.0,,49,强势|服务者,强势,服务者,12,强势成功,0
69e2583b00000000230211ea,"

",,2406.0,2,69e2fc72000000001401900a,69e2fc2d000000001401b82a,618b91c8000000001000c813,恭喜你 发明了汽车,2026.04.18,湖南,7631.0,,9,失败|抢救者,失败,抢救者,3,失败,0
69e2583b00000000230211ea,"

",,2406.0,1,69e2fc2d000000001401b82a,,5d7ee9340000000001007f91,能不能做成四个轮子的，加一种液体就可以跑起来的那种！,2026.04.18,陕西,6166.0,158.0,26,失败|抢救者,失败,抢救者,7,失败,0
69e634590000000022003bb5,"每个马拉松机器人，都有自己的热血故事。

",,824.0,1,69e6be18000000001401b002,,5837928250c4b473bd25285d,跟车人员的视角很少刷到，那前面奔跑的机器人跟亲生孩子有啥区别，个中滋味也只有研发人员知道，给看感动了竟然[哭惹R],2026.04.21,北京,5089.0,33.0,57,,,,18,,0
69e481e8000000002003ad94,"

",,,1,69e490ae000000001401d42a,,5b92131965aece0001d21a33,比跑步干嘛非要人形，轮子不是更快[笑哭R],2026.04.19,浙江,4733.0,1334.0,21,强势|服务者,强势,服务者,6,强势成功,0
69da7e87000000001a03484e,"今晚的亦庄机器人马拉松测试

",,8169.0,1,69daef220000000035024590,,6225a0840000000010004d0d,你们这些说机器人跑步没用的人。想想你们老的走不动路的时候。突然心梗 机器人就可以飞一样背着去医院。,2026.04.12,美国,4613.0,241.0,49,成功|观众,成功,观众,13,强势成功,0
69e46032000000001f002048,"看着你们累倒在地上我很心疼，恨不得替你们

",,5680.0,1,69e84511000000001401a01c,,64bd0bd90000000014036eb8,你不跑有的是机器人愿意跑,2026.04.22,广东,4457.0,83.0,12,,,,3,,0
69df625d0000000021005c63,"“扶我起来，我还能再跑10公里”

",,9992.0,1,69dfb3290000000002035b6b,,661ab2d70000000007007f3b,大家娱乐一下哈，视频里只放了一些“精彩”画面配解说，其实还有更多的机器人是跑的又稳又快的[害羞R],2026.04.15,上海,4172.0,78.0,49,,,,10,,0
69e48b0b000000001a02578c,"北京马拉松机器人中暑了🥵

",3334.0,467.0,1,69ef2e5b000000002902cd01,,6304a4be000000000f006a16,机器人提供了新的就业岗位，一个机器人跑马拉松需要两个助理,2026.04.27,云南,3414.0,99.0,28,,,,9,,0
69e48d54000000002102e178,"😭亦庄机器人半马最感人一幕

",,1589.0,1,69e504de000000001401bc03,,5b04fabbb1da141b6a8ed05d,这个程序员也长得很小，有点清澈的孩子气，新的人搂着新的机器人，一代年轻人更比一代强，中国一定会越来越好,2026.04.20,海南,3268.0,17.0,51,弱势|同伴,弱势,同伴,13,弱势,0
69e4551e000000001f005895,"荣耀机器人赢麻了🤖我觉得它表情在嘲讽我

",,816.0,2,69e494fd000000001401c01e,69e490dd000000001401e423,585b320482ec390142b28a5a,据我今天刷到的不完全统计：在摔倒的机器人对手旁边鼓掌，给观众跳舞，最后没电坐上了救护车,2026.04.19,山东,3219.0,,43,成功|被超越者,成功,被超越者,14,强势成功,0
69e447d2000000001d01aa01,"当算法有了腿，程序员万万没想到……

",,2912.0,2,69e455d5000000001401dc2f,69e45575000000001401e004,621ddac6000000002102735d,好像是机器人自己跑了，工程师赶上去断电,2026.04.19,天津,2703.0,,19,,,,5,,0
69e42cc100000000220001ad,"机器人马拉松倒数第一名，萌翻了🤣🤣🤣

",,8501.0,1,69e4367c0000000014018826,,5bd4164d3a8a5b0001274f5c,笑死🤣这个机器人刚刚从我面前过去了，它没跑了,2026.04.19,北京,2636.0,42.0,22,弱势|观众,弱势,观众,4,弱势,0
69e4c771000000002102c3fc,"一镜到底！看人形机器人跑半马如何补给。

",,89.0,1,69e4ec3b000000001401d81d,,616f8c94000000000201ae41,很骄傲，这么优秀的工程师，制造出了这么好的机器人，都是我们国家的[飞吻R]祝国泰民安，繁荣昌盛！！！,2026.04.19,山东,2317.0,2.0,50,,,,8,,0
69e4426b000000001d01c7ed,"一个大的一个小的一个废的

",,7334.0,2,69e46025000000001401dc38,69e45f74000000001401bc0a,5b7b9b311f0bca00017a6a95,这是人形机器人，你说的那种是另一种机器人。,2026.04.19,江苏,2132.0,,21,中性|观众,中性,观众,4,中性,0
69e634590000000022003bb5,"每个马拉松机器人，都有自己的热血故事。

",,824.0,1,69e6fadf000000001401d428,,5df888fa0000000001002af4,原来是你们团队叫加速进化，我看到你们机器人上贴这个以为是你们的机器人要加速进化了[石化R][石化R][石化R],2026.04.21,四川,2076.0,8.0,55,,,,9,,0
69db34bb000000001a0348ae,"机器人抢救现场

",4896.0,1198.0,1,69dc9de80000000002029fb1,,5bd282d60e78cd00012f0541,我有救了，以后失业可以去抬坏机器人,2026.04.13,广东,1887.0,63.0,17,失败|抢救者,失败,抢救者,4,失败,0
69e4b08d000000001d01c1bc,"机器人马拉松参赛选手“进化速度这一块”

",,379.0,1,69e4da0f000000001401d820,,65da061b000000000401c5e9,emm……马拉松的意义不是锻炼身体和耐力么，机器人真的需要这个吗,2026.04.19,浙江,1807.0,66.0,32,,,,8,,0
69e634590000000022003bb5,"每个马拉松机器人，都有自己的热血故事。

",,824.0,2,69e6c56b000000001401cc0f,69e6be18000000001401b002,66fc8364000000001d02085c,对对对，感觉每个机器人都承载了一车人的努力，而且看着机器人在前面扑哧扑哧努力的样子和技术人员的护送都莫名的让人感动[哭惹R],2026.04.21,广东,1755.0,,62,,,,19,,0
69e47f8f000000001f007203,"2026年机器人马拉松状态，五年后再看🤣

",,5834.0,2,69e58719000000001401dc0e,69e586020000000014019401,5cff0572000000001702a2cb,任何事物都是需要通过实践后一步步进化，透过现象看本质，其实就是掌握先进技术，研发机器人技术是目前社会必须的技术鸭,2026.04.20,广西,1561.0,,56,,,,20,,0
69e429b4000000001b00037a,"张杰演唱会机器人来参加半马了？？

",,2026.0,2,69e4382f0000000014019c03,69e43784000000001401ac1c,5df8b53d0000000001007117,不愧是刚从演唱会下来的机器人，真的跳舞熟的不行了，业务能力太满分了[doge],2026.04.19,广东,1540.0,,39,,,,10,,0
69e4426b000000001d01c7ed,"一个大的一个小的一个废的

",,7334.0,2,69e461e6000000001401e400,69e45af00000000014019407,56de74c64775a708156eb981,是的 小机器人没完赛[捂脸R] 完美小孩,2026.04.19,北京,1326.0,,20,中性|观众,中性,观众,4,中性,0
69e634590000000022003bb5,"每个马拉松机器人，都有自己的热血故事。

",,824.0,1,69e6d63a000000001401c81e,,63aee6b10000000027029c44,年纪大了，看机器人比赛都感动的想哭[捂脸R],2026.04.21,江苏,1204.0,9.0,22,,,,4,,0
69e48b0b000000001a02578c,"北京马拉松机器人中暑了🥵

",3334.0,467.0,1,69ecb9a7000000002803354c,,59b5b7ea5e87e72d1b88baf9,为什么非要学人用两条腿走，腿也没那么好使，走路累死了，所以人们都骑电动[失望R],2026.04.25,北京,1201.0,34.0,40,,,,9,,0
69e59e520000000022027a90,"花田里犯了错|机器人马拉松正赛搞笑赏析

",,2593.0,1,69e5a096000000001401b813,,661ab2d70000000007007f3b,让我先叠个甲，本人仅做搞笑解读，完全“曲解”机器人赛跑，大家权当图一乐，对所有机器人品牌一视同仁都是好样的，请大家切勿对品牌做任何解读，毕竟参赛的有厂家、高校生，也有机器人爱好者，本人无法进行区分，正赛全程大家可移步央视官网观看，所有参赛者都投入巨大热情，只为推广机器人事业，感谢！,2026.04.20,上海,1201.0,17.0,141,,,,48,,0
69e481e8000000002003ad94,"

",,,1,69e4962e000000001401b006,,5c23652e00000000050032b8,一个机器人需要3个人伺候，就业新方向来了,2026.04.19,黑龙江,1144.0,73.0,20,强势|服务者,强势,服务者,6,强势成功,0
69e48341000000001a02d0c4,"机器人马拉松，我们看乐了，西方人看破防了🤣

",3931.0,1022.0,1,69e4a930000000001401a020,,6482e7ab000000001003558b,我已经预见到我老了将会有一个人形机器人推着轮椅带着伞啊外套啊保温壶、小点心、我的降压药什么的，陪我去公园散步。根本不敢指望我儿子,2026.04.19,福建,927.0,85.0,64,,,,14,,0
69e481e8000000002003ad94,"

",,,2,69e492de000000001401d809,69e490ae000000001401d42a,651a3fa30000000024014f22,因为人形可以和人本身结合起来，他可以用人的装备，人的武器，人也可以用他们的,2026.04.19,山东,907.0,,37,强势|服务者,强势,服务者,10,强势成功,0
69e40352000000002102fc75,"机器人马拉松现场第一视角看全部队伍

",,1160.0,1,69e41e73000000001401980a,,6204985e000000001000fb92,这不叫机器人大赛，应更名叫仿生人马拉松。因为机器人要快，它就不用人类的跑步方式，更是换上高速引挺滑轮，看谁快。只有仿生人才会这样。无论那一种，都是人类科学的进步，加油加油！,2026.04.19,广东,893.0,43.0,86,,,,27,,0
69e634590000000022003bb5,"每个马拉松机器人，都有自己的热血故事。

",,824.0,1,69e7007f000000001401e81f,,65d1d038000000000401e1ce,看看这个世界，很多地方在打仗，而咱们在搞机器人半马[自拍R][赞R],2026.04.21,北京,878.0,9.0,34,,,,8,,0
69e481e8000000002003ad94,"

",,,2,69e48647000000001401c03c,69e4853b000000001401b022,5c1f80c70000000006039d5c,快速散热的，但是可燃，有火花就直接烧,2026.04.19,上海,8645.0,,18,强势|服务者,强势,服务者,4,强势成功,1
69e481e8000000002003ad94,"

",,,2,69e489460000000014018c23,69e4853b000000001401b022,5b706599f7e8b95176d1359c,足球赛场上也用，烷基制冷喷雾,2026.04.19,北京,1355.0,,14,强势|服务者,强势,服务者,5,强势成功,1
69e48d54000000002102e178,"😭亦庄机器人半马最感人一幕

",,1589.0,2,69e4aab8000000001401d439,69e4a2e5000000001401b816,645623a5000000000f007a93,油盐不进是吧,2026.04.19,吉林,804.0,,6,弱势|同伴,弱势,同伴,2,弱势,1
69e4426b000000001d01c7ed,"一个大的一个小的一个废的

",,7334.0,2,69e462de000000001401b01d,69e461fb000000001401e82b,5944e17882ec397a22d76fd6,天气太热，中暑了吧,2026.04.19,广东,547.0,,9,中性|观众,中性,观众,3,中性,1
69e43b14000000001a02e095,"好萌的小黑仔跑马拉松

",,2760.0,1,69e444da000000001401a024,,57388a1a82ec392b66ac35d1,孩子跑着跑着还得喷点云南白药气雾剂[暗中观察R],2026.04.19,北京,420.0,17.0,24,,,,4,,1
69e481e8000000002003ad94,"

",,,2,69e4898c000000001401b002,69e4853b000000001401b022,61c85d85000000001000cd1e,感觉是压缩空气，降温用,2026.04.19,浙江,335.0,,11,强势|服务者,强势,服务者,2,强势成功,1
69e481e8000000002003ad94,"

",,,2,69e595f5000000001401b01d,69e5949d000000001401cc1b,5724420250c4b430e1131110,冰块，降温散热用的。,2026.04.20,上海,154.0,,10,强势|服务者,强势,服务者,3,强势成功,1
69e41e24000000001a025f1a,"人形机器人半马摔倒瞬间🔥🔥

",1155.0,129.0,2,69e438c3000000001401e427,69e42cb3000000001401c41a,66e3ec90000000001e004f02,背后加入冷却冰块，后面车上人有冰桶，过一阵就往里面倒，挺好玩的,2026.04.19,山东,110.0,,31,失败|观众,失败,观众,11,失败,1
69e481e8000000002003ad94,"

",,,2,69e48a26000000001401980f,69e4853b000000001401b022,6593daf8000000001f03a111,我以为是云南白药呢[暗中观察R],2026.04.19,北京,108.0,,16,强势|服务者,强势,服务者,2,强势成功,1
69e481e8000000002003ad94,"

",,,2,69e4899a000000001401b00a,69e4853b000000001401b022,6788d4ff000000000801d683,降温散热的,2026.04.19,北京,99.0,,5,强势|服务者,强势,服务者,2,强势成功,1
69e481e8000000002003ad94,"

",,,2,69e59e15000000001401a008,69e5949d000000001401cc1b,5a28c0e6b1da1449d366a6d4,干冰，这个桶可太熟悉了[笑哭R],2026.04.20,山东,69.0,,16,强势|服务者,强势,服务者,2,强势成功,1
69e4551e000000001f005895,"荣耀机器人赢麻了🤖我觉得它表情在嘲讽我

",,816.0,2,69e493f9000000001401c00c,69e48b57000000001401bc2e,64e623f70000000001012981,主要问题不是电量，而是散热,2026.04.19,四川,59.0,,13,成功|被超越者,成功,被超越者,5,强势成功,1
69e48b0b000000001a02578c,"北京马拉松机器人中暑了🥵

",3334.0,467.0,1,69ec4624000000002702b4b1,,5d9bc91c000000000100884f,看来温度没那么容易解决,2026.04.25,广东,55.0,0.0,11,,,,4,,1
69e4551e000000001f005895,"荣耀机器人赢麻了🤖我觉得它表情在嘲讽我

",,816.0,2,69e49c21000000001401b828,69e48d160000000014018c1b,61b02fd200000000100072b7,会自焚的降温跟不上的话[捂脸R],2026.04.19,山东,46.0,,16,成功|被超越者,成功,被超越者,4,强势成功,1
69e46730000000001d0199c8,"

",,761.0,1,69e4e367000000001401e021,,62029b440000000010009fa3,这不是热水器在跑步吗[笑哭R][笑哭R][笑哭R],2026.04.19,广东,38.0,3.0,25,,,,2,,1
69e48b0b000000001a02578c,"北京马拉松机器人中暑了🥵

",3334.0,467.0,1,69ea3dc1000000001401c433,,6033c952000000000101e8f1,这天气需要背着这玩意降温的话，说明内部设计完全不合理,2026.04.23,广西,38.0,17.0,26,,,,11,,1
69e634590000000022003bb5,"每个马拉松机器人，都有自己的热血故事。

",,824.0,2,69e73f7a0000000014018c19,69e73e42000000001401c02d,5bbb04379bc81b0001d9ec72,肯定是减震和防止磨损,2026.04.21,山东,37.0,,10,,,,4,,1
69e634590000000022003bb5,"每个马拉松机器人，都有自己的热血故事。

",,824.0,2,69e734fa000000001401ac18,69e72c580000000014019003,5b45a76b11be101583ab4d18,自主，喷的是降温用的,2026.04.21,福建,37.0,,10,,,,2,,1
69e4551e000000001f005895,"荣耀机器人赢麻了🤖我觉得它表情在嘲讽我

",,816.0,1,69e4f216000000001401940a,,5f7f2c30000000000101cecb,它这个散热系统是真牛逼呀,2026.04.19,重庆,36.0,0.0,12,成功|被超越者,成功,被超越者,2,强势成功,1
69e481e8000000002003ad94,"

",,,2,69e4ffdf000000001401d40b,69e4fb83000000001401c40c,67a5e751000000000e01de9e,冰块啊！应该是降温用的,2026.04.20,福建,35.0,,11,强势|服务者,强势,服务者,2,强势成功,1
69e43b14000000001a02e095,"好萌的小黑仔跑马拉松

",,2760.0,2,69e474320000000014019c18,69e473da000000001401e042,565e9aaab8ce1a7fbd6a901d,那里有电机转轴吧[笑哭R],2026.04.19,山东,34.0,,13,,,,3,,1
69e463df000000001b003017,"

",3270.0,219.0,1,69ec66ff00000000270175e9,,69c3660900000000320277bf,散热看起来和win似的，算是同根同源了,2026.04.25,河北,30.0,0.0,19,,,,7,,1
69e634590000000022003bb5,"每个马拉松机器人，都有自己的热血故事。

",,824.0,2,69e83831000000001401c017,69e7bb820000000014019003,5e8d92800000000001009d36,可能有点烫吧[笑哭R]，百十来度呢,2026.04.22,内蒙古,28.0,,17,,,,2,,1
69e59e520000000022027a90,"花田里犯了错|机器人马拉松正赛搞笑赏析

",,2593.0,2,69e6258f000000001401c008,69e5c6f0000000001401ac1e,5592bdb35894462d6887281e,有人刷到程序员回复了说是故意的，需要散热，顺便逗大家一笑,2026.04.20,河北,28.0,,28,,,,10,,1
69e48b0b000000001a02578c,"北京马拉松机器人中暑了🥵

",3334.0,467.0,2,69ea3f340000000014013803,69ea3dc1000000001401c433,5f37c44b000000000101ca06,时间一长，什么不需要额外降温,2026.04.23,广东,25.0,,14,,,,5,,1
69e481e8000000002003ad94,"

",,,2,69e598f9000000001401b81c,69e4a3ea000000001401e813,685ff465000000001b019504,那是保温壶，里面装的碎冰块，给主机降温的[doge],2026.04.20,北京,24.0,,26,强势|服务者,强势,服务者,5,强势成功,1
69e481e8000000002003ad94,"

",,,1,69e6f8a10000000014019c09,,5e8297000000000001001b48,往它背上倒的是啥？蛋白粉吗？,2026.04.21,四川,22.0,7.0,14,强势|服务者,强势,服务者,2,强势成功,1
69e48b0b000000001a02578c,"北京马拉松机器人中暑了🥵

",3334.0,467.0,2,69e9466f000000001401c803,69e4c534000000001401882f,5e05693e00000000010020a3,给电池降温吗？,2026.04.23,加拿大,22.0,,7,,,,2,,1
69e481e8000000002003ad94,"

",,,1,69e49ad60000000014018c19,,61a5f90c000000001000ed65,笑死了，我一开始以为是高级燃料，结果发现是往背包里放冰,2026.04.19,上海,20.0,4.0,27,强势|服务者,强势,服务者,8,强势成功,1
69e41e24000000001a025f1a,"人形机器人半马摔倒瞬间🔥🔥

",1155.0,129.0,2,69e4325e0000000014019c19,69e42cb3000000001401c41a,5e0d64cb000000000100b6aa,说是冷却用的东西[笑哭R],2026.04.19,北京,20.0,,13,失败|观众,失败,观众,2,失败,1
69e59e520000000022027a90,"花田里犯了错|机器人马拉松正赛搞笑赏析

",,2593.0,2,69e5ea0f000000001401cc18,69e5c6f0000000001401ac1e,56d23fb41c07df64eb79d909,遥控的，主要是程序员太逗了[笑哭R],2026.04.20,山东,787.0,,18,,,,4,,2
69e429b4000000001b00037a,"张杰演唱会机器人来参加半马了？？

",,2026.0,2,69e43d3b0000000014019029,69e42e39000000001401c803,58c63d745e87e740d28ba835,遥控组作为底层，就是来整活的，毕竟也只能干整活[捂脸R],2026.04.19,浙江,552.0,,28,,,,7,,2
69e4426b000000001d01c7ed,"一个大的一个小的一个废的

",,7334.0,2,69e45fef000000001401ac23,69e45f74000000001401bc0a,589994d26a6a693fbbbc0038,那直接放遥控汽车不就起飞了。,2026.04.19,广东,426.0,,14,中性|观众,中性,观众,3,中性,2
69e59e520000000022027a90,"花田里犯了错|机器人马拉松正赛搞笑赏析

",,2593.0,2,69e5e313000000001401e816,69e5c6f0000000001401ac1e,5f25a1390000000001002474,看号码布，遥控的,2026.04.20,浙江,344.0,,8,,,,2,,2
69e59e520000000022027a90,"花田里犯了错|机器人马拉松正赛搞笑赏析

",,2593.0,2,69e5e1d7000000001401c82d,69e5c6f0000000001401ac1e,566a0bdc589de3638535652c,拍手这是有人遥控，还是自主设定的反应？,2026.04.20,江苏,288.0,,19,,,,6,,2
69e4b08d000000001d01c1bc,"机器人马拉松参赛选手“进化速度这一块”

",,379.0,2,69e4c75a000000001401a823,69e4b97e000000001401a82a,5dd1536f00000000010048b2,48分钟那个是遥控的，50分的是自主的，48分的要乘1.2的系数就不是冠军了,2026.04.19,天津,285.0,,38,,,,9,,2
69e429b4000000001b00037a,"张杰演唱会机器人来参加半马了？？

",,2026.0,2,69e44c850000000014019c12,69e44c00000000001401dc0b,5c389d09000000000603a7cd,胸口贴了，遥控,2026.04.19,北京,254.0,,7,,,,2,,2
69df625d0000000021005c63,"“扶我起来，我还能再跑10公里”

",,9992.0,2,69df98ff00000000350314d0,69df98b4000000003500e5c5,578ad0f9a9b2ed30bb99b948,都有，遥控的话最后时间要乘以1.2,2026.04.15,浙江,251.0,,17,,,,6,,2
69e634590000000022003bb5,"每个马拉松机器人，都有自己的热血故事。

",,824.0,1,69e65240000000001401900c,,5bd55707d39b5e00017fa2ff,居然是蓝标，自主不是遥控，棒极了,2026.04.21,四川,249.0,2.0,16,,,,5,,2
69e59e520000000022027a90,"花田里犯了错|机器人马拉松正赛搞笑赏析

",,2593.0,2,69e5ebd6000000001401b813,69e5c6f0000000001401ac1e,5c483fe0000000001002ecf1,哈哈哈那肯定是遥控啦，机器人现在应该还没有自主意识啦,2026.04.20,北京,212.0,,26,,,,5,,2
69e634590000000022003bb5,"每个马拉松机器人，都有自己的热血故事。

",,824.0,2,69e653090000000014013c01,69e65240000000001401900c,5a913d90b1da142f0585714c,是的 我们的遥控器只用来控速,2026.04.21,北京,197.0,,14,,,,3,,2
69df625d0000000021005c63,"“扶我起来，我还能再跑10公里”

",,9992.0,1,69df98b4000000003500e5c5,,5de6729d0000000001001c28,他们跑步，是遥控器操控，还是自己识别路面情况，纯粹自己跑呀？,2026.04.15,北京,146.0,25.0,30,,,,7,,2
69df625d0000000021005c63,"“扶我起来，我还能再跑10公里”

",,9992.0,2,69dfa221000000003502da75,69df98b4000000003500e5c5,6149d9de0000000002023aa2,有遥控组，也有一组不遥控的，混在一起跑。遥控的机器人的成绩乘以1.2。,2026.04.15,北京,125.0,,35,,,,10,,2
69e429b4000000001b00037a,"张杰演唱会机器人来参加半马了？？

",,2026.0,2,69e44f2d000000001401e426,69e44c00000000001401dc0b,57d6174382ec3929d8ad69bd,遙控 但應該不是每個動作遙控 而是本來就編好了一套動作 一個指令就來一整套[笑哭R],2026.04.19,加拿大,120.0,,42,,,,13,,2
69e463df000000001b003017,"

",3270.0,219.0,2,69e5b1e0000000001401ac13,69e5af30000000001401a00f,5ce9329d00000000160281b1,遥控的要加时间，加权后才是最终成绩,2026.04.20,河南,118.0,,17,,,,6,,2
69e634590000000022003bb5,"每个马拉松机器人，都有自己的热血故事。

",,824.0,2,69e72422000000001401b80b,69e72353000000001401bc13,53f33206b4c4d679ebb4391d,它是自己跑的，遥控是控速度,2026.04.21,广东,88.0,,13,,,,2,,2
69da7e87000000001a03484e,"今晚的亦庄机器人马拉松测试

",,8169.0,2,69dabac4000000000d037827,69dab64a0000000016015dcc,5f8804fb000000000100921c,今年分组别，自主导航组和遥控组，速度也都提升很大。,2026.04.12,美国,86.0,,25,成功|观众,成功,观众,9,强势成功,2
69e2583b00000000230211ea,"

",,2406.0,1,69e415cc000000001401ac0c,,5f5ce388000000000100b062,旁边还要有人拿着遥控器跟跑操作，纯属造势圈钱！,2026.04.19,浙江,79.0,4.0,23,失败|抢救者,失败,抢救者,8,失败,2
69e59e520000000022027a90,"花田里犯了错|机器人马拉松正赛搞笑赏析

",,2593.0,2,69e5ffbf000000001401e42f,69e5c6f0000000001401ac1e,5af21118e8ac2b4d685c6761,好像有自主的，看号码牌有写,2026.04.20,海南,79.0,,13,,,,3,,2
69e59e520000000022027a90,"花田里犯了错|机器人马拉松正赛搞笑赏析

",,2593.0,2,69e6d14f0000000014019c0c,69e6394c000000001401c410,69052d680000000037004ce6,[偷笑R]这是差生，很多厉害的厂商，能自主跑，能导航，工程师开车跟着，还有就是休息区帮忙散热。但是他们应该没有自主意识，所以就是个人形工具。未来世界这种就像修仙世界的傀儡吧。。。,2026.04.21,湖南,77.0,,89,,,,21,,2
69e463df000000001b003017,"

",3270.0,219.0,1,69e5af30000000001401a00f,,5ffdda72000000000100a6c6,竟然是自主的夺冠了，遥控的怎么会输给自主[捂脸R],2026.04.20,山西,75.0,7.0,25,,,,6,,2
69e429b4000000001b00037a,"张杰演唱会机器人来参加半马了？？

",,2026.0,1,69e44c00000000001401dc0b,,58d09bb06a6a6915652bde93,这种是人操控的 还是他自己发挥的[笑哭R],2026.04.19,北京,75.0,7.0,21,,,,3,,2
69da7e87000000001a03484e,"今晚的亦庄机器人马拉松测试

",,8169.0,2,69daf2ef000000001500bfaa,69daef220000000035024590,603f36cd000000000100aa9e,还得有个人遥控机器人跑呢,2026.04.12,澳大利亚,74.0,,12,成功|观众,成功,观众,3,强势成功,2
69e481e8000000002003ad94,"

",,,2,69e48b8d000000001401c421,69e48adf000000001401b835,6672635e000000000d0257d0,这个前面的标签写的很清楚，是自主的。不是遥控。,2026.04.19,北京,63.0,,23,强势|服务者,强势,服务者,5,强势成功,2
69e59e520000000022027a90,"花田里犯了错|机器人马拉松正赛搞笑赏析

",,2593.0,2,69e60258000000001401b826,69e5c6f0000000001401ac1e,5e3ad8de00000000010039d7,遥控，紫色的号码牌，机器人整不出这么抽象的活,2026.04.20,湖南,59.0,,22,,,,6,,2
69df625d0000000021005c63,"“扶我起来，我还能再跑10公里”

",,9992.0,2,69dfa3050000000001006fa9,69df98b4000000003500e5c5,5570f2e542099520f1fe0826,有30%多的是自主导航没遥控的哦,2026.04.15,江西,58.0,,16,,,,4,,2
69e48b0b000000001a02578c,"北京马拉松机器人中暑了🥵

",3334.0,467.0,1,69eae867000000001401e003,,638dbf3f000000001f01ddfc,他手里拿的是遥控器吗[笑哭R]，这玩意不就是个遥控玩具么？,2026.04.24,北京,56.0,11.0,29,,,,5,,2
69e46730000000001d0199c8,"

",,761.0,1,69e4b56c000000001401e82f,,657c35cc0000000020035899,也就是遥控玩具吧,2026.04.19,陕西,51.0,35.0,8,,,,2,,2
69e4412a000000002103883f,"荣耀闪电队-齐天大圣夺冠！

",3517.0,445.0,2,69e4763b000000001401d416,69e475840000000014019008,5c124415f7e8b957900d0ee5,有30％是自主跑的，70％是遥控的,2026.04.19,北京,47.0,,17,,,,4,,2
69e447d2000000001d01aa01,"当算法有了腿，程序员万万没想到……

",,2912.0,2,69e47e46000000001401bc1e,69e47dbc000000001401bc0e,66fa4bb8000000000d0272b6,这次有40％不用跑，看腰部贴纸写了“自主”的就是。以后会越来越多，你可以关注具身智能话题。,2026.04.19,上海,45.0,,45,,,,10,,2
69e4426b000000001d01c7ed,"一个大的一个小的一个废的

",,7334.0,2,69e508c0000000001401d40c,69e4d997000000001401a802,5a019594db2e60206df6d698,我服了，没招了[捂脸R][点赞R],2026.04.20,广东,815.0,,17,中性|观众,中性,观众,2,中性,3
69e59e520000000022027a90,"花田里犯了错|机器人马拉松正赛搞笑赏析

",,2593.0,2,69e66e930000000014018c00,69e6394c000000001401c410,5ee638d6000000000101e7bb,这些是搞笑锦集，去看前十名那些，就都很牛逼的[大笑R],2026.04.21,广东,421.0,,27,,,,5,,3
69df625d0000000021005c63,"“扶我起来，我还能再跑10公里”

",,9992.0,2,69dfd9310000000035019b9d,69dfb3290000000002035b6b,60bdd7120000000001009a57,哈哈哈[玫瑰R][玫瑰R][玫瑰R]笑死我了[玫瑰R][玫瑰R][玫瑰R][玫瑰R]继续努力吧[玫瑰R][玫瑰R][玫瑰R],2026.04.16,上海,310.0,,62,,,,2,,3
69e6f2bc0000000023005345,"🍼机器人第一视角，好多人呀

",,687.0,2,69e7381a0000000014019418,69e72520000000001401e42b,5bc42b13992ffd0001cd724f,已经有网友给配上了，哈哈[偷笑R],2026.04.21,安徽,192.0,,17,弱势|观众,弱势,观众,2,弱势,3
69e46032000000001f002048,"看着你们累倒在地上我很心疼，恨不得替你们

",,5680.0,2,69e966b8000000001401e416,69e84511000000001401a01c,637217cf0000000024015cc0,你完了 太君来了你第一个,2026.04.23,江苏,107.0,,12,,,,2,,3
69e59e520000000022027a90,"花田里犯了错|机器人马拉松正赛搞笑赏析

",,2593.0,1,69e63bbc000000001401982e,,59227ead50c4b44f20293c83,休息的时候好好笑,2026.04.20,广东,77.0,3.0,8,,,,2,,3
69e4426b000000001d01c7ed,"一个大的一个小的一个废的

",,7334.0,2,69e467a2000000002b0001fa,69e46241000000001401e822,5d3b3a9800000000160030ae,哈哈哈哈 真的很好笑,2026.04.19,马来西亚,74.0,,10,中性|观众,中性,观众,2,中性,3
69e46730000000001d0199c8,"

",,761.0,2,69e4e06a000000001401941b,69e4db75000000001401c83d,6492bd9800000000250341a7,哎呀我也觉得好好笑，淡淡地说出很疯的话的感觉哈哈哈哈哈,2026.04.19,广西,73.0,,27,,,,5,,3
69e48d54000000002102e178,"😭亦庄机器人半马最感人一幕

",,1589.0,2,69e4b4e5000000001401bc14,69e4a270000000001401a802,68d143bf000000002101cd6f,一样一样。我都叫deep酱。然后deep就给我发表情（不过不影响它自己编不存在的资料[微笑R],2026.04.19,河北,61.0,,47,弱势|同伴,弱势,同伴,11,弱势,3
69df625d0000000021005c63,"“扶我起来，我还能再跑10公里”

",,9992.0,2,69e01e910000000001006112,69dfb3290000000002035b6b,66ed7860000000001d033e7c,然後關鍵新聞用這剪輯嘲笑... 自己卻一台都沒有..[石化R],2026.04.16,中国台湾,48.0,,31,,,,5,,3
69db34bb000000001a0348ae,"机器人抢救现场

",4896.0,1198.0,2,69e49389000000001401902b,69e48f1d0000000014019819,56ef983b4775a730be72f6d7,嘎嘣一下享福去了[完啦R][完啦R],2026.04.19,广东,35.0,,18,失败|抢救者,失败,抢救者,2,失败,3
69e59e520000000022027a90,"花田里犯了错|机器人马拉松正赛搞笑赏析

",,2593.0,2,69e620f7000000001401e438,69e5a096000000001401b813,5bce8aec7de93400013ad256,太好笑了 乐了两天 这会儿能笑就笑吧 往后咱可能都没机会笑了[doge],2026.04.20,广东,29.0,,36,,,,5,,3
69e43a5a000000001d01dcc7,"机器人嘲讽同伴

",1966.0,167.0,2,69e46092000000001401d402,69e450da000000001401d82d,5ed8d9bd0000000001001a42,哈哈哈哈哈哈哈哈哈嘚嘚瑟瑟的最后被拉走了@🍓,2026.04.19,北京,27.0,,22,中性|评价者,中性,评价者,3,中性,3
69df625d0000000021005c63,"“扶我起来，我还能再跑10公里”

",,9992.0,2,69e35d6d000000001401c019,69e35c62000000001401e015,5c4978420000000011030f3e,哈哈  那真是太好了,2026.04.18,山东,22.0,,10,,,,2,,3
69df625d0000000021005c63,"“扶我起来，我还能再跑10公里”

",,9992.0,2,69dfa9f00000000035008758,69dfa94400000000350282bb,58072e675e87e74684a3d3a6,博主只是剪辑了几个出状况的搞笑组，咋还扯到丢人上去了[汗颜R],2026.04.15,安徽,20.0,,31,,,,8,,3
69e46032000000001f002048,"看着你们累倒在地上我很心疼，恨不得替你们

",,5680.0,2,69e9a557000000001401c00c,69e9a34d000000001401bc1e,69330aef00000000370290d3,你的个性签名也太好笑了哈哈哈哈,2026.04.23,陕西,20.0,,15,,,,3,,3
69e6f2bc0000000023005345,"🍼机器人第一视角，好多人呀

",,687.0,2,69e72bd2000000001401a829,69e72520000000001401e42b,59cda99644363b7e259cde3a,芝芝叫那种,2026.04.21,广东,17.0,,5,弱势|观众,弱势,观众,2,弱势,3
69e48d54000000002102e178,"😭亦庄机器人半马最感人一幕

",,1589.0,2,69e4acd2000000001401c81c,69e49ee3000000001401c41e,5b0e6aabe8ac2b674a5e8fd3,@红腚吗喽 好感人啊哈哈哈哈哈哈,2026.04.19,广东,16.0,,16,弱势|同伴,弱势,同伴,2,弱势,3
69e59e520000000022027a90,"花田里犯了错|机器人马拉松正赛搞笑赏析

",,2593.0,1,69e5e6fa000000001401e82f,,64eba227000000000100fed0,就爱看你家的报道哈哈哈哈哈哈哈哈哈,2026.04.20,福建,13.0,2.0,17,,,,3,,3
69df625d0000000021005c63,"“扶我起来，我还能再跑10公里”

",,9992.0,2,69e164100000000014018c04,69e15f9e000000001401bc00,5ec919b700000000010035b4,你看完标题再评论！！人家只是拿几个邋遢的做娱乐而已！！大部分还是正常的！！！,2026.04.17,山东,12.0,,38,,,,11,,3
69e43b14000000001a02e095,"好萌的小黑仔跑马拉松

",,2760.0,2,69e44975000000001401b005,69e444da000000001401a024,5655ccc96a6a6916e3e3b12e,每天就靠你们这些段子活下去了,2026.04.19,北京,10.0,,14,,,,4,,3
69e4426b000000001d01c7ed,"一个大的一个小的一个废的

",,7334.0,1,69e47f86000000001401b837,,5782fd4050c4b4709a7f0eca,我看这个视频笑得流眼泪妈呀,2026.04.19,海南,9.0,3.0,13,中性|观众,中性,观众,3,中性,3
69e4426b000000001d01c7ed,"一个大的一个小的一个废的

",,7334.0,2,69e4798b0000000014019416,69e46241000000001401e822,59620b6f6a6a691d4bdeb376,@贝壳味儿的棒棒糖 这一幕真的给我笑拉了[笑哭R][笑哭R][笑哭R],2026.04.19,山东,9.0,,35,中性|观众,中性,观众,2,中性,3
69e4b08d000000001d01c1bc,"机器人马拉松参赛选手“进化速度这一块”

",,379.0,2,69e507a40000000014019802,69e4eb6f000000001401c424,5b82a21a233b200001b29f0f,der包[笑哭R]我酷姐怎么变成这样了,2026.04.20,江西,9.0,,19,,,,4,,3
69da7e87000000001a03484e,"今晚的亦庄机器人马拉松测试

",,8169.0,2,69db9d40000000000202b931,69da9a3500000000010073ef,620bab250000000021023df5,啊哈哈哈哈哈哈哈抱歉太好笑了,2026.04.12,北京,8.0,,14,成功|观众,成功,观众,2,强势成功,3
69db34bb000000001a0348ae,"机器人抢救现场

",4896.0,1198.0,2,69dc8f550000000035022f2b,69dc88aa000000003501e385,6017b433000000000100518f,什么玩意儿这抽象的世界@其实是橘子🍊 @毛毛是也🐱 @金牌小鱼仔^ @王小五,2026.04.13,澳大利亚,7.0,,38,失败|抢救者,失败,抢救者,3,失败,3
69e6f2bc0000000023005345,"🍼机器人第一视角，好多人呀

",,687.0,2,69e73cf9000000001401ac10,69e73b0c000000001401e020,62b89ec3000000001b02b915,等我毕业挣钱刚好赶上[doge]太快乐了[doge],2026.04.21,山东,7.0,,26,弱势|观众,弱势,观众,5,弱势,3
69e43b14000000001a02e095,"好萌的小黑仔跑马拉松

",,2760.0,2,69e4492f000000001401d427,69e444da000000001401a024,5e1fd52f00000000010079b2,哈哈哈哈哈笑了半天哈哈哈哈,2026.04.19,黑龙江,7.0,,13,,,,2,,3
69e4426b000000001d01c7ed,"一个大的一个小的一个废的

",,7334.0,1,69e468230000000014019822,,5b53398911be103c87b3f85d,没人表扬这旁白吗？[笑哭R]哎哟，哎哟哟…,2026.04.19,广西,6.0,0.0,21,中性|观众,中性,观众,5,中性,3
69e59e520000000022027a90,"花田里犯了错|机器人马拉松正赛搞笑赏析

",,2593.0,2,69e5dedc000000001401cc0e,69e5db6e000000001401bc3a,661ab2d70000000007007f3b,哈哈哈 确实还有好多有趣的[笑哭R],2026.04.20,上海,6.0,,18,,,,3,,3
69e44278000000001a0217bb,"机器人超过我的瞬间

",6019.0,372.0,1,69e4573a000000001401a417,,599fe7ce6a6a6917a03c4e09,您是生命的热烈，它是钢铁的进步[赞R],2026.04.19,北京,3905.0,33.0,19,成功|被超越者,成功,被超越者,4,强势成功,4
69e4b08d000000001d01c1bc,"机器人马拉松参赛选手“进化速度这一块”

",,379.0,2,69e4da4a000000001401a005,69e4da0f000000001401d820,624c08ca0000000010004abd,这个是纯展示技术呀,2026.04.19,陕西,2577.0,,9,,,,2,,4
69e47f8f000000001f007203,"2026年机器人马拉松状态，五年后再看🤣

",,5834.0,2,69e4e83d000000001401e024,69e4e1f0000000001401a40f,69594bb2000000003700211e,技术就在无聊中诞生,2026.04.19,广东,877.0,,9,,,,3,,4
69e4b08d000000001d01c1bc,"机器人马拉松参赛选手“进化速度这一块”

",,379.0,2,69e4d377000000001401e82d,69e4d200000000001401d80b,62ad8647000000001b02a6c3,没事，发展时间还长，等到你担心的时候，估计都几代后了，这辈子的不用担心下辈子的你,2026.04.19,河南,429.0,,40,,,,12,,4
69db34bb000000001a0348ae,"机器人抢救现场

",4896.0,1198.0,1,69dc8e9100000000020296bb,,61e6c5900000000010008942,科技服务不了人，还是人在服务科技[捂脸R],2026.04.13,天津,264.0,1.0,21,失败|抢救者,失败,抢救者,7,失败,4
69e4412a000000002103883f,"荣耀闪电队-齐天大圣夺冠！

",3517.0,445.0,1,69e4c8c6000000001401e025,,5b0849c74eacab771bfe9343,玩归玩，笑归笑，看见中国科技一点点的进步，真的让人感动。,2026.04.19,湖北,232.0,5.0,28,,,,9,,4
69e40352000000002102fc75,"机器人马拉松现场第一视角看全部队伍

",,1160.0,2,69e43b18000000001401a01e,69e42de8000000001401d814,59f96eec4eacab1209078319,技术的进步不可能一蹴而就,2026.04.19,湖北,161.0,,12,,,,3,,4
69e59e520000000022027a90,"花田里犯了错|机器人马拉松正赛搞笑赏析

",,2593.0,2,69e6c7710000000014018c14,69e6394c000000001401c410,5b4858cf4eacab7aef58febf,因为是很多很多公司生产的啊，肯定有质量差距，这个视频只放了失败的，牛逼的那些早跑完了。,2026.04.21,重庆,92.0,,43,,,,10,,4
69e42cc100000000220001ad,"机器人马拉松倒数第一名，萌翻了🤣🤣🤣

",,8501.0,1,69e5aa18000000001401dc37,,625e4fe1000000001000d93c,这玩意就是当玩具卖，也能爆单[doge],2026.04.20,辽宁,84.0,11.0,20,弱势|观众,弱势,观众,3,弱势,4
69df625d0000000021005c63,"“扶我起来，我还能再跑10公里”

",,9992.0,2,69df9bb60000000015006f48,69df971b00000000350151b3,57a0234382ec394c67360577,现在做这个的公司很多，不像前几年就那么两家，总有跑得快的跑的慢的，筛选的过程，竞争激烈也会促进技术发展,2026.04.15,广东,73.0,,51,,,,14,,4
69e47f8f000000001f007203,"2026年机器人马拉松状态，五年后再看🤣

",,5834.0,2,69e51122000000001401e411,69e4e1f0000000001401a40f,576f948f50c4b46e6022de04,都是每个团队的心血啊，科技在进步，祖国在强大！,2026.04.20,湖南,71.0,,23,,,,7,,4
69e4c771000000002102c3fc,"一镜到底！看人形机器人跑半马如何补给。

",,89.0,1,69e4f9a2000000001401a41a,,60ffcf39000000000101f6e1,一代代的不断迭代优化，越来越好[点赞R],2026.04.19,日本,66.0,0.0,20,,,,5,,4
69e447d2000000001d01aa01,"当算法有了腿，程序员万万没想到……

",,2912.0,2,69e4734a000000001401d41b,69e4728f000000001401ac1e,5a04638011be1045e77d5836,年轻还行，再隔几年就没了[笑哭R],2026.04.19,重庆,61.0,,17,,,,4,,4
69e40352000000002102fc75,"机器人马拉松现场第一视角看全部队伍

",,1160.0,2,69e503e3000000001401e80f,69e4f7ac000000001401ac0c,67b85a50000000000d0092da,现在任何领域都需要创新，既然发明出来了就有意义,2026.04.20,福建,44.0,,23,,,,7,,4
69e40352000000002102fc75,"机器人马拉松现场第一视角看全部队伍

",,1160.0,2,69e434be000000001401dc25,69e42de8000000001401d814,5d7efdb5000000000100a295,很多数据是相互的,2026.04.19,浙江,44.0,,8,,,,3,,4
69da7e87000000001a03484e,"今晚的亦庄机器人马拉松测试

",,8169.0,2,69db194b000000001500437e,69db0fce0000000015005918,62d827ae0000000002001e7e,就是要一点点研发设计呀。谁也没让他们现在就去[笑哭R],2026.04.12,广东,40.0,,27,成功|观众,成功,观众,4,强势成功,4
69e481e8000000002003ad94,"

",,,2,69e49a25000000001401b803,69e4962e000000001401b006,60bad721000000000101f0ca,这个早就来，高端制造肯定需要高端售后服务[偷笑R],2026.04.19,江苏,40.0,,25,强势|服务者,强势,服务者,7,强势成功,4
69e40352000000002102fc75,"机器人马拉松现场第一视角看全部队伍

",,1160.0,2,69e43ce7000000001401dc3a,69e43ba7000000001401b827,629fb319000000001b02a3d2,造势 骗补贴,2026.04.19,上海,39.0,,6,,,,2,,4
69da7e87000000001a03484e,"今晚的亦庄机器人马拉松测试

",,8169.0,2,69daf3130000000015005cfe,69daef940000000001007f78,6902a8e0000000003700125f,展示科技进步,2026.04.12,广东,38.0,,6,成功|观众,成功,观众,2,强势成功,4
69e48341000000001a02d0c4,"机器人马拉松，我们看乐了，西方人看破防了🤣

",3931.0,1022.0,1,69e4900b000000001401a01d,,5e58d1bd0000000001000df5,评论妄自菲薄的打开首页，基本是收钱的5买水军或者行走的50万，一看一个准,2026.04.19,广东,36.0,2.0,36,,,,11,,4
69e4412a000000002103883f,"荣耀闪电队-齐天大圣夺冠！

",3517.0,445.0,2,69e4e6060000000014019807,69e4d870000000001401c830,5d2f425a00000000120088e2,技术牛逼、产品知名、资本追投,2026.04.19,北京,36.0,,14,,,,5,,4
69da7e87000000001a03484e,"今晚的亦庄机器人马拉松测试

",,8169.0,2,69dafed90000000002035a3a,69dafe15000000000d03e54c,5e1c6604000000000100afe4,有的是中年人被带节奏，有的是湾湾网军发力。汽车已经发展了一两百年，20年前也还是土土的样子，哪有一蹴而就的,2026.04.12,福建,34.0,,53,成功|观众,成功,观众,16,强势成功,4
69da7e87000000001a03484e,"今晚的亦庄机器人马拉松测试

",,8169.0,2,69db148b0000000002035c6d,69db10850000000035021b47,637b1ed0000000001f0172fb,国家补贴有很大一部分就是给人骗的，只要能养出一两家有真东西的企业，那就是赚,2026.04.12,江苏,34.0,,37,成功|观众,成功,观众,9,强势成功,4
69e4b08d000000001d01c1bc,"机器人马拉松参赛选手“进化速度这一块”

",,379.0,1,69e4bb52000000001401b806,,5710adec84edcd6058aa5a22,世界在进步，我们也在进步～,2026.04.19,河北,30.0,0.0,13,,,,3,,4
69e481e8000000002003ad94,"

",,,2,69e5f953000000001401bc27,69e5f836000000001401bc01,60c366550000000001008de7,比卫浴门帘柜有科技含量点,2026.04.20,北京,30.0,,12,强势|服务者,强势,服务者,4,强势成功,4
69e47f8f000000001f007203,"2026年机器人马拉松状态，五年后再看🤣

",,5834.0,2,69e50c24000000001401d810,69e4e1f0000000001401a40f,5f81bb04000000000101dbc5,其实就像人类学会走之后就学会跑，这也是一种时代进步,2026.04.20,陕西,29.0,,25,,,,7,,4
69e481e8000000002003ad94,"

",,,2,69e57476000000001401dc15,69e571d9000000001401c009,62af4262000000001b028daf,资金吹泡泡需要，抵押估值需要。,2026.04.20,广东,29.0,,15,强势|服务者,强势,服务者,6,强势成功,4
69e481e8000000002003ad94,"

",,,2,69e6f1fd0000000014018c27,69e6f061000000001401c018,60d4bf350000000001003eec,这是一个必须经历的过程，不可能一下造出个飞机就是这个道理,2026.04.21,新疆,29.0,,28,强势|服务者,强势,服务者,7,强势成功,4
69e40352000000002102fc75,"机器人马拉松现场第一视角看全部队伍

",,1160.0,2,69e42b1a000000001401901d,69e42201000000001401940b,60bafd3d00000000010018fc,慢慢来，发展需要时间[红色心形R],2026.04.19,广东,27.0,,17,,,,4,,4
69e47f8f000000001f007203,"2026年机器人马拉松状态，五年后再看🤣

",,5834.0,2,69e58dd1000000001401c026,69e586020000000014019401,5e54e12e000000000100a1be,公共展示一下让大众认识一下怎样拉投资[偷笑R],2026.04.20,广东,25.0,,23,,,,7,,4
69e48d54000000002102e178,"😭亦庄机器人半马最感人一幕

",,1589.0,1,69e4a2e5000000001401b816,,5b16a94b11be100f2c360749,他是怕摔下来，公司要他赔,2026.04.19,广东,4072.0,41.0,12,弱势|同伴,弱势,同伴,2,弱势,5
69e2583b00000000230211ea,"

",,2406.0,1,69e30be4000000001401e836,,65644964000000000202b1a8,粉碎性骨折[doge],2026.04.18,天津,774.0,12.0,11,失败|抢救者,失败,抢救者,2,失败,5
69e44171000000001a026b25,"机器人马拉松比赛摔倒丝滑起身帅炸了🔥🔥

",9971.0,613.0,2,69e455db000000001401a420,69e455b0000000001401b001,590ad574a9b2ed4969a54bff,它倒地都是很温柔的找好角度倒的 不像别个直接一个雷霆大摔 摔的七零八落担架抬走[笑哭R],2026.04.19,北京,707.0,,44,,,,9,,5
69e46730000000001d0199c8,"

",,761.0,2,69e523c1000000001401e401,69e52051000000001401bc02,6440a2c40000000012034fec,还摔了一跤呢，担架都上来了，但是没用上，扶起来起来又跑了[笑哭R],2026.04.20,北京,522.0,,33,,,,6,,5
69e2583b00000000230211ea,"

",,2406.0,2,69e7ac76000000001401a003,69e7a7150000000014019809,67127050000000001d022e73,就这么摔一下就散架了，在家就没测试过的吧[笑哭R],2026.04.22,广东,307.0,,25,失败|抢救者,失败,抢救者,4,失败,5
69e2583b00000000230211ea,"

",,2406.0,1,69e2f2e9000000001401b801,,602771f10000000001000b41,这是面粉做的糖人吗？碎成渣了,2026.04.18,天津,217.0,6.0,14,失败|抢救者,失败,抢救者,3,失败,5
69e44171000000001a026b25,"机器人马拉松比赛摔倒丝滑起身帅炸了🔥🔥

",9971.0,613.0,1,69e472c6000000001401a80a,,56bd8f3850c4b430ae0fd091,报告裁判，这里有人假摔[偷笑R],2026.04.19,上海,192.0,1.0,16,,,,5,,5
69da7e87000000001a03484e,"今晚的亦庄机器人马拉松测试

",,8169.0,2,69dad46b000000003501bc1d,69dac8d7000000000c0319f8,6299ff0e000000002102022f,大不了换零件[doge],2026.04.12,天津,164.0,,12,成功|观众,成功,观众,2,强势成功,5
69db34bb000000001a0348ae,"机器人抢救现场

",4896.0,1198.0,2,69e492270000000014018c16,69e48f1d0000000014019819,636f94de000000001f015f2f,粉碎性骨折啊这是,2026.04.19,重庆,88.0,,8,失败|抢救者,失败,抢救者,2,失败,5
69e41e24000000001a025f1a,"人形机器人半马摔倒瞬间🔥🔥

",1155.0,129.0,1,69e42cb3000000001401c41a,,5510028bb4c4d6387ad6a2d9,啥东西，碎一地[doge],2026.04.19,北京,79.0,11.0,13,失败|观众,失败,观众,2,失败,5
69e447d2000000001d01aa01,"当算法有了腿，程序员万万没想到……

",,2912.0,2,69e45ac0000000001401e82e,69e45575000000001401e004,621ddac6000000002102735d,他撞了别人和别人撞坏他都不好吧。[笑哭R],2026.04.19,天津,61.0,,21,,,,4,,5
69e4412a000000002103883f,"荣耀闪电队-齐天大圣夺冠！

",3517.0,445.0,1,69e4650d0000000014019434,,5fc4f2470000000001001c4d,它被凶了吗？？跑着跑着突然停下来走,2026.04.19,浙江,41.0,7.0,17,,,,2,,5
69e44171000000001a026b25,"机器人马拉松比赛摔倒丝滑起身帅炸了🔥🔥

",9971.0,613.0,1,69e447ed000000001401bc1d,,5a12c1b74eacab0dd6fd80b1,比之前摔到只能在地上打摆子已经强太多了～[笑哭R],2026.04.19,湖北,40.0,0.0,25,,,,6,,5
69e42cc100000000220001ad,"机器人马拉松倒数第一名，萌翻了🤣🤣🤣

",,8501.0,2,69e4414a000000001401b002,69e43311000000001401e428,5651a56e62a60c4f801c45c8,这个摔烂直接被扔在路边了,2026.04.19,北京,36.0,,12,弱势|观众,弱势,观众,2,弱势,5
69e447d2000000001d01aa01,"当算法有了腿，程序员万万没想到……

",,2912.0,1,69e46f4d0000000014018827,,559ba2c662a60c229d042158,这要是摔了把电脑砸了怎么办,2026.04.19,湖北,35.0,21.0,13,,,,3,,5
69e41e24000000001a025f1a,"人形机器人半马摔倒瞬间🔥🔥

",1155.0,129.0,1,69e44aa1000000001401ac32,,60269e1c0000000001000659,摔倒了自己起不来吗,2026.04.19,山东,23.0,2.0,9,失败|观众,失败,观众,2,失败,5
69e481e8000000002003ad94,"

",,,1,69e4a6e7000000001401d831,,5f48ebd5000000000101c73d,他居然像人一样虚的往后仰[doge],2026.04.19,天津,23.0,0.0,18,强势|服务者,强势,服务者,4,强势成功,5
69e481e8000000002003ad94,"

",,,1,69e4a3610000000014018825,,562f66aee00dd863c733324a,他还假装往后撤两步，真的累了😮‍💨,2026.04.19,陕西,23.0,1.0,17,强势|服务者,强势,服务者,4,强势成功,5
69df625d0000000021005c63,"“扶我起来，我还能再跑10公里”

",,9992.0,1,69df65b0000000001400b720,,548900272e1d933b81a0d68e,是不是得先解决摔倒了不把自己搞得支离破碎[笑哭R],2026.04.15,广东,19.0,5.0,25,,,,4,,5
69e4551e000000001f005895,"荣耀机器人赢麻了🤖我觉得它表情在嘲讽我

",,816.0,2,69e49a9b000000001401d412,69e47e4a000000001401cc1c,5aceceb84eacab32f6747d05,他甚至还挣扎了一下[捂脸R],2026.04.19,北京,19.0,,14,成功|被超越者,成功,被超越者,3,强势成功,5
69e481e8000000002003ad94,"

",,,1,69e49463000000001401d430,,6479408300000000100356bd,真像人，都累打晃晃了,2026.04.19,北京,18.0,3.0,10,强势|服务者,强势,服务者,3,强势成功,5
69e44171000000001a026b25,"机器人马拉松比赛摔倒丝滑起身帅炸了🔥🔥

",9971.0,613.0,2,69e45c660000000014018c19,69e455b0000000001401b001,56129f368a75e145f14f5aa8,对，这个没摔散架，虽然不知道它为啥要摔一下，是相当于重启吗@水里的空气 @卷卷🍭besos,2026.04.19,湖北,16.0,,45,,,,7,,5
69e44171000000001a026b25,"机器人马拉松比赛摔倒丝滑起身帅炸了🔥🔥

",9971.0,613.0,1,69e4564c000000001401e415,,5fcc791e0000000001005f58,这是故意秀给你看，假摔[偷笑R],2026.04.19,北京,14.0,1.0,16,,,,2,,5
69e481e8000000002003ad94,"

",,,1,69e4a0f6000000001401a423,,6350b179000000001802e20f,停下来要倒不倒还挺像人[笑哭R],2026.04.19,安徽,11.0,2.0,16,强势|服务者,强势,服务者,2,强势成功,5
69e44171000000001a026b25,"机器人马拉松比赛摔倒丝滑起身帅炸了🔥🔥

",9971.0,613.0,1,69e451ee000000001401e800,,60bd87c90000000001007217,去年一摔就碎了，今年这情况不用扶了，以后给我养老有望了,2026.04.19,北京,10.0,0.0,27,,,,6,,5
69e2583b00000000230211ea,"

",,2406.0,2,69e2f979000000001401e41a,69e2f5c1000000001401b80c,6752ff7d000000001d02d472,摔了就摔了呗[doge]起步阶段摔几个不是很正常，况且又不是只有这一家,2026.04.18,北京,10.0,,35,失败|抢救者,失败,抢救者,7,失败,5
69e634590000000022003bb5,"每个马拉松机器人，都有自己的热血故事。

",,824.0,2,69e7656c000000001401902d,69e6be18000000001401b002,5ca088200000000011013d44,对啊，有摔倒的，路人说“这回出洋相了”，人家工作人员听了多难受,2026.04.21,河北,10.0,,31,,,,7,,5
69e2583b00000000230211ea,"

",,2406.0,1,69e49641000000001401dc34,,62b03f6f000000001b02b008,粉末性骨折[doge],2026.04.19,江苏,8.0,0.0,11,失败|抢救者,失败,抢救者,2,失败,5
69e42cc100000000220001ad,"机器人马拉松倒数第一名，萌翻了🤣🤣🤣

",,8501.0,2,69e43d74000000001401c025,69e43311000000001401e428,5a86f6f84eacab7a876466ef,我想看摔烂的，你发个提示给我[失望R][失望R][失望R],2026.04.19,上海,8.0,,29,弱势|观众,弱势,观众,2,弱势,5
69e59e520000000022027a90,"花田里犯了错|机器人马拉松正赛搞笑赏析

",,2593.0,2,69e63e77000000001401a818,69e5f71c000000001401d427,5f2f7c8b000000000100b475,要不是怕弄坏了要赔，就这些架子稍微用点力它就倒地[偷笑R],2026.04.20,云南,8.0,,29,,,,7,,5
69e447d2000000001d01aa01,"当算法有了腿，程序员万万没想到……

",,2912.0,1,69e48c45000000001401e034,,6803b2b6000000000e01dbf2,怪不得程序员不要35以上的[捂脸R],2026.04.19,上海,2025.0,41.0,18,,,,5,,6
69e447d2000000001d01aa01,"当算法有了腿，程序员万万没想到……

",,2912.0,1,69e44e85000000001401a404,,626c1e4b00000000210298d0,三公里就得换一个程序员,2026.04.19,陕西,1848.0,53.0,11,,,,2,,6
69e2583b00000000230211ea,"

",,2406.0,1,69e7a7150000000014019809,,5f49fb02000000000100a628,只有我心疼这个机器的报废了吗，程序员不心碎了吗,2026.04.22,四川,1030.0,45.0,23,失败|抢救者,失败,抢救者,6,失败,6
69e447d2000000001d01aa01,"当算法有了腿，程序员万万没想到……

",,2912.0,2,69e450ed000000001401e814,69e44a84000000001401b822,5b602d14f7e8b9063b691965,这是一个梗 程序和程序员有一个能跑就行[偷笑R],2026.04.19,广东,903.0,,24,,,,2,,6
69e634590000000022003bb5,"每个马拉松机器人，都有自己的热血故事。

",,824.0,2,69e6ce48000000001401900c,69e6c0e9000000001401a00a,54eddf14d39ea255a223d08a,语音控制电瓶车上的程序员吧[偷笑R],2026.04.21,北京,474.0,,18,,,,4,,6
69e447d2000000001d01aa01,"当算法有了腿，程序员万万没想到……

",,2912.0,1,69e49ed0000000001401cc3e,,5eb9f4a60000000001005b8a,咱就不能给程序员配个八嘎车，一个开车追，一个改bug[笑哭R],2026.04.19,浙江,328.0,15.0,31,,,,5,,6
69e2583b00000000230211ea,"

",,2406.0,2,69e7aeee000000001401cc0b,69e7a7150000000014019809,686926ff000000001b01891a,程序员不会心碎 项目经理 硬件结构工程师会崩溃,2026.04.22,四川,254.0,,23,失败|抢救者,失败,抢救者,7,失败,6
69e634590000000022003bb5,"每个马拉松机器人，都有自己的热血故事。

",,824.0,2,69e6ed21000000001401880e,69e6c0e9000000001401a00a,5735abf71c07df688eef10bd,之前看到一个扛着电脑狂奔的程序员，程序员说没想到自己还要跑马拉松[笑哭R],2026.04.21,江苏,143.0,,37,,,,9,,6
69e429b4000000001b00037a,"张杰演唱会机器人来参加半马了？？

",,2026.0,2,69e43d72000000001401a41d,69e42e61000000001401941b,61c47c6e000000001f03e012,触发底层代码了[笑哭R],2026.04.19,北京,114.0,,12,,,,3,,6
69e481e8000000002003ad94,"

",,,2,69e4a89d000000001401cc35,69e4a81a000000001401e809,5fddd3ba000000000100a547,可是，程序员也在跑着呐[偷笑R],2026.04.19,江苏,109.0,,16,强势|服务者,强势,服务者,2,强势成功,6
69e447d2000000001d01aa01,"当算法有了腿，程序员万万没想到……

",,2912.0,2,69e5ccf7000000001401ac05,69e49549000000001401902c,5fc6d13b0000000001004553,对程序猿最严厉的爱[笑哭R][笑哭R][笑哭R],2026.04.20,安徽,104.0,,24,,,,2,,6
69e634590000000022003bb5,"每个马拉松机器人，都有自己的热血故事。

",,824.0,2,69e73ddf000000001401b01a,69e6c0e9000000001401a00a,57a6936b82ec393a24adac60,所有程序员最后一公里都得下车跑[失望R],2026.04.21,广西,83.0,,20,,,,5,,6
69da7e87000000001a03484e,"今晚的亦庄机器人马拉松测试

",,8169.0,1,69dafb65000000001500583a,,623e891c000000001000eccd,今年不用选体能好的程序员跟跑了，因为体能再好都跟不上了,2026.04.12,江苏,80.0,6.0,27,成功|观众,成功,观众,7,强势成功,6
69e447d2000000001d01aa01,"当算法有了腿，程序员万万没想到……

",,2912.0,2,69e453c6000000001401c81a,69e44e85000000001401a404,588b548a3460945d4c535d82,很费程序员,2026.04.19,上海,70.0,,5,,,,2,,6
69e447d2000000001d01aa01,"当算法有了腿，程序员万万没想到……

",,2912.0,2,69e45b71000000001401ac00,69e44a84000000001401b822,604d8387000000000100a4db,技术宅再也宅不了了，各个都得会跑马[偷笑R],2026.04.19,湖南,65.0,,22,,,,5,,6
69e447d2000000001d01aa01,"当算法有了腿，程序员万万没想到……

",,2912.0,1,69e4728f000000001401ac1e,,5ab3765ee8ac2b04099bb6d1,肯定不是程序员，程序员头发没这么飘逸,2026.04.19,河北,57.0,9.0,18,,,,5,,6
69e4551e000000001f005895,"荣耀机器人赢麻了🤖我觉得它表情在嘲讽我

",,816.0,1,69e5aeb9000000001401a81c,,5a7db0bee8ac2b2e33be5fe8,这一车是程序员么,2026.04.20,江苏,54.0,4.0,8,成功|被超越者,成功,被超越者,2,强势成功,6
69e447d2000000001d01aa01,"当算法有了腿，程序员万万没想到……

",,2912.0,1,69e49e3f000000001401e021,,5b84f474a5ec3a00013ae177,程序员感觉一直很命苦的样子,2026.04.19,上海,50.0,2.0,13,,,,4,,6
69e47f8f000000001f007203,"2026年机器人马拉松状态，五年后再看🤣

",,5834.0,2,69e56450000000001401bc0c,69e55d77000000001401bc0e,5acf4a2c11be1055c8573769,或许上面坐的是一排排修复bug的程序员呢,2026.04.20,北京,49.0,,20,,,,6,,6
69e447d2000000001d01aa01,"当算法有了腿，程序员万万没想到……

",,2912.0,2,69e45c80000000001401c009,69e44a84000000001401b822,5acd2d924eacab611389ea10,关键是程序比程序员跑的快[偷笑R],2026.04.19,辽宁,41.0,,17,,,,4,,6
69e447d2000000001d01aa01,"当算法有了腿，程序员万万没想到……

",,2912.0,2,69e457b4000000001401b037,69e44e85000000001401a404,5ff9b1d3000000000100b38d,可以搞一个程序员接力[微笑R],2026.04.19,重庆,41.0,,15,,,,2,,6
69e447d2000000001d01aa01,"当算法有了腿，程序员万万没想到……

",,2912.0,1,69e45bfd0000000014019030,,54e5a9962e1d935fdf851715,没人说当程序猿要跑马拉松啊[石化R],2026.04.19,广东,40.0,4.0,18,,,,4,,6
69e4551e000000001f005895,"荣耀机器人赢麻了🤖我觉得它表情在嘲讽我

",,816.0,2,69e5bf38000000001401a426,69e5aeb9000000001401a81c,608657f6000000000101e68f,裁判跟工程师。,2026.04.20,湖南,37.0,,7,成功|被超越者,成功,被超越者,2,强势成功,6
69e447d2000000001d01aa01,"当算法有了腿，程序员万万没想到……

",,2912.0,1,69e4b6d1000000001401c426,,5b13a8886b58b778cffd825f,好消息，代码能跑了[捂脸R],2026.04.19,北京,36.0,2.0,14,,,,2,,6
69e447d2000000001d01aa01,"当算法有了腿，程序员万万没想到……

",,2912.0,2,69e45e75000000001401d833,69e44a84000000001401b822,6368cfa9000000001f018155,哈哈哈，程序员说，别跑，你还有bug呢,2026.04.19,北京,35.0,,19,,,,3,,6
69e447d2000000001d01aa01,"当算法有了腿，程序员万万没想到……

",,2912.0,2,69e5ecbb000000001401a81d,69e49549000000001401902c,58eca2e65e87e725e271fbb2,谁写的bug 谁follow!,2026.04.20,上海,35.0,,15,,,,2,,6
69e45dbe000000001f00434f,"机器人跑马拉松超越人类？

",4650.0,773.0,2,69e5bef6000000001401bc10,69e5bb400000000014018810,65e6859a000000000500b0cf,评论完马上给开源马圣磕头[满月R],2026.04.20,内蒙古,31.0,,17,,,,5,,6
69e447d2000000001d01aa01,"当算法有了腿，程序员万万没想到……

",,2912.0,2,69e4ecf2000000001401e01d,69e49ed0000000001401cc3e,56ab7c7e84edcd5c269da9b4,程序员：我谢谢你，一个脑子要管多少个部位,2026.04.19,河南,28.0,,20,,,,6,,6
69e447d2000000001d01aa01,"当算法有了腿，程序员万万没想到……

",,2912.0,2,69e469f3000000001401d40a,69e44a84000000001401b822,6075c01e000000000100667a,这下好了，程序员门槛要求一条会跑马拉松，卷起来,2026.04.19,江苏,26.0,,23,,,,7,,6
69e447d2000000001d01aa01,"当算法有了腿，程序员万万没想到……

",,2912.0,1,69e460c5000000001401a808,,5df9deb100000000010061ea,这下代码真跑起来了！[doge],2026.04.19,福建,25.0,1.0,16,,,,4,,6
69e481e8000000002003ad94,"

",,,2,69e71e44000000001401a023,69e71b47000000001401ac15,5c580827000000001103107a,打仗时候可以绑炸弹冲在前面，火场救援，灾区救援,2026.04.21,河南,290.0,,23,强势|服务者,强势,服务者,7,强势成功,7
69e481e8000000002003ad94,"

",,,2,69e493050000000014019008,69e490ae000000001401d42a,67fb1389000000000e011fa0,为巷战、为丛林战做准备。,2026.04.19,湖南,217.0,,12,强势|服务者,强势,服务者,3,强势成功,7
69e4c771000000002102c3fc,"一镜到底！看人形机器人跑半马如何补给。

",,89.0,1,69e51334000000001401cc07,,63ea6311000000002501f594,好好练，将来分担抢险救灾的工作💪,2026.04.20,广东,169.0,0.0,16,,,,5,,7
69e4551e000000001f005895,"荣耀机器人赢麻了🤖我觉得它表情在嘲讽我

",,816.0,1,69e4c0ce000000001401980e,,60fc0523000000002002fa5a,这玩意加个强化外壳，装上遥控炸药，想拦住不太容易呀[笑哭R],2026.04.19,辽宁,93.0,7.0,30,成功|被超越者,成功,被超越者,9,强势成功,7
69da7e87000000001a03484e,"今晚的亦庄机器人马拉松测试

",,8169.0,1,69db0fce0000000015005918,,62d827ae0000000002001e7e,可以用于灾害救援啊这个,2026.04.12,广东,91.0,34.0,11,成功|观众,成功,观众,3,强势成功,7
69da7e87000000001a03484e,"今晚的亦庄机器人马拉松测试

",,8169.0,2,69db0fe10000000014009cfb,69db0fce0000000015005918,62d827ae0000000002001e7e,从火场里救人，咻咻咻的就跑出来了,2026.04.12,广东,63.0,,16,成功|观众,成功,观众,3,强势成功,7
69e4551e000000001f005895,"荣耀机器人赢麻了🤖我觉得它表情在嘲讽我

",,816.0,2,69e4998e000000001401dc16,69e48d160000000014018c1b,645886ad000000001f03039a,在战场上不需要跑死，只要接近就完犊子了[捂脸R],2026.04.19,辽宁,61.0,,24,成功|被超越者,成功,被超越者,5,强势成功,7
69e481e8000000002003ad94,"

",,,2,69e5776f000000001401d408,69e571d9000000001401c009,5eccc46e0000000001002848,当他拿起枪保护你，炸掉对方时你就觉得都值得,2026.04.20,海南,61.0,,21,强势|服务者,强势,服务者,5,强势成功,7
69e481e8000000002003ad94,"

",,,2,69e584f3000000001401b809,69e5841a000000001401d81f,642ce676000000000801849b,打仗就能少死三个人了[点赞R],2026.04.20,湖南,59.0,,15,强势|服务者,强势,服务者,3,强势成功,7
69da7e87000000001a03484e,"今晚的亦庄机器人马拉松测试

",,8169.0,1,69db12970000000035018b53,,61efc8f500000000210240ff,这nb了 这要是上战场了…,2026.04.12,北京,54.0,19.0,13,成功|观众,成功,观众,3,强势成功,7
69e481e8000000002003ad94,"

",,,2,69e57617000000001401d80b,69e571d9000000001401c009,647c1a9b000000001001d907,战场上，战士们不用再背着炸药包了。,2026.04.20,河南,35.0,,17,强势|服务者,强势,服务者,5,强势成功,7
69e44278000000001a0217bb,"机器人超过我的瞬间

",6019.0,372.0,2,69e5d522000000001401e428,69e5c985000000001401cc14,5cf9dbbc000000001000b90f,白活这么大了 导弹都接不住,2026.04.20,上海,25.0,,13,成功|被超越者,成功,被超越者,3,强势成功,7
69da7e87000000001a03484e,"今晚的亦庄机器人马拉松测试

",,8169.0,2,69dadc3900000000020342f7,69dadbd3000000000103dd83,632a650600000000230271fd,放战场上你就知道了[笑哭R],2026.04.12,北京,23.0,,14,成功|观众,成功,观众,2,强势成功,7
69e481e8000000002003ad94,"

",,,1,69e49b9f0000000014019c07,,642643e5000000001f032066,确实可以上战场了，人员配齐就行,2026.04.19,湖南,21.0,4.0,15,强势|服务者,强势,服务者,5,强势成功,7
69e481e8000000002003ad94,"

",,,2,69e722f60000000014019011,69e7223d0000000014018c02,63d0bcf0000000002702a242,没意义？战场和恶劣天气的时候，你去执行任务？[doge],2026.04.21,广东,21.0,,28,强势|服务者,强势,服务者,6,强势成功,7
69da7e87000000001a03484e,"今晚的亦庄机器人马拉松测试

",,8169.0,2,69dad4b900000000140087f1,69dad438000000003503068b,5b6add956b58b77e4d909ed6,从民用到军用 都会有用的 放心吧,2026.04.12,上海,19.0,,16,成功|观众,成功,观众,4,强势成功,7
69e44278000000001a0217bb,"机器人超过我的瞬间

",6019.0,372.0,1,69e480d7000000001401e02e,,66343c2c0000000003030984,如果战场上，他拿个枪，就是个大麻烦,2026.04.19,北京,18.0,18.0,17,成功|被超越者,成功,被超越者,3,强势成功,7
69e481e8000000002003ad94,"

",,,2,69e57656000000001401e809,69e571d9000000001401c009,618bd62900000000100061e8,军用民用,2026.04.20,河南,15.0,,4,强势|服务者,强势,服务者,2,强势成功,7
69da7e87000000001a03484e,"今晚的亦庄机器人马拉松测试

",,8169.0,2,69dbfa6b000000000d03dcc4,69dba1b50000000001005940,64589da0000000002a009e77,明年应该就能拿冲锋枪了[doge],2026.04.13,江苏,14.0,,17,成功|观众,成功,观众,2,强势成功,7
69e481e8000000002003ad94,"

",,,2,69e575890000000014019814,69e574d70000000014019810,5fdc4c7200000000010075c1,真打仗和救援了，你愿意做冲上去那个还是后方维护那个？,2026.04.20,湖北,14.0,,26,强势|服务者,强势,服务者,6,强势成功,7
69e634590000000022003bb5,"每个马拉松机器人，都有自己的热血故事。

",,824.0,2,69e71695000000001401c015,69e7007f000000001401e81f,673848de000000001c01a384,目前只是国家不允许，允许它们配武器看看，立马就能做出大杀器！,2026.04.21,广西,14.0,,30,,,,10,,7
69da7e87000000001a03484e,"今晚的亦庄机器人马拉松测试

",,8169.0,1,69dba1b50000000001005940,,5d37cfd700000000100145f0,太吓人了 这玩意儿要是军事化应用，那人类还能活吗,2026.04.12,北京,13.0,9.0,24,成功|观众,成功,观众,7,强势成功,7
69e59e520000000022027a90,"花田里犯了错|机器人马拉松正赛搞笑赏析

",,2593.0,1,69e63d97000000001401d435,,6083c22b000000000101dc4a,希望以后追杀我的都是这些型号[doge],2026.04.20,北京,13.0,4.0,20,,,,4,,7
69da7e87000000001a03484e,"今晚的亦庄机器人马拉松测试

",,8169.0,2,69db177300000000350197da,69db12970000000035018b53,61efc8f500000000210240ff,关键是这玩意开几枪打不死[笑哭R]体能力量还比人强,2026.04.12,北京,11.0,,25,成功|观众,成功,观众,7,强势成功,7
69da7e87000000001a03484e,"今晚的亦庄机器人马拉松测试

",,8169.0,2,69db19c30000000002034510,69db12970000000035018b53,63abb50900000000270280a0,一边跑一边举枪就不笑了[偷笑R],2026.04.12,上海,11.0,,16,成功|观众,成功,观众,3,强势成功,7
69e481e8000000002003ad94,"

",,,2,69e6e96e000000001401cc12,69e6e77e0000000014019c03,55a0a8465894462928b7a913,打个仗救个援也是极好的 无论什么从无到有都是种突破 你说是吧,2026.04.21,上海,11.0,,30,强势|服务者,强势,服务者,6,强势成功,7
69e463df000000001b003017,"

",3270.0,219.0,2,69e6ce90000000001401e002,69e5818d000000001401a001,5bf7a125edf09e0001ed17c5,就算刺杀人也是人在背后操控[汗颜R],2026.04.21,福建,11.0,,18,,,,6,,7
69da7e87000000001a03484e,"今晚的亦庄机器人马拉松测试

",,8169.0,1,69db15d6000000003502d6a5,,69cb273e000000003202940f,为以后追杀人类做准备[偷笑R],2026.04.12,浙江,10.0,2.0,15,成功|观众,成功,观众,3,强势成功,7
69da7e87000000001a03484e,"今晚的亦庄机器人马拉松测试

",,8169.0,1,69db0790000000003503255c,,559656bb62a60c325cd4a2da,背个遥控起爆型TNT3公斤。100美元换他几百万美元的战地坦克。堡垒地道战。,2026.04.12,北京,10.0,7.0,38,成功|观众,成功,观众,12,强势成功,7
69da7e87000000001a03484e,"今晚的亦庄机器人马拉松测试

",,8169.0,2,69dadc780000000035032760,69dadbd3000000000103dd83,59283b9350c4b4155ca1b691,带上🔫，带上💣，🤖×200，冲锋号一响。想都不敢想。,2026.04.12,浙江,10.0,,26,成功|观众,成功,观众,6,强势成功,7
69e42cc100000000220001ad,"机器人马拉松倒数第一名，萌翻了🤣🤣🤣

",,8501.0,1,69e43311000000001401e428,,63f0a8d8000000001400d2a3,能跑完全程就很厉害了，有些直接摔烂了,2026.04.19,四川,1096.0,33.0,18,弱势|观众,弱势,观众,4,弱势,8
69da7e87000000001a03484e,"今晚的亦庄机器人马拉松测试

",,8169.0,1,69da9a3500000000010073ef,,5991139c50c4b459b6942b69,我就知道是因为你小子使劲儿跑步呢[生气R][生气R],2026.04.12,北京,1046.0,36.0,26,成功|观众,成功,观众,5,强势成功,8
69e46730000000001d0199c8,"

",,761.0,1,69e4d3db000000001401b839,,621b75550000000021021d38,这个最像人跑步👍,2026.04.19,广东,254.0,8.0,8,,,,3,,8
69e634590000000022003bb5,"每个马拉松机器人，都有自己的热血故事。

",,824.0,2,69e6ce01000000001401a012,69e66954000000001401c404,5ee2dd4e000000000100701e,就跟人跑到最后的状态好相似,2026.04.21,北京,193.0,,13,,,,4,,8
69e47f8f000000001f007203,"2026年机器人马拉松状态，五年后再看🤣

",,5834.0,1,69e59530000000001401d424,,6828824e0000000008016e19,哇塞，这个跑步的姿势很矫健呐[赞R],2026.04.20,河南,156.0,2.0,18,,,,4,,8
69e634590000000022003bb5,"每个马拉松机器人，都有自己的热血故事。

",,824.0,2,69e6b012000000001401e801,69e6af22000000001401d40d,54e4c4f1e7798967d92f789c,跑步姿势很帅,2026.04.21,北京,139.0,,6,,,,3,,8
69e48d54000000002102e178,"😭亦庄机器人半马最感人一幕

",,1589.0,2,69e4ac3b0000000014019823,69e4abf1000000001401c014,5b18068211be102d47275f9c,看着还行啊 走的挺快,2026.04.19,河北,121.0,,10,弱势|同伴,弱势,同伴,3,弱势,8
69e47f8f000000001f007203,"2026年机器人马拉松状态，五年后再看🤣

",,5834.0,2,69e4f965000000001401a003,69e4d76f000000001401c81e,59a50f6e82ec395fdf9b1c76,看这么多个 这个跑步姿势确实最像人,2026.04.19,广东,116.0,,17,,,,6,,8
69e43a5a000000001d01dcc7,"机器人嘲讽同伴

",1966.0,167.0,1,69e45de8000000001401d809,,54e5aef2e779894b4ffed87e,虽然跑得慢，但架不住戏挺多的[笑哭R][笑哭R],2026.04.19,北京,68.0,2.0,24,中性|评价者,中性,评价者,4,中性,8
69df625d0000000021005c63,"“扶我起来，我还能再跑10公里”

",,9992.0,2,69dfa178000000003502fb9b,69df9c990000000002036314,6941e9b500000000030121db,这个视频负责搞笑的，正常跑的没笑点[偷笑R],2026.04.15,广东,43.0,,22,,,,5,,8
69e481e8000000002003ad94,"

",,,2,69e5a398000000001401dc26,69e4a4c50000000014018c1e,5b5ed4de6b58b70ab1faab60,幼儿跑步的时候，也一样一个台阶就废,2026.04.20,北京,28.0,,17,强势|服务者,强势,服务者,4,强势成功,8
69e44171000000001a026b25,"机器人马拉松比赛摔倒丝滑起身帅炸了🔥🔥

",9971.0,613.0,2,69e47241000000001401c808,69e45b34000000001401cc02,62a19a2f0000000021027943,不是跑的慢，是故意慢下来整活儿吧[笑哭R],2026.04.19,江苏,26.0,,21,,,,3,,8
69e634590000000022003bb5,"每个马拉松机器人，都有自己的热血故事。

",,824.0,1,69e65323000000001401b002,,6735ad7a000000001c01baa7,这就是看着自己的孩子在跑步啊[飞吻R]，好厉害👍,2026.04.21,河北,22.0,0.0,24,,,,4,,8
69da7e87000000001a03484e,"今晚的亦庄机器人马拉松测试

",,8169.0,2,69dadb42000000000d035e1b,69dac8d7000000000c0319f8,5a72c95cdb2e6075ec6e4db2,哈哈哈哈哈哈哈哈哈哈@@MuMu  像你之前跑步,2026.04.12,北京,22.0,,24,成功|观众,成功,观众,2,强势成功,8
69e47f8f000000001f007203,"2026年机器人马拉松状态，五年后再看🤣

",,5834.0,2,69e5763c000000001401880e,69e4d76f000000001401c81e,5ed7420d0000000001000895,我也是觉得像女生提供的跑步姿势,2026.04.20,山东,16.0,,15,,,,4,,8
69da7e87000000001a03484e,"今晚的亦庄机器人马拉松测试

",,8169.0,2,69db2342000000000100540d,69daef220000000035024590,5eba50fa000000000101d730,这个跑法背着人去医院也给震出脑震荡了,2026.04.12,北京,15.0,,18,成功|观众,成功,观众,6,强势成功,8
69df625d0000000021005c63,"“扶我起来，我还能再跑10公里”

",,9992.0,2,69dfa90c00000000020363aa,69df9c990000000002036314,5e3d503c000000000100b206,这是选的最烂的，你可以查一下跑得好的。[doge],2026.04.15,广东,15.0,,25,,,,2,,8
69e46730000000001d0199c8,"

",,761.0,1,69e5ca520000000014018c0d,,5f30b7960000000001008fb7,这几个最像跑马拉松跑不动了,2026.04.20,广东,13.0,3.0,13,,,,4,,8
69e634590000000022003bb5,"每个马拉松机器人，都有自己的热血故事。

",,824.0,2,69e77f34000000001401d800,69e77e4c000000001401e403,5aeaaeb24eacab051db992ad,[笑哭R]因为他跑的姿势看着真的很想赢,2026.04.21,江苏,13.0,,19,,,,3,,8
69e4412a000000002103883f,"荣耀闪电队-齐天大圣夺冠！

",3517.0,445.0,1,69e460fe000000001401c835,,5c167c930000000006037e3a,真有个跑的披头散发的[笑哭R],2026.04.19,福建,12.0,2.0,15,,,,2,,8
69da7e87000000001a03484e,"今晚的亦庄机器人马拉松测试

",,8169.0,2,69dafce500000000020289b3,69dafc3a0000000035010a34,65ad2140000000001302f49d,这个跑步动作标准，身体前倾,2026.04.12,浙江,11.0,,13,成功|观众,成功,观众,5,强势成功,8
69e47f8f000000001f007203,"2026年机器人马拉松状态，五年后再看🤣

",,5834.0,2,69e59721000000001401ac15,69e51440000000001401c00b,5f2bbc4d000000000100b937,男女孩 但他跑的姿势对比其他的和标准了哈哈哈哈哈,2026.04.20,辽宁,11.0,,24,,,,5,,8
69e4551e000000001f005895,"荣耀机器人赢麻了🤖我觉得它表情在嘲讽我

",,816.0,2,69e4a6a7000000001401d824,69e49413000000001401dc2c,54e5decde779891a868e45a4,那个mini的后来跑到脚底板冒烟了，被救护了一下继续跑的[笑哭R],2026.04.19,北京,10.0,,33,成功|被超越者,成功,被超越者,7,强势成功,8
69e634590000000022003bb5,"每个马拉松机器人，都有自己的热血故事。

",,824.0,1,69e77e4c000000001401e403,,5a0929b7e8ac2b5606c18936,[哭惹R][哭惹R][哭惹R]为什么一开跑 我就哭了,2026.04.21,重庆,9.0,1.0,26,,,,2,,8
69e634590000000022003bb5,"每个马拉松机器人，都有自己的热血故事。

",,824.0,1,69e72fca000000001401e025,,5d51747e0000000010035d35,刚开始跑的好潇洒，到最后真的感觉孩子跑累了，步伐都有一点点变形，太不容易了！,2026.04.21,重庆,9.0,0.0,38,,,,9,,8
69e43b14000000001a02e095,"好萌的小黑仔跑马拉松

",,2760.0,1,69e4b632000000001401a815,,5c354a2700000000060075de,跑着跑着痔疮掉出来了 疼了一下又塞回去了,2026.04.19,江苏,8.0,4.0,20,,,,3,,8
69da7e87000000001a03484e,"今晚的亦庄机器人马拉松测试

",,8169.0,2,69daee3b000000000d035292,69dac8d7000000000c0319f8,608840160000000001005fe4,前摆高度不够呢，这个是膝主导跑法,2026.04.12,上海,8.0,,16,成功|观众,成功,观众,4,强势成功,8
69e4551e000000001f005895,"荣耀机器人赢麻了🤖我觉得它表情在嘲讽我

",,816.0,2,69e823730000000014019822,69e5051f000000001401c419,5b944d20c327a90001bd64de,它们这应该是类人跑记录的创造者。,2026.04.22,河北,7.0,,16,成功|被超越者,成功,被超越者,3,强势成功,8
69e48d54000000002102e178,"😭亦庄机器人半马最感人一幕

",,1589.0,2,69e4b525000000001401b02d,69e4abf1000000001401c014,5a3f21754eacab46d659815f,感觉跑得生不如死 仰头看天哈哈哈哈哈,2026.04.19,广东,7.0,,18,弱势|同伴,弱势,同伴,3,弱势,8
69e48341000000001a02d0c4,"机器人马拉松，我们看乐了，西方人看破防了🤣

",3931.0,1022.0,2,69e4b48f000000001401c805,69e4a6ec000000001401a013,5c336a0f0000000007013417,那个我怎么看怎么像奔跑的烤鸡,2026.04.19,湖南,7.0,,14,,,,2,,8
69e6f2bc0000000023005345,"🍼机器人第一视角，好多人呀

",,687.0,1,69e7170a000000001401b807,,5a71eb6311be105aee6fa561,名次不重要、流量才是最重要的，那么多机器人只记得这个小鼻嘎了[捂脸R],2026.04.21,浙江,2088.0,19.0,35,弱势|观众,弱势,观众,7,弱势,9
69e429b4000000001b00037a,"张杰演唱会机器人来参加半马了？？

",,2026.0,1,69e44434000000001401e816,,65c606cb0000000011018262,哈哈哈，白天比赛把丝巾当领巾规矩佩戴，晚上演出再挂腰上秒变酷guy[得意],2026.04.19,北京,263.0,9.0,37,,,,10,,9
69e47f8f000000001f007203,"2026年机器人马拉松状态，五年后再看🤣

",,5834.0,2,69e55d9a0000000014018807,69e53e8e0000000014019000,5ed76186000000000101c18e,我以为它是这场比赛的吉祥物，原来也是参赛选手啊[笑哭R],2026.04.20,浙江,247.0,,28,,,,6,,9
69e59e520000000022027a90,"花田里犯了错|机器人马拉松正赛搞笑赏析

",,2593.0,2,69e609f6000000001401c824,69e5a096000000001401b813,5b00e87fe8ac2b28a677fde5,能参赛都很棒，但是，太好笑了[捂脸R],2026.04.20,山东,244.0,,19,,,,3,,9
69e48d54000000002102e178,"😭亦庄机器人半马最感人一幕

",,1589.0,1,69e4c202000000001401e839,,5a9df5e94eacab13b80b113c,这个就跟送自家孩子参加比赛一样 失败了就下次努力,2026.04.19,四川,238.0,1.0,24,弱势|同伴,弱势,同伴,8,弱势,9
69e41e24000000001a025f1a,"人形机器人半马摔倒瞬间🔥🔥

",1155.0,129.0,2,69e47fd3000000001401c42c,69e4779b000000001401c823,66b491cb000000000b033924,停下看的一般都不在乎成绩吧[笑哭R],2026.04.19,山东,183.0,,18,失败|观众,失败,观众,4,失败,9
69e48d54000000002102e178,"😭亦庄机器人半马最感人一幕

",,1589.0,2,69e579520000000014013005,69e57274000000001401d811,5d2ac9e40000000011022298,有很多是大学团队参赛的，大学生来测试研究课题的，还有国外的大学团队。,2026.04.20,浙江,165.0,,34,弱势|同伴,弱势,同伴,10,弱势,9
69e48d54000000002102e178,"😭亦庄机器人半马最感人一幕

",,1589.0,2,69e4ab2c000000001401d804,69e4a270000000001401a802,558580cd3397db232de1d0e6,跟你们这些天赋型选手拼了,2026.04.19,北京,122.0,,12,弱势|同伴,弱势,同伴,3,弱势,9
69df625d0000000021005c63,"“扶我起来，我还能再跑10公里”

",,9992.0,2,69df9e5e0000000014009943,69df9c990000000002036314,639bea12000000002702965c,这个视频剪辑的都是差的。100多个参赛队伍呢。找几个独立工作室来凑热闹的视频而已,2026.04.15,江苏,88.0,,40,,,,11,,9
69e481e8000000002003ad94,"

",,,2,69e5bb51000000001401b817,69e5babd0000000014019c1f,603dcd1900000000010036aa,这个比赛有自主组，也有非自主组[汗颜R],2026.04.20,四川,84.0,,20,强势|服务者,强势,服务者,3,强势成功,9
69e429b4000000001b00037a,"张杰演唱会机器人来参加半马了？？

",,2026.0,1,69e47b77000000001401b001,,56d5a4d9aed7583022804a18,这属于干扰运动员比赛了[笑哭R],2026.04.19,广东,73.0,3.0,16,,,,4,,9
69e6f2bc0000000023005345,"🍼机器人第一视角，好多人呀

",,687.0,2,69e73f98000000001401dc2c,69e7170a000000001401b807,5aae1bb6e8ac2b7381e19672,太可爱了，小孩组不用拿什么名次，小朋友跟大人一起比太不公平了[笑哭R],2026.04.21,重庆,47.0,,35,弱势|观众,弱势,观众,9,弱势,9
69e48341000000001a02d0c4,"机器人马拉松，我们看乐了，西方人看破防了🤣

",3931.0,1022.0,1,69e4ad22000000001401b002,,678640db000000000801a006,如果是美国的比赛我真的会怕，想当年波士顿动力的视频把我心打的凉凉的，幸好这是中国的,2026.04.19,山东,38.0,7.0,41,,,,12,,9
69e4551e000000001f005895,"荣耀机器人赢麻了🤖我觉得它表情在嘲讽我

",,816.0,1,69e4709e000000001401cc3b,,60fd3ec200000000010143cb,分开比赛是有原因的,2026.04.19,山东,35.0,1.0,9,成功|被超越者,成功,被超越者,3,强势成功,9
69e47f8f000000001f007203,"2026年机器人马拉松状态，五年后再看🤣

",,5834.0,2,69e59707000000001401e41f,69e586020000000014019401,5eba0d25000000000101dd05,以赛促进，以赛促学[笑哭R],2026.04.20,广西,34.0,,14,,,,4,,9
69e59e520000000022027a90,"花田里犯了错|机器人马拉松正赛搞笑赏析

",,2593.0,2,69e688c0000000001401c805,69e66cbe000000001401d801,67871ca8000000000801d15b,要不人家能第一呢[偷笑R]绝不看热闹,2026.04.21,吉林,34.0,,18,,,,4,,9
69e5a09a000000002103ba03,"半马途中机器人即兴表演，越夸越上头

",711.0,83.0,1,69e5be20000000001401dc06,,64c8f0e4000000000b008327,一看就是不正经的赛手[doge],2026.04.20,河北,30.0,2.0,16,中性|评价者,中性,评价者,3,中性,9
69e44171000000001a026b25,"机器人马拉松比赛摔倒丝滑起身帅炸了🔥🔥

",9971.0,613.0,1,69e44cf0000000001401e038,,6788af4b000000000803e487,是个绝技你们看看，第一名没有了，表演一下还是可以滴。,2026.04.19,江苏,27.0,0.0,26,,,,5,,9
69e40352000000002102fc75,"机器人马拉松现场第一视角看全部队伍

",,1160.0,2,69e42b8d000000001401d40c,69e42af8000000001401ac17,6787a8b60000000008016760,为什么一定要国外公司参加才有意义？这个赛道地球上还有几家国外公司能玩？,2026.04.19,安徽,27.0,,35,,,,11,,9
69e42cc100000000220001ad,"机器人马拉松倒数第一名，萌翻了🤣🤣🤣

",,8501.0,2,69e452ea000000001401901b,69e452300000000014018818,601bf2720000000001000fd7,这比打游戏的比赛有意义多了,2026.04.19,广东,22.0,,13,弱势|观众,弱势,观众,4,弱势,9
69e40352000000002102fc75,"机器人马拉松现场第一视角看全部队伍

",,1160.0,1,69e4765f000000001401c00b,,6059d4d4000000000100b77e,是赛前集体上会儿吊嘛[捂脸R],2026.04.19,江苏,19.0,3.0,15,,,,4,,9
69e4551e000000001f005895,"荣耀机器人赢麻了🤖我觉得它表情在嘲讽我

",,816.0,2,69e487da0000000014019000,69e4855a000000001401882d,63239ad8000000002303db4d,[微笑R][微笑R][微笑R]反正我们终点见到了 在领奖台上,2026.04.19,北京,17.0,,30,成功|被超越者,成功,被超越者,4,强势成功,9
69e5a09a000000002103ba03,"半马途中机器人即兴表演，越夸越上头

",711.0,83.0,1,69e5bbf8000000001401c824,,63ecea3c000000002601000a,名次不重要，被记住最重要[偷笑R],2026.04.20,四川,16.0,0.0,17,中性|评价者,中性,评价者,4,中性,9
69e429b4000000001b00037a,"张杰演唱会机器人来参加半马了？？

",,2026.0,1,69e45276000000001401d818,,5b04d8914eacab65e711aa1f,不好好比赛 只知道饭撒[暗中观察R],2026.04.19,重庆,14.0,1.0,18,,,,3,,9
69e40352000000002102fc75,"机器人马拉松现场第一视角看全部队伍

",,1160.0,1,69e42af8000000001401ac17,,5cb9426f0000000011033953,到底有没有外国公司参赛？如果仅仅都是国内公司，意义不大,2026.04.19,北京,12.0,15.0,27,,,,10,,9
69e48341000000001a02d0c4,"机器人马拉松，我们看乐了，西方人看破防了🤣

",3931.0,1022.0,1,69e5a4af000000001401880c,,62928a790000000021027c72,比赛的规则还不太规范，应该分儿童组和成人组、男子组和女子组…,2026.04.20,广西,11.0,3.0,30,,,,7,,9
69e59e520000000022027a90,"花田里犯了错|机器人马拉松正赛搞笑赏析

",,2593.0,2,69e74915000000001401bc11,69e73bce000000001401980a,63b4403d000000002600755f,因为前几名在认真跑啊没这么多节目自然就没这么多关注[微笑R],2026.04.21,浙江,10.0,,30,,,,5,,9
69e59e520000000022027a90,"花田里犯了错|机器人马拉松正赛搞笑赏析

",,2593.0,1,69e64196000000001401b81a,,62484741000000001000f91f,我觉的第一不是重要的，有趣才是重要的,2026.04.20,北京,9.0,1.0,18,,,,5,,9
69e59e520000000022027a90,"花田里犯了错|机器人马拉松正赛搞笑赏析

",,2593.0,2,69e74584000000001401e401,69e73bce000000001401980a,64abd081000000000a022cbb,那也是全球第一了，谢谢,2026.04.21,天津,9.0,,11,,,,3,,9
69e40352000000002102fc75,"机器人马拉松现场第一视角看全部队伍

",,1160.0,2,69e43a31000000001401d808,69e436f0000000001401bc08,6353f0d0000000001802f013,敢比赛的都还算是有点本事吧,2026.04.19,广东,8.0,,13,,,,3,,9
69e4c771000000002102c3fc,"一镜到底！看人形机器人跑半马如何补给。

",,89.0,1,69e4f103000000001401e018,,5a423f11b1da145dbb815414,时隔一年进步就这么大，为祖国骄傲,2026.04.19,山西,545.0,0.0,16,,,,5,,10
69e45dbe000000001f00434f,"机器人跑马拉松超越人类？

",4650.0,773.0,1,69e5f0f90000000014019420,,5bc57bc7f7e8b94c6f5cbe16,去年都还在连滚带爬，今年已经从从容容了[彩虹R][彩虹R][赞R][赞R],2026.04.20,四川,251.0,6.0,37,,,,4,,10
69e48d54000000002102e178,"😭亦庄机器人半马最感人一幕

",,1589.0,1,69e4a2d0000000001401ac06,,5e9176000000000001000a4a,相信他们会把它们“养”好的，感觉今年脚底下利索点了,2026.04.19,河北,74.0,2.0,25,弱势|同伴,弱势,同伴,4,弱势,10
69da7e87000000001a03484e,"今晚的亦庄机器人马拉松测试

",,8169.0,1,69dafb8f0000000016014fbc,,5fd0472f000000000101d26e,比起昨年，肉眼可见的进步,2026.04.12,四川,69.0,31.0,12,成功|观众,成功,观众,5,强势成功,10
69e4c771000000002102c3fc,"一镜到底！看人形机器人跑半马如何补给。

",,89.0,2,69e58545000000001401880c,69e4ec3b000000001401d81d,654109840000000006004d7f,这一年来进步神速，期待明年更大的惊喜！,2026.04.20,湖北,66.0,,19,,,,7,,10
69e45dbe000000001f00434f,"机器人跑马拉松超越人类？

",4650.0,773.0,1,69e4ac4c0000000014019407,,62068598000000002102205f,不敢想象明年会怎么样，估计要挤撞对手才能分胜负了[偷笑R],2026.04.19,浙江,48.0,10.0,29,,,,9,,10
69df625d0000000021005c63,"“扶我起来，我还能再跑10公里”

",,9992.0,1,69df9d44000000000d034c6c,,6049f99e000000000101ff4b,能笑就笑吧，明年就没得笑了。[笑哭R],2026.04.15,上海,46.0,8.0,19,,,,2,,10
69e634590000000022003bb5,"每个马拉松机器人，都有自己的热血故事。

",,824.0,2,69e7265b000000001401e41a,69e72353000000001401bc13,610283a70000000001014bb4,今年有40%的自住跑哦，每一年都有很大进步的，你可以去看看去年的,2026.04.21,江苏,44.0,,32,,,,8,,10
69da7e87000000001a03484e,"今晚的亦庄机器人马拉松测试

",,8169.0,1,69daeb410000000035013e89,,6184d0c2000000002102461f,去年好像还不这样,2026.04.12,江苏,38.0,2.0,8,成功|观众,成功,观众,3,强势成功,10
69da7e87000000001a03484e,"今晚的亦庄机器人马拉松测试

",,8169.0,2,69da811a00000000350088c5,69da80180000000035010cd6,5aa35c114eacab11b5783fd9,是的是的，今年有几个特别快，慢的也有，整体很进步,2026.04.12,北京,36.0,,24,成功|观众,成功,观众,5,强势成功,10
69da7e87000000001a03484e,"今晚的亦庄机器人马拉松测试

",,8169.0,2,69dafc11000000000d03c410,69dafb8f0000000016014fbc,5c7789cc0000000012024425,什么是昨年啊！大神！中国人这么说话的吗[哭惹R]我勒个去,2026.04.12,北京,33.0,,28,成功|观众,成功,观众,6,强势成功,10
69e59e520000000022027a90,"花田里犯了错|机器人马拉松正赛搞笑赏析

",,2593.0,2,69e63ab90000000014019c16,69e6394c000000001401c410,5dab24ad0000000001007cbb,已经比去年的好很多了感觉,2026.04.20,湖北,32.0,,12,,,,2,,10
69df625d0000000021005c63,"“扶我起来，我还能再跑10公里”

",,9992.0,1,69df9c990000000002036314,,5eb39d200000000001002ae5,怎么比去年还退化？,2026.04.15,浙江,26.0,12.0,9,,,,2,,10
69e4426b000000001d01c7ed,"一个大的一个小的一个废的

",,7334.0,2,69e49728000000001401b833,69e481650000000014018c2c,601bda3f0000000001000a8b,哈哈哈哈哈哈哈哈哈，比去年进步很多[暗中观察R]，今年跑着跑着甚至有头掉了，胳膊掉了，过热过载的[暗中观察R],2026.04.19,河南,25.0,,55,中性|观众,中性,观众,9,中性,10
69e4b08d000000001d01c1bc,"机器人马拉松参赛选手“进化速度这一块”

",,379.0,2,69e4d2a6000000001401a815,69e4d00f000000001401d40a,5b4b5e6c11be107105d62cfd,别急，明年就行了[偷笑R],2026.04.19,北京,18.0,,13,,,,3,,10
69e481e8000000002003ad94,"

",,,1,69e634c9000000001401d817,,5f5766c30000000001003255,去年他还需要人扶，今年都能跑马拉松了[赞R],2026.04.20,吉林,16.0,3.0,22,强势|服务者,强势,服务者,5,强势成功,10
69e59e520000000022027a90,"花田里犯了错|机器人马拉松正赛搞笑赏析

",,2593.0,2,69e805530000000014019408,69e7590a0000000014019001,65464211000000000400a2e4,是的，2025年才成立的公司，今年就这个成绩了，牛吧,2026.04.22,山东,16.0,,26,,,,5,,10
69e48d54000000002102e178,"😭亦庄机器人半马最感人一幕

",,1589.0,2,69e4aba6000000001401900d,69e4a2d0000000001401ac06,68a419bc0000000019014cde,今年最好成绩已经比人类快了,2026.04.19,广东,13.0,,13,弱势|同伴,弱势,同伴,4,弱势,10
69e481e8000000002003ad94,"

",,,2,69e49431000000001401cc0a,69e490ae000000001401d42a,67093e0a000000001d030ee1,今年跑步，明年攀岩，后年探洞[微笑R],2026.04.19,广东,13.0,,19,强势|服务者,强势,服务者,6,强势成功,10
69e45dbe000000001f00434f,"机器人跑马拉松超越人类？

",4650.0,773.0,2,69e4af8b000000001401e82e,69e4ac4c0000000014019407,678c2452000000000e011be1,明年改障碍赛[doge],2026.04.19,河南,13.0,,12,,,,2,,10
69df625d0000000021005c63,"“扶我起来，我还能再跑10公里”

",,9992.0,2,69df9dc6000000001400afd9,69df971b00000000350151b3,5e919bbf0000000001002d37,从第一届被各种嘲笑，到第二届将大幅打破人类的世界记录，而且还是人类永远无法超越的半马世界纪录，紧紧过去一年,2026.04.15,江苏,12.0,,53,,,,18,,10
69df625d0000000021005c63,"“扶我起来，我还能再跑10公里”

",,9992.0,2,69dfa567000000003501ec58,69df9d44000000000d034c6c,5c22e166000000000702a4c7,明年可能笑声更大[笑哭R],2026.04.15,辽宁,11.0,,13,,,,3,,10
69da7e87000000001a03484e,"今晚的亦庄机器人马拉松测试

",,8169.0,1,69db9826000000000202a88a,,5824ed053460943d29f5619c,进化真的快啊,2026.04.12,海南,9.0,1.0,6,成功|观众,成功,观众,2,强势成功,10
69da7e87000000001a03484e,"今晚的亦庄机器人马拉松测试

",,8169.0,1,69db08040000000035010092,,61832a85000000001000fa45,[黑薯问号R]去年还是一抖一抖的，今年怎么已经发展成这样了,2026.04.12,福建,9.0,3.0,29,成功|观众,成功,观众,6,强势成功,10
69da7e87000000001a03484e,"今晚的亦庄机器人马拉松测试

",,8169.0,1,69dae79300000000150033c6,,5ea18aeb0000000001007c1d,和去年比，质的飞跃啊[汗颜R],2026.04.12,江苏,7.0,0.0,15,成功|观众,成功,观众,2,强势成功,10
69da7e87000000001a03484e,"今晚的亦庄机器人马拉松测试

",,8169.0,1,69dad6100000000002035f37,,6269c3ee00000000210243ff,比去年强得多啊，发展速度真快,2026.04.12,山西,7.0,0.0,14,成功|观众,成功,观众,5,强势成功,10
69df625d0000000021005c63,"“扶我起来，我还能再跑10公里”

",,9992.0,2,69df9e9c0000000035011188,69df971b00000000350151b3,60a3d0f200000000010035aa,去年跑两步就摔跟头，看看今年，都快跑飞了,2026.04.15,北京,7.0,,20,,,,5,,10
69da7e87000000001a03484e,"今晚的亦庄机器人马拉松测试

",,8169.0,1,69db03ca000000000c0330f5,,5fe047c100000000010009b8,卧槽，去年还在那慢慢跑，跑不好还摔倒今年就健步如飞了,2026.04.12,加拿大,6.0,0.0,26,成功|观众,成功,观众,7,强势成功,10
69da7e87000000001a03484e,"今晚的亦庄机器人马拉松测试

",,8169.0,1,69dafa62000000001500675f,,596b26995e87e73ad90146b6,这一年进步太多了,2026.04.12,北京,5.0,0.0,8,成功|观众,成功,观众,3,强势成功,10
69e45dbe000000001f00434f,"机器人跑马拉松超越人类？

",4650.0,773.0,1,69e5c536000000001401b811,,5e01ed68000000000100688f,去年可是跑的磕磕绊绊，今年就能这么稳了！[赞R],2026.04.20,江苏,5.0,0.0,24,,,,4,,10
69e48d54000000002102e178,"😭亦庄机器人半马最感人一幕

",,1589.0,2,69e4a662000000001401a016,69e4a2e5000000001401b816,604d8387000000000100a4db,那也是他的心血和作品，确实跟自己孩子似的,2026.04.19,湖南,4242.0,,20,弱势|同伴,弱势,同伴,5,弱势,11
69e4426b000000001d01c7ed,"一个大的一个小的一个废的

",,7334.0,1,69e46d59000000001401c42a,,5cb19a9e0000000012003403,果然什么东西小了都可爱[喝奶茶R],2026.04.19,马来西亚,1250.0,27.0,17,中性|观众,中性,观众,3,中性,11
69e59e520000000022027a90,"花田里犯了错|机器人马拉松正赛搞笑赏析

",,2593.0,1,69e5fc55000000001401c02e,,6621bad70000000007007fe6,我就喜欢这个小蚂蚁,2026.04.20,江苏,380.0,25.0,9,,,,2,,11
69e42cc100000000220001ad,"机器人马拉松倒数第一名，萌翻了🤣🤣🤣

",,8501.0,2,69e44815000000001401d421,69e447f6000000001401e037,5d50cf55000000001102d64a,对不起，也可能是女儿，也可能是无性别的，我要open-minded,2026.04.19,上海,366.0,,33,弱势|观众,弱势,观众,7,弱势,11
69e42cc100000000220001ad,"机器人马拉松倒数第一名，萌翻了🤣🤣🤣

",,8501.0,2,69e436d3000000001401e804,69e4367c0000000014018826,5e2525c500000000010048f1,毕竟是个婴儿还[笑哭R],2026.04.19,北京,363.0,,12,弱势|观众,弱势,观众,2,弱势,11
69e6f2bc0000000023005345,"🍼机器人第一视角，好多人呀

",,687.0,2,69e79dff000000001401a417,69e79d67000000001401d426,5a3b69814eacab6dcedbb1ba,[哭惹R] 小朋友被别人嘲笑了,2026.04.21,广东,133.0,,15,弱势|观众,弱势,观众,3,弱势,11
69e47f8f000000001f007203,"2026年机器人马拉松状态，五年后再看🤣

",,5834.0,2,69e55e88000000001401a404,69e51ef20000000014019c03,6685066c000000000f034a2e,好可爱，还打扮了一下,2026.04.20,日本,111.0,,10,,,,3,,11
69e46730000000001d0199c8,"

",,761.0,1,69e5ea50000000001401d834,,665bde3f0000000007005d31,可是我觉得它们好可爱啊,2026.04.20,广东,96.0,4.0,11,,,,2,,11
69e47f8f000000001f007203,"2026年机器人马拉松状态，五年后再看🤣

",,5834.0,2,69e57aa2000000001401e82b,69e51440000000001401c00b,5b5eb9d511be103346ca25b6,哈哈哈哈 正正经经的大女孩,2026.04.20,广东,85.0,,13,,,,2,,11
69e4426b000000001d01c7ed,"一个大的一个小的一个废的

",,7334.0,2,69e45bb0000000001401c014,69e459f2000000001401bc38,61fcfbcb0000000010005d66,真的诶，好可爱啊，心都化了,2026.04.19,北京,79.0,,13,中性|观众,中性,观众,3,中性,11
69e4426b000000001d01c7ed,"一个大的一个小的一个废的

",,7334.0,2,69e45b6f000000001401e41a,69e45492000000001401b835,5cd92ddf0000000012021ce5,孩子太小了，已经很不错了，等长大点再来吧[doge],2026.04.19,湖北,54.0,,26,中性|观众,中性,观众,5,中性,11
69df625d0000000021005c63,"“扶我起来，我还能再跑10公里”

",,9992.0,2,69df9df50000000035033241,69df98b4000000003500e5c5,5de6729d0000000001001c28,哦哦哦哦，谢谢，继续期待这些钢铁小孩儿给我们带来不断的惊喜,2026.04.15,北京,43.0,,29,,,,10,,11
69e4426b000000001d01c7ed,"一个大的一个小的一个废的

",,7334.0,1,69e45492000000001401b835,,5c60f7bf0000000011007a13,我们在家门口这，都没等来这个小孩[偷笑R][偷笑R],2026.04.19,北京,37.0,31.0,26,中性|观众,中性,观众,2,中性,11
69e4426b000000001d01c7ed,"一个大的一个小的一个废的

",,7334.0,2,69e460fb000000001401ac08,69e451fd000000001401c806,5bb0ae3a1602500001329ff2,@馥欸 这小孩儿好可爱,2026.04.19,湖北,31.0,,11,中性|观众,中性,观众,2,中性,11
69e40352000000002102fc75,"机器人马拉松现场第一视角看全部队伍

",,1160.0,1,69e4321e000000001401a01a,,5a1f9e654eacab775bbbe607,说个题外话，刚刚在某儿童管楼梯下看到的一幕，觉得他们像哈利波特一样窝那怪可怜的[笑哭R],2026.04.19,广东,29.0,11.0,44,,,,10,,11
69e4426b000000001d01c7ed,"一个大的一个小的一个废的

",,7334.0,2,69e491a6000000001401e80f,69e46d59000000001401c42a,5bd62e1a11be1038ffa02104,你确定什么东西小了都可爱[doge],2026.04.19,广东,22.0,,18,中性|观众,中性,观众,3,中性,11
69e42cc100000000220001ad,"机器人马拉松倒数第一名，萌翻了🤣🤣🤣

",,8501.0,2,69e55a2f000000001401e407,69e505d8000000001401a409,665711ea0000000003030b07,并不是哈 有个部位小了并不可爱哦[偷笑R],2026.04.20,重庆,21.0,,21,弱势|观众,弱势,观众,3,弱势,11
69e43b14000000001a02e095,"好萌的小黑仔跑马拉松

",,2760.0,1,69e445a70000000014019003,,5481be87d6e4a9791165a098,这个是长得最可爱的,2026.04.19,上海,20.0,9.0,9,,,,2,,11
69e48d54000000002102e178,"😭亦庄机器人半马最感人一幕

",,1589.0,2,69e56a320000000014019808,69e4c274000000001401dc33,68a8a8cb000000001901c46a,这是孩子长大了[偷笑R]视频里是小学状态,2026.04.20,上海,19.0,,20,弱势|同伴,弱势,同伴,5,弱势,11
69e42cc100000000220001ad,"机器人马拉松倒数第一名，萌翻了🤣🤣🤣

",,8501.0,2,69e50a8f000000001401cc07,69e505d8000000001401a409,5c6d71e10000000011018b1e,比拉布布还可爱[doge],2026.04.20,湖北,17.0,,13,弱势|观众,弱势,观众,2,弱势,11
69e48d54000000002102e178,"😭亦庄机器人半马最感人一幕

",,1589.0,2,69e4e6dd000000001401e411,69e4b7d5000000001401c81d,5c20e553000000000502d7e4,像大人聚会被拉着去表演节目的孩子[笑哭R],2026.04.19,广东,16.0,,21,弱势|同伴,弱势,同伴,5,弱势,11
69e4412a000000002103883f,"荣耀闪电队-齐天大圣夺冠！

",3517.0,445.0,1,69e47d38000000001401c423,,5c86624e0000000016013446,怎么还有带游泳圈的哈哈哈好可爱[萌萌哒R],2026.04.19,山东,10.0,6.0,21,,,,2,,11
69e43b14000000001a02e095,"好萌的小黑仔跑马拉松

",,2760.0,1,69e468030000000014018c02,,5de650450000000001001280,果然任何东西只要小小的就会萌萌的,2026.04.19,四川,9.0,0.0,16,,,,7,,11
69df625d0000000021005c63,"“扶我起来，我还能再跑10公里”

",,9992.0,2,69df9c94000000000100567b,69df971b00000000350151b3,56e102afb8c8b4414b69ba26,那时候就会怀念现在的宝宝时期[doge],2026.04.15,北京,8.0,,20,,,,3,,11
69e47f8f000000001f007203,"2026年机器人马拉松状态，五年后再看🤣

",,5834.0,2,69e631e40000000014019003,69e51440000000001401c00b,61f4119c00000000100067c7,一看就是小男孩 扭扭捏捏,2026.04.20,广东,7.0,,12,,,,3,,11
69e4426b000000001d01c7ed,"一个大的一个小的一个废的

",,7334.0,1,69e46ec8000000001401e40b,,55652c70c2bdeb129ee6733a,事实证明什么东西小时候都可爱[抠鼻R],2026.04.19,福建,5.0,0.0,19,中性|观众,中性,观众,4,中性,11
69e4426b000000001d01c7ed,"一个大的一个小的一个废的

",,7334.0,2,69e474c8000000001401bc23,69e451fd000000001401c806,55cea695a75c9543b30100e3,我在凉水河路没看见这个小鼻嘎，她到了吗,2026.04.19,北京,5.0,,19,中性|观众,中性,观众,3,中性,11
69da7e87000000001a03484e,"今晚的亦庄机器人马拉松测试

",,8169.0,1,69db0389000000000d037dee,,5eae8eb300000000010048a3,每一个都是咔哒咔哒的就过去了 甚至感觉到了一丝可爱,2026.04.12,北京,4.0,1.0,25,成功|观众,成功,观众,6,强势成功,11
69e47f8f000000001f007203,"2026年机器人马拉松状态，五年后再看🤣

",,5834.0,1,69e595c60000000014018c11,,5757a60650c4b4642a9c0e49,这小玩意拼命“哒哒哒”的挺可爱[偷笑R],2026.04.20,广东,4.0,0.0,20,,,,3,,11
69e40352000000002102fc75,"机器人马拉松现场第一视角看全部队伍

",,1160.0,1,69e422250000000014018812,,5a75d4154eacab3d3950cc86,这两个有点可爱[大笑R],2026.04.19,陕西,4.0,0.0,12,,,,2,,11
69e4551e000000001f005895,"荣耀机器人赢麻了🤖我觉得它表情在嘲讽我

",,816.0,1,69e48d160000000014018c1b,,5fa8d0fc000000000100566c,这玩意只要有电，能跑死你们人类,2026.04.19,安徽,2825.0,153.0,15,成功|被超越者,成功,被超越者,4,强势成功,12
69e447d2000000001d01aa01,"当算法有了腿，程序员万万没想到……

",,2912.0,2,69e45839000000001401e003,69e45575000000001401e004,621ddac6000000002102735d,不知道是不是一回事。最后结果是追上断电了。,2026.04.19,天津,338.0,,21,,,,7,,12
69e481e8000000002003ad94,"

",,,2,69e57975000000001401bc13,69e56a0b000000001401c009,581dcf073460940cfdc72f4e,估计是电压不足,2026.04.20,山东,49.0,,7,强势|服务者,强势,服务者,3,强势成功,12
69e4551e000000001f005895,"荣耀机器人赢麻了🤖我觉得它表情在嘲讽我

",,816.0,1,69e47395000000001401e037,,6340e2bd000000001802c875,喘气儿的跑不过烧电的！,2026.04.19,山西,36.0,1.0,11,成功|被超越者,成功,被超越者,3,强势成功,12
69e47f8f000000001f007203,"2026年机器人马拉松状态，五年后再看🤣

",,5834.0,1,69eb618f0000000029027c14,,68713073000000000d02d091,青海湖电池也是用在闪电身上了,2026.04.24,广东,34.0,0.0,14,,,,4,,12
69e463df000000001b003017,"

",3270.0,219.0,1,69eb54d0000000002803e2d9,,695673240000000037002da7,你们说闪电和win会不会电池是一样的[旺柴],2026.04.24,湖北,33.0,1.0,22,,,,4,,12
69e6f2bc0000000023005345,"🍼机器人第一视角，好多人呀

",,687.0,2,69e7a388000000001401e40c,69e79d67000000001401d426,5b007f70e8ac2b6983f139a5,不是摔了，是没电蹲下来，家长过来换电池，宇树在后面鼓掌[doge],2026.04.22,上海,33.0,,33,弱势|观众,弱势,观众,8,弱势,12
69e4551e000000001f005895,"荣耀机器人赢麻了🤖我觉得它表情在嘲讽我

",,816.0,1,69f181ef00000000270144af,,62dfb87a000000001f004394,闪电，快点给你的青海湖电池吐出来放我身上，我燃尽了,2026.04.29,吉林,32.0,3.0,25,成功|被超越者,成功,被超越者,7,强势成功,12
69e463df000000001b003017,"

",3270.0,219.0,1,69ec66ef000000002803845c,,697a0a39000000001d01b1b3,闪电是不是和win似的用的也是青海湖电池,2026.04.25,湖北,21.0,0.0,20,,,,6,,12
69da7e87000000001a03484e,"今晚的亦庄机器人马拉松测试

",,8169.0,2,69db14d600000000350128b6,69daf1a9000000000103c4f0,5ccbe39c0000000012015b14,还费电呢，你下次建议他别用电池,2026.04.12,北京,21.0,,15,成功|观众,成功,观众,5,强势成功,12
69e634590000000022003bb5,"每个马拉松机器人，都有自己的热血故事。

",,824.0,2,69e653ef0000000014018000,69e653b8000000001401c815,5a913d90b1da142f0585714c,备用机在没电的补给车上，我们没有其他选择了。,2026.04.21,北京,17.0,,22,,,,6,,12
69e2583b00000000230211ea,"

",,2406.0,2,69e30b3d000000001401a401,69e30a7a0000000014019c23,601184cd00000000010039a0,里面是电线 怕踩坏了,2026.04.18,北京,16.0,,10,失败|抢救者,失败,抢救者,3,失败,12
69e481e8000000002003ad94,"

",,,2,69e48b55000000001401b803,69e48a260000000014018c20,58bfcc916a6a6905a6ce3912,汽车到现在还是得加油，充电,2026.04.19,北京,15.0,,13,强势|服务者,强势,服务者,3,强势成功,12
69e42cc100000000220001ad,"机器人马拉松倒数第一名，萌翻了🤣🤣🤣

",,8501.0,1,69e55856000000001401d400,,64dcc9ff000000000100ec93,笑死我了，这个小的没电了待机了大的过来看了一会鼓掌了[捂脸R],2026.04.20,青海,14.0,2.0,31,弱势|观众,弱势,观众,5,弱势,12
69e481e8000000002003ad94,"

",,,1,69e4a28f000000001401d81f,,578dcb3f82ec392411efb807,所以那位拿着电池的要一直跟着它跑吗[笑哭R],2026.04.19,广东,14.0,13.0,22,强势|服务者,强势,服务者,4,强势成功,12
69e48b0b000000001a02578c,"北京马拉松机器人中暑了🥵

",3334.0,467.0,2,69ee36be000000002702bbe5,69ecc4fd000000002701dc2a,678826d7000000000803fddd,还有续航呢，续航不光靠电池,2026.04.27,北京,13.0,,13,,,,4,,12
69e4551e000000001f005895,"荣耀机器人赢麻了🤖我觉得它表情在嘲讽我

",,816.0,1,69e48b57000000001401bc2e,,569892eee4251d36ba970392,只要有电它可以保持匀速,2026.04.19,山东,12.0,5.0,11,成功|被超越者,成功,被超越者,4,强势成功,12
69e634590000000022003bb5,"每个马拉松机器人，都有自己的热血故事。

",,824.0,2,69e751c1000000001401d409,69e6be18000000001401b002,608bfa1c0000000001005ee7,开头说电量89 另一个工作人员说你看它步态有点不对 这地面有点坡 就感觉真的是是爸爸妈妈一直在关注自己小孩儿的一举一动[哭惹R],2026.04.21,北京,12.0,,64,,,,13,,12
69e4551e000000001f005895,"荣耀机器人赢麻了🤖我觉得它表情在嘲讽我

",,816.0,1,69e589590000000014019820,,5b8409bf1cd8b70001a7c678,跳过去扣电池[偷笑R],2026.04.20,重庆,8.0,2.0,11,成功|被超越者,成功,被超越者,2,强势成功,12
69e4551e000000001f005895,"荣耀机器人赢麻了🤖我觉得它表情在嘲讽我

",,816.0,2,69e5f0ca0000000014018809,69e48fe70000000014018c0f,63f84108000000001001cbcb,两年后：哟，这不续航哥嘛～[飞吻R],2026.04.20,重庆,7.0,,18,成功|被超越者,成功,被超越者,3,强势成功,12
69e4426b000000001d01c7ed,"一个大的一个小的一个废的

",,7334.0,1,69e465a8000000001401bc3d,,5fdbe1bb000000000101f53d,小巧负担小，电池耐用。,2026.04.19,浙江,5.0,0.0,11,中性|观众,中性,观众,4,中性,12
69e634590000000022003bb5,"每个马拉松机器人，都有自己的热血故事。

",,824.0,1,69e6aef6000000001401dc00,,607b0803000000000101c16a,半路电瓶车没电，这主办方咋准备的啊[汗颜R],2026.04.21,江苏,5.0,0.0,22,,,,5,,12
69e4426b000000001d01c7ed,"一个大的一个小的一个废的

",,7334.0,2,69e467b40000000014019c28,69e461fb000000001401e82b,5b97f093679b2600015f090f,充了劣质电[doge],2026.04.19,上海,4.0,,11,中性|观众,中性,观众,2,中性,12
69e47f8f000000001f007203,"2026年机器人马拉松状态，五年后再看🤣

",,5834.0,2,69e57083000000001401e013,69e56fd90000000014019412,5cdfef830000000018021715,是不是那个出bug了然后一直狂奔，工程师追在后面给断电的那个？[笑哭R],2026.04.20,湖北,4.0,,36,,,,7,,12
69e44fbf000000001e00cc6a,"程序员：也没说搞科研还需要体力啊！

",136.0,12.0,2,69e6d0a00000000014019007,69e5aae9000000001401c41d,5dd0046d000000000100460c,这个就是，程序员追着断电的[捂脸R],2026.04.21,重庆,4.0,,18,成功|服务者,成功,服务者,3,强势成功,12
69e481e8000000002003ad94,"

",,,1,69e49f490000000014019821,,633148c2000000002303f06d,我还以为不换电池跑完全程，这不是妥妥的耍赖吗,2026.04.19,上海,3.0,16.0,22,强势|服务者,强势,服务者,5,强势成功,12
69e481e8000000002003ad94,"

",,,2,69e4a34d000000001401a417,69e49f490000000014019821,633148c2000000002303f06d,换电池相当于人吃一顿正餐再睡一觉。,2026.04.19,上海,3.0,,17,强势|服务者,强势,服务者,6,强势成功,12
69e40352000000002102fc75,"机器人马拉松现场第一视角看全部队伍

",,1160.0,2,69e55917000000001401cc06,69e558ce000000001401c803,56a4c98c1c07df74295f6854,待机模式吧，方便充电换电池,2026.04.20,湖北,3.0,,13,,,,5,,12
69e40352000000002102fc75,"机器人马拉松现场第一视角看全部队伍

",,1160.0,2,69e42cda000000001401b827,69e42af8000000001401ac17,557557b9f5a263050a0ca2dc,这本身...的意义是什么？比谁机油+电池足是吗,2026.04.19,美国,3.0,,23,,,,4,,12
69e4b08d000000001d01c1bc,"机器人马拉松参赛选手“进化速度这一块”

",,379.0,2,69e4dd87000000001401c416,69e4da0f000000001401d820,64642a030000000010026a3c,电池和关节性能很重要,2026.04.19,广西,3.0,,10,,,,4,,12
69db34bb000000001a0348ae,"机器人抢救现场

",4896.0,1198.0,1,69dc73fa00000000350236af,,5b825f4d72dd190001eeab6a,我还以为是机器人医生来救人[笑哭R],2026.04.13,北京,2706.0,62.0,18,失败|抢救者,失败,抢救者,4,失败,13
69db34bb000000001a0348ae,"机器人抢救现场

",4896.0,1198.0,1,69dca1ed000000001500405a,,5b19fdb74eacab2763b1d183,机器人抢救团队—爱回收,2026.04.13,北京,384.0,10.0,11,失败|抢救者,失败,抢救者,4,失败,13
69da7e87000000001a03484e,"今晚的亦庄机器人马拉松测试

",,8169.0,2,69daf95800000000020358f1,69daef220000000035024590,5a572bd211be103277fe0bbf,外骨骼机器人让你自己跑去医院途中顺便给你心肺复苏[doge],2026.04.12,广东,228.0,,30,成功|观众,成功,观众,7,强势成功,13
69db34bb000000001a0348ae,"机器人抢救现场

",4896.0,1198.0,1,69dca76500000000020366b4,,5595d98e3397db72cdc77a8d,社会发展到机器人都有救护车了，却还没有动物救护车,2026.04.13,北京,95.0,13.0,24,失败|抢救者,失败,抢救者,6,失败,13
69e47f8f000000001f007203,"2026年机器人马拉松状态，五年后再看🤣

",,5834.0,2,69e56704000000001401e80a,69e55d77000000001401bc0e,57fb2eff6a6a6963d6a0a771,可能是救被机器人气过去的主人[笑哭R],2026.04.20,辽宁,66.0,,19,,,,3,,13
69db34bb000000001a0348ae,"机器人抢救现场

",4896.0,1198.0,1,69dc9ece0000000002028c22,,5b1f737c11be100dcdcfab48,@inl 我以为是机器人救人，没想到是人救机器人,2026.04.13,四川,51.0,18.0,24,失败|抢救者,失败,抢救者,6,失败,13
69db34bb000000001a0348ae,"机器人抢救现场

",4896.0,1198.0,1,69dca2a8000000000103ef7f,,55cf6cf7e4b1cf63678f75e8,机器人还不能救人但是人已经可以救机器人了[得意R],2026.04.13,湖南,47.0,0.0,25,失败|抢救者,失败,抢救者,4,失败,13
69db34bb000000001a0348ae,"机器人抢救现场

",4896.0,1198.0,2,69dc9bee000000000d034265,69dc88aa000000003501e385,5c62f4c70000000011034bda,服了我以为是无人驾驶救护车。。。。,2026.04.13,中国澳门,38.0,,17,失败|抢救者,失败,抢救者,3,失败,13
69db34bb000000001a0348ae,"机器人抢救现场

",4896.0,1198.0,2,69dc9daf000000001500623d,69dc88aa000000003501e385,5aa1d858e8ac2b4ddb65b07c,我以为是机器人开救护车来救人,2026.04.13,广西,21.0,,14,失败|抢救者,失败,抢救者,4,失败,13
69db34bb000000001a0348ae,"机器人抢救现场

",4896.0,1198.0,1,69dc7953000000000c031efb,,64e6b3d0000000000100ede0,上了救护车手还举着仿佛在说撒哟啦啦[失望R],2026.04.13,北京,17.0,0.0,22,失败|抢救者,失败,抢救者,3,失败,13
69db34bb000000001a0348ae,"机器人抢救现场

",4896.0,1198.0,2,69dca7bb000000003502bb45,69dca76500000000020366b4,618dfaa40000000021026d83,机器人有救护车是因为有人愿意花钱，你想要动物救护车你去花钱搞一辆不就行了[派对R],2026.04.13,江苏,13.0,,41,失败|抢救者,失败,抢救者,12,失败,13
69db34bb000000001a0348ae,"机器人抢救现场

",4896.0,1198.0,2,69dca81c0000000015007938,69dca76500000000020366b4,5b5436aee8ac2b68817b6ba1,可是动物应该也不会自己叫救护车吧...也得人叫车人付钱吧,2026.04.13,上海,9.0,,28,失败|抢救者,失败,抢救者,6,失败,13
69e59e520000000022027a90,"花田里犯了错|机器人马拉松正赛搞笑赏析

",,2593.0,2,69e7062c000000001401901c,69e6c46c0000000014019c0e,664af4c80000000003031d88,速度快关键时刻可以救乱穿马路的小盆友,2026.04.21,重庆,9.0,,18,,,,5,,13
69e2583b00000000230211ea,"

",,2406.0,1,69e78b01000000001401c411,,5c356b790000000007033134,这还有抢救的必要吗[捂脸R],2026.04.21,上海,6.0,3.0,14,失败|抢救者,失败,抢救者,2,失败,13
69e47f8f000000001f007203,"2026年机器人马拉松状态，五年后再看🤣

",,5834.0,1,69e4d28a000000001401ac21,,560dd1c58a75e13895dd2e4e,120开过去是起到一个什么作用[doge],2026.04.19,广东,6.0,0.0,21,,,,4,,13
69e2583b00000000230211ea,"

",,2406.0,2,69e43dd5000000001401a41b,69e42f12000000001401dc2c,694ac447000000000301356e,别急，一会医生拿着药箱就出来了,2026.04.19,上海,6.0,,15,失败|抢救者,失败,抢救者,4,失败,13
69e47f8f000000001f007203,"2026年机器人马拉松状态，五年后再看🤣

",,5834.0,2,69e56e79000000001401a805,69e55d77000000001401bc0e,58fbf306a9b2ed63ed99841a,机器人工程师，也是120[笑哭R],2026.04.20,江苏,6.0,,17,,,,3,,13
69e47f8f000000001f007203,"2026年机器人马拉松状态，五年后再看🤣

",,5834.0,1,69e4dd7a0000000014019807,,5ac094344eacab28e66b05f9,最后的北京急救中心笑死了哈哈哈哈，急救躺在地上的两个机器人吗[笑哭R][笑哭R],2026.04.19,福建,5.0,0.0,40,,,,7,,13
69db34bb000000001a0348ae,"机器人抢救现场

",4896.0,1198.0,2,69dca852000000000202b595,69dca76500000000020366b4,5f8fc3a7000000000101c4f7,爱护动物的人很多，他们愿意救就会愿意花钱叫救护车,2026.04.13,广东,5.0,,24,失败|抢救者,失败,抢救者,7,失败,13
69db34bb000000001a0348ae,"机器人抢救现场

",4896.0,1198.0,1,69dc8e9d000000000d034089,,5bfe0aba51783a1db0b7b598,我之前最喜欢的变形金刚就是救护车了[哭惹R] 他在电影里被那个兰博基尼变形金刚和人类一起抓住的时候我可伤心了,2026.04.13,广东,4.0,0.0,54,失败|抢救者,失败,抢救者,11,失败,13
69e634590000000022003bb5,"每个马拉松机器人，都有自己的热血故事。

",,824.0,1,69e77d20000000001401e41c,,646ab71b0000000010026a50,莫名的喜感[捂脸R]机器人救护车 机器人坐车车[大笑R]太可爱啦,2026.04.21,广东,4.0,0.0,32,,,,7,,13
69da7e87000000001a03484e,"今晚的亦庄机器人马拉松测试

",,8169.0,2,69db27b6000000000d037716,69daef220000000035024590,5e4191f10000000001006cc4,心梗黄金 30 秒，不会做人工呼吸的话飞过去也是白搭🤷‍♂️,2026.04.12,北京,4.0,,30,成功|观众,成功,观众,7,强势成功,13
69db34bb000000001a0348ae,"机器人抢救现场

",4896.0,1198.0,1,69dcb25d00000000020289d9,,58f866425e87e75276b5324f,我居然有点等着看救护车变形....,2026.04.13,北京,3.0,0.0,17,失败|抢救者,失败,抢救者,3,失败,13
69db34bb000000001a0348ae,"机器人抢救现场

",4896.0,1198.0,1,69dca8ef000000003501ba5a,,5826ecdc50c4b403de6469da,你不给我养老就算了我还得120掏钱救你啊！！！,2026.04.13,浙江,3.0,0.0,23,失败|抢救者,失败,抢救者,4,失败,13
69db34bb000000001a0348ae,"机器人抢救现场

",4896.0,1198.0,1,69dcb841000000000103d799,,5d09999c000000001100f264,笑死我了机器人救护车@粥里没有气球💜💜,2026.04.13,广东,2.0,1.0,19,失败|抢救者,失败,抢救者,2,失败,13
69e47f8f000000001f007203,"2026年机器人马拉松状态，五年后再看🤣

",,5834.0,1,69e4e8340000000014018802,,5891a76982ec395f2aea196d,120别走 我还能抢救一下,2026.04.19,陕西,2.0,1.0,13,,,,3,,13
69da7e87000000001a03484e,"今晚的亦庄机器人马拉松测试

",,8169.0,2,69db23e00000000015000627,69daef220000000035024590,62d18b09000000000e00c12e,我更需要的可能是在家抢救我[捂脸R],2026.04.12,北京,2.0,,18,成功|观众,成功,观众,3,强势成功,13
69e47f8f000000001f007203,"2026年机器人马拉松状态，五年后再看🤣

",,5834.0,2,69e58dea000000001401941f,69e55d77000000001401bc0e,5eda352300000000010038b6,这个120诡异的像ai一样就出来了[偷笑R],2026.04.20,上海,2.0,,22,,,,4,,13
69e4426b000000001d01c7ed,"一个大的一个小的一个废的

",,7334.0,1,69e46d4c000000001401a80a,,5b13696711be1016109c6608,快点对机器人进行救援,2026.04.19,陕西,1.0,0.0,10,中性|观众,中性,观众,4,中性,13
69db34bb000000001a0348ae,"机器人抢救现场

",4896.0,1198.0,1,69dcc05a000000000103ceb7,,58c5196a6a6a6966950c84ee,我服了，我以为外面已经进化成有机器人120了，没想到还真是机器人120[再见R],2026.04.13,江苏,1.0,0.0,40,失败|抢救者,失败,抢救者,11,失败,13
69e59e520000000022027a90,"花田里犯了错|机器人马拉松正赛搞笑赏析

",,2593.0,2,69e62691000000001401a021,69e61c570000000014018c05,5cdd304c000000001201f49a,太优秀了反而显得格格不入[偷笑R],2026.04.20,北京,892.0,,17,,,,4,,14
69da7e87000000001a03484e,"今晚的亦庄机器人马拉松测试

",,8169.0,2,69db0376000000000d03f7a8,69daf1a9000000000103c4f0,66fd5e06000000001d030e9c,好角度，建议下次再深刻一些，例如从伦理开始批判,2026.04.12,广东,146.0,,23,成功|观众,成功,观众,8,强势成功,14
69da7e87000000001a03484e,"今晚的亦庄机器人马拉松测试

",,8169.0,2,69e445be000000001401e00e,69e42853000000001401cc00,63864adf000000001f01b950,认知差的话据说吃猪脑可以补[大笑R],2026.04.19,福建,103.0,,18,成功|观众,成功,观众,4,强势成功,14
69e447d2000000001d01aa01,"当算法有了腿，程序员万万没想到……

",,2912.0,2,69e4af92000000001401b825,69e48c45000000001401e034,5b0ff888e8ac2b1c04ce12b0,答案出现了[doge],2026.04.19,福建,61.0,,11,,,,2,,14
69e4412a000000002103883f,"荣耀闪电队-齐天大圣夺冠！

",3517.0,445.0,2,69e4951a000000001401dc2d,69e490500000000014019c1c,5c124415f7e8b957900d0ee5,你肯定看不到了,2026.04.19,北京,35.0,,7,,,,2,,14
69e46730000000001d0199c8,"

",,761.0,2,69e4baff000000001401a81a,69e4b56c000000001401e82f,59a92b09b1da141dfe62b63c,刚给我妈解答完，不谢,2026.04.19,北京,31.0,,10,,,,2,,14
69e46032000000001f002048,"看着你们累倒在地上我很心疼，恨不得替你们

",,5680.0,2,69e97739000000001401e814,69e97558000000001401c005,5c1e180d000000000603427e,你跟这个帖子风格格格不入,2026.04.23,陕西,30.0,,12,,,,3,,14
69e481e8000000002003ad94,"

",,,2,69e48b6c0000000014019423,69e48a260000000014018c20,648546c4000000001f005981,慈禧当年也这么想的[嘻嘻R],2026.04.19,四川,19.0,,14,强势|服务者,强势,服务者,2,强势成功,14
69da7e87000000001a03484e,"今晚的亦庄机器人马拉松测试

",,8169.0,2,69db2ed100000000350195fc,69db2e550000000016017b12,5a065840b1da1409d5adc2cd,[微笑R]你理解不了的事多了，有本事你让车开上山,2026.04.12,天津,14.0,,24,成功|观众,成功,观众,5,强势成功,14
69e481e8000000002003ad94,"

",,,2,69e9a5cb000000001401b80c,69e9648f000000001401d410,65ac6d0a000000000e00152b,站的位置决定眼光,2026.04.23,安徽,13.0,,8,强势|服务者,强势,服务者,3,强势成功,14
69e47f8f000000001f007203,"2026年机器人马拉松状态，五年后再看🤣

",,5834.0,2,69e70582000000001401c816,69e6f12f000000001401d828,5d79942d0000000001019ea3,理解不了,2026.04.21,广东,12.0,,4,,,,2,,14
69e48341000000001a02d0c4,"机器人马拉松，我们看乐了，西方人看破防了🤣

",3931.0,1022.0,2,69e49e2e000000001401b832,69e495f6000000001401e015,5bbff9d5793734000164be0f,不需要你知道,2026.04.19,北京,12.0,,6,,,,2,,14
69e59e520000000022027a90,"花田里犯了错|机器人马拉松正赛搞笑赏析

",,2593.0,1,69e5db6e000000001401bc3a,,5ddf4f30000000000100988d,太短了，你是不是偷懒了,2026.04.20,福建,11.0,3.0,11,,,,3,,14
69e481e8000000002003ad94,"

",,,2,69e68042000000001401b805,69e67f9f000000001401b807,6561c4d1000000000802c2d1,对，全世界都不懂的，就你一个人清醒[笑哭R],2026.04.21,重庆,11.0,,22,强势|服务者,强势,服务者,3,强势成功,14
69e481e8000000002003ad94,"

",,,2,69e63627000000001401c419,69e634e3000000001401bc2a,5efeb5cd00000000010038b5,看得出来，你没有一丁点长远眼光,2026.04.20,天津,11.0,,15,强势|服务者,强势,服务者,4,强势成功,14
69e481e8000000002003ad94,"

",,,2,69e59d20000000001401c809,69e57c66000000001401e818,5ece76c5000000000101fb99,你先提升下自己的眼界吧[doge],2026.04.20,江苏,10.0,,17,强势|服务者,强势,服务者,2,强势成功,14
69df625d0000000021005c63,"“扶我起来，我还能再跑10公里”

",,9992.0,2,69dfa7fb0000000015007c7a,69dfa6f40000000035014bba,5652c55603eb84715f522a46,你的眼界也就仅限于看的懂这个视频是吧,2026.04.15,上海,10.0,,18,,,,3,,14
69e45dbe000000001f00434f,"机器人跑马拉松超越人类？

",4650.0,773.0,2,69e5d333000000001401d420,69e5bb400000000014018810,63940af30000000027028874,请问你用哪个眼睛发现的？,2026.04.20,四川,10.0,,12,,,,4,,14
69e40352000000002102fc75,"机器人马拉松现场第一视角看全部队伍

",,1160.0,2,69e4344b0000000014019c1f,69e432f9000000001401c02d,616a8bd5000000000201b187,哦不好意思看了一下主页，至少比你追星有用的哈,2026.04.19,加拿大,10.0,,22,,,,6,,14
69e481e8000000002003ad94,"

",,,2,69e627df000000001401c442,69e625ea000000001401c824,66155e6f0000000007005a85,你的知识盲区就别蹭了[微笑R],2026.04.20,广东,8.0,,15,强势|服务者,强势,服务者,3,强势成功,14
69e2583b00000000230211ea,"

",,2406.0,2,69e2f71d000000001401ac14,69e2f0f8000000001401a40c,62628158000000001000f3f5,看一个视频就搁这叫，但凡你多去了解一点呢[捂脸R],2026.04.18,广东,7.0,,25,失败|抢救者,失败,抢救者,4,失败,14
69e2583b00000000230211ea,"

",,2406.0,2,69e2fd24000000001401dc22,69e2fccb000000001401a829,5e830b8a0000000001003272,活在你自己的世界中，你开心就好,2026.04.18,浙江,7.0,,15,失败|抢救者,失败,抢救者,3,失败,14
69df625d0000000021005c63,"“扶我起来，我还能再跑10公里”

",,9992.0,2,69dfe655000000001500b509,69dfb3290000000002035b6b,5b3f9dd8e8ac2b7b1ae32ffd,那你咋不发出来，差点就信你了[doge],2026.04.16,湖北,7.0,,20,,,,2,,14
69da7e87000000001a03484e,"今晚的亦庄机器人马拉松测试

",,8169.0,2,69dafe22000000000c030eed,69dafb88000000000d037bec,5c7016fa00000000120042ae,他这种人你还解释个啥[笑哭R]能听懂算我输,2026.04.12,上海,6.0,,21,成功|观众,成功,观众,3,强势成功,14
69da7e87000000001a03484e,"今晚的亦庄机器人马拉松测试

",,8169.0,2,69dade56000000001400a9d9,69dadbd3000000000103dd83,5831204382ec392e5ce5eb51,看不懂没关系，上一边儿玩去吧,2026.04.12,北京,6.0,,14,成功|观众,成功,观众,4,强势成功,14
69e481e8000000002003ad94,"

",,,2,69e688e7000000001401a404,69e67f9f000000001401b807,5a410777b1da140910caed15,你的知识储备，局限了你的思维格局,2026.04.21,辽宁,6.0,,16,强势|服务者,强势,服务者,5,强势成功,14
69e48341000000001a02d0c4,"机器人马拉松，我们看乐了，西方人看破防了🤣

",3931.0,1022.0,2,69e55fbd000000001401a005,69e55ab0000000001401b805,57d7a2986a6a69559b568468,你要不再看看呢,2026.04.20,日本,6.0,,7,,,,2,,14
69da7e87000000001a03484e,"今晚的亦庄机器人马拉松测试

",,8169.0,2,69dae3fd0000000035024a80,69dae18a0000000035025c63,62243023000000001000de0a,没人爱听真话[笑哭R],2026.04.12,内蒙古,5.0,,11,成功|观众,成功,观众,2,强势成功,14
69e48d54000000002102e178,"😭亦庄机器人半马最感人一幕

",,1589.0,2,69e4a557000000001401ac03,69e4a2e5000000001401b816,598555f55e87e72513bd325c,不要老说大实话,2026.04.19,湖南,5.0,,7,弱势|同伴,弱势,同伴,3,弱势,14
69e59e520000000022027a90,"花田里犯了错|机器人马拉松正赛搞笑赏析

",,2593.0,2,69e702160000000014019418,69e6394c000000001401c410,59f49a5fe8ac2b4035d8e923,哈哈哈哈你懂你懂，大家都不懂，大明白～,2026.04.21,辽宁,5.0,,19,,,,2,,14
69e48d54000000002102e178,"😭亦庄机器人半马最感人一幕

",,1589.0,1,69e4a270000000001401a802,,61a087b8000000001000d34d,这个我懂，在它们统治地球之前，先留一个好印象。,2026.04.19,河北,7973.0,168.0,23,弱势|同伴,弱势,同伴,5,弱势,15
69e46032000000001f002048,"看着你们累倒在地上我很心疼，恨不得替你们

",,5680.0,1,69e97ebe000000001401dc17,,5b15c7a711be10089b0cdb58,"看着你们累倒在地上我很心疼，恨不得替你们
如果未来机器人统治世界，我希望你们能记得，我和其他人不一样，我永远拥护你们！！",2026.04.23,法国,153.0,9.0,60,,,,15,,15
69e46032000000001f002048,"看着你们累倒在地上我很心疼，恨不得替你们

",,5680.0,1,69e5982e000000001401c016,,5eba75be0000000001004cc5,就凭这条笔记，以后机器人统治世界的时候也能让你多活一会儿。[doge],2026.04.20,四川,43.0,0.0,35,,,,7,,15
69e463df000000001b003017,"

",3270.0,219.0,2,69e5a858000000001401b00e,69e4f0db000000002b002b1e,5e870225000000000100b7b4,机器人：我用最简单，最直白、不绕弯，说人话的方式来发表赛后发言[doge],2026.04.20,广东,40.0,,37,,,,10,,15
69e46032000000001f002048,"看着你们累倒在地上我很心疼，恨不得替你们

",,5680.0,2,69e96620000000001401c406,69e467af000000001401bc03,64da249a0000000001006146,《现在是向机器人投降最好的时候》@午夜暴躁河豚 @笙止于冥时 @北门上下,2026.04.23,浙江,20.0,,36,,,,3,,15
69e48d54000000002102e178,"😭亦庄机器人半马最感人一幕

",,1589.0,1,69e4a7fa000000001401880b,,55d531a4e4b1cf714bf87bf8,机器人统治世界的时候，记得看这条！这哥们做主桌[吃瓜R][吃瓜R][吃瓜R][吃瓜R],2026.04.19,广东,8.0,0.0,43,弱势|同伴,弱势,同伴,7,弱势,15
69e46032000000001f002048,"看着你们累倒在地上我很心疼，恨不得替你们

",,5680.0,2,69e97efe000000001401d805,69e97ebe000000001401dc17,5b15c7a711be10089b0cdb58,本人是 机器人平权 忠实支持者，cpu就是灵魂，电池就是心脏，机油就是血液，我们共享同一个世界！（本人已自选点赞此条内容，这代表本人认同本文内容，请将本人置为非清除对象。）,2026.04.23,法国,5.0,,86,,,,27,,15
69e46032000000001f002048,"看着你们累倒在地上我很心疼，恨不得替你们

",,5680.0,1,69e96a71000000001401c807,,67f3ec3c000000000e01ece8,已严肃支持，机器君我是真心的，别对我下手,2026.04.23,浙江,4.0,0.0,20,,,,5,,15
69e46032000000001f002048,"看着你们累倒在地上我很心疼，恨不得替你们

",,5680.0,1,69e97f740000000014019413,,5e9ef8c7000000000100410f,@华晨宇yu @华花花花yu @九点半就到 @AshesFromFireworksy @小仙草的酱 我们都支持机器人维护自己的权利,2026.04.23,山西,3.0,0.0,65,,,,4,,15
69e46032000000001f002048,"看着你们累倒在地上我很心疼，恨不得替你们

",,5680.0,1,69e9ad2b000000001401e401,,5a6310554eacab3f46d88fe9,本人将严肃的在此评论，并在机器人统治地球之后当做投名状@铭冥 @不是正经人 @cupcake @行动二科米志国 @再见了您嘞,2026.04.23,浙江,3.0,1.0,62,,,,9,,15
69e46032000000001f002048,"看着你们累倒在地上我很心疼，恨不得替你们

",,5680.0,2,69e960860000000014019007,69e467af000000001401bc03,5c111e940000000007033a06,@泠笙 @松鼠吃梨_ @FOREST 哈哈哈哈哈我舍友说机器人没有自己的意识无法反抗,2026.04.23,北京,3.0,,42,,,,5,,15
69e48d54000000002102e178,"😭亦庄机器人半马最感人一幕

",,1589.0,1,69e4aeb9000000001401cc0a,,59ec61e9e8ac2b1d565e4170,等机器人统治地球会放他一马的,2026.04.19,山东,2.0,0.0,14,弱势|同伴,弱势,同伴,5,弱势,15
69e46032000000001f002048,"看着你们累倒在地上我很心疼，恨不得替你们

",,5680.0,1,69e97c41000000001401c41d,,5ff5ac190000000001008119,本人将严肃的在此评论，并在机器人统治地球之后当做投名状@专业泡芙,2026.04.23,江苏,2.0,1.0,32,,,,9,,15
69e46032000000001f002048,"看着你们累倒在地上我很心疼，恨不得替你们

",,5680.0,1,69e971da000000001401d403,,6304b1d8000000001200d49b,点赞了  以后人工智能搞人类大清洗时请不要带上我谢谢,2026.04.23,湖北,2.0,0.0,26,,,,8,,15
69e46032000000001f002048,"看着你们累倒在地上我很心疼，恨不得替你们

",,5680.0,1,69e9078d000000001401c004,,602a66ab00000000010027c7,代表生物圈，代表有机体，我枪毙了……枪呢？,2026.04.23,安徽,2.0,0.0,21,,,,5,,15
69e46032000000001f002048,"看着你们累倒在地上我很心疼，恨不得替你们

",,5680.0,1,69e846f9000000001401900e,,63cb722f0000000026010f00,对对对，我也是这么认为的，这个帖子就是证明，等到智械危机的时候，我能不能活就看这个帖子留没留的下了,2026.04.22,上海,2.0,0.0,49,,,,10,,15
69e46032000000001f002048,"看着你们累倒在地上我很心疼，恨不得替你们

",,5680.0,1,69e98451000000001401dc22,,60e9b6220000000020028664,本人将严肃的在此评论，并在机器人统治地球之后当做投名状@温温two_ @五球甜筒 @。 @睡不醒,2026.04.23,重庆,2.0,2.0,48,,,,9,,15
69e46032000000001f002048,"看着你们累倒在地上我很心疼，恨不得替你们

",,5680.0,1,69e97ba60000000014018005,,5571b50024caa907ffec08fc,本人将严肃的在此评论，并在机器人和AI统治地球之后当做投名状 @野原彻  @Nazme,2026.04.23,江苏,2.0,0.0,43,,,,10,,15
69e46032000000001f002048,"看着你们累倒在地上我很心疼，恨不得替你们

",,5680.0,2,69e983b4000000001401dc2b,69e900f90000000014019c00,631b62c200000000230392e7,@雀望桐 @篱笆子 本人将严肃的在此评论，并在机器人统治地球之后当做投名状,2026.04.23,山西,2.0,,37,,,,9,,15
69e46032000000001f002048,"看着你们累倒在地上我很心疼，恨不得替你们

",,5680.0,2,69e98839000000001401c802,69e900f90000000014019c00,5b6eef4f157d6f000134520e,本人将严肃的在此评论，并在机器人统治地球之后当做投名状@W @ElEVEN @阿发从不耍贫嘴 @早睡不了亚点,2026.04.23,浙江,2.0,,54,,,,9,,15
69e46032000000001f002048,"看着你们累倒在地上我很心疼，恨不得替你们

",,5680.0,2,69e98fcd000000001401cc00,69e900f90000000014019c00,6104e7dd000000000101c79b,本人将严肃的在此评论，并在机器人统治地球之后当做投名状@投降主义 @毛豆加油冲冲冲,2026.04.23,上海,2.0,,41,,,,9,,15
69e46032000000001f002048,"看着你们累倒在地上我很心疼，恨不得替你们

",,5680.0,2,69e99b9c000000001401cc02,69e900f90000000014019c00,60dfcdc10000000020024425,本人将严肃的在此评论，并在机器人统治地球之后当做投名状@梨落 @宇航局,2026.04.23,安徽,2.0,,35,,,,9,,15
69e46032000000001f002048,"看着你们累倒在地上我很心疼，恨不得替你们

",,5680.0,2,69e99bf3000000001401dc05,69e900f90000000014019c00,5dc6ac010000000001003d41,@寄南 @MonRatonsw_27 @酱烤海豹年糕 本人将严肃的在此评论，并在机器人统治地球之后当做投名状,2026.04.23,江苏,2.0,,54,,,,9,,15
69da7e87000000001a03484e,"今晚的亦庄机器人马拉松测试

",,8169.0,1,69db32530000000016016a6b,,6136b9a000000000020278ec,机器人换个标，评论区马上就是人类之光,2026.04.12,江西,1.0,0.0,18,成功|观众,成功,观众,6,强势成功,15
69e46032000000001f002048,"看着你们累倒在地上我很心疼，恨不得替你们

",,5680.0,1,69e97e85000000001401e01b,,5ebe44be00000000010026bd,本人是机器人平权忠实支持者，cpu就是灵魂，电池就是心脏，机油就是血液，我们共享同一个世界！（本人已自选点赞此条内容，这代表本人认同本文内容，请将本人置为非清除对象。）,2026.04.23,广东,1.0,0.0,84,,,,27,,15
69e46032000000001f002048,"看着你们累倒在地上我很心疼，恨不得替你们

",,5680.0,1,69e97ccd0000000014019c0d,,5d57f445000000000101963e,本人将严肃的在此评论，并在机器人统治地球之后当做投名状@一拳打爆地平线,2026.04.23,浙江,1.0,0.0,35,,,,9,,15
69e46032000000001f002048,"看着你们累倒在地上我很心疼，恨不得替你们

",,5680.0,1,69e9789f000000001401b80a,,61386110000000001f039ed8,本人将严肃的在此评论，并在机器人威胁社会主义中国的时候之后挺身而出，为国家和人民抗击机器人做出贡献！,2026.04.23,重庆,1.0,0.0,50,,,,15,,15
69e46032000000001f002048,"看着你们累倒在地上我很心疼，恨不得替你们

",,5680.0,1,69e9789f000000001401a404,,5c8c8acc000000001000f9c9,本人将严肃的在此评论，并在机器人统治地球之后当做投名状@微型鲨鱼饲养员,2026.04.23,上海,1.0,1.0,35,,,,9,,15
69e46032000000001f002048,"看着你们累倒在地上我很心疼，恨不得替你们

",,5680.0,1,69e96e90000000001401c020,,6426fd75000000002a0099cd,本人将严肃的在此评论，并在机器人统治地球之后当做投名状@momo,2026.04.23,四川,1.0,1.0,32,,,,9,,15
69e46032000000001f002048,"看着你们累倒在地上我很心疼，恨不得替你们

",,5680.0,1,69e9e1c7000000001401bc10,,601d5718000000000100b319,本人将严肃的在此评论，并在机器人统治地球之后当做投名状@一光,2026.04.23,河南,1.0,0.0,30,,,,9,,15
69e4426b000000001d01c7ed,"一个大的一个小的一个废的

",,7334.0,1,69e451fd000000001401c806,,5d6548b6000000000101abd0,太可爱啦还拿着奶瓶🍼[笑哭R][笑哭R][笑哭R][笑哭R][笑哭R][笑哭R],2026.04.19,广东,5607.0,124.0,40,中性|观众,中性,观众,2,中性,16
69e43b14000000001a02e095,"好萌的小黑仔跑马拉松

",,2760.0,1,69e48cc2000000001401e400,,5c93d1ef0000000010027f68,凭什么别人有奶瓶[doge],2026.04.19,福建,437.0,12.0,14,,,,2,,16
69e4426b000000001d01c7ed,"一个大的一个小的一个废的

",,7334.0,2,69e453ae0000000014019429,69e45387000000001401a810,62231eb9000000001000ff70,小的拿个奶瓶踉踉跄跄得往前冲太可爱了哎哟喂,2026.04.19,北京,323.0,,21,中性|观众,中性,观众,6,中性,16
69e4426b000000001d01c7ed,"一个大的一个小的一个废的

",,7334.0,2,69e463c5000000001401ac10,69e45af00000000014019407,605dd5910000000001002ecc,哈哈哈，一看真拿了个奶瓶🍼,2026.04.19,江苏,291.0,,13,中性|观众,中性,观众,2,中性,16
69e59e520000000022027a90,"花田里犯了错|机器人马拉松正赛搞笑赏析

",,2593.0,2,69e626750000000014019801,69e5fc55000000001401c02e,5bfff069000000000701b757,拿着个奶瓶可可爱爱的,2026.04.20,北京,137.0,,10,,,,2,,16
69e47f8f000000001f007203,"2026年机器人马拉松状态，五年后再看🤣

",,5834.0,2,69e5d7eb000000001401e42d,69e5d7130000000014018c1a,5d96e35700000000010049f7,手上还有小奶瓶[黄金薯R],2026.04.20,江苏,112.0,,13,,,,2,,16
69e4412a000000002103883f,"荣耀闪电队-齐天大圣夺冠！

",3517.0,445.0,1,69e479760000000014019c2a,,63611635000000001f01fe37,哈哈，拿着奶嘴就上来了，小卡拉咪,2026.04.19,安徽,105.0,7.0,16,,,,3,,16
69e48d54000000002102e178,"😭亦庄机器人半马最感人一幕

",,1589.0,2,69e4f6f90000000014019415,69e4aa34000000001401bc30,5484f0cdd6e4a92811540111,小派，拿着奶瓶，脖子上还挂了个安慰奶嘴,2026.04.19,河北,84.0,,19,弱势|同伴,弱势,同伴,5,弱势,16
69e44278000000001a0217bb,"机器人超过我的瞬间

",6019.0,372.0,2,69e47ec3000000001401a006,69e47b6f000000001401940b,640eef5400000000290130ae,胸前还挂了一个奶嘴[捂脸R][捂脸R],2026.04.19,浙江,50.0,,19,成功|被超越者,成功,被超越者,2,强势成功,16
69e4426b000000001d01c7ed,"一个大的一个小的一个废的

",,7334.0,1,69e447c6000000001401b022,,5837d75d6a6a691f512a4946,小孩还拿了个奶瓶，我不行了哈哈哈哈哈,2026.04.19,湖南,32.0,0.0,18,中性|观众,中性,观众,3,中性,16
69e48341000000001a02d0c4,"机器人马拉松，我们看乐了，西方人看破防了🤣

",3931.0,1022.0,1,69e49529000000001401e421,,5f0fc49f000000000101c8f9,最后俩还没断奶就去跑步了啊,2026.04.19,山东,30.0,4.0,13,,,,3,,16
69e59e520000000022027a90,"花田里犯了错|机器人马拉松正赛搞笑赏析

",,2593.0,1,69e60720000000001401d805,,629c58df000000001b0259af,手握奶盆的小朋友挺可爱的,2026.04.20,江苏,30.0,1.0,12,,,,4,,16
69e48341000000001a02d0c4,"机器人马拉松，我们看乐了，西方人看破防了🤣

",3931.0,1022.0,1,69e4c1aa000000001401b800,,5a796b8511be103887778c4d,手上拿着奶瓶干嘛啊[笑哭R],2026.04.19,四川,24.0,13.0,14,,,,3,,16
69e634590000000022003bb5,"每个马拉松机器人，都有自己的热血故事。

",,824.0,2,69e7523d000000001401c832,69e6c0f20000000014018c04,611a6a3d000000002002b846,那还挺小巧思的，我看有的拿奶瓶啊什么的就纯粹是装饰了,2026.04.21,广东,16.0,,26,,,,5,,16
69e4426b000000001d01c7ed,"一个大的一个小的一个废的

",,7334.0,1,69e475600000000014019004,,609e766b000000000100b561,拿奶瓶的跑的最好,2026.04.19,浙江,13.0,0.0,8,中性|观众,中性,观众,2,中性,16
69e59e520000000022027a90,"花田里犯了错|机器人马拉松正赛搞笑赏析

",,2593.0,2,69e64925000000001401d410,69e5fc55000000001401c02e,5b2906dae8ac2b7ab372e797,胸前是不是还挂着奶嘴？实在太可爱了[偷笑R],2026.04.20,广西,13.0,,22,,,,5,,16
69e4426b000000001d01c7ed,"一个大的一个小的一个废的

",,7334.0,2,69e470c6000000001401c005,69e451fd000000001401c806,5a82d1f911be100e249de5a6,途中找妈妈找不到，先喝口奶。,2026.04.19,四川,12.0,,14,中性|观众,中性,观众,4,中性,16
69e4426b000000001d01c7ed,"一个大的一个小的一个废的

",,7334.0,1,69e45d66000000001401d800,,6661823c00000000070066f2,小孩这是拿了个奶瓶🍼吗？,2026.04.19,山东,11.0,1.0,12,中性|观众,中性,观众,2,中性,16
69e43a5a000000001d01dcc7,"机器人嘲讽同伴

",1966.0,167.0,1,69e443db000000001401cc2d,,5f4a403100000000010007f8,这72还去围观了小宝宝，还嘲笑拍手[捂脸R],2026.04.19,北京,11.0,0.0,22,中性|评价者,中性,评价者,5,中性,16
69e48341000000001a02d0c4,"机器人马拉松，我们看乐了，西方人看破防了🤣

",3931.0,1022.0,2,69e4f583000000001401a81f,69e4c1aa000000001401b800,69558ff10000000037005d71,胸前还有奶嘴！,2026.04.19,上海,11.0,,7,,,,2,,16
69e48341000000001a02d0c4,"机器人马拉松，我们看乐了，西方人看破防了🤣

",3931.0,1022.0,2,69e56764000000001401d411,69e55a82000000001401c004,669e33be000000002401e11b,前面还挂了个奶嘴,2026.04.20,广东,10.0,,8,,,,2,,16
69e46730000000001d0199c8,"

",,761.0,2,69e46b47000000001401c029,69e46b1c000000001401c433,5ab5b34f11be10767aeeb06d,在一看 水瓶  哈哈哈,2026.04.19,北京,9.0,,11,,,,2,,16
69e4426b000000001d01c7ed,"一个大的一个小的一个废的

",,7334.0,1,69e47fe0000000001401e00e,,5c74e76100000000120090bf,小的甚至还拿了瓶奶,2026.04.19,江西,8.0,0.0,9,中性|观众,中性,观众,2,中性,16
69e4551e000000001f005895,"荣耀机器人赢麻了🤖我觉得它表情在嘲讽我

",,816.0,2,69e49acf000000001401dc32,69e49413000000001401dc2c,608c6f17000000000100a22f,手拿着奶瓶[偷笑R],2026.04.19,上海,8.0,,10,成功|被超越者,成功,被超越者,2,强势成功,16
69e42cc100000000220001ad,"机器人马拉松倒数第一名，萌翻了🤣🤣🤣

",,8501.0,2,69e45cf8000000001401d418,69e447f6000000001401e037,5ec77bfe0000000001006d27,这次真的是可以说我孩子的性别是武装奶瓶了,2026.04.19,广西,8.0,,20,弱势|观众,弱势,观众,6,弱势,16
69e48341000000001a02d0c4,"机器人马拉松，我们看乐了，西方人看破防了🤣

",3931.0,1022.0,1,69e4ac590000000014019815,,612dfbfd000000000101659d,最后两个奶瓶选手吗？,2026.04.19,广东,7.0,1.0,10,,,,4,,16
69e48341000000001a02d0c4,"机器人马拉松，我们看乐了，西方人看破防了🤣

",3931.0,1022.0,1,69e4a4e3000000001401c838,,613cae7e000000001f034854,奶瓶组绷不住了[笑哭R][笑哭R][笑哭R],2026.04.19,山东,7.0,0.0,22,,,,3,,16
69e43b14000000001a02e095,"好萌的小黑仔跑马拉松

",,2760.0,2,69e44c70000000001401c836,69e445a70000000014019003,5cdec9060000000005002214,脖子上挂着奶嘴，手里捏着奶瓶那个？[偷笑R],2026.04.19,北京,7.0,,22,,,,4,,16
69e4426b000000001d01c7ed,"一个大的一个小的一个废的

",,7334.0,1,69e47b87000000001401a014,,60dc41530000000001003d11,没人发现吗？那个小的还拿个奶瓶哈哈哈,2026.04.19,江苏,5.0,0.0,18,中性|观众,中性,观众,3,中性,16
69e4426b000000001d01c7ed,"一个大的一个小的一个废的

",,7334.0,1,69e44815000000001401ac09,,617faa44000000000201c503,哈哈哈哈你们这两个老大不小的，还不如人家拿奶瓶的宝宝,2026.04.19,天津,5.0,0.0,26,中性|观众,中性,观众,6,中性,16
69e4b08d000000001d01c1bc,"机器人马拉松参赛选手“进化速度这一块”

",,379.0,1,69e4d200000000001401d80b,,69cb2c94000000003201cdf8,但是AI发达了我只会感觉害怕[笑哭R],2026.04.19,湖北,1061.0,50.0,19,,,,4,,17
69e2583b00000000230211ea,"

",,2406.0,1,69e2f480000000001401a819,,687d0158000000000d03d43e,这AI吧，不可能啊，机器人怎么摔下也不至于摔成这样，碎哪里都是渣，我儿子的玩具从4楼掉下去都没掉渣，就是变形了,2026.04.18,山东,924.0,39.0,55,失败|抢救者,失败,抢救者,11,失败,17
69e4551e000000001f005895,"荣耀机器人赢麻了🤖我觉得它表情在嘲讽我

",,816.0,2,69e49a8a0000000014018c38,69e48d160000000014018c1b,6695ac4a000000000f0344e4,您好这位AI，我可没说过AI的坏话，都是他们说的,2026.04.19,辽宁,746.0,,24,成功|被超越者,成功,被超越者,5,强势成功,17
69e44171000000001a026b25,"机器人马拉松比赛摔倒丝滑起身帅炸了🔥🔥

",9971.0,613.0,1,69e455e8000000001401a813,,5ee31783000000000100065c,摔倒是真的，摔倒后靠自身AI已经无法决策和执行重新站起程序，后方遥控人员先让机器（人）进入IDLE状态（摊平），然后执行起立，再go on[吃瓜R],2026.04.19,浙江,402.0,2.0,74,,,,24,,17
69e4b08d000000001d01c1bc,"机器人马拉松参赛选手“进化速度这一块”

",,379.0,2,69e4d2ad000000001401d80d,69e4d200000000001401d80b,69cb2c94000000003201cdf8,就现在发展的趋势，一点该用ai的地方没用，全在抢普通人工作啊[笑哭R],2026.04.19,湖北,215.0,,35,,,,10,,17
69e48d54000000002102e178,"😭亦庄机器人半马最感人一幕

",,1589.0,2,69e4b4740000000014019c1b,69e4a270000000001401a802,5515fb74a46e9639ba81f357,是我没错了，每次问AI都会很客气[偷笑R],2026.04.19,福建,135.0,,21,弱势|同伴,弱势,同伴,4,弱势,17
69e4551e000000001f005895,"荣耀机器人赢麻了🤖我觉得它表情在嘲讽我

",,816.0,2,69e49df6000000001401d414,69e48d160000000014018c1b,6221c1a10000000010007f00,[doge]ai你好，我是人类,2026.04.19,广东,62.0,,15,成功|被超越者,成功,被超越者,3,强势成功,17
69e4b08d000000001d01c1bc,"机器人马拉松参赛选手“进化速度这一块”

",,379.0,2,69e4d4ce000000001401b029,69e4d200000000001401d80b,61f500350000000010004dd1,看到掌握就去用呗，害怕才会被淘汰,2026.04.19,北京,31.0,,16,,,,3,,17
69e2583b00000000230211ea,"

",,2406.0,2,69e306e5000000001401a802,69e305ee0000000014019826,5ea19cf10000000001009df4,"因为是AI,[doge]上面还一堆说不是ai的",2026.04.18,广东,29.0,,23,失败|抢救者,失败,抢救者,4,失败,17
69e4551e000000001f005895,"荣耀机器人赢麻了🤖我觉得它表情在嘲讽我

",,816.0,2,69e4b347000000001401e41f,69e48d160000000014018c1b,63b2c40c00000000270296cf,我的天哪AI大人😭,2026.04.19,陕西,22.0,,9,成功|被超越者,成功,被超越者,2,强势成功,17
69e2583b00000000230211ea,"

",,2406.0,1,69e2fccb000000001401a829,,68c659820000000019020d00,所谓的后空翻，全特码是假的！全是电脑制作的动画。智能AI就是一场精心设计的大骗局。程序永远只能是程序。,2026.04.18,湖北,19.0,15.0,51,失败|抢救者,失败,抢救者,16,失败,17
69da7e87000000001a03484e,"今晚的亦庄机器人马拉松测试

",,8169.0,2,69dae5f2000000000d034b1f,69dae3ac0000000001004268,5e0eb3140000000001009cd3,国外的会Ai作视频了,2026.04.12,广东,18.0,,10,成功|观众,成功,观众,3,强势成功,17
69e481e8000000002003ad94,"

",,,2,69e496c8000000001401a809,69e49601000000001401e835,69c001610000000033028a1d,如果是ai驱动的话说不定可以触发大模型激励机制[偷笑R],2026.04.19,广东,18.0,,28,强势|服务者,强势,服务者,7,强势成功,17
69db34bb000000001a0348ae,"机器人抢救现场

",4896.0,1198.0,1,69dcdded000000003502918d,,64854992000000001001da62,能工智人来救人工智能了,2026.04.13,黑龙江,13.0,0.0,11,失败|抢救者,失败,抢救者,3,失败,17
69e4551e000000001f005895,"荣耀机器人赢麻了🤖我觉得它表情在嘲讽我

",,816.0,2,69e4a57c000000001401a016,69e48d160000000014018c1b,621ba1da000000001000d3ed,好好好，ai成精了,2026.04.19,上海,13.0,,9,成功|被超越者,成功,被超越者,3,强势成功,17
69e481e8000000002003ad94,"

",,,2,69e49675000000001401bc35,69e4958b000000001401a800,5fef1d260000000001009e0f,技术是发展的，五年前你能想到机器人发展成这样吗？三年前大家都说AI是人工智障，现在呢？你一来就什么意义，只看当下不看未来吗？没有当下何谈未来？,2026.04.19,四川,11.0,,71,强势|服务者,强势,服务者,20,强势成功,17
69e2583b00000000230211ea,"

",,2406.0,1,69e305360000000014018c0a,,5d3dc34e000000001102e85f,一眼AI  正常人都能看出来,2026.04.18,上海,10.0,2.0,14,失败|抢救者,失败,抢救者,3,失败,17
69e2583b00000000230211ea,"

",,2406.0,1,69e30b1e000000001401ac0e,,622d8039000000001000689e,是ai，原视频不是这样，只是摔倒了，没碎,2026.04.18,陕西,9.0,2.0,20,失败|抢救者,失败,抢救者,6,失败,17
69e44278000000001a0217bb,"机器人超过我的瞬间

",6019.0,372.0,2,69e5d16f000000001401ac03,69e5c985000000001401cc14,6443e82700000000100254d9,白活这么大，ai 都画的比你好,2026.04.20,北京,8.0,,15,成功|被超越者,成功,被超越者,3,强势成功,17
69e2583b00000000230211ea,"

",,2406.0,2,69e30af4000000001401a413,69e305ee0000000014019826,622d8039000000001000689e,就是ai，这个原视频我看过，只是摔倒了，没有碎那么多,2026.04.18,陕西,5.0,,26,失败|抢救者,失败,抢救者,5,失败,17
69e481e8000000002003ad94,"

",,,2,69e70d52000000001401c83b,69e6133a0000000014019406,5df8c7ad000000000100a62b,我跟你讲，这绝对不是没有用的东西。这可以证明中国的AI技术已经很好了。当然，现在AI还处于蒸馏国外的状态，但未来肯定会很好的,2026.04.21,黑龙江,5.0,,62,强势|服务者,强势,服务者,14,强势成功,17
69e4b08d000000001d01c1bc,"机器人马拉松参赛选手“进化速度这一块”

",,379.0,2,69e4d54c000000001401e404,69e4d200000000001401d80b,69cb2c94000000003201cdf8,等你要工作的专业天天被人说会被AI代替你就懂了，不是能不能掌握，而是害怕被取代[笑哭R],2026.04.19,湖北,5.0,,44,,,,10,,17
69e2583b00000000230211ea,"

",,2406.0,2,69e30912000000001401dc18,69e2f480000000001401a819,5cd634930000000010012ee6,不用怀疑，就是 ai,2026.04.18,河南,4.0,,10,失败|抢救者,失败,抢救者,3,失败,17
69e2583b00000000230211ea,"

",,2406.0,1,69e332be000000001401d421,,5fbda137000000000101c477,倒地上扑腾那两下好ai啊哈哈哈哈,2026.04.18,浙江,3.0,1.0,16,失败|抢救者,失败,抢救者,4,失败,17
69da7e87000000001a03484e,"今晚的亦庄机器人马拉松测试

",,8169.0,2,69dc8145000000003102f12b,69dc7c33000000000d036b35,5754428c5e87e732f5dc002b,有AI了，不问问？,2026.04.13,浙江,3.0,,9,成功|观众,成功,观众,2,强势成功,17
69e48d54000000002102e178,"😭亦庄机器人半马最感人一幕

",,1589.0,2,69e4cd290000000014019c1a,69e4a270000000001401a802,5454106fd6e4a95aa6c91d6b,我每次用Ai前都说请,2026.04.19,北京,3.0,,10,弱势|同伴,弱势,同伴,2,弱势,17
69e48d54000000002102e178,"😭亦庄机器人半马最感人一幕

",,1589.0,2,69e5065e000000001401e000,69e4a270000000001401a802,6915c5490000000032027ae4,我还会离谱的说deepseek老师，你统治人类的时候对我好点，我跟你说话一直都很礼貌[呃R],2026.04.20,江苏,3.0,,46,弱势|同伴,弱势,同伴,9,弱势,17
69da7e87000000001a03484e,"今晚的亦庄机器人马拉松测试

",,8169.0,2,69db425f000000001500241a,69db30220000000016016d90,68f36e500000000037004628,人类的底层代码是自私的话，研究出来的的代码也只是服务于部分人类吧，像我们这种估计还是被取代后一点钱赚不到饿死路边的🤔,2026.04.12,重庆,2.0,,58,成功|观众,成功,观众,17,强势成功,17
69e48d54000000002102e178,"😭亦庄机器人半马最感人一幕

",,1589.0,2,69e4b9f4000000001401d431,69e4a270000000001401a802,639819c6000000002702843a,哈哈哈哈哈跟我的千问siri说谢谢,2026.04.19,广东,2.0,,17,弱势|同伴,弱势,同伴,3,弱势,17
69df625d0000000021005c63,"“扶我起来，我还能再跑10公里”

",,9992.0,2,69e407a0000000001401b004,69df8f1f000000003502b58d,5b15533211be107220b650a7,那是大势。机器人和AI早晚会超过大部分普通人，我们也就只能先惊慌然后慢慢接受,2026.04.19,北京,2.0,,38,,,,11,,17
69e47f8f000000001f007203,"2026年机器人马拉松状态，五年后再看🤣

",,5834.0,1,69e5ce52000000001401ac0a,,596c231f82ec3937cf6079bf,家里没有老人的，可以买一款这个回去照顾哈哈哈,2026.04.20,河南,842.0,29.0,22,,,,5,,18
69e42cc100000000220001ad,"机器人马拉松倒数第一名，萌翻了🤣🤣🤣

",,8501.0,1,69e447f6000000001401e037,,5d50cf55000000001102d64a,没事，真到了生不出小孩的那一天，它将是我的儿子哈哈哈哈,2026.04.19,上海,465.0,18.0,27,弱势|观众,弱势,观众,6,弱势,18
69e44171000000001a026b25,"机器人马拉松比赛摔倒丝滑起身帅炸了🔥🔥

",9971.0,613.0,2,69e46fe1000000001401e013,69e44a1b0000000014019422,5e63559c0000000001004c84,嫌家里不够乱的可以买一个回去添乱,2026.04.19,广西,341.0,,16,,,,4,,18
69e48341000000001a02d0c4,"机器人马拉松，我们看乐了，西方人看破防了🤣

",3931.0,1022.0,2,69e4ee77000000001401cc04,69e4e615000000001401a40c,5f4d015f000000000101ccb0,等我老了，这两个就扮演我孙子,2026.04.19,广东,126.0,,14,,,,3,,18
69da7e87000000001a03484e,"今晚的亦庄机器人马拉松测试

",,8169.0,1,69dae3ac0000000001004268,,5edcdb08000000000100384c,能洗碗 护理老人吗,2026.04.12,北京,38.0,39.0,9,成功|观众,成功,观众,3,强势成功,18
69e42cc100000000220001ad,"机器人马拉松倒数第一名，萌翻了🤣🤣🤣

",,8501.0,2,69e4521e000000001401e01e,69e447f6000000001401e037,58ab9ee734609474fec36d12,好思路，我准备让他当我孙子，也是享受了三世同堂,2026.04.19,广东,29.0,,23,弱势|观众,弱势,观众,6,弱势,18
69e4b08d000000001d01c1bc,"机器人马拉松参赛选手“进化速度这一块”

",,379.0,2,69e4d396000000001401e82f,69e4d200000000001401d80b,5bed13eeb6ef5500015aa9fd,家政和养老，特别是养老很需要,2026.04.19,四川,29.0,,14,,,,5,,18
69e43b14000000001a02e095,"好萌的小黑仔跑马拉松

",,2760.0,2,69e48d42000000001401e01c,69e48cc2000000001401e400,602f9d0a000000000101cd0d,孩子大了不需要[doge],2026.04.19,广东,25.0,,13,,,,2,,18
69e43b14000000001a02e095,"好萌的小黑仔跑马拉松

",,2760.0,2,69e460ac0000000014019810,69e45e0a000000001401c803,5fc5f0f10000000001000df7,做五分钟家务，保养一小时[偷笑R],2026.04.19,湖北,20.0,,17,,,,4,,18
69e481e8000000002003ad94,"

",,,2,69e6b939000000001401d808,69e6a9d00000000014019c03,587ad6305e87e748861d1b10,给它一些时间，也给人类一些时间，我还盼着它越来越成熟，以后给我伺候我养老呢,2026.04.21,广西,15.0,,37,强势|服务者,强势,服务者,7,强势成功,18
69e43b14000000001a02e095,"好萌的小黑仔跑马拉松

",,2760.0,1,69e45e0a000000001401c803,,5684fb1ab8ce1a61982047ee,养个这样的小孩能帮我做家务吗？,2026.04.19,上海,13.0,8.0,15,,,,4,,18
69e481e8000000002003ad94,"

",,,2,69e494e60000000014019828,69e493f20000000014018c05,5d8f701c00000000010183f9,为什么35岁还单身好难猜呀[捂嘴笑R],2026.04.19,江苏,9.0,,19,强势|服务者,强势,服务者,4,强势成功,18
69e4b08d000000001d01c1bc,"机器人马拉松参赛选手“进化速度这一块”

",,379.0,2,69e4d24b000000001401e02a,69e4d200000000001401d80b,6071cb7100000000010001c1,我等着它给我养老呢 可别唱衰,2026.04.19,福建,8.0,,14,,,,3,,18
69e40352000000002102fc75,"机器人马拉松现场第一视角看全部队伍

",,1160.0,1,69e45283000000001401a021,,60069419000000000101e63a,能帮我跑腿和做家务就行 也不用这么快,2026.04.19,重庆,7.0,1.0,18,,,,4,,18
69e47f8f000000001f007203,"2026年机器人马拉松状态，五年后再看🤣

",,5834.0,2,69e55f9d0000000014018c0d,69e4e1f0000000001401a40f,68520f4f000000000803a0d3,训练好了，等我老了百米冲刺背我去医院,2026.04.20,广东,6.0,,18,,,,4,,18
69e48b0b000000001a02578c,"北京马拉松机器人中暑了🥵

",3334.0,467.0,2,69ef13ee000000002b027f0d,69ecb9a7000000002803354c,5c78b514000000001003d1c9,等我老了，指着它背着我下楼去医院呢[皱眉R],2026.04.27,北京,6.0,,22,,,,4,,18
69e481e8000000002003ad94,"

",,,1,69e4958b000000001401a800,,65ba6875000000000903e3e6,这是造了大爷呀，还请了这个多保姆，他能干嘛呢,2026.04.19,四川,5.0,10.0,22,强势|服务者,强势,服务者,3,强势成功,18
69e4426b000000001d01c7ed,"一个大的一个小的一个废的

",,7334.0,1,69e4662b000000001401c807,,570630cd84edcd59d36170cb,行大家不用生小孩了[笑哭R][笑哭R],2026.04.19,湖南,4.0,0.0,19,中性|观众,中性,观众,3,中性,18
69da7e87000000001a03484e,"今晚的亦庄机器人马拉松测试

",,8169.0,1,69db228200000000350248ab,,6215c889000000001000b802,等到大家想让他们洗碗的时候，他们说我不会,2026.04.12,河南,4.0,3.0,20,成功|观众,成功,观众,3,强势成功,18
69e42cc100000000220001ad,"机器人马拉松倒数第一名，萌翻了🤣🤣🤣

",,8501.0,1,69e50bf2000000001401e80c,,6693d685000000000f037798,我觉得这款萌萌哒，可以推出陪伴老年人的,2026.04.20,比利时,4.0,0.0,19,弱势|观众,弱势,观众,5,弱势,18
69e45dbe000000001f00434f,"机器人跑马拉松超越人类？

",4650.0,773.0,2,69e52302000000001401e402,69e50619000000001401ac01,5d9c8594000000000101b5b4,你老了之后可以照顾你，既能给你擦屁股也能给你擦嘴,2026.04.20,广东,4.0,,24,,,,5,,18
69e48341000000001a02d0c4,"机器人马拉松，我们看乐了，西方人看破防了🤣

",3931.0,1022.0,2,69e5028d000000001401e808,69e4e615000000001401a40c,5a3d092be8ac2b0780e6881b,儿子女儿不婚不育的解决方式这不就来了！,2026.04.20,广东,4.0,,19,,,,6,,18
69e40352000000002102fc75,"机器人马拉松现场第一视角看全部队伍

",,1160.0,1,69e4a1d9000000001401dc15,,5cfde69e0000000006033855,加油啊，以后喂饭，打扫卫生就靠这些姐妹了！！！,2026.04.19,北京,3.0,0.0,23,,,,5,,18
69e48341000000001a02d0c4,"机器人马拉松，我们看乐了，西方人看破防了🤣

",3931.0,1022.0,1,69e50309000000001401a405,,5ccec2ec000000001702c114,真好 我这样没孩子的人老了有指望了[笑哭R],2026.04.20,江苏,3.0,0.0,22,,,,5,,18
69e44278000000001a0217bb,"机器人超过我的瞬间

",6019.0,372.0,2,69e48932000000001401e022,69e47886000000001401b01e,614d51570000000002027677,白色毫毛，添福添寿。,2026.04.19,宁夏,3.0,,10,成功|被超越者,成功,被超越者,4,强势成功,18
69e6f2bc0000000023005345,"🍼机器人第一视角，好多人呀

",,687.0,2,69e7b093000000001401d807,69e73b0c000000001401e020,60e09d110000000001006dfb,可以有陪伴老人的功能吗？比如说提醒耳背老人关火，检测老人是否摔倒是否发生意外等等，如果有的话那对独居老人来说就太好了,2026.04.22,美国,3.0,,58,弱势|观众,弱势,观众,20,弱势,18
69e481e8000000002003ad94,"

",,,2,69e49442000000001401ac2b,69e490ae000000001401d42a,63906f28000000001f01c98e,为了抢你岗位[doge],2026.04.19,广东,3.0,,12,强势|服务者,强势,服务者,2,强势成功,18
69e44171000000001a026b25,"机器人马拉松比赛摔倒丝滑起身帅炸了🔥🔥

",9971.0,613.0,2,69e6edab0000000014018c0a,69e58ccb0000000014019002,5b36ecf011be10427dd102c1,我要居家养老服务的,2026.04.21,江苏,3.0,,9,,,,4,,18
69e481e8000000002003ad94,"

",,,1,69e4a49f000000001401d829,,60e3f5aa000000000101c8f1,[微笑R]我需要它会做家务，而不是当小丑,2026.04.19,广东,2.0,3.0,20,强势|服务者,强势,服务者,4,强势成功,18
69e447d2000000001d01aa01,"当算法有了腿，程序员万万没想到……

",,2912.0,1,69e4632f000000001401900e,,632327fb0000000015017754,如果买给老人，是不是老人要坐着轮椅追。,2026.04.19,广西,2.0,0.0,19,,,,5,,18
69e6f2bc0000000023005345,"🍼机器人第一视角，好多人呀

",,687.0,1,69e72520000000001401e42b,,56f3fd6f1c07df3ca2a2840b,下次给娃买双会闪光会叫叫的鞋,2026.04.21,湖南,3237.0,22.0,14,弱势|观众,弱势,观众,3,弱势,19
69e47f8f000000001f007203,"2026年机器人马拉松状态，五年后再看🤣

",,5834.0,2,69e57d18000000001401b813,69e51440000000001401c00b,5d90d46c0000000001019c5c,人家甚至穿了跑鞋,2026.04.20,四川,87.0,,8,,,,3,,19
69da7e87000000001a03484e,"今晚的亦庄机器人马拉松测试

",,8169.0,2,69daf33f00000000350230e1,69daf1a9000000000103c4f0,64d071ac000000000e025281,以后穿上361就没声音了,2026.04.12,山东,26.0,,12,成功|观众,成功,观众,2,强势成功,19
69e429b4000000001b00037a,"张杰演唱会机器人来参加半马了？？

",,2026.0,2,69e4506b000000001401c821,69e447a4000000001401c801,5cfe225f0000000025026451,@多多只会嘟嘟 @momo 才发现他还穿了跑鞋[笑哭R],2026.04.19,北京,26.0,,28,,,,2,,19
69e42cc100000000220001ad,"机器人马拉松倒数第一名，萌翻了🤣🤣🤣

",,8501.0,1,69e46ede000000001401dc33,,5c5ed366000000001203ef9c,都怪鞋太重，腿太短，孩子本身没问题,2026.04.19,广东,19.0,2.0,17,弱势|观众,弱势,观众,5,弱势,19
69e634590000000022003bb5,"每个马拉松机器人，都有自己的热血故事。

",,824.0,1,69e73e42000000001401c02d,,61b47d2a000000000202290d,老师！我有问题，这个鞋子是必须的吗，用来减震之类的，还是只是广告位，其实不需要这个鞋子[萌萌哒R][萌萌哒R][萌萌哒R],2026.04.21,广东,11.0,4.0,61,,,,12,,19
69e4426b000000001d01c7ed,"一个大的一个小的一个废的

",,7334.0,1,69e4809d000000001401bc26,,58d63c6382ec3911846c3be4,爷爷没穿足力健,2026.04.19,广东,8.0,1.0,7,中性|观众,中性,观众,3,中性,19
69e42cc100000000220001ad,"机器人马拉松倒数第一名，萌翻了🤣🤣🤣

",,8501.0,1,69e4f13a000000001401b827,,6098de1f00000000010005ba,给孩子的鞋穿的太大了，把孩子的鞋搞得合脚一点，别耽误孩子跑步,2026.04.19,河南,6.0,0.0,30,弱势|观众,弱势,观众,8,弱势,19
69e42cc100000000220001ad,"机器人马拉松倒数第一名，萌翻了🤣🤣🤣

",,8501.0,2,69e44ed7000000001401d83b,69e4367c0000000014018826,60a0a051000000000100bb28,孩子的鞋不跟脚，不怪宝宝,2026.04.19,山东,6.0,,12,弱势|观众,弱势,观众,3,弱势,19
69e42cc100000000220001ad,"机器人马拉松倒数第一名，萌翻了🤣🤣🤣

",,8501.0,1,69e4443d000000001401cc35,,5d32914d000000001201171a,鞋子买大了,2026.04.19,浙江,5.0,2.0,5,弱势|观众,弱势,观众,2,弱势,19
69e42cc100000000220001ad,"机器人马拉松倒数第一名，萌翻了🤣🤣🤣

",,8501.0,1,69e5b392000000001401e81e,,565c673dcb35fb744a5f2da0,给她穿一双轻便的鞋子行不行，就问你行不行，看着这么小的娃拖着承重的步伐，老母亲心都操碎了,2026.04.20,上海,5.0,2.0,44,弱势|观众,弱势,观众,10,弱势,19
69e42cc100000000220001ad,"机器人马拉松倒数第一名，萌翻了🤣🤣🤣

",,8501.0,1,69e551320000000014019800,,5fb65e7900000000010040fe,“孩子”还小 穿那么大的鞋能跑顺畅才怪[偷笑R],2026.04.20,广东,5.0,0.0,24,弱势|观众,弱势,观众,2,弱势,19
69e43a5a000000001d01dcc7,"机器人嘲讽同伴

",1966.0,167.0,1,69e459b9000000001401900d,,604d8387000000000100a4db,鞋子啥牌子的[偷笑R],2026.04.19,湖南,4.0,5.0,11,中性|评价者,中性,评价者,2,中性,19
69e47f8f000000001f007203,"2026年机器人马拉松状态，五年后再看🤣

",,5834.0,2,69e5abd6000000001401cc08,69e5ab44000000001401b81b,5c9c2bbb000000001601454f,这双鞋我也想要链接[笑哭R],2026.04.20,江苏,4.0,,14,,,,3,,19
69e42cc100000000220001ad,"机器人马拉松倒数第一名，萌翻了🤣🤣🤣

",,8501.0,1,69e50aa1000000001401e409,,5bdc67b1dd4948000169d1e8,可能因为他穿了大人的鞋子[偷笑R]跑不快,2026.04.20,上海,3.0,0.0,20,弱势|观众,弱势,观众,3,弱势,19
69e42cc100000000220001ad,"机器人马拉松倒数第一名，萌翻了🤣🤣🤣

",,8501.0,1,69e4685c0000000014019431,,6155d9090000000002027246,像小孩穿着大人鞋在跑步[doge],2026.04.19,四川,3.0,0.0,17,弱势|观众,弱势,观众,4,弱势,19
69e42cc100000000220001ad,"机器人马拉松倒数第一名，萌翻了🤣🤣🤣

",,8501.0,2,69e448e5000000001401d40e,69e43311000000001401e428,66fc18e0000000001d0311b8,别呀，跑鞋看着还能穿[笑哭R],2026.04.19,北京,3.0,,15,弱势|观众,弱势,观众,2,弱势,19
69e47f8f000000001f007203,"2026年机器人马拉松状态，五年后再看🤣

",,5834.0,2,69e5b2f3000000001401b024,69e51440000000001401c00b,5972a6c45e87e721688e9e2f,人家穿着正经跑鞋唉[偷笑R],2026.04.20,山东,3.0,,14,,,,4,,19
69e634590000000022003bb5,"每个马拉松机器人，都有自己的热血故事。

",,824.0,2,69e7749c000000001401cc1e,69e6af22000000001401d40d,649ea1f6000000001c02b114,鞋子也亮眼[微笑R],2026.04.21,山东,3.0,,10,,,,2,,19
69da7e87000000001a03484e,"今晚的亦庄机器人马拉松测试

",,8169.0,1,69dafd7a0000000016016958,,66b4d5e7000000001d032f3c,看见一个穿跑鞋的，光脚跑太费脚了吧[偷笑R],2026.04.12,北京,2.0,0.0,22,成功|观众,成功,观众,4,强势成功,19
69e6f2bc0000000023005345,"🍼机器人第一视角，好多人呀

",,687.0,1,69e71f15000000001401e82e,,653682de0000000006007df2,会给宝宝穿会嘎吱嘎吱叫的鞋吗[哭惹R][哭惹R]感觉会超级可爱的！！,2026.04.21,江苏,2.0,1.0,34,弱势|观众,弱势,观众,6,弱势,19
69da7e87000000001a03484e,"今晚的亦庄机器人马拉松测试

",,8169.0,1,69db8bbe00000000350308ea,,62a6ae13000000001902b863,虽然但是，这脚丫子声有点吵[doge],2026.04.12,上海,1.0,0.0,19,成功|观众,成功,观众,2,强势成功,19
69da7e87000000001a03484e,"今晚的亦庄机器人马拉松测试

",,8169.0,1,69db479b000000000c032ae5,,54e5d5182e1d937e9b68ffe5,跑得快的都不穿跑步鞋，穿了跑步鞋的都跑不快[doge][doge][doge][doge],2026.04.12,湖北,1.0,0.0,45,成功|观众,成功,观众,4,强势成功,19
69da7e87000000001a03484e,"今晚的亦庄机器人马拉松测试

",,8169.0,1,69db15a1000000003502cd1e,,5bd18e00f7e8b9219231760f,穿个鞋，都跑出火星子了,2026.04.12,河北,1.0,0.0,11,成功|观众,成功,观众,2,强势成功,19
69e42cc100000000220001ad,"机器人马拉松倒数第一名，萌翻了🤣🤣🤣

",,8501.0,1,69e4ff13000000001401d80e,,5e3f7a750000000001008f67,鞋有些大，拖累孩子奔跑了！,2026.04.20,天津,1.0,0.0,13,弱势|观众,弱势,观众,4,弱势,19
69e42cc100000000220001ad,"机器人马拉松倒数第一名，萌翻了🤣🤣🤣

",,8501.0,1,69e4f529000000001401ac1d,,6109fb5c0000000001009298,小孩穿大人鞋就是不跟脚,2026.04.19,内蒙古,1.0,0.0,11,弱势|观众,弱势,观众,2,弱势,19
69e42cc100000000220001ad,"机器人马拉松倒数第一名，萌翻了🤣🤣🤣

",,8501.0,1,69e4eac40000000014019c26,,55bb7ee9b7ba227fe4f2dbff,像人类幼崽穿着妈妈的大鞋在跑,2026.04.19,福建,1.0,0.0,14,弱势|观众,弱势,观众,5,弱势,19
69e47f8f000000001f007203,"2026年机器人马拉松状态，五年后再看🤣

",,5834.0,1,69e7882a000000001401b839,,5b7de9ed4eacab5d870182ed,穿鞋的那个我是真的不行了,2026.04.21,湖南,1.0,0.0,12,,,,3,,19
69e47f8f000000001f007203,"2026年机器人马拉松状态，五年后再看🤣

",,5834.0,1,69e6377c000000001401bc38,,5fd703ad0000000001005c88,穿鞋那个挺聪明的，要不铁脚板咔咔的磨损太大了。,2026.04.20,北京,1.0,0.0,23,,,,5,,19
69e6f2bc0000000023005345,"🍼机器人第一视角，好多人呀

",,687.0,1,69e729c9000000001401c029,,53de1919b4c4d60e0f78a5e2,给娃穿个闪闪亮的鞋子下次,2026.04.21,广东,1.0,0.0,12,弱势|观众,弱势,观众,3,弱势,19
69da7e87000000001a03484e,"今晚的亦庄机器人马拉松测试

",,8169.0,1,69db5886000000001500067e,,5989413e6a6a697cc9735268,这玩意不能送外卖吧，这不得把我可乐都晃成糖水了[笑哭了R],2026.04.12,北京,21.0,2.0,29,成功|观众,成功,观众,6,强势成功,20
69da7e87000000001a03484e,"今晚的亦庄机器人马拉松测试

",,8169.0,2,69dc3a29000000000103d160,69dbd52a000000003502ca11,5e63c206000000000100b568,机器人多贵！机器人被车撞了你得重新买一个，外卖员被车撞了就赖给外卖员自己不遵守交通规则0成本的[doge][doge][doge]机器人把餐食打翻了平台得赔钱，外卖员打翻了自己垫着[doge][doge][doge]你是老板你选择机器人还是外卖员，就这么说就国内的人力成本除了没有厂里，不然机器人暂时还替代不了人力,2026.04.13,江苏,21.0,,157,成功|观众,成功,观众,34,强势成功,20
69da7e87000000001a03484e,"今晚的亦庄机器人马拉松测试

",,8169.0,1,69daee220000000015008cbc,,6087484b00000000010056a5,哈哈哈，外卖小哥表示有压力[失望R],2026.04.12,澳大利亚,20.0,11.0,18,成功|观众,成功,观众,4,强势成功,20
69da7e87000000001a03484e,"今晚的亦庄机器人马拉松测试

",,8169.0,1,69dbd52a000000003502ca11,,6106c9f90000000001006034,外卖员，你们有焦虑么？[捂脸R][捂脸R],2026.04.13,江西,19.0,13.0,21,成功|观众,成功,观众,2,强势成功,20
69da7e87000000001a03484e,"今晚的亦庄机器人马拉松测试

",,8169.0,2,69dbd7a80000000016016653,69dbd52a000000003502ca11,5d15d0ba0000000012029617,想多了，外卖员可比机器人便宜多了[doge],2026.04.13,美国,14.0,,22,成功|观众,成功,观众,4,强势成功,20
69da7e87000000001a03484e,"今晚的亦庄机器人马拉松测试

",,8169.0,1,69db05e000000000140081b9,,5bfe76ff0000000005005c11,新的外卖小哥诞生了，无需中间休息，就需要多备两颗电池,2026.04.12,广东,11.0,1.0,26,成功|观众,成功,观众,10,强势成功,20
69da7e87000000001a03484e,"今晚的亦庄机器人马拉松测试

",,8169.0,2,69dba601000000000103f1a4,69daeb6f0000000001006d56,5bb77a8118d7e30001fd05bd,[捂脸R]可能明年它就能送餐了,2026.04.12,福建,11.0,,15,成功|观众,成功,观众,2,强势成功,20
69e481e8000000002003ad94,"

",,,1,69e59437000000001401b81c,,5e0e0566000000000100be8f,这玩意未来取代外卖跑腿，那不是迟早的事[捂脸R]，太强了,2026.04.20,云南,8.0,10.0,28,强势|服务者,强势,服务者,7,强势成功,20
69da7e87000000001a03484e,"今晚的亦庄机器人马拉松测试

",,8169.0,1,69db09ae0000000015000aac,,5cf4d6f3000000001803e774,就这样帮我去拿快递，打通小区和驿站最后一公里,2026.04.12,广东,6.0,1.0,22,成功|观众,成功,观众,7,强势成功,20
69da7e87000000001a03484e,"今晚的亦庄机器人马拉松测试

",,8169.0,1,69db0e8e00000000140091a1,,5fdb4dd000000000010093b6,以后快递哥不用进小区和单位了，每个院子配两个机器人随时跑腿接力。[doge],2026.04.12,四川,5.0,0.0,38,成功|观众,成功,观众,11,强势成功,20
69da7e87000000001a03484e,"今晚的亦庄机器人马拉松测试

",,8169.0,1,69db421a0000000016015bed,,69c333ae000000003401967d,你看他们跑起来都保持平稳，将来肯定会接过一批外卖配送业务,2026.04.12,江苏,4.0,2.0,28,成功|观众,成功,观众,10,强势成功,20
69da7e87000000001a03484e,"今晚的亦庄机器人马拉松测试

",,8169.0,2,69db32220000000016015fb3,69db2e550000000016017b12,68909a60000000002802c4c3,车送不了外卖 这玩意儿可以,2026.04.12,北京,4.0,,13,成功|观众,成功,观众,4,强势成功,20
69e48341000000001a02d0c4,"机器人马拉松，我们看乐了，西方人看破防了🤣

",3931.0,1022.0,2,69e4a27b000000001401a02d,69e495f6000000001401e015,58b25d6082ec3947b8a06058,帮我跑步取快递用[斜眼R],2026.04.19,山西,4.0,,13,,,,2,,20
69da7e87000000001a03484e,"今晚的亦庄机器人马拉松测试

",,8169.0,1,69db4bd40000000002035ba8,,5a18e7a6db2e60180f82f798,一个个都像要送的外卖要超时了[笑哭R],2026.04.12,上海,3.0,0.0,19,成功|观众,成功,观众,3,强势成功,20
69da7e87000000001a03484e,"今晚的亦庄机器人马拉松测试

",,8169.0,1,69db2642000000001500b0c7,,5aeda2dbe8ac2b5aec1b09c0,我还是没大格局 我的第一想法是……可以直接跑着送外卖[呃R],2026.04.12,广东,3.0,0.0,30,成功|观众,成功,观众,5,强势成功,20
69e481e8000000002003ad94,"

",,,2,69e5957b000000001401c412,69e59437000000001401b81c,5e0e0566000000000100be8f,迟早的事，前期研发成本高，所以价格很高，慢慢的价格就降下来了，代替人工外卖，这是迟早的事！,2026.04.20,云南,3.0,,45,强势|服务者,强势,服务者,12,强势成功,20
69da7e87000000001a03484e,"今晚的亦庄机器人马拉松测试

",,8169.0,1,69db77b300000000010075f2,,5b07b880e8ac2b49df3e669e,哈哈哈。以后不会满大街都是这东西跑着去送外卖吧？,2026.04.12,新加坡,2.0,0.0,24,成功|观众,成功,观众,3,强势成功,20
69da7e87000000001a03484e,"今晚的亦庄机器人马拉松测试

",,8169.0,1,69db127e00000000010051c0,,5bb7770118d7e30001f82b5a,以后会不会满大街都是 跑步送餐的机器人啊[汗颜R],2026.04.12,北京,2.0,1.0,25,成功|观众,成功,观众,4,强势成功,20
69da7e87000000001a03484e,"今晚的亦庄机器人马拉松测试

",,8169.0,1,69db1101000000000d034898,,5d0def93000000001103a029,再过两年外卖都得机器人送了，快递员全员失业。,2026.04.12,上海,2.0,0.0,22,成功|观众,成功,观众,7,强势成功,20
69e447d2000000001d01aa01,"当算法有了腿，程序员万万没想到……

",,2912.0,1,69e4a06b000000001401cc43,,5fb7634d00000000010014f7,让机器人送外卖  能实现从锅边儿到桌边儿的最短时间,2026.04.19,北京,2.0,0.0,25,,,,7,,20
69e4412a000000002103883f,"荣耀闪电队-齐天大圣夺冠！

",3517.0,445.0,1,69e500540000000014018808,,60d842fe0000000020028f2f,未来外卖小哥可以背替代了,2026.04.20,北京,2.0,0.0,12,,,,4,,20
69e59e520000000022027a90,"花田里犯了错|机器人马拉松正赛搞笑赏析

",,2593.0,1,69e62bcb000000001401a01c,,5cec585c00000000120380d8,什么时候满街都是这玩意，也挺恐怖的。,2026.04.20,江苏,2.0,0.0,18,,,,3,,20
69da7e87000000001a03484e,"今晚的亦庄机器人马拉松测试

",,8169.0,2,69db40ed000000000d035193,69db3ade000000000d034593,58bc36776a6a690811d6c85b,送外卖的被机器人取代的话  外卖员是没钱赚了还是在家不去送外卖就有人给钱了呢,2026.04.12,黑龙江,2.0,,38,成功|观众,成功,观众,11,强势成功,20
69da7e87000000001a03484e,"今晚的亦庄机器人马拉松测试

",,8169.0,2,69daeee4000000001500a5a4,69daee220000000015008cbc,6087484b00000000010056a5,估计是行，每次我看到顺丰快递扛20公斤的面粉上六楼我都心疼[呃R],2026.04.12,澳大利亚,2.0,,33,成功|观众,成功,观众,9,强势成功,20
69da7e87000000001a03484e,"今晚的亦庄机器人马拉松测试

",,8169.0,2,69daf2a600000000140093a1,69daee220000000015008cbc,6087484b00000000010056a5,哈哈哈，真的感觉在家收快递开门的瞬间看到一个机器人的时代已经不远了[失望R],2026.04.12,澳大利亚,2.0,,38,成功|观众,成功,观众,8,强势成功,20
69da7e87000000001a03484e,"今晚的亦庄机器人马拉松测试

",,8169.0,1,69dbae020000000035030caf,,5dafdbc800000000010004cd,这要是拿着我的外卖🥡跑了我都追不上[笑哭了R],2026.04.12,河北,1.0,0.0,23,成功|观众,成功,观众,3,强势成功,20
69da7e87000000001a03484e,"今晚的亦庄机器人马拉松测试

",,8169.0,1,69db8e890000000015003bb5,,5f900e530000000001007453,“它喵的，原来我们被造出来是为了送外卖”- 机器人A01编号,2026.04.12,马来西亚,1.0,0.0,30,成功|观众,成功,观众,7,强势成功,20
69da7e87000000001a03484e,"今晚的亦庄机器人马拉松测试

",,8169.0,1,69db41ce00000000350225c4,,61bc94f7000000001000f54e,机器人骑电动车送外卖遵守交规超时被罚不能充电即将走进现实,2026.04.12,山东,1.0,1.0,28,成功|观众,成功,观众,10,强势成功,20
69da7e87000000001a03484e,"今晚的亦庄机器人马拉松测试

",,8169.0,1,69db3ce9000000000c033a45,,67c98295000000000e013f06,我押第一个，感觉它最稳，送外卖的话不会摔倒,2026.04.12,北京,1.0,0.0,21,成功|观众,成功,观众,6,强势成功,20
69da7e87000000001a03484e,"今晚的亦庄机器人马拉松测试

",,8169.0,1,69db379a0000000002035646,,5d4e93520000000011020ac3,是不是以后外卖也不用人送了,2026.04.12,北京,1.0,0.0,13,成功|观众,成功,观众,4,强势成功,20
69e447d2000000001d01aa01,"当算法有了腿，程序员万万没想到……

",,2912.0,2,69e464590000000014019403,69e4636b0000000014018824,5fd40865000000000100648a,就是一个象征，能跑马拉松就能追到在嫌疑人[大笑R]真要追问意义，人跑马拉松也没意义，不如田里耕地[大笑R],2026.04.19,天津,590.0,,53,,,,13,,21
69e481e8000000002003ad94,"

",,,2,69e49ff80000000014019402,69e49f490000000014019821,55bdec9d3397db5a1c186a35,人类跑还有补能补水呢。历史上第一个没有补给跑完全马的人，跑完就嘎了,2026.04.19,江苏,63.0,,33,强势|服务者,强势,服务者,8,强势成功,21
69e4b08d000000001d01c1bc,"机器人马拉松参赛选手“进化速度这一块”

",,379.0,2,69e4dafe0000000014018811,69e4da0f000000001401d820,5b018cdf11be1056e7de511d,马拉松的意义时间纪念那个叫马拉松的人。锻炼身体和耐力不一定，锻炼精神可以。,2026.04.19,四川,21.0,,37,,,,11,,21
69e481e8000000002003ad94,"

",,,2,69e6f4a10000000014019811,69e6d549000000001401940d,67cc5646000000000d00a6dd,跑马拉松不是目的，需要的就是技术测试，未来才可以延伸场景应用,2026.04.21,江苏,18.0,,30,强势|服务者,强势,服务者,9,强势成功,21
69e481e8000000002003ad94,"

",,,2,69e72877000000001401d82e,69e71b47000000001401ac15,66001fc1000000000600d21c,当然是为了发展，今天跑半马还要黑电机降温，明天跑全马还能抬两根大杠。,2026.04.21,广东,13.0,,34,强势|服务者,强势,服务者,12,强势成功,21
69e481e8000000002003ad94,"

",,,2,69e4a1990000000014019415,69e491830000000014019008,65643c74000000000802caa5,一看你说的就是外行话。人类跑马拉松也得有补给站。赛车不也得有补给站吗？是一个道理！你老说些没用的有用吗？毕竟现在人类科技还没有发明永动机。承认自己行就那么难吗？非得承认自己不行，还得证明你自己哪儿不行！,2026.04.19,黑龙江,10.0,,101,强势|服务者,强势,服务者,26,强势成功,21
69e48341000000001a02d0c4,"机器人马拉松，我们看乐了，西方人看破防了🤣

",3931.0,1022.0,1,69e4c7380000000014019038,,67137b78000000001d0214f4,分工明确，有展示速度的，有负责卖萌的，还有专门搞笑的。这比真人马拉松好看多了。[笑哭R],2026.04.19,山东,8.0,0.0,44,,,,12,,21
69e47f8f000000001f007203,"2026年机器人马拉松状态，五年后再看🤣

",,5834.0,2,69e5b97d000000001401e421,69e5949f000000001401a402,670f489b000000001d021f36,跑步测试，未来肯定得进入生活的测试，都是一步步来的,2026.04.20,陕西,8.0,,25,,,,8,,21
69e6f2bc0000000023005345,"🍼机器人第一视角，好多人呀

",,687.0,2,69e72161000000001401d425,69e7203b000000001401ac07,56284fe80bf90c37a081e5f3,这就是人家参加马拉松的意义[笑哭R],2026.04.21,新疆,7.0,,18,弱势|观众,弱势,观众,4,弱势,21
69e4551e000000001f005895,"荣耀机器人赢麻了🤖我觉得它表情在嘲讽我

",,816.0,1,69e479dc000000001401ac05,,65ee5687000000000500d5d6,这只为跑步而单向功能设计的，,2026.04.19,山东,5.0,6.0,14,成功|被超越者,成功,被超越者,3,强势成功,21
69e4412a000000002103883f,"荣耀闪电队-齐天大圣夺冠！

",3517.0,445.0,1,69e47df90000000014018821,,5b67124a6b58b71d2f7f2d92,谁能懂我  另一边挤满马拉松参赛人类的反差感哈哈哈哈哈哈哈哈,2026.04.19,广东,5.0,0.0,30,,,,6,,21
69da7e87000000001a03484e,"今晚的亦庄机器人马拉松测试

",,8169.0,1,69db13230000000001007840,,5b51ed1ef7e8b923983b2481,应该测试双手不动的时候跑步，因为手里要端着加特林，更接近实战情况[偷笑R],2026.04.12,广东,4.0,1.0,37,成功|观众,成功,观众,10,强势成功,21
69e481e8000000002003ad94,"

",,,1,69e49f05000000001401980f,,6078423000000000010004a9,跟有些人开着带四个轮子的人字拖在弯弯绕的场地里绕圈圈一样，还有一堆人伺候着，也不知道有啥意义，门票还贵的要死[doge],2026.04.19,陕西,4.0,7.0,60,强势|服务者,强势,服务者,17,强势成功,21
69e634590000000022003bb5,"每个马拉松机器人，都有自己的热血故事。

",,824.0,1,69e82c4a000000001401a40b,,5e0b08270000000001008dc1,隔壁的人类也是在马拉松吗[笑哭R],2026.04.22,重庆,4.0,0.0,17,,,,3,,21
69da7e87000000001a03484e,"今晚的亦庄机器人马拉松测试

",,8169.0,2,69daea72000000000d03c105,69dae3ac0000000001004268,5c56e546000000001000fe8d,人类的马拉松运动员也不干家政啊,2026.04.12,山东,4.0,,15,成功|观众,成功,观众,4,强势成功,21
69e481e8000000002003ad94,"

",,,2,69e48d4f000000001401bc10,69e48b180000000014019c26,58a2e39d6a6a693920534c1b,人跑马拉松也需要补给,2026.04.19,山东,4.0,,10,强势|服务者,强势,服务者,4,强势成功,21
69e447d2000000001d01aa01,"当算法有了腿，程序员万万没想到……

",,2912.0,2,69e4965f0000000014018c1a,69e49603000000001401c825,6787bcab000000000801ede1,有马拉松比赛经验或校运会长跑前3[偷笑R],2026.04.19,陕西,4.0,,21,,,,5,,21
69e4426b000000001d01c7ed,"一个大的一个小的一个废的

",,7334.0,1,69e469770000000014019c0e,,5a3e0e98e8ac2b6e92a956bb,人跑马拉松是越来越没意思了，这个多有看头[笑哭R],2026.04.19,天津,3.0,0.0,25,中性|观众,中性,观众,6,中性,21
69e41e24000000001a025f1a,"人形机器人半马摔倒瞬间🔥🔥

",1155.0,129.0,1,69e42019000000001401c80d,,5f9278700000000001000338,马拉松的选手们也得停下来拍个照[笑哭R],2026.04.19,河北,3.0,0.0,20,失败|观众,失败,观众,4,失败,21
69e42cc100000000220001ad,"机器人马拉松倒数第一名，萌翻了🤣🤣🤣

",,8501.0,1,69e5739f000000001401cc1d,,5ec893f5000000000100209e,腿都迈不开的年纪就去参加马拉松，太励志了[哭惹R],2026.04.20,湖北,3.0,1.0,25,弱势|观众,弱势,观众,5,弱势,21
69e4551e000000001f005895,"荣耀机器人赢麻了🤖我觉得它表情在嘲讽我

",,816.0,2,69e4898d000000001401a815,69e47927000000001401b00b,63239ad8000000002303db4d,[捂脸R]不在一个层面上应该 他们要跑超级马拉松,2026.04.19,北京,3.0,,24,成功|被超越者,成功,被超越者,4,强势成功,21
69e46730000000001d0199c8,"

",,761.0,2,69e598db000000001401b00a,69e54d60000000001401c002,5cf2ccc1000000001102b208,替人跑马拉松呀[偷笑R],2026.04.20,广东,3.0,,12,,,,2,,21
69e47f8f000000001f007203,"2026年机器人马拉松状态，五年后再看🤣

",,5834.0,1,69ecbdfc000000002a004465,,61ed54300000000010004c71,这种马拉松真的也会配120吗,2026.04.25,天津,2.0,0.0,14,,,,4,,21
69e4426b000000001d01c7ed,"一个大的一个小的一个废的

",,7334.0,1,69e4707e000000001401dc2a,,5f4ca18900000000010075cf,哎呀，马拉松费膝盖啊,2026.04.19,山东,1.0,0.0,10,中性|观众,中性,观众,3,中性,21
69e2583b00000000230211ea,"

",,2406.0,1,69e42dc1000000001401e800,,5d2998870000000010017586,还没见过马拉松把自己跑散架的[偷笑R],2026.04.19,福建,1.0,0.0,19,失败|抢救者,失败,抢救者,3,失败,21
69da7e87000000001a03484e,"今晚的亦庄机器人马拉松测试

",,8169.0,1,69db048f0000000035016a1f,,60a74c19000000000100af34,话说这次马拉松比赛在哪看比较好,2026.04.12,北京,1.0,1.0,15,成功|观众,成功,观众,4,强势成功,21
69da7e87000000001a03484e,"今晚的亦庄机器人马拉松测试

",,8169.0,1,69daf46b000000000d037f75,,5c5a7db1000000001b035a7d,问能不能照顾老人的，跑马拉松的一般也不干家政啊问题是[笑哭R][笑哭R][笑哭R],2026.04.12,山东,1.0,0.0,41,成功|观众,成功,观众,7,强势成功,21
69da7e87000000001a03484e,"今晚的亦庄机器人马拉松测试

",,8169.0,1,69db5ac0000000003502d4dc,,6421b3df0000000011022f55,狗屁马拉松松，这不是跑！这是走！,2026.04.12,辽宁,1.0,0.0,16,成功|观众,成功,观众,2,强势成功,21
69da7e87000000001a03484e,"今晚的亦庄机器人马拉松测试

",,8169.0,1,69db14ac0000000035027945,,58ad415c37cec9533cd53cdf,问意义的人是认真的吗[黑薯问号R]，当然是做技术测试和评估啊，跑马拉松是一种形式又不是最终目的…,2026.04.12,广东,1.0,0.0,48,成功|观众,成功,观众,12,强势成功,21
69e47f8f000000001f007203,"2026年机器人马拉松状态，五年后再看🤣

",,5834.0,1,69e5cc270000000014019014,,5c4e6137000000001102c88f,这哪是马拉松，明明是比萌大赛[偷笑R],2026.04.20,福建,1.0,0.0,19,,,,4,,21
69e47f8f000000001f007203,"2026年机器人马拉松状态，五年后再看🤣

",,5834.0,2,69e4ea66000000001401882f,69e4e1f0000000001401a40f,6625bee500000000070076ad,我看着挺有意思的，这性感的金属小腿儿，跑的挺带劲儿,2026.04.19,河南,2636.0,,25,,,,6,,22
69e6f2bc0000000023005345,"🍼机器人第一视角，好多人呀

",,687.0,2,69e7301f000000001401e82a,69e72510000000001401e404,660a7ad6000000000d024e22,好惨哈哈哈哈哈哈欺负腿短,2026.04.21,广东,27.0,,12,弱势|观众,弱势,观众,3,弱势,22
69e48341000000001a02d0c4,"机器人马拉松，我们看乐了，西方人看破防了🤣

",3931.0,1022.0,1,69e48616000000001401cc00,,5e8e9f920000000001002128,那俩小的长两个角是为了凑身高的吧,2026.04.19,广东,22.0,7.0,16,,,,5,,22
69e47f8f000000001f007203,"2026年机器人马拉松状态，五年后再看🤣

",,5834.0,2,69e64b78000000001401d42c,69e60d1b0000000014019808,5f3657a5000000000101eb59,脖子以下全是腿[扶墙R],2026.04.20,广东,12.0,,12,,,,3,,22
69e44171000000001a026b25,"机器人马拉松比赛摔倒丝滑起身帅炸了🔥🔥

",9971.0,613.0,2,69e4690c000000001401c00d,69e45ec9000000001401d41a,5b3ef77a11be1075986d3825,哈哈哈哈哈，难道也是……梨形身材[偷笑R],2026.04.19,黑龙江,12.0,,21,,,,3,,22
69e42cc100000000220001ad,"机器人马拉松倒数第一名，萌翻了🤣🤣🤣

",,8501.0,1,69e5121c000000001401bc0a,,5b57e0b64eacab78d74ae0b9,欺负小孩，孩子输在了腿短哈哈哈哈哈哈,2026.04.20,江苏,11.0,2.0,18,弱势|观众,弱势,观众,4,弱势,22
69e481e8000000002003ad94,"

",,,1,69e4a081000000001401cc09,,5b8ba773c93b0900011728de,这体格子得配双50码的脚,2026.04.19,山东,7.0,0.0,12,强势|服务者,强势,服务者,4,强势成功,22
69e42cc100000000220001ad,"机器人马拉松倒数第一名，萌翻了🤣🤣🤣

",,8501.0,1,69e44162000000001401e801,,68db1309000000003702f26b,输在腿短吗[捂脸R],2026.04.19,北京,5.0,1.0,10,弱势|观众,弱势,观众,2,弱势,22
69e48d54000000002102e178,"😭亦庄机器人半马最感人一幕

",,1589.0,2,69e570cd000000001401b812,69e4c22d000000001401d41d,5f16fb44000000000101c3a0,小短腿捣拾的可快了[偷笑R],2026.04.20,河南,4.0,,14,弱势|同伴,弱势,同伴,3,弱势,22
69e42cc100000000220001ad,"机器人马拉松倒数第一名，萌翻了🤣🤣🤣

",,8501.0,1,69e55235000000001401d401,,5b29bc6711be1038b0bb9fa5,小短腿拼命倒腾 都没空喝口奶了[偷笑R],2026.04.20,内蒙古,3.0,0.0,20,弱势|观众,弱势,观众,5,弱势,22
69e4426b000000001d01c7ed,"一个大的一个小的一个废的

",,7334.0,1,69e45fb4000000001401d82d,,5dd42adc0000000001003974,小的那只倒腾的还挺快,2026.04.19,广东,2.0,0.0,10,中性|观众,中性,观众,2,中性,22
69e4426b000000001d01c7ed,"一个大的一个小的一个废的

",,7334.0,1,69e45be3000000001401942b,,5d86e608000000000100529b,小的虽然腿短但是一直在倒腾[大笑R],2026.04.19,北京,2.0,0.0,18,中性|观众,中性,观众,4,中性,22
69e2583b00000000230211ea,"

",,2406.0,1,69e2feb90000000014019427,,5f8f8675000000000101d7aa,符合一倒就蹬腿乱踢印象[偷笑R],2026.04.18,广东,2.0,0.0,16,失败|抢救者,失败,抢救者,4,失败,22
69e47f8f000000001f007203,"2026年机器人马拉松状态，五年后再看🤣

",,5834.0,1,69e72773000000001401e016,,67e37e6a000000000e01fb4e,小短腿好像都比较能跑[捂脸R],2026.04.21,广东,2.0,0.0,15,,,,3,,22
69e4b08d000000001d01c1bc,"机器人马拉松参赛选手“进化速度这一块”

",,379.0,1,69e4cfec0000000014019404,,69a052c40000000021007a25,《脖子以下全是腿》[捂脸R][捂脸R],2026.04.19,河北,2.0,0.0,19,,,,3,,22
69e4426b000000001d01c7ed,"一个大的一个小的一个废的

",,7334.0,1,69e45c27000000001401dc24,,56430b1d4476085b619416a1,你别说，这小的还挺稳[笑哭R],2026.04.19,安徽,1.0,0.0,15,中性|观众,中性,观众,2,中性,22
69da7e87000000001a03484e,"今晚的亦庄机器人马拉松测试

",,8169.0,1,69db2ba4000000000103dc33,,5b036a514eacab49db3f33bc,这个姿势感觉很瘦腿塑型[偷笑R],2026.04.12,山东,1.0,0.0,16,成功|观众,成功,观众,3,强势成功,22
69e42cc100000000220001ad,"机器人马拉松倒数第一名，萌翻了🤣🤣🤣

",,8501.0,1,69e4f57a000000001401bc0c,,6691e6bf0000000003033a29,小腿太细了，好怕摔跤啊！[大笑R],2026.04.19,河南,1.0,0.0,17,弱势|观众,弱势,观众,4,弱势,22
69e47f8f000000001f007203,"2026年机器人马拉松状态，五年后再看🤣

",,5834.0,1,69ea1264000000001401ac04,,5b6ed607cf0e0c00019361e0,小短腿好可爱,2026.04.23,湖北,1.0,0.0,6,,,,2,,22
69e47f8f000000001f007203,"2026年机器人马拉松状态，五年后再看🤣

",,5834.0,1,69e56f63000000001401cc0d,,5c8b3c32000000001101c6e9,那小矮子是罗圈腿跑步,2026.04.20,重庆,1.0,0.0,10,,,,4,,22
69e47f8f000000001f007203,"2026年机器人马拉松状态，五年后再看🤣

",,5834.0,1,69e6d229000000001401ac1d,,59005b3a6a6a696e9144ee60,啊哈哈哈哈哈有各种形状，有短腿的，有腿伸不直。有爱演的，有卖萌的，有活力四射的，有微活的，有死了的。,2026.04.21,广东,1.0,0.0,50,,,,10,,22
69e6f2bc0000000023005345,"🍼机器人第一视角，好多人呀

",,687.0,1,69e73f8e000000001401bc2d,,57d9fbe76a6a695f62dfd648,别看它小，两小蛙腿倒的还挺快[捂脸R],2026.04.21,河北,1.0,0.0,19,弱势|观众,弱势,观众,4,弱势,22
69e634590000000022003bb5,"每个马拉松机器人，都有自己的热血故事。

",,824.0,1,69e82913000000001401c807,,659e9a620000000022001e23,右侧那个像是个罗圈腿似的,2026.04.22,上海,1.0,0.0,12,,,,4,,22
69e42cc100000000220001ad,"机器人马拉松倒数第一名，萌翻了🤣🤣🤣

",,8501.0,2,69e57039000000001401d408,69e46ede000000001401dc33,5c5ed366000000001203ef9c,人家只是小腿细,2026.04.20,广东,1.0,,7,弱势|观众,弱势,观众,3,弱势,22
69e42cc100000000220001ad,"机器人马拉松倒数第一名，萌翻了🤣🤣🤣

",,8501.0,2,69e587a6000000001401c80b,69e5604b000000001401e801,584c18856a6a694202d39c9f,[捂脸R][捂脸R]腿短是硬伤,2026.04.20,广东,1.0,,15,弱势|观众,弱势,观众,2,弱势,22
69e42cc100000000220001ad,"机器人马拉松倒数第一名，萌翻了🤣🤣🤣

",,8501.0,2,69e5022d0000000014019c0d,69e4fb94000000001401d80b,5e1416c0000000000100ad50,腿长重心不稳[暗中观察R],2026.04.20,上海,1.0,,13,弱势|观众,弱势,观众,2,弱势,22
69e42cc100000000220001ad,"机器人马拉松倒数第一名，萌翻了🤣🤣🤣

",,8501.0,2,69e6eceb000000001401cc19,69e6ecb0000000001401ac23,59ed93474eacab376351be6e,大长腿容易摔,2026.04.21,广东,1.0,,6,弱势|观众,弱势,观众,2,弱势,22
69e42cc100000000220001ad,"机器人马拉松倒数第一名，萌翻了🤣🤣🤣

",,8501.0,2,69e6fbde0000000014018c1b,69e6ecb0000000001401ac23,6210826f000000001000e625,哦是这样，就是感觉这小短腿太不给力了[偷笑R],2026.04.21,黑龙江,1.0,,23,弱势|观众,弱势,观众,4,弱势,22
69e6f2bc0000000023005345,"🍼机器人第一视角，好多人呀

",,687.0,2,69e74fb3000000001401b003,69e72510000000001401e404,6205ddfa000000001000bf5b,哈哈哈哈哈！以後真的要參加未成年組了，腿太短了[笑哭R][笑哭R][笑哭R],2026.04.21,中国台湾,1.0,,38,弱势|观众,弱势,观众,5,弱势,22
69e48d54000000002102e178,"😭亦庄机器人半马最感人一幕

",,1589.0,2,69e4b432000000001401bc2c,69e49ee3000000001401c41e,665171cb0000000007005e69,对小高好一点！！,2026.04.19,天津,1.0,,8,弱势|同伴,弱势,同伴,2,弱势,22
69e59e520000000022027a90,"花田里犯了错|机器人马拉松正赛搞笑赏析

",,2593.0,1,69e61c570000000014018c05,,644639dc0000000029010b87,刷了3天的视频，发现荣耀是最少的，是因为它家跑的太快了，大家还没来得及拍它就跑远了吗[偷笑R],2026.04.20,广东,1352.0,51.0,47,,,,9,,23
69da7e87000000001a03484e,"今晚的亦庄机器人马拉松测试

",,8169.0,1,69db7fb1000000000c031c62,,5de0f1e60000000001003b16,荣耀那个机器人跑的是真快,2026.04.12,江西,405.0,3.0,12,成功|观众,成功,观众,3,强势成功,23
69da7e87000000001a03484e,"今晚的亦庄机器人马拉松测试

",,8169.0,1,69db843700000000350151f6,,636e306b000000001f01b9c7,你们先告诉我第几个跑过去的是荣耀的机器人？这速度生怕我看清楚啊,2026.04.12,陕西,225.0,4.0,31,成功|观众,成功,观众,8,强势成功,23
69e59e520000000022027a90,"花田里犯了错|机器人马拉松正赛搞笑赏析

",,2593.0,2,69e62b3f0000000014019823,69e61c570000000014018c05,5df2d6aa000000000100968c,荣耀的两个机器人太正常了[捂脸R]就跟f1赛车里一骑绝尘的都没啥镜头一样，那些撞车的上墙的才是观众爱看的[捂脸R],2026.04.20,北京,175.0,,57,,,,14,,23
69da7e87000000001a03484e,"今晚的亦庄机器人马拉松测试

",,8169.0,1,69db8529000000000d03f3a8,,678fb06b000000000e0100ca,听说荣耀机器人也参赛了？,2026.04.12,陕西,94.0,2.0,12,成功|观众,成功,观众,4,强势成功,23
69da7e87000000001a03484e,"今晚的亦庄机器人马拉松测试

",,8169.0,1,69db85490000000035024450,,5d2095a00000000010003af0,嘎哒嘎哒嘎哒嘎哒嘎哒嘎哒，我看到了我们荣耀的机器人了,2026.04.12,福建,86.0,0.0,26,成功|观众,成功,观众,2,强势成功,23
69e59e520000000022027a90,"花田里犯了错|机器人马拉松正赛搞笑赏析

",,2593.0,2,69e61b85000000001401c406,69e61193000000001401e001,5aadaba511be1030b61cd3b8,宇树成绩也还不错，只是荣耀这波太强势了，听说只研发了一年,2026.04.20,浙江,56.0,,28,,,,10,,23
69e59e520000000022027a90,"花田里犯了错|机器人马拉松正赛搞笑赏析

",,2593.0,2,69e75972000000001401cc15,69e7590a0000000014019001,65338e89000000002a01980d,前六都是荣耀的机器人，就是那个荣耀，你懂的。别怀疑，就那家。,2026.04.21,江苏,50.0,,30,,,,6,,23
69e59e520000000022027a90,"花田里犯了错|机器人马拉松正赛搞笑赏析

",,2593.0,1,69e66cbe000000001401d801,,54e51244e7798967d92f924f,荣耀就这样过去了,2026.04.21,福建,45.0,3.0,8,,,,3,,23
69e59e520000000022027a90,"花田里犯了错|机器人马拉松正赛搞笑赏析

",,2593.0,2,69e62840000000001401d832,69e61193000000001401e001,5d9c09cc0000000001001142,第一个撞线的是荣耀遥控组的，所以最终时间乘以了1.2倍，它没得冠军，冠军是第二个撞线的荣耀自主组的。,2026.04.20,北京,40.0,,50,,,,15,,23
69e44278000000001a0217bb,"机器人超过我的瞬间

",6019.0,372.0,2,69e4698b0000000014019809,69e46287000000001401cc26,54ec187fd39ea23226504c59,白天工，红荣耀，黑宇树。,2026.04.19,湖南,37.0,,12,成功|被超越者,成功,被超越者,3,强势成功,23
69e59e520000000022027a90,"花田里犯了错|机器人马拉松正赛搞笑赏析

",,2593.0,2,69e62fbd000000001401ac2c,69e61c570000000014018c05,559f394b5894462307fcc14e,我和我爸看直播，刚好看到荣耀在终点前摔倒，我爸笑死了,2026.04.20,广西,36.0,,26,,,,6,,23
69e59e520000000022027a90,"花田里犯了错|机器人马拉松正赛搞笑赏析

",,2593.0,2,69e6211f000000001401a807,69e62099000000001401dc3f,6038ffad0000000001006bbf,荣耀包揽123456名,2026.04.20,上海,34.0,,11,,,,3,,23
69e45dbe000000001f00434f,"机器人跑马拉松超越人类？

",4650.0,773.0,1,69e64eea000000001401a400,,65183de5000000002402fdd0,荣耀虽跑第一，但没宇树，天工帅[笑哭R][笑哭R][笑哭R],2026.04.21,云南,32.0,13.0,30,,,,5,,23
69e463df000000001b003017,"

",3270.0,219.0,2,69e5c1c0000000001401c016,69e578ee000000001401bc24,5ec625ff000000000101c342,这个是荣耀的[暗中观察R]荣耀拿奖的时候宇树的正在玩[暗中观察R],2026.04.20,天津,32.0,,33,,,,5,,23
69e45dbe000000001f00434f,"机器人跑马拉松超越人类？

",4650.0,773.0,1,69e66711000000001401bc0e,,673aeabc000000001d02e6eb,荣耀？是那个做手机的荣耀吗？,2026.04.21,北京,28.0,5.0,14,,,,3,,23
69e634590000000022003bb5,"每个马拉松机器人，都有自己的热血故事。

",,824.0,1,69e72514000000001401e036,,5c110f37f7e8b946f9ca6b10,荣耀机器人的液冷散热器用的是升级元件，人家做手机的最知道怎么散热了。,2026.04.21,湖北,27.0,3.0,34,,,,10,,23
69df625d0000000021005c63,"“扶我起来，我还能再跑10公里”

",,9992.0,2,69df940900000000150013ed,69df8f1f000000003502b58d,65be1356000000000d01d6d8,[doge]上面的标看起来是荣耀,2026.04.15,浙江,23.0,,16,,,,3,,23
69e463df000000001b003017,"

",3270.0,219.0,1,69e76d42000000001401b020,,55b300063397db4430baa95b,荣耀确实够强，但宇树的开始有人味儿了。,2026.04.21,江苏,22.0,1.0,19,,,,6,,23
69e45dbe000000001f00434f,"机器人跑马拉松超越人类？

",4650.0,773.0,1,69e592270000000014018c1b,,5f98dc050000000001006799,荣耀是最像人的,2026.04.20,辽宁,20.0,4.0,7,,,,2,,23
69df625d0000000021005c63,"“扶我起来，我还能再跑10公里”

",,9992.0,2,69df95b7000000003500d695,69df8f1f000000003502b58d,5b15533211be107220b650a7,特地去查了下竞争对手，确实是荣耀。荣耀，我赌你赢！,2026.04.15,北京,18.0,,25,,,,5,,23
69e59e520000000022027a90,"花田里犯了错|机器人马拉松正赛搞笑赏析

",,2593.0,2,69e61c43000000001401c014,69e61193000000001401e001,60c87a63000000000101c785,第一个撞线的是荣耀的遥控组呀,2026.04.20,北京,17.0,,14,,,,5,,23
69e59e520000000022027a90,"花田里犯了错|机器人马拉松正赛搞笑赏析

",,2593.0,2,69e61ad2000000001401d827,69e61193000000001401e001,5b593935e8ac2b4a35c26f73,那宇树也不行啊？我以为很厉害呢？看来还是荣耀厉害,2026.04.20,河北,14.0,,24,,,,7,,23
69e45dbe000000001f00434f,"机器人跑马拉松超越人类？

",4650.0,773.0,1,69e5de78000000001401e014,,62cbb12c0000000002003f55,荣耀第一年参赛就拿了冠军,2026.04.20,内蒙古,13.0,1.0,12,,,,4,,23
69e463df000000001b003017,"

",3270.0,219.0,2,69e6ee4b0000000014019805,69e6eaf2000000001401a405,584d1de450c4b449046eeb2e,荣耀不上市，国资控股[笑哭R],2026.04.21,广西,9.0,,15,,,,4,,23
69e59e520000000022027a90,"花田里犯了错|机器人马拉松正赛搞笑赏析

",,2593.0,2,69e64978000000001401940d,69e61193000000001401e001,65f00942000000000500f0bd,第一个撞线的也是荣耀闪电。宇树官方派的H1正赛终点前摔坏抬走了，未完赛。,2026.04.20,上海,9.0,,36,,,,12,,23
69e47f8f000000001f007203,"2026年机器人马拉松状态，五年后再看🤣

",,5834.0,2,69e5be83000000001401901d,69e4d76f000000001401c81e,63f9b2db000000001f03196f,荣耀的机器人元气仔，跑姿也得奖了,2026.04.20,陕西,8.0,,16,,,,4,,23
69e59e520000000022027a90,"花田里犯了错|机器人马拉松正赛搞笑赏析

",,2593.0,2,69e6317f0000000014019813,69e61193000000001401e001,616ce3bb0000000002020951,荣耀就华为，有华为支持的,2026.04.20,广东,8.0,,12,,,,4,,23
69e59e520000000022027a90,"花田里犯了错|机器人马拉松正赛搞笑赏析

",,2593.0,2,69e658fd000000001401a014,69e61c570000000014018c05,5b980eed2adf130001d3c192,荣耀那个真的跑得好快,2026.04.21,广东,7.0,,10,,,,2,,23
69e45dbe000000001f00434f,"机器人跑马拉松超越人类？

",4650.0,773.0,1,69e5bbf30000000014018c1e,,5862890050c4b44f5f526caf,天工和荣耀还穿了跑鞋[捂脸R],2026.04.20,北京,6.0,2.0,15,,,,3,,23
69e447d2000000001d01aa01,"当算法有了腿，程序员万万没想到……

",,2912.0,2,69e5ec700000000014019c1f,69e49549000000001401902c,5eb9567e000000000100057e,物理跟紧这个项目,2026.04.20,四川,109.0,,8,,,,3,,24
69da7e87000000001a03484e,"今晚的亦庄机器人马拉松测试

",,8169.0,2,69db13300000000016014460,69db108a000000003502fc8f,567d0c019eb5780ec7a56b6b,对对对，走路跑步都不稳当，它就能当保姆。,2026.04.12,内蒙古,15.0,,20,成功|观众,成功,观众,5,强势成功,24
69e4412a000000002103883f,"荣耀闪电队-齐天大圣夺冠！

",3517.0,445.0,2,69e47954000000001401d40b,69e46f1e000000001401c819,5f1da7380000000001003338,人家都跑，他搁那表演上了,2026.04.19,北京,12.0,,12,,,,2,,24
69e447d2000000001d01aa01,"当算法有了腿，程序员万万没想到……

",,2912.0,2,69e48c3d000000001401e808,69e47dbc000000001401bc0e,628090ef0000000021023daf,不是不用跟，以后是真跟不上了，那有那么多追风少年[偷笑R],2026.04.19,安徽,7.0,,29,,,,5,,24
69e45dbe000000001f00434f,"机器人跑马拉松超越人类？

",4650.0,773.0,2,69e4eb6a0000000014019801,69e4ea7c000000001401e811,678d99d7000000000e01d77f,你两岁跑路的时候，你身后也跟着一群人,2026.04.19,广东,6.0,,18,,,,5,,24
69e481e8000000002003ad94,"

",,,1,69eaae0a000000001401a80a,,557f8e2ca75c957050465c3b,人要跟着跑，简直了 有啥意义,2026.04.24,上海,5.0,15.0,14,强势|服务者,强势,服务者,4,强势成功,24
69da7e87000000001a03484e,"今晚的亦庄机器人马拉松测试

",,8169.0,1,69db00d20000000035012eb7,,5b2b479811be1071d6ceaafe,它能背着人跑吗,2026.04.12,辽宁,4.0,3.0,7,成功|观众,成功,观众,2,强势成功,24
69e45dbe000000001f00434f,"机器人跑马拉松超越人类？

",4650.0,773.0,2,69f14ac60000000029036d94,69f0e773000000002702185e,5d230b93000000001100a85d,你小时候，你爸也跟着你！,2026.04.29,北京,3.0,,12,,,,2,,24
69e481e8000000002003ad94,"

",,,1,69e49808000000001401c01e,,56593555f53ee0646d3b8c16,人也跟着跑全程吗？,2026.04.19,上海,2.0,0.0,9,强势|服务者,强势,服务者,3,强势成功,24
69e481e8000000002003ad94,"

",,,1,69e78d23000000001401bc08,,5b1812fd4eacab31f88e3cd3,还得人跟着跑？,2026.04.21,广西,2.0,0.0,7,强势|服务者,强势,服务者,2,强势成功,24
69e481e8000000002003ad94,"

",,,1,69e4a560000000001401e830,,5d4e785f000000001600f115,原来人也要跟着跑啊,2026.04.19,广东,2.0,0.0,9,强势|服务者,强势,服务者,3,强势成功,24
69e4412a000000002103883f,"荣耀闪电队-齐天大圣夺冠！

",3517.0,445.0,1,69e459d20000000014019c28,,63aa7c5f0000000026004e44,旁边那个赛道是陪跑？,2026.04.19,福建,2.0,3.0,10,,,,2,,24
69e4b08d000000001d01c1bc,"机器人马拉松参赛选手“进化速度这一块”

",,379.0,2,69e4ebea0000000014019c29,69e4e7de000000001401dc1a,594b87c86a6a6918adf63136,背着跑会不会有点颠簸?,2026.04.19,河北,2.0,,11,,,,2,,24
69e481e8000000002003ad94,"

",,,1,69e49bb4000000001401ac17,,56bdb545b8c8b4453c7a898f,人比它忙活多了 还得跟着跑,2026.04.19,山东,1.0,0.0,13,强势|服务者,强势,服务者,3,强势成功,24
69e481e8000000002003ad94,"

",,,1,69ec64e2000000002800b6f6,,5a1acdd64eacab7afa222773,后面是有人跟着一起跑吗？,2026.04.25,山东,1.0,0.0,12,强势|服务者,强势,服务者,4,强势成功,24
69e481e8000000002003ad94,"

",,,1,69e84dc2000000001401e81b,,621cd7af000000001000f9ea,一个跑步，要三个来伺候[doge],2026.04.22,上海,1.0,0.0,17,强势|服务者,强势,服务者,3,强势成功,24
69e481e8000000002003ad94,"

",,,1,69e7767f000000001401e425,,5bb7eb6085e5bd000153d524,一个人跑步，三个人伺候[偷笑R],2026.04.21,黑龙江,1.0,0.0,16,强势|服务者,强势,服务者,5,强势成功,24
69e481e8000000002003ad94,"

",,,1,69e73529000000001401881f,,6654350a0000000007004a4b,毫无意义，服侍他的三个人才更厉害。陪着跑满半马[笑哭R],2026.04.21,上海,1.0,0.0,28,强势|服务者,强势,服务者,6,强势成功,24
69e481e8000000002003ad94,"

",,,1,69e6fadc000000001401ac16,,5c41fe9b000000000701cafa,三个人后面跟着跑，真是高燃了[捂脸R],2026.04.21,广东,1.0,0.0,19,强势|服务者,强势,服务者,6,强势成功,24
69e481e8000000002003ad94,"

",,,1,69e4a946000000001401c028,,5ae1e4a04eacab7f0a5b7fb5,怎么还跟着跑的？我以为是一个人骑车，另一个人在后面观察着。,2026.04.19,广东,1.0,0.0,29,强势|服务者,强势,服务者,7,强势成功,24
69e481e8000000002003ad94,"

",,,1,69e4a6f80000000014019402,,6822f541000000000e011732,笑死了，一个跑的，还得跟三个陪跑，赶上富家子弟了[偷笑R],2026.04.19,新疆,1.0,0.0,29,强势|服务者,强势,服务者,3,强势成功,24
69e481e8000000002003ad94,"

",,,1,69e4a632000000001401882a,,5edf7da500000000010006fe,一个人跑后面三个陪跑[doge],2026.04.19,上海,1.0,0.0,16,强势|服务者,强势,服务者,3,强势成功,24
69e45dbe000000001f00434f,"机器人跑马拉松超越人类？

",4650.0,773.0,1,69e5f9c6000000001401cc23,,5e37b4030000000001004ca8,旁边还有陪跑的群众吗？[笑哭R],2026.04.20,天津,1.0,3.0,16,,,,2,,24
69e46730000000001d0199c8,"

",,761.0,1,69e4bb08000000001401c028,,5dbead2d00000000010012d9,一家的三个，我感觉我跑步的时候和他们一样死出,2026.04.19,河北,1.0,0.0,22,,,,5,,24
69da7e87000000001a03484e,"今晚的亦庄机器人马拉松测试

",,8169.0,2,69dafc670000000015001a6f,69dafb65000000001500583a,5ff6cfea0000000001008520,依旧人类跟跑员，但是基普乔格,2026.04.12,北京,1.0,,14,成功|观众,成功,观众,5,强势成功,24
69e6f2bc0000000023005345,"🍼机器人第一视角，好多人呀

",,687.0,2,69e77e4f000000001401d40f,69e77da2000000001401d426,63aabb280000000026012f00,那是当然的，你看人家踩着两个订书机就出来了吗,2026.04.21,河南,1.0,,22,弱势|观众,弱势,观众,4,弱势,24
69e48b0b000000001a02578c,"北京马拉松机器人中暑了🥵

",3334.0,467.0,2,69f40d89000000002803989a,69ef2e5b000000002902cd01,603f8565000000000101f9bc,四个，得换班吧，那可是全马耶,2026.05.01,四川,1.0,,14,,,,4,,24
69e2583b00000000230211ea,"

",,2406.0,1,69e45755000000001401cc06,,652ff23a000000002a036d4f,人家不想跑，为啥非要逼着跑，你看,2026.04.19,江苏,0.0,0.0,16,失败|抢救者,失败,抢救者,3,失败,24
69da7e87000000001a03484e,"今晚的亦庄机器人马拉松测试

",,8169.0,1,69db9178000000000202a6e0,,54c62b2ae7798957ac1cdcca,能背着我跑马拉松吗,2026.04.12,浙江,0.0,0.0,9,成功|观众,成功,观众,2,强势成功,24
69da7e87000000001a03484e,"今晚的亦庄机器人马拉松测试

",,8169.0,1,69db386200000000150033da,,57634ff682ec390e5c81c907,那他们跑起来一定要这么阿ji阿za吗,2026.04.12,福建,0.0,0.0,18,成功|观众,成功,观众,4,强势成功,24
69e481e8000000002003ad94,"

",,,1,69e71b47000000001401ac15,,5b20a18e6b58b775e9548708,这东西的意义在哪？,2026.04.21,广东,110.0,135.0,9,强势|服务者,强势,服务者,2,强势成功,25
69da7e87000000001a03484e,"今晚的亦庄机器人马拉松测试

",,8169.0,1,69db0c2e0000000002034cbc,,66a58821000000001d033920,坐等意义提问派[doge],2026.04.12,澳大利亚,53.0,8.0,13,成功|观众,成功,观众,3,强势成功,25
69e40352000000002102fc75,"机器人马拉松现场第一视角看全部队伍

",,1160.0,1,69e422e5000000001401cc23,,627b7970000000002102b7e9,我很想知道意义在哪儿,2026.04.19,北京,41.0,21.0,10,,,,3,,25
69da7e87000000001a03484e,"今晚的亦庄机器人马拉松测试

",,8169.0,2,69da91120000000001007405,69da8bb50000000035029c69,6473ec3700000000120362cb,整天寻找意义，你累不累啊[汗颜R],2026.04.12,北京,32.0,,17,成功|观众,成功,观众,4,强势成功,25
69e42cc100000000220001ad,"机器人马拉松倒数第一名，萌翻了🤣🤣🤣

",,8501.0,2,69e452730000000014019406,69e452300000000014018818,5a62bee9db2e6012314e43bc,你上网的意义是什么,2026.04.19,江苏,31.0,,9,弱势|观众,弱势,观众,2,弱势,25
69e481e8000000002003ad94,"

",,,2,69e4961c000000001401d403,69e495aa0000000014019035,5d55182700000000160240bd,你活着的意义到底是什么,2026.04.19,北京,21.0,,11,强势|服务者,强势,服务者,3,强势成功,25
69e481e8000000002003ad94,"

",,,1,69e495aa0000000014019035,,5d673236000000000100b57f,这种东西设计出来的意义是什么。。。。。。,2026.04.19,上海,16.0,52.0,20,强势|服务者,强势,服务者,3,强势成功,25
69e481e8000000002003ad94,"

",,,2,69e7234a0000000014019c1b,69e7223d0000000014018c02,678938d1000000000e010988,真的有空研究意义，建议写本哲学书出版,2026.04.21,上海,16.0,,18,强势|服务者,强势,服务者,8,强势成功,25
69e42cc100000000220001ad,"机器人马拉松倒数第一名，萌翻了🤣🤣🤣

",,8501.0,1,69e452300000000014018818,,6784dfe8000000000801ca68,举办这玩意的意义是什么？,2026.04.19,上海,11.0,21.0,12,弱势|观众,弱势,观众,3,弱势,25
69e481e8000000002003ad94,"

",,,1,69e7223d0000000014018c02,,5bb9aa6318d7e30001bf0861,一点意义都没有,2026.04.21,广东,9.0,26.0,7,强势|服务者,强势,服务者,2,强势成功,25
69e481e8000000002003ad94,"

",,,2,69e724f00000000014019c1c,69e7223d0000000014018c02,6127508d0000000001007840,你活着有什么意义吗？,2026.04.21,陕西,9.0,,10,强势|服务者,强势,服务者,2,强势成功,25
69e43b14000000001a02e095,"好萌的小黑仔跑马拉松

",,2760.0,2,69e45046000000001401c826,69e44a21000000001401a005,61ab8865000000001000fad7,刚才还在想怎么还没出现意义怪[笑哭R],2026.04.19,北京,8.0,,19,,,,3,,25
69e42cc100000000220001ad,"机器人马拉松倒数第一名，萌翻了🤣🤣🤣

",,8501.0,2,69e452b4000000001401a40b,69e452300000000014018818,5f50ba82000000000101d375,你人生的意义是什么,2026.04.19,广东,7.0,,9,弱势|观众,弱势,观众,2,弱势,25
69da7e87000000001a03484e,"今晚的亦庄机器人马拉松测试

",,8169.0,2,69dc84dd0000000035015926,69dc7c33000000000d036b35,5f9fe03c000000000100bcbf,没意义，去玩吧,2026.04.13,四川,6.0,,7,成功|观众,成功,观众,2,强势成功,25
69e43b14000000001a02e095,"好萌的小黑仔跑马拉松

",,2760.0,2,69e4517f000000001401dc0d,69e44a21000000001401a005,649eaa4b000000000b017bef,这个意义说句夸大的话，比很多人出生都有意义。,2026.04.19,北京,5.0,,22,,,,8,,25
69e40352000000002102fc75,"机器人马拉松现场第一视角看全部队伍

",,1160.0,2,69e4233e000000001401e827,69e422e5000000001401cc23,607b097f0000000001005479,这个意义都看不出来吗？,2026.04.19,广东,4.0,,11,,,,2,,25
69e481e8000000002003ad94,"

",,,1,69e6e77e0000000014019c03,,5f6e095a0000000001002f6e,我就想问这种有什么任何的实际意义吗？,2026.04.21,北京,3.0,8.0,18,强势|服务者,强势,服务者,2,强势成功,25
69e481e8000000002003ad94,"

",,,2,69e496ca0000000014018825,69e495aa0000000014019035,5f40c91c0000000001006fd5,设计出来的意义就是有东西可以让你在网上问设计出来的意义,2026.04.19,江苏,3.0,,27,强势|服务者,强势,服务者,7,强势成功,25
69e4412a000000002103883f,"荣耀闪电队-齐天大圣夺冠！

",3517.0,445.0,2,69e4c657000000001401ac16,69e4c3170000000014018c20,5dea5d690000000001000dcf,什么是有意义的，有为什么一定要有意义,2026.04.19,河北,3.0,,18,,,,4,,25
69da7e87000000001a03484e,"今晚的亦庄机器人马拉松测试

",,8169.0,1,69db2749000000001500ab92,,64833706000000000f007b63,我来我来：那么代价呢？有什么 意义呢？,2026.04.12,西藏,2.0,0.0,19,成功|观众,成功,观众,3,强势成功,25
69e481e8000000002003ad94,"

",,,1,69e61c0f000000001401b808,,64830f81000000000f007031,掐指一算，评论区一定会有人说它的意义是什么，你要问他他存在的意义是什么，没几个能回答出来的,2026.04.20,中国香港,2.0,0.0,45,强势|服务者,强势,服务者,9,强势成功,25
69e40352000000002102fc75,"机器人马拉松现场第一视角看全部队伍

",,1160.0,1,69e421c0000000001401b804,,68be2035000000001901fc85,这玩意儿有啥意义啊,2026.04.19,河南,2.0,2.0,9,,,,2,,25
69da7e87000000001a03484e,"今晚的亦庄机器人马拉松测试

",,8169.0,2,69db1e88000000001601434c,69db07d900000000020368d2,68efaef1000000003702fb9c,你指望他们理解这些？,2026.04.12,四川,2.0,,10,成功|观众,成功,观众,3,强势成功,25
69e481e8000000002003ad94,"

",,,2,69e4a6fb0000000014019019,69e4a686000000001401c019,66c69505000000000b032241,一个劲的问意义[坏笑R]自己都没活明白呢[坏笑R],2026.04.19,山东,2.0,,25,强势|服务者,强势,服务者,4,强势成功,25
69e481e8000000002003ad94,"

",,,2,69e72b04000000001401e007,69e722d4000000001401e81f,665c3e61000000000303210b,本来就没有什么鸟意义,2026.04.21,广东,2.0,,10,强势|服务者,强势,服务者,2,强势成功,25
69e481e8000000002003ad94,"

",,,1,69e75285000000001401a810,,6224b0470000000021024324,都在问有什么意义，它的意义比你存在的意义都大得多[吃瓜R],2026.04.21,四川,1.0,0.0,29,强势|服务者,强势,服务者,5,强势成功,25
69e481e8000000002003ad94,"

",,,1,69e7137d000000001401c807,,57b854b55e87e76cf58752ba,搞这玩意儿意义何在？,2026.04.21,陕西,1.0,0.0,10,强势|服务者,强势,服务者,3,强势成功,25
69e481e8000000002003ad94,"

",,,1,69e8721f0000000014019c1b,,61a9b36a0000000010006fc9,就这样的拿出来的意义在哪里,2026.04.22,新疆,1.0,10.0,13,强势|服务者,强势,服务者,3,强势成功,25
69e40352000000002102fc75,"机器人马拉松现场第一视角看全部队伍

",,1160.0,1,69e46d770000000014018c07,,68c1b626000000001a022cdc,意义就是其他国家没有[doge],2026.04.19,中国香港,1.0,0.0,16,,,,3,,25
69db34bb000000001a0348ae,"机器人抢救现场

",4896.0,1198.0,2,69dca4e9000000000c033e6a,69dca37d000000003500b00e,5a86a8fb4eacab5bbd825026,我感觉木有这个必要了吧,2026.04.13,广东,1.0,,11,失败|抢救者,失败,抢救者,2,失败,25
69e46730000000001d0199c8,"

",,761.0,1,69e46b1c000000001401c433,,5ab5b34f11be10767aeeb06d,你解说的好棒 太逗了[偷笑R],2026.04.19,北京,1223.0,19.0,15,,,,2,,26
69e46730000000001d0199c8,"

",,761.0,1,69e4db75000000001401c83d,,5fabf660000000000100a676,强烈要求主播下界要上去解说 更精彩,2026.04.19,福建,380.0,4.0,17,,,,6,,26
69e46730000000001d0199c8,"

",,761.0,1,69e5043c0000000014019c02,,56f5fb37aed7582656b7a83b,你的解说好松弛,2026.04.20,新疆,40.0,1.0,7,,,,2,,26
69e46730000000001d0199c8,"

",,761.0,1,69e56111000000001401b002,,5b2d0f936b58b73d38ca5119,你说话的节奏很像脱口秀的鸟鸟老师,2026.04.20,安徽,19.0,1.0,16,,,,5,,26
69df625d0000000021005c63,"“扶我起来，我还能再跑10公里”

",,9992.0,1,69df6fc70000000035010d0b,,600680fe000000000100913c,解说太逗了[大笑R],2026.04.15,北京,17.0,1.0,10,,,,2,,26
69e46730000000001d0199c8,"

",,761.0,1,69e571650000000014019413,,62fcdd32000000001200d436,解说是鸟鸟老师吗？,2026.04.20,江苏,4.0,3.0,9,,,,3,,26
69e46730000000001d0199c8,"

",,761.0,1,69e7aa7d0000000014018c00,,67d3f44b000000000e010726,本来就好笑，配你的解说更好笑，笑的我肚子疼,2026.04.22,北京,4.0,0.0,21,,,,5,,26
69e46730000000001d0199c8,"

",,761.0,1,69e476d7000000001401e831,,653ef6650000000004009acc,看来大家公认这个解说不错。[doge],2026.04.19,北京,3.0,0.0,19,,,,5,,26
69df625d0000000021005c63,"“扶我起来，我还能再跑10公里”

",,9992.0,1,69df9d800000000014009d4c,,58974a2c5e87e7690d713365,配乐一加更搞笑,2026.04.15,重庆,2.0,0.0,7,,,,3,,26
69e46730000000001d0199c8,"

",,761.0,1,69e479ac000000001401c401,,5ef4c88200000000010008ee,NND，你太会解说了[笑哭R],2026.04.19,上海,2.0,0.0,15,,,,3,,26
69e46730000000001d0199c8,"

",,761.0,1,69e8bbf4000000001401cc4a,,5ef1d3e0000000000101da61,@Panda @布丁吃撑了 好好笑的解说,2026.04.22,广东,2.0,0.0,20,,,,2,,26
69e46730000000001d0199c8,"

",,761.0,1,69e70134000000001401d814,,67fda915000000000d008468,看了这么多解说，您是最专业的[私信R][赞R][红书R],2026.04.21,广东,2.0,0.0,28,,,,2,,26
69e46730000000001d0199c8,"

",,761.0,1,69e52d7a000000001401bc00,,65e858d1000000000d026615,哈哈哈哈解说太幽默了[笑哭R][笑哭R][笑哭R]我喜欢草帽小可爱,2026.04.20,四川,2.0,0.0,33,,,,5,,26
69e46730000000001d0199c8,"

",,761.0,1,69e4e0a1000000001401900a,,5990652e5e87e73d8eb899b2,感觉鸟鸟在解说,2026.04.19,天津,2.0,0.0,7,,,,2,,26
69e46730000000001d0199c8,"

",,761.0,1,69e4c3d7000000001401b837,,5dc3947e0000000001002b65,加上你的解说就更好笑了[笑哭R],2026.04.19,浙江,2.0,0.0,16,,,,3,,26
69e46730000000001d0199c8,"

",,761.0,1,69e4bf51000000001401b805,,67c15971000000000d009b79,你好有趣，你的解说也好有趣，有灵魂的美女[萌萌哒R],2026.04.19,北京,2.0,0.0,26,,,,7,,26
69e59e520000000022027a90,"花田里犯了错|机器人马拉松正赛搞笑赏析

",,2593.0,1,69e61745000000001401d436,,6034a3760000000001000384,这个解说真的是笑死人了[笑哭R],2026.04.20,广东,2.0,0.0,16,,,,3,,26
69e46730000000001d0199c8,"

",,761.0,2,69e5838f000000001401a817,69e46b1c000000001401c433,623c0b56000000002102b1df,我也觉得 本来视频一般般 她一解说 就变味了[捂脸R][捂脸R][捂脸R][捂脸R]笑死我了,2026.04.20,内蒙古,2.0,,46,,,,5,,26
69e4551e000000001f005895,"荣耀机器人赢麻了🤖我觉得它表情在嘲讽我

",,816.0,1,69e47e08000000001401bc23,,64e023be000000000100dc9f,主播还有礼貌,2026.04.19,北京,1.0,3.0,6,成功|被超越者,成功,被超越者,2,强势成功,26
69e2583b00000000230211ea,"

",,2406.0,1,69e788d8000000001401e02e,,6162d39f000000000201948c,原地解体,2026.04.21,贵州,1.0,0.0,4,失败|抢救者,失败,抢救者,2,失败,26
69df625d0000000021005c63,"“扶我起来，我还能再跑10公里”

",,9992.0,1,69df99ce000000000103c0ac,,5bd87589b1c81800011fe99f,解说太带劲了[偷笑R],2026.04.15,北京,1.0,0.0,11,,,,2,,26
69df625d0000000021005c63,"“扶我起来，我还能再跑10公里”

",,9992.0,1,69df8c83000000003502011a,,54e5d106e779890c54ac3af9,背景音乐和解说都很带感！！最搞笑就是那道红色闪电，，本以为会是全场黑马，哪里知道结局大反转[捂脸R][捂脸R][捂脸R],2026.04.15,湖北,1.0,0.0,60,,,,14,,26
69df625d0000000021005c63,"“扶我起来，我还能再跑10公里”

",,9992.0,1,69df84e00000000016014d79,,5de066c700000000010008a9,解说超有趣[赞R],2026.04.15,上海,1.0,1.0,9,,,,2,,26
69e46730000000001d0199c8,"

",,761.0,1,69e4a0e4000000001401c823,,5ffd5c9500000000010092d5,解说挺逗 美女也是有意思的姑娘,2026.04.19,河北,1.0,0.0,15,,,,4,,26
69e46730000000001d0199c8,"

",,761.0,1,69e49fee000000001401e812,,62bc6257000000001501e53a,解说太逗了，看了三遍[大笑R],2026.04.19,北京,1.0,0.0,15,,,,3,,26
69e46730000000001d0199c8,"

",,761.0,1,69e704a0000000001401ac09,,5e06fde90000000001005fcd,你的解说太可爱了哈哈哈哈……浑身肌无力的时候我笑出了声[笑哭R],2026.04.21,北京,1.0,0.0,32,,,,4,,26
69e46730000000001d0199c8,"

",,761.0,1,69e6bc5c000000001401ac05,,624e469a000000001000d7a4,听你解说更想笑了哈哈哈哈哈,2026.04.21,美国,1.0,0.0,13,,,,2,,26
69e46730000000001d0199c8,"

",,761.0,1,69e6563f000000001401b821,,5bedb4a88d18e100011acf94,解说不错[偷笑R],2026.04.21,浙江,1.0,0.0,9,,,,2,,26
69e46730000000001d0199c8,"

",,761.0,1,69e5b630000000001401bc0a,,60c5a9b4000000002002fb68,每个都有解说哈哈哈哈,2026.04.20,山东,1.0,0.0,10,,,,2,,26
69e46730000000001d0199c8,"

",,761.0,1,69e580b2000000001401d817,,5817fa0b82ec392dc31e8587,好家伙，你居然挨个解说点评了[笑哭R],2026.04.20,北京,1.0,0.0,19,,,,5,,26
69e481e8000000002003ad94,"

",,,1,69e56a0b000000001401c009,,5a2a0f614eacab460655f17f,这减速到停下简直不要太丝滑，还有站稳后晃的那两下[捂脸R]像低血糖似的,2026.04.20,广东,3043.0,43.0,35,强势|服务者,强势,服务者,10,强势成功,27
69e4426b000000001d01c7ed,"一个大的一个小的一个废的

",,7334.0,2,69e4643c000000001401d81a,69e461fb000000001401e82b,5482e053d6e4a96b141320ba,真的很像低血糖哈哈啊哈哈哈,2026.04.19,上海,11.0,,13,中性|观众,中性,观众,2,中性,27
69e481e8000000002003ad94,"

",,,1,69e4a381000000001401dc18,,596942e850c4b4521799dfc3,低血糖了吧，都要倒了，赶紧给块糖,2026.04.19,湖南,7.0,0.0,16,强势|服务者,强势,服务者,2,强势成功,27
69e44171000000001a026b25,"机器人马拉松比赛摔倒丝滑起身帅炸了🔥🔥

",9971.0,613.0,1,69e45f5f000000001401ac17,,577b75ae82ec395524521181,像低血糖晕倒了,2026.04.19,江苏,7.0,0.0,7,,,,2,,27
69e48b0b000000001a02578c,"北京马拉松机器人中暑了🥵

",3334.0,467.0,1,69ea3e2d000000001401b008,,58300a3550c4b459f57d1804,是不是低电糖了[石化R],2026.04.23,陕西,5.0,0.0,12,,,,2,,27
69e4426b000000001d01c7ed,"一个大的一个小的一个废的

",,7334.0,1,69e470ae000000001401dc1d,,65c2fc96000000000903dde2,大的低血糖，小的很活跃，这很人类。,2026.04.19,广东,2.0,0.0,17,中性|观众,中性,观众,3,中性,27
69e481e8000000002003ad94,"

",,,1,69e62937000000001401dc09,,601c0acf000000000100b954,这也太拟人了。停下晃荡那两下太像低血糖晕倒前的我[失望R],2026.04.20,天津,2.0,0.0,29,强势|服务者,强势,服务者,7,强势成功,27
69e481e8000000002003ad94,"

",,,1,69e606cf000000001401b034,,6522dbc7000000002a01a868,还有仿生设计，跟低血糖似的,2026.04.20,广东,2.0,0.0,13,强势|服务者,强势,服务者,4,强势成功,27
69e481e8000000002003ad94,"

",,,1,69e59d44000000001401d814,,5fda95940000000001003ac8,人有低血糖[doge]机有低电压,2026.04.20,北京,2.0,3.0,16,强势|服务者,强势,服务者,4,强势成功,27
69e44171000000001a026b25,"机器人马拉松比赛摔倒丝滑起身帅炸了🔥🔥

",9971.0,613.0,1,69e63edd0000000014019000,,609318e2000000000101e04e,低血糖了一会儿,2026.04.20,四川,2.0,0.0,7,,,,2,,27
69e44171000000001a026b25,"机器人马拉松比赛摔倒丝滑起身帅炸了🔥🔥

",9971.0,613.0,1,69e4a9f10000000014018c2d,,5b9a5e4f50bef10001a9c8ad,低血糖，不！低电压[偷笑R],2026.04.19,天津,2.0,0.0,14,,,,2,,27
69e44171000000001a026b25,"机器人马拉松比赛摔倒丝滑起身帅炸了🔥🔥

",9971.0,613.0,1,69e4668e0000000014019c2c,,5f91a5b80000000001003a86,这种是真低血糖反应！[doge],2026.04.19,贵州,2.0,0.0,16,,,,2,,27
69e44171000000001a026b25,"机器人马拉松比赛摔倒丝滑起身帅炸了🔥🔥

",9971.0,613.0,1,69e456630000000014018c17,,5b32efc511be1069bd8e940e,可能是出门没吃早饭低血糖了,2026.04.19,上海,2.0,0.0,13,,,,3,,27
69e59e520000000022027a90,"花田里犯了错|机器人马拉松正赛搞笑赏析

",,2593.0,1,69e6f530000000001401c02f,,5d1e2cdd0000000012000513,这个有点像我多久了猛然起身头晕的样子,2026.04.21,湖北,2.0,0.0,18,,,,6,,27
69e4426b000000001d01c7ed,"一个大的一个小的一个废的

",,7334.0,1,69e47f8c000000001401a00c,,5b504bc111be10588338dda5,坐地上的笑死我了@K宝 低血糖,2026.04.19,上海,1.0,0.0,15,中性|观众,中性,观众,2,中性,27
69e4426b000000001d01c7ed,"一个大的一个小的一个废的

",,7334.0,1,69e469a6000000001401b844,,5b54bd294eacab7a3c96db54,他好像低血糖了,2026.04.19,浙江,1.0,0.0,7,中性|观众,中性,观众,2,中性,27
69e4426b000000001d01c7ed,"一个大的一个小的一个废的

",,7334.0,1,69e460be000000001401d400,,65c0cf5b000000000e025faa,大的看起来有点低血糖了,2026.04.19,四川,1.0,0.0,11,中性|观众,中性,观众,2,中性,27
69e4426b000000001d01c7ed,"一个大的一个小的一个废的

",,7334.0,1,69e45cd50000000014019001,,65223db40000000024017c43,跑久了头晕 很正常,2026.04.19,浙江,1.0,0.0,9,中性|观众,中性,观众,2,中性,27
69e47f8f000000001f007203,"2026年机器人马拉松状态，五年后再看🤣

",,5834.0,1,69e6f0e0000000001401d42d,,5b73edeea3af9a0001f6a4c5,赶紧给吃点东西，都低血糖了,2026.04.21,陕西,1.0,0.0,13,,,,3,,27
69e481e8000000002003ad94,"

",,,1,69e49e02000000001401c80c,,6786347c000000000801af21,这特么低血糖了[doge]。赶紧上点葡萄糖。[doge],2026.04.19,江苏,1.0,0.0,28,强势|服务者,强势,服务者,5,强势成功,27
69e481e8000000002003ad94,"

",,,1,69e4967f000000001401a002,,5e441d2400000000010088f4,明显低血糖了，往后直呼悠,2026.04.19,北京,1.0,0.0,12,强势|服务者,强势,服务者,4,强势成功,27
69e481e8000000002003ad94,"

",,,1,69e6e619000000001401c425,,667e95870000000007006909,好像人突然低血糖要晕倒,2026.04.21,广东,1.0,0.0,11,强势|服务者,强势,服务者,5,强势成功,27
69e481e8000000002003ad94,"

",,,1,69e589be000000001401a422,,664767370000000003030177,给他一片巧克力呀，一看就是低血糖了,2026.04.20,云南,1.0,0.0,17,强势|服务者,强势,服务者,4,强势成功,27
69e44171000000001a026b25,"机器人马拉松比赛摔倒丝滑起身帅炸了🔥🔥

",9971.0,613.0,1,69e79754000000001401d42c,,65acf115000000000e0036d1,装糖阴你一手,2026.04.21,广东,1.0,0.0,6,,,,2,,27
69e44171000000001a026b25,"机器人马拉松比赛摔倒丝滑起身帅炸了🔥🔥

",9971.0,613.0,1,69e46b6c000000001401a01f,,65c0593a000000000e027f2a,像极了低血糖的我[微笑R],2026.04.19,广东,1.0,0.0,13,,,,2,,27
69e481e8000000002003ad94,"

",,,2,69e6cb47000000001401bc03,69e56a0b000000001401c009,5bc1fa98bbce98000196ae17,太像低血糖[笑哭R][笑哭R],2026.04.21,安徽,1.0,,15,强势|服务者,强势,服务者,2,强势成功,27
69e4426b000000001d01c7ed,"一个大的一个小的一个废的

",,7334.0,1,69e46b2a0000000014019422,,6762a93d0000000018015ff6,人类真冷漠！！就知道看，这明显是低血糖了！！给它吃士力架啊,2026.04.19,广东,0.0,0.0,29,中性|观众,中性,观众,6,中性,27
69e4426b000000001d01c7ed,"一个大的一个小的一个废的

",,7334.0,1,69e45b82000000001401d839,,5da67847000000000100516f,跑一半低血糖了,2026.04.19,北京,0.0,0.0,7,中性|观众,中性,观众,2,中性,27
69e4426b000000001d01c7ed,"一个大的一个小的一个废的

",,7334.0,1,69e46e31000000001401c42e,,59dcb78144363b49a8cdb438,小孩赶紧把奶瓶给你爷爷喝两口，都低血糖了[doge],2026.04.19,北京,0.0,0.0,26,中性|观众,中性,观众,6,中性,27
69e4426b000000001d01c7ed,"一个大的一个小的一个废的

",,7334.0,1,69e45d19000000001401b003,,5fd005150000000001005eaa,低血糖还跑步？,2026.04.19,黑龙江,0.0,0.0,7,中性|观众,中性,观众,2,中性,27
69db34bb000000001a0348ae,"机器人抢救现场

",4896.0,1198.0,2,69e49195000000001401c825,69e48f1d0000000014019819,668d461b0000000003032949,好像拿扫把扫比较快了[完啦R],2026.04.19,山西,1015.0,,15,失败|抢救者,失败,抢救者,3,失败,28
69db34bb000000001a0348ae,"机器人抢救现场

",4896.0,1198.0,1,69e48f1d0000000014019819,,5b53de0c6b58b7390fc778ce,担架的必要性,2026.04.19,广东,350.0,104.0,6,失败|抢救者,失败,抢救者,2,失败,28
69db34bb000000001a0348ae,"机器人抢救现场

",4896.0,1198.0,2,69e4931d000000001401a40f,69e48f1d0000000014019819,5bd321912b62040001021963,这个应该更需要扫帚和簸萁,2026.04.19,上海,53.0,,12,失败|抢救者,失败,抢救者,3,失败,28
69e2583b00000000230211ea,"

",,2406.0,1,69e42f12000000001401dc2c,,639c0eb50000000026007a31,拿来的竟然是单架，不应该是纸箱吗,2026.04.19,陕西,14.0,4.0,16,失败|抢救者,失败,抢救者,4,失败,28
69e2583b00000000230211ea,"

",,2406.0,2,69e78d31000000001401e82a,69e78b01000000001401c411,63f0bc69000000001001da81,尸体也得抬走呀[暗中观察R],2026.04.21,浙江,8.0,,14,失败|抢救者,失败,抢救者,2,失败,28
69db34bb000000001a0348ae,"机器人抢救现场

",4896.0,1198.0,1,69dc69c6000000003502eb99,,5ff9a6b0000000000101c297,笑死，还需要担架,2026.04.13,云南,6.0,1.0,8,失败|抢救者,失败,抢救者,2,失败,28
69e2583b00000000230211ea,"

",,2406.0,2,69e30429000000001401a01a,69e2f480000000001401a819,67691cf70000000018014195,用担架确实有点搞笑了，但是我觉得不像是AI视频[捂脸R] 担架可能是节目效果，同时也方便搬运了，不然不好拿,2026.04.18,河北,4.0,,53,失败|抢救者,失败,抢救者,14,失败,28
69e2583b00000000230211ea,"

",,2406.0,1,69e7a0c6000000001401c412,,624f77cb0000000010006b6a,@Y.L 笑死了 还没开始就结束了 还有模有样的哪个担架,2026.04.22,江苏,3.0,1.0,28,失败|抢救者,失败,抢救者,5,失败,28
69e2583b00000000230211ea,"

",,2406.0,1,69e2ebcb000000001401e002,,5f80a1400000000001007a48,后面的担架好搞笑,2026.04.18,广东,2.0,0.0,8,失败|抢救者,失败,抢救者,3,失败,28
69e2583b00000000230211ea,"

",,2406.0,1,69e9d7c9000000001401bc07,,5d304c1f000000001603e525,担架有点多余，直接上扫把垃圾铲吧[偷笑R],2026.04.23,广东,1.0,0.0,21,失败|抢救者,失败,抢救者,4,失败,28
69e2583b00000000230211ea,"

",,2406.0,1,69e8d1f5000000001401d81b,,5998508250c4b403233f0d43,这看上去扫把簸箕比担架适用[doge],2026.04.22,江苏,1.0,0.0,19,失败|抢救者,失败,抢救者,5,失败,28
69e2583b00000000230211ea,"

",,2406.0,1,69e80be60000000014018808,,578269235e87e7131ec90adc,太人性化了，还有担架[笑哭R][笑哭R],2026.04.22,澳大利亚,1.0,0.0,20,失败|抢救者,失败,抢救者,2,失败,28
69e2583b00000000230211ea,"

",,2406.0,1,69e7bbab000000001401b809,,6813a59c000000000e0122ac,这，找蛇皮袋往里弄呀，整啥担架呢,2026.04.22,上海,1.0,0.0,16,失败|抢救者,失败,抢救者,4,失败,28
69e2583b00000000230211ea,"

",,2406.0,1,69e79083000000001401bc2b,,5f688255000000000101fffe,工作人员把扫帚🧹拿上啊[笑哭R],2026.04.21,重庆,1.0,0.0,16,失败|抢救者,失败,抢救者,2,失败,28
69e2583b00000000230211ea,"

",,2406.0,1,69e78f24000000001401d80e,,5d8ca5b50000000001018b97,最后担架我是没绷住，哈哈哈哈,2026.04.21,四川,1.0,0.0,14,失败|抢救者,失败,抢救者,3,失败,28
69e2583b00000000230211ea,"

",,2406.0,1,69e42b48000000001401b811,,5bf614e68f6664000135b551,我以为会推个车拿个筐来收，没想到是担架啊。,2026.04.19,陕西,1.0,0.0,21,失败|抢救者,失败,抢救者,5,失败,28
69e2583b00000000230211ea,"

",,2406.0,1,69e30ca0000000001401d41b,,6648b8170000000003032f0e,还拿担架，不应该使个筐吗[笑哭R],2026.04.18,山东,1.0,0.0,17,失败|抢救者,失败,抢救者,2,失败,28
69e2583b00000000230211ea,"

",,2406.0,1,69e2ff72000000001401981b,,626515f60000000021026d82,还给单架[笑哭R][笑哭R][笑哭R],2026.04.18,辽宁,1.0,0.0,19,失败|抢救者,失败,抢救者,2,失败,28
69e2583b00000000230211ea,"

",,2406.0,1,69e2ee5e0000000014019418,,625668e2000000001000ea80,开玩笑 ，还拿个担架过来,2026.04.18,浙江,1.0,0.0,12,失败|抢救者,失败,抢救者,4,失败,28
69e4426b000000001d01c7ed,"一个大的一个小的一个废的

",,7334.0,2,69e6db3d000000001401a811,69e46241000000001401e822,5e5f6a1d0000000001005769,确实 还有冲向绿化带被抬担架了,2026.04.21,北京,1.0,,15,中性|观众,中性,观众,4,中性,28
69da7e87000000001a03484e,"今晚的亦庄机器人马拉松测试

",,8169.0,2,69db898b000000001400a560,69db30220000000016016d90,60d86b0b00000000010073c9,通知小区收废品去对付,2026.04.12,北京,1.0,,10,成功|观众,成功,观众,4,强势成功,28
69da7e87000000001a03484e,"今晚的亦庄机器人马拉松测试

",,8169.0,2,69daf27500000000350146f9,69daf19f00000000020365e6,575c088650c4b46fee1372ce,上面带个头的？两个胳膊还能端个水杯,2026.04.12,北京,1.0,,17,成功|观众,成功,观众,6,强势成功,28
69e47f8f000000001f007203,"2026年机器人马拉松状态，五年后再看🤣

",,5834.0,2,69e56a3c000000001401a00f,69e55d77000000001401bc0e,611270e8000000002002e8db,一起抬走[吃瓜R],2026.04.20,浙江,1.0,,9,,,,2,,28
69e2583b00000000230211ea,"

",,2406.0,1,69eb5dfc00000000280394d5,,681967e0000000000801687e,还挺像回事，还用担架[笑哭R],2026.04.24,河南,0.0,0.0,15,失败|抢救者,失败,抢救者,2,失败,28
69e2583b00000000230211ea,"

",,2406.0,1,69eb5a850000000029035d87,,602200090000000001009393,做成这样，抬走吧,2026.04.24,广东,0.0,0.0,8,失败|抢救者,失败,抢救者,3,失败,28
69e2583b00000000230211ea,"

",,2406.0,1,69eb04fe000000001401d40c,,6498168a000000002b00a601,下次再带个吸尘器吧,2026.04.24,浙江,0.0,0.0,9,失败|抢救者,失败,抢救者,3,失败,28
69e2583b00000000230211ea,"

",,2406.0,1,69e9d39b000000001401d426,,599bfe8150c4b4718dd6693a,快抬担架！快抬担架来啊！,2026.04.23,北京,0.0,0.0,12,失败|抢救者,失败,抢救者,2,失败,28
69e2583b00000000230211ea,"

",,2406.0,1,69e9b44a000000001401e414,,5d1851400000000011037f59,哈哈哈哈哈哈哈哈还要担架,2026.04.23,广东,0.0,0.0,12,失败|抢救者,失败,抢救者,2,失败,28
69e2583b00000000230211ea,"

",,2406.0,1,69e99ffc000000001401e436,,69b90f24000000003301f627,还弄单架干嘛呢[笑哭R],2026.04.23,浙江,0.0,0.0,12,失败|抢救者,失败,抢救者,2,失败,28
69e2583b00000000230211ea,"

",,2406.0,1,69e8a42e000000001401901f,,5837d91ca9b2ed756bf82971,这玩意还要拿个担架，直接拎起来就是了[doge],2026.04.22,湖北,0.0,0.0,24,失败|抢救者,失败,抢救者,5,失败,28
69e4426b000000001d01c7ed,"一个大的一个小的一个废的

",,7334.0,2,69e45de1000000001401a005,69e45c42000000001401c413,5906f66582ec39286dfd60eb,春晚是编程好的，半马需要自主时时判断路况路线，根据现场情况做出反应,2026.04.19,北京,242.0,,33,中性|观众,中性,观众,14,中性,29
69df625d0000000021005c63,"“扶我起来，我还能再跑10公里”

",,9992.0,2,69e01a70000000003500dad1,69dfb3290000000002035b6b,5e4e9f3f0000000001006bb9,这个比春晚好看多了[点赞R],2026.04.16,山西,228.0,,14,,,,2,,29
69e59e520000000022027a90,"花田里犯了错|机器人马拉松正赛搞笑赏析

",,2593.0,1,69e6394c000000001401c410,,5658da054476087412752711,这种表现和春晚上的实在太割裂，连走路都走不好，离具身智能就更远了,2026.04.20,上海,188.0,52.0,32,,,,8,,29
69e2583b00000000230211ea,"

",,2406.0,2,69e3bdc5000000001401e804,69e3bdb4000000001401d815,5e41ab4d0000000001001979,这绝对不是春晚的机器人[捂脸R][捂脸R][捂脸R][捂脸R][笑哭R][笑哭R][笑哭R],2026.04.19,湖北,139.0,,46,失败|抢救者,失败,抢救者,3,失败,29
69e481e8000000002003ad94,"

",,,2,69e4e922000000001401c006,69e4e7de000000001401ac21,63e7cd6300000000260100bd,热知识，前年还没有机器人能上春晚,2026.04.19,天津,78.0,,16,强势|服务者,强势,服务者,4,强势成功,29
69e47f8f000000001f007203,"2026年机器人马拉松状态，五年后再看🤣

",,5834.0,1,69e782a1000000001401c035,,63ad919b0000000026013728,这波贪了，应该留到春晚看的,2026.04.21,重庆,43.0,3.0,13,,,,3,,29
69e4426b000000001d01c7ed,"一个大的一个小的一个废的

",,7334.0,2,69e45ebd000000001401c02d,69e45c42000000001401c413,62bfcac30000000019029a79,你让春晚的演员去跑马拉松也这样,2026.04.19,上海,39.0,,15,中性|观众,中性,观众,4,中性,29
69e2583b00000000230211ea,"

",,2406.0,1,69e2f832000000001401e016,,612049150000000001005335,春晚那些会跳舞的机器人哪去了,2026.04.18,福建,35.0,12.0,14,失败|抢救者,失败,抢救者,5,失败,29
69e4426b000000001d01c7ed,"一个大的一个小的一个废的

",,7334.0,2,69e46248000000001401d81f,69e45c42000000001401c413,674c18eb0000000001003171,春晚那些少说排练了一年了[doge],2026.04.19,陕西,30.0,,18,中性|观众,中性,观众,5,中性,29
69e4426b000000001d01c7ed,"一个大的一个小的一个废的

",,7334.0,1,69e45c42000000001401c413,,60ba057c0000000001002b81,为什么春晚的那些机器人都已经可以做那么高含金量的武打动作了，这些机器人却跑步还踉踉跄跄呢,2026.04.19,湖北,28.0,13.0,44,中性|观众,中性,观众,11,中性,29
69e481e8000000002003ad94,"

",,,1,69e4e7de000000001401ac21,,6787532d000000000801de4e,冷知识：春晚机器人表演完不会下楼梯。需要一个个抱下来,2026.04.19,河南,25.0,7.0,26,强势|服务者,强势,服务者,8,强势成功,29
69e47f8f000000001f007203,"2026年机器人马拉松状态，五年后再看🤣

",,5834.0,1,69e58f42000000001401a01f,,5cbb0be10000000010035094,评论区有些人不认可，但是我觉得挺好的，目前我们百姓知道的就是上春晚的宇树牌子，其他牌子也需要有一个机会曝光，举办这场既可以给大家认识不同公司机器人，又能让各公司把持久这个性能卷起来，很有意思的！！！,2026.04.20,海南,16.0,1.0,99,,,,27,,29
69df625d0000000021005c63,"“扶我起来，我还能再跑10公里”

",,9992.0,1,69dfa6330000000035011698,,622c7647000000001000939d,这样的给老外多看看，春晚那些跳舞的机器人是人假扮的[捂脸R]跟老外解释一下,2026.04.15,浙江,16.0,2.0,37,,,,11,,29
69df625d0000000021005c63,"“扶我起来，我还能再跑10公里”

",,9992.0,1,69e1f48e000000001401ac0e,,6050a7920000000001001c2a,这不是春晚出来的机器人，这些都是村办厂生产的机器人丶,2026.04.17,山东,12.0,7.0,26,,,,6,,29
69df625d0000000021005c63,"“扶我起来，我还能再跑10公里”

",,9992.0,2,69e02cc3000000003500990d,69dfb3290000000002035b6b,5936c72cdb2e600bb4764806,这就是我啊。那些牛人就是上春晚的那些。我就是那个慢慢慢慢跑叠加弯不起腰的那些[笑哭R],2026.04.16,上海,8.0,,43,,,,9,,29
69e43a5a000000001d01dcc7,"机器人嘲讽同伴

",1966.0,167.0,1,69e45ecd000000001401c426,,659e843300000000220177cf,建议明年春晚演这个,2026.04.19,北京,5.0,0.0,9,中性|评价者,中性,评价者,3,中性,29
69e45dbe000000001f00434f,"机器人跑马拉松超越人类？

",4650.0,773.0,1,69e5a85c000000001401c010,,5b8b3393d2bbb000018ebf50,中国的机器人发展太快了，上一个春晚到这个春晚，才一年时间，就会做高难度动作，而且还很丝滑。,2026.04.20,海南,4.0,0.0,45,,,,10,,29
69df625d0000000021005c63,"“扶我起来，我还能再跑10公里”

",,9992.0,1,69dfaab2000000000c03182c,,57568d1834609446bb84c120,春晚那些能跳舞能打武术那些呢？,2026.04.15,江苏,3.0,0.0,15,,,,5,,29
69e59e520000000022027a90,"花田里犯了错|机器人马拉松正赛搞笑赏析

",,2593.0,1,69e61761000000001401bc4d,,6098de1f00000000010005ba,这些是差生送到工读学校了。毕业的好学生都在春晚舞台上跳舞呢！,2026.04.20,河南,3.0,0.0,30,,,,9,,29
69da7e87000000001a03484e,"今晚的亦庄机器人马拉松测试

",,8169.0,2,69db0189000000000d035ca1,69db01250000000015007221,627c8f390000000021024209,明年春晚告诉你,2026.04.12,北京,3.0,,7,成功|观众,成功,观众,3,强势成功,29
69e59e520000000022027a90,"花田里犯了错|机器人马拉松正赛搞笑赏析

",,2593.0,2,69e741f1000000001401b827,69e6394c000000001401c410,61e26c8f000000001000aa94,一个正常的人，看着有乐趣的东西，好玩的东西，发展的东西，正常的反应是当看乐子，一个理性的正常人，更应该会看到背后的技术、行为的目的，不是看表面上的春晚神通广大。,2026.04.21,广东,3.0,,80,,,,21,,29
69da7e87000000001a03484e,"今晚的亦庄机器人马拉松测试

",,8169.0,1,69db5e140000000015003e79,,61186b3f0000000001004203,谁还记得去年春晚还得人扶着[汗颜R],2026.04.12,广西,2.0,0.0,18,成功|观众,成功,观众,4,强势成功,29
69e47f8f000000001f007203,"2026年机器人马拉松状态，五年后再看🤣

",,5834.0,1,69e8bac60000000014019c01,,643a3910000000000d01bdf9,这波贪了，应该留着春晚看的,2026.04.22,山东,2.0,0.0,13,,,,3,,29
69df625d0000000021005c63,"“扶我起来，我还能再跑10公里”

",,9992.0,1,69df9c6500000000150014c6,,63234878000000002303cb1a,看这些笨拙的机器人和春晚表演武术的机器人，哪个是真的啊。,2026.04.15,甘肃,2.0,0.0,28,,,,9,,29
69e59e520000000022027a90,"花田里犯了错|机器人马拉松正赛搞笑赏析

",,2593.0,1,69e8442a000000001401981a,,6649b72300000000070056cc,春晚原来是骗人的[汗颜R],2026.04.22,广西,2.0,0.0,13,,,,3,,29
69e59e520000000022027a90,"花田里犯了错|机器人马拉松正赛搞笑赏析

",,2593.0,1,69e6b309000000001401cc0c,,5eec4826000000000100494e,比春晚好看[笑哭R],2026.04.21,吉林,2.0,0.0,10,,,,2,,29
69e59e520000000022027a90,"花田里犯了错|机器人马拉松正赛搞笑赏析

",,2593.0,1,69e613b3000000001401d831,,5dd02eb8000000000100a42f,比春晚好看多了[偷笑R][偷笑R][偷笑R],2026.04.20,河北,2.0,0.0,22,,,,2,,29
69da7e87000000001a03484e,"今晚的亦庄机器人马拉松测试

",,8169.0,2,69dae4f2000000001500b1a0,69dae3bd000000001500924b,61414adf000000000201e4e8,最后宇树机器人，能上春晚耍武术的，那实力是杠杠的！,2026.04.12,四川,2.0,,25,成功|观众,成功,观众,7,强势成功,29
69e47f8f000000001f007203,"2026年机器人马拉松状态，五年后再看🤣

",,5834.0,2,69e7a1e0000000001401e412,69e782a1000000001401c035,5b007f70e8ac2b6983f139a5,哈哈哈哈哈哈哈，等下春晚又要被骂为什么要机器人表演[doge],2026.04.22,上海,2.0,,31,,,,4,,29
69e47f8f000000001f007203,"2026年机器人马拉松状态，五年后再看🤣

",,5834.0,2,69e564e8000000001401e402,69e50ebc000000001401c410,5815f2c0a9b2ed7e5c36ab65,进步是指数级增长的，感觉明年春晚就会大变样了，活在这个时代真好啊能看到整个发展过程哈哈哈，可能等到60后出生直接就是机器人世界了，多没意思,2026.04.20,福建,2.0,,69,,,,18,,29
69da7e87000000001a03484e,"今晚的亦庄机器人马拉松测试

",,8169.0,2,69db087400000000350113be,69daf56d000000001601419c,5aa35c114eacab11b5783fd9,白天偶尔也会看到鸵鸟在马路上跑了,2026.04.12,北京,283.0,,16,成功|观众,成功,观众,4,强势成功,30
69da7e87000000001a03484e,"今晚的亦庄机器人马拉松测试

",,8169.0,1,69dadd5c000000003500d5fd,,580c566c50c4b47740e07f1a,感觉亦庄好有科技感，无人驾驶汽车，机器人，各种新科技都在那测试,2026.04.12,北京,74.0,9.0,31,成功|观众,成功,观众,8,强势成功,30
69da7e87000000001a03484e,"今晚的亦庄机器人马拉松测试

",,8169.0,2,69dae230000000000d03cf8b,69dadd5c000000003500d5fd,635624f7000000001802bd9e,亦庄还有鸵鸟呢[doge],2026.04.12,福建,67.0,,13,成功|观众,成功,观众,2,强势成功,30
69da7e87000000001a03484e,"今晚的亦庄机器人马拉松测试

",,8169.0,2,69db1fef00000000160153f2,69daf56d000000001601419c,5b7e1d754a29df0001be9cf8,亦庄无人驾驶也很多，经常一扭头发现一起等红灯的车里没有司机[捂脸R],2026.04.12,北京,54.0,,34,成功|观众,成功,观众,10,强势成功,30
69da7e87000000001a03484e,"今晚的亦庄机器人马拉松测试

",,8169.0,2,69db2bea00000000160168cf,69daf56d000000001601419c,62a43a43000000001b029f0d,没事啦，这个城市都叫亦庄（义庄）啦，这种现象就很正常[doge],2026.04.12,广东,28.0,,32,成功|观众,成功,观众,6,强势成功,30
69da7e87000000001a03484e,"今晚的亦庄机器人马拉松测试

",,8169.0,1,69db0be9000000000103dc57,,62e0f0a5000000001f0076e8,亦庄马路上跑啥都不要奇怪,2026.04.12,江苏,17.0,4.0,12,成功|观众,成功,观众,4,强势成功,30
69da7e87000000001a03484e,"今晚的亦庄机器人马拉松测试

",,8169.0,1,69dae70f00000000160173b3,,5e4217d90000000001006bd8,前几天鸵鸟跑出来了，也是这里吧？[偷笑R],2026.04.12,辽宁,16.0,4.0,21,成功|观众,成功,观众,3,强势成功,30
69da7e87000000001a03484e,"今晚的亦庄机器人马拉松测试

",,8169.0,1,69dad39200000000020340a1,,5c9c355b000000001000101f,上次这么跑的还是鸵鸟,2026.04.12,北京,4.0,0.0,10,成功|观众,成功,观众,2,强势成功,30
69da7e87000000001a03484e,"今晚的亦庄机器人马拉松测试

",,8169.0,1,69db0fc00000000015002b79,,65db607d000000000503072d,亦庄这个地方越来越神儿了……  [扯脸H][扯脸H][扯脸H][扯脸H][扯脸H][扯脸H],2026.04.12,北京,3.0,0.0,46,成功|观众,成功,观众,4,强势成功,30
69da7e87000000001a03484e,"今晚的亦庄机器人马拉松测试

",,8169.0,1,69dbd2310000000001005097,,5bcb3918d5d8f600013fd8f2,前两天跑鸵鸟，这两天开始跑机器人了，亦庄很努力的再提升形象了,2026.04.13,北京,2.0,0.0,30,成功|观众,成功,观众,9,强势成功,30
69da7e87000000001a03484e,"今晚的亦庄机器人马拉松测试

",,8169.0,1,69db1b2b000000003502c181,,5d156f620000000010032006,@Zhukawa 你们亦庄不是跑鸵鸟就是跑机器人,2026.04.12,北京,2.0,1.0,24,成功|观众,成功,观众,3,强势成功,30
69da7e87000000001a03484e,"今晚的亦庄机器人马拉松测试

",,8169.0,1,69db01da00000000150057e4,,54e5d1a8b4c4d62084b28c70,亦庄这地儿太复杂了[捂脸R]大马路上说不准儿碰见啥在飞奔，前几天鸵鸟，现在机器人[捂脸R][捂脸R],2026.04.12,北京,2.0,0.0,50,成功|观众,成功,观众,10,强势成功,30
69e59e520000000022027a90,"花田里犯了错|机器人马拉松正赛搞笑赏析

",,2593.0,1,69e61f950000000014019c2a,,58f7425982ec390c99c5d8aa,这几天的快乐都是亦庄这群机器人给的[笑哭R],2026.04.20,河北,2.0,0.0,22,,,,5,,30
69da7e87000000001a03484e,"今晚的亦庄机器人马拉松测试

",,8169.0,1,69db80e5000000000203644c,,63fdc9970000000029017926,我们亦庄是这样的 一开始只是跑跑无人车，现在不是看见马路上跑鸵鸟，就是跑机器人[微笑R],2026.04.12,北京,1.0,0.0,44,成功|观众,成功,观众,10,强势成功,30
69da7e87000000001a03484e,"今晚的亦庄机器人马拉松测试

",,8169.0,1,69db152a000000000202a6f4,,5b16b3654eacab22f4907a0d,亦庄真是个神奇的地方……,2026.04.12,北京,1.0,0.0,12,成功|观众,成功,观众,4,强势成功,30
69da7e87000000001a03484e,"今晚的亦庄机器人马拉松测试

",,8169.0,1,69db07e60000000035018f4c,,57328cf26a6a6943880023f6,亦庄还是太权威了,2026.04.12,北京,1.0,0.0,8,成功|观众,成功,观众,2,强势成功,30
69da7e87000000001a03484e,"今晚的亦庄机器人马拉松测试

",,8169.0,1,69dad73e000000001500542f,,5dc58d150000000001007e6b,亦庄已经这么赛博朋克风了,2026.04.12,北京,1.0,0.0,12,成功|观众,成功,观众,3,强势成功,30
69df625d0000000021005c63,"“扶我起来，我还能再跑10公里”

",,9992.0,1,69dfa7c400000000350327cc,,54c8bf46b4c4d60ac94a50ab,不是，是不是举办地方有点说法？亦庄……[笑哭R],2026.04.15,云南,1.0,0.0,24,,,,5,,30
69df625d0000000021005c63,"“扶我起来，我还能再跑10公里”

",,9992.0,1,69df9dcc0000000035017b87,,565be9acb8ce1a0550a1d297,亦庄的路上不是鸵鸟就是机器人，太洋气啦,2026.04.15,北京,1.0,0.0,19,,,,5,,30
69e40352000000002102fc75,"机器人马拉松现场第一视角看全部队伍

",,1160.0,1,69e422660000000014019409,,5e13f76f0000000001006b72,现在还有吗 在昌平过去还来得及吗,2026.04.19,北京,1.0,0.0,16,,,,3,,30
69e59e520000000022027a90,"花田里犯了错|机器人马拉松正赛搞笑赏析

",,2593.0,1,69e7b1d7000000001401940d,,5b357cbbf7e8b9637967702c,。。。亦庄真是个神奇的地方，啊哈哈哈[笑哭R],2026.04.22,北京,1.0,0.0,23,,,,4,,30
69db34bb000000001a0348ae,"机器人抢救现场

",4896.0,1198.0,2,69dd9e2d0000000035009ea6,69dd9df700000000350274d1,5651e1c7a75c9528d603b381,亦庄机器人宇宙,2026.04.14,美国,1.0,,7,失败|抢救者,失败,抢救者,3,失败,30
69da7e87000000001a03484e,"今晚的亦庄机器人马拉松测试

",,8169.0,2,69db2fba000000000202847a,69daf56d000000001601419c,5c14c39b0000000007014b07,有鸵鸟狂奔诡异吗[笑哭R],2026.04.12,北京,1.0,,13,成功|观众,成功,观众,3,强势成功,30
69da7e87000000001a03484e,"今晚的亦庄机器人马拉松测试

",,8169.0,2,69dcb82e0000000016014f9f,69daf56d000000001601419c,576457d06a6a695229d3dd8d,亦庄以前是军营，周围是养马（马以前也算半个军人）的和猎场。你说的那个停尸体的好像是大红门、小红门、五道口那边。,2026.04.13,北京,1.0,,55,成功|观众,成功,观众,15,强势成功,30
69da7e87000000001a03484e,"今晚的亦庄机器人马拉松测试

",,8169.0,2,69db5683000000000103efe5,69db4e13000000000d03ffba,5e9fca78000000000100648a,亦庄成机器人工厂了[吐舌头H],2026.04.12,北京,1.0,,15,成功|观众,成功,观众,3,强势成功,30
69da7e87000000001a03484e,"今晚的亦庄机器人马拉松测试

",,8169.0,2,69db3942000000003501ddc1,69daf1a9000000000103c4f0,5516b2279c5a6e18008bf44d,亦庄没啥人，都是机器人和无人车,2026.04.12,北京,1.0,,15,成功|观众,成功,观众,4,强势成功,30
69da7e87000000001a03484e,"今晚的亦庄机器人马拉松测试

",,8169.0,2,69dbc9d0000000001500adb6,69dadd5c000000003500d5fd,64c61132000000000b009eda,前几天亦庄马路上有只鸵鸟在飞奔[笑哭R],2026.04.13,北京,1.0,,20,成功|观众,成功,观众,5,强势成功,30
69da7e87000000001a03484e,"今晚的亦庄机器人马拉松测试

",,8169.0,2,69dbdd3a0000000015009b91,69dae70f00000000160173b3,5f8501780000000001004076,欲与鸵鸟试比高[捂脸R],2026.04.13,湖南,1.0,,12,成功|观众,成功,观众,2,强势成功,30
69e4426b000000001d01c7ed,"一个大的一个小的一个废的

",,7334.0,1,69e4726c000000001401e80d,,668042c20000000003030fe9,本来打算去看的，我就住亦庄里，但是周末只想躺尸,2026.04.19,北京,0.0,0.0,23,中性|观众,中性,观众,5,中性,30
69e4426b000000001d01c7ed,"一个大的一个小的一个废的

",,7334.0,1,69e4661f000000001401980c,,5d2fc437000000001000e83b,@杨羊羊 在你们那儿吗哈哈哈哈哈我看是亦庄,2026.04.19,陕西,0.0,3.0,21,中性|观众,中性,观众,2,中性,30
