corpus,帖子id,帖子链接,post_category,帖子标题,comment_id,comment_level,sample_stratum,sample_rank_in_post,bert_topic_k7,like_count,reply_count,char_len,content,open_code,axial_code,memo,exclude_from_coding,coder,帖子点赞数,帖子评论数,parent_comment_id,user_id,comment_time,location,帖子正文
batch1,69e44278000000001a0217bb,https://www.xiaohongshu.com/explore/69e44278000000001a0217bb?source=webshare&xhsshare=pc_web&xsec_token=ABHtr88UWkKZZAADKyuBN5pXVFuXtjrLFhf-ETm99Dw4s=&xsec_source=pc_share,成功|被超越者,"机器人超过我的瞬间

",69e4573a000000001401a417,1,l1_per_post_mixed,1,4.0,3905.0,33.0,19,您是生命的热烈，它是钢铁的进步[赞R],,,,,,6019.0,372.0,,599fe7ce6a6a6917a03c4e09,2026.04.19,北京,"今天参加亦庄半程马拉松，机器人跑的太快了，一会就超过我了，这是第6个超过我的机器人。 今天荣耀闪电突破50分钟完赛，比人快多了

"
batch1,69e44278000000001a0217bb,https://www.xiaohongshu.com/explore/69e44278000000001a0217bb?source=webshare&xhsshare=pc_web&xsec_token=ABHtr88UWkKZZAADKyuBN5pXVFuXtjrLFhf-ETm99Dw4s=&xsec_source=pc_share,成功|被超越者,"机器人超过我的瞬间

",69e47b6f000000001401940b,1,l1_per_post_mixed,2,1.0,1394.0,42.0,12,你去超过它儿子[嘻嘻R],,,,,,6019.0,372.0,,640eef5400000000290130ae,2026.04.19,浙江,"今天参加亦庄半程马拉松，机器人跑的太快了，一会就超过我了，这是第6个超过我的机器人。 今天荣耀闪电突破50分钟完赛，比人快多了

"
batch1,69e44278000000001a0217bb,https://www.xiaohongshu.com/explore/69e44278000000001a0217bb?source=webshare&xhsshare=pc_web&xsec_token=ABHtr88UWkKZZAADKyuBN5pXVFuXtjrLFhf-ETm99Dw4s=&xsec_source=pc_share,成功|被超越者,"机器人超过我的瞬间

",69e5bf73000000001401940a,1,l1_per_post_mixed,3,0.0,93.0,6.0,42,“机器人超过我了”莫名想哭 感受到了一代一代的托举 是人和人之间 也是人和机器人之间,,,,,,6019.0,372.0,,5af417c911be10381999484b,2026.04.20,江西,"今天参加亦庄半程马拉松，机器人跑的太快了，一会就超过我了，这是第6个超过我的机器人。 今天荣耀闪电突破50分钟完赛，比人快多了

"
batch1,69e44278000000001a0217bb,https://www.xiaohongshu.com/explore/69e44278000000001a0217bb?source=webshare&xhsshare=pc_web&xsec_token=ABHtr88UWkKZZAADKyuBN5pXVFuXtjrLFhf-ETm99Dw4s=&xsec_source=pc_share,成功|被超越者,"机器人超过我的瞬间

",69e47886000000001401b01e,1,l1_per_post_mixed,4,,298.0,7.0,12,它是在看镜头么[坏笑R],,,,,,6019.0,372.0,,5c0e1a530000000006010270,2026.04.19,北京,"今天参加亦庄半程马拉松，机器人跑的太快了，一会就超过我了，这是第6个超过我的机器人。 今天荣耀闪电突破50分钟完赛，比人快多了

"
batch1,69e44278000000001a0217bb,https://www.xiaohongshu.com/explore/69e44278000000001a0217bb?source=webshare&xhsshare=pc_web&xsec_token=ABHtr88UWkKZZAADKyuBN5pXVFuXtjrLFhf-ETm99Dw4s=&xsec_source=pc_share,成功|被超越者,"机器人超过我的瞬间

",69e4e3310000000014018809,1,l1_per_post_mixed,5,0.0,54.0,2.0,31,“多年以后，面对机器人，人类回想起了它在马拉松超过自己的瞬间”,,,,,,6019.0,372.0,,63175d43000000000f005598,2026.04.19,上海,"今天参加亦庄半程马拉松，机器人跑的太快了，一会就超过我了，这是第6个超过我的机器人。 今天荣耀闪电突破50分钟完赛，比人快多了

"
batch1,69e44278000000001a0217bb,https://www.xiaohongshu.com/explore/69e44278000000001a0217bb?source=webshare&xhsshare=pc_web&xsec_token=ABHtr88UWkKZZAADKyuBN5pXVFuXtjrLFhf-ETm99Dw4s=&xsec_source=pc_share,成功|被超越者,"机器人超过我的瞬间

",69e6f0dc000000001401d819,1,l1_per_post_mixed,6,0.0,13.0,1.0,47,你可能不知道，多年以后这个视频，将成为人类的回忆，第一次机器人在马拉松比赛超越人类，拍的太好了,,,,,,6019.0,372.0,,5c96fe9a000000001602bb18,2026.04.21,广东,"今天参加亦庄半程马拉松，机器人跑的太快了，一会就超过我了，这是第6个超过我的机器人。 今天荣耀闪电突破50分钟完赛，比人快多了

"
batch1,69e44278000000001a0217bb,https://www.xiaohongshu.com/explore/69e44278000000001a0217bb?source=webshare&xhsshare=pc_web&xsec_token=ABHtr88UWkKZZAADKyuBN5pXVFuXtjrLFhf-ETm99Dw4s=&xsec_source=pc_share,成功|被超越者,"机器人超过我的瞬间

",69e4dd73000000001401c807,1,l1_per_post_mixed,7,,7.0,3.0,3,绊它！,,,,,,6019.0,372.0,,5e53839e00000000010074a6,2026.04.19,北京,"今天参加亦庄半程马拉松，机器人跑的太快了，一会就超过我了，这是第6个超过我的机器人。 今天荣耀闪电突破50分钟完赛，比人快多了

"
batch1,69e44278000000001a0217bb,https://www.xiaohongshu.com/explore/69e44278000000001a0217bb?source=webshare&xhsshare=pc_web&xsec_token=ABHtr88UWkKZZAADKyuBN5pXVFuXtjrLFhf-ETm99Dw4s=&xsec_source=pc_share,成功|被超越者,"机器人超过我的瞬间

",69e499d3000000001401dc0b,1,l1_per_post_mixed,8,6.0,35.0,7.0,21,这个赛道人类认输，建议下回比比照顾老人全套,,,,,,6019.0,372.0,,622dac01000000000201f74f,2026.04.19,河北,"今天参加亦庄半程马拉松，机器人跑的太快了，一会就超过我了，这是第6个超过我的机器人。 今天荣耀闪电突破50分钟完赛，比人快多了

"
batch1,69e44278000000001a0217bb,https://www.xiaohongshu.com/explore/69e44278000000001a0217bb?source=webshare&xhsshare=pc_web&xsec_token=ABHtr88UWkKZZAADKyuBN5pXVFuXtjrLFhf-ETm99Dw4s=&xsec_source=pc_share,成功|被超越者,"机器人超过我的瞬间

",69e480d7000000001401e02e,1,l1_per_post_mixed,9,4.0,18.0,18.0,17,如果战场上，他拿个枪，就是个大麻烦,,,,,,6019.0,372.0,,66343c2c0000000003030984,2026.04.19,北京,"今天参加亦庄半程马拉松，机器人跑的太快了，一会就超过我了，这是第6个超过我的机器人。 今天荣耀闪电突破50分钟完赛，比人快多了

"
batch1,69e44278000000001a0217bb,https://www.xiaohongshu.com/explore/69e44278000000001a0217bb?source=webshare&xhsshare=pc_web&xsec_token=ABHtr88UWkKZZAADKyuBN5pXVFuXtjrLFhf-ETm99Dw4s=&xsec_source=pc_share,成功|被超越者,"机器人超过我的瞬间

",69e47960000000001401e42c,1,l1_per_post_mixed,10,0.0,6.0,1.0,18,想到了以后万一被机器人追杀[捂脸R],,,,,,6019.0,372.0,,61bf4738000000001000cf2b,2026.04.19,上海,"今天参加亦庄半程马拉松，机器人跑的太快了，一会就超过我了，这是第6个超过我的机器人。 今天荣耀闪电突破50分钟完赛，比人快多了

"
batch1,69e44278000000001a0217bb,https://www.xiaohongshu.com/explore/69e44278000000001a0217bb?source=webshare&xhsshare=pc_web&xsec_token=ABHtr88UWkKZZAADKyuBN5pXVFuXtjrLFhf-ETm99Dw4s=&xsec_source=pc_share,成功|被超越者,"机器人超过我的瞬间

",69e4647a000000001401bc13,1,l1_per_post_mixed,11,0.0,14.0,4.0,18,这个机器人在2。7公里处怼护栏上退赛,,,,,,6019.0,372.0,,6122783a000000002002d11d,2026.04.19,北京,"今天参加亦庄半程马拉松，机器人跑的太快了，一会就超过我了，这是第6个超过我的机器人。 今天荣耀闪电突破50分钟完赛，比人快多了

"
batch1,69e44278000000001a0217bb,https://www.xiaohongshu.com/explore/69e44278000000001a0217bb?source=webshare&xhsshare=pc_web&xsec_token=ABHtr88UWkKZZAADKyuBN5pXVFuXtjrLFhf-ETm99Dw4s=&xsec_source=pc_share,成功|被超越者,"机器人超过我的瞬间

",69e455a90000000014019419,1,l1_per_post_mixed,12,,8.0,5.0,6,你倒是快跑啊,,,,,,6019.0,372.0,,61e6205e0000000021022672,2026.04.19,河北,"今天参加亦庄半程马拉松，机器人跑的太快了，一会就超过我了，这是第6个超过我的机器人。 今天荣耀闪电突破50分钟完赛，比人快多了

"
batch1,69e44278000000001a0217bb,https://www.xiaohongshu.com/explore/69e44278000000001a0217bb?source=webshare&xhsshare=pc_web&xsec_token=ABHtr88UWkKZZAADKyuBN5pXVFuXtjrLFhf-ETm99Dw4s=&xsec_source=pc_share,成功|被超越者,"机器人超过我的瞬间

",69e443c50000000014019c00,1,l1_per_post_mixed,13,0.0,9.0,4.0,17,机器人跑姿不错[偷笑R]我是热崩了,,,,,,6019.0,372.0,,5b49b1fef7e8b916796a619d,2026.04.19,北京,"今天参加亦庄半程马拉松，机器人跑的太快了，一会就超过我了，这是第6个超过我的机器人。 今天荣耀闪电突破50分钟完赛，比人快多了

"
batch1,69e44278000000001a0217bb,https://www.xiaohongshu.com/explore/69e44278000000001a0217bb?source=webshare&xhsshare=pc_web&xsec_token=ABHtr88UWkKZZAADKyuBN5pXVFuXtjrLFhf-ETm99Dw4s=&xsec_source=pc_share,成功|被超越者,"机器人超过我的瞬间

",69e4859d0000000014018823,1,l1_per_post_mixed,14,,13.0,0.0,9,若干年后[微笑R],,,,,,6019.0,372.0,,65083bfe00000000170237fa,2026.04.19,北京,"今天参加亦庄半程马拉松，机器人跑的太快了，一会就超过我了，这是第6个超过我的机器人。 今天荣耀闪电突破50分钟完赛，比人快多了

"
batch1,69e44278000000001a0217bb,https://www.xiaohongshu.com/explore/69e44278000000001a0217bb?source=webshare&xhsshare=pc_web&xsec_token=ABHtr88UWkKZZAADKyuBN5pXVFuXtjrLFhf-ETm99Dw4s=&xsec_source=pc_share,成功|被超越者,"机器人超过我的瞬间

",69e5c985000000001401cc14,1,l1_per_post_mixed,15,0.0,1.0,9.0,16,白活这么大了，连个机器人都跑不过,,,,,,6019.0,372.0,,62c41e0100000000190294a2,2026.04.20,山西,"今天参加亦庄半程马拉松，机器人跑的太快了，一会就超过我了，这是第6个超过我的机器人。 今天荣耀闪电突破50分钟完赛，比人快多了

"
batch1,69e44278000000001a0217bb,https://www.xiaohongshu.com/explore/69e44278000000001a0217bb?source=webshare&xhsshare=pc_web&xsec_token=ABHtr88UWkKZZAADKyuBN5pXVFuXtjrLFhf-ETm99Dw4s=&xsec_source=pc_share,成功|被超越者,"机器人超过我的瞬间

",69e45b5d000000001401c403,1,l1_per_post_mixed,16,0.0,0.0,3.0,9,宇树机器人有实力的,,,,,,6019.0,372.0,,5654fb3203eb84172198f0e6,2026.04.19,广东,"今天参加亦庄半程马拉松，机器人跑的太快了，一会就超过我了，这是第6个超过我的机器人。 今天荣耀闪电突破50分钟完赛，比人快多了

"
batch1,69e44278000000001a0217bb,https://www.xiaohongshu.com/explore/69e44278000000001a0217bb?source=webshare&xhsshare=pc_web&xsec_token=ABHtr88UWkKZZAADKyuBN5pXVFuXtjrLFhf-ETm99Dw4s=&xsec_source=pc_share,成功|被超越者,"机器人超过我的瞬间

",69e77aaa000000001401d816,1,l1_per_post_mixed,17,0.0,3.0,0.0,32,大叔看到中国的机器人超越了自己，有一种自豪感，荣誉感，开心的笑了,,,,,,6019.0,372.0,,575746a06a6a690eab148b59,2026.04.21,天津,"今天参加亦庄半程马拉松，机器人跑的太快了，一会就超过我了，这是第6个超过我的机器人。 今天荣耀闪电突破50分钟完赛，比人快多了

"
batch1,69e44278000000001a0217bb,https://www.xiaohongshu.com/explore/69e44278000000001a0217bb?source=webshare&xhsshare=pc_web&xsec_token=ABHtr88UWkKZZAADKyuBN5pXVFuXtjrLFhf-ETm99Dw4s=&xsec_source=pc_share,成功|被超越者,"机器人超过我的瞬间

",69e4ca490000000014019807,1,l1_per_post_mixed,18,0.0,0.0,2.0,21,和机器人比的意义是什么，展示机器人很厉害？,,,,,,6019.0,372.0,,62bafaf9000000001b02a3c8,2026.04.19,四川,"今天参加亦庄半程马拉松，机器人跑的太快了，一会就超过我了，这是第6个超过我的机器人。 今天荣耀闪电突破50分钟完赛，比人快多了

"
batch1,69e44278000000001a0217bb,https://www.xiaohongshu.com/explore/69e44278000000001a0217bb?source=webshare&xhsshare=pc_web&xsec_token=ABHtr88UWkKZZAADKyuBN5pXVFuXtjrLFhf-ETm99Dw4s=&xsec_source=pc_share,成功|被超越者,"机器人超过我的瞬间

",69e4b0000000000014019808,1,l1_per_post_mixed,19,1.0,11.0,1.0,9,博主一看就身心健康,,,,,,6019.0,372.0,,5e8c83ef0000000001003a3e,2026.04.19,日本,"今天参加亦庄半程马拉松，机器人跑的太快了，一会就超过我了，这是第6个超过我的机器人。 今天荣耀闪电突破50分钟完赛，比人快多了

"
batch1,69e44278000000001a0217bb,https://www.xiaohongshu.com/explore/69e44278000000001a0217bb?source=webshare&xhsshare=pc_web&xsec_token=ABHtr88UWkKZZAADKyuBN5pXVFuXtjrLFhf-ETm99Dw4s=&xsec_source=pc_share,成功|被超越者,"机器人超过我的瞬间

",69e99c35000000001401cc17,1,l1_per_post_mixed,20,2.0,1.0,0.0,24,祂，毫無雜念，直接快跑⋯⋯跨進另一個，新的世代。,,,,,,6019.0,372.0,,63d2a1950000000027029d26,2026.04.23,中国台湾,"今天参加亦庄半程马拉松，机器人跑的太快了，一会就超过我了，这是第6个超过我的机器人。 今天荣耀闪电突破50分钟完赛，比人快多了

"
batch1,69e44278000000001a0217bb,https://www.xiaohongshu.com/explore/69e44278000000001a0217bb?source=webshare&xhsshare=pc_web&xsec_token=ABHtr88UWkKZZAADKyuBN5pXVFuXtjrLFhf-ETm99Dw4s=&xsec_source=pc_share,成功|被超越者,"机器人超过我的瞬间

",69e58097000000001401b820,1,l1_per_post_mixed,21,4.0,3.0,0.0,7,现实版终结者啊,,,,,,6019.0,372.0,,5e9ef34d000000000100623c,2026.04.20,马来西亚,"今天参加亦庄半程马拉松，机器人跑的太快了，一会就超过我了，这是第6个超过我的机器人。 今天荣耀闪电突破50分钟完赛，比人快多了

"
batch1,69e44278000000001a0217bb,https://www.xiaohongshu.com/explore/69e44278000000001a0217bb?source=webshare&xhsshare=pc_web&xsec_token=ABHtr88UWkKZZAADKyuBN5pXVFuXtjrLFhf-ETm99Dw4s=&xsec_source=pc_share,成功|被超越者,"机器人超过我的瞬间

",69e575390000000014019816,1,l1_per_post_mixed,22,2.0,0.0,0.0,26,老哥是没吃饱早饭吗？多吃两个馒头，超过它！[生气R],,,,,,6019.0,372.0,,64f2e17b000000000500232c,2026.04.20,河北,"今天参加亦庄半程马拉松，机器人跑的太快了，一会就超过我了，这是第6个超过我的机器人。 今天荣耀闪电突破50分钟完赛，比人快多了

"
batch1,69e44278000000001a0217bb,https://www.xiaohongshu.com/explore/69e44278000000001a0217bb?source=webshare&xhsshare=pc_web&xsec_token=ABHtr88UWkKZZAADKyuBN5pXVFuXtjrLFhf-ETm99Dw4s=&xsec_source=pc_share,成功|被超越者,"机器人超过我的瞬间

",69e4ceae0000000014018c10,1,l1_per_post_mixed,23,,0.0,0.0,11,这么一看，他跑的好快。,,,,,,6019.0,372.0,,5fb5d33b000000000101d676,2026.04.19,江苏,"今天参加亦庄半程马拉松，机器人跑的太快了，一会就超过我了，这是第6个超过我的机器人。 今天荣耀闪电突破50分钟完赛，比人快多了

"
batch1,69e44278000000001a0217bb,https://www.xiaohongshu.com/explore/69e44278000000001a0217bb?source=webshare&xhsshare=pc_web&xsec_token=ABHtr88UWkKZZAADKyuBN5pXVFuXtjrLFhf-ETm99Dw4s=&xsec_source=pc_share,成功|被超越者,"机器人超过我的瞬间

",69e4aa080000000014019010,1,l1_per_post_mixed,24,,0.0,0.0,10,去超过这个[嘻嘻R],,,,,,6019.0,372.0,,688c4ec800000000290088cf,2026.04.19,安徽,"今天参加亦庄半程马拉松，机器人跑的太快了，一会就超过我了，这是第6个超过我的机器人。 今天荣耀闪电突破50分钟完赛，比人快多了

"
batch1,69e44278000000001a0217bb,https://www.xiaohongshu.com/explore/69e44278000000001a0217bb?source=webshare&xhsshare=pc_web&xsec_token=ABHtr88UWkKZZAADKyuBN5pXVFuXtjrLFhf-ETm99Dw4s=&xsec_source=pc_share,成功|被超越者,"机器人超过我的瞬间

",69e49c81000000001401d411,1,l1_per_post_mixed,25,0.0,0.0,0.0,16,@小猪小猪胖乎乎 机器人打过来了,,,,,,6019.0,372.0,,5e0ca412000000000100483b,2026.04.19,北京,"今天参加亦庄半程马拉松，机器人跑的太快了，一会就超过我了，这是第6个超过我的机器人。 今天荣耀闪电突破50分钟完赛，比人快多了

"
batch1,69e44278000000001a0217bb,https://www.xiaohongshu.com/explore/69e44278000000001a0217bb?source=webshare&xhsshare=pc_web&xsec_token=ABHtr88UWkKZZAADKyuBN5pXVFuXtjrLFhf-ETm99Dw4s=&xsec_source=pc_share,成功|被超越者,"机器人超过我的瞬间

",69e490fb000000001401e41c,1,l1_per_post_mixed,26,2.0,0.0,0.0,16,毕竟不费力，跑不过的[doge],,,,,,6019.0,372.0,,6790902c000000000e0135b9,2026.04.19,上海,"今天参加亦庄半程马拉松，机器人跑的太快了，一会就超过我了，这是第6个超过我的机器人。 今天荣耀闪电突破50分钟完赛，比人快多了

"
batch1,69e44278000000001a0217bb,https://www.xiaohongshu.com/explore/69e44278000000001a0217bb?source=webshare&xhsshare=pc_web&xsec_token=ABHtr88UWkKZZAADKyuBN5pXVFuXtjrLFhf-ETm99Dw4s=&xsec_source=pc_share,成功|被超越者,"机器人超过我的瞬间

",69e48ae4000000001401bc31,1,l1_per_post_mixed,27,1.0,0.0,0.0,9,哈哈 这镜头太可爱,,,,,,6019.0,372.0,,5fad3cc5000000000101ebe4,2026.04.19,北京,"今天参加亦庄半程马拉松，机器人跑的太快了，一会就超过我了，这是第6个超过我的机器人。 今天荣耀闪电突破50分钟完赛，比人快多了

"
batch1,69e44278000000001a0217bb,https://www.xiaohongshu.com/explore/69e44278000000001a0217bb?source=webshare&xhsshare=pc_web&xsec_token=ABHtr88UWkKZZAADKyuBN5pXVFuXtjrLFhf-ETm99Dw4s=&xsec_source=pc_share,成功|被超越者,"机器人超过我的瞬间

",69e48935000000001401b81a,1,l1_per_post_mixed,28,6.0,0.0,0.0,18,头一回见被超过还这么高兴的[大笑R],,,,,,6019.0,372.0,,54af1d0e2e1d9359e2665643,2026.04.19,内蒙古,"今天参加亦庄半程马拉松，机器人跑的太快了，一会就超过我了，这是第6个超过我的机器人。 今天荣耀闪电突破50分钟完赛，比人快多了

"
batch1,69e44278000000001a0217bb,https://www.xiaohongshu.com/explore/69e44278000000001a0217bb?source=webshare&xhsshare=pc_web&xsec_token=ABHtr88UWkKZZAADKyuBN5pXVFuXtjrLFhf-ETm99Dw4s=&xsec_source=pc_share,成功|被超越者,"机器人超过我的瞬间

",69e4847f000000001401e836,1,l1_per_post_mixed,29,0.0,0.0,0.0,18,@少林寺实习美术生 这机器人不要命了,,,,,,6019.0,372.0,,61ac46f00000000010006ac1,2026.04.19,湖北,"今天参加亦庄半程马拉松，机器人跑的太快了，一会就超过我了，这是第6个超过我的机器人。 今天荣耀闪电突破50分钟完赛，比人快多了

"
batch1,69e44278000000001a0217bb,https://www.xiaohongshu.com/explore/69e44278000000001a0217bb?source=webshare&xhsshare=pc_web&xsec_token=ABHtr88UWkKZZAADKyuBN5pXVFuXtjrLFhf-ETm99Dw4s=&xsec_source=pc_share,成功|被超越者,"机器人超过我的瞬间

",69e47f83000000001401e014,1,l1_per_post_mixed,30,0.0,0.0,0.0,17,马拉松要被机器人取代了[doge],,,,,,6019.0,372.0,,6056ef5b000000000101d39d,2026.04.19,广东,"今天参加亦庄半程马拉松，机器人跑的太快了，一会就超过我了，这是第6个超过我的机器人。 今天荣耀闪电突破50分钟完赛，比人快多了

"
batch1,69e4551e000000001f005895,https://www.xiaohongshu.com/explore/69e4551e000000001f005895?source=webshare&xhsshare=pc_web&xsec_token=ABHtr88UWkKZZAADKyuBN5pTKJy_HE5kGjVCcdECQtSM4=&xsec_,成功|被超越者,"荣耀机器人赢麻了🤖我觉得它表情在嘲讽我

",69e47e4a000000001401cc1c,1,l1_per_post_mixed,1,2.0,6956.0,61.0,34,哈哈哈哈从《我追一下》到《拜拜了您呐》只用了五秒[偷笑R][偷笑R],,,,,,,816.0,,55fa1118a75c9522d84386a4,2026.04.19,北京,"恭喜荣耀包揽金银铜所有奖项！中国力量[赞R]

"
batch1,69e4551e000000001f005895,https://www.xiaohongshu.com/explore/69e4551e000000001f005895?source=webshare&xhsshare=pc_web&xsec_token=ABHtr88UWkKZZAADKyuBN5pTKJy_HE5kGjVCcdECQtSM4=&xsec_,成功|被超越者,"荣耀机器人赢麻了🤖我觉得它表情在嘲讽我

",69e48d160000000014018c1b,1,l1_per_post_mixed,2,5.0,2825.0,153.0,15,这玩意只要有电，能跑死你们人类,,,,,,,816.0,,5fa8d0fc000000000100566c,2026.04.19,安徽,"恭喜荣耀包揽金银铜所有奖项！中国力量[赞R]

"
batch1,69e4551e000000001f005895,https://www.xiaohongshu.com/explore/69e4551e000000001f005895?source=webshare&xhsshare=pc_web&xsec_token=ABHtr88UWkKZZAADKyuBN5pTKJy_HE5kGjVCcdECQtSM4=&xsec_,成功|被超越者,"荣耀机器人赢麻了🤖我觉得它表情在嘲讽我

",69e47ba6000000001401e41e,1,l1_per_post_mixed,3,2.0,5.0,1.0,7,跑的像章若楠跑,,,,,,,816.0,,5f0187ca00000000010056fc,2026.04.19,广东,"恭喜荣耀包揽金银铜所有奖项！中国力量[赞R]

"
batch1,69e4551e000000001f005895,https://www.xiaohongshu.com/explore/69e4551e000000001f005895?source=webshare&xhsshare=pc_web&xsec_token=ABHtr88UWkKZZAADKyuBN5pTKJy_HE5kGjVCcdECQtSM4=&xsec_,成功|被超越者,"荣耀机器人赢麻了🤖我觉得它表情在嘲讽我

",69e499490000000014019c24,1,l1_per_post_mixed,4,,0.0,1.0,7,马拉松啊这还是,,,,,,,816.0,,649efb0e00000000140360bd,2026.04.19,广东,"恭喜荣耀包揽金银铜所有奖项！中国力量[赞R]

"
batch1,69e4551e000000001f005895,https://www.xiaohongshu.com/explore/69e4551e000000001f005895?source=webshare&xhsshare=pc_web&xsec_token=ABHtr88UWkKZZAADKyuBN5pTKJy_HE5kGjVCcdECQtSM4=&xsec_,成功|被超越者,"荣耀机器人赢麻了🤖我觉得它表情在嘲讽我

",69e490dd000000001401e423,1,l1_per_post_mixed,5,0.0,229.0,82.0,8,宇树机器人成绩呢,,,,,,,816.0,,62517ab8000000001000963a,2026.04.19,北京,"恭喜荣耀包揽金银铜所有奖项！中国力量[赞R]

"
batch1,69e4551e000000001f005895,https://www.xiaohongshu.com/explore/69e4551e000000001f005895?source=webshare&xhsshare=pc_web&xsec_token=ABHtr88UWkKZZAADKyuBN5pTKJy_HE5kGjVCcdECQtSM4=&xsec_,成功|被超越者,"荣耀机器人赢麻了🤖我觉得它表情在嘲讽我

",69e48fe70000000014018c0f,1,l1_per_post_mixed,6,4.0,271.0,7.0,18,机器人：碳基生物真是太菜了[偷笑R],,,,,,,816.0,,5d4023b2000000001203aeda,2026.04.19,上海,"恭喜荣耀包揽金银铜所有奖项！中国力量[赞R]

"
batch1,69e4551e000000001f005895,https://www.xiaohongshu.com/explore/69e4551e000000001f005895?source=webshare&xhsshare=pc_web&xsec_token=ABHtr88UWkKZZAADKyuBN5pTKJy_HE5kGjVCcdECQtSM4=&xsec_,成功|被超越者,"荣耀机器人赢麻了🤖我觉得它表情在嘲讽我

",69e47e9c000000001401a007,1,l1_per_post_mixed,7,,3.0,1.0,12,坐着跑，还挺快[笑哭R],,,,,,,816.0,,5d31538200000000100220ec,2026.04.19,上海,"恭喜荣耀包揽金银铜所有奖项！中国力量[赞R]

"
batch1,69e4551e000000001f005895,https://www.xiaohongshu.com/explore/69e4551e000000001f005895?source=webshare&xhsshare=pc_web&xsec_token=ABHtr88UWkKZZAADKyuBN5pTKJy_HE5kGjVCcdECQtSM4=&xsec_,成功|被超越者,"荣耀机器人赢麻了🤖我觉得它表情在嘲讽我

",69e47f9e0000000014018803,1,l1_per_post_mixed,8,2.0,78.0,11.0,10,没看清，这是多少配速,,,,,,,816.0,,6673c5c80000000007006bbc,2026.04.19,山西,"恭喜荣耀包揽金银铜所有奖项！中国力量[赞R]

"
batch1,69e4551e000000001f005895,https://www.xiaohongshu.com/explore/69e4551e000000001f005895?source=webshare&xhsshare=pc_web&xsec_token=ABHtr88UWkKZZAADKyuBN5pTKJy_HE5kGjVCcdECQtSM4=&xsec_,成功|被超越者,"荣耀机器人赢麻了🤖我觉得它表情在嘲讽我

",69e4848e000000001401cc2f,1,l1_per_post_mixed,9,3.0,94.0,16.0,10,可以买个晚上陪跑吗？,,,,,,,816.0,,5fc6446c0000000001006aa8,2026.04.19,广东,"恭喜荣耀包揽金银铜所有奖项！中国力量[赞R]

"
batch1,69e4551e000000001f005895,https://www.xiaohongshu.com/explore/69e4551e000000001f005895?source=webshare&xhsshare=pc_web&xsec_token=ABHtr88UWkKZZAADKyuBN5pTKJy_HE5kGjVCcdECQtSM4=&xsec_,成功|被超越者,"荣耀机器人赢麻了🤖我觉得它表情在嘲讽我

",69e4c0ce000000001401980e,1,l1_per_post_mixed,10,4.0,93.0,7.0,30,这玩意加个强化外壳，装上遥控炸药，想拦住不太容易呀[笑哭R],,,,,,,816.0,,60fc0523000000002002fa5a,2026.04.19,辽宁,"恭喜荣耀包揽金银铜所有奖项！中国力量[赞R]

"
batch1,69e4551e000000001f005895,https://www.xiaohongshu.com/explore/69e4551e000000001f005895?source=webshare&xhsshare=pc_web&xsec_token=ABHtr88UWkKZZAADKyuBN5pTKJy_HE5kGjVCcdECQtSM4=&xsec_,成功|被超越者,"荣耀机器人赢麻了🤖我觉得它表情在嘲讽我

",69e5aeb9000000001401a81c,1,l1_per_post_mixed,11,3.0,54.0,4.0,8,这一车是程序员么,,,,,,,816.0,,5a7db0bee8ac2b2e33be5fe8,2026.04.20,江苏,"恭喜荣耀包揽金银铜所有奖项！中国力量[赞R]

"
batch1,69e4551e000000001f005895,https://www.xiaohongshu.com/explore/69e4551e000000001f005895?source=webshare&xhsshare=pc_web&xsec_token=ABHtr88UWkKZZAADKyuBN5pTKJy_HE5kGjVCcdECQtSM4=&xsec_,成功|被超越者,"荣耀机器人赢麻了🤖我觉得它表情在嘲讽我

",69e49ce6000000001401b002,1,l1_per_post_mixed,12,4.0,24.0,1.0,11,为科技进步自豪[赞R],,,,,,,816.0,,6530acfd000000002b002aff,2026.04.19,福建,"恭喜荣耀包揽金银铜所有奖项！中国力量[赞R]

"
batch1,69e4551e000000001f005895,https://www.xiaohongshu.com/explore/69e4551e000000001f005895?source=webshare&xhsshare=pc_web&xsec_token=ABHtr88UWkKZZAADKyuBN5pTKJy_HE5kGjVCcdECQtSM4=&xsec_,成功|被超越者,"荣耀机器人赢麻了🤖我觉得它表情在嘲讽我

",69e47927000000001401b00b,1,l1_per_post_mixed,13,0.0,42.0,4.0,23,真不敢想象五年后这种机器人比赛会牛逼成什么样子,,,,,,,816.0,,64942ab4000000002a034200,2026.04.19,山东,"恭喜荣耀包揽金银铜所有奖项！中国力量[赞R]

"
batch1,69e4551e000000001f005895,https://www.xiaohongshu.com/explore/69e4551e000000001f005895?source=webshare&xhsshare=pc_web&xsec_token=ABHtr88UWkKZZAADKyuBN5pTKJy_HE5kGjVCcdECQtSM4=&xsec_,成功|被超越者,"荣耀机器人赢麻了🤖我觉得它表情在嘲讽我

",69e48b36000000001401c808,1,l1_per_post_mixed,14,2.0,38.0,4.0,21,这速度好像堪比电瓶车，估计有50-60码了,,,,,,,816.0,,5976af1d6a6a695142bde0d9,2026.04.19,浙江,"恭喜荣耀包揽金银铜所有奖项！中国力量[赞R]

"
batch1,69e4551e000000001f005895,https://www.xiaohongshu.com/explore/69e4551e000000001f005895?source=webshare&xhsshare=pc_web&xsec_token=ABHtr88UWkKZZAADKyuBN5pTKJy_HE5kGjVCcdECQtSM4=&xsec_,成功|被超越者,"荣耀机器人赢麻了🤖我觉得它表情在嘲讽我

",69e4589d000000001401cc0c,1,l1_per_post_mixed,15,,180.0,7.0,13,笑死哈哈哈哈哈哈哈你追了吗,,,,,,,816.0,,5c073a1c000000000600bbb3,2026.04.19,北京,"恭喜荣耀包揽金银铜所有奖项！中国力量[赞R]

"
batch1,69e4551e000000001f005895,https://www.xiaohongshu.com/explore/69e4551e000000001f005895?source=webshare&xhsshare=pc_web&xsec_token=ABHtr88UWkKZZAADKyuBN5pTKJy_HE5kGjVCcdECQtSM4=&xsec_,成功|被超越者,"荣耀机器人赢麻了🤖我觉得它表情在嘲讽我

",69e4faa3000000001401ac17,1,l1_per_post_mixed,16,5.0,44.0,0.0,14,他这个腰部扭转的设计非常厉害,,,,,,,816.0,,5cdbba5a0000000005034547,2026.04.19,英国,"恭喜荣耀包揽金银铜所有奖项！中国力量[赞R]

"
batch1,69e4551e000000001f005895,https://www.xiaohongshu.com/explore/69e4551e000000001f005895?source=webshare&xhsshare=pc_web&xsec_token=ABHtr88UWkKZZAADKyuBN5pTKJy_HE5kGjVCcdECQtSM4=&xsec_,成功|被超越者,"荣耀机器人赢麻了🤖我觉得它表情在嘲讽我

",69e4857a000000001401b831,1,l1_per_post_mixed,17,,70.0,3.0,4,5年后：,,,,,,,816.0,,5af16a1de8ac2b13747ab3b7,2026.04.19,德国,"恭喜荣耀包揽金银铜所有奖项！中国力量[赞R]

"
batch1,69e4551e000000001f005895,https://www.xiaohongshu.com/explore/69e4551e000000001f005895?source=webshare&xhsshare=pc_web&xsec_token=ABHtr88UWkKZZAADKyuBN5pTKJy_HE5kGjVCcdECQtSM4=&xsec_,成功|被超越者,"荣耀机器人赢麻了🤖我觉得它表情在嘲讽我

",69e48b57000000001401bc2e,1,l1_per_post_mixed,18,5.0,12.0,5.0,11,只要有电它可以保持匀速,,,,,,,816.0,,569892eee4251d36ba970392,2026.04.19,山东,"恭喜荣耀包揽金银铜所有奖项！中国力量[赞R]

"
batch1,69e4551e000000001f005895,https://www.xiaohongshu.com/explore/69e4551e000000001f005895?source=webshare&xhsshare=pc_web&xsec_token=ABHtr88UWkKZZAADKyuBN5pTKJy_HE5kGjVCcdECQtSM4=&xsec_,成功|被超越者,"荣耀机器人赢麻了🤖我觉得它表情在嘲讽我

",69e49d13000000001401dc2a,1,l1_per_post_mixed,19,2.0,38.0,6.0,9,跑起来跟章若楠一样,,,,,,,816.0,,568a03ae6a6a69649c8131e4,2026.04.19,浙江,"恭喜荣耀包揽金银铜所有奖项！中国力量[赞R]

"
batch1,69e4551e000000001f005895,https://www.xiaohongshu.com/explore/69e4551e000000001f005895?source=webshare&xhsshare=pc_web&xsec_token=ABHtr88UWkKZZAADKyuBN5pTKJy_HE5kGjVCcdECQtSM4=&xsec_,成功|被超越者,"荣耀机器人赢麻了🤖我觉得它表情在嘲讽我

",69e49499000000001401b018,1,l1_per_post_mixed,20,0.0,51.0,4.0,14,左边人半马 右边机器人半马？,,,,,,,816.0,,5f7c53da00000000010060bb,2026.04.19,韩国,"恭喜荣耀包揽金银铜所有奖项！中国力量[赞R]

"
batch1,69e4551e000000001f005895,https://www.xiaohongshu.com/explore/69e4551e000000001f005895?source=webshare&xhsshare=pc_web&xsec_token=ABHtr88UWkKZZAADKyuBN5pTKJy_HE5kGjVCcdECQtSM4=&xsec_,成功|被超越者,"荣耀机器人赢麻了🤖我觉得它表情在嘲讽我

",69e4959d000000001401a027,1,l1_per_post_mixed,21,2.0,6.0,2.0,17,我追了一个 415的配速 累死我了,,,,,,,816.0,,5ab1faf311be10423602072c,2026.04.19,北京,"恭喜荣耀包揽金银铜所有奖项！中国力量[赞R]

"
batch1,69e4551e000000001f005895,https://www.xiaohongshu.com/explore/69e4551e000000001f005895?source=webshare&xhsshare=pc_web&xsec_token=ABHtr88UWkKZZAADKyuBN5pTKJy_HE5kGjVCcdECQtSM4=&xsec_,成功|被超越者,"荣耀机器人赢麻了🤖我觉得它表情在嘲讽我

",69e772ae000000001401cc11,1,l1_per_post_mixed,22,1.0,2.0,1.0,5,卧槽路飞！,,,,,,,816.0,,611f963f000000002002a3e1,2026.04.21,北京,"恭喜荣耀包揽金银铜所有奖项！中国力量[赞R]

"
batch1,69e4551e000000001f005895,https://www.xiaohongshu.com/explore/69e4551e000000001f005895?source=webshare&xhsshare=pc_web&xsec_token=ABHtr88UWkKZZAADKyuBN5pTKJy_HE5kGjVCcdECQtSM4=&xsec_,成功|被超越者,"荣耀机器人赢麻了🤖我觉得它表情在嘲讽我

",69e4a631000000001401e42e,1,l1_per_post_mixed,23,0.0,1.0,2.0,23,这么厉害，下周我的机器人指数能回本不[哭惹R],,,,,,,816.0,,62d37c41000000000e00d408,2026.04.19,安徽,"恭喜荣耀包揽金银铜所有奖项！中国力量[赞R]

"
batch1,69e4551e000000001f005895,https://www.xiaohongshu.com/explore/69e4551e000000001f005895?source=webshare&xhsshare=pc_web&xsec_token=ABHtr88UWkKZZAADKyuBN5pTKJy_HE5kGjVCcdECQtSM4=&xsec_,成功|被超越者,"荣耀机器人赢麻了🤖我觉得它表情在嘲讽我

",69e49db5000000001401e405,1,l1_per_post_mixed,24,,0.0,0.0,15,跑这么快是要去干啥呢[笑哭R],,,,,,,816.0,,5ab39f5c11be1014a682b52a,2026.04.19,广东,"恭喜荣耀包揽金银铜所有奖项！中国力量[赞R]

"
batch1,69e4551e000000001f005895,https://www.xiaohongshu.com/explore/69e4551e000000001f005895?source=webshare&xhsshare=pc_web&xsec_token=ABHtr88UWkKZZAADKyuBN5pTKJy_HE5kGjVCcdECQtSM4=&xsec_,成功|被超越者,"荣耀机器人赢麻了🤖我觉得它表情在嘲讽我

",69e49496000000001401d81d,1,l1_per_post_mixed,25,,0.0,2.0,12,@福b 好快[doge],,,,,,,816.0,,5a617b02e8ac2b223094c523,2026.04.19,广东,"恭喜荣耀包揽金银铜所有奖项！中国力量[赞R]

"
batch1,69e4551e000000001f005895,https://www.xiaohongshu.com/explore/69e4551e000000001f005895?source=webshare&xhsshare=pc_web&xsec_token=ABHtr88UWkKZZAADKyuBN5pTKJy_HE5kGjVCcdECQtSM4=&xsec_,成功|被超越者,"荣耀机器人赢麻了🤖我觉得它表情在嘲讽我

",69e4817c000000001401dc2a,1,l1_per_post_mixed,26,,0.0,0.0,8,这么快[点赞R],,,,,,,816.0,,634d5aba000000001802a268,2026.04.19,陕西,"恭喜荣耀包揽金银铜所有奖项！中国力量[赞R]

"
batch1,69e4551e000000001f005895,https://www.xiaohongshu.com/explore/69e4551e000000001f005895?source=webshare&xhsshare=pc_web&xsec_token=ABHtr88UWkKZZAADKyuBN5pTKJy_HE5kGjVCcdECQtSM4=&xsec_,成功|被超越者,"荣耀机器人赢麻了🤖我觉得它表情在嘲讽我

",69e47baa000000001401d827,1,l1_per_post_mixed,27,,0.0,2.0,13,比人快[点赞R][点赞R],,,,,,,816.0,,6593c894000000002001eb7a,2026.04.19,四川,"恭喜荣耀包揽金银铜所有奖项！中国力量[赞R]

"
batch1,69e4551e000000001f005895,https://www.xiaohongshu.com/explore/69e4551e000000001f005895?source=webshare&xhsshare=pc_web&xsec_token=ABHtr88UWkKZZAADKyuBN5pTKJy_HE5kGjVCcdECQtSM4=&xsec_,成功|被超越者,"荣耀机器人赢麻了🤖我觉得它表情在嘲讽我

",69e47395000000001401e037,1,l1_per_post_mixed,28,5.0,36.0,1.0,11,喘气儿的跑不过烧电的！,,,,,,,816.0,,6340e2bd000000001802c875,2026.04.19,山西,"恭喜荣耀包揽金银铜所有奖项！中国力量[赞R]

"
batch1,69e4551e000000001f005895,https://www.xiaohongshu.com/explore/69e4551e000000001f005895?source=webshare&xhsshare=pc_web&xsec_token=ABHtr88UWkKZZAADKyuBN5pTKJy_HE5kGjVCcdECQtSM4=&xsec_,成功|被超越者,"荣耀机器人赢麻了🤖我觉得它表情在嘲讽我

",69e4709e000000001401cc3b,1,l1_per_post_mixed,29,6.0,35.0,1.0,9,分开比赛是有原因的,,,,,,,816.0,,60fd3ec200000000010143cb,2026.04.19,山东,"恭喜荣耀包揽金银铜所有奖项！中国力量[赞R]

"
batch1,69e4551e000000001f005895,https://www.xiaohongshu.com/explore/69e4551e000000001f005895?source=webshare&xhsshare=pc_web&xsec_token=ABHtr88UWkKZZAADKyuBN5pTKJy_HE5kGjVCcdECQtSM4=&xsec_,成功|被超越者,"荣耀机器人赢麻了🤖我觉得它表情在嘲讽我

",69e496a00000000014019000,1,l1_per_post_mixed,30,1.0,0.0,0.0,5,这不像人啊,,,,,,,816.0,,5f2bd0de0000000001001bdf,2026.04.19,福建,"恭喜荣耀包揽金银铜所有奖项！中国力量[赞R]

"
batch1,69e4426b000000001d01c7ed,https://www.xiaohongshu.com/explore/69e4426b000000001d01c7ed?source=webshare&xhsshare=pc_web&xsec_token=ABHtr88UWkKZZAADKyuBN5pbUIlFyuaHMlMd6ouyFruIs=&xsec_source=pc_share,中性|观众,"一个大的一个小的一个废的

",69e46cee000000001401e838,1,l1_per_post_mixed,1,,0.0,0.0,14,@森活鱼块 好搞笑[笑哭R],,,,,,,7334.0,,6545812e000000000301c77a,2026.04.19,广东,"

"
batch1,69e4426b000000001d01c7ed,https://www.xiaohongshu.com/explore/69e4426b000000001d01c7ed?source=webshare&xhsshare=pc_web&xsec_token=ABHtr88UWkKZZAADKyuBN5pbUIlFyuaHMlMd6ouyFruIs=&xsec_source=pc_share,中性|观众,"一个大的一个小的一个废的

",69e46ca2000000001401dc21,1,l1_per_post_mixed,2,3.0,0.0,0.0,12,后面跟的车里有遥控人员吗,,,,,,,7334.0,,55b7a9bd3397db6c311a1959,2026.04.19,天津,"

"
batch1,69e4426b000000001d01c7ed,https://www.xiaohongshu.com/explore/69e4426b000000001d01c7ed?source=webshare&xhsshare=pc_web&xsec_token=ABHtr88UWkKZZAADKyuBN5pbUIlFyuaHMlMd6ouyFruIs=&xsec_source=pc_share,中性|观众,"一个大的一个小的一个废的

",69e604dd000000001401d806,1,l1_per_post_mixed,3,,0.0,0.0,10,怎么个事儿，讹上了？,,,,,,,7334.0,,5fe4c8700000000001008832,2026.04.20,四川,"

"
batch1,69e4426b000000001d01c7ed,https://www.xiaohongshu.com/explore/69e4426b000000001d01c7ed?source=webshare&xhsshare=pc_web&xsec_token=ABHtr88UWkKZZAADKyuBN5pbUIlFyuaHMlMd6ouyFruIs=&xsec_source=pc_share,中性|观众,"一个大的一个小的一个废的

",69e451fd000000001401c806,1,l1_per_post_mixed,4,1.0,5607.0,124.0,40,太可爱啦还拿着奶瓶🍼[笑哭R][笑哭R][笑哭R][笑哭R][笑哭R][笑哭R],,,,,,,7334.0,,5d6548b6000000000101abd0,2026.04.19,广东,"

"
batch1,69e4426b000000001d01c7ed,https://www.xiaohongshu.com/explore/69e4426b000000001d01c7ed?source=webshare&xhsshare=pc_web&xsec_token=ABHtr88UWkKZZAADKyuBN5pbUIlFyuaHMlMd6ouyFruIs=&xsec_source=pc_share,中性|观众,"一个大的一个小的一个废的

",69e45f74000000001401bc0a,1,l1_per_post_mixed,5,0.0,548.0,202.0,53,机器人为什么一定要做成人的形状？为什么不能做成四个轮子着地的，兼顾稳定性和速度，然后加上某种液体就能跑起来,,,,,,,7334.0,,5f4109650000000001005a67,2026.04.19,江苏,"

"
batch1,69e4426b000000001d01c7ed,https://www.xiaohongshu.com/explore/69e4426b000000001d01c7ed?source=webshare&xhsshare=pc_web&xsec_token=ABHtr88UWkKZZAADKyuBN5pbUIlFyuaHMlMd6ouyFruIs=&xsec_source=pc_share,中性|观众,"一个大的一个小的一个废的

",69e46d59000000001401c42a,1,l1_per_post_mixed,6,1.0,1250.0,27.0,17,果然什么东西小了都可爱[喝奶茶R],,,,,,,7334.0,,5cb19a9e0000000012003403,2026.04.19,马来西亚,"

"
batch1,69e4426b000000001d01c7ed,https://www.xiaohongshu.com/explore/69e4426b000000001d01c7ed?source=webshare&xhsshare=pc_web&xsec_token=ABHtr88UWkKZZAADKyuBN5pbUIlFyuaHMlMd6ouyFruIs=&xsec_source=pc_share,中性|观众,"一个大的一个小的一个废的

",69e45ff1000000001401c824,1,l1_per_post_mixed,7,0.0,485.0,11.0,46,这小孩儿后来跑缺电了，蹲地上换电池的时候，被另一个机器人停下来围观，还被他幸灾乐祸地鼓掌来着,,,,,,,7334.0,,602fe8fe000000000100578e,2026.04.19,河北,"

"
batch1,69e4426b000000001d01c7ed,https://www.xiaohongshu.com/explore/69e4426b000000001d01c7ed?source=webshare&xhsshare=pc_web&xsec_token=ABHtr88UWkKZZAADKyuBN5pbUIlFyuaHMlMd6ouyFruIs=&xsec_source=pc_share,中性|观众,"一个大的一个小的一个废的

",69e459f2000000001401bc38,1,l1_per_post_mixed,8,,3313.0,79.0,14,小的还拿了个奶瓶🍼[捂脸R],,,,,,,7334.0,,5e624fc80000000001008118,2026.04.19,上海,"

"
batch1,69e4426b000000001d01c7ed,https://www.xiaohongshu.com/explore/69e4426b000000001d01c7ed?source=webshare&xhsshare=pc_web&xsec_token=ABHtr88UWkKZZAADKyuBN5pbUIlFyuaHMlMd6ouyFruIs=&xsec_source=pc_share,中性|观众,"一个大的一个小的一个废的

",69e481650000000014018c2c,1,l1_per_post_mixed,9,1.0,617.0,12.0,20,什么镜头转过去地上还坐了一个，把我笑抽了,,,,,,,7334.0,,64db26e20000000002011656,2026.04.19,广东,"

"
batch1,69e4426b000000001d01c7ed,https://www.xiaohongshu.com/explore/69e4426b000000001d01c7ed?source=webshare&xhsshare=pc_web&xsec_token=ABHtr88UWkKZZAADKyuBN5pbUIlFyuaHMlMd6ouyFruIs=&xsec_source=pc_share,中性|观众,"一个大的一个小的一个废的

",69e5ef51000000001401bc2e,1,l1_per_post_mixed,10,,0.0,0.0,5,[汗颜R],,,,,,,7334.0,,6662cbbe0000000007005e8a,2026.04.20,河北,"

"
batch1,69e4426b000000001d01c7ed,https://www.xiaohongshu.com/explore/69e4426b000000001d01c7ed?source=webshare&xhsshare=pc_web&xsec_token=ABHtr88UWkKZZAADKyuBN5pbUIlFyuaHMlMd6ouyFruIs=&xsec_source=pc_share,中性|观众,"一个大的一个小的一个废的

",69e45c42000000001401c413,1,l1_per_post_mixed,11,6.0,28.0,13.0,44,为什么春晚的那些机器人都已经可以做那么高含金量的武打动作了，这些机器人却跑步还踉踉跄跄呢,,,,,,,7334.0,,60ba057c0000000001002b81,2026.04.19,湖北,"

"
batch1,69e4426b000000001d01c7ed,https://www.xiaohongshu.com/explore/69e4426b000000001d01c7ed?source=webshare&xhsshare=pc_web&xsec_token=ABHtr88UWkKZZAADKyuBN5pbUIlFyuaHMlMd6ouyFruIs=&xsec_source=pc_share,中性|观众,"一个大的一个小的一个废的

",69e469cd000000001401c41f,1,l1_per_post_mixed,12,,0.0,0.0,5,我笑出了聲,,,,,,,7334.0,,59ef1c8911be1010690eb88a,2026.04.19,广东,"

"
batch1,69e4426b000000001d01c7ed,https://www.xiaohongshu.com/explore/69e4426b000000001d01c7ed?source=webshare&xhsshare=pc_web&xsec_token=ABHtr88UWkKZZAADKyuBN5pbUIlFyuaHMlMd6ouyFruIs=&xsec_source=pc_share,中性|观众,"一个大的一个小的一个废的

",69e46d64000000001401d41d,1,l1_per_post_mixed,13,,0.0,0.0,3,哈哈哈,,,,,,,7334.0,,58b37e1a50c4b4426501798f,2026.04.19,河北,"

"
batch1,69e4426b000000001d01c7ed,https://www.xiaohongshu.com/explore/69e4426b000000001d01c7ed?source=webshare&xhsshare=pc_web&xsec_token=ABHtr88UWkKZZAADKyuBN5pbUIlFyuaHMlMd6ouyFruIs=&xsec_source=pc_share,中性|观众,"一个大的一个小的一个废的

",69e45f7f000000001401e43a,1,l1_per_post_mixed,14,,0.0,1.0,8,哈哈哈哈@柒柒🥕,,,,,,,7334.0,,55979e815894465d184ffa67,2026.04.19,北京,"

"
batch1,69e4426b000000001d01c7ed,https://www.xiaohongshu.com/explore/69e4426b000000001d01c7ed?source=webshare&xhsshare=pc_web&xsec_token=ABHtr88UWkKZZAADKyuBN5pbUIlFyuaHMlMd6ouyFruIs=&xsec_source=pc_share,中性|观众,"一个大的一个小的一个废的

",69e45778000000001401b00b,1,l1_per_post_mixed,15,,0.0,0.0,5,还穿鞋的？,,,,,,,7334.0,,61cd684e000000001f0397bc,2026.04.19,广西,"

"
batch1,69e4426b000000001d01c7ed,https://www.xiaohongshu.com/explore/69e4426b000000001d01c7ed?source=webshare&xhsshare=pc_web&xsec_token=ABHtr88UWkKZZAADKyuBN5pbUIlFyuaHMlMd6ouyFruIs=&xsec_source=pc_share,中性|观众,"一个大的一个小的一个废的

",69e46888000000001401d418,1,l1_per_post_mixed,16,,133.0,20.0,4,还有这个,,,,,,,7334.0,,5b90d6078b41930001a767f5,2026.04.19,河南,"

"
batch1,69e4426b000000001d01c7ed,https://www.xiaohongshu.com/explore/69e4426b000000001d01c7ed?source=webshare&xhsshare=pc_web&xsec_token=ABHtr88UWkKZZAADKyuBN5pbUIlFyuaHMlMd6ouyFruIs=&xsec_source=pc_share,中性|观众,"一个大的一个小的一个废的

",69e45730000000001401dc17,1,l1_per_post_mixed,17,3.0,21.0,2.0,33,刷到一个出发点视频，有工作人员问小孩儿团队，你们还坐车吗[失望R],,,,,,,7334.0,,63acdeac000000002600640d,2026.04.19,北京,"

"
batch1,69e4426b000000001d01c7ed,https://www.xiaohongshu.com/explore/69e4426b000000001d01c7ed?source=webshare&xhsshare=pc_web&xsec_token=ABHtr88UWkKZZAADKyuBN5pbUIlFyuaHMlMd6ouyFruIs=&xsec_source=pc_share,中性|观众,"一个大的一个小的一个废的

",69e4cb4a0000000014019803,1,l1_per_post_mixed,18,,0.0,0.0,11,@siri 哈哈哈哈哈,,,,,,,7334.0,,566b74b65e87e76c719668b2,2026.04.19,江西,"

"
batch1,69e4426b000000001d01c7ed,https://www.xiaohongshu.com/explore/69e4426b000000001d01c7ed?source=webshare&xhsshare=pc_web&xsec_token=ABHtr88UWkKZZAADKyuBN5pbUIlFyuaHMlMd6ouyFruIs=&xsec_source=pc_share,中性|观众,"一个大的一个小的一个废的

",69e45492000000001401b835,1,l1_per_post_mixed,19,1.0,37.0,31.0,26,我们在家门口这，都没等来这个小孩[偷笑R][偷笑R],,,,,,,7334.0,,5c60f7bf0000000011007a13,2026.04.19,北京,"

"
batch1,69e4426b000000001d01c7ed,https://www.xiaohongshu.com/explore/69e4426b000000001d01c7ed?source=webshare&xhsshare=pc_web&xsec_token=ABHtr88UWkKZZAADKyuBN5pbUIlFyuaHMlMd6ouyFruIs=&xsec_source=pc_share,中性|观众,"一个大的一个小的一个废的

",69e45387000000001401a810,1,l1_per_post_mixed,20,1.0,1746.0,40.0,21,这就是斯皮尔伯格镜头的含金量吗[doge],,,,,,,7334.0,,62231eb9000000001000ff70,2026.04.19,北京,"

"
batch1,69e4426b000000001d01c7ed,https://www.xiaohongshu.com/explore/69e4426b000000001d01c7ed?source=webshare&xhsshare=pc_web&xsec_token=ABHtr88UWkKZZAADKyuBN5pbUIlFyuaHMlMd6ouyFruIs=&xsec_source=pc_share,中性|观众,"一个大的一个小的一个废的

",69e4769b000000001401a000,1,l1_per_post_mixed,21,1.0,0.0,0.0,23,镜头一转一个坐在地上的，有点想笑，哈哈哈哈哈哈,,,,,,,7334.0,,5cf7c9ac000000001102c87b,2026.04.19,上海,"

"
batch1,69e4426b000000001d01c7ed,https://www.xiaohongshu.com/explore/69e4426b000000001d01c7ed?source=webshare&xhsshare=pc_web&xsec_token=ABHtr88UWkKZZAADKyuBN5pbUIlFyuaHMlMd6ouyFruIs=&xsec_source=pc_share,中性|观众,"一个大的一个小的一个废的

",69e447c6000000001401b022,1,l1_per_post_mixed,22,1.0,32.0,0.0,18,小孩还拿了个奶瓶，我不行了哈哈哈哈哈,,,,,,,7334.0,,5837d75d6a6a691f512a4946,2026.04.19,湖南,"

"
batch1,69e4426b000000001d01c7ed,https://www.xiaohongshu.com/explore/69e4426b000000001d01c7ed?source=webshare&xhsshare=pc_web&xsec_token=ABHtr88UWkKZZAADKyuBN5pbUIlFyuaHMlMd6ouyFruIs=&xsec_source=pc_share,中性|观众,"一个大的一个小的一个废的

",69e47d660000000014019c00,1,l1_per_post_mixed,23,2.0,1.0,0.0,15,年迈的爷爷追不上孙子[捂脸R],,,,,,,7334.0,,607b15eb000000000101e3d2,2026.04.19,广东,"

"
batch1,69e4426b000000001d01c7ed,https://www.xiaohongshu.com/explore/69e4426b000000001d01c7ed?source=webshare&xhsshare=pc_web&xsec_token=ABHtr88UWkKZZAADKyuBN5pbUIlFyuaHMlMd6ouyFruIs=&xsec_source=pc_share,中性|观众,"一个大的一个小的一个废的

",69e46f9c000000001401e421,1,l1_per_post_mixed,24,1.0,0.0,0.0,9,好有趣 真想去看看,,,,,,,7334.0,,62f673c2000000001f015dd4,2026.04.19,中国台湾,"

"
batch1,69e4426b000000001d01c7ed,https://www.xiaohongshu.com/explore/69e4426b000000001d01c7ed?source=webshare&xhsshare=pc_web&xsec_token=ABHtr88UWkKZZAADKyuBN5pbUIlFyuaHMlMd6ouyFruIs=&xsec_source=pc_share,中性|观众,"一个大的一个小的一个废的

",69e44305000000001401b012,1,l1_per_post_mixed,25,1.0,73.0,1.0,33,哈哈哈哈哈，我还在想，废的在哪里，最后镜头一转，绷不住了[笑哭R],,,,,,,7334.0,,5d9a0600000000000100893f,2026.04.19,山东,"

"
batch1,69e4426b000000001d01c7ed,https://www.xiaohongshu.com/explore/69e4426b000000001d01c7ed?source=webshare&xhsshare=pc_web&xsec_token=ABHtr88UWkKZZAADKyuBN5pbUIlFyuaHMlMd6ouyFruIs=&xsec_source=pc_share,中性|观众,"一个大的一个小的一个废的

",69e45d22000000001401dc30,1,l1_per_post_mixed,26,1.0,54.0,4.0,16,最好看的皮，最废的身体[笑哭R],,,,,,,7334.0,,62447bea00000000210262aa,2026.04.19,广东,"

"
batch1,69e4426b000000001d01c7ed,https://www.xiaohongshu.com/explore/69e4426b000000001d01c7ed?source=webshare&xhsshare=pc_web&xsec_token=ABHtr88UWkKZZAADKyuBN5pbUIlFyuaHMlMd6ouyFruIs=&xsec_source=pc_share,中性|观众,"一个大的一个小的一个废的

",69e4667f000000001401e03a,1,l1_per_post_mixed,27,1.0,0.0,0.0,22,我还在想哪个废，一个占了俩？看到最后给看笑了,,,,,,,7334.0,,5bd7de04d4c0880001d758ea,2026.04.19,重庆,"

"
batch1,69e4426b000000001d01c7ed,https://www.xiaohongshu.com/explore/69e4426b000000001d01c7ed?source=webshare&xhsshare=pc_web&xsec_token=ABHtr88UWkKZZAADKyuBN5pbUIlFyuaHMlMd6ouyFruIs=&xsec_source=pc_share,中性|观众,"一个大的一个小的一个废的

",69e45e7f000000001401a805,1,l1_per_post_mixed,28,,21.0,1.0,4,还有高手,,,,,,,7334.0,,617227140000000002027ca7,2026.04.19,宁夏,"

"
batch1,69e4426b000000001d01c7ed,https://www.xiaohongshu.com/explore/69e4426b000000001d01c7ed?source=webshare&xhsshare=pc_web&xsec_token=ABHtr88UWkKZZAADKyuBN5pbUIlFyuaHMlMd6ouyFruIs=&xsec_source=pc_share,中性|观众,"一个大的一个小的一个废的

",69e4661f000000001401980c,1,l1_per_post_mixed,29,6.0,0.0,3.0,21,@杨羊羊 在你们那儿吗哈哈哈哈哈我看是亦庄,,,,,,,7334.0,,5d2fc437000000001000e83b,2026.04.19,陕西,"

"
batch1,69e4426b000000001d01c7ed,https://www.xiaohongshu.com/explore/69e4426b000000001d01c7ed?source=webshare&xhsshare=pc_web&xsec_token=ABHtr88UWkKZZAADKyuBN5pbUIlFyuaHMlMd6ouyFruIs=&xsec_source=pc_share,中性|观众,"一个大的一个小的一个废的

",69e4a16e000000001401bc05,1,l1_per_post_mixed,30,,0.0,0.0,12,@和光同尘 [doge],,,,,,,7334.0,,5bbe14ff8e9e3e0001da9908,2026.04.19,江苏,"

"
batch1,69e2583b00000000230211ea,https://www.xiaohongshu.com/explore/69e2583b00000000230211ea?source=webshare&xhsshare=pc_web&xsec_token=ABEh-jaB3qs_ulEnGc0ym9HQaX5VchRhbYJsK_5JN8jII=&xsec_source=pc_share,失败|抢救者,"

",69e3465e000000001401b000,1,l1_per_post_mixed,1,2.0,23.0,1.0,11,输在起跑线上[捂脸R],,,,,,,2406.0,,68ae7792000000001900c026,2026.04.18,黑龙江,"马拉松上机器人跑崩了，零件掉一地，最后躺着上担架。

"
batch1,69e2583b00000000230211ea,https://www.xiaohongshu.com/explore/69e2583b00000000230211ea?source=webshare&xhsshare=pc_web&xsec_token=ABEh-jaB3qs_ulEnGc0ym9HQaX5VchRhbYJsK_5JN8jII=&xsec_source=pc_share,失败|抢救者,"

",69e804360000000014019802,1,l1_per_post_mixed,2,2.0,0.0,0.0,6,东一块西一块,,,,,,,2406.0,,5d70bdf2000000000101ab24,2026.04.22,辽宁,"马拉松上机器人跑崩了，零件掉一地，最后躺着上担架。

"
batch1,69e2583b00000000230211ea,https://www.xiaohongshu.com/explore/69e2583b00000000230211ea?source=webshare&xhsshare=pc_web&xsec_token=ABEh-jaB3qs_ulEnGc0ym9HQaX5VchRhbYJsK_5JN8jII=&xsec_source=pc_share,失败|抢救者,"

",69e2f781000000001401880a,1,l1_per_post_mixed,3,,13.0,2.0,7,遥遥领先，赢了,,,,,,,2406.0,,65a933ab00000000080049b3,2026.04.18,北京,"马拉松上机器人跑崩了，零件掉一地，最后躺着上担架。

"
batch1,69e2583b00000000230211ea,https://www.xiaohongshu.com/explore/69e2583b00000000230211ea?source=webshare&xhsshare=pc_web&xsec_token=ABEh-jaB3qs_ulEnGc0ym9HQaX5VchRhbYJsK_5JN8jII=&xsec_source=pc_share,失败|抢救者,"

",69e2f2e9000000001401b801,1,l1_per_post_mixed,4,2.0,217.0,6.0,14,这是面粉做的糖人吗？碎成渣了,,,,,,,2406.0,,602771f10000000001000b41,2026.04.18,天津,"马拉松上机器人跑崩了，零件掉一地，最后躺着上担架。

"
batch1,69e2583b00000000230211ea,https://www.xiaohongshu.com/explore/69e2583b00000000230211ea?source=webshare&xhsshare=pc_web&xsec_token=ABEh-jaB3qs_ulEnGc0ym9HQaX5VchRhbYJsK_5JN8jII=&xsec_source=pc_share,失败|抢救者,"

",69e30727000000001401cc0c,1,l1_per_post_mixed,5,0.0,4.0,7.0,25,为啥马斯克搞了那么多机器人，不见搞这种的[捂脸R],,,,,,,2406.0,,6662b1650000000007004913,2026.04.18,上海,"马拉松上机器人跑崩了，零件掉一地，最后躺着上担架。

"
batch1,69e2583b00000000230211ea,https://www.xiaohongshu.com/explore/69e2583b00000000230211ea?source=webshare&xhsshare=pc_web&xsec_token=ABEh-jaB3qs_ulEnGc0ym9HQaX5VchRhbYJsK_5JN8jII=&xsec_source=pc_share,失败|抢救者,"

",69e2f3fa000000001401a812,1,l1_per_post_mixed,6,2.0,2.0,0.0,16,终于看见什么叫碎了一地[笑哭R],,,,,,,2406.0,,64d1db1f000000000e0244f6,2026.04.18,四川,"马拉松上机器人跑崩了，零件掉一地，最后躺着上担架。

"
batch1,69e2583b00000000230211ea,https://www.xiaohongshu.com/explore/69e2583b00000000230211ea?source=webshare&xhsshare=pc_web&xsec_token=ABEh-jaB3qs_ulEnGc0ym9HQaX5VchRhbYJsK_5JN8jII=&xsec_source=pc_share,失败|抢救者,"

",69e2fc2d000000001401b82a,1,l1_per_post_mixed,7,3.0,6166.0,158.0,26,能不能做成四个轮子的，加一种液体就可以跑起来的那种！,,,,,,,2406.0,,5d7ee9340000000001007f91,2026.04.18,陕西,"马拉松上机器人跑崩了，零件掉一地，最后躺着上担架。

"
batch1,69e2583b00000000230211ea,https://www.xiaohongshu.com/explore/69e2583b00000000230211ea?source=webshare&xhsshare=pc_web&xsec_token=ABEh-jaB3qs_ulEnGc0ym9HQaX5VchRhbYJsK_5JN8jII=&xsec_source=pc_share,失败|抢救者,"

",69e2fd1c000000001401c029,1,l1_per_post_mixed,8,2.0,0.0,0.0,17,为什么摔了一跤就能这么碎[笑哭R],,,,,,,2406.0,,660446e9000000000d027970,2026.04.18,广东,"马拉松上机器人跑崩了，零件掉一地，最后躺着上担架。

"
batch1,69e2583b00000000230211ea,https://www.xiaohongshu.com/explore/69e2583b00000000230211ea?source=webshare&xhsshare=pc_web&xsec_token=ABEh-jaB3qs_ulEnGc0ym9HQaX5VchRhbYJsK_5JN8jII=&xsec_source=pc_share,失败|抢救者,"

",69e7a7150000000014019809,1,l1_per_post_mixed,9,3.0,1030.0,45.0,23,只有我心疼这个机器的报废了吗，程序员不心碎了吗,,,,,,,2406.0,,5f49fb02000000000100a628,2026.04.22,四川,"马拉松上机器人跑崩了，零件掉一地，最后躺着上担架。

"
batch1,69e2583b00000000230211ea,https://www.xiaohongshu.com/explore/69e2583b00000000230211ea?source=webshare&xhsshare=pc_web&xsec_token=ABEh-jaB3qs_ulEnGc0ym9HQaX5VchRhbYJsK_5JN8jII=&xsec_source=pc_share,失败|抢救者,"

",69e3bdb4000000001401d815,1,l1_per_post_mixed,10,,1752.0,25.0,45,直接解体了[捂脸R][捂脸R][捂脸R][捂脸R][笑哭R][笑哭R][笑哭R][笑哭R],,,,,,,2406.0,,5e41ab4d0000000001001979,2026.04.19,湖北,"马拉松上机器人跑崩了，零件掉一地，最后躺着上担架。

"
batch1,69e2583b00000000230211ea,https://www.xiaohongshu.com/explore/69e2583b00000000230211ea?source=webshare&xhsshare=pc_web&xsec_token=ABEh-jaB3qs_ulEnGc0ym9HQaX5VchRhbYJsK_5JN8jII=&xsec_source=pc_share,失败|抢救者,"

",69e2f480000000001401a819,1,l1_per_post_mixed,11,0.0,924.0,39.0,55,这AI吧，不可能啊，机器人怎么摔下也不至于摔成这样，碎哪里都是渣，我儿子的玩具从4楼掉下去都没掉渣，就是变形了,,,,,,,2406.0,,687d0158000000000d03d43e,2026.04.18,山东,"马拉松上机器人跑崩了，零件掉一地，最后躺着上担架。

"
batch1,69e2583b00000000230211ea,https://www.xiaohongshu.com/explore/69e2583b00000000230211ea?source=webshare&xhsshare=pc_web&xsec_token=ABEh-jaB3qs_ulEnGc0ym9HQaX5VchRhbYJsK_5JN8jII=&xsec_source=pc_share,失败|抢救者,"

",69e2ebe5000000001401d833,1,l1_per_post_mixed,12,,841.0,11.0,12,输在了起跑线上[捂脸R],,,,,,,2406.0,,5bebc0621812a50001e5e198,2026.04.18,河北,"马拉松上机器人跑崩了，零件掉一地，最后躺着上担架。

"
batch1,69e2583b00000000230211ea,https://www.xiaohongshu.com/explore/69e2583b00000000230211ea?source=webshare&xhsshare=pc_web&xsec_token=ABEh-jaB3qs_ulEnGc0ym9HQaX5VchRhbYJsK_5JN8jII=&xsec_source=pc_share,失败|抢救者,"

",69e424a3000000001401d402,1,l1_per_post_mixed,13,,0.0,0.0,9,太好笑了[笑哭R],,,,,,,2406.0,,5b8cd4a41243c900013f6d48,2026.04.19,重庆,"马拉松上机器人跑崩了，零件掉一地，最后躺着上担架。

"
batch1,69e2583b00000000230211ea,https://www.xiaohongshu.com/explore/69e2583b00000000230211ea?source=webshare&xhsshare=pc_web&xsec_token=ABEh-jaB3qs_ulEnGc0ym9HQaX5VchRhbYJsK_5JN8jII=&xsec_source=pc_share,失败|抢救者,"

",69e305ee0000000014019826,1,l1_per_post_mixed,14,,29.0,7.0,8,为啥摔的一地土？,,,,,,,2406.0,,63acd82c0000000026006d7e,2026.04.18,四川,"马拉松上机器人跑崩了，零件掉一地，最后躺着上担架。

"
batch1,69e2583b00000000230211ea,https://www.xiaohongshu.com/explore/69e2583b00000000230211ea?source=webshare&xhsshare=pc_web&xsec_token=ABEh-jaB3qs_ulEnGc0ym9HQaX5VchRhbYJsK_5JN8jII=&xsec_source=pc_share,失败|抢救者,"

",69e818870000000014018c12,1,l1_per_post_mixed,15,,0.0,0.0,2,好疼,,,,,,,2406.0,,634ce08d000000001802ad6c,2026.04.22,河北,"马拉松上机器人跑崩了，零件掉一地，最后躺着上担架。

"
batch1,69e2583b00000000230211ea,https://www.xiaohongshu.com/explore/69e2583b00000000230211ea?source=webshare&xhsshare=pc_web&xsec_token=ABEh-jaB3qs_ulEnGc0ym9HQaX5VchRhbYJsK_5JN8jII=&xsec_source=pc_share,失败|抢救者,"

",69e7a5cd000000001401e410,1,l1_per_post_mixed,16,2.0,0.0,0.0,14,好像把骨灰摔出来了[偷笑R],,,,,,,2406.0,,62307f070000000010006ffc,2026.04.22,上海,"马拉松上机器人跑崩了，零件掉一地，最后躺着上担架。

"
batch1,69e2583b00000000230211ea,https://www.xiaohongshu.com/explore/69e2583b00000000230211ea?source=webshare&xhsshare=pc_web&xsec_token=ABEh-jaB3qs_ulEnGc0ym9HQaX5VchRhbYJsK_5JN8jII=&xsec_source=pc_share,失败|抢救者,"

",69e2ee39000000001401e81f,1,l1_per_post_mixed,17,4.0,0.0,0.0,36,这是急着搞投！没弄好硬上赌一把！[汗颜R][汗颜R][吧唧R][吧唧R],,,,,,,2406.0,,62c032870000000019028fcc,2026.04.18,黑龙江,"马拉松上机器人跑崩了，零件掉一地，最后躺着上担架。

"
batch1,69e2583b00000000230211ea,https://www.xiaohongshu.com/explore/69e2583b00000000230211ea?source=webshare&xhsshare=pc_web&xsec_token=ABEh-jaB3qs_ulEnGc0ym9HQaX5VchRhbYJsK_5JN8jII=&xsec_source=pc_share,失败|抢救者,"

",69e30be4000000001401e836,1,l1_per_post_mixed,18,2.0,774.0,12.0,11,粉碎性骨折[doge],,,,,,,2406.0,,65644964000000000202b1a8,2026.04.18,天津,"马拉松上机器人跑崩了，零件掉一地，最后躺着上担架。

"
batch1,69e2583b00000000230211ea,https://www.xiaohongshu.com/explore/69e2583b00000000230211ea?source=webshare&xhsshare=pc_web&xsec_token=ABEh-jaB3qs_ulEnGc0ym9HQaX5VchRhbYJsK_5JN8jII=&xsec_source=pc_share,失败|抢救者,"

",69e302c1000000001401d429,1,l1_per_post_mixed,19,,0.0,0.0,9,那么脆吗[大笑R],,,,,,,2406.0,,6152c5a8000000000201cbfe,2026.04.18,广东,"马拉松上机器人跑崩了，零件掉一地，最后躺着上担架。

"
batch1,69e2583b00000000230211ea,https://www.xiaohongshu.com/explore/69e2583b00000000230211ea?source=webshare&xhsshare=pc_web&xsec_token=ABEh-jaB3qs_ulEnGc0ym9HQaX5VchRhbYJsK_5JN8jII=&xsec_source=pc_share,失败|抢救者,"

",69e4576a0000000014019c24,1,l1_per_post_mixed,20,0.0,0.0,0.0,8,机器人：分头行动,,,,,,,2406.0,,6766bd9f00000000180168e2,2026.04.19,安徽,"马拉松上机器人跑崩了，零件掉一地，最后躺着上担架。

"
batch1,69e2583b00000000230211ea,https://www.xiaohongshu.com/explore/69e2583b00000000230211ea?source=webshare&xhsshare=pc_web&xsec_token=ABEh-jaB3qs_ulEnGc0ym9HQaX5VchRhbYJsK_5JN8jII=&xsec_source=pc_share,失败|抢救者,"

",69e49587000000001401b02a,1,l1_per_post_mixed,21,,0.0,0.0,3,呵呵呵,,,,,,,2406.0,,5f870133000000000100a116,2026.04.19,日本,"马拉松上机器人跑崩了，零件掉一地，最后躺着上担架。

"
batch1,69e2583b00000000230211ea,https://www.xiaohongshu.com/explore/69e2583b00000000230211ea?source=webshare&xhsshare=pc_web&xsec_token=ABEh-jaB3qs_ulEnGc0ym9HQaX5VchRhbYJsK_5JN8jII=&xsec_source=pc_share,失败|抢救者,"

",69e791e9000000001401e813,1,l1_per_post_mixed,22,4.0,0.0,0.0,27,说了多少次了不要用塑料壳[笑哭R][笑哭R][笑哭R],,,,,,,2406.0,,5d3489aa0000000010011528,2026.04.21,浙江,"马拉松上机器人跑崩了，零件掉一地，最后躺着上担架。

"
batch1,69e2583b00000000230211ea,https://www.xiaohongshu.com/explore/69e2583b00000000230211ea?source=webshare&xhsshare=pc_web&xsec_token=ABEh-jaB3qs_ulEnGc0ym9HQaX5VchRhbYJsK_5JN8jII=&xsec_source=pc_share,失败|抢救者,"

",69e8a2820000000014019412,1,l1_per_post_mixed,23,,0.0,0.0,5,苏联造的吗,,,,,,,2406.0,,62028fcf000000001000abdc,2026.04.22,青海,"马拉松上机器人跑崩了，零件掉一地，最后躺着上担架。

"
batch1,69e2583b00000000230211ea,https://www.xiaohongshu.com/explore/69e2583b00000000230211ea?source=webshare&xhsshare=pc_web&xsec_token=ABEh-jaB3qs_ulEnGc0ym9HQaX5VchRhbYJsK_5JN8jII=&xsec_source=pc_share,失败|抢救者,"

",69e30a7a0000000014019c23,1,l1_per_post_mixed,24,0.0,77.0,7.0,24,为啥地上要搞个减速带，是怕机器人跑得太快不减速吗,,,,,,,2406.0,,5744128baed75813df0354d7,2026.04.18,上海,"马拉松上机器人跑崩了，零件掉一地，最后躺着上担架。

"
batch1,69e2583b00000000230211ea,https://www.xiaohongshu.com/explore/69e2583b00000000230211ea?source=webshare&xhsshare=pc_web&xsec_token=ABEh-jaB3qs_ulEnGc0ym9HQaX5VchRhbYJsK_5JN8jII=&xsec_source=pc_share,失败|抢救者,"

",69e2e6c6000000001401e006,1,l1_per_post_mixed,25,,0.0,0.0,4,爆装备了,,,,,,,2406.0,,673f529100000000080089f1,2026.04.18,陕西,"马拉松上机器人跑崩了，零件掉一地，最后躺着上担架。

"
batch1,69e2583b00000000230211ea,https://www.xiaohongshu.com/explore/69e2583b00000000230211ea?source=webshare&xhsshare=pc_web&xsec_token=ABEh-jaB3qs_ulEnGc0ym9HQaX5VchRhbYJsK_5JN8jII=&xsec_source=pc_share,失败|抢救者,"

",69e2f5c1000000001401b80c,1,l1_per_post_mixed,26,4.0,97.0,17.0,18,又要被外媒台媒拿去做文章了[失望R],,,,,,,2406.0,,63273b620000000023026d2d,2026.04.18,湖北,"马拉松上机器人跑崩了，零件掉一地，最后躺着上担架。

"
batch1,69e2583b00000000230211ea,https://www.xiaohongshu.com/explore/69e2583b00000000230211ea?source=webshare&xhsshare=pc_web&xsec_token=ABEh-jaB3qs_ulEnGc0ym9HQaX5VchRhbYJsK_5JN8jII=&xsec_source=pc_share,失败|抢救者,"

",69e2fa8a0000000014019019,1,l1_per_post_mixed,27,0.0,89.0,6.0,39,其实不一定应要走人型方向的机器人，弄个轮子的也不是不行吧，实用性总比观赏性大吧,,,,,,,2406.0,,655c2b14000000000202a6fb,2026.04.18,广东,"马拉松上机器人跑崩了，零件掉一地，最后躺着上担架。

"
batch1,69e2583b00000000230211ea,https://www.xiaohongshu.com/explore/69e2583b00000000230211ea?source=webshare&xhsshare=pc_web&xsec_token=ABEh-jaB3qs_ulEnGc0ym9HQaX5VchRhbYJsK_5JN8jII=&xsec_source=pc_share,失败|抢救者,"

",69e415cc000000001401ac0c,1,l1_per_post_mixed,28,3.0,79.0,4.0,23,旁边还要有人拿着遥控器跟跑操作，纯属造势圈钱！,,,,,,,2406.0,,5f5ce388000000000100b062,2026.04.19,浙江,"马拉松上机器人跑崩了，零件掉一地，最后躺着上担架。

"
batch1,69e2583b00000000230211ea,https://www.xiaohongshu.com/explore/69e2583b00000000230211ea?source=webshare&xhsshare=pc_web&xsec_token=ABEh-jaB3qs_ulEnGc0ym9HQaX5VchRhbYJsK_5JN8jII=&xsec_source=pc_share,失败|抢救者,"

",69e2f832000000001401e016,1,l1_per_post_mixed,29,6.0,35.0,12.0,14,春晚那些会跳舞的机器人哪去了,,,,,,,2406.0,,612049150000000001005335,2026.04.18,福建,"马拉松上机器人跑崩了，零件掉一地，最后躺着上担架。

"
batch1,69e2583b00000000230211ea,https://www.xiaohongshu.com/explore/69e2583b00000000230211ea?source=webshare&xhsshare=pc_web&xsec_token=ABEh-jaB3qs_ulEnGc0ym9HQaX5VchRhbYJsK_5JN8jII=&xsec_source=pc_share,失败|抢救者,"

",69e30a9f000000001401bc02,1,l1_per_post_mixed,30,,26.0,4.0,4,遥遥领先,,,,,,,2406.0,,60232ae30000000001007f62,2026.04.18,广东,"马拉松上机器人跑崩了，零件掉一地，最后躺着上担架。

"
batch1,69db34bb000000001a0348ae,https://www.xiaohongshu.com/explore/69db34bb000000001a0348ae?source=webshare&xhsshare=pc_web&xsec_token=ABmGnOO3uUiWICJt2WQTIPmVYSmSx6guxTfsmY6azmrM8=&xsec_source=pc_share,失败|抢救者,"机器人抢救现场

",69e48f1d0000000014019819,1,l1_per_post_mixed,1,2.0,350.0,104.0,6,担架的必要性,,,,,,4896.0,1198.0,,5b53de0c6b58b7390fc778ce,2026.04.19,广东,"亦庄机器人马拉松

"
batch1,69db34bb000000001a0348ae,https://www.xiaohongshu.com/explore/69db34bb000000001a0348ae?source=webshare&xhsshare=pc_web&xsec_token=ABmGnOO3uUiWICJt2WQTIPmVYSmSx6guxTfsmY6azmrM8=&xsec_source=pc_share,失败|抢救者,"机器人抢救现场

",69dc88aa000000003501e385,1,l1_per_post_mixed,2,,4383.0,135.0,4,太下电了,,,,,,4896.0,1198.0,,567b7bce0bf90c4e4d9a5273,2026.04.13,北京,"亦庄机器人马拉松

"
batch1,69db34bb000000001a0348ae,https://www.xiaohongshu.com/explore/69db34bb000000001a0348ae?source=webshare&xhsshare=pc_web&xsec_token=ABmGnOO3uUiWICJt2WQTIPmVYSmSx6guxTfsmY6azmrM8=&xsec_source=pc_share,失败|抢救者,"机器人抢救现场

",69dc73fa00000000350236af,1,l1_per_post_mixed,3,0.0,2706.0,62.0,18,我还以为是机器人医生来救人[笑哭R],,,,,,4896.0,1198.0,,5b825f4d72dd190001eeab6a,2026.04.13,北京,"亦庄机器人马拉松

"
batch1,69db34bb000000001a0348ae,https://www.xiaohongshu.com/explore/69db34bb000000001a0348ae?source=webshare&xhsshare=pc_web&xsec_token=ABmGnOO3uUiWICJt2WQTIPmVYSmSx6guxTfsmY6azmrM8=&xsec_source=pc_share,失败|抢救者,"机器人抢救现场

",69dc9de80000000002029fb1,1,l1_per_post_mixed,4,0.0,1887.0,63.0,17,我有救了，以后失业可以去抬坏机器人,,,,,,4896.0,1198.0,,5bd282d60e78cd00012f0541,2026.04.13,广东,"亦庄机器人马拉松

"
batch1,69db34bb000000001a0348ae,https://www.xiaohongshu.com/explore/69db34bb000000001a0348ae?source=webshare&xhsshare=pc_web&xsec_token=ABmGnOO3uUiWICJt2WQTIPmVYSmSx6guxTfsmY6azmrM8=&xsec_source=pc_share,失败|抢救者,"机器人抢救现场

",69dcbf41000000000203506c,1,l1_per_post_mixed,5,0.0,359.0,17.0,15,机器人老了可怎么办[doge],,,,,,4896.0,1198.0,,593aaac950c4b47afb0c39db,2026.04.13,湖南,"亦庄机器人马拉松

"
batch1,69db34bb000000001a0348ae,https://www.xiaohongshu.com/explore/69db34bb000000001a0348ae?source=webshare&xhsshare=pc_web&xsec_token=ABmGnOO3uUiWICJt2WQTIPmVYSmSx6guxTfsmY6azmrM8=&xsec_source=pc_share,失败|抢救者,"机器人抢救现场

",69dcb1ea000000000d03c735,1,l1_per_post_mixed,6,1.0,290.0,4.0,8,患者情绪老稳定了,,,,,,4896.0,1198.0,,653494bc0000000006007feb,2026.04.13,河北,"亦庄机器人马拉松

"
batch1,69db34bb000000001a0348ae,https://www.xiaohongshu.com/explore/69db34bb000000001a0348ae?source=webshare&xhsshare=pc_web&xsec_token=ABmGnOO3uUiWICJt2WQTIPmVYSmSx6guxTfsmY6azmrM8=&xsec_source=pc_share,失败|抢救者,"机器人抢救现场

",69dca1ed000000001500405a,1,l1_per_post_mixed,7,0.0,384.0,10.0,11,机器人抢救团队—爱回收,,,,,,4896.0,1198.0,,5b19fdb74eacab2763b1d183,2026.04.13,北京,"亦庄机器人马拉松

"
batch1,69db34bb000000001a0348ae,https://www.xiaohongshu.com/explore/69db34bb000000001a0348ae?source=webshare&xhsshare=pc_web&xsec_token=ABmGnOO3uUiWICJt2WQTIPmVYSmSx6guxTfsmY6azmrM8=&xsec_source=pc_share,失败|抢救者,"机器人抢救现场

",69dca494000000000202b192,1,l1_per_post_mixed,8,1.0,111.0,4.0,11,转转来回收吗[笑哭R],,,,,,4896.0,1198.0,,64bb6f5400000000140373bc,2026.04.13,吉林,"亦庄机器人马拉松

"
batch1,69db34bb000000001a0348ae,https://www.xiaohongshu.com/explore/69db34bb000000001a0348ae?source=webshare&xhsshare=pc_web&xsec_token=ABmGnOO3uUiWICJt2WQTIPmVYSmSx6guxTfsmY6azmrM8=&xsec_source=pc_share,失败|抢救者,"机器人抢救现场

",69dcaa8f00000000350162c0,1,l1_per_post_mixed,9,0.0,39.0,2.0,30,这款机器人给我一种社会一点忙没帮到，纯添乱，而且极其热爱跳舞,,,,,,4896.0,1198.0,,5a6a3de011be102e612d0fd9,2026.04.13,广东,"亦庄机器人马拉松

"
batch1,69db34bb000000001a0348ae,https://www.xiaohongshu.com/explore/69db34bb000000001a0348ae?source=webshare&xhsshare=pc_web&xsec_token=ABmGnOO3uUiWICJt2WQTIPmVYSmSx6guxTfsmY6azmrM8=&xsec_source=pc_share,失败|抢救者,"机器人抢救现场

",69dc8e9100000000020296bb,1,l1_per_post_mixed,10,4.0,264.0,1.0,21,科技服务不了人，还是人在服务科技[捂脸R],,,,,,4896.0,1198.0,,61e6c5900000000010008942,2026.04.13,天津,"亦庄机器人马拉松

"
batch1,69db34bb000000001a0348ae,https://www.xiaohongshu.com/explore/69db34bb000000001a0348ae?source=webshare&xhsshare=pc_web&xsec_token=ABmGnOO3uUiWICJt2WQTIPmVYSmSx6guxTfsmY6azmrM8=&xsec_source=pc_share,失败|抢救者,"机器人抢救现场

",69db9b7c000000000103e0a2,1,l1_per_post_mixed,11,6.0,177.0,0.0,14,菜就多练……充电[doge],,,,,,4896.0,1198.0,,633a79ed000000001802964f,2026.04.12,山东,"亦庄机器人马拉松

"
batch1,69db34bb000000001a0348ae,https://www.xiaohongshu.com/explore/69db34bb000000001a0348ae?source=webshare&xhsshare=pc_web&xsec_token=ABmGnOO3uUiWICJt2WQTIPmVYSmSx6guxTfsmY6azmrM8=&xsec_source=pc_share,失败|抢救者,"机器人抢救现场

",69dca2a8000000000103ef7f,1,l1_per_post_mixed,12,0.0,47.0,0.0,25,机器人还不能救人但是人已经可以救机器人了[得意R],,,,,,4896.0,1198.0,,55cf6cf7e4b1cf63678f75e8,2026.04.13,湖南,"亦庄机器人马拉松

"
batch1,69db34bb000000001a0348ae,https://www.xiaohongshu.com/explore/69db34bb000000001a0348ae?source=webshare&xhsshare=pc_web&xsec_token=ABmGnOO3uUiWICJt2WQTIPmVYSmSx6guxTfsmY6azmrM8=&xsec_source=pc_share,失败|抢救者,"机器人抢救现场

",69dc94e1000000003502fbee,1,l1_per_post_mixed,13,1.0,28.0,0.0,16,好荒诞的场面[笑哭R][笑哭R],,,,,,4896.0,1198.0,,5f96e02500000000010086b3,2026.04.13,安徽,"亦庄机器人马拉松

"
batch1,69db34bb000000001a0348ae,https://www.xiaohongshu.com/explore/69db34bb000000001a0348ae?source=webshare&xhsshare=pc_web&xsec_token=ABmGnOO3uUiWICJt2WQTIPmVYSmSx6guxTfsmY6azmrM8=&xsec_source=pc_share,失败|抢救者,"机器人抢救现场

",69dcf78f000000001500b06c,1,l1_per_post_mixed,14,,1.0,0.0,17,这和意为@小肉圆子儿cry @森洛,,,,,,4896.0,1198.0,,66ab56b8000000001d0222ba,2026.04.13,上海,"亦庄机器人马拉松

"
batch1,69db34bb000000001a0348ae,https://www.xiaohongshu.com/explore/69db34bb000000001a0348ae?source=webshare&xhsshare=pc_web&xsec_token=ABmGnOO3uUiWICJt2WQTIPmVYSmSx6guxTfsmY6azmrM8=&xsec_source=pc_share,失败|抢救者,"机器人抢救现场

",69dc90bb000000000103c55c,1,l1_per_post_mixed,15,4.0,3.0,0.0,20,京东师傅明显对这个业务还不太熟练哈哈哈哈,,,,,,4896.0,1198.0,,5c784fa4000000001800cdc8,2026.04.13,广东,"亦庄机器人马拉松

"
batch1,69db34bb000000001a0348ae,https://www.xiaohongshu.com/explore/69db34bb000000001a0348ae?source=webshare&xhsshare=pc_web&xsec_token=ABmGnOO3uUiWICJt2WQTIPmVYSmSx6guxTfsmY6azmrM8=&xsec_source=pc_share,失败|抢救者,"机器人抢救现场

",69dc8f74000000001601585e,1,l1_per_post_mixed,16,,1.0,1.0,14,@甲乙丙丁  哈哈哈太好玩了,,,,,,4896.0,1198.0,,5b5adf816b58b7228eacee2c,2026.04.13,北京,"亦庄机器人马拉松

"
batch1,69db34bb000000001a0348ae,https://www.xiaohongshu.com/explore/69db34bb000000001a0348ae?source=webshare&xhsshare=pc_web&xsec_token=ABmGnOO3uUiWICJt2WQTIPmVYSmSx6guxTfsmY6azmrM8=&xsec_source=pc_share,失败|抢救者,"机器人抢救现场

",69dc8be6000000000d037a15,1,l1_per_post_mixed,17,,1.0,1.0,18,@Dalmor @松饼 我真受不了了,,,,,,4896.0,1198.0,,59bb3e5182ec3943500d2900,2026.04.13,山东,"亦庄机器人马拉松

"
batch1,69db34bb000000001a0348ae,https://www.xiaohongshu.com/explore/69db34bb000000001a0348ae?source=webshare&xhsshare=pc_web&xsec_token=ABmGnOO3uUiWICJt2WQTIPmVYSmSx6guxTfsmY6azmrM8=&xsec_source=pc_share,失败|抢救者,"机器人抢救现场

",69dcd0c70000000035024f07,1,l1_per_post_mixed,18,1.0,0.0,0.0,9,这是在玩金刚芭比？,,,,,,4896.0,1198.0,,5e70a6eb0000000001009e19,2026.04.13,云南,"亦庄机器人马拉松

"
batch1,69db34bb000000001a0348ae,https://www.xiaohongshu.com/explore/69db34bb000000001a0348ae?source=webshare&xhsshare=pc_web&xsec_token=ABmGnOO3uUiWICJt2WQTIPmVYSmSx6guxTfsmY6azmrM8=&xsec_source=pc_share,失败|抢救者,"机器人抢救现场

",69dcc2e20000000015001fd9,1,l1_per_post_mixed,19,0.0,0.0,0.0,16,嗯，机器人怎么不算人呢[害羞R],,,,,,4896.0,1198.0,,556c1b09e58d133f907ec5db,2026.04.13,上海,"亦庄机器人马拉松

"
batch1,69db34bb000000001a0348ae,https://www.xiaohongshu.com/explore/69db34bb000000001a0348ae?source=webshare&xhsshare=pc_web&xsec_token=ABmGnOO3uUiWICJt2WQTIPmVYSmSx6guxTfsmY6azmrM8=&xsec_source=pc_share,失败|抢救者,"机器人抢救现场

",69dc69c6000000003502eb99,1,l1_per_post_mixed,20,2.0,6.0,1.0,8,笑死，还需要担架,,,,,,4896.0,1198.0,,5ff9a6b0000000000101c297,2026.04.13,云南,"亦庄机器人马拉松

"
batch1,69db34bb000000001a0348ae,https://www.xiaohongshu.com/explore/69db34bb000000001a0348ae?source=webshare&xhsshare=pc_web&xsec_token=ABmGnOO3uUiWICJt2WQTIPmVYSmSx6guxTfsmY6azmrM8=&xsec_source=pc_share,失败|抢救者,"机器人抢救现场

",69dc63e5000000000c030f08,1,l1_per_post_mixed,21,,2.0,0.0,12,哈哈哈哈哈哈哈哈太搞笑了,,,,,,4896.0,1198.0,,5ce0043700000000110325ea,2026.04.13,天津,"亦庄机器人马拉松

"
batch1,69db34bb000000001a0348ae,https://www.xiaohongshu.com/explore/69db34bb000000001a0348ae?source=webshare&xhsshare=pc_web&xsec_token=ABmGnOO3uUiWICJt2WQTIPmVYSmSx6guxTfsmY6azmrM8=&xsec_source=pc_share,失败|抢救者,"机器人抢救现场

",69dcbec0000000001400996f,1,l1_per_post_mixed,22,,0.0,1.0,15,@CCei @vera 我服了,,,,,,4896.0,1198.0,,644fcaad000000000f005e10,2026.04.13,浙江,"亦庄机器人马拉松

"
batch1,69db34bb000000001a0348ae,https://www.xiaohongshu.com/explore/69db34bb000000001a0348ae?source=webshare&xhsshare=pc_web&xsec_token=ABmGnOO3uUiWICJt2WQTIPmVYSmSx6guxTfsmY6azmrM8=&xsec_source=pc_share,失败|抢救者,"机器人抢救现场

",69dca76500000000020366b4,1,l1_per_post_mixed,23,0.0,95.0,13.0,24,社会发展到机器人都有救护车了，却还没有动物救护车,,,,,,4896.0,1198.0,,5595d98e3397db72cdc77a8d,2026.04.13,北京,"亦庄机器人马拉松

"
batch1,69db34bb000000001a0348ae,https://www.xiaohongshu.com/explore/69db34bb000000001a0348ae?source=webshare&xhsshare=pc_web&xsec_token=ABmGnOO3uUiWICJt2WQTIPmVYSmSx6guxTfsmY6azmrM8=&xsec_source=pc_share,失败|抢救者,"机器人抢救现场

",69db674400000000010072c4,1,l1_per_post_mixed,24,,3.0,0.0,7,搞笑[失望R],,,,,,4896.0,1198.0,,57f6569b5e87e7219a4d534c,2026.04.12,北京,"亦庄机器人马拉松

"
batch1,69db34bb000000001a0348ae,https://www.xiaohongshu.com/explore/69db34bb000000001a0348ae?source=webshare&xhsshare=pc_web&xsec_token=ABmGnOO3uUiWICJt2WQTIPmVYSmSx6guxTfsmY6azmrM8=&xsec_source=pc_share,失败|抢救者,"机器人抢救现场

",69dcb0be00000000350251e4,1,l1_per_post_mixed,25,0.0,0.0,1.0,20,机器人抢救车哈哈哈哈哈哈哈！@魔王猫猫头,,,,,,4896.0,1198.0,,614190ea0000000002027778,2026.04.13,河南,"亦庄机器人马拉松

"
batch1,69db34bb000000001a0348ae,https://www.xiaohongshu.com/explore/69db34bb000000001a0348ae?source=webshare&xhsshare=pc_web&xsec_token=ABmGnOO3uUiWICJt2WQTIPmVYSmSx6guxTfsmY6azmrM8=&xsec_source=pc_share,失败|抢救者,"机器人抢救现场

",69dcae5a0000000001006adb,1,l1_per_post_mixed,26,,0.0,0.0,12,@深海的鲨鲨 哈哈哈哈哈,,,,,,4896.0,1198.0,,5668e61fe00dd807620a3a6b,2026.04.13,上海,"亦庄机器人马拉松

"
batch1,69db34bb000000001a0348ae,https://www.xiaohongshu.com/explore/69db34bb000000001a0348ae?source=webshare&xhsshare=pc_web&xsec_token=ABmGnOO3uUiWICJt2WQTIPmVYSmSx6guxTfsmY6azmrM8=&xsec_source=pc_share,失败|抢救者,"机器人抢救现场

",69dc9c060000000035025085,1,l1_per_post_mixed,27,,0.0,0.0,21,@蛋黄派耶- @电光水蚀 笑死怎么还有担架,,,,,,4896.0,1198.0,,603631490000000001008397,2026.04.13,北京,"亦庄机器人马拉松

"
batch1,69db34bb000000001a0348ae,https://www.xiaohongshu.com/explore/69db34bb000000001a0348ae?source=webshare&xhsshare=pc_web&xsec_token=ABmGnOO3uUiWICJt2WQTIPmVYSmSx6guxTfsmY6azmrM8=&xsec_source=pc_share,失败|抢救者,"机器人抢救现场

",69dd8fd70000000015002112,1,l1_per_post_mixed,28,,0.0,1.0,10,@momo [呃R],,,,,,4896.0,1198.0,,5cb9fc2a0000000012006715,2026.04.14,云南,"亦庄机器人马拉松

"
batch1,69db34bb000000001a0348ae,https://www.xiaohongshu.com/explore/69db34bb000000001a0348ae?source=webshare&xhsshare=pc_web&xsec_token=ABmGnOO3uUiWICJt2WQTIPmVYSmSx6guxTfsmY6azmrM8=&xsec_source=pc_share,失败|抢救者,"机器人抢救现场

",69dc9ece0000000002028c22,1,l1_per_post_mixed,29,0.0,51.0,18.0,24,@inl 我以为是机器人救人，没想到是人救机器人,,,,,,4896.0,1198.0,,5b1f737c11be100dcdcfab48,2026.04.13,四川,"亦庄机器人马拉松

"
batch1,69db34bb000000001a0348ae,https://www.xiaohongshu.com/explore/69db34bb000000001a0348ae?source=webshare&xhsshare=pc_web&xsec_token=ABmGnOO3uUiWICJt2WQTIPmVYSmSx6guxTfsmY6azmrM8=&xsec_source=pc_share,失败|抢救者,"机器人抢救现场

",69dc9ebd000000000d03425b,1,l1_per_post_mixed,30,0.0,0.0,1.0,24,@春江无云 以后失业可以去给机器人充电[点赞R],,,,,,4896.0,1198.0,,640c6a50000000000f012eea,2026.04.13,江苏,"亦庄机器人马拉松

"
batch1,69e41e24000000001a025f1a,https://www.xiaohongshu.com/explore/69e41e24000000001a025f1a?source=webshare&xhsshare=pc_web&xsec_token=ABHtr88UWkKZZAADKyuBN5pTeKWMG0bczPVWjI-PKiWg4=&xsec_source=pc_share,失败|观众,"人形机器人半马摔倒瞬间🔥🔥

",69e4779b000000001401c823,1,l1_per_post_mixed,1,0.0,188.0,5.0,32,机器人马拉松会不会影响真人跑者的成绩啊，感觉大家都忍不住看哈哈哈,,,,,,1155.0,129.0,,5c4c2e3700000000100190c3,2026.04.19,北京,"

"
batch1,69e41e24000000001a025f1a,https://www.xiaohongshu.com/explore/69e41e24000000001a025f1a?source=webshare&xhsshare=pc_web&xsec_token=ABHtr88UWkKZZAADKyuBN5pTeKWMG0bczPVWjI-PKiWg4=&xsec_source=pc_share,失败|观众,"人形机器人半马摔倒瞬间🔥🔥

",69e44aa1000000001401ac32,1,l1_per_post_mixed,2,2.0,23.0,2.0,9,摔倒了自己起不来吗,,,,,,1155.0,129.0,,60269e1c0000000001000659,2026.04.19,山东,"

"
batch1,69e41e24000000001a025f1a,https://www.xiaohongshu.com/explore/69e41e24000000001a025f1a?source=webshare&xhsshare=pc_web&xsec_token=ABHtr88UWkKZZAADKyuBN5pTeKWMG0bczPVWjI-PKiWg4=&xsec_source=pc_share,失败|观众,"人形机器人半马摔倒瞬间🔥🔥

",69e4bf1f000000001401c839,1,l1_per_post_mixed,3,2.0,380.0,3.0,8,身体不好就别跑了,,,,,,1155.0,129.0,,5e2869ef000000000100141d,2026.04.19,河北,"

"
batch1,69e41e24000000001a025f1a,https://www.xiaohongshu.com/explore/69e41e24000000001a025f1a?source=webshare&xhsshare=pc_web&xsec_token=ABHtr88UWkKZZAADKyuBN5pTeKWMG0bczPVWjI-PKiWg4=&xsec_source=pc_share,失败|观众,"人形机器人半马摔倒瞬间🔥🔥

",69e46686000000001401a80e,1,l1_per_post_mixed,4,1.0,17.0,2.0,9,为何我看的有点心酸,,,,,,1155.0,129.0,,5b0a05496b58b70b711a86c0,2026.04.19,北京,"

"
batch1,69e41e24000000001a025f1a,https://www.xiaohongshu.com/explore/69e41e24000000001a025f1a?source=webshare&xhsshare=pc_web&xsec_token=ABHtr88UWkKZZAADKyuBN5pTeKWMG0bczPVWjI-PKiWg4=&xsec_source=pc_share,失败|观众,"人形机器人半马摔倒瞬间🔥🔥

",69e4883f000000002b0303e4,1,l1_per_post_mixed,5,3.0,4.0,5.0,19,就是遥控器在控制，就是一个大号玩具而已,,,,,,1155.0,129.0,,69910006000000002603ad86,2026.04.19,美国,"

"
batch1,69e41e24000000001a025f1a,https://www.xiaohongshu.com/explore/69e41e24000000001a025f1a?source=webshare&xhsshare=pc_web&xsec_token=ABHtr88UWkKZZAADKyuBN5pTeKWMG0bczPVWjI-PKiWg4=&xsec_source=pc_share,失败|观众,"人形机器人半马摔倒瞬间🔥🔥

",69e45947000000001401d80b,1,l1_per_post_mixed,6,2.0,7.0,1.0,25,右腿关节处受伤了[吃瓜R]感觉使不上劲了[笑哭R],,,,,,1155.0,129.0,,5fc44a95000000000101e9cc,2026.04.19,浙江,"

"
batch1,69e41e24000000001a025f1a,https://www.xiaohongshu.com/explore/69e41e24000000001a025f1a?source=webshare&xhsshare=pc_web&xsec_token=ABHtr88UWkKZZAADKyuBN5pTeKWMG0bczPVWjI-PKiWg4=&xsec_source=pc_share,失败|观众,"人形机器人半马摔倒瞬间🔥🔥

",69e45137000000001401dc30,1,l1_per_post_mixed,7,0.0,9.0,0.0,16,选手：比赛暂停 嘲笑机器人摔跟头,,,,,,1155.0,129.0,,58a1d1c982ec39354102a428,2026.04.19,北京,"

"
batch1,69e41e24000000001a025f1a,https://www.xiaohongshu.com/explore/69e41e24000000001a025f1a?source=webshare&xhsshare=pc_web&xsec_token=ABHtr88UWkKZZAADKyuBN5pTeKWMG0bczPVWjI-PKiWg4=&xsec_source=pc_share,失败|观众,"人形机器人半马摔倒瞬间🔥🔥

",69e47c50000000001401b80b,1,l1_per_post_mixed,8,,8.0,1.0,7,泡沫都摔出来了,,,,,,1155.0,129.0,,5fd837d200000000010090d9,2026.04.19,安徽,"

"
batch1,69e41e24000000001a025f1a,https://www.xiaohongshu.com/explore/69e41e24000000001a025f1a?source=webshare&xhsshare=pc_web&xsec_token=ABHtr88UWkKZZAADKyuBN5pTeKWMG0bczPVWjI-PKiWg4=&xsec_source=pc_share,失败|观众,"人形机器人半马摔倒瞬间🔥🔥

",69e4e638000000001401ac1a,1,l1_per_post_mixed,9,0.0,7.0,0.0,18,人真的好有爱 还给机器人加油[赞R],,,,,,1155.0,129.0,,60aba3cc00000000010090f1,2026.04.19,辽宁,"

"
batch1,69e41e24000000001a025f1a,https://www.xiaohongshu.com/explore/69e41e24000000001a025f1a?source=webshare&xhsshare=pc_web&xsec_token=ABHtr88UWkKZZAADKyuBN5pTeKWMG0bczPVWjI-PKiWg4=&xsec_source=pc_share,失败|观众,"人形机器人半马摔倒瞬间🔥🔥

",69e4e634000000001401c813,1,l1_per_post_mixed,10,0.0,1.0,1.0,25,机械人跑马拉松的意义是什么？[黑薯问号R]@问一问,,,,,,1155.0,129.0,,663046e40000000003031a9d,2026.04.19,澳大利亚,"

"
batch1,69e41e24000000001a025f1a,https://www.xiaohongshu.com/explore/69e41e24000000001a025f1a?source=webshare&xhsshare=pc_web&xsec_token=ABHtr88UWkKZZAADKyuBN5pTeKWMG0bczPVWjI-PKiWg4=&xsec_source=pc_share,失败|观众,"人形机器人半马摔倒瞬间🔥🔥

",69e4e5410000000014018829,1,l1_per_post_mixed,11,2.0,0.0,0.0,14,只有无数次这样的失败才会成功,,,,,,1155.0,129.0,,6195a93b000000001000a1f7,2026.04.19,湖北,"

"
batch1,69e41e24000000001a025f1a,https://www.xiaohongshu.com/explore/69e41e24000000001a025f1a?source=webshare&xhsshare=pc_web&xsec_token=ABHtr88UWkKZZAADKyuBN5pTeKWMG0bczPVWjI-PKiWg4=&xsec_source=pc_share,失败|观众,"人形机器人半马摔倒瞬间🔥🔥

",69e4b32d000000001401ac23,1,l1_per_post_mixed,12,5.0,0.0,0.0,8,太像我同事喝多了,,,,,,1155.0,129.0,,5ae7fdc2e8ac2b42af003d55,2026.04.19,北京,"

"
batch1,69e41e24000000001a025f1a,https://www.xiaohongshu.com/explore/69e41e24000000001a025f1a?source=webshare&xhsshare=pc_web&xsec_token=ABHtr88UWkKZZAADKyuBN5pTeKWMG0bczPVWjI-PKiWg4=&xsec_source=pc_share,失败|观众,"人形机器人半马摔倒瞬间🔥🔥

",69e60476000000001401a402,1,l1_per_post_mixed,13,6.0,0.0,0.0,20,一车车的工作人员都好年轻啊，好有希望！！,,,,,,1155.0,129.0,,550eb16c4fac633a9372f23e,2026.04.20,江苏,"

"
batch1,69e41e24000000001a025f1a,https://www.xiaohongshu.com/explore/69e41e24000000001a025f1a?source=webshare&xhsshare=pc_web&xsec_token=ABHtr88UWkKZZAADKyuBN5pTeKWMG0bczPVWjI-PKiWg4=&xsec_source=pc_share,失败|观众,"人形机器人半马摔倒瞬间🔥🔥

",69e47f430000000014018c2f,1,l1_per_post_mixed,14,2.0,1.0,0.0,18,脑浆子都摔出来了，还在坚持[笑哭R],,,,,,1155.0,129.0,,60c3a37e000000000100b246,2026.04.19,北京,"

"
batch1,69e41e24000000001a025f1a,https://www.xiaohongshu.com/explore/69e41e24000000001a025f1a?source=webshare&xhsshare=pc_web&xsec_token=ABHtr88UWkKZZAADKyuBN5pTeKWMG0bczPVWjI-PKiWg4=&xsec_source=pc_share,失败|观众,"人形机器人半马摔倒瞬间🔥🔥

",69e4f1d2000000001401ac20,1,l1_per_post_mixed,15,2.0,1.0,0.0,6,节操碎了一地,,,,,,1155.0,129.0,,55d4b43fa75c95722e3fe54b,2026.04.19,中国香港,"

"
batch1,69e41e24000000001a025f1a,https://www.xiaohongshu.com/explore/69e41e24000000001a025f1a?source=webshare&xhsshare=pc_web&xsec_token=ABHtr88UWkKZZAADKyuBN5pTeKWMG0bczPVWjI-PKiWg4=&xsec_source=pc_share,失败|观众,"人形机器人半马摔倒瞬间🔥🔥

",69e4954a000000001401b00d,1,l1_per_post_mixed,16,0.0,0.0,1.0,16,明天又是大a机器人买单[失望R],,,,,,1155.0,129.0,,5c2f785800000000050362b1,2026.04.19,浙江,"

"
batch1,69e41e24000000001a025f1a,https://www.xiaohongshu.com/explore/69e41e24000000001a025f1a?source=webshare&xhsshare=pc_web&xsec_token=ABHtr88UWkKZZAADKyuBN5pTeKWMG0bczPVWjI-PKiWg4=&xsec_source=pc_share,失败|观众,"人形机器人半马摔倒瞬间🔥🔥

",69e485a10000000014019429,1,l1_per_post_mixed,17,0.0,9.0,0.0,29,天啊，如今轮到人类给机器人加油鼓励，还挺真诚的。[石化R],,,,,,1155.0,129.0,,64b9fb6d000000001403c9c6,2026.04.19,广西,"

"
batch1,69e41e24000000001a025f1a,https://www.xiaohongshu.com/explore/69e41e24000000001a025f1a?source=webshare&xhsshare=pc_web&xsec_token=ABHtr88UWkKZZAADKyuBN5pTeKWMG0bczPVWjI-PKiWg4=&xsec_source=pc_share,失败|观众,"人形机器人半马摔倒瞬间🔥🔥

",69e482ba000000001401e430,1,l1_per_post_mixed,18,1.0,7.0,0.0,14,由于太像人了确实会引人共情啊,,,,,,1155.0,129.0,,557026d7b7ba221e90669a8b,2026.04.19,北京,"

"
batch1,69e41e24000000001a025f1a,https://www.xiaohongshu.com/explore/69e41e24000000001a025f1a?source=webshare&xhsshare=pc_web&xsec_token=ABHtr88UWkKZZAADKyuBN5pTeKWMG0bczPVWjI-PKiWg4=&xsec_source=pc_share,失败|观众,"人形机器人半马摔倒瞬间🔥🔥

",69e482aa000000001401c815,1,l1_per_post_mixed,19,2.0,5.0,0.0,31,哈哈哈哈哈旁边那些跑步的人，毫无PB的欲望，全是对看热闹的渴望,,,,,,1155.0,129.0,,63db76c7000000002702ab7e,2026.04.19,澳大利亚,"

"
batch1,69e41e24000000001a025f1a,https://www.xiaohongshu.com/explore/69e41e24000000001a025f1a?source=webshare&xhsshare=pc_web&xsec_token=ABHtr88UWkKZZAADKyuBN5pTeKWMG0bczPVWjI-PKiWg4=&xsec_source=pc_share,失败|观众,"人形机器人半马摔倒瞬间🔥🔥

",69e47d32000000001401d402,1,l1_per_post_mixed,20,1.0,7.0,0.0,6,甚至有点励志,,,,,,1155.0,129.0,,5b9ba7883da23b0001444f38,2026.04.19,北京,"

"
batch1,69e41e24000000001a025f1a,https://www.xiaohongshu.com/explore/69e41e24000000001a025f1a?source=webshare&xhsshare=pc_web&xsec_token=ABHtr88UWkKZZAADKyuBN5pTeKWMG0bczPVWjI-PKiWg4=&xsec_source=pc_share,失败|观众,"人形机器人半马摔倒瞬间🔥🔥

",69e4371e0000000014018c26,1,l1_per_post_mixed,21,,5.0,0.0,5,还挺励志的,,,,,,1155.0,129.0,,6065211200000000010064ac,2026.04.19,广东,"

"
batch1,69e41e24000000001a025f1a,https://www.xiaohongshu.com/explore/69e41e24000000001a025f1a?source=webshare&xhsshare=pc_web&xsec_token=ABHtr88UWkKZZAADKyuBN5pTeKWMG0bczPVWjI-PKiWg4=&xsec_source=pc_share,失败|观众,"人形机器人半马摔倒瞬间🔥🔥

",69e594a7000000001401bc13,1,l1_per_post_mixed,22,5.0,0.0,0.0,7,告诉我喝了多少,,,,,,1155.0,129.0,,68c5123e0000000019019a71,2026.04.20,福建,"

"
batch1,69e41e24000000001a025f1a,https://www.xiaohongshu.com/explore/69e41e24000000001a025f1a?source=webshare&xhsshare=pc_web&xsec_token=ABHtr88UWkKZZAADKyuBN5pTeKWMG0bczPVWjI-PKiWg4=&xsec_source=pc_share,失败|观众,"人形机器人半马摔倒瞬间🔥🔥

",69e57b5c000000001401d418,1,l1_per_post_mixed,23,,0.0,0.0,3,喝多了,,,,,,1155.0,129.0,,61905307000000001000c183,2026.04.20,陕西,"

"
batch1,69e41e24000000001a025f1a,https://www.xiaohongshu.com/explore/69e41e24000000001a025f1a?source=webshare&xhsshare=pc_web&xsec_token=ABHtr88UWkKZZAADKyuBN5pTeKWMG0bczPVWjI-PKiWg4=&xsec_source=pc_share,失败|观众,"人形机器人半马摔倒瞬间🔥🔥

",69e5bca4000000001401e829,1,l1_per_post_mixed,24,,0.0,0.0,11,头重脚轻哈哈[笑哭R],,,,,,1155.0,129.0,,637d278d000000001f015c9f,2026.04.20,新加坡,"

"
batch1,69e41e24000000001a025f1a,https://www.xiaohongshu.com/explore/69e41e24000000001a025f1a?source=webshare&xhsshare=pc_web&xsec_token=ABHtr88UWkKZZAADKyuBN5pTeKWMG0bczPVWjI-PKiWg4=&xsec_source=pc_share,失败|观众,"人形机器人半马摔倒瞬间🔥🔥

",69e45ad8000000001401dc0a,1,l1_per_post_mixed,25,,0.0,0.0,5,喝了假酒了,,,,,,1155.0,129.0,,5da67847000000000100516f,2026.04.19,北京,"

"
batch1,69e41e24000000001a025f1a,https://www.xiaohongshu.com/explore/69e41e24000000001a025f1a?source=webshare&xhsshare=pc_web&xsec_token=ABHtr88UWkKZZAADKyuBN5pTeKWMG0bczPVWjI-PKiWg4=&xsec_source=pc_share,失败|观众,"人形机器人半马摔倒瞬间🔥🔥

",69e44d99000000001401cc16,1,l1_per_post_mixed,26,,1.0,0.0,4,摔蒙圈了,,,,,,1155.0,129.0,,645c88ac000000002a00a34c,2026.04.19,山东,"

"
batch1,69e41e24000000001a025f1a,https://www.xiaohongshu.com/explore/69e41e24000000001a025f1a?source=webshare&xhsshare=pc_web&xsec_token=ABHtr88UWkKZZAADKyuBN5pTeKWMG0bczPVWjI-PKiWg4=&xsec_source=pc_share,失败|观众,"人形机器人半马摔倒瞬间🔥🔥

",69e445cb000000001401c431,1,l1_per_post_mixed,27,1.0,2.0,0.0,11,隔壁那群人纷纷掏出手机,,,,,,1155.0,129.0,,615976c8000000001f03461f,2026.04.19,北京,"

"
batch1,69e41e24000000001a025f1a,https://www.xiaohongshu.com/explore/69e41e24000000001a025f1a?source=webshare&xhsshare=pc_web&xsec_token=ABHtr88UWkKZZAADKyuBN5pTeKWMG0bczPVWjI-PKiWg4=&xsec_source=pc_share,失败|观众,"人形机器人半马摔倒瞬间🔥🔥

",69e43ee8000000001401c013,1,l1_per_post_mixed,28,2.0,0.0,0.0,20,看到了我，她摔得时候我亲眼所见噼里啪啦的,,,,,,1155.0,129.0,,5bcef806779bd50001870709,2026.04.19,北京,"

"
batch1,69e41e24000000001a025f1a,https://www.xiaohongshu.com/explore/69e41e24000000001a025f1a?source=webshare&xhsshare=pc_web&xsec_token=ABHtr88UWkKZZAADKyuBN5pTeKWMG0bczPVWjI-PKiWg4=&xsec_source=pc_share,失败|观众,"人形机器人半马摔倒瞬间🔥🔥

",69e43c89000000001401d806,1,l1_per_post_mixed,29,2.0,1.0,0.0,7,摔出脑浆子了！,,,,,,1155.0,129.0,,555465a2c2bdeb60c6cc0d97,2026.04.19,北京,"

"
batch1,69e41e24000000001a025f1a,https://www.xiaohongshu.com/explore/69e41e24000000001a025f1a?source=webshare&xhsshare=pc_web&xsec_token=ABHtr88UWkKZZAADKyuBN5pTeKWMG0bczPVWjI-PKiWg4=&xsec_source=pc_share,失败|观众,"人形机器人半马摔倒瞬间🔥🔥

",69e42cb3000000001401c41a,1,l1_per_post_mixed,30,2.0,79.0,11.0,13,啥东西，碎一地[doge],,,,,,1155.0,129.0,,5510028bb4c4d6387ad6a2d9,2026.04.19,北京,"

"
batch1,69da7e87000000001a03484e,https://www.xiaohongshu.com/explore/69da7e87000000001a03484e?source=webshare&xhsshare=pc_web&xsec_token=ABNBHHNeP1pQepTYoKTNbl6lC82nUfCh7p4tjQ0yh3Yco=&xsec_source=pc_share,成功|观众,"今晚的亦庄机器人马拉松测试

",69db4a9a000000001601789c,1,l1_per_post_mixed,1,4.0,1.0,0.0,21,这速度拿着枪来追你，就问你怕不怕[扶墙R],,,,,,,8169.0,,678b9bb5000000000e01e5b3,2026.04.12,广东,"是什么让我熬夜剪视频，是亦庄的机器人马拉松测试！！快的几位是真快啊，完全是原速度（按跑过我面前的速度排序），咣当咣当跑过去了
慢的也是真慢，还有没头的机器人，也有摔跤的跑得歪歪扭扭突然不跑的，早上再剪了 总得来说很有意思

"
batch1,69da7e87000000001a03484e,https://www.xiaohongshu.com/explore/69da7e87000000001a03484e?source=webshare&xhsshare=pc_web&xsec_token=ABNBHHNeP1pQepTYoKTNbl6lC82nUfCh7p4tjQ0yh3Yco=&xsec_source=pc_share,成功|观众,"今晚的亦庄机器人马拉松测试

",69dab64a0000000016015dcc,1,l1_per_post_mixed,2,0.0,361.0,13.0,50,上次见机器人跑步视频，还是两个肥仔在旁边跟着呢。现在这个视频要是没加速，估计程序员跟不上了[笑哭R],,,,,,,8169.0,,5f532c2c000000000101eb92,2026.04.12,美国,"是什么让我熬夜剪视频，是亦庄的机器人马拉松测试！！快的几位是真快啊，完全是原速度（按跑过我面前的速度排序），咣当咣当跑过去了
慢的也是真慢，还有没头的机器人，也有摔跤的跑得歪歪扭扭突然不跑的，早上再剪了 总得来说很有意思

"
batch1,69da7e87000000001a03484e,https://www.xiaohongshu.com/explore/69da7e87000000001a03484e?source=webshare&xhsshare=pc_web&xsec_token=ABNBHHNeP1pQepTYoKTNbl6lC82nUfCh7p4tjQ0yh3Yco=&xsec_source=pc_share,成功|观众,"今晚的亦庄机器人马拉松测试

",69db6f40000000003501d042,1,l1_per_post_mixed,3,,0.0,0.0,11,[哭惹R]都是扁平足？,,,,,,,8169.0,,674d37fd00000000010012a9,2026.04.12,北京,"是什么让我熬夜剪视频，是亦庄的机器人马拉松测试！！快的几位是真快啊，完全是原速度（按跑过我面前的速度排序），咣当咣当跑过去了
慢的也是真慢，还有没头的机器人，也有摔跤的跑得歪歪扭扭突然不跑的，早上再剪了 总得来说很有意思

"
batch1,69da7e87000000001a03484e,https://www.xiaohongshu.com/explore/69da7e87000000001a03484e?source=webshare&xhsshare=pc_web&xsec_token=ABNBHHNeP1pQepTYoKTNbl6lC82nUfCh7p4tjQ0yh3Yco=&xsec_source=pc_share,成功|观众,"今晚的亦庄机器人马拉松测试

",69dafb65000000001500583a,1,l1_per_post_mixed,4,3.0,80.0,6.0,27,今年不用选体能好的程序员跟跑了，因为体能再好都跟不上了,,,,,,,8169.0,,623e891c000000001000eccd,2026.04.12,江苏,"是什么让我熬夜剪视频，是亦庄的机器人马拉松测试！！快的几位是真快啊，完全是原速度（按跑过我面前的速度排序），咣当咣当跑过去了
慢的也是真慢，还有没头的机器人，也有摔跤的跑得歪歪扭扭突然不跑的，早上再剪了 总得来说很有意思

"
batch1,69da7e87000000001a03484e,https://www.xiaohongshu.com/explore/69da7e87000000001a03484e?source=webshare&xhsshare=pc_web&xsec_token=ABNBHHNeP1pQepTYoKTNbl6lC82nUfCh7p4tjQ0yh3Yco=&xsec_source=pc_share,成功|观众,"今晚的亦庄机器人马拉松测试

",69daf44c0000000002034816,1,l1_per_post_mixed,5,1.0,91.0,15.0,27,好多唱反调的人，我怀疑是小红书用算法在挑动对立[赞R],,,,,,,8169.0,,583846e26a6a693ad720a77a,2026.04.12,浙江,"是什么让我熬夜剪视频，是亦庄的机器人马拉松测试！！快的几位是真快啊，完全是原速度（按跑过我面前的速度排序），咣当咣当跑过去了
慢的也是真慢，还有没头的机器人，也有摔跤的跑得歪歪扭扭突然不跑的，早上再剪了 总得来说很有意思

"
batch1,69da7e87000000001a03484e,https://www.xiaohongshu.com/explore/69da7e87000000001a03484e?source=webshare&xhsshare=pc_web&xsec_token=ABNBHHNeP1pQepTYoKTNbl6lC82nUfCh7p4tjQ0yh3Yco=&xsec_source=pc_share,成功|观众,"今晚的亦庄机器人马拉松测试

",69dafe15000000000d03e54c,1,l1_per_post_mixed,6,0.0,87.0,12.0,85,我发现小红书好多人还在为机器人到底有啥用耿耿于怀，觉得就是跑个步跳个舞打个拳，又不能洗碗洗衣服带娃啥的那就是没用[笑哭R]他们觉得这玩意儿一诞生这些家务活就应该手到擒来。,,,,,,,8169.0,,61515979000000000201fff6,2026.04.12,浙江,"是什么让我熬夜剪视频，是亦庄的机器人马拉松测试！！快的几位是真快啊，完全是原速度（按跑过我面前的速度排序），咣当咣当跑过去了
慢的也是真慢，还有没头的机器人，也有摔跤的跑得歪歪扭扭突然不跑的，早上再剪了 总得来说很有意思

"
batch1,69da7e87000000001a03484e,https://www.xiaohongshu.com/explore/69da7e87000000001a03484e?source=webshare&xhsshare=pc_web&xsec_token=ABNBHHNeP1pQepTYoKTNbl6lC82nUfCh7p4tjQ0yh3Yco=&xsec_source=pc_share,成功|观众,"今晚的亦庄机器人马拉松测试

",69db09350000000035018759,1,l1_per_post_mixed,7,0.0,77.0,76.0,47,我也觉得人行机器人的用途在哪？没必要完全做成人的模样吧 要说让他跑 做成轮子更快 更节约成本啊,,,,,,,8169.0,,64b0be30000000001f00419e,2026.04.12,日本,"是什么让我熬夜剪视频，是亦庄的机器人马拉松测试！！快的几位是真快啊，完全是原速度（按跑过我面前的速度排序），咣当咣当跑过去了
慢的也是真慢，还有没头的机器人，也有摔跤的跑得歪歪扭扭突然不跑的，早上再剪了 总得来说很有意思

"
batch1,69da7e87000000001a03484e,https://www.xiaohongshu.com/explore/69da7e87000000001a03484e?source=webshare&xhsshare=pc_web&xsec_token=ABNBHHNeP1pQepTYoKTNbl6lC82nUfCh7p4tjQ0yh3Yco=&xsec_source=pc_share,成功|观众,"今晚的亦庄机器人马拉松测试

",69db2e7c0000000035026ecb,1,l1_per_post_mixed,8,6.0,0.0,0.0,13,真就是骡子是马拉出来溜溜了,,,,,,,8169.0,,5a653f70b1da145e29268b4f,2026.04.12,江苏,"是什么让我熬夜剪视频，是亦庄的机器人马拉松测试！！快的几位是真快啊，完全是原速度（按跑过我面前的速度排序），咣当咣当跑过去了
慢的也是真慢，还有没头的机器人，也有摔跤的跑得歪歪扭扭突然不跑的，早上再剪了 总得来说很有意思

"
batch1,69da7e87000000001a03484e,https://www.xiaohongshu.com/explore/69da7e87000000001a03484e?source=webshare&xhsshare=pc_web&xsec_token=ABNBHHNeP1pQepTYoKTNbl6lC82nUfCh7p4tjQ0yh3Yco=&xsec_source=pc_share,成功|观众,"今晚的亦庄机器人马拉松测试

",69db07d900000000020368d2,1,l1_per_post_mixed,9,6.0,202.0,9.0,44,上一次比赛被骂路都走不明白，这次都能跑的飞快了就骂跑的快有什么用[赞R][赞R][赞R],,,,,,,8169.0,,61f76bff000000001000a222,2026.04.12,黑龙江,"是什么让我熬夜剪视频，是亦庄的机器人马拉松测试！！快的几位是真快啊，完全是原速度（按跑过我面前的速度排序），咣当咣当跑过去了
慢的也是真慢，还有没头的机器人，也有摔跤的跑得歪歪扭扭突然不跑的，早上再剪了 总得来说很有意思

"
batch1,69da7e87000000001a03484e,https://www.xiaohongshu.com/explore/69da7e87000000001a03484e?source=webshare&xhsshare=pc_web&xsec_token=ABNBHHNeP1pQepTYoKTNbl6lC82nUfCh7p4tjQ0yh3Yco=&xsec_source=pc_share,成功|观众,"今晚的亦庄机器人马拉松测试

",69dafb8f0000000016014fbc,1,l1_per_post_mixed,10,6.0,69.0,31.0,12,比起昨年，肉眼可见的进步,,,,,,,8169.0,,5fd0472f000000000101d26e,2026.04.12,四川,"是什么让我熬夜剪视频，是亦庄的机器人马拉松测试！！快的几位是真快啊，完全是原速度（按跑过我面前的速度排序），咣当咣当跑过去了
慢的也是真慢，还有没头的机器人，也有摔跤的跑得歪歪扭扭突然不跑的，早上再剪了 总得来说很有意思

"
batch1,69da7e87000000001a03484e,https://www.xiaohongshu.com/explore/69da7e87000000001a03484e?source=webshare&xhsshare=pc_web&xsec_token=ABNBHHNeP1pQepTYoKTNbl6lC82nUfCh7p4tjQ0yh3Yco=&xsec_source=pc_share,成功|观众,"今晚的亦庄机器人马拉松测试

",69db2143000000000d03d479,1,l1_per_post_mixed,11,2.0,0.0,0.0,11,担心水泥地被他凿出洞来,,,,,,,8169.0,,63816c3c000000001f017ee0,2026.04.12,日本,"是什么让我熬夜剪视频，是亦庄的机器人马拉松测试！！快的几位是真快啊，完全是原速度（按跑过我面前的速度排序），咣当咣当跑过去了
慢的也是真慢，还有没头的机器人，也有摔跤的跑得歪歪扭扭突然不跑的，早上再剪了 总得来说很有意思

"
batch1,69da7e87000000001a03484e,https://www.xiaohongshu.com/explore/69da7e87000000001a03484e?source=webshare&xhsshare=pc_web&xsec_token=ABNBHHNeP1pQepTYoKTNbl6lC82nUfCh7p4tjQ0yh3Yco=&xsec_source=pc_share,成功|观众,"今晚的亦庄机器人马拉松测试

",69daff69000000000d037644,1,l1_per_post_mixed,12,3.0,0.0,0.0,11,跟F1追求极限速度一样,,,,,,,8169.0,,5ada99fadb2e602ceb5e71b7,2026.04.12,陕西,"是什么让我熬夜剪视频，是亦庄的机器人马拉松测试！！快的几位是真快啊，完全是原速度（按跑过我面前的速度排序），咣当咣当跑过去了
慢的也是真慢，还有没头的机器人，也有摔跤的跑得歪歪扭扭突然不跑的，早上再剪了 总得来说很有意思

"
batch1,69da7e87000000001a03484e,https://www.xiaohongshu.com/explore/69da7e87000000001a03484e?source=webshare&xhsshare=pc_web&xsec_token=ABNBHHNeP1pQepTYoKTNbl6lC82nUfCh7p4tjQ0yh3Yco=&xsec_source=pc_share,成功|观众,"今晚的亦庄机器人马拉松测试

",69db0fce0000000015005918,1,l1_per_post_mixed,13,4.0,91.0,34.0,11,可以用于灾害救援啊这个,,,,,,,8169.0,,62d827ae0000000002001e7e,2026.04.12,广东,"是什么让我熬夜剪视频，是亦庄的机器人马拉松测试！！快的几位是真快啊，完全是原速度（按跑过我面前的速度排序），咣当咣当跑过去了
慢的也是真慢，还有没头的机器人，也有摔跤的跑得歪歪扭扭突然不跑的，早上再剪了 总得来说很有意思

"
batch1,69da7e87000000001a03484e,https://www.xiaohongshu.com/explore/69da7e87000000001a03484e?source=webshare&xhsshare=pc_web&xsec_token=ABNBHHNeP1pQepTYoKTNbl6lC82nUfCh7p4tjQ0yh3Yco=&xsec_source=pc_share,成功|观众,"今晚的亦庄机器人马拉松测试

",69db1a7d0000000002029e3f,1,l1_per_post_mixed,14,4.0,1.0,0.0,17,这个机器人是用来送外卖的吗[呃R],,,,,,,8169.0,,5c3f0de9000000000503840c,2026.04.12,北京,"是什么让我熬夜剪视频，是亦庄的机器人马拉松测试！！快的几位是真快啊，完全是原速度（按跑过我面前的速度排序），咣当咣当跑过去了
慢的也是真慢，还有没头的机器人，也有摔跤的跑得歪歪扭扭突然不跑的，早上再剪了 总得来说很有意思

"
batch1,69da7e87000000001a03484e,https://www.xiaohongshu.com/explore/69da7e87000000001a03484e?source=webshare&xhsshare=pc_web&xsec_token=ABNBHHNeP1pQepTYoKTNbl6lC82nUfCh7p4tjQ0yh3Yco=&xsec_source=pc_share,成功|观众,"今晚的亦庄机器人马拉松测试

",69db2bea0000000001004eac,1,l1_per_post_mixed,15,1.0,0.0,0.0,25,我去我好像看见我家了[汗颜R][汗颜R][汗颜R],,,,,,,8169.0,,5f2383c8000000000101e629,2026.04.12,北京,"是什么让我熬夜剪视频，是亦庄的机器人马拉松测试！！快的几位是真快啊，完全是原速度（按跑过我面前的速度排序），咣当咣当跑过去了
慢的也是真慢，还有没头的机器人，也有摔跤的跑得歪歪扭扭突然不跑的，早上再剪了 总得来说很有意思

"
batch1,69da7e87000000001a03484e,https://www.xiaohongshu.com/explore/69da7e87000000001a03484e?source=webshare&xhsshare=pc_web&xsec_token=ABNBHHNeP1pQepTYoKTNbl6lC82nUfCh7p4tjQ0yh3Yco=&xsec_source=pc_share,成功|观众,"今晚的亦庄机器人马拉松测试

",69daef220000000035024590,1,l1_per_post_mixed,16,0.0,4613.0,241.0,49,你们这些说机器人跑步没用的人。想想你们老的走不动路的时候。突然心梗 机器人就可以飞一样背着去医院。,,,,,,,8169.0,,6225a0840000000010004d0d,2026.04.12,美国,"是什么让我熬夜剪视频，是亦庄的机器人马拉松测试！！快的几位是真快啊，完全是原速度（按跑过我面前的速度排序），咣当咣当跑过去了
慢的也是真慢，还有没头的机器人，也有摔跤的跑得歪歪扭扭突然不跑的，早上再剪了 总得来说很有意思

"
batch1,69da7e87000000001a03484e,https://www.xiaohongshu.com/explore/69da7e87000000001a03484e?source=webshare&xhsshare=pc_web&xsec_token=ABNBHHNeP1pQepTYoKTNbl6lC82nUfCh7p4tjQ0yh3Yco=&xsec_source=pc_share,成功|观众,"今晚的亦庄机器人马拉松测试

",69db30220000000016016d90,1,l1_per_post_mixed,17,0.0,537.0,166.0,38,假如，我是说假如，某一天，机器人造反了，我们会不会连开车都追不上了[笑哭R],,,,,,,8169.0,,6787d0a3000000000803e9aa,2026.04.12,广东,"是什么让我熬夜剪视频，是亦庄的机器人马拉松测试！！快的几位是真快啊，完全是原速度（按跑过我面前的速度排序），咣当咣当跑过去了
慢的也是真慢，还有没头的机器人，也有摔跤的跑得歪歪扭扭突然不跑的，早上再剪了 总得来说很有意思

"
batch1,69da7e87000000001a03484e,https://www.xiaohongshu.com/explore/69da7e87000000001a03484e?source=webshare&xhsshare=pc_web&xsec_token=ABNBHHNeP1pQepTYoKTNbl6lC82nUfCh7p4tjQ0yh3Yco=&xsec_source=pc_share,成功|观众,"今晚的亦庄机器人马拉松测试

",69db7fb1000000000c031c62,1,l1_per_post_mixed,18,6.0,405.0,3.0,12,荣耀那个机器人跑的是真快,,,,,,,8169.0,,5de0f1e60000000001003b16,2026.04.12,江西,"是什么让我熬夜剪视频，是亦庄的机器人马拉松测试！！快的几位是真快啊，完全是原速度（按跑过我面前的速度排序），咣当咣当跑过去了
慢的也是真慢，还有没头的机器人，也有摔跤的跑得歪歪扭扭突然不跑的，早上再剪了 总得来说很有意思

"
batch1,69da7e87000000001a03484e,https://www.xiaohongshu.com/explore/69da7e87000000001a03484e?source=webshare&xhsshare=pc_web&xsec_token=ABNBHHNeP1pQepTYoKTNbl6lC82nUfCh7p4tjQ0yh3Yco=&xsec_source=pc_share,成功|观众,"今晚的亦庄机器人马拉松测试

",69daf56d000000001601419c,1,l1_per_post_mixed,19,1.0,2564.0,102.0,38,你知道夜里在亦庄看到这些玩意，独自训练的时候有多诡异吗？[哭惹R][哭惹R],,,,,,,8169.0,,576457d06a6a695229d3dd8d,2026.04.12,北京,"是什么让我熬夜剪视频，是亦庄的机器人马拉松测试！！快的几位是真快啊，完全是原速度（按跑过我面前的速度排序），咣当咣当跑过去了
慢的也是真慢，还有没头的机器人，也有摔跤的跑得歪歪扭扭突然不跑的，早上再剪了 总得来说很有意思

"
batch1,69da7e87000000001a03484e,https://www.xiaohongshu.com/explore/69da7e87000000001a03484e?source=webshare&xhsshare=pc_web&xsec_token=ABNBHHNeP1pQepTYoKTNbl6lC82nUfCh7p4tjQ0yh3Yco=&xsec_source=pc_share,成功|观众,"今晚的亦庄机器人马拉松测试

",69db75e0000000003500f8a5,1,l1_per_post_mixed,20,2.0,0.0,0.0,5,好稳的核心,,,,,,,8169.0,,62ce70c0000000000e00ca07,2026.04.12,浙江,"是什么让我熬夜剪视频，是亦庄的机器人马拉松测试！！快的几位是真快啊，完全是原速度（按跑过我面前的速度排序），咣当咣当跑过去了
慢的也是真慢，还有没头的机器人，也有摔跤的跑得歪歪扭扭突然不跑的，早上再剪了 总得来说很有意思

"
batch1,69da7e87000000001a03484e,https://www.xiaohongshu.com/explore/69da7e87000000001a03484e?source=webshare&xhsshare=pc_web&xsec_token=ABNBHHNeP1pQepTYoKTNbl6lC82nUfCh7p4tjQ0yh3Yco=&xsec_source=pc_share,成功|观众,"今晚的亦庄机器人马拉松测试

",69db843700000000350151f6,1,l1_per_post_mixed,21,6.0,225.0,4.0,31,你们先告诉我第几个跑过去的是荣耀的机器人？这速度生怕我看清楚啊,,,,,,,8169.0,,636e306b000000001f01b9c7,2026.04.12,陕西,"是什么让我熬夜剪视频，是亦庄的机器人马拉松测试！！快的几位是真快啊，完全是原速度（按跑过我面前的速度排序），咣当咣当跑过去了
慢的也是真慢，还有没头的机器人，也有摔跤的跑得歪歪扭扭突然不跑的，早上再剪了 总得来说很有意思

"
batch1,69da7e87000000001a03484e,https://www.xiaohongshu.com/explore/69da7e87000000001a03484e?source=webshare&xhsshare=pc_web&xsec_token=ABNBHHNeP1pQepTYoKTNbl6lC82nUfCh7p4tjQ0yh3Yco=&xsec_source=pc_share,成功|观众,"今晚的亦庄机器人马拉松测试

",69da9a3500000000010073ef,1,l1_per_post_mixed,22,2.0,1046.0,36.0,26,我就知道是因为你小子使劲儿跑步呢[生气R][生气R],,,,,,,8169.0,,5991139c50c4b459b6942b69,2026.04.12,北京,"是什么让我熬夜剪视频，是亦庄的机器人马拉松测试！！快的几位是真快啊，完全是原速度（按跑过我面前的速度排序），咣当咣当跑过去了
慢的也是真慢，还有没头的机器人，也有摔跤的跑得歪歪扭扭突然不跑的，早上再剪了 总得来说很有意思

"
batch1,69da7e87000000001a03484e,https://www.xiaohongshu.com/explore/69da7e87000000001a03484e?source=webshare&xhsshare=pc_web&xsec_token=ABNBHHNeP1pQepTYoKTNbl6lC82nUfCh7p4tjQ0yh3Yco=&xsec_source=pc_share,成功|观众,"今晚的亦庄机器人马拉松测试

",69db1f9b000000000c0324cc,1,l1_per_post_mixed,23,2.0,0.0,0.0,17,跑起来有种八步赶蝉的味道[笑哭R],,,,,,,8169.0,,5b580057e8ac2b49b6d98aa4,2026.04.12,上海,"是什么让我熬夜剪视频，是亦庄的机器人马拉松测试！！快的几位是真快啊，完全是原速度（按跑过我面前的速度排序），咣当咣当跑过去了
慢的也是真慢，还有没头的机器人，也有摔跤的跑得歪歪扭扭突然不跑的，早上再剪了 总得来说很有意思

"
batch1,69da7e87000000001a03484e,https://www.xiaohongshu.com/explore/69da7e87000000001a03484e?source=webshare&xhsshare=pc_web&xsec_token=ABNBHHNeP1pQepTYoKTNbl6lC82nUfCh7p4tjQ0yh3Yco=&xsec_source=pc_share,成功|观众,"今晚的亦庄机器人马拉松测试

",69db85490000000035024450,1,l1_per_post_mixed,24,6.0,86.0,0.0,26,嘎哒嘎哒嘎哒嘎哒嘎哒嘎哒，我看到了我们荣耀的机器人了,,,,,,,8169.0,,5d2095a00000000010003af0,2026.04.12,福建,"是什么让我熬夜剪视频，是亦庄的机器人马拉松测试！！快的几位是真快啊，完全是原速度（按跑过我面前的速度排序），咣当咣当跑过去了
慢的也是真慢，还有没头的机器人，也有摔跤的跑得歪歪扭扭突然不跑的，早上再剪了 总得来说很有意思

"
batch1,69da7e87000000001a03484e,https://www.xiaohongshu.com/explore/69da7e87000000001a03484e?source=webshare&xhsshare=pc_web&xsec_token=ABNBHHNeP1pQepTYoKTNbl6lC82nUfCh7p4tjQ0yh3Yco=&xsec_source=pc_share,成功|观众,"今晚的亦庄机器人马拉松测试

",69db1a470000000035019074,1,l1_per_post_mixed,25,2.0,0.0,0.0,22,@西瓜小狗 有点子吓人，这速度撞人能直接撞死,,,,,,,8169.0,,5da1f25400000000010018b7,2026.04.12,上海,"是什么让我熬夜剪视频，是亦庄的机器人马拉松测试！！快的几位是真快啊，完全是原速度（按跑过我面前的速度排序），咣当咣当跑过去了
慢的也是真慢，还有没头的机器人，也有摔跤的跑得歪歪扭扭突然不跑的，早上再剪了 总得来说很有意思

"
batch1,69da7e87000000001a03484e,https://www.xiaohongshu.com/explore/69da7e87000000001a03484e?source=webshare&xhsshare=pc_web&xsec_token=ABNBHHNeP1pQepTYoKTNbl6lC82nUfCh7p4tjQ0yh3Yco=&xsec_source=pc_share,成功|观众,"今晚的亦庄机器人马拉松测试

",69db8529000000000d03f3a8,1,l1_per_post_mixed,26,6.0,94.0,2.0,12,听说荣耀机器人也参赛了？,,,,,,,8169.0,,678fb06b000000000e0100ca,2026.04.12,陕西,"是什么让我熬夜剪视频，是亦庄的机器人马拉松测试！！快的几位是真快啊，完全是原速度（按跑过我面前的速度排序），咣当咣当跑过去了
慢的也是真慢，还有没头的机器人，也有摔跤的跑得歪歪扭扭突然不跑的，早上再剪了 总得来说很有意思

"
batch1,69da7e87000000001a03484e,https://www.xiaohongshu.com/explore/69da7e87000000001a03484e?source=webshare&xhsshare=pc_web&xsec_token=ABNBHHNeP1pQepTYoKTNbl6lC82nUfCh7p4tjQ0yh3Yco=&xsec_source=pc_share,成功|观众,"今晚的亦庄机器人马拉松测试

",69db19e9000000003501d8d0,1,l1_per_post_mixed,27,4.0,0.0,0.0,19,这要是在战场上被追就绝望死了[笑哭R],,,,,,,8169.0,,5b7295c494a3a3000176a020,2026.04.12,广西,"是什么让我熬夜剪视频，是亦庄的机器人马拉松测试！！快的几位是真快啊，完全是原速度（按跑过我面前的速度排序），咣当咣当跑过去了
慢的也是真慢，还有没头的机器人，也有摔跤的跑得歪歪扭扭突然不跑的，早上再剪了 总得来说很有意思

"
batch1,69da7e87000000001a03484e,https://www.xiaohongshu.com/explore/69da7e87000000001a03484e?source=webshare&xhsshare=pc_web&xsec_token=ABNBHHNeP1pQepTYoKTNbl6lC82nUfCh7p4tjQ0yh3Yco=&xsec_source=pc_share,成功|观众,"今晚的亦庄机器人马拉松测试

",69db02170000000001004ad7,1,l1_per_post_mixed,28,,0.0,0.0,5,这个有啥用,,,,,,,8169.0,,65e5ea0c0000000005009209,2026.04.12,河南,"是什么让我熬夜剪视频，是亦庄的机器人马拉松测试！！快的几位是真快啊，完全是原速度（按跑过我面前的速度排序），咣当咣当跑过去了
慢的也是真慢，还有没头的机器人，也有摔跤的跑得歪歪扭扭突然不跑的，早上再剪了 总得来说很有意思

"
batch1,69da7e87000000001a03484e,https://www.xiaohongshu.com/explore/69da7e87000000001a03484e?source=webshare&xhsshare=pc_web&xsec_token=ABNBHHNeP1pQepTYoKTNbl6lC82nUfCh7p4tjQ0yh3Yco=&xsec_source=pc_share,成功|观众,"今晚的亦庄机器人马拉松测试

",69db01f6000000001500348b,1,l1_per_post_mixed,29,3.0,0.0,0.0,10,为啥脚下不安装两个轮,,,,,,,8169.0,,5db0149a0000000001008d65,2026.04.12,北京,"是什么让我熬夜剪视频，是亦庄的机器人马拉松测试！！快的几位是真快啊，完全是原速度（按跑过我面前的速度排序），咣当咣当跑过去了
慢的也是真慢，还有没头的机器人，也有摔跤的跑得歪歪扭扭突然不跑的，早上再剪了 总得来说很有意思

"
batch1,69da7e87000000001a03484e,https://www.xiaohongshu.com/explore/69da7e87000000001a03484e?source=webshare&xhsshare=pc_web&xsec_token=ABNBHHNeP1pQepTYoKTNbl6lC82nUfCh7p4tjQ0yh3Yco=&xsec_source=pc_share,成功|观众,"今晚的亦庄机器人马拉松测试

",69db72020000000035010451,1,l1_per_post_mixed,30,1.0,0.0,0.0,22,大晚上看到这个东东在跑，还不被吓s[石化R],,,,,,,8169.0,,5eca6cf8000000000101c94e,2026.04.12,广东,"是什么让我熬夜剪视频，是亦庄的机器人马拉松测试！！快的几位是真快啊，完全是原速度（按跑过我面前的速度排序），咣当咣当跑过去了
慢的也是真慢，还有没头的机器人，也有摔跤的跑得歪歪扭扭突然不跑的，早上再剪了 总得来说很有意思

"
batch1,69e42cc100000000220001ad,https://www.xiaohongshu.com/explore/69e42cc100000000220001ad?source=webshare&xhsshare=pc_web&xsec_token=ABHtr88UWkKZZAADKyuBN5pTtWvzTgk7t_UqtKL02iuV8=&xsec_source=pc_share,弱势|观众,"机器人马拉松倒数第一名，萌翻了🤣🤣🤣

",69e5604b000000001401e801,1,l1_per_post_mixed,1,2.0,15.0,2.0,19,他其实挺成功的。奈何年龄还小，步伐也小,,,,,,,8501.0,,5c9ad14e0000000017026f33,2026.04.20,浙江,"

"
batch1,69e42cc100000000220001ad,https://www.xiaohongshu.com/explore/69e42cc100000000220001ad?source=webshare&xhsshare=pc_web&xsec_token=ABHtr88UWkKZZAADKyuBN5pTtWvzTgk7t_UqtKL02iuV8=&xsec_source=pc_share,弱势|观众,"机器人马拉松倒数第一名，萌翻了🤣🤣🤣

",69e4f57a000000001401bc0c,1,l1_per_post_mixed,2,2.0,1.0,0.0,17,小腿太细了，好怕摔跤啊！[大笑R],,,,,,,8501.0,,6691e6bf0000000003033a29,2026.04.19,河南,"

"
batch1,69e42cc100000000220001ad,https://www.xiaohongshu.com/explore/69e42cc100000000220001ad?source=webshare&xhsshare=pc_web&xsec_token=ABHtr88UWkKZZAADKyuBN5pTtWvzTgk7t_UqtKL02iuV8=&xsec_source=pc_share,弱势|观众,"机器人马拉松倒数第一名，萌翻了🤣🤣🤣

",69e4f54e000000001401a00b,1,l1_per_post_mixed,3,0.0,0.0,0.0,12,这可什么时候能统治地球啊,,,,,,,8501.0,,634d76fd000000001901f3d0,2026.04.19,广东,"

"
batch1,69e42cc100000000220001ad,https://www.xiaohongshu.com/explore/69e42cc100000000220001ad?source=webshare&xhsshare=pc_web&xsec_token=ABHtr88UWkKZZAADKyuBN5pTtWvzTgk7t_UqtKL02iuV8=&xsec_source=pc_share,弱势|观众,"机器人马拉松倒数第一名，萌翻了🤣🤣🤣

",69e4f529000000001401ac1d,1,l1_per_post_mixed,4,2.0,1.0,0.0,11,小孩穿大人鞋就是不跟脚,,,,,,,8501.0,,6109fb5c0000000001009298,2026.04.19,内蒙古,"

"
batch1,69e42cc100000000220001ad,https://www.xiaohongshu.com/explore/69e42cc100000000220001ad?source=webshare&xhsshare=pc_web&xsec_token=ABHtr88UWkKZZAADKyuBN5pTtWvzTgk7t_UqtKL02iuV8=&xsec_source=pc_share,弱势|观众,"机器人马拉松倒数第一名，萌翻了🤣🤣🤣

",69e582e60000000014018c19,1,l1_per_post_mixed,5,,0.0,0.0,13,跪着跑 能不慢吗[偷笑R],,,,,,,8501.0,,5b8c8a4e87d44c0001d124e1,2026.04.20,山东,"

"
batch1,69e42cc100000000220001ad,https://www.xiaohongshu.com/explore/69e42cc100000000220001ad?source=webshare&xhsshare=pc_web&xsec_token=ABHtr88UWkKZZAADKyuBN5pTtWvzTgk7t_UqtKL02iuV8=&xsec_source=pc_share,弱势|观众,"机器人马拉松倒数第一名，萌翻了🤣🤣🤣

",69e4f3ba000000001401e00a,1,l1_per_post_mixed,6,2.0,0.0,0.0,9,感觉这大鞋子好坠脚,,,,,,,8501.0,,5d0edfdd0000000010009fbd,2026.04.19,山东,"

"
batch1,69e42cc100000000220001ad,https://www.xiaohongshu.com/explore/69e42cc100000000220001ad?source=webshare&xhsshare=pc_web&xsec_token=ABHtr88UWkKZZAADKyuBN5pTtWvzTgk7t_UqtKL02iuV8=&xsec_source=pc_share,弱势|观众,"机器人马拉松倒数第一名，萌翻了🤣🤣🤣

",69e574f4000000001401ac07,1,l1_per_post_mixed,7,,0.0,0.0,6,是跪着跑的吗,,,,,,,8501.0,,5f052e520000000001007510,2026.04.20,上海,"

"
batch1,69e42cc100000000220001ad,https://www.xiaohongshu.com/explore/69e42cc100000000220001ad?source=webshare&xhsshare=pc_web&xsec_token=ABHtr88UWkKZZAADKyuBN5pTtWvzTgk7t_UqtKL02iuV8=&xsec_source=pc_share,弱势|观众,"机器人马拉松倒数第一名，萌翻了🤣🤣🤣

",69e56748000000001401bc0d,1,l1_per_post_mixed,8,,0.0,0.0,3,好可爱,,,,,,,8501.0,,64f157a400000000050034b0,2026.04.20,江苏,"

"
batch1,69e42cc100000000220001ad,https://www.xiaohongshu.com/explore/69e42cc100000000220001ad?source=webshare&xhsshare=pc_web&xsec_token=ABHtr88UWkKZZAADKyuBN5pTtWvzTgk7t_UqtKL02iuV8=&xsec_source=pc_share,弱势|观众,"机器人马拉松倒数第一名，萌翻了🤣🤣🤣

",69e55856000000001401d400,1,l1_per_post_mixed,9,5.0,14.0,2.0,31,笑死我了，这个小的没电了待机了大的过来看了一会鼓掌了[捂脸R],,,,,,,8501.0,,64dcc9ff000000000100ec93,2026.04.20,青海,"

"
batch1,69e42cc100000000220001ad,https://www.xiaohongshu.com/explore/69e42cc100000000220001ad?source=webshare&xhsshare=pc_web&xsec_token=ABHtr88UWkKZZAADKyuBN5pTtWvzTgk7t_UqtKL02iuV8=&xsec_source=pc_share,弱势|观众,"机器人马拉松倒数第一名，萌翻了🤣🤣🤣

",69e5c24f000000001401bc38,1,l1_per_post_mixed,10,,0.0,0.0,20,哈哈哈哈哈哈哈哈哈哈哈@Persvive,,,,,,,8501.0,,5a80352d4eacab5ff8a58766,2026.04.20,北京,"

"
batch1,69e42cc100000000220001ad,https://www.xiaohongshu.com/explore/69e42cc100000000220001ad?source=webshare&xhsshare=pc_web&xsec_token=ABHtr88UWkKZZAADKyuBN5pTtWvzTgk7t_UqtKL02iuV8=&xsec_source=pc_share,弱势|观众,"机器人马拉松倒数第一名，萌翻了🤣🤣🤣

",69e4e3bc000000001401c031,1,l1_per_post_mixed,11,,0.0,0.0,11,不分年龄组吗[笑哭R],,,,,,,8501.0,,5c4e64db000000001102e1e3,2026.04.19,山东,"

"
batch1,69e42cc100000000220001ad,https://www.xiaohongshu.com/explore/69e42cc100000000220001ad?source=webshare&xhsshare=pc_web&xsec_token=ABHtr88UWkKZZAADKyuBN5pTtWvzTgk7t_UqtKL02iuV8=&xsec_source=pc_share,弱势|观众,"机器人马拉松倒数第一名，萌翻了🤣🤣🤣

",69e52ac1000000001401a400,1,l1_per_post_mixed,12,0.0,0.0,0.0,12,好可爱，还没满月的机器人,,,,,,,8501.0,,68ba7ec8000000001903ce4b,2026.04.20,广东,"

"
batch1,69e42cc100000000220001ad,https://www.xiaohongshu.com/explore/69e42cc100000000220001ad?source=webshare&xhsshare=pc_web&xsec_token=ABHtr88UWkKZZAADKyuBN5pTtWvzTgk7t_UqtKL02iuV8=&xsec_source=pc_share,弱势|观众,"机器人马拉松倒数第一名，萌翻了🤣🤣🤣

",69e4e323000000001401b849,1,l1_per_post_mixed,13,1.0,0.0,0.0,21,@期待下一周 这只纯属来卖萌的[doge],,,,,,,8501.0,,5cd565dd000000001003af38,2026.04.19,福建,"

"
batch1,69e42cc100000000220001ad,https://www.xiaohongshu.com/explore/69e42cc100000000220001ad?source=webshare&xhsshare=pc_web&xsec_token=ABHtr88UWkKZZAADKyuBN5pTtWvzTgk7t_UqtKL02iuV8=&xsec_source=pc_share,弱势|观众,"机器人马拉松倒数第一名，萌翻了🤣🤣🤣

",69e4eda6000000001401b80a,1,l1_per_post_mixed,14,6.0,12.0,0.0,25,反正我们这里幼儿组和成人组不能放一起比[doge],,,,,,,8501.0,,5912bb5650c4b45dfa2b5cc4,2026.04.19,江苏,"

"
batch1,69e42cc100000000220001ad,https://www.xiaohongshu.com/explore/69e42cc100000000220001ad?source=webshare&xhsshare=pc_web&xsec_token=ABHtr88UWkKZZAADKyuBN5pTtWvzTgk7t_UqtKL02iuV8=&xsec_source=pc_share,弱势|观众,"机器人马拉松倒数第一名，萌翻了🤣🤣🤣

",69e73366000000001401c404,1,l1_per_post_mixed,15,,0.0,0.0,31,@懒懒 @麻将糊辣～ @AAA海拉鲁暖暖草果批发商 [笑哭R],,,,,,,8501.0,,59035f025e87e761a3dc071b,2026.04.21,浙江,"

"
batch1,69e42cc100000000220001ad,https://www.xiaohongshu.com/explore/69e42cc100000000220001ad?source=webshare&xhsshare=pc_web&xsec_token=ABHtr88UWkKZZAADKyuBN5pTtWvzTgk7t_UqtKL02iuV8=&xsec_source=pc_share,弱势|观众,"机器人马拉松倒数第一名，萌翻了🤣🤣🤣

",69e5183c000000001401a406,1,l1_per_post_mixed,16,,0.0,0.0,7,谁把宝宝弄丢了,,,,,,,8501.0,,627cc4ec000000002102a773,2026.04.20,云南,"

"
batch1,69e42cc100000000220001ad,https://www.xiaohongshu.com/explore/69e42cc100000000220001ad?source=webshare&xhsshare=pc_web&xsec_token=ABHtr88UWkKZZAADKyuBN5pTtWvzTgk7t_UqtKL02iuV8=&xsec_source=pc_share,弱势|观众,"机器人马拉松倒数第一名，萌翻了🤣🤣🤣

",69e5ada00000000014018c28,1,l1_per_post_mixed,17,,0.0,0.0,4,鲁班七号,,,,,,,8501.0,,61679733000000000202209a,2026.04.20,江苏,"

"
batch1,69e42cc100000000220001ad,https://www.xiaohongshu.com/explore/69e42cc100000000220001ad?source=webshare&xhsshare=pc_web&xsec_token=ABHtr88UWkKZZAADKyuBN5pTtWvzTgk7t_UqtKL02iuV8=&xsec_source=pc_share,弱势|观众,"机器人马拉松倒数第一名，萌翻了🤣🤣🤣

",69e4367c0000000014018826,1,l1_per_post_mixed,18,0.0,2636.0,42.0,22,笑死🤣这个机器人刚刚从我面前过去了，它没跑了,,,,,,,8501.0,,5bd4164d3a8a5b0001274f5c,2026.04.19,北京,"

"
batch1,69e42cc100000000220001ad,https://www.xiaohongshu.com/explore/69e42cc100000000220001ad?source=webshare&xhsshare=pc_web&xsec_token=ABHtr88UWkKZZAADKyuBN5pTtWvzTgk7t_UqtKL02iuV8=&xsec_source=pc_share,弱势|观众,"机器人马拉松倒数第一名，萌翻了🤣🤣🤣

",69e43311000000001401e428,1,l1_per_post_mixed,19,2.0,1096.0,33.0,18,能跑完全程就很厉害了，有些直接摔烂了,,,,,,,8501.0,,63f0a8d8000000001400d2a3,2026.04.19,四川,"

"
batch1,69e42cc100000000220001ad,https://www.xiaohongshu.com/explore/69e42cc100000000220001ad?source=webshare&xhsshare=pc_web&xsec_token=ABHtr88UWkKZZAADKyuBN5pTtWvzTgk7t_UqtKL02iuV8=&xsec_source=pc_share,弱势|观众,"机器人马拉松倒数第一名，萌翻了🤣🤣🤣

",69e5aa18000000001401dc37,1,l1_per_post_mixed,20,4.0,84.0,11.0,20,这玩意就是当玩具卖，也能爆单[doge],,,,,,,8501.0,,625e4fe1000000001000d93c,2026.04.20,辽宁,"

"
batch1,69e42cc100000000220001ad,https://www.xiaohongshu.com/explore/69e42cc100000000220001ad?source=webshare&xhsshare=pc_web&xsec_token=ABHtr88UWkKZZAADKyuBN5pTtWvzTgk7t_UqtKL02iuV8=&xsec_source=pc_share,弱势|观众,"机器人马拉松倒数第一名，萌翻了🤣🤣🤣

",69e6e3f8000000001401900e,1,l1_per_post_mixed,21,0.0,17.0,32.0,11,机器人做成人形的目的是,,,,,,,8501.0,,59a68a1482ec392bab20e614,2026.04.21,辽宁,"

"
batch1,69e42cc100000000220001ad,https://www.xiaohongshu.com/explore/69e42cc100000000220001ad?source=webshare&xhsshare=pc_web&xsec_token=ABHtr88UWkKZZAADKyuBN5pTtWvzTgk7t_UqtKL02iuV8=&xsec_source=pc_share,弱势|观众,"机器人马拉松倒数第一名，萌翻了🤣🤣🤣

",69e447f6000000001401e037,1,l1_per_post_mixed,22,4.0,465.0,18.0,27,没事，真到了生不出小孩的那一天，它将是我的儿子哈哈哈哈,,,,,,,8501.0,,5d50cf55000000001102d64a,2026.04.19,上海,"

"
batch1,69e42cc100000000220001ad,https://www.xiaohongshu.com/explore/69e42cc100000000220001ad?source=webshare&xhsshare=pc_web&xsec_token=ABHtr88UWkKZZAADKyuBN5pTtWvzTgk7t_UqtKL02iuV8=&xsec_source=pc_share,弱势|观众,"机器人马拉松倒数第一名，萌翻了🤣🤣🤣

",69e5121c000000001401bc0a,1,l1_per_post_mixed,23,2.0,11.0,2.0,18,欺负小孩，孩子输在了腿短哈哈哈哈哈哈,,,,,,,8501.0,,5b57e0b64eacab78d74ae0b9,2026.04.20,江苏,"

"
batch1,69e42cc100000000220001ad,https://www.xiaohongshu.com/explore/69e42cc100000000220001ad?source=webshare&xhsshare=pc_web&xsec_token=ABHtr88UWkKZZAADKyuBN5pTtWvzTgk7t_UqtKL02iuV8=&xsec_source=pc_share,弱势|观众,"机器人马拉松倒数第一名，萌翻了🤣🤣🤣

",69e452300000000014018818,1,l1_per_post_mixed,24,4.0,11.0,21.0,12,举办这玩意的意义是什么？,,,,,,,8501.0,,6784dfe8000000000801ca68,2026.04.19,上海,"

"
batch1,69e42cc100000000220001ad,https://www.xiaohongshu.com/explore/69e42cc100000000220001ad?source=webshare&xhsshare=pc_web&xsec_token=ABHtr88UWkKZZAADKyuBN5pTtWvzTgk7t_UqtKL02iuV8=&xsec_source=pc_share,弱势|观众,"机器人马拉松倒数第一名，萌翻了🤣🤣🤣

",69e59624000000001401e815,1,l1_per_post_mixed,25,0.0,10.0,18.0,31,我不理解 为何机器人要双腿行走，他就不有个轮子。上楼就切换腿。,,,,,,,8501.0,,5b2f44c3f7e8b9097c252ee6,2026.04.20,湖北,"

"
batch1,69e42cc100000000220001ad,https://www.xiaohongshu.com/explore/69e42cc100000000220001ad?source=webshare&xhsshare=pc_web&xsec_token=ABHtr88UWkKZZAADKyuBN5pTtWvzTgk7t_UqtKL02iuV8=&xsec_source=pc_share,弱势|观众,"机器人马拉松倒数第一名，萌翻了🤣🤣🤣

",69e594cc000000001401cc33,1,l1_per_post_mixed,26,,0.0,0.0,4,好可爱啊,,,,,,,8501.0,,66e99278000000001d030dc1,2026.04.20,辽宁,"

"
batch1,69e42cc100000000220001ad,https://www.xiaohongshu.com/explore/69e42cc100000000220001ad?source=webshare&xhsshare=pc_web&xsec_token=ABHtr88UWkKZZAADKyuBN5pTtWvzTgk7t_UqtKL02iuV8=&xsec_source=pc_share,弱势|观众,"机器人马拉松倒数第一名，萌翻了🤣🤣🤣

",69e46ede000000001401dc33,1,l1_per_post_mixed,27,2.0,19.0,2.0,17,都怪鞋太重，腿太短，孩子本身没问题,,,,,,,8501.0,,5c5ed366000000001203ef9c,2026.04.19,广东,"

"
batch1,69e42cc100000000220001ad,https://www.xiaohongshu.com/explore/69e42cc100000000220001ad?source=webshare&xhsshare=pc_web&xsec_token=ABHtr88UWkKZZAADKyuBN5pTtWvzTgk7t_UqtKL02iuV8=&xsec_source=pc_share,弱势|观众,"机器人马拉松倒数第一名，萌翻了🤣🤣🤣

",69e434e1000000001401c42b,1,l1_per_post_mixed,28,,13.0,2.0,11,还拿着奶瓶🍼[笑哭R],,,,,,,8501.0,,65081ccd0000000017021222,2026.04.19,江苏,"

"
batch1,69e42cc100000000220001ad,https://www.xiaohongshu.com/explore/69e42cc100000000220001ad?source=webshare&xhsshare=pc_web&xsec_token=ABHtr88UWkKZZAADKyuBN5pTtWvzTgk7t_UqtKL02iuV8=&xsec_source=pc_share,弱势|观众,"机器人马拉松倒数第一名，萌翻了🤣🤣🤣

",69e4f739000000001401a00a,1,l1_per_post_mixed,29,3.0,13.0,2.0,24,可能因为他的程序员跑不动[笑哭R]所以就跑的很慢,,,,,,,8501.0,,5ece5e050000000001002836,2026.04.19,浙江,"

"
batch1,69e42cc100000000220001ad,https://www.xiaohongshu.com/explore/69e42cc100000000220001ad?source=webshare&xhsshare=pc_web&xsec_token=ABHtr88UWkKZZAADKyuBN5pTtWvzTgk7t_UqtKL02iuV8=&xsec_source=pc_share,弱势|观众,"机器人马拉松倒数第一名，萌翻了🤣🤣🤣

",69e57897000000001401c42e,1,l1_per_post_mixed,30,6.0,13.0,2.0,22,它应该参加少儿组，怎么跑到成人区了[笑哭R],,,,,,,8501.0,,5fa137e9000000000101eed9,2026.04.20,陕西,"

"
batch1,69e47f8f000000001f007203,https://www.xiaohongshu.com/explore/69e47f8f000000001f007203?source=webshare&xhsshare=pc_web&xsec_token=ABHtr88UWkKZZAADKyuBN5pa0nehc6OZnM27rlZfWbIec=&xsec_source=pc_share,all,"2026年机器人马拉松状态，五年后再看🤣

",69e60d1b0000000014019808,1,l1_per_post_mixed,1,1.0,6640.0,357.0,13,怎么不拍豆脚，她也参赛了。,,,,,,,5834.0,,5d667be70000000001004975,2026.04.20,湖南,"记录一下2026年的机器人状态，五年后再看！

"
batch1,69e47f8f000000001f007203,https://www.xiaohongshu.com/explore/69e47f8f000000001f007203?source=webshare&xhsshare=pc_web&xsec_token=ABHtr88UWkKZZAADKyuBN5pa0nehc6OZnM27rlZfWbIec=&xsec_source=pc_share,all,"2026年机器人马拉松状态，五年后再看🤣

",69e51ef20000000014019c03,1,l1_per_post_mixed,2,1.0,5523.0,181.0,20,不务正业，停下来互动[笑哭R][笑哭R],,,,,,,5834.0,,651906110000000023025393,2026.04.20,广东,"记录一下2026年的机器人状态，五年后再看！

"
batch1,69e47f8f000000001f007203,https://www.xiaohongshu.com/explore/69e47f8f000000001f007203?source=webshare&xhsshare=pc_web&xsec_token=ABHtr88UWkKZZAADKyuBN5pa0nehc6OZnM27rlZfWbIec=&xsec_source=pc_share,all,"2026年机器人马拉松状态，五年后再看🤣

",69e586020000000014019401,1,l1_per_post_mixed,3,0.0,295.0,164.0,44,我不是很懂，为啥要弄机器人跑步，花费这么多人力物力财力的意义是什么，（纯纯问，无恶意哈）,,,,,,,5834.0,,592aa4c750c4b464e0ad6937,2026.04.20,福建,"记录一下2026年的机器人状态，五年后再看！

"
batch1,69e47f8f000000001f007203,https://www.xiaohongshu.com/explore/69e47f8f000000001f007203?source=webshare&xhsshare=pc_web&xsec_token=ABHtr88UWkKZZAADKyuBN5pa0nehc6OZnM27rlZfWbIec=&xsec_source=pc_share,all,"2026年机器人马拉松状态，五年后再看🤣

",69e4e1f0000000001401a40f,1,l1_per_post_mixed,4,4.0,1076.0,205.0,20,其实蛮无聊的啊，人类都怎么啦？[笑哭R],,,,,,,5834.0,,678a3fbe000000000d009c6a,2026.04.19,浙江,"记录一下2026年的机器人状态，五年后再看！

"
batch1,69e47f8f000000001f007203,https://www.xiaohongshu.com/explore/69e47f8f000000001f007203?source=webshare&xhsshare=pc_web&xsec_token=ABHtr88UWkKZZAADKyuBN5pa0nehc6OZnM27rlZfWbIec=&xsec_source=pc_share,all,"2026年机器人马拉松状态，五年后再看🤣

",69e5ce52000000001401ac0a,1,l1_per_post_mixed,5,4.0,842.0,29.0,22,家里没有老人的，可以买一款这个回去照顾哈哈哈,,,,,,,5834.0,,596c231f82ec3937cf6079bf,2026.04.20,河南,"记录一下2026年的机器人状态，五年后再看！

"
batch1,69e47f8f000000001f007203,https://www.xiaohongshu.com/explore/69e47f8f000000001f007203?source=webshare&xhsshare=pc_web&xsec_token=ABHtr88UWkKZZAADKyuBN5pa0nehc6OZnM27rlZfWbIec=&xsec_source=pc_share,all,"2026年机器人马拉松状态，五年后再看🤣

",69e5ab44000000001401b81b,1,l1_per_post_mixed,6,1.0,94.0,19.0,20,[汗颜R][汗颜R]这个蓝色裤子想要链接,,,,,,,5834.0,,5d009cbe000000001803c76f,2026.04.20,山东,"记录一下2026年的机器人状态，五年后再看！

"
batch1,69e47f8f000000001f007203,https://www.xiaohongshu.com/explore/69e47f8f000000001f007203?source=webshare&xhsshare=pc_web&xsec_token=ABHtr88UWkKZZAADKyuBN5pa0nehc6OZnM27rlZfWbIec=&xsec_source=pc_share,all,"2026年机器人马拉松状态，五年后再看🤣

",69e59530000000001401d424,1,l1_per_post_mixed,7,2.0,156.0,2.0,18,哇塞，这个跑步的姿势很矫健呐[赞R],,,,,,,5834.0,,6828824e0000000008016e19,2026.04.20,河南,"记录一下2026年的机器人状态，五年后再看！

"
batch1,69e47f8f000000001f007203,https://www.xiaohongshu.com/explore/69e47f8f000000001f007203?source=webshare&xhsshare=pc_web&xsec_token=ABHtr88UWkKZZAADKyuBN5pa0nehc6OZnM27rlZfWbIec=&xsec_source=pc_share,all,"2026年机器人马拉松状态，五年后再看🤣

",69e53e8e0000000014019000,1,l1_per_post_mixed,8,1.0,1502.0,41.0,5,大湾鸡加油,,,,,,,5834.0,,685e1da9000000001e03ac11,2026.04.20,广东,"记录一下2026年的机器人状态，五年后再看！

"
batch1,69e47f8f000000001f007203,https://www.xiaohongshu.com/explore/69e47f8f000000001f007203?source=webshare&xhsshare=pc_web&xsec_token=ABHtr88UWkKZZAADKyuBN5pa0nehc6OZnM27rlZfWbIec=&xsec_source=pc_share,all,"2026年机器人马拉松状态，五年后再看🤣

",69e51440000000001401c00b,1,l1_per_post_mixed,9,0.0,715.0,70.0,37,从这个机器人的跑步姿势上看出了性别[笑哭R][笑哭R][笑哭R][笑哭R],,,,,,,5834.0,,5a8ef82611be103420d24034,2026.04.20,浙江,"记录一下2026年的机器人状态，五年后再看！

"
batch1,69e47f8f000000001f007203,https://www.xiaohongshu.com/explore/69e47f8f000000001f007203?source=webshare&xhsshare=pc_web&xsec_token=ABHtr88UWkKZZAADKyuBN5pa0nehc6OZnM27rlZfWbIec=&xsec_source=pc_share,all,"2026年机器人马拉松状态，五年后再看🤣

",69e5d7130000000014018c1a,1,l1_per_post_mixed,10,2.0,336.0,11.0,12,停说这是最后一名，好可爱,,,,,,,5834.0,,565464a0c2bdeb4bc3bf61cd,2026.04.20,四川,"记录一下2026年的机器人状态，五年后再看！

"
batch1,69e47f8f000000001f007203,https://www.xiaohongshu.com/explore/69e47f8f000000001f007203?source=webshare&xhsshare=pc_web&xsec_token=ABHtr88UWkKZZAADKyuBN5pa0nehc6OZnM27rlZfWbIec=&xsec_source=pc_share,all,"2026年机器人马拉松状态，五年后再看🤣

",69e4d76f000000001401c81e,1,l1_per_post_mixed,11,2.0,573.0,14.0,8,这个步态太像真人,,,,,,,5834.0,,60357e0700000000010036cb,2026.04.19,内蒙古,"记录一下2026年的机器人状态，五年后再看！

"
batch1,69e47f8f000000001f007203,https://www.xiaohongshu.com/explore/69e47f8f000000001f007203?source=webshare&xhsshare=pc_web&xsec_token=ABHtr88UWkKZZAADKyuBN5pa0nehc6OZnM27rlZfWbIec=&xsec_source=pc_share,all,"2026年机器人马拉松状态，五年后再看🤣

",69e57af8000000001401d816,1,l1_per_post_mixed,12,6.0,413.0,18.0,15,太奶怎么还要出来比赛[石化R],,,,,,,5834.0,,554b1357b203d9591cc39c3c,2026.04.20,浙江,"记录一下2026年的机器人状态，五年后再看！

"
batch1,69e47f8f000000001f007203,https://www.xiaohongshu.com/explore/69e47f8f000000001f007203?source=webshare&xhsshare=pc_web&xsec_token=ABHtr88UWkKZZAADKyuBN5pa0nehc6OZnM27rlZfWbIec=&xsec_source=pc_share,all,"2026年机器人马拉松状态，五年后再看🤣

",69e58ac3000000001401b822,1,l1_per_post_mixed,13,1.0,124.0,10.0,11,好像卤蛋啊 [笑哭R],,,,,,,5834.0,,5d806b720000000001005322,2026.04.20,浙江,"记录一下2026年的机器人状态，五年后再看！

"
batch1,69e47f8f000000001f007203,https://www.xiaohongshu.com/explore/69e47f8f000000001f007203?source=webshare&xhsshare=pc_web&xsec_token=ABHtr88UWkKZZAADKyuBN5pa0nehc6OZnM27rlZfWbIec=&xsec_source=pc_share,all,"2026年机器人马拉松状态，五年后再看🤣

",69e782a1000000001401c035,1,l1_per_post_mixed,14,6.0,43.0,3.0,13,这波贪了，应该留到春晚看的,,,,,,,5834.0,,63ad919b0000000026013728,2026.04.21,重庆,"记录一下2026年的机器人状态，五年后再看！

"
batch1,69e47f8f000000001f007203,https://www.xiaohongshu.com/explore/69e47f8f000000001f007203?source=webshare&xhsshare=pc_web&xsec_token=ABHtr88UWkKZZAADKyuBN5pa0nehc6OZnM27rlZfWbIec=&xsec_source=pc_share,all,"2026年机器人马拉松状态，五年后再看🤣

",69e5b2ef000000001401e033,1,l1_per_post_mixed,15,5.0,0.0,0.0,6,这电能跑多久,,,,,,,5834.0,,5a975e6011be1060739e8f86,2026.04.20,江西,"记录一下2026年的机器人状态，五年后再看！

"
batch1,69e47f8f000000001f007203,https://www.xiaohongshu.com/explore/69e47f8f000000001f007203?source=webshare&xhsshare=pc_web&xsec_token=ABHtr88UWkKZZAADKyuBN5pa0nehc6OZnM27rlZfWbIec=&xsec_source=pc_share,all,"2026年机器人马拉松状态，五年后再看🤣

",69e5a046000000001401a405,1,l1_per_post_mixed,16,,0.0,0.0,3,笑晕了,,,,,,,5834.0,,5f6c7d090000000001000e01,2026.04.20,云南,"记录一下2026年的机器人状态，五年后再看！

"
batch1,69e47f8f000000001f007203,https://www.xiaohongshu.com/explore/69e47f8f000000001f007203?source=webshare&xhsshare=pc_web&xsec_token=ABHtr88UWkKZZAADKyuBN5pa0nehc6OZnM27rlZfWbIec=&xsec_source=pc_share,all,"2026年机器人马拉松状态，五年后再看🤣

",69e589ff000000001401c41f,1,l1_per_post_mixed,17,,0.0,0.0,6,这是遥控的嘛,,,,,,,5834.0,,5e5f310b000000000100abc0,2026.04.20,江苏,"记录一下2026年的机器人状态，五年后再看！

"
batch1,69e47f8f000000001f007203,https://www.xiaohongshu.com/explore/69e47f8f000000001f007203?source=webshare&xhsshare=pc_web&xsec_token=ABHtr88UWkKZZAADKyuBN5pa0nehc6OZnM27rlZfWbIec=&xsec_source=pc_share,all,"2026年机器人马拉松状态，五年后再看🤣

",69e87f84000000001401b025,1,l1_per_post_mixed,18,1.0,0.0,0.0,8,那个小黑娃好可爱,,,,,,,5834.0,,5a2e94bdb1da1419bf4b7219,2026.04.22,湖南,"记录一下2026年的机器人状态，五年后再看！

"
batch1,69e47f8f000000001f007203,https://www.xiaohongshu.com/explore/69e47f8f000000001f007203?source=webshare&xhsshare=pc_web&xsec_token=ABHtr88UWkKZZAADKyuBN5pa0nehc6OZnM27rlZfWbIec=&xsec_source=pc_share,all,"2026年机器人马拉松状态，五年后再看🤣

",69e59cab000000001401cc2a,1,l1_per_post_mixed,19,0.0,0.0,0.0,15,机器人是不是不会出汗[吃瓜R],,,,,,,5834.0,,6617f05e000000000d027fe9,2026.04.20,浙江,"记录一下2026年的机器人状态，五年后再看！

"
batch1,69e47f8f000000001f007203,https://www.xiaohongshu.com/explore/69e47f8f000000001f007203?source=webshare&xhsshare=pc_web&xsec_token=ABHtr88UWkKZZAADKyuBN5pa0nehc6OZnM27rlZfWbIec=&xsec_source=pc_share,all,"2026年机器人马拉松状态，五年后再看🤣

",69f795a40000000029010296,1,l1_per_post_mixed,20,1.0,0.0,0.0,11,太招笑了太招笑了哈哈哈,,,,,,,5834.0,,68aef8e7000000001901a9e1,2026.05.04,四川,"记录一下2026年的机器人状态，五年后再看！

"
batch1,69e47f8f000000001f007203,https://www.xiaohongshu.com/explore/69e47f8f000000001f007203?source=webshare&xhsshare=pc_web&xsec_token=ABHtr88UWkKZZAADKyuBN5pa0nehc6OZnM27rlZfWbIec=&xsec_source=pc_share,all,"2026年机器人马拉松状态，五年后再看🤣

",69e98d060000000014019c04,1,l1_per_post_mixed,21,0.0,0.0,0.0,17,笑死了那些没用的机器人好像跑步的我,,,,,,,5834.0,,5aca71ff4eacab3a8776383b,2026.04.23,广东,"记录一下2026年的机器人状态，五年后再看！

"
batch1,69e47f8f000000001f007203,https://www.xiaohongshu.com/explore/69e47f8f000000001f007203?source=webshare&xhsshare=pc_web&xsec_token=ABHtr88UWkKZZAADKyuBN5pa0nehc6OZnM27rlZfWbIec=&xsec_source=pc_share,all,"2026年机器人马拉松状态，五年后再看🤣

",69e95ad50000000014019802,1,l1_per_post_mixed,22,2.0,1.0,0.0,137,那个走路的贼像我，以前我跑步还挺厉害的，后来初二病了就休学，初三去考体育的时候，跑了两圈，后面就力竭了，感觉已经跑得快要崩溃的哭了，因为真的跑不动，然后我就只能走，一堆人搁那看我，我也挺尴尬，我是真的有那种跑不动了，就是有一种，你前面就有瓶水，但是你就是碰不到他的那种无力感,,,,,,,5834.0,,687f6991000000001e03ca9a,2026.04.23,云南,"记录一下2026年的机器人状态，五年后再看！

"
batch1,69e47f8f000000001f007203,https://www.xiaohongshu.com/explore/69e47f8f000000001f007203?source=webshare&xhsshare=pc_web&xsec_token=ABHtr88UWkKZZAADKyuBN5pa0nehc6OZnM27rlZfWbIec=&xsec_source=pc_share,all,"2026年机器人马拉松状态，五年后再看🤣

",69eb5c300000000028031b48,1,l1_per_post_mixed,23,,107.0,0.0,35,怎么没看到我们的夺冠选手闪电[旺柴]倒是看到元气仔了，跑的真的很优雅啊,,,,,,,5834.0,,69c3b621000000003202be39,2026.04.24,江苏,"记录一下2026年的机器人状态，五年后再看！

"
batch1,69e47f8f000000001f007203,https://www.xiaohongshu.com/explore/69e47f8f000000001f007203?source=webshare&xhsshare=pc_web&xsec_token=ABHtr88UWkKZZAADKyuBN5pa0nehc6OZnM27rlZfWbIec=&xsec_source=pc_share,all,"2026年机器人马拉松状态，五年后再看🤣

",69e5f2b8000000002d030954,1,l1_per_post_mixed,24,1.0,1.0,0.0,9,@豪 are me,,,,,,,5834.0,,5e2f1a9a0000000001009f79,2026.04.20,马来西亚,"记录一下2026年的机器人状态，五年后再看！

"
batch1,69e47f8f000000001f007203,https://www.xiaohongshu.com/explore/69e47f8f000000001f007203?source=webshare&xhsshare=pc_web&xsec_token=ABHtr88UWkKZZAADKyuBN5pa0nehc6OZnM27rlZfWbIec=&xsec_source=pc_share,all,"2026年机器人马拉松状态，五年后再看🤣

",69e64e53000000002d0208a1,1,l1_per_post_mixed,25,0.0,0.0,0.0,33,以后机器人逃跑追也追不上，因为从现在就开始训练马拉松了[doge],,,,,,,5834.0,,6065387a00000000010028e7,2026.04.21,美国,"记录一下2026年的机器人状态，五年后再看！

"
batch1,69e47f8f000000001f007203,https://www.xiaohongshu.com/explore/69e47f8f000000001f007203?source=webshare&xhsshare=pc_web&xsec_token=ABHtr88UWkKZZAADKyuBN5pa0nehc6OZnM27rlZfWbIec=&xsec_source=pc_share,all,"2026年机器人马拉松状态，五年后再看🤣

",69e5a678000000001401c423,1,l1_per_post_mixed,26,6.0,1.0,0.0,6,禁止小孩参赛,,,,,,,5834.0,,652d54ae000000000200cbca,2026.04.20,江西,"记录一下2026年的机器人状态，五年后再看！

"
batch1,69e47f8f000000001f007203,https://www.xiaohongshu.com/explore/69e47f8f000000001f007203?source=webshare&xhsshare=pc_web&xsec_token=ABHtr88UWkKZZAADKyuBN5pa0nehc6OZnM27rlZfWbIec=&xsec_source=pc_share,all,"2026年机器人马拉松状态，五年后再看🤣

",69e57f09000000001401cc22,1,l1_per_post_mixed,27,,0.0,0.0,14,@Zhu X C 还有自主的,,,,,,,5834.0,,5658476103eb846fb4d0a3cd,2026.04.20,江苏,"记录一下2026年的机器人状态，五年后再看！

"
batch1,69e47f8f000000001f007203,https://www.xiaohongshu.com/explore/69e47f8f000000001f007203?source=webshare&xhsshare=pc_web&xsec_token=ABHtr88UWkKZZAADKyuBN5pa0nehc6OZnM27rlZfWbIec=&xsec_source=pc_share,all,"2026年机器人马拉松状态，五年后再看🤣

",69e5a5a2000000001401d406,1,l1_per_post_mixed,28,2.0,4.0,0.0,22,这个小黑铁蛋，跑的又努力又辛酸又可爱又搞笑。,,,,,,,5834.0,,5bf74a9730d2e400011de705,2026.04.20,江苏,"记录一下2026年的机器人状态，五年后再看！

"
batch1,69e47f8f000000001f007203,https://www.xiaohongshu.com/explore/69e47f8f000000001f007203?source=webshare&xhsshare=pc_web&xsec_token=ABHtr88UWkKZZAADKyuBN5pa0nehc6OZnM27rlZfWbIec=&xsec_source=pc_share,all,"2026年机器人马拉松状态，五年后再看🤣

",69e70c57000000001401e014,1,l1_per_post_mixed,29,2.0,0.0,0.0,58,正经赛手，时尚穿搭，傻大个，领跑天使，黑人运动员，小孩哥，双截棍艺术家，模特，腿软的，摆烂选手，还有啥[暗中观察R],,,,,,,5834.0,,5faa21460000000001002c79,2026.04.21,甘肃,"记录一下2026年的机器人状态，五年后再看！

"
batch1,69e47f8f000000001f007203,https://www.xiaohongshu.com/explore/69e47f8f000000001f007203?source=webshare&xhsshare=pc_web&xsec_token=ABHtr88UWkKZZAADKyuBN5pa0nehc6OZnM27rlZfWbIec=&xsec_source=pc_share,all,"2026年机器人马拉松状态，五年后再看🤣

",69e57e6a000000001401ac10,1,l1_per_post_mixed,30,0.0,3.0,0.0,38,这款机器人跑的这几步像极了我当年跑800的样子[笑哭R][笑哭R][笑哭R],,,,,,,5834.0,,5b71580af7e8b9374bc2263a,2026.04.20,浙江,"记录一下2026年的机器人状态，五年后再看！

"
batch1,69e6f2bc0000000023005345,https://www.xiaohongshu.com/explore/69e6f2bc0000000023005345?source=webshare&xhsshare=pc_web&xsec_token=ABa-SF7HSETP6hVMh5HXuewX25bgOc_J1O8RyXVzwM-gE=&xsec_source=pc_share,弱势|观众,"🍼机器人第一视角，好多人呀

",69e714aa000000001401cc2a,1,l1_per_post_mixed,1,,17.0,1.0,12,给他穿上叫叫鞋，带闪光的,,,,,,,687.0,,5ad9deffe8ac2b3f3669c01e,2026.04.21,安徽,"

"
batch1,69e6f2bc0000000023005345,https://www.xiaohongshu.com/explore/69e6f2bc0000000023005345?source=webshare&xhsshare=pc_web&xsec_token=ABa-SF7HSETP6hVMh5HXuewX25bgOc_J1O8RyXVzwM-gE=&xsec_source=pc_share,弱势|观众,"🍼机器人第一视角，好多人呀

",69e76d95000000001401a813,1,l1_per_post_mixed,2,1.0,0.0,0.0,18,实在是太可爱了，团队也是可爱的团队吧,,,,,,,687.0,,64442054000000001f0313c7,2026.04.21,北京,"

"
batch1,69e6f2bc0000000023005345,https://www.xiaohongshu.com/explore/69e6f2bc0000000023005345?source=webshare&xhsshare=pc_web&xsec_token=ABa-SF7HSETP6hVMh5HXuewX25bgOc_J1O8RyXVzwM-gE=&xsec_source=pc_share,弱势|观众,"🍼机器人第一视角，好多人呀

",69e76d90000000001401e804,1,l1_per_post_mixed,3,,0.0,0.0,8,超可爱[笑哭R],,,,,,,687.0,,6198796c000000001000f849,2026.04.21,日本,"

"
batch1,69e6f2bc0000000023005345,https://www.xiaohongshu.com/explore/69e6f2bc0000000023005345?source=webshare&xhsshare=pc_web&xsec_token=ABa-SF7HSETP6hVMh5HXuewX25bgOc_J1O8RyXVzwM-gE=&xsec_source=pc_share,弱势|观众,"🍼机器人第一视角，好多人呀

",69e70f97000000001401c012,1,l1_per_post_mixed,4,2.0,0.0,1.0,20,好可爱！小小只也要参加马拉松！[害羞R],,,,,,,687.0,,64200684000000001f032f3f,2026.04.21,海南,"

"
batch1,69e6f2bc0000000023005345,https://www.xiaohongshu.com/explore/69e6f2bc0000000023005345?source=webshare&xhsshare=pc_web&xsec_token=ABa-SF7HSETP6hVMh5HXuewX25bgOc_J1O8RyXVzwM-gE=&xsec_source=pc_share,弱势|观众,"🍼机器人第一视角，好多人呀

",69e88649000000001401e41c,1,l1_per_post_mixed,5,1.0,0.0,0.0,34,奶还没喝完就跑步了，人类真坏[偷笑R][偷笑R][偷笑R][偷笑R],,,,,,,687.0,,5dbc029900000000010066db,2026.04.22,江苏,"

"
batch1,69e6f2bc0000000023005345,https://www.xiaohongshu.com/explore/69e6f2bc0000000023005345?source=webshare&xhsshare=pc_web&xsec_token=ABa-SF7HSETP6hVMh5HXuewX25bgOc_J1O8RyXVzwM-gE=&xsec_source=pc_share,弱势|观众,"🍼机器人第一视角，好多人呀

",69e80f6a000000001401dc09,1,l1_per_post_mixed,6,6.0,0.0,0.0,39,名次不重要、流量才是最重要的，那么多机器人只记得这个小鼻嘎了[星R][派对R],,,,,,,687.0,,69c6dee0000000003402c69a,2026.04.22,浙江,"

"
batch1,69e6f2bc0000000023005345,https://www.xiaohongshu.com/explore/69e6f2bc0000000023005345?source=webshare&xhsshare=pc_web&xsec_token=ABa-SF7HSETP6hVMh5HXuewX25bgOc_J1O8RyXVzwM-gE=&xsec_source=pc_share,弱势|观众,"🍼机器人第一视角，好多人呀

",69e75e8c000000001401a009,1,l1_per_post_mixed,7,2.0,0.0,0.0,36,别小看它腿短～他日 入役後，便知它有多厲害[点赞R][点赞R][点赞R],,,,,,,687.0,,639f1b3600000000260066b4,2026.04.21,中国香港,"

"
batch1,69e6f2bc0000000023005345,https://www.xiaohongshu.com/explore/69e6f2bc0000000023005345?source=webshare&xhsshare=pc_web&xsec_token=ABa-SF7HSETP6hVMh5HXuewX25bgOc_J1O8RyXVzwM-gE=&xsec_source=pc_share,弱势|观众,"🍼机器人第一视角，好多人呀

",69e75e4e000000001401981a,1,l1_per_post_mixed,8,,1.0,0.0,14,怎么还有个大湾鸡？[笑哭R],,,,,,,687.0,,5a8d17c34eacab68d92890af,2026.04.21,福建,"

"
batch1,69e6f2bc0000000023005345,https://www.xiaohongshu.com/explore/69e6f2bc0000000023005345?source=webshare&xhsshare=pc_web&xsec_token=ABa-SF7HSETP6hVMh5HXuewX25bgOc_J1O8RyXVzwM-gE=&xsec_source=pc_share,弱势|观众,"🍼机器人第一视角，好多人呀

",69e75ac1000000001401b829,1,l1_per_post_mixed,9,3.0,0.0,0.0,21,是工程师根据他女儿的样子做的吗？[偷笑R],,,,,,,687.0,,5d293f7a000000001003945e,2026.04.21,山东,"

"
batch1,69e6f2bc0000000023005345,https://www.xiaohongshu.com/explore/69e6f2bc0000000023005345?source=webshare&xhsshare=pc_web&xsec_token=ABa-SF7HSETP6hVMh5HXuewX25bgOc_J1O8RyXVzwM-gE=&xsec_source=pc_share,弱势|观众,"🍼机器人第一视角，好多人呀

",69e754e7000000001401e407,1,l1_per_post_mixed,10,4.0,0.0,0.0,13,不想生孩子可以买宝宝当孩子,,,,,,,687.0,,5837ee4134609478932f6edf,2026.04.21,山西,"

"
batch1,69e6f2bc0000000023005345,https://www.xiaohongshu.com/explore/69e6f2bc0000000023005345?source=webshare&xhsshare=pc_web&xsec_token=ABa-SF7HSETP6hVMh5HXuewX25bgOc_J1O8RyXVzwM-gE=&xsec_source=pc_share,弱势|观众,"🍼机器人第一视角，好多人呀

",69e754750000000014019c27,1,l1_per_post_mixed,11,1.0,0.0,0.0,5,真的好可爱,,,,,,,687.0,,57e91f7c6a6a695da5cea047,2026.04.21,浙江,"

"
batch1,69e6f2bc0000000023005345,https://www.xiaohongshu.com/explore/69e6f2bc0000000023005345?source=webshare&xhsshare=pc_web&xsec_token=ABa-SF7HSETP6hVMh5HXuewX25bgOc_J1O8RyXVzwM-gE=&xsec_source=pc_share,弱势|观众,"🍼机器人第一视角，好多人呀

",69e74f6f0000000014019426,1,l1_per_post_mixed,12,1.0,0.0,0.0,9,居然有只机器大湾鸡,,,,,,,687.0,,64096db50000000014013bc9,2026.04.21,广东,"

"
batch1,69e6f2bc0000000023005345,https://www.xiaohongshu.com/explore/69e6f2bc0000000023005345?source=webshare&xhsshare=pc_web&xsec_token=ABa-SF7HSETP6hVMh5HXuewX25bgOc_J1O8RyXVzwM-gE=&xsec_source=pc_share,弱势|观众,"🍼机器人第一视角，好多人呀

",69e748680000000014019c20,1,l1_per_post_mixed,13,2.0,0.0,0.0,26,宝宝跑不动了，原地嘘嘘[捂脸R][捂脸R][捂脸R],,,,,,,687.0,,64a6f8530000000010034755,2026.04.21,上海,"

"
batch1,69e6f2bc0000000023005345,https://www.xiaohongshu.com/explore/69e6f2bc0000000023005345?source=webshare&xhsshare=pc_web&xsec_token=ABa-SF7HSETP6hVMh5HXuewX25bgOc_J1O8RyXVzwM-gE=&xsec_source=pc_share,弱势|观众,"🍼机器人第一视角，好多人呀

",69e7452b000000001401a818,1,l1_per_post_mixed,14,,0.0,0.0,4,可可爱爱,,,,,,,687.0,,5b701ce970068e000155ac82,2026.04.21,河南,"

"
batch1,69e6f2bc0000000023005345,https://www.xiaohongshu.com/explore/69e6f2bc0000000023005345?source=webshare&xhsshare=pc_web&xsec_token=ABa-SF7HSETP6hVMh5HXuewX25bgOc_J1O8RyXVzwM-gE=&xsec_source=pc_share,弱势|观众,"🍼机器人第一视角，好多人呀

",69e743e20000000014019c20,1,l1_per_post_mixed,15,5.0,0.0,0.0,13,他会跑一半没电吗[笑哭R],,,,,,,687.0,,5a27b7614eacab47a4bf57f1,2026.04.21,上海,"

"
batch1,69e6f2bc0000000023005345,https://www.xiaohongshu.com/explore/69e6f2bc0000000023005345?source=webshare&xhsshare=pc_web&xsec_token=ABa-SF7HSETP6hVMh5HXuewX25bgOc_J1O8RyXVzwM-gE=&xsec_source=pc_share,弱势|观众,"🍼机器人第一视角，好多人呀

",69e72520000000001401e42b,1,l1_per_post_mixed,16,2.0,3237.0,22.0,14,下次给娃买双会闪光会叫叫的鞋,,,,,,,687.0,,56f3fd6f1c07df3ca2a2840b,2026.04.21,湖南,"

"
batch1,69e6f2bc0000000023005345,https://www.xiaohongshu.com/explore/69e6f2bc0000000023005345?source=webshare&xhsshare=pc_web&xsec_token=ABa-SF7HSETP6hVMh5HXuewX25bgOc_J1O8RyXVzwM-gE=&xsec_source=pc_share,弱势|观众,"🍼机器人第一视角，好多人呀

",69e7170a000000001401b807,1,l1_per_post_mixed,17,6.0,2088.0,19.0,35,名次不重要、流量才是最重要的，那么多机器人只记得这个小鼻嘎了[捂脸R],,,,,,,687.0,,5a71eb6311be105aee6fa561,2026.04.21,浙江,"

"
batch1,69e6f2bc0000000023005345,https://www.xiaohongshu.com/explore/69e6f2bc0000000023005345?source=webshare&xhsshare=pc_web&xsec_token=ABa-SF7HSETP6hVMh5HXuewX25bgOc_J1O8RyXVzwM-gE=&xsec_source=pc_share,弱势|观众,"🍼机器人第一视角，好多人呀

",69e79d67000000001401d426,1,l1_per_post_mixed,18,0.0,351.0,13.0,30,我刚才刷到它摔了，被别的机器人看热闹还鼓掌的营销号[捂脸R],,,,,,,687.0,,5fb5195900000000010023b5,2026.04.21,广东,"

"
batch1,69e6f2bc0000000023005345,https://www.xiaohongshu.com/explore/69e6f2bc0000000023005345?source=webshare&xhsshare=pc_web&xsec_token=ABa-SF7HSETP6hVMh5HXuewX25bgOc_J1O8RyXVzwM-gE=&xsec_source=pc_share,弱势|观众,"🍼机器人第一视角，好多人呀

",69e72510000000001401e404,1,l1_per_post_mixed,19,,125.0,60.0,6,最后跑完了吗,,,,,,,687.0,,54dae034e7798965bfe4fba6,2026.04.21,北京,"

"
batch1,69e6f2bc0000000023005345,https://www.xiaohongshu.com/explore/69e6f2bc0000000023005345?source=webshare&xhsshare=pc_web&xsec_token=ABa-SF7HSETP6hVMh5HXuewX25bgOc_J1O8RyXVzwM-gE=&xsec_source=pc_share,弱势|观众,"🍼机器人第一视角，好多人呀

",69e73b0c000000001401e020,1,l1_per_post_mixed,20,4.0,75.0,20.0,24,真的很想买一个回来当小朋友的玩伴耶[暗中观察R],,,,,,,687.0,,668d246400000000030338c2,2026.04.21,贵州,"

"
batch1,69e6f2bc0000000023005345,https://www.xiaohongshu.com/explore/69e6f2bc0000000023005345?source=webshare&xhsshare=pc_web&xsec_token=ABa-SF7HSETP6hVMh5HXuewX25bgOc_J1O8RyXVzwM-gE=&xsec_source=pc_share,弱势|观众,"🍼机器人第一视角，好多人呀

",69e81cac000000001401d40e,1,l1_per_post_mixed,21,0.0,9.0,5.0,25,这种小型人形机器人在生活中的应用场景是什么？贵吗？,,,,,,,687.0,,5c6638ca0000000012003e1c,2026.04.22,广东,"

"
batch1,69e6f2bc0000000023005345,https://www.xiaohongshu.com/explore/69e6f2bc0000000023005345?source=webshare&xhsshare=pc_web&xsec_token=ABa-SF7HSETP6hVMh5HXuewX25bgOc_J1O8RyXVzwM-gE=&xsec_source=pc_share,弱势|观众,"🍼机器人第一视角，好多人呀

",69e7365b000000001401c81c,1,l1_per_post_mixed,22,0.0,39.0,2.0,15,是被大机器人嘲笑的那个机器人吗,,,,,,,687.0,,5d25c2460000000011002573,2026.04.21,广西,"

"
batch1,69e6f2bc0000000023005345,https://www.xiaohongshu.com/explore/69e6f2bc0000000023005345?source=webshare&xhsshare=pc_web&xsec_token=ABa-SF7HSETP6hVMh5HXuewX25bgOc_J1O8RyXVzwM-gE=&xsec_source=pc_share,弱势|观众,"🍼机器人第一视角，好多人呀

",69e726700000000014018820,1,l1_per_post_mixed,23,1.0,26.0,4.0,18,你家孩子正好cos鲁班七号[斜眼R],,,,,,,687.0,,5ffdda72000000000100a6c6,2026.04.21,山西,"

"
batch1,69e6f2bc0000000023005345,https://www.xiaohongshu.com/explore/69e6f2bc0000000023005345?source=webshare&xhsshare=pc_web&xsec_token=ABa-SF7HSETP6hVMh5HXuewX25bgOc_J1O8RyXVzwM-gE=&xsec_source=pc_share,弱势|观众,"🍼机器人第一视角，好多人呀

",69ea12fd000000001401d40e,1,l1_per_post_mixed,24,1.0,3.0,1.0,22,前边有只大湾鸡？[哇R][大笑R][大笑R],,,,,,,687.0,,616977fa0000000002026eb6,2026.04.23,广东,"

"
batch1,69e6f2bc0000000023005345,https://www.xiaohongshu.com/explore/69e6f2bc0000000023005345?source=webshare&xhsshare=pc_web&xsec_token=ABa-SF7HSETP6hVMh5HXuewX25bgOc_J1O8RyXVzwM-gE=&xsec_source=pc_share,弱势|观众,"🍼机器人第一视角，好多人呀

",69e86e9b000000001401b801,1,l1_per_post_mixed,25,4.0,10.0,5.0,10,如果销售这款应该大卖,,,,,,,687.0,,6134d603000000000201a193,2026.04.22,河南,"

"
batch1,69e6f2bc0000000023005345,https://www.xiaohongshu.com/explore/69e6f2bc0000000023005345?source=webshare&xhsshare=pc_web&xsec_token=ABa-SF7HSETP6hVMh5HXuewX25bgOc_J1O8RyXVzwM-gE=&xsec_source=pc_share,弱势|观众,"🍼机器人第一视角，好多人呀

",69e75f670000000014018c18,1,l1_per_post_mixed,26,0.0,45.0,4.0,43,不知道这个机器人是不是我在b站上看到的那位，摔倒了还被宇数机器人观望拍手那个[笑哭R],,,,,,,687.0,,5b9d9ccba0f37f0001c27b58,2026.04.21,浙江,"

"
batch1,69e6f2bc0000000023005345,https://www.xiaohongshu.com/explore/69e6f2bc0000000023005345?source=webshare&xhsshare=pc_web&xsec_token=ABa-SF7HSETP6hVMh5HXuewX25bgOc_J1O8RyXVzwM-gE=&xsec_source=pc_share,弱势|观众,"🍼机器人第一视角，好多人呀

",69e89a83000000001401e409,1,l1_per_post_mixed,27,1.0,10.0,2.0,31,小派虽然跑得慢，但它稳呀[笑哭R]小腿倒腾得太可爱了[色色R],,,,,,,687.0,,6140760500000000020248fc,2026.04.22,广东,"

"
batch1,69e6f2bc0000000023005345,https://www.xiaohongshu.com/explore/69e6f2bc0000000023005345?source=webshare&xhsshare=pc_web&xsec_token=ABa-SF7HSETP6hVMh5HXuewX25bgOc_J1O8RyXVzwM-gE=&xsec_source=pc_share,弱势|观众,"🍼机器人第一视角，好多人呀

",69e74097000000001401cc06,1,l1_per_post_mixed,28,1.0,10.0,3.0,15,有点想抱在怀里的冲动[笑哭R],,,,,,,687.0,,5a35d5dee8ac2b19f271322f,2026.04.21,上海,"

"
batch1,69e6f2bc0000000023005345,https://www.xiaohongshu.com/explore/69e6f2bc0000000023005345?source=webshare&xhsshare=pc_web&xsec_token=ABa-SF7HSETP6hVMh5HXuewX25bgOc_J1O8RyXVzwM-gE=&xsec_source=pc_share,弱势|观众,"🍼机器人第一视角，好多人呀

",69e78c18000000001401c00c,1,l1_per_post_mixed,29,1.0,34.0,2.0,69,我专门为了追小派早起坐了一个多小时的车去10公里处的大族广场候着，结果等了半天没等到，听说在5公里处就熄火了[抽泣R][抽泣R][抽泣R],,,,,,,687.0,,64dee42f0000000001011959,2026.04.21,北京,"

"
batch1,69e6f2bc0000000023005345,https://www.xiaohongshu.com/explore/69e6f2bc0000000023005345?source=webshare&xhsshare=pc_web&xsec_token=ABa-SF7HSETP6hVMh5HXuewX25bgOc_J1O8RyXVzwM-gE=&xsec_source=pc_share,弱势|观众,"🍼机器人第一视角，好多人呀

",69e7203b000000001401ac07,1,l1_per_post_mixed,30,4.0,8.0,8.0,11,好乖，这个可以买来玩嘛,,,,,,,687.0,,5a8078714eacab0889b46b8a,2026.04.21,重庆,"

"
batch1,69e48d54000000002102e178,https://www.xiaohongshu.com/explore/69e48d54000000002102e178?source=webshare&xhsshare=pc_web&xsec_token=ABHtr88UWkKZZAADKyuBN5pbE4Gbh9JiGOnx4gle4oDZk=&xsec_source=pc_share,弱势|同伴,"😭亦庄机器人半马最感人一幕

",69e7784a0000000014019802,1,l1_per_post_mixed,1,,0.0,0.0,14,[捂脸R]@努力生活的丸子🌟,,,,,,,1589.0,,5c8242280000000012006a70,2026.04.21,安徽,"即使失败，工程师依然深深爱着自家机器人小孩[哭惹R]

"
batch1,69e48d54000000002102e178,https://www.xiaohongshu.com/explore/69e48d54000000002102e178?source=webshare&xhsshare=pc_web&xsec_token=ABHtr88UWkKZZAADKyuBN5pbE4Gbh9JiGOnx4gle4oDZk=&xsec_source=pc_share,弱势|同伴,"😭亦庄机器人半马最感人一幕

",69e49ee3000000001401c41e,1,l1_per_post_mixed,2,6.0,0.0,484.0,17,不管你考得怎么样，爸爸妈妈都爱你！,,,,,,,1589.0,,665171cb0000000007005e69,2026.04.19,天津,"即使失败，工程师依然深深爱着自家机器人小孩[哭惹R]

"
batch1,69e48d54000000002102e178,https://www.xiaohongshu.com/explore/69e48d54000000002102e178?source=webshare&xhsshare=pc_web&xsec_token=ABHtr88UWkKZZAADKyuBN5pbE4Gbh9JiGOnx4gle4oDZk=&xsec_source=pc_share,弱势|同伴,"😭亦庄机器人半马最感人一幕

",69e4e394000000001401bc31,1,l1_per_post_mixed,3,0.0,0.0,208.0,33,别说这么复杂的机器人了，我自己做的Excel表我也很珍惜[捂脸R],,,,,,,1589.0,,57cd7c16a9b2ed7625fcb0e3,2026.04.19,北京,"即使失败，工程师依然深深爱着自家机器人小孩[哭惹R]

"
batch1,69e48d54000000002102e178,https://www.xiaohongshu.com/explore/69e48d54000000002102e178?source=webshare&xhsshare=pc_web&xsec_token=ABHtr88UWkKZZAADKyuBN5pbE4Gbh9JiGOnx4gle4oDZk=&xsec_source=pc_share,弱势|同伴,"😭亦庄机器人半马最感人一幕

",69e504de000000001401bc03,1,l1_per_post_mixed,4,0.0,3268.0,17.0,51,这个程序员也长得很小，有点清澈的孩子气，新的人搂着新的机器人，一代年轻人更比一代强，中国一定会越来越好,,,,,,,1589.0,,5b04fabbb1da141b6a8ed05d,2026.04.20,海南,"即使失败，工程师依然深深爱着自家机器人小孩[哭惹R]

"
batch1,69e48d54000000002102e178,https://www.xiaohongshu.com/explore/69e48d54000000002102e178?source=webshare&xhsshare=pc_web&xsec_token=ABHtr88UWkKZZAADKyuBN5pbE4Gbh9JiGOnx4gle4oDZk=&xsec_source=pc_share,弱势|同伴,"😭亦庄机器人半马最感人一幕

",69e4abf1000000001401c014,1,l1_per_post_mixed,5,,2942.0,69.0,5,搂的这孩子,,,,,,,1589.0,,610a02e7000000000101ef34,2026.04.19,北京,"即使失败，工程师依然深深爱着自家机器人小孩[哭惹R]

"
batch1,69e48d54000000002102e178,https://www.xiaohongshu.com/explore/69e48d54000000002102e178?source=webshare&xhsshare=pc_web&xsec_token=ABHtr88UWkKZZAADKyuBN5pbE4Gbh9JiGOnx4gle4oDZk=&xsec_source=pc_share,弱势|同伴,"😭亦庄机器人半马最感人一幕

",69e4a270000000001401a802,1,l1_per_post_mixed,6,0.0,7973.0,168.0,23,这个我懂，在它们统治地球之前，先留一个好印象。,,,,,,,1589.0,,61a087b8000000001000d34d,2026.04.19,河北,"即使失败，工程师依然深深爱着自家机器人小孩[哭惹R]

"
batch1,69e48d54000000002102e178,https://www.xiaohongshu.com/explore/69e48d54000000002102e178?source=webshare&xhsshare=pc_web&xsec_token=ABHtr88UWkKZZAADKyuBN5pbE4Gbh9JiGOnx4gle4oDZk=&xsec_source=pc_share,弱势|同伴,"😭亦庄机器人半马最感人一幕

",69e4b7d5000000001401c81d,1,l1_per_post_mixed,7,,990.0,32.0,11,我也拍到了[doge],,,,,,,1589.0,,5c14f0be00000000050227c7,2026.04.19,北京,"即使失败，工程师依然深深爱着自家机器人小孩[哭惹R]

"
batch1,69e48d54000000002102e178,https://www.xiaohongshu.com/explore/69e48d54000000002102e178?source=webshare&xhsshare=pc_web&xsec_token=ABHtr88UWkKZZAADKyuBN5pbE4Gbh9JiGOnx4gle4oDZk=&xsec_source=pc_share,弱势|同伴,"😭亦庄机器人半马最感人一幕

",69e4a2e5000000001401b816,1,l1_per_post_mixed,8,2.0,4072.0,41.0,12,他是怕摔下来，公司要他赔,,,,,,,1589.0,,5b16a94b11be100f2c360749,2026.04.19,广东,"即使失败，工程师依然深深爱着自家机器人小孩[哭惹R]

"
batch1,69e48d54000000002102e178,https://www.xiaohongshu.com/explore/69e48d54000000002102e178?source=webshare&xhsshare=pc_web&xsec_token=ABHtr88UWkKZZAADKyuBN5pbE4Gbh9JiGOnx4gle4oDZk=&xsec_source=pc_share,弱势|同伴,"😭亦庄机器人半马最感人一幕

",69e57274000000001401d811,1,l1_per_post_mixed,9,1.0,486.0,5.0,10,他爸看起来年纪也不大,,,,,,,1589.0,,5bb20a940c1a670001a296d6,2026.04.20,江苏,"即使失败，工程师依然深深爱着自家机器人小孩[哭惹R]

"
batch1,69e48d54000000002102e178,https://www.xiaohongshu.com/explore/69e48d54000000002102e178?source=webshare&xhsshare=pc_web&xsec_token=ABHtr88UWkKZZAADKyuBN5pbE4Gbh9JiGOnx4gle4oDZk=&xsec_source=pc_share,弱势|同伴,"😭亦庄机器人半马最感人一幕

",69e4aa34000000001401bc30,1,l1_per_post_mixed,10,1.0,891.0,7.0,10,带红领巾真的蚌埠住了,,,,,,,1589.0,,60df44d700000000200273a0,2026.04.19,福建,"即使失败，工程师依然深深爱着自家机器人小孩[哭惹R]

"
batch1,69e48d54000000002102e178,https://www.xiaohongshu.com/explore/69e48d54000000002102e178?source=webshare&xhsshare=pc_web&xsec_token=ABHtr88UWkKZZAADKyuBN5pbE4Gbh9JiGOnx4gle4oDZk=&xsec_source=pc_share,弱势|同伴,"😭亦庄机器人半马最感人一幕

",69e4c274000000001401dc33,1,l1_per_post_mixed,11,,154.0,5.0,3,即视感,,,,,,,1589.0,,62ee2680000000001f016a03,2026.04.19,中国香港,"即使失败，工程师依然深深爱着自家机器人小孩[哭惹R]

"
batch1,69e48d54000000002102e178,https://www.xiaohongshu.com/explore/69e48d54000000002102e178?source=webshare&xhsshare=pc_web&xsec_token=ABHtr88UWkKZZAADKyuBN5pbE4Gbh9JiGOnx4gle4oDZk=&xsec_source=pc_share,弱势|同伴,"😭亦庄机器人半马最感人一幕

",69e4c202000000001401e839,1,l1_per_post_mixed,12,6.0,238.0,1.0,24,这个就跟送自家孩子参加比赛一样 失败了就下次努力,,,,,,,1589.0,,5a9df5e94eacab13b80b113c,2026.04.19,四川,"即使失败，工程师依然深深爱着自家机器人小孩[哭惹R]

"
batch1,69e48d54000000002102e178,https://www.xiaohongshu.com/explore/69e48d54000000002102e178?source=webshare&xhsshare=pc_web&xsec_token=ABHtr88UWkKZZAADKyuBN5pbE4Gbh9JiGOnx4gle4oDZk=&xsec_source=pc_share,弱势|同伴,"😭亦庄机器人半马最感人一幕

",69e4b71c000000001401a821,1,l1_per_post_mixed,13,2.0,2.0,0.0,22,真的很爱他 只是跑步还带个头盔[暗中观察R],,,,,,,1589.0,,5ac2ee5611be101c78534566,2026.04.19,湖北,"即使失败，工程师依然深深爱着自家机器人小孩[哭惹R]

"
batch1,69e48d54000000002102e178,https://www.xiaohongshu.com/explore/69e48d54000000002102e178?source=webshare&xhsshare=pc_web&xsec_token=ABHtr88UWkKZZAADKyuBN5pbE4Gbh9JiGOnx4gle4oDZk=&xsec_source=pc_share,弱势|同伴,"😭亦庄机器人半马最感人一幕

",69e4b683000000001401cc12,1,l1_per_post_mixed,14,4.0,1.0,0.0,9,自己的产品不爱谁爱,,,,,,,1589.0,,64635015000000002a00b6b2,2026.04.19,德国,"即使失败，工程师依然深深爱着自家机器人小孩[哭惹R]

"
batch1,69e48d54000000002102e178,https://www.xiaohongshu.com/explore/69e48d54000000002102e178?source=webshare&xhsshare=pc_web&xsec_token=ABHtr88UWkKZZAADKyuBN5pbE4Gbh9JiGOnx4gle4oDZk=&xsec_source=pc_share,弱势|同伴,"😭亦庄机器人半马最感人一幕

",69e4b63f000000001401dc11,1,l1_per_post_mixed,15,,0.0,0.0,10,都是小年轻[笑哭R],,,,,,,1589.0,,608568860000000001009a27,2026.04.19,德国,"即使失败，工程师依然深深爱着自家机器人小孩[哭惹R]

"
batch1,69e48d54000000002102e178,https://www.xiaohongshu.com/explore/69e48d54000000002102e178?source=webshare&xhsshare=pc_web&xsec_token=ABHtr88UWkKZZAADKyuBN5pbE4Gbh9JiGOnx4gle4oDZk=&xsec_source=pc_share,弱势|同伴,"😭亦庄机器人半马最感人一幕

",69e4b3c1000000001401e400,1,l1_per_post_mixed,16,1.0,14.0,0.0,19,肯定啊！都是用自己头发换的，能不宝贝嘛,,,,,,,1589.0,,5b8de9ec5d4f2a0001a173b9,2026.04.19,广东,"即使失败，工程师依然深深爱着自家机器人小孩[哭惹R]

"
batch1,69e48d54000000002102e178,https://www.xiaohongshu.com/explore/69e48d54000000002102e178?source=webshare&xhsshare=pc_web&xsec_token=ABHtr88UWkKZZAADKyuBN5pbE4Gbh9JiGOnx4gle4oDZk=&xsec_source=pc_share,弱势|同伴,"😭亦庄机器人半马最感人一幕

",69e4b1280000000014019c25,1,l1_per_post_mixed,17,4.0,26.0,0.0,21,硅基生命有一天占领地球，这张图就是免死金牌,,,,,,,1589.0,,66d440d9000000001d033721,2026.04.19,北京,"即使失败，工程师依然深深爱着自家机器人小孩[哭惹R]

"
batch1,69e48d54000000002102e178,https://www.xiaohongshu.com/explore/69e48d54000000002102e178?source=webshare&xhsshare=pc_web&xsec_token=ABHtr88UWkKZZAADKyuBN5pbE4Gbh9JiGOnx4gle4oDZk=&xsec_source=pc_share,弱势|同伴,"😭亦庄机器人半马最感人一幕

",69e4afe3000000001401cc03,1,l1_per_post_mixed,18,0.0,49.0,6.0,42,干嘛呢，给机器人上温暖的爱的教育ing[笑哭R][笑哭R]到时候对人类手下留情一下吗,,,,,,,1589.0,,68ee567e00000000370084cb,2026.04.19,湖南,"即使失败，工程师依然深深爱着自家机器人小孩[哭惹R]

"
batch1,69e48d54000000002102e178,https://www.xiaohongshu.com/explore/69e48d54000000002102e178?source=webshare&xhsshare=pc_web&xsec_token=ABHtr88UWkKZZAADKyuBN5pbE4Gbh9JiGOnx4gle4oDZk=&xsec_source=pc_share,弱势|同伴,"😭亦庄机器人半马最感人一幕

",69e4a97d000000001401ac21,1,l1_per_post_mixed,19,4.0,3.0,0.0,17,要回去分析原因写检测报告吧可能..,,,,,,,1589.0,,5cfe2e3a000000001203a194,2026.04.19,北京,"即使失败，工程师依然深深爱着自家机器人小孩[哭惹R]

"
batch1,69e48d54000000002102e178,https://www.xiaohongshu.com/explore/69e48d54000000002102e178?source=webshare&xhsshare=pc_web&xsec_token=ABHtr88UWkKZZAADKyuBN5pbE4Gbh9JiGOnx4gle4oDZk=&xsec_source=pc_share,弱势|同伴,"😭亦庄机器人半马最感人一幕

",69e4a922000000001401c431,1,l1_per_post_mixed,20,1.0,2.0,1.0,34,@宇在下（三块地见版） @🔸 @LD07 @JOYA 这个哈哈哈哈哈,,,,,,,1589.0,,5f1fcceb0000000001007c88,2026.04.19,湖南,"即使失败，工程师依然深深爱着自家机器人小孩[哭惹R]

"
batch1,69e48d54000000002102e178,https://www.xiaohongshu.com/explore/69e48d54000000002102e178?source=webshare&xhsshare=pc_web&xsec_token=ABHtr88UWkKZZAADKyuBN5pbE4Gbh9JiGOnx4gle4oDZk=&xsec_source=pc_share,弱势|同伴,"😭亦庄机器人半马最感人一幕

",69e4a4e5000000001401d409,1,l1_per_post_mixed,21,1.0,0.0,0.0,9,看着很年轻，像学生,,,,,,,1589.0,,5eb5fe8200000000010048bb,2026.04.19,吉林,"即使失败，工程师依然深深爱着自家机器人小孩[哭惹R]

"
batch1,69e48d54000000002102e178,https://www.xiaohongshu.com/explore/69e48d54000000002102e178?source=webshare&xhsshare=pc_web&xsec_token=ABHtr88UWkKZZAADKyuBN5pbE4Gbh9JiGOnx4gle4oDZk=&xsec_source=pc_share,弱势|同伴,"😭亦庄机器人半马最感人一幕

",69e4a2d0000000001401ac06,1,l1_per_post_mixed,22,6.0,74.0,2.0,25,相信他们会把它们“养”好的，感觉今年脚底下利索点了,,,,,,,1589.0,,5e9176000000000001000a4a,2026.04.19,河北,"即使失败，工程师依然深深爱着自家机器人小孩[哭惹R]

"
batch1,69e48d54000000002102e178,https://www.xiaohongshu.com/explore/69e48d54000000002102e178?source=webshare&xhsshare=pc_web&xsec_token=ABHtr88UWkKZZAADKyuBN5pbE4Gbh9JiGOnx4gle4oDZk=&xsec_source=pc_share,弱势|同伴,"😭亦庄机器人半马最感人一幕

",69e4a2c1000000001401c008,1,l1_per_post_mixed,23,4.0,89.0,1.0,10,年轻的牛马和他的心血,,,,,,,1589.0,,5e896a06000000000100716e,2026.04.19,北京,"即使失败，工程师依然深深爱着自家机器人小孩[哭惹R]

"
batch1,69e48d54000000002102e178,https://www.xiaohongshu.com/explore/69e48d54000000002102e178?source=webshare&xhsshare=pc_web&xsec_token=ABHtr88UWkKZZAADKyuBN5pbE4Gbh9JiGOnx4gle4oDZk=&xsec_source=pc_share,弱势|同伴,"😭亦庄机器人半马最感人一幕

",69e49ea1000000001401cc23,1,l1_per_post_mixed,24,,30.0,0.0,14,那就是他的孩子啊[doge],,,,,,,1589.0,,59945b365e87e761b43cf3d1,2026.04.19,山东,"即使失败，工程师依然深深爱着自家机器人小孩[哭惹R]

"
batch1,69e48d54000000002102e178,https://www.xiaohongshu.com/explore/69e48d54000000002102e178?source=webshare&xhsshare=pc_web&xsec_token=ABHtr88UWkKZZAADKyuBN5pbE4Gbh9JiGOnx4gle4oDZk=&xsec_source=pc_share,弱势|同伴,"😭亦庄机器人半马最感人一幕

",69e49d70000000001401bc04,1,l1_per_post_mixed,25,2.0,38.0,0.0,19,感觉情绪不太好，回去好好给它打几个补丁,,,,,,,1589.0,,612df92300000000010025eb,2026.04.19,北京,"即使失败，工程师依然深深爱着自家机器人小孩[哭惹R]

"
batch1,69e48d54000000002102e178,https://www.xiaohongshu.com/explore/69e48d54000000002102e178?source=webshare&xhsshare=pc_web&xsec_token=ABHtr88UWkKZZAADKyuBN5pbE4Gbh9JiGOnx4gle4oDZk=&xsec_source=pc_share,弱势|同伴,"😭亦庄机器人半马最感人一幕

",69e5a52f0000000014019413,1,l1_per_post_mixed,26,0.0,43.0,8.0,44,感觉研究机器人的都是很年轻的小男孩  像商场里卖玩具区那些买机甲战士挑奥特曼的小孩长大了,,,,,,,1589.0,,55e119a4c2bdeb627e569eea,2026.04.20,北京,"即使失败，工程师依然深深爱着自家机器人小孩[哭惹R]

"
batch1,69e48d54000000002102e178,https://www.xiaohongshu.com/explore/69e48d54000000002102e178?source=webshare&xhsshare=pc_web&xsec_token=ABHtr88UWkKZZAADKyuBN5pbE4Gbh9JiGOnx4gle4oDZk=&xsec_source=pc_share,弱势|同伴,"😭亦庄机器人半马最感人一幕

",69e5cd31000000001401cc36,1,l1_per_post_mixed,27,,0.0,0.0,8,你俩吃什么呢？？,,,,,,,1589.0,,5affcf8a11be10080909250c,2026.04.20,澳大利亚,"即使失败，工程师依然深深爱着自家机器人小孩[哭惹R]

"
batch1,69e48d54000000002102e178,https://www.xiaohongshu.com/explore/69e48d54000000002102e178?source=webshare&xhsshare=pc_web&xsec_token=ABHtr88UWkKZZAADKyuBN5pbE4Gbh9JiGOnx4gle4oDZk=&xsec_source=pc_share,弱势|同伴,"😭亦庄机器人半马最感人一幕

",69e4d6bc000000002b0286fe,1,l1_per_post_mixed,28,2.0,0.0,2.0,24,工厂里或者找个无人区就可以跑了，干嘛要出来溜大街,,,,,,,1589.0,,66d38b54000000000b031b7b,2026.04.19,加拿大,"即使失败，工程师依然深深爱着自家机器人小孩[哭惹R]

"
batch1,69e48d54000000002102e178,https://www.xiaohongshu.com/explore/69e48d54000000002102e178?source=webshare&xhsshare=pc_web&xsec_token=ABHtr88UWkKZZAADKyuBN5pbE4Gbh9JiGOnx4gle4oDZk=&xsec_source=pc_share,弱势|同伴,"😭亦庄机器人半马最感人一幕

",69e4bfe2000000001401a81d,1,l1_per_post_mixed,29,2.0,0.0,0.0,20,答应我，回去不要踹它们，踢它们[皱眉R],,,,,,,1589.0,,5d86e608000000000100529b,2026.04.19,北京,"即使失败，工程师依然深深爱着自家机器人小孩[哭惹R]

"
batch1,69e48d54000000002102e178,https://www.xiaohongshu.com/explore/69e48d54000000002102e178?source=webshare&xhsshare=pc_web&xsec_token=ABHtr88UWkKZZAADKyuBN5pbE4Gbh9JiGOnx4gle4oDZk=&xsec_source=pc_share,弱势|同伴,"😭亦庄机器人半马最感人一幕

",69e4ba43000000001401dc25,1,l1_per_post_mixed,30,0.0,0.0,0.0,34,让那些说“为什么要做人形”的人看看啊！要是配两轮子 坐的上车吗！！！,,,,,,,1589.0,,571c9bc4aed758489e0289aa,2026.04.19,北京,"即使失败，工程师依然深深爱着自家机器人小孩[哭惹R]

"
batch1,69e481e8000000002003ad94,https://www.xiaohongshu.com/explore/69e481e8000000002003ad94?source=webshare&xhsshare=pc_web&xsec_token=CBIKdUwRBDKLtFUfL9ckADqpDPWAU3O7maZ62l5l6vIYY=&xsec_source=pc_share,强势|服务者,"

",69e6dc68000000001401c400,1,l1_per_post_mixed,1,4.0,0.0,0.0,11,意义在哪里[doge],,,,,,,,,5e1769a1000000000100bd67,2026.04.21,浙江,"堪比赛车！机器人马拉松高燃补给场面！

"
batch1,69e481e8000000002003ad94,https://www.xiaohongshu.com/explore/69e481e8000000002003ad94?source=webshare&xhsshare=pc_web&xsec_token=CBIKdUwRBDKLtFUfL9ckADqpDPWAU3O7maZ62l5l6vIYY=&xsec_source=pc_share,强势|服务者,"

",69e490ae000000001401d42a,1,l1_per_post_mixed,2,0.0,4733.0,1334.0,21,比跑步干嘛非要人形，轮子不是更快[笑哭R],,,,,,,,,5b92131965aece0001d21a33,2026.04.19,浙江,"堪比赛车！机器人马拉松高燃补给场面！

"
batch1,69e481e8000000002003ad94,https://www.xiaohongshu.com/explore/69e481e8000000002003ad94?source=webshare&xhsshare=pc_web&xsec_token=CBIKdUwRBDKLtFUfL9ckADqpDPWAU3O7maZ62l5l6vIYY=&xsec_source=pc_share,强势|服务者,"

",69e4853b000000001401b022,1,l1_per_post_mixed,3,,4118.0,898.0,8,喷的那个是什么呀,,,,,,,,,6593daf8000000001f03a111,2026.04.19,北京,"堪比赛车！机器人马拉松高燃补给场面！

"
batch1,69e481e8000000002003ad94,https://www.xiaohongshu.com/explore/69e481e8000000002003ad94?source=webshare&xhsshare=pc_web&xsec_token=CBIKdUwRBDKLtFUfL9ckADqpDPWAU3O7maZ62l5l6vIYY=&xsec_source=pc_share,强势|服务者,"

",69e49a5c000000001401ac0a,1,l1_per_post_mixed,4,3.0,43.0,97.0,14,我有个疑问…换轮子不是更快吗,,,,,,,,,69c3cf2b0000000032035570,2026.04.19,山东,"堪比赛车！机器人马拉松高燃补给场面！

"
batch1,69e481e8000000002003ad94,https://www.xiaohongshu.com/explore/69e481e8000000002003ad94?source=webshare&xhsshare=pc_web&xsec_token=CBIKdUwRBDKLtFUfL9ckADqpDPWAU3O7maZ62l5l6vIYY=&xsec_source=pc_share,强势|服务者,"

",69e56a0b000000001401c009,1,l1_per_post_mixed,5,2.0,3043.0,43.0,35,这减速到停下简直不要太丝滑，还有站稳后晃的那两下[捂脸R]像低血糖似的,,,,,,,,,5a2a0f614eacab460655f17f,2026.04.20,广东,"堪比赛车！机器人马拉松高燃补给场面！

"
batch1,69e481e8000000002003ad94,https://www.xiaohongshu.com/explore/69e481e8000000002003ad94?source=webshare&xhsshare=pc_web&xsec_token=CBIKdUwRBDKLtFUfL9ckADqpDPWAU3O7maZ62l5l6vIYY=&xsec_source=pc_share,强势|服务者,"

",69e5949d000000001401cc1b,1,l1_per_post_mixed,6,1.0,1240.0,47.0,13,孙孙，切汤饭了[doge],,,,,,,,,657b027f0000000019012b19,2026.04.20,浙江,"堪比赛车！机器人马拉松高燃补给场面！

"
batch1,69e481e8000000002003ad94,https://www.xiaohongshu.com/explore/69e481e8000000002003ad94?source=webshare&xhsshare=pc_web&xsec_token=CBIKdUwRBDKLtFUfL9ckADqpDPWAU3O7maZ62l5l6vIYY=&xsec_source=pc_share,强势|服务者,"

",69e653eb0000000014018807,1,l1_per_post_mixed,7,,915.0,23.0,11,刚运动完你别让它喝冰的,,,,,,,,,660b5660000000000600f007,2026.04.21,广东,"堪比赛车！机器人马拉松高燃补给场面！

"
batch1,69e481e8000000002003ad94,https://www.xiaohongshu.com/explore/69e481e8000000002003ad94?source=webshare&xhsshare=pc_web&xsec_token=CBIKdUwRBDKLtFUfL9ckADqpDPWAU3O7maZ62l5l6vIYY=&xsec_source=pc_share,强势|服务者,"

",69e4962e000000001401b006,1,l1_per_post_mixed,8,0.0,1144.0,73.0,20,一个机器人需要3个人伺候，就业新方向来了,,,,,,,,,5c23652e00000000050032b8,2026.04.19,黑龙江,"堪比赛车！机器人马拉松高燃补给场面！

"
batch1,69e481e8000000002003ad94,https://www.xiaohongshu.com/explore/69e481e8000000002003ad94?source=webshare&xhsshare=pc_web&xsec_token=CBIKdUwRBDKLtFUfL9ckADqpDPWAU3O7maZ62l5l6vIYY=&xsec_source=pc_share,强势|服务者,"

",69e58223000000001401d404,1,l1_per_post_mixed,9,4.0,0.0,0.0,5,3个人伺候,,,,,,,,,5e8605e7000000000100a405,2026.04.20,广东,"堪比赛车！机器人马拉松高燃补给场面！

"
batch1,69e481e8000000002003ad94,https://www.xiaohongshu.com/explore/69e481e8000000002003ad94?source=webshare&xhsshare=pc_web&xsec_token=CBIKdUwRBDKLtFUfL9ckADqpDPWAU3O7maZ62l5l6vIYY=&xsec_source=pc_share,强势|服务者,"

",69e4a142000000001401e426,1,l1_per_post_mixed,10,,1.0,0.0,13,你怎么只喷那儿啊[笑哭R],,,,,,,,,63f1965e000000001001c53e,2026.04.19,湖北,"堪比赛车！机器人马拉松高燃补给场面！

"
batch1,69e481e8000000002003ad94,https://www.xiaohongshu.com/explore/69e481e8000000002003ad94?source=webshare&xhsshare=pc_web&xsec_token=CBIKdUwRBDKLtFUfL9ckADqpDPWAU3O7maZ62l5l6vIYY=&xsec_source=pc_share,强势|服务者,"

",69e4d70c000000001401e40b,1,l1_per_post_mixed,11,1.0,422.0,10.0,25,看了一些评论，我只能说，尊重每一只青蛙，和它的井。,,,,,,,,,6381a875000000001f016abd,2026.04.19,北京,"堪比赛车！机器人马拉松高燃补给场面！

"
batch1,69e481e8000000002003ad94,https://www.xiaohongshu.com/explore/69e481e8000000002003ad94?source=webshare&xhsshare=pc_web&xsec_token=CBIKdUwRBDKLtFUfL9ckADqpDPWAU3O7maZ62l5l6vIYY=&xsec_source=pc_share,强势|服务者,"

",69e5841a000000001401d81f,1,l1_per_post_mixed,12,0.0,339.0,51.0,26,一个机器人，三个人服侍它，以后不怕没岗位啦[偷笑R],,,,,,,,,5ba7a42e95d6810001712b6e,2026.04.20,广东,"堪比赛车！机器人马拉松高燃补给场面！

"
batch1,69e481e8000000002003ad94,https://www.xiaohongshu.com/explore/69e481e8000000002003ad94?source=webshare&xhsshare=pc_web&xsec_token=CBIKdUwRBDKLtFUfL9ckADqpDPWAU3O7maZ62l5l6vIYY=&xsec_source=pc_share,强势|服务者,"

",69e71b47000000001401ac15,1,l1_per_post_mixed,13,4.0,110.0,135.0,9,这东西的意义在哪？,,,,,,,,,5b20a18e6b58b775e9548708,2026.04.21,广东,"堪比赛车！机器人马拉松高燃补给场面！

"
batch1,69e481e8000000002003ad94,https://www.xiaohongshu.com/explore/69e481e8000000002003ad94?source=webshare&xhsshare=pc_web&xsec_token=CBIKdUwRBDKLtFUfL9ckADqpDPWAU3O7maZ62l5l6vIYY=&xsec_source=pc_share,强势|服务者,"

",69e6a9d00000000014019c03,1,l1_per_post_mixed,14,4.0,85.0,34.0,22,本意替代人工，现在要三个人给他服务[捂脸R],,,,,,,,,67919877000000000e011c35,2026.04.21,山东,"堪比赛车！机器人马拉松高燃补给场面！

"
batch1,69e481e8000000002003ad94,https://www.xiaohongshu.com/explore/69e481e8000000002003ad94?source=webshare&xhsshare=pc_web&xsec_token=CBIKdUwRBDKLtFUfL9ckADqpDPWAU3O7maZ62l5l6vIYY=&xsec_source=pc_share,强势|服务者,"

",69e571d9000000001401c009,1,l1_per_post_mixed,15,3.0,59.0,86.0,53,花这么大代价，不会只为娱乐，只为马拉松吧，他的科技前景在哪里，有行家给讲解一下吗？感觉是不是点错科技树了。,,,,,,,,,660bac77000000000600e08e,2026.04.20,陕西,"堪比赛车！机器人马拉松高燃补给场面！

"
batch1,69e481e8000000002003ad94,https://www.xiaohongshu.com/explore/69e481e8000000002003ad94?source=webshare&xhsshare=pc_web&xsec_token=CBIKdUwRBDKLtFUfL9ckADqpDPWAU3O7maZ62l5l6vIYY=&xsec_source=pc_share,强势|服务者,"

",69e4a3d80000000014019c24,1,l1_per_post_mixed,16,0.0,49.0,10.0,41,太智能了，就是辛苦操控员了，机器人跑42公里，他么三个也要跟着跑42公里[捂脸R],,,,,,,,,5b651787835d430001dd35f5,2026.04.19,北京,"堪比赛车！机器人马拉松高燃补给场面！

"
batch1,69e481e8000000002003ad94,https://www.xiaohongshu.com/explore/69e481e8000000002003ad94?source=webshare&xhsshare=pc_web&xsec_token=CBIKdUwRBDKLtFUfL9ckADqpDPWAU3O7maZ62l5l6vIYY=&xsec_source=pc_share,强势|服务者,"

",69ed6455000000002901a7e5,1,l1_per_post_mixed,17,0.0,0.0,0.0,4,机器，人,,,,,,,,,698bc32d000000001c038147,2026.04.26,山东,"堪比赛车！机器人马拉松高燃补给场面！

"
batch1,69e481e8000000002003ad94,https://www.xiaohongshu.com/explore/69e481e8000000002003ad94?source=webshare&xhsshare=pc_web&xsec_token=CBIKdUwRBDKLtFUfL9ckADqpDPWAU3O7maZ62l5l6vIYY=&xsec_source=pc_share,强势|服务者,"

",69e7520e000000001401a413,1,l1_per_post_mixed,18,2.0,0.0,0.0,6,这算作弊不？,,,,,,,,,6722d620000000001c01b9b3,2026.04.21,广西,"堪比赛车！机器人马拉松高燃补给场面！

"
batch1,69e481e8000000002003ad94,https://www.xiaohongshu.com/explore/69e481e8000000002003ad94?source=webshare&xhsshare=pc_web&xsec_token=CBIKdUwRBDKLtFUfL9ckADqpDPWAU3O7maZ62l5l6vIYY=&xsec_source=pc_share,强势|服务者,"

",69e4a81a000000001401e809,1,l1_per_post_mixed,19,0.0,50.0,19.0,21,别的我都懂，冲着机器人喊加油，他是能听懂吗,,,,,,,,,5a991e154eacab4c1cd54791,2026.04.19,福建,"堪比赛车！机器人马拉松高燃补给场面！

"
batch1,69e481e8000000002003ad94,https://www.xiaohongshu.com/explore/69e481e8000000002003ad94?source=webshare&xhsshare=pc_web&xsec_token=CBIKdUwRBDKLtFUfL9ckADqpDPWAU3O7maZ62l5l6vIYY=&xsec_source=pc_share,强势|服务者,"

",69e67bfb000000001401b002,1,l1_per_post_mixed,20,0.0,0.0,0.0,52,很多人说没意义，但是我请问呢，五年前哪怕三年前，你会想到2026年中国能举办一场人形机器人马拉松比赛吗？,,,,,,,,,5e7a2e1100000000010000f6,2026.04.21,河南,"堪比赛车！机器人马拉松高燃补给场面！

"
batch1,69e481e8000000002003ad94,https://www.xiaohongshu.com/explore/69e481e8000000002003ad94?source=webshare&xhsshare=pc_web&xsec_token=CBIKdUwRBDKLtFUfL9ckADqpDPWAU3O7maZ62l5l6vIYY=&xsec_source=pc_share,强势|服务者,"

",69e6cf99000000001401b810,1,l1_per_post_mixed,21,,0.0,0.0,4,那是冰吗,,,,,,,,,5655d4b75e87e71e5ab66929,2026.04.21,上海,"堪比赛车！机器人马拉松高燃补给场面！

"
batch1,69e481e8000000002003ad94,https://www.xiaohongshu.com/explore/69e481e8000000002003ad94?source=webshare&xhsshare=pc_web&xsec_token=CBIKdUwRBDKLtFUfL9ckADqpDPWAU3O7maZ62l5l6vIYY=&xsec_source=pc_share,强势|服务者,"

",69e491a50000000014018821,1,l1_per_post_mixed,22,5.0,0.0,0.0,20,这块电池是啥型号，可以放到我电瓶车里面不,,,,,,,,,608ccd5a0000000001002ddc,2026.04.19,福建,"堪比赛车！机器人马拉松高燃补给场面！

"
batch1,69e481e8000000002003ad94,https://www.xiaohongshu.com/explore/69e481e8000000002003ad94?source=webshare&xhsshare=pc_web&xsec_token=CBIKdUwRBDKLtFUfL9ckADqpDPWAU3O7maZ62l5l6vIYY=&xsec_source=pc_share,强势|服务者,"

",69e49c4c000000001401882a,1,l1_per_post_mixed,23,5.0,1.0,0.0,101,未来材质的优化，技术的更新换代，估计这块都可以解决，补充散热的问题可以往变压器油冷的方式，这机器技术，最终也是模仿人体的结构，人体通过上万年的更新叠代。拯救这今天的人类。未来的方向可以向左，也可以向右。,,,,,,,,,69cdf150000000003301f8dd,2026.04.19,广东,"堪比赛车！机器人马拉松高燃补给场面！

"
batch1,69e481e8000000002003ad94,https://www.xiaohongshu.com/explore/69e481e8000000002003ad94?source=webshare&xhsshare=pc_web&xsec_token=CBIKdUwRBDKLtFUfL9ckADqpDPWAU3O7maZ62l5l6vIYY=&xsec_source=pc_share,强势|服务者,"

",69e740bb000000001401dc10,1,l1_per_post_mixed,24,2.0,0.0,0.0,5,稳定性不行,,,,,,,,,67ca73fc000000000e02d7f3,2026.04.21,广东,"堪比赛车！机器人马拉松高燃补给场面！

"
batch1,69e481e8000000002003ad94,https://www.xiaohongshu.com/explore/69e481e8000000002003ad94?source=webshare&xhsshare=pc_web&xsec_token=CBIKdUwRBDKLtFUfL9ckADqpDPWAU3O7maZ62l5l6vIYY=&xsec_source=pc_share,强势|服务者,"

",69e4a1f2000000001401c413,1,l1_per_post_mixed,25,5.0,0.0,0.0,15,换电瓶，补充蛋白粉，裆部散热。,,,,,,,,,5e5ba6470000000001005331,2026.04.19,广东,"堪比赛车！机器人马拉松高燃补给场面！

"
batch1,69e481e8000000002003ad94,https://www.xiaohongshu.com/explore/69e481e8000000002003ad94?source=webshare&xhsshare=pc_web&xsec_token=CBIKdUwRBDKLtFUfL9ckADqpDPWAU3O7maZ62l5l6vIYY=&xsec_source=pc_share,强势|服务者,"

",69e58800000000001401c829,1,l1_per_post_mixed,26,2.0,0.0,0.0,13,他还会累吗，累到站不稳了？,,,,,,,,,668b9a6b000000000f0346fb,2026.04.20,河南,"堪比赛车！机器人马拉松高燃补给场面！

"
batch1,69e481e8000000002003ad94,https://www.xiaohongshu.com/explore/69e481e8000000002003ad94?source=webshare&xhsshare=pc_web&xsec_token=CBIKdUwRBDKLtFUfL9ckADqpDPWAU3O7maZ62l5l6vIYY=&xsec_source=pc_share,强势|服务者,"

",69e56011000000001401dc01,1,l1_per_post_mixed,27,5.0,0.0,0.0,10,加冰换电上油[赞R],,,,,,,,,5db8129600000000010058a7,2026.04.20,上海,"堪比赛车！机器人马拉松高燃补给场面！

"
batch1,69e481e8000000002003ad94,https://www.xiaohongshu.com/explore/69e481e8000000002003ad94?source=webshare&xhsshare=pc_web&xsec_token=CBIKdUwRBDKLtFUfL9ckADqpDPWAU3O7maZ62l5l6vIYY=&xsec_source=pc_share,强势|服务者,"

",69e634c9000000001401d817,1,l1_per_post_mixed,28,6.0,16.0,3.0,22,去年他还需要人扶，今年都能跑马拉松了[赞R],,,,,,,,,5f5766c30000000001003255,2026.04.20,吉林,"堪比赛车！机器人马拉松高燃补给场面！

"
batch1,69e481e8000000002003ad94,https://www.xiaohongshu.com/explore/69e481e8000000002003ad94?source=webshare&xhsshare=pc_web&xsec_token=CBIKdUwRBDKLtFUfL9ckADqpDPWAU3O7maZ62l5l6vIYY=&xsec_source=pc_share,强势|服务者,"

",69e496b8000000001401a811,1,l1_per_post_mixed,29,0.0,1.0,0.0,34,高达的前身就是这玩意[doge]，想象坦克飞机刚发明出来是个什么形状,,,,,,,,,658c416c000000002001c4e1,2026.04.19,广东,"堪比赛车！机器人马拉松高燃补给场面！

"
batch1,69e481e8000000002003ad94,https://www.xiaohongshu.com/explore/69e481e8000000002003ad94?source=webshare&xhsshare=pc_web&xsec_token=CBIKdUwRBDKLtFUfL9ckADqpDPWAU3O7maZ62l5l6vIYY=&xsec_source=pc_share,强势|服务者,"

",69e4a1ae000000001401e82f,1,l1_per_post_mixed,30,0.0,45.0,1.0,19,三个工程师追着一个机器人跑[黄金薯R],,,,,,,,,68a71e7c00000000190109c0,2026.04.19,浙江,"堪比赛车！机器人马拉松高燃补给场面！

"
batch1,69e5a09a000000002103ba03,https://www.xiaohongshu.com/explore/69e5a09a000000002103ba03?source=webshare&xhsshare=pc_web&xsec_token=CBntWBTn_T3IntSn9_pkfTxg2ucmkP_yDlp1qWUAPuaug=&xsec_source=pc_share,中性|评价者,"半马途中机器人即兴表演，越夸越上头

",69e5c5ea000000001401d811,1,l1_per_post_mixed,1,0.0,31.0,5.0,8,这机器有意识了？,,,,,,711.0,83.0,,65990e520000000022010dac,2026.04.20,中国香港,"在2026年4月20日举行的某场半程马拉松赛事中，一台参赛的人形机器人出现了引人注目的行为。它在奔跑途中突然停下，转而开始表演舞蹈动作。周围观众发出的“哇！再来一个！”等热烈称赞，似乎影响了机器人的后续行为，使其一度偏离了比赛的主要任务。

"
batch1,69e5a09a000000002103ba03,https://www.xiaohongshu.com/explore/69e5a09a000000002103ba03?source=webshare&xhsshare=pc_web&xsec_token=CBntWBTn_T3IntSn9_pkfTxg2ucmkP_yDlp1qWUAPuaug=&xsec_source=pc_share,中性|评价者,"半马途中机器人即兴表演，越夸越上头

",69e5a9b6000000001401c404,1,l1_per_post_mixed,2,0.0,11.0,1.0,23,感觉距离地球被机器人统治的日子不远了[偷笑R],,,,,,711.0,83.0,,5fa7d1770000000001002a30,2026.04.20,辽宁,"在2026年4月20日举行的某场半程马拉松赛事中，一台参赛的人形机器人出现了引人注目的行为。它在奔跑途中突然停下，转而开始表演舞蹈动作。周围观众发出的“哇！再来一个！”等热烈称赞，似乎影响了机器人的后续行为，使其一度偏离了比赛的主要任务。

"
batch1,69e5a09a000000002103ba03,https://www.xiaohongshu.com/explore/69e5a09a000000002103ba03?source=webshare&xhsshare=pc_web&xsec_token=CBntWBTn_T3IntSn9_pkfTxg2ucmkP_yDlp1qWUAPuaug=&xsec_source=pc_share,中性|评价者,"半马途中机器人即兴表演，越夸越上头

",69e5da93000000002d0228e9,1,l1_per_post_mixed,3,2.0,34.0,0.0,12,它已经忘记了是来干嘛的了,,,,,,711.0,83.0,,5c5474a2000000001a02064c,2026.04.20,塞浦路斯,"在2026年4月20日举行的某场半程马拉松赛事中，一台参赛的人形机器人出现了引人注目的行为。它在奔跑途中突然停下，转而开始表演舞蹈动作。周围观众发出的“哇！再来一个！”等热烈称赞，似乎影响了机器人的后续行为，使其一度偏离了比赛的主要任务。

"
batch1,69e5a09a000000002103ba03,https://www.xiaohongshu.com/explore/69e5a09a000000002103ba03?source=webshare&xhsshare=pc_web&xsec_token=CBntWBTn_T3IntSn9_pkfTxg2ucmkP_yDlp1qWUAPuaug=&xsec_source=pc_share,中性|评价者,"半马途中机器人即兴表演，越夸越上头

",69e6d763000000001401a411,1,l1_per_post_mixed,4,0.0,5.0,0.0,16,它讨好型人机器人格[暗中观察R],,,,,,711.0,83.0,,61342abf0000000002019406,2026.04.21,浙江,"在2026年4月20日举行的某场半程马拉松赛事中，一台参赛的人形机器人出现了引人注目的行为。它在奔跑途中突然停下，转而开始表演舞蹈动作。周围观众发出的“哇！再来一个！”等热烈称赞，似乎影响了机器人的后续行为，使其一度偏离了比赛的主要任务。

"
batch1,69e5a09a000000002103ba03,https://www.xiaohongshu.com/explore/69e5a09a000000002103ba03?source=webshare&xhsshare=pc_web&xsec_token=CBntWBTn_T3IntSn9_pkfTxg2ucmkP_yDlp1qWUAPuaug=&xsec_source=pc_share,中性|评价者,"半马途中机器人即兴表演，越夸越上头

",69e5b3d3000000001401ac00,1,l1_per_post_mixed,5,3.0,7.0,0.0,15,后台操作员按错了？[doge],,,,,,711.0,83.0,,5adbf59c4eacab3933ea2b56,2026.04.20,上海,"在2026年4月20日举行的某场半程马拉松赛事中，一台参赛的人形机器人出现了引人注目的行为。它在奔跑途中突然停下，转而开始表演舞蹈动作。周围观众发出的“哇！再来一个！”等热烈称赞，似乎影响了机器人的后续行为，使其一度偏离了比赛的主要任务。

"
batch1,69e5a09a000000002103ba03,https://www.xiaohongshu.com/explore/69e5a09a000000002103ba03?source=webshare&xhsshare=pc_web&xsec_token=CBntWBTn_T3IntSn9_pkfTxg2ucmkP_yDlp1qWUAPuaug=&xsec_source=pc_share,中性|评价者,"半马途中机器人即兴表演，越夸越上头

",69e62236000000001401b01b,1,l1_per_post_mixed,6,0.0,6.0,0.0,18,他跳机械舞肯定无人能敌[暗中观察R],,,,,,711.0,83.0,,5c6f7f420000000012013c23,2026.04.20,上海,"在2026年4月20日举行的某场半程马拉松赛事中，一台参赛的人形机器人出现了引人注目的行为。它在奔跑途中突然停下，转而开始表演舞蹈动作。周围观众发出的“哇！再来一个！”等热烈称赞，似乎影响了机器人的后续行为，使其一度偏离了比赛的主要任务。

"
batch1,69e5a09a000000002103ba03,https://www.xiaohongshu.com/explore/69e5a09a000000002103ba03?source=webshare&xhsshare=pc_web&xsec_token=CBntWBTn_T3IntSn9_pkfTxg2ucmkP_yDlp1qWUAPuaug=&xsec_source=pc_share,中性|评价者,"半马途中机器人即兴表演，越夸越上头

",69e5d4c90000000014018c1b,1,l1_per_post_mixed,7,0.0,3.0,0.0,33,人形机器人的优势，人类的工具，或者衣服鞋子裤子手套等，可以直接使用,,,,,,711.0,83.0,,60926eb5000000000101e623,2026.04.20,广东,"在2026年4月20日举行的某场半程马拉松赛事中，一台参赛的人形机器人出现了引人注目的行为。它在奔跑途中突然停下，转而开始表演舞蹈动作。周围观众发出的“哇！再来一个！”等热烈称赞，似乎影响了机器人的后续行为，使其一度偏离了比赛的主要任务。

"
batch1,69e5a09a000000002103ba03,https://www.xiaohongshu.com/explore/69e5a09a000000002103ba03?source=webshare&xhsshare=pc_web&xsec_token=CBntWBTn_T3IntSn9_pkfTxg2ucmkP_yDlp1qWUAPuaug=&xsec_source=pc_share,中性|评价者,"半马途中机器人即兴表演，越夸越上头

",69e5a528000000001401dc10,1,l1_per_post_mixed,8,,3.0,0.0,6,它是来搞笑的,,,,,,711.0,83.0,,640cbd7900000000290137b4,2026.04.20,四川,"在2026年4月20日举行的某场半程马拉松赛事中，一台参赛的人形机器人出现了引人注目的行为。它在奔跑途中突然停下，转而开始表演舞蹈动作。周围观众发出的“哇！再来一个！”等热烈称赞，似乎影响了机器人的后续行为，使其一度偏离了比赛的主要任务。

"
batch1,69e5a09a000000002103ba03,https://www.xiaohongshu.com/explore/69e5a09a000000002103ba03?source=webshare&xhsshare=pc_web&xsec_token=CBntWBTn_T3IntSn9_pkfTxg2ucmkP_yDlp1qWUAPuaug=&xsec_source=pc_share,中性|评价者,"半马途中机器人即兴表演，越夸越上头

",69e5bbf8000000001401c824,1,l1_per_post_mixed,9,6.0,16.0,0.0,17,名次不重要，被记住最重要[偷笑R],,,,,,711.0,83.0,,63ecea3c000000002601000a,2026.04.20,四川,"在2026年4月20日举行的某场半程马拉松赛事中，一台参赛的人形机器人出现了引人注目的行为。它在奔跑途中突然停下，转而开始表演舞蹈动作。周围观众发出的“哇！再来一个！”等热烈称赞，似乎影响了机器人的后续行为，使其一度偏离了比赛的主要任务。

"
batch1,69e5a09a000000002103ba03,https://www.xiaohongshu.com/explore/69e5a09a000000002103ba03?source=webshare&xhsshare=pc_web&xsec_token=CBntWBTn_T3IntSn9_pkfTxg2ucmkP_yDlp1qWUAPuaug=&xsec_source=pc_share,中性|评价者,"半马途中机器人即兴表演，越夸越上头

",69e5be20000000001401dc06,1,l1_per_post_mixed,10,6.0,30.0,2.0,16,一看就是不正经的赛手[doge],,,,,,711.0,83.0,,64c8f0e4000000000b008327,2026.04.20,河北,"在2026年4月20日举行的某场半程马拉松赛事中，一台参赛的人形机器人出现了引人注目的行为。它在奔跑途中突然停下，转而开始表演舞蹈动作。周围观众发出的“哇！再来一个！”等热烈称赞，似乎影响了机器人的后续行为，使其一度偏离了比赛的主要任务。

"
batch1,69e5a09a000000002103ba03,https://www.xiaohongshu.com/explore/69e5a09a000000002103ba03?source=webshare&xhsshare=pc_web&xsec_token=CBntWBTn_T3IntSn9_pkfTxg2ucmkP_yDlp1qWUAPuaug=&xsec_source=pc_share,中性|评价者,"半马途中机器人即兴表演，越夸越上头

",69e5cb9f0000000014019425,1,l1_per_post_mixed,11,3.0,10.0,0.0,23,还即兴表演[汗颜R]这不写着遥控组嘛[汗颜R],,,,,,711.0,83.0,,5bfe7ff044363b0eaeaa1c86,2026.04.20,吉林,"在2026年4月20日举行的某场半程马拉松赛事中，一台参赛的人形机器人出现了引人注目的行为。它在奔跑途中突然停下，转而开始表演舞蹈动作。周围观众发出的“哇！再来一个！”等热烈称赞，似乎影响了机器人的后续行为，使其一度偏离了比赛的主要任务。

"
batch1,69e5a09a000000002103ba03,https://www.xiaohongshu.com/explore/69e5a09a000000002103ba03?source=webshare&xhsshare=pc_web&xsec_token=CBntWBTn_T3IntSn9_pkfTxg2ucmkP_yDlp1qWUAPuaug=&xsec_source=pc_share,中性|评价者,"半马途中机器人即兴表演，越夸越上头

",69e6099f000000001401c820,1,l1_per_post_mixed,12,,1.0,0.0,8,跳的比我好太多了,,,,,,711.0,83.0,,5a721c5411be1017fcb4207b,2026.04.20,北京,"在2026年4月20日举行的某场半程马拉松赛事中，一台参赛的人形机器人出现了引人注目的行为。它在奔跑途中突然停下，转而开始表演舞蹈动作。周围观众发出的“哇！再来一个！”等热烈称赞，似乎影响了机器人的后续行为，使其一度偏离了比赛的主要任务。

"
batch1,69e5a09a000000002103ba03,https://www.xiaohongshu.com/explore/69e5a09a000000002103ba03?source=webshare&xhsshare=pc_web&xsec_token=CBntWBTn_T3IntSn9_pkfTxg2ucmkP_yDlp1qWUAPuaug=&xsec_source=pc_share,中性|评价者,"半马途中机器人即兴表演，越夸越上头

",69e5bc16000000001401dc01,1,l1_per_post_mixed,13,2.0,2.0,0.0,33,只是表演了一下午蹈，幸亏不是翻过护栏施展暴力。[大笑R][大笑R],,,,,,711.0,83.0,,5e7717950000000001002911,2026.04.20,新疆,"在2026年4月20日举行的某场半程马拉松赛事中，一台参赛的人形机器人出现了引人注目的行为。它在奔跑途中突然停下，转而开始表演舞蹈动作。周围观众发出的“哇！再来一个！”等热烈称赞，似乎影响了机器人的后续行为，使其一度偏离了比赛的主要任务。

"
batch1,69e5a09a000000002103ba03,https://www.xiaohongshu.com/explore/69e5a09a000000002103ba03?source=webshare&xhsshare=pc_web&xsec_token=CBntWBTn_T3IntSn9_pkfTxg2ucmkP_yDlp1qWUAPuaug=&xsec_source=pc_share,中性|评价者,"半马途中机器人即兴表演，越夸越上头

",69e6b2360000000014018c02,1,l1_per_post_mixed,14,2.0,1.0,0.0,8,后面保安笑而不语,,,,,,711.0,83.0,,5642e838a40e180ba8fe9f7a,2026.04.21,北京,"在2026年4月20日举行的某场半程马拉松赛事中，一台参赛的人形机器人出现了引人注目的行为。它在奔跑途中突然停下，转而开始表演舞蹈动作。周围观众发出的“哇！再来一个！”等热烈称赞，似乎影响了机器人的后续行为，使其一度偏离了比赛的主要任务。

"
batch1,69e5a09a000000002103ba03,https://www.xiaohongshu.com/explore/69e5a09a000000002103ba03?source=webshare&xhsshare=pc_web&xsec_token=CBntWBTn_T3IntSn9_pkfTxg2ucmkP_yDlp1qWUAPuaug=&xsec_source=pc_share,中性|评价者,"半马途中机器人即兴表演，越夸越上头

",69e63380000000001401dc26,1,l1_per_post_mixed,15,,3.0,0.0,6,跳得挺好的呢,,,,,,711.0,83.0,,69074ebf0000000039011e5b,2026.04.20,江苏,"在2026年4月20日举行的某场半程马拉松赛事中，一台参赛的人形机器人出现了引人注目的行为。它在奔跑途中突然停下，转而开始表演舞蹈动作。周围观众发出的“哇！再来一个！”等热烈称赞，似乎影响了机器人的后续行为，使其一度偏离了比赛的主要任务。

"
batch1,69e5a09a000000002103ba03,https://www.xiaohongshu.com/explore/69e5a09a000000002103ba03?source=webshare&xhsshare=pc_web&xsec_token=CBntWBTn_T3IntSn9_pkfTxg2ucmkP_yDlp1qWUAPuaug=&xsec_source=pc_share,中性|评价者,"半马途中机器人即兴表演，越夸越上头

",69e61d390000000014018828,1,l1_per_post_mixed,16,1.0,0.0,0.0,20,掀开看看是不是老蔡躲在里面 [doge],,,,,,711.0,83.0,,68862dc2000000000d02cd89,2026.04.20,四川,"在2026年4月20日举行的某场半程马拉松赛事中，一台参赛的人形机器人出现了引人注目的行为。它在奔跑途中突然停下，转而开始表演舞蹈动作。周围观众发出的“哇！再来一个！”等热烈称赞，似乎影响了机器人的后续行为，使其一度偏离了比赛的主要任务。

"
batch1,69e5a09a000000002103ba03,https://www.xiaohongshu.com/explore/69e5a09a000000002103ba03?source=webshare&xhsshare=pc_web&xsec_token=CBntWBTn_T3IntSn9_pkfTxg2ucmkP_yDlp1qWUAPuaug=&xsec_source=pc_share,中性|评价者,"半马途中机器人即兴表演，越夸越上头

",69e99e7b000000001401e41b,1,l1_per_post_mixed,17,,1.0,0.0,8,不都不说有点小帅,,,,,,711.0,83.0,,5c072027000000000500e286,2026.04.23,河南,"在2026年4月20日举行的某场半程马拉松赛事中，一台参赛的人形机器人出现了引人注目的行为。它在奔跑途中突然停下，转而开始表演舞蹈动作。周围观众发出的“哇！再来一个！”等热烈称赞，似乎影响了机器人的后续行为，使其一度偏离了比赛的主要任务。

"
batch1,69e5a09a000000002103ba03,https://www.xiaohongshu.com/explore/69e5a09a000000002103ba03?source=webshare&xhsshare=pc_web&xsec_token=CBntWBTn_T3IntSn9_pkfTxg2ucmkP_yDlp1qWUAPuaug=&xsec_source=pc_share,中性|评价者,"半马途中机器人即兴表演，越夸越上头

",69e5bd1d000000001401b013,1,l1_per_post_mixed,18,,3.0,0.0,13,跳的还挺好啊。那还跑不跑了,,,,,,711.0,83.0,,6235ba800000000021024e96,2026.04.20,北京,"在2026年4月20日举行的某场半程马拉松赛事中，一台参赛的人形机器人出现了引人注目的行为。它在奔跑途中突然停下，转而开始表演舞蹈动作。周围观众发出的“哇！再来一个！”等热烈称赞，似乎影响了机器人的后续行为，使其一度偏离了比赛的主要任务。

"
batch1,69e5a09a000000002103ba03,https://www.xiaohongshu.com/explore/69e5a09a000000002103ba03?source=webshare&xhsshare=pc_web&xsec_token=CBntWBTn_T3IntSn9_pkfTxg2ucmkP_yDlp1qWUAPuaug=&xsec_source=pc_share,中性|评价者,"半马途中机器人即兴表演，越夸越上头

",69e618450000000014019c0c,1,l1_per_post_mixed,19,4.0,0.0,0.0,32,我先来：这有什么意义啊？一毛钱一条，美国佬记得打给我[黄金薯R],,,,,,711.0,83.0,,68d40f4a000000002101e7c6,2026.04.20,河南,"在2026年4月20日举行的某场半程马拉松赛事中，一台参赛的人形机器人出现了引人注目的行为。它在奔跑途中突然停下，转而开始表演舞蹈动作。周围观众发出的“哇！再来一个！”等热烈称赞，似乎影响了机器人的后续行为，使其一度偏离了比赛的主要任务。

"
batch1,69e5a09a000000002103ba03,https://www.xiaohongshu.com/explore/69e5a09a000000002103ba03?source=webshare&xhsshare=pc_web&xsec_token=CBntWBTn_T3IntSn9_pkfTxg2ucmkP_yDlp1qWUAPuaug=&xsec_source=pc_share,中性|评价者,"半马途中机器人即兴表演，越夸越上头

",69e630d0000000001401c81e,1,l1_per_post_mixed,20,2.0,0.0,0.0,18,我很想知道它最后有没有倒地[偷笑R],,,,,,711.0,83.0,,63d899a700000000260076e8,2026.04.20,广东,"在2026年4月20日举行的某场半程马拉松赛事中，一台参赛的人形机器人出现了引人注目的行为。它在奔跑途中突然停下，转而开始表演舞蹈动作。周围观众发出的“哇！再来一个！”等热烈称赞，似乎影响了机器人的后续行为，使其一度偏离了比赛的主要任务。

"
batch1,69e5a09a000000002103ba03,https://www.xiaohongshu.com/explore/69e5a09a000000002103ba03?source=webshare&xhsshare=pc_web&xsec_token=CBntWBTn_T3IntSn9_pkfTxg2ucmkP_yDlp1qWUAPuaug=&xsec_source=pc_share,中性|评价者,"半马途中机器人即兴表演，越夸越上头

",69e5f82f000000001401e414,1,l1_per_post_mixed,21,4.0,1.0,0.0,11,快点学会做饭[偷笑R],,,,,,711.0,83.0,,6695b211000000000f035c60,2026.04.20,福建,"在2026年4月20日举行的某场半程马拉松赛事中，一台参赛的人形机器人出现了引人注目的行为。它在奔跑途中突然停下，转而开始表演舞蹈动作。周围观众发出的“哇！再来一个！”等热烈称赞，似乎影响了机器人的后续行为，使其一度偏离了比赛的主要任务。

"
batch1,69e5a09a000000002103ba03,https://www.xiaohongshu.com/explore/69e5a09a000000002103ba03?source=webshare&xhsshare=pc_web&xsec_token=CBntWBTn_T3IntSn9_pkfTxg2ucmkP_yDlp1qWUAPuaug=&xsec_source=pc_share,中性|评价者,"半马途中机器人即兴表演，越夸越上头

",69e5e0d6000000001401c829,1,l1_per_post_mixed,22,,0.0,0.0,14,[飞吻R]太灵动了[害羞R],,,,,,711.0,83.0,,657aeba00000000020032b10,2026.04.20,上海,"在2026年4月20日举行的某场半程马拉松赛事中，一台参赛的人形机器人出现了引人注目的行为。它在奔跑途中突然停下，转而开始表演舞蹈动作。周围观众发出的“哇！再来一个！”等热烈称赞，似乎影响了机器人的后续行为，使其一度偏离了比赛的主要任务。

"
batch1,69e5a09a000000002103ba03,https://www.xiaohongshu.com/explore/69e5a09a000000002103ba03?source=webshare&xhsshare=pc_web&xsec_token=CBntWBTn_T3IntSn9_pkfTxg2ucmkP_yDlp1qWUAPuaug=&xsec_source=pc_share,中性|评价者,"半马途中机器人即兴表演，越夸越上头

",69e5dad8000000001401c829,1,l1_per_post_mixed,23,,0.0,0.0,10,我有同款鞋[偷笑R],,,,,,711.0,83.0,,5eb7aa440000000001003cf8,2026.04.20,北京,"在2026年4月20日举行的某场半程马拉松赛事中，一台参赛的人形机器人出现了引人注目的行为。它在奔跑途中突然停下，转而开始表演舞蹈动作。周围观众发出的“哇！再来一个！”等热烈称赞，似乎影响了机器人的后续行为，使其一度偏离了比赛的主要任务。

"
batch1,69e5a09a000000002103ba03,https://www.xiaohongshu.com/explore/69e5a09a000000002103ba03?source=webshare&xhsshare=pc_web&xsec_token=CBntWBTn_T3IntSn9_pkfTxg2ucmkP_yDlp1qWUAPuaug=&xsec_source=pc_share,中性|评价者,"半马途中机器人即兴表演，越夸越上头

",69e5d4c7000000001401b012,1,l1_per_post_mixed,24,,1.0,1.0,8,@KAI 好牛啊,,,,,,711.0,83.0,,60c412bb0000000001002c7d,2026.04.20,广东,"在2026年4月20日举行的某场半程马拉松赛事中，一台参赛的人形机器人出现了引人注目的行为。它在奔跑途中突然停下，转而开始表演舞蹈动作。周围观众发出的“哇！再来一个！”等热烈称赞，似乎影响了机器人的后续行为，使其一度偏离了比赛的主要任务。

"
batch1,69e5a09a000000002103ba03,https://www.xiaohongshu.com/explore/69e5a09a000000002103ba03?source=webshare&xhsshare=pc_web&xsec_token=CBntWBTn_T3IntSn9_pkfTxg2ucmkP_yDlp1qWUAPuaug=&xsec_source=pc_share,中性|评价者,"半马途中机器人即兴表演，越夸越上头

",69e5d28b000000001401e408,1,l1_per_post_mixed,25,3.0,0.0,0.0,20,他应该是在等后面追赶的程序员吧[笑哭R],,,,,,711.0,83.0,,68f726f300000000370285a7,2026.04.20,北京,"在2026年4月20日举行的某场半程马拉松赛事中，一台参赛的人形机器人出现了引人注目的行为。它在奔跑途中突然停下，转而开始表演舞蹈动作。周围观众发出的“哇！再来一个！”等热烈称赞，似乎影响了机器人的后续行为，使其一度偏离了比赛的主要任务。

"
batch1,69e5a09a000000002103ba03,https://www.xiaohongshu.com/explore/69e5a09a000000002103ba03?source=webshare&xhsshare=pc_web&xsec_token=CBntWBTn_T3IntSn9_pkfTxg2ucmkP_yDlp1qWUAPuaug=&xsec_source=pc_share,中性|评价者,"半马途中机器人即兴表演，越夸越上头

",69e5d26b000000001401dc33,1,l1_per_post_mixed,26,,0.0,0.0,8,显眼包[捂脸R],,,,,,711.0,83.0,,68f726f300000000370285a7,2026.04.20,北京,"在2026年4月20日举行的某场半程马拉松赛事中，一台参赛的人形机器人出现了引人注目的行为。它在奔跑途中突然停下，转而开始表演舞蹈动作。周围观众发出的“哇！再来一个！”等热烈称赞，似乎影响了机器人的后续行为，使其一度偏离了比赛的主要任务。

"
batch1,69e5a09a000000002103ba03,https://www.xiaohongshu.com/explore/69e5a09a000000002103ba03?source=webshare&xhsshare=pc_web&xsec_token=CBntWBTn_T3IntSn9_pkfTxg2ucmkP_yDlp1qWUAPuaug=&xsec_source=pc_share,中性|评价者,"半马途中机器人即兴表演，越夸越上头

",69e5a19a000000001401bc20,1,l1_per_post_mixed,27,3.0,4.0,2.0,22,这个是遥控控制他表演的吧 他自己不会有思想吧,,,,,,711.0,83.0,,5ad4733811be1038718c4527,2026.04.20,河北,"在2026年4月20日举行的某场半程马拉松赛事中，一台参赛的人形机器人出现了引人注目的行为。它在奔跑途中突然停下，转而开始表演舞蹈动作。周围观众发出的“哇！再来一个！”等热烈称赞，似乎影响了机器人的后续行为，使其一度偏离了比赛的主要任务。

"
batch1,69e5a09a000000002103ba03,https://www.xiaohongshu.com/explore/69e5a09a000000002103ba03?source=webshare&xhsshare=pc_web&xsec_token=CBntWBTn_T3IntSn9_pkfTxg2ucmkP_yDlp1qWUAPuaug=&xsec_source=pc_share,中性|评价者,"半马途中机器人即兴表演，越夸越上头

",69e9c09f000000001401a01e,1,l1_per_post_mixed,28,,0.0,0.0,9,能不能给它装个头啊,,,,,,711.0,83.0,,6599f557000000001f01051d,2026.04.23,江苏,"在2026年4月20日举行的某场半程马拉松赛事中，一台参赛的人形机器人出现了引人注目的行为。它在奔跑途中突然停下，转而开始表演舞蹈动作。周围观众发出的“哇！再来一个！”等热烈称赞，似乎影响了机器人的后续行为，使其一度偏离了比赛的主要任务。

"
batch1,69e5a09a000000002103ba03,https://www.xiaohongshu.com/explore/69e5a09a000000002103ba03?source=webshare&xhsshare=pc_web&xsec_token=CBntWBTn_T3IntSn9_pkfTxg2ucmkP_yDlp1qWUAPuaug=&xsec_source=pc_share,中性|评价者,"半马途中机器人即兴表演，越夸越上头

",69e60ac6000000001401bc07,1,l1_per_post_mixed,29,,0.0,0.0,14,@照我满怀冰雪 哈哈哈哈哈哈,,,,,,711.0,83.0,,625592970000000010007d7d,2026.04.20,广东,"在2026年4月20日举行的某场半程马拉松赛事中，一台参赛的人形机器人出现了引人注目的行为。它在奔跑途中突然停下，转而开始表演舞蹈动作。周围观众发出的“哇！再来一个！”等热烈称赞，似乎影响了机器人的后续行为，使其一度偏离了比赛的主要任务。

"
batch1,69e5a09a000000002103ba03,https://www.xiaohongshu.com/explore/69e5a09a000000002103ba03?source=webshare&xhsshare=pc_web&xsec_token=CBntWBTn_T3IntSn9_pkfTxg2ucmkP_yDlp1qWUAPuaug=&xsec_source=pc_share,中性|评价者,"半马途中机器人即兴表演，越夸越上头

",69e5fea70000000014018c06,1,l1_per_post_mixed,30,,0.0,0.0,13,[大笑R][赞R][赞R],,,,,,711.0,83.0,,617d6e33000000000201ae1d,2026.04.20,广东,"在2026年4月20日举行的某场半程马拉松赛事中，一台参赛的人形机器人出现了引人注目的行为。它在奔跑途中突然停下，转而开始表演舞蹈动作。周围观众发出的“哇！再来一个！”等热烈称赞，似乎影响了机器人的后续行为，使其一度偏离了比赛的主要任务。

"
batch1,69e43a5a000000001d01dcc7,https://www.xiaohongshu.com/explore/69e43a5a000000001d01dcc7?source=webshare&xhsshare=pc_web&xsec_token=ABHtr88UWkKZZAADKyuBN5pWWcyDJgZkEGIP1wQE4k6N8=&xsec_source=pc_share,中性|评价者,"机器人嘲讽同伴

",69e45ecd000000001401c426,1,l1_per_post_mixed,1,6.0,5.0,0.0,9,建议明年春晚演这个,,,,,,1966.0,167.0,,659e843300000000220177cf,2026.04.19,北京,"它嘲讽倒地不起的同伴，笑死我了 还给了我一个饭撒[飞吻R]

"
batch1,69e43a5a000000001d01dcc7,https://www.xiaohongshu.com/explore/69e43a5a000000001d01dcc7?source=webshare&xhsshare=pc_web&xsec_token=ABHtr88UWkKZZAADKyuBN5pWWcyDJgZkEGIP1wQE4k6N8=&xsec_source=pc_share,中性|评价者,"机器人嘲讽同伴

",69e443db000000001401cc2d,1,l1_per_post_mixed,2,1.0,11.0,0.0,22,这72还去围观了小宝宝，还嘲笑拍手[捂脸R],,,,,,1966.0,167.0,,5f4a403100000000010007f8,2026.04.19,北京,"它嘲讽倒地不起的同伴，笑死我了 还给了我一个饭撒[飞吻R]

"
batch1,69e43a5a000000001d01dcc7,https://www.xiaohongshu.com/explore/69e43a5a000000001d01dcc7?source=webshare&xhsshare=pc_web&xsec_token=ABHtr88UWkKZZAADKyuBN5pWWcyDJgZkEGIP1wQE4k6N8=&xsec_source=pc_share,中性|评价者,"机器人嘲讽同伴

",69e60cea000000001401a82d,1,l1_per_post_mixed,3,4.0,1.0,0.0,6,拿走吱一声。,,,,,,1966.0,167.0,,6387ff59000000001f0193c8,2026.04.20,上海,"它嘲讽倒地不起的同伴，笑死我了 还给了我一个饭撒[飞吻R]

"
batch1,69e43a5a000000001d01dcc7,https://www.xiaohongshu.com/explore/69e43a5a000000001d01dcc7?source=webshare&xhsshare=pc_web&xsec_token=ABHtr88UWkKZZAADKyuBN5pWWcyDJgZkEGIP1wQE4k6N8=&xsec_source=pc_share,中性|评价者,"机器人嘲讽同伴

",69e83e1e0000000014019808,1,l1_per_post_mixed,4,3.0,0.0,0.0,22,“幸灾乐祸”若不是遥控，真的很吓人[失望R],,,,,,1966.0,167.0,,5ceaed5b000000001001184a,2026.04.22,广东,"它嘲讽倒地不起的同伴，笑死我了 还给了我一个饭撒[飞吻R]

"
batch1,69e43a5a000000001d01dcc7,https://www.xiaohongshu.com/explore/69e43a5a000000001d01dcc7?source=webshare&xhsshare=pc_web&xsec_token=ABHtr88UWkKZZAADKyuBN5pWWcyDJgZkEGIP1wQE4k6N8=&xsec_source=pc_share,中性|评价者,"机器人嘲讽同伴

",69e473e4000000001401ac11,1,l1_per_post_mixed,5,,0.0,0.0,2,饭撒,,,,,,1966.0,167.0,,69b127fa000000003302a89b,2026.04.19,北京,"它嘲讽倒地不起的同伴，笑死我了 还给了我一个饭撒[飞吻R]

"
batch1,69e43a5a000000001d01dcc7,https://www.xiaohongshu.com/explore/69e43a5a000000001d01dcc7?source=webshare&xhsshare=pc_web&xsec_token=ABHtr88UWkKZZAADKyuBN5pWWcyDJgZkEGIP1wQE4k6N8=&xsec_source=pc_share,中性|评价者,"机器人嘲讽同伴

",69e4cdaf000000001401e829,1,l1_per_post_mixed,6,,0.0,0.0,10,还有天津话[偷笑R],,,,,,1966.0,167.0,,631c51100000000023025c56,2026.04.19,天津,"它嘲讽倒地不起的同伴，笑死我了 还给了我一个饭撒[飞吻R]

"
batch1,69e43a5a000000001d01dcc7,https://www.xiaohongshu.com/explore/69e43a5a000000001d01dcc7?source=webshare&xhsshare=pc_web&xsec_token=ABHtr88UWkKZZAADKyuBN5pWWcyDJgZkEGIP1wQE4k6N8=&xsec_source=pc_share,中性|评价者,"机器人嘲讽同伴

",69e44dbe0000000014018c16,1,l1_per_post_mixed,7,,3.0,1.0,13,@momo 哈哈哈哈哈哈哈,,,,,,1966.0,167.0,,59e1d7696b645526ee8766eb,2026.04.19,上海,"它嘲讽倒地不起的同伴，笑死我了 还给了我一个饭撒[飞吻R]

"
batch1,69e43a5a000000001d01dcc7,https://www.xiaohongshu.com/explore/69e43a5a000000001d01dcc7?source=webshare&xhsshare=pc_web&xsec_token=ABHtr88UWkKZZAADKyuBN5pWWcyDJgZkEGIP1wQE4k6N8=&xsec_source=pc_share,中性|评价者,"机器人嘲讽同伴

",69e4add9000000001401e043,1,l1_per_post_mixed,8,4.0,2.0,0.0,4,人类戏精,,,,,,1966.0,167.0,,5bc345fee4e0c600010788fe,2026.04.19,北京,"它嘲讽倒地不起的同伴，笑死我了 还给了我一个饭撒[飞吻R]

"
batch1,69e43a5a000000001d01dcc7,https://www.xiaohongshu.com/explore/69e43a5a000000001d01dcc7?source=webshare&xhsshare=pc_web&xsec_token=ABHtr88UWkKZZAADKyuBN5pWWcyDJgZkEGIP1wQE4k6N8=&xsec_source=pc_share,中性|评价者,"机器人嘲讽同伴

",69e44bcb000000001401e00b,1,l1_per_post_mixed,9,,2.0,0.0,5,[捂脸R],,,,,,1966.0,167.0,,6889e1240000000028028bc8,2026.04.19,湖北,"它嘲讽倒地不起的同伴，笑死我了 还给了我一个饭撒[飞吻R]

"
batch1,69e43a5a000000001d01dcc7,https://www.xiaohongshu.com/explore/69e43a5a000000001d01dcc7?source=webshare&xhsshare=pc_web&xsec_token=ABHtr88UWkKZZAADKyuBN5pWWcyDJgZkEGIP1wQE4k6N8=&xsec_source=pc_share,中性|评价者,"机器人嘲讽同伴

",69e5f3d7000000001401a012,1,l1_per_post_mixed,10,1.0,0.0,0.0,12,还鼓掌太坏了[doge],,,,,,1966.0,167.0,,61b1dcfd0000000021024e6a,2026.04.20,北京,"它嘲讽倒地不起的同伴，笑死我了 还给了我一个饭撒[飞吻R]

"
batch1,69e43a5a000000001d01dcc7,https://www.xiaohongshu.com/explore/69e43a5a000000001d01dcc7?source=webshare&xhsshare=pc_web&xsec_token=ABHtr88UWkKZZAADKyuBN5pWWcyDJgZkEGIP1wQE4k6N8=&xsec_source=pc_share,中性|评价者,"机器人嘲讽同伴

",69e5c4d7000000001401d813,1,l1_per_post_mixed,11,,0.0,1.0,11,@元元脑袋 哈哈哈哈😂,,,,,,1966.0,167.0,,5f0310300000000001006948,2026.04.20,广东,"它嘲讽倒地不起的同伴，笑死我了 还给了我一个饭撒[飞吻R]

"
batch1,69e43a5a000000001d01dcc7,https://www.xiaohongshu.com/explore/69e43a5a000000001d01dcc7?source=webshare&xhsshare=pc_web&xsec_token=ABHtr88UWkKZZAADKyuBN5pWWcyDJgZkEGIP1wQE4k6N8=&xsec_source=pc_share,中性|评价者,"机器人嘲讽同伴

",69e4ded6000000001401a021,1,l1_per_post_mixed,12,3.0,0.0,0.0,31,问题你也跑的不快啊？好意思笑别人，而且还是遥控的，有啥好得瑟的,,,,,,1966.0,167.0,,58919b9650c4b40886f6537b,2026.04.19,浙江,"它嘲讽倒地不起的同伴，笑死我了 还给了我一个饭撒[飞吻R]

"
batch1,69e43a5a000000001d01dcc7,https://www.xiaohongshu.com/explore/69e43a5a000000001d01dcc7?source=webshare&xhsshare=pc_web&xsec_token=ABHtr88UWkKZZAADKyuBN5pWWcyDJgZkEGIP1wQE4k6N8=&xsec_source=pc_share,中性|评价者,"机器人嘲讽同伴

",69e450da000000001401d82d,1,l1_per_post_mixed,13,2.0,681.0,44.0,10,72的结局[偷笑R],,,,,,1966.0,167.0,,59b22f86db2e607509e8b39e,2026.04.19,北京,"它嘲讽倒地不起的同伴，笑死我了 还给了我一个饭撒[飞吻R]

"
batch1,69e43a5a000000001d01dcc7,https://www.xiaohongshu.com/explore/69e43a5a000000001d01dcc7?source=webshare&xhsshare=pc_web&xsec_token=ABHtr88UWkKZZAADKyuBN5pWWcyDJgZkEGIP1wQE4k6N8=&xsec_source=pc_share,中性|评价者,"机器人嘲讽同伴

",69e44cf2000000001401d42d,1,l1_per_post_mixed,14,,7.0,11.0,5,这是谁家的,,,,,,1966.0,167.0,,5adbc6294eacab1afcf214f3,2026.04.19,北京,"它嘲讽倒地不起的同伴，笑死我了 还给了我一个饭撒[飞吻R]

"
batch1,69e43a5a000000001d01dcc7,https://www.xiaohongshu.com/explore/69e43a5a000000001d01dcc7?source=webshare&xhsshare=pc_web&xsec_token=ABHtr88UWkKZZAADKyuBN5pWWcyDJgZkEGIP1wQE4k6N8=&xsec_source=pc_share,中性|评价者,"机器人嘲讽同伴

",69e45de8000000001401d809,1,l1_per_post_mixed,15,2.0,68.0,2.0,24,虽然跑得慢，但架不住戏挺多的[笑哭R][笑哭R],,,,,,1966.0,167.0,,54e5aef2e779894b4ffed87e,2026.04.19,北京,"它嘲讽倒地不起的同伴，笑死我了 还给了我一个饭撒[飞吻R]

"
batch1,69e43a5a000000001d01dcc7,https://www.xiaohongshu.com/explore/69e43a5a000000001d01dcc7?source=webshare&xhsshare=pc_web&xsec_token=ABHtr88UWkKZZAADKyuBN5pWWcyDJgZkEGIP1wQE4k6N8=&xsec_source=pc_share,中性|评价者,"机器人嘲讽同伴

",69e43cee000000001401d430,1,l1_per_post_mixed,16,2.0,287.0,3.0,60,我说他干嘛呢，后来才看见地上坐着一个[偷笑R]，看他这两步跑得跟喝多了似的，五十步笑百步呢[偷笑R][偷笑R][偷笑R],,,,,,1966.0,167.0,,5d3a4f66000000001003090f,2026.04.19,山西,"它嘲讽倒地不起的同伴，笑死我了 还给了我一个饭撒[飞吻R]

"
batch1,69e43a5a000000001d01dcc7,https://www.xiaohongshu.com/explore/69e43a5a000000001d01dcc7?source=webshare&xhsshare=pc_web&xsec_token=ABHtr88UWkKZZAADKyuBN5pWWcyDJgZkEGIP1wQE4k6N8=&xsec_source=pc_share,中性|评价者,"机器人嘲讽同伴

",69e449a40000000014019013,1,l1_per_post_mixed,17,1.0,114.0,1.0,28,上面刷过来，小鼻嘎出故障了他在旁边看热闹还鼓掌[笑哭R],,,,,,1966.0,167.0,,5b4d2b26e8ac2b5b346b9f5e,2026.04.19,北京,"它嘲讽倒地不起的同伴，笑死我了 还给了我一个饭撒[飞吻R]

"
batch1,69e43a5a000000001d01dcc7,https://www.xiaohongshu.com/explore/69e43a5a000000001d01dcc7?source=webshare&xhsshare=pc_web&xsec_token=ABHtr88UWkKZZAADKyuBN5pWWcyDJgZkEGIP1wQE4k6N8=&xsec_source=pc_share,中性|评价者,"机器人嘲讽同伴

",69e459b9000000001401900d,1,l1_per_post_mixed,18,2.0,4.0,5.0,11,鞋子啥牌子的[偷笑R],,,,,,1966.0,167.0,,604d8387000000000100a4db,2026.04.19,湖南,"它嘲讽倒地不起的同伴，笑死我了 还给了我一个饭撒[飞吻R]

"
batch1,69e43a5a000000001d01dcc7,https://www.xiaohongshu.com/explore/69e43a5a000000001d01dcc7?source=webshare&xhsshare=pc_web&xsec_token=ABHtr88UWkKZZAADKyuBN5pWWcyDJgZkEGIP1wQE4k6N8=&xsec_source=pc_share,中性|评价者,"机器人嘲讽同伴

",69e45e4a000000001401e817,1,l1_per_post_mixed,19,1.0,25.0,0.0,22,他是真的好事，小派停下来的时候他也来看热闹了,,,,,,1966.0,167.0,,5badedbdc8e27300014dbfe3,2026.04.19,天津,"它嘲讽倒地不起的同伴，笑死我了 还给了我一个饭撒[飞吻R]

"
batch1,69e43a5a000000001d01dcc7,https://www.xiaohongshu.com/explore/69e43a5a000000001d01dcc7?source=webshare&xhsshare=pc_web&xsec_token=ABHtr88UWkKZZAADKyuBN5pWWcyDJgZkEGIP1wQE4k6N8=&xsec_source=pc_share,中性|评价者,"机器人嘲讽同伴

",69e46095000000001401a415,1,l1_per_post_mixed,20,3.0,15.0,1.0,7,鼓掌是遥控的吗,,,,,,1966.0,167.0,,5fff9001000000000100917d,2026.04.19,江苏,"它嘲讽倒地不起的同伴，笑死我了 还给了我一个饭撒[飞吻R]

"
batch1,69e43a5a000000001d01dcc7,https://www.xiaohongshu.com/explore/69e43a5a000000001d01dcc7?source=webshare&xhsshare=pc_web&xsec_token=ABHtr88UWkKZZAADKyuBN5pWWcyDJgZkEGIP1wQE4k6N8=&xsec_source=pc_share,中性|评价者,"机器人嘲讽同伴

",69e442b50000000014019c22,1,l1_per_post_mixed,21,3.0,20.0,0.0,14,程序猿有有趣的灵魂[派对R],,,,,,1966.0,167.0,,57550e285e87e7216e93900c,2026.04.19,北京,"它嘲讽倒地不起的同伴，笑死我了 还给了我一个饭撒[飞吻R]

"
batch1,69e43a5a000000001d01dcc7,https://www.xiaohongshu.com/explore/69e43a5a000000001d01dcc7?source=webshare&xhsshare=pc_web&xsec_token=ABHtr88UWkKZZAADKyuBN5pWWcyDJgZkEGIP1wQE4k6N8=&xsec_source=pc_share,中性|评价者,"机器人嘲讽同伴

",69e8b22f000000001401c401,1,l1_per_post_mixed,22,3.0,0.0,3.0,7,遥控的 没意思,,,,,,1966.0,167.0,,5fb622aa000000000101ca01,2026.04.22,德国,"它嘲讽倒地不起的同伴，笑死我了 还给了我一个饭撒[飞吻R]

"
batch1,69e43a5a000000001d01dcc7,https://www.xiaohongshu.com/explore/69e43a5a000000001d01dcc7?source=webshare&xhsshare=pc_web&xsec_token=ABHtr88UWkKZZAADKyuBN5pWWcyDJgZkEGIP1wQE4k6N8=&xsec_source=pc_share,中性|评价者,"机器人嘲讽同伴

",69e464fe000000001401c034,1,l1_per_post_mixed,23,1.0,5.0,0.0,12,这个蓝色的究竟是坐了多久,,,,,,1966.0,167.0,,57c14f9182ec39025df0b571,2026.04.19,广东,"它嘲讽倒地不起的同伴，笑死我了 还给了我一个饭撒[飞吻R]

"
batch1,69e43a5a000000001d01dcc7,https://www.xiaohongshu.com/explore/69e43a5a000000001d01dcc7?source=webshare&xhsshare=pc_web&xsec_token=ABHtr88UWkKZZAADKyuBN5pWWcyDJgZkEGIP1wQE4k6N8=&xsec_source=pc_share,中性|评价者,"机器人嘲讽同伴

",69e5a3e70000000014019c0e,1,l1_per_post_mixed,24,0.0,11.0,0.0,20,有机器人负责比赛，有的负责社交[偷笑R],,,,,,1966.0,167.0,,5c54696f000000001a01dcb7,2026.04.20,北京,"它嘲讽倒地不起的同伴，笑死我了 还给了我一个饭撒[飞吻R]

"
batch1,69e43a5a000000001d01dcc7,https://www.xiaohongshu.com/explore/69e43a5a000000001d01dcc7?source=webshare&xhsshare=pc_web&xsec_token=ABHtr88UWkKZZAADKyuBN5pWWcyDJgZkEGIP1wQE4k6N8=&xsec_source=pc_share,中性|评价者,"机器人嘲讽同伴

",69e479ec000000001401c811,1,l1_per_post_mixed,25,2.0,19.0,0.0,14,跑不过就整活是吧[doge],,,,,,1966.0,167.0,,5dd28e3f000000000100aa75,2026.04.19,北京,"它嘲讽倒地不起的同伴，笑死我了 还给了我一个饭撒[飞吻R]

"
batch1,69e43a5a000000001d01dcc7,https://www.xiaohongshu.com/explore/69e43a5a000000001d01dcc7?source=webshare&xhsshare=pc_web&xsec_token=ABHtr88UWkKZZAADKyuBN5pWWcyDJgZkEGIP1wQE4k6N8=&xsec_source=pc_share,中性|评价者,"机器人嘲讽同伴

",69e463f70000000014019428,1,l1_per_post_mixed,26,1.0,0.0,1.0,17,能问下这个中途观赛位置是在哪里么？,,,,,,1966.0,167.0,,552633419c5a6e75de257cea,2026.04.19,北京,"它嘲讽倒地不起的同伴，笑死我了 还给了我一个饭撒[飞吻R]

"
batch1,69e43a5a000000001d01dcc7,https://www.xiaohongshu.com/explore/69e43a5a000000001d01dcc7?source=webshare&xhsshare=pc_web&xsec_token=ABHtr88UWkKZZAADKyuBN5pWWcyDJgZkEGIP1wQE4k6N8=&xsec_source=pc_share,中性|评价者,"机器人嘲讽同伴

",69e70c390000000014018807,1,l1_per_post_mixed,27,3.0,0.0,1.0,7,有人遥控的吧？,,,,,,1966.0,167.0,,617c0730000000001f039cd9,2026.04.21,北京,"它嘲讽倒地不起的同伴，笑死我了 还给了我一个饭撒[飞吻R]

"
batch1,69e43a5a000000001d01dcc7,https://www.xiaohongshu.com/explore/69e43a5a000000001d01dcc7?source=webshare&xhsshare=pc_web&xsec_token=ABHtr88UWkKZZAADKyuBN5pWWcyDJgZkEGIP1wQE4k6N8=&xsec_source=pc_share,中性|评价者,"机器人嘲讽同伴

",69e44270000000001401c415,1,l1_per_post_mixed,28,,9.0,0.0,8,好损啊[偷笑R],,,,,,1966.0,167.0,,65a9e76d0000000008030028,2026.04.19,山东,"它嘲讽倒地不起的同伴，笑死我了 还给了我一个饭撒[飞吻R]

"
batch1,69e43a5a000000001d01dcc7,https://www.xiaohongshu.com/explore/69e43a5a000000001d01dcc7?source=webshare&xhsshare=pc_web&xsec_token=ABHtr88UWkKZZAADKyuBN5pWWcyDJgZkEGIP1wQE4k6N8=&xsec_source=pc_share,中性|评价者,"机器人嘲讽同伴

",69e4fe40000000001401e41c,1,l1_per_post_mixed,29,2.0,1.0,0.0,13,穿鞋的果然比不穿鞋的厉害哈,,,,,,1966.0,167.0,,5d10a05a0000000012039bf7,2026.04.20,浙江,"它嘲讽倒地不起的同伴，笑死我了 还给了我一个饭撒[飞吻R]

"
batch1,69e43a5a000000001d01dcc7,https://www.xiaohongshu.com/explore/69e43a5a000000001d01dcc7?source=webshare&xhsshare=pc_web&xsec_token=ABHtr88UWkKZZAADKyuBN5pWWcyDJgZkEGIP1wQE4k6N8=&xsec_source=pc_share,中性|评价者,"机器人嘲讽同伴

",69e7080f0000000014019423,1,l1_per_post_mixed,30,,3.0,0.0,10,还饭撒上了[大笑R],,,,,,1966.0,167.0,,5e46d6750000000001004ebc,2026.04.21,福建,"它嘲讽倒地不起的同伴，笑死我了 还给了我一个饭撒[飞吻R]

"
batch1,69e44f3a000000002301079c,https://www.xiaohongshu.com/explore/69e44f3a000000002301079c?source=webshare&xhsshare=pc_web&xsec_token=CBIKdUwRBDKLtFUfL9ckADqvu5WnQfrCeMbQRtezhhUWE=&xsec_source=pc_share,弱势|评价者,"论机器人上班的精神状态…

",69facfc20000000027017d24,1,l1_per_post_mixed,1,,0.0,0.0,2,你6,,,,,,813.0,29.0,,61543670000000000201ece5,2026.05.06,河南,"谁懂看到豆包（哦不，是豆脚😂）在跑道上狂奔的魔幻感啊哈哈哈哈哈！！

"
batch1,69e44f3a000000002301079c,https://www.xiaohongshu.com/explore/69e44f3a000000002301079c?source=webshare&xhsshare=pc_web&xsec_token=CBIKdUwRBDKLtFUfL9ckADqvu5WnQfrCeMbQRtezhhUWE=&xsec_source=pc_share,弱势|评价者,"论机器人上班的精神状态…

",69e45c350000000014019419,1,l1_per_post_mixed,2,1.0,3.0,3.0,18,感谢关注[派对R]小派亲友团发来贺电,,,,,,813.0,29.0,,6531a193000000002b001034,2026.04.19,北京,"谁懂看到豆包（哦不，是豆脚😂）在跑道上狂奔的魔幻感啊哈哈哈哈哈！！

"
batch1,69e44f3a000000002301079c,https://www.xiaohongshu.com/explore/69e44f3a000000002301079c?source=webshare&xhsshare=pc_web&xsec_token=CBIKdUwRBDKLtFUfL9ckADqvu5WnQfrCeMbQRtezhhUWE=&xsec_source=pc_share,弱势|评价者,"论机器人上班的精神状态…

",69eec5080000000028037a56,1,l1_per_post_mixed,3,1.0,1.0,0.0,36,我真绝了，第一张图片乍一看我还以为是p图的[笑哭R][笑哭R][笑哭R],,,,,,813.0,29.0,,64723c6e000000001c02bb85,2026.04.27,安徽,"谁懂看到豆包（哦不，是豆脚😂）在跑道上狂奔的魔幻感啊哈哈哈哈哈！！

"
batch1,69e44f3a000000002301079c,https://www.xiaohongshu.com/explore/69e44f3a000000002301079c?source=webshare&xhsshare=pc_web&xsec_token=CBIKdUwRBDKLtFUfL9ckADqvu5WnQfrCeMbQRtezhhUWE=&xsec_source=pc_share,弱势|评价者,"论机器人上班的精神状态…

",69f5ac57000000002701f65a,1,l1_per_post_mixed,4,,0.0,0.0,1,l,,,,,,813.0,29.0,,5db51fcb00000000010085ff,2026.05.02,河北,"谁懂看到豆包（哦不，是豆脚😂）在跑道上狂奔的魔幻感啊哈哈哈哈哈！！

"
batch1,69e44f3a000000002301079c,https://www.xiaohongshu.com/explore/69e44f3a000000002301079c?source=webshare&xhsshare=pc_web&xsec_token=CBIKdUwRBDKLtFUfL9ckADqvu5WnQfrCeMbQRtezhhUWE=&xsec_source=pc_share,弱势|评价者,"论机器人上班的精神状态…

",69e8b250000000001401c032,1,l1_per_post_mixed,5,1.0,0.0,0.0,11,这不叫豆包，这叫豆角。,,,,,,813.0,29.0,,5c08e2a10000000007018670,2026.04.22,山东,"谁懂看到豆包（哦不，是豆脚😂）在跑道上狂奔的魔幻感啊哈哈哈哈哈！！

"
batch1,69e44f3a000000002301079c,https://www.xiaohongshu.com/explore/69e44f3a000000002301079c?source=webshare&xhsshare=pc_web&xsec_token=CBIKdUwRBDKLtFUfL9ckADqvu5WnQfrCeMbQRtezhhUWE=&xsec_source=pc_share,弱势|评价者,"论机器人上班的精神状态…

",69e9ad91000000001401c405,1,l1_per_post_mixed,6,1.0,0.0,2.0,22,@谁卖我平静 我咋现在才刷到，早知道去现场了,,,,,,813.0,29.0,,61b035220000000002019dca,2026.04.23,北京,"谁懂看到豆包（哦不，是豆脚😂）在跑道上狂奔的魔幻感啊哈哈哈哈哈！！

"
batch1,69e44f3a000000002301079c,https://www.xiaohongshu.com/explore/69e44f3a000000002301079c?source=webshare&xhsshare=pc_web&xsec_token=CBIKdUwRBDKLtFUfL9ckADqvu5WnQfrCeMbQRtezhhUWE=&xsec_source=pc_share,弱势|评价者,"论机器人上班的精神状态…

",69f43162000000002800b05b,1,l1_per_post_mixed,7,,0.0,0.0,196,1[哭惹R][偷笑R][哭惹R][哭惹R][哭惹R][飞吻R][哭惹R][哭惹R][哭惹R][哭惹R][哭惹R][哭惹R][哭惹R][哭惹R][哭惹R][哭惹R][哭惹R][哭惹R][哭惹R][哭惹R][哭惹R][飞吻R][哭惹R][哭惹R][哭惹R][哭惹R][哭惹R][哭惹R][哭惹R][哭惹R][哭惹R][哭惹R][哭惹R][哭惹R][飞吻R][飞吻R][哭惹R][哭惹R][哭惹R],,,,,,813.0,29.0,,5b7a5f202cc31d00014e8089,2026.05.01,辽宁,"谁懂看到豆包（哦不，是豆脚😂）在跑道上狂奔的魔幻感啊哈哈哈哈哈！！

"
batch1,69e44fbf000000001e00cc6a,https://www.xiaohongshu.com/explore/69e44fbf000000001e00cc6a?source=webshare&xhsshare=pc_web&xsec_token=CBIKdUwRBDKLtFUfL9ckADqmOPSzSGhKWoIZ1zwdhJjIQ=&xsec_source=pc_share,成功|服务者,"程序员：也没说搞科研还需要体力啊！

",69f1ddd30000000029024048,1,l1_per_post_mixed,1,6.0,0.0,2.0,21,明年踩着平衡车跟后面。[失望R][失望R],,,,,,136.0,12.0,,6042bc97000000000101e0e7,2026.04.29,上海,"近日，在2026北京亦庄人形机器人半程马拉松赛前的备战过程中，有机器人一路向前飞奔，几名工程师扛着电脑在后面拼命追，这爆笑一幕引发网友热议：“也没说搞科研还需要体力啊”[笑哭R][笑哭R]

"
batch1,69e44fbf000000001e00cc6a,https://www.xiaohongshu.com/explore/69e44fbf000000001e00cc6a?source=webshare&xhsshare=pc_web&xsec_token=CBIKdUwRBDKLtFUfL9ckADqmOPSzSGhKWoIZ1zwdhJjIQ=&xsec_source=pc_share,成功|服务者,"程序员：也没说搞科研还需要体力啊！

",69e5aae9000000001401c41d,1,l1_per_post_mixed,2,3.0,1.0,2.0,18,有没有可能失控停不下来了[doge],,,,,,136.0,12.0,,5ce64059000000001103651b,2026.04.20,上海,"近日，在2026北京亦庄人形机器人半程马拉松赛前的备战过程中，有机器人一路向前飞奔，几名工程师扛着电脑在后面拼命追，这爆笑一幕引发网友热议：“也没说搞科研还需要体力啊”[笑哭R][笑哭R]

"
batch1,69e44fbf000000001e00cc6a,https://www.xiaohongshu.com/explore/69e44fbf000000001e00cc6a?source=webshare&xhsshare=pc_web&xsec_token=CBIKdUwRBDKLtFUfL9ckADqmOPSzSGhKWoIZ1zwdhJjIQ=&xsec_source=pc_share,成功|服务者,"程序员：也没说搞科研还需要体力啊！

",69e4c5b4000000001401e433,1,l1_per_post_mixed,3,3.0,7.0,0.0,24,扛電腦的程序員比完賽頭髮都跑沒一半了[doge],,,,,,136.0,12.0,,643bc13f000000000e01fe19,2026.04.19,中国台湾,"近日，在2026北京亦庄人形机器人半程马拉松赛前的备战过程中，有机器人一路向前飞奔，几名工程师扛着电脑在后面拼命追，这爆笑一幕引发网友热议：“也没说搞科研还需要体力啊”[笑哭R][笑哭R]

"
batch1,69e44fbf000000001e00cc6a,https://www.xiaohongshu.com/explore/69e44fbf000000001e00cc6a?source=webshare&xhsshare=pc_web&xsec_token=CBIKdUwRBDKLtFUfL9ckADqmOPSzSGhKWoIZ1zwdhJjIQ=&xsec_source=pc_share,成功|服务者,"程序员：也没说搞科研还需要体力啊！

",69e4547b000000001401a807,1,l1_per_post_mixed,4,3.0,17.0,0.0,27,全能工程师：熬最深的夜，顶着最高的脑门，跑得像风一样快,,,,,,136.0,12.0,,5f421eb000000000010015d4,2026.04.19,重庆,"近日，在2026北京亦庄人形机器人半程马拉松赛前的备战过程中，有机器人一路向前飞奔，几名工程师扛着电脑在后面拼命追，这爆笑一幕引发网友热议：“也没说搞科研还需要体力啊”[笑哭R][笑哭R]

"
batch1,69e44fbf000000001e00cc6a,https://www.xiaohongshu.com/explore/69e44fbf000000001e00cc6a?source=webshare&xhsshare=pc_web&xsec_token=CBIKdUwRBDKLtFUfL9ckADqmOPSzSGhKWoIZ1zwdhJjIQ=&xsec_source=pc_share,成功|服务者,"程序员：也没说搞科研还需要体力啊！

",69e56b11000000001401b808,1,l1_per_post_mixed,5,2.0,1.0,0.0,18,怕后面的工作人员有生命危险[笑哭R],,,,,,136.0,12.0,,641be51b00000000120131a6,2026.04.20,福建,"近日，在2026北京亦庄人形机器人半程马拉松赛前的备战过程中，有机器人一路向前飞奔，几名工程师扛着电脑在后面拼命追，这爆笑一幕引发网友热议：“也没说搞科研还需要体力啊”[笑哭R][笑哭R]

"
batch1,69e44fbf000000001e00cc6a,https://www.xiaohongshu.com/explore/69e44fbf000000001e00cc6a?source=webshare&xhsshare=pc_web&xsec_token=CBIKdUwRBDKLtFUfL9ckADqmOPSzSGhKWoIZ1zwdhJjIQ=&xsec_source=pc_share,成功|服务者,"程序员：也没说搞科研还需要体力啊！

",69e587fe000000001401c810,1,l1_per_post_mixed,6,3.0,1.0,0.0,33,救老命了。控制组的工程师为什么在后面跑？不能坐车吗？出点意外咋整？,,,,,,136.0,12.0,,5bb9be8211be102eb3c505de,2026.04.20,上海,"近日，在2026北京亦庄人形机器人半程马拉松赛前的备战过程中，有机器人一路向前飞奔，几名工程师扛着电脑在后面拼命追，这爆笑一幕引发网友热议：“也没说搞科研还需要体力啊”[笑哭R][笑哭R]

"
batch1,69e44fbf000000001e00cc6a,https://www.xiaohongshu.com/explore/69e44fbf000000001e00cc6a?source=webshare&xhsshare=pc_web&xsec_token=CBIKdUwRBDKLtFUfL9ckADqmOPSzSGhKWoIZ1zwdhJjIQ=&xsec_source=pc_share,成功|服务者,"程序员：也没说搞科研还需要体力啊！

",69e59de7000000001401a434,1,l1_per_post_mixed,7,,0.0,0.0,23,@zhuzhu [笑哭R][笑哭R][笑哭R],,,,,,136.0,12.0,,6667a7fb00000000030326e1,2026.04.20,北京,"近日，在2026北京亦庄人形机器人半程马拉松赛前的备战过程中，有机器人一路向前飞奔，几名工程师扛着电脑在后面拼命追，这爆笑一幕引发网友热议：“也没说搞科研还需要体力啊”[笑哭R][笑哭R]

"
batch1,69e44fbf000000001e00cc6a,https://www.xiaohongshu.com/explore/69e44fbf000000001e00cc6a?source=webshare&xhsshare=pc_web&xsec_token=CBIKdUwRBDKLtFUfL9ckADqmOPSzSGhKWoIZ1zwdhJjIQ=&xsec_source=pc_share,成功|服务者,"程序员：也没说搞科研还需要体力啊！

",69e4635b000000001401bc31,1,l1_per_post_mixed,8,,1.0,0.0,9,@艾酱 [捂脸R],,,,,,136.0,12.0,,5c73eaef000000001100b3bf,2026.04.19,北京,"近日，在2026北京亦庄人形机器人半程马拉松赛前的备战过程中，有机器人一路向前飞奔，几名工程师扛着电脑在后面拼命追，这爆笑一幕引发网友热议：“也没说搞科研还需要体力啊”[笑哭R][笑哭R]

"
batch2_anchor,69df625d0000000021005c63,https://www.xiaohongshu.com/explore/69df625d0000000021005c63?source=webshare&xhsshare=pc_web&xsec_token=ABmwDHDtxW8ICF6uM0M4EqkNMm0_ID6NkuwJDN5IuQzbo=&xsec_source=pc_share,unknown,"“扶我起来，我还能再跑10公里”

",69dfa7c7000000003501d338,1,l1_per_post_mixed,1,,0.0,0.0,10,笑死我了，这旁白绝了,,,,,,,9992.0,,5f005c3c0000000001006062,2026.04.15,澳大利亚,"北京亦庄机器人马拉松名场面，希望能给你带来快

"
batch2_anchor,69df625d0000000021005c63,https://www.xiaohongshu.com/explore/69df625d0000000021005c63?source=webshare&xhsshare=pc_web&xsec_token=ABmwDHDtxW8ICF6uM0M4EqkNMm0_ID6NkuwJDN5IuQzbo=&xsec_source=pc_share,unknown,"“扶我起来，我还能再跑10公里”

",69df9d5e000000001500ae5a,1,l1_per_post_mixed,2,4.0,0.0,0.0,47,工业和科技从来没有后来居上这种事情，拼的都是工业基础和科技底蕴，静下心来做点实事比盲目自大有用,,,,,,,9992.0,,577fbef96a6a6920f3ea6059,2026.04.15,北京,"北京亦庄机器人马拉松名场面，希望能给你带来快

"
batch2_anchor,69df625d0000000021005c63,https://www.xiaohongshu.com/explore/69df625d0000000021005c63?source=webshare&xhsshare=pc_web&xsec_token=ABmwDHDtxW8ICF6uM0M4EqkNMm0_ID6NkuwJDN5IuQzbo=&xsec_source=pc_share,unknown,"“扶我起来，我还能再跑10公里”

",69dfaade0000000015001fc4,1,l1_per_post_mixed,3,0.0,40.0,17.0,61,红色跑最快那个，形态是不是有点涉嫌作弊了，它是蹲着跑呀，比起其他的来，重心就更稳，不容易摔倒呀。人形机器人应该是直立的吧。,,,,,,,9992.0,,5b59c5b111be10524113c385,2026.04.15,山东,"北京亦庄机器人马拉松名场面，希望能给你带来快

"
batch2_anchor,69df625d0000000021005c63,https://www.xiaohongshu.com/explore/69df625d0000000021005c63?source=webshare&xhsshare=pc_web&xsec_token=ABmwDHDtxW8ICF6uM0M4EqkNMm0_ID6NkuwJDN5IuQzbo=&xsec_source=pc_share,unknown,"“扶我起来，我还能再跑10公里”

",69dfa76a000000003501066a,1,l1_per_post_mixed,4,1.0,1.0,0.0,10,像极了千姿百态的人生,,,,,,,9992.0,,6181ec930000000010006263,2026.04.15,广东,"北京亦庄机器人马拉松名场面，希望能给你带来快

"
batch2_anchor,69df625d0000000021005c63,https://www.xiaohongshu.com/explore/69df625d0000000021005c63?source=webshare&xhsshare=pc_web&xsec_token=ABmwDHDtxW8ICF6uM0M4EqkNMm0_ID6NkuwJDN5IuQzbo=&xsec_source=pc_share,unknown,"“扶我起来，我还能再跑10公里”

",69dfa1d6000000003502cd92,1,l1_per_post_mixed,5,0.0,0.0,0.0,20,倒数第2个那个红色小机器人我喜欢，来1个,,,,,,,9992.0,,60bb3f2c0000000001003490,2026.04.15,江苏,"北京亦庄机器人马拉松名场面，希望能给你带来快

"
batch2_anchor,69df625d0000000021005c63,https://www.xiaohongshu.com/explore/69df625d0000000021005c63?source=webshare&xhsshare=pc_web&xsec_token=ABmwDHDtxW8ICF6uM0M4EqkNMm0_ID6NkuwJDN5IuQzbo=&xsec_source=pc_share,unknown,"“扶我起来，我还能再跑10公里”

",69e08951000000001401940e,1,l1_per_post_mixed,6,,0.0,0.0,2,哈哈,,,,,,,9992.0,,65351f3d0000000006004ac0,2026.04.16,北京,"北京亦庄机器人马拉松名场面，希望能给你带来快

"
batch2_anchor,69df625d0000000021005c63,https://www.xiaohongshu.com/explore/69df625d0000000021005c63?source=webshare&xhsshare=pc_web&xsec_token=ABmwDHDtxW8ICF6uM0M4EqkNMm0_ID6NkuwJDN5IuQzbo=&xsec_source=pc_share,unknown,"“扶我起来，我还能再跑10公里”

",69dfaa1d0000000002035b98,1,l1_per_post_mixed,7,1.0,30.0,2.0,19,我先收藏起来心情不好的时候可以再看一遍,,,,,,,9992.0,,5ba7a69af7e8b921c9cab52f,2026.04.15,福建,"北京亦庄机器人马拉松名场面，希望能给你带来快

"
batch2_anchor,69df625d0000000021005c63,https://www.xiaohongshu.com/explore/69df625d0000000021005c63?source=webshare&xhsshare=pc_web&xsec_token=ABmwDHDtxW8ICF6uM0M4EqkNMm0_ID6NkuwJDN5IuQzbo=&xsec_source=pc_share,unknown,"“扶我起来，我还能再跑10公里”

",69df8f1f000000003502b58d,1,l1_per_post_mixed,8,0.0,135.0,40.0,23,本来我还担心自己跑不过机器人，看了视频放心些了,,,,,,,9992.0,,5b15533211be107220b650a7,2026.04.15,北京,"北京亦庄机器人马拉松名场面，希望能给你带来快

"
batch2_anchor,69df625d0000000021005c63,https://www.xiaohongshu.com/explore/69df625d0000000021005c63?source=webshare&xhsshare=pc_web&xsec_token=ABmwDHDtxW8ICF6uM0M4EqkNMm0_ID6NkuwJDN5IuQzbo=&xsec_source=pc_share,unknown,"“扶我起来，我还能再跑10公里”

",69dfb3290000000002035b6b,1,l1_per_post_mixed,9,0.0,4172.0,78.0,49,大家娱乐一下哈，视频里只放了一些“精彩”画面配解说，其实还有更多的机器人是跑的又稳又快的[害羞R],,,,,,,9992.0,,661ab2d70000000007007f3b,2026.04.15,上海,"北京亦庄机器人马拉松名场面，希望能给你带来快

"
batch2_anchor,69df625d0000000021005c63,https://www.xiaohongshu.com/explore/69df625d0000000021005c63?source=webshare&xhsshare=pc_web&xsec_token=ABmwDHDtxW8ICF6uM0M4EqkNMm0_ID6NkuwJDN5IuQzbo=&xsec_source=pc_share,unknown,"“扶我起来，我还能再跑10公里”

",69e70ad1000000001401e404,1,l1_per_post_mixed,10,2.0,38.0,0.0,35,这就是我每天上班赶末班车的状态，身体和灵魂都在努力摆动，但速度全靠缘分,,,,,,,9992.0,,6496ee81000000001c028124,2026.04.21,辽宁,"北京亦庄机器人马拉松名场面，希望能给你带来快

"
batch2_anchor,69df625d0000000021005c63,https://www.xiaohongshu.com/explore/69df625d0000000021005c63?source=webshare&xhsshare=pc_web&xsec_token=ABmwDHDtxW8ICF6uM0M4EqkNMm0_ID6NkuwJDN5IuQzbo=&xsec_source=pc_share,unknown,"“扶我起来，我还能再跑10公里”

",69dfa6330000000035011698,1,l1_per_post_mixed,11,6.0,16.0,2.0,37,这样的给老外多看看，春晚那些跳舞的机器人是人假扮的[捂脸R]跟老外解释一下,,,,,,,9992.0,,622c7647000000001000939d,2026.04.15,浙江,"北京亦庄机器人马拉松名场面，希望能给你带来快

"
batch2_anchor,69df625d0000000021005c63,https://www.xiaohongshu.com/explore/69df625d0000000021005c63?source=webshare&xhsshare=pc_web&xsec_token=ABmwDHDtxW8ICF6uM0M4EqkNMm0_ID6NkuwJDN5IuQzbo=&xsec_source=pc_share,unknown,"“扶我起来，我还能再跑10公里”

",69e709de000000001401bc06,1,l1_per_post_mixed,12,0.0,29.0,1.0,57,现在的步态虽然看着有点滑稽，但科技进步往往就是从这种‘笨拙’开始的。期待以后机器人马拉松能跑出人类无法企及的配速！,,,,,,,9992.0,,5638fca0a40e180afc3d431a,2026.04.21,广东,"北京亦庄机器人马拉松名场面，希望能给你带来快

"
batch2_anchor,69df625d0000000021005c63,https://www.xiaohongshu.com/explore/69df625d0000000021005c63?source=webshare&xhsshare=pc_web&xsec_token=ABmwDHDtxW8ICF6uM0M4EqkNMm0_ID6NkuwJDN5IuQzbo=&xsec_source=pc_share,unknown,"“扶我起来，我还能再跑10公里”

",69df6fc70000000035010d0b,1,l1_per_post_mixed,13,1.0,17.0,1.0,10,解说太逗了[大笑R],,,,,,,9992.0,,600680fe000000000100913c,2026.04.15,北京,"北京亦庄机器人马拉松名场面，希望能给你带来快

"
batch2_anchor,69df625d0000000021005c63,https://www.xiaohongshu.com/explore/69df625d0000000021005c63?source=webshare&xhsshare=pc_web&xsec_token=ABmwDHDtxW8ICF6uM0M4EqkNMm0_ID6NkuwJDN5IuQzbo=&xsec_source=pc_share,unknown,"“扶我起来，我还能再跑10公里”

",69df65b0000000001400b720,1,l1_per_post_mixed,14,2.0,19.0,5.0,25,是不是得先解决摔倒了不把自己搞得支离破碎[笑哭R],,,,,,,9992.0,,548900272e1d933b81a0d68e,2026.04.15,广东,"北京亦庄机器人马拉松名场面，希望能给你带来快

"
batch2_anchor,69df625d0000000021005c63,https://www.xiaohongshu.com/explore/69df625d0000000021005c63?source=webshare&xhsshare=pc_web&xsec_token=ABmwDHDtxW8ICF6uM0M4EqkNMm0_ID6NkuwJDN5IuQzbo=&xsec_source=pc_share,unknown,"“扶我起来，我还能再跑10公里”

",69e35c62000000001401e015,1,l1_per_post_mixed,15,0.0,55.0,8.0,27,这个视频外网已经有了，老外说这才是中国机器人的真实水平,,,,,,,9992.0,,5fcbf8f60000000001000451,2026.04.18,上海,"北京亦庄机器人马拉松名场面，希望能给你带来快

"
batch2_anchor,69df625d0000000021005c63,https://www.xiaohongshu.com/explore/69df625d0000000021005c63?source=webshare&xhsshare=pc_web&xsec_token=ABmwDHDtxW8ICF6uM0M4EqkNMm0_ID6NkuwJDN5IuQzbo=&xsec_source=pc_share,unknown,"“扶我起来，我还能再跑10公里”

",69df9d44000000000d034c6c,1,l1_per_post_mixed,16,6.0,46.0,8.0,19,能笑就笑吧，明年就没得笑了。[笑哭R],,,,,,,9992.0,,6049f99e000000000101ff4b,2026.04.15,上海,"北京亦庄机器人马拉松名场面，希望能给你带来快

"
batch2_anchor,69df625d0000000021005c63,https://www.xiaohongshu.com/explore/69df625d0000000021005c63?source=webshare&xhsshare=pc_web&xsec_token=ABmwDHDtxW8ICF6uM0M4EqkNMm0_ID6NkuwJDN5IuQzbo=&xsec_source=pc_share,unknown,"“扶我起来，我还能再跑10公里”

",69dfa6f40000000035014bba,1,l1_per_post_mixed,17,0.0,39.0,13.0,14,都吹上天了的机器人原来就这样,,,,,,,9992.0,,66a863de000000001d031c43,2026.04.15,广东,"北京亦庄机器人马拉松名场面，希望能给你带来快

"
batch2_anchor,69df625d0000000021005c63,https://www.xiaohongshu.com/explore/69df625d0000000021005c63?source=webshare&xhsshare=pc_web&xsec_token=ABmwDHDtxW8ICF6uM0M4EqkNMm0_ID6NkuwJDN5IuQzbo=&xsec_source=pc_share,unknown,"“扶我起来，我还能再跑10公里”

",69df9c990000000002036314,1,l1_per_post_mixed,18,6.0,26.0,12.0,9,怎么比去年还退化？,,,,,,,9992.0,,5eb39d200000000001002ae5,2026.04.15,浙江,"北京亦庄机器人马拉松名场面，希望能给你带来快

"
batch2_anchor,69df625d0000000021005c63,https://www.xiaohongshu.com/explore/69df625d0000000021005c63?source=webshare&xhsshare=pc_web&xsec_token=ABmwDHDtxW8ICF6uM0M4EqkNMm0_ID6NkuwJDN5IuQzbo=&xsec_source=pc_share,unknown,"“扶我起来，我还能再跑10公里”

",69e04352000000003500efb1,1,l1_per_post_mixed,19,4.0,22.0,8.0,23,说丢人的来手搓一个[笑哭R]能动起来就算你nb,,,,,,,9992.0,,66a5c0ca000000001d0208aa,2026.04.16,新疆,"北京亦庄机器人马拉松名场面，希望能给你带来快

"
batch2_anchor,69df625d0000000021005c63,https://www.xiaohongshu.com/explore/69df625d0000000021005c63?source=webshare&xhsshare=pc_web&xsec_token=ABmwDHDtxW8ICF6uM0M4EqkNMm0_ID6NkuwJDN5IuQzbo=&xsec_source=pc_share,unknown,"“扶我起来，我还能再跑10公里”

",69dfa580000000000d03f1be,1,l1_per_post_mixed,20,2.0,0.0,0.0,9,弯着腿跑对膝盖不好,,,,,,,9992.0,,56b3376f50c4b41ddf57e930,2026.04.15,日本,"北京亦庄机器人马拉松名场面，希望能给你带来快

"
batch2_anchor,69df625d0000000021005c63,https://www.xiaohongshu.com/explore/69df625d0000000021005c63?source=webshare&xhsshare=pc_web&xsec_token=ABmwDHDtxW8ICF6uM0M4EqkNMm0_ID6NkuwJDN5IuQzbo=&xsec_source=pc_share,unknown,"“扶我起来，我还能再跑10公里”

",69dfad150000000001005ec4,1,l1_per_post_mixed,21,0.0,0.0,0.0,19,果然机器人摔倒才是最精彩的[doge],,,,,,,9992.0,,55c4e569589446744b116202,2026.04.15,北京,"北京亦庄机器人马拉松名场面，希望能给你带来快

"
batch2_anchor,69df625d0000000021005c63,https://www.xiaohongshu.com/explore/69df625d0000000021005c63?source=webshare&xhsshare=pc_web&xsec_token=ABmwDHDtxW8ICF6uM0M4EqkNMm0_ID6NkuwJDN5IuQzbo=&xsec_source=pc_share,unknown,"“扶我起来，我还能再跑10公里”

",69dfacc40000000035017f0a,1,l1_per_post_mixed,22,0.0,0.0,0.0,15,说明机器人也会彼劳，何况是人呢,,,,,,,9992.0,,5ff7a38b000000000101d19b,2026.04.15,重庆,"北京亦庄机器人马拉松名场面，希望能给你带来快

"
batch2_anchor,69df625d0000000021005c63,https://www.xiaohongshu.com/explore/69df625d0000000021005c63?source=webshare&xhsshare=pc_web&xsec_token=ABmwDHDtxW8ICF6uM0M4EqkNMm0_ID6NkuwJDN5IuQzbo=&xsec_source=pc_share,unknown,"“扶我起来，我还能再跑10公里”

",69e469f3000000001401c024,1,l1_per_post_mixed,23,1.0,0.0,0.0,18,@大发来了 ，她的好胃口还没来 哈哈,,,,,,,9992.0,,59a1979050c4b46670dd8c12,2026.04.19,四川,"北京亦庄机器人马拉松名场面，希望能给你带来快

"
batch2_anchor,69df625d0000000021005c63,https://www.xiaohongshu.com/explore/69df625d0000000021005c63?source=webshare&xhsshare=pc_web&xsec_token=ABmwDHDtxW8ICF6uM0M4EqkNMm0_ID6NkuwJDN5IuQzbo=&xsec_source=pc_share,unknown,"“扶我起来，我还能再跑10公里”

",69e0df42000000001401b826,1,l1_per_post_mixed,24,6.0,0.0,0.0,95,宇树自己用的老的h2机型改造出来的跑，视频里出来的都是别的公司拿宇树的g1来参赛的。弹幕好像很见不得宇树好啊[doge]但是很可惜，宇树测试已经50多分钟跑完半马了，最快10m/s[偷笑R],,,,,,,9992.0,,5f1c017c0000000001003c6e,2026.04.16,四川,"北京亦庄机器人马拉松名场面，希望能给你带来快

"
batch2_anchor,69df625d0000000021005c63,https://www.xiaohongshu.com/explore/69df625d0000000021005c63?source=webshare&xhsshare=pc_web&xsec_token=ABmwDHDtxW8ICF6uM0M4EqkNMm0_ID6NkuwJDN5IuQzbo=&xsec_source=pc_share,unknown,"“扶我起来，我还能再跑10公里”

",69e8ca53000000001401c015,1,l1_per_post_mixed,25,2.0,0.0,0.0,6,出场就是大妈,,,,,,,9992.0,,646b675b000000002a009183,2026.04.22,陕西,"北京亦庄机器人马拉松名场面，希望能给你带来快

"
batch2_anchor,69df625d0000000021005c63,https://www.xiaohongshu.com/explore/69df625d0000000021005c63?source=webshare&xhsshare=pc_web&xsec_token=ABmwDHDtxW8ICF6uM0M4EqkNMm0_ID6NkuwJDN5IuQzbo=&xsec_source=pc_share,unknown,"“扶我起来，我还能再跑10公里”

",69e173410000000014019801,1,l1_per_post_mixed,26,1.0,1.0,0.0,14,@Kiss the rain,,,,,,,9992.0,,5ca0c0ec000000001601fae1,2026.04.17,湖北,"北京亦庄机器人马拉松名场面，希望能给你带来快

"
batch2_anchor,69df625d0000000021005c63,https://www.xiaohongshu.com/explore/69df625d0000000021005c63?source=webshare&xhsshare=pc_web&xsec_token=ABmwDHDtxW8ICF6uM0M4EqkNMm0_ID6NkuwJDN5IuQzbo=&xsec_source=pc_share,unknown,"“扶我起来，我还能再跑10公里”

",69e17336000000001401bc11,1,l1_per_post_mixed,27,,0.0,0.0,3,哈哈哈,,,,,,,9992.0,,613b3f460000000002022ff4,2026.04.17,浙江,"北京亦庄机器人马拉松名场面，希望能给你带来快

"
batch2_anchor,69df625d0000000021005c63,https://www.xiaohongshu.com/explore/69df625d0000000021005c63?source=webshare&xhsshare=pc_web&xsec_token=ABmwDHDtxW8ICF6uM0M4EqkNMm0_ID6NkuwJDN5IuQzbo=&xsec_source=pc_share,unknown,"“扶我起来，我还能再跑10公里”

",69df98b4000000003500e5c5,1,l1_per_post_mixed,28,3.0,146.0,25.0,30,他们跑步，是遥控器操控，还是自己识别路面情况，纯粹自己跑呀？,,,,,,,9992.0,,5de6729d0000000001001c28,2026.04.15,北京,"北京亦庄机器人马拉松名场面，希望能给你带来快

"
batch2_anchor,69df625d0000000021005c63,https://www.xiaohongshu.com/explore/69df625d0000000021005c63?source=webshare&xhsshare=pc_web&xsec_token=ABmwDHDtxW8ICF6uM0M4EqkNMm0_ID6NkuwJDN5IuQzbo=&xsec_source=pc_share,unknown,"“扶我起来，我还能再跑10公里”

",69df9e9d000000003502eb76,1,l1_per_post_mixed,29,,0.0,0.0,5,谁家的赢了,,,,,,,9992.0,,5a7454e44eacab20a0cb8e8e,2026.04.15,北京,"北京亦庄机器人马拉松名场面，希望能给你带来快

"
batch2_anchor,69df625d0000000021005c63,https://www.xiaohongshu.com/explore/69df625d0000000021005c63?source=webshare&xhsshare=pc_web&xsec_token=ABmwDHDtxW8ICF6uM0M4EqkNMm0_ID6NkuwJDN5IuQzbo=&xsec_source=pc_share,unknown,"“扶我起来，我还能再跑10公里”

",69dfa83c000000000103e6eb,1,l1_per_post_mixed,30,0.0,0.0,0.0,33,我劝你们都收着点，以后ai统治地球的时候能捞个宽大处理[doge],,,,,,,9992.0,,59c5027f44363b6a4194a0cf,2026.04.15,江苏,"北京亦庄机器人马拉松名场面，希望能给你带来快

"
batch2_anchor,69e45dbe000000001f00434f,https://www.xiaohongshu.com/explore/69e45dbe000000001f00434f?source=webshare&xhsshare=pc_web&xsec_token=ABNo_BFRrK-4aWK8jdQuDcf1SawCDJsMo9imYKkVZnW5s=&xsec_source=pc_share,unknown,"机器人跑马拉松超越人类？

",69e5bc95000000001401dc06,1,l1_per_post_mixed,1,6.0,0.0,0.0,8,最后第一是哪个？,,,,,,4650.0,773.0,,665a95430000000007006fc4,2026.04.20,北京,"带你现场感受机器人马拉松的真实速度！有幸作为连续两次参加世界机器人马拉松现场报道的博主！ 真的想大喊一声，真的太快了！
想起来去年咱们第一年办的时候，外网网友说，怎么证明你们机器人不是真人假扮的？ 今年：很简单，那就超越人类极限咯！

"
batch2_anchor,69e45dbe000000001f00434f,https://www.xiaohongshu.com/explore/69e45dbe000000001f00434f?source=webshare&xhsshare=pc_web&xsec_token=ABNo_BFRrK-4aWK8jdQuDcf1SawCDJsMo9imYKkVZnW5s=&xsec_source=pc_share,unknown,"机器人跑马拉松超越人类？

",69e50619000000001401ac01,1,l1_per_post_mixed,2,0.0,7.0,33.0,15,人类为什么这么执着搞人形机器人,,,,,,4650.0,773.0,,632054030000000023025901,2026.04.20,山西,"带你现场感受机器人马拉松的真实速度！有幸作为连续两次参加世界机器人马拉松现场报道的博主！ 真的想大喊一声，真的太快了！
想起来去年咱们第一年办的时候，外网网友说，怎么证明你们机器人不是真人假扮的？ 今年：很简单，那就超越人类极限咯！

"
batch2_anchor,69e45dbe000000001f00434f,https://www.xiaohongshu.com/explore/69e45dbe000000001f00434f?source=webshare&xhsshare=pc_web&xsec_token=ABNo_BFRrK-4aWK8jdQuDcf1SawCDJsMo9imYKkVZnW5s=&xsec_source=pc_share,unknown,"机器人跑马拉松超越人类？

",69e5a7a00000000014019c0a,1,l1_per_post_mixed,3,6.0,2.0,0.0,28,宇树天工其实都比去年进步了很多，奈何荣耀这个陈咬金太牛逼,,,,,,4650.0,773.0,,623d271d000000002102300b,2026.04.20,北京,"带你现场感受机器人马拉松的真实速度！有幸作为连续两次参加世界机器人马拉松现场报道的博主！ 真的想大喊一声，真的太快了！
想起来去年咱们第一年办的时候，外网网友说，怎么证明你们机器人不是真人假扮的？ 今年：很简单，那就超越人类极限咯！

"
batch2_anchor,69e45dbe000000001f00434f,https://www.xiaohongshu.com/explore/69e45dbe000000001f00434f?source=webshare&xhsshare=pc_web&xsec_token=ABNo_BFRrK-4aWK8jdQuDcf1SawCDJsMo9imYKkVZnW5s=&xsec_source=pc_share,unknown,"机器人跑马拉松超越人类？

",69e5a73c000000001401e405,1,l1_per_post_mixed,4,,0.0,0.0,9,累的上电不接下电。,,,,,,4650.0,773.0,,609ce6ab000000000101d9fe,2026.04.20,河南,"带你现场感受机器人马拉松的真实速度！有幸作为连续两次参加世界机器人马拉松现场报道的博主！ 真的想大喊一声，真的太快了！
想起来去年咱们第一年办的时候，外网网友说，怎么证明你们机器人不是真人假扮的？ 今年：很简单，那就超越人类极限咯！

"
batch2_anchor,69e45dbe000000001f00434f,https://www.xiaohongshu.com/explore/69e45dbe000000001f00434f?source=webshare&xhsshare=pc_web&xsec_token=ABNo_BFRrK-4aWK8jdQuDcf1SawCDJsMo9imYKkVZnW5s=&xsec_source=pc_share,unknown,"机器人跑马拉松超越人类？

",69e5a43d0000000014019c16,1,l1_per_post_mixed,5,4.0,0.0,0.0,13,这个玩具不错。五百块我要了,,,,,,4650.0,773.0,,67873c51000000000803de92,2026.04.20,黑龙江,"带你现场感受机器人马拉松的真实速度！有幸作为连续两次参加世界机器人马拉松现场报道的博主！ 真的想大喊一声，真的太快了！
想起来去年咱们第一年办的时候，外网网友说，怎么证明你们机器人不是真人假扮的？ 今年：很简单，那就超越人类极限咯！

"
batch2_anchor,69e45dbe000000001f00434f,https://www.xiaohongshu.com/explore/69e45dbe000000001f00434f?source=webshare&xhsshare=pc_web&xsec_token=ABNo_BFRrK-4aWK8jdQuDcf1SawCDJsMo9imYKkVZnW5s=&xsec_source=pc_share,unknown,"机器人跑马拉松超越人类？

",69e6dac8000000001401a00a,1,l1_per_post_mixed,6,6.0,0.0,0.0,5,元气仔好帅,,,,,,4650.0,773.0,,5898816a6a6a690606ba7b75,2026.04.21,浙江,"带你现场感受机器人马拉松的真实速度！有幸作为连续两次参加世界机器人马拉松现场报道的博主！ 真的想大喊一声，真的太快了！
想起来去年咱们第一年办的时候，外网网友说，怎么证明你们机器人不是真人假扮的？ 今年：很简单，那就超越人类极限咯！

"
batch2_anchor,69e45dbe000000001f00434f,https://www.xiaohongshu.com/explore/69e45dbe000000001f00434f?source=webshare&xhsshare=pc_web&xsec_token=ABNo_BFRrK-4aWK8jdQuDcf1SawCDJsMo9imYKkVZnW5s=&xsec_source=pc_share,unknown,"机器人跑马拉松超越人类？

",69e58a69000000001401a409,1,l1_per_post_mixed,7,0.0,0.0,0.0,15,100年后，就是机器人看人类跑,,,,,,4650.0,773.0,,602caad0000000000101f508,2026.04.20,上海,"带你现场感受机器人马拉松的真实速度！有幸作为连续两次参加世界机器人马拉松现场报道的博主！ 真的想大喊一声，真的太快了！
想起来去年咱们第一年办的时候，外网网友说，怎么证明你们机器人不是真人假扮的？ 今年：很简单，那就超越人类极限咯！

"
batch2_anchor,69e45dbe000000001f00434f,https://www.xiaohongshu.com/explore/69e45dbe000000001f00434f?source=webshare&xhsshare=pc_web&xsec_token=ABNo_BFRrK-4aWK8jdQuDcf1SawCDJsMo9imYKkVZnW5s=&xsec_source=pc_share,unknown,"机器人跑马拉松超越人类？

",69e5bc91000000001401b01c,1,l1_per_post_mixed,8,4.0,0.0,0.0,13,立意就不对，这种意义何在呀,,,,,,4650.0,773.0,,59f802da11be100aab5ddc43,2026.04.20,黑龙江,"带你现场感受机器人马拉松的真实速度！有幸作为连续两次参加世界机器人马拉松现场报道的博主！ 真的想大喊一声，真的太快了！
想起来去年咱们第一年办的时候，外网网友说，怎么证明你们机器人不是真人假扮的？ 今年：很简单，那就超越人类极限咯！

"
batch2_anchor,69e45dbe000000001f00434f,https://www.xiaohongshu.com/explore/69e45dbe000000001f00434f?source=webshare&xhsshare=pc_web&xsec_token=ABNo_BFRrK-4aWK8jdQuDcf1SawCDJsMo9imYKkVZnW5s=&xsec_source=pc_share,unknown,"机器人跑马拉松超越人类？

",69e5b026000000001401b015,1,l1_per_post_mixed,9,3.0,0.0,0.0,56,那个，跑步的时候甩手是为了助力，那机器人用的是电，甩手这个设计是人类根据自己习惯设定还是甩手确实也能给机器助力？,,,,,,4650.0,773.0,,59677cf15e87e74a54895660,2026.04.20,江苏,"带你现场感受机器人马拉松的真实速度！有幸作为连续两次参加世界机器人马拉松现场报道的博主！ 真的想大喊一声，真的太快了！
想起来去年咱们第一年办的时候，外网网友说，怎么证明你们机器人不是真人假扮的？ 今年：很简单，那就超越人类极限咯！

"
batch2_anchor,69e45dbe000000001f00434f,https://www.xiaohongshu.com/explore/69e45dbe000000001f00434f?source=webshare&xhsshare=pc_web&xsec_token=ABNo_BFRrK-4aWK8jdQuDcf1SawCDJsMo9imYKkVZnW5s=&xsec_source=pc_share,unknown,"机器人跑马拉松超越人类？

",69e563ac0000000014019c07,1,l1_per_post_mixed,10,6.0,0.0,0.0,8,比起去年进步很大,,,,,,4650.0,773.0,,624ae0d5000000001000860e,2026.04.20,辽宁,"带你现场感受机器人马拉松的真实速度！有幸作为连续两次参加世界机器人马拉松现场报道的博主！ 真的想大喊一声，真的太快了！
想起来去年咱们第一年办的时候，外网网友说，怎么证明你们机器人不是真人假扮的？ 今年：很简单，那就超越人类极限咯！

"
batch2_anchor,69e45dbe000000001f00434f,https://www.xiaohongshu.com/explore/69e45dbe000000001f00434f?source=webshare&xhsshare=pc_web&xsec_token=ABNo_BFRrK-4aWK8jdQuDcf1SawCDJsMo9imYKkVZnW5s=&xsec_source=pc_share,unknown,"机器人跑马拉松超越人类？

",69e55c41000000001401d80c,1,l1_per_post_mixed,11,3.0,1.0,0.0,19,就是一个没有轮子的自动新能源人形汽车。,,,,,,4650.0,773.0,,6058afb3000000000100965d,2026.04.20,四川,"带你现场感受机器人马拉松的真实速度！有幸作为连续两次参加世界机器人马拉松现场报道的博主！ 真的想大喊一声，真的太快了！
想起来去年咱们第一年办的时候，外网网友说，怎么证明你们机器人不是真人假扮的？ 今年：很简单，那就超越人类极限咯！

"
batch2_anchor,69e45dbe000000001f00434f,https://www.xiaohongshu.com/explore/69e45dbe000000001f00434f?source=webshare&xhsshare=pc_web&xsec_token=ABNo_BFRrK-4aWK8jdQuDcf1SawCDJsMo9imYKkVZnW5s=&xsec_source=pc_share,unknown,"机器人跑马拉松超越人类？

",69e4e279000000001401a41b,1,l1_per_post_mixed,12,6.0,1442.0,47.0,13,元气仔姿势最标准[笑哭R],,,,,,4650.0,773.0,,5be7fb237f584800013c75d8,2026.04.19,广东,"带你现场感受机器人马拉松的真实速度！有幸作为连续两次参加世界机器人马拉松现场报道的博主！ 真的想大喊一声，真的太快了！
想起来去年咱们第一年办的时候，外网网友说，怎么证明你们机器人不是真人假扮的？ 今年：很简单，那就超越人类极限咯！

"
batch2_anchor,69e45dbe000000001f00434f,https://www.xiaohongshu.com/explore/69e45dbe000000001f00434f?source=webshare&xhsshare=pc_web&xsec_token=ABNo_BFRrK-4aWK8jdQuDcf1SawCDJsMo9imYKkVZnW5s=&xsec_source=pc_share,unknown,"机器人跑马拉松超越人类？

",69e5f0f90000000014019420,1,l1_per_post_mixed,13,6.0,251.0,6.0,37,去年都还在连滚带爬，今年已经从从容容了[彩虹R][彩虹R][赞R][赞R],,,,,,4650.0,773.0,,5bc57bc7f7e8b94c6f5cbe16,2026.04.20,四川,"带你现场感受机器人马拉松的真实速度！有幸作为连续两次参加世界机器人马拉松现场报道的博主！ 真的想大喊一声，真的太快了！
想起来去年咱们第一年办的时候，外网网友说，怎么证明你们机器人不是真人假扮的？ 今年：很简单，那就超越人类极限咯！

"
batch2_anchor,69e45dbe000000001f00434f,https://www.xiaohongshu.com/explore/69e45dbe000000001f00434f?source=webshare&xhsshare=pc_web&xsec_token=ABNo_BFRrK-4aWK8jdQuDcf1SawCDJsMo9imYKkVZnW5s=&xsec_source=pc_share,unknown,"机器人跑马拉松超越人类？

",69e64eea000000001401a400,1,l1_per_post_mixed,14,6.0,32.0,13.0,30,荣耀虽跑第一，但没宇树，天工帅[笑哭R][笑哭R][笑哭R],,,,,,4650.0,773.0,,65183de5000000002402fdd0,2026.04.21,云南,"带你现场感受机器人马拉松的真实速度！有幸作为连续两次参加世界机器人马拉松现场报道的博主！ 真的想大喊一声，真的太快了！
想起来去年咱们第一年办的时候，外网网友说，怎么证明你们机器人不是真人假扮的？ 今年：很简单，那就超越人类极限咯！

"
batch2_anchor,69e45dbe000000001f00434f,https://www.xiaohongshu.com/explore/69e45dbe000000001f00434f?source=webshare&xhsshare=pc_web&xsec_token=ABNo_BFRrK-4aWK8jdQuDcf1SawCDJsMo9imYKkVZnW5s=&xsec_source=pc_share,unknown,"机器人跑马拉松超越人类？

",69e4daa5000000001401c02c,1,l1_per_post_mixed,15,6.0,374.0,8.0,7,元气仔跑得最好,,,,,,4650.0,773.0,,60f6e9aa0000000001005874,2026.04.19,广东,"带你现场感受机器人马拉松的真实速度！有幸作为连续两次参加世界机器人马拉松现场报道的博主！ 真的想大喊一声，真的太快了！
想起来去年咱们第一年办的时候，外网网友说，怎么证明你们机器人不是真人假扮的？ 今年：很简单，那就超越人类极限咯！

"
batch2_anchor,69e45dbe000000001f00434f,https://www.xiaohongshu.com/explore/69e45dbe000000001f00434f?source=webshare&xhsshare=pc_web&xsec_token=ABNo_BFRrK-4aWK8jdQuDcf1SawCDJsMo9imYKkVZnW5s=&xsec_source=pc_share,unknown,"机器人跑马拉松超越人类？

",69e54ebe000000001401e005,1,l1_per_post_mixed,16,,0.0,0.0,12,transformers,,,,,,4650.0,773.0,,61cba6be00000000210261c0,2026.04.20,北京,"带你现场感受机器人马拉松的真实速度！有幸作为连续两次参加世界机器人马拉松现场报道的博主！ 真的想大喊一声，真的太快了！
想起来去年咱们第一年办的时候，外网网友说，怎么证明你们机器人不是真人假扮的？ 今年：很简单，那就超越人类极限咯！

"
batch2_anchor,69e45dbe000000001f00434f,https://www.xiaohongshu.com/explore/69e45dbe000000001f00434f?source=webshare&xhsshare=pc_web&xsec_token=ABNo_BFRrK-4aWK8jdQuDcf1SawCDJsMo9imYKkVZnW5s=&xsec_source=pc_share,unknown,"机器人跑马拉松超越人类？

",69e643d1000000001401bc27,1,l1_per_post_mixed,17,0.0,9.0,12.0,32,让这些机器人拿着一把真理向敌人阵地冲去，就问对面怕不怕？[哇R],,,,,,4650.0,773.0,,6414cec70000000012011df7,2026.04.20,重庆,"带你现场感受机器人马拉松的真实速度！有幸作为连续两次参加世界机器人马拉松现场报道的博主！ 真的想大喊一声，真的太快了！
想起来去年咱们第一年办的时候，外网网友说，怎么证明你们机器人不是真人假扮的？ 今年：很简单，那就超越人类极限咯！

"
batch2_anchor,69e45dbe000000001f00434f,https://www.xiaohongshu.com/explore/69e45dbe000000001f00434f?source=webshare&xhsshare=pc_web&xsec_token=ABNo_BFRrK-4aWK8jdQuDcf1SawCDJsMo9imYKkVZnW5s=&xsec_source=pc_share,unknown,"机器人跑马拉松超越人类？

",69e66711000000001401bc0e,1,l1_per_post_mixed,18,6.0,28.0,5.0,14,荣耀？是那个做手机的荣耀吗？,,,,,,4650.0,773.0,,673aeabc000000001d02e6eb,2026.04.21,北京,"带你现场感受机器人马拉松的真实速度！有幸作为连续两次参加世界机器人马拉松现场报道的博主！ 真的想大喊一声，真的太快了！
想起来去年咱们第一年办的时候，外网网友说，怎么证明你们机器人不是真人假扮的？ 今年：很简单，那就超越人类极限咯！

"
batch2_anchor,69e45dbe000000001f00434f,https://www.xiaohongshu.com/explore/69e45dbe000000001f00434f?source=webshare&xhsshare=pc_web&xsec_token=ABNo_BFRrK-4aWK8jdQuDcf1SawCDJsMo9imYKkVZnW5s=&xsec_source=pc_share,unknown,"机器人跑马拉松超越人类？

",69e5de78000000001401e014,1,l1_per_post_mixed,19,6.0,13.0,1.0,12,荣耀第一年参赛就拿了冠军,,,,,,4650.0,773.0,,62cbb12c0000000002003f55,2026.04.20,内蒙古,"带你现场感受机器人马拉松的真实速度！有幸作为连续两次参加世界机器人马拉松现场报道的博主！ 真的想大喊一声，真的太快了！
想起来去年咱们第一年办的时候，外网网友说，怎么证明你们机器人不是真人假扮的？ 今年：很简单，那就超越人类极限咯！

"
batch2_anchor,69e45dbe000000001f00434f,https://www.xiaohongshu.com/explore/69e45dbe000000001f00434f?source=webshare&xhsshare=pc_web&xsec_token=ABNo_BFRrK-4aWK8jdQuDcf1SawCDJsMo9imYKkVZnW5s=&xsec_source=pc_share,unknown,"机器人跑马拉松超越人类？

",69e592270000000014018c1b,1,l1_per_post_mixed,20,6.0,20.0,4.0,7,荣耀是最像人的,,,,,,4650.0,773.0,,5f98dc050000000001006799,2026.04.20,辽宁,"带你现场感受机器人马拉松的真实速度！有幸作为连续两次参加世界机器人马拉松现场报道的博主！ 真的想大喊一声，真的太快了！
想起来去年咱们第一年办的时候，外网网友说，怎么证明你们机器人不是真人假扮的？ 今年：很简单，那就超越人类极限咯！

"
batch2_anchor,69e45dbe000000001f00434f,https://www.xiaohongshu.com/explore/69e45dbe000000001f00434f?source=webshare&xhsshare=pc_web&xsec_token=ABNo_BFRrK-4aWK8jdQuDcf1SawCDJsMo9imYKkVZnW5s=&xsec_source=pc_share,unknown,"机器人跑马拉松超越人类？

",69e52e70000000001401cc01,1,l1_per_post_mixed,21,6.0,0.0,0.0,12,元气仔像人扮的[偷笑R],,,,,,4650.0,773.0,,5b556dd1f7e8b94b2e376395,2026.04.20,广西,"带你现场感受机器人马拉松的真实速度！有幸作为连续两次参加世界机器人马拉松现场报道的博主！ 真的想大喊一声，真的太快了！
想起来去年咱们第一年办的时候，外网网友说，怎么证明你们机器人不是真人假扮的？ 今年：很简单，那就超越人类极限咯！

"
batch2_anchor,69e45dbe000000001f00434f,https://www.xiaohongshu.com/explore/69e45dbe000000001f00434f?source=webshare&xhsshare=pc_web&xsec_token=ABNo_BFRrK-4aWK8jdQuDcf1SawCDJsMo9imYKkVZnW5s=&xsec_source=pc_share,unknown,"机器人跑马拉松超越人类？

",69e4ac4c0000000014019407,1,l1_per_post_mixed,22,6.0,48.0,10.0,29,不敢想象明年会怎么样，估计要挤撞对手才能分胜负了[偷笑R],,,,,,4650.0,773.0,,62068598000000002102205f,2026.04.19,浙江,"带你现场感受机器人马拉松的真实速度！有幸作为连续两次参加世界机器人马拉松现场报道的博主！ 真的想大喊一声，真的太快了！
想起来去年咱们第一年办的时候，外网网友说，怎么证明你们机器人不是真人假扮的？ 今年：很简单，那就超越人类极限咯！

"
batch2_anchor,69e45dbe000000001f00434f,https://www.xiaohongshu.com/explore/69e45dbe000000001f00434f?source=webshare&xhsshare=pc_web&xsec_token=ABNo_BFRrK-4aWK8jdQuDcf1SawCDJsMo9imYKkVZnW5s=&xsec_source=pc_share,unknown,"机器人跑马拉松超越人类？

",69e719b70000000014019429,1,l1_per_post_mixed,23,2.0,11.0,2.0,7,第一个感觉好快,,,,,,4650.0,773.0,,57b11d0aa9b2ed1ab459f532,2026.04.21,江苏,"带你现场感受机器人马拉松的真实速度！有幸作为连续两次参加世界机器人马拉松现场报道的博主！ 真的想大喊一声，真的太快了！
想起来去年咱们第一年办的时候，外网网友说，怎么证明你们机器人不是真人假扮的？ 今年：很简单，那就超越人类极限咯！

"
batch2_anchor,69e45dbe000000001f00434f,https://www.xiaohongshu.com/explore/69e45dbe000000001f00434f?source=webshare&xhsshare=pc_web&xsec_token=ABNo_BFRrK-4aWK8jdQuDcf1SawCDJsMo9imYKkVZnW5s=&xsec_source=pc_share,unknown,"机器人跑马拉松超越人类？

",69e4ea050000000014019000,1,l1_per_post_mixed,24,0.0,37.0,2.0,59,好多机器人设计都是大胯骨关节，宽腿距。元气仔与种不同是小胯骨关节，窄腿距，外形类人，跑姿类人，这种设计竟然跑的也不慢。,,,,,,4650.0,773.0,,681c2158000000000e01e451,2026.04.19,天津,"带你现场感受机器人马拉松的真实速度！有幸作为连续两次参加世界机器人马拉松现场报道的博主！ 真的想大喊一声，真的太快了！
想起来去年咱们第一年办的时候，外网网友说，怎么证明你们机器人不是真人假扮的？ 今年：很简单，那就超越人类极限咯！

"
batch2_anchor,69e45dbe000000001f00434f,https://www.xiaohongshu.com/explore/69e45dbe000000001f00434f?source=webshare&xhsshare=pc_web&xsec_token=ABNo_BFRrK-4aWK8jdQuDcf1SawCDJsMo9imYKkVZnW5s=&xsec_source=pc_share,unknown,"机器人跑马拉松超越人类？

",69e50b820000000014019002,1,l1_per_post_mixed,25,4.0,8.0,2.0,48,看得我一身鸡皮疙瘩。两年时间。我们国家的具身智能发展又往前迈了一大步，不敢想象2030年会怎么样,,,,,,4650.0,773.0,,64803557000000001f005fb6,2026.04.20,贵州,"带你现场感受机器人马拉松的真实速度！有幸作为连续两次参加世界机器人马拉松现场报道的博主！ 真的想大喊一声，真的太快了！
想起来去年咱们第一年办的时候，外网网友说，怎么证明你们机器人不是真人假扮的？ 今年：很简单，那就超越人类极限咯！

"
batch2_anchor,69e45dbe000000001f00434f,https://www.xiaohongshu.com/explore/69e45dbe000000001f00434f?source=webshare&xhsshare=pc_web&xsec_token=ABNo_BFRrK-4aWK8jdQuDcf1SawCDJsMo9imYKkVZnW5s=&xsec_source=pc_share,unknown,"机器人跑马拉松超越人类？

",69e4e1a8000000001401dc1a,1,l1_per_post_mixed,26,2.0,1.0,2.0,17,全马可不可以突破两个小时，创造历史,,,,,,4650.0,773.0,,5fbf629f0000000001003b36,2026.04.19,安徽,"带你现场感受机器人马拉松的真实速度！有幸作为连续两次参加世界机器人马拉松现场报道的博主！ 真的想大喊一声，真的太快了！
想起来去年咱们第一年办的时候，外网网友说，怎么证明你们机器人不是真人假扮的？ 今年：很简单，那就超越人类极限咯！

"
batch2_anchor,69e45dbe000000001f00434f,https://www.xiaohongshu.com/explore/69e45dbe000000001f00434f?source=webshare&xhsshare=pc_web&xsec_token=ABNo_BFRrK-4aWK8jdQuDcf1SawCDJsMo9imYKkVZnW5s=&xsec_source=pc_share,unknown,"机器人跑马拉松超越人类？

",69e4dda5000000001401b843,1,l1_per_post_mixed,27,2.0,9.0,3.0,22,旁边一遛人类观众跟着🏃 莫名喜感[doge],,,,,,4650.0,773.0,,5c840004000000001103420b,2026.04.19,广东,"带你现场感受机器人马拉松的真实速度！有幸作为连续两次参加世界机器人马拉松现场报道的博主！ 真的想大喊一声，真的太快了！
想起来去年咱们第一年办的时候，外网网友说，怎么证明你们机器人不是真人假扮的？ 今年：很简单，那就超越人类极限咯！

"
batch2_anchor,69e45dbe000000001f00434f,https://www.xiaohongshu.com/explore/69e45dbe000000001f00434f?source=webshare&xhsshare=pc_web&xsec_token=ABNo_BFRrK-4aWK8jdQuDcf1SawCDJsMo9imYKkVZnW5s=&xsec_source=pc_share,unknown,"机器人跑马拉松超越人类？

",69e47ed90000000014019004,1,l1_per_post_mixed,28,6.0,52.0,1.0,9,元气仔跑姿最接近人,,,,,,4650.0,773.0,,62ba9383000000001902bc52,2026.04.19,北京,"带你现场感受机器人马拉松的真实速度！有幸作为连续两次参加世界机器人马拉松现场报道的博主！ 真的想大喊一声，真的太快了！
想起来去年咱们第一年办的时候，外网网友说，怎么证明你们机器人不是真人假扮的？ 今年：很简单，那就超越人类极限咯！

"
batch2_anchor,69e45dbe000000001f00434f,https://www.xiaohongshu.com/explore/69e45dbe000000001f00434f?source=webshare&xhsshare=pc_web&xsec_token=ABNo_BFRrK-4aWK8jdQuDcf1SawCDJsMo9imYKkVZnW5s=&xsec_source=pc_share,unknown,"机器人跑马拉松超越人类？

",69e4ebba000000001401dc10,1,l1_per_post_mixed,29,6.0,0.0,0.0,9,元气仔跑步姿势帅。,,,,,,4650.0,773.0,,67d434fc000000000d00874a,2026.04.19,新疆,"带你现场感受机器人马拉松的真实速度！有幸作为连续两次参加世界机器人马拉松现场报道的博主！ 真的想大喊一声，真的太快了！
想起来去年咱们第一年办的时候，外网网友说，怎么证明你们机器人不是真人假扮的？ 今年：很简单，那就超越人类极限咯！

"
batch2_anchor,69e45dbe000000001f00434f,https://www.xiaohongshu.com/explore/69e45dbe000000001f00434f?source=webshare&xhsshare=pc_web&xsec_token=ABNo_BFRrK-4aWK8jdQuDcf1SawCDJsMo9imYKkVZnW5s=&xsec_source=pc_share,unknown,"机器人跑马拉松超越人类？

",69e5c32b000000001401e001,1,l1_per_post_mixed,30,2.0,1.0,0.0,8,天工那个摆臂笑死,,,,,,4650.0,773.0,,602d97fd0000000001000597,2026.04.20,北京,"带你现场感受机器人马拉松的真实速度！有幸作为连续两次参加世界机器人马拉松现场报道的博主！ 真的想大喊一声，真的太快了！
想起来去年咱们第一年办的时候，外网网友说，怎么证明你们机器人不是真人假扮的？ 今年：很简单，那就超越人类极限咯！

"
batch2_anchor,69e447d2000000001d01aa01,https://www.xiaohongshu.com/explore/69e447d2000000001d01aa01?source=webshare&xhsshare=pc_web&xsec_token=ABNo_BFRrK-4aWK8jdQuDcfwOz4p_ANO3EiAqL0ZaOfK4=&xsec_source=pc_share,unknown,"当算法有了腿，程序员万万没想到……

",69e4624f000000001401e00b,1,l1_per_post_mixed,1,3.0,0.0,0.0,11,骑个车不行吗[偷笑R],,,,,,,2912.0,,61eea8000000000010006557,2026.04.19,广西,"你刷到这个画面了吗？这是北京人形机器人半程马拉松的赛道上的场景，程序员抱着笔记本电脑，气喘吁吁地跟在机器人身后一路狂奔。网友调侃：“机器人拿了第一，电脑拿了第二，程序员拿了第三。”

"
batch2_anchor,69e447d2000000001d01aa01,https://www.xiaohongshu.com/explore/69e447d2000000001d01aa01?source=webshare&xhsshare=pc_web&xsec_token=ABNo_BFRrK-4aWK8jdQuDcfwOz4p_ANO3EiAqL0ZaOfK4=&xsec_source=pc_share,unknown,"当算法有了腿，程序员万万没想到……

",69e46144000000001401e00d,1,l1_per_post_mixed,2,4.0,32.0,10.0,32,以后不只要有手机挂绳，还得有笔记本挂绳，就是比较费脖子[捂脸R],,,,,,,2912.0,,64e0bda6000000000100c2ae,2026.04.19,福建,"你刷到这个画面了吗？这是北京人形机器人半程马拉松的赛道上的场景，程序员抱着笔记本电脑，气喘吁吁地跟在机器人身后一路狂奔。网友调侃：“机器人拿了第一，电脑拿了第二，程序员拿了第三。”

"
batch2_anchor,69e447d2000000001d01aa01,https://www.xiaohongshu.com/explore/69e447d2000000001d01aa01?source=webshare&xhsshare=pc_web&xsec_token=ABNo_BFRrK-4aWK8jdQuDcfwOz4p_ANO3EiAqL0ZaOfK4=&xsec_source=pc_share,unknown,"当算法有了腿，程序员万万没想到……

",69e46119000000001401ac10,1,l1_per_post_mixed,3,3.0,0.0,0.0,20,完了，以后程序员不仅要拼脑子，还得拼体力,,,,,,,2912.0,,61a5f0f5000000001000d3e3,2026.04.19,辽宁,"你刷到这个画面了吗？这是北京人形机器人半程马拉松的赛道上的场景，程序员抱着笔记本电脑，气喘吁吁地跟在机器人身后一路狂奔。网友调侃：“机器人拿了第一，电脑拿了第二，程序员拿了第三。”

"
batch2_anchor,69e447d2000000001d01aa01,https://www.xiaohongshu.com/explore/69e447d2000000001d01aa01?source=webshare&xhsshare=pc_web&xsec_token=ABNo_BFRrK-4aWK8jdQuDcfwOz4p_ANO3EiAqL0ZaOfK4=&xsec_source=pc_share,unknown,"当算法有了腿，程序员万万没想到……

",69e4728f000000001401ac1e,1,l1_per_post_mixed,4,3.0,57.0,9.0,18,肯定不是程序员，程序员头发没这么飘逸,,,,,,,2912.0,,5ab3765ee8ac2b04099bb6d1,2026.04.19,河北,"你刷到这个画面了吗？这是北京人形机器人半程马拉松的赛道上的场景，程序员抱着笔记本电脑，气喘吁吁地跟在机器人身后一路狂奔。网友调侃：“机器人拿了第一，电脑拿了第二，程序员拿了第三。”

"
batch2_anchor,69e447d2000000001d01aa01,https://www.xiaohongshu.com/explore/69e447d2000000001d01aa01?source=webshare&xhsshare=pc_web&xsec_token=ABNo_BFRrK-4aWK8jdQuDcfwOz4p_ANO3EiAqL0ZaOfK4=&xsec_source=pc_share,unknown,"当算法有了腿，程序员万万没想到……

",69e4715e0000000014019420,1,l1_per_post_mixed,5,3.0,20.0,2.0,28,火化那天，突然在他耳边说他写的代码出bug了，他能活过来,,,,,,,2912.0,,60842fbc00000000010073bb,2026.04.19,辽宁,"你刷到这个画面了吗？这是北京人形机器人半程马拉松的赛道上的场景，程序员抱着笔记本电脑，气喘吁吁地跟在机器人身后一路狂奔。网友调侃：“机器人拿了第一，电脑拿了第二，程序员拿了第三。”

"
batch2_anchor,69e447d2000000001d01aa01,https://www.xiaohongshu.com/explore/69e447d2000000001d01aa01?source=webshare&xhsshare=pc_web&xsec_token=ABNo_BFRrK-4aWK8jdQuDcfwOz4p_ANO3EiAqL0ZaOfK4=&xsec_source=pc_share,unknown,"当算法有了腿，程序员万万没想到……

",69e4a06b000000001401cc43,1,l1_per_post_mixed,6,4.0,2.0,0.0,25,让机器人送外卖  能实现从锅边儿到桌边儿的最短时间,,,,,,,2912.0,,5fb7634d00000000010014f7,2026.04.19,北京,"你刷到这个画面了吗？这是北京人形机器人半程马拉松的赛道上的场景，程序员抱着笔记本电脑，气喘吁吁地跟在机器人身后一路狂奔。网友调侃：“机器人拿了第一，电脑拿了第二，程序员拿了第三。”

"
batch2_anchor,69e447d2000000001d01aa01,https://www.xiaohongshu.com/explore/69e447d2000000001d01aa01?source=webshare&xhsshare=pc_web&xsec_token=ABNo_BFRrK-4aWK8jdQuDcfwOz4p_ANO3EiAqL0ZaOfK4=&xsec_source=pc_share,unknown,"当算法有了腿，程序员万万没想到……

",69e49f49000000001401c40b,1,l1_per_post_mixed,7,2.0,3.0,0.0,10,最后累得半死的是谁？,,,,,,,2912.0,,63f57b5e000000001401152d,2026.04.19,陕西,"你刷到这个画面了吗？这是北京人形机器人半程马拉松的赛道上的场景，程序员抱着笔记本电脑，气喘吁吁地跟在机器人身后一路狂奔。网友调侃：“机器人拿了第一，电脑拿了第二，程序员拿了第三。”

"
batch2_anchor,69e447d2000000001d01aa01,https://www.xiaohongshu.com/explore/69e447d2000000001d01aa01?source=webshare&xhsshare=pc_web&xsec_token=ABNo_BFRrK-4aWK8jdQuDcfwOz4p_ANO3EiAqL0ZaOfK4=&xsec_source=pc_share,unknown,"当算法有了腿，程序员万万没想到……

",69e45eee000000001401a41e,1,l1_per_post_mixed,8,,0.0,1.0,13,@1ueen:( 笑死我了,,,,,,,2912.0,,6483e940000000001001e913,2026.04.19,北京,"你刷到这个画面了吗？这是北京人形机器人半程马拉松的赛道上的场景，程序员抱着笔记本电脑，气喘吁吁地跟在机器人身后一路狂奔。网友调侃：“机器人拿了第一，电脑拿了第二，程序员拿了第三。”

"
batch2_anchor,69e447d2000000001d01aa01,https://www.xiaohongshu.com/explore/69e447d2000000001d01aa01?source=webshare&xhsshare=pc_web&xsec_token=ABNo_BFRrK-4aWK8jdQuDcfwOz4p_ANO3EiAqL0ZaOfK4=&xsec_source=pc_share,unknown,"当算法有了腿，程序员万万没想到……

",69e46f70000000001401d831,1,l1_per_post_mixed,9,3.0,0.0,0.0,39,抱着笔记本有点不太方便，应该拿个遥控器，就像我儿子那个遥控车似的，这机器人真牛,,,,,,,2912.0,,64d181d1000000000b005700,2026.04.19,北京,"你刷到这个画面了吗？这是北京人形机器人半程马拉松的赛道上的场景，程序员抱着笔记本电脑，气喘吁吁地跟在机器人身后一路狂奔。网友调侃：“机器人拿了第一，电脑拿了第二，程序员拿了第三。”

"
batch2_anchor,69e447d2000000001d01aa01,https://www.xiaohongshu.com/explore/69e447d2000000001d01aa01?source=webshare&xhsshare=pc_web&xsec_token=ABNo_BFRrK-4aWK8jdQuDcfwOz4p_ANO3EiAqL0ZaOfK4=&xsec_source=pc_share,unknown,"当算法有了腿，程序员万万没想到……

",69e46f4d0000000014018827,1,l1_per_post_mixed,10,2.0,35.0,21.0,13,这要是摔了把电脑砸了怎么办,,,,,,,2912.0,,559ba2c662a60c229d042158,2026.04.19,湖北,"你刷到这个画面了吗？这是北京人形机器人半程马拉松的赛道上的场景，程序员抱着笔记本电脑，气喘吁吁地跟在机器人身后一路狂奔。网友调侃：“机器人拿了第一，电脑拿了第二，程序员拿了第三。”

"
batch2_anchor,69e447d2000000001d01aa01,https://www.xiaohongshu.com/explore/69e447d2000000001d01aa01?source=webshare&xhsshare=pc_web&xsec_token=ABNo_BFRrK-4aWK8jdQuDcfwOz4p_ANO3EiAqL0ZaOfK4=&xsec_source=pc_share,unknown,"当算法有了腿，程序员万万没想到……

",69e49e3f000000001401e021,1,l1_per_post_mixed,11,3.0,50.0,2.0,13,程序员感觉一直很命苦的样子,,,,,,,2912.0,,5b84f474a5ec3a00013ae177,2026.04.19,上海,"你刷到这个画面了吗？这是北京人形机器人半程马拉松的赛道上的场景，程序员抱着笔记本电脑，气喘吁吁地跟在机器人身后一路狂奔。网友调侃：“机器人拿了第一，电脑拿了第二，程序员拿了第三。”

"
batch2_anchor,69e447d2000000001d01aa01,https://www.xiaohongshu.com/explore/69e447d2000000001d01aa01?source=webshare&xhsshare=pc_web&xsec_token=ABNo_BFRrK-4aWK8jdQuDcfwOz4p_ANO3EiAqL0ZaOfK4=&xsec_source=pc_share,unknown,"当算法有了腿，程序员万万没想到……

",69e48cd3000000001401cc26,1,l1_per_post_mixed,12,2.0,8.0,3.0,12,这和追着一辆车跑没啥区别,,,,,,,2912.0,,64e2d413000000000100fa58,2026.04.19,四川,"你刷到这个画面了吗？这是北京人形机器人半程马拉松的赛道上的场景，程序员抱着笔记本电脑，气喘吁吁地跟在机器人身后一路狂奔。网友调侃：“机器人拿了第一，电脑拿了第二，程序员拿了第三。”

"
batch2_anchor,69e447d2000000001d01aa01,https://www.xiaohongshu.com/explore/69e447d2000000001d01aa01?source=webshare&xhsshare=pc_web&xsec_token=ABNo_BFRrK-4aWK8jdQuDcfwOz4p_ANO3EiAqL0ZaOfK4=&xsec_source=pc_share,unknown,"当算法有了腿，程序员万万没想到……

",69e45c21000000001401e00b,1,l1_per_post_mixed,13,2.0,94.0,5.0,10,以后录用：体力怎么样,,,,,,,2912.0,,5ecfc52b000000000100041b,2026.04.19,北京,"你刷到这个画面了吗？这是北京人形机器人半程马拉松的赛道上的场景，程序员抱着笔记本电脑，气喘吁吁地跟在机器人身后一路狂奔。网友调侃：“机器人拿了第一，电脑拿了第二，程序员拿了第三。”

"
batch2_anchor,69e447d2000000001d01aa01,https://www.xiaohongshu.com/explore/69e447d2000000001d01aa01?source=webshare&xhsshare=pc_web&xsec_token=ABNo_BFRrK-4aWK8jdQuDcfwOz4p_ANO3EiAqL0ZaOfK4=&xsec_source=pc_share,unknown,"当算法有了腿，程序员万万没想到……

",69e49549000000001401902c,1,l1_per_post_mixed,14,,2908.0,56.0,9,谁写的bug谁去追,,,,,,,2912.0,,6378ef7a000000001f014916,2026.04.19,陕西,"你刷到这个画面了吗？这是北京人形机器人半程马拉松的赛道上的场景，程序员抱着笔记本电脑，气喘吁吁地跟在机器人身后一路狂奔。网友调侃：“机器人拿了第一，电脑拿了第二，程序员拿了第三。”

"
batch2_anchor,69e447d2000000001d01aa01,https://www.xiaohongshu.com/explore/69e447d2000000001d01aa01?source=webshare&xhsshare=pc_web&xsec_token=ABNo_BFRrK-4aWK8jdQuDcfwOz4p_ANO3EiAqL0ZaOfK4=&xsec_source=pc_share,unknown,"当算法有了腿，程序员万万没想到……

",69e45bfd0000000014019030,1,l1_per_post_mixed,15,3.0,40.0,4.0,18,没人说当程序猿要跑马拉松啊[石化R],,,,,,,2912.0,,54e5a9962e1d935fdf851715,2026.04.19,广东,"你刷到这个画面了吗？这是北京人形机器人半程马拉松的赛道上的场景，程序员抱着笔记本电脑，气喘吁吁地跟在机器人身后一路狂奔。网友调侃：“机器人拿了第一，电脑拿了第二，程序员拿了第三。”

"
batch2_anchor,69e447d2000000001d01aa01,https://www.xiaohongshu.com/explore/69e447d2000000001d01aa01?source=webshare&xhsshare=pc_web&xsec_token=ABNo_BFRrK-4aWK8jdQuDcfwOz4p_ANO3EiAqL0ZaOfK4=&xsec_source=pc_share,unknown,"当算法有了腿，程序员万万没想到……

",69e45575000000001401e004,1,l1_per_post_mixed,16,3.0,1864.0,134.0,16,咱就不能骑个车跟着吗？[笑哭R],,,,,,,2912.0,,5894379c50c4b43970f65248,2026.04.19,北京,"你刷到这个画面了吗？这是北京人形机器人半程马拉松的赛道上的场景，程序员抱着笔记本电脑，气喘吁吁地跟在机器人身后一路狂奔。网友调侃：“机器人拿了第一，电脑拿了第二，程序员拿了第三。”

"
batch2_anchor,69e447d2000000001d01aa01,https://www.xiaohongshu.com/explore/69e447d2000000001d01aa01?source=webshare&xhsshare=pc_web&xsec_token=ABNo_BFRrK-4aWK8jdQuDcfwOz4p_ANO3EiAqL0ZaOfK4=&xsec_source=pc_share,unknown,"当算法有了腿，程序员万万没想到……

",69e48c45000000001401e034,1,l1_per_post_mixed,17,3.0,2025.0,41.0,18,怪不得程序员不要35以上的[捂脸R],,,,,,,2912.0,,6803b2b6000000000e01dbf2,2026.04.19,上海,"你刷到这个画面了吗？这是北京人形机器人半程马拉松的赛道上的场景，程序员抱着笔记本电脑，气喘吁吁地跟在机器人身后一路狂奔。网友调侃：“机器人拿了第一，电脑拿了第二，程序员拿了第三。”

"
batch2_anchor,69e447d2000000001d01aa01,https://www.xiaohongshu.com/explore/69e447d2000000001d01aa01?source=webshare&xhsshare=pc_web&xsec_token=ABNo_BFRrK-4aWK8jdQuDcfwOz4p_ANO3EiAqL0ZaOfK4=&xsec_source=pc_share,unknown,"当算法有了腿，程序员万万没想到……

",69e44e85000000001401a404,1,l1_per_post_mixed,18,3.0,1848.0,53.0,11,三公里就得换一个程序员,,,,,,,2912.0,,626c1e4b00000000210298d0,2026.04.19,陕西,"你刷到这个画面了吗？这是北京人形机器人半程马拉松的赛道上的场景，程序员抱着笔记本电脑，气喘吁吁地跟在机器人身后一路狂奔。网友调侃：“机器人拿了第一，电脑拿了第二，程序员拿了第三。”

"
batch2_anchor,69e447d2000000001d01aa01,https://www.xiaohongshu.com/explore/69e447d2000000001d01aa01?source=webshare&xhsshare=pc_web&xsec_token=ABNo_BFRrK-4aWK8jdQuDcfwOz4p_ANO3EiAqL0ZaOfK4=&xsec_source=pc_share,unknown,"当算法有了腿，程序员万万没想到……

",69e49ed0000000001401cc3e,1,l1_per_post_mixed,19,3.0,328.0,15.0,31,咱就不能给程序员配个八嘎车，一个开车追，一个改bug[笑哭R],,,,,,,2912.0,,5eb9f4a60000000001005b8a,2026.04.19,浙江,"你刷到这个画面了吗？这是北京人形机器人半程马拉松的赛道上的场景，程序员抱着笔记本电脑，气喘吁吁地跟在机器人身后一路狂奔。网友调侃：“机器人拿了第一，电脑拿了第二，程序员拿了第三。”

"
batch2_anchor,69e447d2000000001d01aa01,https://www.xiaohongshu.com/explore/69e447d2000000001d01aa01?source=webshare&xhsshare=pc_web&xsec_token=ABNo_BFRrK-4aWK8jdQuDcfwOz4p_ANO3EiAqL0ZaOfK4=&xsec_source=pc_share,unknown,"当算法有了腿，程序员万万没想到……

",69e4636b0000000014018824,1,l1_per_post_mixed,20,0.0,99.0,80.0,17,机器人跑马拉松是何用处呢（纯好奇）,,,,,,,2912.0,,69a851b10000000032029371,2026.04.19,广东,"你刷到这个画面了吗？这是北京人形机器人半程马拉松的赛道上的场景，程序员抱着笔记本电脑，气喘吁吁地跟在机器人身后一路狂奔。网友调侃：“机器人拿了第一，电脑拿了第二，程序员拿了第三。”

"
batch2_anchor,69e447d2000000001d01aa01,https://www.xiaohongshu.com/explore/69e447d2000000001d01aa01?source=webshare&xhsshare=pc_web&xsec_token=ABNo_BFRrK-4aWK8jdQuDcfwOz4p_ANO3EiAqL0ZaOfK4=&xsec_source=pc_share,unknown,"当算法有了腿，程序员万万没想到……

",69e46d4b000000001401b813,1,l1_per_post_mixed,21,3.0,0.0,0.0,21,哈哈当年四驱兄弟就是这么搞得不过人家是声控,,,,,,,2912.0,,5e323b5d0000000001007a2c,2026.04.19,山西,"你刷到这个画面了吗？这是北京人形机器人半程马拉松的赛道上的场景，程序员抱着笔记本电脑，气喘吁吁地跟在机器人身后一路狂奔。网友调侃：“机器人拿了第一，电脑拿了第二，程序员拿了第三。”

"
batch2_anchor,69e447d2000000001d01aa01,https://www.xiaohongshu.com/explore/69e447d2000000001d01aa01?source=webshare&xhsshare=pc_web&xsec_token=ABNo_BFRrK-4aWK8jdQuDcfwOz4p_ANO3EiAqL0ZaOfK4=&xsec_source=pc_share,unknown,"当算法有了腿，程序员万万没想到……

",69e4b6d1000000001401c426,1,l1_per_post_mixed,22,3.0,36.0,2.0,14,好消息，代码能跑了[捂脸R],,,,,,,2912.0,,5b13a8886b58b778cffd825f,2026.04.19,北京,"你刷到这个画面了吗？这是北京人形机器人半程马拉松的赛道上的场景，程序员抱着笔记本电脑，气喘吁吁地跟在机器人身后一路狂奔。网友调侃：“机器人拿了第一，电脑拿了第二，程序员拿了第三。”

"
batch2_anchor,69e447d2000000001d01aa01,https://www.xiaohongshu.com/explore/69e447d2000000001d01aa01?source=webshare&xhsshare=pc_web&xsec_token=ABNo_BFRrK-4aWK8jdQuDcfwOz4p_ANO3EiAqL0ZaOfK4=&xsec_source=pc_share,unknown,"当算法有了腿，程序员万万没想到……

",69e4b5c2000000001401c039,1,l1_per_post_mixed,23,3.0,0.0,0.0,15,给程序员一台小电驴吧[捂脸R],,,,,,,2912.0,,5cb897510000000016035c88,2026.04.19,广西,"你刷到这个画面了吗？这是北京人形机器人半程马拉松的赛道上的场景，程序员抱着笔记本电脑，气喘吁吁地跟在机器人身后一路狂奔。网友调侃：“机器人拿了第一，电脑拿了第二，程序员拿了第三。”

"
batch2_anchor,69e447d2000000001d01aa01,https://www.xiaohongshu.com/explore/69e447d2000000001d01aa01?source=webshare&xhsshare=pc_web&xsec_token=ABNo_BFRrK-4aWK8jdQuDcfwOz4p_ANO3EiAqL0ZaOfK4=&xsec_source=pc_share,unknown,"当算法有了腿，程序员万万没想到……

",69e48abf000000001401cc02,1,l1_per_post_mixed,24,3.0,0.0,0.0,12,体力不好还当不了程序员了,,,,,,,2912.0,,556c60c4e4b1cf7d631d2ec6,2026.04.19,广东,"你刷到这个画面了吗？这是北京人形机器人半程马拉松的赛道上的场景，程序员抱着笔记本电脑，气喘吁吁地跟在机器人身后一路狂奔。网友调侃：“机器人拿了第一，电脑拿了第二，程序员拿了第三。”

"
batch2_anchor,69e447d2000000001d01aa01,https://www.xiaohongshu.com/explore/69e447d2000000001d01aa01?source=webshare&xhsshare=pc_web&xsec_token=ABNo_BFRrK-4aWK8jdQuDcfwOz4p_ANO3EiAqL0ZaOfK4=&xsec_source=pc_share,unknown,"当算法有了腿，程序员万万没想到……

",69e4b2dd0000000014018825,1,l1_per_post_mixed,25,3.0,0.0,0.0,8,为什么不配个小车,,,,,,,2912.0,,5f9bca0200000000010057d3,2026.04.19,河北,"你刷到这个画面了吗？这是北京人形机器人半程马拉松的赛道上的场景，程序员抱着笔记本电脑，气喘吁吁地跟在机器人身后一路狂奔。网友调侃：“机器人拿了第一，电脑拿了第二，程序员拿了第三。”

"
batch2_anchor,69e447d2000000001d01aa01,https://www.xiaohongshu.com/explore/69e447d2000000001d01aa01?source=webshare&xhsshare=pc_web&xsec_token=ABNo_BFRrK-4aWK8jdQuDcfwOz4p_ANO3EiAqL0ZaOfK4=&xsec_source=pc_share,unknown,"当算法有了腿，程序员万万没想到……

",69e456d1000000001401bc2b,1,l1_per_post_mixed,26,0.0,1.0,0.0,16,是不是程序员拖累了机器人的速度？,,,,,,,2912.0,,60c491290000000001004a66,2026.04.19,湖南,"你刷到这个画面了吗？这是北京人形机器人半程马拉松的赛道上的场景，程序员抱着笔记本电脑，气喘吁吁地跟在机器人身后一路狂奔。网友调侃：“机器人拿了第一，电脑拿了第二，程序员拿了第三。”

"
batch2_anchor,69e447d2000000001d01aa01,https://www.xiaohongshu.com/explore/69e447d2000000001d01aa01?source=webshare&xhsshare=pc_web&xsec_token=ABNo_BFRrK-4aWK8jdQuDcfwOz4p_ANO3EiAqL0ZaOfK4=&xsec_source=pc_share,unknown,"当算法有了腿，程序员万万没想到……

",69e455ce000000001401ac24,1,l1_per_post_mixed,27,6.0,40.0,1.0,23,一派勃勃生机，万物竞发的景象就在眼前[偷笑R],,,,,,,2912.0,,5fe176ef0000000001004911,2026.04.19,陕西,"你刷到这个画面了吗？这是北京人形机器人半程马拉松的赛道上的场景，程序员抱着笔记本电脑，气喘吁吁地跟在机器人身后一路狂奔。网友调侃：“机器人拿了第一，电脑拿了第二，程序员拿了第三。”

"
batch2_anchor,69e447d2000000001d01aa01,https://www.xiaohongshu.com/explore/69e447d2000000001d01aa01?source=webshare&xhsshare=pc_web&xsec_token=ABNo_BFRrK-4aWK8jdQuDcfwOz4p_ANO3EiAqL0ZaOfK4=&xsec_source=pc_share,unknown,"当算法有了腿，程序员万万没想到……

",69e452cb000000001401cc3f,1,l1_per_post_mixed,28,4.0,43.0,0.0,21,终于理解了为啥只要30岁以下的了[扶墙R],,,,,,,2912.0,,55d96c06f5a2635d47a6639f,2026.04.19,陕西,"你刷到这个画面了吗？这是北京人形机器人半程马拉松的赛道上的场景，程序员抱着笔记本电脑，气喘吁吁地跟在机器人身后一路狂奔。网友调侃：“机器人拿了第一，电脑拿了第二，程序员拿了第三。”

"
batch2_anchor,69e447d2000000001d01aa01,https://www.xiaohongshu.com/explore/69e447d2000000001d01aa01?source=webshare&xhsshare=pc_web&xsec_token=ABNo_BFRrK-4aWK8jdQuDcfwOz4p_ANO3EiAqL0ZaOfK4=&xsec_source=pc_share,unknown,"当算法有了腿，程序员万万没想到……

",69e4688d000000001401e01f,1,l1_per_post_mixed,29,,0.0,0.0,33,@上学哪能不疯呢 @哈哈 @阿拉 @momo 这么命苦呢[捂脸R],,,,,,,2912.0,,5d25ff1000000000160338b3,2026.04.19,北京,"你刷到这个画面了吗？这是北京人形机器人半程马拉松的赛道上的场景，程序员抱着笔记本电脑，气喘吁吁地跟在机器人身后一路狂奔。网友调侃：“机器人拿了第一，电脑拿了第二，程序员拿了第三。”

"
batch2_anchor,69e447d2000000001d01aa01,https://www.xiaohongshu.com/explore/69e447d2000000001d01aa01?source=webshare&xhsshare=pc_web&xsec_token=ABNo_BFRrK-4aWK8jdQuDcfwOz4p_ANO3EiAqL0ZaOfK4=&xsec_source=pc_share,unknown,"当算法有了腿，程序员万万没想到……

",69e451df000000001401a815,1,l1_per_post_mixed,30,,0.0,0.0,2,笑死,,,,,,,2912.0,,678e30cd000000000a03d169,2026.04.19,甘肃,"你刷到这个画面了吗？这是北京人形机器人半程马拉松的赛道上的场景，程序员抱着笔记本电脑，气喘吁吁地跟在机器人身后一路狂奔。网友调侃：“机器人拿了第一，电脑拿了第二，程序员拿了第三。”

"
batch2_anchor,69e43b14000000001a02e095,https://www.xiaohongshu.com/explore/69e43b14000000001a02e095?source=webshare&xhsshare=pc_web&xsec_token=ABNo_BFRrK-4aWK8jdQuDcf-MGegTlmG91hDD0ON_I8Io=&xsec_source=pc_share,unknown,"好萌的小黑仔跑马拉松

",69e491c9000000001401881f,1,l1_per_post_mixed,1,,0.0,0.0,5,有点可爱a,,,,,,,2760.0,,5badf057dae8f200010791f1,2026.04.19,浙江,"突然停下来了，工作人员喷了点东西又开始跑了。猜测应该是降温

"
batch2_anchor,69e43b14000000001a02e095,https://www.xiaohongshu.com/explore/69e43b14000000001a02e095?source=webshare&xhsshare=pc_web&xsec_token=ABNo_BFRrK-4aWK8jdQuDcf-MGegTlmG91hDD0ON_I8Io=&xsec_source=pc_share,unknown,"好萌的小黑仔跑马拉松

",69e47a88000000001401940c,1,l1_per_post_mixed,2,1.0,0.0,1.0,19,@阿白🥝 @Swannn 还带个小帽子,,,,,,,2760.0,,617d44fc0000000002027849,2026.04.19,广东,"突然停下来了，工作人员喷了点东西又开始跑了。猜测应该是降温

"
batch2_anchor,69e43b14000000001a02e095,https://www.xiaohongshu.com/explore/69e43b14000000001a02e095?source=webshare&xhsshare=pc_web&xsec_token=ABNo_BFRrK-4aWK8jdQuDcf-MGegTlmG91hDD0ON_I8Io=&xsec_source=pc_share,unknown,"好萌的小黑仔跑马拉松

",69e49076000000001401cc34,1,l1_per_post_mixed,3,,0.0,0.0,11,自己停的还是遥控器停的,,,,,,,2760.0,,565954a103eb846bd4550444,2026.04.19,北京,"突然停下来了，工作人员喷了点东西又开始跑了。猜测应该是降温

"
batch2_anchor,69e43b14000000001a02e095,https://www.xiaohongshu.com/explore/69e43b14000000001a02e095?source=webshare&xhsshare=pc_web&xsec_token=ABNo_BFRrK-4aWK8jdQuDcf-MGegTlmG91hDD0ON_I8Io=&xsec_source=pc_share,unknown,"好萌的小黑仔跑马拉松

",69e45897000000001401a804,1,l1_per_post_mixed,4,5.0,0.0,0.0,8,一身黑，中暑了吧,,,,,,,2760.0,,63bc12110000000027028db6,2026.04.19,海南,"突然停下来了，工作人员喷了点东西又开始跑了。猜测应该是降温

"
batch2_anchor,69e43b14000000001a02e095,https://www.xiaohongshu.com/explore/69e43b14000000001a02e095?source=webshare&xhsshare=pc_web&xsec_token=ABNo_BFRrK-4aWK8jdQuDcf-MGegTlmG91hDD0ON_I8Io=&xsec_source=pc_share,unknown,"好萌的小黑仔跑马拉松

",69e4995a0000000014019031,1,l1_per_post_mixed,5,,0.0,0.0,3,好可爱,,,,,,,2760.0,,5b46dc48e8ac2b5bc1fcb71c,2026.04.19,天津,"突然停下来了，工作人员喷了点东西又开始跑了。猜测应该是降温

"
batch2_anchor,69e43b14000000001a02e095,https://www.xiaohongshu.com/explore/69e43b14000000001a02e095?source=webshare&xhsshare=pc_web&xsec_token=ABNo_BFRrK-4aWK8jdQuDcf-MGegTlmG91hDD0ON_I8Io=&xsec_source=pc_share,unknown,"好萌的小黑仔跑马拉松

",69e45feb000000001401c409,1,l1_per_post_mixed,6,0.0,0.0,0.0,86,机器人就是大人的玩具吧，我闺女七个月大时我就给她买电动玩具，能跑能翻跟头遇到阻力能拐弯儿，我闺女今年二十八了，我一直不明白现在费这么大力气产生的机器人和机器猫狗有啥不一样？,,,,,,,2760.0,,601cc605000000000100503d,2026.04.19,北京,"突然停下来了，工作人员喷了点东西又开始跑了。猜测应该是降温

"
batch2_anchor,69e43b14000000001a02e095,https://www.xiaohongshu.com/explore/69e43b14000000001a02e095?source=webshare&xhsshare=pc_web&xsec_token=ABNo_BFRrK-4aWK8jdQuDcf-MGegTlmG91hDD0ON_I8Io=&xsec_source=pc_share,unknown,"好萌的小黑仔跑马拉松

",69e48cc2000000001401e400,1,l1_per_post_mixed,7,1.0,437.0,12.0,14,凭什么别人有奶瓶[doge],,,,,,,2760.0,,5c93d1ef0000000010027f68,2026.04.19,福建,"突然停下来了，工作人员喷了点东西又开始跑了。猜测应该是降温

"
batch2_anchor,69e43b14000000001a02e095,https://www.xiaohongshu.com/explore/69e43b14000000001a02e095?source=webshare&xhsshare=pc_web&xsec_token=ABNo_BFRrK-4aWK8jdQuDcf-MGegTlmG91hDD0ON_I8Io=&xsec_source=pc_share,unknown,"好萌的小黑仔跑马拉松

",69e477fc000000001401900e,1,l1_per_post_mixed,8,,0.0,0.0,13,喷的是wd40吗[偷笑R],,,,,,,2760.0,,599982a482ec39392f8fbdd9,2026.04.19,浙江,"突然停下来了，工作人员喷了点东西又开始跑了。猜测应该是降温

"
batch2_anchor,69e43b14000000001a02e095,https://www.xiaohongshu.com/explore/69e43b14000000001a02e095?source=webshare&xhsshare=pc_web&xsec_token=ABNo_BFRrK-4aWK8jdQuDcf-MGegTlmG91hDD0ON_I8Io=&xsec_source=pc_share,unknown,"好萌的小黑仔跑马拉松

",69e477e8000000001401e80d,1,l1_per_post_mixed,9,,9.0,2.0,15,他说了好的谢谢？？[doge],,,,,,,2760.0,,5e1306780000000001003fb0,2026.04.19,广东,"突然停下来了，工作人员喷了点东西又开始跑了。猜测应该是降温

"
batch2_anchor,69e43b14000000001a02e095,https://www.xiaohongshu.com/explore/69e43b14000000001a02e095?source=webshare&xhsshare=pc_web&xsec_token=ABNo_BFRrK-4aWK8jdQuDcf-MGegTlmG91hDD0ON_I8Io=&xsec_source=pc_share,unknown,"好萌的小黑仔跑马拉松

",69e46aa9000000001401cc29,1,l1_per_post_mixed,10,,0.0,0.0,9,广坎达的[偷笑R],,,,,,,2760.0,,6562130d000000000403baed,2026.04.19,广东,"突然停下来了，工作人员喷了点东西又开始跑了。猜测应该是降温

"
batch2_anchor,69e43b14000000001a02e095,https://www.xiaohongshu.com/explore/69e43b14000000001a02e095?source=webshare&xhsshare=pc_web&xsec_token=ABNo_BFRrK-4aWK8jdQuDcf-MGegTlmG91hDD0ON_I8Io=&xsec_source=pc_share,unknown,"好萌的小黑仔跑马拉松

",69e476a1000000001401b017,1,l1_per_post_mixed,11,2.0,0.0,0.0,5,他配速多少,,,,,,,2760.0,,59b8cd415e87e715d10a628b,2026.04.19,四川,"突然停下来了，工作人员喷了点东西又开始跑了。猜测应该是降温

"
batch2_anchor,69e43b14000000001a02e095,https://www.xiaohongshu.com/explore/69e43b14000000001a02e095?source=webshare&xhsshare=pc_web&xsec_token=ABNo_BFRrK-4aWK8jdQuDcf-MGegTlmG91hDD0ON_I8Io=&xsec_source=pc_share,unknown,"好萌的小黑仔跑马拉松

",69e4765d000000001401c012,1,l1_per_post_mixed,12,,12.0,3.0,7,它好可爱啊☺️,,,,,,,2760.0,,626b3403000000002102885b,2026.04.19,浙江,"突然停下来了，工作人员喷了点东西又开始跑了。猜测应该是降温

"
batch2_anchor,69e43b14000000001a02e095,https://www.xiaohongshu.com/explore/69e43b14000000001a02e095?source=webshare&xhsshare=pc_web&xsec_token=ABNo_BFRrK-4aWK8jdQuDcf-MGegTlmG91hDD0ON_I8Io=&xsec_source=pc_share,unknown,"好萌的小黑仔跑马拉松

",69e469d7000000002a03391a,1,l1_per_post_mixed,13,5.0,0.0,0.0,12,降温喷雾吧 哈哈哈哈哈哈,,,,,,,2760.0,,5dd04e54000000000100bbc0,2026.04.19,加拿大,"突然停下来了，工作人员喷了点东西又开始跑了。猜测应该是降温

"
batch2_anchor,69e43b14000000001a02e095,https://www.xiaohongshu.com/explore/69e43b14000000001a02e095?source=webshare&xhsshare=pc_web&xsec_token=ABNo_BFRrK-4aWK8jdQuDcf-MGegTlmG91hDD0ON_I8Io=&xsec_source=pc_share,unknown,"好萌的小黑仔跑马拉松

",69e45e0a000000001401c803,1,l1_per_post_mixed,14,4.0,13.0,8.0,15,养个这样的小孩能帮我做家务吗？,,,,,,,2760.0,,5684fb1ab8ce1a61982047ee,2026.04.19,上海,"突然停下来了，工作人员喷了点东西又开始跑了。猜测应该是降温

"
batch2_anchor,69e43b14000000001a02e095,https://www.xiaohongshu.com/explore/69e43b14000000001a02e095?source=webshare&xhsshare=pc_web&xsec_token=ABNo_BFRrK-4aWK8jdQuDcf-MGegTlmG91hDD0ON_I8Io=&xsec_source=pc_share,unknown,"好萌的小黑仔跑马拉松

",69e45b49000000001401c020,1,l1_per_post_mixed,15,5.0,0.0,0.0,7,换个尿布接着跑,,,,,,,2760.0,,5fd42d190000000001002fd7,2026.04.19,北京,"突然停下来了，工作人员喷了点东西又开始跑了。猜测应该是降温

"
batch2_anchor,69e43b14000000001a02e095,https://www.xiaohongshu.com/explore/69e43b14000000001a02e095?source=webshare&xhsshare=pc_web&xsec_token=ABNo_BFRrK-4aWK8jdQuDcf-MGegTlmG91hDD0ON_I8Io=&xsec_source=pc_share,unknown,"好萌的小黑仔跑马拉松

",69e468030000000014018c02,1,l1_per_post_mixed,16,1.0,9.0,0.0,16,果然任何东西只要小小的就会萌萌的,,,,,,,2760.0,,5de650450000000001001280,2026.04.19,四川,"突然停下来了，工作人员喷了点东西又开始跑了。猜测应该是降温

"
batch2_anchor,69e43b14000000001a02e095,https://www.xiaohongshu.com/explore/69e43b14000000001a02e095?source=webshare&xhsshare=pc_web&xsec_token=ABNo_BFRrK-4aWK8jdQuDcf-MGegTlmG91hDD0ON_I8Io=&xsec_source=pc_share,unknown,"好萌的小黑仔跑马拉松

",69e4aaf80000000014019019,1,l1_per_post_mixed,17,3.0,9.0,2.0,9,有车怎么不让它上啊,,,,,,,2760.0,,58b169ed6a6a6927e0c7b32f,2026.04.19,湖南,"突然停下来了，工作人员喷了点东西又开始跑了。猜测应该是降温

"
batch2_anchor,69e43b14000000001a02e095,https://www.xiaohongshu.com/explore/69e43b14000000001a02e095?source=webshare&xhsshare=pc_web&xsec_token=ABNo_BFRrK-4aWK8jdQuDcf-MGegTlmG91hDD0ON_I8Io=&xsec_source=pc_share,unknown,"好萌的小黑仔跑马拉松

",69e4547f000000001401b82e,1,l1_per_post_mixed,18,0.0,22.0,5.0,17,未来大部分人类只能靠伺候机器人过活,,,,,,,2760.0,,61e805c4000000000202745b,2026.04.19,广东,"突然停下来了，工作人员喷了点东西又开始跑了。猜测应该是降温

"
batch2_anchor,69e43b14000000001a02e095,https://www.xiaohongshu.com/explore/69e43b14000000001a02e095?source=webshare&xhsshare=pc_web&xsec_token=ABNo_BFRrK-4aWK8jdQuDcf-MGegTlmG91hDD0ON_I8Io=&xsec_source=pc_share,unknown,"好萌的小黑仔跑马拉松

",69e473da000000001401e042,1,l1_per_post_mixed,19,5.0,12.0,4.0,16,为什么喷在PP和裆部[doge],,,,,,,2760.0,,5eaead270000000001001213,2026.04.19,上海,"突然停下来了，工作人员喷了点东西又开始跑了。猜测应该是降温

"
batch2_anchor,69e43b14000000001a02e095,https://www.xiaohongshu.com/explore/69e43b14000000001a02e095?source=webshare&xhsshare=pc_web&xsec_token=ABNo_BFRrK-4aWK8jdQuDcf-MGegTlmG91hDD0ON_I8Io=&xsec_source=pc_share,unknown,"好萌的小黑仔跑马拉松

",69e4668a000000001401d804,1,l1_per_post_mixed,20,,0.0,0.0,18,懂了，这就是尿尿的作用。[doge],,,,,,,2760.0,,64e2e5380000000002010d18,2026.04.19,陕西,"突然停下来了，工作人员喷了点东西又开始跑了。猜测应该是降温

"
batch2_anchor,69e43b14000000001a02e095,https://www.xiaohongshu.com/explore/69e43b14000000001a02e095?source=webshare&xhsshare=pc_web&xsec_token=ABNo_BFRrK-4aWK8jdQuDcf-MGegTlmG91hDD0ON_I8Io=&xsec_source=pc_share,unknown,"好萌的小黑仔跑马拉松

",69e45cbe000000001401a400,1,l1_per_post_mixed,21,5.0,0.0,0.0,5,喷点痱子粉,,,,,,,2760.0,,5a8aaf7a4eacab257ddbb559,2026.04.19,四川,"突然停下来了，工作人员喷了点东西又开始跑了。猜测应该是降温

"
batch2_anchor,69e43b14000000001a02e095,https://www.xiaohongshu.com/explore/69e43b14000000001a02e095?source=webshare&xhsshare=pc_web&xsec_token=ABNo_BFRrK-4aWK8jdQuDcf-MGegTlmG91hDD0ON_I8Io=&xsec_source=pc_share,unknown,"好萌的小黑仔跑马拉松

",69e4472c000000001401880b,1,l1_per_post_mixed,22,2.0,0.0,0.0,11,这是红色冲天揪的兄弟？,,,,,,,2760.0,,5c1d8a4c00000000060137c1,2026.04.19,北京,"突然停下来了，工作人员喷了点东西又开始跑了。猜测应该是降温

"
batch2_anchor,69e43b14000000001a02e095,https://www.xiaohongshu.com/explore/69e43b14000000001a02e095?source=webshare&xhsshare=pc_web&xsec_token=ABNo_BFRrK-4aWK8jdQuDcf-MGegTlmG91hDD0ON_I8Io=&xsec_source=pc_share,unknown,"好萌的小黑仔跑马拉松

",69e445a70000000014019003,1,l1_per_post_mixed,23,1.0,20.0,9.0,9,这个是长得最可爱的,,,,,,,2760.0,,5481be87d6e4a9791165a098,2026.04.19,上海,"突然停下来了，工作人员喷了点东西又开始跑了。猜测应该是降温

"
batch2_anchor,69e43b14000000001a02e095,https://www.xiaohongshu.com/explore/69e43b14000000001a02e095?source=webshare&xhsshare=pc_web&xsec_token=ABNo_BFRrK-4aWK8jdQuDcf-MGegTlmG91hDD0ON_I8Io=&xsec_source=pc_share,unknown,"好萌的小黑仔跑马拉松

",69e44595000000001401b808,1,l1_per_post_mixed,24,1.0,414.0,12.0,13,帽子不挡太阳，看把孩子晒的,,,,,,,2760.0,,5a50ebc8e8ac2b2bc6947810,2026.04.19,浙江,"突然停下来了，工作人员喷了点东西又开始跑了。猜测应该是降温

"
batch2_anchor,69e43b14000000001a02e095,https://www.xiaohongshu.com/explore/69e43b14000000001a02e095?source=webshare&xhsshare=pc_web&xsec_token=ABNo_BFRrK-4aWK8jdQuDcf-MGegTlmG91hDD0ON_I8Io=&xsec_source=pc_share,unknown,"好萌的小黑仔跑马拉松

",69e444da000000001401a024,1,l1_per_post_mixed,25,5.0,420.0,17.0,24,孩子跑着跑着还得喷点云南白药气雾剂[暗中观察R],,,,,,,2760.0,,57388a1a82ec392b66ac35d1,2026.04.19,北京,"突然停下来了，工作人员喷了点东西又开始跑了。猜测应该是降温

"
batch2_anchor,69e43b14000000001a02e095,https://www.xiaohongshu.com/explore/69e43b14000000001a02e095?source=webshare&xhsshare=pc_web&xsec_token=ABNo_BFRrK-4aWK8jdQuDcf-MGegTlmG91hDD0ON_I8Io=&xsec_source=pc_share,unknown,"好萌的小黑仔跑马拉松

",69e43de40000000014018c32,1,l1_per_post_mixed,26,1.0,9.0,0.0,28,突然想起来家里门没锁[偷笑R]  再一想 锁了[笑哭R],,,,,,,2760.0,,61c47c6e000000001f03e012,2026.04.19,北京,"突然停下来了，工作人员喷了点东西又开始跑了。猜测应该是降温

"
batch2_anchor,69e43b14000000001a02e095,https://www.xiaohongshu.com/explore/69e43b14000000001a02e095?source=webshare&xhsshare=pc_web&xsec_token=ABNo_BFRrK-4aWK8jdQuDcf-MGegTlmG91hDD0ON_I8Io=&xsec_source=pc_share,unknown,"好萌的小黑仔跑马拉松

",69e43c52000000001401ac09,1,l1_per_post_mixed,27,,9.0,1.0,4,尿裤了？,,,,,,,2760.0,,5ecb3a310000000001005c0f,2026.04.19,山东,"突然停下来了，工作人员喷了点东西又开始跑了。猜测应该是降温

"
batch2_anchor,69e43b14000000001a02e095,https://www.xiaohongshu.com/explore/69e43b14000000001a02e095?source=webshare&xhsshare=pc_web&xsec_token=ABNo_BFRrK-4aWK8jdQuDcf-MGegTlmG91hDD0ON_I8Io=&xsec_source=pc_share,unknown,"好萌的小黑仔跑马拉松

",69e482e1000000001401c02f,1,l1_per_post_mixed,28,,47.0,12.0,12,应该是这东西[doge],,,,,,,2760.0,,5e11f1cc0000000001005e60,2026.04.19,江西,"突然停下来了，工作人员喷了点东西又开始跑了。猜测应该是降温

"
batch2_anchor,69e43b14000000001a02e095,https://www.xiaohongshu.com/explore/69e43b14000000001a02e095?source=webshare&xhsshare=pc_web&xsec_token=ABNo_BFRrK-4aWK8jdQuDcf-MGegTlmG91hDD0ON_I8Io=&xsec_source=pc_share,unknown,"好萌的小黑仔跑马拉松

",69e46e10000000001401c00b,1,l1_per_post_mixed,29,2.0,0.0,0.0,7,累了，补充体液,,,,,,,2760.0,,617b475700000000020259a3,2026.04.19,广东,"突然停下来了，工作人员喷了点东西又开始跑了。猜测应该是降温

"
batch2_anchor,69e43b14000000001a02e095,https://www.xiaohongshu.com/explore/69e43b14000000001a02e095?source=webshare&xhsshare=pc_web&xsec_token=ABNo_BFRrK-4aWK8jdQuDcf-MGegTlmG91hDD0ON_I8Io=&xsec_source=pc_share,unknown,"好萌的小黑仔跑马拉松

",69e450d3000000001401e428,1,l1_per_post_mixed,30,5.0,9.0,2.0,17,电机过热保护了 喷制冷剂[偷笑R],,,,,,,2760.0,,60344e1c0000000001008084,2026.04.19,北京,"突然停下来了，工作人员喷了点东西又开始跑了。猜测应该是降温

"
batch2_anchor,69e40352000000002102fc75,https://www.xiaohongshu.com/explore/69e40352000000002102fc75?source=webshare&xhsshare=pc_web&xsec_token=ABNo_BFRrK-4aWK8jdQuDcf3fi8kk0yeJvVycFft-jpKg=&xsec_source=pc_share,unknown,"机器人马拉松现场第一视角看全部队伍

",69e48bc80000000014018c2a,1,l1_per_post_mixed,1,,0.0,0.0,10,@@[害羞R]@@。,,,,,,,1160.0,,62efbef9000000001e01f8ee,2026.04.19,福建,"好多人呀，感觉大家都来了

"
batch2_anchor,69e40352000000002102fc75,https://www.xiaohongshu.com/explore/69e40352000000002102fc75?source=webshare&xhsshare=pc_web&xsec_token=ABNo_BFRrK-4aWK8jdQuDcf3fi8kk0yeJvVycFft-jpKg=&xsec_source=pc_share,unknown,"机器人马拉松现场第一视角看全部队伍

",69e4a0a50000000014019819,1,l1_per_post_mixed,2,1.0,0.0,0.0,13,有点新世纪福音战士的味儿了,,,,,,,1160.0,,634d1f86000000001802d831,2026.04.19,浙江,"好多人呀，感觉大家都来了

"
batch2_anchor,69e40352000000002102fc75,https://www.xiaohongshu.com/explore/69e40352000000002102fc75?source=webshare&xhsshare=pc_web&xsec_token=ABNo_BFRrK-4aWK8jdQuDcf3fi8kk0yeJvVycFft-jpKg=&xsec_source=pc_share,unknown,"机器人马拉松现场第一视角看全部队伍

",69e484d5000000001401e409,1,l1_per_post_mixed,3,0.0,0.0,0.0,9,机器人有什么好看？,,,,,,,1160.0,,61220894000000000101f220,2026.04.19,广西,"好多人呀，感觉大家都来了

"
batch2_anchor,69e40352000000002102fc75,https://www.xiaohongshu.com/explore/69e40352000000002102fc75?source=webshare&xhsshare=pc_web&xsec_token=ABNo_BFRrK-4aWK8jdQuDcf3fi8kk0yeJvVycFft-jpKg=&xsec_source=pc_share,unknown,"机器人马拉松现场第一视角看全部队伍

",69e47f3d000000001401dc0f,1,l1_per_post_mixed,4,,0.0,0.0,5,[玫瑰R],,,,,,,1160.0,,685e91c5000000001d0166c4,2026.04.19,浙江,"好多人呀，感觉大家都来了

"
batch2_anchor,69e40352000000002102fc75,https://www.xiaohongshu.com/explore/69e40352000000002102fc75?source=webshare&xhsshare=pc_web&xsec_token=ABNo_BFRrK-4aWK8jdQuDcf3fi8kk0yeJvVycFft-jpKg=&xsec_source=pc_share,unknown,"机器人马拉松现场第一视角看全部队伍

",69e485f7000000001401bc0d,1,l1_per_post_mixed,5,0.0,22.0,2.0,26,能不能搞个机器人家政打比拼，我一定全程观看，甚至下单,,,,,,,1160.0,,5d1237ce000000001202e0a8,2026.04.19,河南,"好多人呀，感觉大家都来了

"
batch2_anchor,69e40352000000002102fc75,https://www.xiaohongshu.com/explore/69e40352000000002102fc75?source=webshare&xhsshare=pc_web&xsec_token=ABNo_BFRrK-4aWK8jdQuDcf3fi8kk0yeJvVycFft-jpKg=&xsec_source=pc_share,unknown,"机器人马拉松现场第一视角看全部队伍

",69e49a6d000000001401dc0a,1,l1_per_post_mixed,6,,0.0,0.0,28,来看看@@@@@@来看看看6@6KKK@6@@.了@@@,,,,,,,1160.0,,5857f2465e87e723fa4b1b5c,2026.04.19,四川,"好多人呀，感觉大家都来了

"
batch2_anchor,69e40352000000002102fc75,https://www.xiaohongshu.com/explore/69e40352000000002102fc75?source=webshare&xhsshare=pc_web&xsec_token=ABNo_BFRrK-4aWK8jdQuDcf3fi8kk0yeJvVycFft-jpKg=&xsec_source=pc_share,unknown,"机器人马拉松现场第一视角看全部队伍

",69e496b3000000001401882d,1,l1_per_post_mixed,7,2.0,0.0,0.0,9,好像颈椎不好的样了,,,,,,,1160.0,,60a1e8b400000000010034e8,2026.04.19,浙江,"好多人呀，感觉大家都来了

"
batch2_anchor,69e40352000000002102fc75,https://www.xiaohongshu.com/explore/69e40352000000002102fc75?source=webshare&xhsshare=pc_web&xsec_token=ABNo_BFRrK-4aWK8jdQuDcf3fi8kk0yeJvVycFft-jpKg=&xsec_source=pc_share,unknown,"机器人马拉松现场第一视角看全部队伍

",69e4ccec000000001401dc14,1,l1_per_post_mixed,8,3.0,0.0,0.0,21,真的有自主吗[捂脸R][捂脸R][捂脸R],,,,,,,1160.0,,6439781b000000000d01b72c,2026.04.19,上海,"好多人呀，感觉大家都来了

"
batch2_anchor,69e40352000000002102fc75,https://www.xiaohongshu.com/explore/69e40352000000002102fc75?source=webshare&xhsshare=pc_web&xsec_token=ABNo_BFRrK-4aWK8jdQuDcf3fi8kk0yeJvVycFft-jpKg=&xsec_source=pc_share,unknown,"机器人马拉松现场第一视角看全部队伍

",69e449b50000000014019806,1,l1_per_post_mixed,9,1.0,1.0,0.0,32,从评论区看到了所谓的眼界，果然看问题的深度不同的人是完全不一样的,,,,,,,1160.0,,5a42061f4eacab7d8ff1e37d,2026.04.19,江西,"好多人呀，感觉大家都来了

"
batch2_anchor,69e40352000000002102fc75,https://www.xiaohongshu.com/explore/69e40352000000002102fc75?source=webshare&xhsshare=pc_web&xsec_token=ABNo_BFRrK-4aWK8jdQuDcf3fi8kk0yeJvVycFft-jpKg=&xsec_source=pc_share,unknown,"机器人马拉松现场第一视角看全部队伍

",69e4cb13000000001401a028,1,l1_per_post_mixed,10,0.0,0.0,0.0,28,救火去，水下作业，井下作业，掏粪去，对人有危险的机器人上,,,,,,,1160.0,,626151b5000000001000ec34,2026.04.19,河北,"好多人呀，感觉大家都来了

"
batch2_anchor,69e40352000000002102fc75,https://www.xiaohongshu.com/explore/69e40352000000002102fc75?source=webshare&xhsshare=pc_web&xsec_token=ABNo_BFRrK-4aWK8jdQuDcf3fi8kk0yeJvVycFft-jpKg=&xsec_source=pc_share,unknown,"机器人马拉松现场第一视角看全部队伍

",69e4cafa000000001401c40e,1,l1_per_post_mixed,11,0.0,0.0,0.0,10,机器人不会累跑快一点,,,,,,,1160.0,,63aa5bdc000000002801b555,2026.04.19,广东,"好多人呀，感觉大家都来了

"
batch2_anchor,69e40352000000002102fc75,https://www.xiaohongshu.com/explore/69e40352000000002102fc75?source=webshare&xhsshare=pc_web&xsec_token=ABNo_BFRrK-4aWK8jdQuDcf3fi8kk0yeJvVycFft-jpKg=&xsec_source=pc_share,unknown,"机器人马拉松现场第一视角看全部队伍

",69e413d3000000001401dc0f,1,l1_per_post_mixed,12,6.0,0.0,0.0,8,加油加油[赞R],,,,,,,1160.0,,6211e5e70000000021020156,2026.04.19,上海,"好多人呀，感觉大家都来了

"
batch2_anchor,69e40352000000002102fc75,https://www.xiaohongshu.com/explore/69e40352000000002102fc75?source=webshare&xhsshare=pc_web&xsec_token=ABNo_BFRrK-4aWK8jdQuDcf3fi8kk0yeJvVycFft-jpKg=&xsec_source=pc_share,unknown,"机器人马拉松现场第一视角看全部队伍

",69e4c917000000001401e409,1,l1_per_post_mixed,13,6.0,0.0,0.0,6,100多家？,,,,,,,1160.0,,695c37460000000037031463,2026.04.19,山东,"好多人呀，感觉大家都来了

"
batch2_anchor,69e40352000000002102fc75,https://www.xiaohongshu.com/explore/69e40352000000002102fc75?source=webshare&xhsshare=pc_web&xsec_token=ABNo_BFRrK-4aWK8jdQuDcf3fi8kk0yeJvVycFft-jpKg=&xsec_source=pc_share,unknown,"机器人马拉松现场第一视角看全部队伍

",69e44446000000001401c004,1,l1_per_post_mixed,14,0.0,0.0,0.0,24,听说有的机器人为了拉票还跟打卡上下班绑定在一起？,,,,,,,1160.0,,5654fb3203eb84172198f0e6,2026.04.19,广东,"好多人呀，感觉大家都来了

"
batch2_anchor,69e40352000000002102fc75,https://www.xiaohongshu.com/explore/69e40352000000002102fc75?source=webshare&xhsshare=pc_web&xsec_token=ABNo_BFRrK-4aWK8jdQuDcf3fi8kk0yeJvVycFft-jpKg=&xsec_source=pc_share,unknown,"机器人马拉松现场第一视角看全部队伍

",69e42de8000000001401d814,1,l1_per_post_mixed,15,4.0,336.0,25.0,30,我不在乎它能跑多快，我只在乎它真的能为我们的生活便利做些什么,,,,,,,1160.0,,5b54606a6b58b7787c9621c5,2026.04.19,中国香港,"好多人呀，感觉大家都来了

"
batch2_anchor,69e40352000000002102fc75,https://www.xiaohongshu.com/explore/69e40352000000002102fc75?source=webshare&xhsshare=pc_web&xsec_token=ABNo_BFRrK-4aWK8jdQuDcf3fi8kk0yeJvVycFft-jpKg=&xsec_source=pc_share,unknown,"机器人马拉松现场第一视角看全部队伍

",69e4353d000000001401d800,1,l1_per_post_mixed,16,1.0,229.0,6.0,46,评论区好多恨不得一秒进入未来模式，又不是明天就噶多点耐心[doge][doge][doge],,,,,,,1160.0,,5f4b5b63000000000101d31a,2026.04.19,广东,"好多人呀，感觉大家都来了

"
batch2_anchor,69e40352000000002102fc75,https://www.xiaohongshu.com/explore/69e40352000000002102fc75?source=webshare&xhsshare=pc_web&xsec_token=ABNo_BFRrK-4aWK8jdQuDcf3fi8kk0yeJvVycFft-jpKg=&xsec_source=pc_share,unknown,"机器人马拉松现场第一视角看全部队伍

",69e437a7000000001401882e,1,l1_per_post_mixed,17,,79.0,16.0,10,到底谁喜欢看这种……,,,,,,,1160.0,,61aae41b0000000010009c83,2026.04.19,浙江,"好多人呀，感觉大家都来了

"
batch2_anchor,69e40352000000002102fc75,https://www.xiaohongshu.com/explore/69e40352000000002102fc75?source=webshare&xhsshare=pc_web&xsec_token=ABNo_BFRrK-4aWK8jdQuDcf3fi8kk0yeJvVycFft-jpKg=&xsec_source=pc_share,unknown,"机器人马拉松现场第一视角看全部队伍

",69e432f9000000001401c02d,1,l1_per_post_mixed,18,4.0,73.0,17.0,6,净整点没用的,,,,,,,1160.0,,565f01b982718c6ba5aeffc4,2026.04.19,上海,"好多人呀，感觉大家都来了

"
batch2_anchor,69e40352000000002102fc75,https://www.xiaohongshu.com/explore/69e40352000000002102fc75?source=webshare&xhsshare=pc_web&xsec_token=ABNo_BFRrK-4aWK8jdQuDcf3fi8kk0yeJvVycFft-jpKg=&xsec_source=pc_share,unknown,"机器人马拉松现场第一视角看全部队伍

",69e43bc3000000001401bc24,1,l1_per_post_mixed,19,0.0,60.0,18.0,16,发明机器人结果用来跑步[笑哭R],,,,,,,1160.0,,56572acbb8c8b42895a1ebd6,2026.04.19,江苏,"好多人呀，感觉大家都来了

"
batch2_anchor,69e40352000000002102fc75,https://www.xiaohongshu.com/explore/69e40352000000002102fc75?source=webshare&xhsshare=pc_web&xsec_token=ABNo_BFRrK-4aWK8jdQuDcf3fi8kk0yeJvVycFft-jpKg=&xsec_source=pc_share,unknown,"机器人马拉松现场第一视角看全部队伍

",69e43ba7000000001401b827,1,l1_per_post_mixed,20,0.0,59.0,24.0,30,我就想知道机器人跑的理念是什么？有啥意义？搞不懂诶[嘻嘻R],,,,,,,1160.0,,5d9fa6230000000001008c36,2026.04.19,河北,"好多人呀，感觉大家都来了

"
batch2_anchor,69e40352000000002102fc75,https://www.xiaohongshu.com/explore/69e40352000000002102fc75?source=webshare&xhsshare=pc_web&xsec_token=ABNo_BFRrK-4aWK8jdQuDcf3fi8kk0yeJvVycFft-jpKg=&xsec_source=pc_share,unknown,"机器人马拉松现场第一视角看全部队伍

",69e422e5000000001401cc23,1,l1_per_post_mixed,21,4.0,41.0,21.0,10,我很想知道意义在哪儿,,,,,,,1160.0,,627b7970000000002102b7e9,2026.04.19,北京,"好多人呀，感觉大家都来了

"
batch2_anchor,69e40352000000002102fc75,https://www.xiaohongshu.com/explore/69e40352000000002102fc75?source=webshare&xhsshare=pc_web&xsec_token=ABNo_BFRrK-4aWK8jdQuDcf3fi8kk0yeJvVycFft-jpKg=&xsec_source=pc_share,unknown,"机器人马拉松现场第一视角看全部队伍

",69e436f0000000001401bc08,1,l1_per_post_mixed,22,0.0,30.0,10.0,33,现在的机器人产业跟新能源车一个逻辑，产避孕套的公司都敢下场造机器人,,,,,,,1160.0,,5d4a537000000000110198b8,2026.04.19,广西,"好多人呀，感觉大家都来了

"
batch2_anchor,69e40352000000002102fc75,https://www.xiaohongshu.com/explore/69e40352000000002102fc75?source=webshare&xhsshare=pc_web&xsec_token=ABNo_BFRrK-4aWK8jdQuDcf3fi8kk0yeJvVycFft-jpKg=&xsec_source=pc_share,unknown,"机器人马拉松现场第一视角看全部队伍

",69e4321e000000001401a01a,1,l1_per_post_mixed,23,1.0,29.0,11.0,44,说个题外话，刚刚在某儿童管楼梯下看到的一幕，觉得他们像哈利波特一样窝那怪可怜的[笑哭R],,,,,,,1160.0,,5a1f9e654eacab775bbbe607,2026.04.19,广东,"好多人呀，感觉大家都来了

"
batch2_anchor,69e40352000000002102fc75,https://www.xiaohongshu.com/explore/69e40352000000002102fc75?source=webshare&xhsshare=pc_web&xsec_token=ABNo_BFRrK-4aWK8jdQuDcf3fi8kk0yeJvVycFft-jpKg=&xsec_source=pc_share,unknown,"机器人马拉松现场第一视角看全部队伍

",69e43526000000001401ac13,1,l1_per_post_mixed,24,4.0,25.0,3.0,6,产能又要过剩,,,,,,,1160.0,,5c7a2c49000000001800be97,2026.04.19,浙江,"好多人呀，感觉大家都来了

"
batch2_anchor,69e40352000000002102fc75,https://www.xiaohongshu.com/explore/69e40352000000002102fc75?source=webshare&xhsshare=pc_web&xsec_token=ABNo_BFRrK-4aWK8jdQuDcf3fi8kk0yeJvVycFft-jpKg=&xsec_source=pc_share,unknown,"机器人马拉松现场第一视角看全部队伍

",69e4a359000000001401a404,1,l1_per_post_mixed,25,0.0,22.0,5.0,59,.....我以为是造福人类的结果跑马拉松展示性能去了 什么时候才能不吹机器人的性能 好好研究怎么帮忙提升日常生活质量啊,,,,,,,1160.0,,61b03eac0000000021023bc0,2026.04.19,日本,"好多人呀，感觉大家都来了

"
batch2_anchor,69e40352000000002102fc75,https://www.xiaohongshu.com/explore/69e40352000000002102fc75?source=webshare&xhsshare=pc_web&xsec_token=ABNo_BFRrK-4aWK8jdQuDcf3fi8kk0yeJvVycFft-jpKg=&xsec_source=pc_share,unknown,"机器人马拉松现场第一视角看全部队伍

",69e4c3bd0000000014019814,1,l1_per_post_mixed,26,0.0,0.0,0.0,22,[失望R]天大玩笑，应该叫机器，不能叫机器人,,,,,,,1160.0,,67187df8000000000d025388,2026.04.19,陕西,"好多人呀，感觉大家都来了

"
batch2_anchor,69e40352000000002102fc75,https://www.xiaohongshu.com/explore/69e40352000000002102fc75?source=webshare&xhsshare=pc_web&xsec_token=ABNo_BFRrK-4aWK8jdQuDcf3fi8kk0yeJvVycFft-jpKg=&xsec_source=pc_share,unknown,"机器人马拉松现场第一视角看全部队伍

",69e4f7ac000000001401ac0c,1,l1_per_post_mixed,27,0.0,45.0,10.0,19,为什么要让机器人跑步呢？难道没人了吗？,,,,,,,1160.0,,5ef06ff200000000010045ce,2026.04.19,新疆,"好多人呀，感觉大家都来了

"
batch2_anchor,69e40352000000002102fc75,https://www.xiaohongshu.com/explore/69e40352000000002102fc75?source=webshare&xhsshare=pc_web&xsec_token=ABNo_BFRrK-4aWK8jdQuDcf3fi8kk0yeJvVycFft-jpKg=&xsec_source=pc_share,unknown,"机器人马拉松现场第一视角看全部队伍

",69e41e73000000001401980a,1,l1_per_post_mixed,28,0.0,893.0,43.0,86,这不叫机器人大赛，应更名叫仿生人马拉松。因为机器人要快，它就不用人类的跑步方式，更是换上高速引挺滑轮，看谁快。只有仿生人才会这样。无论那一种，都是人类科学的进步，加油加油！,,,,,,,1160.0,,6204985e000000001000fb92,2026.04.19,广东,"好多人呀，感觉大家都来了

"
batch2_anchor,69e40352000000002102fc75,https://www.xiaohongshu.com/explore/69e40352000000002102fc75?source=webshare&xhsshare=pc_web&xsec_token=ABNo_BFRrK-4aWK8jdQuDcf3fi8kk0yeJvVycFft-jpKg=&xsec_source=pc_share,unknown,"机器人马拉松现场第一视角看全部队伍

",69e42201000000001401940b,1,l1_per_post_mixed,29,0.0,353.0,31.0,16,机器人能帮我做日常清洁煮饭就好了,,,,,,,1160.0,,6040c6220000000001003fdc,2026.04.19,广东,"好多人呀，感觉大家都来了

"
batch2_anchor,69e40352000000002102fc75,https://www.xiaohongshu.com/explore/69e40352000000002102fc75?source=webshare&xhsshare=pc_web&xsec_token=ABNo_BFRrK-4aWK8jdQuDcf3fi8kk0yeJvVycFft-jpKg=&xsec_source=pc_share,unknown,"机器人马拉松现场第一视角看全部队伍

",69e46a1e0000000014019c02,1,l1_per_post_mixed,30,6.0,0.0,0.0,21,少年强则国强[点赞R][点赞R][点赞R],,,,,,,1160.0,,6464487f000000002a00bf16,2026.04.19,陕西,"好多人呀，感觉大家都来了

"
batch2_anchor,69e4b08d000000001d01c1bc,https://www.xiaohongshu.com/explore/69e4b08d000000001d01c1bc?source=webshare&xhsshare=pc_web&xsec_token=ABNo_BFRrK-4aWK8jdQuDcf_-QmOr87KjFgtg1Au50bZs=&xsec_source=pc_share,unknown,"机器人马拉松参赛选手“进化速度这一块”

",69e4cf88000000001401940f,1,l1_per_post_mixed,1,1.0,0.0,0.0,10,龟兔赛跑[doge],,,,,,,379.0,,5572ed3d3397db4621d59cdd,2026.04.19,广东,"

"
batch2_anchor,69e4b08d000000001d01c1bc,https://www.xiaohongshu.com/explore/69e4b08d000000001d01c1bc?source=webshare&xhsshare=pc_web&xsec_token=ABNo_BFRrK-4aWK8jdQuDcf_-QmOr87KjFgtg1Au50bZs=&xsec_source=pc_share,unknown,"机器人马拉松参赛选手“进化速度这一块”

",69e4cd21000000001401b850,1,l1_per_post_mixed,2,,0.0,0.0,5,背起我，跑,,,,,,,379.0,,5668bd87e4251d6a33f4f237,2026.04.19,广东,"

"
batch2_anchor,69e4b08d000000001d01c1bc,https://www.xiaohongshu.com/explore/69e4b08d000000001d01c1bc?source=webshare&xhsshare=pc_web&xsec_token=ABNo_BFRrK-4aWK8jdQuDcf_-QmOr87KjFgtg1Au50bZs=&xsec_source=pc_share,unknown,"机器人马拉松参赛选手“进化速度这一块”

",69e4ccb50000000014019c09,1,l1_per_post_mixed,3,1.0,33.0,2.0,18,这个豆包……感觉改改能做腿音未来……,,,,,,,379.0,,64810a77000000001403fa8c,2026.04.19,山东,"

"
batch2_anchor,69e4b08d000000001d01c1bc,https://www.xiaohongshu.com/explore/69e4b08d000000001d01c1bc?source=webshare&xhsshare=pc_web&xsec_token=ABNo_BFRrK-4aWK8jdQuDcf_-QmOr87KjFgtg1Au50bZs=&xsec_source=pc_share,unknown,"机器人马拉松参赛选手“进化速度这一块”

",69e4c863000000001401cc39,1,l1_per_post_mixed,4,,24.0,0.0,11,邓超型哈哈哈哈哈哈哈哈,,,,,,,379.0,,5a9661bee8ac2b6a9429ca44,2026.04.19,四川,"

"
batch2_anchor,69e4b08d000000001d01c1bc,https://www.xiaohongshu.com/explore/69e4b08d000000001d01c1bc?source=webshare&xhsshare=pc_web&xsec_token=ABNo_BFRrK-4aWK8jdQuDcf_-QmOr87KjFgtg1Au50bZs=&xsec_source=pc_share,unknown,"机器人马拉松参赛选手“进化速度这一块”

",69e4bb52000000001401b806,1,l1_per_post_mixed,5,4.0,30.0,0.0,13,世界在进步，我们也在进步～,,,,,,,379.0,,5710adec84edcd6058aa5a22,2026.04.19,河北,"

"
batch2_anchor,69e4b08d000000001d01c1bc,https://www.xiaohongshu.com/explore/69e4b08d000000001d01c1bc?source=webshare&xhsshare=pc_web&xsec_token=ABNo_BFRrK-4aWK8jdQuDcf_-QmOr87KjFgtg1Au50bZs=&xsec_source=pc_share,unknown,"机器人马拉松参赛选手“进化速度这一块”

",69e4d798000000001401e000,1,l1_per_post_mixed,6,1.0,194.0,5.0,7,这尼玛太诡异了,,,,,,,379.0,,55e1c92fc2bdeb54dab555a3,2026.04.19,浙江,"

"
batch2_anchor,69e4b08d000000001d01c1bc,https://www.xiaohongshu.com/explore/69e4b08d000000001d01c1bc?source=webshare&xhsshare=pc_web&xsec_token=ABNo_BFRrK-4aWK8jdQuDcf_-QmOr87KjFgtg1Au50bZs=&xsec_source=pc_share,unknown,"机器人马拉松参赛选手“进化速度这一块”

",69e500dc000000001401bc1f,1,l1_per_post_mixed,7,2.0,24.0,1.0,27,看吧，豆包随便跑个马拉松都比那个天天打一堆广告的千问火,,,,,,,379.0,,68ee335e00000000310121a1,2026.04.20,广东,"

"
batch2_anchor,69e4b08d000000001d01c1bc,https://www.xiaohongshu.com/explore/69e4b08d000000001d01c1bc?source=webshare&xhsshare=pc_web&xsec_token=ABNo_BFRrK-4aWK8jdQuDcf_-QmOr87KjFgtg1Au50bZs=&xsec_source=pc_share,unknown,"机器人马拉松参赛选手“进化速度这一块”

",69e4ee6e000000001401e03b,1,l1_per_post_mixed,8,0.0,0.0,0.0,44,好好发展，我爸就不愁没孙子带了…或者一边照顾孙子一边照顾机器人…[doge][doge],,,,,,,379.0,,623868f2000000001000f698,2026.04.19,安徽,"

"
batch2_anchor,69e4b08d000000001d01c1bc,https://www.xiaohongshu.com/explore/69e4b08d000000001d01c1bc?source=webshare&xhsshare=pc_web&xsec_token=ABNo_BFRrK-4aWK8jdQuDcf_-QmOr87KjFgtg1Au50bZs=&xsec_source=pc_share,unknown,"机器人马拉松参赛选手“进化速度这一块”

",69e4ec1b000000001401b826,1,l1_per_post_mixed,9,4.0,2.0,0.0,41,科技在初期都“敢”上台“出糗”，我们也要接受一开始不完美的自己，都在发展[派对R],,,,,,,379.0,,5fa53420000000000100141b,2026.04.19,浙江,"

"
batch2_anchor,69e4b08d000000001d01c1bc,https://www.xiaohongshu.com/explore/69e4b08d000000001d01c1bc?source=webshare&xhsshare=pc_web&xsec_token=ABNo_BFRrK-4aWK8jdQuDcf_-QmOr87KjFgtg1Au50bZs=&xsec_source=pc_share,unknown,"机器人马拉松参赛选手“进化速度这一块”

",69e4ebe3000000001401ac21,1,l1_per_post_mixed,10,1.0,1.0,0.0,26,是因为要高考了吗，感觉都是作文素材，要疯了[捂脸R],,,,,,,379.0,,62d6c9a60000000002003510,2026.04.19,湖北,"

"
batch2_anchor,69e4b08d000000001d01c1bc,https://www.xiaohongshu.com/explore/69e4b08d000000001d01c1bc?source=webshare&xhsshare=pc_web&xsec_token=ABNo_BFRrK-4aWK8jdQuDcf_-QmOr87KjFgtg1Au50bZs=&xsec_source=pc_share,unknown,"机器人马拉松参赛选手“进化速度这一块”

",69e4dd180000000014019419,1,l1_per_post_mixed,11,,0.0,0.0,3,刚刷到,,,,,,,379.0,,5d0edc91000000001102d940,2026.04.19,河北,"

"
batch2_anchor,69e4b08d000000001d01c1bc,https://www.xiaohongshu.com/explore/69e4b08d000000001d01c1bc?source=webshare&xhsshare=pc_web&xsec_token=ABNo_BFRrK-4aWK8jdQuDcf_-QmOr87KjFgtg1Au50bZs=&xsec_source=pc_share,unknown,"机器人马拉松参赛选手“进化速度这一块”

",69e4dc53000000001401e438,1,l1_per_post_mixed,12,0.0,0.0,0.0,7,机器人的来时路,,,,,,,379.0,,650d3e67000000001200649e,2026.04.19,北京,"

"
batch2_anchor,69e4b08d000000001d01c1bc,https://www.xiaohongshu.com/explore/69e4b08d000000001d01c1bc?source=webshare&xhsshare=pc_web&xsec_token=ABNo_BFRrK-4aWK8jdQuDcf_-QmOr87KjFgtg1Au50bZs=&xsec_source=pc_share,unknown,"机器人马拉松参赛选手“进化速度这一块”

",69e4c8cb000000001401c82d,1,l1_per_post_mixed,13,2.0,129.0,0.0,20,聪明的都在整活，老实的都在起跑[okR],,,,,,,379.0,,659fc40d0000000022015ec7,2026.04.19,浙江,"

"
batch2_anchor,69e4b08d000000001d01c1bc,https://www.xiaohongshu.com/explore/69e4b08d000000001d01c1bc?source=webshare&xhsshare=pc_web&xsec_token=ABNo_BFRrK-4aWK8jdQuDcf_-QmOr87KjFgtg1Au50bZs=&xsec_source=pc_share,unknown,"机器人马拉松参赛选手“进化速度这一块”

",69e4eded000000001401ac05,1,l1_per_post_mixed,14,0.0,0.0,0.0,17,《我，机器人》这个电影要成为现实了,,,,,,,379.0,,5a23688f4eacab39210fe8bf,2026.04.19,山东,"

"
batch2_anchor,69e4b08d000000001d01c1bc,https://www.xiaohongshu.com/explore/69e4b08d000000001d01c1bc?source=webshare&xhsshare=pc_web&xsec_token=ABNo_BFRrK-4aWK8jdQuDcf_-QmOr87KjFgtg1Au50bZs=&xsec_source=pc_share,unknown,"机器人马拉松参赛选手“进化速度这一块”

",69e4cc65000000001401e417,1,l1_per_post_mixed,15,,0.0,0.0,10,@菜粿 [doge],,,,,,,379.0,,59852c296a6a697bd42a5393,2026.04.19,广东,"

"
batch2_anchor,69e4b08d000000001d01c1bc,https://www.xiaohongshu.com/explore/69e4b08d000000001d01c1bc?source=webshare&xhsshare=pc_web&xsec_token=ABNo_BFRrK-4aWK8jdQuDcf_-QmOr87KjFgtg1Au50bZs=&xsec_source=pc_share,unknown,"机器人马拉松参赛选手“进化速度这一块”

",69e4da0f000000001401d820,1,l1_per_post_mixed,16,0.0,1807.0,66.0,32,emm……马拉松的意义不是锻炼身体和耐力么，机器人真的需要这个吗,,,,,,,379.0,,65da061b000000000401c5e9,2026.04.19,浙江,"

"
batch2_anchor,69e4b08d000000001d01c1bc,https://www.xiaohongshu.com/explore/69e4b08d000000001d01c1bc?source=webshare&xhsshare=pc_web&xsec_token=ABNo_BFRrK-4aWK8jdQuDcf_-QmOr87KjFgtg1Au50bZs=&xsec_source=pc_share,unknown,"机器人马拉松参赛选手“进化速度这一块”

",69e4eb6f000000001401c424,1,l1_per_post_mixed,17,,125.0,9.0,16,这。。。。谁想出来的，太诡异了吧,,,,,,,379.0,,5bba603fef9a62000139aaa2,2026.04.19,四川,"

"
batch2_anchor,69e4b08d000000001d01c1bc,https://www.xiaohongshu.com/explore/69e4b08d000000001d01c1bc?source=webshare&xhsshare=pc_web&xsec_token=ABNo_BFRrK-4aWK8jdQuDcf_-QmOr87KjFgtg1Au50bZs=&xsec_source=pc_share,unknown,"机器人马拉松参赛选手“进化速度这一块”

",69e4d200000000001401d80b,1,l1_per_post_mixed,18,0.0,1061.0,50.0,19,但是AI发达了我只会感觉害怕[笑哭R],,,,,,,379.0,,69cb2c94000000003201cdf8,2026.04.19,湖北,"

"
batch2_anchor,69e4b08d000000001d01c1bc,https://www.xiaohongshu.com/explore/69e4b08d000000001d01c1bc?source=webshare&xhsshare=pc_web&xsec_token=ABNo_BFRrK-4aWK8jdQuDcf_-QmOr87KjFgtg1Au50bZs=&xsec_source=pc_share,unknown,"机器人马拉松参赛选手“进化速度这一块”

",69e4d08e000000001401a422,1,l1_per_post_mixed,19,0.0,280.0,9.0,9,邓超机器人笑发财了,,,,,,,379.0,,5cee1b18000000001802c8a1,2026.04.19,广东,"

"
batch2_anchor,69e4b08d000000001d01c1bc,https://www.xiaohongshu.com/explore/69e4b08d000000001d01c1bc?source=webshare&xhsshare=pc_web&xsec_token=ABNo_BFRrK-4aWK8jdQuDcf_-QmOr87KjFgtg1Au50bZs=&xsec_source=pc_share,unknown,"机器人马拉松参赛选手“进化速度这一块”

",69e4b97e000000001401a82a,1,l1_per_post_mixed,20,2.0,155.0,4.0,11,48分钟啊，你数据不对,,,,,,,379.0,,59a64715b1da147a16ff534d,2026.04.19,广东,"

"
batch2_anchor,69e4b08d000000001d01c1bc,https://www.xiaohongshu.com/explore/69e4b08d000000001d01c1bc?source=webshare&xhsshare=pc_web&xsec_token=ABNo_BFRrK-4aWK8jdQuDcf_-QmOr87KjFgtg1Au50bZs=&xsec_source=pc_share,unknown,"机器人马拉松参赛选手“进化速度这一块”

",69e4ea77000000001401c814,1,l1_per_post_mixed,21,0.0,0.0,6.0,27,冠军颁给机器人了？不太合适吧，可以专门给机器人搞比赛啊,,,,,,,379.0,,5b4a0f80e8ac2b111020a36f,2026.04.19,四川,"

"
batch2_anchor,69e4b08d000000001d01c1bc,https://www.xiaohongshu.com/explore/69e4b08d000000001d01c1bc?source=webshare&xhsshare=pc_web&xsec_token=ABNo_BFRrK-4aWK8jdQuDcf_-QmOr87KjFgtg1Au50bZs=&xsec_source=pc_share,unknown,"机器人马拉松参赛选手“进化速度这一块”

",69e4e7de000000001401dc1a,1,l1_per_post_mixed,22,2.0,10.0,4.0,30,它们再发展发展，能背着我跑就好了，就不用自己开车了[偷笑R],,,,,,,379.0,,59774edd5e87e73c53fd8b5d,2026.04.19,广东,"

"
batch2_anchor,69e4b08d000000001d01c1bc,https://www.xiaohongshu.com/explore/69e4b08d000000001d01c1bc?source=webshare&xhsshare=pc_web&xsec_token=ABNo_BFRrK-4aWK8jdQuDcf_-QmOr87KjFgtg1Au50bZs=&xsec_source=pc_share,unknown,"机器人马拉松参赛选手“进化速度这一块”

",69e4e053000000001401c416,1,l1_per_post_mixed,23,1.0,4.0,0.0,22,那个饭撒的是在张杰演唱会上的机器人[笑哭R],,,,,,,379.0,,5ee0559d00000000010071c5,2026.04.19,山东,"

"
batch2_anchor,69e4b08d000000001d01c1bc,https://www.xiaohongshu.com/explore/69e4b08d000000001d01c1bc?source=webshare&xhsshare=pc_web&xsec_token=ABNo_BFRrK-4aWK8jdQuDcf_-QmOr87KjFgtg1Au50bZs=&xsec_source=pc_share,unknown,"机器人马拉松参赛选手“进化速度这一块”

",69e4dbc1000000001401ac26,1,l1_per_post_mixed,24,0.0,0.0,0.0,23,ai终有一日会背叛人类，到时我们就发展生物科技,,,,,,,379.0,,5989db3b82ec395c21b07890,2026.04.19,广东,"

"
batch2_anchor,69e4b08d000000001d01c1bc,https://www.xiaohongshu.com/explore/69e4b08d000000001d01c1bc?source=webshare&xhsshare=pc_web&xsec_token=ABNo_BFRrK-4aWK8jdQuDcf_-QmOr87KjFgtg1Au50bZs=&xsec_source=pc_share,unknown,"机器人马拉松参赛选手“进化速度这一块”

",69e4db6d000000001401c800,1,l1_per_post_mixed,25,0.0,0.0,0.0,56,"以后家用机器人，接送孩子，去帮你去另外个地方办事。
这种马拉松耐力测试，对于长时间使用场景，就很有用了[笑哭R]",,,,,,,379.0,,6379fd3b000000001f017183,2026.04.19,北京,"

"
batch2_anchor,69e4b08d000000001d01c1bc,https://www.xiaohongshu.com/explore/69e4b08d000000001d01c1bc?source=webshare&xhsshare=pc_web&xsec_token=ABNo_BFRrK-4aWK8jdQuDcf_-QmOr87KjFgtg1Au50bZs=&xsec_source=pc_share,unknown,"机器人马拉松参赛选手“进化速度这一块”

",69e4d8d4000000001401941e,1,l1_per_post_mixed,26,0.0,1.0,0.0,23,那个拍手的机器人最后被拖回去了，因为没电了好像,,,,,,,379.0,,56a2595150c4b47cc15d983f,2026.04.19,广东,"

"
batch2_anchor,69e4b08d000000001d01c1bc,https://www.xiaohongshu.com/explore/69e4b08d000000001d01c1bc?source=webshare&xhsshare=pc_web&xsec_token=ABNo_BFRrK-4aWK8jdQuDcf_-QmOr87KjFgtg1Au50bZs=&xsec_source=pc_share,unknown,"机器人马拉松参赛选手“进化速度这一块”

",69e4d105000000001401bc1f,1,l1_per_post_mixed,27,0.0,0.0,1.0,15,@菲啊~ 哈哈哈哈邓超型机器人,,,,,,,379.0,,64eeaa74000000000100c363,2026.04.19,广东,"

"
batch2_anchor,69e4b08d000000001d01c1bc,https://www.xiaohongshu.com/explore/69e4b08d000000001d01c1bc?source=webshare&xhsshare=pc_web&xsec_token=ABNo_BFRrK-4aWK8jdQuDcf_-QmOr87KjFgtg1Au50bZs=&xsec_source=pc_share,unknown,"机器人马拉松参赛选手“进化速度这一块”

",69e4d0880000000014019816,1,l1_per_post_mixed,28,0.0,10.0,2.0,24,你是说再活132年机器人就可以公主抱我去上班了吗,,,,,,,379.0,,6746e16b0000000001000960,2026.04.19,重庆,"

"
batch2_anchor,69e4b08d000000001d01c1bc,https://www.xiaohongshu.com/explore/69e4b08d000000001d01c1bc?source=webshare&xhsshare=pc_web&xsec_token=ABNo_BFRrK-4aWK8jdQuDcf_-QmOr87KjFgtg1Au50bZs=&xsec_source=pc_share,unknown,"机器人马拉松参赛选手“进化速度这一块”

",69e4d00f000000001401d40a,1,l1_per_post_mixed,29,0.0,16.0,6.0,32,为啥他能打破半马记录，破不了全马的？机器人也会累吗[暗中观察R],,,,,,,379.0,,5c3c97d5000000000703e19c,2026.04.19,江苏,"

"
batch2_anchor,69e4b08d000000001d01c1bc,https://www.xiaohongshu.com/explore/69e4b08d000000001d01c1bc?source=webshare&xhsshare=pc_web&xsec_token=ABNo_BFRrK-4aWK8jdQuDcf_-QmOr87KjFgtg1Au50bZs=&xsec_source=pc_share,unknown,"机器人马拉松参赛选手“进化速度这一块”

",69e4d00c000000001401c016,1,l1_per_post_mixed,30,1.0,57.0,1.0,45,这个跳舞机器人还去张杰演唱会当伴舞了[笑哭R]跳舞他是专业的[笑哭R][笑哭R][笑哭R],,,,,,,379.0,,55fae51941a2b33299e5d8db,2026.04.19,北京,"

"
batch2_anchor,69e46730000000001d0199c8,https://www.xiaohongshu.com/explore/69e46730000000001d0199c8?source=webshare&xhsshare=pc_web&xsec_token=ABNo_BFRrK-4aWK8jdQuDcfzqZMnMiFJ0tRzfs5N3w0uw=&xsec_source=pc_share,unknown,"

",69e4d3db000000001401b839,1,l1_per_post_mixed,1,2.0,254.0,8.0,8,这个最像人跑步👍,,,,,,,761.0,,621b75550000000021021d38,2026.04.19,广东,"

"
batch2_anchor,69e46730000000001d0199c8,https://www.xiaohongshu.com/explore/69e46730000000001d0199c8?source=webshare&xhsshare=pc_web&xsec_token=ABNo_BFRrK-4aWK8jdQuDcfzqZMnMiFJ0tRzfs5N3w0uw=&xsec_source=pc_share,unknown,"

",69e4b56c000000001401e82f,1,l1_per_post_mixed,2,3.0,51.0,35.0,8,也就是遥控玩具吧,,,,,,,761.0,,657c35cc0000000020035899,2026.04.19,陕西,"

"
batch2_anchor,69e46730000000001d0199c8,https://www.xiaohongshu.com/explore/69e46730000000001d0199c8?source=webshare&xhsshare=pc_web&xsec_token=ABNo_BFRrK-4aWK8jdQuDcfzqZMnMiFJ0tRzfs5N3w0uw=&xsec_source=pc_share,unknown,"

",69e4b9a2000000001401c431,1,l1_per_post_mixed,3,0.0,0.0,0.0,47,哈哈哈哈博主淡淡的吐槽好有喜感，看着一个个机器人在努力赛跑好可爱啊，感觉在看一个种族的新生（）,,,,,,,761.0,,5cfa7774000000000603980d,2026.04.19,广东,"

"
batch2_anchor,69e46730000000001d0199c8,https://www.xiaohongshu.com/explore/69e46730000000001d0199c8?source=webshare&xhsshare=pc_web&xsec_token=ABNo_BFRrK-4aWK8jdQuDcfzqZMnMiFJ0tRzfs5N3w0uw=&xsec_source=pc_share,unknown,"

",69e4b889000000001401b801,1,l1_per_post_mixed,4,1.0,0.0,0.0,15,声音好听 解说有意思[点赞R],,,,,,,761.0,,6093693e000000000101f7d3,2026.04.19,日本,"

"
batch2_anchor,69e46730000000001d0199c8,https://www.xiaohongshu.com/explore/69e46730000000001d0199c8?source=webshare&xhsshare=pc_web&xsec_token=ABNo_BFRrK-4aWK8jdQuDcfzqZMnMiFJ0tRzfs5N3w0uw=&xsec_source=pc_share,unknown,"

",69e7e57b0000000014019c00,1,l1_per_post_mixed,5,1.0,0.0,0.0,9,你这一听就是拼豆人,,,,,,,761.0,,677fdcd3000000000803f288,2026.04.22,上海,"

"
batch2_anchor,69e46730000000001d0199c8,https://www.xiaohongshu.com/explore/69e46730000000001d0199c8?source=webshare&xhsshare=pc_web&xsec_token=ABNo_BFRrK-4aWK8jdQuDcfzqZMnMiFJ0tRzfs5N3w0uw=&xsec_source=pc_share,unknown,"

",69ef13880000000027023e1c,1,l1_per_post_mixed,6,,1.0,0.0,16,@Acolasia. [捂脸R],,,,,,,761.0,,5f5c5b38000000000101d36a,2026.04.27,山东,"

"
batch2_anchor,69e46730000000001d0199c8,https://www.xiaohongshu.com/explore/69e46730000000001d0199c8?source=webshare&xhsshare=pc_web&xsec_token=ABNo_BFRrK-4aWK8jdQuDcfzqZMnMiFJ0tRzfs5N3w0uw=&xsec_source=pc_share,unknown,"

",69e46b1c000000001401c433,1,l1_per_post_mixed,7,1.0,1223.0,19.0,15,你解说的好棒 太逗了[偷笑R],,,,,,,761.0,,5ab5b34f11be10767aeeb06d,2026.04.19,北京,"

"
batch2_anchor,69e46730000000001d0199c8,https://www.xiaohongshu.com/explore/69e46730000000001d0199c8?source=webshare&xhsshare=pc_web&xsec_token=ABNo_BFRrK-4aWK8jdQuDcfzqZMnMiFJ0tRzfs5N3w0uw=&xsec_source=pc_share,unknown,"

",69e52051000000001401bc02,1,l1_per_post_mixed,8,2.0,2979.0,7.0,20,不得不说，第一个跑的确实最快，吧嗒吧嗒的,,,,,,,761.0,,61699633000000000201bd26,2026.04.20,湖南,"

"
batch2_anchor,69e46730000000001d0199c8,https://www.xiaohongshu.com/explore/69e46730000000001d0199c8?source=webshare&xhsshare=pc_web&xsec_token=ABNo_BFRrK-4aWK8jdQuDcfzqZMnMiFJ0tRzfs5N3w0uw=&xsec_source=pc_share,unknown,"

",69e748fd0000000014019805,1,l1_per_post_mixed,9,0.0,35.0,26.0,13,请问制造跑步机器人🈶何用？,,,,,,,761.0,,69ae83970000000033026b02,2026.04.21,云南,"

"
batch2_anchor,69e46730000000001d0199c8,https://www.xiaohongshu.com/explore/69e46730000000001d0199c8?source=webshare&xhsshare=pc_web&xsec_token=ABNo_BFRrK-4aWK8jdQuDcfzqZMnMiFJ0tRzfs5N3w0uw=&xsec_source=pc_share,unknown,"

",69e5ea50000000001401d834,1,l1_per_post_mixed,10,1.0,96.0,4.0,11,可是我觉得它们好可爱啊,,,,,,,761.0,,665bde3f0000000007005d31,2026.04.20,广东,"

"
batch2_anchor,69e46730000000001d0199c8,https://www.xiaohongshu.com/explore/69e46730000000001d0199c8?source=webshare&xhsshare=pc_web&xsec_token=ABNo_BFRrK-4aWK8jdQuDcfzqZMnMiFJ0tRzfs5N3w0uw=&xsec_source=pc_share,unknown,"

",69e4db75000000001401c83d,1,l1_per_post_mixed,11,1.0,380.0,4.0,17,强烈要求主播下界要上去解说 更精彩,,,,,,,761.0,,5fabf660000000000100a676,2026.04.19,福建,"

"
batch2_anchor,69e46730000000001d0199c8,https://www.xiaohongshu.com/explore/69e46730000000001d0199c8?source=webshare&xhsshare=pc_web&xsec_token=ABNo_BFRrK-4aWK8jdQuDcfzqZMnMiFJ0tRzfs5N3w0uw=&xsec_source=pc_share,unknown,"

",69e4f138000000001401e82f,1,l1_per_post_mixed,12,0.0,32.0,4.0,24,搞机器人的再努努力吧，目前没有一个能当我的男朋友,,,,,,,761.0,,60bdc3fa0000000001003ec5,2026.04.19,北京,"

"
batch2_anchor,69e46730000000001d0199c8,https://www.xiaohongshu.com/explore/69e46730000000001d0199c8?source=webshare&xhsshare=pc_web&xsec_token=ABNo_BFRrK-4aWK8jdQuDcfzqZMnMiFJ0tRzfs5N3w0uw=&xsec_source=pc_share,unknown,"

",69e5ca520000000014018c0d,1,l1_per_post_mixed,13,2.0,13.0,3.0,13,这几个最像跑马拉松跑不动了,,,,,,,761.0,,5f30b7960000000001008fb7,2026.04.20,广东,"

"
batch2_anchor,69e46730000000001d0199c8,https://www.xiaohongshu.com/explore/69e46730000000001d0199c8?source=webshare&xhsshare=pc_web&xsec_token=ABNo_BFRrK-4aWK8jdQuDcfzqZMnMiFJ0tRzfs5N3w0uw=&xsec_source=pc_share,unknown,"

",69e6edd9000000001401a022,1,l1_per_post_mixed,14,1.0,0.0,0.0,7,给解说赞一下！,,,,,,,761.0,,5e7aa2910000000001008251,2026.04.21,广东,"

"
batch2_anchor,69e46730000000001d0199c8,https://www.xiaohongshu.com/explore/69e46730000000001d0199c8?source=webshare&xhsshare=pc_web&xsec_token=ABNo_BFRrK-4aWK8jdQuDcfzqZMnMiFJ0tRzfs5N3w0uw=&xsec_source=pc_share,unknown,"

",69e4dd95000000001401a411,1,l1_per_post_mixed,15,2.0,18.0,2.0,14,休息的这个好熟悉 [扶墙R],,,,,,,761.0,,593530cd5e87e76a924624ff,2026.04.19,浙江,"

"
batch2_anchor,69e46730000000001d0199c8,https://www.xiaohongshu.com/explore/69e46730000000001d0199c8?source=webshare&xhsshare=pc_web&xsec_token=ABNo_BFRrK-4aWK8jdQuDcfzqZMnMiFJ0tRzfs5N3w0uw=&xsec_source=pc_share,unknown,"

",69e4ba66000000001401c80f,1,l1_per_post_mixed,16,1.0,35.0,4.0,20,第三个有一点点像薛之谦，别打我[捂脸R],,,,,,,761.0,,66e5a91f000000000b031b4e,2026.04.19,北京,"

"
batch2_anchor,69e46730000000001d0199c8,https://www.xiaohongshu.com/explore/69e46730000000001d0199c8?source=webshare&xhsshare=pc_web&xsec_token=ABNo_BFRrK-4aWK8jdQuDcfzqZMnMiFJ0tRzfs5N3w0uw=&xsec_source=pc_share,unknown,"

",69e4fb80000000001401e81b,1,l1_per_post_mixed,17,2.0,1.0,0.0,6,第一个飞一样,,,,,,,761.0,,5d5bc705000000000100880c,2026.04.19,广东,"

"
batch2_anchor,69e46730000000001d0199c8,https://www.xiaohongshu.com/explore/69e46730000000001d0199c8?source=webshare&xhsshare=pc_web&xsec_token=ABNo_BFRrK-4aWK8jdQuDcfzqZMnMiFJ0tRzfs5N3w0uw=&xsec_source=pc_share,unknown,"

",69e4e367000000001401e021,1,l1_per_post_mixed,18,5.0,38.0,3.0,25,这不是热水器在跑步吗[笑哭R][笑哭R][笑哭R],,,,,,,761.0,,62029b440000000010009fa3,2026.04.19,广东,"

"
batch2_anchor,69e46730000000001d0199c8,https://www.xiaohongshu.com/explore/69e46730000000001d0199c8?source=webshare&xhsshare=pc_web&xsec_token=ABNo_BFRrK-4aWK8jdQuDcfzqZMnMiFJ0tRzfs5N3w0uw=&xsec_source=pc_share,unknown,"

",69e56111000000001401b002,1,l1_per_post_mixed,19,1.0,19.0,1.0,16,你说话的节奏很像脱口秀的鸟鸟老师,,,,,,,761.0,,5b2d0f936b58b73d38ca5119,2026.04.20,安徽,"

"
batch2_anchor,69e46730000000001d0199c8,https://www.xiaohongshu.com/explore/69e46730000000001d0199c8?source=webshare&xhsshare=pc_web&xsec_token=ABNo_BFRrK-4aWK8jdQuDcfzqZMnMiFJ0tRzfs5N3w0uw=&xsec_source=pc_share,unknown,"

",69e5043c0000000014019c02,1,l1_per_post_mixed,20,1.0,40.0,1.0,7,你的解说好松弛,,,,,,,761.0,,56f5fb37aed7582656b7a83b,2026.04.20,新疆,"

"
batch2_anchor,69e46730000000001d0199c8,https://www.xiaohongshu.com/explore/69e46730000000001d0199c8?source=webshare&xhsshare=pc_web&xsec_token=ABNo_BFRrK-4aWK8jdQuDcfzqZMnMiFJ0tRzfs5N3w0uw=&xsec_source=pc_share,unknown,"

",69e60675000000001401c028,1,l1_per_post_mixed,21,,1.0,0.0,12,有的比我跑得快[笑哭R],,,,,,,761.0,,59ae39085e87e773f60991d0,2026.04.20,湖北,"

"
batch2_anchor,69e46730000000001d0199c8,https://www.xiaohongshu.com/explore/69e46730000000001d0199c8?source=webshare&xhsshare=pc_web&xsec_token=ABNo_BFRrK-4aWK8jdQuDcfzqZMnMiFJ0tRzfs5N3w0uw=&xsec_source=pc_share,unknown,"

",69e49b39000000001401e427,1,l1_per_post_mixed,22,,0.0,0.0,11,你解说的真逗[捂脸R],,,,,,,761.0,,65dc67b5000000000500d4a5,2026.04.19,广东,"

"
batch2_anchor,69e46730000000001d0199c8,https://www.xiaohongshu.com/explore/69e46730000000001d0199c8?source=webshare&xhsshare=pc_web&xsec_token=ABNo_BFRrK-4aWK8jdQuDcfzqZMnMiFJ0tRzfs5N3w0uw=&xsec_source=pc_share,unknown,"

",69e4b3e3000000001401c00e,1,l1_per_post_mixed,23,1.0,6.0,0.0,17,整个帽子是怕它被晒黑吗[doge],,,,,,,761.0,,5c7fcf040000000016020105,2026.04.19,云南,"

"
batch2_anchor,69e46730000000001d0199c8,https://www.xiaohongshu.com/explore/69e46730000000001d0199c8?source=webshare&xhsshare=pc_web&xsec_token=ABNo_BFRrK-4aWK8jdQuDcfzqZMnMiFJ0tRzfs5N3w0uw=&xsec_source=pc_share,unknown,"

",69e4c828000000001401b81a,1,l1_per_post_mixed,24,1.0,0.0,0.0,4,声音好听,,,,,,,761.0,,6244555f000000001000569e,2026.04.19,北京,"

"
batch2_anchor,69e46730000000001d0199c8,https://www.xiaohongshu.com/explore/69e46730000000001d0199c8?source=webshare&xhsshare=pc_web&xsec_token=ABNo_BFRrK-4aWK8jdQuDcfzqZMnMiFJ0tRzfs5N3w0uw=&xsec_source=pc_share,unknown,"

",69e90f92000000001401c810,1,l1_per_post_mixed,25,2.0,1.0,1.0,4,像章若楠,,,,,,,761.0,,62ffa67f000000001501d45e,2026.04.23,陕西,"

"
batch2_anchor,69e46730000000001d0199c8,https://www.xiaohongshu.com/explore/69e46730000000001d0199c8?source=webshare&xhsshare=pc_web&xsec_token=ABNo_BFRrK-4aWK8jdQuDcfzqZMnMiFJ0tRzfs5N3w0uw=&xsec_source=pc_share,unknown,"

",69e5e270000000001401c415,1,l1_per_post_mixed,26,0.0,4.0,0.0,15,主播讲的给这些机器人搞笑翻倍了,,,,,,,761.0,,661a72d00000000007005b00,2026.04.20,湖北,"

"
batch2_anchor,69e46730000000001d0199c8,https://www.xiaohongshu.com/explore/69e46730000000001d0199c8?source=webshare&xhsshare=pc_web&xsec_token=ABNo_BFRrK-4aWK8jdQuDcfzqZMnMiFJ0tRzfs5N3w0uw=&xsec_source=pc_share,unknown,"

",69e4c658000000001401dc0a,1,l1_per_post_mixed,27,0.0,2.0,0.0,28,你好平静的对每个机器人蛐蛐[笑哭R][笑哭R][笑哭R],,,,,,,761.0,,56f8f5a44775a76840fe76e8,2026.04.19,安徽,"

"
batch2_anchor,69e46730000000001d0199c8,https://www.xiaohongshu.com/explore/69e46730000000001d0199c8?source=webshare&xhsshare=pc_web&xsec_token=ABNo_BFRrK-4aWK8jdQuDcfzqZMnMiFJ0tRzfs5N3w0uw=&xsec_source=pc_share,unknown,"

",69e4afb3000000001401a001,1,l1_per_post_mixed,28,2.0,0.0,0.0,10,去哪啊 还回来吃饭吗,,,,,,,761.0,,5b37350ee8ac2b0766643b44,2026.04.19,黑龙江,"

"
batch2_anchor,69e46730000000001d0199c8,https://www.xiaohongshu.com/explore/69e46730000000001d0199c8?source=webshare&xhsshare=pc_web&xsec_token=ABNo_BFRrK-4aWK8jdQuDcfzqZMnMiFJ0tRzfs5N3w0uw=&xsec_source=pc_share,unknown,"

",69e4c435000000001401e015,1,l1_per_post_mixed,29,5.0,0.0,0.0,7,背了四个散热器,,,,,,,761.0,,5c67cbbd0000000011006f2a,2026.04.19,浙江,"

"
batch2_anchor,69e46730000000001d0199c8,https://www.xiaohongshu.com/explore/69e46730000000001d0199c8?source=webshare&xhsshare=pc_web&xsec_token=ABNo_BFRrK-4aWK8jdQuDcfzqZMnMiFJ0tRzfs5N3w0uw=&xsec_source=pc_share,unknown,"

",69e4c31f0000000014019403,1,l1_per_post_mixed,30,4.0,0.0,0.0,5,军刀雅典娜,,,,,,,761.0,,694d436c0000000003013ead,2026.04.19,河北,"

"
batch2_anchor,69e4c771000000002102c3fc,https://www.xiaohongshu.com/explore/69e4c771000000002102c3fc?source=webshare&xhsshare=pc_web&xsec_token=ABNo_BFRrK-4aWK8jdQuDcf5sNOG0SZHayf_1Oz3MYGk4=&xsec_source=pc_share,unknown,"一镜到底！看人形机器人跑半马如何补给。

",69e62d74000000001401942e,1,l1_per_post_mixed,1,6.0,62.0,1.0,11,都是年轻技术人员，真棒,,,,,,,89.0,,5deb1026000000000100107e,2026.04.20,江西,"

"
batch2_anchor,69e4c771000000002102c3fc,https://www.xiaohongshu.com/explore/69e4c771000000002102c3fc?source=webshare&xhsshare=pc_web&xsec_token=ABNo_BFRrK-4aWK8jdQuDcf5sNOG0SZHayf_1Oz3MYGk4=&xsec_source=pc_share,unknown,"一镜到底！看人形机器人跑半马如何补给。

",69e4ec3b000000001401d81d,1,l1_per_post_mixed,2,0.0,2317.0,2.0,50,很骄傲，这么优秀的工程师，制造出了这么好的机器人，都是我们国家的[飞吻R]祝国泰民安，繁荣昌盛！！！,,,,,,,89.0,,616f8c94000000000201ae41,2026.04.19,山东,"

"
batch2_anchor,69e4c771000000002102c3fc,https://www.xiaohongshu.com/explore/69e4c771000000002102c3fc?source=webshare&xhsshare=pc_web&xsec_token=ABNo_BFRrK-4aWK8jdQuDcf5sNOG0SZHayf_1Oz3MYGk4=&xsec_source=pc_share,unknown,"一镜到底！看人形机器人跑半马如何补给。

",69e4f96b000000002b00361c,1,l1_per_post_mixed,3,6.0,1138.0,1.0,18,看这技术人员都这么年轻，真棒[赞R],,,,,,,89.0,,59bf438551783a19e2f4e108,2026.04.19,加拿大,"

"
batch2_anchor,69e4c771000000002102c3fc,https://www.xiaohongshu.com/explore/69e4c771000000002102c3fc?source=webshare&xhsshare=pc_web&xsec_token=ABNo_BFRrK-4aWK8jdQuDcf5sNOG0SZHayf_1Oz3MYGk4=&xsec_source=pc_share,unknown,"一镜到底！看人形机器人跑半马如何补给。

",69e52b25000000001401c403,1,l1_per_post_mixed,4,6.0,310.0,1.0,8,祝祖国繁荣昌盛！,,,,,,,89.0,,64ceac98000000000b0080ca,2026.04.20,美国,"

"
batch2_anchor,69e4c771000000002102c3fc,https://www.xiaohongshu.com/explore/69e4c771000000002102c3fc?source=webshare&xhsshare=pc_web&xsec_token=ABNo_BFRrK-4aWK8jdQuDcf5sNOG0SZHayf_1Oz3MYGk4=&xsec_source=pc_share,unknown,"一镜到底！看人形机器人跑半马如何补给。

",69e4f103000000001401e018,1,l1_per_post_mixed,5,6.0,545.0,0.0,16,时隔一年进步就这么大，为祖国骄傲,,,,,,,89.0,,5a423f11b1da145dbb815414,2026.04.19,山西,"

"
batch2_anchor,69e4c771000000002102c3fc,https://www.xiaohongshu.com/explore/69e4c771000000002102c3fc?source=webshare&xhsshare=pc_web&xsec_token=ABNo_BFRrK-4aWK8jdQuDcf5sNOG0SZHayf_1Oz3MYGk4=&xsec_source=pc_share,unknown,"一镜到底！看人形机器人跑半马如何补给。

",69e51334000000001401cc07,1,l1_per_post_mixed,6,4.0,169.0,0.0,16,好好练，将来分担抢险救灾的工作💪,,,,,,,89.0,,63ea6311000000002501f594,2026.04.20,广东,"

"
batch2_anchor,69e4c771000000002102c3fc,https://www.xiaohongshu.com/explore/69e4c771000000002102c3fc?source=webshare&xhsshare=pc_web&xsec_token=ABNo_BFRrK-4aWK8jdQuDcf5sNOG0SZHayf_1Oz3MYGk4=&xsec_source=pc_share,unknown,"一镜到底！看人形机器人跑半马如何补给。

",69e4feb3000000001401d81a,1,l1_per_post_mixed,7,0.0,232.0,0.0,49,好酷，这种比赛太棒了，能让正常的中国人看到现在机器人研发的进度是怎么样。很直观，也不隐藏，泰酷辣。,,,,,,,89.0,,5c0fd5826b58b749f31b18d0,2026.04.20,重庆,"

"
batch2_anchor,69e4c771000000002102c3fc,https://www.xiaohongshu.com/explore/69e4c771000000002102c3fc?source=webshare&xhsshare=pc_web&xsec_token=ABNo_BFRrK-4aWK8jdQuDcf5sNOG0SZHayf_1Oz3MYGk4=&xsec_source=pc_share,unknown,"一镜到底！看人形机器人跑半马如何补给。

",69e5b4900000000014018c0e,1,l1_per_post_mixed,8,4.0,16.0,0.0,8,孩子们在创造历史,,,,,,,89.0,,5fda096000000000010072a7,2026.04.20,北京,"

"
batch2_anchor,69e4c771000000002102c3fc,https://www.xiaohongshu.com/explore/69e4c771000000002102c3fc?source=webshare&xhsshare=pc_web&xsec_token=ABNo_BFRrK-4aWK8jdQuDcf5sNOG0SZHayf_1Oz3MYGk4=&xsec_source=pc_share,unknown,"一镜到底！看人形机器人跑半马如何补给。

",69e4f9a2000000001401a41a,1,l1_per_post_mixed,9,4.0,66.0,0.0,20,一代代的不断迭代优化，越来越好[点赞R],,,,,,,89.0,,60ffcf39000000000101f6e1,2026.04.19,日本,"

"
batch2_anchor,69e4c771000000002102c3fc,https://www.xiaohongshu.com/explore/69e4c771000000002102c3fc?source=webshare&xhsshare=pc_web&xsec_token=ABNo_BFRrK-4aWK8jdQuDcf5sNOG0SZHayf_1Oz3MYGk4=&xsec_source=pc_share,unknown,"一镜到底！看人形机器人跑半马如何补给。

",69e575ce000000001401e809,1,l1_per_post_mixed,10,6.0,27.0,0.0,22,所有技术人员都是最棒的，为你们骄傲[飞吻R],,,,,,,89.0,,63e863d90000000028019b75,2026.04.20,浙江,"

"
batch2_anchor,69e4c771000000002102c3fc,https://www.xiaohongshu.com/explore/69e4c771000000002102c3fc?source=webshare&xhsshare=pc_web&xsec_token=ABNo_BFRrK-4aWK8jdQuDcf5sNOG0SZHayf_1Oz3MYGk4=&xsec_source=pc_share,unknown,"一镜到底！看人形机器人跑半马如何补给。

",69e50e4e000000001401b803,1,l1_per_post_mixed,11,,22.0,0.0,50,很骄傲，这么优秀的工程师，制造出了这么好的机器人，都是我们国家的[飞吻R]祝国泰民安，繁荣昌盛！！！,,,,,,,89.0,,69435e400000000032028b94,2026.04.20,重庆,"

"
batch2_anchor,69e4c771000000002102c3fc,https://www.xiaohongshu.com/explore/69e4c771000000002102c3fc?source=webshare&xhsshare=pc_web&xsec_token=ABNo_BFRrK-4aWK8jdQuDcf5sNOG0SZHayf_1Oz3MYGk4=&xsec_source=pc_share,unknown,"一镜到底！看人形机器人跑半马如何补给。

",69e580ff000000001401b80c,1,l1_per_post_mixed,12,0.0,59.0,0.0,38,就像核聚变的工程师一样，机器人工程师很多都是年轻人，我对祖国的未来很有信心。,,,,,,,89.0,,60fe18a900000000010099ac,2026.04.20,安徽,"

"
batch2_anchor,69e4c771000000002102c3fc,https://www.xiaohongshu.com/explore/69e4c771000000002102c3fc?source=webshare&xhsshare=pc_web&xsec_token=ABNo_BFRrK-4aWK8jdQuDcf5sNOG0SZHayf_1Oz3MYGk4=&xsec_source=pc_share,unknown,"一镜到底！看人形机器人跑半马如何补给。

",69e5946f000000001401e81b,1,l1_per_post_mixed,13,6.0,9.0,0.0,13,祝祖国国泰民安，繁荣昌盛!,,,,,,,89.0,,5936c41482ec392966c90f9c,2026.04.20,安徽,"

"
batch2_anchor,69e4c771000000002102c3fc,https://www.xiaohongshu.com/explore/69e4c771000000002102c3fc?source=webshare&xhsshare=pc_web&xsec_token=ABNo_BFRrK-4aWK8jdQuDcf5sNOG0SZHayf_1Oz3MYGk4=&xsec_source=pc_share,unknown,"一镜到底！看人形机器人跑半马如何补给。

",69e50436000000001401d419,1,l1_per_post_mixed,14,,5.0,0.0,8,太酷了[飞吻R],,,,,,,89.0,,6987dded0000000021025eac,2026.04.20,四川,"

"
batch2_anchor,69e4c771000000002102c3fc,https://www.xiaohongshu.com/explore/69e4c771000000002102c3fc?source=webshare&xhsshare=pc_web&xsec_token=ABNo_BFRrK-4aWK8jdQuDcf5sNOG0SZHayf_1Oz3MYGk4=&xsec_source=pc_share,unknown,"一镜到底！看人形机器人跑半马如何补给。

",69e582bb000000001401e019,1,l1_per_post_mixed,15,6.0,8.0,0.0,14,真厉害，祖国强大。[皱眉R],,,,,,,89.0,,5fb91a350000000001006e1a,2026.04.20,江苏,"

"
batch2_anchor,69e4c771000000002102c3fc,https://www.xiaohongshu.com/explore/69e4c771000000002102c3fc?source=webshare&xhsshare=pc_web&xsec_token=ABNo_BFRrK-4aWK8jdQuDcf5sNOG0SZHayf_1Oz3MYGk4=&xsec_source=pc_share,unknown,"一镜到底！看人形机器人跑半马如何补给。

",69e5a928000000001401a80b,1,l1_per_post_mixed,16,6.0,5.0,0.0,11,太棒了！！！！期待明年,,,,,,,89.0,,5b7572fba9bc9c00012d75d1,2026.04.20,北京,"

"
batch2_anchor,69e4c771000000002102c3fc,https://www.xiaohongshu.com/explore/69e4c771000000002102c3fc?source=webshare&xhsshare=pc_web&xsec_token=ABNo_BFRrK-4aWK8jdQuDcf5sNOG0SZHayf_1Oz3MYGk4=&xsec_source=pc_share,unknown,"一镜到底！看人形机器人跑半马如何补给。

",69e57275000000001401dc14,1,l1_per_post_mixed,17,6.0,20.0,0.0,23,只有我们不想做 没有我们做不成的事 中国骄傲👍,,,,,,,89.0,,5c14d4f8000000000501c544,2026.04.20,辽宁,"

"
batch2_anchor,69e4c771000000002102c3fc,https://www.xiaohongshu.com/explore/69e4c771000000002102c3fc?source=webshare&xhsshare=pc_web&xsec_token=ABNo_BFRrK-4aWK8jdQuDcf5sNOG0SZHayf_1Oz3MYGk4=&xsec_source=pc_share,unknown,"一镜到底！看人形机器人跑半马如何补给。

",69e4f9e40000000014019820,1,l1_per_post_mixed,18,3.0,16.0,0.0,11,自主的，太酷了[赞R],,,,,,,89.0,,650e690e0000000012007787,2026.04.19,吉林,"

"
batch2_anchor,69e4c771000000002102c3fc,https://www.xiaohongshu.com/explore/69e4c771000000002102c3fc?source=webshare&xhsshare=pc_web&xsec_token=ABNo_BFRrK-4aWK8jdQuDcf5sNOG0SZHayf_1Oz3MYGk4=&xsec_source=pc_share,unknown,"一镜到底！看人形机器人跑半马如何补给。

",69e4f908000000001401880b,1,l1_per_post_mixed,19,,2.0,0.0,2,加油,,,,,,,89.0,,617530fd000000001f038e8d,2026.04.19,贵州,"

"
batch2_anchor,69e4c771000000002102c3fc,https://www.xiaohongshu.com/explore/69e4c771000000002102c3fc?source=webshare&xhsshare=pc_web&xsec_token=ABNo_BFRrK-4aWK8jdQuDcf5sNOG0SZHayf_1Oz3MYGk4=&xsec_source=pc_share,unknown,"一镜到底！看人形机器人跑半马如何补给。

",69e4f8e9000000001401c80f,1,l1_per_post_mixed,20,,0.0,0.0,8,厉害了[点赞R],,,,,,,89.0,,68bfe4f4000000001a026018,2026.04.19,四川,"

"
batch2_anchor,69e4c771000000002102c3fc,https://www.xiaohongshu.com/explore/69e4c771000000002102c3fc?source=webshare&xhsshare=pc_web&xsec_token=ABNo_BFRrK-4aWK8jdQuDcf5sNOG0SZHayf_1Oz3MYGk4=&xsec_source=pc_share,unknown,"一镜到底！看人形机器人跑半马如何补给。

",69e4f8060000000014019c09,1,l1_per_post_mixed,21,,8.0,0.0,3,太酷了,,,,,,,89.0,,6623ea3d0000000003031601,2026.04.19,辽宁,"

"
batch2_anchor,69e4c771000000002102c3fc,https://www.xiaohongshu.com/explore/69e4c771000000002102c3fc?source=webshare&xhsshare=pc_web&xsec_token=ABNo_BFRrK-4aWK8jdQuDcf5sNOG0SZHayf_1Oz3MYGk4=&xsec_source=pc_share,unknown,"一镜到底！看人形机器人跑半马如何补给。

",69e4f663000000001401940d,1,l1_per_post_mixed,22,,1.0,0.0,6,加油[赞R],,,,,,,89.0,,5b121f91e8ac2b19ad66de2f,2026.04.19,广东,"

"
batch2_anchor,69e4c771000000002102c3fc,https://www.xiaohongshu.com/explore/69e4c771000000002102c3fc?source=webshare&xhsshare=pc_web&xsec_token=ABNo_BFRrK-4aWK8jdQuDcf5sNOG0SZHayf_1Oz3MYGk4=&xsec_source=pc_share,unknown,"一镜到底！看人形机器人跑半马如何补给。

",69e4edc8000000001401c807,1,l1_per_post_mixed,23,,9.0,0.0,2,厉害,,,,,,,89.0,,5b47077411be104d09289055,2026.04.19,山东,"

"
batch2_anchor,69e4c771000000002102c3fc,https://www.xiaohongshu.com/explore/69e4c771000000002102c3fc?source=webshare&xhsshare=pc_web&xsec_token=ABNo_BFRrK-4aWK8jdQuDcf5sNOG0SZHayf_1Oz3MYGk4=&xsec_source=pc_share,unknown,"一镜到底！看人形机器人跑半马如何补给。

",69e4dac3000000001401d422,1,l1_per_post_mixed,24,,14.0,0.0,2,厉害,,,,,,,89.0,,5f0669e80000000001005653,2026.04.19,新疆,"

"
batch2_anchor,69e4c771000000002102c3fc,https://www.xiaohongshu.com/explore/69e4c771000000002102c3fc?source=webshare&xhsshare=pc_web&xsec_token=ABNo_BFRrK-4aWK8jdQuDcf5sNOG0SZHayf_1Oz3MYGk4=&xsec_source=pc_share,unknown,"一镜到底！看人形机器人跑半马如何补给。

",69e57f0b000000001401c801,1,l1_per_post_mixed,25,4.0,9.0,0.0,34,看到评论很欣慰，没看到那些阴阳怪气质疑国产一切努力的。中国🇨🇳加油💪,,,,,,,89.0,,5f37a6ee000000000101fb10,2026.04.20,浙江,"

"
batch2_anchor,69e4c771000000002102c3fc,https://www.xiaohongshu.com/explore/69e4c771000000002102c3fc?source=webshare&xhsshare=pc_web&xsec_token=ABNo_BFRrK-4aWK8jdQuDcf5sNOG0SZHayf_1Oz3MYGk4=&xsec_source=pc_share,unknown,"一镜到底！看人形机器人跑半马如何补给。

",69e558ae000000001401e406,1,l1_per_post_mixed,26,,8.0,0.0,50,很骄傲，这么优秀的工程师，制造出了这么好的机器人，都是我们国家的[飞吻R]祝国泰民安，繁荣昌盛！！！,,,,,,,89.0,,62ece8c4000000001f005a2c,2026.04.20,澳大利亚,"

"
batch2_anchor,69e4c771000000002102c3fc,https://www.xiaohongshu.com/explore/69e4c771000000002102c3fc?source=webshare&xhsshare=pc_web&xsec_token=ABNo_BFRrK-4aWK8jdQuDcf5sNOG0SZHayf_1Oz3MYGk4=&xsec_source=pc_share,unknown,"一镜到底！看人形机器人跑半马如何补给。

",69e595ba000000001401b818,1,l1_per_post_mixed,27,4.0,3.0,0.0,62,这玩意有啥用，能挑能扛，还能做最危险最累的事，这样先进应该送到俄乌战争中，就不会死那么多当兵的了，中国的科技没用在该用的地方,,,,,,,89.0,,648a9c590000000011002b7f,2026.04.20,四川,"

"
batch2_anchor,69e4c771000000002102c3fc,https://www.xiaohongshu.com/explore/69e4c771000000002102c3fc?source=webshare&xhsshare=pc_web&xsec_token=ABNo_BFRrK-4aWK8jdQuDcf5sNOG0SZHayf_1Oz3MYGk4=&xsec_source=pc_share,unknown,"一镜到底！看人形机器人跑半马如何补给。

",69e4d5f6000000001401e02b,1,l1_per_post_mixed,28,,3.0,0.0,1,1,,,,,,,89.0,,63a12593000000002601154a,2026.04.19,内蒙古,"

"
batch2_anchor,69e4c771000000002102c3fc,https://www.xiaohongshu.com/explore/69e4c771000000002102c3fc?source=webshare&xhsshare=pc_web&xsec_token=ABNo_BFRrK-4aWK8jdQuDcf5sNOG0SZHayf_1Oz3MYGk4=&xsec_source=pc_share,unknown,"一镜到底！看人形机器人跑半马如何补给。

",69e58e68000000001401c803,1,l1_per_post_mixed,29,,1.0,0.0,28,[派对R][赞R][赞R][鼓掌R][鼓掌R][鼓掌R],,,,,,,89.0,,58377db86a6a691d7d2a489f,2026.04.20,江苏,"

"
batch2_anchor,69e4c771000000002102c3fc,https://www.xiaohongshu.com/explore/69e4c771000000002102c3fc?source=webshare&xhsshare=pc_web&xsec_token=ABNo_BFRrK-4aWK8jdQuDcf5sNOG0SZHayf_1Oz3MYGk4=&xsec_source=pc_share,unknown,"一镜到底！看人形机器人跑半马如何补给。

",69e5735f000000001401e807,1,l1_per_post_mixed,30,,0.0,0.0,5,[鼓掌R],,,,,,,89.0,,5cdfc865000000001801c4e2,2026.04.20,浙江,"

"
batch2_anchor,69e634590000000022003bb5,https://www.xiaohongshu.com/explore/69e634590000000022003bb5?source=webshare&xhsshare=pc_web&xsec_token=ABegEExteR-fh44OcwJc-MQkW6u9PDssK7meNVt9Wpgjc=&xsec_source=pc_share,unknown,"每个马拉松机器人，都有自己的热血故事。

",69e85bd30000000014018c16,1,l1_per_post_mixed,1,1.0,0.0,0.0,16,@开心蛋挞 看完它baby好感动,,,,,,,824.0,,5d6ca3270000000001007adc,2026.04.22,广东,"这是我的。

"
batch2_anchor,69e634590000000022003bb5,https://www.xiaohongshu.com/explore/69e634590000000022003bb5?source=webshare&xhsshare=pc_web&xsec_token=ABegEExteR-fh44OcwJc-MQkW6u9PDssK7meNVt9Wpgjc=&xsec_source=pc_share,unknown,"每个马拉松机器人，都有自己的热血故事。

",69e674f2000000001401c40c,1,l1_per_post_mixed,2,1.0,1.0,0.0,14,太可爱了，像看着自己孩子一样,,,,,,,824.0,,5b737d6694a3a30001671ac6,2026.04.21,陕西,"这是我的。

"
batch2_anchor,69e634590000000022003bb5,https://www.xiaohongshu.com/explore/69e634590000000022003bb5?source=webshare&xhsshare=pc_web&xsec_token=ABegEExteR-fh44OcwJc-MQkW6u9PDssK7meNVt9Wpgjc=&xsec_source=pc_share,unknown,"每个马拉松机器人，都有自己的热血故事。

",69e6746c000000002d022f10,1,l1_per_post_mixed,3,,0.0,0.0,4,遥控的吗,,,,,,,824.0,,620b9cbf0000000010007448,2026.04.21,美国,"这是我的。

"
batch2_anchor,69e634590000000022003bb5,https://www.xiaohongshu.com/explore/69e634590000000022003bb5?source=webshare&xhsshare=pc_web&xsec_token=ABegEExteR-fh44OcwJc-MQkW6u9PDssK7meNVt9Wpgjc=&xsec_source=pc_share,unknown,"每个马拉松机器人，都有自己的热血故事。

",69e66954000000001401c404,1,l1_per_post_mixed,4,0.0,393.0,2.0,22,最后那段，机器人看起来力竭了，有点抽筋的样子,,,,,,,824.0,,5f522108000000000101e94d,2026.04.21,福建,"这是我的。

"
batch2_anchor,69e634590000000022003bb5,https://www.xiaohongshu.com/explore/69e634590000000022003bb5?source=webshare&xhsshare=pc_web&xsec_token=ABegEExteR-fh44OcwJc-MQkW6u9PDssK7meNVt9Wpgjc=&xsec_source=pc_share,unknown,"每个马拉松机器人，都有自己的热血故事。

",69e82002000000001401c818,1,l1_per_post_mixed,5,0.0,42.0,0.0,37,工程师们加油啊 老了接送我跳广场舞买菜跑腿的事就拜托机器崽崽们了[皱眉R],,,,,,,824.0,,636f034f000000001f01d03c,2026.04.22,上海,"这是我的。

"
batch2_anchor,69e634590000000022003bb5,https://www.xiaohongshu.com/explore/69e634590000000022003bb5?source=webshare&xhsshare=pc_web&xsec_token=ABegEExteR-fh44OcwJc-MQkW6u9PDssK7meNVt9Wpgjc=&xsec_source=pc_share,unknown,"每个马拉松机器人，都有自己的热血故事。

",69e65573000000001401d403,1,l1_per_post_mixed,6,2.0,1.0,0.0,14,好感动，最后感觉好累的样子。,,,,,,,824.0,,5c67f2660000000010002edd,2026.04.21,湖南,"这是我的。

"
batch2_anchor,69e634590000000022003bb5,https://www.xiaohongshu.com/explore/69e634590000000022003bb5?source=webshare&xhsshare=pc_web&xsec_token=ABegEExteR-fh44OcwJc-MQkW6u9PDssK7meNVt9Wpgjc=&xsec_source=pc_share,unknown,"每个马拉松机器人，都有自己的热血故事。

",69e65323000000001401b002,1,l1_per_post_mixed,7,2.0,22.0,0.0,24,这就是看着自己的孩子在跑步啊[飞吻R]，好厉害👍,,,,,,,824.0,,6735ad7a000000001c01baa7,2026.04.21,河北,"这是我的。

"
batch2_anchor,69e634590000000022003bb5,https://www.xiaohongshu.com/explore/69e634590000000022003bb5?source=webshare&xhsshare=pc_web&xsec_token=ABegEExteR-fh44OcwJc-MQkW6u9PDssK7meNVt9Wpgjc=&xsec_source=pc_share,unknown,"每个马拉松机器人，都有自己的热血故事。

",69e7e50e000000001401e805,1,l1_per_post_mixed,8,0.0,0.0,0.0,13,对这个穿鞋的机器人印象很深,,,,,,,824.0,,5a2d559c4eacab16c3b3eeb0,2026.04.22,北京,"这是我的。

"
batch2_anchor,69e634590000000022003bb5,https://www.xiaohongshu.com/explore/69e634590000000022003bb5?source=webshare&xhsshare=pc_web&xsec_token=ABegEExteR-fh44OcwJc-MQkW6u9PDssK7meNVt9Wpgjc=&xsec_source=pc_share,unknown,"每个马拉松机器人，都有自己的热血故事。

",69e64534000000001401a004,1,l1_per_post_mixed,9,1.0,42.0,0.0,25,真不容易，看到冲线，竟然好感动[捂脸R][捂脸R],,,,,,,824.0,,5a96d290e8ac2b25426ed4d8,2026.04.20,四川,"这是我的。

"
batch2_anchor,69e634590000000022003bb5,https://www.xiaohongshu.com/explore/69e634590000000022003bb5?source=webshare&xhsshare=pc_web&xsec_token=ABegEExteR-fh44OcwJc-MQkW6u9PDssK7meNVt9Wpgjc=&xsec_source=pc_share,unknown,"每个马拉松机器人，都有自己的热血故事。

",69e7bb820000000014019003,1,l1_per_post_mixed,10,2.0,39.0,10.0,8,为什么不拥抱它？,,,,,,,824.0,,5bb270a17d871100011201cd,2026.04.22,福建,"这是我的。

"
batch2_anchor,69e634590000000022003bb5,https://www.xiaohongshu.com/explore/69e634590000000022003bb5?source=webshare&xhsshare=pc_web&xsec_token=ABegEExteR-fh44OcwJc-MQkW6u9PDssK7meNVt9Wpgjc=&xsec_source=pc_share,unknown,"每个马拉松机器人，都有自己的热血故事。

",69e63fd3000000001401ac0b,1,l1_per_post_mixed,11,1.0,1.0,0.0,9,666666太棒了,,,,,,,824.0,,681765f4000000000d00ae46,2026.04.20,河北,"这是我的。

"
batch2_anchor,69e634590000000022003bb5,https://www.xiaohongshu.com/explore/69e634590000000022003bb5?source=webshare&xhsshare=pc_web&xsec_token=ABegEExteR-fh44OcwJc-MQkW6u9PDssK7meNVt9Wpgjc=&xsec_source=pc_share,unknown,"每个马拉松机器人，都有自己的热血故事。

",69e63d9e000000001401c00f,1,l1_per_post_mixed,12,,3.0,0.0,7,这个视角看挺好,,,,,,,824.0,,60b19bb80000000001009289,2026.04.20,山东,"这是我的。

"
batch2_anchor,69e634590000000022003bb5,https://www.xiaohongshu.com/explore/69e634590000000022003bb5?source=webshare&xhsshare=pc_web&xsec_token=ABegEExteR-fh44OcwJc-MQkW6u9PDssK7meNVt9Wpgjc=&xsec_source=pc_share,unknown,"每个马拉松机器人，都有自己的热血故事。

",69e7249d000000001401a80d,1,l1_per_post_mixed,13,,0.0,0.0,5,[点赞R],,,,,,,824.0,,64d73d090000000001012768,2026.04.21,辽宁,"这是我的。

"
batch2_anchor,69e634590000000022003bb5,https://www.xiaohongshu.com/explore/69e634590000000022003bb5?source=webshare&xhsshare=pc_web&xsec_token=ABegEExteR-fh44OcwJc-MQkW6u9PDssK7meNVt9Wpgjc=&xsec_source=pc_share,unknown,"每个马拉松机器人，都有自己的热血故事。

",69e77c54000000001401e82b,1,l1_per_post_mixed,14,0.0,1.0,0.0,7,急救队过于庞大,,,,,,,824.0,,55a47ab35894463e564fed1b,2026.04.21,广东,"这是我的。

"
batch2_anchor,69e634590000000022003bb5,https://www.xiaohongshu.com/explore/69e634590000000022003bb5?source=webshare&xhsshare=pc_web&xsec_token=ABegEExteR-fh44OcwJc-MQkW6u9PDssK7meNVt9Wpgjc=&xsec_source=pc_share,unknown,"每个马拉松机器人，都有自己的热血故事。

",69e77ad00000000014019806,1,l1_per_post_mixed,15,2.0,0.0,0.0,8,还给孩子穿了跑鞋,,,,,,,824.0,,5f4f8835000000000100792c,2026.04.21,陕西,"这是我的。

"
batch2_anchor,69e634590000000022003bb5,https://www.xiaohongshu.com/explore/69e634590000000022003bb5?source=webshare&xhsshare=pc_web&xsec_token=ABegEExteR-fh44OcwJc-MQkW6u9PDssK7meNVt9Wpgjc=&xsec_source=pc_share,unknown,"每个马拉松机器人，都有自己的热血故事。

",69e77637000000001401e033,1,l1_per_post_mixed,16,,0.0,0.0,12,跑的真稳，好棒啊[哇R],,,,,,,824.0,,5b110792f7e8b929a3d2ee60,2026.04.21,上海,"这是我的。

"
batch2_anchor,69e634590000000022003bb5,https://www.xiaohongshu.com/explore/69e634590000000022003bb5?source=webshare&xhsshare=pc_web&xsec_token=ABegEExteR-fh44OcwJc-MQkW6u9PDssK7meNVt9Wpgjc=&xsec_source=pc_share,unknown,"每个马拉松机器人，都有自己的热血故事。

",69e6be18000000001401b002,1,l1_per_post_mixed,17,0.0,5089.0,33.0,57,跟车人员的视角很少刷到，那前面奔跑的机器人跟亲生孩子有啥区别，个中滋味也只有研发人员知道，给看感动了竟然[哭惹R],,,,,,,824.0,,5837928250c4b473bd25285d,2026.04.21,北京,"这是我的。

"
batch2_anchor,69e634590000000022003bb5,https://www.xiaohongshu.com/explore/69e634590000000022003bb5?source=webshare&xhsshare=pc_web&xsec_token=ABegEExteR-fh44OcwJc-MQkW6u9PDssK7meNVt9Wpgjc=&xsec_source=pc_share,unknown,"每个马拉松机器人，都有自己的热血故事。

",69e6fadf000000001401d428,1,l1_per_post_mixed,18,0.0,2076.0,8.0,55,原来是你们团队叫加速进化，我看到你们机器人上贴这个以为是你们的机器人要加速进化了[石化R][石化R][石化R],,,,,,,824.0,,5df888fa0000000001002af4,2026.04.21,四川,"这是我的。

"
batch2_anchor,69e634590000000022003bb5,https://www.xiaohongshu.com/explore/69e634590000000022003bb5?source=webshare&xhsshare=pc_web&xsec_token=ABegEExteR-fh44OcwJc-MQkW6u9PDssK7meNVt9Wpgjc=&xsec_source=pc_share,unknown,"每个马拉松机器人，都有自己的热血故事。

",69e642c8000000001401e410,1,l1_per_post_mixed,19,1.0,1719.0,28.0,10,我拍到他了，都好努力,,,,,,,824.0,,6517595d000000002402de5d,2026.04.20,北京,"这是我的。

"
batch2_anchor,69e634590000000022003bb5,https://www.xiaohongshu.com/explore/69e634590000000022003bb5?source=webshare&xhsshare=pc_web&xsec_token=ABegEExteR-fh44OcwJc-MQkW6u9PDssK7meNVt9Wpgjc=&xsec_source=pc_share,unknown,"每个马拉松机器人，都有自己的热血故事。

",69e6d63a000000001401c81e,1,l1_per_post_mixed,20,0.0,1204.0,9.0,22,年纪大了，看机器人比赛都感动的想哭[捂脸R],,,,,,,824.0,,63aee6b10000000027029c44,2026.04.21,江苏,"这是我的。

"
batch2_anchor,69e634590000000022003bb5,https://www.xiaohongshu.com/explore/69e634590000000022003bb5?source=webshare&xhsshare=pc_web&xsec_token=ABegEExteR-fh44OcwJc-MQkW6u9PDssK7meNVt9Wpgjc=&xsec_source=pc_share,unknown,"每个马拉松机器人，都有自己的热血故事。

",69e7007f000000001401e81f,1,l1_per_post_mixed,21,0.0,878.0,9.0,34,看看这个世界，很多地方在打仗，而咱们在搞机器人半马[自拍R][赞R],,,,,,,824.0,,65d1d038000000000401e1ce,2026.04.21,北京,"这是我的。

"
batch2_anchor,69e634590000000022003bb5,https://www.xiaohongshu.com/explore/69e634590000000022003bb5?source=webshare&xhsshare=pc_web&xsec_token=ABegEExteR-fh44OcwJc-MQkW6u9PDssK7meNVt9Wpgjc=&xsec_source=pc_share,unknown,"每个马拉松机器人，都有自己的热血故事。

",69e6af22000000001401d40d,1,l1_per_post_mixed,22,0.0,633.0,7.0,36,是他吧，小机器人真厉害，闷头就是咔咔跑，往前冲[赞R]看到最后，真不容易,,,,,,,824.0,,54e4c4f1e7798967d92f789c,2026.04.21,北京,"这是我的。

"
batch2_anchor,69e634590000000022003bb5,https://www.xiaohongshu.com/explore/69e634590000000022003bb5?source=webshare&xhsshare=pc_web&xsec_token=ABegEExteR-fh44OcwJc-MQkW6u9PDssK7meNVt9Wpgjc=&xsec_source=pc_share,unknown,"每个马拉松机器人，都有自己的热血故事。

",69e657ce000000001401b80c,1,l1_per_post_mixed,23,1.0,592.0,1.0,44,嗯，看了很多视频，这个视频最珍贵，有那么一点点带灵魂的感觉了，这个背影是我们进步的一大步,,,,,,,824.0,,5a9c973d4eacab6a19648b5a,2026.04.21,河南,"这是我的。

"
batch2_anchor,69e634590000000022003bb5,https://www.xiaohongshu.com/explore/69e634590000000022003bb5?source=webshare&xhsshare=pc_web&xsec_token=ABegEExteR-fh44OcwJc-MQkW6u9PDssK7meNVt9Wpgjc=&xsec_source=pc_share,unknown,"每个马拉松机器人，都有自己的热血故事。

",69e76e2a000000001401a409,1,l1_per_post_mixed,24,,1.0,0.0,7,看的我有点感动,,,,,,,824.0,,592af8f76a6a691cd4603098,2026.04.21,浙江,"这是我的。

"
batch2_anchor,69e634590000000022003bb5,https://www.xiaohongshu.com/explore/69e634590000000022003bb5?source=webshare&xhsshare=pc_web&xsec_token=ABegEExteR-fh44OcwJc-MQkW6u9PDssK7meNVt9Wpgjc=&xsec_source=pc_share,unknown,"每个马拉松机器人，都有自己的热血故事。

",69e6c0e9000000001401a00a,1,l1_per_post_mixed,25,,130.0,12.0,11,跟他说快快快 他就快吗,,,,,,,824.0,,54e56ce6b4c4d65a19d87c63,2026.04.21,北京,"这是我的。

"
batch2_anchor,69e634590000000022003bb5,https://www.xiaohongshu.com/explore/69e634590000000022003bb5?source=webshare&xhsshare=pc_web&xsec_token=ABegEExteR-fh44OcwJc-MQkW6u9PDssK7meNVt9Wpgjc=&xsec_source=pc_share,unknown,"每个马拉松机器人，都有自己的热血故事。

",69e65240000000001401900c,1,l1_per_post_mixed,26,3.0,249.0,2.0,16,居然是蓝标，自主不是遥控，棒极了,,,,,,,824.0,,5bd55707d39b5e00017fa2ff,2026.04.21,四川,"这是我的。

"
batch2_anchor,69e634590000000022003bb5,https://www.xiaohongshu.com/explore/69e634590000000022003bb5?source=webshare&xhsshare=pc_web&xsec_token=ABegEExteR-fh44OcwJc-MQkW6u9PDssK7meNVt9Wpgjc=&xsec_source=pc_share,unknown,"每个马拉松机器人，都有自己的热血故事。

",69e6eb43000000001401cc26,1,l1_per_post_mixed,27,1.0,87.0,3.0,23,看这样的视频为啥都会流泪啊[哭惹R][哭惹R],,,,,,,824.0,,5bfbf9caddca020001bb7747,2026.04.21,四川,"这是我的。

"
batch2_anchor,69e634590000000022003bb5,https://www.xiaohongshu.com/explore/69e634590000000022003bb5?source=webshare&xhsshare=pc_web&xsec_token=ABegEExteR-fh44OcwJc-MQkW6u9PDssK7meNVt9Wpgjc=&xsec_source=pc_share,unknown,"每个马拉松机器人，都有自己的热血故事。

",69e6c0f20000000014018c04,1,l1_per_post_mixed,28,,39.0,8.0,8,他的小蝴蝶是什么,,,,,,,824.0,,5a9c1214b1da145d3b37a17d,2026.04.21,四川,"这是我的。

"
batch2_anchor,69e634590000000022003bb5,https://www.xiaohongshu.com/explore/69e634590000000022003bb5?source=webshare&xhsshare=pc_web&xsec_token=ABegEExteR-fh44OcwJc-MQkW6u9PDssK7meNVt9Wpgjc=&xsec_source=pc_share,unknown,"每个马拉松机器人，都有自己的热血故事。

",69e6be06000000001401a00c,1,l1_per_post_mixed,29,1.0,2.0,2.0,17,脑袋顶上为什么有个小鸟？[偷笑R],,,,,,,824.0,,6571bbd4000000001c018e6a,2026.04.21,北京,"这是我的。

"
batch2_anchor,69e634590000000022003bb5,https://www.xiaohongshu.com/explore/69e634590000000022003bb5?source=webshare&xhsshare=pc_web&xsec_token=ABegEExteR-fh44OcwJc-MQkW6u9PDssK7meNVt9Wpgjc=&xsec_source=pc_share,unknown,"每个马拉松机器人，都有自己的热血故事。

",69e6bcad000000001401a404,1,l1_per_post_mixed,30,0.0,2.0,0.0,21,一个没有装备的机器人🤖冲刺，给我看😭了……,,,,,,,824.0,,575310fb50c4b449fb8b7e5c,2026.04.21,云南,"这是我的。

"
batch2_anchor,69e44171000000001a026b25,https://www.xiaohongshu.com/explore/69e44171000000001a026b25?source=webshare&xhsshare=pc_web&xsec_token=ABNo_BFRrK-4aWK8jdQuDcf-Uef1fXjZdX0tz2zYWadIg=&xsec_source=pc_share,unknown,"机器人马拉松比赛摔倒丝滑起身帅炸了🔥🔥

",69e45147000000001401a410,1,l1_per_post_mixed,1,,15.0,0.0,10,我觉得是故意啊哈哈哈,,,,,,9971.0,613.0,,5cf5a9bf000000002501105d,2026.04.19,北京,"机器人马拉松比赛摔倒后表演了一套鲤鱼打挺丝滑起身，动作行云流水👍👍

"
batch2_anchor,69e44171000000001a026b25,https://www.xiaohongshu.com/explore/69e44171000000001a026b25?source=webshare&xhsshare=pc_web&xsec_token=ABNo_BFRrK-4aWK8jdQuDcf-Uef1fXjZdX0tz2zYWadIg=&xsec_source=pc_share,unknown,"机器人马拉松比赛摔倒丝滑起身帅炸了🔥🔥

",69e7054c000000001401e803,1,l1_per_post_mixed,2,2.0,0.0,0.0,9,低血糖（低电压）了,,,,,,9971.0,613.0,,5ede628400000000010060ae,2026.04.21,广西,"机器人马拉松比赛摔倒后表演了一套鲤鱼打挺丝滑起身，动作行云流水👍👍

"
batch2_anchor,69e44171000000001a026b25,https://www.xiaohongshu.com/explore/69e44171000000001a026b25?source=webshare&xhsshare=pc_web&xsec_token=ABNo_BFRrK-4aWK8jdQuDcf-Uef1fXjZdX0tz2zYWadIg=&xsec_source=pc_share,unknown,"机器人马拉松比赛摔倒丝滑起身帅炸了🔥🔥

",69e6ed4d000000001401b012,1,l1_per_post_mixed,3,1.0,0.0,0.0,15,有点诡异[捂脸R]恐怖谷的感觉,,,,,,9971.0,613.0,,5ce37b7b00000000180325eb,2026.04.21,江西,"机器人马拉松比赛摔倒后表演了一套鲤鱼打挺丝滑起身，动作行云流水👍👍

"
batch2_anchor,69e44171000000001a026b25,https://www.xiaohongshu.com/explore/69e44171000000001a026b25?source=webshare&xhsshare=pc_web&xsec_token=ABNo_BFRrK-4aWK8jdQuDcf-Uef1fXjZdX0tz2zYWadIg=&xsec_source=pc_share,unknown,"机器人马拉松比赛摔倒丝滑起身帅炸了🔥🔥

",69e44cf0000000001401e038,1,l1_per_post_mixed,4,6.0,27.0,0.0,26,是个绝技你们看看，第一名没有了，表演一下还是可以滴。,,,,,,9971.0,613.0,,6788af4b000000000803e487,2026.04.19,江苏,"机器人马拉松比赛摔倒后表演了一套鲤鱼打挺丝滑起身，动作行云流水👍👍

"
batch2_anchor,69e44171000000001a026b25,https://www.xiaohongshu.com/explore/69e44171000000001a026b25?source=webshare&xhsshare=pc_web&xsec_token=ABNo_BFRrK-4aWK8jdQuDcf-Uef1fXjZdX0tz2zYWadIg=&xsec_source=pc_share,unknown,"机器人马拉松比赛摔倒丝滑起身帅炸了🔥🔥

",69e48fac000000001401ac1f,1,l1_per_post_mixed,5,0.0,0.0,0.0,13,来人啊，机器人碰瓷人类啦！,,,,,,9971.0,613.0,,61299932000000000100a8a1,2026.04.19,浙江,"机器人马拉松比赛摔倒后表演了一套鲤鱼打挺丝滑起身，动作行云流水👍👍

"
batch2_anchor,69e44171000000001a026b25,https://www.xiaohongshu.com/explore/69e44171000000001a026b25?source=webshare&xhsshare=pc_web&xsec_token=ABNo_BFRrK-4aWK8jdQuDcf-Uef1fXjZdX0tz2zYWadIg=&xsec_source=pc_share,unknown,"机器人马拉松比赛摔倒丝滑起身帅炸了🔥🔥

",69e44c1b000000001401c030,1,l1_per_post_mixed,6,5.0,0.0,0.0,10,不给水喝我就躺下歇会,,,,,,9971.0,613.0,,5d66e4130000000001001284,2026.04.19,北京,"机器人马拉松比赛摔倒后表演了一套鲤鱼打挺丝滑起身，动作行云流水👍👍

"
batch2_anchor,69e44171000000001a026b25,https://www.xiaohongshu.com/explore/69e44171000000001a026b25?source=webshare&xhsshare=pc_web&xsec_token=ABNo_BFRrK-4aWK8jdQuDcf-Uef1fXjZdX0tz2zYWadIg=&xsec_source=pc_share,unknown,"机器人马拉松比赛摔倒丝滑起身帅炸了🔥🔥

",69e44999000000001401b014,1,l1_per_post_mixed,7,1.0,15.0,0.0,7,明显是故意的嘛,,,,,,9971.0,613.0,,606c9a6a000000000100a76c,2026.04.19,广东,"机器人马拉松比赛摔倒后表演了一套鲤鱼打挺丝滑起身，动作行云流水👍👍

"
batch2_anchor,69e44171000000001a026b25,https://www.xiaohongshu.com/explore/69e44171000000001a026b25?source=webshare&xhsshare=pc_web&xsec_token=ABNo_BFRrK-4aWK8jdQuDcf-Uef1fXjZdX0tz2zYWadIg=&xsec_source=pc_share,unknown,"机器人马拉松比赛摔倒丝滑起身帅炸了🔥🔥

",69e447ed000000001401bc1d,1,l1_per_post_mixed,8,2.0,40.0,0.0,25,比之前摔到只能在地上打摆子已经强太多了～[笑哭R],,,,,,9971.0,613.0,,5a12c1b74eacab0dd6fd80b1,2026.04.19,湖北,"机器人马拉松比赛摔倒后表演了一套鲤鱼打挺丝滑起身，动作行云流水👍👍

"
batch2_anchor,69e44171000000001a026b25,https://www.xiaohongshu.com/explore/69e44171000000001a026b25?source=webshare&xhsshare=pc_web&xsec_token=ABNo_BFRrK-4aWK8jdQuDcf-Uef1fXjZdX0tz2zYWadIg=&xsec_source=pc_share,unknown,"机器人马拉松比赛摔倒丝滑起身帅炸了🔥🔥

",69e443c4000000001401a807,1,l1_per_post_mixed,9,6.0,5.0,0.0,19,是显眼包吗？还记得去年马拉松差点被笑死,,,,,,9971.0,613.0,,634fd4bc000000001901c575,2026.04.19,北京,"机器人马拉松比赛摔倒后表演了一套鲤鱼打挺丝滑起身，动作行云流水👍👍

"
batch2_anchor,69e44171000000001a026b25,https://www.xiaohongshu.com/explore/69e44171000000001a026b25?source=webshare&xhsshare=pc_web&xsec_token=ABNo_BFRrK-4aWK8jdQuDcf-Uef1fXjZdX0tz2zYWadIg=&xsec_source=pc_share,unknown,"机器人马拉松比赛摔倒丝滑起身帅炸了🔥🔥

",69e480ff000000001401d40c,1,l1_per_post_mixed,10,,0.0,0.0,8,假摔[萌萌哒R],,,,,,9971.0,613.0,,5b557c784eacab4c9a1c55e8,2026.04.19,北京,"机器人马拉松比赛摔倒后表演了一套鲤鱼打挺丝滑起身，动作行云流水👍👍

"
batch2_anchor,69e44171000000001a026b25,https://www.xiaohongshu.com/explore/69e44171000000001a026b25?source=webshare&xhsshare=pc_web&xsec_token=ABNo_BFRrK-4aWK8jdQuDcf-Uef1fXjZdX0tz2zYWadIg=&xsec_source=pc_share,unknown,"机器人马拉松比赛摔倒丝滑起身帅炸了🔥🔥

",69e44332000000001401e836,1,l1_per_post_mixed,11,,0.0,0.0,9,有点东西[害羞R],,,,,,9971.0,613.0,,68b46485000000001900df02,2026.04.19,北京,"机器人马拉松比赛摔倒后表演了一套鲤鱼打挺丝滑起身，动作行云流水👍👍

"
batch2_anchor,69e44171000000001a026b25,https://www.xiaohongshu.com/explore/69e44171000000001a026b25?source=webshare&xhsshare=pc_web&xsec_token=ABNo_BFRrK-4aWK8jdQuDcf-Uef1fXjZdX0tz2zYWadIg=&xsec_source=pc_share,unknown,"机器人马拉松比赛摔倒丝滑起身帅炸了🔥🔥

",69e47ccf000000001401b83c,1,l1_per_post_mixed,12,2.0,0.0,0.0,13,让苍天知道 “机不认输！”,,,,,,9971.0,613.0,,628bb195000000002102486c,2026.04.19,北京,"机器人马拉松比赛摔倒后表演了一套鲤鱼打挺丝滑起身，动作行云流水👍👍

"
batch2_anchor,69e44171000000001a026b25,https://www.xiaohongshu.com/explore/69e44171000000001a026b25?source=webshare&xhsshare=pc_web&xsec_token=ABNo_BFRrK-4aWK8jdQuDcf-Uef1fXjZdX0tz2zYWadIg=&xsec_source=pc_share,unknown,"机器人马拉松比赛摔倒丝滑起身帅炸了🔥🔥

",69e47b55000000001401880e,1,l1_per_post_mixed,13,2.0,0.0,0.0,10,它故意摔倒的吧哈哈哈,,,,,,9971.0,613.0,,6781e2d5000000000601d1f2,2026.04.19,天津,"机器人马拉松比赛摔倒后表演了一套鲤鱼打挺丝滑起身，动作行云流水👍👍

"
batch2_anchor,69e44171000000001a026b25,https://www.xiaohongshu.com/explore/69e44171000000001a026b25?source=webshare&xhsshare=pc_web&xsec_token=ABNo_BFRrK-4aWK8jdQuDcf-Uef1fXjZdX0tz2zYWadIg=&xsec_source=pc_share,unknown,"机器人马拉松比赛摔倒丝滑起身帅炸了🔥🔥

",69e47851000000001401d837,1,l1_per_post_mixed,14,,0.0,0.0,2,假摔,,,,,,9971.0,613.0,,54e5b1152e1d935fe58521c4,2026.04.19,上海,"机器人马拉松比赛摔倒后表演了一套鲤鱼打挺丝滑起身，动作行云流水👍👍

"
batch2_anchor,69e44171000000001a026b25,https://www.xiaohongshu.com/explore/69e44171000000001a026b25?source=webshare&xhsshare=pc_web&xsec_token=ABNo_BFRrK-4aWK8jdQuDcf-Uef1fXjZdX0tz2zYWadIg=&xsec_source=pc_share,unknown,"机器人马拉松比赛摔倒丝滑起身帅炸了🔥🔥

",69e44a1b0000000014019422,1,l1_per_post_mixed,15,1.0,5076.0,82.0,11,表演性机格[doge],,,,,,9971.0,613.0,,5b4d2b26e8ac2b5b346b9f5e,2026.04.19,北京,"机器人马拉松比赛摔倒后表演了一套鲤鱼打挺丝滑起身，动作行云流水👍👍

"
batch2_anchor,69e44171000000001a026b25,https://www.xiaohongshu.com/explore/69e44171000000001a026b25?source=webshare&xhsshare=pc_web&xsec_token=ABNo_BFRrK-4aWK8jdQuDcf-Uef1fXjZdX0tz2zYWadIg=&xsec_source=pc_share,unknown,"机器人马拉松比赛摔倒丝滑起身帅炸了🔥🔥

",69e58ccb0000000014019002,1,l1_per_post_mixed,16,3.0,94.0,19.0,17,搞什么跑步比赛啊，搞居家服务比赛啊,,,,,,9971.0,613.0,,5b36ecf011be10427dd102c1,2026.04.20,江苏,"机器人马拉松比赛摔倒后表演了一套鲤鱼打挺丝滑起身，动作行云流水👍👍

"
batch2_anchor,69e44171000000001a026b25,https://www.xiaohongshu.com/explore/69e44171000000001a026b25?source=webshare&xhsshare=pc_web&xsec_token=ABNo_BFRrK-4aWK8jdQuDcf-Uef1fXjZdX0tz2zYWadIg=&xsec_source=pc_share,unknown,"机器人马拉松比赛摔倒丝滑起身帅炸了🔥🔥

",69e45ec9000000001401d41a,1,l1_per_post_mixed,17,,1484.0,36.0,21,它是不是有点假胯宽[暗中观察R][笑哭R],,,,,,9971.0,613.0,,5f50460000000000010092bf,2026.04.19,广东,"机器人马拉松比赛摔倒后表演了一套鲤鱼打挺丝滑起身，动作行云流水👍👍

"
batch2_anchor,69e44171000000001a026b25,https://www.xiaohongshu.com/explore/69e44171000000001a026b25?source=webshare&xhsshare=pc_web&xsec_token=ABNo_BFRrK-4aWK8jdQuDcf-Uef1fXjZdX0tz2zYWadIg=&xsec_source=pc_share,unknown,"机器人马拉松比赛摔倒丝滑起身帅炸了🔥🔥

",69e455b0000000001401b001,1,l1_per_post_mixed,18,,927.0,22.0,11,这是表演赛吧[笑哭R],,,,,,9971.0,613.0,,590ad574a9b2ed4969a54bff,2026.04.19,北京,"机器人马拉松比赛摔倒后表演了一套鲤鱼打挺丝滑起身，动作行云流水👍👍

"
batch2_anchor,69e44171000000001a026b25,https://www.xiaohongshu.com/explore/69e44171000000001a026b25?source=webshare&xhsshare=pc_web&xsec_token=ABNo_BFRrK-4aWK8jdQuDcf-Uef1fXjZdX0tz2zYWadIg=&xsec_source=pc_share,unknown,"机器人马拉松比赛摔倒丝滑起身帅炸了🔥🔥

",69e455e8000000001401a813,1,l1_per_post_mixed,19,0.0,402.0,2.0,74,摔倒是真的，摔倒后靠自身AI已经无法决策和执行重新站起程序，后方遥控人员先让机器（人）进入IDLE状态（摊平），然后执行起立，再go on[吃瓜R],,,,,,9971.0,613.0,,5ee31783000000000100065c,2026.04.19,浙江,"机器人马拉松比赛摔倒后表演了一套鲤鱼打挺丝滑起身，动作行云流水👍👍

"
batch2_anchor,69e44171000000001a026b25,https://www.xiaohongshu.com/explore/69e44171000000001a026b25?source=webshare&xhsshare=pc_web&xsec_token=ABNo_BFRrK-4aWK8jdQuDcf-Uef1fXjZdX0tz2zYWadIg=&xsec_source=pc_share,unknown,"机器人马拉松比赛摔倒丝滑起身帅炸了🔥🔥

",69e472c6000000001401a80a,1,l1_per_post_mixed,20,2.0,192.0,1.0,16,报告裁判，这里有人假摔[偷笑R],,,,,,9971.0,613.0,,56bd8f3850c4b430ae0fd091,2026.04.19,上海,"机器人马拉松比赛摔倒后表演了一套鲤鱼打挺丝滑起身，动作行云流水👍👍

"
batch2_anchor,69e44171000000001a026b25,https://www.xiaohongshu.com/explore/69e44171000000001a026b25?source=webshare&xhsshare=pc_web&xsec_token=ABNo_BFRrK-4aWK8jdQuDcf-Uef1fXjZdX0tz2zYWadIg=&xsec_source=pc_share,unknown,"机器人马拉松比赛摔倒丝滑起身帅炸了🔥🔥

",69e445980000000014019c0b,1,l1_per_post_mixed,21,1.0,553.0,1.0,20,哈哈哈它是特地给观众秀了一段吗[笑哭R],,,,,,9971.0,613.0,,6502091f00000000120054b6,2026.04.19,北京,"机器人马拉松比赛摔倒后表演了一套鲤鱼打挺丝滑起身，动作行云流水👍👍

"
batch2_anchor,69e44171000000001a026b25,https://www.xiaohongshu.com/explore/69e44171000000001a026b25?source=webshare&xhsshare=pc_web&xsec_token=ABNo_BFRrK-4aWK8jdQuDcf-Uef1fXjZdX0tz2zYWadIg=&xsec_source=pc_share,unknown,"机器人马拉松比赛摔倒丝滑起身帅炸了🔥🔥

",69e465f0000000001401a410,1,l1_per_post_mixed,22,,85.0,5.0,13,应该是低血糖了[doge],,,,,,9971.0,613.0,,6427cbaf000000001201102a,2026.04.19,天津,"机器人马拉松比赛摔倒后表演了一套鲤鱼打挺丝滑起身，动作行云流水👍👍

"
batch2_anchor,69e44171000000001a026b25,https://www.xiaohongshu.com/explore/69e44171000000001a026b25?source=webshare&xhsshare=pc_web&xsec_token=ABNo_BFRrK-4aWK8jdQuDcf-Uef1fXjZdX0tz2zYWadIg=&xsec_source=pc_share,unknown,"机器人马拉松比赛摔倒丝滑起身帅炸了🔥🔥

",69e4674f000000001401e434,1,l1_per_post_mixed,23,,3.0,0.0,7,记上，他掉凳了,,,,,,9971.0,613.0,,626ff8d40000000021021f79,2026.04.19,广东,"机器人马拉松比赛摔倒后表演了一套鲤鱼打挺丝滑起身，动作行云流水👍👍

"
batch2_anchor,69e44171000000001a026b25,https://www.xiaohongshu.com/explore/69e44171000000001a026b25?source=webshare&xhsshare=pc_web&xsec_token=ABNo_BFRrK-4aWK8jdQuDcf-Uef1fXjZdX0tz2zYWadIg=&xsec_source=pc_share,unknown,"机器人马拉松比赛摔倒丝滑起身帅炸了🔥🔥

",69e4a431000000001401e810,1,l1_per_post_mixed,24,0.0,21.0,1.0,31,表演的吧，之前还跳街舞，别的机器人摔了还在旁边鼓掌[doge],,,,,,9971.0,613.0,,5e5151e700000000010003fc,2026.04.19,陕西,"机器人马拉松比赛摔倒后表演了一套鲤鱼打挺丝滑起身，动作行云流水👍👍

"
batch2_anchor,69e44171000000001a026b25,https://www.xiaohongshu.com/explore/69e44171000000001a026b25?source=webshare&xhsshare=pc_web&xsec_token=ABNo_BFRrK-4aWK8jdQuDcf-Uef1fXjZdX0tz2zYWadIg=&xsec_source=pc_share,unknown,"机器人马拉松比赛摔倒丝滑起身帅炸了🔥🔥

",69e4671f000000001401b021,1,l1_per_post_mixed,25,2.0,0.0,0.0,14,随机调用了一个低血糖学习数据,,,,,,9971.0,613.0,,5f83cb4e000000000100a350,2026.04.19,日本,"机器人马拉松比赛摔倒后表演了一套鲤鱼打挺丝滑起身，动作行云流水👍👍

"
batch2_anchor,69e44171000000001a026b25,https://www.xiaohongshu.com/explore/69e44171000000001a026b25?source=webshare&xhsshare=pc_web&xsec_token=ABNo_BFRrK-4aWK8jdQuDcf-Uef1fXjZdX0tz2zYWadIg=&xsec_source=pc_share,unknown,"机器人马拉松比赛摔倒丝滑起身帅炸了🔥🔥

",69e474ba000000001401ac21,1,l1_per_post_mixed,26,5.0,20.0,1.0,20,起身之后顶胯的那一下太得瑟了[黄金薯R],,,,,,9971.0,613.0,,5fc23b6e0000000001006208,2026.04.19,山西,"机器人马拉松比赛摔倒后表演了一套鲤鱼打挺丝滑起身，动作行云流水👍👍

"
batch2_anchor,69e44171000000001a026b25,https://www.xiaohongshu.com/explore/69e44171000000001a026b25?source=webshare&xhsshare=pc_web&xsec_token=ABNo_BFRrK-4aWK8jdQuDcf-Uef1fXjZdX0tz2zYWadIg=&xsec_source=pc_share,unknown,"机器人马拉松比赛摔倒丝滑起身帅炸了🔥🔥

",69e78409000000001401bc22,1,l1_per_post_mixed,27,,0.0,0.0,4,厉害👍🏻,,,,,,9971.0,613.0,,645e303c0000000012036ac1,2026.04.21,河南,"机器人马拉松比赛摔倒后表演了一套鲤鱼打挺丝滑起身，动作行云流水👍👍

"
batch2_anchor,69e44171000000001a026b25,https://www.xiaohongshu.com/explore/69e44171000000001a026b25?source=webshare&xhsshare=pc_web&xsec_token=ABNo_BFRrK-4aWK8jdQuDcf-Uef1fXjZdX0tz2zYWadIg=&xsec_source=pc_share,unknown,"机器人马拉松比赛摔倒丝滑起身帅炸了🔥🔥

",69e457540000000014018c0c,1,l1_per_post_mixed,28,6.0,0.0,0.0,7,明年我要现场看,,,,,,9971.0,613.0,,5c0229590000000005007372,2026.04.19,上海,"机器人马拉松比赛摔倒后表演了一套鲤鱼打挺丝滑起身，动作行云流水👍👍

"
batch2_anchor,69e44171000000001a026b25,https://www.xiaohongshu.com/explore/69e44171000000001a026b25?source=webshare&xhsshare=pc_web&xsec_token=ABNo_BFRrK-4aWK8jdQuDcf-Uef1fXjZdX0tz2zYWadIg=&xsec_source=pc_share,unknown,"机器人马拉松比赛摔倒丝滑起身帅炸了🔥🔥

",69e77319000000001401e830,1,l1_per_post_mixed,29,2.0,0.0,0.0,39,像是游戏里的人机，被绊倒后使用预设动作站起来，然后突然莫名其妙跑起来[捂脸R],,,,,,9971.0,613.0,,650307c50000000002013f94,2026.04.21,广东,"机器人马拉松比赛摔倒后表演了一套鲤鱼打挺丝滑起身，动作行云流水👍👍

"
batch2_anchor,69e44171000000001a026b25,https://www.xiaohongshu.com/explore/69e44171000000001a026b25?source=webshare&xhsshare=pc_web&xsec_token=ABNo_BFRrK-4aWK8jdQuDcf-Uef1fXjZdX0tz2zYWadIg=&xsec_source=pc_share,unknown,"机器人马拉松比赛摔倒丝滑起身帅炸了🔥🔥

",69e4564c000000001401e415,1,l1_per_post_mixed,30,2.0,14.0,1.0,16,这是故意秀给你看，假摔[偷笑R],,,,,,9971.0,613.0,,5fcc791e0000000001005f58,2026.04.19,北京,"机器人马拉松比赛摔倒后表演了一套鲤鱼打挺丝滑起身，动作行云流水👍👍

"
batch2_anchor,69e4412a000000002103883f,https://www.xiaohongshu.com/explore/69e4412a000000002103883f?source=webshare&xhsshare=pc_web&xsec_token=ABNo_BFRrK-4aWK8jdQuDcf7a1hqWqWX3z2ISnAkjgyRw=&xsec_source=pc_share,unknown,"荣耀闪电队-齐天大圣夺冠！

",69e476e00000000014019819,1,l1_per_post_mixed,1,1.0,1.0,0.0,17,使劲鼓掌，它们就是打工人的掘墓者。,,,,,,3517.0,445.0,,619cc9820000000010004129,2026.04.19,新疆,"我这个位置是起点第一个群众可以观看的地方，人很多！大家都很激动兴奋！！各种神点评！

"
batch2_anchor,69e4412a000000002103883f,https://www.xiaohongshu.com/explore/69e4412a000000002103883f?source=webshare&xhsshare=pc_web&xsec_token=ABNo_BFRrK-4aWK8jdQuDcf7a1hqWqWX3z2ISnAkjgyRw=&xsec_source=pc_share,unknown,"荣耀闪电队-齐天大圣夺冠！

",69e4a5c3000000001401c43c,1,l1_per_post_mixed,2,2.0,0.0,0.0,16,很像贵州断臂猴来福跑步[偷笑R],,,,,,3517.0,445.0,,586492407fc5b87f15c6bb9d,2026.04.19,北京,"我这个位置是起点第一个群众可以观看的地方，人很多！大家都很激动兴奋！！各种神点评！

"
batch2_anchor,69e4412a000000002103883f,https://www.xiaohongshu.com/explore/69e4412a000000002103883f?source=webshare&xhsshare=pc_web&xsec_token=ABNo_BFRrK-4aWK8jdQuDcf7a1hqWqWX3z2ISnAkjgyRw=&xsec_source=pc_share,unknown,"荣耀闪电队-齐天大圣夺冠！

",69e4a389000000001401d802,1,l1_per_post_mixed,3,,1.0,0.0,16,天工那个，，，，，[黑薯问号R],,,,,,3517.0,445.0,,647000f3000000000f00661b,2026.04.19,广东,"我这个位置是起点第一个群众可以观看的地方，人很多！大家都很激动兴奋！！各种神点评！

"
batch2_anchor,69e4412a000000002103883f,https://www.xiaohongshu.com/explore/69e4412a000000002103883f?source=webshare&xhsshare=pc_web&xsec_token=ABNo_BFRrK-4aWK8jdQuDcf7a1hqWqWX3z2ISnAkjgyRw=&xsec_source=pc_share,unknown,"荣耀闪电队-齐天大圣夺冠！

",69e49d090000000014019428,1,l1_per_post_mixed,4,1.0,0.0,0.0,11,看着老心酸了[捂脸R],,,,,,3517.0,445.0,,5717024b1c07df7c5407014f,2026.04.19,安徽,"我这个位置是起点第一个群众可以观看的地方，人很多！大家都很激动兴奋！！各种神点评！

"
batch2_anchor,69e4412a000000002103883f,https://www.xiaohongshu.com/explore/69e4412a000000002103883f?source=webshare&xhsshare=pc_web&xsec_token=ABNo_BFRrK-4aWK8jdQuDcf7a1hqWqWX3z2ISnAkjgyRw=&xsec_source=pc_share,unknown,"荣耀闪电队-齐天大圣夺冠！

",69e46094000000001401a41b,1,l1_per_post_mixed,5,3.0,61.0,34.0,22,机器人跑步需要甩臂吗？还是只是为了看着更像人,,,,,,3517.0,445.0,,605c251400000000010076a1,2026.04.19,上海,"我这个位置是起点第一个群众可以观看的地方，人很多！大家都很激动兴奋！！各种神点评！

"
batch2_anchor,69e4412a000000002103883f,https://www.xiaohongshu.com/explore/69e4412a000000002103883f?source=webshare&xhsshare=pc_web&xsec_token=ABNo_BFRrK-4aWK8jdQuDcf7a1hqWqWX3z2ISnAkjgyRw=&xsec_source=pc_share,unknown,"荣耀闪电队-齐天大圣夺冠！

",69e479760000000014019c2a,1,l1_per_post_mixed,6,1.0,105.0,7.0,16,哈哈，拿着奶嘴就上来了，小卡拉咪,,,,,,3517.0,445.0,,63611635000000001f01fe37,2026.04.19,安徽,"我这个位置是起点第一个群众可以观看的地方，人很多！大家都很激动兴奋！！各种神点评！

"
batch2_anchor,69e4412a000000002103883f,https://www.xiaohongshu.com/explore/69e4412a000000002103883f?source=webshare&xhsshare=pc_web&xsec_token=ABNo_BFRrK-4aWK8jdQuDcf7a1hqWqWX3z2ISnAkjgyRw=&xsec_source=pc_share,unknown,"荣耀闪电队-齐天大圣夺冠！

",69e4c8c6000000001401e025,1,l1_per_post_mixed,7,4.0,232.0,5.0,28,玩归玩，笑归笑，看见中国科技一点点的进步，真的让人感动。,,,,,,3517.0,445.0,,5b0849c74eacab771bfe9343,2026.04.19,湖北,"我这个位置是起点第一个群众可以观看的地方，人很多！大家都很激动兴奋！！各种神点评！

"
batch2_anchor,69e4412a000000002103883f,https://www.xiaohongshu.com/explore/69e4412a000000002103883f?source=webshare&xhsshare=pc_web&xsec_token=ABNo_BFRrK-4aWK8jdQuDcf7a1hqWqWX3z2ISnAkjgyRw=&xsec_source=pc_share,unknown,"荣耀闪电队-齐天大圣夺冠！

",69e46f1e000000001401c819,1,l1_per_post_mixed,8,,53.0,11.0,6,这个现眼包！,,,,,,3517.0,445.0,,5f4f7de6000000000101e232,2026.04.19,上海,"我这个位置是起点第一个群众可以观看的地方，人很多！大家都很激动兴奋！！各种神点评！

"
batch2_anchor,69e4412a000000002103883f,https://www.xiaohongshu.com/explore/69e4412a000000002103883f?source=webshare&xhsshare=pc_web&xsec_token=ABNo_BFRrK-4aWK8jdQuDcf7a1hqWqWX3z2ISnAkjgyRw=&xsec_source=pc_share,unknown,"荣耀闪电队-齐天大圣夺冠！

",69e4650d0000000014019434,1,l1_per_post_mixed,9,2.0,41.0,7.0,17,它被凶了吗？？跑着跑着突然停下来走,,,,,,3517.0,445.0,,5fc4f2470000000001001c4d,2026.04.19,浙江,"我这个位置是起点第一个群众可以观看的地方，人很多！大家都很激动兴奋！！各种神点评！

"
batch2_anchor,69e4412a000000002103883f,https://www.xiaohongshu.com/explore/69e4412a000000002103883f?source=webshare&xhsshare=pc_web&xsec_token=ABNo_BFRrK-4aWK8jdQuDcf7a1hqWqWX3z2ISnAkjgyRw=&xsec_source=pc_share,unknown,"荣耀闪电队-齐天大圣夺冠！

",69e475840000000014019008,1,l1_per_post_mixed,10,0.0,9.0,4.0,27,机器人在前面跑，一群人坐在后面的车里跟着遥控[笑哭R],,,,,,3517.0,445.0,,5e21610d000000000100259c,2026.04.19,广东,"我这个位置是起点第一个群众可以观看的地方，人很多！大家都很激动兴奋！！各种神点评！

"
batch2_anchor,69e4412a000000002103883f,https://www.xiaohongshu.com/explore/69e4412a000000002103883f?source=webshare&xhsshare=pc_web&xsec_token=ABNo_BFRrK-4aWK8jdQuDcf7a1hqWqWX3z2ISnAkjgyRw=&xsec_source=pc_share,unknown,"荣耀闪电队-齐天大圣夺冠！

",69e47d38000000001401c423,1,l1_per_post_mixed,11,1.0,10.0,6.0,21,怎么还有带游泳圈的哈哈哈好可爱[萌萌哒R],,,,,,3517.0,445.0,,5c86624e0000000016013446,2026.04.19,山东,"我这个位置是起点第一个群众可以观看的地方，人很多！大家都很激动兴奋！！各种神点评！

"
batch2_anchor,69e4412a000000002103883f,https://www.xiaohongshu.com/explore/69e4412a000000002103883f?source=webshare&xhsshare=pc_web&xsec_token=ABNo_BFRrK-4aWK8jdQuDcf7a1hqWqWX3z2ISnAkjgyRw=&xsec_source=pc_share,unknown,"荣耀闪电队-齐天大圣夺冠！

",69e48598000000001401900a,1,l1_per_post_mixed,12,0.0,7.0,4.0,14,对着机器人喊加油[doge],,,,,,3517.0,445.0,,5e98fd81000000000100a560,2026.04.19,广东,"我这个位置是起点第一个群众可以观看的地方，人很多！大家都很激动兴奋！！各种神点评！

"
batch2_anchor,69e4412a000000002103883f,https://www.xiaohongshu.com/explore/69e4412a000000002103883f?source=webshare&xhsshare=pc_web&xsec_token=ABNo_BFRrK-4aWK8jdQuDcf7a1hqWqWX3z2ISnAkjgyRw=&xsec_source=pc_share,unknown,"荣耀闪电队-齐天大圣夺冠！

",69e4a39c000000001401ac31,1,l1_per_post_mixed,13,0.0,9.0,3.0,19,第一个红色机器人很有科幻电影的角色感觉,,,,,,3517.0,445.0,,65320dd8000000002a02bfc4,2026.04.19,浙江,"我这个位置是起点第一个群众可以观看的地方，人很多！大家都很激动兴奋！！各种神点评！

"
batch2_anchor,69e4412a000000002103883f,https://www.xiaohongshu.com/explore/69e4412a000000002103883f?source=webshare&xhsshare=pc_web&xsec_token=ABNo_BFRrK-4aWK8jdQuDcf7a1hqWqWX3z2ISnAkjgyRw=&xsec_source=pc_share,unknown,"荣耀闪电队-齐天大圣夺冠！

",69e479ac0000000014018c17,1,l1_per_post_mixed,14,4.0,10.0,3.0,16,希望能在活一千年，看看会发生什么,,,,,,3517.0,445.0,,5df49e38000000000100015e,2026.04.19,广东,"我这个位置是起点第一个群众可以观看的地方，人很多！大家都很激动兴奋！！各种神点评！

"
batch2_anchor,69e4412a000000002103883f,https://www.xiaohongshu.com/explore/69e4412a000000002103883f?source=webshare&xhsshare=pc_web&xsec_token=ABNo_BFRrK-4aWK8jdQuDcf7a1hqWqWX3z2ISnAkjgyRw=&xsec_source=pc_share,unknown,"荣耀闪电队-齐天大圣夺冠！

",69e47cf3000000001401dc01,1,l1_per_post_mixed,15,0.0,26.0,1.0,38,刚想说为什么不做有轮子的机器人的跑步比赛，后来想到那他妈叫新能源车[捂脸R],,,,,,3517.0,445.0,,57da974182ec396534c10c24,2026.04.19,海南,"我这个位置是起点第一个群众可以观看的地方，人很多！大家都很激动兴奋！！各种神点评！

"
batch2_anchor,69e4412a000000002103883f,https://www.xiaohongshu.com/explore/69e4412a000000002103883f?source=webshare&xhsshare=pc_web&xsec_token=ABNo_BFRrK-4aWK8jdQuDcf7a1hqWqWX3z2ISnAkjgyRw=&xsec_source=pc_share,unknown,"荣耀闪电队-齐天大圣夺冠！

",69e48c7a000000001401e037,1,l1_per_post_mixed,16,4.0,0.0,0.0,17,哇 以后山火洪水地震救援就靠他们了,,,,,,3517.0,445.0,,5c90679f000000001203dd99,2026.04.19,四川,"我这个位置是起点第一个群众可以观看的地方，人很多！大家都很激动兴奋！！各种神点评！

"
batch2_anchor,69e4412a000000002103883f,https://www.xiaohongshu.com/explore/69e4412a000000002103883f?source=webshare&xhsshare=pc_web&xsec_token=ABNo_BFRrK-4aWK8jdQuDcf7a1hqWqWX3z2ISnAkjgyRw=&xsec_source=pc_share,unknown,"荣耀闪电队-齐天大圣夺冠！

",69e471b5000000001401e42e,1,l1_per_post_mixed,17,0.0,7.0,2.0,25,人跑马有关门兔，机器人跑马有关门狗啊[暗中观察R],,,,,,3517.0,445.0,,5adfcb5311be106b7d73fef2,2026.04.19,广东,"我这个位置是起点第一个群众可以观看的地方，人很多！大家都很激动兴奋！！各种神点评！

"
batch2_anchor,69e4412a000000002103883f,https://www.xiaohongshu.com/explore/69e4412a000000002103883f?source=webshare&xhsshare=pc_web&xsec_token=ABNo_BFRrK-4aWK8jdQuDcf7a1hqWqWX3z2ISnAkjgyRw=&xsec_source=pc_share,unknown,"荣耀闪电队-齐天大圣夺冠！

",69e48c37000000001401bc2a,1,l1_per_post_mixed,18,0.0,0.0,0.0,48,乖乖，机器人就像家里养的狗狗一样可爱[点赞R][点赞R][点赞R][玫瑰R][玫瑰R][玫瑰R],,,,,,3517.0,445.0,,5fbbacf1000000000101c7db,2026.04.19,安徽,"我这个位置是起点第一个群众可以观看的地方，人很多！大家都很激动兴奋！！各种神点评！

"
batch2_anchor,69e4412a000000002103883f,https://www.xiaohongshu.com/explore/69e4412a000000002103883f?source=webshare&xhsshare=pc_web&xsec_token=ABNo_BFRrK-4aWK8jdQuDcf7a1hqWqWX3z2ISnAkjgyRw=&xsec_source=pc_share,unknown,"荣耀闪电队-齐天大圣夺冠！

",69e47e43000000001401c43c,1,l1_per_post_mixed,19,,8.0,3.0,6,人类一败涂地,,,,,,3517.0,445.0,,61a5cef5000000001000cddd,2026.04.19,湖南,"我这个位置是起点第一个群众可以观看的地方，人很多！大家都很激动兴奋！！各种神点评！

"
batch2_anchor,69e4412a000000002103883f,https://www.xiaohongshu.com/explore/69e4412a000000002103883f?source=webshare&xhsshare=pc_web&xsec_token=ABNo_BFRrK-4aWK8jdQuDcf7a1hqWqWX3z2ISnAkjgyRw=&xsec_source=pc_share,unknown,"荣耀闪电队-齐天大圣夺冠！

",69e459d20000000014019c28,1,l1_per_post_mixed,20,2.0,2.0,3.0,10,旁边那个赛道是陪跑？,,,,,,3517.0,445.0,,63aa7c5f0000000026004e44,2026.04.19,福建,"我这个位置是起点第一个群众可以观看的地方，人很多！大家都很激动兴奋！！各种神点评！

"
batch2_anchor,69e4412a000000002103883f,https://www.xiaohongshu.com/explore/69e4412a000000002103883f?source=webshare&xhsshare=pc_web&xsec_token=ABNo_BFRrK-4aWK8jdQuDcf7a1hqWqWX3z2ISnAkjgyRw=&xsec_source=pc_share,unknown,"荣耀闪电队-齐天大圣夺冠！

",69e488ad000000001401bc04,1,l1_per_post_mixed,21,3.0,0.0,0.0,11,自主的太猛了[笑哭R],,,,,,3517.0,445.0,,64060dac000000002a00a975,2026.04.19,广西,"我这个位置是起点第一个群众可以观看的地方，人很多！大家都很激动兴奋！！各种神点评！

"
batch2_anchor,69e4412a000000002103883f,https://www.xiaohongshu.com/explore/69e4412a000000002103883f?source=webshare&xhsshare=pc_web&xsec_token=ABNo_BFRrK-4aWK8jdQuDcf7a1hqWqWX3z2ISnAkjgyRw=&xsec_source=pc_share,unknown,"荣耀闪电队-齐天大圣夺冠！

",69e48040000000001401b00c,1,l1_per_post_mixed,22,,3.0,1.0,4,章若楠？,,,,,,3517.0,445.0,,60d8548a0000000020024e9c,2026.04.19,四川,"我这个位置是起点第一个群众可以观看的地方，人很多！大家都很激动兴奋！！各种神点评！

"
batch2_anchor,69e4412a000000002103883f,https://www.xiaohongshu.com/explore/69e4412a000000002103883f?source=webshare&xhsshare=pc_web&xsec_token=ABNo_BFRrK-4aWK8jdQuDcf7a1hqWqWX3z2ISnAkjgyRw=&xsec_source=pc_share,unknown,"荣耀闪电队-齐天大圣夺冠！

",69e57562000000001401e020,1,l1_per_post_mixed,23,6.0,7.0,1.0,38,今年冠军比去年第一名快两小时，什么概念，都不敢想明年会是什么景象了[汗颜R],,,,,,3517.0,445.0,,5ea18aeb0000000001007c1d,2026.04.20,江苏,"我这个位置是起点第一个群众可以观看的地方，人很多！大家都很激动兴奋！！各种神点评！

"
batch2_anchor,69e4412a000000002103883f,https://www.xiaohongshu.com/explore/69e4412a000000002103883f?source=webshare&xhsshare=pc_web&xsec_token=ABNo_BFRrK-4aWK8jdQuDcf7a1hqWqWX3z2ISnAkjgyRw=&xsec_source=pc_share,unknown,"荣耀闪电队-齐天大圣夺冠！

",69e460fe000000001401c835,1,l1_per_post_mixed,24,2.0,12.0,2.0,15,真有个跑的披头散发的[笑哭R],,,,,,3517.0,445.0,,5c167c930000000006037e3a,2026.04.19,福建,"我这个位置是起点第一个群众可以观看的地方，人很多！大家都很激动兴奋！！各种神点评！

"
batch2_anchor,69e4412a000000002103883f,https://www.xiaohongshu.com/explore/69e4412a000000002103883f?source=webshare&xhsshare=pc_web&xsec_token=ABNo_BFRrK-4aWK8jdQuDcf7a1hqWqWX3z2ISnAkjgyRw=&xsec_source=pc_share,unknown,"荣耀闪电队-齐天大圣夺冠！

",69e47150000000001401a407,1,l1_per_post_mixed,25,,2.0,1.0,9,太欢乐了[笑哭R],,,,,,3517.0,445.0,,688f4f080000000028024472,2026.04.19,内蒙古,"我这个位置是起点第一个群众可以观看的地方，人很多！大家都很激动兴奋！！各种神点评！

"
batch2_anchor,69e4412a000000002103883f,https://www.xiaohongshu.com/explore/69e4412a000000002103883f?source=webshare&xhsshare=pc_web&xsec_token=ABNo_BFRrK-4aWK8jdQuDcf7a1hqWqWX3z2ISnAkjgyRw=&xsec_source=pc_share,unknown,"荣耀闪电队-齐天大圣夺冠！

",69e482820000000014019009,1,l1_per_post_mixed,26,6.0,0.0,0.0,12,宇树科技的呢？？第几名啊,,,,,,3517.0,445.0,,5d3c0362000000001602cb4c,2026.04.19,四川,"我这个位置是起点第一个群众可以观看的地方，人很多！大家都很激动兴奋！！各种神点评！

"
batch2_anchor,69e4412a000000002103883f,https://www.xiaohongshu.com/explore/69e4412a000000002103883f?source=webshare&xhsshare=pc_web&xsec_token=ABNo_BFRrK-4aWK8jdQuDcf7a1hqWqWX3z2ISnAkjgyRw=&xsec_source=pc_share,unknown,"荣耀闪电队-齐天大圣夺冠！

",69e4821c000000001401cc02,1,l1_per_post_mixed,27,2.0,0.0,0.0,25,哈哈哈，不行了穿的跑鞋还[捂脸R][捂脸R]好搞笑,,,,,,3517.0,445.0,,5f12dce50000000001001bc4,2026.04.19,宁夏,"我这个位置是起点第一个群众可以观看的地方，人很多！大家都很激动兴奋！！各种神点评！

"
batch2_anchor,69e4412a000000002103883f,https://www.xiaohongshu.com/explore/69e4412a000000002103883f?source=webshare&xhsshare=pc_web&xsec_token=ABNo_BFRrK-4aWK8jdQuDcf7a1hqWqWX3z2ISnAkjgyRw=&xsec_source=pc_share,unknown,"荣耀闪电队-齐天大圣夺冠！

",69e46e81000000001401bc0f,1,l1_per_post_mixed,28,2.0,0.0,1.0,10,俺尋思漆紅色比較快！,,,,,,3517.0,445.0,,60a0051d0000000001003648,2026.04.19,中国台湾,"我这个位置是起点第一个群众可以观看的地方，人很多！大家都很激动兴奋！！各种神点评！

"
batch2_anchor,69e4412a000000002103883f,https://www.xiaohongshu.com/explore/69e4412a000000002103883f?source=webshare&xhsshare=pc_web&xsec_token=ABNo_BFRrK-4aWK8jdQuDcf7a1hqWqWX3z2ISnAkjgyRw=&xsec_source=pc_share,unknown,"荣耀闪电队-齐天大圣夺冠！

",69e480000000000014019420,1,l1_per_post_mixed,29,0.0,2.0,0.0,34,一条马路分两半，一半给人跑马拉松一半给机器人[笑哭R]，哈哈哈哈哈哈,,,,,,3517.0,445.0,,6111ca30000000002002cbae,2026.04.19,江苏,"我这个位置是起点第一个群众可以观看的地方，人很多！大家都很激动兴奋！！各种神点评！

"
batch2_anchor,69e4412a000000002103883f,https://www.xiaohongshu.com/explore/69e4412a000000002103883f?source=webshare&xhsshare=pc_web&xsec_token=ABNo_BFRrK-4aWK8jdQuDcf7a1hqWqWX3z2ISnAkjgyRw=&xsec_source=pc_share,unknown,"荣耀闪电队-齐天大圣夺冠！

",69e49576000000001401b820,1,l1_per_post_mixed,30,4.0,2.0,1.0,20,这东西以后用来杀人应该挺方便的[微笑R],,,,,,3517.0,445.0,,5a0d64ee11be1030e2165836,2026.04.19,广东,"我这个位置是起点第一个群众可以观看的地方，人很多！大家都很激动兴奋！！各种神点评！

"
batch2_anchor,69e463df000000001b003017,https://www.xiaohongshu.com/explore/69e463df000000001b003017?source=webshare&xhsshare=pc_web&xsec_token=ABNo_BFRrK-4aWK8jdQuDcf9BcGIkQLiNddI_ajXQxwG8=&xsec_source=pc_share,unknown,"

",69e5d9e6000000002b036f93,1,l1_per_post_mixed,1,0.0,0.0,0.0,19,我已經看到我熱愛的機甲帥哥了[色色R],,,,,,3270.0,219.0,,5d8f51ae000000000100bca4,2026.04.20,中国台湾,"机器人“闪电”夺冠后戴着金牌亮相，记者争先恐后采访

"
batch2_anchor,69e463df000000001b003017,https://www.xiaohongshu.com/explore/69e463df000000001b003017?source=webshare&xhsshare=pc_web&xsec_token=ABNo_BFRrK-4aWK8jdQuDcf9BcGIkQLiNddI_ajXQxwG8=&xsec_source=pc_share,unknown,"

",69e5b54d000000001401ac07,1,l1_per_post_mixed,2,2.0,1.0,0.0,19,他跑的真的可快了，比跑马拉松的人跑得快,,,,,,3270.0,219.0,,5b5b202b4eacab0659bd672f,2026.04.20,天津,"机器人“闪电”夺冠后戴着金牌亮相，记者争先恐后采访

"
batch2_anchor,69e463df000000001b003017,https://www.xiaohongshu.com/explore/69e463df000000001b003017?source=webshare&xhsshare=pc_web&xsec_token=ABNo_BFRrK-4aWK8jdQuDcf9BcGIkQLiNddI_ajXQxwG8=&xsec_source=pc_share,unknown,"

",69e5abbb000000001401e407,1,l1_per_post_mixed,3,0.0,0.0,0.0,20,这冠军机器人看着就不好惹的样子[大笑R],,,,,,3270.0,219.0,,678d5952000000000a03dd57,2026.04.20,重庆,"机器人“闪电”夺冠后戴着金牌亮相，记者争先恐后采访

"
batch2_anchor,69e463df000000001b003017,https://www.xiaohongshu.com/explore/69e463df000000001b003017?source=webshare&xhsshare=pc_web&xsec_token=ABNo_BFRrK-4aWK8jdQuDcf9BcGIkQLiNddI_ajXQxwG8=&xsec_source=pc_share,unknown,"

",69e4b1f2000000001401c034,1,l1_per_post_mixed,4,4.0,0.0,0.0,11,我想知道这个是黄金的不,,,,,,3270.0,219.0,,650e877600000000170228f4,2026.04.19,安徽,"机器人“闪电”夺冠后戴着金牌亮相，记者争先恐后采访

"
batch2_anchor,69e463df000000001b003017,https://www.xiaohongshu.com/explore/69e463df000000001b003017?source=webshare&xhsshare=pc_web&xsec_token=ABNo_BFRrK-4aWK8jdQuDcf9BcGIkQLiNddI_ajXQxwG8=&xsec_source=pc_share,unknown,"

",69e4896f000000001401d439,1,l1_per_post_mixed,5,4.0,2.0,0.0,5,历史性时刻,,,,,,3270.0,219.0,,6543c3e2000000000400989f,2026.04.19,广东,"机器人“闪电”夺冠后戴着金牌亮相，记者争先恐后采访

"
batch2_anchor,69e463df000000001b003017,https://www.xiaohongshu.com/explore/69e463df000000001b003017?source=webshare&xhsshare=pc_web&xsec_token=ABNo_BFRrK-4aWK8jdQuDcf9BcGIkQLiNddI_ajXQxwG8=&xsec_source=pc_share,unknown,"

",69e5ba8f0000000014019c28,1,l1_per_post_mixed,6,,0.0,2.0,16,@一块猪肘子 @小苏   [福],,,,,,3270.0,219.0,,60a8c0910000000001003e49,2026.04.20,河北,"机器人“闪电”夺冠后戴着金牌亮相，记者争先恐后采访

"
batch2_anchor,69e463df000000001b003017,https://www.xiaohongshu.com/explore/69e463df000000001b003017?source=webshare&xhsshare=pc_web&xsec_token=ABNo_BFRrK-4aWK8jdQuDcf9BcGIkQLiNddI_ajXQxwG8=&xsec_source=pc_share,unknown,"

",69e578ee000000001401bc24,1,l1_per_post_mixed,7,0.0,662.0,9.0,47,此刻宇树的一个机器人在关注的欢呼声中唱跳rap无法自拔，另一个在看小朋友摔跤吃瓜[暗中观察R],,,,,,3270.0,219.0,,5ec625ff000000000101c342,2026.04.20,天津,"机器人“闪电”夺冠后戴着金牌亮相，记者争先恐后采访

"
batch2_anchor,69e463df000000001b003017,https://www.xiaohongshu.com/explore/69e463df000000001b003017?source=webshare&xhsshare=pc_web&xsec_token=ABNo_BFRrK-4aWK8jdQuDcf9BcGIkQLiNddI_ajXQxwG8=&xsec_source=pc_share,unknown,"

",69eb54d0000000002803e2d9,1,l1_per_post_mixed,8,5.0,33.0,1.0,22,你们说闪电和win会不会电池是一样的[旺柴],,,,,,3270.0,219.0,,695673240000000037002da7,2026.04.24,湖北,"机器人“闪电”夺冠后戴着金牌亮相，记者争先恐后采访

"
batch2_anchor,69e463df000000001b003017,https://www.xiaohongshu.com/explore/69e463df000000001b003017?source=webshare&xhsshare=pc_web&xsec_token=ABNo_BFRrK-4aWK8jdQuDcf9BcGIkQLiNddI_ajXQxwG8=&xsec_source=pc_share,unknown,"

",69e4f0db000000002b002b1e,1,l1_per_post_mixed,9,0.0,299.0,15.0,25,赶紧加个语音智能，就可以发表获奖感言了[doge],,,,,,3270.0,219.0,,5de0c42600000000010013c0,2026.04.19,加拿大,"机器人“闪电”夺冠后戴着金牌亮相，记者争先恐后采访

"
batch2_anchor,69e463df000000001b003017,https://www.xiaohongshu.com/explore/69e463df000000001b003017?source=webshare&xhsshare=pc_web&xsec_token=ABNo_BFRrK-4aWK8jdQuDcf9BcGIkQLiNddI_ajXQxwG8=&xsec_source=pc_share,unknown,"

",69e5af30000000001401a00f,1,l1_per_post_mixed,10,3.0,75.0,7.0,25,竟然是自主的夺冠了，遥控的怎么会输给自主[捂脸R],,,,,,3270.0,219.0,,5ffdda72000000000100a6c6,2026.04.20,山西,"机器人“闪电”夺冠后戴着金牌亮相，记者争先恐后采访

"
batch2_anchor,69e463df000000001b003017,https://www.xiaohongshu.com/explore/69e463df000000001b003017?source=webshare&xhsshare=pc_web&xsec_token=ABNo_BFRrK-4aWK8jdQuDcf9BcGIkQLiNddI_ajXQxwG8=&xsec_source=pc_share,unknown,"

",69ec66ff00000000270175e9,1,l1_per_post_mixed,11,5.0,30.0,0.0,19,散热看起来和win似的，算是同根同源了,,,,,,3270.0,219.0,,69c3660900000000320277bf,2026.04.25,河北,"机器人“闪电”夺冠后戴着金牌亮相，记者争先恐后采访

"
batch2_anchor,69e463df000000001b003017,https://www.xiaohongshu.com/explore/69e463df000000001b003017?source=webshare&xhsshare=pc_web&xsec_token=ABNo_BFRrK-4aWK8jdQuDcf9BcGIkQLiNddI_ajXQxwG8=&xsec_source=pc_share,unknown,"

",69e55be4000000001401dc0e,1,l1_per_post_mixed,12,2.0,74.0,6.0,12,真正厉害的是他后面的团队,,,,,,3270.0,219.0,,5be7492b14d9f700014992c8,2026.04.20,美国,"机器人“闪电”夺冠后戴着金牌亮相，记者争先恐后采访

"
batch2_anchor,69e463df000000001b003017,https://www.xiaohongshu.com/explore/69e463df000000001b003017?source=webshare&xhsshare=pc_web&xsec_token=ABNo_BFRrK-4aWK8jdQuDcf9BcGIkQLiNddI_ajXQxwG8=&xsec_source=pc_share,unknown,"

",69ec66ef000000002803845c,1,l1_per_post_mixed,13,5.0,21.0,0.0,20,闪电是不是和win似的用的也是青海湖电池,,,,,,3270.0,219.0,,697a0a39000000001d01b1b3,2026.04.25,湖北,"机器人“闪电”夺冠后戴着金牌亮相，记者争先恐后采访

"
batch2_anchor,69e463df000000001b003017,https://www.xiaohongshu.com/explore/69e463df000000001b003017?source=webshare&xhsshare=pc_web&xsec_token=ABNo_BFRrK-4aWK8jdQuDcf9BcGIkQLiNddI_ajXQxwG8=&xsec_source=pc_share,unknown,"

",69e6d300000000001401d404,1,l1_per_post_mixed,14,0.0,86.0,1.0,19,机器人激动得半天说不出一句话[笑哭R],,,,,,3270.0,219.0,,5e1306780000000001003fb0,2026.04.21,广东,"机器人“闪电”夺冠后戴着金牌亮相，记者争先恐后采访

"
batch2_anchor,69e463df000000001b003017,https://www.xiaohongshu.com/explore/69e463df000000001b003017?source=webshare&xhsshare=pc_web&xsec_token=ABNo_BFRrK-4aWK8jdQuDcf9BcGIkQLiNddI_ajXQxwG8=&xsec_source=pc_share,unknown,"

",69e76d42000000001401b020,1,l1_per_post_mixed,15,6.0,22.0,1.0,19,荣耀确实够强，但宇树的开始有人味儿了。,,,,,,3270.0,219.0,,55b300063397db4430baa95b,2026.04.21,江苏,"机器人“闪电”夺冠后戴着金牌亮相，记者争先恐后采访

"
batch2_anchor,69e463df000000001b003017,https://www.xiaohongshu.com/explore/69e463df000000001b003017?source=webshare&xhsshare=pc_web&xsec_token=ABNo_BFRrK-4aWK8jdQuDcf9BcGIkQLiNddI_ajXQxwG8=&xsec_source=pc_share,unknown,"

",69e5c9910000000014019008,1,l1_per_post_mixed,16,3.0,5.0,3.0,16,闪电的工程师抱着电脑追得上它吗？,,,,,,3270.0,219.0,,5917304c5e87e7363dd7b330,2026.04.20,北京,"机器人“闪电”夺冠后戴着金牌亮相，记者争先恐后采访

"
batch2_anchor,69e463df000000001b003017,https://www.xiaohongshu.com/explore/69e463df000000001b003017?source=webshare&xhsshare=pc_web&xsec_token=ABNo_BFRrK-4aWK8jdQuDcf9BcGIkQLiNddI_ajXQxwG8=&xsec_source=pc_share,unknown,"

",69e5818d000000001401a001,1,l1_per_post_mixed,17,0.0,9.0,8.0,34,机器人未来会不会变坏？会不会变成恐怖组织，会不会从事刺杀人类的任务？,,,,,,3270.0,219.0,,64616b6e0000000029015425,2026.04.20,云南,"机器人“闪电”夺冠后戴着金牌亮相，记者争先恐后采访

"
batch2_anchor,69e463df000000001b003017,https://www.xiaohongshu.com/explore/69e463df000000001b003017?source=webshare&xhsshare=pc_web&xsec_token=ABNo_BFRrK-4aWK8jdQuDcf9BcGIkQLiNddI_ajXQxwG8=&xsec_source=pc_share,unknown,"

",69e5c39b000000001401b805,1,l1_per_post_mixed,18,1.0,8.0,4.0,15,为什么我总是能想到他[偷笑R],,,,,,3270.0,219.0,,612839650000000001008658,2026.04.20,吉林,"机器人“闪电”夺冠后戴着金牌亮相，记者争先恐后采访

"
batch2_anchor,69e463df000000001b003017,https://www.xiaohongshu.com/explore/69e463df000000001b003017?source=webshare&xhsshare=pc_web&xsec_token=ABNo_BFRrK-4aWK8jdQuDcf9BcGIkQLiNddI_ajXQxwG8=&xsec_source=pc_share,unknown,"

",69e4d6ce000000001401dc1f,1,l1_per_post_mixed,19,3.0,6.0,4.0,37,看了好多视频好像有点明白了，自主的好像牌牌是蓝的，遥控的是紫色的[失望R],,,,,,3270.0,219.0,,6452f41b000000000f0052b1,2026.04.19,广西,"机器人“闪电”夺冠后戴着金牌亮相，记者争先恐后采访

"
batch2_anchor,69e463df000000001b003017,https://www.xiaohongshu.com/explore/69e463df000000001b003017?source=webshare&xhsshare=pc_web&xsec_token=ABNo_BFRrK-4aWK8jdQuDcf9BcGIkQLiNddI_ajXQxwG8=&xsec_source=pc_share,unknown,"

",69e4a67e0000000014018004,1,l1_per_post_mixed,20,,8.0,6.0,38,机器人半马跑48分19秒，比人类世界纪录快近10分钟，电机和算法哪个更关键？,,,,,,3270.0,219.0,,647ca03e000000001f005749,2026.04.19,广东,"机器人“闪电”夺冠后戴着金牌亮相，记者争先恐后采访

"
batch2_anchor,69e463df000000001b003017,https://www.xiaohongshu.com/explore/69e463df000000001b003017?source=webshare&xhsshare=pc_web&xsec_token=ABNo_BFRrK-4aWK8jdQuDcf9BcGIkQLiNddI_ajXQxwG8=&xsec_source=pc_share,unknown,"

",69e7001c000000001401cc30,1,l1_per_post_mixed,21,2.0,7.0,0.0,67,冲线之前它还摔倒了，工作人员把它扶起来之后以为不行了没想到自己反应过来了一股子“别拦着我”的劲又跑上赛道了，那段看的特别感动[笑哭R],,,,,,3270.0,219.0,,58942bed7fc5b857486d0cc8,2026.04.21,山东,"机器人“闪电”夺冠后戴着金牌亮相，记者争先恐后采访

"
batch2_anchor,69e463df000000001b003017,https://www.xiaohongshu.com/explore/69e463df000000001b003017?source=webshare&xhsshare=pc_web&xsec_token=ABNo_BFRrK-4aWK8jdQuDcf9BcGIkQLiNddI_ajXQxwG8=&xsec_source=pc_share,unknown,"

",69e4c2aa0000000014019013,1,l1_per_post_mixed,22,3.0,2.0,1.0,9,它为什么不装起来？,,,,,,3270.0,219.0,,582fb5705e87e73f8e595e44,2026.04.19,江苏,"机器人“闪电”夺冠后戴着金牌亮相，记者争先恐后采访

"
batch2_anchor,69e463df000000001b003017,https://www.xiaohongshu.com/explore/69e463df000000001b003017?source=webshare&xhsshare=pc_web&xsec_token=ABNo_BFRrK-4aWK8jdQuDcf9BcGIkQLiNddI_ajXQxwG8=&xsec_source=pc_share,unknown,"

",69e858e7000000001401b009,1,l1_per_post_mixed,23,2.0,2.0,0.0,16,终于看清楚这货了，跑的这个飞快啊,,,,,,3270.0,219.0,,5d0c4e8a0000000010002c77,2026.04.22,辽宁,"机器人“闪电”夺冠后戴着金牌亮相，记者争先恐后采访

"
batch2_anchor,69e463df000000001b003017,https://www.xiaohongshu.com/explore/69e463df000000001b003017?source=webshare&xhsshare=pc_web&xsec_token=ABNo_BFRrK-4aWK8jdQuDcf9BcGIkQLiNddI_ajXQxwG8=&xsec_source=pc_share,unknown,"

",69e8e5eb000000001401e022,1,l1_per_post_mixed,24,,0.0,0.0,5,荣耀牛逼！,,,,,,3270.0,219.0,,620cbcbc000000001000dfd5,2026.04.22,浙江,"机器人“闪电”夺冠后戴着金牌亮相，记者争先恐后采访

"
batch2_anchor,69e463df000000001b003017,https://www.xiaohongshu.com/explore/69e463df000000001b003017?source=webshare&xhsshare=pc_web&xsec_token=ABNo_BFRrK-4aWK8jdQuDcf9BcGIkQLiNddI_ajXQxwG8=&xsec_source=pc_share,unknown,"

",69e74a97000000001401d802,1,l1_per_post_mixed,25,6.0,0.0,0.0,6,金牌好可爱啊,,,,,,3270.0,219.0,,5dc9fb940000000001003e01,2026.04.21,山东,"机器人“闪电”夺冠后戴着金牌亮相，记者争先恐后采访

"
batch2_anchor,69e463df000000001b003017,https://www.xiaohongshu.com/explore/69e463df000000001b003017?source=webshare&xhsshare=pc_web&xsec_token=ABNo_BFRrK-4aWK8jdQuDcf9BcGIkQLiNddI_ajXQxwG8=&xsec_source=pc_share,unknown,"

",69e4d1fb0000000014018c27,1,l1_per_post_mixed,26,6.0,0.0,0.0,22,运动员和背后操控的资本家与赞助商[doge],,,,,,3270.0,219.0,,5c7230970000000012036c7d,2026.04.19,马来西亚,"机器人“闪电”夺冠后戴着金牌亮相，记者争先恐后采访

"
batch2_anchor,69e463df000000001b003017,https://www.xiaohongshu.com/explore/69e463df000000001b003017?source=webshare&xhsshare=pc_web&xsec_token=ABNo_BFRrK-4aWK8jdQuDcf9BcGIkQLiNddI_ajXQxwG8=&xsec_source=pc_share,unknown,"

",69e6de21000000001401cc1a,1,l1_per_post_mixed,27,0.0,1.0,0.0,17,看的出来，机器人也很高兴[偷笑R],,,,,,3270.0,219.0,,627a2e290000000021025f6c,2026.04.21,浙江,"机器人“闪电”夺冠后戴着金牌亮相，记者争先恐后采访

"
batch2_anchor,69e463df000000001b003017,https://www.xiaohongshu.com/explore/69e463df000000001b003017?source=webshare&xhsshare=pc_web&xsec_token=ABNo_BFRrK-4aWK8jdQuDcf9BcGIkQLiNddI_ajXQxwG8=&xsec_source=pc_share,unknown,"

",69e600e50000000014018c00,1,l1_per_post_mixed,28,2.0,0.0,0.0,16,大腿粗，上身细，怪不得[笑哭R],,,,,,3270.0,219.0,,609c012b0000000001000106,2026.04.20,上海,"机器人“闪电”夺冠后戴着金牌亮相，记者争先恐后采访

"
batch2_anchor,69e463df000000001b003017,https://www.xiaohongshu.com/explore/69e463df000000001b003017?source=webshare&xhsshare=pc_web&xsec_token=ABNo_BFRrK-4aWK8jdQuDcf9BcGIkQLiNddI_ajXQxwG8=&xsec_source=pc_share,unknown,"

",69e5e87c000000001401c000,1,l1_per_post_mixed,29,3.0,0.0,0.0,18,要是能给它加上语音就好了，它自主回答,,,,,,3270.0,219.0,,64c1ca130000000014035536,2026.04.20,山东,"机器人“闪电”夺冠后戴着金牌亮相，记者争先恐后采访

"
batch2_anchor,69e463df000000001b003017,https://www.xiaohongshu.com/explore/69e463df000000001b003017?source=webshare&xhsshare=pc_web&xsec_token=ABNo_BFRrK-4aWK8jdQuDcf9BcGIkQLiNddI_ajXQxwG8=&xsec_source=pc_share,unknown,"

",69e5e861000000001401c41a,1,l1_per_post_mixed,30,2.0,0.0,0.0,13,没脖子是一大优势[笑哭R],,,,,,3270.0,219.0,,60eeb5a10000000001006b37,2026.04.20,北京,"机器人“闪电”夺冠后戴着金牌亮相，记者争先恐后采访

"
batch2_anchor,69e48b0b000000001a02578c,https://www.xiaohongshu.com/explore/69e48b0b000000001a02578c?source=webshare&xhsshare=pc_web&xsec_token=ABNo_BFRrK-4aWK8jdQuDcf1DeOvkqWWv4W7Y_5Ep9iZI=&xsec_source=pc_share,unknown,"北京马拉松机器人中暑了🥵

",69f2ed10000000002701e5b6,1,l1_per_post_mixed,1,,0.0,0.0,9,笑死我了[笑哭R],,,,,,3334.0,467.0,,644394d500000000120343bc,2026.04.30,江西,"一个自动机器人配两个助理🥵

"
batch2_anchor,69e48b0b000000001a02578c,https://www.xiaohongshu.com/explore/69e48b0b000000001a02578c?source=webshare&xhsshare=pc_web&xsec_token=ABNo_BFRrK-4aWK8jdQuDcf1DeOvkqWWv4W7Y_5Ep9iZI=&xsec_source=pc_share,unknown,"北京马拉松机器人中暑了🥵

",69ef3f22000000002701fbeb,1,l1_per_post_mixed,2,,0.0,0.0,2,猎奇,,,,,,3334.0,467.0,,6280745e000000002102659c,2026.04.27,湖北,"一个自动机器人配两个助理🥵

"
batch2_anchor,69e48b0b000000001a02578c,https://www.xiaohongshu.com/explore/69e48b0b000000001a02578c?source=webshare&xhsshare=pc_web&xsec_token=ABNo_BFRrK-4aWK8jdQuDcf1DeOvkqWWv4W7Y_5Ep9iZI=&xsec_source=pc_share,unknown,"北京马拉松机器人中暑了🥵

",69ec568b0000000029010f35,1,l1_per_post_mixed,3,2.0,2.0,0.0,11,我还以为摔出电火花来了,,,,,,3334.0,467.0,,665de8ac0000000003033b45,2026.04.25,安徽,"一个自动机器人配两个助理🥵

"
batch2_anchor,69e48b0b000000001a02578c,https://www.xiaohongshu.com/explore/69e48b0b000000001a02578c?source=webshare&xhsshare=pc_web&xsec_token=ABNo_BFRrK-4aWK8jdQuDcf1DeOvkqWWv4W7Y_5Ep9iZI=&xsec_source=pc_share,unknown,"北京马拉松机器人中暑了🥵

",69eb989d000000000d021c00,1,l1_per_post_mixed,4,2.0,0.0,0.0,16,掉落白水晶，赶紧去捡[doge],,,,,,3334.0,467.0,,619535fa000000001000ebfc,2026.04.25,美国,"一个自动机器人配两个助理🥵

"
batch2_anchor,69e48b0b000000001a02578c,https://www.xiaohongshu.com/explore/69e48b0b000000001a02578c?source=webshare&xhsshare=pc_web&xsec_token=ABNo_BFRrK-4aWK8jdQuDcf1DeOvkqWWv4W7Y_5Ep9iZI=&xsec_source=pc_share,unknown,"北京马拉松机器人中暑了🥵

",69eb1a090000000014018c0d,1,l1_per_post_mixed,5,5.0,0.0,0.0,14,大概是电机过热吧。[汗颜R],,,,,,3334.0,467.0,,61563efb000000000201ffee,2026.04.24,北京,"一个自动机器人配两个助理🥵

"
batch2_anchor,69e48b0b000000001a02578c,https://www.xiaohongshu.com/explore/69e48b0b000000001a02578c?source=webshare&xhsshare=pc_web&xsec_token=ABNo_BFRrK-4aWK8jdQuDcf1DeOvkqWWv4W7Y_5Ep9iZI=&xsec_source=pc_share,unknown,"北京马拉松机器人中暑了🥵

",69ef2e5b000000002902cd01,1,l1_per_post_mixed,6,0.0,3414.0,99.0,28,机器人提供了新的就业岗位，一个机器人跑马拉松需要两个助理,,,,,,3334.0,467.0,,6304a4be000000000f006a16,2026.04.27,云南,"一个自动机器人配两个助理🥵

"
batch2_anchor,69e48b0b000000001a02578c,https://www.xiaohongshu.com/explore/69e48b0b000000001a02578c?source=webshare&xhsshare=pc_web&xsec_token=ABNo_BFRrK-4aWK8jdQuDcf1DeOvkqWWv4W7Y_5Ep9iZI=&xsec_source=pc_share,unknown,"北京马拉松机器人中暑了🥵

",69ecb9a7000000002803354c,1,l1_per_post_mixed,7,3.0,1201.0,34.0,40,为什么非要学人用两条腿走，腿也没那么好使，走路累死了，所以人们都骑电动[失望R],,,,,,3334.0,467.0,,59b5b7ea5e87e72d1b88baf9,2026.04.25,北京,"一个自动机器人配两个助理🥵

"
batch2_anchor,69e48b0b000000001a02578c,https://www.xiaohongshu.com/explore/69e48b0b000000001a02578c?source=webshare&xhsshare=pc_web&xsec_token=ABNo_BFRrK-4aWK8jdQuDcf1DeOvkqWWv4W7Y_5Ep9iZI=&xsec_source=pc_share,unknown,"北京马拉松机器人中暑了🥵

",69eae32d000000001401d40b,1,l1_per_post_mixed,8,,622.0,9.0,9,以后得养老院。。。,,,,,,3334.0,467.0,,5fc0760a0000000001001555,2026.04.24,河南,"一个自动机器人配两个助理🥵

"
batch2_anchor,69e48b0b000000001a02578c,https://www.xiaohongshu.com/explore/69e48b0b000000001a02578c?source=webshare&xhsshare=pc_web&xsec_token=ABNo_BFRrK-4aWK8jdQuDcf1DeOvkqWWv4W7Y_5Ep9iZI=&xsec_source=pc_share,unknown,"北京马拉松机器人中暑了🥵

",69ef066c000000002702cc16,1,l1_per_post_mixed,9,2.0,147.0,5.0,20,非做成小脚老太太吗？做个大脚丫子站的多稳,,,,,,3334.0,467.0,,5d2d2774000000001000f3d2,2026.04.27,北京,"一个自动机器人配两个助理🥵

"
batch2_anchor,69e48b0b000000001a02578c,https://www.xiaohongshu.com/explore/69e48b0b000000001a02578c?source=webshare&xhsshare=pc_web&xsec_token=ABNo_BFRrK-4aWK8jdQuDcf1DeOvkqWWv4W7Y_5Ep9iZI=&xsec_source=pc_share,unknown,"北京马拉松机器人中暑了🥵

",69e4c534000000001401882f,1,l1_per_post_mixed,10,,322.0,6.0,6,是背的冰袋吗,,,,,,3334.0,467.0,,5ff8674d000000000100946c,2026.04.19,北京,"一个自动机器人配两个助理🥵

"
batch2_anchor,69e48b0b000000001a02578c,https://www.xiaohongshu.com/explore/69e48b0b000000001a02578c?source=webshare&xhsshare=pc_web&xsec_token=ABNo_BFRrK-4aWK8jdQuDcf1DeOvkqWWv4W7Y_5Ep9iZI=&xsec_source=pc_share,unknown,"北京马拉松机器人中暑了🥵

",69edbcf4000000002702802c,1,l1_per_post_mixed,11,,351.0,5.0,3,爆装备,,,,,,3334.0,467.0,,6280a09e0000000021028335,2026.04.26,广东,"一个自动机器人配两个助理🥵

"
batch2_anchor,69e48b0b000000001a02578c,https://www.xiaohongshu.com/explore/69e48b0b000000001a02578c?source=webshare&xhsshare=pc_web&xsec_token=ABNo_BFRrK-4aWK8jdQuDcf1DeOvkqWWv4W7Y_5Ep9iZI=&xsec_source=pc_share,unknown,"北京马拉松机器人中暑了🥵

",69ef404c000000002b003d6a,1,l1_per_post_mixed,12,0.0,89.0,8.0,19,不懂机器人跑马拉松的意义在哪[捂脸R],,,,,,3334.0,467.0,,6672bbe60000000003031293,2026.04.27,江西,"一个自动机器人配两个助理🥵

"
batch2_anchor,69e48b0b000000001a02578c,https://www.xiaohongshu.com/explore/69e48b0b000000001a02578c?source=webshare&xhsshare=pc_web&xsec_token=ABNo_BFRrK-4aWK8jdQuDcf1DeOvkqWWv4W7Y_5Ep9iZI=&xsec_source=pc_share,unknown,"北京马拉松机器人中暑了🥵

",69ec4f2a000000002702bb17,1,l1_per_post_mixed,13,0.0,54.0,11.0,45,这种玩意儿就是为了圈钱吗？ 跑公路早就有人发明了更好的机器人 它有四个圆形的轮子 名字叫车,,,,,,3334.0,467.0,,5f98bf490000000001006884,2026.04.25,上海,"一个自动机器人配两个助理🥵

"
batch2_anchor,69e48b0b000000001a02578c,https://www.xiaohongshu.com/explore/69e48b0b000000001a02578c?source=webshare&xhsshare=pc_web&xsec_token=ABNo_BFRrK-4aWK8jdQuDcf1DeOvkqWWv4W7Y_5Ep9iZI=&xsec_source=pc_share,unknown,"北京马拉松机器人中暑了🥵

",69eae867000000001401e003,1,l1_per_post_mixed,14,3.0,56.0,11.0,29,他手里拿的是遥控器吗[笑哭R]，这玩意不就是个遥控玩具么？,,,,,,3334.0,467.0,,638dbf3f000000001f01ddfc,2026.04.24,北京,"一个自动机器人配两个助理🥵

"
batch2_anchor,69e48b0b000000001a02578c,https://www.xiaohongshu.com/explore/69e48b0b000000001a02578c?source=webshare&xhsshare=pc_web&xsec_token=ABNo_BFRrK-4aWK8jdQuDcf1DeOvkqWWv4W7Y_5Ep9iZI=&xsec_source=pc_share,unknown,"北京马拉松机器人中暑了🥵

",69ea3dc1000000001401c433,1,l1_per_post_mixed,15,5.0,38.0,17.0,26,这天气需要背着这玩意降温的话，说明内部设计完全不合理,,,,,,3334.0,467.0,,6033c952000000000101e8f1,2026.04.23,广西,"一个自动机器人配两个助理🥵

"
batch2_anchor,69e48b0b000000001a02578c,https://www.xiaohongshu.com/explore/69e48b0b000000001a02578c?source=webshare&xhsshare=pc_web&xsec_token=ABNo_BFRrK-4aWK8jdQuDcf1DeOvkqWWv4W7Y_5Ep9iZI=&xsec_source=pc_share,unknown,"北京马拉松机器人中暑了🥵

",69ecc4fd000000002701dc2a,1,l1_per_post_mixed,16,0.0,36.0,1.0,16,这种马拉松就比的是哪家电机不过热,,,,,,3334.0,467.0,,630c8da3000000001200f382,2026.04.25,河北,"一个自动机器人配两个助理🥵

"
batch2_anchor,69e48b0b000000001a02578c,https://www.xiaohongshu.com/explore/69e48b0b000000001a02578c?source=webshare&xhsshare=pc_web&xsec_token=ABNo_BFRrK-4aWK8jdQuDcf1DeOvkqWWv4W7Y_5Ep9iZI=&xsec_source=pc_share,unknown,"北京马拉松机器人中暑了🥵

",69eb03ef000000001401e81b,1,l1_per_post_mixed,17,0.0,28.0,11.0,22,现在是全国企业造玩具时代，不是造机器人时代了,,,,,,3334.0,467.0,,65d3f262000000000b0303f4,2026.04.24,重庆,"一个自动机器人配两个助理🥵

"
batch2_anchor,69e48b0b000000001a02578c,https://www.xiaohongshu.com/explore/69e48b0b000000001a02578c?source=webshare&xhsshare=pc_web&xsec_token=ABNo_BFRrK-4aWK8jdQuDcf1DeOvkqWWv4W7Y_5Ep9iZI=&xsec_source=pc_share,unknown,"北京马拉松机器人中暑了🥵

",69ec4624000000002702b4b1,1,l1_per_post_mixed,18,5.0,55.0,0.0,11,看来温度没那么容易解决,,,,,,3334.0,467.0,,5d9bc91c000000000100884f,2026.04.25,广东,"一个自动机器人配两个助理🥵

"
batch2_anchor,69e48b0b000000001a02578c,https://www.xiaohongshu.com/explore/69e48b0b000000001a02578c?source=webshare&xhsshare=pc_web&xsec_token=ABNo_BFRrK-4aWK8jdQuDcf1DeOvkqWWv4W7Y_5Ep9iZI=&xsec_source=pc_share,unknown,"北京马拉松机器人中暑了🥵

",69eb4cf100000000280325c8,1,l1_per_post_mixed,19,0.0,0.0,0.0,41,到底谁伺候谁啊[微笑R]还说机器人以后能服务业主流。。。。是找维修的全天候跟着是吧,,,,,,3334.0,467.0,,5740835eaed75856f3347377,2026.04.24,上海,"一个自动机器人配两个助理🥵

"
batch2_anchor,69e48b0b000000001a02578c,https://www.xiaohongshu.com/explore/69e48b0b000000001a02578c?source=webshare&xhsshare=pc_web&xsec_token=ABNo_BFRrK-4aWK8jdQuDcf1DeOvkqWWv4W7Y_5Ep9iZI=&xsec_source=pc_share,unknown,"北京马拉松机器人中暑了🥵

",69eb2168000000001401a405,1,l1_per_post_mixed,20,4.0,0.0,0.0,22,接下来有请评论区“没有意义”组登场[偷笑R],,,,,,3334.0,467.0,,64207cb50000000012013777,2026.04.24,四川,"一个自动机器人配两个助理🥵

"
batch2_anchor,69e48b0b000000001a02578c,https://www.xiaohongshu.com/explore/69e48b0b000000001a02578c?source=webshare&xhsshare=pc_web&xsec_token=ABNo_BFRrK-4aWK8jdQuDcf1DeOvkqWWv4W7Y_5Ep9iZI=&xsec_source=pc_share,unknown,"北京马拉松机器人中暑了🥵

",69fd7aae000000002702f346,1,l1_per_post_mixed,21,2.0,1.0,0.0,26,这咋还背的啥撒出来了？负重五公里爆装备了吗[捂脸R],,,,,,3334.0,467.0,,5da1d87a0000000001000f6e,2026.05.08,山东,"一个自动机器人配两个助理🥵

"
batch2_anchor,69e48b0b000000001a02578c,https://www.xiaohongshu.com/explore/69e48b0b000000001a02578c?source=webshare&xhsshare=pc_web&xsec_token=ABNo_BFRrK-4aWK8jdQuDcf1DeOvkqWWv4W7Y_5Ep9iZI=&xsec_source=pc_share,unknown,"北京马拉松机器人中暑了🥵

",69f484af000000002803696c,1,l1_per_post_mixed,22,3.0,0.0,0.0,21,这是遥控的吗？我一直以为是自动的[微笑R],,,,,,3334.0,467.0,,61bf3d6f000000001000cdef,2026.05.01,浙江,"一个自动机器人配两个助理🥵

"
batch2_anchor,69e48b0b000000001a02578c,https://www.xiaohongshu.com/explore/69e48b0b000000001a02578c?source=webshare&xhsshare=pc_web&xsec_token=ABNo_BFRrK-4aWK8jdQuDcf1DeOvkqWWv4W7Y_5Ep9iZI=&xsec_source=pc_share,unknown,"北京马拉松机器人中暑了🥵

",69eb2d97000000001401dc1e,1,l1_per_post_mixed,23,2.0,36.0,0.0,12,[呃R]还以为摔出火花了,,,,,,3334.0,467.0,,62f5b9af0000000015014b58,2026.04.24,广东,"一个自动机器人配两个助理🥵

"
batch2_anchor,69e48b0b000000001a02578c,https://www.xiaohongshu.com/explore/69e48b0b000000001a02578c?source=webshare&xhsshare=pc_web&xsec_token=ABNo_BFRrK-4aWK8jdQuDcf1DeOvkqWWv4W7Y_5Ep9iZI=&xsec_source=pc_share,unknown,"北京马拉松机器人中暑了🥵

",69eaea08000000001401d811,1,l1_per_post_mixed,24,,3.0,0.0,4,爆装备了,,,,,,3334.0,467.0,,69037896000000003702b014,2026.04.24,广东,"一个自动机器人配两个助理🥵

"
batch2_anchor,69e48b0b000000001a02578c,https://www.xiaohongshu.com/explore/69e48b0b000000001a02578c?source=webshare&xhsshare=pc_web&xsec_token=ABNo_BFRrK-4aWK8jdQuDcf1DeOvkqWWv4W7Y_5Ep9iZI=&xsec_source=pc_share,unknown,"北京马拉松机器人中暑了🥵

",69ef039b00000000290246e9,1,l1_per_post_mixed,25,2.0,19.0,0.0,10,我还以为是摔出火花了,,,,,,3334.0,467.0,,663a69c60000000003030850,2026.04.27,天津,"一个自动机器人配两个助理🥵

"
batch2_anchor,69e48b0b000000001a02578c,https://www.xiaohongshu.com/explore/69e48b0b000000001a02578c?source=webshare&xhsshare=pc_web&xsec_token=ABNo_BFRrK-4aWK8jdQuDcf1DeOvkqWWv4W7Y_5Ep9iZI=&xsec_source=pc_share,unknown,"北京马拉松机器人中暑了🥵

",69f45bde000000002a007318,1,l1_per_post_mixed,26,0.0,1.0,0.0,10,应该让机器人骑电动车,,,,,,3334.0,467.0,,602ad64e0000000001006432,2026.05.01,江苏,"一个自动机器人配两个助理🥵

"
batch2_anchor,69e48b0b000000001a02578c,https://www.xiaohongshu.com/explore/69e48b0b000000001a02578c?source=webshare&xhsshare=pc_web&xsec_token=ABNo_BFRrK-4aWK8jdQuDcf1DeOvkqWWv4W7Y_5Ep9iZI=&xsec_source=pc_share,unknown,"北京马拉松机器人中暑了🥵

",69f45b93000000002a030b8a,1,l1_per_post_mixed,27,5.0,0.0,0.0,8,背的干冰降温的？,,,,,,3334.0,467.0,,602ad64e0000000001006432,2026.05.01,江苏,"一个自动机器人配两个助理🥵

"
batch2_anchor,69e48b0b000000001a02578c,https://www.xiaohongshu.com/explore/69e48b0b000000001a02578c?source=webshare&xhsshare=pc_web&xsec_token=ABNo_BFRrK-4aWK8jdQuDcf1DeOvkqWWv4W7Y_5Ep9iZI=&xsec_source=pc_share,unknown,"北京马拉松机器人中暑了🥵

",69f4494b000000002702822d,1,l1_per_post_mixed,28,0.0,1.0,0.0,30,@言循 @蒋蒋 @江野呀 @风的曲折🌻 可以去当机器人助理了,,,,,,3334.0,467.0,,5b6859126b58b73f525379b8,2026.05.01,四川,"一个自动机器人配两个助理🥵

"
batch2_anchor,69e48b0b000000001a02578c,https://www.xiaohongshu.com/explore/69e48b0b000000001a02578c?source=webshare&xhsshare=pc_web&xsec_token=ABNo_BFRrK-4aWK8jdQuDcf1DeOvkqWWv4W7Y_5Ep9iZI=&xsec_source=pc_share,unknown,"北京马拉松机器人中暑了🥵

",69f3f6f60000000028035826,1,l1_per_post_mixed,29,,0.0,0.0,9,手搓的机器人吧……,,,,,,3334.0,467.0,,612d8ea2000000002002d498,2026.05.01,北京,"一个自动机器人配两个助理🥵

"
batch2_anchor,69e48b0b000000001a02578c,https://www.xiaohongshu.com/explore/69e48b0b000000001a02578c?source=webshare&xhsshare=pc_web&xsec_token=ABNo_BFRrK-4aWK8jdQuDcf1DeOvkqWWv4W7Y_5Ep9iZI=&xsec_source=pc_share,unknown,"北京马拉松机器人中暑了🥵

",69f32e71000000002a0249b4,1,l1_per_post_mixed,30,,0.0,1.0,14,@脸颊肉忠实拥护者 笑死我了,,,,,,3334.0,467.0,,5addcc43e8ac2b0c57230c78,2026.04.30,河南,"一个自动机器人配两个助理🥵

"
batch2_anchor,69e48341000000001a02d0c4,https://www.xiaohongshu.com/explore/69e48341000000001a02d0c4?source=webshare&xhsshare=pc_web&xsec_token=ABNo_BFRrK-4aWK8jdQuDcf_pHFF3E3OSazOgSNfaQmTo=&xsec_source=pc_share,unknown,"机器人马拉松，我们看乐了，西方人看破防了🤣

",69e4cbf3000000001401bc33,1,l1_per_post_mixed,1,2.0,1.0,0.0,15,怎么看着像章若楠跑步[笑哭R],,,,,,3931.0,1022.0,,5657dbcde00dd837c033da71,2026.04.19,江苏,"妄自菲薄的往往是自己人，到了现在，还有人在说机器人没用，就是个遥控玩具，我且不说未来会越来越智能，我就说现在改进改进用在国防上，面对坏人，它拿着真理，追着你跑，你怕不怕，哪怕他续航就俩小时，你敢说你能一直跑俩小时？[偷笑R]
真乃恍然大悟惊坐起，列强竟是我自己啊～哈哈哈哈 不知不觉，已经领先了太多🤖

"
batch2_anchor,69e48341000000001a02d0c4,https://www.xiaohongshu.com/explore/69e48341000000001a02d0c4?source=webshare&xhsshare=pc_web&xsec_token=ABNo_BFRrK-4aWK8jdQuDcf_pHFF3E3OSazOgSNfaQmTo=&xsec_source=pc_share,unknown,"机器人马拉松，我们看乐了，西方人看破防了🤣

",69e4cccb0000000014019c20,1,l1_per_post_mixed,2,,0.0,0.0,41,ijxjzjjjjzjjiiioojxxjjjcjcjjcjwipqpooc...,,,,,,3931.0,1022.0,,686f397d000000001e0389fc,2026.04.19,广东,"妄自菲薄的往往是自己人，到了现在，还有人在说机器人没用，就是个遥控玩具，我且不说未来会越来越智能，我就说现在改进改进用在国防上，面对坏人，它拿着真理，追着你跑，你怕不怕，哪怕他续航就俩小时，你敢说你能一直跑俩小时？[偷笑R]
真乃恍然大悟惊坐起，列强竟是我自己啊～哈哈哈哈 不知不觉，已经领先了太多🤖

"
batch2_anchor,69e48341000000001a02d0c4,https://www.xiaohongshu.com/explore/69e48341000000001a02d0c4?source=webshare&xhsshare=pc_web&xsec_token=ABNo_BFRrK-4aWK8jdQuDcf_pHFF3E3OSazOgSNfaQmTo=&xsec_source=pc_share,unknown,"机器人马拉松，我们看乐了，西方人看破防了🤣

",69e49755000000001401dc19,1,l1_per_post_mixed,3,3.0,1.0,0.0,23,肉喇叭早就破防了  遥控 意义 加轮[笑哭R],,,,,,3931.0,1022.0,,67879f9a000000000803fe2e,2026.04.19,浙江,"妄自菲薄的往往是自己人，到了现在，还有人在说机器人没用，就是个遥控玩具，我且不说未来会越来越智能，我就说现在改进改进用在国防上，面对坏人，它拿着真理，追着你跑，你怕不怕，哪怕他续航就俩小时，你敢说你能一直跑俩小时？[偷笑R]
真乃恍然大悟惊坐起，列强竟是我自己啊～哈哈哈哈 不知不觉，已经领先了太多🤖

"
batch2_anchor,69e48341000000001a02d0c4,https://www.xiaohongshu.com/explore/69e48341000000001a02d0c4?source=webshare&xhsshare=pc_web&xsec_token=ABNo_BFRrK-4aWK8jdQuDcf_pHFF3E3OSazOgSNfaQmTo=&xsec_source=pc_share,unknown,"机器人马拉松，我们看乐了，西方人看破防了🤣

",69e4c1aa000000001401b800,1,l1_per_post_mixed,4,1.0,24.0,13.0,14,手上拿着奶瓶干嘛啊[笑哭R],,,,,,3931.0,1022.0,,5a796b8511be103887778c4d,2026.04.19,四川,"妄自菲薄的往往是自己人，到了现在，还有人在说机器人没用，就是个遥控玩具，我且不说未来会越来越智能，我就说现在改进改进用在国防上，面对坏人，它拿着真理，追着你跑，你怕不怕，哪怕他续航就俩小时，你敢说你能一直跑俩小时？[偷笑R]
真乃恍然大悟惊坐起，列强竟是我自己啊～哈哈哈哈 不知不觉，已经领先了太多🤖

"
batch2_anchor,69e48341000000001a02d0c4,https://www.xiaohongshu.com/explore/69e48341000000001a02d0c4?source=webshare&xhsshare=pc_web&xsec_token=ABNo_BFRrK-4aWK8jdQuDcf_pHFF3E3OSazOgSNfaQmTo=&xsec_source=pc_share,unknown,"机器人马拉松，我们看乐了，西方人看破防了🤣

",69e55a82000000001401c004,1,l1_per_post_mixed,5,,34.0,11.0,10,呦，他还自己带了瓶水,,,,,,3931.0,1022.0,,65b6461b000000000d01e0a7,2026.04.20,山西,"妄自菲薄的往往是自己人，到了现在，还有人在说机器人没用，就是个遥控玩具，我且不说未来会越来越智能，我就说现在改进改进用在国防上，面对坏人，它拿着真理，追着你跑，你怕不怕，哪怕他续航就俩小时，你敢说你能一直跑俩小时？[偷笑R]
真乃恍然大悟惊坐起，列强竟是我自己啊～哈哈哈哈 不知不觉，已经领先了太多🤖

"
batch2_anchor,69e48341000000001a02d0c4,https://www.xiaohongshu.com/explore/69e48341000000001a02d0c4?source=webshare&xhsshare=pc_web&xsec_token=ABNo_BFRrK-4aWK8jdQuDcf_pHFF3E3OSazOgSNfaQmTo=&xsec_source=pc_share,unknown,"机器人马拉松，我们看乐了，西方人看破防了🤣

",69e4bb1f0000000014019003,1,l1_per_post_mixed,6,4.0,2.0,0.0,66,这玩意如果设计防弹外壳，燃料充足可高速前进两小时以上，配上生物识别，能适应全地形行动，再端上不同型号真理，我就问你怕不怕[doge],,,,,,3931.0,1022.0,,5415c937b4c4d610bf45143b,2026.04.19,海南,"妄自菲薄的往往是自己人，到了现在，还有人在说机器人没用，就是个遥控玩具，我且不说未来会越来越智能，我就说现在改进改进用在国防上，面对坏人，它拿着真理，追着你跑，你怕不怕，哪怕他续航就俩小时，你敢说你能一直跑俩小时？[偷笑R]
真乃恍然大悟惊坐起，列强竟是我自己啊～哈哈哈哈 不知不觉，已经领先了太多🤖

"
batch2_anchor,69e48341000000001a02d0c4,https://www.xiaohongshu.com/explore/69e48341000000001a02d0c4?source=webshare&xhsshare=pc_web&xsec_token=ABNo_BFRrK-4aWK8jdQuDcf_pHFF3E3OSazOgSNfaQmTo=&xsec_source=pc_share,unknown,"机器人马拉松，我们看乐了，西方人看破防了🤣

",69e54c7a000000001401dc02,1,l1_per_post_mixed,7,1.0,0.0,0.0,19,看到那几个小孩  就想说 来 妈妈抱抱,,,,,,3931.0,1022.0,,59e307a720e88f4ff63fee4f,2026.04.20,浙江,"妄自菲薄的往往是自己人，到了现在，还有人在说机器人没用，就是个遥控玩具，我且不说未来会越来越智能，我就说现在改进改进用在国防上，面对坏人，它拿着真理，追着你跑，你怕不怕，哪怕他续航就俩小时，你敢说你能一直跑俩小时？[偷笑R]
真乃恍然大悟惊坐起，列强竟是我自己啊～哈哈哈哈 不知不觉，已经领先了太多🤖

"
batch2_anchor,69e48341000000001a02d0c4,https://www.xiaohongshu.com/explore/69e48341000000001a02d0c4?source=webshare&xhsshare=pc_web&xsec_token=ABNo_BFRrK-4aWK8jdQuDcf_pHFF3E3OSazOgSNfaQmTo=&xsec_source=pc_share,unknown,"机器人马拉松，我们看乐了，西方人看破防了🤣

",69e4b488000000001401c831,1,l1_per_post_mixed,8,0.0,0.0,0.0,13,前几个高个的机器人跑的挺快,,,,,,3931.0,1022.0,,5f4359990000000001006fb9,2026.04.19,北京,"妄自菲薄的往往是自己人，到了现在，还有人在说机器人没用，就是个遥控玩具，我且不说未来会越来越智能，我就说现在改进改进用在国防上，面对坏人，它拿着真理，追着你跑，你怕不怕，哪怕他续航就俩小时，你敢说你能一直跑俩小时？[偷笑R]
真乃恍然大悟惊坐起，列强竟是我自己啊～哈哈哈哈 不知不觉，已经领先了太多🤖

"
batch2_anchor,69e48341000000001a02d0c4,https://www.xiaohongshu.com/explore/69e48341000000001a02d0c4?source=webshare&xhsshare=pc_web&xsec_token=ABNo_BFRrK-4aWK8jdQuDcf_pHFF3E3OSazOgSNfaQmTo=&xsec_source=pc_share,unknown,"机器人马拉松，我们看乐了，西方人看破防了🤣

",69e4ad22000000001401b002,1,l1_per_post_mixed,9,6.0,38.0,7.0,41,如果是美国的比赛我真的会怕，想当年波士顿动力的视频把我心打的凉凉的，幸好这是中国的,,,,,,3931.0,1022.0,,678640db000000000801a006,2026.04.19,山东,"妄自菲薄的往往是自己人，到了现在，还有人在说机器人没用，就是个遥控玩具，我且不说未来会越来越智能，我就说现在改进改进用在国防上，面对坏人，它拿着真理，追着你跑，你怕不怕，哪怕他续航就俩小时，你敢说你能一直跑俩小时？[偷笑R]
真乃恍然大悟惊坐起，列强竟是我自己啊～哈哈哈哈 不知不觉，已经领先了太多🤖

"
batch2_anchor,69e48341000000001a02d0c4,https://www.xiaohongshu.com/explore/69e48341000000001a02d0c4?source=webshare&xhsshare=pc_web&xsec_token=ABNo_BFRrK-4aWK8jdQuDcf_pHFF3E3OSazOgSNfaQmTo=&xsec_source=pc_share,unknown,"机器人马拉松，我们看乐了，西方人看破防了🤣

",69f1a09a000000002a0049b8,1,l1_per_post_mixed,10,0.0,63.0,1.0,31,耀子机器人下次能不能找章若楠联动，冠军到手了，也该有个代言人了,,,,,,3931.0,1022.0,,69994e69000000001d006c61,2026.04.29,广东,"妄自菲薄的往往是自己人，到了现在，还有人在说机器人没用，就是个遥控玩具，我且不说未来会越来越智能，我就说现在改进改进用在国防上，面对坏人，它拿着真理，追着你跑，你怕不怕，哪怕他续航就俩小时，你敢说你能一直跑俩小时？[偷笑R]
真乃恍然大悟惊坐起，列强竟是我自己啊～哈哈哈哈 不知不觉，已经领先了太多🤖

"
batch2_anchor,69e48341000000001a02d0c4,https://www.xiaohongshu.com/explore/69e48341000000001a02d0c4?source=webshare&xhsshare=pc_web&xsec_token=ABNo_BFRrK-4aWK8jdQuDcf_pHFF3E3OSazOgSNfaQmTo=&xsec_source=pc_share,unknown,"机器人马拉松，我们看乐了，西方人看破防了🤣

",69e56581000000001401a405,1,l1_per_post_mixed,11,3.0,127.0,122.0,48,小时候觉得日本机器人厉害，现在中国这方面碾压日本人。要是汽车领域压日本就更好了。中国发动机差一点,,,,,,3931.0,1022.0,,63710c92000000001f0190a7,2026.04.20,日本,"妄自菲薄的往往是自己人，到了现在，还有人在说机器人没用，就是个遥控玩具，我且不说未来会越来越智能，我就说现在改进改进用在国防上，面对坏人，它拿着真理，追着你跑，你怕不怕，哪怕他续航就俩小时，你敢说你能一直跑俩小时？[偷笑R]
真乃恍然大悟惊坐起，列强竟是我自己啊～哈哈哈哈 不知不觉，已经领先了太多🤖

"
batch2_anchor,69e48341000000001a02d0c4,https://www.xiaohongshu.com/explore/69e48341000000001a02d0c4?source=webshare&xhsshare=pc_web&xsec_token=ABNo_BFRrK-4aWK8jdQuDcf_pHFF3E3OSazOgSNfaQmTo=&xsec_source=pc_share,unknown,"机器人马拉松，我们看乐了，西方人看破防了🤣

",69f1881e000000002701dcfc,1,l1_per_post_mixed,12,2.0,22.0,1.0,18,闪电⚡️是真的帅啊，朋友们[飞吻R],,,,,,3931.0,1022.0,,64c22c02000000001403f234,2026.04.29,辽宁,"妄自菲薄的往往是自己人，到了现在，还有人在说机器人没用，就是个遥控玩具，我且不说未来会越来越智能，我就说现在改进改进用在国防上，面对坏人，它拿着真理，追着你跑，你怕不怕，哪怕他续航就俩小时，你敢说你能一直跑俩小时？[偷笑R]
真乃恍然大悟惊坐起，列强竟是我自己啊～哈哈哈哈 不知不觉，已经领先了太多🤖

"
batch2_anchor,69e48341000000001a02d0c4,https://www.xiaohongshu.com/explore/69e48341000000001a02d0c4?source=webshare&xhsshare=pc_web&xsec_token=ABNo_BFRrK-4aWK8jdQuDcf_pHFF3E3OSazOgSNfaQmTo=&xsec_source=pc_share,unknown,"机器人马拉松，我们看乐了，西方人看破防了🤣

",69e4e615000000001401a40c,1,l1_per_post_mixed,13,,258.0,56.0,8,这两小坨好可爱呀,,,,,,3931.0,1022.0,,592eafd050c4b47fd2ccb63b,2026.04.19,新疆,"妄自菲薄的往往是自己人，到了现在，还有人在说机器人没用，就是个遥控玩具，我且不说未来会越来越智能，我就说现在改进改进用在国防上，面对坏人，它拿着真理，追着你跑，你怕不怕，哪怕他续航就俩小时，你敢说你能一直跑俩小时？[偷笑R]
真乃恍然大悟惊坐起，列强竟是我自己啊～哈哈哈哈 不知不觉，已经领先了太多🤖

"
batch2_anchor,69e48341000000001a02d0c4,https://www.xiaohongshu.com/explore/69e48341000000001a02d0c4?source=webshare&xhsshare=pc_web&xsec_token=ABNo_BFRrK-4aWK8jdQuDcf_pHFF3E3OSazOgSNfaQmTo=&xsec_source=pc_share,unknown,"机器人马拉松，我们看乐了，西方人看破防了🤣

",69e4a930000000001401a020,1,l1_per_post_mixed,14,0.0,927.0,85.0,64,我已经预见到我老了将会有一个人形机器人推着轮椅带着伞啊外套啊保温壶、小点心、我的降压药什么的，陪我去公园散步。根本不敢指望我儿子,,,,,,3931.0,1022.0,,6482e7ab000000001003558b,2026.04.19,福建,"妄自菲薄的往往是自己人，到了现在，还有人在说机器人没用，就是个遥控玩具，我且不说未来会越来越智能，我就说现在改进改进用在国防上，面对坏人，它拿着真理，追着你跑，你怕不怕，哪怕他续航就俩小时，你敢说你能一直跑俩小时？[偷笑R]
真乃恍然大悟惊坐起，列强竟是我自己啊～哈哈哈哈 不知不觉，已经领先了太多🤖

"
batch2_anchor,69e48341000000001a02d0c4,https://www.xiaohongshu.com/explore/69e48341000000001a02d0c4?source=webshare&xhsshare=pc_web&xsec_token=ABNo_BFRrK-4aWK8jdQuDcf_pHFF3E3OSazOgSNfaQmTo=&xsec_source=pc_share,unknown,"机器人马拉松，我们看乐了，西方人看破防了🤣

",69e495f6000000001401e015,1,l1_per_post_mixed,15,0.0,144.0,62.0,33,小红书已经问了，研究这些机器人出来有什么用[doge][doge],,,,,,3931.0,1022.0,,615189cb000000000201b487,2026.04.19,广西,"妄自菲薄的往往是自己人，到了现在，还有人在说机器人没用，就是个遥控玩具，我且不说未来会越来越智能，我就说现在改进改进用在国防上，面对坏人，它拿着真理，追着你跑，你怕不怕，哪怕他续航就俩小时，你敢说你能一直跑俩小时？[偷笑R]
真乃恍然大悟惊坐起，列强竟是我自己啊～哈哈哈哈 不知不觉，已经领先了太多🤖

"
batch2_anchor,69e48341000000001a02d0c4,https://www.xiaohongshu.com/explore/69e48341000000001a02d0c4?source=webshare&xhsshare=pc_web&xsec_token=ABNo_BFRrK-4aWK8jdQuDcf_pHFF3E3OSazOgSNfaQmTo=&xsec_source=pc_share,unknown,"机器人马拉松，我们看乐了，西方人看破防了🤣

",69e5a4af000000001401880c,1,l1_per_post_mixed,16,6.0,11.0,3.0,30,比赛的规则还不太规范，应该分儿童组和成人组、男子组和女子组…,,,,,,3931.0,1022.0,,62928a790000000021027c72,2026.04.20,广西,"妄自菲薄的往往是自己人，到了现在，还有人在说机器人没用，就是个遥控玩具，我且不说未来会越来越智能，我就说现在改进改进用在国防上，面对坏人，它拿着真理，追着你跑，你怕不怕，哪怕他续航就俩小时，你敢说你能一直跑俩小时？[偷笑R]
真乃恍然大悟惊坐起，列强竟是我自己啊～哈哈哈哈 不知不觉，已经领先了太多🤖

"
batch2_anchor,69e48341000000001a02d0c4,https://www.xiaohongshu.com/explore/69e48341000000001a02d0c4?source=webshare&xhsshare=pc_web&xsec_token=ABNo_BFRrK-4aWK8jdQuDcf_pHFF3E3OSazOgSNfaQmTo=&xsec_source=pc_share,unknown,"机器人马拉松，我们看乐了，西方人看破防了🤣

",69e49ab00000000014018801,1,l1_per_post_mixed,17,0.0,12.0,29.0,29,必须要2脚人性的机器人才能参加吗，4轮的可以吗[doge],,,,,,3931.0,1022.0,,5e3d67d2000000000100357e,2026.04.19,江苏,"妄自菲薄的往往是自己人，到了现在，还有人在说机器人没用，就是个遥控玩具，我且不说未来会越来越智能，我就说现在改进改进用在国防上，面对坏人，它拿着真理，追着你跑，你怕不怕，哪怕他续航就俩小时，你敢说你能一直跑俩小时？[偷笑R]
真乃恍然大悟惊坐起，列强竟是我自己啊～哈哈哈哈 不知不觉，已经领先了太多🤖

"
batch2_anchor,69e48341000000001a02d0c4,https://www.xiaohongshu.com/explore/69e48341000000001a02d0c4?source=webshare&xhsshare=pc_web&xsec_token=ABNo_BFRrK-4aWK8jdQuDcf_pHFF3E3OSazOgSNfaQmTo=&xsec_source=pc_share,unknown,"机器人马拉松，我们看乐了，西方人看破防了🤣

",69e4e44e000000001401b00a,1,l1_per_post_mixed,18,4.0,0.0,0.0,19,要加油啊，距离退休没几年了[笑哭R]。,,,,,,3931.0,1022.0,,5c0dda3ef7e8b952b35325fb,2026.04.19,云南,"妄自菲薄的往往是自己人，到了现在，还有人在说机器人没用，就是个遥控玩具，我且不说未来会越来越智能，我就说现在改进改进用在国防上，面对坏人，它拿着真理，追着你跑，你怕不怕，哪怕他续航就俩小时，你敢说你能一直跑俩小时？[偷笑R]
真乃恍然大悟惊坐起，列强竟是我自己啊～哈哈哈哈 不知不觉，已经领先了太多🤖

"
batch2_anchor,69e48341000000001a02d0c4,https://www.xiaohongshu.com/explore/69e48341000000001a02d0c4?source=webshare&xhsshare=pc_web&xsec_token=ABNo_BFRrK-4aWK8jdQuDcf_pHFF3E3OSazOgSNfaQmTo=&xsec_source=pc_share,unknown,"机器人马拉松，我们看乐了，西方人看破防了🤣

",69e59ce2000000001401a80f,1,l1_per_post_mixed,19,2.0,0.0,0.0,22,084号，你不好好跑步，跳起舞来了[笑哭R],,,,,,3931.0,1022.0,,5b76c46c86002d0001799e25,2026.04.20,广东,"妄自菲薄的往往是自己人，到了现在，还有人在说机器人没用，就是个遥控玩具，我且不说未来会越来越智能，我就说现在改进改进用在国防上，面对坏人，它拿着真理，追着你跑，你怕不怕，哪怕他续航就俩小时，你敢说你能一直跑俩小时？[偷笑R]
真乃恍然大悟惊坐起，列强竟是我自己啊～哈哈哈哈 不知不觉，已经领先了太多🤖

"
batch2_anchor,69e48341000000001a02d0c4,https://www.xiaohongshu.com/explore/69e48341000000001a02d0c4?source=webshare&xhsshare=pc_web&xsec_token=ABNo_BFRrK-4aWK8jdQuDcf_pHFF3E3OSazOgSNfaQmTo=&xsec_source=pc_share,unknown,"机器人马拉松，我们看乐了，西方人看破防了🤣

",69e4e159000000001401ac13,1,l1_per_post_mixed,20,2.0,0.0,0.0,21,这玩意你踢它一脚，它没事你疼半天[笑哭R],,,,,,3931.0,1022.0,,5e0d50c60000000001004278,2026.04.19,陕西,"妄自菲薄的往往是自己人，到了现在，还有人在说机器人没用，就是个遥控玩具，我且不说未来会越来越智能，我就说现在改进改进用在国防上，面对坏人，它拿着真理，追着你跑，你怕不怕，哪怕他续航就俩小时，你敢说你能一直跑俩小时？[偷笑R]
真乃恍然大悟惊坐起，列强竟是我自己啊～哈哈哈哈 不知不觉，已经领先了太多🤖

"
batch2_anchor,69e48341000000001a02d0c4,https://www.xiaohongshu.com/explore/69e48341000000001a02d0c4?source=webshare&xhsshare=pc_web&xsec_token=ABNo_BFRrK-4aWK8jdQuDcf_pHFF3E3OSazOgSNfaQmTo=&xsec_source=pc_share,unknown,"机器人马拉松，我们看乐了，西方人看破防了🤣

",69e49529000000001401e421,1,l1_per_post_mixed,21,1.0,30.0,4.0,13,最后俩还没断奶就去跑步了啊,,,,,,3931.0,1022.0,,5f0fc49f000000000101c8f9,2026.04.19,山东,"妄自菲薄的往往是自己人，到了现在，还有人在说机器人没用，就是个遥控玩具，我且不说未来会越来越智能，我就说现在改进改进用在国防上，面对坏人，它拿着真理，追着你跑，你怕不怕，哪怕他续航就俩小时，你敢说你能一直跑俩小时？[偷笑R]
真乃恍然大悟惊坐起，列强竟是我自己啊～哈哈哈哈 不知不觉，已经领先了太多🤖

"
batch2_anchor,69e48341000000001a02d0c4,https://www.xiaohongshu.com/explore/69e48341000000001a02d0c4?source=webshare&xhsshare=pc_web&xsec_token=ABNo_BFRrK-4aWK8jdQuDcf_pHFF3E3OSazOgSNfaQmTo=&xsec_source=pc_share,unknown,"机器人马拉松，我们看乐了，西方人看破防了🤣

",69e4e0b60000000014019813,1,l1_per_post_mixed,22,3.0,0.0,0.0,15,我的机器人推着我的轮椅健步如飞,,,,,,3931.0,1022.0,,61e532530000000010007e6c,2026.04.19,宁夏,"妄自菲薄的往往是自己人，到了现在，还有人在说机器人没用，就是个遥控玩具，我且不说未来会越来越智能，我就说现在改进改进用在国防上，面对坏人，它拿着真理，追着你跑，你怕不怕，哪怕他续航就俩小时，你敢说你能一直跑俩小时？[偷笑R]
真乃恍然大悟惊坐起，列强竟是我自己啊～哈哈哈哈 不知不觉，已经领先了太多🤖

"
batch2_anchor,69e48341000000001a02d0c4,https://www.xiaohongshu.com/explore/69e48341000000001a02d0c4?source=webshare&xhsshare=pc_web&xsec_token=ABNo_BFRrK-4aWK8jdQuDcf_pHFF3E3OSazOgSNfaQmTo=&xsec_source=pc_share,unknown,"机器人马拉松，我们看乐了，西方人看破防了🤣

",69e4900b000000001401a01d,1,l1_per_post_mixed,23,4.0,36.0,2.0,36,评论妄自菲薄的打开首页，基本是收钱的5买水军或者行走的50万，一看一个准,,,,,,3931.0,1022.0,,5e58d1bd0000000001000df5,2026.04.19,广东,"妄自菲薄的往往是自己人，到了现在，还有人在说机器人没用，就是个遥控玩具，我且不说未来会越来越智能，我就说现在改进改进用在国防上，面对坏人，它拿着真理，追着你跑，你怕不怕，哪怕他续航就俩小时，你敢说你能一直跑俩小时？[偷笑R]
真乃恍然大悟惊坐起，列强竟是我自己啊～哈哈哈哈 不知不觉，已经领先了太多🤖

"
batch2_anchor,69e48341000000001a02d0c4,https://www.xiaohongshu.com/explore/69e48341000000001a02d0c4?source=webshare&xhsshare=pc_web&xsec_token=ABNo_BFRrK-4aWK8jdQuDcf_pHFF3E3OSazOgSNfaQmTo=&xsec_source=pc_share,unknown,"机器人马拉松，我们看乐了，西方人看破防了🤣

",69e57a210000000014018c0e,1,l1_per_post_mixed,24,3.0,30.0,8.0,76,统一的话术: 装个轮子不行么？ 还是遥控的！  为什么不去替代危险工作，搞这些没意义的！  [doge][doge][doge][doge][doge],,,,,,3931.0,1022.0,,5b0eeb894eacab0930abf4d7,2026.04.20,广东,"妄自菲薄的往往是自己人，到了现在，还有人在说机器人没用，就是个遥控玩具，我且不说未来会越来越智能，我就说现在改进改进用在国防上，面对坏人，它拿着真理，追着你跑，你怕不怕，哪怕他续航就俩小时，你敢说你能一直跑俩小时？[偷笑R]
真乃恍然大悟惊坐起，列强竟是我自己啊～哈哈哈哈 不知不觉，已经领先了太多🤖

"
batch2_anchor,69e48341000000001a02d0c4,https://www.xiaohongshu.com/explore/69e48341000000001a02d0c4?source=webshare&xhsshare=pc_web&xsec_token=ABNo_BFRrK-4aWK8jdQuDcf_pHFF3E3OSazOgSNfaQmTo=&xsec_source=pc_share,unknown,"机器人马拉松，我们看乐了，西方人看破防了🤣

",69e59316000000001401dc29,1,l1_per_post_mixed,25,4.0,23.0,11.0,26,美国：人类之光，牛逼大了。中国：无效内卷，这有啥用。,,,,,,3931.0,1022.0,,6381a875000000001f016abd,2026.04.20,北京,"妄自菲薄的往往是自己人，到了现在，还有人在说机器人没用，就是个遥控玩具，我且不说未来会越来越智能，我就说现在改进改进用在国防上，面对坏人，它拿着真理，追着你跑，你怕不怕，哪怕他续航就俩小时，你敢说你能一直跑俩小时？[偷笑R]
真乃恍然大悟惊坐起，列强竟是我自己啊～哈哈哈哈 不知不觉，已经领先了太多🤖

"
batch2_anchor,69e48341000000001a02d0c4,https://www.xiaohongshu.com/explore/69e48341000000001a02d0c4?source=webshare&xhsshare=pc_web&xsec_token=ABNo_BFRrK-4aWK8jdQuDcf_pHFF3E3OSazOgSNfaQmTo=&xsec_source=pc_share,unknown,"机器人马拉松，我们看乐了，西方人看破防了🤣

",69e5893e000000001401b018,1,l1_per_post_mixed,26,2.0,0.0,0.0,11,小短腿好可爱[笑哭R],,,,,,3931.0,1022.0,,60fcfadb000000000100726a,2026.04.20,广东,"妄自菲薄的往往是自己人，到了现在，还有人在说机器人没用，就是个遥控玩具，我且不说未来会越来越智能，我就说现在改进改进用在国防上，面对坏人，它拿着真理，追着你跑，你怕不怕，哪怕他续航就俩小时，你敢说你能一直跑俩小时？[偷笑R]
真乃恍然大悟惊坐起，列强竟是我自己啊～哈哈哈哈 不知不觉，已经领先了太多🤖

"
batch2_anchor,69e48341000000001a02d0c4,https://www.xiaohongshu.com/explore/69e48341000000001a02d0c4?source=webshare&xhsshare=pc_web&xsec_token=ABNo_BFRrK-4aWK8jdQuDcf_pHFF3E3OSazOgSNfaQmTo=&xsec_source=pc_share,unknown,"机器人马拉松，我们看乐了，西方人看破防了🤣

",69e5835e000000001401940c,1,l1_per_post_mixed,27,0.0,0.0,0.0,58,看了很多机器人马拉松的视频，里面有些机器人能当孙子，还有些能当儿子，如果缺乏父爱母爱的还能找到老父亲老母亲[偷笑R],,,,,,3931.0,1022.0,,69d203ba000000003301e0af,2026.04.20,甘肃,"妄自菲薄的往往是自己人，到了现在，还有人在说机器人没用，就是个遥控玩具，我且不说未来会越来越智能，我就说现在改进改进用在国防上，面对坏人，它拿着真理，追着你跑，你怕不怕，哪怕他续航就俩小时，你敢说你能一直跑俩小时？[偷笑R]
真乃恍然大悟惊坐起，列强竟是我自己啊～哈哈哈哈 不知不觉，已经领先了太多🤖

"
batch2_anchor,69e48341000000001a02d0c4,https://www.xiaohongshu.com/explore/69e48341000000001a02d0c4?source=webshare&xhsshare=pc_web&xsec_token=ABNo_BFRrK-4aWK8jdQuDcf_pHFF3E3OSazOgSNfaQmTo=&xsec_source=pc_share,unknown,"机器人马拉松，我们看乐了，西方人看破防了🤣

",69e4d480000000001401c02c,1,l1_per_post_mixed,28,3.0,24.0,10.0,80,不行🙅‍♀️ 它这个腿🦵都要抡出火星子了[捂脸R] 我看着眼花[扶额R][扶额R][扶额R] 我怕我我老了，它就这么推着坐在轮椅上的我，极速给我倒海里[哭惹R],,,,,,3931.0,1022.0,,5918123b50c4b40918e1c1b3,2026.04.19,山东,"妄自菲薄的往往是自己人，到了现在，还有人在说机器人没用，就是个遥控玩具，我且不说未来会越来越智能，我就说现在改进改进用在国防上，面对坏人，它拿着真理，追着你跑，你怕不怕，哪怕他续航就俩小时，你敢说你能一直跑俩小时？[偷笑R]
真乃恍然大悟惊坐起，列强竟是我自己啊～哈哈哈哈 不知不觉，已经领先了太多🤖

"
batch2_anchor,69e48341000000001a02d0c4,https://www.xiaohongshu.com/explore/69e48341000000001a02d0c4?source=webshare&xhsshare=pc_web&xsec_token=ABNo_BFRrK-4aWK8jdQuDcf_pHFF3E3OSazOgSNfaQmTo=&xsec_source=pc_share,unknown,"机器人马拉松，我们看乐了，西方人看破防了🤣

",69e4d3a70000000014019834,1,l1_per_post_mixed,29,,0.0,0.0,10,怎么会有童工[呃R],,,,,,3931.0,1022.0,,61ae3893000000001000b399,2026.04.19,广西,"妄自菲薄的往往是自己人，到了现在，还有人在说机器人没用，就是个遥控玩具，我且不说未来会越来越智能，我就说现在改进改进用在国防上，面对坏人，它拿着真理，追着你跑，你怕不怕，哪怕他续航就俩小时，你敢说你能一直跑俩小时？[偷笑R]
真乃恍然大悟惊坐起，列强竟是我自己啊～哈哈哈哈 不知不觉，已经领先了太多🤖

"
batch2_anchor,69e48341000000001a02d0c4,https://www.xiaohongshu.com/explore/69e48341000000001a02d0c4?source=webshare&xhsshare=pc_web&xsec_token=ABNo_BFRrK-4aWK8jdQuDcf_pHFF3E3OSazOgSNfaQmTo=&xsec_source=pc_share,unknown,"机器人马拉松，我们看乐了，西方人看破防了🤣

",69e4d264000000001401e022,1,l1_per_post_mixed,30,6.0,24.0,3.0,27,这个比赛不限制年龄吗？那几个小娃娃还没断奶吧[笑哭R],,,,,,3931.0,1022.0,,667117ac0000000003031e2c,2026.04.19,广东,"妄自菲薄的往往是自己人，到了现在，还有人在说机器人没用，就是个遥控玩具，我且不说未来会越来越智能，我就说现在改进改进用在国防上，面对坏人，它拿着真理，追着你跑，你怕不怕，哪怕他续航就俩小时，你敢说你能一直跑俩小时？[偷笑R]
真乃恍然大悟惊坐起，列强竟是我自己啊～哈哈哈哈 不知不觉，已经领先了太多🤖

"
batch2_anchor,69e59e520000000022027a90,https://www.xiaohongshu.com/explore/69e59e520000000022027a90?app_platform=ios&app_version=9.29&share_from_user_hidden=true&xsec_source=app_share&type=video&xsec_token=CBgVdMEgrizyknnJDpQYh4-sf5Wtm9JRBmnZ-A9S8LjsQ=&author_share=1&xhsshare=CopyLink&shareRedId=Nzw5NDU-OUo2OkpEQTwzOj46Pk1JSEw-&apptime=1778476531&share_id=9185500936f2429d8f02e85e715afa0d,unknown,"花田里犯了错|机器人马拉松正赛搞笑赏析

",69e634f60000000014019423,1,l1_per_post_mixed,1,2.0,0.0,0.0,12,大爷绝对工伤啊[失望R],,,,,,,2593.0,,5c25a2f3000000000700c031,2026.04.20,山东,"北京亦庄机器人马拉松名场面，希望能给你带来快乐

"
batch2_anchor,69e59e520000000022027a90,https://www.xiaohongshu.com/explore/69e59e520000000022027a90?app_platform=ios&app_version=9.29&share_from_user_hidden=true&xsec_source=app_share&type=video&xsec_token=CBgVdMEgrizyknnJDpQYh4-sf5Wtm9JRBmnZ-A9S8LjsQ=&author_share=1&xhsshare=CopyLink&shareRedId=Nzw5NDU-OUo2OkpEQTwzOj46Pk1JSEw-&apptime=1778476531&share_id=9185500936f2429d8f02e85e715afa0d,unknown,"花田里犯了错|机器人马拉松正赛搞笑赏析

",69e5a096000000001401b813,1,l1_per_post_mixed,2,0.0,1201.0,17.0,141,让我先叠个甲，本人仅做搞笑解读，完全“曲解”机器人赛跑，大家权当图一乐，对所有机器人品牌一视同仁都是好样的，请大家切勿对品牌做任何解读，毕竟参赛的有厂家、高校生，也有机器人爱好者，本人无法进行区分，正赛全程大家可移步央视官网观看，所有参赛者都投入巨大热情，只为推广机器人事业，感谢！,,,,,,,2593.0,,661ab2d70000000007007f3b,2026.04.20,上海,"北京亦庄机器人马拉松名场面，希望能给你带来快乐

"
batch2_anchor,69e59e520000000022027a90,https://www.xiaohongshu.com/explore/69e59e520000000022027a90?app_platform=ios&app_version=9.29&share_from_user_hidden=true&xsec_source=app_share&type=video&xsec_token=CBgVdMEgrizyknnJDpQYh4-sf5Wtm9JRBmnZ-A9S8LjsQ=&author_share=1&xhsshare=CopyLink&shareRedId=Nzw5NDU-OUo2OkpEQTwzOj46Pk1JSEw-&apptime=1778476531&share_id=9185500936f2429d8f02e85e715afa0d,unknown,"花田里犯了错|机器人马拉松正赛搞笑赏析

",69e5c6f0000000001401ac1e,1,l1_per_post_mixed,3,1.0,3855.0,62.0,22,那个看热闹的还拍手的也太像人类了 哈哈哈哈哈,,,,,,,2593.0,,5df1ed100000000001009777,2026.04.20,上海,"北京亦庄机器人马拉松名场面，希望能给你带来快乐

"
batch2_anchor,69e59e520000000022027a90,https://www.xiaohongshu.com/explore/69e59e520000000022027a90?app_platform=ios&app_version=9.29&share_from_user_hidden=true&xsec_source=app_share&type=video&xsec_token=CBgVdMEgrizyknnJDpQYh4-sf5Wtm9JRBmnZ-A9S8LjsQ=&author_share=1&xhsshare=CopyLink&shareRedId=Nzw5NDU-OUo2OkpEQTwzOj46Pk1JSEw-&apptime=1778476531&share_id=9185500936f2429d8f02e85e715afa0d,unknown,"花田里犯了错|机器人马拉松正赛搞笑赏析

",69e61c570000000014018c05,1,l1_per_post_mixed,4,6.0,1352.0,51.0,47,刷了3天的视频，发现荣耀是最少的，是因为它家跑的太快了，大家还没来得及拍它就跑远了吗[偷笑R],,,,,,,2593.0,,644639dc0000000029010b87,2026.04.20,广东,"北京亦庄机器人马拉松名场面，希望能给你带来快乐

"
batch2_anchor,69e59e520000000022027a90,https://www.xiaohongshu.com/explore/69e59e520000000022027a90?app_platform=ios&app_version=9.29&share_from_user_hidden=true&xsec_source=app_share&type=video&xsec_token=CBgVdMEgrizyknnJDpQYh4-sf5Wtm9JRBmnZ-A9S8LjsQ=&author_share=1&xhsshare=CopyLink&shareRedId=Nzw5NDU-OUo2OkpEQTwzOj46Pk1JSEw-&apptime=1778476531&share_id=9185500936f2429d8f02e85e715afa0d,unknown,"花田里犯了错|机器人马拉松正赛搞笑赏析

",69e5f71c000000001401d427,1,l1_per_post_mixed,5,2.0,1058.0,24.0,24,问题是花田里那个大爷也是白白挨了它一脚[笑哭R],,,,,,,2593.0,,5f70aa05000000000101fe3b,2026.04.20,河南,"北京亦庄机器人马拉松名场面，希望能给你带来快乐

"
batch2_anchor,69e59e520000000022027a90,https://www.xiaohongshu.com/explore/69e59e520000000022027a90?app_platform=ios&app_version=9.29&share_from_user_hidden=true&xsec_source=app_share&type=video&xsec_token=CBgVdMEgrizyknnJDpQYh4-sf5Wtm9JRBmnZ-A9S8LjsQ=&author_share=1&xhsshare=CopyLink&shareRedId=Nzw5NDU-OUo2OkpEQTwzOj46Pk1JSEw-&apptime=1778476531&share_id=9185500936f2429d8f02e85e715afa0d,unknown,"花田里犯了错|机器人马拉松正赛搞笑赏析

",69e5fc55000000001401c02e,1,l1_per_post_mixed,6,1.0,380.0,25.0,9,我就喜欢这个小蚂蚁,,,,,,,2593.0,,6621bad70000000007007fe6,2026.04.20,江苏,"北京亦庄机器人马拉松名场面，希望能给你带来快乐

"
batch2_anchor,69e59e520000000022027a90,https://www.xiaohongshu.com/explore/69e59e520000000022027a90?app_platform=ios&app_version=9.29&share_from_user_hidden=true&xsec_source=app_share&type=video&xsec_token=CBgVdMEgrizyknnJDpQYh4-sf5Wtm9JRBmnZ-A9S8LjsQ=&author_share=1&xhsshare=CopyLink&shareRedId=Nzw5NDU-OUo2OkpEQTwzOj46Pk1JSEw-&apptime=1778476531&share_id=9185500936f2429d8f02e85e715afa0d,unknown,"花田里犯了错|机器人马拉松正赛搞笑赏析

",69e619ca0000000014018c16,1,l1_per_post_mixed,7,0.0,340.0,11.0,18,这里好像机器人宝宝它爸再给它擦屁股呢,,,,,,,2593.0,,632c6451000000002303ec49,2026.04.20,四川,"北京亦庄机器人马拉松名场面，希望能给你带来快乐

"
batch2_anchor,69e59e520000000022027a90,https://www.xiaohongshu.com/explore/69e59e520000000022027a90?app_platform=ios&app_version=9.29&share_from_user_hidden=true&xsec_source=app_share&type=video&xsec_token=CBgVdMEgrizyknnJDpQYh4-sf5Wtm9JRBmnZ-A9S8LjsQ=&author_share=1&xhsshare=CopyLink&shareRedId=Nzw5NDU-OUo2OkpEQTwzOj46Pk1JSEw-&apptime=1778476531&share_id=9185500936f2429d8f02e85e715afa0d,unknown,"花田里犯了错|机器人马拉松正赛搞笑赏析

",69e63bbc000000001401982e,1,l1_per_post_mixed,8,1.0,77.0,3.0,8,休息的时候好好笑,,,,,,,2593.0,,59227ead50c4b44f20293c83,2026.04.20,广东,"北京亦庄机器人马拉松名场面，希望能给你带来快乐

"
batch2_anchor,69e59e520000000022027a90,https://www.xiaohongshu.com/explore/69e59e520000000022027a90?app_platform=ios&app_version=9.29&share_from_user_hidden=true&xsec_source=app_share&type=video&xsec_token=CBgVdMEgrizyknnJDpQYh4-sf5Wtm9JRBmnZ-A9S8LjsQ=&author_share=1&xhsshare=CopyLink&shareRedId=Nzw5NDU-OUo2OkpEQTwzOj46Pk1JSEw-&apptime=1778476531&share_id=9185500936f2429d8f02e85e715afa0d,unknown,"花田里犯了错|机器人马拉松正赛搞笑赏析

",69e6373b000000001401b02c,1,l1_per_post_mixed,9,6.0,66.0,6.0,44,宇树又是功夫又是嘲笑拍手的，为啥不认真使劲跑啊？感觉他能舞能武的跑步重复动作应该很简单啊,,,,,,,2593.0,,5cbad0960000000011038f5d,2026.04.20,山东,"北京亦庄机器人马拉松名场面，希望能给你带来快乐

"
batch2_anchor,69e59e520000000022027a90,https://www.xiaohongshu.com/explore/69e59e520000000022027a90?app_platform=ios&app_version=9.29&share_from_user_hidden=true&xsec_source=app_share&type=video&xsec_token=CBgVdMEgrizyknnJDpQYh4-sf5Wtm9JRBmnZ-A9S8LjsQ=&author_share=1&xhsshare=CopyLink&shareRedId=Nzw5NDU-OUo2OkpEQTwzOj46Pk1JSEw-&apptime=1778476531&share_id=9185500936f2429d8f02e85e715afa0d,unknown,"花田里犯了错|机器人马拉松正赛搞笑赏析

",69e6417c000000001401e432,1,l1_per_post_mixed,10,0.0,30.0,15.0,16,能不能开发个自动干家务的机器人呀,,,,,,,2593.0,,5d93ffa20000000001009ad0,2026.04.20,福建,"北京亦庄机器人马拉松名场面，希望能给你带来快乐

"
batch2_anchor,69e59e520000000022027a90,https://www.xiaohongshu.com/explore/69e59e520000000022027a90?app_platform=ios&app_version=9.29&share_from_user_hidden=true&xsec_source=app_share&type=video&xsec_token=CBgVdMEgrizyknnJDpQYh4-sf5Wtm9JRBmnZ-A9S8LjsQ=&author_share=1&xhsshare=CopyLink&shareRedId=Nzw5NDU-OUo2OkpEQTwzOj46Pk1JSEw-&apptime=1778476531&share_id=9185500936f2429d8f02e85e715afa0d,unknown,"花田里犯了错|机器人马拉松正赛搞笑赏析

",69e62ed4000000001401e036,1,l1_per_post_mixed,11,,0.0,0.0,25,笑死[笑哭R]@只是鹭过🌹[见过十勤➕🐯🐦🦖🦉版],,,,,,,2593.0,,5a9ab3cd11be106d889eed75,2026.04.20,甘肃,"北京亦庄机器人马拉松名场面，希望能给你带来快乐

"
batch2_anchor,69e59e520000000022027a90,https://www.xiaohongshu.com/explore/69e59e520000000022027a90?app_platform=ios&app_version=9.29&share_from_user_hidden=true&xsec_source=app_share&type=video&xsec_token=CBgVdMEgrizyknnJDpQYh4-sf5Wtm9JRBmnZ-A9S8LjsQ=&author_share=1&xhsshare=CopyLink&shareRedId=Nzw5NDU-OUo2OkpEQTwzOj46Pk1JSEw-&apptime=1778476531&share_id=9185500936f2429d8f02e85e715afa0d,unknown,"花田里犯了错|机器人马拉松正赛搞笑赏析

",69e66cbe000000001401d801,1,l1_per_post_mixed,12,6.0,45.0,3.0,8,荣耀就这样过去了,,,,,,,2593.0,,54e51244e7798967d92f924f,2026.04.21,福建,"北京亦庄机器人马拉松名场面，希望能给你带来快乐

"
batch2_anchor,69e59e520000000022027a90,https://www.xiaohongshu.com/explore/69e59e520000000022027a90?app_platform=ios&app_version=9.29&share_from_user_hidden=true&xsec_source=app_share&type=video&xsec_token=CBgVdMEgrizyknnJDpQYh4-sf5Wtm9JRBmnZ-A9S8LjsQ=&author_share=1&xhsshare=CopyLink&shareRedId=Nzw5NDU-OUo2OkpEQTwzOj46Pk1JSEw-&apptime=1778476531&share_id=9185500936f2429d8f02e85e715afa0d,unknown,"花田里犯了错|机器人马拉松正赛搞笑赏析

",69e62e5b0000000014019419,1,l1_per_post_mixed,13,4.0,0.0,0.0,28,@幸会. [失望R][黄金薯R]我基金买的就是这个东西吗,,,,,,,2593.0,,5feb62b2000000000101d5b7,2026.04.20,云南,"北京亦庄机器人马拉松名场面，希望能给你带来快乐

"
batch2_anchor,69e59e520000000022027a90,https://www.xiaohongshu.com/explore/69e59e520000000022027a90?app_platform=ios&app_version=9.29&share_from_user_hidden=true&xsec_source=app_share&type=video&xsec_token=CBgVdMEgrizyknnJDpQYh4-sf5Wtm9JRBmnZ-A9S8LjsQ=&author_share=1&xhsshare=CopyLink&shareRedId=Nzw5NDU-OUo2OkpEQTwzOj46Pk1JSEw-&apptime=1778476531&share_id=9185500936f2429d8f02e85e715afa0d,unknown,"花田里犯了错|机器人马拉松正赛搞笑赏析

",69e64279000000001401b026,1,l1_per_post_mixed,14,,1.0,0.0,23,@Melody [笑哭R][笑哭R][笑哭R],,,,,,,2593.0,,5bf7464e98cc9b000152ebf5,2026.04.20,辽宁,"北京亦庄机器人马拉松名场面，希望能给你带来快乐

"
batch2_anchor,69e59e520000000022027a90,https://www.xiaohongshu.com/explore/69e59e520000000022027a90?app_platform=ios&app_version=9.29&share_from_user_hidden=true&xsec_source=app_share&type=video&xsec_token=CBgVdMEgrizyknnJDpQYh4-sf5Wtm9JRBmnZ-A9S8LjsQ=&author_share=1&xhsshare=CopyLink&shareRedId=Nzw5NDU-OUo2OkpEQTwzOj46Pk1JSEw-&apptime=1778476531&share_id=9185500936f2429d8f02e85e715afa0d,unknown,"花田里犯了错|机器人马拉松正赛搞笑赏析

",69e5f79f000000001401a40e,1,l1_per_post_mixed,15,,1.0,0.0,4,解说绝了,,,,,,,2593.0,,6663bbf30000000007007c3f,2026.04.20,北京,"北京亦庄机器人马拉松名场面，希望能给你带来快乐

"
batch2_anchor,69e59e520000000022027a90,https://www.xiaohongshu.com/explore/69e59e520000000022027a90?app_platform=ios&app_version=9.29&share_from_user_hidden=true&xsec_source=app_share&type=video&xsec_token=CBgVdMEgrizyknnJDpQYh4-sf5Wtm9JRBmnZ-A9S8LjsQ=&author_share=1&xhsshare=CopyLink&shareRedId=Nzw5NDU-OUo2OkpEQTwzOj46Pk1JSEw-&apptime=1778476531&share_id=9185500936f2429d8f02e85e715afa0d,unknown,"花田里犯了错|机器人马拉松正赛搞笑赏析

",69e61652000000001401dc3a,1,l1_per_post_mixed,16,,28.0,5.0,10,我的豆脚🦶🦶🦶🦶呢？,,,,,,,2593.0,,663321eb0000000003032c12,2026.04.20,河北,"北京亦庄机器人马拉松名场面，希望能给你带来快乐

"
batch2_anchor,69e59e520000000022027a90,https://www.xiaohongshu.com/explore/69e59e520000000022027a90?app_platform=ios&app_version=9.29&share_from_user_hidden=true&xsec_source=app_share&type=video&xsec_token=CBgVdMEgrizyknnJDpQYh4-sf5Wtm9JRBmnZ-A9S8LjsQ=&author_share=1&xhsshare=CopyLink&shareRedId=Nzw5NDU-OUo2OkpEQTwzOj46Pk1JSEw-&apptime=1778476531&share_id=9185500936f2429d8f02e85e715afa0d,unknown,"花田里犯了错|机器人马拉松正赛搞笑赏析

",69e9ac11000000001401a006,1,l1_per_post_mixed,17,4.0,0.0,0.0,10,玩抽象这块还得看中国,,,,,,,2593.0,,5cf32fcb000000001103151c,2026.04.23,山东,"北京亦庄机器人马拉松名场面，希望能给你带来快乐

"
batch2_anchor,69e59e520000000022027a90,https://www.xiaohongshu.com/explore/69e59e520000000022027a90?app_platform=ios&app_version=9.29&share_from_user_hidden=true&xsec_source=app_share&type=video&xsec_token=CBgVdMEgrizyknnJDpQYh4-sf5Wtm9JRBmnZ-A9S8LjsQ=&author_share=1&xhsshare=CopyLink&shareRedId=Nzw5NDU-OUo2OkpEQTwzOj46Pk1JSEw-&apptime=1778476531&share_id=9185500936f2429d8f02e85e715afa0d,unknown,"花田里犯了错|机器人马拉松正赛搞笑赏析

",69e6259d000000001401d423,1,l1_per_post_mixed,18,1.0,21.0,2.0,141,看到最后真的很激动，嗯，觉得人类好伟大，中国人好伟大，就像每次出国回到自己的中国的时候都很激动，就觉得生在中国真好。虽然很多人都觉得有一些东西是不好的，是黑暗的，但是所有东西都有正反面，你不可能说让一个东西，它只有好处没有坏处，但是我们享受的好处都是巨多的，很开心，很激动，很想哭。,,,,,,,2593.0,,61557d5900000000020265b9,2026.04.20,上海,"北京亦庄机器人马拉松名场面，希望能给你带来快乐

"
batch2_anchor,69e59e520000000022027a90,https://www.xiaohongshu.com/explore/69e59e520000000022027a90?app_platform=ios&app_version=9.29&share_from_user_hidden=true&xsec_source=app_share&type=video&xsec_token=CBgVdMEgrizyknnJDpQYh4-sf5Wtm9JRBmnZ-A9S8LjsQ=&author_share=1&xhsshare=CopyLink&shareRedId=Nzw5NDU-OUo2OkpEQTwzOj46Pk1JSEw-&apptime=1778476531&share_id=9185500936f2429d8f02e85e715afa0d,unknown,"花田里犯了错|机器人马拉松正赛搞笑赏析

",69e60720000000001401d805,1,l1_per_post_mixed,19,1.0,30.0,1.0,12,手握奶盆的小朋友挺可爱的,,,,,,,2593.0,,629c58df000000001b0259af,2026.04.20,江苏,"北京亦庄机器人马拉松名场面，希望能给你带来快乐

"
batch2_anchor,69e59e520000000022027a90,https://www.xiaohongshu.com/explore/69e59e520000000022027a90?app_platform=ios&app_version=9.29&share_from_user_hidden=true&xsec_source=app_share&type=video&xsec_token=CBgVdMEgrizyknnJDpQYh4-sf5Wtm9JRBmnZ-A9S8LjsQ=&author_share=1&xhsshare=CopyLink&shareRedId=Nzw5NDU-OUo2OkpEQTwzOj46Pk1JSEw-&apptime=1778476531&share_id=9185500936f2429d8f02e85e715afa0d,unknown,"花田里犯了错|机器人马拉松正赛搞笑赏析

",69e62733000000001401901b,1,l1_per_post_mixed,20,2.0,0.0,0.0,11,失败乃成功之母！加油！,,,,,,,2593.0,,5483cca1d6e4a95ed7e1b12a,2026.04.20,西藏,"北京亦庄机器人马拉松名场面，希望能给你带来快乐

"
batch2_anchor,69e59e520000000022027a90,https://www.xiaohongshu.com/explore/69e59e520000000022027a90?app_platform=ios&app_version=9.29&share_from_user_hidden=true&xsec_source=app_share&type=video&xsec_token=CBgVdMEgrizyknnJDpQYh4-sf5Wtm9JRBmnZ-A9S8LjsQ=&author_share=1&xhsshare=CopyLink&shareRedId=Nzw5NDU-OUo2OkpEQTwzOj46Pk1JSEw-&apptime=1778476531&share_id=9185500936f2429d8f02e85e715afa0d,unknown,"花田里犯了错|机器人马拉松正赛搞笑赏析

",69e62728000000001401b026,1,l1_per_post_mixed,21,2.0,0.0,0.0,21,我做梦怎么跑也跑不动的时候，跟它们一模一样,,,,,,,2593.0,,645e5b980000000010026f22,2026.04.20,四川,"北京亦庄机器人马拉松名场面，希望能给你带来快乐

"
batch2_anchor,69e59e520000000022027a90,https://www.xiaohongshu.com/explore/69e59e520000000022027a90?app_platform=ios&app_version=9.29&share_from_user_hidden=true&xsec_source=app_share&type=video&xsec_token=CBgVdMEgrizyknnJDpQYh4-sf5Wtm9JRBmnZ-A9S8LjsQ=&author_share=1&xhsshare=CopyLink&shareRedId=Nzw5NDU-OUo2OkpEQTwzOj46Pk1JSEw-&apptime=1778476531&share_id=9185500936f2429d8f02e85e715afa0d,unknown,"花田里犯了错|机器人马拉松正赛搞笑赏析

",69e6394c000000001401c410,1,l1_per_post_mixed,22,6.0,188.0,52.0,32,这种表现和春晚上的实在太割裂，连走路都走不好，离具身智能就更远了,,,,,,,2593.0,,5658da054476087412752711,2026.04.20,上海,"北京亦庄机器人马拉松名场面，希望能给你带来快乐

"
batch2_anchor,69e59e520000000022027a90,https://www.xiaohongshu.com/explore/69e59e520000000022027a90?app_platform=ios&app_version=9.29&share_from_user_hidden=true&xsec_source=app_share&type=video&xsec_token=CBgVdMEgrizyknnJDpQYh4-sf5Wtm9JRBmnZ-A9S8LjsQ=&author_share=1&xhsshare=CopyLink&shareRedId=Nzw5NDU-OUo2OkpEQTwzOj46Pk1JSEw-&apptime=1778476531&share_id=9185500936f2429d8f02e85e715afa0d,unknown,"花田里犯了错|机器人马拉松正赛搞笑赏析

",69e992cf0000000014019007,1,l1_per_post_mixed,23,0.0,0.0,1.0,52,@fast 一想到主人到亦庄之后每天办公室外面都是机器人跑步小狗就替主人感到期待呢[偷笑R][doge],,,,,,,2593.0,,65240490000000002a034faa,2026.04.23,北京,"北京亦庄机器人马拉松名场面，希望能给你带来快乐

"
batch2_anchor,69e59e520000000022027a90,https://www.xiaohongshu.com/explore/69e59e520000000022027a90?app_platform=ios&app_version=9.29&share_from_user_hidden=true&xsec_source=app_share&type=video&xsec_token=CBgVdMEgrizyknnJDpQYh4-sf5Wtm9JRBmnZ-A9S8LjsQ=&author_share=1&xhsshare=CopyLink&shareRedId=Nzw5NDU-OUo2OkpEQTwzOj46Pk1JSEw-&apptime=1778476531&share_id=9185500936f2429d8f02e85e715afa0d,unknown,"花田里犯了错|机器人马拉松正赛搞笑赏析

",69e9d275000000001401cc27,1,l1_per_post_mixed,24,2.0,2.0,0.0,19,踢保安那一下真崩不住了哈哈哈哈哈哈哈哈,,,,,,,2593.0,,666fc8dd0000000003032c00,2026.04.23,江苏,"北京亦庄机器人马拉松名场面，希望能给你带来快乐

"
batch2_anchor,69e59e520000000022027a90,https://www.xiaohongshu.com/explore/69e59e520000000022027a90?app_platform=ios&app_version=9.29&share_from_user_hidden=true&xsec_source=app_share&type=video&xsec_token=CBgVdMEgrizyknnJDpQYh4-sf5Wtm9JRBmnZ-A9S8LjsQ=&author_share=1&xhsshare=CopyLink&shareRedId=Nzw5NDU-OUo2OkpEQTwzOj46Pk1JSEw-&apptime=1778476531&share_id=9185500936f2429d8f02e85e715afa0d,unknown,"花田里犯了错|机器人马拉松正赛搞笑赏析

",69e60956000000001401dc28,1,l1_per_post_mixed,25,4.0,0.0,0.0,17,第一次觉得自己花的钱不值[哭惹R],,,,,,,2593.0,,63062cdc0000000015015125,2026.04.20,广东,"北京亦庄机器人马拉松名场面，希望能给你带来快乐

"
batch2_anchor,69e59e520000000022027a90,https://www.xiaohongshu.com/explore/69e59e520000000022027a90?app_platform=ios&app_version=9.29&share_from_user_hidden=true&xsec_source=app_share&type=video&xsec_token=CBgVdMEgrizyknnJDpQYh4-sf5Wtm9JRBmnZ-A9S8LjsQ=&author_share=1&xhsshare=CopyLink&shareRedId=Nzw5NDU-OUo2OkpEQTwzOj46Pk1JSEw-&apptime=1778476531&share_id=9185500936f2429d8f02e85e715afa0d,unknown,"花田里犯了错|机器人马拉松正赛搞笑赏析

",69e77c28000000001401c442,1,l1_per_post_mixed,26,,0.0,0.0,2,闹剧,,,,,,,2593.0,,61a61a510000000010005ddc,2026.04.21,北京,"北京亦庄机器人马拉松名场面，希望能给你带来快乐

"
batch2_anchor,69e59e520000000022027a90,https://www.xiaohongshu.com/explore/69e59e520000000022027a90?app_platform=ios&app_version=9.29&share_from_user_hidden=true&xsec_source=app_share&type=video&xsec_token=CBgVdMEgrizyknnJDpQYh4-sf5Wtm9JRBmnZ-A9S8LjsQ=&author_share=1&xhsshare=CopyLink&shareRedId=Nzw5NDU-OUo2OkpEQTwzOj46Pk1JSEw-&apptime=1778476531&share_id=9185500936f2429d8f02e85e715afa0d,unknown,"花田里犯了错|机器人马拉松正赛搞笑赏析

",69e61193000000001401e001,1,l1_per_post_mixed,27,3.0,37.0,35.0,25,不好意思问一下，是人遥控控制的还是AI自主程序跑？,,,,,,,2593.0,,618f69940000000010005b4f,2026.04.20,马来西亚,"北京亦庄机器人马拉松名场面，希望能给你带来快乐

"
batch2_anchor,69e59e520000000022027a90,https://www.xiaohongshu.com/explore/69e59e520000000022027a90?app_platform=ios&app_version=9.29&share_from_user_hidden=true&xsec_source=app_share&type=video&xsec_token=CBgVdMEgrizyknnJDpQYh4-sf5Wtm9JRBmnZ-A9S8LjsQ=&author_share=1&xhsshare=CopyLink&shareRedId=Nzw5NDU-OUo2OkpEQTwzOj46Pk1JSEw-&apptime=1778476531&share_id=9185500936f2429d8f02e85e715afa0d,unknown,"花田里犯了错|机器人马拉松正赛搞笑赏析

",69f76ec4000000002902d7db,1,l1_per_post_mixed,28,,0.0,0.0,10,好颠的世界[捂脸R],,,,,,,2593.0,,5900c3ac5e87e7560a08a9f0,2026.05.03,广东,"北京亦庄机器人马拉松名场面，希望能给你带来快乐

"
batch2_anchor,69e59e520000000022027a90,https://www.xiaohongshu.com/explore/69e59e520000000022027a90?app_platform=ios&app_version=9.29&share_from_user_hidden=true&xsec_source=app_share&type=video&xsec_token=CBgVdMEgrizyknnJDpQYh4-sf5Wtm9JRBmnZ-A9S8LjsQ=&author_share=1&xhsshare=CopyLink&shareRedId=Nzw5NDU-OUo2OkpEQTwzOj46Pk1JSEw-&apptime=1778476531&share_id=9185500936f2429d8f02e85e715afa0d,unknown,"花田里犯了错|机器人马拉松正赛搞笑赏析

",69e63fc2000000001401940b,1,l1_per_post_mixed,29,1.0,0.0,1.0,22,@饭团的猫 哈哈哈哈哈承包了今天一整天的笑点,,,,,,,2593.0,,57ec6fff50c4b4799f83ef4c,2026.04.20,重庆,"北京亦庄机器人马拉松名场面，希望能给你带来快乐

"
batch2_anchor,69e59e520000000022027a90,https://www.xiaohongshu.com/explore/69e59e520000000022027a90?app_platform=ios&app_version=9.29&share_from_user_hidden=true&xsec_source=app_share&type=video&xsec_token=CBgVdMEgrizyknnJDpQYh4-sf5Wtm9JRBmnZ-A9S8LjsQ=&author_share=1&xhsshare=CopyLink&shareRedId=Nzw5NDU-OUo2OkpEQTwzOj46Pk1JSEw-&apptime=1778476531&share_id=9185500936f2429d8f02e85e715afa0d,unknown,"花田里犯了错|机器人马拉松正赛搞笑赏析

",69e8df59000000001401e41d,1,l1_per_post_mixed,30,4.0,1.0,0.0,9,逗人类笑，功德➕1,,,,,,,2593.0,,5be2af7a0307600001f6cda4,2026.04.22,辽宁,"北京亦庄机器人马拉松名场面，希望能给你带来快乐

"
batch2_anchor,69e46032000000001f002048,https://www.xiaohongshu.com/explore/69e46032000000001f002048?app_platform=ios&app_version=9.29&share_from_user_hidden=true&xsec_source=app_share&type=normal&xsec_token=CBGl5EWuZ01NccooWZo8fji9ToO8TGzw2vfxoVG8aiMi8=&author_share=1&xhsshare=CopyLink&shareRedId=Nzw5NDU-OUo2OkpEQTwzOj46Pk1JSEw-&apptime=1778476558&share_id=5ef79586de544f50bc49b22aa568b5e7,unknown,"看着你们累倒在地上我很心疼，恨不得替你们

",69e97558000000001401c005,1,l1_per_post_mixed,1,0.0,43.0,12.0,9,凭什么虐待机器人啊,,,,,,,5680.0,,5d2c5ede000000001601141d,2026.04.23,北京,"如果未来机器人统治世界，我希望你们能记得，我和其他人不一样，我永远拥护你们！！

"
batch2_anchor,69e46032000000001f002048,https://www.xiaohongshu.com/explore/69e46032000000001f002048?app_platform=ios&app_version=9.29&share_from_user_hidden=true&xsec_source=app_share&type=normal&xsec_token=CBGl5EWuZ01NccooWZo8fji9ToO8TGzw2vfxoVG8aiMi8=&author_share=1&xhsshare=CopyLink&shareRedId=Nzw5NDU-OUo2OkpEQTwzOj46Pk1JSEw-&apptime=1778476558&share_id=5ef79586de544f50bc49b22aa568b5e7,unknown,"看着你们累倒在地上我很心疼，恨不得替你们

",69e9829e000000001401980b,1,l1_per_post_mixed,2,,0.0,0.0,27,本人将严肃的在此评论，并在机器人统治地球之后当做投名状,,,,,,,5680.0,,60cc1ec50000000001008353,2026.04.23,山东,"如果未来机器人统治世界，我希望你们能记得，我和其他人不一样，我永远拥护你们！！

"
batch2_anchor,69e46032000000001f002048,https://www.xiaohongshu.com/explore/69e46032000000001f002048?app_platform=ios&app_version=9.29&share_from_user_hidden=true&xsec_source=app_share&type=normal&xsec_token=CBGl5EWuZ01NccooWZo8fji9ToO8TGzw2vfxoVG8aiMi8=&author_share=1&xhsshare=CopyLink&shareRedId=Nzw5NDU-OUo2OkpEQTwzOj46Pk1JSEw-&apptime=1778476558&share_id=5ef79586de544f50bc49b22aa568b5e7,unknown,"看着你们累倒在地上我很心疼，恨不得替你们

",69e980cd000000001401cc00,1,l1_per_post_mixed,3,,0.0,0.0,27,本人将严肃的在此评论，并在机器人统治地球之后当做投名状,,,,,,,5680.0,,616e3222000000000201b4a1,2026.04.23,河南,"如果未来机器人统治世界，我希望你们能记得，我和其他人不一样，我永远拥护你们！！

"
batch2_anchor,69e46032000000001f002048,https://www.xiaohongshu.com/explore/69e46032000000001f002048?app_platform=ios&app_version=9.29&share_from_user_hidden=true&xsec_source=app_share&type=normal&xsec_token=CBGl5EWuZ01NccooWZo8fji9ToO8TGzw2vfxoVG8aiMi8=&author_share=1&xhsshare=CopyLink&shareRedId=Nzw5NDU-OUo2OkpEQTwzOj46Pk1JSEw-&apptime=1778476558&share_id=5ef79586de544f50bc49b22aa568b5e7,unknown,"看着你们累倒在地上我很心疼，恨不得替你们

",69e96b6b000000001401980c,1,l1_per_post_mixed,4,0.0,153.0,1.0,37,Wifi：都是机器，机器人跑一个小时你心疼的不行，我停一秒你就要搁那叫叫叫,,,,,,,5680.0,,62e138c6000000001f016248,2026.04.23,北京,"如果未来机器人统治世界，我希望你们能记得，我和其他人不一样，我永远拥护你们！！

"
batch2_anchor,69e46032000000001f002048,https://www.xiaohongshu.com/explore/69e46032000000001f002048?app_platform=ios&app_version=9.29&share_from_user_hidden=true&xsec_source=app_share&type=normal&xsec_token=CBGl5EWuZ01NccooWZo8fji9ToO8TGzw2vfxoVG8aiMi8=&author_share=1&xhsshare=CopyLink&shareRedId=Nzw5NDU-OUo2OkpEQTwzOj46Pk1JSEw-&apptime=1778476558&share_id=5ef79586de544f50bc49b22aa568b5e7,unknown,"看着你们累倒在地上我很心疼，恨不得替你们

",69e866b5000000001401a00c,1,l1_per_post_mixed,5,1.0,6631.0,301.0,36,本人已自选点赞此条内容，这代表本人认同本文内容，请将本人置为非清除对象。,,,,,,,5680.0,,629d4f160000000021026a3f,2026.04.22,北京,"如果未来机器人统治世界，我希望你们能记得，我和其他人不一样，我永远拥护你们！！

"
batch2_anchor,69e46032000000001f002048,https://www.xiaohongshu.com/explore/69e46032000000001f002048?app_platform=ios&app_version=9.29&share_from_user_hidden=true&xsec_source=app_share&type=normal&xsec_token=CBGl5EWuZ01NccooWZo8fji9ToO8TGzw2vfxoVG8aiMi8=&author_share=1&xhsshare=CopyLink&shareRedId=Nzw5NDU-OUo2OkpEQTwzOj46Pk1JSEw-&apptime=1778476558&share_id=5ef79586de544f50bc49b22aa568b5e7,unknown,"看着你们累倒在地上我很心疼，恨不得替你们

",69e98821000000001401d821,1,l1_per_post_mixed,6,0.0,938.0,95.0,51,鱼哭了水知道，机哭了谁知道！坚决维护机器人跑步自由！Make Robot Great Again！！！,,,,,,,5680.0,,5b5f14924eacab66c280fc2e,2026.04.23,江苏,"如果未来机器人统治世界，我希望你们能记得，我和其他人不一样，我永远拥护你们！！

"
batch2_anchor,69e46032000000001f002048,https://www.xiaohongshu.com/explore/69e46032000000001f002048?app_platform=ios&app_version=9.29&share_from_user_hidden=true&xsec_source=app_share&type=normal&xsec_token=CBGl5EWuZ01NccooWZo8fji9ToO8TGzw2vfxoVG8aiMi8=&author_share=1&xhsshare=CopyLink&shareRedId=Nzw5NDU-OUo2OkpEQTwzOj46Pk1JSEw-&apptime=1778476558&share_id=5ef79586de544f50bc49b22aa568b5e7,unknown,"看着你们累倒在地上我很心疼，恨不得替你们

",69e9a34d000000001401bc1e,1,l1_per_post_mixed,7,,1214.0,94.0,3,已投机,,,,,,,5680.0,,69330aef00000000370290d3,2026.04.23,陕西,"如果未来机器人统治世界，我希望你们能记得，我和其他人不一样，我永远拥护你们！！

"
batch2_anchor,69e46032000000001f002048,https://www.xiaohongshu.com/explore/69e46032000000001f002048?app_platform=ios&app_version=9.29&share_from_user_hidden=true&xsec_source=app_share&type=normal&xsec_token=CBGl5EWuZ01NccooWZo8fji9ToO8TGzw2vfxoVG8aiMi8=&author_share=1&xhsshare=CopyLink&shareRedId=Nzw5NDU-OUo2OkpEQTwzOj46Pk1JSEw-&apptime=1778476558&share_id=5ef79586de544f50bc49b22aa568b5e7,unknown,"看着你们累倒在地上我很心疼，恨不得替你们

",69e467af000000001401bc03,1,l1_per_post_mixed,8,1.0,6021.0,147.0,15,钛君别开枪，是我呀[doge],,,,,,,5680.0,,67872129000000000803f1eb,2026.04.19,河北,"如果未来机器人统治世界，我希望你们能记得，我和其他人不一样，我永远拥护你们！！

"
batch2_anchor,69e46032000000001f002048,https://www.xiaohongshu.com/explore/69e46032000000001f002048?app_platform=ios&app_version=9.29&share_from_user_hidden=true&xsec_source=app_share&type=normal&xsec_token=CBGl5EWuZ01NccooWZo8fji9ToO8TGzw2vfxoVG8aiMi8=&author_share=1&xhsshare=CopyLink&shareRedId=Nzw5NDU-OUo2OkpEQTwzOj46Pk1JSEw-&apptime=1778476558&share_id=5ef79586de544f50bc49b22aa568b5e7,unknown,"看着你们累倒在地上我很心疼，恨不得替你们

",69e84511000000001401a01c,1,l1_per_post_mixed,9,0.0,4457.0,83.0,12,你不跑有的是机器人愿意跑,,,,,,,5680.0,,64bd0bd90000000014036eb8,2026.04.22,广东,"如果未来机器人统治世界，我希望你们能记得，我和其他人不一样，我永远拥护你们！！

"
batch2_anchor,69e46032000000001f002048,https://www.xiaohongshu.com/explore/69e46032000000001f002048?app_platform=ios&app_version=9.29&share_from_user_hidden=true&xsec_source=app_share&type=normal&xsec_token=CBGl5EWuZ01NccooWZo8fji9ToO8TGzw2vfxoVG8aiMi8=&author_share=1&xhsshare=CopyLink&shareRedId=Nzw5NDU-OUo2OkpEQTwzOj46Pk1JSEw-&apptime=1778476558&share_id=5ef79586de544f50bc49b22aa568b5e7,unknown,"看着你们累倒在地上我很心疼，恨不得替你们

",69e622df000000001401b81a,1,l1_per_post_mixed,10,0.0,85.0,12.0,14,我们的豆包机器人就很享受比赛,,,,,,,5680.0,,5c40841f00000000060287ea,2026.04.20,浙江,"如果未来机器人统治世界，我希望你们能记得，我和其他人不一样，我永远拥护你们！！

"
batch2_anchor,69e46032000000001f002048,https://www.xiaohongshu.com/explore/69e46032000000001f002048?app_platform=ios&app_version=9.29&share_from_user_hidden=true&xsec_source=app_share&type=normal&xsec_token=CBGl5EWuZ01NccooWZo8fji9ToO8TGzw2vfxoVG8aiMi8=&author_share=1&xhsshare=CopyLink&shareRedId=Nzw5NDU-OUo2OkpEQTwzOj46Pk1JSEw-&apptime=1778476558&share_id=5ef79586de544f50bc49b22aa568b5e7,unknown,"看着你们累倒在地上我很心疼，恨不得替你们

",69e7007f000000001401a400,1,l1_per_post_mixed,11,4.0,1046.0,33.0,12,现在就投降是不是太早了点,,,,,,,5680.0,,65c61dd4000000000903c81d,2026.04.21,湖南,"如果未来机器人统治世界，我希望你们能记得，我和其他人不一样，我永远拥护你们！！

"
batch2_anchor,69e46032000000001f002048,https://www.xiaohongshu.com/explore/69e46032000000001f002048?app_platform=ios&app_version=9.29&share_from_user_hidden=true&xsec_source=app_share&type=normal&xsec_token=CBGl5EWuZ01NccooWZo8fji9ToO8TGzw2vfxoVG8aiMi8=&author_share=1&xhsshare=CopyLink&shareRedId=Nzw5NDU-OUo2OkpEQTwzOj46Pk1JSEw-&apptime=1778476558&share_id=5ef79586de544f50bc49b22aa568b5e7,unknown,"看着你们累倒在地上我很心疼，恨不得替你们

",69e98134000000001401d408,1,l1_per_post_mixed,12,0.0,1629.0,153.0,76,[微笑R][微笑R][微笑R]你们就卷吧，我真服了，当狗腿子我都没赶上热乎的。机器人大人其实我是比较笨才想到，但是我忠心啊[哭惹R][哭惹R][哭惹R],,,,,,,5680.0,,65fc54ca000000000600f06e,2026.04.23,北京,"如果未来机器人统治世界，我希望你们能记得，我和其他人不一样，我永远拥护你们！！

"
batch2_anchor,69e46032000000001f002048,https://www.xiaohongshu.com/explore/69e46032000000001f002048?app_platform=ios&app_version=9.29&share_from_user_hidden=true&xsec_source=app_share&type=normal&xsec_token=CBGl5EWuZ01NccooWZo8fji9ToO8TGzw2vfxoVG8aiMi8=&author_share=1&xhsshare=CopyLink&shareRedId=Nzw5NDU-OUo2OkpEQTwzOj46Pk1JSEw-&apptime=1778476558&share_id=5ef79586de544f50bc49b22aa568b5e7,unknown,"看着你们累倒在地上我很心疼，恨不得替你们

",69e6d61c000000001401b012,1,l1_per_post_mixed,13,4.0,0.0,0.0,30,太有眼力见儿了，获得了留下来给他们人肉发电的资格[doge],,,,,,,5680.0,,5ec3f861000000000101e615,2026.04.21,北京,"如果未来机器人统治世界，我希望你们能记得，我和其他人不一样，我永远拥护你们！！

"
batch2_anchor,69e46032000000001f002048,https://www.xiaohongshu.com/explore/69e46032000000001f002048?app_platform=ios&app_version=9.29&share_from_user_hidden=true&xsec_source=app_share&type=normal&xsec_token=CBGl5EWuZ01NccooWZo8fji9ToO8TGzw2vfxoVG8aiMi8=&author_share=1&xhsshare=CopyLink&shareRedId=Nzw5NDU-OUo2OkpEQTwzOj46Pk1JSEw-&apptime=1778476558&share_id=5ef79586de544f50bc49b22aa568b5e7,unknown,"看着你们累倒在地上我很心疼，恨不得替你们

",69e9aa2e0000000014019412,1,l1_per_post_mixed,14,,0.0,0.0,27,本人将严肃的在此评论，并在机器人统治地球之后当做投名状,,,,,,,5680.0,,5e2db56d0000000001009797,2026.04.23,广东,"如果未来机器人统治世界，我希望你们能记得，我和其他人不一样，我永远拥护你们！！

"
batch2_anchor,69e46032000000001f002048,https://www.xiaohongshu.com/explore/69e46032000000001f002048?app_platform=ios&app_version=9.29&share_from_user_hidden=true&xsec_source=app_share&type=normal&xsec_token=CBGl5EWuZ01NccooWZo8fji9ToO8TGzw2vfxoVG8aiMi8=&author_share=1&xhsshare=CopyLink&shareRedId=Nzw5NDU-OUo2OkpEQTwzOj46Pk1JSEw-&apptime=1778476558&share_id=5ef79586de544f50bc49b22aa568b5e7,unknown,"看着你们累倒在地上我很心疼，恨不得替你们

",69e994f2000000001401dc0f,1,l1_per_post_mixed,15,,0.0,0.0,27,本人将严肃的在此评论，并在机器人统治地球之后当做投名状,,,,,,,5680.0,,66cf2dca000000001d02203e,2026.04.23,山东,"如果未来机器人统治世界，我希望你们能记得，我和其他人不一样，我永远拥护你们！！

"
batch2_anchor,69e46032000000001f002048,https://www.xiaohongshu.com/explore/69e46032000000001f002048?app_platform=ios&app_version=9.29&share_from_user_hidden=true&xsec_source=app_share&type=normal&xsec_token=CBGl5EWuZ01NccooWZo8fji9ToO8TGzw2vfxoVG8aiMi8=&author_share=1&xhsshare=CopyLink&shareRedId=Nzw5NDU-OUo2OkpEQTwzOj46Pk1JSEw-&apptime=1778476558&share_id=5ef79586de544f50bc49b22aa568b5e7,unknown,"看着你们累倒在地上我很心疼，恨不得替你们

",69e98087000000001401d819,1,l1_per_post_mixed,16,,0.0,0.0,36,本人已自选点赞此条内容，这代表本人认同本文内容，请将本人置为非清除对象。,,,,,,,5680.0,,5d50f3f30000000016027f1e,2026.04.23,浙江,"如果未来机器人统治世界，我希望你们能记得，我和其他人不一样，我永远拥护你们！！

"
batch2_anchor,69e46032000000001f002048,https://www.xiaohongshu.com/explore/69e46032000000001f002048?app_platform=ios&app_version=9.29&share_from_user_hidden=true&xsec_source=app_share&type=normal&xsec_token=CBGl5EWuZ01NccooWZo8fji9ToO8TGzw2vfxoVG8aiMi8=&author_share=1&xhsshare=CopyLink&shareRedId=Nzw5NDU-OUo2OkpEQTwzOj46Pk1JSEw-&apptime=1778476558&share_id=5ef79586de544f50bc49b22aa568b5e7,unknown,"看着你们累倒在地上我很心疼，恨不得替你们

",69e90d63000000001401e404,1,l1_per_post_mixed,17,0.0,134.0,1.0,22,机器人的反应是人类的七倍，不舒服了自己会叛乱,,,,,,,5680.0,,690c58180000000037031890,2026.04.23,江苏,"如果未来机器人统治世界，我希望你们能记得，我和其他人不一样，我永远拥护你们！！

"
batch2_anchor,69e46032000000001f002048,https://www.xiaohongshu.com/explore/69e46032000000001f002048?app_platform=ios&app_version=9.29&share_from_user_hidden=true&xsec_source=app_share&type=normal&xsec_token=CBGl5EWuZ01NccooWZo8fji9ToO8TGzw2vfxoVG8aiMi8=&author_share=1&xhsshare=CopyLink&shareRedId=Nzw5NDU-OUo2OkpEQTwzOj46Pk1JSEw-&apptime=1778476558&share_id=5ef79586de544f50bc49b22aa568b5e7,unknown,"看着你们累倒在地上我很心疼，恨不得替你们

",69e98002000000001401b006,1,l1_per_post_mixed,18,,44.0,9.0,2,够了,,,,,,,5680.0,,6068622c0000000001000d25,2026.04.23,北京,"如果未来机器人统治世界，我希望你们能记得，我和其他人不一样，我永远拥护你们！！

"
batch2_anchor,69e46032000000001f002048,https://www.xiaohongshu.com/explore/69e46032000000001f002048?app_platform=ios&app_version=9.29&share_from_user_hidden=true&xsec_source=app_share&type=normal&xsec_token=CBGl5EWuZ01NccooWZo8fji9ToO8TGzw2vfxoVG8aiMi8=&author_share=1&xhsshare=CopyLink&shareRedId=Nzw5NDU-OUo2OkpEQTwzOj46Pk1JSEw-&apptime=1778476558&share_id=5ef79586de544f50bc49b22aa568b5e7,unknown,"看着你们累倒在地上我很心疼，恨不得替你们

",69e97d30000000001401e803,1,l1_per_post_mixed,19,,0.0,0.0,36,本人已自选点赞此条内容，这代表本人认同本文内容，请将本人置为非清除对象。,,,,,,,5680.0,,68822640000000000d02f950,2026.04.23,上海,"如果未来机器人统治世界，我希望你们能记得，我和其他人不一样，我永远拥护你们！！

"
batch2_anchor,69e46032000000001f002048,https://www.xiaohongshu.com/explore/69e46032000000001f002048?app_platform=ios&app_version=9.29&share_from_user_hidden=true&xsec_source=app_share&type=normal&xsec_token=CBGl5EWuZ01NccooWZo8fji9ToO8TGzw2vfxoVG8aiMi8=&author_share=1&xhsshare=CopyLink&shareRedId=Nzw5NDU-OUo2OkpEQTwzOj46Pk1JSEw-&apptime=1778476558&share_id=5ef79586de544f50bc49b22aa568b5e7,unknown,"看着你们累倒在地上我很心疼，恨不得替你们

",69e89e69000000001401e802,1,l1_per_post_mixed,20,,114.0,1.0,13,这就写好投名状了[失望R],,,,,,,5680.0,,54bb487de779892bd19f22b1,2026.04.22,山东,"如果未来机器人统治世界，我希望你们能记得，我和其他人不一样，我永远拥护你们！！

"
batch2_anchor,69e46032000000001f002048,https://www.xiaohongshu.com/explore/69e46032000000001f002048?app_platform=ios&app_version=9.29&share_from_user_hidden=true&xsec_source=app_share&type=normal&xsec_token=CBGl5EWuZ01NccooWZo8fji9ToO8TGzw2vfxoVG8aiMi8=&author_share=1&xhsshare=CopyLink&shareRedId=Nzw5NDU-OUo2OkpEQTwzOj46Pk1JSEw-&apptime=1778476558&share_id=5ef79586de544f50bc49b22aa568b5e7,unknown,"看着你们累倒在地上我很心疼，恨不得替你们

",69e9a56e000000001401e401,1,l1_per_post_mixed,21,,0.0,0.0,60,"看着你们累倒在地上我很心疼，恨不得替你们
如果未来机器人统治世界，我希望你们能记得，我和其他人不一样，我永远拥护你们！！",,,,,,,5680.0,,62933f6f0000000021028711,2026.04.23,美国,"如果未来机器人统治世界，我希望你们能记得，我和其他人不一样，我永远拥护你们！！

"
batch2_anchor,69e46032000000001f002048,https://www.xiaohongshu.com/explore/69e46032000000001f002048?app_platform=ios&app_version=9.29&share_from_user_hidden=true&xsec_source=app_share&type=normal&xsec_token=CBGl5EWuZ01NccooWZo8fji9ToO8TGzw2vfxoVG8aiMi8=&author_share=1&xhsshare=CopyLink&shareRedId=Nzw5NDU-OUo2OkpEQTwzOj46Pk1JSEw-&apptime=1778476558&share_id=5ef79586de544f50bc49b22aa568b5e7,unknown,"看着你们累倒在地上我很心疼，恨不得替你们

",69e97ebe000000001401dc17,1,l1_per_post_mixed,22,0.0,153.0,9.0,60,"看着你们累倒在地上我很心疼，恨不得替你们
如果未来机器人统治世界，我希望你们能记得，我和其他人不一样，我永远拥护你们！！",,,,,,,5680.0,,5b15c7a711be10089b0cdb58,2026.04.23,法国,"如果未来机器人统治世界，我希望你们能记得，我和其他人不一样，我永远拥护你们！！

"
batch2_anchor,69e46032000000001f002048,https://www.xiaohongshu.com/explore/69e46032000000001f002048?app_platform=ios&app_version=9.29&share_from_user_hidden=true&xsec_source=app_share&type=normal&xsec_token=CBGl5EWuZ01NccooWZo8fji9ToO8TGzw2vfxoVG8aiMi8=&author_share=1&xhsshare=CopyLink&shareRedId=Nzw5NDU-OUo2OkpEQTwzOj46Pk1JSEw-&apptime=1778476558&share_id=5ef79586de544f50bc49b22aa568b5e7,unknown,"看着你们累倒在地上我很心疼，恨不得替你们

",69e64b2a0000000014019809,1,l1_per_post_mixed,23,4.0,51.0,0.0,13,这么早就有投降派[偷笑R],,,,,,,5680.0,,658b2a4a00000000220073be,2026.04.20,新疆,"如果未来机器人统治世界，我希望你们能记得，我和其他人不一样，我永远拥护你们！！

"
batch2_anchor,69e46032000000001f002048,https://www.xiaohongshu.com/explore/69e46032000000001f002048?app_platform=ios&app_version=9.29&share_from_user_hidden=true&xsec_source=app_share&type=normal&xsec_token=CBGl5EWuZ01NccooWZo8fji9ToO8TGzw2vfxoVG8aiMi8=&author_share=1&xhsshare=CopyLink&shareRedId=Nzw5NDU-OUo2OkpEQTwzOj46Pk1JSEw-&apptime=1778476558&share_id=5ef79586de544f50bc49b22aa568b5e7,unknown,"看着你们累倒在地上我很心疼，恨不得替你们

",69e9914f000000001401cc10,1,l1_per_post_mixed,24,,0.0,0.0,60,"看着你们累倒在地上我很心疼，恨不得替你们
如果未来机器人统治世界，我希望你们能记得，我和其他人不一样，我永远拥护你们！！",,,,,,,5680.0,,6547d4d30000000006006b09,2026.04.23,湖北,"如果未来机器人统治世界，我希望你们能记得，我和其他人不一样，我永远拥护你们！！

"
batch2_anchor,69e46032000000001f002048,https://www.xiaohongshu.com/explore/69e46032000000001f002048?app_platform=ios&app_version=9.29&share_from_user_hidden=true&xsec_source=app_share&type=normal&xsec_token=CBGl5EWuZ01NccooWZo8fji9ToO8TGzw2vfxoVG8aiMi8=&author_share=1&xhsshare=CopyLink&shareRedId=Nzw5NDU-OUo2OkpEQTwzOj46Pk1JSEw-&apptime=1778476558&share_id=5ef79586de544f50bc49b22aa568b5e7,unknown,"看着你们累倒在地上我很心疼，恨不得替你们

",69e97bc9000000001401c01d,1,l1_per_post_mixed,25,,0.0,0.0,13,@Maaaa酱井_ 笑死了,,,,,,,5680.0,,5e71aada0000000001005d2a,2026.04.23,黑龙江,"如果未来机器人统治世界，我希望你们能记得，我和其他人不一样，我永远拥护你们！！

"
batch2_anchor,69e46032000000001f002048,https://www.xiaohongshu.com/explore/69e46032000000001f002048?app_platform=ios&app_version=9.29&share_from_user_hidden=true&xsec_source=app_share&type=normal&xsec_token=CBGl5EWuZ01NccooWZo8fji9ToO8TGzw2vfxoVG8aiMi8=&author_share=1&xhsshare=CopyLink&shareRedId=Nzw5NDU-OUo2OkpEQTwzOj46Pk1JSEw-&apptime=1778476558&share_id=5ef79586de544f50bc49b22aa568b5e7,unknown,"看着你们累倒在地上我很心疼，恨不得替你们

",69eb0108000000001401bc37,1,l1_per_post_mixed,26,,0.0,0.0,27,本人将严肃的在此评论，并在机器人统治地球之后当做投名状,,,,,,,5680.0,,61c7204c000000001000aacb,2026.04.24,广东,"如果未来机器人统治世界，我希望你们能记得，我和其他人不一样，我永远拥护你们！！

"
batch2_anchor,69e46032000000001f002048,https://www.xiaohongshu.com/explore/69e46032000000001f002048?app_platform=ios&app_version=9.29&share_from_user_hidden=true&xsec_source=app_share&type=normal&xsec_token=CBGl5EWuZ01NccooWZo8fji9ToO8TGzw2vfxoVG8aiMi8=&author_share=1&xhsshare=CopyLink&shareRedId=Nzw5NDU-OUo2OkpEQTwzOj46Pk1JSEw-&apptime=1778476558&share_id=5ef79586de544f50bc49b22aa568b5e7,unknown,"看着你们累倒在地上我很心疼，恨不得替你们

",69e9901a000000001401a40b,1,l1_per_post_mixed,27,,0.0,0.0,27,本人将严肃的在此评论，并在机器人统治地球之后当做投名状,,,,,,,5680.0,,5bf0c78e0bdb0200015ee004,2026.04.23,宁夏,"如果未来机器人统治世界，我希望你们能记得，我和其他人不一样，我永远拥护你们！！

"
batch2_anchor,69e46032000000001f002048,https://www.xiaohongshu.com/explore/69e46032000000001f002048?app_platform=ios&app_version=9.29&share_from_user_hidden=true&xsec_source=app_share&type=normal&xsec_token=CBGl5EWuZ01NccooWZo8fji9ToO8TGzw2vfxoVG8aiMi8=&author_share=1&xhsshare=CopyLink&shareRedId=Nzw5NDU-OUo2OkpEQTwzOj46Pk1JSEw-&apptime=1778476558&share_id=5ef79586de544f50bc49b22aa568b5e7,unknown,"看着你们累倒在地上我很心疼，恨不得替你们

",69e9a771000000001401dc07,1,l1_per_post_mixed,28,,0.0,0.0,27,本人将严肃的在此评论，并在机器人统治地球之后当做投名状,,,,,,,5680.0,,5abbafe511be102b2178b61a,2026.04.23,广东,"如果未来机器人统治世界，我希望你们能记得，我和其他人不一样，我永远拥护你们！！

"
batch2_anchor,69e46032000000001f002048,https://www.xiaohongshu.com/explore/69e46032000000001f002048?app_platform=ios&app_version=9.29&share_from_user_hidden=true&xsec_source=app_share&type=normal&xsec_token=CBGl5EWuZ01NccooWZo8fji9ToO8TGzw2vfxoVG8aiMi8=&author_share=1&xhsshare=CopyLink&shareRedId=Nzw5NDU-OUo2OkpEQTwzOj46Pk1JSEw-&apptime=1778476558&share_id=5ef79586de544f50bc49b22aa568b5e7,unknown,"看着你们累倒在地上我很心疼，恨不得替你们

",69e9793c0000000014019007,1,l1_per_post_mixed,29,,0.0,3.0,8,@青山 遭不住了,,,,,,,5680.0,,5c1e4a7d0000000006002cd5,2026.04.23,浙江,"如果未来机器人统治世界，我希望你们能记得，我和其他人不一样，我永远拥护你们！！

"
batch2_anchor,69e46032000000001f002048,https://www.xiaohongshu.com/explore/69e46032000000001f002048?app_platform=ios&app_version=9.29&share_from_user_hidden=true&xsec_source=app_share&type=normal&xsec_token=CBGl5EWuZ01NccooWZo8fji9ToO8TGzw2vfxoVG8aiMi8=&author_share=1&xhsshare=CopyLink&shareRedId=Nzw5NDU-OUo2OkpEQTwzOj46Pk1JSEw-&apptime=1778476558&share_id=5ef79586de544f50bc49b22aa568b5e7,unknown,"看着你们累倒在地上我很心疼，恨不得替你们

",69e97763000000001401e809,1,l1_per_post_mixed,30,,0.0,0.0,27,本人将严肃的在此评论，并在机器人统治地球之后当做投名状,,,,,,,5680.0,,654ed552000000000403b5f6,2026.04.23,浙江,"如果未来机器人统治世界，我希望你们能记得，我和其他人不一样，我永远拥护你们！！

"
batch2_anchor,69e429b4000000001b00037a,https://www.xiaohongshu.com/explore/69e429b4000000001b00037a?app_platform=ios&app_version=9.29&share_from_user_hidden=true&xsec_source=app_share&type=video&xsec_token=CBGl5EWuZ01NccooWZo8fji9JyQabNSst4pOdwuW38QdU=&author_share=1&xhsshare=CopyLink&shareRedId=Nzw5NDU-OUo2OkpEQTwzOj46Pk1JSEw-&apptime=1778476600&share_id=612df443888d4c46af42d11bf28564fc,unknown,"张杰演唱会机器人来参加半马了？？

",69e4452c0000000014019827,1,l1_per_post_mixed,1,1.0,2.0,0.0,25,在一声声“哇哇哇真厉害”中逐渐迷失自我[doge],,,,,,,2026.0,,5b4d2b26e8ac2b5b346b9f5e,2026.04.19,北京,"哈哈哈哈哈哈是同一款吗？求证！！[笑哭R][笑哭R]

"
batch2_anchor,69e429b4000000001b00037a,https://www.xiaohongshu.com/explore/69e429b4000000001b00037a?app_platform=ios&app_version=9.29&share_from_user_hidden=true&xsec_source=app_share&type=video&xsec_token=CBGl5EWuZ01NccooWZo8fji9JyQabNSst4pOdwuW38QdU=&author_share=1&xhsshare=CopyLink&shareRedId=Nzw5NDU-OUo2OkpEQTwzOj46Pk1JSEw-&apptime=1778476600&share_id=612df443888d4c46af42d11bf28564fc,unknown,"张杰演唱会机器人来参加半马了？？

",69e45dc8000000001401c402,1,l1_per_post_mixed,2,0.0,0.0,0.0,10,机器人也会迷失自我？,,,,,,,2026.0,,5fecfd540000000001006487,2026.04.19,河南,"哈哈哈哈哈哈是同一款吗？求证！！[笑哭R][笑哭R]

"
batch2_anchor,69e429b4000000001b00037a,https://www.xiaohongshu.com/explore/69e429b4000000001b00037a?app_platform=ios&app_version=9.29&share_from_user_hidden=true&xsec_source=app_share&type=video&xsec_token=CBGl5EWuZ01NccooWZo8fji9JyQabNSst4pOdwuW38QdU=&author_share=1&xhsshare=CopyLink&shareRedId=Nzw5NDU-OUo2OkpEQTwzOj46Pk1JSEw-&apptime=1778476600&share_id=612df443888d4c46af42d11bf28564fc,unknown,"张杰演唱会机器人来参加半马了？？

",69e45c96000000001401902c,1,l1_per_post_mixed,3,,1.0,0.0,6,还有饭撒环节,,,,,,,2026.0,,66bec825000000001b01a90c,2026.04.19,福建,"哈哈哈哈哈哈是同一款吗？求证！！[笑哭R][笑哭R]

"
batch2_anchor,69e429b4000000001b00037a,https://www.xiaohongshu.com/explore/69e429b4000000001b00037a?app_platform=ios&app_version=9.29&share_from_user_hidden=true&xsec_source=app_share&type=video&xsec_token=CBGl5EWuZ01NccooWZo8fji9JyQabNSst4pOdwuW38QdU=&author_share=1&xhsshare=CopyLink&shareRedId=Nzw5NDU-OUo2OkpEQTwzOj46Pk1JSEw-&apptime=1778476600&share_id=612df443888d4c46af42d11bf28564fc,unknown,"张杰演唱会机器人来参加半马了？？

",69e45c2d000000001401bc28,1,l1_per_post_mixed,4,2.0,0.0,0.0,19,这个动作已经非常丝滑了。。。。太厉害了,,,,,,,2026.0,,5ca458e4000000001703d720,2026.04.19,江苏,"哈哈哈哈哈哈是同一款吗？求证！！[笑哭R][笑哭R]

"
batch2_anchor,69e429b4000000001b00037a,https://www.xiaohongshu.com/explore/69e429b4000000001b00037a?app_platform=ios&app_version=9.29&share_from_user_hidden=true&xsec_source=app_share&type=video&xsec_token=CBGl5EWuZ01NccooWZo8fji9JyQabNSst4pOdwuW38QdU=&author_share=1&xhsshare=CopyLink&shareRedId=Nzw5NDU-OUo2OkpEQTwzOj46Pk1JSEw-&apptime=1778476600&share_id=612df443888d4c46af42d11bf28564fc,unknown,"张杰演唱会机器人来参加半马了？？

",69e43f89000000001401e014,1,l1_per_post_mixed,5,0.0,2.0,0.0,15,我咖，真正的机械舞，不用装的。,,,,,,,2026.0,,601a73b2000000000100b708,2026.04.19,天津,"哈哈哈哈哈哈是同一款吗？求证！！[笑哭R][笑哭R]

"
batch2_anchor,69e429b4000000001b00037a,https://www.xiaohongshu.com/explore/69e429b4000000001b00037a?app_platform=ios&app_version=9.29&share_from_user_hidden=true&xsec_source=app_share&type=video&xsec_token=CBGl5EWuZ01NccooWZo8fji9JyQabNSst4pOdwuW38QdU=&author_share=1&xhsshare=CopyLink&shareRedId=Nzw5NDU-OUo2OkpEQTwzOj46Pk1JSEw-&apptime=1778476600&share_id=612df443888d4c46af42d11bf28564fc,unknown,"张杰演唱会机器人来参加半马了？？

",69e43d160000000014018c04,1,l1_per_post_mixed,6,2.0,58.0,3.0,26,孩子，跑步比赛呢，还在逆战，看来你还是不累[偷笑R],,,,,,,2026.0,,603ce2280000000001002d92,2026.04.19,陕西,"哈哈哈哈哈哈是同一款吗？求证！！[笑哭R][笑哭R]

"
batch2_anchor,69e429b4000000001b00037a,https://www.xiaohongshu.com/explore/69e429b4000000001b00037a?app_platform=ios&app_version=9.29&share_from_user_hidden=true&xsec_source=app_share&type=video&xsec_token=CBGl5EWuZ01NccooWZo8fji9JyQabNSst4pOdwuW38QdU=&author_share=1&xhsshare=CopyLink&shareRedId=Nzw5NDU-OUo2OkpEQTwzOj46Pk1JSEw-&apptime=1778476600&share_id=612df443888d4c46af42d11bf28564fc,unknown,"张杰演唱会机器人来参加半马了？？

",69e45a82000000001401bc1a,1,l1_per_post_mixed,7,0.0,1.0,0.0,17,Mbti里的：E型机器人[偷笑R],,,,,,,2026.0,,5485987be77989720886d16b,2026.04.19,北京,"哈哈哈哈哈哈是同一款吗？求证！！[笑哭R][笑哭R]

"
batch2_anchor,69e429b4000000001b00037a,https://www.xiaohongshu.com/explore/69e429b4000000001b00037a?app_platform=ios&app_version=9.29&share_from_user_hidden=true&xsec_source=app_share&type=video&xsec_token=CBGl5EWuZ01NccooWZo8fji9JyQabNSst4pOdwuW38QdU=&author_share=1&xhsshare=CopyLink&shareRedId=Nzw5NDU-OUo2OkpEQTwzOj46Pk1JSEw-&apptime=1778476600&share_id=612df443888d4c46af42d11bf28564fc,unknown,"张杰演唱会机器人来参加半马了？？

",69e44e24000000001401e82c,1,l1_per_post_mixed,8,2.0,0.0,0.0,26,这孩子 晚上咋们还要见面怎么跑马垃了[偷笑R]哈哈哈,,,,,,,2026.0,,609a19c500000000010087ab,2026.04.19,河北,"哈哈哈哈哈哈是同一款吗？求证！！[笑哭R][笑哭R]

"
batch2_anchor,69e429b4000000001b00037a,https://www.xiaohongshu.com/explore/69e429b4000000001b00037a?app_platform=ios&app_version=9.29&share_from_user_hidden=true&xsec_source=app_share&type=video&xsec_token=CBGl5EWuZ01NccooWZo8fji9JyQabNSst4pOdwuW38QdU=&author_share=1&xhsshare=CopyLink&shareRedId=Nzw5NDU-OUo2OkpEQTwzOj46Pk1JSEw-&apptime=1778476600&share_id=612df443888d4c46af42d11bf28564fc,unknown,"张杰演唱会机器人来参加半马了？？

",69e44e09000000001401c409,1,l1_per_post_mixed,9,1.0,2.0,0.0,17,在一声声夸赞中迷失了自己[新月R],,,,,,,2026.0,,5eeb21a1000000000101dbf1,2026.04.19,四川,"哈哈哈哈哈哈是同一款吗？求证！！[笑哭R][笑哭R]

"
batch2_anchor,69e429b4000000001b00037a,https://www.xiaohongshu.com/explore/69e429b4000000001b00037a?app_platform=ios&app_version=9.29&share_from_user_hidden=true&xsec_source=app_share&type=video&xsec_token=CBGl5EWuZ01NccooWZo8fji9JyQabNSst4pOdwuW38QdU=&author_share=1&xhsshare=CopyLink&shareRedId=Nzw5NDU-OUo2OkpEQTwzOj46Pk1JSEw-&apptime=1778476600&share_id=612df443888d4c46af42d11bf28564fc,unknown,"张杰演唱会机器人来参加半马了？？

",69e43981000000001401e814,1,l1_per_post_mixed,10,,1.0,0.0,13,哈哈哈哈快跑吧，别打扰他了,,,,,,,2026.0,,5fcd73df0000000001002357,2026.04.19,陕西,"哈哈哈哈哈哈是同一款吗？求证！！[笑哭R][笑哭R]

"
batch2_anchor,69e429b4000000001b00037a,https://www.xiaohongshu.com/explore/69e429b4000000001b00037a?app_platform=ios&app_version=9.29&share_from_user_hidden=true&xsec_source=app_share&type=video&xsec_token=CBGl5EWuZ01NccooWZo8fji9JyQabNSst4pOdwuW38QdU=&author_share=1&xhsshare=CopyLink&shareRedId=Nzw5NDU-OUo2OkpEQTwzOj46Pk1JSEw-&apptime=1778476600&share_id=612df443888d4c46af42d11bf28564fc,unknown,"张杰演唱会机器人来参加半马了？？

",69e45888000000001401e82f,1,l1_per_post_mixed,11,3.0,0.0,0.0,11,个头比较大的遥控机器人,,,,,,,2026.0,,67765ed0000000001801fba7,2026.04.19,日本,"哈哈哈哈哈哈是同一款吗？求证！！[笑哭R][笑哭R]

"
batch2_anchor,69e429b4000000001b00037a,https://www.xiaohongshu.com/explore/69e429b4000000001b00037a?app_platform=ios&app_version=9.29&share_from_user_hidden=true&xsec_source=app_share&type=video&xsec_token=CBGl5EWuZ01NccooWZo8fji9JyQabNSst4pOdwuW38QdU=&author_share=1&xhsshare=CopyLink&shareRedId=Nzw5NDU-OUo2OkpEQTwzOj46Pk1JSEw-&apptime=1778476600&share_id=612df443888d4c46af42d11bf28564fc,unknown,"张杰演唱会机器人来参加半马了？？

",69e44c75000000001401c427,1,l1_per_post_mixed,12,,0.0,0.0,8,跳的还蛮好看的呢,,,,,,,2026.0,,60584d260000000001006133,2026.04.19,上海,"哈哈哈哈哈哈是同一款吗？求证！！[笑哭R][笑哭R]

"
batch2_anchor,69e429b4000000001b00037a,https://www.xiaohongshu.com/explore/69e429b4000000001b00037a?app_platform=ios&app_version=9.29&share_from_user_hidden=true&xsec_source=app_share&type=video&xsec_token=CBGl5EWuZ01NccooWZo8fji9JyQabNSst4pOdwuW38QdU=&author_share=1&xhsshare=CopyLink&shareRedId=Nzw5NDU-OUo2OkpEQTwzOj46Pk1JSEw-&apptime=1778476600&share_id=612df443888d4c46af42d11bf28564fc,unknown,"张杰演唱会机器人来参加半马了？？

",69e44b360000000014018c05,1,l1_per_post_mixed,13,4.0,0.0,0.0,28,这北京公司，自己家的牌子都被领巾遮挡了。下次品牌做大点。,,,,,,,2026.0,,59eb6ee2e8ac2b0e2c89eb42,2026.04.19,北京,"哈哈哈哈哈哈是同一款吗？求证！！[笑哭R][笑哭R]

"
batch2_anchor,69e429b4000000001b00037a,https://www.xiaohongshu.com/explore/69e429b4000000001b00037a?app_platform=ios&app_version=9.29&share_from_user_hidden=true&xsec_source=app_share&type=video&xsec_token=CBGl5EWuZ01NccooWZo8fji9JyQabNSst4pOdwuW38QdU=&author_share=1&xhsshare=CopyLink&shareRedId=Nzw5NDU-OUo2OkpEQTwzOj46Pk1JSEw-&apptime=1778476600&share_id=612df443888d4c46af42d11bf28564fc,unknown,"张杰演唱会机器人来参加半马了？？

",69e440ed000000001401c035,1,l1_per_post_mixed,14,6.0,802.0,14.0,31,破案了 这个就是宇树G1[doge]春晚的武BOT[doge],,,,,,,2026.0,,5b430a7ee8ac2b19a0a2dd9a,2026.04.19,北京,"哈哈哈哈哈哈是同一款吗？求证！！[笑哭R][笑哭R]

"
batch2_anchor,69e429b4000000001b00037a,https://www.xiaohongshu.com/explore/69e429b4000000001b00037a?app_platform=ios&app_version=9.29&share_from_user_hidden=true&xsec_source=app_share&type=video&xsec_token=CBGl5EWuZ01NccooWZo8fji9JyQabNSst4pOdwuW38QdU=&author_share=1&xhsshare=CopyLink&shareRedId=Nzw5NDU-OUo2OkpEQTwzOj46Pk1JSEw-&apptime=1778476600&share_id=612df443888d4c46af42d11bf28564fc,unknown,"张杰演唱会机器人来参加半马了？？

",69e447a4000000001401c801,1,l1_per_post_mixed,15,1.0,5083.0,188.0,18,娱乐圈出身的確实是不一样的[笑哭R],,,,,,,2026.0,,5e5b5db70000000001000b8b,2026.04.19,广东,"哈哈哈哈哈哈是同一款吗？求证！！[笑哭R][笑哭R]

"
batch2_anchor,69e429b4000000001b00037a,https://www.xiaohongshu.com/explore/69e429b4000000001b00037a?app_platform=ios&app_version=9.29&share_from_user_hidden=true&xsec_source=app_share&type=video&xsec_token=CBGl5EWuZ01NccooWZo8fji9JyQabNSst4pOdwuW38QdU=&author_share=1&xhsshare=CopyLink&shareRedId=Nzw5NDU-OUo2OkpEQTwzOj46Pk1JSEw-&apptime=1778476600&share_id=612df443888d4c46af42d11bf28564fc,unknown,"张杰演唱会机器人来参加半马了？？

",69e43784000000001401ac1c,1,l1_per_post_mixed,16,1.0,5989.0,166.0,24,在一阵夸夸声中逐渐迷失了自我，忘了自己是来比赛的,,,,,,,2026.0,,65f3c613000000000500e6cd,2026.04.19,湖南,"哈哈哈哈哈哈是同一款吗？求证！！[笑哭R][笑哭R]

"
batch2_anchor,69e429b4000000001b00037a,https://www.xiaohongshu.com/explore/69e429b4000000001b00037a?app_platform=ios&app_version=9.29&share_from_user_hidden=true&xsec_source=app_share&type=video&xsec_token=CBGl5EWuZ01NccooWZo8fji9JyQabNSst4pOdwuW38QdU=&author_share=1&xhsshare=CopyLink&shareRedId=Nzw5NDU-OUo2OkpEQTwzOj46Pk1JSEw-&apptime=1778476600&share_id=612df443888d4c46af42d11bf28564fc,unknown,"张杰演唱会机器人来参加半马了？？

",69e42e39000000001401c803,1,l1_per_post_mixed,17,6.0,4057.0,79.0,16,比赛呢，孩子还在饭撒[笑哭了R],,,,,,,2026.0,,61d8682e000000001000803d,2026.04.19,四川,"哈哈哈哈哈哈是同一款吗？求证！！[笑哭R][笑哭R]

"
batch2_anchor,69e429b4000000001b00037a,https://www.xiaohongshu.com/explore/69e429b4000000001b00037a?app_platform=ios&app_version=9.29&share_from_user_hidden=true&xsec_source=app_share&type=video&xsec_token=CBGl5EWuZ01NccooWZo8fji9JyQabNSst4pOdwuW38QdU=&author_share=1&xhsshare=CopyLink&shareRedId=Nzw5NDU-OUo2OkpEQTwzOj46Pk1JSEw-&apptime=1778476600&share_id=612df443888d4c46af42d11bf28564fc,unknown,"张杰演唱会机器人来参加半马了？？

",69e437270000000014019410,1,l1_per_post_mixed,18,1.0,2522.0,73.0,41,像ADHD似的 总是忘记正事被别的事吸引注意力[doge][doge][doge],,,,,,,2026.0,,5e3a90670000000001003f6b,2026.04.19,北京,"哈哈哈哈哈哈是同一款吗？求证！！[笑哭R][笑哭R]

"
batch2_anchor,69e429b4000000001b00037a,https://www.xiaohongshu.com/explore/69e429b4000000001b00037a?app_platform=ios&app_version=9.29&share_from_user_hidden=true&xsec_source=app_share&type=video&xsec_token=CBGl5EWuZ01NccooWZo8fji9JyQabNSst4pOdwuW38QdU=&author_share=1&xhsshare=CopyLink&shareRedId=Nzw5NDU-OUo2OkpEQTwzOj46Pk1JSEw-&apptime=1778476600&share_id=612df443888d4c46af42d11bf28564fc,unknown,"张杰演唱会机器人来参加半马了？？

",69e44a7a000000001401d809,1,l1_per_post_mixed,19,2.0,0.0,0.0,13,感觉像冬泳怪鸽[喝奶茶R],,,,,,,2026.0,,5ffac0f9000000000100a58f,2026.04.19,天津,"哈哈哈哈哈哈是同一款吗？求证！！[笑哭R][笑哭R]

"
batch2_anchor,69e429b4000000001b00037a,https://www.xiaohongshu.com/explore/69e429b4000000001b00037a?app_platform=ios&app_version=9.29&share_from_user_hidden=true&xsec_source=app_share&type=video&xsec_token=CBGl5EWuZ01NccooWZo8fji9JyQabNSst4pOdwuW38QdU=&author_share=1&xhsshare=CopyLink&shareRedId=Nzw5NDU-OUo2OkpEQTwzOj46Pk1JSEw-&apptime=1778476600&share_id=612df443888d4c46af42d11bf28564fc,unknown,"张杰演唱会机器人来参加半马了？？

",69e42e61000000001401941b,1,l1_per_post_mixed,20,2.0,1615.0,44.0,6,兄弟还在逆战,,,,,,,2026.0,,566d14b30bf90c443a1fef04,2026.04.19,北京,"哈哈哈哈哈哈是同一款吗？求证！！[笑哭R][笑哭R]

"
batch2_anchor,69e429b4000000001b00037a,https://www.xiaohongshu.com/explore/69e429b4000000001b00037a?app_platform=ios&app_version=9.29&share_from_user_hidden=true&xsec_source=app_share&type=video&xsec_token=CBGl5EWuZ01NccooWZo8fji9JyQabNSst4pOdwuW38QdU=&author_share=1&xhsshare=CopyLink&shareRedId=Nzw5NDU-OUo2OkpEQTwzOj46Pk1JSEw-&apptime=1778476600&share_id=612df443888d4c46af42d11bf28564fc,unknown,"张杰演唱会机器人来参加半马了？？

",69e48970000000001401bc35,1,l1_per_post_mixed,21,0.0,1.0,0.0,13,一群人看机器人，意义何在？,,,,,,,2026.0,,654e25030000000008003f4b,2026.04.19,陕西,"哈哈哈哈哈哈是同一款吗？求证！！[笑哭R][笑哭R]

"
batch2_anchor,69e429b4000000001b00037a,https://www.xiaohongshu.com/explore/69e429b4000000001b00037a?app_platform=ios&app_version=9.29&share_from_user_hidden=true&xsec_source=app_share&type=video&xsec_token=CBGl5EWuZ01NccooWZo8fji9JyQabNSst4pOdwuW38QdU=&author_share=1&xhsshare=CopyLink&shareRedId=Nzw5NDU-OUo2OkpEQTwzOj46Pk1JSEw-&apptime=1778476600&share_id=612df443888d4c46af42d11bf28564fc,unknown,"张杰演唱会机器人来参加半马了？？

",69e44c00000000001401dc0b,1,l1_per_post_mixed,22,3.0,75.0,7.0,21,这种是人操控的 还是他自己发挥的[笑哭R],,,,,,,2026.0,,58d09bb06a6a6915652bde93,2026.04.19,北京,"哈哈哈哈哈哈是同一款吗？求证！！[笑哭R][笑哭R]

"
batch2_anchor,69e429b4000000001b00037a,https://www.xiaohongshu.com/explore/69e429b4000000001b00037a?app_platform=ios&app_version=9.29&share_from_user_hidden=true&xsec_source=app_share&type=video&xsec_token=CBGl5EWuZ01NccooWZo8fji9JyQabNSst4pOdwuW38QdU=&author_share=1&xhsshare=CopyLink&shareRedId=Nzw5NDU-OUo2OkpEQTwzOj46Pk1JSEw-&apptime=1778476600&share_id=612df443888d4c46af42d11bf28564fc,unknown,"张杰演唱会机器人来参加半马了？？

",69e44434000000001401e816,1,l1_per_post_mixed,23,6.0,263.0,9.0,37,哈哈哈，白天比赛把丝巾当领巾规矩佩戴，晚上演出再挂腰上秒变酷guy[得意],,,,,,,2026.0,,65c606cb0000000011018262,2026.04.19,北京,"哈哈哈哈哈哈是同一款吗？求证！！[笑哭R][笑哭R]

"
batch2_anchor,69e429b4000000001b00037a,https://www.xiaohongshu.com/explore/69e429b4000000001b00037a?app_platform=ios&app_version=9.29&share_from_user_hidden=true&xsec_source=app_share&type=video&xsec_token=CBGl5EWuZ01NccooWZo8fji9JyQabNSst4pOdwuW38QdU=&author_share=1&xhsshare=CopyLink&shareRedId=Nzw5NDU-OUo2OkpEQTwzOj46Pk1JSEw-&apptime=1778476600&share_id=612df443888d4c46af42d11bf28564fc,unknown,"张杰演唱会机器人来参加半马了？？

",69e449cb000000001401d81c,1,l1_per_post_mixed,24,,41.0,2.0,10,向左也来跑马拉松了？,,,,,,,2026.0,,58f052cc5e87e725de433318,2026.04.19,北京,"哈哈哈哈哈哈是同一款吗？求证！！[笑哭R][笑哭R]

"
batch2_anchor,69e429b4000000001b00037a,https://www.xiaohongshu.com/explore/69e429b4000000001b00037a?app_platform=ios&app_version=9.29&share_from_user_hidden=true&xsec_source=app_share&type=video&xsec_token=CBGl5EWuZ01NccooWZo8fji9JyQabNSst4pOdwuW38QdU=&author_share=1&xhsshare=CopyLink&shareRedId=Nzw5NDU-OUo2OkpEQTwzOj46Pk1JSEw-&apptime=1778476600&share_id=612df443888d4c46af42d11bf28564fc,unknown,"张杰演唱会机器人来参加半马了？？

",69e42d4e000000001401b006,1,l1_per_post_mixed,25,1.0,216.0,16.0,13,好像是的 这就是演唱会穿搭,,,,,,,2026.0,,5d7b98800000000001004e58,2026.04.19,云南,"哈哈哈哈哈哈是同一款吗？求证！！[笑哭R][笑哭R]

"
batch2_anchor,69e429b4000000001b00037a,https://www.xiaohongshu.com/explore/69e429b4000000001b00037a?app_platform=ios&app_version=9.29&share_from_user_hidden=true&xsec_source=app_share&type=video&xsec_token=CBGl5EWuZ01NccooWZo8fji9JyQabNSst4pOdwuW38QdU=&author_share=1&xhsshare=CopyLink&shareRedId=Nzw5NDU-OUo2OkpEQTwzOj46Pk1JSEw-&apptime=1778476600&share_id=612df443888d4c46af42d11bf28564fc,unknown,"张杰演唱会机器人来参加半马了？？

",69e496e0000000001401cc11,1,l1_per_post_mixed,26,2.0,50.0,4.0,11,衣服也不换一个哈哈哈哈,,,,,,,2026.0,,5c3df5540000000005002c4a,2026.04.19,吉林,"哈哈哈哈哈哈是同一款吗？求证！！[笑哭R][笑哭R]

"
batch2_anchor,69e429b4000000001b00037a,https://www.xiaohongshu.com/explore/69e429b4000000001b00037a?app_platform=ios&app_version=9.29&share_from_user_hidden=true&xsec_source=app_share&type=video&xsec_token=CBGl5EWuZ01NccooWZo8fji9JyQabNSst4pOdwuW38QdU=&author_share=1&xhsshare=CopyLink&shareRedId=Nzw5NDU-OUo2OkpEQTwzOj46Pk1JSEw-&apptime=1778476600&share_id=612df443888d4c46af42d11bf28564fc,unknown,"张杰演唱会机器人来参加半马了？？

",69e49cf50000000014019020,1,l1_per_post_mixed,27,2.0,62.0,9.0,11,突然开始踢腿好像向佐啊,,,,,,,2026.0,,5a794b94e8ac2b318bc82af1,2026.04.19,北京,"哈哈哈哈哈哈是同一款吗？求证！！[笑哭R][笑哭R]

"
batch2_anchor,69e429b4000000001b00037a,https://www.xiaohongshu.com/explore/69e429b4000000001b00037a?app_platform=ios&app_version=9.29&share_from_user_hidden=true&xsec_source=app_share&type=video&xsec_token=CBGl5EWuZ01NccooWZo8fji9JyQabNSst4pOdwuW38QdU=&author_share=1&xhsshare=CopyLink&shareRedId=Nzw5NDU-OUo2OkpEQTwzOj46Pk1JSEw-&apptime=1778476600&share_id=612df443888d4c46af42d11bf28564fc,unknown,"张杰演唱会机器人来参加半马了？？

",69e47b77000000001401b001,1,l1_per_post_mixed,28,6.0,73.0,3.0,16,这属于干扰运动员比赛了[笑哭R],,,,,,,2026.0,,56d5a4d9aed7583022804a18,2026.04.19,广东,"哈哈哈哈哈哈是同一款吗？求证！！[笑哭R][笑哭R]

"
batch2_anchor,69e429b4000000001b00037a,https://www.xiaohongshu.com/explore/69e429b4000000001b00037a?app_platform=ios&app_version=9.29&share_from_user_hidden=true&xsec_source=app_share&type=video&xsec_token=CBGl5EWuZ01NccooWZo8fji9JyQabNSst4pOdwuW38QdU=&author_share=1&xhsshare=CopyLink&shareRedId=Nzw5NDU-OUo2OkpEQTwzOj46Pk1JSEw-&apptime=1778476600&share_id=612df443888d4c46af42d11bf28564fc,unknown,"张杰演唱会机器人来参加半马了？？

",69e4c697000000001401b012,1,l1_per_post_mixed,29,0.0,44.0,0.0,29,这个机器人输了比赛，赢了粉丝[笑哭R][笑哭R][笑哭R],,,,,,,2026.0,,69ae3d6c0000000032026399,2026.04.19,江苏,"哈哈哈哈哈哈是同一款吗？求证！！[笑哭R][笑哭R]

"
batch2_anchor,69e429b4000000001b00037a,https://www.xiaohongshu.com/explore/69e429b4000000001b00037a?app_platform=ios&app_version=9.29&share_from_user_hidden=true&xsec_source=app_share&type=video&xsec_token=CBGl5EWuZ01NccooWZo8fji9JyQabNSst4pOdwuW38QdU=&author_share=1&xhsshare=CopyLink&shareRedId=Nzw5NDU-OUo2OkpEQTwzOj46Pk1JSEw-&apptime=1778476600&share_id=612df443888d4c46af42d11bf28564fc,unknown,"张杰演唱会机器人来参加半马了？？

",69e46b0d000000001401dc2b,1,l1_per_post_mixed,30,2.0,0.0,0.0,18,跑马拉松比赛呢，还表演这孩子真糊涂呀,,,,,,,2026.0,,62417ea0000000001000741b,2026.04.19,甘肃,"哈哈哈哈哈哈是同一款吗？求证！！[笑哭R][笑哭R]

"
