帖子id,topic,count,n_comments,share_within_cell
69da7e87000000001a03484e,0,56,2330,0.0240343347639485
69da7e87000000001a03484e,1,152,2330,0.06523605150214593
69da7e87000000001a03484e,2,115,2330,0.04935622317596566
69da7e87000000001a03484e,3,26,2330,0.011158798283261802
69da7e87000000001a03484e,4,57,2330,0.024463519313304722
69da7e87000000001a03484e,5,31,2330,0.013304721030042918
69da7e87000000001a03484e,6,7,2330,0.0030042918454935624
69da7e87000000001a03484e,7,157,2330,0.06738197424892704
69da7e87000000001a03484e,9,69,2330,0.0296137339055794
69da7e87000000001a03484e,10,79,2330,0.03390557939914163
69da7e87000000001a03484e,11,17,2330,0.007296137339055794
69da7e87000000001a03484e,12,74,2330,0.03175965665236052
69da7e87000000001a03484e,13,53,2330,0.022746781115879827
69da7e87000000001a03484e,14,45,2330,0.019313304721030045
69da7e87000000001a03484e,15,25,2330,0.01072961373390558
69da7e87000000001a03484e,16,21,2330,0.009012875536480686
69da7e87000000001a03484e,17,4,2330,0.0017167381974248926
69da7e87000000001a03484e,18,29,2330,0.012446351931330472
69da7e87000000001a03484e,19,138,2330,0.0592274678111588
69da7e87000000001a03484e,20,37,2330,0.01587982832618026
69da7e87000000001a03484e,21,2,2330,0.0008583690987124463
69da7e87000000001a03484e,22,2,2330,0.0008583690987124463
69da7e87000000001a03484e,23,25,2330,0.01072961373390558
69da7e87000000001a03484e,24,21,2330,0.009012875536480686
69da7e87000000001a03484e,25,11,2330,0.004721030042918455
69da7e87000000001a03484e,26,12,2330,0.005150214592274678
69da7e87000000001a03484e,27,106,2330,0.045493562231759654
69da7e87000000001a03484e,28,13,2330,0.005579399141630901
69da7e87000000001a03484e,29,49,2330,0.021030042918454936
69da7e87000000001a03484e,30,8,2330,0.0034334763948497852
69da7e87000000001a03484e,31,1,2330,0.00042918454935622315
69da7e87000000001a03484e,32,27,2330,0.011587982832618025
69da7e87000000001a03484e,33,24,2330,0.010300429184549357
69da7e87000000001a03484e,35,4,2330,0.0017167381974248926
69da7e87000000001a03484e,36,53,2330,0.022746781115879827
69da7e87000000001a03484e,37,1,2330,0.00042918454935622315
69da7e87000000001a03484e,38,2,2330,0.0008583690987124463
69da7e87000000001a03484e,39,1,2330,0.00042918454935622315
69da7e87000000001a03484e,43,23,2330,0.009871244635193134
69da7e87000000001a03484e,44,2,2330,0.0008583690987124463
69da7e87000000001a03484e,45,8,2330,0.0034334763948497852
69da7e87000000001a03484e,46,5,2330,0.002145922746781116
69da7e87000000001a03484e,47,3,2330,0.0012875536480686696
69da7e87000000001a03484e,48,68,2330,0.029184549356223177
69da7e87000000001a03484e,49,17,2330,0.007296137339055794
69da7e87000000001a03484e,50,6,2330,0.002575107296137339
69da7e87000000001a03484e,51,16,2330,0.0068669527896995704
69da7e87000000001a03484e,52,17,2330,0.007296137339055794
69da7e87000000001a03484e,53,8,2330,0.0034334763948497852
69da7e87000000001a03484e,54,1,2330,0.00042918454935622315
69da7e87000000001a03484e,55,6,2330,0.002575107296137339
69da7e87000000001a03484e,56,13,2330,0.005579399141630901
69da7e87000000001a03484e,57,1,2330,0.00042918454935622315
69da7e87000000001a03484e,58,1,2330,0.00042918454935622315
69da7e87000000001a03484e,59,11,2330,0.004721030042918455
69da7e87000000001a03484e,60,9,2330,0.0038626609442060085
69da7e87000000001a03484e,61,29,2330,0.012446351931330472
69da7e87000000001a03484e,62,1,2330,0.00042918454935622315
69da7e87000000001a03484e,64,14,2330,0.006008583690987125
69da7e87000000001a03484e,66,7,2330,0.0030042918454935624
69da7e87000000001a03484e,67,2,2330,0.0008583690987124463
69da7e87000000001a03484e,68,4,2330,0.0017167381974248926
69da7e87000000001a03484e,69,1,2330,0.00042918454935622315
69da7e87000000001a03484e,70,37,2330,0.01587982832618026
69da7e87000000001a03484e,71,4,2330,0.0017167381974248926
69da7e87000000001a03484e,72,2,2330,0.0008583690987124463
69da7e87000000001a03484e,73,9,2330,0.0038626609442060085
69da7e87000000001a03484e,74,1,2330,0.00042918454935622315
69da7e87000000001a03484e,75,2,2330,0.0008583690987124463
69da7e87000000001a03484e,76,10,2330,0.004291845493562232
69da7e87000000001a03484e,77,2,2330,0.0008583690987124463
69da7e87000000001a03484e,78,53,2330,0.022746781115879827
69da7e87000000001a03484e,79,4,2330,0.0017167381974248926
69da7e87000000001a03484e,80,23,2330,0.009871244635193134
69da7e87000000001a03484e,82,25,2330,0.01072961373390558
69da7e87000000001a03484e,83,6,2330,0.002575107296137339
69da7e87000000001a03484e,84,3,2330,0.0012875536480686696
69da7e87000000001a03484e,86,3,2330,0.0012875536480686696
69da7e87000000001a03484e,87,1,2330,0.00042918454935622315
69da7e87000000001a03484e,88,1,2330,0.00042918454935622315
69da7e87000000001a03484e,89,6,2330,0.002575107296137339
69da7e87000000001a03484e,91,1,2330,0.00042918454935622315
69da7e87000000001a03484e,94,1,2330,0.00042918454935622315
69da7e87000000001a03484e,95,2,2330,0.0008583690987124463
69da7e87000000001a03484e,96,1,2330,0.00042918454935622315
69da7e87000000001a03484e,97,22,2330,0.00944206008583691
69da7e87000000001a03484e,98,1,2330,0.00042918454935622315
69da7e87000000001a03484e,99,7,2330,0.0030042918454935624
69da7e87000000001a03484e,100,3,2330,0.0012875536480686696
69da7e87000000001a03484e,102,1,2330,0.00042918454935622315
69da7e87000000001a03484e,103,6,2330,0.002575107296137339
69da7e87000000001a03484e,104,6,2330,0.002575107296137339
69da7e87000000001a03484e,105,6,2330,0.002575107296137339
69da7e87000000001a03484e,106,41,2330,0.01759656652360515
69da7e87000000001a03484e,107,1,2330,0.00042918454935622315
69da7e87000000001a03484e,109,3,2330,0.0012875536480686696
69da7e87000000001a03484e,110,9,2330,0.0038626609442060085
69da7e87000000001a03484e,111,8,2330,0.0034334763948497852
69da7e87000000001a03484e,112,31,2330,0.013304721030042918
69da7e87000000001a03484e,113,3,2330,0.0012875536480686696
69da7e87000000001a03484e,114,3,2330,0.0012875536480686696
69da7e87000000001a03484e,115,5,2330,0.002145922746781116
69da7e87000000001a03484e,116,24,2330,0.010300429184549357
69da7e87000000001a03484e,117,8,2330,0.0034334763948497852
69da7e87000000001a03484e,118,1,2330,0.00042918454935622315
69da7e87000000001a03484e,121,2,2330,0.0008583690987124463
69da7e87000000001a03484e,122,1,2330,0.00042918454935622315
69da7e87000000001a03484e,123,7,2330,0.0030042918454935624
69da7e87000000001a03484e,124,5,2330,0.002145922746781116
69da7e87000000001a03484e,126,4,2330,0.0017167381974248926
69da7e87000000001a03484e,127,5,2330,0.002145922746781116
69da7e87000000001a03484e,129,27,2330,0.011587982832618025
69da7e87000000001a03484e,130,27,2330,0.011587982832618025
69da7e87000000001a03484e,131,9,2330,0.0038626609442060085
69da7e87000000001a03484e,133,3,2330,0.0012875536480686696
69da7e87000000001a03484e,134,1,2330,0.00042918454935622315
69da7e87000000001a03484e,135,3,2330,0.0012875536480686696
69da7e87000000001a03484e,136,3,2330,0.0012875536480686696
69da7e87000000001a03484e,137,13,2330,0.005579399141630901
69da7e87000000001a03484e,138,5,2330,0.002145922746781116
69da7e87000000001a03484e,139,2,2330,0.0008583690987124463
69db34bb000000001a0348ae,0,2,127,0.015748031496062992
69db34bb000000001a0348ae,3,9,127,0.07086614173228346
69db34bb000000001a0348ae,4,3,127,0.023622047244094488
69db34bb000000001a0348ae,5,6,127,0.047244094488188976
69db34bb000000001a0348ae,9,1,127,0.007874015748031496
69db34bb000000001a0348ae,11,1,127,0.007874015748031496
69db34bb000000001a0348ae,12,4,127,0.031496062992125984
69db34bb000000001a0348ae,13,2,127,0.015748031496062992
69db34bb000000001a0348ae,14,1,127,0.007874015748031496
69db34bb000000001a0348ae,15,1,127,0.007874015748031496
69db34bb000000001a0348ae,16,1,127,0.007874015748031496
69db34bb000000001a0348ae,18,3,127,0.023622047244094488
69db34bb000000001a0348ae,23,1,127,0.007874015748031496
69db34bb000000001a0348ae,24,3,127,0.023622047244094488
69db34bb000000001a0348ae,27,1,127,0.007874015748031496
69db34bb000000001a0348ae,28,3,127,0.023622047244094488
69db34bb000000001a0348ae,33,1,127,0.007874015748031496
69db34bb000000001a0348ae,36,2,127,0.015748031496062992
69db34bb000000001a0348ae,43,1,127,0.007874015748031496
69db34bb000000001a0348ae,47,11,127,0.08661417322834646
69db34bb000000001a0348ae,48,3,127,0.023622047244094488
69db34bb000000001a0348ae,49,7,127,0.05511811023622047
69db34bb000000001a0348ae,50,1,127,0.007874015748031496
69db34bb000000001a0348ae,51,2,127,0.015748031496062992
69db34bb000000001a0348ae,52,1,127,0.007874015748031496
69db34bb000000001a0348ae,55,41,127,0.3228346456692913
69db34bb000000001a0348ae,57,1,127,0.007874015748031496
69db34bb000000001a0348ae,59,1,127,0.007874015748031496
69db34bb000000001a0348ae,71,2,127,0.015748031496062992
69db34bb000000001a0348ae,77,1,127,0.007874015748031496
69db34bb000000001a0348ae,82,1,127,0.007874015748031496
69db34bb000000001a0348ae,95,4,127,0.031496062992125984
69db34bb000000001a0348ae,102,1,127,0.007874015748031496
69db34bb000000001a0348ae,103,1,127,0.007874015748031496
69db34bb000000001a0348ae,108,1,127,0.007874015748031496
69db34bb000000001a0348ae,109,1,127,0.007874015748031496
69db34bb000000001a0348ae,136,1,127,0.007874015748031496
69df625d0000000021005c63,0,50,631,0.07923930269413629
69df625d0000000021005c63,1,4,631,0.006339144215530904
69df625d0000000021005c63,2,29,631,0.04595879556259905
69df625d0000000021005c63,3,25,631,0.039619651347068144
69df625d0000000021005c63,4,23,631,0.03645007923930269
69df625d0000000021005c63,5,51,631,0.08082408874801902
69df625d0000000021005c63,6,1,631,0.001584786053882726
69df625d0000000021005c63,7,14,631,0.022187004754358162
69df625d0000000021005c63,8,1,631,0.001584786053882726
69df625d0000000021005c63,9,8,631,0.012678288431061807
69df625d0000000021005c63,10,1,631,0.001584786053882726
69df625d0000000021005c63,11,26,631,0.04120443740095087
69df625d0000000021005c63,12,4,631,0.006339144215530904
69df625d0000000021005c63,13,12,631,0.01901743264659271
69df625d0000000021005c63,14,14,631,0.022187004754358162
69df625d0000000021005c63,15,7,631,0.011093502377179081
69df625d0000000021005c63,16,14,631,0.022187004754358162
69df625d0000000021005c63,18,4,631,0.006339144215530904
69df625d0000000021005c63,19,5,631,0.00792393026941363
69df625d0000000021005c63,20,1,631,0.001584786053882726
69df625d0000000021005c63,23,7,631,0.011093502377179081
69df625d0000000021005c63,24,4,631,0.006339144215530904
69df625d0000000021005c63,25,2,631,0.003169572107765452
69df625d0000000021005c63,26,1,631,0.001584786053882726
69df625d0000000021005c63,27,7,631,0.011093502377179081
69df625d0000000021005c63,28,21,631,0.03328050713153724
69df625d0000000021005c63,29,4,631,0.006339144215530904
69df625d0000000021005c63,30,19,631,0.030110935023771792
69df625d0000000021005c63,31,1,631,0.001584786053882726
69df625d0000000021005c63,32,8,631,0.012678288431061807
69df625d0000000021005c63,33,5,631,0.00792393026941363
69df625d0000000021005c63,34,1,631,0.001584786053882726
69df625d0000000021005c63,36,4,631,0.006339144215530904
69df625d0000000021005c63,39,35,631,0.0554675118858954
69df625d0000000021005c63,43,1,631,0.001584786053882726
69df625d0000000021005c63,45,2,631,0.003169572107765452
69df625d0000000021005c63,46,23,631,0.03645007923930269
69df625d0000000021005c63,48,13,631,0.020602218700475437
69df625d0000000021005c63,49,5,631,0.00792393026941363
69df625d0000000021005c63,50,3,631,0.004754358161648178
69df625d0000000021005c63,51,10,631,0.01584786053882726
69df625d0000000021005c63,52,1,631,0.001584786053882726
69df625d0000000021005c63,53,10,631,0.01584786053882726
69df625d0000000021005c63,54,1,631,0.001584786053882726
69df625d0000000021005c63,56,3,631,0.004754358161648178
69df625d0000000021005c63,57,2,631,0.003169572107765452
69df625d0000000021005c63,58,1,631,0.001584786053882726
69df625d0000000021005c63,60,1,631,0.001584786053882726
69df625d0000000021005c63,61,4,631,0.006339144215530904
69df625d0000000021005c63,64,8,631,0.012678288431061807
69df625d0000000021005c63,66,3,631,0.004754358161648178
69df625d0000000021005c63,67,1,631,0.001584786053882726
69df625d0000000021005c63,69,2,631,0.003169572107765452
69df625d0000000021005c63,70,1,631,0.001584786053882726
69df625d0000000021005c63,71,4,631,0.006339144215530904
69df625d0000000021005c63,72,1,631,0.001584786053882726
69df625d0000000021005c63,73,2,631,0.003169572107765452
69df625d0000000021005c63,74,9,631,0.014263074484944533
69df625d0000000021005c63,76,3,631,0.004754358161648178
69df625d0000000021005c63,80,3,631,0.004754358161648178
69df625d0000000021005c63,82,1,631,0.001584786053882726
69df625d0000000021005c63,83,1,631,0.001584786053882726
69df625d0000000021005c63,85,7,631,0.011093502377179081
69df625d0000000021005c63,87,1,631,0.001584786053882726
69df625d0000000021005c63,88,1,631,0.001584786053882726
69df625d0000000021005c63,89,7,631,0.011093502377179081
69df625d0000000021005c63,90,1,631,0.001584786053882726
69df625d0000000021005c63,91,1,631,0.001584786053882726
69df625d0000000021005c63,92,1,631,0.001584786053882726
69df625d0000000021005c63,98,7,631,0.011093502377179081
69df625d0000000021005c63,99,1,631,0.001584786053882726
69df625d0000000021005c63,100,1,631,0.001584786053882726
69df625d0000000021005c63,102,1,631,0.001584786053882726
69df625d0000000021005c63,104,7,631,0.011093502377179081
69df625d0000000021005c63,105,2,631,0.003169572107765452
69df625d0000000021005c63,107,3,631,0.004754358161648178
69df625d0000000021005c63,109,4,631,0.006339144215530904
69df625d0000000021005c63,110,4,631,0.006339144215530904
69df625d0000000021005c63,111,3,631,0.004754358161648178
69df625d0000000021005c63,112,2,631,0.003169572107765452
69df625d0000000021005c63,114,1,631,0.001584786053882726
69df625d0000000021005c63,115,1,631,0.001584786053882726
69df625d0000000021005c63,117,3,631,0.004754358161648178
69df625d0000000021005c63,118,2,631,0.003169572107765452
69df625d0000000021005c63,120,1,631,0.001584786053882726
69df625d0000000021005c63,121,5,631,0.00792393026941363
69df625d0000000021005c63,124,1,631,0.001584786053882726
69df625d0000000021005c63,125,1,631,0.001584786053882726
69df625d0000000021005c63,126,3,631,0.004754358161648178
69df625d0000000021005c63,130,2,631,0.003169572107765452
69df625d0000000021005c63,131,1,631,0.001584786053882726
69df625d0000000021005c63,132,1,631,0.001584786053882726
69df625d0000000021005c63,134,2,631,0.003169572107765452
69df625d0000000021005c63,135,1,631,0.001584786053882726
69df625d0000000021005c63,136,14,631,0.022187004754358162
69df625d0000000021005c63,137,3,631,0.004754358161648178
69df625d0000000021005c63,138,3,631,0.004754358161648178
69e2583b00000000230211ea,0,18,703,0.025604551920341393
69e2583b00000000230211ea,1,9,703,0.012802275960170697
69e2583b00000000230211ea,2,10,703,0.01422475106685633
69e2583b00000000230211ea,3,34,703,0.04836415362731152
69e2583b00000000230211ea,4,135,703,0.19203413940256045
69e2583b00000000230211ea,5,15,703,0.021337126600284494
69e2583b00000000230211ea,6,12,703,0.017069701280227598
69e2583b00000000230211ea,7,5,703,0.007112375533428165
69e2583b00000000230211ea,8,1,703,0.001422475106685633
69e2583b00000000230211ea,9,9,703,0.012802275960170697
69e2583b00000000230211ea,10,11,703,0.015647226173541962
69e2583b00000000230211ea,11,8,703,0.011379800853485065
69e2583b00000000230211ea,12,5,703,0.007112375533428165
69e2583b00000000230211ea,13,14,703,0.01991465149359886
69e2583b00000000230211ea,14,7,703,0.00995732574679943
69e2583b00000000230211ea,15,7,703,0.00995732574679943
69e2583b00000000230211ea,16,38,703,0.05405405405405406
69e2583b00000000230211ea,17,1,703,0.001422475106685633
69e2583b00000000230211ea,18,3,703,0.004267425320056899
69e2583b00000000230211ea,21,2,703,0.002844950213371266
69e2583b00000000230211ea,23,5,703,0.007112375533428165
69e2583b00000000230211ea,24,2,703,0.002844950213371266
69e2583b00000000230211ea,25,3,703,0.004267425320056899
69e2583b00000000230211ea,28,28,703,0.03982930298719772
69e2583b00000000230211ea,29,7,703,0.00995732574679943
69e2583b00000000230211ea,30,1,703,0.001422475106685633
69e2583b00000000230211ea,31,1,703,0.001422475106685633
69e2583b00000000230211ea,32,4,703,0.005689900426742532
69e2583b00000000230211ea,33,4,703,0.005689900426742532
69e2583b00000000230211ea,34,1,703,0.001422475106685633
69e2583b00000000230211ea,36,5,703,0.007112375533428165
69e2583b00000000230211ea,37,1,703,0.001422475106685633
69e2583b00000000230211ea,39,3,703,0.004267425320056899
69e2583b00000000230211ea,43,2,703,0.002844950213371266
69e2583b00000000230211ea,46,12,703,0.017069701280227598
69e2583b00000000230211ea,47,74,703,0.10526315789473684
69e2583b00000000230211ea,49,15,703,0.021337126600284494
69e2583b00000000230211ea,50,6,703,0.008534850640113799
69e2583b00000000230211ea,51,1,703,0.001422475106685633
69e2583b00000000230211ea,52,2,703,0.002844950213371266
69e2583b00000000230211ea,53,5,703,0.007112375533428165
69e2583b00000000230211ea,55,2,703,0.002844950213371266
69e2583b00000000230211ea,57,1,703,0.001422475106685633
69e2583b00000000230211ea,58,1,703,0.001422475106685633
69e2583b00000000230211ea,59,3,703,0.004267425320056899
69e2583b00000000230211ea,60,1,703,0.001422475106685633
69e2583b00000000230211ea,61,2,703,0.002844950213371266
69e2583b00000000230211ea,64,15,703,0.021337126600284494
69e2583b00000000230211ea,66,2,703,0.002844950213371266
69e2583b00000000230211ea,67,1,703,0.001422475106685633
69e2583b00000000230211ea,69,1,703,0.001422475106685633
69e2583b00000000230211ea,70,1,703,0.001422475106685633
69e2583b00000000230211ea,71,3,703,0.004267425320056899
69e2583b00000000230211ea,76,1,703,0.001422475106685633
69e2583b00000000230211ea,79,1,703,0.001422475106685633
69e2583b00000000230211ea,80,2,703,0.002844950213371266
69e2583b00000000230211ea,83,5,703,0.007112375533428165
69e2583b00000000230211ea,86,2,703,0.002844950213371266
69e2583b00000000230211ea,87,1,703,0.001422475106685633
69e2583b00000000230211ea,89,8,703,0.011379800853485065
69e2583b00000000230211ea,92,1,703,0.001422475106685633
69e2583b00000000230211ea,93,1,703,0.001422475106685633
69e2583b00000000230211ea,95,2,703,0.002844950213371266
69e2583b00000000230211ea,96,2,703,0.002844950213371266
69e2583b00000000230211ea,98,26,703,0.03698435277382646
69e2583b00000000230211ea,99,2,703,0.002844950213371266
69e2583b00000000230211ea,102,36,703,0.051209103840682786
69e2583b00000000230211ea,103,1,703,0.001422475106685633
69e2583b00000000230211ea,104,8,703,0.011379800853485065
69e2583b00000000230211ea,109,2,703,0.002844950213371266
69e2583b00000000230211ea,111,2,703,0.002844950213371266
69e2583b00000000230211ea,113,2,703,0.002844950213371266
69e2583b00000000230211ea,114,1,703,0.001422475106685633
69e2583b00000000230211ea,117,1,703,0.001422475106685633
69e2583b00000000230211ea,118,1,703,0.001422475106685633
69e2583b00000000230211ea,121,19,703,0.02702702702702703
69e2583b00000000230211ea,123,1,703,0.001422475106685633
69e2583b00000000230211ea,124,1,703,0.001422475106685633
69e2583b00000000230211ea,125,1,703,0.001422475106685633
69e2583b00000000230211ea,129,1,703,0.001422475106685633
69e2583b00000000230211ea,131,1,703,0.001422475106685633
69e2583b00000000230211ea,134,4,703,0.005689900426742532
69e2583b00000000230211ea,138,8,703,0.011379800853485065
69e40352000000002102fc75,0,24,373,0.064343163538874
69e40352000000002102fc75,1,8,373,0.021447721179624665
69e40352000000002102fc75,2,17,373,0.045576407506702415
69e40352000000002102fc75,3,15,373,0.040214477211796246
69e40352000000002102fc75,4,2,373,0.005361930294906166
69e40352000000002102fc75,5,4,373,0.010723860589812333
69e40352000000002102fc75,6,1,373,0.002680965147453083
69e40352000000002102fc75,7,3,373,0.00804289544235925
69e40352000000002102fc75,9,29,373,0.0777479892761394
69e40352000000002102fc75,10,5,373,0.013404825737265416
69e40352000000002102fc75,11,19,373,0.05093833780160858
69e40352000000002102fc75,12,13,373,0.03485254691689008
69e40352000000002102fc75,13,15,373,0.040214477211796246
69e40352000000002102fc75,14,9,373,0.024128686327077747
69e40352000000002102fc75,15,6,373,0.0160857908847185
69e40352000000002102fc75,16,3,373,0.00804289544235925
69e40352000000002102fc75,17,2,373,0.005361930294906166
69e40352000000002102fc75,18,15,373,0.040214477211796246
69e40352000000002102fc75,19,3,373,0.00804289544235925
69e40352000000002102fc75,20,4,373,0.010723860589812333
69e40352000000002102fc75,21,1,373,0.002680965147453083
69e40352000000002102fc75,22,3,373,0.00804289544235925
69e40352000000002102fc75,23,10,373,0.02680965147453083
69e40352000000002102fc75,24,10,373,0.02680965147453083
69e40352000000002102fc75,25,2,373,0.005361930294906166
69e40352000000002102fc75,26,1,373,0.002680965147453083
69e40352000000002102fc75,27,1,373,0.002680965147453083
69e40352000000002102fc75,28,8,373,0.021447721179624665
69e40352000000002102fc75,29,3,373,0.00804289544235925
69e40352000000002102fc75,30,1,373,0.002680965147453083
69e40352000000002102fc75,31,1,373,0.002680965147453083
69e40352000000002102fc75,32,2,373,0.005361930294906166
69e40352000000002102fc75,33,10,373,0.02680965147453083
69e40352000000002102fc75,36,3,373,0.00804289544235925
69e40352000000002102fc75,38,2,373,0.005361930294906166
69e40352000000002102fc75,43,4,373,0.010723860589812333
69e40352000000002102fc75,46,1,373,0.002680965147453083
69e40352000000002102fc75,47,2,373,0.005361930294906166
69e40352000000002102fc75,48,2,373,0.005361930294906166
69e40352000000002102fc75,50,1,373,0.002680965147453083
69e40352000000002102fc75,51,1,373,0.002680965147453083
69e40352000000002102fc75,52,2,373,0.005361930294906166
69e40352000000002102fc75,55,1,373,0.002680965147453083
69e40352000000002102fc75,56,3,373,0.00804289544235925
69e40352000000002102fc75,57,14,373,0.03753351206434316
69e40352000000002102fc75,59,2,373,0.005361930294906166
69e40352000000002102fc75,60,2,373,0.005361930294906166
69e40352000000002102fc75,64,2,373,0.005361930294906166
69e40352000000002102fc75,66,6,373,0.0160857908847185
69e40352000000002102fc75,67,2,373,0.005361930294906166
69e40352000000002102fc75,68,1,373,0.002680965147453083
69e40352000000002102fc75,69,3,373,0.00804289544235925
69e40352000000002102fc75,71,3,373,0.00804289544235925
69e40352000000002102fc75,72,1,373,0.002680965147453083
69e40352000000002102fc75,73,2,373,0.005361930294906166
69e40352000000002102fc75,74,1,373,0.002680965147453083
69e40352000000002102fc75,76,3,373,0.00804289544235925
69e40352000000002102fc75,80,1,373,0.002680965147453083
69e40352000000002102fc75,81,4,373,0.010723860589812333
69e40352000000002102fc75,83,2,373,0.005361930294906166
69e40352000000002102fc75,86,1,373,0.002680965147453083
69e40352000000002102fc75,89,3,373,0.00804289544235925
69e40352000000002102fc75,92,2,373,0.005361930294906166
69e40352000000002102fc75,95,1,373,0.002680965147453083
69e40352000000002102fc75,96,1,373,0.002680965147453083
69e40352000000002102fc75,97,2,373,0.005361930294906166
69e40352000000002102fc75,99,1,373,0.002680965147453083
69e40352000000002102fc75,100,1,373,0.002680965147453083
69e40352000000002102fc75,101,1,373,0.002680965147453083
69e40352000000002102fc75,103,1,373,0.002680965147453083
69e40352000000002102fc75,104,4,373,0.010723860589812333
69e40352000000002102fc75,107,3,373,0.00804289544235925
69e40352000000002102fc75,109,1,373,0.002680965147453083
69e40352000000002102fc75,110,6,373,0.0160857908847185
69e40352000000002102fc75,112,1,373,0.002680965147453083
69e40352000000002102fc75,113,1,373,0.002680965147453083
69e40352000000002102fc75,114,3,373,0.00804289544235925
69e40352000000002102fc75,115,1,373,0.002680965147453083
69e40352000000002102fc75,116,1,373,0.002680965147453083
69e40352000000002102fc75,120,2,373,0.005361930294906166
69e40352000000002102fc75,126,1,373,0.002680965147453083
69e40352000000002102fc75,127,4,373,0.010723860589812333
69e40352000000002102fc75,128,7,373,0.01876675603217158
69e40352000000002102fc75,131,1,373,0.002680965147453083
69e40352000000002102fc75,134,1,373,0.002680965147453083
69e40352000000002102fc75,135,1,373,0.002680965147453083
69e41e24000000001a025f1a,0,3,42,0.07142857142857142
69e41e24000000001a025f1a,4,7,42,0.16666666666666666
69e41e24000000001a025f1a,5,2,42,0.047619047619047616
69e41e24000000001a025f1a,8,6,42,0.14285714285714285
69e41e24000000001a025f1a,9,2,42,0.047619047619047616
69e41e24000000001a025f1a,11,1,42,0.023809523809523808
69e41e24000000001a025f1a,15,1,42,0.023809523809523808
69e41e24000000001a025f1a,36,2,42,0.047619047619047616
69e41e24000000001a025f1a,44,1,42,0.023809523809523808
69e41e24000000001a025f1a,50,2,42,0.047619047619047616
69e41e24000000001a025f1a,53,3,42,0.07142857142857142
69e41e24000000001a025f1a,74,2,42,0.047619047619047616
69e41e24000000001a025f1a,82,1,42,0.023809523809523808
69e41e24000000001a025f1a,89,1,42,0.023809523809523808
69e41e24000000001a025f1a,98,2,42,0.047619047619047616
69e41e24000000001a025f1a,100,1,42,0.023809523809523808
69e41e24000000001a025f1a,101,1,42,0.023809523809523808
69e41e24000000001a025f1a,104,1,42,0.023809523809523808
69e41e24000000001a025f1a,128,1,42,0.023809523809523808
69e41e24000000001a025f1a,136,2,42,0.047619047619047616
69e429b4000000001b00037a,0,24,222,0.10810810810810811
69e429b4000000001b00037a,1,1,222,0.0045045045045045045
69e429b4000000001b00037a,2,1,222,0.0045045045045045045
69e429b4000000001b00037a,3,14,222,0.06306306306306306
69e429b4000000001b00037a,4,1,222,0.0045045045045045045
69e429b4000000001b00037a,5,11,222,0.04954954954954955
69e429b4000000001b00037a,6,4,222,0.018018018018018018
69e429b4000000001b00037a,7,8,222,0.036036036036036036
69e429b4000000001b00037a,9,2,222,0.009009009009009009
69e429b4000000001b00037a,11,35,222,0.15765765765765766
69e429b4000000001b00037a,12,7,222,0.03153153153153153
69e429b4000000001b00037a,14,4,222,0.018018018018018018
69e429b4000000001b00037a,15,6,222,0.02702702702702703
69e429b4000000001b00037a,16,6,222,0.02702702702702703
69e429b4000000001b00037a,18,1,222,0.0045045045045045045
69e429b4000000001b00037a,20,7,222,0.03153153153153153
69e429b4000000001b00037a,21,1,222,0.0045045045045045045
69e429b4000000001b00037a,23,2,222,0.009009009009009009
69e429b4000000001b00037a,28,2,222,0.009009009009009009
69e429b4000000001b00037a,31,1,222,0.0045045045045045045
69e429b4000000001b00037a,35,1,222,0.0045045045045045045
69e429b4000000001b00037a,36,3,222,0.013513513513513514
69e429b4000000001b00037a,38,1,222,0.0045045045045045045
69e429b4000000001b00037a,44,1,222,0.0045045045045045045
69e429b4000000001b00037a,46,2,222,0.009009009009009009
69e429b4000000001b00037a,50,1,222,0.0045045045045045045
69e429b4000000001b00037a,51,1,222,0.0045045045045045045
69e429b4000000001b00037a,52,1,222,0.0045045045045045045
69e429b4000000001b00037a,53,8,222,0.036036036036036036
69e429b4000000001b00037a,56,1,222,0.0045045045045045045
69e429b4000000001b00037a,59,2,222,0.009009009009009009
69e429b4000000001b00037a,60,3,222,0.013513513513513514
69e429b4000000001b00037a,65,1,222,0.0045045045045045045
69e429b4000000001b00037a,66,1,222,0.0045045045045045045
69e429b4000000001b00037a,71,1,222,0.0045045045045045045
69e429b4000000001b00037a,74,1,222,0.0045045045045045045
69e429b4000000001b00037a,82,6,222,0.02702702702702703
69e429b4000000001b00037a,83,1,222,0.0045045045045045045
69e429b4000000001b00037a,85,3,222,0.013513513513513514
69e429b4000000001b00037a,99,1,222,0.0045045045045045045
69e429b4000000001b00037a,100,7,222,0.03153153153153153
69e429b4000000001b00037a,101,1,222,0.0045045045045045045
69e429b4000000001b00037a,103,1,222,0.0045045045045045045
69e429b4000000001b00037a,105,1,222,0.0045045045045045045
69e429b4000000001b00037a,108,10,222,0.04504504504504504
69e429b4000000001b00037a,109,1,222,0.0045045045045045045
69e429b4000000001b00037a,110,3,222,0.013513513513513514
69e429b4000000001b00037a,111,1,222,0.0045045045045045045
69e429b4000000001b00037a,121,1,222,0.0045045045045045045
69e429b4000000001b00037a,125,2,222,0.009009009009009009
69e429b4000000001b00037a,126,13,222,0.05855855855855856
69e429b4000000001b00037a,127,1,222,0.0045045045045045045
69e429b4000000001b00037a,139,2,222,0.009009009009009009
69e42cc100000000220001ad,1,10,618,0.016181229773462782
69e42cc100000000220001ad,2,23,618,0.0372168284789644
69e42cc100000000220001ad,3,16,618,0.025889967637540454
69e42cc100000000220001ad,4,49,618,0.07928802588996764
69e42cc100000000220001ad,5,6,618,0.009708737864077669
69e42cc100000000220001ad,6,4,618,0.006472491909385114
69e42cc100000000220001ad,7,10,618,0.016181229773462782
69e42cc100000000220001ad,9,9,618,0.014563106796116505
69e42cc100000000220001ad,10,12,618,0.019417475728155338
69e42cc100000000220001ad,11,4,618,0.006472491909385114
69e42cc100000000220001ad,12,7,618,0.011326860841423949
69e42cc100000000220001ad,13,2,618,0.003236245954692557
69e42cc100000000220001ad,14,15,618,0.024271844660194174
69e42cc100000000220001ad,15,7,618,0.011326860841423949
69e42cc100000000220001ad,16,3,618,0.0048543689320388345
69e42cc100000000220001ad,17,52,618,0.08414239482200647
69e42cc100000000220001ad,18,8,618,0.012944983818770227
69e42cc100000000220001ad,20,51,618,0.0825242718446602
69e42cc100000000220001ad,22,43,618,0.06957928802588997
69e42cc100000000220001ad,23,6,618,0.009708737864077669
69e42cc100000000220001ad,25,60,618,0.0970873786407767
69e42cc100000000220001ad,26,1,618,0.0016181229773462784
69e42cc100000000220001ad,28,2,618,0.003236245954692557
69e42cc100000000220001ad,29,6,618,0.009708737864077669
69e42cc100000000220001ad,32,3,618,0.0048543689320388345
69e42cc100000000220001ad,34,1,618,0.0016181229773462784
69e42cc100000000220001ad,37,1,618,0.0016181229773462784
69e42cc100000000220001ad,45,1,618,0.0016181229773462784
69e42cc100000000220001ad,46,1,618,0.0016181229773462784
69e42cc100000000220001ad,48,1,618,0.0016181229773462784
69e42cc100000000220001ad,49,2,618,0.003236245954692557
69e42cc100000000220001ad,50,1,618,0.0016181229773462784
69e42cc100000000220001ad,51,1,618,0.0016181229773462784
69e42cc100000000220001ad,52,1,618,0.0016181229773462784
69e42cc100000000220001ad,54,1,618,0.0016181229773462784
69e42cc100000000220001ad,55,1,618,0.0016181229773462784
69e42cc100000000220001ad,56,6,618,0.009708737864077669
69e42cc100000000220001ad,57,3,618,0.0048543689320388345
69e42cc100000000220001ad,60,4,618,0.006472491909385114
69e42cc100000000220001ad,65,1,618,0.0016181229773462784
69e42cc100000000220001ad,66,1,618,0.0016181229773462784
69e42cc100000000220001ad,68,9,618,0.014563106796116505
69e42cc100000000220001ad,69,15,618,0.024271844660194174
69e42cc100000000220001ad,72,1,618,0.0016181229773462784
69e42cc100000000220001ad,77,29,618,0.04692556634304207
69e42cc100000000220001ad,83,4,618,0.006472491909385114
69e42cc100000000220001ad,86,41,618,0.06634304207119741
69e42cc100000000220001ad,91,2,618,0.003236245954692557
69e42cc100000000220001ad,92,1,618,0.0016181229773462784
69e42cc100000000220001ad,93,2,618,0.003236245954692557
69e42cc100000000220001ad,94,26,618,0.042071197411003236
69e42cc100000000220001ad,97,1,618,0.0016181229773462784
69e42cc100000000220001ad,98,1,618,0.0016181229773462784
69e42cc100000000220001ad,100,2,618,0.003236245954692557
69e42cc100000000220001ad,105,1,618,0.0016181229773462784
69e42cc100000000220001ad,107,2,618,0.003236245954692557
69e42cc100000000220001ad,108,1,618,0.0016181229773462784
69e42cc100000000220001ad,110,3,618,0.0048543689320388345
69e42cc100000000220001ad,111,1,618,0.0016181229773462784
69e42cc100000000220001ad,115,1,618,0.0016181229773462784
69e42cc100000000220001ad,118,1,618,0.0016181229773462784
69e42cc100000000220001ad,119,2,618,0.003236245954692557
69e42cc100000000220001ad,122,25,618,0.040453074433656956
69e42cc100000000220001ad,123,1,618,0.0016181229773462784
69e42cc100000000220001ad,125,1,618,0.0016181229773462784
69e42cc100000000220001ad,126,2,618,0.003236245954692557
69e42cc100000000220001ad,127,1,618,0.0016181229773462784
69e42cc100000000220001ad,128,1,618,0.0016181229773462784
69e42cc100000000220001ad,130,1,618,0.0016181229773462784
69e42cc100000000220001ad,133,1,618,0.0016181229773462784
69e42cc100000000220001ad,135,1,618,0.0016181229773462784
69e42cc100000000220001ad,137,1,618,0.0016181229773462784
69e42cc100000000220001ad,139,1,618,0.0016181229773462784
69e43a5a000000001d01dcc7,0,9,39,0.23076923076923078
69e43a5a000000001d01dcc7,1,1,39,0.02564102564102564
69e43a5a000000001d01dcc7,4,1,39,0.02564102564102564
69e43a5a000000001d01dcc7,5,3,39,0.07692307692307693
69e43a5a000000001d01dcc7,6,1,39,0.02564102564102564
69e43a5a000000001d01dcc7,7,2,39,0.05128205128205128
69e43a5a000000001d01dcc7,11,2,39,0.05128205128205128
69e43a5a000000001d01dcc7,12,2,39,0.05128205128205128
69e43a5a000000001d01dcc7,14,1,39,0.02564102564102564
69e43a5a000000001d01dcc7,17,1,39,0.02564102564102564
69e43a5a000000001d01dcc7,20,2,39,0.05128205128205128
69e43a5a000000001d01dcc7,28,1,39,0.02564102564102564
69e43a5a000000001d01dcc7,31,1,39,0.02564102564102564
69e43a5a000000001d01dcc7,32,1,39,0.02564102564102564
69e43a5a000000001d01dcc7,36,1,39,0.02564102564102564
69e43a5a000000001d01dcc7,46,1,39,0.02564102564102564
69e43a5a000000001d01dcc7,68,1,39,0.02564102564102564
69e43a5a000000001d01dcc7,74,1,39,0.02564102564102564
69e43a5a000000001d01dcc7,75,1,39,0.02564102564102564
69e43a5a000000001d01dcc7,101,2,39,0.05128205128205128
69e43a5a000000001d01dcc7,102,1,39,0.02564102564102564
69e43a5a000000001d01dcc7,109,1,39,0.02564102564102564
69e43a5a000000001d01dcc7,127,1,39,0.02564102564102564
69e43a5a000000001d01dcc7,133,1,39,0.02564102564102564
69e43b14000000001a02e095,0,21,449,0.0467706013363029
69e43b14000000001a02e095,1,2,449,0.004454342984409799
69e43b14000000001a02e095,2,1,449,0.0022271714922048997
69e43b14000000001a02e095,3,11,449,0.024498886414253896
69e43b14000000001a02e095,4,1,449,0.0022271714922048997
69e43b14000000001a02e095,5,4,449,0.008908685968819599
69e43b14000000001a02e095,6,3,449,0.0066815144766146995
69e43b14000000001a02e095,7,2,449,0.004454342984409799
69e43b14000000001a02e095,8,7,449,0.015590200445434299
69e43b14000000001a02e095,9,8,449,0.017817371937639197
69e43b14000000001a02e095,10,1,449,0.0022271714922048997
69e43b14000000001a02e095,11,9,449,0.0200445434298441
69e43b14000000001a02e095,12,6,449,0.013363028953229399
69e43b14000000001a02e095,13,1,449,0.0022271714922048997
69e43b14000000001a02e095,14,4,449,0.008908685968819599
69e43b14000000001a02e095,15,4,449,0.008908685968819599
69e43b14000000001a02e095,16,1,449,0.0022271714922048997
69e43b14000000001a02e095,17,5,449,0.011135857461024499
69e43b14000000001a02e095,18,2,449,0.004454342984409799
69e43b14000000001a02e095,20,4,449,0.008908685968819599
69e43b14000000001a02e095,21,1,449,0.0022271714922048997
69e43b14000000001a02e095,22,21,449,0.0467706013363029
69e43b14000000001a02e095,23,6,449,0.013363028953229399
69e43b14000000001a02e095,24,2,449,0.004454342984409799
69e43b14000000001a02e095,25,6,449,0.013363028953229399
69e43b14000000001a02e095,26,1,449,0.0022271714922048997
69e43b14000000001a02e095,29,2,449,0.004454342984409799
69e43b14000000001a02e095,31,1,449,0.0022271714922048997
69e43b14000000001a02e095,32,1,449,0.0022271714922048997
69e43b14000000001a02e095,33,3,449,0.0066815144766146995
69e43b14000000001a02e095,34,33,449,0.07349665924276169
69e43b14000000001a02e095,35,1,449,0.0022271714922048997
69e43b14000000001a02e095,36,2,449,0.004454342984409799
69e43b14000000001a02e095,37,15,449,0.0334075723830735
69e43b14000000001a02e095,38,14,449,0.031180400890868598
69e43b14000000001a02e095,40,13,449,0.028953229398663696
69e43b14000000001a02e095,41,14,449,0.031180400890868598
69e43b14000000001a02e095,42,24,449,0.053452115812917596
69e43b14000000001a02e095,44,8,449,0.017817371937639197
69e43b14000000001a02e095,45,16,449,0.035634743875278395
69e43b14000000001a02e095,50,1,449,0.0022271714922048997
69e43b14000000001a02e095,54,37,449,0.08240534521158129
69e43b14000000001a02e095,58,12,449,0.026726057906458798
69e43b14000000001a02e095,59,1,449,0.0022271714922048997
69e43b14000000001a02e095,60,3,449,0.0066815144766146995
69e43b14000000001a02e095,63,1,449,0.0022271714922048997
69e43b14000000001a02e095,68,5,449,0.011135857461024499
69e43b14000000001a02e095,69,6,449,0.013363028953229399
69e43b14000000001a02e095,71,1,449,0.0022271714922048997
69e43b14000000001a02e095,73,1,449,0.0022271714922048997
69e43b14000000001a02e095,75,1,449,0.0022271714922048997
69e43b14000000001a02e095,77,6,449,0.013363028953229399
69e43b14000000001a02e095,78,1,449,0.0022271714922048997
69e43b14000000001a02e095,79,22,449,0.04899777282850779
69e43b14000000001a02e095,81,2,449,0.004454342984409799
69e43b14000000001a02e095,83,1,449,0.0022271714922048997
69e43b14000000001a02e095,86,1,449,0.0022271714922048997
69e43b14000000001a02e095,89,1,449,0.0022271714922048997
69e43b14000000001a02e095,91,4,449,0.008908685968819599
69e43b14000000001a02e095,92,2,449,0.004454342984409799
69e43b14000000001a02e095,93,5,449,0.011135857461024499
69e43b14000000001a02e095,94,1,449,0.0022271714922048997
69e43b14000000001a02e095,97,2,449,0.004454342984409799
69e43b14000000001a02e095,100,6,449,0.013363028953229399
69e43b14000000001a02e095,101,1,449,0.0022271714922048997
69e43b14000000001a02e095,103,1,449,0.0022271714922048997
69e43b14000000001a02e095,110,2,449,0.004454342984409799
69e43b14000000001a02e095,111,3,449,0.0066815144766146995
69e43b14000000001a02e095,114,1,449,0.0022271714922048997
69e43b14000000001a02e095,118,1,449,0.0022271714922048997
69e43b14000000001a02e095,119,2,449,0.004454342984409799
69e43b14000000001a02e095,125,2,449,0.004454342984409799
69e43b14000000001a02e095,127,1,449,0.0022271714922048997
69e43b14000000001a02e095,130,2,449,0.004454342984409799
69e43b14000000001a02e095,132,10,449,0.022271714922048998
69e43b14000000001a02e095,133,1,449,0.0022271714922048997
69e43b14000000001a02e095,139,18,449,0.0400890868596882
69e4412a000000002103883f,0,24,177,0.13559322033898305
69e4412a000000002103883f,1,6,177,0.03389830508474576
69e4412a000000002103883f,2,3,177,0.01694915254237288
69e4412a000000002103883f,3,5,177,0.02824858757062147
69e4412a000000002103883f,4,4,177,0.022598870056497175
69e4412a000000002103883f,5,1,177,0.005649717514124294
69e4412a000000002103883f,6,1,177,0.005649717514124294
69e4412a000000002103883f,7,10,177,0.05649717514124294
69e4412a000000002103883f,8,1,177,0.005649717514124294
69e4412a000000002103883f,9,2,177,0.011299435028248588
69e4412a000000002103883f,11,5,177,0.02824858757062147
69e4412a000000002103883f,12,4,177,0.022598870056497175
69e4412a000000002103883f,13,2,177,0.011299435028248588
69e4412a000000002103883f,14,6,177,0.03389830508474576
69e4412a000000002103883f,15,3,177,0.01694915254237288
69e4412a000000002103883f,16,2,177,0.011299435028248588
69e4412a000000002103883f,17,4,177,0.022598870056497175
69e4412a000000002103883f,18,2,177,0.011299435028248588
69e4412a000000002103883f,19,1,177,0.005649717514124294
69e4412a000000002103883f,20,4,177,0.022598870056497175
69e4412a000000002103883f,23,2,177,0.011299435028248588
69e4412a000000002103883f,24,1,177,0.005649717514124294
69e4412a000000002103883f,26,4,177,0.022598870056497175
69e4412a000000002103883f,28,1,177,0.005649717514124294
69e4412a000000002103883f,30,2,177,0.011299435028248588
69e4412a000000002103883f,31,1,177,0.005649717514124294
69e4412a000000002103883f,32,2,177,0.011299435028248588
69e4412a000000002103883f,33,2,177,0.011299435028248588
69e4412a000000002103883f,37,3,177,0.01694915254237288
69e4412a000000002103883f,39,1,177,0.005649717514124294
69e4412a000000002103883f,40,2,177,0.011299435028248588
69e4412a000000002103883f,41,1,177,0.005649717514124294
69e4412a000000002103883f,43,1,177,0.005649717514124294
69e4412a000000002103883f,45,4,177,0.022598870056497175
69e4412a000000002103883f,46,1,177,0.005649717514124294
69e4412a000000002103883f,50,1,177,0.005649717514124294
69e4412a000000002103883f,51,2,177,0.011299435028248588
69e4412a000000002103883f,52,1,177,0.005649717514124294
69e4412a000000002103883f,53,4,177,0.022598870056497175
69e4412a000000002103883f,58,1,177,0.005649717514124294
69e4412a000000002103883f,59,1,177,0.005649717514124294
69e4412a000000002103883f,60,2,177,0.011299435028248588
69e4412a000000002103883f,68,1,177,0.005649717514124294
69e4412a000000002103883f,70,13,177,0.07344632768361582
69e4412a000000002103883f,73,1,177,0.005649717514124294
69e4412a000000002103883f,80,1,177,0.005649717514124294
69e4412a000000002103883f,83,1,177,0.005649717514124294
69e4412a000000002103883f,86,1,177,0.005649717514124294
69e4412a000000002103883f,89,1,177,0.005649717514124294
69e4412a000000002103883f,92,6,177,0.03389830508474576
69e4412a000000002103883f,97,1,177,0.005649717514124294
69e4412a000000002103883f,100,1,177,0.005649717514124294
69e4412a000000002103883f,101,3,177,0.01694915254237288
69e4412a000000002103883f,104,1,177,0.005649717514124294
69e4412a000000002103883f,108,1,177,0.005649717514124294
69e4412a000000002103883f,110,3,177,0.01694915254237288
69e4412a000000002103883f,117,7,177,0.03954802259887006
69e4412a000000002103883f,120,1,177,0.005649717514124294
69e4412a000000002103883f,135,1,177,0.005649717514124294
69e4412a000000002103883f,136,3,177,0.01694915254237288
69e44171000000001a026b25,0,11,167,0.0658682634730539
69e44171000000001a026b25,3,14,167,0.08383233532934131
69e44171000000001a026b25,4,34,167,0.20359281437125748
69e44171000000001a026b25,5,4,167,0.023952095808383235
69e44171000000001a026b25,6,2,167,0.011976047904191617
69e44171000000001a026b25,7,1,167,0.005988023952095809
69e44171000000001a026b25,9,1,167,0.005988023952095809
69e44171000000001a026b25,11,2,167,0.011976047904191617
69e44171000000001a026b25,12,7,167,0.041916167664670656
69e44171000000001a026b25,13,1,167,0.005988023952095809
69e44171000000001a026b25,14,2,167,0.011976047904191617
69e44171000000001a026b25,15,3,167,0.017964071856287425
69e44171000000001a026b25,16,1,167,0.005988023952095809
69e44171000000001a026b25,18,1,167,0.005988023952095809
69e44171000000001a026b25,20,1,167,0.005988023952095809
69e44171000000001a026b25,23,2,167,0.011976047904191617
69e44171000000001a026b25,24,1,167,0.005988023952095809
69e44171000000001a026b25,25,1,167,0.005988023952095809
69e44171000000001a026b25,29,1,167,0.005988023952095809
69e44171000000001a026b25,31,13,167,0.07784431137724551
69e44171000000001a026b25,33,2,167,0.011976047904191617
69e44171000000001a026b25,36,1,167,0.005988023952095809
69e44171000000001a026b25,38,3,167,0.017964071856287425
69e44171000000001a026b25,46,1,167,0.005988023952095809
69e44171000000001a026b25,50,1,167,0.005988023952095809
69e44171000000001a026b25,51,1,167,0.005988023952095809
69e44171000000001a026b25,53,6,167,0.03592814371257485
69e44171000000001a026b25,56,2,167,0.011976047904191617
69e44171000000001a026b25,60,1,167,0.005988023952095809
69e44171000000001a026b25,66,1,167,0.005988023952095809
69e44171000000001a026b25,69,1,167,0.005988023952095809
69e44171000000001a026b25,74,2,167,0.011976047904191617
69e44171000000001a026b25,75,1,167,0.005988023952095809
69e44171000000001a026b25,82,2,167,0.011976047904191617
69e44171000000001a026b25,83,1,167,0.005988023952095809
69e44171000000001a026b25,84,1,167,0.005988023952095809
69e44171000000001a026b25,89,1,167,0.005988023952095809
69e44171000000001a026b25,91,9,167,0.05389221556886228
69e44171000000001a026b25,93,1,167,0.005988023952095809
69e44171000000001a026b25,98,1,167,0.005988023952095809
69e44171000000001a026b25,100,2,167,0.011976047904191617
69e44171000000001a026b25,103,1,167,0.005988023952095809
69e44171000000001a026b25,105,1,167,0.005988023952095809
69e44171000000001a026b25,108,3,167,0.017964071856287425
69e44171000000001a026b25,109,4,167,0.023952095808383235
69e44171000000001a026b25,125,10,167,0.059880239520958084
69e44171000000001a026b25,132,1,167,0.005988023952095809
69e44171000000001a026b25,133,1,167,0.005988023952095809
69e44171000000001a026b25,134,2,167,0.011976047904191617
69e4426b000000001d01c7ed,0,21,708,0.029661016949152543
69e4426b000000001d01c7ed,1,3,708,0.00423728813559322
69e4426b000000001d01c7ed,2,40,708,0.05649717514124294
69e4426b000000001d01c7ed,3,36,708,0.05084745762711865
69e4426b000000001d01c7ed,4,11,708,0.015536723163841809
69e4426b000000001d01c7ed,5,54,708,0.07627118644067797
69e4426b000000001d01c7ed,6,2,708,0.002824858757062147
69e4426b000000001d01c7ed,7,8,708,0.011299435028248588
69e4426b000000001d01c7ed,9,4,708,0.005649717514124294
69e4426b000000001d01c7ed,10,6,708,0.00847457627118644
69e4426b000000001d01c7ed,11,8,708,0.011299435028248588
69e4426b000000001d01c7ed,12,13,708,0.018361581920903956
69e4426b000000001d01c7ed,13,5,708,0.007062146892655367
69e4426b000000001d01c7ed,14,7,708,0.009887005649717515
69e4426b000000001d01c7ed,15,10,708,0.014124293785310734
69e4426b000000001d01c7ed,16,3,708,0.00423728813559322
69e4426b000000001d01c7ed,17,70,708,0.09887005649717515
69e4426b000000001d01c7ed,18,3,708,0.00423728813559322
69e4426b000000001d01c7ed,20,23,708,0.03248587570621469
69e4426b000000001d01c7ed,21,2,708,0.002824858757062147
69e4426b000000001d01c7ed,22,35,708,0.04943502824858757
69e4426b000000001d01c7ed,23,4,708,0.005649717514124294
69e4426b000000001d01c7ed,24,3,708,0.00423728813559322
69e4426b000000001d01c7ed,25,12,708,0.01694915254237288
69e4426b000000001d01c7ed,27,1,708,0.0014124293785310734
69e4426b000000001d01c7ed,28,2,708,0.002824858757062147
69e4426b000000001d01c7ed,29,6,708,0.00847457627118644
69e4426b000000001d01c7ed,30,1,708,0.0014124293785310734
69e4426b000000001d01c7ed,31,35,708,0.04943502824858757
69e4426b000000001d01c7ed,32,2,708,0.002824858757062147
69e4426b000000001d01c7ed,33,1,708,0.0014124293785310734
69e4426b000000001d01c7ed,36,5,708,0.007062146892655367
69e4426b000000001d01c7ed,37,1,708,0.0014124293785310734
69e4426b000000001d01c7ed,38,3,708,0.00423728813559322
69e4426b000000001d01c7ed,39,1,708,0.0014124293785310734
69e4426b000000001d01c7ed,42,1,708,0.0014124293785310734
69e4426b000000001d01c7ed,43,1,708,0.0014124293785310734
69e4426b000000001d01c7ed,45,1,708,0.0014124293785310734
69e4426b000000001d01c7ed,46,10,708,0.014124293785310734
69e4426b000000001d01c7ed,47,2,708,0.002824858757062147
69e4426b000000001d01c7ed,48,2,708,0.002824858757062147
69e4426b000000001d01c7ed,49,4,708,0.005649717514124294
69e4426b000000001d01c7ed,50,10,708,0.014124293785310734
69e4426b000000001d01c7ed,51,2,708,0.002824858757062147
69e4426b000000001d01c7ed,52,14,708,0.01977401129943503
69e4426b000000001d01c7ed,54,1,708,0.0014124293785310734
69e4426b000000001d01c7ed,55,2,708,0.002824858757062147
69e4426b000000001d01c7ed,56,11,708,0.015536723163841809
69e4426b000000001d01c7ed,57,6,708,0.00847457627118644
69e4426b000000001d01c7ed,59,4,708,0.005649717514124294
69e4426b000000001d01c7ed,60,2,708,0.002824858757062147
69e4426b000000001d01c7ed,63,1,708,0.0014124293785310734
69e4426b000000001d01c7ed,66,1,708,0.0014124293785310734
69e4426b000000001d01c7ed,68,16,708,0.022598870056497175
69e4426b000000001d01c7ed,69,20,708,0.02824858757062147
69e4426b000000001d01c7ed,71,1,708,0.0014124293785310734
69e4426b000000001d01c7ed,72,1,708,0.0014124293785310734
69e4426b000000001d01c7ed,73,1,708,0.0014124293785310734
69e4426b000000001d01c7ed,74,2,708,0.002824858757062147
69e4426b000000001d01c7ed,75,54,708,0.07627118644067797
69e4426b000000001d01c7ed,76,6,708,0.00847457627118644
69e4426b000000001d01c7ed,77,3,708,0.00423728813559322
69e4426b000000001d01c7ed,78,1,708,0.0014124293785310734
69e4426b000000001d01c7ed,79,1,708,0.0014124293785310734
69e4426b000000001d01c7ed,83,1,708,0.0014124293785310734
69e4426b000000001d01c7ed,85,2,708,0.002824858757062147
69e4426b000000001d01c7ed,86,4,708,0.005649717514124294
69e4426b000000001d01c7ed,87,1,708,0.0014124293785310734
69e4426b000000001d01c7ed,89,1,708,0.0014124293785310734
69e4426b000000001d01c7ed,91,4,708,0.005649717514124294
69e4426b000000001d01c7ed,93,1,708,0.0014124293785310734
69e4426b000000001d01c7ed,94,6,708,0.00847457627118644
69e4426b000000001d01c7ed,95,1,708,0.0014124293785310734
69e4426b000000001d01c7ed,97,2,708,0.002824858757062147
69e4426b000000001d01c7ed,98,1,708,0.0014124293785310734
69e4426b000000001d01c7ed,99,2,708,0.002824858757062147
69e4426b000000001d01c7ed,102,2,708,0.002824858757062147
69e4426b000000001d01c7ed,103,1,708,0.0014124293785310734
69e4426b000000001d01c7ed,107,1,708,0.0014124293785310734
69e4426b000000001d01c7ed,109,3,708,0.00423728813559322
69e4426b000000001d01c7ed,110,2,708,0.002824858757062147
69e4426b000000001d01c7ed,112,1,708,0.0014124293785310734
69e4426b000000001d01c7ed,113,2,708,0.002824858757062147
69e4426b000000001d01c7ed,117,1,708,0.0014124293785310734
69e4426b000000001d01c7ed,119,1,708,0.0014124293785310734
69e4426b000000001d01c7ed,121,1,708,0.0014124293785310734
69e4426b000000001d01c7ed,122,2,708,0.002824858757062147
69e4426b000000001d01c7ed,123,2,708,0.002824858757062147
69e4426b000000001d01c7ed,124,1,708,0.0014124293785310734
69e4426b000000001d01c7ed,125,3,708,0.00423728813559322
69e4426b000000001d01c7ed,127,7,708,0.009887005649717515
69e4426b000000001d01c7ed,128,2,708,0.002824858757062147
69e4426b000000001d01c7ed,131,1,708,0.0014124293785310734
69e4426b000000001d01c7ed,133,2,708,0.002824858757062147
69e4426b000000001d01c7ed,134,23,708,0.03248587570621469
69e4426b000000001d01c7ed,137,1,708,0.0014124293785310734
69e4426b000000001d01c7ed,139,1,708,0.0014124293785310734
69e44278000000001a0217bb,0,4,96,0.041666666666666664
69e44278000000001a0217bb,1,10,96,0.10416666666666667
69e44278000000001a0217bb,2,2,96,0.020833333333333332
69e44278000000001a0217bb,3,6,96,0.0625
69e44278000000001a0217bb,4,2,96,0.020833333333333332
69e44278000000001a0217bb,5,4,96,0.041666666666666664
69e44278000000001a0217bb,6,1,96,0.010416666666666666
69e44278000000001a0217bb,7,2,96,0.020833333333333332
69e44278000000001a0217bb,9,6,96,0.0625
69e44278000000001a0217bb,11,6,96,0.0625
69e44278000000001a0217bb,13,3,96,0.03125
69e44278000000001a0217bb,14,2,96,0.020833333333333332
69e44278000000001a0217bb,15,2,96,0.020833333333333332
69e44278000000001a0217bb,16,3,96,0.03125
69e44278000000001a0217bb,17,3,96,0.03125
69e44278000000001a0217bb,19,1,96,0.010416666666666666
69e44278000000001a0217bb,26,1,96,0.010416666666666666
69e44278000000001a0217bb,29,1,96,0.010416666666666666
69e44278000000001a0217bb,30,3,96,0.03125
69e44278000000001a0217bb,32,2,96,0.020833333333333332
69e44278000000001a0217bb,33,4,96,0.041666666666666664
69e44278000000001a0217bb,38,1,96,0.010416666666666666
69e44278000000001a0217bb,43,4,96,0.041666666666666664
69e44278000000001a0217bb,45,1,96,0.010416666666666666
69e44278000000001a0217bb,50,1,96,0.010416666666666666
69e44278000000001a0217bb,51,7,96,0.07291666666666667
69e44278000000001a0217bb,56,2,96,0.020833333333333332
69e44278000000001a0217bb,59,2,96,0.020833333333333332
69e44278000000001a0217bb,60,1,96,0.010416666666666666
69e44278000000001a0217bb,61,2,96,0.020833333333333332
69e44278000000001a0217bb,66,1,96,0.010416666666666666
69e44278000000001a0217bb,73,1,96,0.010416666666666666
69e44278000000001a0217bb,86,1,96,0.010416666666666666
69e44278000000001a0217bb,93,1,96,0.010416666666666666
69e44278000000001a0217bb,97,1,96,0.010416666666666666
69e44278000000001a0217bb,129,1,96,0.010416666666666666
69e44278000000001a0217bb,136,1,96,0.010416666666666666
69e447d2000000001d01aa01,0,28,552,0.050724637681159424
69e447d2000000001d01aa01,1,8,552,0.014492753623188406
69e447d2000000001d01aa01,2,3,552,0.005434782608695652
69e447d2000000001d01aa01,3,7,552,0.012681159420289856
69e447d2000000001d01aa01,4,3,552,0.005434782608695652
69e447d2000000001d01aa01,5,9,552,0.016304347826086956
69e447d2000000001d01aa01,6,243,552,0.44021739130434784
69e447d2000000001d01aa01,7,5,552,0.009057971014492754
69e447d2000000001d01aa01,9,7,552,0.012681159420289856
69e447d2000000001d01aa01,10,2,552,0.0036231884057971015
69e447d2000000001d01aa01,11,2,552,0.0036231884057971015
69e447d2000000001d01aa01,12,16,552,0.028985507246376812
69e447d2000000001d01aa01,13,1,552,0.0018115942028985507
69e447d2000000001d01aa01,14,7,552,0.012681159420289856
69e447d2000000001d01aa01,15,17,552,0.030797101449275364
69e447d2000000001d01aa01,16,3,552,0.005434782608695652
69e447d2000000001d01aa01,19,1,552,0.0018115942028985507
69e447d2000000001d01aa01,22,1,552,0.0018115942028985507
69e447d2000000001d01aa01,23,2,552,0.0036231884057971015
69e447d2000000001d01aa01,24,1,552,0.0018115942028985507
69e447d2000000001d01aa01,26,10,552,0.018115942028985508
69e447d2000000001d01aa01,27,3,552,0.005434782608695652
69e447d2000000001d01aa01,28,1,552,0.0018115942028985507
69e447d2000000001d01aa01,29,1,552,0.0018115942028985507
69e447d2000000001d01aa01,31,1,552,0.0018115942028985507
69e447d2000000001d01aa01,32,1,552,0.0018115942028985507
69e447d2000000001d01aa01,33,1,552,0.0018115942028985507
69e447d2000000001d01aa01,34,1,552,0.0018115942028985507
69e447d2000000001d01aa01,35,2,552,0.0036231884057971015
69e447d2000000001d01aa01,41,1,552,0.0018115942028985507
69e447d2000000001d01aa01,43,2,552,0.0036231884057971015
69e447d2000000001d01aa01,44,1,552,0.0018115942028985507
69e447d2000000001d01aa01,47,1,552,0.0018115942028985507
69e447d2000000001d01aa01,50,6,552,0.010869565217391304
69e447d2000000001d01aa01,51,3,552,0.005434782608695652
69e447d2000000001d01aa01,52,3,552,0.005434782608695652
69e447d2000000001d01aa01,57,1,552,0.0018115942028985507
69e447d2000000001d01aa01,59,9,552,0.016304347826086956
69e447d2000000001d01aa01,66,3,552,0.005434782608695652
69e447d2000000001d01aa01,71,1,552,0.0018115942028985507
69e447d2000000001d01aa01,76,1,552,0.0018115942028985507
69e447d2000000001d01aa01,78,1,552,0.0018115942028985507
69e447d2000000001d01aa01,80,1,552,0.0018115942028985507
69e447d2000000001d01aa01,85,1,552,0.0018115942028985507
69e447d2000000001d01aa01,87,52,552,0.09420289855072464
69e447d2000000001d01aa01,89,1,552,0.0018115942028985507
69e447d2000000001d01aa01,93,1,552,0.0018115942028985507
69e447d2000000001d01aa01,95,3,552,0.005434782608695652
69e447d2000000001d01aa01,96,1,552,0.0018115942028985507
69e447d2000000001d01aa01,97,10,552,0.018115942028985508
69e447d2000000001d01aa01,98,2,552,0.0036231884057971015
69e447d2000000001d01aa01,101,1,552,0.0018115942028985507
69e447d2000000001d01aa01,105,5,552,0.009057971014492754
69e447d2000000001d01aa01,107,2,552,0.0036231884057971015
69e447d2000000001d01aa01,109,2,552,0.0036231884057971015
69e447d2000000001d01aa01,110,1,552,0.0018115942028985507
69e447d2000000001d01aa01,111,7,552,0.012681159420289856
69e447d2000000001d01aa01,113,1,552,0.0018115942028985507
69e447d2000000001d01aa01,114,7,552,0.012681159420289856
69e447d2000000001d01aa01,115,5,552,0.009057971014492754
69e447d2000000001d01aa01,124,22,552,0.03985507246376811
69e447d2000000001d01aa01,127,1,552,0.0018115942028985507
69e447d2000000001d01aa01,128,2,552,0.0036231884057971015
69e447d2000000001d01aa01,135,2,552,0.0036231884057971015
69e447d2000000001d01aa01,137,1,552,0.0018115942028985507
69e447d2000000001d01aa01,138,1,552,0.0018115942028985507
69e44f3a000000002301079c,5,1,2,0.5
69e44f3a000000002301079c,57,1,2,0.5
69e44fbf000000001e00cc6a,6,1,5,0.2
69e44fbf000000001e00cc6a,12,1,5,0.2
69e44fbf000000001e00cc6a,99,1,5,0.2
69e44fbf000000001e00cc6a,105,1,5,0.2
69e44fbf000000001e00cc6a,112,1,5,0.2
69e4551e000000001f005895,0,4,136,0.029411764705882353
69e4551e000000001f005895,1,3,136,0.022058823529411766
69e4551e000000001f005895,2,1,136,0.007352941176470588
69e4551e000000001f005895,3,2,136,0.014705882352941176
69e4551e000000001f005895,5,10,136,0.07352941176470588
69e4551e000000001f005895,6,3,136,0.022058823529411766
69e4551e000000001f005895,7,6,136,0.04411764705882353
69e4551e000000001f005895,9,2,136,0.014705882352941176
69e4551e000000001f005895,11,4,136,0.029411764705882353
69e4551e000000001f005895,12,8,136,0.058823529411764705
69e4551e000000001f005895,13,1,136,0.007352941176470588
69e4551e000000001f005895,14,4,136,0.029411764705882353
69e4551e000000001f005895,15,5,136,0.03676470588235294
69e4551e000000001f005895,16,11,136,0.08088235294117647
69e4551e000000001f005895,17,1,136,0.007352941176470588
69e4551e000000001f005895,22,1,136,0.007352941176470588
69e4551e000000001f005895,23,1,136,0.007352941176470588
69e4551e000000001f005895,25,1,136,0.007352941176470588
69e4551e000000001f005895,27,1,136,0.007352941176470588
69e4551e000000001f005895,28,1,136,0.007352941176470588
69e4551e000000001f005895,30,3,136,0.022058823529411766
69e4551e000000001f005895,32,11,136,0.08088235294117647
69e4551e000000001f005895,37,1,136,0.007352941176470588
69e4551e000000001f005895,38,1,136,0.007352941176470588
69e4551e000000001f005895,39,1,136,0.007352941176470588
69e4551e000000001f005895,43,2,136,0.014705882352941176
69e4551e000000001f005895,44,4,136,0.029411764705882353
69e4551e000000001f005895,49,1,136,0.007352941176470588
69e4551e000000001f005895,51,1,136,0.007352941176470588
69e4551e000000001f005895,52,1,136,0.007352941176470588
69e4551e000000001f005895,53,5,136,0.03676470588235294
69e4551e000000001f005895,56,8,136,0.058823529411764705
69e4551e000000001f005895,57,1,136,0.007352941176470588
69e4551e000000001f005895,61,4,136,0.029411764705882353
69e4551e000000001f005895,63,1,136,0.007352941176470588
69e4551e000000001f005895,66,1,136,0.007352941176470588
69e4551e000000001f005895,75,1,136,0.007352941176470588
69e4551e000000001f005895,80,3,136,0.022058823529411766
69e4551e000000001f005895,89,2,136,0.014705882352941176
69e4551e000000001f005895,99,1,136,0.007352941176470588
69e4551e000000001f005895,100,1,136,0.007352941176470588
69e4551e000000001f005895,101,1,136,0.007352941176470588
69e4551e000000001f005895,108,3,136,0.022058823529411766
69e4551e000000001f005895,117,4,136,0.029411764705882353
69e4551e000000001f005895,120,1,136,0.007352941176470588
69e4551e000000001f005895,122,1,136,0.007352941176470588
69e4551e000000001f005895,136,2,136,0.014705882352941176
69e45dbe000000001f00434f,0,20,231,0.08658008658008658
69e45dbe000000001f00434f,1,8,231,0.03463203463203463
69e45dbe000000001f00434f,2,10,231,0.04329004329004329
69e45dbe000000001f00434f,4,1,231,0.004329004329004329
69e45dbe000000001f00434f,6,2,231,0.008658008658008658
69e45dbe000000001f00434f,7,7,231,0.030303030303030304
69e45dbe000000001f00434f,9,4,231,0.017316017316017316
69e45dbe000000001f00434f,10,1,231,0.004329004329004329
69e45dbe000000001f00434f,11,6,231,0.025974025974025976
69e45dbe000000001f00434f,12,1,231,0.004329004329004329
69e45dbe000000001f00434f,13,5,231,0.021645021645021644
69e45dbe000000001f00434f,14,2,231,0.008658008658008658
69e45dbe000000001f00434f,16,1,231,0.004329004329004329
69e45dbe000000001f00434f,17,1,231,0.004329004329004329
69e45dbe000000001f00434f,18,2,231,0.008658008658008658
69e45dbe000000001f00434f,20,8,231,0.03463203463203463
69e45dbe000000001f00434f,21,1,231,0.004329004329004329
69e45dbe000000001f00434f,22,1,231,0.004329004329004329
69e45dbe000000001f00434f,23,3,231,0.012987012987012988
69e45dbe000000001f00434f,24,3,231,0.012987012987012988
69e45dbe000000001f00434f,26,3,231,0.012987012987012988
69e45dbe000000001f00434f,27,4,231,0.017316017316017316
69e45dbe000000001f00434f,28,2,231,0.008658008658008658
69e45dbe000000001f00434f,29,1,231,0.004329004329004329
69e45dbe000000001f00434f,30,20,231,0.08658008658008658
69e45dbe000000001f00434f,32,1,231,0.004329004329004329
69e45dbe000000001f00434f,33,1,231,0.004329004329004329
69e45dbe000000001f00434f,36,3,231,0.012987012987012988
69e45dbe000000001f00434f,37,1,231,0.004329004329004329
69e45dbe000000001f00434f,43,4,231,0.017316017316017316
69e45dbe000000001f00434f,46,1,231,0.004329004329004329
69e45dbe000000001f00434f,50,1,231,0.004329004329004329
69e45dbe000000001f00434f,51,2,231,0.008658008658008658
69e45dbe000000001f00434f,53,3,231,0.012987012987012988
69e45dbe000000001f00434f,59,3,231,0.012987012987012988
69e45dbe000000001f00434f,64,2,231,0.008658008658008658
69e45dbe000000001f00434f,66,1,231,0.004329004329004329
69e45dbe000000001f00434f,70,5,231,0.021645021645021644
69e45dbe000000001f00434f,76,1,231,0.004329004329004329
69e45dbe000000001f00434f,80,1,231,0.004329004329004329
69e45dbe000000001f00434f,82,6,231,0.025974025974025976
69e45dbe000000001f00434f,83,4,231,0.017316017316017316
69e45dbe000000001f00434f,88,52,231,0.22510822510822512
69e45dbe000000001f00434f,90,1,231,0.004329004329004329
69e45dbe000000001f00434f,92,2,231,0.008658008658008658
69e45dbe000000001f00434f,100,2,231,0.008658008658008658
69e45dbe000000001f00434f,101,2,231,0.008658008658008658
69e45dbe000000001f00434f,108,1,231,0.004329004329004329
69e45dbe000000001f00434f,109,1,231,0.004329004329004329
69e45dbe000000001f00434f,110,1,231,0.004329004329004329
69e45dbe000000001f00434f,111,1,231,0.004329004329004329
69e45dbe000000001f00434f,116,3,231,0.012987012987012988
69e45dbe000000001f00434f,117,1,231,0.004329004329004329
69e45dbe000000001f00434f,128,1,231,0.004329004329004329
69e45dbe000000001f00434f,129,1,231,0.004329004329004329
69e45dbe000000001f00434f,133,1,231,0.004329004329004329
69e45dbe000000001f00434f,135,1,231,0.004329004329004329
69e45dbe000000001f00434f,136,3,231,0.012987012987012988
69e46032000000001f002048,1,9,226,0.03982300884955752
69e46032000000001f002048,2,1,226,0.004424778761061947
69e46032000000001f002048,3,8,226,0.035398230088495575
69e46032000000001f002048,4,2,226,0.008849557522123894
69e46032000000001f002048,5,7,226,0.030973451327433628
69e46032000000001f002048,6,3,226,0.01327433628318584
69e46032000000001f002048,7,1,226,0.004424778761061947
69e46032000000001f002048,8,3,226,0.01327433628318584
69e46032000000001f002048,9,3,226,0.01327433628318584
69e46032000000001f002048,12,1,226,0.004424778761061947
69e46032000000001f002048,14,5,226,0.022123893805309734
69e46032000000001f002048,16,9,226,0.03982300884955752
69e46032000000001f002048,17,1,226,0.004424778761061947
69e46032000000001f002048,22,1,226,0.004424778761061947
69e46032000000001f002048,24,1,226,0.004424778761061947
69e46032000000001f002048,25,1,226,0.004424778761061947
69e46032000000001f002048,28,3,226,0.01327433628318584
69e46032000000001f002048,30,1,226,0.004424778761061947
69e46032000000001f002048,32,4,226,0.017699115044247787
69e46032000000001f002048,33,1,226,0.004424778761061947
69e46032000000001f002048,36,1,226,0.004424778761061947
69e46032000000001f002048,37,2,226,0.008849557522123894
69e46032000000001f002048,47,1,226,0.004424778761061947
69e46032000000001f002048,50,3,226,0.01327433628318584
69e46032000000001f002048,51,1,226,0.004424778761061947
69e46032000000001f002048,56,8,226,0.035398230088495575
69e46032000000001f002048,57,3,226,0.01327433628318584
69e46032000000001f002048,59,6,226,0.02654867256637168
69e46032000000001f002048,60,1,226,0.004424778761061947
69e46032000000001f002048,65,67,226,0.29646017699115046
69e46032000000001f002048,71,1,226,0.004424778761061947
69e46032000000001f002048,78,1,226,0.004424778761061947
69e46032000000001f002048,79,2,226,0.008849557522123894
69e46032000000001f002048,90,49,226,0.2168141592920354
69e46032000000001f002048,92,1,226,0.004424778761061947
69e46032000000001f002048,97,2,226,0.008849557522123894
69e46032000000001f002048,99,1,226,0.004424778761061947
69e46032000000001f002048,111,2,226,0.008849557522123894
69e46032000000001f002048,124,2,226,0.008849557522123894
69e46032000000001f002048,127,1,226,0.004424778761061947
69e46032000000001f002048,133,2,226,0.008849557522123894
69e46032000000001f002048,135,2,226,0.008849557522123894
69e46032000000001f002048,137,2,226,0.008849557522123894
69e463df000000001b003017,0,18,95,0.18947368421052632
69e463df000000001b003017,1,1,95,0.010526315789473684
69e463df000000001b003017,2,2,95,0.021052631578947368
69e463df000000001b003017,3,3,95,0.031578947368421054
69e463df000000001b003017,4,3,95,0.031578947368421054
69e463df000000001b003017,6,4,95,0.042105263157894736
69e463df000000001b003017,7,1,95,0.010526315789473684
69e463df000000001b003017,8,1,95,0.010526315789473684
69e463df000000001b003017,10,1,95,0.010526315789473684
69e463df000000001b003017,11,9,95,0.09473684210526316
69e463df000000001b003017,12,3,95,0.031578947368421054
69e463df000000001b003017,13,1,95,0.010526315789473684
69e463df000000001b003017,14,2,95,0.021052631578947368
69e463df000000001b003017,16,3,95,0.031578947368421054
69e463df000000001b003017,22,1,95,0.010526315789473684
69e463df000000001b003017,25,3,95,0.031578947368421054
69e463df000000001b003017,27,1,95,0.010526315789473684
69e463df000000001b003017,28,2,95,0.021052631578947368
69e463df000000001b003017,30,8,95,0.08421052631578947
69e463df000000001b003017,33,1,95,0.010526315789473684
69e463df000000001b003017,38,1,95,0.010526315789473684
69e463df000000001b003017,44,1,95,0.010526315789473684
69e463df000000001b003017,46,1,95,0.010526315789473684
69e463df000000001b003017,51,1,95,0.010526315789473684
69e463df000000001b003017,53,4,95,0.042105263157894736
69e463df000000001b003017,57,3,95,0.031578947368421054
69e463df000000001b003017,59,1,95,0.010526315789473684
69e463df000000001b003017,63,1,95,0.010526315789473684
69e463df000000001b003017,66,1,95,0.010526315789473684
69e463df000000001b003017,80,2,95,0.021052631578947368
69e463df000000001b003017,90,1,95,0.010526315789473684
69e463df000000001b003017,99,1,95,0.010526315789473684
69e463df000000001b003017,100,2,95,0.021052631578947368
69e463df000000001b003017,108,1,95,0.010526315789473684
69e463df000000001b003017,114,1,95,0.010526315789473684
69e463df000000001b003017,117,1,95,0.010526315789473684
69e463df000000001b003017,124,1,95,0.010526315789473684
69e463df000000001b003017,128,1,95,0.010526315789473684
69e463df000000001b003017,135,1,95,0.010526315789473684
69e463df000000001b003017,136,1,95,0.010526315789473684
69e46730000000001d0199c8,0,25,246,0.1016260162601626
69e46730000000001d0199c8,1,4,246,0.016260162601626018
69e46730000000001d0199c8,2,4,246,0.016260162601626018
69e46730000000001d0199c8,3,10,246,0.04065040650406504
69e46730000000001d0199c8,4,6,246,0.024390243902439025
69e46730000000001d0199c8,5,7,246,0.028455284552845527
69e46730000000001d0199c8,7,11,246,0.044715447154471545
69e46730000000001d0199c8,9,3,246,0.012195121951219513
69e46730000000001d0199c8,10,4,246,0.016260162601626018
69e46730000000001d0199c8,11,3,246,0.012195121951219513
69e46730000000001d0199c8,12,1,246,0.0040650406504065045
69e46730000000001d0199c8,13,4,246,0.016260162601626018
69e46730000000001d0199c8,14,5,246,0.02032520325203252
69e46730000000001d0199c8,15,5,246,0.02032520325203252
69e46730000000001d0199c8,16,1,246,0.0040650406504065045
69e46730000000001d0199c8,17,1,246,0.0040650406504065045
69e46730000000001d0199c8,20,1,246,0.0040650406504065045
69e46730000000001d0199c8,21,1,246,0.0040650406504065045
69e46730000000001d0199c8,22,3,246,0.012195121951219513
69e46730000000001d0199c8,23,1,246,0.0040650406504065045
69e46730000000001d0199c8,24,1,246,0.0040650406504065045
69e46730000000001d0199c8,25,1,246,0.0040650406504065045
69e46730000000001d0199c8,26,1,246,0.0040650406504065045
69e46730000000001d0199c8,27,1,246,0.0040650406504065045
69e46730000000001d0199c8,28,3,246,0.012195121951219513
69e46730000000001d0199c8,29,2,246,0.008130081300813009
69e46730000000001d0199c8,30,1,246,0.0040650406504065045
69e46730000000001d0199c8,36,5,246,0.02032520325203252
69e46730000000001d0199c8,37,1,246,0.0040650406504065045
69e46730000000001d0199c8,39,55,246,0.22357723577235772
69e46730000000001d0199c8,43,1,246,0.0040650406504065045
69e46730000000001d0199c8,44,1,246,0.0040650406504065045
69e46730000000001d0199c8,45,1,246,0.0040650406504065045
69e46730000000001d0199c8,49,2,246,0.008130081300813009
69e46730000000001d0199c8,50,5,246,0.02032520325203252
69e46730000000001d0199c8,51,5,246,0.02032520325203252
69e46730000000001d0199c8,56,3,246,0.012195121951219513
69e46730000000001d0199c8,57,2,246,0.008130081300813009
69e46730000000001d0199c8,59,1,246,0.0040650406504065045
69e46730000000001d0199c8,60,2,246,0.008130081300813009
69e46730000000001d0199c8,67,1,246,0.0040650406504065045
69e46730000000001d0199c8,68,2,246,0.008130081300813009
69e46730000000001d0199c8,70,1,246,0.0040650406504065045
69e46730000000001d0199c8,71,1,246,0.0040650406504065045
69e46730000000001d0199c8,76,1,246,0.0040650406504065045
69e46730000000001d0199c8,77,1,246,0.0040650406504065045
69e46730000000001d0199c8,79,2,246,0.008130081300813009
69e46730000000001d0199c8,80,5,246,0.02032520325203252
69e46730000000001d0199c8,82,3,246,0.012195121951219513
69e46730000000001d0199c8,85,10,246,0.04065040650406504
69e46730000000001d0199c8,86,3,246,0.012195121951219513
69e46730000000001d0199c8,91,1,246,0.0040650406504065045
69e46730000000001d0199c8,98,1,246,0.0040650406504065045
69e46730000000001d0199c8,100,4,246,0.016260162601626018
69e46730000000001d0199c8,106,3,246,0.012195121951219513
69e46730000000001d0199c8,109,1,246,0.0040650406504065045
69e46730000000001d0199c8,111,1,246,0.0040650406504065045
69e46730000000001d0199c8,114,1,246,0.0040650406504065045
69e46730000000001d0199c8,116,1,246,0.0040650406504065045
69e46730000000001d0199c8,117,4,246,0.016260162601626018
69e46730000000001d0199c8,122,1,246,0.0040650406504065045
69e46730000000001d0199c8,125,1,246,0.0040650406504065045
69e46730000000001d0199c8,128,1,246,0.0040650406504065045
69e46730000000001d0199c8,136,2,246,0.008130081300813009
69e47f8f000000001f007203,0,40,1206,0.03316749585406302
69e47f8f000000001f007203,1,17,1206,0.014096185737976783
69e47f8f000000001f007203,2,19,1206,0.015754560530679935
69e47f8f000000001f007203,3,65,1206,0.0538971807628524
69e47f8f000000001f007203,4,7,1206,0.005804311774461028
69e47f8f000000001f007203,5,69,1206,0.05721393034825871
69e47f8f000000001f007203,6,27,1206,0.022388059701492536
69e47f8f000000001f007203,7,51,1206,0.04228855721393035
69e47f8f000000001f007203,8,1,1206,0.0008291873963515755
69e47f8f000000001f007203,9,35,1206,0.02902155887230514
69e47f8f000000001f007203,10,1,1206,0.0008291873963515755
69e47f8f000000001f007203,11,32,1206,0.026533996683250415
69e47f8f000000001f007203,12,24,1206,0.01990049751243781
69e47f8f000000001f007203,13,42,1206,0.03482587064676617
69e47f8f000000001f007203,14,13,1206,0.01077943615257048
69e47f8f000000001f007203,15,25,1206,0.020729684908789386
69e47f8f000000001f007203,16,7,1206,0.005804311774461028
69e47f8f000000001f007203,17,6,1206,0.004975124378109453
69e47f8f000000001f007203,18,21,1206,0.017412935323383085
69e47f8f000000001f007203,19,7,1206,0.005804311774461028
69e47f8f000000001f007203,20,15,1206,0.012437810945273632
69e47f8f000000001f007203,21,10,1206,0.008291873963515755
69e47f8f000000001f007203,22,31,1206,0.02570480928689884
69e47f8f000000001f007203,23,13,1206,0.01077943615257048
69e47f8f000000001f007203,24,12,1206,0.009950248756218905
69e47f8f000000001f007203,25,21,1206,0.017412935323383085
69e47f8f000000001f007203,26,6,1206,0.004975124378109453
69e47f8f000000001f007203,27,9,1206,0.007462686567164179
69e47f8f000000001f007203,28,8,1206,0.006633499170812604
69e47f8f000000001f007203,29,3,1206,0.0024875621890547263
69e47f8f000000001f007203,30,6,1206,0.004975124378109453
69e47f8f000000001f007203,31,25,1206,0.020729684908789386
69e47f8f000000001f007203,32,11,1206,0.00912106135986733
69e47f8f000000001f007203,33,21,1206,0.017412935323383085
69e47f8f000000001f007203,35,3,1206,0.0024875621890547263
69e47f8f000000001f007203,36,24,1206,0.01990049751243781
69e47f8f000000001f007203,37,2,1206,0.001658374792703151
69e47f8f000000001f007203,42,1,1206,0.0008291873963515755
69e47f8f000000001f007203,43,10,1206,0.008291873963515755
69e47f8f000000001f007203,44,2,1206,0.001658374792703151
69e47f8f000000001f007203,45,58,1206,0.04809286898839138
69e47f8f000000001f007203,46,9,1206,0.007462686567164179
69e47f8f000000001f007203,47,3,1206,0.0024875621890547263
69e47f8f000000001f007203,48,3,1206,0.0024875621890547263
69e47f8f000000001f007203,49,42,1206,0.03482587064676617
69e47f8f000000001f007203,50,10,1206,0.008291873963515755
69e47f8f000000001f007203,51,18,1206,0.014925373134328358
69e47f8f000000001f007203,52,1,1206,0.0008291873963515755
69e47f8f000000001f007203,53,3,1206,0.0024875621890547263
69e47f8f000000001f007203,55,24,1206,0.01990049751243781
69e47f8f000000001f007203,56,3,1206,0.0024875621890547263
69e47f8f000000001f007203,57,27,1206,0.022388059701492536
69e47f8f000000001f007203,59,11,1206,0.00912106135986733
69e47f8f000000001f007203,60,6,1206,0.004975124378109453
69e47f8f000000001f007203,64,4,1206,0.003316749585406302
69e47f8f000000001f007203,66,14,1206,0.011608623548922056
69e47f8f000000001f007203,67,1,1206,0.0008291873963515755
69e47f8f000000001f007203,68,8,1206,0.006633499170812604
69e47f8f000000001f007203,69,5,1206,0.0041459369817578775
69e47f8f000000001f007203,70,3,1206,0.0024875621890547263
69e47f8f000000001f007203,71,7,1206,0.005804311774461028
69e47f8f000000001f007203,72,3,1206,0.0024875621890547263
69e47f8f000000001f007203,73,4,1206,0.003316749585406302
69e47f8f000000001f007203,74,5,1206,0.0041459369817578775
69e47f8f000000001f007203,75,1,1206,0.0008291873963515755
69e47f8f000000001f007203,77,4,1206,0.003316749585406302
69e47f8f000000001f007203,78,1,1206,0.0008291873963515755
69e47f8f000000001f007203,79,16,1206,0.013266998341625208
69e47f8f000000001f007203,80,6,1206,0.004975124378109453
69e47f8f000000001f007203,81,1,1206,0.0008291873963515755
69e47f8f000000001f007203,82,6,1206,0.004975124378109453
69e47f8f000000001f007203,83,3,1206,0.0024875621890547263
69e47f8f000000001f007203,85,14,1206,0.011608623548922056
69e47f8f000000001f007203,88,2,1206,0.001658374792703151
69e47f8f000000001f007203,89,6,1206,0.004975124378109453
69e47f8f000000001f007203,91,1,1206,0.0008291873963515755
69e47f8f000000001f007203,92,1,1206,0.0008291873963515755
69e47f8f000000001f007203,94,12,1206,0.009950248756218905
69e47f8f000000001f007203,95,2,1206,0.001658374792703151
69e47f8f000000001f007203,96,1,1206,0.0008291873963515755
69e47f8f000000001f007203,97,1,1206,0.0008291873963515755
69e47f8f000000001f007203,98,2,1206,0.001658374792703151
69e47f8f000000001f007203,99,3,1206,0.0024875621890547263
69e47f8f000000001f007203,100,6,1206,0.004975124378109453
69e47f8f000000001f007203,101,1,1206,0.0008291873963515755
69e47f8f000000001f007203,102,4,1206,0.003316749585406302
69e47f8f000000001f007203,104,1,1206,0.0008291873963515755
69e47f8f000000001f007203,105,3,1206,0.0024875621890547263
69e47f8f000000001f007203,107,2,1206,0.001658374792703151
69e47f8f000000001f007203,108,11,1206,0.00912106135986733
69e47f8f000000001f007203,109,5,1206,0.0041459369817578775
69e47f8f000000001f007203,110,2,1206,0.001658374792703151
69e47f8f000000001f007203,111,1,1206,0.0008291873963515755
69e47f8f000000001f007203,114,10,1206,0.008291873963515755
69e47f8f000000001f007203,115,1,1206,0.0008291873963515755
69e47f8f000000001f007203,116,3,1206,0.0024875621890547263
69e47f8f000000001f007203,117,3,1206,0.0024875621890547263
69e47f8f000000001f007203,118,3,1206,0.0024875621890547263
69e47f8f000000001f007203,120,25,1206,0.020729684908789386
69e47f8f000000001f007203,121,1,1206,0.0008291873963515755
69e47f8f000000001f007203,122,2,1206,0.001658374792703151
69e47f8f000000001f007203,125,3,1206,0.0024875621890547263
69e47f8f000000001f007203,126,7,1206,0.005804311774461028
69e47f8f000000001f007203,127,5,1206,0.0041459369817578775
69e47f8f000000001f007203,128,1,1206,0.0008291873963515755
69e47f8f000000001f007203,129,1,1206,0.0008291873963515755
69e47f8f000000001f007203,135,2,1206,0.001658374792703151
69e47f8f000000001f007203,137,4,1206,0.003316749585406302
69e47f8f000000001f007203,138,1,1206,0.0008291873963515755
69e47f8f000000001f007203,139,1,1206,0.0008291873963515755
69e481e8000000002003ad94,0,530,5007,0.10585180746954265
69e481e8000000002003ad94,1,228,5007,0.04553624925104853
69e481e8000000002003ad94,2,196,5007,0.03914519672458558
69e481e8000000002003ad94,3,60,5007,0.011983223487118035
69e481e8000000002003ad94,4,29,5007,0.0057918913521070505
69e481e8000000002003ad94,5,24,5007,0.004793289394847214
69e481e8000000002003ad94,6,51,5007,0.01018573996405033
69e481e8000000002003ad94,7,34,5007,0.006790493309366886
69e481e8000000002003ad94,8,322,5007,0.06430996604753346
69e481e8000000002003ad94,9,92,5007,0.018374276013580985
69e481e8000000002003ad94,10,198,5007,0.039544637507489516
69e481e8000000002003ad94,11,51,5007,0.01018573996405033
69e481e8000000002003ad94,12,75,5007,0.014979029358897543
69e481e8000000002003ad94,13,102,5007,0.02037147992810066
69e481e8000000002003ad94,14,56,5007,0.011184341921310166
69e481e8000000002003ad94,15,72,5007,0.014379868184541641
69e481e8000000002003ad94,16,37,5007,0.007389654483722788
69e481e8000000002003ad94,17,2,5007,0.0003994407829039345
69e481e8000000002003ad94,18,103,5007,0.020571200319552625
69e481e8000000002003ad94,19,27,5007,0.005392450569203115
69e481e8000000002003ad94,20,9,5007,0.0017974835230677051
69e481e8000000002003ad94,21,155,5007,0.030956660675054922
69e481e8000000002003ad94,22,4,5007,0.000798881565807869
69e481e8000000002003ad94,23,24,5007,0.004793289394847214
69e481e8000000002003ad94,24,37,5007,0.007389654483722788
69e481e8000000002003ad94,25,16,5007,0.003195526263231476
69e481e8000000002003ad94,26,116,5007,0.023167565408428202
69e481e8000000002003ad94,27,7,5007,0.0013980427401637707
69e481e8000000002003ad94,28,33,5007,0.006590772917914919
69e481e8000000002003ad94,29,48,5007,0.009586578789694428
69e481e8000000002003ad94,30,5,5007,0.0009986019572598363
69e481e8000000002003ad94,31,61,5007,0.012182943878570001
69e481e8000000002003ad94,32,48,5007,0.009586578789694428
69e481e8000000002003ad94,33,35,5007,0.006990213700818854
69e481e8000000002003ad94,34,101,5007,0.02017175953664869
69e481e8000000002003ad94,35,119,5007,0.0237667265827841
69e481e8000000002003ad94,36,10,5007,0.0019972039145196726
69e481e8000000002003ad94,37,86,5007,0.017175953664869185
69e481e8000000002003ad94,38,80,5007,0.01597763131615738
69e481e8000000002003ad94,40,95,5007,0.018973437187936888
69e481e8000000002003ad94,41,95,5007,0.018973437187936888
69e481e8000000002003ad94,42,84,5007,0.016776512881965248
69e481e8000000002003ad94,43,47,5007,0.009386858398242461
69e481e8000000002003ad94,44,73,5007,0.01457958857599361
69e481e8000000002003ad94,45,8,5007,0.001597763131615738
69e481e8000000002003ad94,46,7,5007,0.0013980427401637707
69e481e8000000002003ad94,47,3,5007,0.0005991611743559018
69e481e8000000002003ad94,48,4,5007,0.000798881565807869
69e481e8000000002003ad94,49,1,5007,0.00019972039145196724
69e481e8000000002003ad94,50,9,5007,0.0017974835230677051
69e481e8000000002003ad94,51,9,5007,0.0017974835230677051
69e481e8000000002003ad94,52,44,5007,0.00878769722388656
69e481e8000000002003ad94,53,6,5007,0.0011983223487118035
69e481e8000000002003ad94,54,45,5007,0.008987417615338526
69e481e8000000002003ad94,55,3,5007,0.0005991611743559018
69e481e8000000002003ad94,56,15,5007,0.0029958058717795086
69e481e8000000002003ad94,57,3,5007,0.0005991611743559018
69e481e8000000002003ad94,58,62,5007,0.01238266427002197
69e481e8000000002003ad94,59,15,5007,0.0029958058717795086
69e481e8000000002003ad94,60,35,5007,0.006990213700818854
69e481e8000000002003ad94,61,36,5007,0.007189934092270821
69e481e8000000002003ad94,62,1,5007,0.00019972039145196724
69e481e8000000002003ad94,63,66,5007,0.013181545835829839
69e481e8000000002003ad94,64,10,5007,0.0019972039145196726
69e481e8000000002003ad94,65,3,5007,0.0005991611743559018
69e481e8000000002003ad94,66,22,5007,0.00439384861194328
69e481e8000000002003ad94,67,61,5007,0.012182943878570001
69e481e8000000002003ad94,68,2,5007,0.0003994407829039345
69e481e8000000002003ad94,70,4,5007,0.000798881565807869
69e481e8000000002003ad94,71,31,5007,0.006191332135010985
69e481e8000000002003ad94,72,49,5007,0.009786299181146395
69e481e8000000002003ad94,73,38,5007,0.007589374875174755
69e481e8000000002003ad94,74,9,5007,0.0017974835230677051
69e481e8000000002003ad94,76,36,5007,0.007189934092270821
69e481e8000000002003ad94,77,1,5007,0.00019972039145196724
69e481e8000000002003ad94,78,5,5007,0.0009986019572598363
69e481e8000000002003ad94,79,2,5007,0.0003994407829039345
69e481e8000000002003ad94,80,11,5007,0.00219692430597164
69e481e8000000002003ad94,81,54,5007,0.01078490113840623
69e481e8000000002003ad94,82,5,5007,0.0009986019572598363
69e481e8000000002003ad94,83,10,5007,0.0019972039145196726
69e481e8000000002003ad94,84,3,5007,0.0005991611743559018
69e481e8000000002003ad94,85,1,5007,0.00019972039145196724
69e481e8000000002003ad94,87,1,5007,0.00019972039145196724
69e481e8000000002003ad94,89,7,5007,0.0013980427401637707
69e481e8000000002003ad94,91,22,5007,0.00439384861194328
69e481e8000000002003ad94,92,28,5007,0.005592170960655083
69e481e8000000002003ad94,93,40,5007,0.00798881565807869
69e481e8000000002003ad94,95,35,5007,0.006990213700818854
69e481e8000000002003ad94,96,45,5007,0.008987417615338526
69e481e8000000002003ad94,97,6,5007,0.0011983223487118035
69e481e8000000002003ad94,98,3,5007,0.0005991611743559018
69e481e8000000002003ad94,99,24,5007,0.004793289394847214
69e481e8000000002003ad94,100,5,5007,0.0009986019572598363
69e481e8000000002003ad94,101,34,5007,0.006790493309366886
69e481e8000000002003ad94,103,33,5007,0.006590772917914919
69e481e8000000002003ad94,104,7,5007,0.0013980427401637707
69e481e8000000002003ad94,105,20,5007,0.003994407829039345
69e481e8000000002003ad94,107,28,5007,0.005592170960655083
69e481e8000000002003ad94,108,1,5007,0.00019972039145196724
69e481e8000000002003ad94,109,6,5007,0.0011983223487118035
69e481e8000000002003ad94,110,1,5007,0.00019972039145196724
69e481e8000000002003ad94,111,6,5007,0.0011983223487118035
69e481e8000000002003ad94,112,4,5007,0.000798881565807869
69e481e8000000002003ad94,113,14,5007,0.0027960854803275414
69e481e8000000002003ad94,114,12,5007,0.002396644697423607
69e481e8000000002003ad94,115,21,5007,0.004194128220491312
69e481e8000000002003ad94,116,3,5007,0.0005991611743559018
69e481e8000000002003ad94,117,1,5007,0.00019972039145196724
69e481e8000000002003ad94,118,27,5007,0.005392450569203115
69e481e8000000002003ad94,119,31,5007,0.006191332135010985
69e481e8000000002003ad94,120,1,5007,0.00019972039145196724
69e481e8000000002003ad94,121,5,5007,0.0009986019572598363
69e481e8000000002003ad94,123,23,5007,0.004593569003395246
69e481e8000000002003ad94,124,4,5007,0.000798881565807869
69e481e8000000002003ad94,125,6,5007,0.0011983223487118035
69e481e8000000002003ad94,126,6,5007,0.0011983223487118035
69e481e8000000002003ad94,127,3,5007,0.0005991611743559018
69e481e8000000002003ad94,128,10,5007,0.0019972039145196726
69e481e8000000002003ad94,129,2,5007,0.0003994407829039345
69e481e8000000002003ad94,130,3,5007,0.0005991611743559018
69e481e8000000002003ad94,131,21,5007,0.004194128220491312
69e481e8000000002003ad94,132,21,5007,0.004194128220491312
69e481e8000000002003ad94,133,2,5007,0.0003994407829039345
69e481e8000000002003ad94,135,12,5007,0.002396644697423607
69e481e8000000002003ad94,137,2,5007,0.0003994407829039345
69e481e8000000002003ad94,138,12,5007,0.002396644697423607
69e481e8000000002003ad94,139,3,5007,0.0005991611743559018
69e48341000000001a02d0c4,0,20,424,0.04716981132075472
69e48341000000001a02d0c4,1,8,424,0.018867924528301886
69e48341000000001a02d0c4,2,19,424,0.04481132075471698
69e48341000000001a02d0c4,3,8,424,0.018867924528301886
69e48341000000001a02d0c4,4,6,424,0.014150943396226415
69e48341000000001a02d0c4,5,3,424,0.007075471698113208
69e48341000000001a02d0c4,6,1,424,0.0023584905660377358
69e48341000000001a02d0c4,7,5,424,0.01179245283018868
69e48341000000001a02d0c4,8,2,424,0.0047169811320754715
69e48341000000001a02d0c4,9,5,424,0.01179245283018868
69e48341000000001a02d0c4,10,4,424,0.009433962264150943
69e48341000000001a02d0c4,11,8,424,0.018867924528301886
69e48341000000001a02d0c4,12,3,424,0.007075471698113208
69e48341000000001a02d0c4,13,3,424,0.007075471698113208
69e48341000000001a02d0c4,14,11,424,0.025943396226415096
69e48341000000001a02d0c4,15,5,424,0.01179245283018868
69e48341000000001a02d0c4,16,5,424,0.01179245283018868
69e48341000000001a02d0c4,17,29,424,0.06839622641509434
69e48341000000001a02d0c4,18,3,424,0.007075471698113208
69e48341000000001a02d0c4,19,2,424,0.0047169811320754715
69e48341000000001a02d0c4,20,4,424,0.009433962264150943
69e48341000000001a02d0c4,21,1,424,0.0023584905660377358
69e48341000000001a02d0c4,22,7,424,0.01650943396226415
69e48341000000001a02d0c4,23,25,424,0.0589622641509434
69e48341000000001a02d0c4,24,34,424,0.08018867924528301
69e48341000000001a02d0c4,25,3,424,0.007075471698113208
69e48341000000001a02d0c4,27,4,424,0.009433962264150943
69e48341000000001a02d0c4,28,2,424,0.0047169811320754715
69e48341000000001a02d0c4,29,4,424,0.009433962264150943
69e48341000000001a02d0c4,32,1,424,0.0023584905660377358
69e48341000000001a02d0c4,33,8,424,0.018867924528301886
69e48341000000001a02d0c4,37,1,424,0.0023584905660377358
69e48341000000001a02d0c4,43,1,424,0.0023584905660377358
69e48341000000001a02d0c4,45,1,424,0.0023584905660377358
69e48341000000001a02d0c4,46,2,424,0.0047169811320754715
69e48341000000001a02d0c4,47,1,424,0.0023584905660377358
69e48341000000001a02d0c4,49,1,424,0.0023584905660377358
69e48341000000001a02d0c4,51,2,424,0.0047169811320754715
69e48341000000001a02d0c4,52,2,424,0.0047169811320754715
69e48341000000001a02d0c4,53,7,424,0.01650943396226415
69e48341000000001a02d0c4,56,1,424,0.0023584905660377358
69e48341000000001a02d0c4,59,1,424,0.0023584905660377358
69e48341000000001a02d0c4,60,2,424,0.0047169811320754715
69e48341000000001a02d0c4,61,1,424,0.0023584905660377358
69e48341000000001a02d0c4,62,75,424,0.17688679245283018
69e48341000000001a02d0c4,64,7,424,0.01650943396226415
69e48341000000001a02d0c4,66,1,424,0.0023584905660377358
69e48341000000001a02d0c4,68,8,424,0.018867924528301886
69e48341000000001a02d0c4,69,4,424,0.009433962264150943
69e48341000000001a02d0c4,70,2,424,0.0047169811320754715
69e48341000000001a02d0c4,71,1,424,0.0023584905660377358
69e48341000000001a02d0c4,72,4,424,0.009433962264150943
69e48341000000001a02d0c4,73,1,424,0.0023584905660377358
69e48341000000001a02d0c4,76,1,424,0.0023584905660377358
69e48341000000001a02d0c4,77,6,424,0.014150943396226415
69e48341000000001a02d0c4,79,1,424,0.0023584905660377358
69e48341000000001a02d0c4,80,1,424,0.0023584905660377358
69e48341000000001a02d0c4,83,8,424,0.018867924528301886
69e48341000000001a02d0c4,84,1,424,0.0023584905660377358
69e48341000000001a02d0c4,85,1,424,0.0023584905660377358
69e48341000000001a02d0c4,92,1,424,0.0023584905660377358
69e48341000000001a02d0c4,94,6,424,0.014150943396226415
69e48341000000001a02d0c4,99,1,424,0.0023584905660377358
69e48341000000001a02d0c4,102,1,424,0.0023584905660377358
69e48341000000001a02d0c4,104,6,424,0.014150943396226415
69e48341000000001a02d0c4,108,3,424,0.007075471698113208
69e48341000000001a02d0c4,109,2,424,0.0047169811320754715
69e48341000000001a02d0c4,111,2,424,0.0047169811320754715
69e48341000000001a02d0c4,112,1,424,0.0023584905660377358
69e48341000000001a02d0c4,113,1,424,0.0023584905660377358
69e48341000000001a02d0c4,116,1,424,0.0023584905660377358
69e48341000000001a02d0c4,117,2,424,0.0047169811320754715
69e48341000000001a02d0c4,121,1,424,0.0023584905660377358
69e48341000000001a02d0c4,125,1,424,0.0023584905660377358
69e48341000000001a02d0c4,129,1,424,0.0023584905660377358
69e48341000000001a02d0c4,131,1,424,0.0023584905660377358
69e48341000000001a02d0c4,133,1,424,0.0023584905660377358
69e48341000000001a02d0c4,134,1,424,0.0023584905660377358
69e48341000000001a02d0c4,135,2,424,0.0047169811320754715
69e48341000000001a02d0c4,136,1,424,0.0023584905660377358
69e48b0b000000001a02578c,0,16,125,0.128
69e48b0b000000001a02578c,1,1,125,0.008
69e48b0b000000001a02578c,2,5,125,0.04
69e48b0b000000001a02578c,3,2,125,0.016
69e48b0b000000001a02578c,4,4,125,0.032
69e48b0b000000001a02578c,5,2,125,0.016
69e48b0b000000001a02578c,8,8,125,0.064
69e48b0b000000001a02578c,9,6,125,0.048
69e48b0b000000001a02578c,10,2,125,0.016
69e48b0b000000001a02578c,12,2,125,0.016
69e48b0b000000001a02578c,13,2,125,0.016
69e48b0b000000001a02578c,16,1,125,0.008
69e48b0b000000001a02578c,18,2,125,0.016
69e48b0b000000001a02578c,20,1,125,0.008
69e48b0b000000001a02578c,21,1,125,0.008
69e48b0b000000001a02578c,23,5,125,0.04
69e48b0b000000001a02578c,24,4,125,0.032
69e48b0b000000001a02578c,28,3,125,0.024
69e48b0b000000001a02578c,29,5,125,0.04
69e48b0b000000001a02578c,31,1,125,0.008
69e48b0b000000001a02578c,32,4,125,0.032
69e48b0b000000001a02578c,33,1,125,0.008
69e48b0b000000001a02578c,37,4,125,0.032
69e48b0b000000001a02578c,38,5,125,0.04
69e48b0b000000001a02578c,44,5,125,0.04
69e48b0b000000001a02578c,50,1,125,0.008
69e48b0b000000001a02578c,51,1,125,0.008
69e48b0b000000001a02578c,56,1,125,0.008
69e48b0b000000001a02578c,58,1,125,0.008
69e48b0b000000001a02578c,63,3,125,0.024
69e48b0b000000001a02578c,64,2,125,0.016
69e48b0b000000001a02578c,66,1,125,0.008
69e48b0b000000001a02578c,73,2,125,0.016
69e48b0b000000001a02578c,78,1,125,0.008
69e48b0b000000001a02578c,89,1,125,0.008
69e48b0b000000001a02578c,91,2,125,0.016
69e48b0b000000001a02578c,95,1,125,0.008
69e48b0b000000001a02578c,98,4,125,0.032
69e48b0b000000001a02578c,105,1,125,0.008
69e48b0b000000001a02578c,115,1,125,0.008
69e48b0b000000001a02578c,119,1,125,0.008
69e48b0b000000001a02578c,121,1,125,0.008
69e48b0b000000001a02578c,123,1,125,0.008
69e48b0b000000001a02578c,125,4,125,0.032
69e48b0b000000001a02578c,132,2,125,0.016
69e48b0b000000001a02578c,135,1,125,0.008
69e48d54000000002102e178,0,2,123,0.016260162601626018
69e48d54000000002102e178,3,5,123,0.04065040650406504
69e48d54000000002102e178,4,3,123,0.024390243902439025
69e48d54000000002102e178,5,5,123,0.04065040650406504
69e48d54000000002102e178,6,4,123,0.032520325203252036
69e48d54000000002102e178,7,5,123,0.04065040650406504
69e48d54000000002102e178,8,1,123,0.008130081300813009
69e48d54000000002102e178,9,1,123,0.008130081300813009
69e48d54000000002102e178,11,6,123,0.04878048780487805
69e48d54000000002102e178,12,1,123,0.008130081300813009
69e48d54000000002102e178,13,2,123,0.016260162601626018
69e48d54000000002102e178,14,7,123,0.056910569105691054
69e48d54000000002102e178,15,1,123,0.008130081300813009
69e48d54000000002102e178,16,9,123,0.07317073170731707
69e48d54000000002102e178,17,1,123,0.008130081300813009
69e48d54000000002102e178,18,1,123,0.008130081300813009
69e48d54000000002102e178,22,1,123,0.008130081300813009
69e48d54000000002102e178,25,2,123,0.016260162601626018
69e48d54000000002102e178,27,1,123,0.008130081300813009
69e48d54000000002102e178,28,1,123,0.008130081300813009
69e48d54000000002102e178,32,2,123,0.016260162601626018
69e48d54000000002102e178,50,4,123,0.032520325203252036
69e48d54000000002102e178,53,1,123,0.008130081300813009
69e48d54000000002102e178,56,3,123,0.024390243902439025
69e48d54000000002102e178,57,1,123,0.008130081300813009
69e48d54000000002102e178,61,1,123,0.008130081300813009
69e48d54000000002102e178,69,5,123,0.04065040650406504
69e48d54000000002102e178,75,1,123,0.008130081300813009
69e48d54000000002102e178,79,12,123,0.0975609756097561
69e48d54000000002102e178,83,2,123,0.016260162601626018
69e48d54000000002102e178,90,1,123,0.008130081300813009
69e48d54000000002102e178,91,2,123,0.016260162601626018
69e48d54000000002102e178,95,1,123,0.008130081300813009
69e48d54000000002102e178,99,3,123,0.024390243902439025
69e48d54000000002102e178,100,1,123,0.008130081300813009
69e48d54000000002102e178,111,2,123,0.016260162601626018
69e48d54000000002102e178,113,16,123,0.13008130081300814
69e48d54000000002102e178,122,2,123,0.016260162601626018
69e48d54000000002102e178,123,1,123,0.008130081300813009
69e48d54000000002102e178,128,2,123,0.016260162601626018
69e48d54000000002102e178,138,1,123,0.008130081300813009
69e4b08d000000001d01c1bc,0,3,132,0.022727272727272728
69e4b08d000000001d01c1bc,1,4,132,0.030303030303030304
69e4b08d000000001d01c1bc,3,2,132,0.015151515151515152
69e4b08d000000001d01c1bc,5,1,132,0.007575757575757576
69e4b08d000000001d01c1bc,6,2,132,0.015151515151515152
69e4b08d000000001d01c1bc,7,1,132,0.007575757575757576
69e4b08d000000001d01c1bc,9,9,132,0.06818181818181818
69e4b08d000000001d01c1bc,10,1,132,0.007575757575757576
69e4b08d000000001d01c1bc,11,2,132,0.015151515151515152
69e4b08d000000001d01c1bc,12,3,132,0.022727272727272728
69e4b08d000000001d01c1bc,13,9,132,0.06818181818181818
69e4b08d000000001d01c1bc,14,3,132,0.022727272727272728
69e4b08d000000001d01c1bc,15,4,132,0.030303030303030304
69e4b08d000000001d01c1bc,16,21,132,0.1590909090909091
69e4b08d000000001d01c1bc,19,3,132,0.022727272727272728
69e4b08d000000001d01c1bc,23,4,132,0.030303030303030304
69e4b08d000000001d01c1bc,24,13,132,0.09848484848484848
69e4b08d000000001d01c1bc,25,1,132,0.007575757575757576
69e4b08d000000001d01c1bc,26,1,132,0.007575757575757576
69e4b08d000000001d01c1bc,28,3,132,0.022727272727272728
69e4b08d000000001d01c1bc,29,1,132,0.007575757575757576
69e4b08d000000001d01c1bc,32,1,132,0.007575757575757576
69e4b08d000000001d01c1bc,33,2,132,0.015151515151515152
69e4b08d000000001d01c1bc,36,3,132,0.022727272727272728
69e4b08d000000001d01c1bc,43,1,132,0.007575757575757576
69e4b08d000000001d01c1bc,53,1,132,0.007575757575757576
69e4b08d000000001d01c1bc,57,7,132,0.05303030303030303
69e4b08d000000001d01c1bc,64,1,132,0.007575757575757576
69e4b08d000000001d01c1bc,66,1,132,0.007575757575757576
69e4b08d000000001d01c1bc,68,1,132,0.007575757575757576
69e4b08d000000001d01c1bc,71,1,132,0.007575757575757576
69e4b08d000000001d01c1bc,72,2,132,0.015151515151515152
69e4b08d000000001d01c1bc,73,3,132,0.022727272727272728
69e4b08d000000001d01c1bc,89,1,132,0.007575757575757576
69e4b08d000000001d01c1bc,95,1,132,0.007575757575757576
69e4b08d000000001d01c1bc,100,2,132,0.015151515151515152
69e4b08d000000001d01c1bc,105,2,132,0.015151515151515152
69e4b08d000000001d01c1bc,109,2,132,0.015151515151515152
69e4b08d000000001d01c1bc,115,4,132,0.030303030303030304
69e4b08d000000001d01c1bc,116,1,132,0.007575757575757576
69e4b08d000000001d01c1bc,117,1,132,0.007575757575757576
69e4b08d000000001d01c1bc,127,2,132,0.015151515151515152
69e4b08d000000001d01c1bc,138,1,132,0.007575757575757576
69e4c771000000002102c3fc,0,1,11,0.09090909090909091
69e4c771000000002102c3fc,1,2,11,0.18181818181818182
69e4c771000000002102c3fc,27,2,11,0.18181818181818182
69e4c771000000002102c3fc,33,1,11,0.09090909090909091
69e4c771000000002102c3fc,128,5,11,0.45454545454545453
69e59e520000000022027a90,0,54,780,0.06923076923076923
69e59e520000000022027a90,1,7,780,0.008974358974358974
69e59e520000000022027a90,2,4,780,0.005128205128205128
69e59e520000000022027a90,3,39,780,0.05
69e59e520000000022027a90,4,26,780,0.03333333333333333
69e59e520000000022027a90,5,67,780,0.0858974358974359
69e59e520000000022027a90,6,6,780,0.007692307692307693
69e59e520000000022027a90,7,13,780,0.016666666666666666
69e59e520000000022027a90,8,1,780,0.001282051282051282
69e59e520000000022027a90,9,20,780,0.02564102564102564
69e59e520000000022027a90,10,1,780,0.001282051282051282
69e59e520000000022027a90,11,33,780,0.04230769230769231
69e59e520000000022027a90,12,9,780,0.011538461538461539
69e59e520000000022027a90,13,12,780,0.015384615384615385
69e59e520000000022027a90,14,13,780,0.016666666666666666
69e59e520000000022027a90,15,13,780,0.016666666666666666
69e59e520000000022027a90,16,10,780,0.01282051282051282
69e59e520000000022027a90,17,14,780,0.017948717948717947
69e59e520000000022027a90,18,1,780,0.001282051282051282
69e59e520000000022027a90,20,1,780,0.001282051282051282
69e59e520000000022027a90,21,1,780,0.001282051282051282
69e59e520000000022027a90,22,7,780,0.008974358974358974
69e59e520000000022027a90,23,7,780,0.008974358974358974
69e59e520000000022027a90,24,10,780,0.01282051282051282
69e59e520000000022027a90,25,3,780,0.0038461538461538464
69e59e520000000022027a90,27,5,780,0.00641025641025641
69e59e520000000022027a90,28,6,780,0.007692307692307693
69e59e520000000022027a90,29,4,780,0.005128205128205128
69e59e520000000022027a90,30,67,780,0.0858974358974359
69e59e520000000022027a90,31,4,780,0.005128205128205128
69e59e520000000022027a90,32,8,780,0.010256410256410256
69e59e520000000022027a90,33,10,780,0.01282051282051282
69e59e520000000022027a90,35,1,780,0.001282051282051282
69e59e520000000022027a90,36,2,780,0.002564102564102564
69e59e520000000022027a90,37,2,780,0.002564102564102564
69e59e520000000022027a90,38,6,780,0.007692307692307693
69e59e520000000022027a90,39,24,780,0.03076923076923077
69e59e520000000022027a90,43,2,780,0.002564102564102564
69e59e520000000022027a90,44,3,780,0.0038461538461538464
69e59e520000000022027a90,45,1,780,0.001282051282051282
69e59e520000000022027a90,46,25,780,0.03205128205128205
69e59e520000000022027a90,47,1,780,0.001282051282051282
69e59e520000000022027a90,48,3,780,0.0038461538461538464
69e59e520000000022027a90,49,1,780,0.001282051282051282
69e59e520000000022027a90,50,8,780,0.010256410256410256
69e59e520000000022027a90,51,3,780,0.0038461538461538464
69e59e520000000022027a90,53,15,780,0.019230769230769232
69e59e520000000022027a90,55,1,780,0.001282051282051282
69e59e520000000022027a90,57,4,780,0.005128205128205128
69e59e520000000022027a90,58,1,780,0.001282051282051282
69e59e520000000022027a90,59,2,780,0.002564102564102564
69e59e520000000022027a90,60,4,780,0.005128205128205128
69e59e520000000022027a90,64,7,780,0.008974358974358974
69e59e520000000022027a90,66,1,780,0.001282051282051282
69e59e520000000022027a90,67,1,780,0.001282051282051282
69e59e520000000022027a90,68,3,780,0.0038461538461538464
69e59e520000000022027a90,69,2,780,0.002564102564102564
69e59e520000000022027a90,71,4,780,0.005128205128205128
69e59e520000000022027a90,72,2,780,0.002564102564102564
69e59e520000000022027a90,73,1,780,0.001282051282051282
69e59e520000000022027a90,74,32,780,0.041025641025641026
69e59e520000000022027a90,75,3,780,0.0038461538461538464
69e59e520000000022027a90,76,2,780,0.002564102564102564
69e59e520000000022027a90,77,1,780,0.001282051282051282
69e59e520000000022027a90,80,1,780,0.001282051282051282
69e59e520000000022027a90,82,1,780,0.001282051282051282
69e59e520000000022027a90,83,1,780,0.001282051282051282
69e59e520000000022027a90,84,50,780,0.0641025641025641
69e59e520000000022027a90,85,17,780,0.021794871794871794
69e59e520000000022027a90,89,8,780,0.010256410256410256
69e59e520000000022027a90,90,1,780,0.001282051282051282
69e59e520000000022027a90,91,2,780,0.002564102564102564
69e59e520000000022027a90,92,5,780,0.00641025641025641
69e59e520000000022027a90,93,1,780,0.001282051282051282
69e59e520000000022027a90,96,1,780,0.001282051282051282
69e59e520000000022027a90,97,1,780,0.001282051282051282
69e59e520000000022027a90,100,1,780,0.001282051282051282
69e59e520000000022027a90,101,1,780,0.001282051282051282
69e59e520000000022027a90,104,4,780,0.005128205128205128
69e59e520000000022027a90,105,1,780,0.001282051282051282
69e59e520000000022027a90,108,6,780,0.007692307692307693
69e59e520000000022027a90,109,3,780,0.0038461538461538464
69e59e520000000022027a90,110,4,780,0.005128205128205128
69e59e520000000022027a90,111,1,780,0.001282051282051282
69e59e520000000022027a90,113,1,780,0.001282051282051282
69e59e520000000022027a90,116,1,780,0.001282051282051282
69e59e520000000022027a90,117,1,780,0.001282051282051282
69e59e520000000022027a90,120,1,780,0.001282051282051282
69e59e520000000022027a90,121,1,780,0.001282051282051282
69e59e520000000022027a90,122,3,780,0.0038461538461538464
69e59e520000000022027a90,123,1,780,0.001282051282051282
69e59e520000000022027a90,125,1,780,0.001282051282051282
69e59e520000000022027a90,127,2,780,0.002564102564102564
69e59e520000000022027a90,129,2,780,0.002564102564102564
69e59e520000000022027a90,133,1,780,0.001282051282051282
69e59e520000000022027a90,135,4,780,0.005128205128205128
69e59e520000000022027a90,137,6,780,0.007692307692307693
69e59e520000000022027a90,138,1,780,0.001282051282051282
69e5a09a000000002103ba03,0,4,21,0.19047619047619047
69e5a09a000000002103ba03,2,1,21,0.047619047619047616
69e5a09a000000002103ba03,3,2,21,0.09523809523809523
69e5a09a000000002103ba03,4,1,21,0.047619047619047616
69e5a09a000000002103ba03,6,1,21,0.047619047619047616
69e5a09a000000002103ba03,11,2,21,0.09523809523809523
69e5a09a000000002103ba03,18,1,21,0.047619047619047616
69e5a09a000000002103ba03,23,2,21,0.09523809523809523
69e5a09a000000002103ba03,46,1,21,0.047619047619047616
69e5a09a000000002103ba03,51,1,21,0.047619047619047616
69e5a09a000000002103ba03,82,1,21,0.047619047619047616
69e5a09a000000002103ba03,84,1,21,0.047619047619047616
69e5a09a000000002103ba03,85,1,21,0.047619047619047616
69e5a09a000000002103ba03,105,1,21,0.047619047619047616
69e5a09a000000002103ba03,118,1,21,0.047619047619047616
69e634590000000022003bb5,0,13,143,0.09090909090909091
69e634590000000022003bb5,1,2,143,0.013986013986013986
69e634590000000022003bb5,2,1,143,0.006993006993006993
69e634590000000022003bb5,3,9,143,0.06293706293706294
69e634590000000022003bb5,4,2,143,0.013986013986013986
69e634590000000022003bb5,5,3,143,0.02097902097902098
69e634590000000022003bb5,6,4,143,0.027972027972027972
69e634590000000022003bb5,7,18,143,0.1258741258741259
69e634590000000022003bb5,9,2,143,0.013986013986013986
69e634590000000022003bb5,11,4,143,0.027972027972027972
69e634590000000022003bb5,12,3,143,0.02097902097902098
69e634590000000022003bb5,13,2,143,0.013986013986013986
69e634590000000022003bb5,14,1,143,0.006993006993006993
69e634590000000022003bb5,15,1,143,0.006993006993006993
69e634590000000022003bb5,17,1,143,0.006993006993006993
69e634590000000022003bb5,20,3,143,0.02097902097902098
69e634590000000022003bb5,22,3,143,0.02097902097902098
69e634590000000022003bb5,23,2,143,0.013986013986013986
69e634590000000022003bb5,25,1,143,0.006993006993006993
69e634590000000022003bb5,30,1,143,0.006993006993006993
69e634590000000022003bb5,32,1,143,0.006993006993006993
69e634590000000022003bb5,37,3,143,0.02097902097902098
69e634590000000022003bb5,38,1,143,0.006993006993006993
69e634590000000022003bb5,40,2,143,0.013986013986013986
69e634590000000022003bb5,42,1,143,0.006993006993006993
69e634590000000022003bb5,43,1,143,0.006993006993006993
69e634590000000022003bb5,44,3,143,0.02097902097902098
69e634590000000022003bb5,45,3,143,0.02097902097902098
69e634590000000022003bb5,49,1,143,0.006993006993006993
69e634590000000022003bb5,50,16,143,0.11188811188811189
69e634590000000022003bb5,51,6,143,0.04195804195804196
69e634590000000022003bb5,55,2,143,0.013986013986013986
69e634590000000022003bb5,58,1,143,0.006993006993006993
69e634590000000022003bb5,59,3,143,0.02097902097902098
69e634590000000022003bb5,66,2,143,0.013986013986013986
69e634590000000022003bb5,68,2,143,0.013986013986013986
69e634590000000022003bb5,69,2,143,0.013986013986013986
69e634590000000022003bb5,71,1,143,0.006993006993006993
69e634590000000022003bb5,77,1,143,0.006993006993006993
69e634590000000022003bb5,79,1,143,0.006993006993006993
69e634590000000022003bb5,82,1,143,0.006993006993006993
69e634590000000022003bb5,85,1,143,0.006993006993006993
69e634590000000022003bb5,92,1,143,0.006993006993006993
69e634590000000022003bb5,100,2,143,0.013986013986013986
69e634590000000022003bb5,101,1,143,0.006993006993006993
69e634590000000022003bb5,116,1,143,0.006993006993006993
69e634590000000022003bb5,118,1,143,0.006993006993006993
69e634590000000022003bb5,119,1,143,0.006993006993006993
69e634590000000022003bb5,125,1,143,0.006993006993006993
69e634590000000022003bb5,127,1,143,0.006993006993006993
69e634590000000022003bb5,128,2,143,0.013986013986013986
69e634590000000022003bb5,130,1,143,0.006993006993006993
69e6f2bc0000000023005345,0,7,145,0.04827586206896552
69e6f2bc0000000023005345,2,1,145,0.006896551724137931
69e6f2bc0000000023005345,3,4,145,0.027586206896551724
69e6f2bc0000000023005345,4,1,145,0.006896551724137931
69e6f2bc0000000023005345,5,8,145,0.05517241379310345
69e6f2bc0000000023005345,7,1,145,0.006896551724137931
69e6f2bc0000000023005345,10,2,145,0.013793103448275862
69e6f2bc0000000023005345,11,3,145,0.020689655172413793
69e6f2bc0000000023005345,12,3,145,0.020689655172413793
69e6f2bc0000000023005345,14,2,145,0.013793103448275862
69e6f2bc0000000023005345,15,2,145,0.013793103448275862
69e6f2bc0000000023005345,17,13,145,0.0896551724137931
69e6f2bc0000000023005345,20,7,145,0.04827586206896552
69e6f2bc0000000023005345,22,10,145,0.06896551724137931
69e6f2bc0000000023005345,23,4,145,0.027586206896551724
69e6f2bc0000000023005345,25,9,145,0.06206896551724138
69e6f2bc0000000023005345,30,1,145,0.006896551724137931
69e6f2bc0000000023005345,33,1,145,0.006896551724137931
69e6f2bc0000000023005345,38,1,145,0.006896551724137931
69e6f2bc0000000023005345,47,1,145,0.006896551724137931
69e6f2bc0000000023005345,53,1,145,0.006896551724137931
69e6f2bc0000000023005345,57,1,145,0.006896551724137931
69e6f2bc0000000023005345,59,1,145,0.006896551724137931
69e6f2bc0000000023005345,68,6,145,0.041379310344827586
69e6f2bc0000000023005345,77,10,145,0.06896551724137931
69e6f2bc0000000023005345,80,1,145,0.006896551724137931
69e6f2bc0000000023005345,83,8,145,0.05517241379310345
69e6f2bc0000000023005345,91,3,145,0.020689655172413793
69e6f2bc0000000023005345,92,2,145,0.013793103448275862
69e6f2bc0000000023005345,94,1,145,0.006896551724137931
69e6f2bc0000000023005345,97,1,145,0.006896551724137931
69e6f2bc0000000023005345,99,1,145,0.006896551724137931
69e6f2bc0000000023005345,120,5,145,0.034482758620689655
69e6f2bc0000000023005345,126,1,145,0.006896551724137931
69e6f2bc0000000023005345,127,1,145,0.006896551724137931
69e6f2bc0000000023005345,133,19,145,0.1310344827586207
69e6f2bc0000000023005345,139,2,145,0.013793103448275862
