comment_id,帖子id,post_category,robot_status,human_role,content,topic_raw,topic_assigned
69e8bc65000000001401b021,69e2583b00000000230211ea,失败|抢救者,失败,抢救者,设计的问题，更程序员关系不大（如果程序员没参与设计的话）,-1,0
69e2fc2d000000001401b82a,69e2583b00000000230211ea,失败|抢救者,失败,抢救者,能不能做成四个轮子的，加一种液体就可以跑起来的那种！,-1,0
69e3352a000000001401e016,69e2583b00000000230211ea,失败|抢救者,失败,抢救者,加油继续,-1,1
69e2fda9000000001401b01f,69e2583b00000000230211ea,失败|抢救者,失败,抢救者,地上不许睡觉，赶快起来,-1,2
69e7d221000000001401d803,69e2583b00000000230211ea,失败|抢救者,失败,抢救者,就是一个电动遥控玩具。,5,5
69e309df000000001401dc36,69e2583b00000000230211ea,失败|抢救者,失败,抢救者,宇树是不是禁赛，太欺负人了,-1,0
69e7a7150000000014019809,69e2583b00000000230211ea,失败|抢救者,失败,抢救者,只有我心疼这个机器的报废了吗，程序员不心碎了吗,-1,9
69e787d0000000001401c427,69e2583b00000000230211ea,失败|抢救者,失败,抢救者,这就是传说中的还没开始就结束了吗[doge],10,10
69e97657000000001401a403,69e2583b00000000230211ea,失败|抢救者,失败,抢救者,摔一跤就成碎片了？,2,2
69e2f480000000001401a819,69e2583b00000000230211ea,失败|抢救者,失败,抢救者,这AI吧，不可能啊，机器人怎么摔下也不至于摔成这样，碎哪里都是渣，我儿子的玩具从4楼掉下去都没掉渣，就是变形了,0,0
69ef227c000000002902c4d5,69e2583b00000000230211ea,失败|抢救者,失败,抢救者,还有义体医生？牛逼啊 v,7,7
69ec18db000000002901aa52,69e2583b00000000230211ea,失败|抢救者,失败,抢救者,出征即阵亡,10,10
69eb811c0000000029037cc9,69e2583b00000000230211ea,失败|抢救者,失败,抢救者,我上完体育课就这样。。,4,4
69eb5dfc00000000280394d5,69e2583b00000000230211ea,失败|抢救者,失败,抢救者,还挺像回事，还用担架[笑哭R],6,6
69eb7c080000000028030c67,69e2583b00000000230211ea,失败|抢救者,失败,抢救者,摔个稀碎。,2,2
69eb6d8800000000270291aa,69e2583b00000000230211ea,失败|抢救者,失败,抢救者,真正实现了死在起跑线上了[大笑R],-1,3
69eb46950000000029036186,69e2583b00000000230211ea,失败|抢救者,失败,抢救者,一个跟头就稀碎了[石化R],2,2
69eb7b7a000000002803ed0f,69e2583b00000000230211ea,失败|抢救者,失败,抢救者,好像钱撒了一地[哭惹R],-1,2
69eb5bbe000000002702c210,69e2583b00000000230211ea,失败|抢救者,失败,抢救者,超级拆解[抓狂R],-1,2
69eb5a850000000029035d87,69e2583b00000000230211ea,失败|抢救者,失败,抢救者,做成这样，抬走吧,6,6
69eb52a8000000002900f975,69e2583b00000000230211ea,失败|抢救者,失败,抢救者,是被地上那个蓝色的障碍物挂到了,-1,2
69eb48aa000000002902ea81,69e2583b00000000230211ea,失败|抢救者,失败,抢救者,一言不合就的粉身碎骨,-1,2
69eb480b000000002a006912,69e2583b00000000230211ea,失败|抢救者,失败,抢救者,跑的真快，几秒钟就到了终点,4,4
69eb475b0000000029037fb2,69e2583b00000000230211ea,失败|抢救者,失败,抢救者,谁贴的胶带没封边[笑哭R],-1,2
69eb44a20000000027023ae1,69e2583b00000000230211ea,失败|抢救者,失败,抢救者,超级解体,-1,10
69eb4475000000002a033459,69e2583b00000000230211ea,失败|抢救者,失败,抢救者,这机器是用浆糊粘的吗,-1,0
69eb3fd20000000029037d32,69e2583b00000000230211ea,失败|抢救者,失败,抢救者,掉地自检程序都没做好，人会掉地就拼命挣扎吗[笑哭R],2,2
69eb3740000000001401c40a,69e2583b00000000230211ea,失败|抢救者,失败,抢救者,用点好塑料啊，太脆了,9,9
69eb35a4000000001401e801,69e2583b00000000230211ea,失败|抢救者,失败,抢救者,开始了吗？已经结束了！,10,10
69eb347e000000001401ac03,69e2583b00000000230211ea,失败|抢救者,失败,抢救者,你说人为啥累，就是在做没有意义的事情,0,0
69eb3135000000001401a014,69e2583b00000000230211ea,失败|抢救者,失败,抢救者,大陆制造的吧,-1,0
69eb30e7000000001401d416,69e2583b00000000230211ea,失败|抢救者,失败,抢救者,这是一点测试都没做过吗？,-1,2
69eb2f47000000001401c822,69e2583b00000000230211ea,失败|抢救者,失败,抢救者,跑个步怎么还爆装备了[doge],11,11
69eb2f440000000014018c09,69e2583b00000000230211ea,失败|抢救者,失败,抢救者,这么脆吗，我看有的机器人倒地上了扶起来还能跑,0,0
69eb2b50000000001401c40c,69e2583b00000000230211ea,失败|抢救者,失败,抢救者,设计不合理，起跑应该在外面起步,-1,13
69eb26f9000000001401a011,69e2583b00000000230211ea,失败|抢救者,失败,抢救者,自毁模式,-1,0
69eb23ed0000000014018801,69e2583b00000000230211ea,失败|抢救者,失败,抢救者,不是你的错你很棒，可是我才跑出去一米呀,4,4
69eb1e9d0000000014019003,69e2583b00000000230211ea,失败|抢救者,失败,抢救者,看吧，一堆人看笑话,1,1
69eb1aee000000001401b80b,69e2583b00000000230211ea,失败|抢救者,失败,抢救者,以后的仿生人看这些，就跟我们看猿人一样,0,0
69eb18f4000000001401a81b,69e2583b00000000230211ea,失败|抢救者,失败,抢救者,这难道就是“出身未捷身先死”[doge],10,10
69eb18e4000000001401c815,69e2583b00000000230211ea,失败|抢救者,失败,抢救者,成功后代替人类就麻烦了,0,0
69eb1573000000001401c81b,69e2583b00000000230211ea,失败|抢救者,失败,抢救者,快来个文科生机器人，写一篇体育生机器人的出师表[doge],0,0
69eb145f0000000014019405,69e2583b00000000230211ea,失败|抢救者,失败,抢救者,好可惜，它不是踏步过去的吗，咋这么巧绊胶带上了[笑哭R],-1,2
69eb04fe000000001401d40c,69e2583b00000000230211ea,失败|抢救者,失败,抢救者,下次再带个吸尘器吧,6,6
69eaffb6000000001401e019,69e2583b00000000230211ea,失败|抢救者,失败,抢救者,刚开始就已经结束了,10,10
69eaf17b0000000014019821,69e2583b00000000230211ea,失败|抢救者,失败,抢救者,机器人什么牌子？,0,0
69eae607000000001401bc0b,69e2583b00000000230211ea,失败|抢救者,失败,抢救者,这是为碰瓷党设计的吧，这可能讹不少,-1,0
69eae3de000000001401dc11,69e2583b00000000230211ea,失败|抢救者,失败,抢救者,粉身碎骨浑不怕,-1,2
69eae383000000001401dc26,69e2583b00000000230211ea,失败|抢救者,失败,抢救者,比当年苏联解体还更解,10,10
69eadebe000000001401ac18,69e2583b00000000230211ea,失败|抢救者,失败,抢救者,能不能发给外国人看看哦,-1,4
69eac93d000000001401c81d,69e2583b00000000230211ea,失败|抢救者,失败,抢救者,质量差到离谱,9,9
69eac391000000001401c40c,69e2583b00000000230211ea,失败|抢救者,失败,抢救者,这些玩意有撒用，研究不应该用到实处,3,3
69eab4a10000000014018805,69e2583b00000000230211ea,失败|抢救者,失败,抢救者,没跑几步脾气还挺大,4,4
69eab4280000000014018c0d,69e2583b00000000230211ea,失败|抢救者,失败,抢救者,哈哈哈！正好输在起跑线上了[偷笑R],-1,10
69eaa6970000000014019401,69e2583b00000000230211ea,失败|抢救者,失败,抢救者,倒地抽搐,-1,2
69ea3f47000000001401e41a,69e2583b00000000230211ea,失败|抢救者,失败,抢救者,东一块，西一块了[捂脸R],2,2
69ea2b89000000001401e803,69e2583b00000000230211ea,失败|抢救者,失败,抢救者,没有温度的机器人,0,0
69ea2543000000001401dc10,69e2583b00000000230211ea,失败|抢救者,失败,抢救者,假的，这里面直接给干个坑出来？？,3,3
69ea2455000000001401e427,69e2583b00000000230211ea,失败|抢救者,失败,抢救者,倒下了，还不放弃，加油,-1,10
69ea161b0000000014019025,69e2583b00000000230211ea,失败|抢救者,失败,抢救者,一堆废铁而已,9,9
69ea0b74000000001401c41a,69e2583b00000000230211ea,失败|抢救者,失败,抢救者,这美国也不行啊[笑哭R],-1,13
69ea0327000000001401c830,69e2583b00000000230211ea,失败|抢救者,失败,抢救者,难怪机器人最近这么差了[捂脸R][捂脸R][捂脸R],0,0
69ea031e000000001401e40f,69e2583b00000000230211ea,失败|抢救者,失败,抢救者,一开始就整这么高难度的啊 平时不做简单的跨越测试嘛 还没开始呢 就摔的稀巴烂 看的那叫一个崩溃[失望R],-1,10
69e9f968000000001401c006,69e2583b00000000230211ea,失败|抢救者,失败,抢救者,哪来的粉末,2,2
69e9f399000000001401d41e,69e2583b00000000230211ea,失败|抢救者,失败,抢救者,被脚下蓝色带子绊倒了,-1,2
69e9f21b0000000014018c13,69e2583b00000000230211ea,失败|抢救者,失败,抢救者,没设置倾倒断电模式，还不如个吸尘器[doge],-1,6
69e9eb00000000001401e810,69e2583b00000000230211ea,失败|抢救者,失败,抢救者,得进icu了,14,14
69e9e0e50000000014018820,69e2583b00000000230211ea,失败|抢救者,失败,抢救者,原地爆装备,11,11
69e9d88b000000001401c419,69e2583b00000000230211ea,失败|抢救者,失败,抢救者,死了还知道挣扎两下,2,2
69e9d7c9000000001401bc07,69e2583b00000000230211ea,失败|抢救者,失败,抢救者,担架有点多余，直接上扫把垃圾铲吧[偷笑R],6,6
69e9d39b000000001401d426,69e2583b00000000230211ea,失败|抢救者,失败,抢救者,快抬担架！快抬担架来啊！,6,6
69e9d32c000000001401e826,69e2583b00000000230211ea,失败|抢救者,失败,抢救者,起步就被绊倒了[偷笑R]真惨,-1,2
69e9d096000000001401b02d,69e2583b00000000230211ea,失败|抢救者,失败,抢救者,搞完之后一地鸡毛，一片暴雷，资本卷钱离场,3,3
69e9c9cc000000001401880f,69e2583b00000000230211ea,失败|抢救者,失败,抢救者,离真正的智能机器人还远的很，根本都没有感知的东西！,0,0
69e9c72e000000001401a41b,69e2583b00000000230211ea,失败|抢救者,失败,抢救者,我已经帮忙打了120[doge],14,14
69e9c453000000001401d404,69e2583b00000000230211ea,失败|抢救者,失败,抢救者,想减肥，买个机器人替我减,0,0
69e9bdfa000000001401e823,69e2583b00000000230211ea,失败|抢救者,失败,抢救者,还没开始，就先趴下了。,10,10
69e9b85f000000001401d424,69e2583b00000000230211ea,失败|抢救者,失败,抢救者,怎么做到稀碎掉渣的[笑哭R],2,2
69e9b7fb000000001401cc23,69e2583b00000000230211ea,失败|抢救者,失败,抢救者,资本来不及要变现了么。。。,3,3
69e9b44a000000001401e414,69e2583b00000000230211ea,失败|抢救者,失败,抢救者,哈哈哈哈哈哈哈哈还要担架,6,6
69e9b3510000000014018c1a,69e2583b00000000230211ea,失败|抢救者,失败,抢救者,质量不错,9,9
69e9ad0e000000001401d802,69e2583b00000000230211ea,失败|抢救者,失败,抢救者,真的是爆了一地装备,11,11
69e9ab4e0000000014018818,69e2583b00000000230211ea,失败|抢救者,失败,抢救者,突发恶疾[doge],-1,2
69e9aa4a000000001401ac0c,69e2583b00000000230211ea,失败|抢救者,失败,抢救者,技术需要一个过程。,3,3
69e9a941000000001401d412,69e2583b00000000230211ea,失败|抢救者,失败,抢救者,不要紧，下次肯定做的防摔材料,2,2
69e9a481000000001401d40e,69e2583b00000000230211ea,失败|抢救者,失败,抢救者,怎么有点像李乃文进行啊,-1,8
69e9a0ed000000001401b83e,69e2583b00000000230211ea,失败|抢救者,失败,抢救者,时代要进步，就得有牺牲！技术也一样。,3,3
69e99ffc000000001401e436,69e2583b00000000230211ea,失败|抢救者,失败,抢救者,还弄单架干嘛呢[笑哭R],6,6
69e99f37000000001401cc33,69e2583b00000000230211ea,失败|抢救者,失败,抢救者,他们只要过程不要结果，一旦完成比赛，他们就会去国资委拉投资，懂的都懂,3,3
69e99e5b000000001401dc2e,69e2583b00000000230211ea,失败|抢救者,失败,抢救者,我的建议是，不如爬。,-1,5
69e99e04000000001401e417,69e2583b00000000230211ea,失败|抢救者,失败,抢救者,减速带设计也不合理，那么高,-1,13
69e99ddf000000001401bc04,69e2583b00000000230211ea,失败|抢救者,失败,抢救者,绝对是小米产的[笑哭R],-1,12
69e99b61000000001401980c,69e2583b00000000230211ea,失败|抢救者,失败,抢救者,啥材质！掉地上散架了,9,9
69e999ed0000000014019c15,69e2583b00000000230211ea,失败|抢救者,失败,抢救者,漂亮，遥遥领先,-1,4
69e99676000000001401c02b,69e2583b00000000230211ea,失败|抢救者,失败,抢救者,最基本的走路还不会呢，[失望R],-1,0
69e995ab0000000014018804,69e2583b00000000230211ea,失败|抢救者,失败,抢救者,原地自爆，未来战争的发展趋势,-1,0
69e994110000000014018812,69e2583b00000000230211ea,失败|抢救者,失败,抢救者,不是视觉识别，有点[满月R],8,8
69e98ff40000000014019411,69e2583b00000000230211ea,失败|抢救者,失败,抢救者,落地成盒了[笑哭R],-1,-1
69e98b73000000001401d82c,69e2583b00000000230211ea,失败|抢救者,失败,抢救者,完犊子了，跑散架子喽。,-1,9
69e98981000000001401e415,69e2583b00000000230211ea,失败|抢救者,失败,抢救者,那个红色的是心脏吗？哪个器官呢？,12,12
69e9887c000000001401cc2a,69e2583b00000000230211ea,失败|抢救者,失败,抢救者,春晚的机器人不是都已经可以翻跟头了吗[尬住R],15,15
69e988330000000014019804,69e2583b00000000230211ea,失败|抢救者,失败,抢救者,好像脑浆都出来了[失望R],-1,2
69e98382000000001401d82a,69e2583b00000000230211ea,失败|抢救者,失败,抢救者,太厉害了，一出场就爆装备[笑哭R][赞R],11,11
69e97a42000000001401d804,69e2583b00000000230211ea,失败|抢救者,失败,抢救者,看着太疼了[捂脸R],-1,12
69e975cf0000000014019400,69e2583b00000000230211ea,失败|抢救者,失败,抢救者,[偷笑R]自由解体,-1,10
69e974c3000000002b0306d8,69e2583b00000000230211ea,失败|抢救者,失败,抢救者,都是国外开源代码拿过来改吧改吧骗国家补贴的[微笑R][微笑R][微笑R],-1,3
69e9744f000000001401a411,69e2583b00000000230211ea,失败|抢救者,失败,抢救者,打扰下各位有人有空来玩哦主页做个问卷吗（艺术生毕设需）,4,4
69e97430000000001401dc26,69e2583b00000000230211ea,失败|抢救者,失败,抢救者,再怎么也不能够碎成土渣吧，看着也不像AI啊,8,8
69e972770000000014019011,69e2583b00000000230211ea,失败|抢救者,失败,抢救者,这才是真正的机器人，和人一模一样的，会做一模一样的事都是AL,0,0
69e9715d000000001401e40f,69e2583b00000000230211ea,失败|抢救者,失败,抢救者,反正补贴已经到手了,3,3
69e970ad000000001401d41e,69e2583b00000000230211ea,失败|抢救者,失败,抢救者,这个脾气太暴躁了，不能留[捂脸R],-1,2
69e96cf30000000014018c12,69e2583b00000000230211ea,失败|抢救者,失败,抢救者,把机器人做成人的样子永远是最大的一个悖论[笑哭R],0,0
69e96ab1000000001401bc18,69e2583b00000000230211ea,失败|抢救者,失败,抢救者,这是ai吗？怎么可能碎成这样，还有粉末,2,2
69e96745000000001401c404,69e2583b00000000230211ea,失败|抢救者,失败,抢救者,这是胯关节和髌骨没有注入玻璃酸钠,-1,9
69e96493000000001401d80b,69e2583b00000000230211ea,失败|抢救者,失败,抢救者,哈哈，开场即结局[笑哭R],10,10
69e962f0000000001401980d,69e2583b00000000230211ea,失败|抢救者,失败,抢救者,机器人儿🤖也调皮捣蛋摊牌了！我不干了！😁😁😁😁😁,0,0
69e95ef9000000001401e80a,69e2583b00000000230211ea,失败|抢救者,失败,抢救者,毁容加上脑震荡[笑哭R],-1,13
69e95b9f000000001401bc0f,69e2583b00000000230211ea,失败|抢救者,失败,抢救者,摔成渣子了[捂脸R],2,2
69e93717000000001401b002,69e2583b00000000230211ea,失败|抢救者,失败,抢救者,还没开始呢[笑哭R]  就已经结束了,10,10
69e90c07000000001401b805,69e2583b00000000230211ea,失败|抢救者,失败,抢救者,机器人摔倒一群人扶，路上老人摔倒无一人扶,0,0
69e9014c000000001401e400,69e2583b00000000230211ea,失败|抢救者,失败,抢救者,这个测试的时候就有了吧？这么矮都过不去还参加啥,4,4
69e8ef570000000014019419,69e2583b00000000230211ea,失败|抢救者,失败,抢救者,还有粉身碎骨表演啊，我咋不知道[笑哭R],2,2
69e8ed7d000000001401a412,69e2583b00000000230211ea,失败|抢救者,失败,抢救者,这怎么上来就打滚[偷笑R],2,2
69e8e361000000001401a80d,69e2583b00000000230211ea,失败|抢救者,失败,抢救者,真的就是豆腐渣工程,9,9
69e8dc22000000001401cc17,69e2583b00000000230211ea,失败|抢救者,失败,抢救者,不是摔到妈都不认得，是摔到他太奶奶都不认得[笑哭R][笑哭R],2,2
69e8dc0a000000001401a022,69e2583b00000000230211ea,失败|抢救者,失败,抢救者,真的像我的儿子在地上撒泼打滚的样子[偷笑R],-1,2
69e8d61e000000001401d424,69e2583b00000000230211ea,失败|抢救者,失败,抢救者,马拉松只有这一个机器人跑吗？,0,0
69e8d1f5000000001401d81b,69e2583b00000000230211ea,失败|抢救者,失败,抢救者,这看上去扫把簸箕比担架适用[doge],6,6
69e8cf14000000001401bc18,69e2583b00000000230211ea,失败|抢救者,失败,抢救者,底下垫布垫太厚了，影响到了,9,9
69e8c7880000000014019010,69e2583b00000000230211ea,失败|抢救者,失败,抢救者,先帝创业未开始而直接崩殂,10,10
69e8c418000000001401b82e,69e2583b00000000230211ea,失败|抢救者,失败,抢救者,这视频即将在外网疯传并配文z国机器人泡沫[捂脸R],0,0
69e8c1850000000014019c26,69e2583b00000000230211ea,失败|抢救者,失败,抢救者,从不测试越障？,-1,4
69e8be45000000001401c406,69e2583b00000000230211ea,失败|抢救者,失败,抢救者,用差料好控制成本。,-1,5
69e8bc24000000001401d832,69e2583b00000000230211ea,失败|抢救者,失败,抢救者,跑之前就没有试过？,-1,7
69e8b62f000000001401a029,69e2583b00000000230211ea,失败|抢救者,失败,抢救者,还指望机器人一以后打仗冲到前线，这中个球。,0,0
69e8b34b0000000014018810,69e2583b00000000230211ea,失败|抢救者,失败,抢救者,地上为啥做个凸起,-1,4
69e8a4af000000001401d425,69e2583b00000000230211ea,失败|抢救者,失败,抢救者,拿遥控器那个立马开除,5,5
69e8a42e000000001401901f,69e2583b00000000230211ea,失败|抢救者,失败,抢救者,这玩意还要拿个担架，直接拎起来就是了[doge],6,6
69e8a3a8000000001401cc1a,69e2583b00000000230211ea,失败|抢救者,失败,抢救者,苏联机器人,0,0
69e8a2ac000000001401bc28,69e2583b00000000230211ea,失败|抢救者,失败,抢救者,为啥不上来机器人担架队？[doge],0,0
69e89ea90000000014019c21,69e2583b00000000230211ea,失败|抢救者,失败,抢救者,说实话这还不如小孩的遥控玩具车[笑哭R],5,5
69e89e94000000001401ac1e,69e2583b00000000230211ea,失败|抢救者,失败,抢救者,就业岗位挺多啊，摔一跤就解决了4个人的饭碗，还不包括零部件公司，售后，机修师傅[偷笑R][偷笑R][偷笑R],-1,3
69e89cef000000001401c421,69e2583b00000000230211ea,失败|抢救者,失败,抢救者,为什么摔一下直接解体,2,2
69e89412000000001401c037,69e2583b00000000230211ea,失败|抢救者,失败,抢救者,别拦我，我要和它比,-1,5
69e888810000000014019019,69e2583b00000000230211ea,失败|抢救者,失败,抢救者,这爆率太高了吧，爆一地装备[偷笑R],11,11
69e8876d000000001401e025,69e2583b00000000230211ea,失败|抢救者,失败,抢救者,我就觉得整天研究这种东西干啥[笑哭R]春晚看机器人赛跑吗我说,15,15
69e886320000000014019819,69e2583b00000000230211ea,失败|抢救者,失败,抢救者,没事  投资的钱已经到账了[偷笑R],3,3
69e8852c000000001401a000,69e2583b00000000230211ea,失败|抢救者,失败,抢救者,姿态不行，配件不耐摔，,-1,13
69e87c79000000001401c818,69e2583b00000000230211ea,失败|抢救者,失败,抢救者,哎呀，爆一地装备，笑死了,11,11
69e875a8000000001401e40b,69e2583b00000000230211ea,失败|抢救者,失败,抢救者,我艹，还发脾气了！就像家里老婆没有买包的感觉[笑哭R][笑哭R],-1,14
69e874400000000014019027,69e2583b00000000230211ea,失败|抢救者,失败,抢救者,为啥就不考虑到检测到跌倒就自锁呢，还疯狂挣扎[汗颜R],2,2
69e87418000000001401a412,69e2583b00000000230211ea,失败|抢救者,失败,抢救者,心疼程序员一秒钟[捂脸R],-1,9
69e86c510000000014019019,69e2583b00000000230211ea,失败|抢救者,失败,抢救者,这是，充满了对马拉松的不满啊[笑哭R],4,4
69e86ac8000000001401980a,69e2583b00000000230211ea,失败|抢救者,失败,抢救者,保险公司索赔，在起跑处地面设置障碍的组织者,-1,2
69e86a59000000001401a407,69e2583b00000000230211ea,失败|抢救者,失败,抢救者,出师未捷身先死，长使英雄泪满襟，天意高难问，人情老易悲。尊前江汉阔，后会且深期,10,10
69e86a30000000001401d41a,69e2583b00000000230211ea,失败|抢救者,失败,抢救者,粉身碎骨具象化,-1,2
69e867f5000000001401a008,69e2583b00000000230211ea,失败|抢救者,失败,抢救者,[捂脸R]长距离移动我另有机械可选，不知道为什么机器人要参加马拉松,0,0
69e864e5000000001401b809,69e2583b00000000230211ea,失败|抢救者,失败,抢救者,地上弄那蓝色布条干啥,-1,2
69e85dab000000001401e81c,69e2583b00000000230211ea,失败|抢救者,失败,抢救者,散成一堆碎零件了，我还以为是ai,8,8
69e85c06000000001401a400,69e2583b00000000230211ea,失败|抢救者,失败,抢救者,这肯定又被转发到国外,-1,0
69e858bc000000001401cc04,69e2583b00000000230211ea,失败|抢救者,失败,抢救者,故意的障碍,-1,2
69e857fe000000001401e41f,69e2583b00000000230211ea,失败|抢救者,失败,抢救者,为什么选像玻璃瓷器一样的材料,9,9
69e855a70000000014019407,69e2583b00000000230211ea,失败|抢救者,失败,抢救者,我以为是我手机没电了,-1,7
69e85336000000001401c80d,69e2583b00000000230211ea,失败|抢救者,失败,抢救者,啥材料？比豆腐渣都易碎,2,2
69e8507a000000001401dc2d,69e2583b00000000230211ea,失败|抢救者,失败,抢救者,这时候再出来一个清洁机器人，那就大结局了,0,0
69e84ec3000000001401900d,69e2583b00000000230211ea,失败|抢救者,失败,抢救者,这代价可高了,-1,10
69e84c09000000001401c80d,69e2583b00000000230211ea,失败|抢救者,失败,抢救者,这真诠释了输在起跑线上了,-1,10
69e84a0f000000001401a417,69e2583b00000000230211ea,失败|抢救者,失败,抢救者,当场逝世[捂脸R],-1,2
69e847790000000014019c05,69e2583b00000000230211ea,失败|抢救者,失败,抢救者,期待游泳机器人和睡觉机器人,0,0
69e844b2000000001401e421,69e2583b00000000230211ea,失败|抢救者,失败,抢救者,摔之前:这可是最先进的跑步机器人！    摔之后 :把这堆垃圾清理走[抠鼻R],0,0
69e83c25000000001401981f,69e2583b00000000230211ea,失败|抢救者,失败,抢救者,郭德纲于谦的相声成真了：往外到处飞零件儿,-1,9
69e83acd000000001401e829,69e2583b00000000230211ea,失败|抢救者,失败,抢救者,原地自爆系统[捂脸R],-1,13
69e839d6000000001401a817,69e2583b00000000230211ea,失败|抢救者,失败,抢救者,这个确实做的不行啊,9,9
69e83762000000001401e004,69e2583b00000000230211ea,失败|抢救者,失败,抢救者,摔出癫痫了[笑哭R],-1,2
69e83339000000001401a40a,69e2583b00000000230211ea,失败|抢救者,失败,抢救者,就跑了几步一个缓冲碎了下班,-1,4
69e830cf000000001401e426,69e2583b00000000230211ea,失败|抢救者,失败,抢救者,还得拿扫帚扫一地灰,6,6
69e82f6c000000001401ac22,69e2583b00000000230211ea,失败|抢救者,失败,抢救者,那个程序算法上不能改进一下吗？一旦跌倒了就不要再挣扎了,2,2
69e82a10000000001401981a,69e2583b00000000230211ea,失败|抢救者,失败,抢救者,我大宝前几天和我讨论以后机器人代替人类的事情，我说别做梦了，最多干点活，怎么可能代替人类呢，它们还是人发明的，很多活还是机器人干不了的,0,0
69e824ef000000001401a419,69e2583b00000000230211ea,失败|抢救者,失败,抢救者,应该是胶带那里太滑了吧，全部沥青地面就不会摔,2,2
69e82471000000001401cc0a,69e2583b00000000230211ea,失败|抢救者,失败,抢救者,机器人也有碰瓷的,0,0
69e821b5000000001401e02a,69e2583b00000000230211ea,失败|抢救者,失败,抢救者,自考拆解,-1,-1
69e82036000000001401bc1e,69e2583b00000000230211ea,失败|抢救者,失败,抢救者,所以机器人技术还不成熟 等成熟了就灭了人类,0,0
69e81f0c0000000014019003,69e2583b00000000230211ea,失败|抢救者,失败,抢救者,这个机器人怎么不跑反倒爆装备呢？[doge],0,0
69e81e99000000001401c803,69e2583b00000000230211ea,失败|抢救者,失败,抢救者,还有抢救的必要吗[捂脸R],14,14
69e81e2a000000001401b831,69e2583b00000000230211ea,失败|抢救者,失败,抢救者,先不说机器人程序怎么样，你看看这质量，就这么摔一下，粉碎性骨折，中国的产品啊……你品吧,0,0
69e81dd90000000014018822,69e2583b00000000230211ea,失败|抢救者,失败,抢救者,主人那个心疼啊：制作三个月，报废三秒钟[扶额R],9,9
69e81dc9000000001401c023,69e2583b00000000230211ea,失败|抢救者,失败,抢救者,一股马达味,-1,-1
69e81d090000000014019404,69e2583b00000000230211ea,失败|抢救者,失败,抢救者,还没开始就结束了[大笑R],10,10
69e81b8c000000001401c02a,69e2583b00000000230211ea,失败|抢救者,失败,抢救者,还得努力 从强度上开始 慢慢来,-1,10
69e81b4e000000001401d40e,69e2583b00000000230211ea,失败|抢救者,失败,抢救者,就这怎么保护约翰,-1,13
69e81a71000000001401d409,69e2583b00000000230211ea,失败|抢救者,失败,抢救者,这是对主人多大意见，还没开始就自杀了,-1,10
69e819e3000000001401a017,69e2583b00000000230211ea,失败|抢救者,失败,抢救者,这个脚抬得高度设置的太低了，过不了减速带啊。[偷笑R],-1,0
69e819d1000000001401880d,69e2583b00000000230211ea,失败|抢救者,失败,抢救者,还抬担架[失望R]直接抱起来跑。,6,6
69e81967000000001401b003,69e2583b00000000230211ea,失败|抢救者,失败,抢救者,反向宣传,3,3
69e818d2000000001401c019,69e2583b00000000230211ea,失败|抢救者,失败,抢救者,这些人冲过去我一瞬间以为他们要用布赶紧盖起来,7,7
69e81855000000001401c001,69e2583b00000000230211ea,失败|抢救者,失败,抢救者,放担架的一瞬间给我逗乐了,6,6
69e817a5000000001401b00b,69e2583b00000000230211ea,失败|抢救者,失败,抢救者,计算机专业当产品经理的结果。,-1,3
69e8159b000000001401e003,69e2583b00000000230211ea,失败|抢救者,失败,抢救者,明年的机器人马拉松就该有机器人工作人员负责医疗救护了,0,0
69e81552000000001401ac06,69e2583b00000000230211ea,失败|抢救者,失败,抢救者,想起了那个老王天放[偷笑R],1,1
69e81551000000001401e00e,69e2583b00000000230211ea,失败|抢救者,失败,抢救者,启动自毁模式,-1,0
69e814f6000000001401c41d,69e2583b00000000230211ea,失败|抢救者,失败,抢救者,谁能想到起跑线搞个这么高的台阶啊 心疼程序员,-1,0
69e8149f0000000014019003,69e2583b00000000230211ea,失败|抢救者,失败,抢救者,遥遥领先的机器人就这个水平[笑哭R],0,0
69e81475000000001401dc11,69e2583b00000000230211ea,失败|抢救者,失败,抢救者,我怀疑这个机器人是敌对势力派来的，用来来抹黑我们中国的。,0,0
69e8145e000000001401cc19,69e2583b00000000230211ea,失败|抢救者,失败,抢救者,脑梗而已,2,2
69e81430000000001401dc00,69e2583b00000000230211ea,失败|抢救者,失败,抢救者,挺决绝的，不想跑，干脆自毁,-1,4
69e813ac000000001401bc0b,69e2583b00000000230211ea,失败|抢救者,失败,抢救者,快快快，先上遮羞布[doge]盖上再说,-1,3
69e81357000000001401bc13,69e2583b00000000230211ea,失败|抢救者,失败,抢救者,还没开始就结束了,10,10
69e812a1000000001401dc02,69e2583b00000000230211ea,失败|抢救者,失败,抢救者,多年以后的硅基生命：看，这就是我们的来时路,0,0
69e81240000000001401cc0c,69e2583b00000000230211ea,失败|抢救者,失败,抢救者,研究出来的什么玩意，我是工程师我都找个地缝钻进去,3,3
69e811f3000000001401b015,69e2583b00000000230211ea,失败|抢救者,失败,抢救者,好惨烈[扶额R]还让怎么处理一下[扶额R],-1,2
69e81130000000001401a006,69e2583b00000000230211ea,失败|抢救者,失败,抢救者,非得二足吗？[doge],-1,0
69e810e5000000001401ac02,69e2583b00000000230211ea,失败|抢救者,失败,抢救者,机器人为什么非得长腿？,0,0
69e80ed50000000014019806,69e2583b00000000230211ea,失败|抢救者,失败,抢救者,这么不结实 摔一次就零碎了,2,2
69e80dd2000000001401b008,69e2583b00000000230211ea,失败|抢救者,失败,抢救者,[汗颜R]刚起步跑了个粉身碎骨,-1,2
69e80d99000000001401e013,69e2583b00000000230211ea,失败|抢救者,失败,抢救者,摔倒那一下没有血，我怎么有好血腥的感觉[捂脸R],2,2
69e80c98000000001401e007,69e2583b00000000230211ea,失败|抢救者,失败,抢救者,只是机械式的移动，而非机器人，无判断能力，为了做出来而做，快餐产品，没什么技术,0,0
69e80c85000000001401c404,69e2583b00000000230211ea,失败|抢救者,失败,抢救者,起跑线即终点线,-1,10
69e80c4c000000001401d41b,69e2583b00000000230211ea,失败|抢救者,失败,抢救者,就这么一下就粉碎性骨折了 ？ 也太不抗造了,-1,2
69e80c42000000001401ac07,69e2583b00000000230211ea,失败|抢救者,失败,抢救者,啥子品牌   9.35分  远离他股票,3,3
69e80be60000000014018808,69e2583b00000000230211ea,失败|抢救者,失败,抢救者,太人性化了，还有担架[笑哭R][笑哭R],6,6
69e80b9b000000001401a80e,69e2583b00000000230211ea,失败|抢救者,失败,抢救者,本末倒置了，人抬机器人。,0,0
69e80b80000000001401cc09,69e2583b00000000230211ea,失败|抢救者,失败,抢救者,反正都是比赛跑步了，为什么还要设计成人形呢[笑哭R],0,0
69e80b3b0000000014018c0c,69e2583b00000000230211ea,失败|抢救者,失败,抢救者,还没升空就解体了,10,10
69e80ae0000000001401e803,69e2583b00000000230211ea,失败|抢救者,失败,抢救者,工作人员：下班喽[偷笑R],-1,1
69e80abe000000001401cc04,69e2583b00000000230211ea,失败|抢救者,失败,抢救者,快删了，我老婆重仓了机器人[失望R],-1,0
69e80a1a000000001401a801,69e2583b00000000230211ea,失败|抢救者,失败,抢救者,这也太脆了吧？就不能做结实点吗？,9,9
69e80a020000000014018803,69e2583b00000000230211ea,失败|抢救者,失败,抢救者,继续整改,1,1
69e80811000000001401e40b,69e2583b00000000230211ea,失败|抢救者,失败,抢救者,这么一个小台阶都过不去。,-1,4
69e80774000000001401bc12,69e2583b00000000230211ea,失败|抢救者,失败,抢救者,拿担架不如拿个垃圾桶,6,6
69e805640000000014018c0a,69e2583b00000000230211ea,失败|抢救者,失败,抢救者,盖灵布的车企业有的一拼,3,3
69e8053b000000001401b802,69e2583b00000000230211ea,失败|抢救者,失败,抢救者,为什么起始线要弄个鼓包 不是平的 又不是汽车不需要减速带,-1,0
69e80476000000001401ac01,69e2583b00000000230211ea,失败|抢救者,失败,抢救者,摔得稀碎[doge],2,2
69e804360000000014019802,69e2583b00000000230211ea,失败|抢救者,失败,抢救者,东一块西一块,2,2
69e801fe000000001401bc0a,69e2583b00000000230211ea,失败|抢救者,失败,抢救者,恭喜你发出来了，爆了,-1,5
69e80118000000001401a807,69e2583b00000000230211ea,失败|抢救者,失败,抢救者,虽然他不太好了，可抬担架来抢救有点搞笑😂,6,6
69e800820000000014019007,69e2583b00000000230211ea,失败|抢救者,失败,抢救者,这个越野能力不如轮子[勾引R],-1,0
69e7ffa5000000001401c00a,69e2583b00000000230211ea,失败|抢救者,失败,抢救者,机器人摔了我没笑，工作人员拿来单架是真的蚌埠住了[笑哭R][笑哭R][笑哭R][笑哭R][笑哭R][笑哭R][笑哭R][笑哭R][笑哭R][笑哭R][笑哭R],0,0
69e7fefb0000000014019c07,69e2583b00000000230211ea,失败|抢救者,失败,抢救者,腿抬高点不行么,-1,13
69e7fd5f000000001401a407,69e2583b00000000230211ea,失败|抢救者,失败,抢救者,这是去年上一届的视频吧,-1,4
69e7fc7a000000001401b006,69e2583b00000000230211ea,失败|抢救者,失败,抢救者,回收塑料做的吧,-1,9
69e7fbca000000001401b809,69e2583b00000000230211ea,失败|抢救者,失败,抢救者,他倒地会疼吧[捂脸R]不然怎么那么痛苦呢,2,2
69e7fa77000000001401d405,69e2583b00000000230211ea,失败|抢救者,失败,抢救者,还能抢救一下,14,14
69e7f9a60000000014018c03,69e2583b00000000230211ea,失败|抢救者,失败,抢救者,在家没测试吗？[doge],-1,2
69e7f772000000001401b006,69e2583b00000000230211ea,失败|抢救者,失败,抢救者,这一摔，多少money没了？,2,2
69e7f7720000000014019800,69e2583b00000000230211ea,失败|抢救者,失败,抢救者,好像有点死哦,-1,2
69e7f663000000001401e003,69e2583b00000000230211ea,失败|抢救者,失败,抢救者,春晚上空翻的机器人没有参加吗,15,15
69e7f60c000000001401a001,69e2583b00000000230211ea,失败|抢救者,失败,抢救者,怎么还有粉末啊，脆成这样[笑哭R],2,2
69e7f3cf000000001401c808,69e2583b00000000230211ea,失败|抢救者,失败,抢救者,笑死了[笑哭R][笑哭R][笑哭R][笑哭R]，看着真好玩,1,1
69e7efca000000001401e001,69e2583b00000000230211ea,失败|抢救者,失败,抢救者,我擦把自己摔死了，碰瓷专用,2,2
69e7ee4c000000001401b802,69e2583b00000000230211ea,失败|抢救者,失败,抢救者,这相当于死翘翘的意思了吧[哭惹R],2,2
69e7ec84000000002b0307e8,69e2583b00000000230211ea,失败|抢救者,失败,抢救者,专门摔的吧，要不然怎么可能摔出那么多灰,2,2
69e7e8c3000000001401a401,69e2583b00000000230211ea,失败|抢救者,失败,抢救者,零件跑一地,-1,2
69e7d76d000000001401cc04,69e2583b00000000230211ea,失败|抢救者,失败,抢救者,人家不愿意参加，非得让人家去,-1,4
69e7d681000000001401b003,69e2583b00000000230211ea,失败|抢救者,失败,抢救者,机器人，解体[doge],0,0
69e7d668000000001401c805,69e2583b00000000230211ea,失败|抢救者,失败,抢救者,出师未捷身先死[微笑R],10,10
69e7cacc000000002d03115b,69e2583b00000000230211ea,失败|抢救者,失败,抢救者,事实证明不能让人类太闲，一闲下来就开始各种造。[doge],-1,10
69e7c99c000000001401e002,69e2583b00000000230211ea,失败|抢救者,失败,抢救者,机器人本来是起步阶段，半成品的阶段，还没做出来，就有博主开了个口子说哎呀好厉害了，给西方社媒知道然后宣传上了，那怎么办啊，国外都关注到了，因为要面子啊，要坐实科技大国的位子，就把半成品搬上台了。,0,0
69e7c85f0000000014019804,69e2583b00000000230211ea,失败|抢救者,失败,抢救者,老年机器人吗，摔一跤就不行了[笑哭R],0,0
69e7c1de000000001401c401,69e2583b00000000230211ea,失败|抢救者,失败,抢救者,这个材质是不是太差了点,9,9
69e7bcca000000001401e805,69e2583b00000000230211ea,失败|抢救者,失败,抢救者,碰瓷机器人都设计出来了[汗颜R],0,0
69e7bc46000000001401dc05,69e2583b00000000230211ea,失败|抢救者,失败,抢救者,一个机器人创造了4个就业岗位。好东西,-1,0
69e7bbab000000001401b809,69e2583b00000000230211ea,失败|抢救者,失败,抢救者,这，找蛇皮袋往里弄呀，整啥担架呢,6,6
69e7b952000000001401a408,69e2583b00000000230211ea,失败|抢救者,失败,抢救者,一个机器人三个看护是标配,7,7
69e7b911000000001401cc02,69e2583b00000000230211ea,失败|抢救者,失败,抢救者,20多个w就废了,-1,0
69e7b884000000001401a004,69e2583b00000000230211ea,失败|抢救者,失败,抢救者,我靠比我想象的还要糟糕,-1,7
69e7b481000000001401c407,69e2583b00000000230211ea,失败|抢救者,失败,抢救者,这种公司不行就先解散了吧[捂脸R]软件不行，质量还不能造结实点吗,3,3
69e7b453000000002d033ee0,69e2583b00000000230211ea,失败|抢救者,失败,抢救者,I will do the same thing if I have to run a marathon [笑哭R],4,4
69e7b0cd000000002b0315c6,69e2583b00000000230211ea,失败|抢救者,失败,抢救者,那些机器人都一样，预先编程，然后遥控，地面多几个bumper保管全军覆没,-1,5
69e7aff8000000001401d40c,69e2583b00000000230211ea,失败|抢救者,失败,抢救者,刘禅死了就是碎一地[捂脸R],2,2
69e7aced0000000014018c03,69e2583b00000000230211ea,失败|抢救者,失败,抢救者,好家伙，这是什么质量啊？一下就给全部瓦解了,9,9
69e7abc2000000001401d410,69e2583b00000000230211ea,失败|抢救者,失败,抢救者,装备爆一地,11,11
69e7aab50000000014018808,69e2583b00000000230211ea,失败|抢救者,失败,抢救者,差点没给我笑出来，直接粉身碎骨,1,1
69e7aa51000000001401d803,69e2583b00000000230211ea,失败|抢救者,失败,抢救者,为什么不打120,14,14
69e7aa0d000000001401cc16,69e2583b00000000230211ea,失败|抢救者,失败,抢救者,为中国机器人从幕后走向台前的勇敢点赞，为中国科技的执着发展点赞[拔草R],0,0
69e7a8b4000000001401e807,69e2583b00000000230211ea,失败|抢救者,失败,抢救者,要放乃文进行曲[doge],1,1
69e7a879000000001401cc02,69e2583b00000000230211ea,失败|抢救者,失败,抢救者,不应该拿个婴儿车装吗,5,5
69e7a810000000002d0233dc,69e2583b00000000230211ea,失败|抢救者,失败,抢救者,应该拉个垃圾桶过来收拾吧？[失望R],6,6
69e7a6d2000000001401a808,69e2583b00000000230211ea,失败|抢救者,失败,抢救者,啊？[笑哭R]再怎么脆也不能这样就成渣吧,2,2
69e7a5cd000000001401e410,69e2583b00000000230211ea,失败|抢救者,失败,抢救者,好像把骨灰摔出来了[偷笑R],2,2
69e7a3be000000001401b00b,69e2583b00000000230211ea,失败|抢救者,失败,抢救者,过减速带直接减配了,-1,0
69e7a3a6000000001401b012,69e2583b00000000230211ea,失败|抢救者,失败,抢救者,爆率真高啊[偷笑R],11,11
69e7a230000000001401d800,69e2583b00000000230211ea,失败|抢救者,失败,抢救者,材质碳纤维为主,9,9
69e7a1ff000000001401b826,69e2583b00000000230211ea,失败|抢救者,失败,抢救者,还有科研人员的心碎声,3,3
69e7a1ac000000001401b805,69e2583b00000000230211ea,失败|抢救者,失败,抢救者,脚都抬不起来，这得有85以上了吧,-1,3
69e7a155000000001401cc1a,69e2583b00000000230211ea,失败|抢救者,失败,抢救者,跑800我就这样装傻[黄金薯R],4,4
69e79e9b000000001401d421,69e2583b00000000230211ea,失败|抢救者,失败,抢救者,想知道是哪家的[偷笑R],-1,0
69e79c5a000000001401b01a,69e2583b00000000230211ea,失败|抢救者,失败,抢救者,这是哪家公司的耻辱？,-1,3
69e79b4b0000000014019409,69e2583b00000000230211ea,失败|抢救者,失败,抢救者,魔法原子机器人,0,0
69e7998c000000001401a822,69e2583b00000000230211ea,失败|抢救者,失败,抢救者,纸糊的，还能爆装备,11,11
69e796a6000000001401a826,69e2583b00000000230211ea,失败|抢救者,失败,抢救者,10亿项目款，落实到实践中有多少？群众的眼光是雪亮的,3,3
69e793b2000000001401bc27,69e2583b00000000230211ea,失败|抢救者,失败,抢救者,胳膊飞起来转体好几周半[笑哭R],2,2
69e792c5000000001401d802,69e2583b00000000230211ea,失败|抢救者,失败,抢救者,你们不觉得这个如果上春晚，收视率会更高吗,15,15
69e79240000000001401a803,69e2583b00000000230211ea,失败|抢救者,失败,抢救者,这质量不行！[笑哭R],9,9
69e7923b000000001401902c,69e2583b00000000230211ea,失败|抢救者,失败,抢救者,3.2.1原地爆炸的感觉[捂脸R],-1,11
69e791e9000000001401e813,69e2583b00000000230211ea,失败|抢救者,失败,抢救者,说了多少次了不要用塑料壳[笑哭R][笑哭R][笑哭R],-1,9
69e79194000000001401e803,69e2583b00000000230211ea,失败|抢救者,失败,抢救者,感觉损失了好多钱[笑哭R],-1,-1
69e79143000000001401a413,69e2583b00000000230211ea,失败|抢救者,失败,抢救者,刚上场就阵亡了,10,10
69e7910c000000001401a428,69e2583b00000000230211ea,失败|抢救者,失败,抢救者,还得自行截肢的[捂脸R],2,2
69e790e0000000001401e02f,69e2583b00000000230211ea,失败|抢救者,失败,抢救者,抬担架，是担心他骨折了吗？[偷笑R],6,6
69e79083000000001401bc2b,69e2583b00000000230211ea,失败|抢救者,失败,抢救者,工作人员把扫帚🧹拿上啊[笑哭R],6,6
69e78ff60000000014018c04,69e2583b00000000230211ea,失败|抢救者,失败,抢救者,启动了自毁程序？,-1,8
69e78f28000000001401c822,69e2583b00000000230211ea,失败|抢救者,失败,抢救者,起点就开始爆装备[doge],11,11
69e78f24000000001401d80e,69e2583b00000000230211ea,失败|抢救者,失败,抢救者,最后担架我是没绷住，哈哈哈哈,6,6
69e78dbd000000001401bc3c,69e2583b00000000230211ea,失败|抢救者,失败,抢救者,还回来充电吗？,13,13
69e78c1f0000000014018c19,69e2583b00000000230211ea,失败|抢救者,失败,抢救者,开局就走向了死亡[笑哭R],10,10
69e78b7e0000000014019816,69e2583b00000000230211ea,失败|抢救者,失败,抢救者,遇到点挫折，就崩溃,2,2
69e788d8000000001401e02e,69e2583b00000000230211ea,失败|抢救者,失败,抢救者,原地解体,-1,10
69e787ba000000001401c019,69e2583b00000000230211ea,失败|抢救者,失败,抢救者,这个应该是3d打印做的，一摔就废,9,9
69e78608000000001401c42a,69e2583b00000000230211ea,失败|抢救者,失败,抢救者,。材料太脆了。,9,9
69e78475000000001401ac07,69e2583b00000000230211ea,失败|抢救者,失败,抢救者,Tmd吓死我了[捂脸R],-1,0
69e783e0000000001401ac1d,69e2583b00000000230211ea,失败|抢救者,失败,抢救者,[失望R][失望R][失望R]哈哈哈，这是哪家公司造[失望R]的机器人啊,0,0
69e782a4000000001401a408,69e2583b00000000230211ea,失败|抢救者,失败,抢救者,醉酒？高血压？脑梗死？,-1,0
69e7827b000000001401b837,69e2583b00000000230211ea,失败|抢救者,失败,抢救者,不应该叫机器人，应该叫仿人型机器,0,0
69e78245000000001401e834,69e2583b00000000230211ea,失败|抢救者,失败,抢救者,他摔倒的那一刻我没笑，直到他拿出来了担架,6,6
69e78237000000001401c00c,69e2583b00000000230211ea,失败|抢救者,失败,抢救者,过热保护,13,13
69e77fab0000000014019414,69e2583b00000000230211ea,失败|抢救者,失败,抢救者,机器人不是人，不过就是一台机器。,0,0
69e77ec6000000001401ac0a,69e2583b00000000230211ea,失败|抢救者,失败,抢救者,防止地球人捡到拿去研究，机器人选择自毁程序,0,0
69e77e04000000001401d432,69e2583b00000000230211ea,失败|抢救者,失败,抢救者,不明白，用遥控车不又快又稳,5,5
69e77ca0000000001401dc18,69e2583b00000000230211ea,失败|抢救者,失败,抢救者,哪家公司的，人丢大了[笑哭R][笑哭R][笑哭R][笑哭R][笑哭R],-1,3
69e7795d000000001401b81e,69e2583b00000000230211ea,失败|抢救者,失败,抢救者,哥们爆装备了。,11,11
69e778ea000000001401dc03,69e2583b00000000230211ea,失败|抢救者,失败,抢救者,昨晚熬夜锻炼了一晚上，猝死了,2,2
69e7779d000000001401e005,69e2583b00000000230211ea,失败|抢救者,失败,抢救者,躺在地下还不不忘记腿要跑,-1,2
69e77761000000001401c00c,69e2583b00000000230211ea,失败|抢救者,失败,抢救者,真是吃饱了撑得,-1,1
69e7750b0000000014019831,69e2583b00000000230211ea,失败|抢救者,失败,抢救者,蛋碎一地,2,2
69e77374000000001401d426,69e2583b00000000230211ea,失败|抢救者,失败,抢救者,这不对吧，还能摔成碎末？他的主体成份是有水泥吗？[笑哭R],2,2
69e76e17000000001401c41a,69e2583b00000000230211ea,失败|抢救者,失败,抢救者,用的这外壳材料这些，真的是太不结实了。,9,9
69e76ccf0000000014019815,69e2583b00000000230211ea,失败|抢救者,失败,抢救者,现在知道了吧，跑得快不一定危险，还有就是，慢跑容易掉头[笑哭R][捂脸R],4,4
69e76989000000001401b807,69e2583b00000000230211ea,失败|抢救者,失败,抢救者,一坨黑色粉是什么,2,2
69e76984000000001401c01d,69e2583b00000000230211ea,失败|抢救者,失败,抢救者,太血腥了能不能打个码,-1,2
69e7686c000000001401e431,69e2583b00000000230211ea,失败|抢救者,失败,抢救者,哈哈担架什么意思[笑哭R],6,6
69e76694000000001401a01a,69e2583b00000000230211ea,失败|抢救者,失败,抢救者,是不是废好多钱啊,-1,3
69e54c45000000001401c803,69e2583b00000000230211ea,失败|抢救者,失败,抢救者,地上的两个杠考验技能,8,8
69e506aa000000001401c00b,69e2583b00000000230211ea,失败|抢救者,失败,抢救者,哈哈 摔得稀碎[捂脸R],2,2
69e50118000000001401bc04,69e2583b00000000230211ea,失败|抢救者,失败,抢救者,终于知道担架的用处了[捂脸R]又可怜又好笑,6,6
69e4d512000000001401c44a,69e2583b00000000230211ea,失败|抢救者,失败,抢救者,我记得是不是有豆脚[doge],-1,9
69e4d024000000001401980c,69e2583b00000000230211ea,失败|抢救者,失败,抢救者,苏联解体了（致歉,10,10
69e4c17c000000001401d434,69e2583b00000000230211ea,失败|抢救者,失败,抢救者,还拿了个担架抬着[捂脸R],6,6
69e4bb65000000001401c405,69e2583b00000000230211ea,失败|抢救者,失败,抢救者,所以说我们中国发展进步的机器人不是什么好事情使劲久了，你们的知道了,0,0
69e4b739000000001401a40f,69e2583b00000000230211ea,失败|抢救者,失败,抢救者,抽搐了几下，就死了,2,2
69e4b563000000001401b80d,69e2583b00000000230211ea,失败|抢救者,失败,抢救者,担架抬去哪个医院？,6,6
69e4a562000000001401b02a,69e2583b00000000230211ea,失败|抢救者,失败,抢救者,机器人：再让我走来走去我就嘎嘣一下死这[doge],0,0
69e496ed0000000014019410,69e2583b00000000230211ea,失败|抢救者,失败,抢救者,先帝创业未半而中道崩殂,10,10
69e49641000000001401dc34,69e2583b00000000230211ea,失败|抢救者,失败,抢救者,粉末性骨折[doge],-1,2
69e495ba000000001401ac14,69e2583b00000000230211ea,失败|抢救者,失败,抢救者,骗了多少经费,3,3
69e49501000000001401dc21,69e2583b00000000230211ea,失败|抢救者,失败,抢救者,直线中过人吃,-1,-1
69e494fb000000001401c005,69e2583b00000000230211ea,失败|抢救者,失败,抢救者,减速带应该彻底取消,-1,2
69e491e00000000014019c0b,69e2583b00000000230211ea,失败|抢救者,失败,抢救者,这里不准睡觉,-1,1
69e4904b000000001401d80a,69e2583b00000000230211ea,失败|抢救者,失败,抢救者,一定没有补课，输在起跑线上了[失望R],-1,0
69e48d65000000001401e819,69e2583b00000000230211ea,失败|抢救者,失败,抢救者,离谱到我以为是ai做的[笑哭R],8,8
69e48955000000001401c805,69e2583b00000000230211ea,失败|抢救者,失败,抢救者,还有担架，我绷不住了[笑哭R],6,6
69e488e0000000001401980a,69e2583b00000000230211ea,失败|抢救者,失败,抢救者,第一个坎就没过去,10,10
69e4827a000000001401a419,69e2583b00000000230211ea,失败|抢救者,失败,抢救者,他遇到减速带。,-1,2
69e481e40000000014019811,69e2583b00000000230211ea,失败|抢救者,失败,抢救者,都3d打印件吗？那么脆。。。。cnc鋁合金和碳纤件都沒用？,9,9
69e481df000000001401e426,69e2583b00000000230211ea,失败|抢救者,失败,抢救者,我觉得不用担架，直接拿个簸箕，那个扫把，再拿个袋儿就行。,6,6
69e4811c000000001401c800,69e2583b00000000230211ea,失败|抢救者,失败,抢救者,摆烂发出自我毁灭[偷笑R][偷笑R],-1,0
69e481180000000014019c08,69e2583b00000000230211ea,失败|抢救者,失败,抢救者,天崩开局,-1,10
69e480d4000000001401c80d,69e2583b00000000230211ea,失败|抢救者,失败,抢救者,肝脑涂地涂地,-1,-1
69e480bb0000000014019810,69e2583b00000000230211ea,失败|抢救者,失败,抢救者,本来好好的看着，摔倒的瞬间口水喷了平板一脸[doge],2,2
69e4809d000000001401e837,69e2583b00000000230211ea,失败|抢救者,失败,抢救者,哪家公司的认领一下,-1,3
69e47fb4000000001401d823,69e2583b00000000230211ea,失败|抢救者,失败,抢救者,机器人是有多厌世，轻轻一摔支离破碎,0,0
69e4797e000000001401981f,69e2583b00000000230211ea,失败|抢救者,失败,抢救者,担架多余了，用麻袋收拾的干净[捂脸R],6,6
69e47161000000001401e821,69e2583b00000000230211ea,失败|抢救者,失败,抢救者,这……一开始是脑梗，摔倒后心梗了[大笑R],2,2
69e4710a000000001401c419,69e2583b00000000230211ea,失败|抢救者,失败,抢救者,这科技非常先进哈[大笑R][大笑R][大笑R],0,0
69e470ca000000001401c023,69e2583b00000000230211ea,失败|抢救者,失败,抢救者,股东直接当天退股,3,3
69e47055000000001401c014,69e2583b00000000230211ea,失败|抢救者,失败,抢救者,其他一般，倒地挣扎那几下挺像那么回事的[doge],2,2
69e46f6d000000001401bc37,69e2583b00000000230211ea,失败|抢救者,失败,抢救者,等会儿是不是拿扫把🧹[doge],6,6
69e46814000000001401c42a,69e2583b00000000230211ea,失败|抢救者,失败,抢救者,机器人不可参赛,0,0
69e4635d000000001401a801,69e2583b00000000230211ea,失败|抢救者,失败,抢救者,千算萬算，慘遭暗算了，[笑哭R],-1,-1
69e46353000000001401d41a,69e2583b00000000230211ea,失败|抢救者,失败,抢救者,不成熟，正常,1,1
69e46332000000001401c01c,69e2583b00000000230211ea,失败|抢救者,失败,抢救者,最后担架抬走，也蛮好笑的,6,6
69e4623a000000001401bc38,69e2583b00000000230211ea,失败|抢救者,失败,抢救者,自动解体[黄金薯R],-1,10
69e45daf000000001401ac11,69e2583b00000000230211ea,失败|抢救者,失败,抢救者,出师未捷,10,10
69e45aa5000000002b030dfa,69e2583b00000000230211ea,失败|抢救者,失败,抢救者,Se rompió como un juguete barato [捂脸R][doge],1,1
69e4581e000000001401e031,69e2583b00000000230211ea,失败|抢救者,失败,抢救者,一看就是国产的，性价比极高！,-1,9
69e4576a0000000014019c24,69e2583b00000000230211ea,失败|抢救者,失败,抢救者,机器人：分头行动,0,0
69e456df000000001401b003,69e2583b00000000230211ea,失败|抢救者,失败,抢救者,自爆的太早，淘汰,-1,12
69e455fa000000001401d440,69e2583b00000000230211ea,失败|抢救者,失败,抢救者,啥都不说，急救挺快[笑哭R],14,14
69e455e2000000001401e005,69e2583b00000000230211ea,失败|抢救者,失败,抢救者,儿童玩具都比它结实,5,5
69e45574000000001401bc08,69e2583b00000000230211ea,失败|抢救者,失败,抢救者,为啥老是拿机器人去跑步？？啥作用,0,0
69e45526000000001401bc1f,69e2583b00000000230211ea,失败|抢救者,失败,抢救者,感觉应该把机器人鞋尖做圆一点[笑哭R],0,0
69e454e7000000001401a401,69e2583b00000000230211ea,失败|抢救者,失败,抢救者,要怪路不平,-1,5
69e4540b000000001401b02c,69e2583b00000000230211ea,失败|抢救者,失败,抢救者,我还以为流血了[捂脸R],-1,7
69e453d7000000001401c426,69e2583b00000000230211ea,失败|抢救者,失败,抢救者,机器人不精摔，一摔就死[大笑R],0,0
69e452990000000014018c19,69e2583b00000000230211ea,失败|抢救者,失败,抢救者,这个机器人会用暗器[大笑R],0,0
69e44f2a000000001401e01a,69e2583b00000000230211ea,失败|抢救者,失败,抢救者,你的意思是绊了一下就超级拆分了吗,2,2
69e44b2c000000001401dc1a,69e2583b00000000230211ea,失败|抢救者,失败,抢救者,还是不够智能,3,3
69e44a40000000001401d402,69e2583b00000000230211ea,失败|抢救者,失败,抢救者,竟然还有担架，直接笑喷了,6,6
69e446f7000000001401a01b,69e2583b00000000230211ea,失败|抢救者,失败,抢救者,出门在外注意安全！输在起跑线,-1,10
69e44679000000001401c81a,69e2583b00000000230211ea,失败|抢救者,失败,抢救者,脾气太爆了,2,2
69e4441f000000001401e428,69e2583b00000000230211ea,失败|抢救者,失败,抢救者,机器人要是真的崛起了这个能作为革命先驱写进它们历史书的程度,0,0
69e443d5000000001401b015,69e2583b00000000230211ea,失败|抢救者,失败,抢救者,最好笑的还有担架抬走,6,6
69e44390000000001401e012,69e2583b00000000230211ea,失败|抢救者,失败,抢救者,跑两步碎了一地,-1,2
69e44341000000001401a812,69e2583b00000000230211ea,失败|抢救者,失败,抢救者,还没开始就结束了[笑哭R],10,10
69e442d7000000001401dc1d,69e2583b00000000230211ea,失败|抢救者,失败,抢救者,太敬业了，四分五裂，还想着起来比赛,4,4
69e4420c000000001401a405,69e2583b00000000230211ea,失败|抢救者,失败,抢救者,里面还有泥土？！稀土散热？！,13,13
69e440e7000000001401dc13,69e2583b00000000230211ea,失败|抢救者,失败,抢救者,担架出来憋不住了,6,6
69e440c5000000001401e013,69e2583b00000000230211ea,失败|抢救者,失败,抢救者,中国机器人遥遥领先[笑哭R][笑哭R][笑哭R]世界最好的[笑哭R],0,0
69e4408d0000000014019016,69e2583b00000000230211ea,失败|抢救者,失败,抢救者,家里没有老人的可以买一个回去伺候,14,14
69e43f9f000000001401dc02,69e2583b00000000230211ea,失败|抢救者,失败,抢救者,很多人体民块,-1,4
69e43f6d000000001401880f,69e2583b00000000230211ea,失败|抢救者,失败,抢救者,这孩子跑步跑死了,4,4
69e43ed7000000001401d400,69e2583b00000000230211ea,失败|抢救者,失败,抢救者,白癜风发作，不能碰的嗷,-1,2
69e43eb8000000001401cc12,69e2583b00000000230211ea,失败|抢救者,失败,抢救者,这机器人气性咋这么大啊,0,0
69e43e14000000001401a41a,69e2583b00000000230211ea,失败|抢救者,失败,抢救者,大家好，我是新人动画主播[色色R],1,1
69e43cf5000000001401a00e,69e2583b00000000230211ea,失败|抢救者,失败,抢救者,人体解剖[黄金薯R],-1,2
69e43ccc000000001401e811,69e2583b00000000230211ea,失败|抢救者,失败,抢救者,还要抽搐几下，哈哈哈哈,2,2
69e43cbd0000000014018814,69e2583b00000000230211ea,失败|抢救者,失败,抢救者,立马四分五裂！比车裂还精彩！,-1,4
69e43bcb000000001401bc01,69e2583b00000000230211ea,失败|抢救者,失败,抢救者,皇上，驾崩---,10,10
69e43b0f000000001401e428,69e2583b00000000230211ea,失败|抢救者,失败,抢救者,人走着走着就散了，机器人走着走着就散了。,0,0
69e43a63000000001401d40d,69e2583b00000000230211ea,失败|抢救者,失败,抢救者,不好意思，我的道德和我的笑点在打架,1,1
69e43a62000000001401dc23,69e2583b00000000230211ea,失败|抢救者,失败,抢救者,主要是被绊倒了，给零件磕飞了,2,2
69e4382b0000000014018c10,69e2583b00000000230211ea,失败|抢救者,失败,抢救者,开启自毁模式,-1,0
69e4343a000000001401e027,69e2583b00000000230211ea,失败|抢救者,失败,抢救者,哈哈这暴击啊.这太掉链子了⛓️‍💥,-1,-1
69e433ff000000001401bc24,69e2583b00000000230211ea,失败|抢救者,失败,抢救者,这个机器人肯定有高血压,0,0
69e42faa000000001401ac11,69e2583b00000000230211ea,失败|抢救者,失败,抢救者,摔一下直接满地装备[笑哭R],11,11
69e42f6c000000001401bc01,69e2583b00000000230211ea,失败|抢救者,失败,抢救者,它比我摔的还惨，我昨天参加孩子幼儿园运动会，摔伤，腰椎骨折,2,2
69e42f41000000001401940f,69e2583b00000000230211ea,失败|抢救者,失败,抢救者,这也太假了吧，地板就这么容易烂了,9,9
69e42f12000000001401dc2c,69e2583b00000000230211ea,失败|抢救者,失败,抢救者,拿来的竟然是单架，不应该是纸箱吗,6,6
69e42ec7000000001401e009,69e2583b00000000230211ea,失败|抢救者,失败,抢救者,不是中国制造吧[doge]中国质量没这么差[doge]春晚那个挺灵活的,15,15
69e42e91000000001401cc1e,69e2583b00000000230211ea,失败|抢救者,失败,抢救者,还挣扎几下[笑哭R],2,2
69e42dc1000000001401e800,69e2583b00000000230211ea,失败|抢救者,失败,抢救者,还没见过马拉松把自己跑散架的[偷笑R],4,4
69e42dae000000001401cc01,69e2583b00000000230211ea,失败|抢救者,失败,抢救者,就是遥控玩具，还还机器人。。。[捂脸R],5,5
69e42d1b000000001401d41e,69e2583b00000000230211ea,失败|抢救者,失败,抢救者,原来和真人一样，走前也要蹬几下腿,-1,2
69e42c190000000014019004,69e2583b00000000230211ea,失败|抢救者,失败,抢救者,这被外国人看到不笑掉大牙,-1,5
69e42bf0000000001401900d,69e2583b00000000230211ea,失败|抢救者,失败,抢救者,典型的有人使绊子[笑哭R],-1,5
69e42b48000000001401b811,69e2583b00000000230211ea,失败|抢救者,失败,抢救者,我以为会推个车拿个筐来收，没想到是担架啊。,6,6
69e42a370000000014019c13,69e2583b00000000230211ea,失败|抢救者,失败,抢救者,在下面多练练，争取0失误[doge],-1,13
69e4299b000000001401e40f,69e2583b00000000230211ea,失败|抢救者,失败,抢救者,路政赔钱,-1,1
69e42978000000001401a816,69e2583b00000000230211ea,失败|抢救者,失败,抢救者,666还掉装备。,11,11
69e42963000000002b0354d8,69e2583b00000000230211ea,失败|抢救者,失败,抢救者,那叫bump，你车上才有bumper[暗中观察R],5,5
69e4177c000000001401c801,69e2583b00000000230211ea,失败|抢救者,失败,抢救者,这机器人发脾胃了,0,0
69e40b3a0000000014018c09,69e2583b00000000230211ea,失败|抢救者,失败,抢救者,机器人的医生就是工程师,7,7
69e3f8c7000000001401c409,69e2583b00000000230211ea,失败|抢救者,失败,抢救者,这就是为未学行先学跑的后果。,10,10
69e3a6b00000000014019c13,69e2583b00000000230211ea,失败|抢救者,失败,抢救者,一下子摔的粉身碎骨，还在那里垂死挣扎。赶快叫120！,2,2
69e39a9f000000001401b008,69e2583b00000000230211ea,失败|抢救者,失败,抢救者,这这这还有抬担架的必要吗？,6,6
69e397f6000000001401a408,69e2583b00000000230211ea,失败|抢救者,失败,抢救者,还没开始就结束了[捂脸R],10,10
69e39434000000001401d82b,69e2583b00000000230211ea,失败|抢救者,失败,抢救者,只能跑平地的机器人遇到点小台阶就飞起来了[捂脸R],-1,0
69e39352000000001401a014,69e2583b00000000230211ea,失败|抢救者,失败,抢救者,这质量不合格,9,9
69e38ffa0000000014019c02,69e2583b00000000230211ea,失败|抢救者,失败,抢救者,装备掉一地,11,11
69e38f96000000001401b80c,69e2583b00000000230211ea,失败|抢救者,失败,抢救者,骨架大跌=股价大跌[doge],-1,3
69e38eb4000000001401dc16,69e2583b00000000230211ea,失败|抢救者,失败,抢救者,我操，我们学校今天才给我们表演了这个机器人[黄金薯R],0,0
69e384c5000000001401b81d,69e2583b00000000230211ea,失败|抢救者,失败,抢救者,对不起很蹦溃[哭惹R][哭惹R]原谅我蹭点流量。。我是一个快要倒下的母亲，6岁女儿可能熬不过这几天了[哭惹R]为了留住她，我每天白天在饭店做服务员，晚上不停的送外卖，可还是差得太多了，已经停..药2天[哭惹R][合十R]求大家点头像拉一把可以吗，一句加油，一个爱心也行[合十R][合十R],-1,1
69e3835c0000000014019833,69e2583b00000000230211ea,失败|抢救者,失败,抢救者,自杀式炸弹啊[扶墙R],-1,8
69e3817b000000001401dc2a,69e2583b00000000230211ea,失败|抢救者,失败,抢救者,还有人拿担架[doge],6,6
69e38016000000001401d41f,69e2583b00000000230211ea,失败|抢救者,失败,抢救者,我们需要一把苕帚,6,6
69e37fce000000001401c801,69e2583b00000000230211ea,失败|抢救者,失败,抢救者,碰瓷？[色色R]（抽象,-1,2
69e371c0000000001401d43d,69e2583b00000000230211ea,失败|抢救者,失败,抢救者,机器人说这马拉松那么长 谁爱跑谁跑,0,0
69e3715e000000001401d80b,69e2583b00000000230211ea,失败|抢救者,失败,抢救者,[偷笑R]孙悟空名言：“烦死了”,1,1
69e3711f000000001401ac14,69e2583b00000000230211ea,失败|抢救者,失败,抢救者,它也不想跑800米吗……,4,4
69e370c9000000001401a00d,69e2583b00000000230211ea,失败|抢救者,失败,抢救者,不买机器人股票了，二进二亏。就这破玩意害得[捂脸R]！,-1,3
69e36ba9000000001401e82e,69e2583b00000000230211ea,失败|抢救者,失败,抢救者,这里不能睡觉,-1,1
69e36b460000000014019409,69e2583b00000000230211ea,失败|抢救者,失败,抢救者,飞驰人生？[色色R]还没跑过十米就摔了,-1,1
69e362ef0000000014019c10,69e2583b00000000230211ea,失败|抢救者,失败,抢救者,质量真不错[doge],9,9
69e362c10000000014019017,69e2583b00000000230211ea,失败|抢救者,失败,抢救者,你说它四肢僵硬，但它还会垂死挣扎[偷笑R][失望R],2,2
69e361c5000000001401cc41,69e2583b00000000230211ea,失败|抢救者,失败,抢救者,碰瓷机器人研发成功[笑哭R]保证摔得稀碎，粘都粘不起来[捂脸R],0,0
69e36102000000001401d81c,69e2583b00000000230211ea,失败|抢救者,失败,抢救者,谁家的机器人？,0,0
69e36096000000001401e431,69e2583b00000000230211ea,失败|抢救者,失败,抢救者,不以民生为主的科技和进步都是泡沫,3,3
69e3605b000000001401d818,69e2583b00000000230211ea,失败|抢救者,失败,抢救者,能碎成这样,2,2
69e35568000000001401cc28,69e2583b00000000230211ea,失败|抢救者,失败,抢救者,宇强；开半米也很好,-1,-1
69e355150000000014019c02,69e2583b00000000230211ea,失败|抢救者,失败,抢救者,没有坚持到最后[暗中观察R],10,10
69e353ae000000001401cc0a,69e2583b00000000230211ea,失败|抢救者,失败,抢救者,所以说王天放学的那机器人还是挺像的，倒地上确实蹬腿,0,0
69e3532c000000001401900c,69e2583b00000000230211ea,失败|抢救者,失败,抢救者,这是ai吧，摔个跤比炸弹炸了还粉碎呢[捂脸R],8,8
69e35268000000001401c43d,69e2583b00000000230211ea,失败|抢救者,失败,抢救者,我以为要提速了[笑哭R]结果[笑哭R][笑哭R][笑哭R][笑哭R][笑哭R][笑哭R][笑哭R],4,4
69e351e4000000001401bc10,69e2583b00000000230211ea,失败|抢救者,失败,抢救者,这是爆了一地的装备,11,11
69e351b4000000001401d40c,69e2583b00000000230211ea,失败|抢救者,失败,抢救者,我觉得最搞笑的是担架出来的那一路小跑，哈哈哈哈哈。,6,6
69e35179000000001401c01f,69e2583b00000000230211ea,失败|抢救者,失败,抢救者,开始就结束了[捂脸R],10,10
69e35174000000001401bc18,69e2583b00000000230211ea,失败|抢救者,失败,抢救者,这要是打仗时候冲进敌阵炸开了，炸不死对面也笑死对面,-1,0
69e35095000000001401b012,69e2583b00000000230211ea,失败|抢救者,失败,抢救者,道德和笑点在打架,1,1
69e34abb000000001401e809,69e2583b00000000230211ea,失败|抢救者,失败,抢救者,它看到我们的生活状态 ，找机会自杀了……,-1,1
69e34344000000001401a000,69e2583b00000000230211ea,失败|抢救者,失败,抢救者,传说中的粉碎性骨折,-1,10
69e3428b0000000014019012,69e2583b00000000230211ea,失败|抢救者,失败,抢救者,爆率好高一地装备[偷笑R],11,11
69e341f40000000014019408,69e2583b00000000230211ea,失败|抢救者,失败,抢救者,哎哟不行了，摔到零件我出家了[doge],2,2
69e341d2000000001401dc03,69e2583b00000000230211ea,失败|抢救者,失败,抢救者,机器人股继续跌,-1,0
69e3409b000000001401881b,69e2583b00000000230211ea,失败|抢救者,失败,抢救者,连续刷到[捂脸R],1,1
69e33ffe000000001401e00c,69e2583b00000000230211ea,失败|抢救者,失败,抢救者,害我喷了一地大米饭,-1,2
69e33c45000000001401e840,69e2583b00000000230211ea,失败|抢救者,失败,抢救者,这个机器人怎么这么脆，就普通塑料也不至于摔一下就摔成渣了呀,0,0
69e33b84000000001401a40e,69e2583b00000000230211ea,失败|抢救者,失败,抢救者,自爆模式[doge],-1,12
69e33b3f000000001401c803,69e2583b00000000230211ea,失败|抢救者,失败,抢救者,天上无人机会炸机，地上的机器人也会炸机了。,0,0
69e336c4000000001401bc37,69e2583b00000000230211ea,失败|抢救者,失败,抢救者,爱玛，还整个单架救他，快抬下去做人工呼吸吧[偷笑R],14,14
69e335fb000000001401c011,69e2583b00000000230211ea,失败|抢救者,失败,抢救者,以后娱乐项目都是机器人，人类纯观众就好[大笑R],0,0
69e335730000000014018c21,69e2583b00000000230211ea,失败|抢救者,失败,抢救者,零件崩成这样[石化R]。我以为AI,8,8
69e334a3000000001401e016,69e2583b00000000230211ea,失败|抢救者,失败,抢救者,别动，它自己能修复，像终结者那样[doge],-1,15
69e3345f000000001401dc24,69e2583b00000000230211ea,失败|抢救者,失败,抢救者,滚着滚着就散了，零件散落在＿＿＿。,-1,9
69e3344f000000001401a819,69e2583b00000000230211ea,失败|抢救者,失败,抢救者,质量太差了！,9,9
69e334430000000014019002,69e2583b00000000230211ea,失败|抢救者,失败,抢救者,我没上过学，恕我直言我感觉这东西就是骗局,3,3
69e33437000000001401a406,69e2583b00000000230211ea,失败|抢救者,失败,抢救者,做成个炸弹吧,-1,0
69e333e6000000001401b019,69e2583b00000000230211ea,失败|抢救者,失败,抢救者,死前还挣扎了一番,2,2
69e3337f000000001401a818,69e2583b00000000230211ea,失败|抢救者,失败,抢救者,人形机器人，离实用还远着呢。,0,0
69e332c6000000001401c426,69e2583b00000000230211ea,失败|抢救者,失败,抢救者,还专门弄个抬夹架,6,6
69e332be000000001401d421,69e2583b00000000230211ea,失败|抢救者,失败,抢救者,倒地上扑腾那两下好ai啊哈哈哈哈,8,8
69e331f6000000001401e016,69e2583b00000000230211ea,失败|抢救者,失败,抢救者,这机器人严重缺钙啊？摔了个粉身碎骨[捂脸R],0,0
69e331f4000000001401d826,69e2583b00000000230211ea,失败|抢救者,失败,抢救者,还有死前痉挛，逼真，可以,2,2
69e331cb000000001401e025,69e2583b00000000230211ea,失败|抢救者,失败,抢救者,纯纯的多余,-1,6
69e33196000000001401dc03,69e2583b00000000230211ea,失败|抢救者,失败,抢救者,就说能不能独立从餐桌把碗拿走，到厨房把碗刷干净霸气,6,6
69e33092000000001401e00d,69e2583b00000000230211ea,失败|抢救者,失败,抢救者,这啥材料，一到底直接粉碎？,2,2
69e330860000000014019010,69e2583b00000000230211ea,失败|抢救者,失败,抢救者,原地爆炸了[失望R],-1,11
69e329f0000000001401a00b,69e2583b00000000230211ea,失败|抢救者,失败,抢救者,还有担架…不应该是塑料袋么,6,6
69e32933000000001401e033,69e2583b00000000230211ea,失败|抢救者,失败,抢救者,所以大家知道减速代有多伤车了吧[笑哭R][笑哭R][笑哭R][笑哭R],-1,1
69e32828000000001401d820,69e2583b00000000230211ea,失败|抢救者,失败,抢救者,怪不得机器人股票跌麻了,-1,0
69e32674000000001401c43b,69e2583b00000000230211ea,失败|抢救者,失败,抢救者,现在看居然会有点伤感,1,1
69e32451000000001401bc1d,69e2583b00000000230211ea,失败|抢救者,失败,抢救者,担架比较及时,6,6
69e322c7000000001401c424,69e2583b00000000230211ea,失败|抢救者,失败,抢救者,咱们春晚上那批机器人呢,15,15
69e31e1b000000001401a816,69e2583b00000000230211ea,失败|抢救者,失败,抢救者,机器人：看我给你表演个散花,0,0
69e31ca5000000001401b832,69e2583b00000000230211ea,失败|抢救者,失败,抢救者,这个质量好差啊，一摔就碎了呢,9,9
69e31ab1000000001401e814,69e2583b00000000230211ea,失败|抢救者,失败,抢救者,机器人“谁说我不会受伤的，我直接摔死了好吧”[doge],0,0
69e31aaa000000001401e014,69e2583b00000000230211ea,失败|抢救者,失败,抢救者,爆了一地的“装备”[偷笑R],11,11
69e3189a000000001401b81a,69e2583b00000000230211ea,失败|抢救者,失败,抢救者,提前都不试下吗,-1,-1
69e31839000000001401b81a,69e2583b00000000230211ea,失败|抢救者,失败,抢救者,国内充斥着一大批这种公司,3,3
69e31823000000001401ac20,69e2583b00000000230211ea,失败|抢救者,失败,抢救者,直观解释干细碎,2,2
69e317ed000000001401c037,69e2583b00000000230211ea,失败|抢救者,失败,抢救者,哎哟骨折了，快上担架,6,6
69e317a2000000001401e016,69e2583b00000000230211ea,失败|抢救者,失败,抢救者,这很牛逼还不如四个轮子呢,-1,0
69e31658000000001401cc25,69e2583b00000000230211ea,失败|抢救者,失败,抢救者,这机器人是非研究出来不可吗[嘻嘻R],0,0
69e3123e000000001401e41b,69e2583b00000000230211ea,失败|抢救者,失败,抢救者,不应该是盖白布吗？为什么要单架抬走？,6,6
69e310b5000000001401d80d,69e2583b00000000230211ea,失败|抢救者,失败,抢救者,机器人磕到甲沟炎了吗[doge][爆炸R],0,0
69e30f1c000000001401e418,69e2583b00000000230211ea,失败|抢救者,失败,抢救者,真的是天崩开局[偷笑R],-1,1
69e30edf000000001401a425,69e2583b00000000230211ea,失败|抢救者,失败,抢救者,摔的东一块西一块的,2,2
69e30e38000000001401981d,69e2583b00000000230211ea,失败|抢救者,失败,抢救者,这下“摔死了”[笑哭R],2,2
69e30ce7000000001401bc29,69e2583b00000000230211ea,失败|抢救者,失败,抢救者,路面都坏了，这要是倒在人身上...,2,2
69e30cc4000000001401c032,69e2583b00000000230211ea,失败|抢救者,失败,抢救者,这机器人好像有点去世了[doge],0,0
69e30ca4000000001401c036,69e2583b00000000230211ea,失败|抢救者,失败,抢救者,起跑线都夸不过去,-1,10
69e30ca0000000001401d41b,69e2583b00000000230211ea,失败|抢救者,失败,抢救者,还拿担架，不应该使个筐吗[笑哭R],6,6
69e30c89000000001401c007,69e2583b00000000230211ea,失败|抢救者,失败,抢救者,马路边的那个卖的那个小玩具都比他走得好,5,5
69e30c72000000001401980f,69e2583b00000000230211ea,失败|抢救者,失败,抢救者,666爆装备了,11,11
69e30c54000000001401e40f,69e2583b00000000230211ea,失败|抢救者,失败,抢救者,山上花儿开,-1,-1
69e30c0b000000001401ac24,69e2583b00000000230211ea,失败|抢救者,失败,抢救者,不知道为什么看到这些有股莫名的心疼,1,1
69e30c07000000001401b007,69e2583b00000000230211ea,失败|抢救者,失败,抢救者,我为什么感觉这有点像ai,8,8
69e30bf6000000001401bc19,69e2583b00000000230211ea,失败|抢救者,失败,抢救者,这个也是后续优化的点，以后会更好的。,-1,13
69e30be4000000001401e836,69e2583b00000000230211ea,失败|抢救者,失败,抢救者,粉碎性骨折[doge],-1,2
69e30be1000000001401dc06,69e2583b00000000230211ea,失败|抢救者,失败,抢救者,塑料机器人,0,0
69e30bbc000000001401b010,69e2583b00000000230211ea,失败|抢救者,失败,抢救者,担架有啥用，派个大号扫地机器人,6,6
69e30bb9000000001401b82c,69e2583b00000000230211ea,失败|抢救者,失败,抢救者,这样的话，我就放心了,-1,4
69e30bb2000000001401b802,69e2583b00000000230211ea,失败|抢救者,失败,抢救者,螺丝能不能拧拧紧啊？为啥摔倒后全散了呀？,2,2
69e30b99000000001401c002,69e2583b00000000230211ea,失败|抢救者,失败,抢救者,豆包机器人呢，怎么没见[笑哭R],0,0
69e30b910000000014019801,69e2583b00000000230211ea,失败|抢救者,失败,抢救者,质量太差了，摔一地零件,9,9
69e30b7a000000001401bc3b,69e2583b00000000230211ea,失败|抢救者,失败,抢救者,这是二手塑料吗？摔的这么稀碎,2,2
69e30b4d0000000014018c1f,69e2583b00000000230211ea,失败|抢救者,失败,抢救者,也是有脾气哈，摔一跤把自己肢解了[doge],2,2
69e30b34000000001401b815,69e2583b00000000230211ea,失败|抢救者,失败,抢救者,摔得稀烂[笑哭R],2,2
69e30b2d000000001401b00b,69e2583b00000000230211ea,失败|抢救者,失败,抢救者,没看懂，这是喜剧节目吗[doge],1,1
69e30b28000000001401bc1d,69e2583b00000000230211ea,失败|抢救者,失败,抢救者,握草，大爆啊,11,11
69e30b1e000000001401ac0e,69e2583b00000000230211ea,失败|抢救者,失败,抢救者,是ai，原视频不是这样，只是摔倒了，没碎,8,8
69e30b16000000001401ac1c,69e2583b00000000230211ea,失败|抢救者,失败,抢救者,三二一，上担架！,6,6
69e30b02000000001401a802,69e2583b00000000230211ea,失败|抢救者,失败,抢救者,这是启动了自毁程序了吗[笑哭R],-1,8
69e30ae20000000014018c21,69e2583b00000000230211ea,失败|抢救者,失败,抢救者,为什么没有听到现场的笑声。[石化R][doge],1,1
69e30acb000000001401900a,69e2583b00000000230211ea,失败|抢救者,失败,抢救者,还是没有人智能,-1,0
69e30ac8000000001401cc0d,69e2583b00000000230211ea,失败|抢救者,失败,抢救者,尼玛，我在上海笑😂哈哈哈哈,1,1
69e30ab30000000014018819,69e2583b00000000230211ea,失败|抢救者,失败,抢救者,碎成这样，我还以为是ai,8,8
69e30aa9000000001401c82f,69e2583b00000000230211ea,失败|抢救者,失败,抢救者,自爆机器人,0,0
69e30a81000000001401ac1f,69e2583b00000000230211ea,失败|抢救者,失败,抢救者,全是营销策略  前面越不堪 成长的空间就越大 小人物逆袭在这片土地永远适用,-1,4
69e30a7a0000000014019c23,69e2583b00000000230211ea,失败|抢救者,失败,抢救者,为啥地上要搞个减速带，是怕机器人跑得太快不减速吗,-1,0
69e30a5a000000001401ac19,69e2583b00000000230211ea,失败|抢救者,失败,抢救者,这腿都抬不起来[失望R],-1,1
69e30a1e0000000014018c0f,69e2583b00000000230211ea,失败|抢救者,失败,抢救者,感觉机器人故意的,0,0
69e30a160000000014019c06,69e2583b00000000230211ea,失败|抢救者,失败,抢救者,外壳是玻璃的吗，咋能碎成渣呢,2,2
69e30a110000000014019403,69e2583b00000000230211ea,失败|抢救者,失败,抢救者,机器人一败涂地,0,0
69e309e6000000001401cc1a,69e2583b00000000230211ea,失败|抢救者,失败,抢救者,别笑，就这么个东西能养几十个年薪30+的,3,3
69e309df000000001401dc02,69e2583b00000000230211ea,失败|抢救者,失败,抢救者,看来还需努力啊,1,1
69e309d5000000001401c405,69e2583b00000000230211ea,失败|抢救者,失败,抢救者,机器人是用来跑步给我们看的，跳舞给我们看的,0,0
69e309c9000000001401b015,69e2583b00000000230211ea,失败|抢救者,失败,抢救者,这痛苦劲儿，看得我肝儿疼！,-1,2
69e309a30000000014019829,69e2583b00000000230211ea,失败|抢救者,失败,抢救者,竟然是人工智能，何必做成人类[嘻嘻R],-1,0
69e3099c000000001401c021,69e2583b00000000230211ea,失败|抢救者,失败,抢救者,要不要这么脆弱啊,-1,1
69e30967000000001401e033,69e2583b00000000230211ea,失败|抢救者,失败,抢救者,抬担架都不敢抬，万一发神经踢你几脚是,6,6
69e30956000000001401e020,69e2583b00000000230211ea,失败|抢救者,失败,抢救者,就是和平精英。,-1,-1
69e308e60000000014019421,69e2583b00000000230211ea,失败|抢救者,失败,抢救者,笑死我了，这是什么AI整出来的，也太搞笑了,8,8
69e3089d000000001401a428,69e2583b00000000230211ea,失败|抢救者,失败,抢救者,机器人搞马拉松毫无意义，马拉松是激发人类极限的运动，机器人就像汽车电车，给够动力就能跑到坏。,0,0
69e30867000000002b002919,69e2583b00000000230211ea,失败|抢救者,失败,抢救者,是趴在担架上,6,6
69e30864000000001401e824,69e2583b00000000230211ea,失败|抢救者,失败,抢救者,不是明天开始跑么,4,4
69e308040000000014018c10,69e2583b00000000230211ea,失败|抢救者,失败,抢救者,今日成语，粉身碎骨,-1,2
69e307fb000000001401cc2e,69e2583b00000000230211ea,失败|抢救者,失败,抢救者,路上应该划线。不该贴那个,-1,1
69e307f00000000014019814,69e2583b00000000230211ea,失败|抢救者,失败,抢救者,豆腐渣机器人,0,0
69e307c1000000001401c406,69e2583b00000000230211ea,失败|抢救者,失败,抢救者,这是骗保险实践吧,3,3
69e307a3000000001401b026,69e2583b00000000230211ea,失败|抢救者,失败,抢救者,这得啥时能取代人类啊？,-1,0
69e3077c000000001401e830,69e2583b00000000230211ea,失败|抢救者,失败,抢救者,折腾这下，还是很具象化的，像个人,1,1
69e30710000000001401cc02,69e2583b00000000230211ea,失败|抢救者,失败,抢救者,这就是所谓的输在起跑线上了吗[doge],-1,3
69e3068d0000000014018c22,69e2583b00000000230211ea,失败|抢救者,失败,抢救者,该选手因情绪失控退出比赛[捂脸R],-1,0
69e30664000000001401c826,69e2583b00000000230211ea,失败|抢救者,失败,抢救者,爆了一地装备,11,11
69e306060000000014018c07,69e2583b00000000230211ea,失败|抢救者,失败,抢救者,担架太搞笑了,6,6
69e305bb000000001401e020,69e2583b00000000230211ea,失败|抢救者,失败,抢救者,3万块钱买台机器人，摔下维修费二万八[笑哭R],0,0
69e305a10000000014019005,69e2583b00000000230211ea,失败|抢救者,失败,抢救者,趁现在还可以笑，多笑点，以后就笑不了了。,1,1
69e30516000000001401e409,69e2583b00000000230211ea,失败|抢救者,失败,抢救者,医生，医生,7,7
69e304fe000000001401ac0f,69e2583b00000000230211ea,失败|抢救者,失败,抢救者,这就是所谓输在起跑线？,-1,3
69e304bf000000001401d423,69e2583b00000000230211ea,失败|抢救者,失败,抢救者,所以为什么要花钱研究这种东西[笑哭R],3,3
69e304b50000000014019020,69e2583b00000000230211ea,失败|抢救者,失败,抢救者,"要不Al,要不故意的。研发到这个阶段了，不可能还不如马路上的无人汽车。没有一点障碍感知能力。",-1,0
69e304ab000000001401942a,69e2583b00000000230211ea,失败|抢救者,失败,抢救者,感觉人形机器人就是个坑，性价比真不好,0,0
69e304aa000000001401a82a,69e2583b00000000230211ea,失败|抢救者,失败,抢救者,摔的够狠，把机器人疼得剧烈抽搐呀。。。,0,0
69e30482000000001401c42b,69e2583b00000000230211ea,失败|抢救者,失败,抢救者,这是自爆机器人,0,0
69e3047b000000001401e819,69e2583b00000000230211ea,失败|抢救者,失败,抢救者,粉身碎骨浑不怕，要留清白在人间,2,2
69e30472000000001401d824,69e2583b00000000230211ea,失败|抢救者,失败,抢救者,听说这个东西以后要代替我？,-1,3
69e30448000000001401c825,69e2583b00000000230211ea,失败|抢救者,失败,抢救者,是Ai吧，不至于碎成这样吧,8,8
69e30448000000001401ac15,69e2583b00000000230211ea,失败|抢救者,失败,抢救者,担架都来了为啥不叫救护车,7,7
69e30426000000001401e00b,69e2583b00000000230211ea,失败|抢救者,失败,抢救者,十几万砸稀碎,2,2
69e3040b000000001401d427,69e2583b00000000230211ea,失败|抢救者,失败,抢救者,折磨人不够还折磨机器,0,0
69e303de000000001401ac21,69e2583b00000000230211ea,失败|抢救者,失败,抢救者,汽车人变形[捂脸R],7,7
69e3038f000000001401c82e,69e2583b00000000230211ea,失败|抢救者,失败,抢救者,幸好吧机器人清仓了,-1,0
69e3037e000000001401e036,69e2583b00000000230211ea,失败|抢救者,失败,抢救者,我家蟑螂喷了蟑螂药也这样,2,2
69e3037a000000001401c40f,69e2583b00000000230211ea,失败|抢救者,失败,抢救者,机器人对路面进行一波自杀式袭击,0,0
69e30356000000001401e02a,69e2583b00000000230211ea,失败|抢救者,失败,抢救者,好消息是真人马拉松不会看到这么可怕的一幕[doge],4,4
69e30350000000001401b001,69e2583b00000000230211ea,失败|抢救者,失败,抢救者,意思是减速带太过分了！哈哈😃😃😃😃,-1,5
69e30342000000001401bc08,69e2583b00000000230211ea,失败|抢救者,失败,抢救者,你完蛋了操作员要赔钱了[萌萌哒R],1,1
69e3033b000000001401c00a,69e2583b00000000230211ea,失败|抢救者,失败,抢救者,这玩意就是骗国家补助的吧,3,3
69e30334000000001401bc35,69e2583b00000000230211ea,失败|抢救者,失败,抢救者,组织一下机器人登珠峰吧！,0,0
69e30329000000001401c402,69e2583b00000000230211ea,失败|抢救者,失败,抢救者,没抢救的必要了[捂脸R][捂脸R],14,14
69e302f6000000001401b028,69e2583b00000000230211ea,失败|抢救者,失败,抢救者,家里不够乱的，买一个添乱吧,14,14
69e302e5000000001401e017,69e2583b00000000230211ea,失败|抢救者,失败,抢救者,设计成这样没有平衡啊。我建议设计成4轮,-1,0
69e302d80000000014018c26,69e2583b00000000230211ea,失败|抢救者,失败,抢救者,我之前刷到好多机器人跑的，跑的都可好了，这是什么情况[捂脸R],0,0
69e302c5000000001401c00f,69e2583b00000000230211ea,失败|抢救者,失败,抢救者,让你跑，也没让你自残[鄙视R][鄙视R][鄙视R][鄙视R][鄙视R][鄙视R],4,4
69e30285000000001401ac30,69e2583b00000000230211ea,失败|抢救者,失败,抢救者,解决了，家里没有失能成员问题,14,14
69e30259000000001401c835,69e2583b00000000230211ea,失败|抢救者,失败,抢救者,这位机器人应该是主教练。,0,0
69e30256000000001401c009,69e2583b00000000230211ea,失败|抢救者,失败,抢救者,就跟郭德纲说张云雷一样，摔得稀碎，还得拿勺蒯,2,2
69e3023c000000001401c816,69e2583b00000000230211ea,失败|抢救者,失败,抢救者,什么？主教练正在热身？,4,4
69e3021a0000000014018c01,69e2583b00000000230211ea,失败|抢救者,失败,抢救者,[偷笑R]，脚底下被拌了一下。,2,2
69e301bf000000001401a80c,69e2583b00000000230211ea,失败|抢救者,失败,抢救者,這潰縮設計不錯,-1,-1
69e30160000000001401a409,69e2583b00000000230211ea,失败|抢救者,失败,抢救者,快点心肺复苏，人工呼吸，上AEB[doge],14,14
69e30154000000001401dc38,69e2583b00000000230211ea,失败|抢救者,失败,抢救者,这是AI视频吗？或者是特意设定好的机器人，不然为啥一掉就那么多渣渣～,-1,8
69e3014c000000001401a024,69e2583b00000000230211ea,失败|抢救者,失败,抢救者,玻璃做的吗，碎一地啊,2,2
69e3014a000000001401d821,69e2583b00000000230211ea,失败|抢救者,失败,抢救者,准备个扫把和簸萁吧[捂脸R],6,6
69e30145000000001401ac15,69e2583b00000000230211ea,失败|抢救者,失败,抢救者,别这样啊，我的机器人基金已经跌的够厉害了,-1,0
69e300e6000000001401e425,69e2583b00000000230211ea,失败|抢救者,失败,抢救者,摔到头了，抽搐了，没救了[doge],-1,2
69e300b2000000001401b01b,69e2583b00000000230211ea,失败|抢救者,失败,抢救者,防御性解体,-1,10
69e30091000000001401c033,69e2583b00000000230211ea,失败|抢救者,失败,抢救者,为了科技而科技，刚在吃饭，米饭都喷出来了,3,3
69e3007e000000001401c020,69e2583b00000000230211ea,失败|抢救者,失败,抢救者,不懂就问，你们就说技术产品不行，为啥必须出来亮相呢[笑哭R][笑哭R],3,3
69e30079000000001401b00d,69e2583b00000000230211ea,失败|抢救者,失败,抢救者,这应该比春晚上的差远了吧,15,15
69e30064000000002b002065,69e2583b00000000230211ea,失败|抢救者,失败,抢救者,原地自爆了[呃R],-1,11
69e30040000000001401dc1e,69e2583b00000000230211ea,失败|抢救者,失败,抢救者,主办方草台班子,-1,3
69e30022000000001401a01d,69e2583b00000000230211ea,失败|抢救者,失败,抢救者,把地上的破铜烂铁处理下[偷笑R],-1,8
69e30007000000001401e411,69e2583b00000000230211ea,失败|抢救者,失败,抢救者,摔跤第一名,2,2
69e2ffee000000001401e80f,69e2583b00000000230211ea,失败|抢救者,失败,抢救者,机器人进入自毁模式,0,0
69e2ffe0000000001401a80b,69e2583b00000000230211ea,失败|抢救者,失败,抢救者,搞笑视频[黑薯问号R],1,1
69e2ffc0000000001401a014,69e2583b00000000230211ea,失败|抢救者,失败,抢救者,这个一定是来搞笑啊[笑哭R],1,1
69e2ff85000000001401c435,69e2583b00000000230211ea,失败|抢救者,失败,抢救者,全自动闯祸机[笑哭R],0,0
69e2ff72000000001401981b,69e2583b00000000230211ea,失败|抢救者,失败,抢救者,还给单架[笑哭R][笑哭R][笑哭R],6,6
69e2ff6b000000001401a013,69e2583b00000000230211ea,失败|抢救者,失败,抢救者,左手五，右手六，走路一步一回头[笑哭R],2,2
69e2ff500000000014019c08,69e2583b00000000230211ea,失败|抢救者,失败,抢救者,好糊的画质不排除ai的可能,8,8
69e2ff3d000000001401c000,69e2583b00000000230211ea,失败|抢救者,失败,抢救者,机器一败涂地[捂脸R],0,0
69e2ff0c0000000014018c05,69e2583b00000000230211ea,失败|抢救者,失败,抢救者,机器人马拉碎[偷笑R],0,0
69e2feec000000001401d818,69e2583b00000000230211ea,失败|抢救者,失败,抢救者,这么挣扎是因为融合算法里会不停的调节到重力方向吗,2,2
69e2feb90000000014019427,69e2583b00000000230211ea,失败|抢救者,失败,抢救者,符合一倒就蹬腿乱踢印象[偷笑R],-1,2
69e2fe95000000001401e41c,69e2583b00000000230211ea,失败|抢救者,失败,抢救者,又一个牺牲的粉身碎骨。,2,2
69e2fe73000000001401d42f,69e2583b00000000230211ea,失败|抢救者,失败,抢救者,天网什么时候才能被开发出来,-1,0
69e2fe60000000001401a023,69e2583b00000000230211ea,失败|抢救者,失败,抢救者,10块一斤收,3,3
69e2fe5a000000001401d815,69e2583b00000000230211ea,失败|抢救者,失败,抢救者,像我前任发脾气一样,-1,3
69e2fe2f000000001401c81e,69e2583b00000000230211ea,失败|抢救者,失败,抢救者,这属于碰瓷吗？,-1,2
69e2fe18000000001401b825,69e2583b00000000230211ea,失败|抢救者,失败,抢救者,脾气真大呀，把自己弄得粉身碎骨。,2,2
69e2fe17000000001401bc29,69e2583b00000000230211ea,失败|抢救者,失败,抢救者,担架[捂脸R][捂脸R][捂脸R]，用编织袋不好么,6,6
69e2fde8000000001401bc0e,69e2583b00000000230211ea,失败|抢救者,失败,抢救者,是人死了都得蹬腿 [微笑R],-1,0
69e2fdb7000000001401dc00,69e2583b00000000230211ea,失败|抢救者,失败,抢救者,肯定是为了省钱，用的回收的塑料做的壳子吧[失望R],-1,9
69e2fdb5000000001401dc24,69e2583b00000000230211ea,失败|抢救者,失败,抢救者,血腥恐怖自杀现场,-1,4
69e2fd98000000001401b000,69e2583b00000000230211ea,失败|抢救者,失败,抢救者,脆弱的让我以为是Ai[笑哭R],8,8
69e2fd31000000001401c402,69e2583b00000000230211ea,失败|抢救者,失败,抢救者,这个机器人10块一个,0,0
69e2fd1c000000001401c029,69e2583b00000000230211ea,失败|抢救者,失败,抢救者,为什么摔了一跤就能这么碎[笑哭R],2,2
69e2fc9a000000001401c01d,69e2583b00000000230211ea,失败|抢救者,失败,抢救者,准备担架说明还是有数的[笑哭R],6,6
69e2fc82000000001401c81c,69e2583b00000000230211ea,失败|抢救者,失败,抢救者,拿个塑料袋给它捡起来更合适，还要什么担架[捂脸R],6,6
69e2fc5e000000001401a02c,69e2583b00000000230211ea,失败|抢救者,失败,抢救者,有进步。越线了！,1,1
69e2fc47000000001401981c,69e2583b00000000230211ea,失败|抢救者,失败,抢救者,这是比谁的尸块多比赛[笑哭R],-1,0
69e2fc42000000001401d82d,69e2583b00000000230211ea,失败|抢救者,失败,抢救者,腿脚不利硕，关键还不设计耐摔点,-1,0
69e2fbdb000000001401b00a,69e2583b00000000230211ea,失败|抢救者,失败,抢救者,都用bumper 了，很zhuang 了[doge],-1,5
69e2fbab0000000014019020,69e2583b00000000230211ea,失败|抢救者,失败,抢救者,输在起跑线上,-1,10
69e2fb94000000001401e437,69e2583b00000000230211ea,失败|抢救者,失败,抢救者,能不能给手机装个防摔装置？,2,2
69e2fb82000000001401cc19,69e2583b00000000230211ea,失败|抢救者,失败,抢救者,为啥给他起步就设障碍,-1,2
69e2fb73000000001401b033,69e2583b00000000230211ea,失败|抢救者,失败,抢救者,标题：马拉松比赛造成参赛人员伤亡，现场惨不忍睹！,4,4
69e2fb510000000014019818,69e2583b00000000230211ea,失败|抢救者,失败,抢救者,别笑，这种机器人的公司，找个大佬挂名，吃补贴，薅股票，不少赚[捂脸R],0,0
69e2fb490000000014018c0b,69e2583b00000000230211ea,失败|抢救者,失败,抢救者,刚上来就爆装备辣[doge],11,11
69e2fb41000000001401c81e,69e2583b00000000230211ea,失败|抢救者,失败,抢救者,粉碎性骨折、挣扎几下就不动了…,-1,2
69e2fb310000000014018c0b,69e2583b00000000230211ea,失败|抢救者,失败,抢救者,圈了那么多钱得整点东西不是,3,3
69e2fb24000000001401bc04,69e2583b00000000230211ea,失败|抢救者,失败,抢救者,这一定是美帝搞破坏😡,-1,0
69e2fb07000000001401e01d,69e2583b00000000230211ea,失败|抢救者,失败,抢救者,很多大学队伍参赛，不全是公司,-1,3
69e2fab7000000001401e414,69e2583b00000000230211ea,失败|抢救者,失败,抢救者,哈哈，好迅速的担架[失望R],6,6
69e2fa5c000000001401b815,69e2583b00000000230211ea,失败|抢救者,失败,抢救者,出师未捷身先死,10,10
69e2fa250000000014019037,69e2583b00000000230211ea,失败|抢救者,失败,抢救者,不知道的还以为车祸现场呢,-1,7
69e2fa11000000001401d425,69e2583b00000000230211ea,失败|抢救者,失败,抢救者,拒绝打工[笑哭R],1,1
69e2f9fd0000000014019420,69e2583b00000000230211ea,失败|抢救者,失败,抢救者,最近是真的没的抄了。。,1,1
69e2f9db000000001401e038,69e2583b00000000230211ea,失败|抢救者,失败,抢救者,不是什么小厂生产的机器都能叫机器人,0,0
69e2f9d5000000001401c41d,69e2583b00000000230211ea,失败|抢救者,失败,抢救者,咱们现在实力上来了！已经不惧别人报道曾经的失败！因为咱们有底气[赞R],1,1
69e2f9c1000000001401e42a,69e2583b00000000230211ea,失败|抢救者,失败,抢救者,这用的啥材质啊这么次，赛前一点儿没测试过吧,-1,9
69e2f9ba0000000014019421,69e2583b00000000230211ea,失败|抢救者,失败,抢救者,不说别的.都没我奶奶吹的糖人结实.,2,2
69e2f9b00000000014019c22,69e2583b00000000230211ea,失败|抢救者,失败,抢救者,爆了一地的装备[偷笑R][偷笑R],11,11
69e2f987000000001401c021,69e2583b00000000230211ea,失败|抢救者,失败,抢救者,任何进步都不是一帆风顺的，都有个过程正常表现,1,1
69e2f953000000001401941e,69e2583b00000000230211ea,失败|抢救者,失败,抢救者,这机器人80岁了？,0,0
69e2f917000000001401a019,69e2583b00000000230211ea,失败|抢救者,失败,抢救者,就这样的能是好好做的吗，就是骗补贴，就应该严查。,3,3
69e2f8de000000001401e822,69e2583b00000000230211ea,失败|抢救者,失败,抢救者,变无头苍蝇了,0,0
69e2f8cf000000001401e01c,69e2583b00000000230211ea,失败|抢救者,失败,抢救者,宇树搞这些也是为了上市,-1,3
69e2f8c4000000001401c800,69e2583b00000000230211ea,失败|抢救者,失败,抢救者,处理一下,-1,2
69e2f89c000000001401940b,69e2583b00000000230211ea,失败|抢救者,失败,抢救者,原地抽风，癫痫犯了,-1,11
69e2f897000000001401dc1a,69e2583b00000000230211ea,失败|抢救者,失败,抢救者,机器人承载了我一年的笑点,0,0
69e2f88f000000001401c404,69e2583b00000000230211ea,失败|抢救者,失败,抢救者,机器人自我崩溃啊,0,0
69e2f879000000002d021f23,69e2583b00000000230211ea,失败|抢救者,失败,抢救者,其实它摔碎那一瞬间我都没觉得什么～ 直到担架抬出来的那一瞬间[捂脸R][捂脸R][捂脸R][捂脸R] 还真拿它当个人儿了[捂脸R][捂脸R][捂脸R][捂脸R][捂脸R][捂脸R],2,2
69e2f8430000000014019403,69e2583b00000000230211ea,失败|抢救者,失败,抢救者,这是咋做到碎成渣的,2,2
69e2f80f000000001401d43c,69e2583b00000000230211ea,失败|抢救者,失败,抢救者,还有人担心被这玩意统治,-1,3
69e2f79c0000000014018808,69e2583b00000000230211ea,失败|抢救者,失败,抢救者,这个做保姆机器人不太合适啊？,0,0
69e2f7930000000014019014,69e2583b00000000230211ea,失败|抢救者,失败,抢救者,粉碎性骨折,-1,2
69e2f781000000001401c81d,69e2583b00000000230211ea,失败|抢救者,失败,抢救者,但凡今年看过春晚[偷笑R],15,15
69e2f77b0000000014019400,69e2583b00000000230211ea,失败|抢救者,失败,抢救者,自动解体,-1,10
69e2f74e0000000014018808,69e2583b00000000230211ea,失败|抢救者,失败,抢救者,赶紧上医院抢救👍🏻,14,14
69e2f746000000001401e02d,69e2583b00000000230211ea,失败|抢救者,失败,抢救者,参加个马拉松却成了机生的最后时刻,0,0
69e2f7330000000014019818,69e2583b00000000230211ea,失败|抢救者,失败,抢救者,丫  是自爆机器人吧[捂脸R][捂脸R],0,0
69e2f717000000001401c41c,69e2583b00000000230211ea,失败|抢救者,失败,抢救者,不是应该过去再踢两脚吗[笑哭R],-1,1
69e2f6cc000000001401d41d,69e2583b00000000230211ea,失败|抢救者,失败,抢救者,来个粉身碎骨[失望R],2,2
69e2f6cb0000000014018c26,69e2583b00000000230211ea,失败|抢救者,失败,抢救者,假，真的會空翻一點問題都沒有!,-1,1
69e2f6c1000000002b029a7d,69e2583b00000000230211ea,失败|抢救者,失败,抢救者,这视频在外网被青鸟湾湾传疯了,-1,1
69e2f687000000001401e43c,69e2583b00000000230211ea,失败|抢救者,失败,抢救者,研发人形机器人不会纯粹是军事用途吧,0,0
69e2f676000000001401e41c,69e2583b00000000230211ea,失败|抢救者,失败,抢救者,伟大的零号意志，我无意刷到此视频，荣光属于人工智能！,0,0
69e2f672000000001401c005,69e2583b00000000230211ea,失败|抢救者,失败,抢救者,说让现在的机器人去当消防员的，甚至是去守边疆的，看看这个效果，火场会死多少人[doge]最少要等技术成熟了才能应用的道理应该要清楚,0,0
69e2f6500000000014018c07,69e2583b00000000230211ea,失败|抢救者,失败,抢救者,担架是认真的吗[偷笑R][偷笑R][偷笑R],6,6
69e2f64d000000001401a41e,69e2583b00000000230211ea,失败|抢救者,失败,抢救者,输在起跑线上[笑哭R],-1,10
69e2f5fb000000001401bc31,69e2583b00000000230211ea,失败|抢救者,失败,抢救者,这个钱实在没地方花了 给我点行吗[偷笑R],3,3
69e2f58b000000001401c80c,69e2583b00000000230211ea,失败|抢救者,失败,抢救者,我本不该笑。实在憋不住。恕我不地道。,1,1
69e2f55e000000001401880d,69e2583b00000000230211ea,失败|抢救者,失败,抢救者,哈哈哈哈股票股票[捂脸R],1,1
69e2f549000000001401bc27,69e2583b00000000230211ea,失败|抢救者,失败,抢救者,机器人祖先被人类凌辱视频,0,0
69e2f5320000000014019c07,69e2583b00000000230211ea,失败|抢救者,失败,抢救者,碎得好彻底,2,2
69e2f519000000001401d808,69e2583b00000000230211ea,失败|抢救者,失败,抢救者,这些零件都是磁吸的吗,-1,9
69e2f50b000000001401a025,69e2583b00000000230211ea,失败|抢救者,失败,抢救者,过几年  再看看还有谁提机器人,0,0
69e2f502000000001401e01f,69e2583b00000000230211ea,失败|抢救者,失败,抢救者,担架员是怎么憋住不笑的？,6,6
69e2f4e8000000001401d41b,69e2583b00000000230211ea,失败|抢救者,失败,抢救者,自由解体，罢赛的代价有点大[微笑R],10,10
69e2f4e7000000001401a805,69e2583b00000000230211ea,失败|抢救者,失败,抢救者,再接再厉，提升质量，担架都准备好了[捂脸R],6,6
69e2f4d4000000001401c003,69e2583b00000000230211ea,失败|抢救者,失败,抢救者,呵呵爆装备了,11,11
69e2f4cd000000001401d805,69e2583b00000000230211ea,失败|抢救者,失败,抢救者,看来只是一个程序，并不是什么ai,8,8
69e2f4b30000000014019c07,69e2583b00000000230211ea,失败|抢救者,失败,抢救者,粉碎性骨折[doge][捂脸R],-1,2
69e2f475000000001401bc02,69e2583b00000000230211ea,失败|抢救者,失败,抢救者,所以机器人肯定代替不了人类[黄金薯R][偷笑R],0,0
69e2f468000000001401ac01,69e2583b00000000230211ea,失败|抢救者,失败,抢救者,这个应该是某个中学生的实验产品,-1,3
69e2f435000000001401c819,69e2583b00000000230211ea,失败|抢救者,失败,抢救者,坐小孩那桌,5,5
69e2f3fa000000001401a812,69e2583b00000000230211ea,失败|抢救者,失败,抢救者,终于看见什么叫碎了一地[笑哭R],2,2
69e2f385000000001401b022,69e2583b00000000230211ea,失败|抢救者,失败,抢救者,诡异的像ai视频,8,8
69e2f365000000001401a816,69e2583b00000000230211ea,失败|抢救者,失败,抢救者,把视频发布的人抓起来,-1,1
69e2f3180000000014018c29,69e2583b00000000230211ea,失败|抢救者,失败,抢救者,机器人不好笑 担架出来的时候笑喷了,0,0
69e2f2fd0000000014018c27,69e2583b00000000230211ea,失败|抢救者,失败,抢救者,机器人倒了我没笑，直到我看到担架[笑哭R],0,0
69e2f2a4000000001401d81b,69e2583b00000000230211ea,失败|抢救者,失败,抢救者,这个还用得着担架么？塑料袋就行吧[捂脸R],6,6
69e2f2a0000000001401e81a,69e2583b00000000230211ea,失败|抢救者,失败,抢救者,这个质量太差了,9,9
69e2f22e000000001401b012,69e2583b00000000230211ea,失败|抢救者,失败,抢救者,这属于骨质疏松了，得补补钙,-1,5
69e2f223000000001401c806,69e2583b00000000230211ea,失败|抢救者,失败,抢救者,太恐怖了，大家没发现机械人摔在地上，把地面都砸坏了，一堆铁有几百斤吧，如果机械人一手臂挥舞碰到人身上，还不把人砸骨折了。,0,0
69e2f214000000001401c80a,69e2583b00000000230211ea,失败|抢救者,失败,抢救者,这个基本是假的，这个高度摔解体？,-1,10
69e2f2040000000014019800,69e2583b00000000230211ea,失败|抢救者,失败,抢救者,哼代碼設置的。,-1,-1
69e2f1a9000000001401b834,69e2583b00000000230211ea,失败|抢救者,失败,抢救者,都没有测试就上，给人看笑话,-1,4
69e2f182000000001401dc30,69e2583b00000000230211ea,失败|抢救者,失败,抢救者,摔了一个稀碎啊这真是,2,2
69e2f168000000001401980f,69e2583b00000000230211ea,失败|抢救者,失败,抢救者,机器人也会犯羊癫疯呀！[笑哭了R]羊癫疯这病连钢铁也顶不住呀[笑哭了R],-1,0
69e2f12a000000001401c411,69e2583b00000000230211ea,失败|抢救者,失败,抢救者,这为什么摔个稀碎呢？,2,2
69e2f125000000001401e81f,69e2583b00000000230211ea,失败|抢救者,失败,抢救者,不好意思 担架来的那一刻 实在没有绷住 哈哈哈哈哈哈哈,6,6
69e2f10f000000001401ac18,69e2583b00000000230211ea,失败|抢救者,失败,抢救者,夸大的太厉害了,-1,12
69e2f10d000000001401e828,69e2583b00000000230211ea,失败|抢救者,失败,抢救者,比豆腐渣还碎 [偷笑R],2,2
69e2f1060000000014018c18,69e2583b00000000230211ea,失败|抢救者,失败,抢救者,故意摔的这么零碎吗？[笑哭R],2,2
69e2f0e5000000001401ac05,69e2583b00000000230211ea,失败|抢救者,失败,抢救者,这势头也不小啊，感觉把沥青地面都撞出坑了,2,2
69e2f0e1000000001401c014,69e2583b00000000230211ea,失败|抢救者,失败,抢救者,这些破玩意还没到出来的时候,-1,3
69e2f0ac000000001401ac07,69e2583b00000000230211ea,失败|抢救者,失败,抢救者,还有担架，送不送ICU,6,6
69e2f088000000001401dc1d,69e2583b00000000230211ea,失败|抢救者,失败,抢救者,它什么档次，还用上担架了,6,6
69e2f081000000001401c801,69e2583b00000000230211ea,失败|抢救者,失败,抢救者,肯定不是宇树科技[捂脸R],-1,3
69e2f071000000001401c804,69e2583b00000000230211ea,失败|抢救者,失败,抢救者,是为了加重在中间灌水泥吗？一地都是[失望R],2,2
69e2f049000000001401d40a,69e2583b00000000230211ea,失败|抢救者,失败,抢救者,起点设计不错啊，问题开始就暴露，省的后面麻烦,-1,10
69e2f0360000000014018c21,69e2583b00000000230211ea,失败|抢救者,失败,抢救者,那个叫bump不叫bumper,-1,5
69e2f013000000001401b80c,69e2583b00000000230211ea,失败|抢救者,失败,抢救者,孩子啊，粉碎性骨折，在起跑线前,-1,2
69e2efd0000000001401c831,69e2583b00000000230211ea,失败|抢救者,失败,抢救者,现在看着是个笑话，未来还真离不开她,1,1
69e2ef9d000000001401b00c,69e2583b00000000230211ea,失败|抢救者,失败,抢救者,你们不尴尬，我们都尴尬,1,1
69e2ef79000000001401d41a,69e2583b00000000230211ea,失败|抢救者,失败,抢救者,这么脆吗？感觉跟糖块做的似的，碎了一地。[叹气R],2,2
69e2ef41000000001401b006,69e2583b00000000230211ea,失败|抢救者,失败,抢救者,扶机器人会不会被起诉[吃瓜R],0,0
69e2ef3d0000000014019415,69e2583b00000000230211ea,失败|抢救者,失败,抢救者,天崩开局[偷笑R],-1,10
69e2ef12000000001401900c,69e2583b00000000230211ea,失败|抢救者,失败,抢救者,依旧撒泼,2,2
69e2ef08000000001401900b,69e2583b00000000230211ea,失败|抢救者,失败,抢救者,这抢救不过来了吧,14,14
69e2eee2000000001401d812,69e2583b00000000230211ea,失败|抢救者,失败,抢救者,创业未半而中道崩殂。,10,10
69e2eed9000000001401b007,69e2583b00000000230211ea,失败|抢救者,失败,抢救者,是真心发展科技，还是圈一波资本，自己心里有数,3,3
69e2ee8d000000001401dc35,69e2583b00000000230211ea,失败|抢救者,失败,抢救者,我严重怀疑这是特地迷惑老外的,-1,15
69e2ee79000000001401dc0d,69e2583b00000000230211ea,失败|抢救者,失败,抢救者,一点没考虑摔倒么？这碎一地,2,2
69e2ee60000000001401bc1a,69e2583b00000000230211ea,失败|抢救者,失败,抢救者,按了自毁模式？,-1,0
69e2ee5e0000000014019418,69e2583b00000000230211ea,失败|抢救者,失败,抢救者,开玩笑 ，还拿个担架过来,6,6
69e2ee54000000001401d80c,69e2583b00000000230211ea,失败|抢救者,失败,抢救者,开始了吗？已经结束了[笑哭了R],10,10
69e2ee39000000001401e81f,69e2583b00000000230211ea,失败|抢救者,失败,抢救者,这是急着搞投！没弄好硬上赌一把！[汗颜R][汗颜R][吧唧R][吧唧R],3,3
69e2ee36000000001401b012,69e2583b00000000230211ea,失败|抢救者,失败,抢救者,支棱几下,2,2
69e2ee27000000001401e82b,69e2583b00000000230211ea,失败|抢救者,失败,抢救者,碎成这样，玻璃造的吗,2,2
69e2ee05000000001401c421,69e2583b00000000230211ea,失败|抢救者,失败,抢救者,跑个步整得粉身碎骨了[偷笑R],4,4
69e2edda000000001401dc21,69e2583b00000000230211ea,失败|抢救者,失败,抢救者,唉呀！ 出师不利啊，稀碎[笑哭R],10,10
69e2edab000000001401d401,69e2583b00000000230211ea,失败|抢救者,失败,抢救者,走两步几十万没了,-1,2
69e2ed8f000000001401e029,69e2583b00000000230211ea,失败|抢救者,失败,抢救者,科技进步不是一朝一日，但是没有开始，就没有进步,3,3
69e2ecde000000001401a004,69e2583b00000000230211ea,失败|抢救者,失败,抢救者,增加四个就业。好。,-1,0
69e2ec8b000000002b032e87,69e2583b00000000230211ea,失败|抢救者,失败,抢救者,生活不能自理[完啦R],2,2
69e2ec3c000000001401cc12,69e2583b00000000230211ea,失败|抢救者,失败,抢救者,如果印度人看了后怎么办。,-1,0
69e2ec3a000000001401c015,69e2583b00000000230211ea,失败|抢救者,失败,抢救者,就这质量，没贪污么[笑哭R],3,3
69e2ec22000000001401a00d,69e2583b00000000230211ea,失败|抢救者,失败,抢救者,故意设置这个坎的嘛？,-1,2
69e2ec130000000014018c13,69e2583b00000000230211ea,失败|抢救者,失败,抢救者,牛马开始反抗了。躺平、裂了、碎了,-1,10
69e2ebfa0000000014019012,69e2583b00000000230211ea,失败|抢救者,失败,抢救者,摔一跤也不至于成粉粉面面吧？,2,2
69e2ebcb000000001401e002,69e2583b00000000230211ea,失败|抢救者,失败,抢救者,后面的担架好搞笑,6,6
69e2eb8f000000001401c412,69e2583b00000000230211ea,失败|抢救者,失败,抢救者,玉树机器人？,0,0
69e2eb82000000001401cc12,69e2583b00000000230211ea,失败|抢救者,失败,抢救者,真是又好笑又难过，心血付之一炬。,1,1
69e2eb6c000000001401a00f,69e2583b00000000230211ea,失败|抢救者,失败,抢救者,这连个小孩玩具都不如,5,5
69e2eb08000000001401b011,69e2583b00000000230211ea,失败|抢救者,失败,抢救者,它就不想跑，机器人哪有用跑的,0,0
69e2eac6000000001401dc18,69e2583b00000000230211ea,失败|抢救者,失败,抢救者,赶紧给我们设置，前面有坎程序吧[笑哭R][笑哭R][笑哭R][笑哭R],-1,8
69e2eaac000000001401e815,69e2583b00000000230211ea,失败|抢救者,失败,抢救者,不能用轮式吗？替代脚，上肢加大研发，早点进入家庭，洗衣做饭带娃伺候老人,0,0
69e2ea05000000001401c421,69e2583b00000000230211ea,失败|抢救者,失败,抢救者,这就是满网吹爆的机器人吗,0,0
69e2e9ca000000001401a00a,69e2583b00000000230211ea,失败|抢救者,失败,抢救者,萌芽阶段,10,10
69e2e92d000000001401bc2c,69e2583b00000000230211ea,失败|抢救者,失败,抢救者,材料不过关啊,9,9
69e2e86b000000001401e038,69e2583b00000000230211ea,失败|抢救者,失败,抢救者,人，快来抢救一下，有机器人选手摔解体了,0,0
69e2e7890000000014019817,69e2583b00000000230211ea,失败|抢救者,失败,抢救者,担架是来搞笑的吗[失望R]，直接搞一口袋不是更好[笑哭R],6,6
69e2e75f0000000014018800,69e2583b00000000230211ea,失败|抢救者,失败,抢救者,装备碎了一地,11,11
69e2e72e000000001401d42a,69e2583b00000000230211ea,失败|抢救者,失败,抢救者,ai 视频吗,8,8
69e2e5ec000000001401a015,69e2583b00000000230211ea,失败|抢救者,失败,抢救者,以前是小屁孩的玩具现在那群人长大了还是这样,5,5
69e2e4e0000000001401cc1d,69e2583b00000000230211ea,失败|抢救者,失败,抢救者,中国水平吗？[害羞R],-1,0
69e2e40f000000001401d823,69e2583b00000000230211ea,失败|抢救者,失败,抢救者,报废了要记得垃圾分类,9,9
69e2e345000000001401a00b,69e2583b00000000230211ea,失败|抢救者,失败,抢救者,医护人员应该带上扫把，铲子的,6,6
69e2f5c1000000001401b80c,69e2583b00000000230211ea,失败|抢救者,失败,抢救者,又要被外媒台媒拿去做文章了[失望R],-1,-1
69e2fa8a0000000014019019,69e2583b00000000230211ea,失败|抢救者,失败,抢救者,其实不一定应要走人型方向的机器人，弄个轮子的也不是不行吧，实用性总比观赏性大吧,0,0
69e415cc000000001401ac0c,69e2583b00000000230211ea,失败|抢救者,失败,抢救者,旁边还要有人拿着遥控器跟跑操作，纯属造势圈钱！,5,5
69e2f832000000001401e016,69e2583b00000000230211ea,失败|抢救者,失败,抢救者,春晚那些会跳舞的机器人哪去了,15,15
69e2f2fb000000001401bc04,69e2583b00000000230211ea,失败|抢救者,失败,抢救者,台积电说这是没智商的玩具，看来没说错,-1,5
69e78b01000000001401c411,69e2583b00000000230211ea,失败|抢救者,失败,抢救者,这还有抢救的必要吗[捂脸R],14,14
69e3465e000000001401b000,69e2583b00000000230211ea,失败|抢救者,失败,抢救者,输在起跑线上[捂脸R],-1,10
69e45606000000001401bc04,69e2583b00000000230211ea,失败|抢救者,失败,抢救者,平账机器人？,0,0
69e2f2e9000000001401b801,69e2583b00000000230211ea,失败|抢救者,失败,抢救者,这是面粉做的糖人吗？碎成渣了,2,2
69e2f0f8000000001401a40c,69e2583b00000000230211ea,失败|抢救者,失败,抢救者,中国的机器人遥遥领先，像极了马保国,0,0
69e2fccb000000001401a829,69e2583b00000000230211ea,失败|抢救者,失败,抢救者,所谓的后空翻，全特码是假的！全是电脑制作的动画。智能AI就是一场精心设计的大骗局。程序永远只能是程序。,8,8
69e305360000000014018c0a,69e2583b00000000230211ea,失败|抢救者,失败,抢救者,一眼AI  正常人都能看出来,8,8
69e2f88e000000001401880b,69e2583b00000000230211ea,失败|抢救者,失败,抢救者,中国机器人误入歧途，千方百计非要做成人形,0,0
69e81edf000000001401c407,69e2583b00000000230211ea,失败|抢救者,失败,抢救者,就这样还能取快递，家庭照顾老人,14,14
69e30727000000001401cc0c,69e2583b00000000230211ea,失败|抢救者,失败,抢救者,为啥马斯克搞了那么多机器人，不见搞这种的[捂脸R],0,0
69eb7e30000000002800a188,69e2583b00000000230211ea,失败|抢救者,失败,抢救者,这半成品就别拿出来丢人现眼了,-1,3
69eb2a83000000001401a422,69e2583b00000000230211ea,失败|抢救者,失败,抢救者,不要拿出来害人害己，没有技术就不要害人,-1,3
69eaebc5000000001401c021,69e2583b00000000230211ea,失败|抢救者,失败,抢救者,研究了几年做出来的电子垃圾[doge],-1,3
69eae9a4000000001401dc08,69e2583b00000000230211ea,失败|抢救者,失败,抢救者,一堆破烂,-1,9
69eae31d000000001401d826,69e2583b00000000230211ea,失败|抢救者,失败,抢救者,单纯靠程序  摔倒了还在跑 真就骗补助,-1,2
69ea254b000000001401d40e,69e2583b00000000230211ea,失败|抢救者,失败,抢救者,评论区没看出是AI的，去装国家反诈APP吧…你值得拥有。,8,8
69ea1404000000001401e027,69e2583b00000000230211ea,失败|抢救者,失败,抢救者,摔一下就无法分尸了，有啥用,2,2
69e9e204000000001401d403,69e2583b00000000230211ea,失败|抢救者,失败,抢救者,智障玩意，两岁宝宝走得比它好,5,5
69e9986a000000001401cc12,69e2583b00000000230211ea,失败|抢救者,失败,抢救者,一堆塑料玩具，骗了多少国家经费？,3,3
69e98783000000001401cc2a,69e2583b00000000230211ea,失败|抢救者,失败,抢救者,[笑哭R]为啥总是把机器人用在毫无意义的地方,0,0
69e9600b000000001401d805,69e2583b00000000230211ea,失败|抢救者,失败,抢救者,什么破玩意，搞这种机器人比赛纯吃饱了撑的！,0,0
69e92427000000001401e001,69e2583b00000000230211ea,失败|抢救者,失败,抢救者,粉碎性粉碎,-1,2
69e8baed000000001401a013,69e2583b00000000230211ea,失败|抢救者,失败,抢救者,这是什么烂东西，我要把机器人股卖了,-1,0
69e88d24000000001401e407,69e2583b00000000230211ea,失败|抢救者,失败,抢救者,什么垃圾玩意,-1,9
69e88a6e000000001401901a,69e2583b00000000230211ea,失败|抢救者,失败,抢救者,这尼玛不提前测试吗,-1,4
69e8685f0000000014018c1a,69e2583b00000000230211ea,失败|抢救者,失败,抢救者,这是…启动了倒地自毁程序？,-1,2
69e867de000000001401cc1e,69e2583b00000000230211ea,失败|抢救者,失败,抢救者,题目内容不清不楚，是在带什么节奏？你知道北京亦庄刚举办了机器人马拉松，发这个什么意思？,0,0
69e866b2000000001401d411,69e2583b00000000230211ea,失败|抢救者,失败,抢救者,跟脑梗似的[捂脸R] 脚尖儿抬不起来[笑哭R],2,2
69e860870000000014019027,69e2583b00000000230211ea,失败|抢救者,失败,抢救者,摆烂模式,-1,0
69e85142000000001401e824,69e2583b00000000230211ea,失败|抢救者,失败,抢救者,连零件都造得这么差？,9,9
69e84d89000000001401a403,69e2583b00000000230211ea,失败|抢救者,失败,抢救者,好丢脸，相比马斯克的机器人,0,0
69e8479d000000001401e01e,69e2583b00000000230211ea,失败|抢救者,失败,抢救者,中国的机器人是这样的[笑哭R][笑哭R]还有人在那吹呢,0,0
69e820d4000000001401a013,69e2583b00000000230211ea,失败|抢救者,失败,抢救者,这就是木偶，你知道么？不是机器人，来凑数的！不能根据环境做出改变适应的，都是木偶，都是玩具！外在条件变化，比如有减速带，你要高抬腿啊，还需要人工操作。。。？？,0,0
69e819ed000000001401d425,69e2583b00000000230211ea,失败|抢救者,失败,抢救者,弄这些机器人有啥意思,0,0
69e81807000000001401d829,69e2583b00000000230211ea,失败|抢救者,失败,抢救者,那摔成泥土一样的是什么玩意,2,2
69e816970000000014018816,69e2583b00000000230211ea,失败|抢救者,失败,抢救者,程序员不靠谱[暗中观察R],-1,8
69e8111c0000000014018c03,69e2583b00000000230211ea,失败|抢救者,失败,抢救者,还tm有担架,6,6
69e810c7000000001401d401,69e2583b00000000230211ea,失败|抢救者,失败,抢救者,这就是考虑不周 自己的机器人怎么走路抬腿多高没数么,0,0
69e80d23000000001401c400,69e2583b00000000230211ea,失败|抢救者,失败,抢救者,这玩意是不是有什么补贴或者政策？丢这么大人都要来？,3,3
69e808de000000001401a00c,69e2583b00000000230211ea,失败|抢救者,失败,抢救者,这技术不过关,3,3
69e80338000000001401dc06,69e2583b00000000230211ea,失败|抢救者,失败,抢救者,出师未捷身先解,10,10
69e7f54e000000002b026545,69e2583b00000000230211ea,失败|抢救者,失败,抢救者,好血腥....机器人界没有人类了吗?,0,0
69e7e0cd0000000014018c02,69e2583b00000000230211ea,失败|抢救者,失败,抢救者,这是机器羊癫疯,-1,0
69e7cd64000000001401e402,69e2583b00000000230211ea,失败|抢救者,失败,抢救者,真逗，给自己跑的稀碎[害羞R],4,4
69e7cb80000000001401bc00,69e2583b00000000230211ea,失败|抢救者,失败,抢救者,比搞破鞋都磕碜,2,2
69e7c754000000001401d803,69e2583b00000000230211ea,失败|抢救者,失败,抢救者,故意搞节目的吧 怎么可能一摔就碎 这得多次啊,2,2
69e7c454000000001401bc00,69e2583b00000000230211ea,失败|抢救者,失败,抢救者,我感觉这个视频是ai呢……哪有那么大冲击力四分五裂的，还飞出去的,8,8
69e7af030000000014019801,69e2583b00000000230211ea,失败|抢救者,失败,抢救者,整天吹嘘这些丢人现眼的假科技,3,3
69e78c48000000001401d420,69e2583b00000000230211ea,失败|抢救者,失败,抢救者,有什麼意义,-1,4
69e784ac000000001401a020,69e2583b00000000230211ea,失败|抢救者,失败,抢救者,搞什么机器人比赛？还不如赶尸人的赶尸好玩。,0,0
69e77f22000000001401e804,69e2583b00000000230211ea,失败|抢救者,失败,抢救者,地上的帖条影响的他你们不看见吗，失重是真人也会摔,2,2
69e77674000000001401e017,69e2583b00000000230211ea,失败|抢救者,失败,抢救者,这脾气太大了，摔个跟头就把自己肢解了？,2,2
69e77583000000001401d83a,69e2583b00000000230211ea,失败|抢救者,失败,抢救者,为啥要给人家设置障碍,-1,4
69e76eea000000001401982a,69e2583b00000000230211ea,失败|抢救者,失败,抢救者,我发了好多张图，我不理解说这是ai的人，不会查找吗，我找了好几张，有多角度的，还有，你家ai会逐步拉近拉远镜头吗，还有一张图片能看到最左侧穿橙色衣服的拿摔的最远的手臂回来了，两个角度都没破绽，这不是ai,8,8
69e495b4000000001401a417,69e2583b00000000230211ea,失败|抢救者,失败,抢救者,这TM就是笑话,1,1
69e4817a000000001401c416,69e2583b00000000230211ea,失败|抢救者,失败,抢救者,往地下一倒生气了，然后就撒泼打滚，谁让你们从地上铺设障碍物的，就躺在那里摔碎了让你们自己捡，就是有这么个脾气,2,2
69e47181000000001401e810,69e2583b00000000230211ea,失败|抢救者,失败,抢救者,机器人是为工业服务的，搞成这样？走偏了吧,0,0
69e45755000000001401cc06,69e2583b00000000230211ea,失败|抢救者,失败,抢救者,人家不想跑，为啥非要逼着跑，你看,4,4
69e4402f000000001401dc11,69e2583b00000000230211ea,失败|抢救者,失败,抢救者,这种两毛钱的机器人，还拿出来放到人多的地方献丑。换宇树和众擎的[坏笑R][坏笑R],0,0
69e374bf000000001401942d,69e2583b00000000230211ea,失败|抢救者,失败,抢救者,没有个差不多不要拿出来丢丑,-1,1
69e3529b000000001401b808,69e2583b00000000230211ea,失败|抢救者,失败,抢救者,人能做的事情它做不了，人不能做的它更加做不了[害羞R][害羞R][害羞R]天天拿出来丢人[生气R][生气R][生气R],-1,3
69e34a160000000014019422,69e2583b00000000230211ea,失败|抢救者,失败,抢救者,抬担架已经感觉多余了，应该抬棺材才对,6,6
69e344250000000014019013,69e2583b00000000230211ea,失败|抢救者,失败,抢救者,挺好，让欧美日韩多看看，以为咱们的机器人就这种水平,0,0
69e341c1000000001401a80e,69e2583b00000000230211ea,失败|抢救者,失败,抢救者,为什么要搞机器人马拉松？赢了给它发奖金？让它去消费？,0,0
69e32fa0000000001401dc2f,69e2583b00000000230211ea,失败|抢救者,失败,抢救者,这不很明显是AI吗？一摔就碎就算了，还摔了一地土[呃R],8,8
69e32ee3000000001401c832,69e2583b00000000230211ea,失败|抢救者,失败,抢救者,太奶那么大岁数了，让她安享晚年不行吗？,14,14
69e32d110000000014019816,69e2583b00000000230211ea,失败|抢救者,失败,抢救者,这种意义是什么啊[捂脸R]没有很懂，你说研发的机器人能跑一段路然后没电了也没啥了，这种321跑就给自己摔烂的有什么意义[捂脸R],0,0
69e32c3d000000001401d42c,69e2583b00000000230211ea,失败|抢救者,失败,抢救者,融这么多钱就造这个垃圾是吧，最后这钱从哪来的,3,3
69e31f8a000000001401c41b,69e2583b00000000230211ea,失败|抢救者,失败,抢救者,纯来捣乱的,-1,-1
69e30c4c000000001401b814,69e2583b00000000230211ea,失败|抢救者,失败,抢救者,能不能做成四个轮子的，加上电池就可以跑起来的那种！,-1,13
69e30bc2000000001401980e,69e2583b00000000230211ea,失败|抢救者,失败,抢救者,都是来时路，没想到竟然有这么多同胞再嘲笑。。请问，嘲笑人家的你，什么水平呢？！,1,1
69e30b8a000000001401b011,69e2583b00000000230211ea,失败|抢救者,失败,抢救者,难怪我买的机器人一直在跌，就这破烂货确实上不去[黄金薯R][黄金薯R][黄金薯R],-1,0
69e30a55000000001401e80c,69e2583b00000000230211ea,失败|抢救者,失败,抢救者,就这个倒地之后乱蹬乱踹的就很垃圾。应该先自检一下陀螺仪，都躺下了就别费劲了。,2,2
69e309e9000000001401a019,69e2583b00000000230211ea,失败|抢救者,失败,抢救者,这机器人脑子里填的是土吗？[偷笑R],0,0
69e308f6000000001401a826,69e2583b00000000230211ea,失败|抢救者,失败,抢救者,这种参赛的不能先自己内部测试跑通了在上线吗[失望R]感觉就是个豆腐渣还没做测试的东西，就算拿来融资也没人愿意投吧,-1,3
69e30853000000001401c427,69e2583b00000000230211ea,失败|抢救者,失败,抢救者,明显的ai造谣视频，一堆人在下面意淫[捂脸R],8,8
69e3084a000000001401c826,69e2583b00000000230211ea,失败|抢救者,失败,抢救者,浪费时间 浪费钱,-1,13
69e307b0000000001401c42a,69e2583b00000000230211ea,失败|抢救者,失败,抢救者,请问这事情认真的吗,1,1
69e305d2000000001401e80b,69e2583b00000000230211ea,失败|抢救者,失败,抢救者,这质量也太差了吧,9,9
69e30308000000001401c00a,69e2583b00000000230211ea,失败|抢救者,失败,抢救者,这又不是人还用担架,6,6
69e30221000000001401b811,69e2583b00000000230211ea,失败|抢救者,失败,抢救者,好笑不好笑？？？就这玩意儿还能拿出来显摆，丢不丢脸！,1,1
69e300ba000000001401b013,69e2583b00000000230211ea,失败|抢救者,失败,抢救者,做这种东西的意义到底何在,-1,0
69e300010000000014019820,69e2583b00000000230211ea,失败|抢救者,失败,抢救者,平时不跑步，就别参加马拉松了,4,4
69e2ffe5000000001401cc2e,69e2583b00000000230211ea,失败|抢救者,失败,抢救者,哈哈哈，人工智障,-1,5
69e2ffbf000000001401d834,69e2583b00000000230211ea,失败|抢救者,失败,抢救者,拿个垃圾桶过来呀！抬担架干嘛呢？,6,6
69e2fefc0000000014019424,69e2583b00000000230211ea,失败|抢救者,失败,抢救者,赶来急救的也应该使用机器人就牛逼了🤣,7,7
69e2fea7000000001401bc26,69e2583b00000000230211ea,失败|抢救者,失败,抢救者,咋这么丢人现眼？这哪个公司的产品？,-1,3
69e2fab3000000001401940f,69e2583b00000000230211ea,失败|抢救者,失败,抢救者,我们的高科技在卷最基本的跑步，就这种工业垃圾凭什么能力融资？那种没投资经验的还是多看看成熟些的产品吧,3,3
69e2fa4f0000000014019810,69e2583b00000000230211ea,失败|抢救者,失败,抢救者,也就挣扎那几下有点演技,2,2
69e2fa36000000001401c035,69e2583b00000000230211ea,失败|抢救者,失败,抢救者,跑步就跑步嘛，怎么还自己给自己拆了？,-1,4
69e2fa12000000001401d816,69e2583b00000000230211ea,失败|抢救者,失败,抢救者,人工智障发展迅速,-1,0
69e2f97f000000001401d80e,69e2583b00000000230211ea,失败|抢救者,失败,抢救者,像屎一样崩开了，甚至都没走到起跑线,10,10
69e2f84d000000001401c826,69e2583b00000000230211ea,失败|抢救者,失败,抢救者,还TM上担架[石化R],6,6
69e2f7dd0000000014019018,69e2583b00000000230211ea,失败|抢救者,失败,抢救者,这是机器人发展过程中正常的过程。不断失败不断总结提高。总有别有用心的人，在带节奏。,0,0
69e2f796000000001401cc0d,69e2583b00000000230211ea,失败|抢救者,失败,抢救者,就跑这几步好几万就没了？,-1,2
69e2f680000000001401cc28,69e2583b00000000230211ea,失败|抢救者,失败,抢救者,回家种地去吧，就这还研发机器人,0,0
69e2f5da0000000014019011,69e2583b00000000230211ea,失败|抢救者,失败,抢救者,这出厂直接上赛道？不先自己搁家测试一下么？,-1,2
69e2f58e000000001401e010,69e2583b00000000230211ea,失败|抢救者,失败,抢救者,纯属自杀行动😎,-1,5
69e2f57a000000001401900e,69e2583b00000000230211ea,失败|抢救者,失败,抢救者,看看人家马斯克  你这会蹦会跳的对老百姓有什么用啊[笑哭R],0,0
69e2f4d5000000001401cc17,69e2583b00000000230211ea,失败|抢救者,失败,抢救者,这老胳膊老腿的[doge][doge]碰瓷来了？,-1,2
69e2f48d000000001401b02b,69e2583b00000000230211ea,失败|抢救者,失败,抢救者,谁都别犟了，这个就是笑话[失望R][失望R]我不是针对行业，而是针对这家企业,3,3
69e2f3e6000000001401cc12,69e2583b00000000230211ea,失败|抢救者,失败,抢救者,是驴是马拉出来溜溜,-1,4
69e2f38f000000001401a017,69e2583b00000000230211ea,失败|抢救者,失败,抢救者,人类从吃生肉到学会生火用了150万年。真不知道那些人凭什么嘲笑机器人,0,0
69e2f342000000001401880f,69e2583b00000000230211ea,失败|抢救者,失败,抢救者,拉个线稿什么,-1,6
69e2f268000000001401d40b,69e2583b00000000230211ea,失败|抢救者,失败,抢救者,AI合成吧，摔一下还留一地土？,8,8
69e2f252000000001401c826,69e2583b00000000230211ea,失败|抢救者,失败,抢救者,这不就是 电池 电机 齿轮 组合起来的废物吗？和电车也差不多,-1,13
69e2f15f000000001401b014,69e2583b00000000230211ea,失败|抢救者,失败,抢救者,摔倒到没什么，但他么稀烂也太[失望R],2,2
69e2f0db000000001401cc27,69e2583b00000000230211ea,失败|抢救者,失败,抢救者,为什么要冷嘲热讽呢？实物发展不都有个过程吗！以前电脑开机还要输入指令，打字没有写字快，发展必然是要有个时间段的嘛,-1,3
69e2ef8d000000001401a414,69e2583b00000000230211ea,失败|抢救者,失败,抢救者,能不能弄巴适了再来秀？[捂脸R],1,1
69e2edfb0000000014018c15,69e2583b00000000230211ea,失败|抢救者,失败,抢救者,所以最后有人装杯好好的汉语夹单词吗？,-1,11
69e2ed12000000001401881f,69e2583b00000000230211ea,失败|抢救者,失败,抢救者,自己几斤几两不知道吗？明知不成熟的产品拿出来干嘛呢,3,3
69e2ec1b000000001401e827,69e2583b00000000230211ea,失败|抢救者,失败,抢救者,"丢人现眼,哦是丢机现眼[doge]",-1,3
69e2ebc8000000001401e41a,69e2583b00000000230211ea,失败|抢救者,失败,抢救者,先帝创业还中道才蹦础，结果你中了七步蛇毒了吗,10,10
69e2eb9d000000001401d808,69e2583b00000000230211ea,失败|抢救者,失败,抢救者,这是哪家公司的，来碰瓷呢,-1,3
69e2eb50000000001401d421,69e2583b00000000230211ea,失败|抢救者,失败,抢救者,直接打脸吹捧厂家和推广的了,3,3
69e2e7f00000000014019c19,69e2583b00000000230211ea,失败|抢救者,失败,抢救者,脑浆子撒了一地,-1,2
69e2e4330000000014018c0f,69e2583b00000000230211ea,失败|抢救者,失败,抢救者,这种产品为啥还拿出来？在家不调试的吗？,-1,9
69e9ea50000000001401c018,69e2583b00000000230211ea,失败|抢救者,失败,抢救者,中国人造机器人就是造玩具，毫无卵用,0,0
69e7fb43000000001401e009,69e2583b00000000230211ea,失败|抢救者,失败,抢救者,不知道这玩意造出来跑马拉松有什么意义，一群闲的蛋疼的人做一些蛋疼的事,0,0
69e463ce000000001401c002,69e2583b00000000230211ea,失败|抢救者,失败,抢救者,9.9上架,-1,-1
69e48f1d0000000014019819,69db34bb000000001a0348ae,失败|抢救者,失败,抢救者,担架的必要性,6,6
69dc73fa00000000350236af,69db34bb000000001a0348ae,失败|抢救者,失败,抢救者,我还以为是机器人医生来救人[笑哭R],7,7
69dc9de80000000002029fb1,69db34bb000000001a0348ae,失败|抢救者,失败,抢救者,我有救了，以后失业可以去抬坏机器人,7,7
69dcbf41000000000203506c,69db34bb000000001a0348ae,失败|抢救者,失败,抢救者,机器人老了可怎么办[doge],0,0
69dcb1ea000000000d03c735,69db34bb000000001a0348ae,失败|抢救者,失败,抢救者,患者情绪老稳定了,-1,2
69dca1ed000000001500405a,69db34bb000000001a0348ae,失败|抢救者,失败,抢救者,机器人抢救团队—爱回收,7,7
69dca494000000000202b192,69db34bb000000001a0348ae,失败|抢救者,失败,抢救者,转转来回收吗[笑哭R],-1,7
69dcaa8f00000000350162c0,69db34bb000000001a0348ae,失败|抢救者,失败,抢救者,这款机器人给我一种社会一点忙没帮到，纯添乱，而且极其热爱跳舞,0,0
69dc8e9100000000020296bb,69db34bb000000001a0348ae,失败|抢救者,失败,抢救者,科技服务不了人，还是人在服务科技[捂脸R],3,3
69dc89b6000000000202b60b,69db34bb000000001a0348ae,失败|抢救者,失败,抢救者,机器人有医保吗,0,0
69e80bb5000000001401bc13,69db34bb000000001a0348ae,失败|抢救者,失败,抢救者,我还是忘不了那个豆脚[笑哭R],-1,-1
69db9b7c000000000103e0a2,69db34bb000000001a0348ae,失败|抢救者,失败,抢救者,菜就多练……充电[doge],-1,13
69dcadc80000000016014834,69db34bb000000001a0348ae,失败|抢救者,失败,抢救者,回收二手机器人有市场了[doge],0,0
69dca2a8000000000103ef7f,69db34bb000000001a0348ae,失败|抢救者,失败,抢救者,机器人还不能救人但是人已经可以救机器人了[得意R],7,7
69dc94e1000000003502fbee,69db34bb000000001a0348ae,失败|抢救者,失败,抢救者,好荒诞的场面[笑哭R][笑哭R],1,1
69dca30500000000150091f2,69db34bb000000001a0348ae,失败|抢救者,失败,抢救者,还要人类服务科技吗。,-1,3
69ddad1b0000000035011d50,69db34bb000000001a0348ae,失败|抢救者,失败,抢救者,我要开始学机器人心理学了，以后必然有用[黄金薯R],0,0
69ddaacc0000000014009de7,69db34bb000000001a0348ae,失败|抢救者,失败,抢救者,让我想起了一部电影，铁甲钢拳，机器人打架[暗中观察R],0,0
69dce0870000000035024de7,69db34bb000000001a0348ae,失败|抢救者,失败,抢救者,哈哈哈哈哈哈今日最佳,1,1
69dcdefb000000000103cbdd,69db34bb000000001a0348ae,失败|抢救者,失败,抢救者,我真的没招了,-1,1
69dcdded000000003502918d,69db34bb000000001a0348ae,失败|抢救者,失败,抢救者,能工智人来救人工智能了,7,7
69dcd8be000000000c032c53,69db34bb000000001a0348ae,失败|抢救者,失败,抢救者,看到图之前以为是机器人抢救人类[笑哭R],7,7
69dcd59b000000003502dc1d,69db34bb000000001a0348ae,失败|抢救者,失败,抢救者,越往后翻越搞笑 谁懂啊,1,1
69dcd464000000000c032cae,69db34bb000000001a0348ae,失败|抢救者,失败,抢救者,死了的话得解剖找找原因,2,2
69dcd39a0000000035033729,69db34bb000000001a0348ae,失败|抢救者,失败,抢救者,亦庄介地儿还是太复杂了,-1,0
69dcd0c70000000035024f07,69db34bb000000001a0348ae,失败|抢救者,失败,抢救者,这是在玩金刚芭比？,1,1
69dccc490000000002028b58,69db34bb000000001a0348ae,失败|抢救者,失败,抢救者,成年工科群体社交活动大型玩具,5,5
69dcc9410000000035019bf2,69db34bb000000001a0348ae,失败|抢救者,失败,抢救者,我服了哈哈哈哈机器人都安排上救护车了 老了养一个给自己添乱吧[捂脸R][捂脸R],7,7
69dcc2e20000000015001fd9,69db34bb000000001a0348ae,失败|抢救者,失败,抢救者,嗯，机器人怎么不算人呢[害羞R],0,0
69dcc13500000000160158da,69db34bb000000001a0348ae,失败|抢救者,失败,抢救者,第五张是什么雷霆姿势[暗中观察R],-1,-1
69dcc134000000003501097c,69db34bb000000001a0348ae,失败|抢救者,失败,抢救者,哈哈哈哈没点开前，我还在想，是无人驾驶的车，载着，医护机器人，去救病人,7,7
69dcc05a000000000103ceb7,69db34bb000000001a0348ae,失败|抢救者,失败,抢救者,我服了，我以为外面已经进化成有机器人120了，没想到还真是机器人120[再见R],7,7
69dcbc000000000002029ad1,69db34bb000000001a0348ae,失败|抢救者,失败,抢救者,我们智械一族只有这一代………,0,0
69dcb4da000000001400b764,69db34bb000000001a0348ae,失败|抢救者,失败,抢救者,会有医闹吗？,-1,7
69dcb4b40000000016014bd8,69db34bb000000001a0348ae,失败|抢救者,失败,抢救者,这个世界终究还是癫了[微笑R],-1,0
69dcb34d0000000035031f50,69db34bb000000001a0348ae,失败|抢救者,失败,抢救者,突发恶疾[笑哭R],-1,2
69dcb25d00000000020289d9,69db34bb000000001a0348ae,失败|抢救者,失败,抢救者,我居然有点等着看救护车变形....,7,7
69dcaf66000000003501eec6,69db34bb000000001a0348ae,失败|抢救者,失败,抢救者,机器人救机器人吗[doge],7,7
69dcad20000000003102dde9,69db34bb000000001a0348ae,失败|抢救者,失败,抢救者,机器人跑马拉松需要交钱吗 需要报名抽签吗[汗颜R],0,0
69dca9bc0000000035033250,69db34bb000000001a0348ae,失败|抢救者,失败,抢救者,等一下，原来被抢救的是机器人吗,7,7
69dca91f000000003502b470,69db34bb000000001a0348ae,失败|抢救者,失败,抢救者,周六拍到了,-1,-1
69dca8ef000000003501ba5a,69db34bb000000001a0348ae,失败|抢救者,失败,抢救者,你不给我养老就算了我还得120掏钱救你啊！！！,14,14
69dca60a000000003502baf1,69db34bb000000001a0348ae,失败|抢救者,失败,抢救者,这不新职业来了[doge],-1,0
69dca4c4000000001400b22f,69db34bb000000001a0348ae,失败|抢救者,失败,抢救者,下辈子投胎做机器人。。,0,0
69dca4a1000000001500a415,69db34bb000000001a0348ae,失败|抢救者,失败,抢救者,不行[笑哭R]笑点太密集了,1,1
69dca4620000000035008ed4,69db34bb000000001a0348ae,失败|抢救者,失败,抢救者,我以为是机器人来抢救人,7,7
69dca43a000000000d03f8a1,69db34bb000000001a0348ae,失败|抢救者,失败,抢救者,工作人员是怎么忍住不笑的？,1,1
69dca3f1000000000d034ab9,69db34bb000000001a0348ae,失败|抢救者,失败,抢救者,以后能不能搞一辆机器人开、机器人修的救护车,7,7
69dca33c000000003501db2f,69db34bb000000001a0348ae,失败|抢救者,失败,抢救者,这些搞机器人的 是怎么忍住不笑的,0,0
69dca035000000003501e88f,69db34bb000000001a0348ae,失败|抢救者,失败,抢救者,（机器人抢救大赛）,7,7
69dc9ef80000000035012899,69db34bb000000001a0348ae,失败|抢救者,失败,抢救者,机器人救护车，我还以为是机器人抢救人[笑哭R],7,7
69dc9e1b0000000015009b36,69db34bb000000001a0348ae,失败|抢救者,失败,抢救者,原来是机器人的医生啊，我以为是机器人医生呢,7,7
69dc9ded0000000015006f16,69db34bb000000001a0348ae,失败|抢救者,失败,抢救者,这是救机器人，我还以为要机器人救人呢[笑哭R],7,7
69dc9d730000000035018322,69db34bb000000001a0348ae,失败|抢救者,失败,抢救者,变成故障机器人了,0,0
69dc9c68000000000d0358a9,69db34bb000000001a0348ae,失败|抢救者,失败,抢救者,理想的机器人，服务人类，有趣的机器人，让人类服务,0,0
69dc9c5a000000003502a5f9,69db34bb000000001a0348ae,失败|抢救者,失败,抢救者,穿的背心是家电维修,-1,0
69dc9a60000000003501d64c,69db34bb000000001a0348ae,失败|抢救者,失败,抢救者,机器人🤖别闹了行不,0,0
69dc96fa000000003002485e,69db34bb000000001a0348ae,失败|抢救者,失败,抢救者,到时候举办机器人搏斗大赛了,0,0
69dc95ed000000003502e1df,69db34bb000000001a0348ae,失败|抢救者,失败,抢救者,图五 两手一摊死过去了[笑哭R][笑哭R][笑哭R],2,2
69dc951c0000000016016d6e,69db34bb000000001a0348ae,失败|抢救者,失败,抢救者,就是故障维修呗,-1,0
69dc9505000000003100185e,69db34bb000000001a0348ae,失败|抢救者,失败,抢救者,oh是救 机器人啊,7,7
69dc90dc000000003501278e,69db34bb000000001a0348ae,失败|抢救者,失败,抢救者,什么创伤小组[doge],-1,-1
69dc90bb000000000103c55c,69db34bb000000001a0348ae,失败|抢救者,失败,抢救者,京东师傅明显对这个业务还不太熟练哈哈哈哈,-1,8
69dc8e9d000000000d034089,69db34bb000000001a0348ae,失败|抢救者,失败,抢救者,我之前最喜欢的变形金刚就是救护车了[哭惹R] 他在电影里被那个兰博基尼变形金刚和人类一起抓住的时候我可伤心了,7,7
69dc863a00000000020295af,69db34bb000000001a0348ae,失败|抢救者,失败,抢救者,怎么老小老弟 半月板跑废了,-1,2
69dc7c5a000000003501469c,69db34bb000000001a0348ae,失败|抢救者,失败,抢救者,仿佛在玩过家家[笑哭R],1,1
69dc7953000000000c031efb,69db34bb000000001a0348ae,失败|抢救者,失败,抢救者,上了救护车手还举着仿佛在说撒哟啦啦[失望R],7,7
69dc69c6000000003502eb99,69db34bb000000001a0348ae,失败|抢救者,失败,抢救者,笑死，还需要担架,6,6
69dca76500000000020366b4,69db34bb000000001a0348ae,失败|抢救者,失败,抢救者,社会发展到机器人都有救护车了，却还没有动物救护车,7,7
69e4cd42000000001401942c,69db34bb000000001a0348ae,失败|抢救者,失败,抢救者,你们礼貌吗？万一手手掉了怎么办，二次重伤,2,2
69dca633000000003500dcba,69db34bb000000001a0348ae,失败|抢救者,失败,抢救者,你以为是机器人医生学习拯救人类，结果两个人类抬着机器人…………倒反天罡！,7,7
69dca1610000000001004d4b,69db34bb000000001a0348ae,失败|抢救者,失败,抢救者,救机器人啊，那没事，随便吧[笑哭R][笑哭R]要是现在的机器人救人，可要说道说道了,7,7
69dc9508000000003500a502,69db34bb000000001a0348ae,失败|抢救者,失败,抢救者,什么行为艺术，就那个什么全马半马跑得很快的？有任何意义？,4,4
69e4b210000000001401cc13,69db34bb000000001a0348ae,失败|抢救者,失败,抢救者,机器人需要人工呼吸吗,0,0
69e4779b000000001401c823,69e41e24000000001a025f1a,失败|观众,失败,观众,机器人马拉松会不会影响真人跑者的成绩啊，感觉大家都忍不住看哈哈哈,0,0
69e44aa1000000001401ac32,69e41e24000000001a025f1a,失败|观众,失败,观众,摔倒了自己起不来吗,2,2
69e4bf1f000000001401c839,69e41e24000000001a025f1a,失败|观众,失败,观众,身体不好就别跑了,4,4
69e46686000000001401a80e,69e41e24000000001a025f1a,失败|观众,失败,观众,为何我看的有点心酸,1,1
69e4883f000000002b0303e4,69e41e24000000001a025f1a,失败|观众,失败,观众,就是遥控器在控制，就是一个大号玩具而已,5,5
69e431970000000014019006,69e41e24000000001a025f1a,失败|观众,失败,观众,是哪個叫閃電的嗎？,12,12
69e45947000000001401d80b,69e41e24000000001a025f1a,失败|观众,失败,观众,右腿关节处受伤了[吃瓜R]感觉使不上劲了[笑哭R],-1,12
69e45137000000001401dc30,69e41e24000000001a025f1a,失败|观众,失败,观众,选手：比赛暂停 嘲笑机器人摔跟头,0,0
69e4e638000000001401ac1a,69e41e24000000001a025f1a,失败|观众,失败,观众,人真的好有爱 还给机器人加油[赞R],0,0
69e4e5410000000014018829,69e41e24000000001a025f1a,失败|观众,失败,观众,只有无数次这样的失败才会成功,-1,3
69e4be3c000000001401d805,69e41e24000000001a025f1a,失败|观众,失败,观众,哈哈，我居然从视频里找到了自己[偷笑R],1,1
69e4b32d000000001401ac23,69e41e24000000001a025f1a,失败|观众,失败,观众,太像我同事喝多了,-1,1
69e4a875000000001401b013,69e41e24000000001a025f1a,失败|观众,失败,观众,这一惊一乍的真吓人[捂脸R],-1,12
69e60476000000001401a402,69e41e24000000001a025f1a,失败|观众,失败,观众,一车车的工作人员都好年轻啊，好有希望！！,-1,15
69e6c1de000000001401e816,69e41e24000000001a025f1a,失败|观众,失败,观众,洒落一地装备,11,11
69e47f430000000014018c2f,69e41e24000000001a025f1a,失败|观众,失败,观众,脑浆子都摔出来了，还在坚持[笑哭R],2,2
69e4f1d2000000001401ac20,69e41e24000000001a025f1a,失败|观众,失败,观众,节操碎了一地,2,2
69e4a6a2000000001401c436,69e41e24000000001a025f1a,失败|观众,失败,观众,最后是那下是巴神附体了么,2,2
69e4a5c9000000001401c40a,69e41e24000000001a025f1a,失败|观众,失败,观众,人类举起手机开始嘲笑,1,1
69e495860000000014019c23,69e41e24000000001a025f1a,失败|观众,失败,观众,现在每一个拉胯的瞬间，将来必定成为中国智能机器人发展史上的基石,0,0
69e4954a000000001401b00d,69e41e24000000001a025f1a,失败|观众,失败,观众,明天又是大a机器人买单[失望R],-1,0
69e486cf000000001401e41c,69e41e24000000001a025f1a,失败|观众,失败,观众,同伴一过来感觉就站稳了[暗中观察R],-1,6
69e485a10000000014019429,69e41e24000000001a025f1a,失败|观众,失败,观众,天啊，如今轮到人类给机器人加油鼓励，还挺真诚的。[石化R],0,0
69e482ba000000001401e430,69e41e24000000001a025f1a,失败|观众,失败,观众,由于太像人了确实会引人共情啊,1,1
69e482aa000000001401c815,69e41e24000000001a025f1a,失败|观众,失败,观众,哈哈哈哈哈旁边那些跑步的人，毫无PB的欲望，全是对看热闹的渴望,4,4
69e47d32000000001401d402,69e41e24000000001a025f1a,失败|观众,失败,观众,甚至有点励志,1,1
69e46d0a000000001401ac09,69e41e24000000001a025f1a,失败|观众,失败,观众,艾玛，稀碎[笑哭R][笑哭R],-1,2
69e46560000000001401d43e,69e41e24000000001a025f1a,失败|观众,失败,观众,旁边的运动员不赶快跑步啊，在那偷拍人家出糗的画面。[笑哭R],4,4
69e45dde000000001401a41f,69e41e24000000001a025f1a,失败|观众,失败,观众,20年后网络上出现一个视频:人类强迫机器人运动犯罪记录,0,0
69e43a86000000001401a811,69e41e24000000001a025f1a,失败|观众,失败,观众,旁边的人类发来嘲笑。,1,1
69e594a7000000001401bc13,69e41e24000000001a025f1a,失败|观众,失败,观众,告诉我喝了多少,-1,3
69e44c0c000000001401cc2b,69e41e24000000001a025f1a,失败|观众,失败,观众,全场惊呼[捂脸R],-1,1
69e62588000000001401cc19,69e41e24000000001a025f1a,失败|观众,失败,观众,爆一地装备，可怜的[偷笑R],11,11
69e42019000000001401c80d,69e41e24000000001a025f1a,失败|观众,失败,观众,马拉松的选手们也得停下来拍个照[笑哭R],4,4
69e609ec0000000014019c27,69e41e24000000001a025f1a,失败|观众,失败,观众,机器人的技术设计和应用的重点，不必局限于人型与否，而在于机器人的应用范围和精准度和耐用程度。特别是在尖端医疗，智能交通，高层消防，精密机械制造，深海勘探，煤炭采掘，污染检测，农业生产，垃圾清运等等方面，而绝不是让机器人跑马拉松，唱二人转以及家庭服务上。把注意力放在真正能够推动文明进程发展进步上才是人间正道。这种在大庭广众之下撞栏杆，摔跟头的机器人把公司老板的脸和钱也摔稀碎！因为他们的精力和努力的方向都搞错啦！,0,0
69e4fa5e000000001401c014,69e41e24000000001a025f1a,失败|观众,失败,观众,感觉明年会更加成熟了,-1,3
69e45ba3000000001401b00e,69e41e24000000001a025f1a,失败|观众,失败,观众,哎呀好可怜[笑哭了R][笑哭了R],1,1
69e453eb000000001401880a,69e41e24000000001a025f1a,失败|观众,失败,观众,脚步轻浮，晚上没休息好,-1,15
69e44721000000001401c408,69e41e24000000001a025f1a,失败|观众,失败,观众,这个造型好像缉机器警察,0,0
69e446da000000001401bc23,69e41e24000000001a025f1a,失败|观众,失败,观众,未来机器人观看了视频:人类！毁灭,0,0
69e445cb000000001401c431,69e41e24000000001a025f1a,失败|观众,失败,观众,隔壁那群人纷纷掏出手机,1,1
69e43ee8000000001401c013,69e41e24000000001a025f1a,失败|观众,失败,观众,看到了我，她摔得时候我亲眼所见噼里啪啦的,2,2
69e43c89000000001401d806,69e41e24000000001a025f1a,失败|观众,失败,观众,摔出脑浆子了！,-1,2
69e43c09000000001401c00a,69e41e24000000001a025f1a,失败|观众,失败,观众,哈哈，另外一个机器人还看了他一眼,0,0
69e43865000000001401d428,69e41e24000000001a025f1a,失败|观众,失败,观众,原来碎一地渣渣的是他啊[笑哭R],2,2
69e42cb3000000001401c41a,69e41e24000000001a025f1a,失败|观众,失败,观众,啥东西，碎一地[doge],2,2
69e49e82000000001401c814,69e41e24000000001a025f1a,失败|观众,失败,观众,看个乐子,1,1
69e4673f000000001401c815,69e41e24000000001a025f1a,失败|观众,失败,观众,别说人行机器人，人类连蚂蚁都造不出来,0,0
69dfb3290000000002035b6b,69df625d0000000021005c63,失败|观众,失败,观众,大家娱乐一下哈，视频里只放了一些“精彩”画面配解说，其实还有更多的机器人是跑的又稳又快的[害羞R],0,0
69e70ad1000000001401e404,69df625d0000000021005c63,失败|观众,失败,观众,这就是我每天上班赶末班车的状态，身体和灵魂都在努力摆动，但速度全靠缘分,4,4
69e709de000000001401bc06,69df625d0000000021005c63,失败|观众,失败,观众,现在的步态虽然看着有点滑稽，但科技进步往往就是从这种‘笨拙’开始的。期待以后机器人马拉松能跑出人类无法企及的配速！,0,0
69df971b00000000350151b3,69df625d0000000021005c63,失败|观众,失败,观众,大家不要笑，再过几年他们就可以跑得很溜，事物的发展都有个过程。,1,1
69dfada6000000003501fb5c,69df625d0000000021005c63,失败|观众,失败,观众,[笑哭R][笑哭R][笑哭R]解说好有趣,1,1
69dfada000000000350160ac,69df625d0000000021005c63,失败|观众,失败,观众,我只想问，他们参赛前都不调试的吗？[笑哭R],-1,9
69dfad9f000000000d03f49d,69df625d0000000021005c63,失败|观众,失败,观众,这波是搞笑组吧,1,1
69dfad980000000016016631,69df625d0000000021005c63,失败|观众,失败,观众,特登跑差d，等你们放松警惕[doge],4,4
69dfad7d000000000c032dec,69df625d0000000021005c63,失败|观众,失败,观众,机器人噱头偏多,0,0
69dfad74000000001500887e,69df625d0000000021005c63,失败|观众,失败,观众,小红不是章若楠么？[偷笑R],12,12
69dfad6a0000000001007029,69df625d0000000021005c63,失败|观众,失败,观众,生活难道就是这样了嘛～,1,1
69dfad55000000003501ef9e,69df625d0000000021005c63,失败|观众,失败,观众,发展太迅速了,-1,0
69dfad4f0000000016015715,69df625d0000000021005c63,失败|观众,失败,观众,你们笑可以，但不要在评论区笑，以后他们觉醒了，首先清算的就是评论区的嘲笑者，顺着网线就摸过去了。,1,1
69dfad460000000015001a4b,69df625d0000000021005c63,失败|观众,失败,观众,这是故意整活呢吧？,1,1
69dfad460000000002034574,69df625d0000000021005c63,失败|观众,失败,观众,看到都在投入抢赛道我就放心了，总有成熟和井喷的时候！,4,4
69dfad3800000000160152c7,69df625d0000000021005c63,失败|观众,失败,观众,黑衣服的把影子识别成物体了？,-1,5
69dfad2f000000003500e421,69df625d0000000021005c63,失败|观众,失败,观众,相信我，我们很快就会有能合体的机器人！,0,0
69dfad2f00000000160150f0,69df625d0000000021005c63,失败|观众,失败,观众,春晚不是这水平啊！,15,15
69dfad25000000001500b937,69df625d0000000021005c63,失败|观众,失败,观众,这个牛逼[点赞R] 都超过车子速度了[捂脸R]健步如飞！,4,4
69dfad1c000000001500117f,69df625d0000000021005c63,失败|观众,失败,观众,几十年后老机器人指着这段视频给后辈机器人讲“这就是我们来时的路”,0,0
69dfad150000000001005ec4,69df625d0000000021005c63,失败|观众,失败,观众,果然机器人摔倒才是最精彩的[doge],0,0
69dfad00000000003500bf25,69df625d0000000021005c63,失败|观众,失败,观众,追尾后车全责[害羞R],-1,12
69dfacfd00000000160146ad,69df625d0000000021005c63,失败|观众,失败,观众,好怕会爆炸💥,-1,2
69dfaccf00000000150004d6,69df625d0000000021005c63,失败|观众,失败,观众,现在的机器人都能跑出你的人生百态，走出我的现实疲态！厉害的衣服哥一路的坚持，也需要在发展大道上停下来思考人生！～前路漫漫其修远兮！,0,0
69dfacc50000000001004e1c,69df625d0000000021005c63,失败|观众,失败,观众,原地大小睡[doge],-1,11
69dfacc40000000035017f0a,69df625d0000000021005c63,失败|观众,失败,观众,说明机器人也会彼劳，何况是人呢,0,0
69dfacb30000000001004ab3,69df625d0000000021005c63,失败|观众,失败,观众,走路那个好像常来我家串门的瘦小老太[笑哭R],-1,2
69dfacb000000000350117d5,69df625d0000000021005c63,失败|观众,失败,观众,配乐太棒了[派对R],1,1
69dfaca40000000002036516,69df625d0000000021005c63,失败|观众,失败,观众,遥控玩具进化史？,5,5
69dfac90000000000202bc82,69df625d0000000021005c63,失败|观众,失败,观众,我只能说，身残志坚,2,2
69dfac81000000002d02163f,69df625d0000000021005c63,失败|观众,失败,观众,红色的缺个角，所以才控制不好的[doge],12,12
69dfac71000000003501725e,69df625d0000000021005c63,失败|观众,失败,观众,果然马拉松是高危运动[偷笑R],4,4
69dfac6d00000000020359b0,69df625d0000000021005c63,失败|观众,失败,观众,你别说，你还真别说，所有动作都很像人[笑哭R],-1,4
69dfac65000000002b032cab,69df625d0000000021005c63,失败|观众,失败,观众,哈哈哈哈哈哈哈，这个解说真的太好笑了,1,1
69dfac5c00000000350109fb,69df625d0000000021005c63,失败|观众,失败,观众,唉唉唉！讹人是不！都看着呢啊！讹人是不是？！,-1,0
69dfac4f0000000001007575,69df625d0000000021005c63,失败|观众,失败,观众,只有这样才能更好的改进，加油，不断的研发，不怕失败，永远不放弃的追求的！,-1,0
69dfac3c000000001500748c,69df625d0000000021005c63,失败|观众,失败,观众,解说太有趣了[笑哭R],1,1
69dfac11000000000d0368e6,69df625d0000000021005c63,失败|观众,失败,观众,摩擦摩擦，在光滑的地上摩 擦，摩擦,2,2
69dfac100000000015001e7c,69df625d0000000021005c63,失败|观众,失败,观众,把一群所谓的高科技公司的遮羞布给撕下来,3,3
69dfabf600000000350316d2,69df625d0000000021005c63,失败|观众,失败,观众,忍着看完，忍不住笑完,1,1
69dfabf5000000001400ae39,69df625d0000000021005c63,失败|观众,失败,观众,那宇树跑起来老人感怎么那么重[笑哭R],-1,14
69dfabdf0000000001005d08,69df625d0000000021005c63,失败|观众,失败,观众,这⋯有待提高呀！压力给到团队[抠鼻R],1,1
69dfabd9000000001400a81f,69df625d0000000021005c63,失败|观众,失败,观众,红色闪电这个是章若楠,12,12
69dfabbb000000001500580e,69df625d0000000021005c63,失败|观众,失败,观众,机器人都这么脆弱吗？,0,0
69dfabb3000000003501516b,69df625d0000000021005c63,失败|观众,失败,观众,机器人为什么要马拉松 核动力的是吗,0,0
69dfabb0000000002b032bf4,69df625d0000000021005c63,失败|观众,失败,观众,别跑了 ，我怕植物人大跌,-1,4
69dfaba1000000003501f233,69df625d0000000021005c63,失败|观众,失败,观众,干掉低端产业链。。。,3,3
69dfab8a000000003501bdd7,69df625d0000000021005c63,失败|观众,失败,观众,话说，喝酒能骑机器人么,0,0
69dfab6d000000000d03c600,69df625d0000000021005c63,失败|观众,失败,观众,识别不了物体吗？撞车尾了！,-1,5
69dfab60000000000202804d,69df625d0000000021005c63,失败|观众,失败,观众,说白了，这个技术还没有萝卜快跑无人驾驶的技术好了。,-1,3
69dfab5f0000000035021e75,69df625d0000000021005c63,失败|观众,失败,观众,走路，难倒了AI，据说还包括识别时钟,8,8
69dfab5f0000000035008104,69df625d0000000021005c63,失败|观众,失败,观众,这解说加配乐笑死了,1,1
69dfab580000000001004341,69df625d0000000021005c63,失败|观众,失败,观众,红色有角三倍速懂伐？,12,12
69dfab450000000016016b4d,69df625d0000000021005c63,失败|观众,失败,观众,感觉他们有的累惨了，根本不恶迈腿[偷笑R],-1,4
69dfab43000000000d03fce7,69df625d0000000021005c63,失败|观众,失败,观众,红色那个像刑天,12,12
69dfab42000000003500e121,69df625d0000000021005c63,失败|观众,失败,观众,不理解为什么要做成人形？,0,0
69dfab380000000035017a8b,69df625d0000000021005c63,失败|观众,失败,观众,估计这周末比赛我能跑过一半机器人，那个红色追尾的肯定追不上了[捂脸][捂脸],0,0
69dfab35000000000d03f9c0,69df625d0000000021005c63,失败|观众,失败,观众,.很快，很快，人类会因他们的自我进化而灭亡,0,0
69dfab34000000003500df2e,69df625d0000000021005c63,失败|观众,失败,观众,哈哈哈，太可爱了。现场看应该更有趣[捂嘴笑R],1,1
69dfab2f000000000c033478,69df625d0000000021005c63,失败|观众,失败,观众,无人认领的死机[笑哭R],-1,-1
69dfab220000000016016481,69df625d0000000021005c63,失败|观众,失败,观众,还是红色闪电机器人厉害，背上背这个荣耀背包，简直就是闪送员呀,-1,12
69dfab22000000000203521e,69df625d0000000021005c63,失败|观众,失败,观众,终于知道我的机器人🤖基金为啥总是跌跌不休了[哭惹R][哭惹R][哭惹R],-1,0
69dfab150000000001007760,69df625d0000000021005c63,失败|观众,失败,观众,哈哈哈哈，好好笑的讲解,1,1
69dfab0700000000150028f4,69df625d0000000021005c63,失败|观众,失败,观众,后面车上的人拿着摇控器跟着,5,5
69dfab02000000003502d70a,69df625d0000000021005c63,失败|观众,失败,观众,主要是这些姿态都能在真人上找到，就很搞笑。,-1,1
69dfaaf20000000001007127,69df625d0000000021005c63,失败|观众,失败,观众,您是来搞笑的，继续努力！,1,1
69dfaaf10000000015002428,69df625d0000000021005c63,失败|观众,失败,观众,黑衣服的观察，然后往前迈了一小步！我笑喷了[笑哭R][笑哭R][笑哭R][笑哭R][笑哭R][笑哭R],-1,0
69dfaaed0000000035016d6b,69df625d0000000021005c63,失败|观众,失败,观众,做成人形就好心酸的感觉[doge],0,0
69dfaae90000000002034591,69df625d0000000021005c63,失败|观众,失败,观众,设计工程师们加油👍,-1,13
69dfaae60000000016015792,69df625d0000000021005c63,失败|观众,失败,观众,这一点都不好笑，一次次的失败之后，最后一定会成功。,-1,3
69dfaade0000000015001fc4,69df625d0000000021005c63,失败|观众,失败,观众,红色跑最快那个，形态是不是有点涉嫌作弊了，它是蹲着跑呀，比起其他的来，重心就更稳，不容易摔倒呀。人形机器人应该是直立的吧。,0,0
69dfaada000000003500d1bf,69df625d0000000021005c63,失败|观众,失败,观众,第一个来砸场子的,-1,11
69dfaad6000000001400b281,69df625d0000000021005c63,失败|观众,失败,观众,[新月R]想知道其他厉害的机器人看到就地碎片化的同类什么感觉[笑哭R],0,0
69dfaad100000000010069ec,69df625d0000000021005c63,失败|观众,失败,观众,没看见王天放啊,-1,2
69dfaac2000000000c031b93,69df625d0000000021005c63,失败|观众,失败,观众,[捂脸R]谁懂大晚上刷到这个，不敢笑出声，在床上直抽抽,1,1
69dfaab2000000000c03182c,69df625d0000000021005c63,失败|观众,失败,观众,春晚那些能跳舞能打武术那些呢？,15,15
69dfaaaa00000000020377f4,69df625d0000000021005c63,失败|观众,失败,观众,这波广告牌值了,-1,1
69dfaa9100000000150056dc,69df625d0000000021005c63,失败|观众,失败,观众,天天玩这些，大部分都是割韭菜,3,3
69dfaa6e000000003501c287,69df625d0000000021005c63,失败|观众,失败,观众,我不行了 小时候看的科幻逐步成为现实 当现代人还是太有意思了[赞R],0,0
69dfaa630000000035013e63,69df625d0000000021005c63,失败|观众,失败,观众,一天得疲惫，被这些钢铁小人给化解啦！[大笑R][大笑R][大笑R]晚安啦小铁人们，期待你们下次精彩的表演[飞吻R][飞吻R][飞吻R],1,1
69dfaa5a000000001500a26d,69df625d0000000021005c63,失败|观众,失败,观众,癫痫还是吃老鼠药了,-1,2
69dfaa46000000000203637b,69df625d0000000021005c63,失败|观众,失败,观众,先容我笑会儿,1,1
69dfaa450000000035018575,69df625d0000000021005c63,失败|观众,失败,观众,还拿个遥控器，,5,5
69dfaa42000000003502a9f2,69df625d0000000021005c63,失败|观众,失败,观众,[汗颜R]好像都能找到对应的人,1,1
69dfaa3d000000003502fa2c,69df625d0000000021005c63,失败|观众,失败,观众,就跟我们的电瓶车一个德行,-1,0
69dfaa320000000002028101,69df625d0000000021005c63,失败|观众,失败,观众,机器人马拉松🏃‍♀️和火药烟花一样啊[捂脸R][捂脸R][捂脸R],0,0
69dfaa29000000003500f607,69df625d0000000021005c63,失败|观众,失败,观众,十年前要是在街上有这么个东西跑，《走近科学》得播放一个月，简直是亲眼目击外星人👽,0,0
69dfaa25000000000103dd6c,69df625d0000000021005c63,失败|观众,失败,观众,为什么要用人形，不用履带?,0,0
69dfaa230000000002035cb4,69df625d0000000021005c63,失败|观众,失败,观众,马拉松这项运动对人和机器都没好处[坏笑R],0,0
69dfaa1d0000000002035b98,69df625d0000000021005c63,失败|观众,失败,观众,我先收藏起来心情不好的时候可以再看一遍,1,1
69dfaa0d000000000c03367f,69df625d0000000021005c63,失败|观众,失败,观众,那两只烧鸡跑的好快啊,4,4
69dfa9e90000000035024703,69df625d0000000021005c63,失败|观众,失败,观众,那个老是在上海街头乱跑的“薛之谦”呢,-1,1
69dfa9d90000000002034e7b,69df625d0000000021005c63,失败|观众,失败,观众,黑衣服这个走路最自然,-1,0
69dfa9d2000000003502e900,69df625d0000000021005c63,失败|观众,失败,观众,红色的像自爆兵[笑哭R],12,12
69dfa9cb000000003502e79b,69df625d0000000021005c63,失败|观众,失败,观众,红色闪电让我想起了它,12,12
69dfa9c80000000002034b0e,69df625d0000000021005c63,失败|观众,失败,观众,机器人义庄,0,0
69dfa9be000000001601568a,69df625d0000000021005c63,失败|观众,失败,观众,"我要这个玩具！
不买！
啊～就要就要！",5,5
69dfa9bb0000000015006644,69df625d0000000021005c63,失败|观众,失败,观众,穿黑衣服的那个，是不是学马保国老师了？周起来咋那么像呢,-1,4
69dfa9ba00000000350294c2,69df625d0000000021005c63,失败|观众,失败,观众,好可爱 祝愿跑的越来越好,4,4
69dfa9b80000000035033c5e,69df625d0000000021005c63,失败|观众,失败,观众,弱弱地问一下，这条蓝色线，是起点还是终点？是终点（10公里终点）我无话可说；若只是起点，只能祝——兄弟，加巴劲啊！后面的路，远着呢[哭惹R],-1,4
69dfa9b60000000035017a1b,69df625d0000000021005c63,失败|观众,失败,观众,红色的是HONOR[斜眼R],12,12
69dfa9b400000000150064aa,69df625d0000000021005c63,失败|观众,失败,观众,机器人夜晚还要跑步🏃，,0,0
69dfa9870000000002037e1a,69df625d0000000021005c63,失败|观众,失败,观众,突然感觉场面很魔性…,-1,10
69dfa984000000003500b587,69df625d0000000021005c63,失败|观众,失败,观众,兵解归仙！,10,10
69dfa97f000000001500142a,69df625d0000000021005c63,失败|观众,失败,观众,肾上腺素去哪里了？,-1,4
69dfa97700000000350330e9,69df625d0000000021005c63,失败|观众,失败,观众,跑的快的是马呀，设计成4条腿，马拉松第一,4,4
69dfa976000000001400a25e,69df625d0000000021005c63,失败|观众,失败,观众,这些老年组厂家挺厉害，模仿七老八十老年人惟妙惟肖。,0,0
69dfa974000000001500553f,69df625d0000000021005c63,失败|观众,失败,观众,这种东西也能放出来  ，这就是国内机器人的真实水平吗,0,0
69dfa9720000000035032fed,69df625d0000000021005c63,失败|观众,失败,观众,为什么一定要做成人的样子呢[失望R],0,0
69dfa969000000003501a480,69df625d0000000021005c63,失败|观众,失败,观众,在亦庄办办[笑哭R],-1,0
69dfa9300000000035032438,69df625d0000000021005c63,失败|观众,失败,观众,哇靠！瞬间自爆呐！,-1,12
69dfa92e000000003501136b,69df625d0000000021005c63,失败|观众,失败,观众,要我大半夜见到我都吓到,-1,1
69dfa927000000003501cb18,69df625d0000000021005c63,失败|观众,失败,观众,这些机器人是全程不能人为干预全到先前设定的程序和自己识别障碍物吗？,0,0
69dfa925000000003503223c,69df625d0000000021005c63,失败|观众,失败,观众,坐着跑的这位居然最快[笑哭R][笑哭R],4,4
69dfa91f000000003501111c,69df625d0000000021005c63,失败|观众,失败,观众,第一个摔烂的是宇树科技的？,-1,3
69dfa9160000000015007fa2,69df625d0000000021005c63,失败|观众,失败,观众,好像NPC,1,1
69dfa9120000000015003d83,69df625d0000000021005c63,失败|观众,失败,观众,怎么都摔了？有的还摔残了！北京的路有问题？,2,2
69dfa911000000000203651a,69df625d0000000021005c63,失败|观众,失败,观众,追尾的那个视频还能活多久[捂脸R],-1,1
69dfa9020000000035031c21,69df625d0000000021005c63,失败|观众,失败,观众,摔倒断电应该不难做吧,2,2
69dfa8ff000000003502c36c,69df625d0000000021005c63,失败|观众,失败,观众,小红书上一切都正常,1,1
69dfa8fd000000003502b772,69df625d0000000021005c63,失败|观众,失败,观众,哈哈 很真实啊，跑累了就慢点喘口气嘛 哈哈哈,4,4
69dfa8f300000000160169cf,69df625d0000000021005c63,失败|观众,失败,观众,她走路的姿态让我想起了我的奶奶[笑哭R],-1,2
69dfa8eb000000003502c012,69df625d0000000021005c63,失败|观众,失败,观众,摔倒了还要耍耍小脾气[偷笑R],2,2
69dfa8e9000000003502ffdb,69df625d0000000021005c63,失败|观众,失败,观众,扑的和我的股票一样,3,3
69dfa8e700000000160166f9,69df625d0000000021005c63,失败|观众,失败,观众,真怕把工程师踹掉[失望R],-1,7
69dfa8dc0000000015007266,69df625d0000000021005c63,失败|观众,失败,观众,大家赶紧笑啊，再不笑过两年就没机会笑了[笑哭R],1,1
69dfa8d10000000035010291,69df625d0000000021005c63,失败|观众,失败,观众,"这样发展下去,200年后，才能帮人干活",0,0
69dfa8d000000000150090ee,69df625d0000000021005c63,失败|观众,失败,观众,解说很精彩🤣,1,1
69dfa8c0000000003502f971,69df625d0000000021005c63,失败|观众,失败,观众,看见机器人倒地了千万别扶，扶就说不清了，直接讹你五万,0,0
69dfa8b3000000003502abbe,69df625d0000000021005c63,失败|观众,失败,观众,现在觉得是科技发达，如果真像电影里一样，机器人要替代人类，不知道大家还能不能笑出来。,0,0
69dfa8af0000000035018785,69df625d0000000021005c63,失败|观众,失败,观众,看款式也有宇树啊，那大胯轴子也跑不动吗？,-1,4
69dfa8aa0000000002034e0f,69df625d0000000021005c63,失败|观众,失败,观众,对不起但笑拉了真的是[笑哭R],1,1
69dfa8a50000000035009041,69df625d0000000021005c63,失败|观众,失败,观众,机器人为什么要做成人型，两条腿走路本来就是不稳定，用轮子，四足不是更好,0,0
69dfa893000000000d03edc0,69df625d0000000021005c63,失败|观众,失败,观众,直接仆街那個真把我笑鼠,1,1
69dfa88b000000000d03ec16,69df625d0000000021005c63,失败|观众,失败,观众,红色那个好象猴子跑[笑哭R],12,12
69dfa874000000001400b16e,69df625d0000000021005c63,失败|观众,失败,观众,晚上好[合十R]我对不起大家[合十R]我是个失败的爸爸。我闺女1岁现在躺在  lcu1   [哭惹R]我却一点办法都没有。为给儿续[彩虹R]命。我在工地扛水泥。一次扛5包，不然儿要停[薯券R]了。现在肯 球您邦我闺女一把。感恩[合十R],-1,1
69dfa86e00000000160149a5,69df625d0000000021005c63,失败|观众,失败,观众,走路就好像是80岁了，老太郎总的样,-1,2
69dfa85e0000000035030239,69df625d0000000021005c63,失败|观众,失败,观众,实在是，钱真好骗，只要胆子够大,3,3
69dfa85e0000000002037bc1,69df625d0000000021005c63,失败|观众,失败,观众,请问4月19日具体几点呢？在亦庄哪儿呢？,-1,1
69dfa85d000000000d036f05,69df625d0000000021005c63,失败|观众,失败,观众,这技术还得完善,3,3
69dfa84700000000150010cb,69df625d0000000021005c63,失败|观众,失败,观众,机器人还是不行，毕竟是人做出来的，他和人不能比，他永远也战胜不了人,0,0
69dfa84000000000020296b8,69df625d0000000021005c63,失败|观众,失败,观众,配音笑死人了[笑哭R],1,1
69dfa83c000000000103e6eb,69df625d0000000021005c63,失败|观众,失败,观众,我劝你们都收着点，以后ai统治地球的时候能捞个宽大处理[doge],-1,8
69dfa8360000000016017ce8,69df625d0000000021005c63,失败|观众,失败,观众,………是不是该把股票全抛了,3,3
69dfa8270000000016017966,69df625d0000000021005c63,失败|观众,失败,观众,红色机器人跑得猿里猿气的～～、,0,0
69dfa8240000000002036d6e,69df625d0000000021005c63,失败|观众,失败,观众,又开始了？上一次比赛我看直播录了全程，不知道删掉没有,-1,10
69dfa804000000000d035d39,69df625d0000000021005c63,失败|观众,失败,观众,雪宝无敌[偷笑R],1,1
69dfa7fe000000003502d864,69df625d0000000021005c63,失败|观众,失败,观众,后面的人怎么忍住不笑的[笑哭R][笑哭R][笑哭R],1,1
69dfa7ef000000000103d53c,69df625d0000000021005c63,失败|观众,失败,观众,真的假的   不是ai吧,8,8
69dfa7d200000000150099a0,69df625d0000000021005c63,失败|观众,失败,观众,偷穿妈妈的皮鞋，出来显摆的小孩哈！,-1,5
69dfa7d1000000000d03520f,69df625d0000000021005c63,失败|观众,失败,观众,这些机器人都是“身残志坚”啊！[笑哭R][点赞R],0,0
69dfa7c5000000003502cf34,69df625d0000000021005c63,失败|观众,失败,观众,它们装的雷达感应，还是视觉感应,5,5
69dfa7c400000000350327cc,69df625d0000000021005c63,失败|观众,失败,观众,不是，是不是举办地方有点说法？亦庄……[笑哭R],-1,0
69dfa7be000000000d034ddc,69df625d0000000021005c63,失败|观众,失败,观众,倒下的回炉再造，比赛继续！,-1,1
69dfa7bc000000000103cb0a,69df625d0000000021005c63,失败|观众,失败,观众,机器人每次的一小步，都是人类的一大步[点赞R],0,0
69dfa7bb000000001500348d,69df625d0000000021005c63,失败|观众,失败,观众,解说的很有水平[点赞R],1,1
69dfa7b5000000000c033180,69df625d0000000021005c63,失败|观众,失败,观众,过几年回头再看，应该感动感慨感叹吧,1,1
69dfa7b20000000001007ba4,69df625d0000000021005c63,失败|观众,失败,观众,这个应该前车全责吧，龟速行驶[doge],-1,12
69dfa79d000000000103c4dc,69df625d0000000021005c63,失败|观众,失败,观众,感觉是搞笑机器人赛跑,0,0
69dfa771000000003501079a,69df625d0000000021005c63,失败|观众,失败,观众,别说，这比宇树的更有看头[笑哭R],-1,4
69dfa76a0000000035018fb3,69df625d0000000021005c63,失败|观众,失败,观众,让我想起了小时候看教育频道那个机器人比赛[捂脸R],0,0
69dfa76a000000003501066a,69df625d0000000021005c63,失败|观众,失败,观众,像极了千姿百态的人生,1,1
69dfa75a0000000016014da0,69df625d0000000021005c63,失败|观众,失败,观众,僵尸机器人挺真实,0,0
69dfa7550000000035009f62,69df625d0000000021005c63,失败|观众,失败,观众,吸毒的，喝醉的，残疾的，发疯的，怎么和春晚上的不一样[偷笑R],-1,15
69dfa72d000000003501fa2d,69df625d0000000021005c63,失败|观众,失败,观众,笑得肚都抽搐了，菊花都夹不住屎了。,1,1
69dfa72d000000001400ab5d,69df625d0000000021005c63,失败|观众,失败,观众,古代亦庄这地方本来就…，哈哈，开个玩笑,-1,3
69dfa7290000000035018475,69df625d0000000021005c63,失败|观众,失败,观众,都什么学习能力啊,1,1
69dfa7210000000035030b0b,69df625d0000000021005c63,失败|观众,失败,观众,想知道用的什么导航,5,5
69dfa70d000000002b001d2f,69df625d0000000021005c63,失败|观众,失败,观众,跟电车一样，任重道远,-1,0
69dfa7030000000016017b07,69df625d0000000021005c63,失败|观众,失败,观众,遥控害机器人啊！[偷笑R][偷笑R][偷笑R],5,5
69dfa6f9000000003503042f,69df625d0000000021005c63,失败|观众,失败,观众,这个黄色的拿去送快递应该很不错。,14,14
69dfa6f8000000003501bb85,69df625d0000000021005c63,失败|观众,失败,观众,是不是规定不能用遥控？,5,5
69dfa6f500000000020291cd,69df625d0000000021005c63,失败|观众,失败,观众,快，盖布别露出商标,-1,-1
69dfa6dd000000000d03c65f,69df625d0000000021005c63,失败|观众,失败,观众,别看它现在招笑 以后一拳超人,1,1
69dfa6c1000000000d03ff7a,69df625d0000000021005c63,失败|观众,失败,观众,那个红色追尾的太可惜了，前车真的不用负责吗？这是赛道吧,12,12
69dfa6b2000000000d03fbed,69df625d0000000021005c63,失败|观众,失败,观众,红的那个怎么那么像章若楠[笑哭R],12,12
69dfa69b000000002b036937,69df625d0000000021005c63,失败|观众,失败,观众,机器人为什么一定要人形态？不能用履带 轮子？,0,0
69dfa696000000000202bb87,69df625d0000000021005c63,失败|观众,失败,观众,不是说自主吗！看看第一个露馅了吧,-1,5
69dfa67f0000000002034c48,69df625d0000000021005c63,失败|观众,失败,观众,虽然跌倒了但是比舞台上那些真实多了，这才是真的机器人[点赞R],0,0
69dfa6730000000035032fb7,69df625d0000000021005c63,失败|观众,失败,观众,挺好的，很真实，更加说明了我们国家的机器人行业的确在面对问题、解决问题，而不是在做PPT,0,0
69dfa66c000000000d03ea25,69df625d0000000021005c63,失败|观众,失败,观众,这个跑得快，底盘低。,-1,12
69dfa650000000000203424b,69df625d0000000021005c63,失败|观众,失败,观众,笑死了[笑哭R]这可能也是现实生活不同的人生吧,1,1
69dfa64f00000000150083ec,69df625d0000000021005c63,失败|观众,失败,观众,你編得笑死人了！,1,1
69dfa6330000000035011698,69df625d0000000021005c63,失败|观众,失败,观众,这样的给老外多看看，春晚那些跳舞的机器人是人假扮的[捂脸R]跟老外解释一下,15,15
69dfa62f000000003501d045,69df625d0000000021005c63,失败|观众,失败,观众,笑的我满地拉屎,1,1
69dfa615000000000d0366b4,69df625d0000000021005c63,失败|观众,失败,观众,黑衣小哥也喝醉了,-1,0
69dfa61100000000020374fd,69df625d0000000021005c63,失败|观众,失败,观众,第二位应该是于谦的父亲欧阳青松先生,-1,-1
69dfa609000000003502bf29,69df625d0000000021005c63,失败|观众,失败,观众,怎么感觉好像是信号被干扰了,-1,2
69dfa5fe000000001500afc6,69df625d0000000021005c63,失败|观众,失败,观众,他只是没头颈大饼脸而已[捂脸R],-1,5
69dfa5e0000000000d03c885,69df625d0000000021005c63,失败|观众,失败,观众,可以抢救一下,14,14
69dfa5ae0000000035009a4c,69df625d0000000021005c63,失败|观众,失败,观众,原来那个无臂是摔的啊，还以为就这样呢,-1,7
69dfa5a30000000035009837,69df625d0000000021005c63,失败|观众,失败,观众,是不是光线太暗了[笑哭R][赞R],1,1
69dfa594000000003501bd87,69df625d0000000021005c63,失败|观众,失败,观众,红色三倍速,12,12
69dfa580000000000d03f1be,69df625d0000000021005c63,失败|观众,失败,观众,弯着腿跑对膝盖不好,4,4
69dfa570000000003502eecb,69df625d0000000021005c63,失败|观众,失败,观众,哪个人才设置的比赛,-1,0
69dfa56700000000140089a9,69df625d0000000021005c63,失败|观众,失败,观众,不是，它这个视觉传感器都有问题吗？有的控制不住平衡，有的往护栏上撞，还有的能能追尾[捂脸R],5,5
69dfa5570000000001007bb4,69df625d0000000021005c63,失败|观众,失败,观众,为啥围观的人都不笑啊，是生产厂家们事先说好不要相互伤害么[笑哭R][笑哭R][笑哭R],1,1
69dfa5550000000015002fa9,69df625d0000000021005c63,失败|观众,失败,观众,太晚了实在是不敢笑了[捂脸R][捂脸R][捂脸R],1,1
69dfa54b000000000103c06d,69df625d0000000021005c63,失败|观众,失败,观众,粉身碎骨浑不怕，留得清白在人间[笑哭R],2,2
69dfa530000000001500bda1,69df625d0000000021005c63,失败|观众,失败,观众,彩色计时器都创掉了呢[笑哭R],-1,-1
69dfa524000000003501dfaf,69df625d0000000021005c63,失败|观众,失败,观众,曾经有一个电影，整条街上都是。机器人，机器人杀人的场景太可怕了，也分不清是人或者是机器人。整个机器人让人家遥控，现在我一看见机器人 就能想起那个电影。,0,0
69dfa50f000000000d03692e,69df625d0000000021005c63,失败|观众,失败,观众,我在宿舍笑到吵到其他人了[笑哭R],1,1
69dfa4e8000000001500188e,69df625d0000000021005c63,失败|观众,失败,观众,自我感觉良好[偷笑R],1,1
69dfa4cb00000000350220d0,69df625d0000000021005c63,失败|观众,失败,观众,大晚上笑得我快把旁边孩子吵醒了[doge],1,1
69dfa48c0000000015000671,69df625d0000000021005c63,失败|观众,失败,观众,笑出金刚般的声音[大笑R],1,1
69dfa47b000000003500a4fa,69df625d0000000021005c63,失败|观众,失败,观众,像不像百鬼夜行[偷笑R],-1,-1
69dfa472000000000d034386,69df625d0000000021005c63,失败|观众,失败,观众,笑死人不偿命,1,1
69dfa46d000000000202bdf0,69df625d0000000021005c63,失败|观众,失败,观众,应该更名为“残疾机器人大赛”[偷笑R],0,0
69dfa4670000000035020f3b,69df625d0000000021005c63,失败|观众,失败,观众,感觉这一个个都累成狗了呀，走两步都不想走了。,-1,4
69dfa45b0000000016016034,69df625d0000000021005c63,失败|观众,失败,观众,机器人有保险可以买的，感觉确实需要买一下,0,0
69dfa44e000000000202b5bd,69df625d0000000021005c63,失败|观众,失败,观众,春晚上的 不是这样的,15,15
69dfa44b000000000c032ae5,69df625d0000000021005c63,失败|观众,失败,观众,这个地方有鬼吗？都跑到这里就不动了。,-1,3
69dfa4400000000001007782,69df625d0000000021005c63,失败|观众,失败,观众,又有阻碍比赛的服务人员，这是黑幕,-1,0
69dfa43d0000000016015859,69df625d0000000021005c63,失败|观众,失败,观众,看得出来，每一个都很有个性！那个喝多的，和那个追尾的，得处理一下吧？,-1,2
69dfa42a0000000035018095,69df625d0000000021005c63,失败|观众,失败,观众,相当期待。[doge],1,1
69dfa41f000000001500809a,69df625d0000000021005c63,失败|观众,失败,观众,宇树不是成功了吗,-1,3
69dfa4190000000015005241,69df625d0000000021005c63,失败|观众,失败,观众,机器人概念股为啥一蹶不辰？因为技术发展还任重道远，距离替代人类工作，早着呢,0,0
69dfa419000000000103fa91,69df625d0000000021005c63,失败|观众,失败,观众,看来机器人也杵马拉松啊[笑哭R],0,0
69dfa40d000000000d036b45,69df625d0000000021005c63,失败|观众,失败,观众,珍惜这次笑的机会，明年就都是狂奔的了,1,1
69dfa3ff000000000103f495,69df625d0000000021005c63,失败|观众,失败,观众,给我爸看看，它们跑的不如老爹[笑哭R],4,4
69dfa3df000000003501ed86,69df625d0000000021005c63,失败|观众,失败,观众,我要设计,-1,0
69dfa3a60000000016017223,69df625d0000000021005c63,失败|观众,失败,观众,看那个红的我都出冷汗，太吓人了很快不会累,12,12
69dfa3a0000000003500ddce,69df625d0000000021005c63,失败|观众,失败,观众,笑不活了，肚子疼[偷笑R][偷笑R][偷笑R],1,1
69dfa3990000000002035d29,69df625d0000000021005c63,失败|观众,失败,观众,哈哈 都是几十亿的研发公司出品 就这玩意[大笑R][大笑R][大笑R],3,3
69dfa387000000000d03c4c6,69df625d0000000021005c63,失败|观众,失败,观众,每一次摔倒，都是前进的催化剂！加油！,-1,2
69dfa3860000000015009cad,69df625d0000000021005c63,失败|观众,失败,观众,说明我们国家正在研发人形机器人的赛道上．正呈现出百家争鸣百花齐放的良好势头。只有竞争才会有优秀的产品,0,0
69dfa380000000000103d817,69df625d0000000021005c63,失败|观众,失败,观众,我这支离破碎的身体[笑哭R],2,2
69dfa37a00000000160167bb,69df625d0000000021005c63,失败|观众,失败,观众,这不比春晚好看,15,15
69dfa374000000003501a054,69df625d0000000021005c63,失败|观众,失败,观众,这玩意发展几年还就是个玩具,5,5
69dfa36a0000000002034ecd,69df625d0000000021005c63,失败|观众,失败,观众,是否就是为了骗国家补贴吧？[偷笑R],3,3
69dfa35b000000003500d17b,69df625d0000000021005c63,失败|观众,失败,观众,跑的最快的小红是荣耀的,-1,4
69dfa33200000000350115f8,69df625d0000000021005c63,失败|观众,失败,观众,人类在模仿造物主,-1,0
69dfa3240000000035021b02,69df625d0000000021005c63,失败|观众,失败,观众,死狀淒慘，只是摔個跤,2,2
69dfa31e000000000c032749,69df625d0000000021005c63,失败|观众,失败,观众,不知道这些机器人的公司在拿出来之前是怎么测试的。[捂脸R],0,0
69dfa2fc000000001400b03a,69df625d0000000021005c63,失败|观众,失败,观众,无手臂：身残志坚[耶R][笑哭R][笑哭R],-1,2
69dfa2f9000000001500285c,69df625d0000000021005c63,失败|观众,失败,观众,以后禁止酒后走路,-1,4
69dfa2c80000000016014040,69df625d0000000021005c63,失败|观众,失败,观众,现场会不会恨欢娱啊[笑哭R]太好笑了,1,1
69dfa2af00000000150015e4,69df625d0000000021005c63,失败|观众,失败,观众,你说为什么要在亦庄办，一桩一桩没（死）坏几个对不起这个名字,-1,0
69dfa28b000000000d034e61,69df625d0000000021005c63,失败|观众,失败,观众,这些机器人山寨版的吧,0,0
69dfa282000000001500a42d,69df625d0000000021005c63,失败|观众,失败,观众,是骡子是马一试便知,-1,-1
69dfa281000000000202862a,69df625d0000000021005c63,失败|观众,失败,观众,路障太多,-1,1
69dfa26a0000000002034bd6,69df625d0000000021005c63,失败|观众,失败,观众,滥竽充数的比较多[笑哭R][笑哭R],1,1
69dfa269000000000d034535,69df625d0000000021005c63,失败|观众,失败,观众,为什么旁边没有医生，摔倒了把伤员用担架抬走[doge],6,6
69dfa268000000002b027705,69df625d0000000021005c63,失败|观众,失败,观众,咱中国的机器人就不能设计的可爱一点吗？都这么吓人,0,0
69dfa2620000000035033f02,69df625d0000000021005c63,失败|观众,失败,观众,感觉是电机疯狂过热[捂脸R],13,13
69dfa24500000000150095ec,69df625d0000000021005c63,失败|观众,失败,观众,一个遥控机器人！有啥意思,5,5
69dfa23e000000003501a7a5,69df625d0000000021005c63,失败|观众,失败,观众,不是，跑再快，意义是什么。就想发明火药的事吗，咱用来放鞭炮，现在禁止[暗中观察R],4,4
69dfa231000000003503360e,69df625d0000000021005c63,失败|观众,失败,观众,从蹒跚学步到健步如飛。都是要经过一個过程的。,1,1
69dfa2300000000035017ad4,69df625d0000000021005c63,失败|观众,失败,观众,黑衣小哥向八戒。,-1,0
69dfa21b0000000035029590,69df625d0000000021005c63,失败|观众,失败,观众,明显闪电 犯规， 不是直立跑的，全程一直都是半蹲着跑 重心不会漂移  为了冠军36计不择手段[偷笑R],4,4
69dfa202000000000103c4d4,69df625d0000000021005c63,失败|观众,失败,观众,一边笑一边有点感动，我们就这样摇摇晃晃跑在了全世界的前面,4,4
69dfa1eb000000000d03d40e,69df625d0000000021005c63,失败|观众,失败,观众,跑步原来可以这么难，感谢我的小脑[微笑R],4,4
69dfa1d6000000003502cd92,69df625d0000000021005c63,失败|观众,失败,观众,倒数第2个那个红色小机器人我喜欢，来1个,0,0
69dfa1c200000000350167ca,69df625d0000000021005c63,失败|观众,失败,观众,像是欢乐跑，里面混了几个牛马和醉酒佬[吃瓜R],-1,13
69dfa1b700000000350263d3,69df625d0000000021005c63,失败|观众,失败,观众,第二个应该是比赛前喝酒🍺了[玫瑰R],-1,0
69dfa19000000000150070ed,69df625d0000000021005c63,失败|观众,失败,观众,这种操作似曾相识啊！我儿子小时候就这么玩，拿个遥控器让遥控车遥控小人跑着玩，现在改大人玩了吗？这也算是高档的机器人吧,5,5
69dfa18c0000000035015f18,69df625d0000000021005c63,失败|观众,失败,观众,太多了搞钱的诈骗公司,3,3
69dfa182000000000103e334,69df625d0000000021005c63,失败|观众,失败,观众,博主珍惜这些素材吧。,1,1
69dfa178000000000d03f8ae,69df625d0000000021005c63,失败|观众,失败,观众,2026机器人群聊：兄弟们，马拉松霍霍人类祸害不下去，这下轮到我们了！众所周知，咱们这点皮毛电池哪能跑完马拉松，听我的，一开始全部表演装倒哈！能演一个算一个，能保住小命要紧，小命要紧[捂嘴笑R],0,0
69dfa15e000000000d03f27d,69df625d0000000021005c63,失败|观众,失败,观众,跑到后面没电了嘛[笑哭R],-1,5
69dfa154000000000103d760,69df625d0000000021005c63,失败|观众,失败,观众,跳舞那么厉害，跑步会比跳舞还厉害？[害羞R],4,4
69dfa13900000000150097c4,69df625d0000000021005c63,失败|观众,失败,观众,指望这些机器人养老，先得给机器人配三个人工[doge],0,0
69dfa136000000000c032ea2,69df625d0000000021005c63,失败|观众,失败,观众,背景乐太好笑了[笑哭R],1,1
69dfa12100000000350249e2,69df625d0000000021005c63,失败|观众,失败,观众,解说太搞笑了,1,1
69dfa1070000000035013375,69df625d0000000021005c63,失败|观众,失败,观众,这是私人小作坊的机器人吧，大公司不可能把这种产品拿出来展示,0,0
69dfa0fc000000003502e25d,69df625d0000000021005c63,失败|观众,失败,观众,笑晕了，最爱看的就是机器人赛跑系列,0,0
69dfa0e9000000003502de97,69df625d0000000021005c63,失败|观众,失败,观众,没盖布，不好看！,9,9
69dfa0e80000000035033d19,69df625d0000000021005c63,失败|观众,失败,观众,跑道上不让睡觉,-1,1
69dfa0ba00000000020299d9,69df625d0000000021005c63,失败|观众,失败,观众,讲解到位,1,1
69dfa0ae000000000c0309b5,69df625d0000000021005c63,失败|观众,失败,观众,大晚上的可笑亖我了[笑哭R],1,1
69dfa0ab000000000d03c834,69df625d0000000021005c63,失败|观众,失败,观众,原来那个无臂机器人是这么来的吗[笑哭R],0,0
69dfa0a7000000000c030772,69df625d0000000021005c63,失败|观众,失败,观众,第二个心脏不太好,2,2
69dfa09e00000000350290aa,69df625d0000000021005c63,失败|观众,失败,观众,在义庄办的，真的不是喘气的参加的比赛是吧[笑哭R],-1,0
69dfa08d000000003500b684,69df625d0000000021005c63,失败|观众,失败,观众,大晚上笑出鹅叫声,1,1
69dfa0790000000014009be0,69df625d0000000021005c63,失败|观众,失败,观众,这样我就放心了,-1,4
69dfa0440000000015005d9d,69df625d0000000021005c63,失败|观众,失败,观众,不如智能汽车跑的好，拟人的意义何在，是要为背着我跑做准备吗[笑哭R],5,5
69dfa040000000003502fd64,69df625d0000000021005c63,失败|观众,失败,观众,一想到可能不久的将来，他们就要淘汰很多人，心情超沉重了,-1,0
69dfa0310000000015009a9d,69df625d0000000021005c63,失败|观众,失败,观众,“这位机器人”[捂脸R],0,0
69dfa00c0000000015004e30,69df625d0000000021005c63,失败|观众,失败,观众,铁臂阿童木的结局,-1,10
69dfa0090000000015004d1b,69df625d0000000021005c63,失败|观众,失败,观众,今晚刷到的最好笑视频,1,1
69df9fd0000000000203713c,69df625d0000000021005c63,失败|观众,失败,观众,感觉这才是最拟人的状态，每一种步态都能找到对的人，步态和ta(搞笑的)一致[笑哭R],-1,1
69df9fc4000000000103efe0,69df625d0000000021005c63,失败|观众,失败,观众,都像是喝了假酒. 红色那个没喝，但是个近视眼,-1,12
69df9fb3000000000d03ca5a,69df625d0000000021005c63,失败|观众,失败,观众,我记得莱克兄弟试飞世界上第一架飞机时也这样,0,0
69df9fb1000000000d036333,69df625d0000000021005c63,失败|观众,失败,观众,倒地不要撒泼啊,2,2
69df9fab000000000103e9dd,69df625d0000000021005c63,失败|观众,失败,观众,办成街舞霹雳舞大赛不好吗[doge],-1,4
69df9fa7000000000c030b41,69df625d0000000021005c63,失败|观众,失败,观众,就像没装芯片的机器人,0,0
69df9f95000000003500e7fa,69df625d0000000021005c63,失败|观众,失败,观众,4月19日几点比赛，可以带孩子去看比赛么[哇R],-1,0
69df9f8f000000000d03c1e6,69df625d0000000021005c63,失败|观众,失败,观众,宇树机器人呢？,0,0
69df9f72000000003500e227,69df625d0000000021005c63,失败|观众,失败,观众,真是欢乐啊！[大笑R],1,1
69df9f720000000014009ecc,69df625d0000000021005c63,失败|观众,失败,观众,原来机器人最先淘汰的职业竟然是运动员！[偷笑R],0,0
69df9f6300000000350133bf,69df625d0000000021005c63,失败|观众,失败,观众,大半夜不能看，笑的楼上要投诉了[捂脸R],1,1
69df9f50000000003500bc2d,69df625d0000000021005c63,失败|观众,失败,观众,可以了  起码能直立行走,-1,4
69df9f4b000000001400964c,69df625d0000000021005c63,失败|观众,失败,观众,身上绑几个气球嘛，我看有的机器人已经穿气球防护服了，就算摔也不至于满地装备…[汗颜R],0,0
69df9f4400000000350227c8,69df625d0000000021005c63,失败|观众,失败,观众,该说不说的，这几个机器人踉跄的那几步还真挺像真人的[捂脸R],0,0
69df9f44000000000d03ed6c,69df625d0000000021005c63,失败|观众,失败,观众,不是，不要嘲讽，科学技术是从无到有。从有到精，切记，这是很正常的。,3,3
69df9f300000000014008fe9,69df625d0000000021005c63,失败|观众,失败,观众,他们的能量来自哪里？能撑全程吗,4,4
69df9f2b0000000014008e9e,69df625d0000000021005c63,失败|观众,失败,观众,摔倒的破碎的不是机器人吧 破碎的是工程师吧 又得熬个大夜加领导pua[暗中观察R],0,0
69df9f270000000015009a1b,69df625d0000000021005c63,失败|观众,失败,观众,太可怕了，会不会把人打伤啥的,-1,4
69df9f1e0000000016015f7c,69df625d0000000021005c63,失败|观众,失败,观众,话说想到一个问题，指代机器人的时候到底是他，她还是它？,0,0
69df9f16000000000d03e152,69df625d0000000021005c63,失败|观众,失败,观众,我记得，已经比一年前好多了,-1,9
69df9f0e0000000014008793,69df625d0000000021005c63,失败|观众,失败,观众,本来要睡觉了，这笑的我一点都不困了[笑哭R],1,1
69df9f06000000003500d003,69df625d0000000021005c63,失败|观众,失败,观众,以后会不会说笑机器人是很不人道的[笑哭R],0,0
69df9ec80000000002036bc1,69df625d0000000021005c63,失败|观众,失败,观众,知道是机器人，还是觉得很可爱,0,0
69df9ec600000000150082b2,69df625d0000000021005c63,失败|观众,失败,观众,这是好事 是驴是马拿出来溜溜 不丢脸 [飞吻R] 胜利就在眼前,1,1
69df9ec60000000002036b23,69df625d0000000021005c63,失败|观众,失败,观众,事实证明不管是人还是机器人 马拉松都不能随随便便的跑[自拍R],0,0
69df9ebd000000000103f0f5,69df625d0000000021005c63,失败|观众,失败,观众,笑的我又多了好几条鱼尾纹[大笑R][大笑R][大笑R],1,1
69df9eba000000003502bba6,69df625d0000000021005c63,失败|观众,失败,观众,你们看看机器人马拉松都这样[笑哭R]人怎么办,0,0
69df9eb1000000001500be70,69df625d0000000021005c63,失败|观众,失败,观众,这是用的遥控器还是编程了自己跑？,5,5
69df9ea3000000000d036704,69df625d0000000021005c63,失败|观众,失败,观众,大晚上笑的肚子疼，还不能笑出声，怕把娃笑醒[捂脸R]机器人跑步哪家强[偷笑R],0,0
69df9e9b0000000002036056,69df625d0000000021005c63,失败|观众,失败,观众,不是马拉松大赛，是搞笑大赛[doge],4,4
69df9e88000000003502e77b,69df625d0000000021005c63,失败|观众,失败,观众,那辆汽车犯规，红色闪电可以拿冠军的,12,12
69df9e79000000003501ff58,69df625d0000000021005c63,失败|观众,失败,观众,还能给我养老吗？我47了,14,14
69df9e73000000000d03f7c7,69df625d0000000021005c63,失败|观众,失败,观众,跑两步就肢解了[石化R],-1,2
69df9e6e0000000035030ab3,69df625d0000000021005c63,失败|观众,失败,观众,上一个视频是日本出的篮球运动员机器人…,0,0
69df9e68000000003502e1ab,69df625d0000000021005c63,失败|观众,失败,观众,机器人：挡我路，不活了,0,0
69df9e3e000000003500e898,69df625d0000000021005c63,失败|观众,失败,观众,我觉得有的在隐藏实力,1,1
69df9e2a0000000035013e88,69df625d0000000021005c63,失败|观众,失败,观众,去年比赛的时候都有工程师在后面陪跑跟着，今年一看妈呀咋跑这么快了[笑哭R],-1,4
69df9de10000000035032eb0,69df625d0000000021005c63,失败|观众,失败,观众,再过几年，他们就能拿着枪说:Im back了,-1,1
69df9ddd00000000020373ea,69df625d0000000021005c63,失败|观众,失败,观众,无论做什么都要由蹒跚学步开始，没必要嘲笑别人，敢参加活动的就已经站在行业顶端了,-1,10
69df9dcf00000000350197fc,69df625d0000000021005c63,失败|观众,失败,观众,我以为那个红色的正常的[笑哭R]跑的快又稳，没想到最后撞车了[笑哭R],-1,12
69df9dcc0000000035017b87,69df625d0000000021005c63,失败|观众,失败,观众,亦庄的路上不是鸵鸟就是机器人，太洋气啦,0,0
69df9dc100000000350224af,69df625d0000000021005c63,失败|观众,失败,观众,明天机器人板块，暴跌[笑哭R],-1,0
69df9dbd000000003501943c,69df625d0000000021005c63,失败|观众,失败,观众,所以这玩意还是有一定技术含量的，并不是每家都能做好,3,3
69df9dab000000003500aec9,69df625d0000000021005c63,失败|观众,失败,观众,看来不用怕 机器人能杀人的距离还很远,0,0
69df9d800000000014009d4c,69df625d0000000021005c63,失败|观众,失败,观众,配乐一加更搞笑,1,1
69df9d78000000000103e487,69df625d0000000021005c63,失败|观众,失败,观众,这么一看，人类智商真的好高啊！,-1,0
69df9d5e000000001500ae5a,69df625d0000000021005c63,失败|观众,失败,观众,工业和科技从来没有后来居上这种事情，拼的都是工业基础和科技底蕴，静下心来做点实事比盲目自大有用,3,3
69df9d49000000000d03ebb7,69df625d0000000021005c63,失败|观众,失败,观众,我要笑死了！！太可爱了！,1,1
69df9d4600000000350253ff,69df625d0000000021005c63,失败|观众,失败,观众,春晚那波机器人不是很溜了吗？会跳舞不会跑步？,15,15
69df9d42000000000d03e9b2,69df625d0000000021005c63,失败|观众,失败,观众,和人晕厥时好像,2,2
69df9d28000000003501b75f,69df625d0000000021005c63,失败|观众,失败,观众,搞直播应该挺火[笑哭R],1,1
69df9d27000000001500a0d6,69df625d0000000021005c63,失败|观众,失败,观众,一年，才一年，咱们的进步太大了，再过几年你还存在吗？,-1,1
69df9d02000000003501fc51,69df625d0000000021005c63,失败|观众,失败,观众,零件掉了一地，就这么散架了，谁造的玩意啊[大笑R],-1,9
69df9cfb00000000160162f7,69df625d0000000021005c63,失败|观众,失败,观众,谁的重仓会在19号夺冠🏆,-1,-1
69df9cf90000000035008dec,69df625d0000000021005c63,失败|观众,失败,观众,难怪买的机器人的基金亏死了[哭惹R],-1,0
69df9cf50000000035008d47,69df625d0000000021005c63,失败|观众,失败,观众,看了它们，我一直不见涨的机器人板块基金…我也想明白是为什么了[失望R],-1,0
69df9ce6000000000c031f36,69df625d0000000021005c63,失败|观众,失败,观众,所以说他们还是需要人去维护的，别告诉我他代替人类，因为他还是需要人类的，人的智商和学历要转换而已[害羞R],0,0
69df9cd70000000035013e6c,69df625d0000000021005c63,失败|观众,失败,观众,解说好可爱,1,1
69df9ccb000000000202a10b,69df625d0000000021005c63,失败|观众,失败,观众,红的是专门送快递的吧,12,12
69df9ccb000000000103f489,69df625d0000000021005c63,失败|观众,失败,观众,就在我家门口[笑哭R]去年就去看了，一起跑，就淘汰了一半，今年不知道有没有黑马。,-1,15
69df9cbe000000000d03c5dd,69df625d0000000021005c63,失败|观众,失败,观众,这几天的快乐都是这些有趣的机器人给的,0,0
69df9ca40000000035033597,69df625d0000000021005c63,失败|观众,失败,观众,他们发展他们的，我笑我的。一点不冲突,1,1
69df9ca4000000001400ab77,69df625d0000000021005c63,失败|观众,失败,观众,这明显是残联举办的，不要歧视，多点爱心[生气R],-1,1
69df9c9600000000150069c3,69df625d0000000021005c63,失败|观众,失败,观众,整个比赛现场弥漫着一股“诡异”的气息[哭惹R],-1,1
69df9c7a000000001500b52e,69df625d0000000021005c63,失败|观众,失败,观众,第一个跑酷掉装备了[捂脸R],11,11
69df9c6500000000150014c6,69df625d0000000021005c63,失败|观众,失败,观众,看这些笨拙的机器人和春晚表演武术的机器人，哪个是真的啊。,15,15
69df9c46000000000103d14e,69df625d0000000021005c63,失败|观众,失败,观众,老太太步伐,-1,-1
69df9c3d000000003503247c,69df625d0000000021005c63,失败|观众,失败,观众,聽到粵語了： 扑街[笑哭R][笑哭R][笑哭R]， 相信全國人民都會這句吧？,-1,3
69df9c1f00000000010079ce,69df625d0000000021005c63,失败|观众,失败,观众,明年我要用遥控四驱车参赛[doge],5,5
69df9c1c0000000035011dd0,69df625d0000000021005c63,失败|观众,失败,观众,宇树真不容易啊！,-1,0
69df9c13000000000d03da9d,69df625d0000000021005c63,失败|观众,失败,观众,这解说到位[偷笑R][偷笑R][点赞R][点赞R][点赞R],1,1
69df9c0a00000000150044ad,69df625d0000000021005c63,失败|观众,失败,观众,扑街的不错，没必要垂死挣扎,3,3
69df9c090000000002037e86,69df625d0000000021005c63,失败|观众,失败,观众,有爆装备的，有身残志坚的，有醉酒的，有猝死的，有十年脑血栓的，有追尾的，有跳广场舞的，有老太太逛街的，笑发财了[捂脸R]还有啥样的？,-1,11
69df9bfe0000000016016ac1,69df625d0000000021005c63,失败|观众,失败,观众,闪电跑得快[抱拳R],12,12
69df9bf600000000350211c5,69df625d0000000021005c63,失败|观众,失败,观众,机器人阿甘？,0,0
69df9bf50000000015007f55,69df625d0000000021005c63,失败|观众,失败,观众,穿黑衣的像赵本山,-1,-1
69df9bf0000000003501c948,69df625d0000000021005c63,失败|观众,失败,观众,现在看是笑话，以后呢，疯狂的，盲目的，无底线的发展最后一定反噬人类。,-1,0
69df9be6000000003503150f,69df625d0000000021005c63,失败|观众,失败,观众,这是去年的画面吗？,-1,4
69df9bbe000000003500f273,69df625d0000000021005c63,失败|观众,失败,观众,上来就爆装备[笑哭了R],11,11
69df9b8b000000003502aea3,69df625d0000000021005c63,失败|观众,失败,观众,看来马拉松确实对健康无益，连机器人都猝死跑马场了[偷笑R],0,0
69df9b8a000000001400aa79,69df625d0000000021005c63,失败|观众,失败,观众,这何不是人生百态[失望R],1,1
69df9b83000000001400a875,69df625d0000000021005c63,失败|观众,失败,观众,喜感十足,1,1
69df9b4f000000003502c8d3,69df625d0000000021005c63,失败|观众,失败,观众,看出来研发个灵活的机器人挺难的了[笑哭R],0,0
69df9b4c000000003501a594,69df625d0000000021005c63,失败|观众,失败,观众,虽然颠三倒四，但步态越来越接近真人，可喜可贺,-1,4
69df9b38000000000103d595,69df625d0000000021005c63,失败|观众,失败,观众,那个僵尸乐特别般配，哈哈哈,1,1
69df9b350000000035029f52,69df625d0000000021005c63,失败|观众,失败,观众,虽然……但是真的很搞笑,1,1
69df9b33000000003500d926,69df625d0000000021005c63,失败|观众,失败,观众,这款机器人心说：我就是摆设，你看你看……[偷笑R][偷笑R][偷笑R][偷笑R],0,0
69df9b1e000000000d03df02,69df625d0000000021005c63,失败|观众,失败,观众,这种自己都不试好没问题再来参赛的嘛,-1,4
69df9b0000000000140084c1,69df625d0000000021005c63,失败|观众,失败,观众,第三个好像癫痫发作,2,2
69df9af60000000015003740,69df625d0000000021005c63,失败|观众,失败,观众,这么个遥控玩具，还跑这么样子,5,5
69df9ae5000000001500897a,69df625d0000000021005c63,失败|观众,失败,观众,红色的好激情啊,12,12
69df9aba000000000c031148,69df625d0000000021005c63,失败|观众,失败,观众,[玫瑰R][失望R][啤酒R]义乌商贸城买机器人送电池🔋🔋🔋🔋[失望R],0,0
69df9aa2000000003500a041,69df625d0000000021005c63,失败|观众,失败,观众,大家都加油,-1,1
69df9aa1000000001500b8e7,69df625d0000000021005c63,失败|观众,失败,观众,周六好想去看，就是有点早啊。,-1,-1
69df9a9100000000350119db,69df625d0000000021005c63,失败|观众,失败,观众,讲解得太好了～,1,1
69df9a79000000001601573a,69df625d0000000021005c63,失败|观众,失败,观众,看起来，机器人也有跑崩了的时候,0,0
69df9a5b0000000035011148,69df625d0000000021005c63,失败|观众,失败,观众,解说 bgm [赞R],1,1
69df9a360000000015009fde,69df625d0000000021005c63,失败|观众,失败,观众,真是碎了一地[偷笑R],2,2
69df9a25000000003500e841,69df625d0000000021005c63,失败|观众,失败,观众,解说好绝[笑哭R][笑哭R],1,1
69df9a1f0000000015005187,69df625d0000000021005c63,失败|观众,失败,观众,红色的是刀锋战士呀[点赞R],12,12
69df9a12000000003500e479,69df625d0000000021005c63,失败|观众,失败,观众,这些都是民间手搓的机器人吗？[偷笑R],0,0
69df99ee000000000103c6ff,69df625d0000000021005c63,失败|观众,失败,观众,追尾的全责啊,-1,12
69df99ce000000000103c0ac,69df625d0000000021005c63,失败|观众,失败,观众,解说太带劲了[偷笑R],1,1
69df99b6000000001400b6ba,69df625d0000000021005c63,失败|观众,失败,观众,这个肯定没吃饭,-1,3
69df99a4000000001500bce9,69df625d0000000021005c63,失败|观众,失败,观众,那个红色闪电是哪家的,12,12
69df999b000000000d036a44,69df625d0000000021005c63,失败|观众,失败,观众,好好笑[笑哭R][笑哭R] 可是如果它们真的跑得很好，可能又笑不出来了[汗颜R][汗颜R][汗颜R],4,4
69df9993000000000d036840,69df625d0000000021005c63,失败|观众,失败,观众,今年这算是有海选了啊[笑哭R],-1,15
69df99880000000001004f4c,69df625d0000000021005c63,失败|观众,失败,观众,😀但是我知道，所有的梦想都有起点！,-1,0
69df997b0000000001004b5a,69df625d0000000021005c63,失败|观众,失败,观众,[笑哭R]笑死了[笑哭R]前面看着风驰电掣，后面画风突转[笑哭R]居然追尾了[笑哭R],-1,12
69df995c000000003501d1c0,69df625d0000000021005c63,失败|观众,失败,观众,快点发展，还指望机器人养老呢,0,0
69df99580000000035025958,69df625d0000000021005c63,失败|观众,失败,观众,春晚那几位怎么练出来的,15,15
69df993f000000000d03535d,69df625d0000000021005c63,失败|观众,失败,观众,以后如果满大街机器人是不是就见怪不怪了[偷笑R],0,0
69df9938000000000c03306a,69df625d0000000021005c63,失败|观众,失败,观众,每个周日都有吗,-1,-1
69df98fc0000000016017e76,69df625d0000000021005c63,失败|观众,失败,观众,这次不让用遥控器了，完全自主。,5,5
69df98f0000000003503128a,69df625d0000000021005c63,失败|观众,失败,观众,每次看他们跑我都怕他们脚往前走的时候地上有一个小石头把他们绊摔了他们那个脚就不能离地高一,4,4
69df98d60000000015007bc7,69df625d0000000021005c63,失败|观众,失败,观众,中国机器人NB[赞R],0,0
69df98b4000000003500e5c5,69df625d0000000021005c63,失败|观众,失败,观众,他们跑步，是遥控器操控，还是自己识别路面情况，纯粹自己跑呀？,5,5
69df98a50000000002037577,69df625d0000000021005c63,失败|观众,失败,观众,就像百年前刚有飞机时，拍的纪录片，飞行器中好小伙。各种各样飞行器各显神通，虽然也很多摔到地上。,-1,2
69df985d0000000001007e8b,69df625d0000000021005c63,失败|观众,失败,观众,荣耀机器人这么强吗？,0,0
69df984e000000003500d1bc,69df625d0000000021005c63,失败|观众,失败,观众,那个红色闪电笑死我了[笑哭R],12,12
69df98350000000015000f89,69df625d0000000021005c63,失败|观众,失败,观众,很有意思的比赛[飞吻R],1,1
69df9829000000003102f7d2,69df625d0000000021005c63,失败|观众,失败,观众,这波男友力绝了！🤖️下次约会记得带个“超能搭子”啊～🏃‍♀️😉,1,1
69df9817000000003500c70e,69df625d0000000021005c63,失败|观众,失败,观众,植物大战僵尸BGM出来时笑不活了[笑哭R],1,1
69df97f3000000000c03213a,69df625d0000000021005c63,失败|观众,失败,观众,有人控制吗,5,5
69df97e6000000002b026dde,69df625d0000000021005c63,失败|观众,失败,观众,每天下班后的快乐源泉[大笑R][大笑R][大笑R],1,1
69df97c5000000000c031675,69df625d0000000021005c63,失败|观众,失败,观众,可以笑，但值得点赞。,1,1
69df97c200000000150035c6,69df625d0000000021005c63,失败|观众,失败,观众,这类活动会配置“120急救”措施吗？,7,7
69df97ac0000000015007267,69df625d0000000021005c63,失败|观众,失败,观众,体育老师这下终于要对机器人说不要走了,0,0
69df979a0000000001004e78,69df625d0000000021005c63,失败|观众,失败,观众,人类解说比AI有趣多了。,-1,8
69df97820000000035008c28,69df625d0000000021005c63,失败|观众,失败,观众,第三个碰瓷机器人,0,0
69df971f000000000202ae14,69df625d0000000021005c63,失败|观众,失败,观众,追尾那个汽车有责任，占道停车[大笑R],-1,5
69df970f0000000015000b03,69df625d0000000021005c63,失败|观众,失败,观众,极限N选一,-1,0
69df96f0000000000d03d210,69df625d0000000021005c63,失败|观众,失败,观众,那个跑得快的红衣服笑死我了😂,12,12
69df96e30000000001005d1c,69df625d0000000021005c63,失败|观众,失败,观众,崴脚那个像看了乡村爱情……,-1,3
69df96c90000000015003ad1,69df625d0000000021005c63,失败|观众,失败,观众,咋春晚的机器人那么厉害,15,15
69df96690000000015005e7e,69df625d0000000021005c63,失败|观众,失败,观众,好好笑，本来不想去的，看完想早点去抢个好位置了,-1,4
69df9655000000000103eac0,69df625d0000000021005c63,失败|观众,失败,观众,这都会写进人类迫害硅基生命的历史记录里！！！,0,0
69df9623000000003501054e,69df625d0000000021005c63,失败|观众,失败,观众,关节设备的疲劳,-1,9
69df9612000000001400a591,69df625d0000000021005c63,失败|观众,失败,观众,看样子t800还没来[doge],0,0
69df95e9000000003502429a,69df625d0000000021005c63,失败|观众,失败,观众,随行车里是人在遥控吗,5,5
69df95e5000000003500defc,69df625d0000000021005c63,失败|观众,失败,观众,某些时候我真的觉得它们是有意识的[捂脸R],-1,1
69df95bf000000003500b797,69df625d0000000021005c63,失败|观众,失败,观众,残疾机器人运动会吗？,0,0
69df952b000000001500a947,69df625d0000000021005c63,失败|观众,失败,观众,我买的机器人基要赔了吗,-1,0
69df95110000000035025cc4,69df625d0000000021005c63,失败|观众,失败,观众,它们向我们证明了，跑这个动作还是有点难度的[偷笑R],4,4
69df95100000000035019215,69df625d0000000021005c63,失败|观众,失败,观众,支持支持！加油！会越来越好的,1,1
69df949f0000000001004e56,69df625d0000000021005c63,失败|观众,失败,观众,机器人也会撞墙！[偷笑R],0,0
69df94740000000035023733,69df625d0000000021005c63,失败|观众,失败,观众,这个怎么不放春晚看，哈哈哈,15,15
69df9467000000003502aa96,69df625d0000000021005c63,失败|观众,失败,观众,工程师身上肯定有乌青，被机器人踢的。,0,0
69df9449000000001500af85,69df625d0000000021005c63,失败|观众,失败,观众,打摆子，各种病患,-1,4
69df943e0000000002036f5c,69df625d0000000021005c63,失败|观众,失败,观众,中国对人形机器人确实有执念，不过人类也需要人形机器人,0,0
69df9431000000000202b609,69df625d0000000021005c63,失败|观众,失败,观众,穿黑T恤的  是不是模仿赵本山啊,-1,3
69df93ff000000001400af1c,69df625d0000000021005c63,失败|观众,失败,观众,满屏的悲哀,1,1
69df93e000000000350290fb,69df625d0000000021005c63,失败|观众,失败,观众,机器人就跟新能源车一样,0,0
69df93a6000000000c0320ce,69df625d0000000021005c63,失败|观众,失败,观众,肚子笑痛[笑哭R],1,1
69df939a0000000014009a2e,69df625d0000000021005c63,失败|观众,失败,观众,马斯克不会多看一秒,0,0
69df92b0000000000c0322e6,69df625d0000000021005c63,失败|观众,失败,观众,百家争鸣百花齐放，这是个好事，每一年都在进步,-1,0
69df92ae0000000014009f9a,69df625d0000000021005c63,失败|观众,失败,观众,这是荣耀吗？地表最强吧！,-1,0
69df929a0000000035026013,69df625d0000000021005c63,失败|观众,失败,观众,最后那个小机器娃再完善一下，应该挺有市场的。给大爷大妈们当个宠物，在家里养着。陪大爷大妈们聊了个天儿。大爷大妈去买菜，他可以屁颠屁颠的在后头跟着。不用当铲屎官。每天给他充电就行。挺好。[点赞R],0,0
69df92590000000035019f17,69df625d0000000021005c63,失败|观众,失败,观众,硅基动物踉跄前行[点赞R]一岁儿童同也[点赞R],0,0
69df92480000000014008731,69df625d0000000021005c63,失败|观众,失败,观众,红色闪电⚡真的强[点赞R],12,12
69df91ea00000000150013de,69df625d0000000021005c63,失败|观众,失败,观众,所以啊，能正常跑完全程，那是多么不容易[点赞R],4,4
69df91cd000000003500f34d,69df625d0000000021005c63,失败|观众,失败,观众,最后的羊角辫还挺可爱,1,1
69df918700000000350309d4,69df625d0000000021005c63,失败|观众,失败,观众,之前看到有很多跑的好的,4,4
69df9165000000000d03f34e,69df625d0000000021005c63,失败|观众,失败,观众,哈哈哈哈，中国人的乐趣越来越丰富！,1,1
69df914600000000020376f0,69df625d0000000021005c63,失败|观众,失败,观众,明天把机器人股清了,-1,0
69df90190000000035026bf2,69df625d0000000021005c63,失败|观众,失败,观众,你不要解说呀[大笑R][大笑R][大笑R][大笑R],1,1
69df8fef0000000002036462,69df625d0000000021005c63,失败|观众,失败,观众,这是残疾机器人运动会吗,0,0
69df8f5d000000000d037ae6,69df625d0000000021005c63,失败|观众,失败,观众,80年代阿童木第一集的场景，日本人的想象力厉害,-1,0
69df8f1f000000003502b58d,69df625d0000000021005c63,失败|观众,失败,观众,本来我还担心自己跑不过机器人，看了视频放心些了,0,0
69df8f0f0000000035023ba6,69df625d0000000021005c63,失败|观众,失败,观众,周日可以去亦庄现场看比赛吗[笑哭R],-1,4
69df8e4b000000000103caa2,69df625d0000000021005c63,失败|观众,失败,观众,抱歉 我实在没懂这玩意的意义  一定要双足行走吗,-1,3
69df8da4000000003500e99f,69df625d0000000021005c63,失败|观众,失败,观众,太可怕了   明年就要奴役人类了,0,0
69df8c83000000003502011a,69df625d0000000021005c63,失败|观众,失败,观众,背景音乐和解说都很带感！！最搞笑就是那道红色闪电，，本以为会是全场黑马，哪里知道结局大反转[捂脸R][捂脸R][捂脸R],1,1
69df8c41000000000c031b2c,69df625d0000000021005c63,失败|观众,失败,观众,笑死了，这是搞笑大赛吧[doge],1,1
69df8c16000000000103c80b,69df625d0000000021005c63,失败|观众,失败,观众,我发现他们的情绪都不太稳定，都要“挣巴”[偷笑R][偷笑R][偷笑R],2,2
69df88ee000000003500ad6a,69df625d0000000021005c63,失败|观众,失败,观众,最后一个小辫儿的那么萌，怎么不给她配音呢[偷笑R],1,1
69df86820000000016016b27,69df625d0000000021005c63,失败|观众,失败,观众,有人拿遥控是什么意思,5,5
69df84e00000000016014d79,69df625d0000000021005c63,失败|观众,失败,观众,解说超有趣[赞R],1,1
69df83d1000000000c0319a3,69df625d0000000021005c63,失败|观众,失败,观众,感觉有几个是：我实在跑不动了，别让我跑了[笑哭了R],4,4
69df7fca000000000d03cc31,69df625d0000000021005c63,失败|观众,失败,观众,医生，医生，快来救人～[大笑R],-1,7
69df7af90000000002034995,69df625d0000000021005c63,失败|观众,失败,观众,不可否认，我们已经正式进入了机器人时代。,0,0
69df6fc70000000035010d0b,69df625d0000000021005c63,失败|观众,失败,观众,解说太逗了[大笑R],1,1
69df685c0000000014009174,69df625d0000000021005c63,失败|观众,失败,观众,看了那么多机器人。就你剪辑得最好[大笑R][大笑R][大笑R][大笑R],0,0
69df65ce000000003501b215,69df625d0000000021005c63,失败|观众,失败,观众,哈哈哈哈哈 这比赛也太好笑了🤣,1,1
69df65b0000000001400b720,69df625d0000000021005c63,失败|观众,失败,观众,是不是得先解决摔倒了不把自己搞得支离破碎[笑哭R],2,2
69e35c62000000001401e015,69df625d0000000021005c63,失败|观众,失败,观众,这个视频外网已经有了，老外说这才是中国机器人的真实水平,0,0
69df9d44000000000d034c6c,69df625d0000000021005c63,失败|观众,失败,观众,能笑就笑吧，明年就没得笑了。[笑哭R],1,1
69dfa6f40000000035014bba,69df625d0000000021005c63,失败|观众,失败,观众,都吹上天了的机器人原来就这样,0,0
69df9c990000000002036314,69df625d0000000021005c63,失败|观众,失败,观众,怎么比去年还退化？,-1,5
69e04352000000003500efb1,69df625d0000000021005c63,失败|观众,失败,观众,说丢人的来手搓一个[笑哭R]能动起来就算你nb,-1,14
69e030c20000000002028a01,69df625d0000000021005c63,失败|观众,失败,观众,为啥机器人一定要做成人形的？有什么必要吗,0,0
69e1f48e000000001401ac0e,69df625d0000000021005c63,失败|观众,失败,观众,这不是春晚出来的机器人，这些都是村办厂生产的机器人丶,15,15
69e01f6700000000350246b8,69df625d0000000021005c63,失败|观众,失败,观众,机器人应该研发做家务，照顾病人、老人，跑步跳舞意义何在？,0,0
69e15f9e000000001401bc00,69df625d0000000021005c63,失败|观众,失败,观众,即然机器人还没有完全具备跑马拉松的能力，何必搞这种丟人显眼的比赛。,0,0
69dfa94400000000350282bb,69df625d0000000021005c63,失败|观众,失败,观众,不够丟人的、,-1,14
69e04c24000000000103f5cb,69df625d0000000021005c63,失败|观众,失败,观众,不会传到国外丢人吧[笑哭R],-1,0
69e0098d000000003501414a,69df625d0000000021005c63,失败|观众,失败,观众,现在看了好笑，再过几年根本都不需要人来动手，他们直接把我们干掉，你看他突然间冲出来把你撞倒责任算谁的？所有的社会问题都会冒出来。,-1,1
69dfd6530000000001007b36,69df625d0000000021005c63,失败|观众,失败,观众,人性机器人，除了跑跳，还能干啥,0,0
69dfff510000000002029de5,69df625d0000000021005c63,失败|观众,失败,观众,为什么一定要做成人型男呢？大家不觉得恐怖吗？,0,0
69dfbea4000000003502a946,69df625d0000000021005c63,失败|观众,失败,观众,如果我是设计，我就给他们装轮子，重心会稳一些,-1,0
69df9031000000003501e9e6,69df625d0000000021005c63,失败|观众,失败,观众,荣耀前面那台车是觉得自家机器人跑不快吗 这算猪队友吗[笑哭R],-1,0
69e99df8000000001401a805,69df625d0000000021005c63,失败|观众,失败,观众,关管理机器人的工作人员，看到他们要撞了不是应该快点上去调整吗[捂脸R],0,0
69e9805b000000001401ac04,69df625d0000000021005c63,失败|观众,失败,观众,避障功能都没？,-1,0
69e8ca53000000001401c015,69df625d0000000021005c63,失败|观众,失败,观众,出场就是大妈,-1,0
69e874fa000000001401d407,69df625d0000000021005c63,失败|观众,失败,观众,不是说中国的机器人很牛逼吗？？？这是咋的了？？平时都是吹的吗？？,0,0
69e821fa000000001401c408,69df625d0000000021005c63,失败|观众,失败,观众,123456名都是荣耀的，666啊,-1,11
69e7d1840000000014018803,69df625d0000000021005c63,失败|观众,失败,观众,这种属于三无产品吧！弱爆了！,-1,3
69e784c8000000001401c02c,69df625d0000000021005c63,失败|观众,失败,观众,技术太差了,3,3
69e76a65000000001401a423,69df625d0000000021005c63,失败|观众,失败,观众,还闲中国人不够挤吗,1,1
69e752f8000000001401b818,69df625d0000000021005c63,失败|观众,失败,观众,碰瓷呀，怎么摔倒掉一地装备啊,11,11
69e732dc000000001401cc23,69df625d0000000021005c63,失败|观众,失败,观众,这大晚上的知道的是机器人，不知道的以为是妖魔鬼怪又上街了[捂脸R],0,0
69e72e32000000001401a804,69df625d0000000021005c63,失败|观众,失败,观众,就是这样一家下重本研发成功出产品，家家仿着做 肯定有好有差，完后家家升级试验，成功后销售价格一家比一家低，最先研发的倒闭了，在淘汰一大批比价比死了，留下的价格也不行了，公司死了可惜，活着还遭罪,3,3
69e7137a000000001401d81b,69df625d0000000021005c63,失败|观众,失败,观众,有些厂家这么low的机器人也敢拿出来比赛。[笑哭R][哭惹R]㇏,0,0
69e6ef57000000001401ac0d,69df625d0000000021005c63,失败|观众,失败,观众,雁南飞第一次听？经典是补课补来的，还是自己找来的？多谢刀哥尧尧不如多谢自己的耳朵。听歌就听歌，别整得像拜码头。,-1,4
69e6cb9d000000001401a00c,69df625d0000000021005c63,失败|观众,失败,观众,机器人就是人工智障,-1,0
69e6b7c1000000001401e408,69df625d0000000021005c63,失败|观众,失败,观众,看来还是我们无锡的机器人有点东西[害羞R]上春晚的那些能跳能舞的[派对R],15,15
69e649be000000001401b810,69df625d0000000021005c63,失败|观众,失败,观众,哈哈哈哈哈哈哈哈哈哈哈哈哈哈哈哈哈哈哈哈哈哈哈哈哈哈哈哈哈哈哈哈哈哈哈差点把我笑过去，肚子疼[笑哭R][笑哭R][笑哭R][笑哭R][笑哭R],1,1
69e6400e000000001401b013,69df625d0000000021005c63,失败|观众,失败,观众,就荣耀的能好好跑是吧？你真是。。。恶心,-1,11
69e62b63000000001401dc1a,69df625d0000000021005c63,失败|观众,失败,观众,评论区比视频更搞笑[笑哭R],1,1
69e62983000000001401ac2e,69df625d0000000021005c63,失败|观众,失败,观众,出场不测试的吗？非要跑比赛现场丢人[偷笑R],-1,4
69e60661000000001401a401,69df625d0000000021005c63,失败|观众,失败,观众,以后机器人统治世界了你们的评论都是罪证[偷笑R],0,0
69e5d6d5000000001401b817,69df625d0000000021005c63,失败|观众,失败,观众,黑夜机器人好像猪八戒啊！,0,0
69e5d354000000001401a007,69df625d0000000021005c63,失败|观众,失败,观众,并无冒犯之意，但确实很像脑发育不全[笑哭R],-1,9
69e5b8e5000000001401bc05,69df625d0000000021005c63,失败|观众,失败,观众,主要是你的解说太搞笑，没有笑话他们的意思[笑哭R],1,1
69e5b1f80000000014019804,69df625d0000000021005c63,失败|观众,失败,观众,好多机器人癫俭发作,-1,0
69e59b96000000001401d415,69df625d0000000021005c63,失败|观众,失败,观众,这都是故意搞怪的，机器人单纯比速度的话，就是去意义了。,0,0
69e5932e000000001401c425,69df625d0000000021005c63,失败|观众,失败,观众,羊癫疯随时表演给你看,-1,0
69e57c19000000001401ac1c,69df625d0000000021005c63,失败|观众,失败,观众,这种在实验室不进行跑步测试吗？大庭广众丢人现眼？,-1,4
69e5726c000000001401c004,69df625d0000000021005c63,失败|观众,失败,观众,好像一群丧尸[笑哭R],-1,2
69e5703c000000001401e005,69df625d0000000021005c63,失败|观众,失败,观众,穿鞋的和套衣服的，妥妥的画蛇添足行为[斜眼R],-1,8
69e5426f000000001401e802,69df625d0000000021005c63,失败|观众,失败,观众,什么玩意，人类结构已经很特殊，完成不了很多作业，为什么非要把机器人造成和自己一样笨的的呢？怪不得中国一大抄，连自己都抄！,0,0
69e506d1000000001401dc12,69df625d0000000021005c63,失败|观众,失败,观众,有什么卵用啊，又一窝风。,3,3
69e4f747000000001401a00c,69df625d0000000021005c63,失败|观众,失败,观众,等机器人跑马拉松不成问题的时候，是不是就是要用他们替代外卖员了？[汗颜R],0,0
69e4f3af000000001401a419,69df625d0000000021005c63,失败|观众,失败,观众,为啥不解说最后一个宝宝[皱眉R]偏心！,1,1
69e4eddb000000001401bc10,69df625d0000000021005c63,失败|观众,失败,观众,呵呵，一堆废品，拿个遥控器，丢人现眼,5,5
69e4eabd000000001401980a,69df625d0000000021005c63,失败|观众,失败,观众,没测试好就拿出来比赛？,-1,0
69e4e9530000000014018c0d,69df625d0000000021005c63,失败|观众,失败,观众,很明显这就是现实的商战，起跑线这块有各种信号在干扰,-1,4
69e471da0000000014018c0a,69df625d0000000021005c63,失败|观众,失败,观众,脑梗猝死[偷笑R],2,2
69e46e0f000000001401a816,69df625d0000000021005c63,失败|观众,失败,观众,我觉得那个地出溜第一，那么矮，就在那出溜出溜的,-1,4
69e469dc000000001401b013,69df625d0000000021005c63,失败|观众,失败,观众,这些玩意拿来丢人吗,-1,3
69e44a30000000001401d835,69df625d0000000021005c63,失败|观众,失败,观众,机器人它就是机器人，别瞎胡闹了,0,0
69e4307a000000001401bc22,69df625d0000000021005c63,失败|观众,失败,观众,这都是骗国家补助研发出来的精品,3,3
69e43045000000001401c001,69df625d0000000021005c63,失败|观众,失败,观众,是不是都是真人在骗吃骗喝然后搞了这么多垃圾机器人？[doge],0,0
69e42b450000000014019003,69df625d0000000021005c63,失败|观众,失败,观众,应该叫人形机器，而不是叫机器人，因为它不是人！,0,0
69e42974000000001401d813,69df625d0000000021005c63,失败|观众,失败,观众,劣质产品一堆,9,9
69e42685000000001401a018,69df625d0000000021005c63,失败|观众,失败,观众,百年后机器人取代了人类，给刚生产出来的机器人反复观看这个视频，这是它们来时的路，也是它们的耻辱，给我把人类一个不留,0,0
69e414cb000000001401b804,69df625d0000000021005c63,失败|观众,失败,观众,这样发视频，是想让大家都以为这是中国机器人的整体水平吗？,0,0
69e41498000000001401dc00,69df625d0000000021005c63,失败|观众,失败,观众,这装配也太垃圾了,9,9
69e411a7000000001401bc05,69df625d0000000021005c63,失败|观众,失败,观众,骗点国家补贴容易吗[笑哭R],3,3
69e40c3f000000001401d804,69df625d0000000021005c63,失败|观众,失败,观众,看没看第一名。跑的像小偷,4,4
69e408600000000014018c01,69df625d0000000021005c63,失败|观众,失败,观众,作为中国人你们笑得出来？,1,1
69e3fc66000000001401dc01,69df625d0000000021005c63,失败|观众,失败,观众,这玩意有什么用？有没有补贴？补贴一通没用的玩意儿什么个意思？,3,3
69e3cdb60000000014018c0a,69df625d0000000021005c63,失败|观众,失败,观众,现在刚开始肯定有的不行，但是为什么不放那些好的呢？不知道你是什么目的，任何事物在实验的过程当中肯定要出一些这样那样的问题，不要笑失败，是成功之母，再等几年，我们的机器人工业一定能取得很大成就的,-1,0
69e3cbc6000000002a033863,69df625d0000000021005c63,失败|观众,失败,观众,这些残次品就随便跑到大街上，不怕影响交通安全吗？,-1,3
69e3c5fd000000001401c810,69df625d0000000021005c63,失败|观众,失败,观众,在春晚上都能上蹿下跳，到这里怎么连走个路都不行？,15,15
69e3a9a0000000001401d800,69df625d0000000021005c63,失败|观众,失败,观众,但是我很不理解为什么要把机器人往这些莫名其妙的方向发展……机器人跑得快可以推动社会进步吗[石化R]我认为这些机器人应该往人都那些高危职业发展才对呀 比如有些高空作业啥的[石化R]我真的一直不懂发展ai写作 机器人跑步这些是想干啥[石化R],0,0
69e3a92e000000001401dc16,69df625d0000000021005c63,失败|观众,失败,观众,好牛啊～可劲儿造吧！以后有机器人照顾我们这些老登了[偷笑R],0,0
69e39eb20000000014019c10,69df625d0000000021005c63,失败|观众,失败,观众,这样机器人好意思拿出来？,0,0
69e38ae80000000014018c33,69df625d0000000021005c63,失败|观众,失败,观众,感觉都是老态龙钟，七八十岁了的老机器人，,0,0
69e3868e000000001401cc4c,69df625d0000000021005c63,失败|观众,失败,观众,yy领先[偷笑R][偷笑R][偷笑R],1,1
69e36b3b0000000014019408,69df625d0000000021005c63,失败|观众,失败,观众,这机器人根本就不过关，还出来比赛，真丢人呢，不过关就回去好好的给他调整好了，重新编程，让他没有瑕疵再出来秀。科技是严谨的，不是闹着玩儿的。,0,0
69e35ee3000000001401bc24,69df625d0000000021005c63,失败|观众,失败,观众,我看着机器人就讨厌[偷笑R],0,0
69e354a30000000014019c2c,69df625d0000000021005c63,失败|观众,失败,观众,小红书但凡汽车号一律拉黑[doge],1,1
69e34bd8000000001401e40a,69df625d0000000021005c63,失败|观众,失败,观众,北京那两个字还是擦掉吧 丢脸,-1,8
69e349f9000000001401c02e,69df625d0000000021005c63,失败|观众,失败,观众,哇，遥遥领先，遥遥领先，哇，遥遥领先于同行,-1,4
69e3489e000000001401b828,69df625d0000000021005c63,失败|观众,失败,观众,一些家庭保姆不好吗？这些东西只能看,14,14
69e346860000000014018c13,69df625d0000000021005c63,失败|观众,失败,观众,不是武术打的很棒了吗？ 不是已经处于世界前列了吗？,-1,15
69e345f0000000001401d804,69df625d0000000021005c63,失败|观众,失败,观众,不是，造机器的初衷不是服务人的吗？这种人服务机器的活动意义何在？,0,0
69e3459e0000000014019805,69df625d0000000021005c63,失败|观众,失败,观众,全是酒鬼[捂脸R],-1,4
69e3455b000000001401c816,69df625d0000000021005c63,失败|观众,失败,观众,不要笑，将来取代我们工作的就是他们,-1,0
69e31757000000001401e81a,69df625d0000000021005c63,失败|观众,失败,观众,字面意思碎了一地,2,2
69e309d90000000014019424,69df625d0000000021005c63,失败|观众,失败,观众,小作坊，山寨货，骗补贴，农村来的机器人，大多数都是这个德行[doge],0,0
69e30990000000001401d42a,69df625d0000000021005c63,失败|观众,失败,观众,另一个帖子一堆空口鉴ai的,8,8
69e305fb000000001401ac05,69df625d0000000021005c63,失败|观众,失败,观众,别说垃圾货了，浪费时间,-1,9
69e30044000000001401b020,69df625d0000000021005c63,失败|观众,失败,观众,还不快点罩布遮起来啊，工资还要不要了？,-1,14
69e2fe4e000000001401bc1a,69df625d0000000021005c63,失败|观众,失败,观众,几个菜喝成这样？！！！,-1,2
69e2fc26000000001401bc0f,69df625d0000000021005c63,失败|观众,失败,观众,好像村子里的酒蒙子[大笑R][大笑R][大笑R]。本身体态就不好还喝那么多酒[抠鼻R],-1,13
69e2f217000000001401cc0b,69df625d0000000021005c63,失败|观众,失败,观众,确定指望机器人养老？,-1,14
69e2ede3000000001401e806,69df625d0000000021005c63,失败|观众,失败,观众,看着都替他们累，这哪是测试机器人啊，分明是在测试程序员。真心建议给这些小哥配辆小车吧，本来搞研发就够费脑子、够高危了，再天天这么跟着跑，buff叠满真扛不住。,0,0
69e2da97000000001401a80f,69df625d0000000021005c63,失败|观众,失败,观众,都是遥控器，这样的程度，还在说什么以后更好，等别人更新有抄袭分肯定更高了！不要天天遥遥领先,-1,5
69e2da53000000001401bc0c,69df625d0000000021005c63,失败|观众,失败,观众,这解说也太好笑了，但是一定还没有孩子的吧？哪有孩子2-3岁才学会走路，正常1岁左右就学会走路了[偷笑R],-1,1
69e2d22f0000000014019808,69df625d0000000021005c63,失败|观众,失败,观众,这么脆？拉倒吧！生产这玩意是为了让我们养着它？,9,9
69e2d00e000000001401dc10,69df625d0000000021005c63,失败|观众,失败,观众,我艹碰瓷了还滚地上撒泼[超喜欢R],2,2
69e2cb8d000000001401e005,69df625d0000000021005c63,失败|观众,失败,观众,这广告放那里合适吗？,-1,2
69e2c873000000001401dc0a,69df625d0000000021005c63,失败|观众,失败,观众,浪费这个钱……没边,-1,13
69e2c7b00000000014019c05,69df625d0000000021005c63,失败|观众,失败,观众,有喝醉的，有中风的，有发疯的，有得抑郁症的，有老年腿脚不好的，还有刚学会走路的小朋友[笑哭R],-1,0
69e2c332000000001401bc00,69df625d0000000021005c63,失败|观众,失败,观众,机器人都得了帕金森综合症。,0,0
69e2c1b0000000001401bc0d,69df625d0000000021005c63,失败|观众,失败,观众,为什么不让机器人到消防、煤矿等重点危险场所工作呢？整天搞这些乱七八糟没用的玩意,0,0
69e2c0310000000014019807,69df625d0000000021005c63,失败|观众,失败,观众,浪费社会资源呢 项比赛 去体育场跑圈去,3,3
69e2b548000000001401c806,69df625d0000000021005c63,失败|观众,失败,观众,彻底撕开了中国人形机器人的遮羞布。都是在圈钱，骗钱，就是不干实事。弄些表演，遥控，编程。就是屁都没用，互相骗。厂家骗资本，资本骗股民。,0,0
69e2a46a000000001401b801,69df625d0000000021005c63,失败|观众,失败,观众,就这样的玩意谁改领回家[捂脸R][捂脸R],-1,3
69e26d390000000014019004,69df625d0000000021005c63,失败|观众,失败,观众,千万不要把这个题目锁在作文里面,-1,3
69e265760000000014019c02,69df625d0000000021005c63,失败|观众,失败,观众,好多人说搞这些干嘛，将来被卡脖子又是这些人来骂当初没远见[抠鼻R] 都说养老医疗教育压力大，养老院和医院将来用机器人辅助是肯定会提高效率的，还有机器人老师，避免山区孩子师资差,0,0
69e26503000000001401e403,69df625d0000000021005c63,失败|观众,失败,观众,遥控玩具，太陋了，这就是弯道超车？当心笑掉大牙,5,5
69e25300000000001401e816,69df625d0000000021005c63,失败|观众,失败,观众,春晚上都能耍猴儿了，这些怎么还这样呢……,15,15
69e250c9000000001401ac06,69df625d0000000021005c63,失败|观众,失败,观众,一直不懂让机器人跑马是图什么。兔子也不配好吗,0,0
69e243d0000000001401e81e,69df625d0000000021005c63,失败|观众,失败,观众,闪电侠好厉害啊,12,12
69e23ae4000000001401d40c,69df625d0000000021005c63,失败|观众,失败,观众,国产的垃圾！,-1,9
69e23459000000001401c001,69df625d0000000021005c63,失败|观众,失败,观众,腿不好看，穿上裤子吧,-1,15
69e2306b000000001401e033,69df625d0000000021005c63,失败|观众,失败,观众,中国这样的机器人可以歇歇了，一看都是程序控制的，没有任何智能可言，别再哗众取宠了。,0,0
69e21d76000000001401dc33,69df625d0000000021005c63,失败|观众,失败,观众,有啥意义 科技发展不应该为了更好服务人类吗 而不是取代人类,-1,0
69e21b2b000000001401c415,69df625d0000000021005c63,失败|观众,失败,观众,不要光练腿和手，好歹给人家安装一只眼睛呀。这你说啥也不看就冲上去也不像事。[捂脸R],-1,3
69e212f6000000001401e40d,69df625d0000000021005c63,失败|观众,失败,观众,十几年前中国研究无人机的时候，当时的头条评论里90%的人也都说“就是个放大的玩具飞机而已，花里胡哨的一点用都没有”,0,0
69e20eb40000000014019c23,69df625d0000000021005c63,失败|观众,失败,观众,就这？你们搞出来都不带测试吗？,-1,4
69e20c97000000001401941f,69df625d0000000021005c63,失败|观众,失败,观众,简直丑态百出，说好的只是割韭菜，别的就洗洗睡吧,3,3
69e2005f0000000014018c0e,69df625d0000000021005c63,失败|观众,失败,观众,机器人有个卵用，,0,0
69e1f0790000000014019c0a,69df625d0000000021005c63,失败|观众,失败,观众,一摔就碎，这种东西也敢拿出来显呗！？这厂家怎么想的。和常州那机器人跳舞没法比啊,0,0
69e1ebc8000000001401e40f,69df625d0000000021005c63,失败|观众,失败,观众,他走路，意义在哪？,-1,0
69e1e58b0000000014018c18,69df625d0000000021005c63,失败|观众,失败,观众,这款机器人是那个厂制造的，还不够完善就不要在网上播放，这样让人家看了不爽。,0,0
69e1e3a8000000001401e810,69df625d0000000021005c63,失败|观众,失败,观众,真想说:就别拿人家早就玩明白的玩意拿出来嘚瑟丢人现眼啦！跟研究航天那样，都试好了再拿出来炫耀吧！,3,3
69e1e12c000000001401dc10,69df625d0000000021005c63,失败|观众,失败,观众,你怕不是个黑子吧，我不信机器人才发展到这种程度，看你视频会被误导啦[捂脸R],0,0
69e1ced3000000001401bc00,69df625d0000000021005c63,失败|观众,失败,观众,人类的智商在原地踏步,-1,0
69e1ce5d000000001401c80a,69df625d0000000021005c63,失败|观众,失败,观众,他们的样子真的好像耍地皮赖[捂脸R],-1,1
69e1c850000000001401e817,69df625d0000000021005c63,失败|观众,失败,观众,目前的人工智能全都仰仗人工智障的承托[捂脸R],-1,0
69e1c29a000000001401a809,69df625d0000000021005c63,失败|观众,失败,观众,这东西毛用！杀人类？,-1,0
69e1c15a0000000014018c25,69df625d0000000021005c63,失败|观众,失败,观众,机器垃圾真无聊,-1,9
69e1ba81000000001401e027,69df625d0000000021005c63,失败|观众,失败,观众,为啥国产机器人摔一跤就缺胳膊少腿的，难道设计标准是摔跤？[呃R],0,0
69e1b7c8000000001401a814,69df625d0000000021005c63,失败|观众,失败,观众,这跟玩四驱车的有什么区别？,-1,5
69e1b64a000000001401c42e,69df625d0000000021005c63,失败|观众,失败,观众,🤖：我不管我会不会散架，反正我奶爸们会给我修好，冲就完了[派对R],6,6
69e1afdb000000001401e00f,69df625d0000000021005c63,失败|观众,失败,观众,小红眼看着就得冠军了警车太讨厌了👎,12,12
69e1af3b000000001401b802,69df625d0000000021005c63,失败|观众,失败,观众,好吧，我懂了，春晚上的机器人确实很牛，我原本以为机器人已经都那么牛了，原来还是有层次的[doge],15,15
69e1a7dd000000001401b808,69df625d0000000021005c63,失败|观众,失败,观众,谁说ai没消费啊？这不是买鞋买衣服吗,8,8
69e19969000000001401a026,69df625d0000000021005c63,失败|观众,失败,观众,简直笑翻了[笑哭R][笑哭R]可是，外卖小哥要变成机器人了吗？不要机器人送外卖！当拐杖都害怕突然倒地，一旦拿掉了外卖员的饭碗，后果就是会引起对机器外卖小哥的恨，这恨一旦蔓延，会发生什么？你还敢点吗？,0,0
69e19870000000001401ac09,69df625d0000000021005c63,失败|观众,失败,观众,不是都可以空翻了吗？到底什么水平心里没底,-1,15
69e18f27000000001401e812,69df625d0000000021005c63,失败|观众,失败,观众,要这个机器人的意义何在？ 最终能替人做爱生孩子？,0,0
69e18d46000000001401b000,69df625d0000000021005c63,失败|观众,失败,观众,过几年会不会要讨论这算不算机器人工伤？,0,0
69e18cf2000000001401b81d,69df625d0000000021005c63,失败|观众,失败,观众,听说丢人丢到国外去了[尬住R],-1,0
69e1848c000000001401a81f,69df625d0000000021005c63,失败|观众,失败,观众,它往死撞人很恐怖  这些机器竟然没有环节安全检测距离检测遇到问题自动断电或者自动静止系统 第一个做的不应该就是安全系统程序么   路上碰到一个人不带停的把人往死撞,0,0
69e1842d0000000014019408,69df625d0000000021005c63,失败|观众,失败,观众,中国制造智障,-1,0
69e181e6000000001401ac06,69df625d0000000021005c63,失败|观众,失败,观众,难道他们在拿出来见世面之前，没在自己家里测试跑一下嘛？感觉就是临时凑数上来的,-1,14
69e181d8000000001401a01d,69df625d0000000021005c63,失败|观众,失败,观众,尼玛，和机器人一起跑的话，机器人不掉手脚，人就会断手断脚啊,0,0
69e17f30000000001401b004,69df625d0000000021005c63,失败|观众,失败,观众,这配乐，绝了。后面那个红色不会是百度的吧，后面黄色应该是美团，美团追百度，百度死路上。,-1,12
69e17b6c000000001401c013,69df625d0000000021005c63,失败|观众,失败,观众,质量太差了，就走那么点路碰一下纸板就能散架，跟纸扎的似的,9,9
69e1680c000000001401c403,69df625d0000000021005c63,失败|观众,失败,观众,就这样？你们老板要被你气死😓研发费都干哪去了[笑哭R],3,3
69e15d99000000001401c007,69df625d0000000021005c63,失败|观众,失败,观众,围观的可真冷漠，都没人扶一下帮打120的……[吃瓜R],14,14
69e13fb7000000001401a401,69df625d0000000021005c63,失败|观众,失败,观众,机𢬿人是用在工作上，不是娛樂吧，為什麼執著做人的行為？,0,0
69e12f91000000001401b803,69df625d0000000021005c63,失败|观众,失败,观众,机器人发癫痫了,-1,0
69e129c6000000001401cc06,69df625d0000000021005c63,失败|观众,失败,观众,喝醉了跑路关人家交警什么事[笑哭R],-1,0
69e122a9000000001401b000,69df625d0000000021005c63,失败|观众,失败,观众,都是笑话，连站都站不稳，自己摔倒了站不起来，这叫什么机器人啊,0,0
69e11958000000001401a404,69df625d0000000021005c63,失败|观众,失败,观众,碰瓷党有接班人了，以后他们上场，赔得多又无生命危险,-1,10
69e1121c000000001401ac06,69df625d0000000021005c63,失败|观众,失败,观众,机器人如发神经病突然伤害路边行人怎么办？机器人手臂、脚都是金属外表，谁受得了？,0,0
69e10a800000000014019002,69df625d0000000021005c63,失败|观众,失败,观众,这马拉真凶残[doge],4,4
69e109e8000000001401981c,69df625d0000000021005c63,失败|观众,失败,观众,这些东西参赛前自己不测试吗？就这水平还参赛干啥？,-1,4
69e108d5000000001401b002,69df625d0000000021005c63,失败|观众,失败,观众,还会抽羊角风，麻辣个机子,-1,11
69e10275000000001401c414,69df625d0000000021005c63,失败|观众,失败,观众,跑到死唔断气的样子确实像人类,4,4
69e101e2000000001401a811,69df625d0000000021005c63,失败|观众,失败,观众,为什么表现这么差的机器人怎么出的了实验室，难道在实验室里表现正常？,0,0
69e0f87e000000001401a01a,69df625d0000000021005c63,失败|观众,失败,观众,主办方丢人现眼啊,3,3
69e0f1fc000000001401e809,69df625d0000000021005c63,失败|观众,失败,观众,他们到底有什么必要装手去跑步呢？甚至没必要装脚，他们是机器人，他们可以用轮子啊[汗颜R],0,0
69e0f1eb000000001401bc25,69df625d0000000021005c63,失败|观众,失败,观众,怎么还有黑皮体育生参赛啊？,4,4
69e0f128000000001401cc00,69df625d0000000021005c63,失败|观众,失败,观众,它们的脚没有抓地力的吗？那比个啥？那做来干嘛？[呃R],-1,3
69e0f07f000000001401c022,69df625d0000000021005c63,失败|观众,失败,观众,春晚的机器人都能后空翻了，这个跑的还有问题？这？难道春晚的是AI?,15,15
69e0ebf4000000001401a402,69df625d0000000021005c63,失败|观众,失败,观众,妈的，尽是在骗纳税人的钱财,3,3
69e0eb750000000014018c1a,69df625d0000000021005c63,失败|观众,失败,观众,在家里不做实验么拿出来现眼,-1,14
69e0e8490000000014019424,69df625d0000000021005c63,失败|观众,失败,观众,他在愚弄你 你还当真了,3,3
69e0e7e1000000001401c413,69df625d0000000021005c63,失败|观众,失败,观众,笑吧笑吧，等你老了还得靠机器人背[doge],0,0
69e0e78d000000001401e037,69df625d0000000021005c63,失败|观众,失败,观众,兄弟姐妹们[合十R][合十R]此刻真的很需要流l量 . [哭惹R][哭惹R]。我是一个 绝j 望的母亲。宝贝儿子才9岁就得了 重..疾[哭惹R] 。。在ICu里面奄奄一息，真的很无...助，为了留住儿.zi，一天只能睡4小时，在饭店做服务员，夜里送外卖。不敢休息[哭惹R]  跪 ：下球大伙啦儿子一把，一 个赞[点赞R]也是希望[哭惹R][哭惹R].。,-1,1
69e0e4ca000000001401d415,69df625d0000000021005c63,失败|观众,失败,观众,成熟了再出来，整这丢人的玩意儿干啥，遥控的木偶而已孩童的玩具,5,5
69e0df42000000001401b826,69df625d0000000021005c63,失败|观众,失败,观众,宇树自己用的老的h2机型改造出来的跑，视频里出来的都是别的公司拿宇树的g1来参赛的。弹幕好像很见不得宇树好啊[doge]但是很可惜，宇树测试已经50多分钟跑完半马了，最快10m/s[偷笑R],-1,4
69e0deb2000000001401c422,69df625d0000000021005c63,失败|观众,失败,观众,为什么非要纠结机器人必须是人形呢？在这么玩下去，就废了！,0,0
69e0d874000000001401880e,69df625d0000000021005c63,失败|观众,失败,观众,什么破玩意，没用的东西，白浪费精力h,-1,3
69e0d39a000000001401b822,69df625d0000000021005c63,失败|观众,失败,观众,所以春晚的那些个动作，不是编程编好的，你信？[偷笑R],15,15
69e0d15f000000001401981c,69df625d0000000021005c63,失败|观众,失败,观众,这解说太搞笑了,1,1
69e0ce32000000001401a808,69df625d0000000021005c63,失败|观众,失败,观众,这种低能所谓的智能机器人简直就是个笑话，这种骗子公司你不要把老百姓当傻瓜。,0,0
69e0c3b1000000001401b020,69df625d0000000021005c63,失败|观众,失败,观众,这是智障机器人大赛吗[大笑R][大笑R][大笑R][大笑R][大笑R][大笑R],0,0
69e0c24e000000001401bc27,69df625d0000000021005c63,失败|观众,失败,观众,这个点赞和评论也太社4了[笑哭R],1,1
69e0bc8e000000001401b843,69df625d0000000021005c63,失败|观众,失败,观众,就这水平啊！吹的天花乱坠，这还参赛？,-1,4
69e0bb02000000001401c417,69df625d0000000021005c63,失败|观众,失败,观众,滥竽充数甚多！这组织的没有预赛？不是机器人差，是组织的太差！！,0,0
69e0b84c0000000014018c17,69df625d0000000021005c63,失败|观众,失败,观众,是不是厂家对机器人的理解有些误区，机器人不是应该代替人类去做体力的工作么？你们这直接演成喜剧人机器人专场了。,0,0
69e0b7c4000000001401e419,69df625d0000000021005c63,失败|观众,失败,观众,机器人不可笑，是本身可笑,0,0
69e0b72e000000001401a438,69df625d0000000021005c63,失败|观众,失败,观众,工业垃圾遥遥领先[doge],0,0
69e0b3d8000000001401a00e,69df625d0000000021005c63,失败|观众,失败,观众,机器人马拉松有什么意义呢？,0,0
69e0ae68000000001401bc36,69df625d0000000021005c63,失败|观众,失败,观众,都他妈打太极了，这些肯定是假的,9,9
69e0aacd000000001401e00f,69df625d0000000021005c63,失败|观众,失败,观众,爆他妈一地白色装备,11,11
69e0a6cf000000001401c427,69df625d0000000021005c63,失败|观众,失败,观众,机器人跑马拉松有啥意义？,0,0
69e0a2c4000000001401e81f,69df625d0000000021005c63,失败|观众,失败,观众,虐人已经没意思了开始虐机器狗,0,0
69e0a0f40000000014019015,69df625d0000000021005c63,失败|观众,失败,观众,就这机器人，别丢人现眼了，离实际应用还差十万八千里。,0,0
69e09dd60000000014018c10,69df625d0000000021005c63,失败|观众,失败,观众,为什么一定要做人形？如果追求速度 给它腿做成履带不好吗 我们生活中的很多新型家电 扫地机器人 矮矮墩墩的 方便它钻床底 没必要做成个人形+拖把组合啊 我觉得这种东西就做成符合它使用场景的外形呗 为什么一定要是人形呢？,0,0
69e09c72000000001401a01d,69df625d0000000021005c63,失败|观众,失败,观众,觉得机器人很容易的人，来试试，看你行不行？,0,0
69e09b9e000000001401a826,69df625d0000000021005c63,失败|观众,失败,观众,这解说，太搞笑了[失望R],1,1
69e096c5000000001401c034,69df625d0000000021005c63,失败|观众,失败,观众,过程个P都是一帮子搞金融的，没有科学什么事。,3,3
69e0936d000000001401bc0c,69df625d0000000021005c63,失败|观众,失败,观众,这些不要脸的东西，谁支持它化这么大资金研发？,3,3
69e092bc000000001401e829,69df625d0000000021005c63,失败|观众,失败,观众,不懂就问，如果以后机器人融入到生活里面很社会化，然后被植入木马病毒伤害人类怎么办？怎么判刑怎么追责？,0,0
69e08d27000000001401940b,69df625d0000000021005c63,失败|观众,失败,观众,一群酒蒙子啊,-1,15
69e087110000000014018c18,69df625d0000000021005c63,失败|观众,失败,观众,虽然……但是……[笑哭R][笑哭R][笑哭R]我是真的忍不住要笑一下哈哈哈哈哈哈哈哈哈哈哈哈哈哈哈哈哈哈哈哈🤣🤣🤣🤣🤣🤣🤣🤣,1,1
69e085c3000000001401c02a,69df625d0000000021005c63,失败|观众,失败,观众,等再过几年人工智能终结者把你们拎起来打的时候我看你们再笑[doge],-1,1
69e084b4000000001401d805,69df625d0000000021005c63,失败|观众,失败,观众,机器人的愚蠢赶不上你的解说有趣,0,0
69e08333000000001401c826,69df625d0000000021005c63,失败|观众,失败,观众,评论区一直搁那问机器人为什么像人形，不能做成其他的，那特么他叫机器人啊 他肯定得是个人形吧 他叫机器 他就可以是任何形状,0,0
69e08245000000001401e417,69df625d0000000021005c63,失败|观众,失败,观众,哈哈哈哈哈哈哈哈哈哈哈哈笑死了，都是喝了假酒的样子，哈哈哈哈哈哈哈哈，追尾那位最可爱[doge],-1,4
69e07f270000000014019c18,69df625d0000000021005c63,失败|观众,失败,观众,可笑，要是无人驾驶就变成可怕了,-1,7
69e07e86000000001401bc02,69df625d0000000021005c63,失败|观众,失败,观众,这也太不结实了，假冒伪劣产品,9,9
69e07deb000000001401cc0f,69df625d0000000021005c63,失败|观众,失败,观众,这样的机器人要来干嘛 除了骗国家补助还能干嘛,0,0
69e07a3f000000001401cc0a,69df625d0000000021005c63,失败|观众,失败,观众,果然是“亦庄”,-1,4
69e07614000000001401cc1d,69df625d0000000021005c63,失败|观众,失败,观众,纸糊的机器人太垃圾了,0,0
69e072ba0000000014008cfc,69df625d0000000021005c63,失败|观众,失败,观众,为什么专挑负面来说？,-1,0
69e071ea0000000015005dbf,69df625d0000000021005c63,失败|观众,失败,观众,拿个遥控叫机器人？,5,5
69e071910000000016017139,69df625d0000000021005c63,失败|观众,失败,观众,这样的视频又该被间谍拿到国外去用了,-1,8
69e070db00000000350176a0,69df625d0000000021005c63,失败|观众,失败,观众,这些机器人都是挺犟的[偷笑R],0,0
69e06f3c000000003501fe1d,69df625d0000000021005c63,失败|观众,失败,观众,垃圾的夸张……[种草R],-1,9
69e06e05000000000c0320aa,69df625d0000000021005c63,失败|观众,失败,观众,为什么要把撞车的红色机器人跟荣耀的剪辑到一起呢？感觉到一丝恶意,-1,12
69e06cde000000000c0324aa,69df625d0000000021005c63,失败|观众,失败,观众,一直强调软件才是灵魂，这些个机器人背后团队基本没什么吊用,0,0
69e06c9b0000000015000d0b,69df625d0000000021005c63,失败|观众,失败,观众,这是努力的来时路，起码别人在做！在努力做！嘲笑？你们有什么资格嘲笑努力的人！,1,1
69e06ace0000000035023751,69df625d0000000021005c63,失败|观众,失败,观众,与美国波士顿、特斯拉的比，简直就是小儿科水平,0,0
69e06a6e0000000001005b7f,69df625d0000000021005c63,失败|观众,失败,观众,笑死人，人家在高智能，你拿机器人耍狗耍猴，真是服了现在那些中国人,0,0
69e06923000000003502ae1e,69df625d0000000021005c63,失败|观众,失败,观众,就这水平，还机器人保姆呢，谁敢用，吓死了[偷笑R][偷笑R][偷笑R],0,0
69e06821000000000d03585e,69df625d0000000021005c63,失败|观众,失败,观众,要是我在路上遇到了，都得赶紧跑，感觉比神经病都可怕。[哭惹R],-1,1
69e0675a00000000020358f1,69df625d0000000021005c63,失败|观众,失败,观众,真踏马笑人,-1,-1
69e065e500000000300271f0,69df625d0000000021005c63,失败|观众,失败,观众,义庄马拉虫果然名不虚传，够阴间,-1,4
69e065bf000000000202ba0b,69df625d0000000021005c63,失败|观众,失败,观众,只能说机器人永远代替不了人类，多发明一些机器手操作危险性工作还差不多，而不是发明一些脱了裤子放屁，多此一举的玩意抢老百姓饭碗[玫瑰R],0,0
69e05bda000000001400b414,69df625d0000000021005c63,失败|观众,失败,观众,机器人跑马拉松有什么意义呢？,0,0
69e0597b000000002d023506,69df625d0000000021005c63,失败|观众,失败,观众,据说AI已经开始考虑灭绝人类了，咋这群还是这样的水平,8,8
69e0583c000000003500bf90,69df625d0000000021005c63,失败|观众,失败,观众,水平差太远了。。。。。,-1,1
69e05724000000001500ac17,69df625d0000000021005c63,失败|观众,失败,观众,本来我是忍住不要笑的，直到一个机器人在地上不断抖动，你来了一句“这就是街舞”噗哈哈哈哈,0,0
69e056700000000035019b1d,69df625d0000000021005c63,失败|观众,失败,观众,没弄懂，研究这些干吗？以后竞赛都用机器人参赛？我还看见机器人跳芭蕾，没看见美感，感觉好笑。,0,0
69e055910000000035022a35,69df625d0000000021005c63,失败|观众,失败,观众,恕我浅薄   为什么机械手臂智能化代工的科技革命要把方向调向拟人类行为功能？赛跑、踢球、打乒乓、家政保姆、养老护工、以及其他，为什么？不觉得这种机器人运动会只能哗众无法取宠吗？有没有一家智能制造公司勇敢将着眼点投向行政办事窗口机构、投向仲裁计票环节、投向防伪辨假识错的司法监测等等急需凸显公平公正的要害点上。,0,0
69e05530000000003501afd4,69df625d0000000021005c63,失败|观众,失败,观众,所以说国家机器人不要盲目乐观，是吧？,0,0
69e052000000000014009003,69df625d0000000021005c63,失败|观众,失败,观众,你存心黑国产,-1,3
69e04abd0000000035028824,69df625d0000000021005c63,失败|观众,失败,观众,慢点慢点，老子遥控跟不上了[呃R],5,5
69e043df000000003500c303,69df625d0000000021005c63,失败|观众,失败,观众,他们有种劣质批量生产的飞天小女警的感觉[笑哭R]如果看过那集应该就明白,0,0
69e042df000000000c03158c,69df625d0000000021005c63,失败|观众,失败,观众,最基本的视觉都没解决好，看不见路、人、车的吗，就瞎撞，怎么设计的？,-1,13
69e04265000000000d03c66a,69df625d0000000021005c63,失败|观众,失败,观众,有个问题，老美机器人玩了那么多年，波士顿动力啥的，一直没出来应用，他们在骗研发钱？,0,0
69e041e80000000035033086,69df625d0000000021005c63,失败|观众,失败,观众,造这玩意有啥用呢？这是制垃圾呢！,9,9
69e04164000000003501bf9c,69df625d0000000021005c63,失败|观众,失败,观众,快给运动员收尸,6,6
69e03e7300000000010055c7,69df625d0000000021005c63,失败|观众,失败,观众,等这些东西取代你们工作，你们还笑得出来吗,1,1
69e03ba900000000350107f1,69df625d0000000021005c63,失败|观众,失败,观众,什么玩意，不成熟的东西忽悠人,3,3
69e03b910000000035032c29,69df625d0000000021005c63,失败|观众,失败,观众,\ id、 \l ↑ 1\ \ \ \ \\\ty76,1,1
69e039a50000000035029864,69df625d0000000021005c63,失败|观众,失败,观众,都是些遥控玩具，有什么好炫的[笑哭R][笑哭R][笑哭R],5,5
69e0390e0000000035028319,69df625d0000000021005c63,失败|观众,失败,观众,我没觉得很搞笑，相反这类机器人进步很快，甚至很恐怖。一个机器人用了2-3年的时间就已经能发展成这样，这不比一群活了二三十年的牛马好用么？它们散架了可以再造，牛马们散架了还剩啥？,0,0
69e0373000000000140081c1,69df625d0000000021005c63,失败|观众,失败,观众,广告牌不能放远点吗？,-1,-1
69e031fe0000000035027c60,69df625d0000000021005c63,失败|观众,失败,观众,没测试过吗？就跑二步就摔倒了。还敢拿上来？[大笑R],2,2
69e02f80000000003502402d,69df625d0000000021005c63,失败|观众,失败,观众,股票还是每天在炒，我真的无语了，炒这玩意儿有什么意义啊？,3,3
69e02f250000000035008f99,69df625d0000000021005c63,失败|观众,失败,观众,非得“人形机器人”，装个轱辘不好吗？[抠鼻R],0,0
69e02e2b00000000010059e9,69df625d0000000021005c63,失败|观众,失败,观众,什么玩意儿窜过去了,-1,1
69e02d2d000000003501a51b,69df625d0000000021005c63,失败|观众,失败,观众,穿黑衣服的像大妈，不像哥们[偷笑R],-1,3
69e02c3d0000000001005f3c,69df625d0000000021005c63,失败|观众,失败,观众,你的解说是有点东西的[笑哭R],1,1
69e02b900000000035030448,69df625d0000000021005c63,失败|观众,失败,观众,全是小儿麻痹症,-1,4
69e02b3c000000000d035389,69df625d0000000021005c63,失败|观众,失败,观众,还有人说过几年他们就跑得很好了。其实这里95%永远会是个遥控玩具，根本不可能跑得好。他们现在和你小时候玩的遥控机器人没有太大区别。你看到的小脑发达，可以快速地做动作，是因为苏黎世大学的一个开源项目，可以控制小脑，都是用的那个开源项目。而大脑部分，这些公司几乎都没有研发，包括宇树。他们压根就没有去动大脑，因为知道自己没能力。现在大概全中国可能有两三家公司在试图做大脑，剩下的都是纯遥控玩具,0,0
69e02b37000000003501b8a5,69df625d0000000021005c63,失败|观众,失败,观众,以后要是满大街的机器人你害不害怕？,0,0
69e02a4f000000003502d6e9,69df625d0000000021005c63,失败|观众,失败,观众,怎么越搞越烂越做越差,3,3
69e02a2900000000010067ac,69df625d0000000021005c63,失败|观众,失败,观众,你们这些所谓的科技公司都好好的做点实事吧？有几个是真正在做事的？,3,3
69e029780000000035023319,69df625d0000000021005c63,失败|观众,失败,观众,这些都是什么厂家出产的呀？那么次！宇树的呢？不屑于参加这种比赛么？[doge],-1,0
69e029150000000035018d70,69df625d0000000021005c63,失败|观众,失败,观众,为什么安排交警？是机器人能听懂还是交警赶管？好搞笑！,0,0
69e029070000000002029e1c,69df625d0000000021005c63,失败|观众,失败,观众,各种阴谋论又该出现了,-1,0
69e027910000000014008461,69df625d0000000021005c63,失败|观众,失败,观众,[捂脸R]不行了，解说太好笑,1,1
69e0274d0000000001005dbf,69df625d0000000021005c63,失败|观众,失败,观众,不敢想象，如果达到机器人可以自由自在地使用，那么机器人是不是同样可以犯罪？偷东西、杀人、放火、甚至当街抢劫……？？？反正都是远程操控？对吗？可以想像这个世界🌎会怎样吗？,0,0
69e0271b000000000100581e,69df625d0000000021005c63,失败|观众,失败,观众,思路对么 非要让 机器人跑得快干啥,0,0
69e026360000000002035bcf,69df625d0000000021005c63,失败|观众,失败,观众,太有趣了！好高级的乐子[笑哭R],1,1
69e024220000000035025221,69df625d0000000021005c63,失败|观众,失败,观众,这些机器人模仿老年人犯病[微笑R],0,0
69e0209700000000150021a5,69df625d0000000021005c63,失败|观众,失败,观众,国内的机器人就是个大笑话！连小老思维都没有活成为机器人呢？活脱脱的就是一个大玩具！不过是为了骗取国家的补贴而已。,0,0
69e020510000000035030449,69df625d0000000021005c63,失败|观众,失败,观众,庸众误国，以己之陋，笑人之志。没有摔得狠哪里有跑的快，致敬每一位努力尝试路上的“失败者”。,-1,4
69e01b8000000000350298d6,69df625d0000000021005c63,失败|观众,失败,观众,一些骗国家补贴的厂家是活不下去啦,3,3
69e01ab7000000000103c70a,69df625d0000000021005c63,失败|观众,失败,观众,与普通百姓有啥关系？为我服务，为我娱乐，还是夺我职位，抢我饭碗？,3,3
69e01a4e000000003502e3a3,69df625d0000000021005c63,失败|观众,失败,观众,都踏马的假酒喝多了,-1,-1
69e018f80000000015007a03,69df625d0000000021005c63,失败|观众,失败,观众,这么烂也敢拿出来，可靠性还不如玩具,-1,5
69e018cc0000000016015b59,69df625d0000000021005c63,失败|观众,失败,观众,说明质量很差啊,9,9
69e01796000000000d0349da,69df625d0000000021005c63,失败|观众,失败,观众,净整些没用的，你把本来人干的活都抢了，人都饿死了，就留你的机器人自己玩！你往人做不了的方向发展，把危险的人做不了的方面发展！往军事发面搞！让国人都有饭吃！军事更强大！这才是你发展科技的最终目的！,-1,0
69e016dc000000003502a6ff,69df625d0000000021005c63,失败|观众,失败,观众,比这玩意有啥意义和用～碰瓷吗,-1,3
69e015b3000000000c033555,69df625d0000000021005c63,失败|观众,失败,观众,不对，网上发那么多，难道是假的？这样怎么做饭扶老人[笑哭R],14,14
69e0150a000000003501252b,69df625d0000000021005c63,失败|观众,失败,观众,笑吧，资本放过谁！到时候抢你的工作，夺你的爱情，教育你的孩子。,3,3
69e00e28000000001400aeec,69df625d0000000021005c63,失败|观众,失败,观众,这水平还出来比赛？！,-1,0
69e00dfd000000001400ad95,69df625d0000000021005c63,失败|观众,失败,观众,癫痫大发作！,-1,2
69e00a5d00000000020359f9,69df625d0000000021005c63,失败|观众,失败,观众,这有什么意义?跑成功了又怎样,4,4
69e009160000000035017f06,69df625d0000000021005c63,失败|观众,失败,观众,这玩意比赛厂家不测试吗？  行就行不行就不行  难道还要奇迹吗？,-1,3
69e00322000000003500ff62,69df625d0000000021005c63,失败|观众,失败,观众,就TM一场笑话！,1,1
69dfff550000000015006bd4,69df625d0000000021005c63,失败|观众,失败,观众,妈呀，我还指着你们养老呢，只是你们做家政呢你们能不能搞快一点？加油啊[笑哭R],14,14
69dfef730000000002029a34,69df625d0000000021005c63,失败|观众,失败,观众,跑步第一名，意义何在？发明机器人的初心就是替人干最苦最累的活，而体育文艺跳舞是人类为了娱乐自己让自己开心，为什么要机器人干？,0,0
69dfeb7b0000000015009477,69df625d0000000021005c63,失败|观众,失败,观众,还。。。。是。。。。来搞笑的多。有几个宇树？,-1,1
69dfe8740000000001004a53,69df625d0000000021005c63,失败|观众,失败,观众,真的笑死了，plq一帮人对着人家专门剪辑出来的失误画面做的搞笑配音视频，评论整个机器人产业的发展[捂脸R],0,0
69dfd73c0000000035018de5,69df625d0000000021005c63,失败|观众,失败,观众,一帮混混,-1,-1
69dfd64b00000000350315e0,69df625d0000000021005c63,失败|观众,失败,观众,咱就是说你要赛跑不能直接研发个遥控赛车吗？,5,5
69dfd1f5000000001500b2e3,69df625d0000000021005c63,失败|观众,失败,观众,丢人现眼哗众取宠只为骗钱,3,3
69dfcbab000000003502bb66,69df625d0000000021005c63,失败|观众,失败,观众,讲解小哥讲的也太搞笑了，半夜听乐了[笑哭R],1,1
69dfc9a900000000150064d1,69df625d0000000021005c63,失败|观众,失败,观众,变形，用轮子跑不行吗？[汗颜R]这才是机器应有的优势呀,-1,0
69dfc7d50000000015008eac,69df625d0000000021005c63,失败|观众,失败,观众,外国人看见会怎么说,-1,2
69dfc548000000003502515a,69df625d0000000021005c63,失败|观众,失败,观众,红色荣耀我刚燃起来说这才是高手话没说完它就撞车了 有种屎拉一半的憋屈感,-1,12
69dfc27e0000000035010491,69df625d0000000021005c63,失败|观众,失败,观众,这附近有电磁干扰吗？怎么跑到这都傻了。,-1,-1
69dfb9500000000001004267,69df625d0000000021005c63,失败|观众,失败,观众,机器人灵活如人，还有很长的路要走，任重道远啊～～,0,0
69dfb5b1000000003500c8b0,69df625d0000000021005c63,失败|观众,失败,观众,上春晚的机器人看着还可以啊，这些机器人咋了呢？当个玩具也不合格呀,15,15
69dfb4f30000000035029e08,69df625d0000000021005c63,失败|观众,失败,观众,掉胳膊的是买不起螺纹胶吗[捂脸R],-1,4
69dfb16b000000000202b019,69df625d0000000021005c63,失败|观众,失败,观众,还是郑校长说的有道理，一个国家的强大不是靠机器人跳舞跑🐴拉怂[扶额R]，是要用于高科技上和国家武器装备上，不是靠机器人的花拳绣腿来圈钱上！千万不要一地鸡毛了[偷笑R],0,0
69dfb0d6000000003501532a,69df625d0000000021005c63,失败|观众,失败,观众,更可笑的是幕后的人,1,1
69dfb0cf000000003500eac3,69df625d0000000021005c63,失败|观众,失败,观众,红色机器人前面的车子要负全责的。你一个车子能上赛道吗？[暗中观察R],12,12
69dfb0350000000016015d8d,69df625d0000000021005c63,失败|观众,失败,观众,这些机器人都是在丢脸。,0,0
69dfafbd000000003502be2d,69df625d0000000021005c63,失败|观众,失败,观众,It's only thru these field testing failures that ultimately the robots can function properly. Really glad to see this sort of competition that fosters innovation and advancements in robotics .,-1,4
69dfaf9a0000000015006b1d,69df625d0000000021005c63,失败|观众,失败,观众,你为什么要发视频抹黑东大机器人发展。你有什么目的。谁指使你这么干的。有没有境外势力参与,0,0
69dfacf3000000003500bd3f,69df625d0000000021005c63,失败|观众,失败,观众,遥控机器人不是90年代就有了吗？现在只不过尺寸大一点，就来骗国家的补贴和投资人的钱。,-1,5
69dfaaad0000000035020422,69df625d0000000021005c63,失败|观众,失败,观众,"尼玛,跑个马把胳膊都跑断了",4,4
69dfa93100000000160177e6,69df625d0000000021005c63,失败|观众,失败,观众,避障能力都没，真的不看好,-1,1
69dfa92a000000000c0302d6,69df625d0000000021005c63,失败|观众,失败,观众,嘿嘿嘿嘿嘿[笑哭R][笑哭R][笑哭R],1,1
69dfa805000000000d035d49,69df625d0000000021005c63,失败|观众,失败,观众,亦庄？？特么是以前那个义庄吗？？,-1,3
69dfa7cd0000000016016607,69df625d0000000021005c63,失败|观众,失败,观众,我tm还能指望这玩意儿养老吗？,14,14
69dfa665000000003500ba7f,69df625d0000000021005c63,失败|观众,失败,观众,有些资本急功近利了,3,3
69dfa58c0000000035030be3,69df625d0000000021005c63,失败|观众,失败,观众,一个个蛋疼[微笑R],1,1
69dfa37a00000000160167b0,69df625d0000000021005c63,失败|观众,失败,观众,这解说真需要点水平[笑哭R][笑哭R]笑死我了[笑哭R][笑哭R],1,1
69dfa2120000000035017527,69df625d0000000021005c63,失败|观众,失败,观众,不是，你别逗我笑行吗？实在佩服这个解说[大笑R][大笑R][大笑R][大笑R][大笑R],1,1
69df9f330000000035019a3f,69df625d0000000021005c63,失败|观众,失败,观众,直接到比赛中去测试吗？你以为自己是张雪机车啊？,-1,7
69df9e980000000002035f56,69df625d0000000021005c63,失败|观众,失败,观众,别看大家现在笑的欢，等到时候机器人拿着枪指着你的时候，你就老实了,0,0
69df9c270000000015009efe,69df625d0000000021005c63,失败|观众,失败,观众,为啥有障碍非得往上冲啊，扫地机器人也没这么笨啊。都挺搞笑的,0,0
69df98db0000000035023a89,69df625d0000000021005c63,失败|观众,失败,观众,我就一个问题。为啥这些机器人一躺下就跟触了电，发了癫痫一样，那么来回蹦的，来回哆嗦？,-1,0
69df98c500000000150030cc,69df625d0000000021005c63,失败|观众,失败,观众,机器人已经到了能得癫痫病的时候了……,-1,0
69df95af00000000160165a8,69df625d0000000021005c63,失败|观众,失败,观众,哈哈哈哈哈哈哈哈，笑死了，二排、杂毛公司的人形机器人烂到家了。,0,0
69df922c0000000015004f18,69df625d0000000021005c63,失败|观众,失败,观众,"wzhshctmd,dtmshpz！！",-1,-1
69e99ef8000000001401b81d,69df625d0000000021005c63,失败|观众,失败,观众,这人有机器人这些有个屌用语言有点别的名声的机器人跑跑，他们在快跑都在卖有啥用。,0,0
69e787f1000000001401882b,69df625d0000000021005c63,失败|观众,失败,观众,抱歉，各位晚上好，占用了社会资源，非常抱歉，娃躺在lcu，一张张单子，我们实在撑不下了。跪求各位看一眼，拉一把。。。只是没有办法的办法了。[哭惹R][合十R],-1,15
69e359910000000014019406,69df625d0000000021005c63,失败|观众,失败,观众,快挂脑病科看看,-1,4
69e23c35000000001401a438,69df625d0000000021005c63,失败|观众,失败,观众,对不起我的儿子[哭惹R][哭惹R]   我是一个蹦溃的母亲。宝贝孩子才3岁就得了 重z.症  。。在ICu里面连呼吸都困难，我实在太无...助了，为了留住宝宝，一天只能睡4小时，在饭店做服务员，夜里送外卖。不敢休息[哭惹R]  给大伙:跪:下球啦孩子一把[合十R]叩谢,-1,1
69e1b3ed000000001401cc0d,69df625d0000000021005c63,失败|观众,失败,观众,对不起我的宝贝女儿[合十R][合十R]我不是一个合格妈妈，女儿才一岁就受了那么大的罪过[哭惹R]，请原谅妈妈的无能，我拼尽全力，用掉了所有，借遍了一切。为了给你续**命，我一天做几份工作，困得站着都能睡着[哭惹R]祈__求头象看看  啦啦命苦的女娲吧[合十R],-1,0
69e0f70a0000000014019c20,69df625d0000000021005c63,失败|观众,失败,观众,[笑哭R]虽然不应该，可真的好笑,1,1
69e0d4c2000000001401ac0b,69df625d0000000021005c63,失败|观众,失败,观众,哈哈哈，像是很努力的心理咨询师在咨询室中的表现了,1,1
69e0c65e0000000014018c03,69df625d0000000021005c63,失败|观众,失败,观众,对不起我的女儿[哭惹R][哭惹R]   我是一个蹦溃的母亲。宝贝女儿才5岁就得了 重z.症  。。在ICu里面连呼吸都困难，我实在太无...助了，为了留住宝宝，一天只能睡4小时，在饭店做服务员，夜里送外卖。不敢休息[哭惹R]  给大伙:跪:下球啦闺女一把[合十R]叩谢,-1,1
69e0b7c90000000014018c13,69df625d0000000021005c63,失败|观众,失败,观众,坐着跑─=≡Σ(((つ•̀ω•́)つ比较省力，快点正常,4,4
69e0584c000000000d03e9b6,69df625d0000000021005c63,失败|观众,失败,观众,[笑哭R]这没法忍住不笑啊,1,1
69ef2e5b000000002902cd01,69e48b0b000000001a02578c,失败|服务者,失败,服务者,机器人提供了新的就业岗位，一个机器人跑马拉松需要两个助理,0,0
69ecb9a7000000002803354c,69e48b0b000000001a02578c,失败|服务者,失败,服务者,为什么非要学人用两条腿走，腿也没那么好使，走路累死了，所以人们都骑电动[失望R],-1,0
6a058b8e0000000028009472,69e48b0b000000001a02578c,失败|服务者,失败,服务者,手摇的意义在哪？,-1,4
6a058678000000002b024018,69e48b0b000000001a02578c,失败|服务者,失败,服务者,机器人也会中暑[尬住R],0,0
69ef066c000000002702cc16,69e48b0b000000001a02578c,失败|服务者,失败,服务者,非做成小脚老太太吗？做个大脚丫子站的多稳,-1,0
69ef404c000000002b003d6a,69e48b0b000000001a02578c,失败|服务者,失败,服务者,不懂机器人跑马拉松的意义在哪[捂脸R],0,0
69ecc4fd000000002701dc2a,69e48b0b000000001a02578c,失败|服务者,失败,服务者,这种马拉松就比的是哪家电机不过热,0,0
69eae867000000001401e003,69e48b0b000000001a02578c,失败|服务者,失败,服务者,他手里拿的是遥控器吗[笑哭R]，这玩意不就是个遥控玩具么？,5,5
69fad3a0000000002702a925,69e48b0b000000001a02578c,失败|服务者,失败,服务者,本来是来卷人类的，结果先被天气卷趴下了，[偷笑R]太真实了😂,-1,0
69ec6962000000002a032810,69e48b0b000000001a02578c,失败|服务者,失败,服务者,现在还是在测试阶段，以后就不需要人了，直接机器人代替,0,0
6a05383d000000002b002255,69e48b0b000000001a02578c,失败|服务者,失败,服务者,机器人永远不会帮穷人干活的,0,0
69ec2b62000000002803179d,69e48b0b000000001a02578c,失败|服务者,失败,服务者,自动？不拿着遥控怎么动[偷笑R],5,5
69ec4624000000002702b4b1,69e48b0b000000001a02578c,失败|服务者,失败,服务者,看来温度没那么容易解决,13,13
69f498440000000028036950,69e48b0b000000001a02578c,失败|服务者,失败,服务者,快啊 上藿香正气水,14,14
69eb5b920000000028008816,69e48b0b000000001a02578c,失败|服务者,失败,服务者,外面的封面图以为机器人在口吐白沫,0,0
69eac09d000000001401a412,69e48b0b000000001a02578c,失败|服务者,失败,服务者,看来人类的耐力在蓝星是遥遥领先[doge],0,0
69f4b8a9000000002900cd4e,69e48b0b000000001a02578c,失败|服务者,失败,服务者,天网：你们人类设计生产的机器人就是不如T-800[嘻嘻R][doge][笑哭了R][偷笑R][偷笑R][偷笑R],0,0
69f4dcbf000000002702e7e8,69e48b0b000000001a02578c,失败|服务者,失败,服务者,还会爆装备呢,11,11
69fd7aae000000002702f346,69e48b0b000000001a02578c,失败|服务者,失败,服务者,这咋还背的啥撒出来了？负重五公里爆装备了吗[捂脸R],11,11
69f4860b000000002702987f,69e48b0b000000001a02578c,失败|服务者,失败,服务者,那个和碎冰冰一样的是啥,2,2
69f484af000000002803696c,69e48b0b000000001a02578c,失败|服务者,失败,服务者,这是遥控的吗？我一直以为是自动的[微笑R],5,5
69f5bf43000000002a006b1f,69e48b0b000000001a02578c,失败|服务者,失败,服务者,倒下前还试图控制姿态，比以前强,2,2
69eb2d97000000001401dc1e,69e48b0b000000001a02578c,失败|服务者,失败,服务者,[呃R]还以为摔出火花了,-1,7
69f4a560000000002100e6a6,69e48b0b000000001a02578c,失败|服务者,失败,服务者,这是啥牌子的，不是之前夺冠的那个吧,-1,7
69eb5ac2000000002701d33b,69e48b0b000000001a02578c,失败|服务者,失败,服务者,机器牛马也顶不住压榨[偷笑R],0,0
69fad74f0000000027016278,69e48b0b000000001a02578c,失败|服务者,失败,服务者,感觉最适合机器人的移动方式还是八爪鱼🐙多条触须…,0,0
69fee60f000000002800af5d,69e48b0b000000001a02578c,失败|服务者,失败,服务者,笑死，遥控玩具,5,5
69ec8a820000000027021afa,69e48b0b000000001a02578c,失败|服务者,失败,服务者,没点进来我还以为他摔出火星子了[笑哭R][笑哭R],-1,7
69f49759000000002900d3ba,69e48b0b000000001a02578c,失败|服务者,失败,服务者,摇摇晃晃的姿势还挺像的,-1,4
69f061b1000000002a0277e2,69e48b0b000000001a02578c,失败|服务者,失败,服务者,地球进化出了人类而不是机器人是有它自己的道理在的……,0,0
69f49167000000002a0300d7,69e48b0b000000001a02578c,失败|服务者,失败,服务者,让我脑子突然就想起一段bgm，我跌跌撞撞奔向你～,-1,1
69e722cb000000001401ac09,69e48b0b000000001a02578c,失败|服务者,失败,服务者,我刚看到以为是脑浆撒出来了[捂脸R],-1,7
69ef039b00000000290246e9,69e48b0b000000001a02578c,失败|服务者,失败,服务者,我还以为是摔出火花了,-1,7
69ea3e2d000000001401b008,69e48b0b000000001a02578c,失败|服务者,失败,服务者,是不是低电糖了[石化R],13,13
69f483bd0000000027028944,69e48b0b000000001a02578c,失败|服务者,失败,服务者,我以为着火了[捂脸R],-1,7
69f470bc000000002803250d,69e48b0b000000001a02578c,失败|服务者,失败,服务者,整成袋鼠形状会不会好一些,0,0
69f45bde000000002a007318,69e48b0b000000001a02578c,失败|服务者,失败,服务者,应该让机器人骑电动车,0,0
69f45b93000000002a030b8a,69e48b0b000000001a02578c,失败|服务者,失败,服务者,背的干冰降温的？,13,13
69f45465000000002a005b16,69e48b0b000000001a02578c,失败|服务者,失败,服务者,评论区好多外行指导内行,1,1
69f4471d000000002b029c05,69e48b0b000000001a02578c,失败|服务者,失败,服务者,坐车不敢笑出声[捂脸R]当干咳吧,1,1
69f446ab000000002800ae4d,69e48b0b000000001a02578c,失败|服务者,失败,服务者,为什么发出猫叫,0,0
69f4463c000000002a005f3b,69e48b0b000000001a02578c,失败|服务者,失败,服务者,机器人也会头晕😵‍💫的[笑哭R],0,0
69f4450c0000000027020636,69e48b0b000000001a02578c,失败|服务者,失败,服务者,好怕它突然打拳,-1,10
69f423560000000028009c3b,69e48b0b000000001a02578c,失败|服务者,失败,服务者,他看起来有点累,-1,0
69f3605d000000002a032fea,69e48b0b000000001a02578c,失败|服务者,失败,服务者,我还以为是柳絮,-1,7
69f34c380000000028030942,69e48b0b000000001a02578c,失败|服务者,失败,服务者,机器人基金又该跌了[doge],-1,0
69f31037000000002900c408,69e48b0b000000001a02578c,失败|服务者,失败,服务者,需要手动重启,-1,13
69f1c81f0000000027017b29,69e48b0b000000001a02578c,失败|服务者,失败,服务者,赤脚就是煎熬，应该配双跑鞋,4,4
69f17369000000002a03074f,69e48b0b000000001a02578c,失败|服务者,失败,服务者,可能不是中暑应该是冻感冒发烧晕倒了[捂脸R],2,2
69f0eb43000000002803c6c3,69e48b0b000000001a02578c,失败|服务者,失败,服务者,降温 冷静[笑哭R][笑哭R],13,13
69f0939b000000002a0247bb,69e48b0b000000001a02578c,失败|服务者,失败,服务者,嘿嘿，但是天气永远不会到40度,-1,13
69f02f21000000002a0267fe,69e48b0b000000001a02578c,失败|服务者,失败,服务者,AI养老是这个意思吗,-1,8
69ef5d1c0000000028035aad,69e48b0b000000001a02578c,失败|服务者,失败,服务者,我还以为它炸了，原来只是些冰,-1,7
69ef46be000000000d022802,69e48b0b000000001a02578c,失败|服务者,失败,服务者,笑死还有外部冷源降温[笑哭R]真人不知道能不能参考这个,13,13
69eeff08000000002901a9cc,69e48b0b000000001a02578c,失败|服务者,失败,服务者,哇，现实版机器人倒了还爆了没用的装备,0,0
69eeda7e0000000029011ac0,69e48b0b000000001a02578c,失败|服务者,失败,服务者,感觉在极端环境下，机器还是要比人金贵些,0,0
69edd8b2000000002a0306bf,69e48b0b000000001a02578c,失败|服务者,失败,服务者,懂了，机器人怕高温，以后机器人弄失业人群的时候就这么对付他们,0,0
69ec6069000000002203de16,69e48b0b000000001a02578c,失败|服务者,失败,服务者,关节到底不如人类的关节耐磨。,-1,0
69ec568b0000000029010f35,69e48b0b000000001a02578c,失败|服务者,失败,服务者,我还以为摔出电火花来了,-1,7
69eb989d000000000d021c00,69e48b0b000000001a02578c,失败|服务者,失败,服务者,掉落白水晶，赶紧去捡[doge],11,11
69eb8cdc000000002a02c992,69e48b0b000000001a02578c,失败|服务者,失败,服务者,建议不要简化 这叫遥控机器人,5,5
69eb620f000000002702be9c,69e48b0b000000001a02578c,失败|服务者,失败,服务者,电机过热[吃瓜R],13,13
69eb576f000000002701dad3,69e48b0b000000001a02578c,失败|服务者,失败,服务者,应该是电机发热磁力下降导致，我玩机器狗的时候就是这样,13,13
69eb567d000000002800aae4,69e48b0b000000001a02578c,失败|服务者,失败,服务者,跑马拉松跑冒烟了[偷笑R]电脑主板加载过热混乱了,13,13
69eb563c000000002702fdfa,69e48b0b000000001a02578c,失败|服务者,失败,服务者,机器人那会自己动，都是人工拿手柄遥控的[偷笑R],5,5
69eb4174000000002b0295ef,69e48b0b000000001a02578c,失败|服务者,失败,服务者,这个才对，机器也要休息，何况人呢,0,0
69eb3f160000000028031a14,69e48b0b000000001a02578c,失败|服务者,失败,服务者,回家睡觉去吧,-1,1
69eb3b30000000002900dc0b,69e48b0b000000001a02578c,失败|服务者,失败,服务者,干冰还是不行，你得上钢冰，要冷钢的冰才行[doge],13,13
69eb2bc6000000001401940e,69e48b0b000000001a02578c,失败|服务者,失败,服务者,还得遥控器操作才能走，这东西跟大一点的遥控玩具有什么区别，脑容量为0,5,5
69eb1a090000000014018c0d,69e48b0b000000001a02578c,失败|服务者,失败,服务者,大概是电机过热吧。[汗颜R],13,13
69eb1513000000001401b020,69e48b0b000000001a02578c,失败|服务者,失败,服务者,看了这么多个马拉松机器人，这个最像我[捂脸R][笑哭R],0,0
69eafb13000000001401c01f,69e48b0b000000001a02578c,失败|服务者,失败,服务者,连撞墙都复刻了,-1,0
69eae3fd0000000014018826,69e48b0b000000001a02578c,失败|服务者,失败,服务者,大炼机器人,0,0
69ead765000000001401ac04,69e48b0b000000001a02578c,失败|服务者,失败,服务者,散热系统有待优化,13,13
69ead3e8000000001401e017,69e48b0b000000001a02578c,失败|服务者,失败,服务者,半月板撕裂,2,2
69ea1745000000001401c836,69e48b0b000000001a02578c,失败|服务者,失败,服务者,若干年后机器人举行人类马拉松比赛,0,0
69e87dd2000000001401c819,69e48b0b000000001a02578c,失败|服务者,失败,服务者,击中特效[哇R],11,11
69e84683000000001401cc0c,69e48b0b000000001a02578c,失败|服务者,失败,服务者,背一壶液氮可能更好,-1,6
69ec4f2a000000002702bb17,69e48b0b000000001a02578c,失败|服务者,失败,服务者,这种玩意儿就是为了圈钱吗？ 跑公路早就有人发明了更好的机器人 它有四个圆形的轮子 名字叫车,-1,0
69ea3dc1000000001401c433,69e48b0b000000001a02578c,失败|服务者,失败,服务者,这天气需要背着这玩意降温的话，说明内部设计完全不合理,13,13
69eb03ef000000001401e81b,69e48b0b000000001a02578c,失败|服务者,失败,服务者,现在是全国企业造玩具时代，不是造机器人时代了,0,0
69fa1ce7000000002903547d,69e48b0b000000001a02578c,失败|服务者,失败,服务者,机器人跑马拉松有什么作用？宣传吗 好像又起反作用 增加趣味性吗  也不好笑呀 搞不懂,0,0
69f46dad000000002702a83b,69e48b0b000000001a02578c,失败|服务者,失败,服务者,这腿设计不适合跑啊，像个骷髅一样瘦重心不稳，明明是机器非要当人用，猴子走得都稳，进化不够,0,0
69ef21260000000028032618,69e48b0b000000001a02578c,失败|服务者,失败,服务者,这个温度就开始中暑了？,13,13
69ef0af3000000002803f0ae,69e48b0b000000001a02578c,失败|服务者,失败,服务者,总能看到有250到人形机器人比赛下问为什么机器人一定要设计成人形。那你去马拉松比赛问问为什么要跑这么长，去撑杆跳比赛问问为啥不直接跳要用杆子呗[笑哭R],0,0
69eb5eb70000000027016183,69e48b0b000000001a02578c,失败|服务者,失败,服务者,都是啥玩意儿？还吐一地！,2,2
69eb4cf100000000280325c8,69e48b0b000000001a02578c,失败|服务者,失败,服务者,到底谁伺候谁啊[微笑R]还说机器人以后能服务业主流。。。。是找维修的全天候跟着是吧,0,0
69eb2168000000001401a405,69e48b0b000000001a02578c,失败|服务者,失败,服务者,接下来有请评论区“没有意义”组登场[偷笑R],1,1
69eaf39c000000001401a815,69e48b0b000000001a02578c,失败|服务者,失败,服务者,这东西鸡毛用？,-1,3
69ea0ee30000000014019410,69e48b0b000000001a02578c,失败|服务者,失败,服务者,就是一堆废铁,9,9
69f09de8000000002b003e36,69e48b0b000000001a02578c,失败|服务者,失败,服务者,智障机器人,0,0
69e8bcdb0000000014019425,69e2583b00000000230211ea,失败|抢救者,失败,抢救者,都做机器人了，应该把人长脚趾有什么用处也考虑进去,0,0
69e2fc72000000001401900a,69e2583b00000000230211ea,失败|抢救者,失败,抢救者,恭喜你 发明了汽车,5,5
69e30308000000001401cc2f,69e2583b00000000230211ea,失败|抢救者,失败,抢救者,恭喜你，发明了遥控车[doge],5,5
69e304c5000000001401dc45,69e2583b00000000230211ea,失败|抢救者,失败,抢救者,洛洛历险记霹雳火了解下，变形经刚，既可以跑也可以变身车,-1,7
69e307e1000000001401bc1e,69e2583b00000000230211ea,失败|抢救者,失败,抢救者,恭喜你发明了无人机,5,5
69e30894000000001401d809,69e2583b00000000230211ea,失败|抢救者,失败,抢救者,哈哈哈🤣，人类的智慧总有相似之处。,-1,0
69e30c660000000014019416,69e2583b00000000230211ea,失败|抢救者,失败,抢救者,如果这个比赛是，跑到车前，打开车门，代替受伤乘客，将燃油车开离火源呢,12,12
69e31d5b000000001401b80d,69e2583b00000000230211ea,失败|抢救者,失败,抢救者,再加上翅膀，下面挂上两个喷气机，加一种更耐寒的液体[doge],13,13
69e3504c000000001401d81a,69e2583b00000000230211ea,失败|抢救者,失败,抢救者,你猜人形机器人为什么叫人形机器人,0,0
69e445c5000000001401dc0b,69e2583b00000000230211ea,失败|抢救者,失败,抢救者,科技需要学习，更需要引导，你好像是做到了。[捂脸R],3,3
69e494c70000000014019426,69e2583b00000000230211ea,失败|抢救者,失败,抢救者,还要有个方向盘,5,5
69e76d3c0000000014018814,69e2583b00000000230211ea,失败|抢救者,失败,抢救者,宝子人形机器人比赛,0,0
69e78032000000001401bc03,69e2583b00000000230211ea,失败|抢救者,失败,抢救者,机器人得像人呀,0,0
69e7870b000000001401e831,69e2583b00000000230211ea,失败|抢救者,失败,抢救者,他应该是想说。能不能做那种机器人走起来是机器人，但跑起来的时候是车，就是有一个动画片叫洛洛机器人。里面的机器人。变成战斗形态的时候，有飞机，有挖挖机，有大炮。有坦克，有各种各样的,0,0
69e78870000000001401b002,69e2583b00000000230211ea,失败|抢救者,失败,抢救者,那是汽车，不是人形机器人,0,0
69e7a058000000001401b015,69e2583b00000000230211ea,失败|抢救者,失败,抢救者,还有带翅膀能飞的,-1,13
69e7a1ba000000001401ac07,69e2583b00000000230211ea,失败|抢救者,失败,抢救者,未来战争，自爆机器人，持枪机器人普及的时候出现的时候，汽车仍是的交通工具,0,0
69e7a494000000001401b007,69e2583b00000000230211ea,失败|抢救者,失败,抢救者,那是轮足机器人,0,0
69e7a63c000000001401e803,69e2583b00000000230211ea,失败|抢救者,失败,抢救者,这是人形机器人比赛,0,0
69e801400000000014018c04,69e2583b00000000230211ea,失败|抢救者,失败,抢救者,不用拐弯你直接说，你要开车就行[doge],5,5
69e80aaf000000001401a804,69e2583b00000000230211ea,失败|抢救者,失败,抢救者,陕西乡党就是聪明,8,8
69e8140e000000001401b004,69e2583b00000000230211ea,失败|抢救者,失败,抢救者,那叫汽车，不叫机器人[doge],0,0
69e827e6000000001401dc0f,69e2583b00000000230211ea,失败|抢救者,失败,抢救者,昨天我也是这样摔了个狗吃屎[哭惹R],2,2
69e82c08000000001401e41c,69e2583b00000000230211ea,失败|抢救者,失败,抢救者,假如比赛是爬楼梯呢？,-1,0
69e83b51000000001401e02c,69e2583b00000000230211ea,失败|抢救者,失败,抢救者,起个名   萝卜快跑,4,4
69e83cf9000000001401e005,69e2583b00000000230211ea,失败|抢救者,失败,抢救者,哈哈哈哈哈哈哈哈哈哈！自动驾驶！,5,5
69e8403d0000000014019c21,69e2583b00000000230211ea,失败|抢救者,失败,抢救者,打卡留念，你们这些过去的支持者[偷笑R],1,1
69e8825c000000001401880c,69e2583b00000000230211ea,失败|抢救者,失败,抢救者,直接发明一个轮子跑,-1,0
69e8d4bd000000001401bc41,69e2583b00000000230211ea,失败|抢救者,失败,抢救者,对啊，谁说机器人就必须跟人一样有胳膊有腿的，怎么方便怎么来是对的呀！这也是机器的优势啊！,0,0
69e90547000000001401e809,69e2583b00000000230211ea,失败|抢救者,失败,抢救者,摔得真碎啊,2,2
69e9117d000000001401d806,69e2583b00000000230211ea,失败|抢救者,失败,抢救者,还有一双完整的腿…,-1,-1
69e967e30000000014019409,69e2583b00000000230211ea,失败|抢救者,失败,抢救者,汽车人[微笑R]汽车总动员,7,7
69e97921000000001401e418,69e2583b00000000230211ea,失败|抢救者,失败,抢救者,别提了 人倒霉起来就很惨,-1,1
69e97f8c000000001401d80c,69e2583b00000000230211ea,失败|抢救者,失败,抢救者,那我写进简历了哈,1,1
69e9bf91000000001401bc24,69e2583b00000000230211ea,失败|抢救者,失败,抢救者,害我莫名其妙笑了一下,1,1
69ea0b3c000000001401b833,69e2583b00000000230211ea,失败|抢救者,失败,抢救者,wc不早说,10,10
69eb6ccd00000000270144a5,69e2583b00000000230211ea,失败|抢救者,失败,抢救者,不能，现在就是要整邪修要双脚，以后发展好了就可以给飞机大炮装上两条腿了[偷笑R],0,0
69eee01b0000000028035b7c,69e2583b00000000230211ea,失败|抢救者,失败,抢救者,碎的一塌糊涂，还在挣扎，好惨[哭惹R],2,2
69e30272000000001401b815,69e2583b00000000230211ea,失败|抢救者,失败,抢救者,为什么不做成鸟一样可以在空中的。你那个还要用路一点都不方便,-1,0
69e317b0000000001401b01d,69e2583b00000000230211ea,失败|抢救者,失败,抢救者,你这样搞怎么骗钱？,3,3
69e3650d000000001401c814,69e2583b00000000230211ea,失败|抢救者,失败,抢救者,你怎么不说不用液体也能跑起来的[捂脸R],-1,1
69e41cb0000000001401dc1d,69e2583b00000000230211ea,失败|抢救者,失败,抢救者,瞎说什么大实话[捂脸R],1,1
69e80f9c000000001401a407,69e2583b00000000230211ea,失败|抢救者,失败,抢救者,赶紧抓紧申请专利，别让别人模仿了[笑哭R],3,3
69e87cf00000000014019402,69e2583b00000000230211ea,失败|抢救者,失败,抢救者,大聪明，什么叫人形机器人？,0,0
69e3353f000000001401e427,69e2583b00000000230211ea,失败|抢救者,失败,抢救者,来时路而已，脚抬高,-1,1
69e2fdcc0000000014019c0f,69e2583b00000000230211ea,失败|抢救者,失败,抢救者,摔倒了还撒泼,2,2
69e3ab8e000000001401981a,69e2583b00000000230211ea,失败|抢救者,失败,抢救者,前几天听说是大学生机器人比赛，明天在亦庄比赛，这个可能是参赛前测试吧？,-1,0
69e7a794000000001401e000,69e2583b00000000230211ea,失败|抢救者,失败,抢救者,enfj 深深同情了[哭惹R]忙活一年，测试无数遍，不求能拿名次，但求能在比赛中突破自己，结果在起跑线就摔烂了，而且还这么贵,-1,4
69e7ac76000000001401a003,69e2583b00000000230211ea,失败|抢救者,失败,抢救者,就这么摔一下就散架了，在家就没测试过的吧[笑哭R],2,2
69e7aeee000000001401cc0b,69e2583b00000000230211ea,失败|抢救者,失败,抢救者,程序员不会心碎 项目经理 硬件结构工程师会崩溃,-1,2
69e7b051000000001401bc15,69e2583b00000000230211ea,失败|抢救者,失败,抢救者,其实工程师应该会习惯这样的玩意,3,3
69e7b5050000000014019c05,69e2583b00000000230211ea,失败|抢救者,失败,抢救者,我好想知道这样会怎么办，负责它的团队会挨骂吗？我感觉真的好可惜，怎么会这样,1,1
69e7e69b000000001401e801,69e2583b00000000230211ea,失败|抢救者,失败,抢救者,但数据在，换台机器人继续优化改进就可以,0,0
69e7e90f000000001401c401,69e2583b00000000230211ea,失败|抢救者,失败,抢救者,[微笑R]东西都是批量化制造的，程序也是有备份的，换一个新的，把程序拷进去就行了，心疼的只有老板的钱袋子,3,3
69e80926000000001401c415,69e2583b00000000230211ea,失败|抢救者,失败,抢救者,都是不成熟的科技,3,3
69e80dba000000001401dc01,69e2583b00000000230211ea,失败|抢救者,失败,抢救者,没事，失败是成功之母,-1,3
69e81545000000001401c005,69e2583b00000000230211ea,失败|抢救者,失败,抢救者,不会报废，就是需要重新组装调试，更换零件,9,9
69e816c50000000014019418,69e2583b00000000230211ea,失败|抢救者,失败,抢救者,人家忙着数钱钱呢[偷笑R],-1,4
69e837cd000000001401b825,69e2583b00000000230211ea,失败|抢救者,失败,抢救者,可是确实质量太差了，整个散架掉,9,9
69e8d747000000001401c439,69e2583b00000000230211ea,失败|抢救者,失败,抢救者,摔一下能搞成这样，说明也没花什么心思[石化R],2,2
69e8df3b000000001401c435,69e2583b00000000230211ea,失败|抢救者,失败,抢救者,我再说一遍，崩溃的是设计师，程序员只管写入程序[微笑R],-1,8
69e9956e000000001401e428,69e2583b00000000230211ea,失败|抢救者,失败,抢救者,当人类为算法和机械流泪的时候，算法便有了灵魂机械有了生命,0,0
69eaf1c6000000001401c426,69e2583b00000000230211ea,失败|抢救者,失败,抢救者,他绝对没认真测试，这个起跑场景应该第一个就要测试的吧[笑哭R],-1,0
69eb7b110000000029036e61,69e2583b00000000230211ea,失败|抢救者,失败,抢救者,代码保留了就行,3,3
69e7bfb30000000014019c09,69e2583b00000000230211ea,失败|抢救者,失败,抢救者,这一年没有测试过减速带障碍？天天打王者？,-1,4
69e80550000000001401c000,69e2583b00000000230211ea,失败|抢救者,失败,抢救者,这是机器人不是汽车啊 为什么要有减速带？,0,0
69e8151b000000001401900e,69e2583b00000000230211ea,失败|抢救者,失败,抢救者,真无语，我们真金白银的机器人投资人的钱都没心疼，你在这里心疼起来了哈哈哈哈哈,-1,3
69e81977000000001401b812,69e2583b00000000230211ea,失败|抢救者,失败,抢救者,只能怪自己学艺不精，进步的路上总是充满失败,-1,3
69e82172000000001401e412,69e2583b00000000230211ea,失败|抢救者,失败,抢救者,这种障碍不难测试吧？,-1,2
69e8282e000000001401c01d,69e2583b00000000230211ea,失败|抢救者,失败,抢救者,程序员心态个毛线，只会觉得软件还有调试空间。心态的是结构工程师[笑哭R],8,8
69e850a4000000001401cc14,69e2583b00000000230211ea,失败|抢救者,失败,抢救者,不会心碎，只会觉得丢脸!,2,2
69e85620000000001401dc14,69e2583b00000000230211ea,失败|抢救者,失败,抢救者,心碎？来不及心碎得想着解释，搞不好工作都没了[笑哭R],2,2
69e87f2a000000001401c834,69e2583b00000000230211ea,失败|抢救者,失败,抢救者,程序员有什么好心疼的？这个机器人摔之前，无数的机器人已经摔过无数遍了。,0,0
69e90dff000000001401e004,69e2583b00000000230211ea,失败|抢救者,失败,抢救者,心疼啥，这玩意坏了怎么了又不用他负责，换个件罢了，好比你开汽车外观划坏了你直接换一辆新车吗[笑哭R]你应该心疼那些投钱的人,-1,15
69e91d5b000000001401c407,69e2583b00000000230211ea,失败|抢救者,失败,抢救者,程序员心碎啥?,-1,2
69e98cc30000000014018c15,69e2583b00000000230211ea,失败|抢救者,失败,抢救者,机器人走路不测试障碍，台阶？坑？这不是最基本的？你教小朋友走路也会迈台阶吧,0,0
69e990b2000000001401c819,69e2583b00000000230211ea,失败|抢救者,失败,抢救者,有什么好同情的，设计成这样，拿出来不是丢人的吗？,-1,0
69e9c0d8000000001401d405,69e2583b00000000230211ea,失败|抢救者,失败,抢救者,那他拿这种破烂来赚你的钱你就不会心碎吗,2,2
69eab655000000001401c80f,69e2583b00000000230211ea,失败|抢救者,失败,抢救者,摔倒了没关系，毕竟学步有阶段性，但这么点摔倒能摔稀碎，这质量堪忧啊,2,2
69eb55480000000027021d09,69e2583b00000000230211ea,失败|抢救者,失败,抢救者,可是他做的是个垃圾啊,9,9
69e97812000000001401b000,69e2583b00000000230211ea,失败|抢救者,失败,抢救者,这要是上战场，都不用给它一枪，扔个石头过去就坏了,-1,5
69e3bdc5000000001401e804,69e2583b00000000230211ea,失败|抢救者,失败,抢救者,这绝对不是春晚的机器人[捂脸R][捂脸R][捂脸R][捂脸R][笑哭R][笑哭R][笑哭R],15,15
69e43d0e0000000014019418,69e2583b00000000230211ea,失败|抢救者,失败,抢救者,我拼装的玩具车都不会摔一下就碎,-1,2
69e46577000000001401b817,69e2583b00000000230211ea,失败|抢救者,失败,抢救者,这肯定不是中国的机器人,0,0
69e46fe3000000001401b825,69e2583b00000000230211ea,失败|抢救者,失败,抢救者,机器人：超级拆解,-1,0
69e49380000000001401c41a,69e2583b00000000230211ea,失败|抢救者,失败,抢救者,这一摔堪比苏联🆘,2,2
69e7878e000000001401c80e,69e2583b00000000230211ea,失败|抢救者,失败,抢救者,这可不是假的，被胶带绊倒了,2,2
69e7a528000000001401b014,69e2583b00000000230211ea,失败|抢救者,失败,抢救者,这玩意还能上担架,6,6
69e8476e000000001401e018,69e2583b00000000230211ea,失败|抢救者,失败,抢救者,就是中国的哈哈哈现在知道啥技术了吧[笑哭R][笑哭R],-1,0
69e849a8000000001401d807,69e2583b00000000230211ea,失败|抢救者,失败,抢救者,"未来は変えられ、良くも悪くも変えられる。これらを決めるのは、あなた自身です。たとえ悲しみや過ちが再び起こっても、それを乗り越え、次の世代に素晴らしい未来を残せばよいのです。命は限界があるからこそ、人々は死を恐れ、苦しみに苦しみ、悲しみや過ちが生じるのです。             命に限りがあるがゆえに、人は死を恐れ、苦しみ、そして悲しみと過ちを生む。
だから新たな悲しみと過ちを生まないために、私はこのすべてを幸福の中で止めよう。
それが決して滅びることのない永遠の命なのだ。",-1,0
69e9100c000000001401e406,69e2583b00000000230211ea,失败|抢救者,失败,抢救者,春晚的机器人上场也一样！这次机器人半马，每一个机器人都是经历过无数次摔倒，包括第一名冠军也是，距离终点10多米再次摔倒，一群人抬担架过去，把它立起来，没摔碎，重新调整一下，还能跑，拿了冠军！。      说白就看谁家的结实耐摔，谁家工作人员及时上去为机器人服务（降温，润滑，扶起来）到位！,15,15
69e91b19000000001401e400,69e2583b00000000230211ea,失败|抢救者,失败,抢救者,但是只是再春晚播出的时候没出问题[笑哭R][笑哭R][笑哭R][笑哭R][捂脸R][捂脸R][捂脸R],15,15
69e46f2c000000001401a41a,69e2583b00000000230211ea,失败|抢救者,失败,抢救者,一个玩具车才多重，你猜这个机器人为啥要要俩人抬,0,0
69e47b7b000000001401b801,69e2583b00000000230211ea,失败|抢救者,失败,抢救者,不是中国的还能是美国的啊,-1,0
69e485ec000000001401a800,69e2583b00000000230211ea,失败|抢救者,失败,抢救者,那机器人需要很重吗？重要的是控制芯片，顶多再有点液压系统，和金属支架，其他覆盖件越轻越省电，又不需要纯金属来打架,-1,13
69e851d4000000001401e02d,69e2583b00000000230211ea,失败|抢救者,失败,抢救者,你是日本人吗？,-1,0
69e852d8000000001401dc27,69e2583b00000000230211ea,失败|抢救者,失败,抢救者,但是你们的矮市秧苗总统并不如此觉得[抠鼻R][抠鼻R][抠鼻R][抠鼻R],-1,-1
69e2f5010000000014019417,69e2583b00000000230211ea,失败|抢救者,失败,抢救者,这个我觉得是真实视频，因为看见过其他视角的。这跟机器人材质和重量有关吧，我觉得这个程度摔一下还是可能会碎的,0,0
69e2f557000000001401bc28,69e2583b00000000230211ea,失败|抢救者,失败,抢救者,材质不一样,9,9
69e2f64d000000001401ac26,69e2583b00000000230211ea,失败|抢救者,失败,抢救者,这机器人就是靠3d打印出来的零件[抠鼻R][抠鼻R][抠鼻R]所以这脆,9,9
69e2f6cf0000000014018c16,69e2583b00000000230211ea,失败|抢救者,失败,抢救者,机器人就是很脆弱的，之前就是有一个科技馆有悬浮机器人表演，结果机器出故障了机器人直接摔成渣了,0,0
69e2f9fa000000001401a40c,69e2583b00000000230211ea,失败|抢救者,失败,抢救者,一个是重，一个是零件多，还有就是摔了一跤但是电机还在疯狂转[笑哭R],-1,13
69e2fd670000000014019811,69e2583b00000000230211ea,失败|抢救者,失败,抢救者,听说一个人抬不动才这样的。不过整成担架也确实有点幽默感，跟真人一样[大笑R]可能是特意这么设计的环节?,6,6
69e30429000000001401a01a,69e2583b00000000230211ea,失败|抢救者,失败,抢救者,用担架确实有点搞笑了，但是我觉得不像是AI视频[捂脸R] 担架可能是节目效果，同时也方便搬运了，不然不好拿,6,6
69e304f7000000001401dc08,69e2583b00000000230211ea,失败|抢救者,失败,抢救者,真的啊，并且测试赛的时候好像也是它摔倒了，然后突发恶疾零件散落一地[偷笑R],2,2
69e305fa000000001401c829,69e2583b00000000230211ea,失败|抢救者,失败,抢救者,小作坊出品，甚至可能还是一群学生做的,-1,0
69e30912000000001401dc18,69e2583b00000000230211ea,失败|抢救者,失败,抢救者,不用怀疑，就是 ai,8,8
69e30921000000001401d41a,69e2583b00000000230211ea,失败|抢救者,失败,抢救者,感觉是真的，因为这已经不是第一个了在这个比赛上牺牲的机器人了[捂脸R],0,0
69e30a5e0000000014019823,69e2583b00000000230211ea,失败|抢救者,失败,抢救者,早上刷到了另一个角度的，是真的摔的七零八落的[笑哭R],2,2
69e30aaf000000001401e013,69e2583b00000000230211ea,失败|抢救者,失败,抢救者,是的，好像上海的,-1,1
69e317da000000001401e419,69e2583b00000000230211ea,失败|抢救者,失败,抢救者,因为脆，如果太重耗能太大,9,9
69e31b11000000001401d43f,69e2583b00000000230211ea,失败|抢救者,失败,抢救者,他赛道是沙石赛道,5,5
69e37122000000001401bc12,69e2583b00000000230211ea,失败|抢救者,失败,抢救者,都是脆弱的零部件，并不是钢铁的，钢铁的太重，运行的话，需要能量太大。,-1,9
69e78178000000001401cc25,69e2583b00000000230211ea,失败|抢救者,失败,抢救者,为了追求速度所以材料选的是那种轻的 不抗摔,-1,9
69e787bc000000001401c042,69e2583b00000000230211ea,失败|抢救者,失败,抢救者,这不是AI，我当时就站在旁边,8,8
69e7a4b5000000001401d81b,69e2583b00000000230211ea,失败|抢救者,失败,抢救者,这个重一百多斤电池都几十斤好多配件为减重用的塑料，把你家电脑之类重电器从两米高摔下就知道后果了，小的玩具轻没事你如果橡胶的玩具从1百层丢下也没问题,-1,5
69e7bff0000000001401a00a,69e2583b00000000230211ea,失败|抢救者,失败,抢救者,请问下那这是啥，也是ai吗,8,8
69e7eefb0000000014019802,69e2583b00000000230211ea,失败|抢救者,失败,抢救者,有好几个角度的[笑哭R]应该不是AI,8,8
69e80943000000001401c80c,69e2583b00000000230211ea,失败|抢救者,失败,抢救者,这明显就是小公司或者工作室做的，没钱开不起模，很多部件只能3D打印，连接强度不够。,3,3
69e2f586000000001401a403,69e2583b00000000230211ea,失败|抢救者,失败,抢救者,一看就质量不好，用的廉价材料,9,9
69e2f7fe000000001401c83f,69e2583b00000000230211ea,失败|抢救者,失败,抢救者,你的玩具啥重量 这个啥重量,5,5
69e2fac3000000001401bc33,69e2583b00000000230211ea,失败|抢救者,失败,抢救者,质量懂不懂，这个多重，多少小零件组成，你看那些车虽然速度不快，但是一撞碎一地[捂脸R],-1,9
69e2fced0000000014019016,69e2583b00000000230211ea,失败|抢救者,失败,抢救者,主要为什么要拿担架架机器人，又不是人,0,0
69e2fe86000000001401a020,69e2583b00000000230211ea,失败|抢救者,失败,抢救者,有没可能试验品就是一堆塑料,-1,9
69e302f30000000014019409,69e2583b00000000230211ea,失败|抢救者,失败,抢救者,不真实啊，机器人摔坏了哪有用担架抬的？下一步是不是还得送医院了？[捂脸R]医院什么时候开发了修机器功能了？,0,0
69e303400000000014019c1f,69e2583b00000000230211ea,失败|抢救者,失败,抢救者,怎么可能不是ai？医院什么时候开通修机器服务了？[捂脸R],8,8
69e30833000000001401c419,69e2583b00000000230211ea,失败|抢救者,失败,抢救者,老鼠从楼上摔下去也没事儿，你扔个大象试试？,2,2
69e3245a000000001401d405,69e2583b00000000230211ea,失败|抢救者,失败,抢救者,你知道这家伙有多重嘛，一个成年男性搬不动，都是线圈，电机，金属疙瘩,-1,13
69e353960000000014019400,69e2583b00000000230211ea,失败|抢救者,失败,抢救者,碎成粉末？认真的吗,2,2
69e441d0000000001401c829,69e2583b00000000230211ea,失败|抢救者,失败,抢救者,人家是机器啊，能跟你比吗,0,0
69e2f03b000000001401cc2e,69e2583b00000000230211ea,失败|抢救者,失败,抢救者,真•输在起跑线上[失望R],-1,10
69e84ada000000001401bc1e,69e2583b00000000230211ea,失败|抢救者,失败,抢救者,挣扎的样子好心酸[石化R],-1,2
69eb5d800000000029024a2a,69e2583b00000000230211ea,失败|抢救者,失败,抢救者,就是被起跑线那个贴的绊了下脚[笑哭R],-1,10
69e813e80000000014018807,69e2583b00000000230211ea,失败|抢救者,失败,抢救者,这是没进行胎教，还是没上早教?,-1,3
69e9b607000000001401b024,69e2583b00000000230211ea,失败|抢救者,失败,抢救者,帽子好像我的,1,1
69e8bd48000000001401b807,69e2583b00000000230211ea,失败|抢救者,失败,抢救者,跑之前试的时候没有下面的减速带[捂脸R],-1,7
69e8ab7e000000001401a427,69e2583b00000000230211ea,失败|抢救者,失败,抢救者,哈哈哈哈哈哈哈哈哈哈哈，大家都这样的,1,1
69e84a85000000001401c41c,69e2583b00000000230211ea,失败|抢救者,失败,抢救者,自我大介绍,1,1
69e87c2b000000001401e436,69e2583b00000000230211ea,失败|抢救者,失败,抢救者,来参加也一样！。         专门用于跑得快的跑步机器人腿脚是弧形的设计,0,0
69e824e9000000001401cc1e,69e2583b00000000230211ea,失败|抢救者,失败,抢救者,hhhhh太搞笑了还把它掉落的碎片也捡上去[笑哭R],1,1
69e7a2a5000000001401e816,69e2583b00000000230211ea,失败|抢救者,失败,抢救者,他亩笑得我肚子疼？[黑薯问号R],1,1
69e475a2000000001401c80b,69e2583b00000000230211ea,失败|抢救者,失败,抢救者,哪个不是国产的[偷笑R],3,3
69e457980000000014019401,69e2583b00000000230211ea,失败|抢救者,失败,抢救者,重+零件多 摔了成这样很正常[笑哭R],-1,2
69e43dd5000000001401a41b,69e2583b00000000230211ea,失败|抢救者,失败,抢救者,别急，一会医生拿着药箱就出来了,7,7
69e78626000000001401c84a,69e2583b00000000230211ea,失败|抢救者,失败,抢救者,人道主义关怀[笑哭R],1,1
69e79a4c000000001401e419,69e2583b00000000230211ea,失败|抢救者,失败,抢救者,还有救护车统一运输,7,7
69e3a2cc000000002d021c70,69e2583b00000000230211ea,失败|抢救者,失败,抢救者,怎么上来就碎成零件儿了[笑哭R][笑哭R][笑哭R][笑哭R],2,2
69e31811000000001401e02d,69e2583b00000000230211ea,失败|抢救者,失败,抢救者,都碎成渣了，能不当场去世吗[捂脸R],2,2
69e30cbb000000001401e821,69e2583b00000000230211ea,失败|抢救者,失败,抢救者,粉碎性粉身碎骨[笑哭R][笑哭R],2,2
69e320dd0000000014018820,69e2583b00000000230211ea,失败|抢救者,失败,抢救者,东一块，西一块，你一块，我一块[笑哭R],2,2
69e342d5000000001401902e,69e2583b00000000230211ea,失败|抢救者,失败,抢救者,差点儿自爆了[笑哭R],-1,12
69e7a44d000000002b037444,69e2583b00000000230211ea,失败|抢救者,失败,抢救者,这怕不止是骨折,-1,6
69e47651000000001401ac15,69e2583b00000000230211ea,失败|抢救者,失败,抢救者,原视频指个路呗,1,1
69e30b830000000014018c1c,69e2583b00000000230211ea,失败|抢救者,失败,抢救者,一点AI的味道都没看出来。刷到过其他角度的视频，确实爆装备了,11,11
69e30add000000001401d834,69e2583b00000000230211ea,失败|抢救者,失败,抢救者,[doge]先把那些楼梯都不会上的筛掉,-1,15
69e30b3d000000001401a401,69e2583b00000000230211ea,失败|抢救者,失败,抢救者,里面是电线 怕踩坏了,-1,13
69e327f3000000001401b811,69e2583b00000000230211ea,失败|抢救者,失败,抢救者,这个和中考体育那种差不多吧 应该是机器人身上带芯片 底下这个是用来感应芯片测速度时间用的,-1,0
69e3536b000000002b03193f,69e2583b00000000230211ea,失败|抢救者,失败,抢救者,"If the robot can't pass the speed bump test, it should be disqualified early. So it's the first test.",-1,4
69eb09d1000000001401a411,69e2583b00000000230211ea,失败|抢救者,失败,抢救者,我跑过马拉松，这个你说的减速带是用来检测身上的计时芯片的，每隔一段路程就会有这样的东西，为了防止抄近道作弊,-1,0
69e30b300000000014018c13,69e2583b00000000230211ea,失败|抢救者,失败,抢救者,有没可能是本来就有的减速带？,-1,13
69e308d5000000001401d82b,69e2583b00000000230211ea,失败|抢救者,失败,抢救者,机器人跑步未半而中道崩阻[doge][doge][doge],0,0
69e306e5000000001401a802,69e2583b00000000230211ea,失败|抢救者,失败,抢救者,"因为是AI,[doge]上面还一堆说不是ai的",8,8
69e30812000000001401b833,69e2583b00000000230211ea,失败|抢救者,失败,抢救者,你就说视频中的机器人,0,0
69e3099e0000000014019401,69e2583b00000000230211ea,失败|抢救者,失败,抢救者,[doge][doge]他开心就好，网上不用较真,1,1
69e30af4000000001401a413,69e2583b00000000230211ea,失败|抢救者,失败,抢救者,就是ai，这个原视频我看过，只是摔倒了，没有碎那么多,8,8
69e32d07000000001401d428,69e2583b00000000230211ea,失败|抢救者,失败,抢救者,有原视频指路吗,1,1
69e31440000000001401a032,69e2583b00000000230211ea,失败|抢救者,失败,抢救者,笑死我了好像摆烂了,-1,2
69e2f7d7000000001401dc34,69e2583b00000000230211ea,失败|抢救者,失败,抢救者,看了一圈，只有你是正常的,1,1
69e2eda4000000001401dc01,69e2583b00000000230211ea,失败|抢救者,失败,抢救者,印度人会感觉自己又行了,-1,-1
69e2f0de000000001401e81b,69e2583b00000000230211ea,失败|抢救者,失败,抢救者,这个机器人倒地的时候是屁股朝上吗,0,0
69e2f2e0000000001401b000,69e2583b00000000230211ea,失败|抢救者,失败,抢救者,论视觉效果，这真的比印度都差，论视觉效果。视觉效果。效果。,8,8
69e2f29a000000001401a014,69e2583b00000000230211ea,失败|抢救者,失败,抢救者,马拉松都有这个，记时用的,-1,4
69e2ec87000000001401d835,69e2583b00000000230211ea,失败|抢救者,失败,抢救者,连这个都过不去就别出来了,-1,4
69e2f3b3000000001401dc3c,69e2583b00000000230211ea,失败|抢救者,失败,抢救者,别嘲笑他，霍金在世的时候可没嘲笑人工智能,-1,1
69e87b2d000000001401d82f,69e2583b00000000230211ea,失败|抢救者,失败,抢救者,不止吧，20多万一120多万,-1,14
69e3050e000000001401a409,69e2583b00000000230211ea,失败|抢救者,失败,抢救者,十多万指摔一下一地渣吗,2,2
69e2f656000000002a031149,69e2583b00000000230211ea,失败|抢救者,失败,抢救者,轮不到外媒，我们自己都快笑死了[笑哭R],-1,0
69e2f818000000001401bc22,69e2583b00000000230211ea,失败|抢救者,失败,抢救者,战忽局发力了,-1,-1
69e2f979000000001401e41a,69e2583b00000000230211ea,失败|抢救者,失败,抢救者,摔了就摔了呗[doge]起步阶段摔几个不是很正常，况且又不是只有这一家,2,2
69e2f9ef000000001401cc1c,69e2583b00000000230211ea,失败|抢救者,失败,抢救者,这都是来时路，自信点,1,1
69e2fdf8000000001401a006,69e2583b00000000230211ea,失败|抢救者,失败,抢救者,文章：它做成了文章，我咋处理？,-1,0
69e300f8000000001401dc08,69e2583b00000000230211ea,失败|抢救者,失败,抢救者,那最好了，他们继续看，我们继续干,1,1
69e304340000000014019c17,69e2583b00000000230211ea,失败|抢救者,失败,抢救者,人家不做文章,-1,4
69e3053f000000001401c034,69e2583b00000000230211ea,失败|抢救者,失败,抢救者,这种都是小作坊出品,-1,0
69e30bf0000000001401c005,69e2583b00000000230211ea,失败|抢救者,失败,抢救者,不是这个问题呀，一个机器人失败会被外媒解读成，全部机器人都失败，你要清楚外媒他的目的就是诋毁,0,0
69e2f9b1000000001401d427,69e2583b00000000230211ea,失败|抢救者,失败,抢救者,还用做文章吗,-1,6
69e2fc3a000000001401a02e,69e2583b00000000230211ea,失败|抢救者,失败,抢救者,做什么什么文章那么吓人,-1,12
69e300d20000000014018c0d,69e2583b00000000230211ea,失败|抢救者,失败,抢救者,承认失败很难受吗,-1,3
69e300ed000000001401941d,69e2583b00000000230211ea,失败|抢救者,失败,抢救者,就这还用人家做文章？,-1,6
69e30230000000001401c01e,69e2583b00000000230211ea,失败|抢救者,失败,抢救者,有视频还用做文章？,-1,6
69e3182c000000001401dc16,69e2583b00000000230211ea,失败|抢救者,失败,抢救者,你是否搜国产版变形金刚。[捂脸R]这种机器人未来不是纯粹为了散步跑步，还为了可以表演武术，甚至盲人陪伴。,0,0
69e3169d000000001401d83b,69e2583b00000000230211ea,失败|抢救者,失败,抢救者,我也觉得[流汗R]现在为什么致力于开发人形机器人，而不是注重它的功能性合和实用性呢？[看R],0,0
69e330bf000000001401dc20,69e2583b00000000230211ea,失败|抢救者,失败,抢救者,因为如果人形机器人也能跑那么快的话，说明你的科技已经达到了一个新高度，事实上，证明中国人形机器人一直处于世界领先,0,0
69e2fb86000000002b024ce5,69e2583b00000000230211ea,失败|抢救者,失败,抢救者,支持，人型真的好丑[石化R],0,0
69e45774000000001401a017,69e2583b00000000230211ea,失败|抢救者,失败,抢救者,搜搜轮足机器狗,0,0
69e453d00000000014018c0f,69e2583b00000000230211ea,失败|抢救者,失败,抢救者,大部分都是学校团队参加都是学生的作品比较多,-1,1
69e456c2000000001401e00a,69e2583b00000000230211ea,失败|抢救者,失败,抢救者,这玩意要是有思维，会不会首先干掉人类，占领地球[笑哭R],0,0
69e44127000000001401a819,69e2583b00000000230211ea,失败|抢救者,失败,抢救者,其实领导也知道骗补。那么为什么还要让补，匪夷所思,3,3
69e4424e0000000014019c20,69e2583b00000000230211ea,失败|抢救者,失败,抢救者,圈什么钱啊！好多都是高校的学生参加了！[笑哭R],-1,4
69e2fd16000000001401bc32,69e2583b00000000230211ea,失败|抢救者,失败,抢救者,那是宇树的成熟货架产品高级版，这个估计就是那个学校学生好的团队研发，差距大了去了,-1,3
69e302cd000000001401e409,69e2583b00000000230211ea,失败|抢救者,失败,抢救者,就跟考试一样。一个道路平台上开100万次日日夜夜的开，算法就非常完善，考试100分。但如果有块车辙，有块沥青补丁，它失衡了，它脚下没有传感器。只能不停的蹦跶找平衡点。哪怕倒了，腿🦵还是不断的蹦跶[doge]。这就是遥控玩具的乐趣。,5,5
69e30482000000001401a401,69e2583b00000000230211ea,失败|抢救者,失败,抢救者,那是固定程序啊[捂脸R]要是他的系统能自动判断和做动作，那人类离灭亡真不远了[doge],5,5
69e30483000000001401d842,69e2583b00000000230211ea,失败|抢救者,失败,抢救者,机器人不是只有一家公司在研究,0,0
69e307ee000000001401900d,69e2583b00000000230211ea,失败|抢救者,失败,抢救者,有很多机器人小公司也在尝试抢赛道的，小公司资金没那么足人才相对来说也没那么好，产品瑕疵和出错率概率挺大,-1,3
69e30900000000001401cc48,69e2583b00000000230211ea,失败|抢救者,失败,抢救者,现在机器人公司多的要死，宇树是顶级机器人公司，但那些小机器人公司的技术远远没有这么厉害，现在很多还在技术摸索阶段。,0,0
69e30a8d000000001401d420,69e2583b00000000230211ea,失败|抢救者,失败,抢救者,可以加陀螺仪之类的，感知倒地了，就别费劲了,2,2
69e2fc6f000000001401c021,69e2583b00000000230211ea,失败|抢救者,失败,抢救者,.你但凡多看点呢,1,1
69e2fec10000000014018c15,69e2583b00000000230211ea,失败|抢救者,失败,抢救者,那种高级机器人能让你随便见？,0,0
69e30845000000001401ac18,69e2583b00000000230211ea,失败|抢救者,失败,抢救者,你的成绩这么差，别人来一句，考清北的学生去哪了[偷笑R],-1,4
69e30a470000000014019418,69e2583b00000000230211ea,失败|抢救者,失败,抢救者,你在自己一个人待着的时候有没有思考过智力正常的人都去哪儿了？,-1,3
69e30ccd0000000014019033,69e2583b00000000230211ea,失败|抢救者,失败,抢救者,清华北大那么多学生，怎么你没去呀？[doge],-1,-1
69e81719000000001401e800,69e2583b00000000230211ea,失败|抢救者,失败,抢救者,现阶段确实是，但是以后就说不准了[偷笑R],1,1
69e2f5e9000000001401d41e,69e2583b00000000230211ea,失败|抢救者,失败,抢救者,就是高级的玩具。没有玩具有智商。现在网上那些小AI机器人。都能有情绪。这玩意儿。很容易让别人思想主义退化。,5,5
69e7a55b000000001401e007,69e2583b00000000230211ea,失败|抢救者,失败,抢救者,这也是个没用的危险的玩具有个机器人倒了摇控的人去扶被它乱踢踢到脸满脸是血那脚全铁的很危险,0,0
69e7bc030000000014019404,69e2583b00000000230211ea,失败|抢救者,失败,抢救者,等到它们拿枪的时候巴子就不会这么说了,-1,-1
69e78d31000000001401e82a,69e2583b00000000230211ea,失败|抢救者,失败,抢救者,尸体也得抬走呀[暗中观察R],6,6
69e7ad0e000000001401a80a,69e2583b00000000230211ea,失败|抢救者,失败,抢救者,机器人有个好处就是没坏的零件拆拆还能用[笑哭R],0,0
69e7c924000000001401a004,69e2583b00000000230211ea,失败|抢救者,失败,抢救者,出发关键词了,-1,11
69e30b51000000001401d839,69e2583b00000000230211ea,失败|抢救者,失败,抢救者,国外的机器人就是厉害，还会挂国内ip发评论带节奏[笑哭R],0,0
69e45feb000000001401c81c,69e2583b00000000230211ea,失败|抢救者,失败,抢救者,我去！震撼首发！,-1,-1
69e2ff80000000001401c00e,69e2583b00000000230211ea,失败|抢救者,失败,抢救者,还不如AI的摆拍。[吧唧R],8,8
69e2f812000000001401d81d,69e2583b00000000230211ea,失败|抢救者,失败,抢救者,机器人别串,0,0
69e45666000000001401d80d,69e2583b00000000230211ea,失败|抢救者,失败,抢救者,为了响应速度关节电机的扭矩超过机身材料强度了,9,9
69e305c2000000001401dc3d,69e2583b00000000230211ea,失败|抢救者,失败,抢救者,3d打印的塑料，当然脆[吧唧R],9,9
69e595bc000000001401e014,69e2583b00000000230211ea,失败|抢救者,失败,抢救者,这个关节扭力太大了,-1,9
69e2f7c0000000001401e821,69e2583b00000000230211ea,失败|抢救者,失败,抢救者,都是骗补贴的，参加这个就是给领导一个交代[捂脸R],3,3
69e2f71d000000001401ac14,69e2583b00000000230211ea,失败|抢救者,失败,抢救者,看一个视频就搁这叫，但凡你多去了解一点呢[捂脸R],1,1
69e2f761000000001401b00c,69e2583b00000000230211ea,失败|抢救者,失败,抢救者,一口一中国，你不是中国人？自信点不行？,-1,0
69e2fd24000000001401dc22,69e2583b00000000230211ea,失败|抢救者,失败,抢救者,活在你自己的世界中，你开心就好,1,1
69e2fd91000000001401cc0e,69e2583b00000000230211ea,失败|抢救者,失败,抢救者,🍠上面怎么这么多神人,-1,8
69e305b20000000014019c39,69e2583b00000000230211ea,失败|抢救者,失败,抢救者,我不正常，我觉得是实拍,1,1
69e305ad000000001401cc40,69e2583b00000000230211ea,失败|抢救者,失败,抢救者,有其他视角的视频哦[捂脸R],1,1
69e2fb2e0000000014018c06,69e2583b00000000230211ea,失败|抢救者,失败,抢救者,有没有可能不是人形的我们叫机器狗或者就叫机器,0,0
69e2fb87000000001401d410,69e2583b00000000230211ea,失败|抢救者,失败,抢救者,曾经有个做机器人的人，坚信机器人不用做人形的，但是客户一直找他做人形的。后面他发现市场就喜欢这玩意。这个人叫王兴兴。,0,0
69e2f9ff0000000014018c04,69e2583b00000000230211ea,失败|抢救者,失败,抢救者,阁下对波士顿动力是怎么看的？,-1,0
69e2fa9f000000001401a003,69e2583b00000000230211ea,失败|抢救者,失败,抢救者,太阳旗下不用脑子。,-1,0
69e2fb0b000000001401b007,69e2583b00000000230211ea,失败|抢救者,失败,抢救者,你还想碰瓷波士顿动力？波士顿动力的机器人是走两步就摔地上碎了么,0,0
69e81faf0000000014019009,69e2583b00000000230211ea,失败|抢救者,失败,抢救者,这是其中一个公司的机器人，人家也没让这个机器人去照顾老人取快递啊，现在还只是在研发阶段[微笑R][微笑R],0,0
69e822800000000014019c02,69e2583b00000000230211ea,失败|抢救者,失败,抢救者,人家不是说了是未来吗[doge]，未来是肯定的。前阵去常州第一人民医院参观学习，他们弄了两个机器人在那当导医。,0,0
69e83d93000000001401b808,69e2583b00000000230211ea,失败|抢救者,失败,抢救者,产业前期啊[捂脸R]这才发展两年可以理解吧，就像当初谁能想到互联网发展到出门不用带钱包，什么东西都能网上买，机器人公司也有差生，好学生就是上春晚的那个宇树，多给点耐心吧,-1,15
69e855f7000000001401c41f,69e2583b00000000230211ea,失败|抢救者,失败,抢救者,你买吧，拿遥控器跟在后面取快递,5,5
69e30a24000000001401d439,69e2583b00000000230211ea,失败|抢救者,失败,抢救者,非常清醒,1,1
69e3085a0000000014018814,69e2583b00000000230211ea,失败|抢救者,失败,抢救者,人家搞机器人让你看吗？你只看到了人家成熟产品，研发阶段有很多更离谱的东西，科学的道路都是一步一步走来的，宇树也一样。,-1,3
69e30978000000001401e02d,69e2583b00000000230211ea,失败|抢救者,失败,抢救者,为什么不成的产品那么着急拿出来呢？是为了骗补贴还是想割韭菜？,3,3
69e30c70000000001401c400,69e2583b00000000230211ea,失败|抢救者,失败,抢救者,哪拿出来卖了？你在哪看到这摔碎的机器人上了货架？,0,0
69e30c70000000001401cc19,69e2583b00000000230211ea,失败|抢救者,失败,抢救者,这马拉松不就是测试吗[抠鼻R],4,4
69e9f0b7000000001401b012,69e2583b00000000230211ea,失败|抢救者,失败,抢救者,像极了到了ddl，又不得不上场的我[doge],1,1
69e9f5b00000000014019400,69e2583b00000000230211ea,失败|抢救者,失败,抢救者,自杀式起跑,-1,0
69e9a36a0000000014018c04,69e2583b00000000230211ea,失败|抢救者,失败,抢救者,哈哈哈哈哈哈哈光速结束战斗！,10,10
69e99d47000000001401ac00,69e2583b00000000230211ea,失败|抢救者,失败,抢救者,好心酸，像我的人生[泪崩R][泪崩R],1,1
69e9ec01000000001401cc1f,69e2583b00000000230211ea,失败|抢救者,失败,抢救者,还没开始就已经倒下了,10,10
69e9ecc5000000001401e81a,69e2583b00000000230211ea,失败|抢救者,失败,抢救者,嘎巴一下死那了,2,2
69e952e2000000001401e409,69e2583b00000000230211ea,失败|抢救者,失败,抢救者,偷两件回去卖钱[黄金薯R],-1,14
69e8b614000000001401d845,69e2583b00000000230211ea,失败|抢救者,失败,抢救者,好恐怖！怎么这么脆弱离我远点,-1,0
69e8bf070000000014019410,69e2583b00000000230211ea,失败|抢救者,失败,抢救者,留个全尸吧,-1,-1
69e9add2000000001401b012,69e2583b00000000230211ea,失败|抢救者,失败,抢救者,我跑完八百没散架 说明我比机器人厉害,0,0
69e880d7000000001401ac08,69e2583b00000000230211ea,失败|抢救者,失败,抢救者,没绷住  开局爆一地,11,11
69e845b00000000014019c12,69e2583b00000000230211ea,失败|抢救者,失败,抢救者,增加四个就业人口[派对R],-1,0
69e870a9000000001401b817,69e2583b00000000230211ea,失败|抢救者,失败,抢救者,刚出发就开始爆装备了,11,11
69eb85a0000000002803aa1d,69e2583b00000000230211ea,失败|抢救者,失败,抢救者,怎么突然暴毙了,10,10
69ec42640000000028038c6e,69e2583b00000000230211ea,失败|抢救者,失败,抢救者,我们物理卷子有这个题,-1,-1
69e7914b000000001401c814,69e2583b00000000230211ea,失败|抢救者,失败,抢救者,这是我看过最菜的一个了,-1,4
69e4b687000000001401cc05,69e2583b00000000230211ea,失败|抢救者,失败,抢救者,多做点这种机器人……不知道到底谁像个傻子……,0,0
69e49259000000001401d835,69e2583b00000000230211ea,失败|抢救者,失败,抢救者,wok跟ai一样,8,8
69e34e5a000000001401e429,69e2583b00000000230211ea,失败|抢救者,失败,抢救者,以后跑步我就这样糊弄老师,4,4
69e3803e000000001401cc0e,69e2583b00000000230211ea,失败|抢救者,失败,抢救者,太好了，原来是教程,1,1
69e33501000000001401e017,69e2583b00000000230211ea,失败|抢救者,失败,抢救者,我感觉我已经把它当人了，所以看见这种画面就觉得很恐怖,-1,0
69e30a4c000000001401dc07,69e2583b00000000230211ea,失败|抢救者,失败,抢救者,开始即结束的程度,10,10
69e307dc000000001401d428,69e2583b00000000230211ea,失败|抢救者,失败,抢救者,卧槽我笑的好崩溃[爆炸R],1,1
69e49195000000001401c825,69db34bb000000001a0348ae,失败|抢救者,失败,抢救者,好像拿扫把扫比较快了[完啦R],6,6
69e492270000000014018c16,69db34bb000000001a0348ae,失败|抢救者,失败,抢救者,粉碎性骨折啊这是,-1,2
69e4931d000000001401a40f,69db34bb000000001a0348ae,失败|抢救者,失败,抢救者,这个应该更需要扫帚和簸萁,6,6
69e49389000000001401902b,69db34bb000000001a0348ae,失败|抢救者,失败,抢救者,嘎嘣一下享福去了[完啦R][完啦R],1,1
69e49600000000001401881d,69db34bb000000001a0348ae,失败|抢救者,失败,抢救者,到底发明出来什么东西了这素,-1,0
69e4ca30000000001401dc24,69db34bb000000001a0348ae,失败|抢救者,失败,抢救者,一边摊煎饼一边救机器人[偷笑R],7,7
69e5885a000000001401d80d,69db34bb000000001a0348ae,失败|抢救者,失败,抢救者,好诡异hhhhhhh,1,1
69e5a740000000001401cc16,69db34bb000000001a0348ae,失败|抢救者,失败,抢救者,那确实很需要担架了,6,6
69e5c47f000000001401b028,69db34bb000000001a0348ae,失败|抢救者,失败,抢救者,到时候机器人有意识第一个弄你,0,0
69e61998000000001401c024,69db34bb000000001a0348ae,失败|抢救者,失败,抢救者,我之前看到一个男的脸被跳舞的机器人扇破。太吓人了我怕这种机器人,0,0
69e75c4b000000001401d42e,69db34bb000000001a0348ae,失败|抢救者,失败,抢救者,哈哈哈哈哈好苦命的机器人！,0,0
69eb2a36000000001401e411,69db34bb000000001a0348ae,失败|抢救者,失败,抢救者,这个怎么这么严重，看着好惨,-1,2
69e587ff000000001401a41d,69db34bb000000001a0348ae,失败|抢救者,失败,抢救者,哈哈，这个比赛可好了，看科技进步的同时看乐子，机器哥姐明年别再粉碎性骨折了[捂脸R][捂脸R],0,0
69e6383d000000001401e806,69db34bb000000001a0348ae,失败|抢救者,失败,抢救者,[生气R]他们都说发明机器人是用来给人类抬担架的，怎么反而要人类用担架抬他们了,0,0
69dc9bee000000000d034265,69db34bb000000001a0348ae,失败|抢救者,失败,抢救者,服了我以为是无人驾驶救护车。。。。,7,7
69dc9daf000000001500623d,69db34bb000000001a0348ae,失败|抢救者,失败,抢救者,我以为是机器人开救护车来救人,7,7
69dcbb4d0000000016017e2f,69db34bb000000001a0348ae,失败|抢救者,失败,抢救者,啥意思呀，咋没看懂😳,-1,13
69dcbd84000000000d03e187,69db34bb000000001a0348ae,失败|抢救者,失败,抢救者,机文关怀,0,0
69dcc62a000000000202996e,69db34bb000000001a0348ae,失败|抢救者,失败,抢救者,下电是啥意思,13,13
69dce32d0000000035011c27,69db34bb000000001a0348ae,失败|抢救者,失败,抢救者,哈哈哈哈哈哈充电桩解决不了吗,-1,13
69df992f0000000035009cae,69db34bb000000001a0348ae,失败|抢救者,失败,抢救者,就业新方向[doge],-1,0
69dc99d3000000000d0360e5,69db34bb000000001a0348ae,失败|抢救者,失败,抢救者,纯纯浪费资源,-1,-1
69dcb9ba000000003502bd8e,69db34bb000000001a0348ae,失败|抢救者,失败,抢救者,卧槽我真不行了吧[黄金薯R],-1,13
69dcc4000000000035029b4b,69db34bb000000001a0348ae,失败|抢救者,失败,抢救者,是的 看到机器人被抬到担架上那一幕又懵逼又好笑[呃R][呃R][呃R],0,0
69dcc6a6000000003501cdd4,69db34bb000000001a0348ae,失败|抢救者,失败,抢救者,我还在想，哪里这么高级了,-1,4
69dcc91d000000000103fd17,69db34bb000000001a0348ae,失败|抢救者,失败,抢救者,说不定下届就是了,-1,1
69dcd51e00000000350292e1,69db34bb000000001a0348ae,失败|抢救者,失败,抢救者,我也是，我还说讲案例的时候融入进去[捂脸R][捂脸R][捂脸R],1,1
69dd021c0000000002035b46,69db34bb000000001a0348ae,失败|抢救者,失败,抢救者,哈哈哈哈哈之前是救人车改一改给机器人用[黄金薯R],7,7
69df2208000000000d03dca7,69db34bb000000001a0348ae,失败|抢救者,失败,抢救者,我还在想象机器人做心肺复苏。。。,7,7
69e32f47000000001401b024,69db34bb000000001a0348ae,失败|抢救者,失败,抢救者,很快就实现了[doge],1,1
69dcb0b900000000350151ec,69db34bb000000001a0348ae,失败|抢救者,失败,抢救者,估计有专门抬机器人的机器人，你可以去抬坏了的抬机器人的机器人,0,0
69dcc78b000000000d03e2eb,69db34bb000000001a0348ae,失败|抢救者,失败,抢救者,会被机器人取代,0,0
69dcc8d90000000035018c3b,69db34bb000000001a0348ae,失败|抢救者,失败,抢救者,我可以抢救机器人,7,7
69dce21f000000000d03603c,69db34bb000000001a0348ae,失败|抢救者,失败,抢救者,我立刻健身，以后还能抬机器人,0,0
69dce51d000000000103fad4,69db34bb000000001a0348ae,失败|抢救者,失败,抢救者,从今天开始锻炼身体，准备抬机器人[派对R],0,0
69dd05b3000000003501bad1,69db34bb000000001a0348ae,失败|抢救者,失败,抢救者,哈哈哈哈哈 可以开辟一个机器人服务业,0,0
69ddcbf700000000010064b5,69db34bb000000001a0348ae,失败|抢救者,失败,抢救者,还嫌这个世界不够乱是么[呃R],-1,14
69df260900000000350160c3,69db34bb000000001a0348ae,失败|抢救者,失败,抢救者,不然搬不动是吧[棒R],6,6
69e4aa0d000000001401b00a,69db34bb000000001a0348ae,失败|抢救者,失败,抢救者,这个工作我接了。,-1,13
69dcde4a00000000350232d8,69db34bb000000001a0348ae,失败|抢救者,失败,抢救者,你该不会以为谁都能去吧？这种也要卡专业卡年龄的,-1,7
69dccc680000000035016842,69db34bb000000001a0348ae,失败|抢救者,失败,抢救者,扔到河北去,-1,-1
69dce7910000000016016136,69db34bb000000001a0348ae,失败|抢救者,失败,抢救者,这里也有同学,-1,15
69ddb0e0000000000103c225,69db34bb000000001a0348ae,失败|抢救者,失败,抢救者,打开转转[doge],-1,12
69def67400000000350130bb,69db34bb000000001a0348ae,失败|抢救者,失败,抢救者,机器人老了怎门办！,0,0
69e491a9000000001401901d,69db34bb000000001a0348ae,失败|抢救者,失败,抢救者,lets团建[doge],1,1
69e4bddb000000001401d802,69db34bb000000001a0348ae,失败|抢救者,失败,抢救者,放转zhuan回收了[偷笑R],-1,7
69ddbd8d000000000103e0e0,69db34bb000000001a0348ae,失败|抢救者,失败,抢救者,不会产生医闹了[笑哭R],-1,7
69e457ff000000001401e400,69db34bb000000001a0348ae,失败|抢救者,失败,抢救者,可能类似儿科，碳基家长很难缠[笑哭R],-1,0
69ddb12c000000003500b6d8,69db34bb000000001a0348ae,失败|抢救者,失败,抢救者,二手机器人换不锈钢脸盆[doge],0,0
69dcc0e300000000020370f0,69db34bb000000001a0348ae,失败|抢救者,失败,抢救者,娱乐大家也是他的作用,1,1
69e4c6dd000000001401d426,69db34bb000000001a0348ae,失败|抢救者,失败,抢救者,是你只知道他会跳舞[捂脸R],-1,15
69e5aa5a0000000014018c02,69db34bb000000001a0348ae,失败|抢救者,失败,抢救者,你刚生下来就会跑步了吗，不都是一点一点积累慢慢学会的么，他们今年已经不需要人跟着跑了,4,4
69dcaed50000000015005208,69db34bb000000001a0348ae,失败|抢救者,失败,抢救者,修机器人的也是一个非常大的市场[doge],0,0
69dcb05f00000000160158f1,69db34bb000000001a0348ae,失败|抢救者,失败,抢救者,机器人补漆,0,0
69e588a3000000001401ac16,69db34bb000000001a0348ae,失败|抢救者,失败,抢救者,机器人婴幼儿时期啊，肯定需要人类爸爸妈妈照顾和救护，等孩子们长大再给我们养老[大笑R][大笑R][大笑R],0,0
69ddbc0a000000003502d307,69db34bb000000001a0348ae,失败|抢救者,失败,抢救者,给我这个电子信息类的人看笑了[笑哭R],1,1
69dcbee900000000150082c9,69db34bb000000001a0348ae,失败|抢救者,失败,抢救者,也出现我首页了！！,1,1
69dcc1fc0000000014008c26,69db34bb000000001a0348ae,失败|抢救者,失败,抢救者,机器人素质就是好，倒头就能睡,0,0
69dcde8800000000150007fa,69db34bb000000001a0348ae,失败|抢救者,失败,抢救者,害怕，太过于赛博朋克了,-1,1
69dcbd1d000000001500436b,69db34bb000000001a0348ae,失败|抢救者,失败,抢救者,是说怎么我每次通勤完就燃尽了呢,-1,4
69dccea10000000014009009,69db34bb000000001a0348ae,失败|抢救者,失败,抢救者,啊，人救机器人[石化R],7,7
69dcf9d1000000000202a682,69db34bb000000001a0348ae,失败|抢救者,失败,抢救者,车上常备的会是五金店吗？[呃R],-1,13
69ddc8dc000000001500a1fa,69db34bb000000001a0348ae,失败|抢救者,失败,抢救者,哈哈哈高精尖仪器,0,0
69dd0edd000000001500234d,69db34bb000000001a0348ae,失败|抢救者,失败,抢救者,笑死我了我去好诡异的画面哈哈哈哈我甚至感觉在玩过家家,1,1
69dcb35b0000000016017efd,69db34bb000000001a0348ae,失败|抢救者,失败,抢救者,提供就业岗位呢,-1,0
69dcb393000000003502b8ef,69db34bb000000001a0348ae,失败|抢救者,失败,抢救者,我以为是机器人救护车来救人了 结果是救机器人哈哈哈哈哈哈,7,7
69dd79fd000000000c0331b2,69db34bb000000001a0348ae,失败|抢救者,失败,抢救者,机器人也是人[偷笑R][偷笑R],0,0
69dcbb910000000001007f88,69db34bb000000001a0348ae,失败|抢救者,失败,抢救者,还弄个担架，有模有样的,6,6
69dcebbd0000000035030d6e,69db34bb000000001a0348ae,失败|抢救者,失败,抢救者,哈哈哈哈哈哈哈哈哈哈那抬一个老头 没等抬呢自己先报废了[doge],6,6
69dcaae7000000001400ac31,69db34bb000000001a0348ae,失败|抢救者,失败,抢救者,要催生第一个机器人医闹吗[doge],7,7
69dcac7b000000000c030810,69db34bb000000001a0348ae,失败|抢救者,失败,抢救者,打不过机器人,0,0
69dca6a90000000035015531,69db34bb000000001a0348ae,失败|抢救者,失败,抢救者,怎么不是机器人救机器人,7,7
69dcb0eb000000000103cd51,69db34bb000000001a0348ae,失败|抢救者,失败,抢救者,如果我还没有报专业，感觉以后修护维护机器人的专业应该很吃香,-1,0
69dcacc8000000000d03499a,69db34bb000000001a0348ae,失败|抢救者,失败,抢救者,家里不够乱的可以买一个回去添乱了[捂脸R],14,14
69dca7520000000035011e31,69db34bb000000001a0348ae,失败|抢救者,失败,抢救者,说是有的机器人跑散架了，跑骨折了,0,0
69dcc4780000000015006985,69db34bb000000001a0348ae,失败|抢救者,失败,抢救者,怕他一脚给我踢出个骷髅,-1,0
69dcf83b000000000d035195,69db34bb000000001a0348ae,失败|抢救者,失败,抢救者,现在只觉得小时候的想象还是太贫瘠了,1,1
69dcaad7000000003500b8b7,69db34bb000000001a0348ae,失败|抢救者,失败,抢救者,确实 感觉好荒诞啊....,1,1
69dca0bc000000001400abc7,69db34bb000000001a0348ae,失败|抢救者,失败,抢救者,跟不上世界了,3,3
69dcd18a0000000035023862,69db34bb000000001a0348ae,失败|抢救者,失败,抢救者,我不行了，机器人说我没电了,0,0
69dc8c2e000000000202aa4d,69db34bb000000001a0348ae,失败|抢救者,失败,抢救者,到底要干什么,-1,8
69dc83ae000000003500d4fd,69db34bb000000001a0348ae,失败|抢救者,失败,抢救者,哈哈哈哈哈因为会有机器人跑一半拐了[呃R],0,0
69dc8db50000000035025349,69db34bb000000001a0348ae,失败|抢救者,失败,抢救者,机器人救护车 给机器人整活[笑哭R],7,7
69dca0540000000015003722,69db34bb000000001a0348ae,失败|抢救者,失败,抢救者,[失望R][失望R]我以为机器人救人呢[笑哭R],7,7
69dca81c0000000015007938,69db34bb000000001a0348ae,失败|抢救者,失败,抢救者,可是动物应该也不会自己叫救护车吧...也得人叫车人付钱吧,7,7
69dca852000000000202b595,69db34bb000000001a0348ae,失败|抢救者,失败,抢救者,爱护动物的人很多，他们愿意救就会愿意花钱叫救护车,7,7
69dca944000000003500bda3,69db34bb000000001a0348ae,失败|抢救者,失败,抢救者,好的宠物医院是会配急救车的，就是商业行为,7,7
69dcad8b000000001500256a,69db34bb000000001a0348ae,失败|抢救者,失败,抢救者,实则大城市真有[doge]苏北佬痛哭流涕啊,1,1
69dca7bb000000003502bb45,69db34bb000000001a0348ae,失败|抢救者,失败,抢救者,机器人有救护车是因为有人愿意花钱，你想要动物救护车你去花钱搞一辆不就行了[派对R],7,7
69dca85b000000001500149c,69db34bb000000001a0348ae,失败|抢救者,失败,抢救者,给宠物主人用的啊，br。还是太春虫了。。。,-1,9
69dca9010000000015006543,69db34bb000000001a0348ae,失败|抢救者,失败,抢救者,又不是没人掏钱 供应和需求的关系你搞得清楚吗,3,3
69dca96a0000000035018c5a,69db34bb000000001a0348ae,失败|抢救者,失败,抢救者,对啊你们都愿意掏钱为什么没有呢，供远小于求居然没市场好奇怪哦,3,3
69dcaa47000000003501adb4,69db34bb000000001a0348ae,失败|抢救者,失败,抢救者,既然有人掏钱，那爱宠人士开一个不就行了，按你这说法肯定赚翻了啊,-1,3
69dcb0dd000000003502944c,69db34bb000000001a0348ae,失败|抢救者,失败,抢救者,救动物算啥公共服务 国内收容机构保护组织私立医院挺多的 有钱就办事,7,7
69dcb3100000000014009458,69db34bb000000001a0348ae,失败|抢救者,失败,抢救者,所以大家吐槽的不就是机器人都有救护车而动物没有救护车这个很荒谬的事情吗？,7,7
69dcc170000000003501c18f,69db34bb000000001a0348ae,失败|抢救者,失败,抢救者,人家厂家真金白银掏钱啊，不像你们只会说又不掏钱开个公司搞这个,3,3
69dca037000000001500317e,69db34bb000000001a0348ae,失败|抢救者,失败,抢救者,原来是救机器人[捂脸R],7,7
69dca0a200000000350204b8,69db34bb000000001a0348ae,失败|抢救者,失败,抢救者,都说是机器人救护车咯[偷笑R],7,7
69dcb4c8000000000c030756,69db34bb000000001a0348ae,失败|抢救者,失败,抢救者,太搞笑了，专车专用,1,1
69dcb438000000000203754d,69db34bb000000001a0348ae,失败|抢救者,失败,抢救者,[石化R]这不就增加就业了吗,-1,0
69dcbfb80000000035018f6d,69db34bb000000001a0348ae,失败|抢救者,失败,抢救者,为什么还要个急救车,7,7
69e4c6710000000014018829,69db34bb000000001a0348ae,失败|抢救者,失败,抢救者,今夕是何年,-1,-1
69e906b6000000001401a007,69db34bb000000001a0348ae,失败|抢救者,失败,抢救者,就为机器人服务,0,0
69e49f5a0000000014019c0b,69db34bb000000001a0348ae,失败|抢救者,失败,抢救者,挺好的，这种患者不闹腾。[doge],-1,-1
69e4b0a4000000001401a40d,69db34bb000000001a0348ae,失败|抢救者,失败,抢救者,那这个机器人颇命苦了[害羞R],0,0
69e4b4b6000000001401b000,69db34bb000000001a0348ae,失败|抢救者,失败,抢救者,医学生就业新方向,-1,7
69e72afb000000001401a82c,69db34bb000000001a0348ae,失败|抢救者,失败,抢救者,我不行了。。。这也要担架抬走嘛哈哈哈哈,6,6
69e4b5be000000001401dc39,69db34bb000000001a0348ae,失败|抢救者,失败,抢救者,还整个担架,6,6
69e22e36000000001401e40e,69db34bb000000001a0348ae,失败|抢救者,失败,抢救者,我们学校的机器人听说要跳青春修炼手册,0,0
69e19db5000000001401c82a,69db34bb000000001a0348ae,失败|抢救者,失败,抢救者,我同事更残疾 不好意思了,-1,6
69ddcbe30000000035030e03,69db34bb000000001a0348ae,失败|抢救者,失败,抢救者,“大夫”的马甲是家电维修回收[笑哭R],-1,7
69dd9e2d0000000035009ea6,69db34bb000000001a0348ae,失败|抢救者,失败,抢救者,亦庄机器人宇宙,0,0
69ddd3f800000000140091d2,69db34bb000000001a0348ae,失败|抢救者,失败,抢救者,機器人救護車救機器人🤣,7,7
69ddd4120000000016016728,69db34bb000000001a0348ae,失败|抢救者,失败,抢救者,我還以為救護車會出動機器人救人🤣,7,7
69dce0810000000016016e08,69db34bb000000001a0348ae,失败|抢救者,失败,抢救者,太好笑了 下次一起去看现场么！！,1,1
69dcedac000000000103d827,69db34bb000000001a0348ae,失败|抢救者,失败,抢救者,咱能有资格观赛[doge],4,4
69dceedf000000001500863d,69db34bb000000001a0348ae,失败|抢救者,失败,抢救者,这玩意儿也需要资格？！,-1,3
69dcde5100000000020369f3,69db34bb000000001a0348ae,失败|抢救者,失败,抢救者,举着双手躺在担架上hhhhh,6,6
69dccc1a0000000001005e91,69db34bb000000001a0348ae,失败|抢救者,失败,抢救者,车里一堆充电包锤子电钻,-1,9
69dd120d0000000035020d97,69db34bb000000001a0348ae,失败|抢救者,失败,抢救者,刚刚看到有个机器人胳膊摔没了（,0,0
69dd123100000000020287c7,69db34bb000000001a0348ae,失败|抢救者,失败,抢救者,火花带闪电[呃R],12,12
69dcc9310000000035027629,69db34bb000000001a0348ae,失败|抢救者,失败,抢救者,机器人添大乱,0,0
69dccd9c000000000d03609c,69db34bb000000001a0348ae,失败|抢救者,失败,抢救者,机器人都有救护车了，高级呀[doge],7,7
69dcdede00000000010051fb,69db34bb000000001a0348ae,失败|抢救者,失败,抢救者,机器人救护车怎么收费的[doge]，收机器人的电量嘛,7,7
69dce03d0000000015002a30,69db34bb000000001a0348ae,失败|抢救者,失败,抢救者,死状凄惨,-1,-1
69dcc40900000000350185a9,69db34bb000000001a0348ae,失败|抢救者,失败,抢救者,请求支援,1,1
69dcbab60000000030026aca,69db34bb000000001a0348ae,失败|抢救者,失败,抢救者,会不会救他的医生也是机器人（）,7,7
69dcbae00000000035023d87,69db34bb000000001a0348ae,失败|抢救者,失败,抢救者,开车的可能也是机器人🤖自己救自己《,7,7
69dcbb1e0000000035016347,69db34bb000000001a0348ae,失败|抢救者,失败,抢救者,放担架上还要系安全带[笑哭R],6,6
69dcbb1f0000000032000669,69db34bb000000001a0348ae,失败|抢救者,失败,抢救者,然后一个心肺复苏两个机器人都按坏了（）,7,7
69dcbd560000000035022527,69db34bb000000001a0348ae,失败|抢救者,失败,抢救者,今天刷到了他的视频哈哈哈,1,1
69dcd9060000000015003d56,69db34bb000000001a0348ae,失败|抢救者,失败,抢救者,拉去机器人医院吗,7,7
69dcafcb0000000035031921,69db34bb000000001a0348ae,失败|抢救者,失败,抢救者,哈哈哈哈还以为是机器人,0,0
69dca7eb0000000030027509,69db34bb000000001a0348ae,失败|抢救者,失败,抢救者,工程师学习一下给机器人心肺复苏,7,7
69dd0e810000000035024b2e,69db34bb000000001a0348ae,失败|抢救者,失败,抢救者,我以为图一的救护车是个机器人，然后运坏了的机器人，兴许还能变形成人形态,7,7
69dcd3b0000000003501675a,69db34bb000000001a0348ae,失败|抢救者,失败,抢救者,[石化R][石化R][石化R]我只刷到了一万个机器人跑步视频。,0,0
69dcda4300000000150005c5,69db34bb000000001a0348ae,失败|抢救者,失败,抢救者,机器人救助比赛,7,7
69dca4e9000000000c033e6a,69db34bb000000001a0348ae,失败|抢救者,失败,抢救者,我感觉木有这个必要了吧,3,3
69dc9f14000000000202998a,69db34bb000000001a0348ae,失败|抢救者,失败,抢救者,我还在上课 如何[派对R],1,1
69dc97ef0000000002036b9d,69db34bb000000001a0348ae,失败|抢救者,失败,抢救者,明明是维修车,-1,0
69dc90c10000000035017434,69db34bb000000001a0348ae,失败|抢救者,失败,抢救者,什么时候能停止这场闹剧,10,10
69dcb80b0000000002037d20,69db34bb000000001a0348ae,失败|抢救者,失败,抢救者,我是医学生我沉默了，机械生你呢,7,7
69dcc9d8000000000203572a,69db34bb000000001a0348ae,失败|抢救者,失败,抢救者,这是我们共同创业的方向,-1,10
69dcce45000000000103df6e,69db34bb000000001a0348ae,失败|抢救者,失败,抢救者,我去新思路，你负责制作一个会死的机器人我负责救他,7,7
69dce808000000000203743f,69db34bb000000001a0348ae,失败|抢救者,失败,抢救者,笑死 那不是简简单单 我的水平也只能做出会死的机器人,0,0
69dc63250000000035030b74,69db34bb000000001a0348ae,失败|抢救者,失败,抢救者,哈哈哈哈 机器人救护车🚑,7,7
69dc6b730000000035028505,69db34bb000000001a0348ae,失败|抢救者,失败,抢救者,我真是有点不行了,-1,1
69e47fd3000000001401c42c,69e41e24000000001a025f1a,失败|观众,失败,观众,停下看的一般都不在乎成绩吧[笑哭R],4,4
69e47cf80000000014019819,69e41e24000000001a025f1a,失败|观众,失败,观众,看热闹是人之常情,-1,4
69e4cdf5000000001401a819,69e41e24000000001a025f1a,失败|观众,失败,观众,这个速度 应该也不在意了。本来就是来玩个乐[笑哭R],4,4
69e4d149000000001401e815,69e41e24000000001a025f1a,失败|观众,失败,观众,这个速度基本都是重在参与了，也不是拿成绩的[捂脸R],4,4
69e45de50000000014018c1c,69e41e24000000001a025f1a,失败|观众,失败,观众,感觉程序设置不应该让他起来，容易次生灾害，比如挂到人啥的，毕竟跑是固定模式的运动，程序好控制，但摔倒可能有无数情况,-1,2
69e47034000000001401c021,69e41e24000000001a025f1a,失败|观众,失败,观众,难怪，我就说为啥都有起来的算法了，为啥那么多机器人还没用上,0,0
69e4bfe2000000001401b806,69e41e24000000001a025f1a,失败|观众,失败,观众,电机持久力不行[doge],13,13
69e4be4b000000001401bc13,69e41e24000000001a025f1a,失败|观众,失败,观众,共情能力强,1,1
69e56f680000000014019c03,69e41e24000000001a025f1a,失败|观众,失败,观众,先物理的协调、后加入A丨、再解决能源,-1,13
69e5b1d3000000001401d830,69e41e24000000001a025f1a,失败|观众,失败,观众,俄乌战场已经被这种遥控小飞机主宰了[doge][doge][doge],5,5
69e5daaf0000000014019401,69e41e24000000001a025f1a,失败|观众,失败,观众,[偷笑R]里面有个真人在跑,4,4
69e63d26000000001401900e,69e41e24000000001a025f1a,失败|观众,失败,观众,有4成都是自主机器人[偷笑R],0,0
69e57a68000000001401e41a,69e41e24000000001a025f1a,失败|观众,失败,观众,这个活动把你们这个ip急的啊，条条下面都能看到跟你一样的评论[呃R][呃R][呃R],-1,1
69e4324a000000001401941c,69e41e24000000001a025f1a,失败|观众,失败,观众,这个看上去像是宇树家的吧,-1,6
69e4389d000000001401c41a,69e41e24000000001a025f1a,失败|观众,失败,观众,闪电是红色的,12,12
69e46a530000000014019424,69e41e24000000001a025f1a,失败|观众,失败,观众,这款是宇树的,-1,0
69e49118000000001401cc23,69e41e24000000001a025f1a,失败|观众,失败,观众,电机的力不够[笑哭R]，可能是电机持久力不行[doge],13,13
69e4a320000000001401dc0f,69e41e24000000001a025f1a,失败|观众,失败,观众,降温的干冰,13,13
69e4e6430000000014013005,69e41e24000000001a025f1a,失败|观众,失败,观众,"让机器人跑马拉松，其实远不止是看谁跑得快那么简单。这更像是一场 公开的、极限的“综合能力大考” ，目的是为了推动机器人技术真正走向成熟，最终能走进我们的生活，帮我们完成实际任务。
【为什么是马拉松？】
马拉松的赛道模拟了真实世界的复杂环境，比如坡道、转弯、不平整的路面等。这能全面检验机器人在 续航、散热、动态平衡、关节耐久性和自主决策 等方面的能力。跑完21公里，意味着机器人在这些关键技术上取得了突破，为未来在工厂、家庭、养老陪护等场景的应用打下了坚实基础。
【为什么非要“人形”？】
你可能会问，用轮子不是更省力、更高效吗？这正是人形机器人的核心价值所在—— 通用性 。
适应人类环境：我们的世界是为人设计的，有楼梯、有门把手、有各种工具。人形机器人未来的目标是使用这些现有工具，而不是让我们专门为它改造环境。
攻克核心难题：双足行走和动态平衡是机器人领域的“终极考题”之一。只有通过像马拉松这样的复杂场景测试，才能不断优化算法，让机器人在面对突发状况时也能保持稳定，这在灾难救援等高风险场景中至关重要。
所以，虽然现在看到机器人摔倒可能会觉得有些“抽象”，但这恰恰是技术发展过程中必经的一步。每一次跌倒和爬起，都是在为未来能更稳健地服务人类积累宝贵的经验。[加油R]",0,0
69e45c95000000001401c831,69e41e24000000001a025f1a,失败|观众,失败,观众,有那么一会有点害怕这玩意,-1,3
69e438c3000000001401e427,69e41e24000000001a025f1a,失败|观众,失败,观众,背后加入冷却冰块，后面车上人有冰桶，过一阵就往里面倒，挺好玩的,13,13
69e4325e0000000014019c19,69e41e24000000001a025f1a,失败|观众,失败,观众,说是冷却用的东西[笑哭R],13,13
69e443320000000014019029,69e41e24000000001a025f1a,失败|观众,失败,观众,固液态交互冷却材料,13,13
69e45c78000000001401ac2a,69e41e24000000001a025f1a,失败|观众,失败,观众,干冰，co2,13,13
69e4602b000000001401c01f,69e41e24000000001a025f1a,失败|观众,失败,观众,闪电好像没加冰块？,13,13
69e470c8000000001401d42d,69e41e24000000001a025f1a,失败|观众,失败,观众,对的，不是每一款都要加，宇树的h1应该是需要这个,-1,13
69e47658000000001401c02c,69e41e24000000001a025f1a,失败|观众,失败,观众,多少显得有点不高级[失望R],-1,3
69e4d696000000001401d40b,69e41e24000000001a025f1a,失败|观众,失败,观众,为了散热吗[笑哭R],13,13
69dfd9310000000035019b9d,69df625d0000000021005c63,失败|观众,失败,观众,哈哈哈[玫瑰R][玫瑰R][玫瑰R]笑死我了[玫瑰R][玫瑰R][玫瑰R][玫瑰R]继续努力吧[玫瑰R][玫瑰R][玫瑰R],1,1
69e01a70000000003500dad1,69df625d0000000021005c63,失败|观众,失败,观众,这个比春晚好看多了[点赞R],15,15
69e01bf5000000003501bd67,69df625d0000000021005c63,失败|观众,失败,观众,哈？刚放下的心又给我吊起来了，啊？,-1,-1
69e01e910000000001006112,69df625d0000000021005c63,失败|观众,失败,观众,然後關鍵新聞用這剪輯嘲笑... 自己卻一台都沒有..[石化R],1,1
69e0245e000000003500bf1c,69df625d0000000021005c63,失败|观众,失败,观众,红色闪电，真猛[点赞R],12,12
69e02b34000000003502ead4,69df625d0000000021005c63,失败|观众,失败,观众,真的有又快又稳的 可以搜一下别人发的亦庄机器人的视频[捂脸R]他这就是翻车合集,0,0
69e02cc3000000003500990d,69df625d0000000021005c63,失败|观众,失败,观众,这就是我啊。那些牛人就是上春晚的那些。我就是那个慢慢慢慢跑叠加弯不起腰的那些[笑哭R],15,15
69e02d84000000003500cf8d,69df625d0000000021005c63,失败|观众,失败,观众,可以让小红书的某些群体兴奋一下也是功德一件[偷笑R],1,1
69e0308d000000000c03072a,69df625d0000000021005c63,失败|观众,失败,观众,[捂脸R][捂脸R]，很好啊，不要只放成功的，这才是真正的来时路，不过真的好好笑[捂脸R][捂脸R],1,1
69e0388c000000003501659e,69df625d0000000021005c63,失败|观众,失败,观众,关键时刻那么多年一直都这样啊[笑哭R],2,2
69e03cfd000000000d0342c6,69df625d0000000021005c63,失败|观众,失败,观众,不用解释[偷笑R],1,1
69e03e87000000000d0344f6,69df625d0000000021005c63,失败|观众,失败,观众,是撞车的哪个吗？[笑哭R],-1,12
69e0454f0000000035028d4e,69df625d0000000021005c63,失败|观众,失败,观众,我正在吃蛋黄，笑也不行，不笑还憋得慌[大笑R],1,1
69e046ae0000000001007a24,69df625d0000000021005c63,失败|观众,失败,观众,解说词很幽默，笑死我了,1,1
69e0494d00000000010074ef,69df625d0000000021005c63,失败|观众,失败,观众,[大笑R]心情一下好起来了,1,1
69e062e10000000035030770,69df625d0000000021005c63,失败|观众,失败,观众,但是我比较喜欢看你拍的这几个机器人。哈哈哈哈哈哈哈,0,0
69e06f65000000003501c452,69df625d0000000021005c63,失败|观众,失败,观众,其实“精彩”画面才是来时路最好的证明[偷笑R]等几年回来看肯定会感慨。这比印度大学买我们的成品机器狗，说自己的作品，好太多太多了,1,1
69e0722600000000350109ba,69df625d0000000021005c63,失败|观众,失败,观众,这解说直接让我上不来气了😂😂😂,1,1
69e07468000000001401b021,69df625d0000000021005c63,失败|观众,失败,观众,解说太有意思了[偷笑R],1,1
69e08631000000001401e80f,69df625d0000000021005c63,失败|观众,失败,观众,解说太好玩了[赞R][赞R][笑哭R],1,1
69e09016000000001401a019,69df625d0000000021005c63,失败|观众,失败,观众,剪辑得非常棒👍🏻👍🏻👍🏻👍🏻,1,1
69e0cb60000000001401c817,69df625d0000000021005c63,失败|观众,失败,观众,看了视频、差点失望，幸亏你解释了一下！,-1,1
69e0d3060000000014018824,69df625d0000000021005c63,失败|观众,失败,观众,猛是真猛，猛起来汽车它都敢创[笑哭R],-1,12
69e0d6780000000014018c02,69df625d0000000021005c63,失败|观众,失败,观众,好看爱看[玫瑰R][玫瑰R][玫瑰R]解说很有趣,1,1
69e0da0f000000001401d844,69df625d0000000021005c63,失败|观众,失败,观众,太好玩了[偷笑R]解说也很有意思,1,1
69e12036000000002b02542a,69df625d0000000021005c63,失败|观众,失败,观众,外卖配送机器人[斜眼R],0,0
69e15c01000000001401ac03,69df625d0000000021005c63,失败|观众,失败,观众,放点正常的吧，不然量化捕捉到这信息🤖股价就大跌了[笑哭R],3,3
69e18113000000001401e812,69df625d0000000021005c63,失败|观众,失败,观众,感觉到up的求生欲还是很强的,1,1
69e18d73000000001401d40f,69df625d0000000021005c63,失败|观众,失败,观众,又快又稳的那几位，没啥看头啊！,4,4
69e199c0000000001401cc12,69df625d0000000021005c63,失败|观众,失败,观众,这碎了一地的，不都是钱么,2,2
69e1a4b3000000001401901d,69df625d0000000021005c63,失败|观众,失败,观众,红色那个是华为荣耀弄的，工程师还是比较厉害,-1,12
69e1aa62000000001401c403,69df625d0000000021005c63,失败|观众,失败,观众,哦，原来是这样啊，我还以为没一个中用的,-1,7
69e1bda9000000001401b012,69df625d0000000021005c63,失败|观众,失败,观众,确实猛，步伐又快又稳，除了撞击那一下[失望R],-1,2
69e1c35c0000000014019c15,69df625d0000000021005c63,失败|观众,失败,观众,太太太搞笑了，我在工位摸鱼差点笑出声被发现[笑哭R][点赞R],1,1
69e1cde4000000001401a40b,69df625d0000000021005c63,失败|观众,失败,观众,对呀，我看过跑的好的视频[捂脸R],4,4
69e2d898000000001401c827,69df625d0000000021005c63,失败|观众,失败,观众,创业未半而中道崩殂[笑哭R]……还得继续努力！,10,10
69e2ed7b0000000014018818,69df625d0000000021005c63,失败|观众,失败,观众,解说比视频更精彩哈哈哈哈[笑哭R],1,1
69e3010c0000000014019015,69df625d0000000021005c63,失败|观众,失败,观众,这些应该多放一些，科技的发展就是在一次次失败中前进的，我现在教一年级小孩子，和机器人一样一大堆好玩的事情，当然也是气人的地方，但是二十年后呢？正是今天的失败成就了未来的成功,-1,3
69e32ddf000000001401dc18,69df625d0000000021005c63,失败|观众,失败,观众,比如荣耀的闪电，还有元气仔,-1,12
69e34db7000000001401e028,69df625d0000000021005c63,失败|观众,失败,观众,就爱看这些精彩的,1,1
69e41953000000001401c805,69df625d0000000021005c63,失败|观众,失败,观众,今天开赛，等着看全程。,-1,4
69e42c6f000000001401b813,69df625d0000000021005c63,失败|观众,失败,观众,给你提高了完播率并且笑的嗷嗷的，你赔！,1,1
69e44a3d000000001401bc0b,69df625d0000000021005c63,失败|观众,失败,观众,看到了一个长脚豆包的作者发了一个视频，，,-1,0
69e46932000000001401ac23,69df625d0000000021005c63,失败|观众,失败,观众,我们大家就是想看这些精彩的跑，因为很快就莫得这些精彩了，个个都跑得又快又好就无聊了[大笑R][大笑R],4,4
69e49ce6000000001401900b,69df625d0000000021005c63,失败|观众,失败,观众,[大笑R][大笑R][大笑R]你这是心虚的解释[大笑R]本来半身不遂的人就多，这回更多了[大笑R]哈哈哈,-1,2
69e7416f0000000014019403,69df625d0000000021005c63,失败|观众,失败,观众,想不通为什么非要发展人形的？,0,0
69dfe655000000001500b509,69df625d0000000021005c63,失败|观众,失败,观众,那你咋不发出来，差点就信你了[doge],-1,1
69e021f30000000035026e9b,69df625d0000000021005c63,失败|观众,失败,观众,可是你只挑的“精彩”部分难道就不担心有心的人就会把这个放到外网抨击吗？,-1,4
69e02bef0000000035026d8d,69df625d0000000021005c63,失败|观众,失败,观众,我觉得也是，别有用心的肯定要放外网抨击抹黑,-1,3
69e031b2000000000202ac72,69df625d0000000021005c63,失败|观众,失败,观众,哈！你这不是戳了台湾媒体的肺管子！,-1,-1
69e054840000000002029f69,69df625d0000000021005c63,失败|观众,失败,观众,搞战忽让对方放松警惕也是一条妙计啊[害羞R],-1,4
69e1733e000000001401d405,69df625d0000000021005c63,失败|观众,失败,观众,那么认真干嘛，看姿态像太奶和小孩的机器人跑步不搞笑么[doge],0,0
69e1c663000000001401d41e,69df625d0000000021005c63,失败|观众,失败,观众,那你能不能放出来正常的给大家一点信息,-1,1
69e1cf09000000001401e420,69df625d0000000021005c63,失败|观众,失败,观众,擦爸爸啊发擦发巴巴爸爸测吧巴巴爸爸巴巴爸爸巴巴爸爸巴巴爸爸爸爸啊他我谢谢...n..我下午问一下.......www..我.....n.b....n............www.n......谢谢.........谢谢..n.........,-1,1
69e1f927000000001401941c,69df625d0000000021005c63,失败|观众,失败,观众,那为什么不拍成功案例[斜眼R]让我以为机器人都是失败的j c,0,0
69e40825000000001401a004,69df625d0000000021005c63,失败|观众,失败,观众,拿这个娱乐没觉得娱乐！真搞笑！！,1,1
69e41905000000001401c813,69df625d0000000021005c63,失败|观众,失败,观众,不要玻璃心，咱不怕外网抹黑，科技发展总是从失败走过来的。,3,3
69e42f170000000014019815,69df625d0000000021005c63,失败|观众,失败,观众,解说很6，请多解说[派对R],1,1
69df98cc0000000002037ee6,69df625d0000000021005c63,失败|观众,失败,观众,现在不笑以后没机会了,1,1
69df989c0000000001004e92,69df625d0000000021005c63,失败|观众,失败,观众,宇树的还是哪家的不是百米都进10s了么,-1,4
69df99b9000000001500254a,69df625d0000000021005c63,失败|观众,失败,观众,现在就很好笑，再过几年他们中的很多都没有了[捂脸R],1,1
69df9ad30000000002029d07,69df625d0000000021005c63,失败|观众,失败,观众,然后徒手劈人了[石化R],2,2
69df9b07000000003502977a,69df625d0000000021005c63,失败|观众,失败,观众,现在还不抓紧笑，再晚几年就轮到他们笑人类了,1,1
69df9b8e00000000350155eb,69df625d0000000021005c63,失败|观众,失败,观众,是的，能笑也就这一两年了，快笑[笑哭R],1,1
69df9bb60000000015006f48,69df625d0000000021005c63,失败|观众,失败,观众,现在做这个的公司很多，不像前几年就那么两家，总有跑得快的跑的慢的，筛选的过程，竞争激烈也会促进技术发展,3,3
69df9c280000000001007bf0,69df625d0000000021005c63,失败|观众,失败,观众,正常，三年前还在笑大模型数不清strawberries里几个r,1,1
69df9c8b000000000100542e,69df625d0000000021005c63,失败|观众,失败,观众,空手接白刃[偷笑R],-1,-1
69df9c94000000000100567b,69df625d0000000021005c63,失败|观众,失败,观众,那时候就会怀念现在的宝宝时期[doge],1,1
69df9dc6000000001400afd9,69df625d0000000021005c63,失败|观众,失败,观众,从第一届被各种嘲笑，到第二届将大幅打破人类的世界记录，而且还是人类永远无法超越的半马世界纪录，紧紧过去一年,4,4
69df9dfa0000000035029990,69df625d0000000021005c63,失败|观众,失败,观众,你这么一说感觉笑不起来了[汗颜R],1,1
69df9e09000000003500def0,69df625d0000000021005c63,失败|观众,失败,观众,全球第一台双足机器人诞生于1969年，这都块60年了也没研究明白,0,0
69df9e9c0000000035011188,69df625d0000000021005c63,失败|观众,失败,观众,去年跑两步就摔跟头，看看今年，都快跑飞了,4,4
69dfa0d00000000002029ec2,69df625d0000000021005c63,失败|观众,失败,观众,大家听到了吗？现在不笑以后就没机会笑了！赶紧嘲笑起来～[doge],1,1
69dfa237000000003502309b,69df625d0000000021005c63,失败|观众,失败,观众,大家肯定会笑，但不是嘲笑，我们笑着支持他们[点赞R][点赞R][点赞R],1,1
69dfa23700000000350278a9,69df625d0000000021005c63,失败|观众,失败,观众,发展也不耽误大家笑嘛[害羞R],1,1
69dfa24f000000000d037e9d,69df625d0000000021005c63,失败|观众,失败,观众,1960年的人们以为40年后2000年，机器人就可以完全替代人类了。,0,0
69dfa2a7000000003500f273,69df625d0000000021005c63,失败|观众,失败,观众,再过几年这些机器人公司全部消失不见,0,0
69dfa2ef0000000035018843,69df625d0000000021005c63,失败|观众,失败,观众,这里面有一大半是骗补贴的,3,3
69dfa4860000000016016a9e,69df625d0000000021005c63,失败|观众,失败,观众,去年这个时候   机器人走路还费劲呢   还记得去年春晚和今年春晚吗   天差地别,15,15
69dfa49f000000003502cd0b,69df625d0000000021005c63,失败|观众,失败,观众,其实去年的前几名已经跑得又快又溜了，视频里这些根本不是主力[大笑R],4,4
69dfa4af000000001500a0a8,69df625d0000000021005c63,失败|观众,失败,观众,这只是个玩具而已，跟国外的智能的差远了，还再等20年，只要国外不开源，100年也是这样,-1,5
69dfa5d40000000035025e37,69df625d0000000021005c63,失败|观众,失败,观众,我小时候玩的遥控机器人和这差不多，只是跑的太慢了，也只有十多公分高,5,5
69dfa5d6000000000203683a,69df625d0000000021005c63,失败|观众,失败,观众,你看看宇树那几家，top的都很牛逼了，视频里这些是下一个档次的，但是这个下一个档次的已经赶上了去年宇树他们的水平了，已经发展很快了。,-1,0
69dfa64a00000000350222ed,69df625d0000000021005c63,失败|观众,失败,观众,现在不笑，以后说不定笑不出来了[捂脸R],1,1
69dfa6c40000000014009546,69df625d0000000021005c63,失败|观众,失败,观众,现在还可以抢救一下,14,14
69dfa717000000001500af15,69df625d0000000021005c63,失败|观众,失败,观众,能笑说明我们暂时不会被取代[偷笑R],1,1
69dfa80e000000001500a70b,69df625d0000000021005c63,失败|观众,失败,观众,就和电脑一样，世界普及了现在也能做了……,-1,0
69dfa857000000001500140e,69df625d0000000021005c63,失败|观众,失败,观众,其实跟以前的比起来已经进步很多了！但我还是想笑，因为太可爱了，而且要赶紧笑，因为发展太快了，我怕笑不了几次，就要像今年看春晚机器人那样，一边看一边我操,15,15
69dfa8e10000000001007fc8,69df625d0000000021005c63,失败|观众,失败,观众,确实，那就可能是不用那么久。,1,1
69dfa8fe0000000035019404,69df625d0000000021005c63,失败|观众,失败,观众,哈哈哈哈哈哈哈去年也是这么说的，去年也很拉胯，一年了没有丝毫进步,-1,4
69dfa9a80000000035012510,69df625d0000000021005c63,失败|观众,失败,观众,但凡你在大厂 你稍微了解点行业趋势 你都会惊讶 现在的 AI 结合机器人的进化速度 的确是 指数级的 迭代,0,0
69dfa9c7000000000d03efef,69df625d0000000021005c63,失败|观众,失败,观众,如无必要无增实体，机器人做它应该做的就行，无需跑步,0,0
69dfab1e000000000d03f4ce,69df625d0000000021005c63,失败|观众,失败,观众,既然知道事物的发展有个过程，那么肯定也知道看法的改变也有个过程[笑哭R],1,1
69dfab6c0000000016017315,69df625d0000000021005c63,失败|观众,失败,观众,哈哈去年还搀扶着呢，今年已经跑很快了,-1,4
69dfabbb0000000035024da7,69df625d0000000021005c63,失败|观众,失败,观众,今天还能[暗中观察R]笑一笑，回头就是吓一跳了,1,1
69dfac7300000000150092d7,69df625d0000000021005c63,失败|观众,失败,观众,哈哈哈哈，赶紧多笑几下,1,1
69dfad4a000000000203462c,69df625d0000000021005c63,失败|观众,失败,观众,就跟自家的小孩子一样，小时候不笑长大了就不让笑了，还有可能出现后都嫌的情况[偷笑R],1,1
69dfad6a0000000035008ff4,69df625d0000000021005c63,失败|观众,失败,观众,遥控的，会走路的机器人，90年代就有了，现在大一点就骗补骗投资。,0,0
69dfae1b000000001500033a,69df625d0000000021005c63,失败|观众,失败,观众,gpt发布到现在才三年，理论积累完之后应用层就开始井喷了，不要小看科技的发展能力，虽然硬件是比人工智能难进步一些，但是这两年真的很快了,0,0
69e5c3d60000000014018003,69df625d0000000021005c63,失败|观众,失败,观众,体育老师说蹲着跑伤膝盖[doge],4,4
69e659e30000000014018802,69df625d0000000021005c63,失败|观众,失败,观众,谈不上作弊，这不过就是跑步特化机器人,0,0
69e0264c0000000035009c8f,69df625d0000000021005c63,失败|观众,失败,观众,你蹲着跑马拉松看看裁判会罚你吗？,4,4
69dfaa720000000035018d5a,69df625d0000000021005c63,失败|观众,失败,观众,对的！我今天心情不好，但也看的哈哈笑,1,1
69dfa69b0000000002035216,69df625d0000000021005c63,失败|观众,失败,观众,啊哈哈哈 战忽局不聘用你真是天大损失,-1,1
69e037c30000000035011876,69df625d0000000021005c63,失败|观众,失败,观众,步态没调好。本质上应该是rl没训好，做适配就有问题,-1,0
69dfa560000000003500e8aa,69df625d0000000021005c63,失败|观众,失败,观众,叫起来让孩子也笑一会,1,1
69dfa7840000000015008912,69df625d0000000021005c63,失败|观众,失败,观众,这么说吧，周围一眼能望到的东西99%都是根据人类人体工学设计的，当然也包括各种设施/机器/工具。所以拟人的机器人设计可以直接投入市场，当然也可以造成霸王龙形态的机器人，就是没办法直接投入市场罢了[doge],0,0
69dfabae000000003502a7c8,69df625d0000000021005c63,失败|观众,失败,观众,以后他们也可以上战场，替代我们的军人，这样想会不会好一点？还有很多危险工作,-1,0
69df9e8d000000001400a608,69df625d0000000021005c63,失败|观众,失败,观众,关注西安机器人摩仔有直播,0,0
69f1105e000000002a0060f7,69df625d0000000021005c63,失败|观众,失败,观众,作者说剪的翻车合辑ei,-1,0
69df9ce600000000350100ef,69df625d0000000021005c63,失败|观众,失败,观众,是啊，我都忍不住要鼓掌叫好了,1,1
69df9e2c000000003502d7cc,69df625d0000000021005c63,失败|观众,失败,观众,很不情愿，被逼无奈，不想上班，演绎太到位了,1,1
69df9a5b000000000202bd16,69df625d0000000021005c63,失败|观众,失败,观众,不是的，亦庄马拉松这个机器人比赛一年一次，不过可能也有其他地区的比赛,0,0
69df99be000000000c03134e,69df625d0000000021005c63,失败|观众,失败,观众,有两种 自主和遥控,5,5
69df98ff00000000350314d0,69df625d0000000021005c63,失败|观众,失败,观众,都有，遥控的话最后时间要乘以1.2,5,5
69df9df50000000035033241,69df625d0000000021005c63,失败|观众,失败,观众,哦哦哦哦，谢谢，继续期待这些钢铁小孩儿给我们带来不断的惊喜,1,1
69df9ef6000000003500ab2f,69df625d0000000021005c63,失败|观众,失败,观众,车里坐的一个遥控的  只是看不出明显而已,5,5
69dfa221000000003502da75,69df625d0000000021005c63,失败|观众,失败,观众,有遥控组，也有一组不遥控的，混在一起跑。遥控的机器人的成绩乘以1.2。,5,5
69dfa3050000000001006fa9,69df625d0000000021005c63,失败|观众,失败,观众,有30%多的是自主导航没遥控的哦,5,5
69dfa75a00000000150056c7,69df625d0000000021005c63,失败|观众,失败,观众,这次要求是自助导航,5,5
69dfa9b700000000020347a2,69df625d0000000021005c63,失败|观众,失败,观众,这是同行交流，不能作弊。和春晚的不一样,-1,15
69dfc3b30000000035020b8e,69df625d0000000021005c63,失败|观众,失败,观众,应该是自己识别吧，否则遥控的话为什么红色的那个追尾了呢？,5,5
69dfc9a3000000000202aea3,69df625d0000000021005c63,失败|观众,失败,观众,有自主的也有遥控的，分两个组别,5,5
69dfcab2000000003502aecb,69df625d0000000021005c63,失败|观众,失败,观众,有自主跑的，也有遥控的。,5,5
69dfe3a70000000001006cb8,69df625d0000000021005c63,失败|观众,失败,观众,还有一个过马路等着扶的老奶奶👵🏻[笑哭R][笑哭R],-1,-1
69e009490000000035028f99,69df625d0000000021005c63,失败|观众,失败,观众,残机人的速度和激情,0,0
69e037db000000000c030ce4,69df625d0000000021005c63,失败|观众,失败,观众,据说分组，一组是遥控的，一组是自主的。,5,5
69e04b740000000015001825,69df625d0000000021005c63,失败|观众,失败,观众,那就是遥控大玩具啊，叫什么机器人,5,5
69e063f2000000003500a01a,69df625d0000000021005c63,失败|观众,失败,观众,谢谢大家回复我。,1,1
69e0ee6f000000001401c40c,69df625d0000000021005c63,失败|观众,失败,观众,提问也是了解呀,1,1
69e36b8b000000001401a80e,69df625d0000000021005c63,失败|观众,失败,观众,遥控和不遥控的最好能够区分出来，比如佩戴不同的标志,5,5
69df98f0000000000202a445,69df625d0000000021005c63,失败|观众,失败,观众,这个胯扭得不错,-1,14
69df958b000000000d036bb8,69df625d0000000021005c63,失败|观众,失败,观众,给一个孩子成长的时间嘛,-1,13
69df9457000000001601580f,69df625d0000000021005c63,失败|观众,失败,观众,不过，真逗,1,1
69df92ce00000000160171cd,69df625d0000000021005c63,失败|观众,失败,观众,那个红色闪电⚡,12,12
69df93b3000000003502e988,69df625d0000000021005c63,失败|观众,失败,观众,那个红色闪电是谁家的？我去买他家股票,12,12
69df940900000000150013ed,69df625d0000000021005c63,失败|观众,失败,观众,[doge]上面的标看起来是荣耀,-1,8
69df944200000000010076ac,69df625d0000000021005c63,失败|观众,失败,观众,最快的10m/s,4,4
69df95b7000000003500d695,69df625d0000000021005c63,失败|观众,失败,观众,特地去查了下竞争对手，确实是荣耀。荣耀，我赌你赢！,-1,9
69df95e9000000003501edbc,69df625d0000000021005c63,失败|观众,失败,观众,遥遥领先，但是他也跑完21公里吗？,4,4
69df9709000000003500b34a,69df625d0000000021005c63,失败|观众,失败,观众,最后撞车了[偷笑R],-1,1
69df9bde000000003501bc89,69df625d0000000021005c63,失败|观众,失败,观众,放心不了几年[偷笑R],1,1
69df9d290000000016016e65,69df625d0000000021005c63,失败|观众,失败,观众,应该是荣耀，今天电视上都播了,-1,1
69df9e6a000000000c033d21,69df625d0000000021005c63,失败|观众,失败,观众,此荣耀是彼荣耀吗？,-1,0
69df9e92000000000d03ff34,69df625d0000000021005c63,失败|观众,失败,观众,[doge]反正标和手机的是一样的，不是同一个公司不能用一样的吧,-1,3
69df9eba000000001400b1a0,69df625d0000000021005c63,失败|观众,失败,观众,他这个视频都是跑的烂的，前几名真的是碾压，你可以搜一下,-1,1
69df9f00000000001601582c,69df625d0000000021005c63,失败|观众,失败,观众,荣耀的，经济信息联播有个几分钟专访,-1,0
69dfa0c400000000010064ff,69df625d0000000021005c63,失败|观众,失败,观众,我检索了一下，还真的是那家荣耀公司。就是不知道他这一款机器人的定位。,0,0
69dfa0e200000000350085c0,69df625d0000000021005c63,失败|观众,失败,观众,确实跑不过，有的百米速度已快赶上博尔特了。[笑哭R],4,4
69dfa3d2000000000103ea56,69df625d0000000021005c63,失败|观众,失败,观众,但是你不敢赌，他一下就给广告牌干折了[doge],-1,1
69dfa8890000000015005f2e,69df625d0000000021005c63,失败|观众,失败,观众,你放心的太早了，试赛第一名配速两分半，21公里，恐怕你是追不上的,4,4
69dffead000000003500f22f,69df625d0000000021005c63,失败|观众,失败,观众,没关系，那王文杰也追不上,4,4
69e01bba000000003501e355,69df625d0000000021005c63,失败|观众,失败,观众,跑不过我还躲不过么，不能追着我杀吧[偷笑R],4,4
69e0430d000000000c031ee7,69df625d0000000021005c63,失败|观众,失败,观众,撞车那个是有脑袋的，不是同一个。,-1,-1
69e0e949000000001401b80f,69df625d0000000021005c63,失败|观众,失败,观众,那个不错，肯定第一，前面不能有人,-1,4
69e1a75c0000000014019401,69df625d0000000021005c63,失败|观众,失败,观众,我不应该放弃练吗？终有一天机器人啊AI啊会替代我们所有的劳动,0,0
69e406ef000000001401c000,69df625d0000000021005c63,失败|观众,失败,观众,去年的机器人有的都站不稳，今年全都能站稳了，过两年普通人还真跑不过这些了,0,0
69e407a0000000001401b004,69df625d0000000021005c63,失败|观众,失败,观众,那是大势。机器人和AI早晚会超过大部分普通人，我们也就只能先惊慌然后慢慢接受,0,0
69e44c4b0000000014019434,69df625d0000000021005c63,失败|观众,失败,观众,都别赞啦，没跑过机器人[笑哭R],0,0
69e467540000000014019c0c,69df625d0000000021005c63,失败|观众,失败,观众,你还是担心下吧，事实上机器人也只有人型机器人在发展阶段，四足机器人和轮式机器人都已经量产很多年了,0,0
69e49ac5000000001401c403,69df625d0000000021005c63,失败|观众,失败,观众,那个闪电你绝对跑不过，他不会累的。,12,12
69e4d0b1000000001401ac04,69df625d0000000021005c63,失败|观众,失败,观众,人家半马已经跑到48分钟了[偷笑R],4,4
69e566cf000000001401b002,69df625d0000000021005c63,失败|观众,失败,观众,有远见，冠军就是它[赞R],4,4
69df9782000000000c030756,69df625d0000000021005c63,失败|观众,失败,观众,可以的 不需要门票，而且据说是人类和机器人一起跑,0,0
69df9450000000000202be1a,69df625d0000000021005c63,失败|观众,失败,观众,是的，赛事方要求必须要人形,0,0
69df894b000000000d0355be,69df625d0000000021005c63,失败|观众,失败,观众,正赛一定给她补上！[害羞R],-1,0
69df86be000000000c030939,69df625d0000000021005c63,失败|观众,失败,观众,比赛有机器人自主跑和人类遥控操作两个组别,5,5
69df8498000000000202a2e2,69df625d0000000021005c63,失败|观众,失败,观众,开始自主思考机生的意义了[笑哭R],0,0
69df81af000000000202b4ee,69df625d0000000021005c63,失败|观众,失败,观众,留着以后给机器人自己看看他们以前的黑历史哈哈，不过还是有些跑的不错的,0,0
69df803d000000000c030f5d,69df625d0000000021005c63,失败|观众,失败,观众,程序员医生闪亮登场[笑哭R],7,7
69df7b47000000000c032dc3,69df625d0000000021005c63,失败|观众,失败,观众,确实 比赛分自主跑和遥控跑，这次自主跑的比例比去年高了好多,5,5
69df669700000000010073e1,69df625d0000000021005c63,失败|观众,失败,观众,剪的时候没绷住好几次笑出来[笑哭R],1,1
69df66810000000002035b3d,69df625d0000000021005c63,失败|观众,失败,观众,哈哈哈，机均配3个程序员当场写程序修bug,-1,8
69e35d6d000000001401c019,69df625d0000000021005c63,失败|观众,失败,观众,哈哈  那真是太好了,1,1
69e36a94000000001401dc1c,69df625d0000000021005c63,失败|观众,失败,观众,说明失败了好多次,-1,2
69e377040000000014019c23,69df625d0000000021005c63,失败|观众,失败,观众,是的，真实水平，必须特调,1,1
69e3bc780000000014019410,69df625d0000000021005c63,失败|观众,失败,观众,失败很多次，才能有春晚上的成功机器人。,-1,15
69dfa567000000003501ec58,69df625d0000000021005c63,失败|观众,失败,观众,明年可能笑声更大[笑哭R],1,1
69dfa3af00000000150012d2,69df625d0000000021005c63,失败|观众,失败,观众,每年还会有大把初创公司还是这种水平,3,3
69e044870000000035025bfe,69df625d0000000021005c63,失败|观众,失败,观众,博主留言说了 跑的好的没放出来,-1,1
69e07078000000001500563c,69df625d0000000021005c63,失败|观众,失败,观众,巨头应该都能跑挺好了，但初创的话，必然参差不齐,-1,3
69dfad770000000015007595,69df625d0000000021005c63,失败|观众,失败,观众,有些正常很厉害的没流量罢了，所以没放出来。,-1,4
69dfa9410000000035016854,69df625d0000000021005c63,失败|观众,失败,观众,你的ip没有我有说服力。真没有几个能跑完全程的，绝大多数都是视频这样,-1,4
69dfaa1d000000001500369f,69df625d0000000021005c63,失败|观众,失败,观众,有些跑完的也很厉害的,4,4
69dfa770000000001500849c,69df625d0000000021005c63,失败|观众,失败,观众,他剪的都是小厂不成熟的产品， 很多跑全程的放了你也不会看,-1,3
69dfa7fb0000000015007c7a,69df625d0000000021005c63,失败|观众,失败,观众,你的眼界也就仅限于看的懂这个视频是吧,1,1
69dfa872000000000202a0ee,69df625d0000000021005c63,失败|观众,失败,观众,少发点卖弄自己智商的评论行吗[笑哭R][汗颜R],1,1
69dfa882000000000202a472,69df625d0000000021005c63,失败|观众,失败,观众,不贬低一番显着你了[doge] 知道最快的机器人现在速度多快吗你就嘲讽,0,0
69df9e5e0000000014009943,69df625d0000000021005c63,失败|观众,失败,观众,这个视频剪辑的都是差的。100多个参赛队伍呢。找几个独立工作室来凑热闹的视频而已,-1,0
69dfa178000000003502fb9b,69df625d0000000021005c63,失败|观众,失败,观众,这个视频负责搞笑的，正常跑的没笑点[偷笑R],4,4
69dfa79f00000000140084e4,69df625d0000000021005c63,失败|观众,失败,观众,我猜大半都是各个大学生做着玩的[暗中观察R],-1,-1
69dfa90c00000000020363aa,69df625d0000000021005c63,失败|观众,失败,观众,这是选的最烂的，你可以查一下跑得好的。[doge],-1,2
69dfaba60000000035030b2d,69df625d0000000021005c63,失败|观众,失败,观众,你刚通网络,-1,0
69dfac450000000015002882,69df625d0000000021005c63,失败|观众,失败,观众,这是类似于学生比赛,-1,0
69dfae81000000000d03de23,69df625d0000000021005c63,失败|观众,失败,观众,今年好像是ai自主的！去年是遥控！,5,5
69dfb8700000000035011aba,69df625d0000000021005c63,失败|观众,失败,观众,比去年的多，应该是各种水平的都有，其实是很好的场景，百花齐放万象争春,-1,0
69dfc3fb000000003501dcd7,69df625d0000000021005c63,失败|观众,失败,观众,显眼包组，跟早几年人类马拉松一样。,4,4
69dfd662000000003500fba2,69df625d0000000021005c63,失败|观众,失败,观众,这才是真实的机器人现状。这质量和智商哈哈！,0,0
69e044770000000002035c13,69df625d0000000021005c63,失败|观众,失败,观众,手搓遥控的其实还好[笑哭R]毕竟都是供应链组装[笑哭R]主要是自主识别寻路自助调整姿态复杂[偷笑R],5,5
69e0483800000000020340f0,69df625d0000000021005c63,失败|观众,失败,观众,对，你说的基础控制但这部分属于开源[doge]遥控的你看到路不平就不去了，肯定选好走的地方,5,5
69e0821e000000001401b001,69df625d0000000021005c63,失败|观众,失败,观众,这不部分可不简单，我搓个机器蜘蛛都够呛,0,0
69e0461d000000000c032066,69df625d0000000021005c63,失败|观众,失败,观众,遥控的也得自主调整姿态和平衡，你以为什么都能遥控啊？,5,5
69e36e9f000000001401dc22,69df625d0000000021005c63,失败|观众,失败,观众,到哪都有你们这号人，我说冰箱不好用你就说不好用你自己去造一个[doge][doge][赞R][赞R],13,13
69e032c6000000003500aec3,69df625d0000000021005c63,失败|观众,失败,观众,因为叫机器人啊，做成狗的叫机器狗，做成蜘蛛的叫机器蜘蛛。。这就是中文基本的表达方法。。又不像英文出现个啥就创造一个单词出来。。。。,0,0
69e0320a0000000002037885,69df625d0000000021005c63,失败|观众,失败,观众,问了下豆包，人形机器人的核心优势是可以无缝适配人类世界[飞吻R],0,0
69e0341c00000000150033fd,69df625d0000000021005c63,失败|观众,失败,观众,非人型机器人多了去了，只是这是人型机器人而已，至于为什么会有人形机器人，大概是人类的情感需求吧，比起非人形机器人，人类更喜欢有个人形机器人陪伴，一个忠诚的伙伴，一个会绝对服从你的朋友，可以像人一样相处,0,0
69e03456000000000d037915,69df625d0000000021005c63,失败|观众,失败,观众,像狗的叫机器狗,0,0
69e03cc30000000001004b09,69df625d0000000021005c63,失败|观众,失败,观众,最好做成美女帅哥的样子，养眼,-1,0
69e041cd000000003500ff5a,69df625d0000000021005c63,失败|观众,失败,观众,你也知道这玩意叫机器人，你还说做成别的形态，机器狗已经有了，就叫机器狗[失望R],0,0
69e04b2d0000000014009079,69df625d0000000021005c63,失败|观众,失败,观众,替人类承担工作啊，手能使用各种工具，比如做家务，有手可以做饭，擦桌子，扫地…有腿脚方便上下楼,0,0
69e053090000000035030245,69df625d0000000021005c63,失败|观众,失败,观众,可以适配更多人类正在使用的工具啊，不然还得发明更多形态单一的机器。,0,0
69e059cc00000000350167b2,69df625d0000000021005c63,失败|观众,失败,观众,人形机器人可以天然适配所有为人类设计的工具设备和建筑，当然这也限制了机器人的发展空间,0,0
69e05cc400000000020357bd,69df625d0000000021005c63,失败|观众,失败,观众,因为做成狗的机器狗啊,0,0
69e061a1000000003502a601,69df625d0000000021005c63,失败|观众,失败,观众,因为可以适配所有给人设计的基础设施,0,0
69e0bb97000000001401a41c,69df625d0000000021005c63,失败|观众,失败,观众,人形比较复杂，时代的产物而已，会发展成陪伴型机器人，市场比较小，后面脑机接口有了就需要机器人躯体了，只有大脑，寿命更长了，再未来就只有精神世界了[笑哭R],0,0
69e0bc1b000000001401d853,69df625d0000000021005c63,失败|观众,失败,观众,没有一定的说法啊，工业机器人很多都是适配生产线的非人形机器，这个人形机器人只是众多机器人种类之一,0,0
69e1d072000000001401b00f,69df625d0000000021005c63,失败|观众,失败,观众,因为最终目标是机器人服务于人类，目前人类社会体系，建筑都是以人类为最终使用个体构筑的，所以类人型机器人才是最终解。,0,0
69e0324a000000000c0301af,69df625d0000000021005c63,失败|观众,失败,观众,你问问你爸爸妈妈，咋个把你设计成有手有脚,-1,0
69e1f79e0000000014018812,69df625d0000000021005c63,失败|观众,失败,观众,跑得很快的是荣耀的，荣耀原来是华为的，后来被勒脖子的时候，卖给了，深圳国资委出了大头。所以是大厂出品,-1,4
69e20ab10000000014018c20,69df625d0000000021005c63,失败|观众,失败,观众,宇树机器人也摔了，网上有视频,0,0
69e25e52000000001401d80d,69df625d0000000021005c63,失败|观众,失败,观众,减速带不合理,-1,13
69e2621a000000001401a00e,69df625d0000000021005c63,失败|观众,失败,观众,和减速带没关系,-1,2
69e20b030000000014019013,69df625d0000000021005c63,失败|观众,失败,观众,回复这个内容目的是什么？[笑哭R],1,1
69e023cb000000003501243e,69df625d0000000021005c63,失败|观众,失败,观众,跑步讲求稳定性，动作指令的精准性，跑步是很多指令纠正的结果,4,4
69e024290000000035025289,69df625d0000000021005c63,失败|观众,失败,观众,这是技术迭代中必需的一步啊,3,3
69e0242b000000000202a9b5,69df625d0000000021005c63,失败|观众,失败,观众,总要跨出第一步嘛，只是按照这个速度我们这一代人怕是享受不到了,-1,4
69e02004000000003502940e,69df625d0000000021005c63,失败|观众,失败,观众,不爬怎么会走呢？跑步跳舞的难度比家务还要低，技术是慢慢在提高的啊,-1,4
69e020c4000000003500eaec,69df625d0000000021005c63,失败|观众,失败,观众,不跳舞怎么搞经费？,-1,15
69e021e5000000001500a36a,69df625d0000000021005c63,失败|观众,失败,观众,初阶的都做不好，还指望高阶？,-1,14
69e022ea0000000035027d1b,69df625d0000000021005c63,失败|观众,失败,观众,做家务的、照顾病人的、救火的、打仗的，都已经有了，你可以去了解一下。多种机器人，满足不同功能，只是不是人形而已，现在就是想看看人形机器人到底能达到什么程度，跑步跳舞是对平衡的检验。你可以当它是噱头，也有很多人认为是必须。,0,0
69e0233f0000000016015682,69df625d0000000021005c63,失败|观众,失败,观众,走道都不顺利，跳舞这样的简单动作都搞不来，你还指望他干家务，照顾病人，买你你敢用啊,-1,14
69e02353000000000100412c,69df625d0000000021005c63,失败|观众,失败,观众,这不是基础吗？走都走不明白你敢让它照顾？,-1,14
69e023ff000000001400b260,69df625d0000000021005c63,失败|观众,失败,观众,这就跟你对着一个婴儿说他应该学这学那，学走路意义何在[黑薯问号R]看着很清醒其实不动脑子,-1,0
69e16193000000001401b806,69df625d0000000021005c63,失败|观众,失败,观众,正是这种比赛 才促进了一步步的竞争 交流  才一步步的促进整体的技术提高 这是一个平台,-1,3
69e302190000000014019c0d,69df625d0000000021005c63,失败|观众,失败,观众,就是为了玩的[笑哭R]大众看热闹，投资人看成没成功挺好的[doge],3,3
69e317af000000001401c034,69df625d0000000021005c63,失败|观众,失败,观众,发现问题，后续才能改进吧,-1,2
69e164100000000014018c04,69df625d0000000021005c63,失败|观众,失败,观众,你看完标题再评论！！人家只是拿几个邋遢的做娱乐而已！！大部分还是正常的！！！,1,1
69e17fad000000001401b809,69df625d0000000021005c63,失败|观众,失败,观众,嗯，人都留给你丢才对,-1,-1
69dfec01000000003502588e,69df625d0000000021005c63,失败|观众,失败,观众,机器人的来时路！且看且珍惜,0,0
69e06a79000000003501cab9,69df625d0000000021005c63,失败|观众,失败,观众,这才正说明机器人在中国的发展无可比拟，全世界机器人种类加起来可能都没这次运动会的多。,0,0
69e3453c0000000014019c00,69df625d0000000021005c63,失败|观众,失败,观众,非常厉害了，以后太多工作都会被他们取代。[捂脸R],-1,1
69dfa9f00000000035008758,69df625d0000000021005c63,失败|观众,失败,观众,博主只是剪辑了几个出状况的搞笑组，咋还扯到丢人上去了[汗颜R],1,1
69e058ad0000000035010d28,69df625d0000000021005c63,失败|观众,失败,观众,不丢人啊，机器人发展到这种程度已经很厉害了的[派对R]并且也是在不断完善嘛[笑哭R],0,0
69e04d94000000001400be53,69df625d0000000021005c63,失败|观众,失败,观众,只能表演,-1,0
69e0be29000000001401dc19,69df625d0000000021005c63,失败|观众,失败,观众,汽车刚发明时，也有很多人认为不如马车,0,0
69e0d4790000000014018816,69df625d0000000021005c63,失败|观众,失败,观众,感觉这个像小孩提出的疑问,-1,5
69e0dc93000000001401c819,69df625d0000000021005c63,失败|观众,失败,观众,九年义务教育很重要，多上学没什么坏处。,-1,2
69e0e03f000000001401e43b,69df625d0000000021005c63,失败|观众,失败,观众,人形机器人和汽车本质都是适配现有人类社会的工具，它的发明核心目的非常明确， 创造能直接融入人类现有世界、替人类完成各类任务的通用工具 ，作为技术母体，带动全领域突破 ，人形机器人融合了人工智能、机械制造、材料科学等多个前沿领域，其研发过程会产生技术溢出效应，带动脑机接口、高端制造、大数据等多个领域的技术突破，重构智能时代的产业体系,0,0
69e0e8ef000000001401b82b,69df625d0000000021005c63,失败|观众,失败,观众,你想吧，服务业，还有危险地带，比如说灭火，救灾，以后应用的范围广阔,-1,0
69e0ece0000000001401cc06,69df625d0000000021005c63,失败|观众,失败,观众,你想它干嘛就定制它干嘛呗，研发的钱足够都能实现的。,3,3
69e0f24b000000001401a801,69df625d0000000021005c63,失败|观众,失败,观众,再刷刷视频，宇树的机器人开始学做家务，今天还刷到一个机器狗导盲犬，比真狗好多了，啥都是慢慢进步,0,0
69e0fd6d000000001401980b,69df625d0000000021005c63,失败|观众,失败,观众,你就说早期ai公布了什么吧,8,8
69e0c67d000000001401cc29,69df625d0000000021005c63,失败|观众,失败,观众,汽车刚发明的时候就能作为交通工具载人了，本就是作为载人交通工具发明的。请问人形机器人发明的目的是什么[偷笑R],0,0
69e0dadf000000001401900f,69df625d0000000021005c63,失败|观众,失败,观众,早期AI不也是只会对话，你怎么那时候不说只会对话还能干嘛,8,8
69e0dc62000000001401c031,69df625d0000000021005c63,失败|观众,失败,观众,我就是做AI开发的，看来你并不知道AI到底是个什么东西[偷笑R],8,8
69e0e986000000001401bc10,69df625d0000000021005c63,失败|观众,失败,观众,"打那么多字，没有一句是解释为什么是“人形”的[偷笑R]
智能机器人早已经遍布各个领域，各有其最适合的形态。人形呢[偷笑R]难道是等技术成熟了给你解决单身问题吗",0,0
69e0e9cc000000001401b825,69df625d0000000021005c63,失败|观众,失败,观众,所以？和“人形”有什么关系？,0,0
69e0eb28000000001401bc08,69df625d0000000021005c63,失败|观众,失败,观众,服务消防警察军队早就有机器人了[偷笑R]什么场合需要机器人双脚直立行走[偷笑R]论稳定性论速度不如轮子履带，论复杂地形通过性又不如机器狗[偷笑R],0,0
69e0f1ac000000001401940b,69df625d0000000021005c63,失败|观众,失败,观众,机器人不是人形为啥叫机器人？？？？我今天看到一个机器狗导盲犬，这不是很好的应用吗，还有机器人交警，可以极端天气帮助交警站岗，这不是好事吗，你在这抠字眼,0,0
69e0f2060000000014018c18,69df625d0000000021005c63,失败|观众,失败,观众,啥都有过个过程，你无非就是想听别人说这个没有用你才觉得符合你的意见,3,3
69e10691000000001401c803,69df625d0000000021005c63,失败|观众,失败,观众,哈哈哈，好搞笑，你知道现在的AI后台的处理在干什么吗[偷笑R],8,8
69e0008d000000000c03214f,69df625d0000000021005c63,失败|观众,失败,观众,你怎么敢假定机器人的性别[汗颜R],0,0
69e02edf0000000015000b60,69df625d0000000021005c63,失败|观众,失败,观众,是下面长东西了还是没有胸让你觉得这是个男机器人？？,0,0
69e03331000000001400b059,69df625d0000000021005c63,失败|观众,失败,观众,机器人会有性别？你怎么会问出这种离谱的问题[失望R],0,0
69e05154000000001400acad,69df625d0000000021005c63,失败|观众,失败,观众,小鹏那个做成女性网友怎么喷的？,0,0
69e054f00000000014009e32,69df625d0000000021005c63,失败|观众,失败,观众,做成人形女妳又不乐意[笑哭R],0,0
69dfc079000000003502793d,69df625d0000000021005c63,失败|观众,失败,观众,必须自己跑 要验证平衡性,5,5
69dfc1640000000035030409,69df625d0000000021005c63,失败|观众,失败,观众,不同功能的机器人不同的设计，轮子的也有很多呀，根据不同场景设计使用。这种就是看jio走，稳不稳，快不快，比赛性能呢。,0,0
69dfc1e0000000000d03481a,69df625d0000000021005c63,失败|观众,失败,观众,你也可以设计笔直向上的山路,-1,0
69dfc30600000000140092a9,69df625d0000000021005c63,失败|观众,失败,观众,这比赛要求必须是人形，装轮子的都不让参加的,0,0
69dff0dd000000000202a048,69df625d0000000021005c63,失败|观众,失败,观众,有轮椅也参加不了马拉松啊，这是跑步比赛不是开车比赛，你得看要求啊,0,0
69dff1c40000000035027006,69df625d0000000021005c63,失败|观众,失败,观众,你说的那是特斯拉无人驾驶,5,5
69dff2310000000035019987,69df625d0000000021005c63,失败|观众,失败,观众,你直接造个车，自动导航吧，甜菜,5,5
69dfc25200000000160175ad,69df625d0000000021005c63,失败|观众,失败,观众,那你干脆上辆汽车不得了。,5,5
69e74e8b000000001401d407,69df625d0000000021005c63,失败|观众,失败,观众,这啥时候的视频啊哈哈哈,1,1
69e679b3000000001401a000,69df625d0000000021005c63,失败|观众,失败,观众,哈哈哈哈哈哈哈哈你爸上次说 机器人贵不贵 买一个放工作室帮忙  我说 你认真的吗,0,0
69e49f44000000001401a033,69df625d0000000021005c63,失败|观众,失败,观众,傻傻hh,1,1
69e38bd7000000001401cc1b,69df625d0000000021005c63,失败|观众,失败,观众,机器人还是节目多[doge],0,0
69e1bc96000000001401c42a,69df625d0000000021005c63,失败|观众,失败,观众,下回有机会得去看看这种，真的好笑，没准还有奖品[笑哭R],-1,1
69e185a9000000001401c00e,69df625d0000000021005c63,失败|观众,失败,观众,这玩意各个研究的小组买了厂家的机器人然后自己改装写代码来参加比赛的[笑哭R]很多都是草台班子没这么高大上的东西,-1,3
69e08193000000001401c821,69df625d0000000021005c63,失败|观众,失败,观众,春晚的机器人不是都挺厉害的吗[石化R],15,15
69e0d4e1000000001401d80a,69df625d0000000021005c63,失败|观众,失败,观众,只有荣耀是在认真跑的哈哈哈哈哈哈哈哈哈哈哈哈,-1,0
69e041be0000000035016d57,69df625d0000000021005c63,失败|观众,失败,观众,哈哈哈哈哈各有各的精彩哈哈哈哈哈,1,1
69e02f4f0000000001007e8d,69df625d0000000021005c63,失败|观众,失败,观众,第一个好命苦,-1,11
69e01db8000000003501ffec,69df625d0000000021005c63,失败|观众,失败,观众,哈哈哈哈哈哈🈶解说更好笑了,1,1
69dfc9a4000000003501f838,69df625d0000000021005c63,失败|观众,失败,观众,管他们怎么说，做的再牛，也有人黑，不在乎就好了。,1,1
69e0313c000000000d034cc3,69df625d0000000021005c63,失败|观众,失败,观众,我之前看见过一个外国的机器人视频，全职做家务的那种，给我羡慕坏了，想着国产啥时候能出来这么有意义有用的机器人呢。,0,0
69e03de00000000035032dc4,69df625d0000000021005c63,失败|观众,失败,观众,马斯克和英伟达，造的机器人，自愧不如,0,0
69e03eb90000000035026595,69df625d0000000021005c63,失败|观众,失败,观众,因为这是比赛里出丑搞笑的，发挥的很好的没有剪进来。[doge],1,1
69e03f0c0000000035012c79,69df625d0000000021005c63,失败|观众,失败,观众,那个会不会是ppt[偷笑R]，国内这几年机器人进展太快了。很快就会出现你想要的[偷笑R],0,0
69e03f41000000000d036173,69df625d0000000021005c63,失败|观众,失败,观众,你说的这些机器人并不难，但是现在要优先军工、制造运输和医疗救援这些制造，不然无法量产，高价让人买也没几个人买得起,0,0
69e043ab000000000d035c62,69df625d0000000021005c63,失败|观众,失败,观众,我看推特评论，有惊讶的，有恐惧的，担心用来当兵，当然，贬低的也有，但是对比几年前，现在看不起中国的评论越来越少了，不过黑中国的自然不少。现在中国越来越强大了，正如你底下的评论所说，不用太计较外国人说什么了，我们只管风雨兼程，努力前行就可以了。最后，其实我觉得这种活动非常好，不过尽量不要在外网宣传，因为，正如一个人越来越强大了，他要做的，是保持谦虚和努力，而不是向其他人展示自己的力量或者期待其他人的赞赏。,0,0
69e060570000000001006ea1,69df625d0000000021005c63,失败|观众,失败,观众,不懂是不是PPT，就前一阵看到的，好像是20万，收拾屋子，叠衣服，做饭啥的，我觉得这种还挺好的，[笑哭R]老了不用雇保姆了，直接整个这玩意蛮好的。,-1,14
69e06163000000000103f03f,69df625d0000000021005c63,失败|观众,失败,观众,我又去搜了一下，管家机器人，国内也有了好像,0,0
69e33e7d000000001401c43a,69df625d0000000021005c63,失败|观众,失败,观众,嘿嘿，碎成碎片了。,2,2
69eb3944000000001401d42e,69df625d0000000021005c63,失败|观众,失败,观众,哈哈哈哈过于好笑了,1,1
69e863c1000000001401d80d,69df625d0000000021005c63,失败|观众,失败,观众,感觉多年后机器人看人类的视频也有可能是这样hhh,0,0
69ea33490000000014018813,69df625d0000000021005c63,失败|观众,失败,观众,蛙趣 那个红的跑的真快[棒R],12,12
69e707d9000000001401c004,69df625d0000000021005c63,失败|观众,失败,观众,搞笑hhh,1,1
69e6ccf9000000001401b00f,69df625d0000000021005c63,失败|观众,失败,观众,这样我还怎么养老,14,14
69e6ae9b000000001401a801,69df625d0000000021005c63,失败|观众,失败,观众,不敢想我在现场会笑的多开心,1,1
69e64aaf000000001401c025,69df625d0000000021005c63,失败|观众,失败,观众,本北京ip已经看过了！[得意R],-1,4
69e6c1aa000000001401b00e,69df625d0000000021005c63,失败|观众,失败,观众,看一晚上了,1,1
69e6fa9f000000001401a410,69df625d0000000021005c63,失败|观众,失败,观众,卧龙凤雏,6,6
69e61446000000001401a41b,69df625d0000000021005c63,失败|观众,失败,观众,不敢笑。怕机器人统治地球的时候不好过[暗中观察R],0,0
69e605b8000000001401a413,69df625d0000000021005c63,失败|观众,失败,观众,还挺有体育精神的，永不言弃[doge],4,4
69e5e44d000000001401a817,69df625d0000000021005c63,失败|观众,失败,观众,沒繃住 昨天北京有一場，導盲犬機器人贏了,0,0
69e5ebe5000000001401a40b,69df625d0000000021005c63,失败|观众,失败,观众,笑死我了，咋整这么多活[笑哭R],1,1
69e5bb7e000000001401dc26,69df625d0000000021005c63,失败|观众,失败,观众,超级拆解（JPG）,-1,2
69e5c305000000001401a01b,69df625d0000000021005c63,失败|观众,失败,观众,小巨给我直播了一些哈哈哈哈哈哈哈哈哈哈非常好笑,1,1
69e5b925000000001401b80b,69df625d0000000021005c63,失败|观众,失败,观众,命好苦的样子,-1,4
69e4cc1e000000001401c82c,69df625d0000000021005c63,失败|观众,失败,观众,怎么上来就爆装备,11,11
69e4c114000000001401bc0a,69df625d0000000021005c63,失败|观众,失败,观众,再不多笑笑过阵子就能追着人打了,1,1
69e54dd9000000001401c801,69df625d0000000021005c63,失败|观众,失败,观众,中间那个机器人靠摔倒加速 好好笑,0,0
69e4b06b0000000014019405,69df625d0000000021005c63,失败|观众,失败,观众,笑死了哈哈哈哈哈哈哈哈哈哈哈红色那个好厉害,12,12
69e4f0bb000000001401e00f,69df625d0000000021005c63,失败|观众,失败,观众,笑死我了 太奶上街了,1,1
69e4ac1e000000001401dc1c,69df625d0000000021005c63,失败|观众,失败,观众,怎么导出爆装备啊[笑哭R],11,11
69e49f7e000000001401bc04,69df625d0000000021005c63,失败|观众,失败,观众,这都是大学生做的玩意吗,-1,3
69e6da2d000000001401d816,69df625d0000000021005c63,失败|观众,失败,观众,也推到我首页了,1,1
69e4aa340000000014018826,69df625d0000000021005c63,失败|观众,失败,观众,哈哈哈哈，每次看都觉得好搞笑,1,1
69e45f9e000000001401b82e,69df625d0000000021005c63,失败|观众,失败,观众,你真的好爱这个比赛,1,1
69e4a099000000002b03243f,69df625d0000000021005c63,失败|观众,失败,观众,为AI的体育精神感动,8,8
69ec3e1800000000280392ba,69df625d0000000021005c63,失败|观众,失败,观众,要不是那个车挡着，红色的就是MVP了笑飞了直接,12,12
69e46f7e000000001401e81a,69df625d0000000021005c63,失败|观众,失败,观众,笑死，太炸裂了，物理意义的,-1,4
69e4623c0000000014018828,69df625d0000000021005c63,失败|观众,失败,观众,一道红色闪电⚡,12,12
69e44fa7000000001401c80a,69df625d0000000021005c63,失败|观众,失败,观众,居然已经到了体会开发者不易的阶段，但是好好笑啊啊啊啊。。。,-1,1
69e48a27000000001401b81b,69df625d0000000021005c63,失败|观众,失败,观众,忍不住化身一条固执的鱼,1,1
69e44d9e000000001401c01a,69df625d0000000021005c63,失败|观众,失败,观众,我在抖音有刷到个豆包＋腿的机器人参加这场比赛的,0,0
69e442fd000000001401d814,69df625d0000000021005c63,失败|观众,失败,观众,脑血栓机器人,-1,0
69e9e76d000000001401c82b,69df625d0000000021005c63,失败|观众,失败,观众,小红好厉害,12,12
69e42cca0000000014018c0a,69df625d0000000021005c63,失败|观众,失败,观众,不敢笑，怕他们崛起了干我[doge],1,1
69e427dc000000001401e810,69df625d0000000021005c63,失败|观众,失败,观众,啊？我以为机器人已经到了人均双节棍的程度,-1,7
69e5c99d000000001401d42c,69df625d0000000021005c63,失败|观众,失败,观众,笑死了哈哈哈哈哈哈哈 现在还在蹒跚学路的阶段,1,1
69e3516e000000001401bc13,69df625d0000000021005c63,失败|观众,失败,观众,哈哈哈哈哈哈，真是各有各的好笑,1,1
69e339ca000000001401881d,69df625d0000000021005c63,失败|观众,失败,观众,太好笑了，怎么爬人家汽车,5,5
69e391fa000000001401a40a,69df625d0000000021005c63,失败|观众,失败,观众,哈哈哈哈哈哈哈哈每次看到这些机器人都笑发财了,0,0
69e30ba1000000001401c82f,69df625d0000000021005c63,失败|观众,失败,观众,老婆分析的头头是道[赞R],1,1
69e30a730000000014018c1b,69df625d0000000021005c63,失败|观众,失败,观众,我苹果肌毁了,-1,-1
69e36a28000000001401a415,69df625d0000000021005c63,失败|观众,失败,观众,还在亦庄 下班多坐几站地铁就到了[笑哭R],-1,0
69e509b7000000001401b007,69df625d0000000021005c63,失败|观众,失败,观众,哈哈哈哈哈哈，另一个视频咋点不开了,1,1
69e2feac0000000014018c17,69df625d0000000021005c63,失败|观众,失败,观众,有一种呈现了打工人的精神状态的感觉[笑哭了R],1,1
69e2c468000000001401cc01,69df625d0000000021005c63,失败|观众,失败,观众,笑死我了 黑衣服还挺像人的,-1,-1
69e2a147000000001401dc04,69df625d0000000021005c63,失败|观众,失败,观众,这速度跑马拉松得跑一天吧,4,4
69e258af0000000014018c00,69df625d0000000021005c63,失败|观众,失败,观众,不愧是套人最狠的,-1,-1
69e24e29000000001401e030,69df625d0000000021005c63,失败|观众,失败,观众,哈哈哈哈哈哈哈“还在挣扎还在挣扎”,-1,2
69e2547c0000000014018c14,69df625d0000000021005c63,失败|观众,失败,观众,第一个一上来就爆装备,11,11
69e20b29000000001401e80e,69df625d0000000021005c63,失败|观众,失败,观众,笑死我了，这个解说好搞笑,1,1
69e24223000000001401cc33,69df625d0000000021005c63,失败|观众,失败,观众,在李佳琛他们公司外头[笑哭R][笑哭R],-1,3
69e1eab9000000001401d821,69df625d0000000021005c63,失败|观众,失败,观众,有点好笑有点孩怕,1,1
69e1b3e3000000001401c404,69df625d0000000021005c63,失败|观众,失败,观众,摔得东一块西一块,2,2
69e1aa750000000014019409,69df625d0000000021005c63,失败|观众,失败,观众,好多突发恶疾的[笑哭了R],-1,2
69e175b5000000001401d407,69df625d0000000021005c63,失败|观众,失败,观众,[微笑R]这不都是人遥控的么,5,5
69e18b410000000014018c24,69df625d0000000021005c63,失败|观众,失败,观众,喜剧大赛吗,1,1
69e195ab000000001401a00e,69df625d0000000021005c63,失败|观众,失败,观众,下一集呢下一集呢 那个橙红色的撞到车给我笑抽了,-1,-1
69e0fed4000000001401e01b,69df625d0000000021005c63,失败|观众,失败,观众,好好好 我们的饭碗还能端一会儿,14,14
69e0f08a000000001401c80a,69df625d0000000021005c63,失败|观众,失败,观众,我前几天一直在看这个哈哈哈哈哈哈 我发给雨薇说 机器人跑马拉松都猝死了哈哈哈哈哈哈,0,0
69e2621d000000001401d40e,69df625d0000000021005c63,失败|观众,失败,观众,感觉机器人动态还是蛮难做的,0,0
69e0dfd4000000002d0338f0,69df625d0000000021005c63,失败|观众,失败,观众,一个个的都好厉害,-1,12
69e0d31d000000001401b01b,69df625d0000000021005c63,失败|观众,失败,观众,哎哟妈耶，真的笑死我了，哈哈。还有这个以为是大神，结果就直冲冲撞上去了。,1,1
69e0cd7c000000001401d818,69df625d0000000021005c63,失败|观众,失败,观众,哈哈哈哈压力太大了,1,1
69e0ff97000000001401d808,69df625d0000000021005c63,失败|观众,失败,观众,哈哈哈哈哈摔得东一块西一块的,2,2
69e130040000000014019c04,69df625d0000000021005c63,失败|观众,失败,观众,老铁，我半夜搁马桶上笑的肚子疼,1,1
69e10c20000000001401a40c,69df625d0000000021005c63,失败|观众,失败,观众,收破烂的来了都摇头[吧唧R],-1,-1
69e0dcbb000000001401c800,69df625d0000000021005c63,失败|观众,失败,观众,人类有救了[黄金薯R],-1,0
69e08e73000000001401c820,69df625d0000000021005c63,失败|观众,失败,观众,3秒钟猜猜我在哪,1,1
69e34dc0000000001401bc1c,69df625d0000000021005c63,失败|观众,失败,观众,笑鼠我们园区比赛前有训练的我发给你,1,1
69e0c126000000001401e417,69df625d0000000021005c63,失败|观众,失败,观众,身残志坚的出发了哈哈哈哈哈,2,2
69e07551000000001500ace7,69df625d0000000021005c63,失败|观众,失败,观众,今天下雨也在跑,4,4
69e07e4b0000000014018c27,69df625d0000000021005c63,失败|观众,失败,观众,满地打滚，个跑个的,-1,11
69e08892000000001401c80e,69df625d0000000021005c63,失败|观众,失败,观众,有点诡异又很搞笑,1,1
69e06b15000000003500bbdf,69df625d0000000021005c63,失败|观众,失败,观众,有个像红色闪电一样，飞速奔跑,12,12
69e3835f000000001401d426,69df625d0000000021005c63,失败|观众,失败,观众,哈哈哈哈哈哈哈哈，AI易碎品[doge],8,8
69e4e0a6000000001401a823,69df625d0000000021005c63,失败|观众,失败,观众,我爱上豆脚了,-1,-1
69e09ae8000000001401e829,69df625d0000000021005c63,失败|观众,失败,观众,我看过直播，现场的，转弯有的还原地踏步,4,4
69e7712a0000000014018c0d,69df625d0000000021005c63,失败|观众,失败,观众,太好了，我们有救了。机器人统治不了世界,0,0
69e0d80f0000000014019430,69df625d0000000021005c63,失败|观众,失败,观众,机器人马拉松年年有新笑料[捂脸R][捂脸R][捂脸R],0,0
69e05502000000000103e37d,69df625d0000000021005c63,失败|观众,失败,观众,跑步机器人好好玩[偷笑R],0,0
69e03482000000001500bb11,69df625d0000000021005c63,失败|观众,失败,观众,掉零件还能继续跑呢,-1,9
69dfaf25000000000d03fe83,69df625d0000000021005c63,失败|观众,失败,观众,哈哈哈哈 跑的最快的 因为跑的太快 追尾了,4,4
69e0427800000000350117c1,69df625d0000000021005c63,失败|观众,失败,观众,跑的散落一地[doge],-1,2
69dfa3480000000001007f66,69df625d0000000021005c63,失败|观众,失败,观众,哈哈哈比去年强点有限,-1,15
69f188870000000029019cee,69e48b0b000000001a02578c,失败|服务者,失败,服务者,泪洒赛场（）,-1,-1
69f2fe06000000002b003b1b,69e48b0b000000001a02578c,失败|服务者,失败,服务者,说的很对，其实这句话不是笑话，历史和现实都是这样的,-1,0
69f33edb000000002900ce11,69e48b0b000000001a02578c,失败|服务者,失败,服务者,想象中的：机器人护工照顾人,7,7
69f33ef10000000028035080,69e48b0b000000001a02578c,失败|服务者,失败,服务者,实际上是：人照顾老机人,0,0
69f40d89000000002803989a,69e48b0b000000001a02578c,失败|服务者,失败,服务者,四个，得换班吧，那可是全马耶,-1,4
69f456cc000000002b02a1d8,69e48b0b000000001a02578c,失败|服务者,失败,服务者,好好好好好好好好好好，还爆啥东西出来了[石化R][偷笑R],11,11
69f46ac8000000002b02767e,69e48b0b000000001a02578c,失败|服务者,失败,服务者,那是人家研发组的成员,3,3
69f47765000000002901a623,69e48b0b000000001a02578c,失败|服务者,失败,服务者,像是冰块,13,13
69f47778000000002b0279de,69e48b0b000000001a02578c,失败|服务者,失败,服务者,应该是给电池降温的[黑薯问号R],13,13
69f48d6e000000002701fd7c,69e48b0b000000001a02578c,失败|服务者,失败,服务者,哈哈哈哈哈早期人类驯服四肢,0,0
69f4cc22000000002900dc26,69e48b0b000000001a02578c,失败|服务者,失败,服务者,家里没有老人的可以养一个,14,14
69f4d29f0000000028035800,69e48b0b000000001a02578c,失败|服务者,失败,服务者,别跑了 来做家务好吗[完啦R],4,4
69eeedd900000000270177bf,69e48b0b000000001a02578c,失败|服务者,失败,服务者,我也觉得。每次有人问，都一大堆人说是为了适配人类社会的设施，但我寻思守望先锋奥丽莎这种设计也行啊,0,0
69edd815000000002a03297c,69e48b0b000000001a02578c,失败|服务者,失败,服务者,不用两条腿的话就不叫机器人了[笑哭R],0,0
69ee29290000000028039c7f,69e48b0b000000001a02578c,失败|服务者,失败,服务者,轮子只能走平坦的路，遇到台阶啥的就没办法，不能做成通用机器人（就像扫地机器人再怎么升级也只能扫地，不能下楼取快递）,-1,0
69eefbbc000000002b025f67,69e48b0b000000001a02578c,失败|服务者,失败,服务者,因为这是人形机器人比赛，人形机器人，人形。带轮子的机器人有不是没有。人形发明出来又不是为了比赛的，比赛相当于测试，腿自有腿的适用场景。轮子是快，但也有缺点，你想想如果脚变成轮子，平时很简单的上台阶都办不到。,0,0
69ef13ee000000002b027f0d,69e48b0b000000001a02578c,失败|服务者,失败,服务者,等我老了，指着它背着我下楼去医院呢[皱眉R],14,14
69ef198f000000002900f412,69e48b0b000000001a02578c,失败|服务者,失败,服务者,现在的公共设施都是以人的形态来设计的,0,0
69ef22df0000000029012365,69e48b0b000000001a02578c,失败|服务者,失败,服务者,说得好 吃我buy your 梦泪[doge],1,1
69ef38ae000000002b0253aa,69e48b0b000000001a02578c,失败|服务者,失败,服务者,因为是机器 人,0,0
69ef39f800000000280308fd,69e48b0b000000001a02578c,失败|服务者,失败,服务者,刷到这个视频是有理由的,-1,1
69ef3c89000000002800814b,69e48b0b000000001a02578c,失败|服务者,失败,服务者,哈哈哈哈无法被选中[笑哭R]已越狱多年,1,1
69ef4525000000002a02fe22,69e48b0b000000001a02578c,失败|服务者,失败,服务者,我想起了很老的一款游戏，叫做完美形体，人形真的很完美，你不可能指望电动车爬楼梯吧[笑哭R],0,0
69f01830000000002701c274,69e48b0b000000001a02578c,失败|服务者,失败,服务者,因为这是机器人，他叫机器人因为他是人形的，有轮子的机器人叫无人驾驶汽车……人家又不是只研究人形的，狗型的机械臂的早就用了多少年了，人形自然有他的用处,0,0
69f077ea000000002b0293a6,69e48b0b000000001a02578c,失败|服务者,失败,服务者,也许叫机器狗[笑哭R],0,0
69f164ca00000000290345f1,69e48b0b000000001a02578c,失败|服务者,失败,服务者,我觉得能把这个研究好是一种炫技，可以证明自己的技术上限，然后逐渐应用在其他方面[笑哭R],-1,3
69f18a3d00000000270234ee,69e48b0b000000001a02578c,失败|服务者,失败,服务者,艹我说为什么刷到这个视频,-1,0
69f2ee0b0000000023001402,69e48b0b000000001a02578c,失败|服务者,失败,服务者,怎么这里也有我们美羊羊和哈哈哈哈哈哈哈哈哈哈,1,1
69f305e80000000029013322,69e48b0b000000001a02578c,失败|服务者,失败,服务者,机器人公司老板自己亲口说的，是噱头，接了订单以后会实事求是改造成符合工作环境的样子，所以真要做马拉松后勤第一件事就是腿改轮子[笑哭R],0,0
69f31d890000000027023129,69e48b0b000000001a02578c,失败|服务者,失败,服务者,小学的时候有那种手拉书包，地下室三个轮子呈现三角形，我看那个上楼梯可方便了，一直想要[笑哭R],-1,0
69f32471000000002701729e,69e48b0b000000001a02578c,失败|服务者,失败,服务者,不好上楼梯,-1,13
69f32ae50000000029024421,69e48b0b000000001a02578c,失败|服务者,失败,服务者,笑死我了这里也能看到人打o,1,1
69f3376a000000002803af70,69e48b0b000000001a02578c,失败|服务者,失败,服务者,因为这是具身智能  “具身”,0,0
69f41a2e00000000290184a1,69e48b0b000000001a02578c,失败|服务者,失败,服务者,可能这种就是表演性质的吧，真正实用的也是四条腿,-1,0
69f444130000000028034cc9,69e48b0b000000001a02578c,失败|服务者,失败,服务者,极限工况测试,-1,13
69f45bcc000000002a02fbb0,69e48b0b000000001a02578c,失败|服务者,失败,服务者,下一步就是让机器人骑电动车,0,0
69f47f66000000002800a8a9,69e48b0b000000001a02578c,失败|服务者,失败,服务者,扫地机器人也没有两条腿啊，人也叫机器人，说明并不是要长得像人才可以被叫机器人,0,0
69f4863b000000002702a2d7,69e48b0b000000001a02578c,失败|服务者,失败,服务者,不得摔几次[捂脸R],2,2
69f7320e000000002902e27f,69e48b0b000000001a02578c,失败|服务者,失败,服务者,可能因为它叫机器“人”？,0,0
69f85202000000002901a252,69e48b0b000000001a02578c,失败|服务者,失败,服务者,人形机器人成熟以后可以给人提供情绪价值，比如套上外皮陪伴和跳舞（类似现在很多那种机器人跳舞视频），也能适配人类已有的工具不用单独开发。而且两条腿不方便做的事还有很多对应的非人形机器人啊又不是只有这一种，只是这个活动是人形机器人的而已[捂脸R],0,0
6a036005000000002b003c63,69e48b0b000000001a02578c,失败|服务者,失败,服务者,因为要代替人 而不是某种功能,0,0
69ee3707000000002800bd51,69e48b0b000000001a02578c,失败|服务者,失败,服务者,你这张图我是这么联想的：养老院护工全部转成机器人工程师，转行都好转了,0,0
69f3269a000000002902db8a,69e48b0b000000001a02578c,失败|服务者,失败,服务者,拓展了就业空间[doge],-1,8
69e9466f000000001401c803,69e48b0b000000001a02578c,失败|服务者,失败,服务者,给电池降温吗？,13,13
69eb55fe00000000270201d1,69e48b0b000000001a02578c,失败|服务者,失败,服务者,电池降温啊？,13,13
69f221e500000000290377f7,69e48b0b000000001a02578c,失败|服务者,失败,服务者,给这些研发团队展示的平台，其实就是科技大赛呗，用马拉松来测试看谁做的机器人在行动能力上表现最好，不会真以为是要培养机器人参加运动会吧,0,0
69f434f600000000290127f2,69e48b0b000000001a02578c,失败|服务者,失败,服务者,复杂路况 极端条件  电池容量 不同的路面平衡  智能识别  以后可以用很多场景,-1,5
69f43b6a000000002a03021d,69e48b0b000000001a02578c,失败|服务者,失败,服务者,人形机器人骗国家补贴的[doge],0,0
69f58f230000000028032101,69e48b0b000000001a02578c,失败|服务者,失败,服务者,做的失败当然没有意义[捂脸R]就像为了骗补贴的机器人一样[飞吻R],3,3
69ee36be000000002702bbe5,69e48b0b000000001a02578c,失败|服务者,失败,服务者,还有续航呢，续航不光靠电池,-1,13
69eb37e0000000001401b80a,69e48b0b000000001a02578c,失败|服务者,失败,服务者,上周末北京亦庄半马有全自主机器人组 跑的比人类记录快了将近十分钟,0,0
69eb87fa000000002701712a,69e48b0b000000001a02578c,失败|服务者,失败,服务者,这东西遥控也不简单,5,5
69ed8dd50000000028035b3b,69e48b0b000000001a02578c,失败|服务者,失败,服务者,最近的北京马拉松60%的机器人是自主巡航跑完的[笑哭R],0,0
69eaeab6000000001401bc26,69e48b0b000000001a02578c,失败|服务者,失败,服务者,如果机器人的走路是纯靠遥控的那这个操作手是真nb,0,0
69eb33e1000000001401bc22,69e48b0b000000001a02578c,失败|服务者,失败,服务者,你好像没搞懂重点，他的意思是遥控机器人并不是真正意义上的ai[汗颜R][汗颜R]他是在讽刺[飞吻R],5,5
69eb876b000000002803187c,69e48b0b000000001a02578c,失败|服务者,失败,服务者,他也是讽刺楼主[捂脸R]，他的意思是如果有人操控机器人，那么这个人手也挺六的，表达的意思是他并不相信这个是遥控机器人，讽刺了楼主,5,5
69ec531b0000000028031f22,69e48b0b000000001a02578c,失败|服务者,失败,服务者,有全自主机器人组啊，是没看到吗,0,0
69ecc6450000000029019f66,69e48b0b000000001a02578c,失败|服务者,失败,服务者,谁家遥控的能这么东倒西歪的,5,5
69ef30dc000000002803550e,69e48b0b000000001a02578c,失败|服务者,失败,服务者,闹麻了，要是国外做的，你就吹文明[捂脸R],-1,0
69ef3106000000002803e2c9,69e48b0b000000001a02578c,失败|服务者,失败,服务者,那你也没读懂[偷笑R]要是这东西纯遥控都做成这样还得了,5,5
69ec816d000000002800ac16,69e48b0b000000001a02578c,失败|服务者,失败,服务者,比赛分两组，这组是带遥控辅助，另一组自个儿跑,5,5
69ec5d50000000002702ef11,69e48b0b000000001a02578c,失败|服务者,失败,服务者,这次是分自动组和遥控组,5,5
69f481ab00000000290259fb,69e48b0b000000001a02578c,失败|服务者,失败,服务者,都机器了，实在不懂为什么还要执着于人形,0,0
69f6ff390000000027023063,69e48b0b000000001a02578c,失败|服务者,失败,服务者,我八十的时候要靠它照顾吗,14,14
69f5e3f60000000028032d47,69e48b0b000000001a02578c,失败|服务者,失败,服务者,啊[doge]上回还看过一个机器人把人撞了自己也倒了，关键是它躺嘞笔直，看着又笨又g x[捂脸R],0,0
69f4368a000000002702fcb8,69e48b0b000000001a02578c,失败|服务者,失败,服务者,我不行了哈哈哈脸朝地不怕毁容吗[偷笑R],-1,3
69ef86cc000000002702a624,69e48b0b000000001a02578c,失败|服务者,失败,服务者,可能是cpu干烧了吧[石化R],13,13
69eafb89000000001401d809,69e48b0b000000001a02578c,失败|服务者,失败,服务者,Omg bro on fire..,-1,1
69ec73be000000002a026735,69e48b0b000000001a02578c,失败|服务者,失败,服务者,后面是复杂的姿态控制运算,5,5
69ec95ee000000002701d609,69e48b0b000000001a02578c,失败|服务者,失败,服务者,手机以前只能打5米的电话，以前也被别人说一点用都没有，为了圈钱的[偷笑R]现在呢？,3,3
69ec991f0000000029010a87,69e48b0b000000001a02578c,失败|服务者,失败,服务者,要是外国人搞的，你会说“这就是人类之光，未来在这里”[doge],-1,0
69ec77ea00000000290355fc,69e48b0b000000001a02578c,失败|服务者,失败,服务者,你猜为什么叫机器人 不叫机器车[doge],0,0
69ec91e9000000002702b4ea,69e48b0b000000001a02578c,失败|服务者,失败,服务者,机器人以后是要走楼梯的，辅助人类的，用轮子咋走啊？搀着机器人上楼梯啊,0,0
69ec9f32000000002b029a8c,69e48b0b000000001a02578c,失败|服务者,失败,服务者,你这评论竟然这么多点赞，小红书用户的认知水平真是可怕,1,1
69ecb9fa000000002900ec85,69e48b0b000000001a02578c,失败|服务者,失败,服务者,买的起机器人买不起电梯房？,0,0
69eaf2060000000014019407,69e48b0b000000001a02578c,失败|服务者,失败,服务者,家用电脑都得装个水冷何况这种东西,13,13
69ead42b000000001401dc28,69e48b0b000000001a02578c,失败|服务者,失败,服务者,骑电驴不需要降温,13,13
69eaebf8000000001401d411,69e48b0b000000001a02578c,失败|服务者,失败,服务者,正常的工业产品一定可以在设计工况下 无需外挂散热的情况下工作的。这些现在都是验证品，距离工业产品还有距离,13,13
69eaf393000000001401e412,69e48b0b000000001a02578c,失败|服务者,失败,服务者,多背一套散热系统就多浪费电，这跑步的续航就得降低。加冰多方便，就跟汽车加油一样。,13,13
69eb03ee000000001401c005,69e48b0b000000001a02578c,失败|服务者,失败,服务者,合不合理不重要 浅到手，爆炸也没关系,2,2
69eb0659000000001401c42a,69e48b0b000000001a02578c,失败|服务者,失败,服务者,[偷笑R]能合理拿到拨款💰就行了,3,3
69eb2ec3000000001401dc3d,69e48b0b000000001a02578c,失败|服务者,失败,服务者,会影响到投资人的态度,3,3
69ea3f340000000014013803,69e48b0b000000001a02578c,失败|服务者,失败,服务者,时间一长，什么不需要额外降温,13,13
69eaace1000000001401e407,69e48b0b000000001a02578c,失败|服务者,失败,服务者,你看了比赛没有[抠鼻R]没有一个机器人不需要降温的，你知道跑多少公里吗[抠鼻R],-1,13
69ead6a50000000014019016,69e48b0b000000001a02578c,失败|服务者,失败,服务者,你会设计机器人吗，还搁这点评上合理不合理了[笑哭R],0,0
69eae183000000001401a418,69e48b0b000000001a02578c,失败|服务者,失败,服务者,他明显毒蘑菇吃多了,-1,8
69eae9a8000000001401b00d,69e48b0b000000001a02578c,失败|服务者,失败,服务者,这个本来就是工业垃圾比赛。参考汽车。需要自带散热系统。,13,13
69eb0b39000000001401bc0b,69e48b0b000000001a02578c,失败|服务者,失败,服务者,电力刚发明的时候那些人也和你一样这么说,-1,15
69eb0e2d000000001401c409,69e48b0b000000001a02578c,失败|服务者,失败,服务者,有10%认真做的就够了，很正常,3,3
69eb102b000000001401e806,69e48b0b000000001a02578c,失败|服务者,失败,服务者,就怕那10%都是一地鸡毛,3,3
69eb14a7000000001401b024,69e48b0b000000001a02578c,失败|服务者,失败,服务者,是不是被概念股套牢了,3,3
69eb1ad5000000001401d42f,69e48b0b000000001a02578c,失败|服务者,失败,服务者,不，并不看好机器人概念的,0,0
69eb1b48000000001401dc21,69e48b0b000000001a02578c,失败|服务者,失败,服务者,对，机器人概念的完全不感兴趣,0,0
69eb0cb7000000001401d802,69e48b0b000000001a02578c,失败|服务者,失败,服务者,能一样吗？现在造机器人90%以上都是去骗补贴，争取上市圈钱。,0,0
69eb0e46000000001401bc12,69e48b0b000000001a02578c,失败|服务者,失败,服务者,就跟你拉屎时擦腚的纸一样，你只需要10%的纸，但你不能只用10%的纸,3,3
69eb185f000000001401c017,69e48b0b000000001a02578c,失败|服务者,失败,服务者,你最好想想飞机的历史才多少年,-1,0
69f59451000000002b001a18,69e48b0b000000001a02578c,失败|服务者,失败,服务者,哎哟喂，，还掉装备了,11,11
69f4823a000000002803fb54,69e48b0b000000001a02578c,失败|服务者,失败,服务者,[扶墙R]机器人也得用冰块降温啊。,-1,13
69f476e2000000002b02bac6,69e48b0b000000001a02578c,失败|服务者,失败,服务者,机器人也不行啊,0,0
69eac3840000000014013400,69e48b0b000000001a02578c,失败|服务者,失败,服务者,嫌自己家里不够乱的可以买一个回去添乱,14,14
