帖子id,topic,count,n_comments,share_within_cell
69da7e87000000001a03484e,0,56,2379,0.023539302227826818
69da7e87000000001a03484e,1,110,2379,0.04623791509037411
69da7e87000000001a03484e,2,141,2379,0.05926860025220681
69da7e87000000001a03484e,3,55,2379,0.023118957545187054
69da7e87000000001a03484e,4,8,2379,0.003362757461118117
69da7e87000000001a03484e,5,153,2379,0.06431273644388398
69da7e87000000001a03484e,6,1,2379,0.0004203446826397646
69da7e87000000001a03484e,7,17,2379,0.007145859604875998
69da7e87000000001a03484e,8,58,2379,0.02437999159310635
69da7e87000000001a03484e,9,75,2379,0.031525851197982346
69da7e87000000001a03484e,10,20,2379,0.008406893652795292
69da7e87000000001a03484e,11,65,2379,0.0273224043715847
69da7e87000000001a03484e,12,46,2379,0.019335855401429174
69da7e87000000001a03484e,13,30,2379,0.012610340479192938
69da7e87000000001a03484e,14,21,2379,0.008827238335435058
69da7e87000000001a03484e,15,53,2379,0.022278268179907523
69da7e87000000001a03484e,16,138,2379,0.058007566204287514
69da7e87000000001a03484e,17,2,2379,0.0008406893652795292
69da7e87000000001a03484e,18,3,2379,0.0012610340479192938
69da7e87000000001a03484e,19,29,2379,0.012189995796553174
69da7e87000000001a03484e,20,4,2379,0.0016813787305590584
69da7e87000000001a03484e,21,21,2379,0.008827238335435058
69da7e87000000001a03484e,22,47,2379,0.019756200084068937
69da7e87000000001a03484e,23,1,2379,0.0004203446826397646
69da7e87000000001a03484e,24,103,2379,0.04329550231189575
69da7e87000000001a03484e,25,8,2379,0.003362757461118117
69da7e87000000001a03484e,26,29,2379,0.012189995796553174
69da7e87000000001a03484e,28,2,2379,0.0008406893652795292
69da7e87000000001a03484e,29,9,2379,0.0037831021437578815
69da7e87000000001a03484e,30,9,2379,0.0037831021437578815
69da7e87000000001a03484e,31,4,2379,0.0016813787305590584
69da7e87000000001a03484e,32,54,2379,0.02269861286254729
69da7e87000000001a03484e,33,2,2379,0.0008406893652795292
69da7e87000000001a03484e,34,2,2379,0.0008406893652795292
69da7e87000000001a03484e,35,27,2379,0.011349306431273645
69da7e87000000001a03484e,36,1,2379,0.0004203446826397646
69da7e87000000001a03484e,37,19,2379,0.007986548970155528
69da7e87000000001a03484e,40,22,2379,0.009247583018074821
69da7e87000000001a03484e,41,8,2379,0.003362757461118117
69da7e87000000001a03484e,42,2,2379,0.0008406893652795292
69da7e87000000001a03484e,43,3,2379,0.0012610340479192938
69da7e87000000001a03484e,44,6,2379,0.0025220680958385876
69da7e87000000001a03484e,45,14,2379,0.0058848255569567045
69da7e87000000001a03484e,46,16,2379,0.006725514922236234
69da7e87000000001a03484e,47,16,2379,0.006725514922236234
69da7e87000000001a03484e,48,8,2379,0.003362757461118117
69da7e87000000001a03484e,49,4,2379,0.0016813787305590584
69da7e87000000001a03484e,50,34,2379,0.014291719209751997
69da7e87000000001a03484e,51,1,2379,0.0004203446826397646
69da7e87000000001a03484e,52,13,2379,0.00546448087431694
69da7e87000000001a03484e,53,15,2379,0.006305170239596469
69da7e87000000001a03484e,54,9,2379,0.0037831021437578815
69da7e87000000001a03484e,55,7,2379,0.0029424127784783522
69da7e87000000001a03484e,56,1,2379,0.0004203446826397646
69da7e87000000001a03484e,57,2,2379,0.0008406893652795292
69da7e87000000001a03484e,58,28,2379,0.011769651113913409
69da7e87000000001a03484e,59,7,2379,0.0029424127784783522
69da7e87000000001a03484e,60,10,2379,0.004203446826397646
69da7e87000000001a03484e,61,1,2379,0.0004203446826397646
69da7e87000000001a03484e,63,19,2379,0.007986548970155528
69da7e87000000001a03484e,65,4,2379,0.0016813787305590584
69da7e87000000001a03484e,66,1,2379,0.0004203446826397646
69da7e87000000001a03484e,68,37,2379,0.015552753257671291
69da7e87000000001a03484e,69,1,2379,0.0004203446826397646
69da7e87000000001a03484e,70,2,2379,0.0008406893652795292
69da7e87000000001a03484e,71,9,2379,0.0037831021437578815
69da7e87000000001a03484e,72,53,2379,0.022278268179907523
69da7e87000000001a03484e,73,1,2379,0.0004203446826397646
69da7e87000000001a03484e,74,4,2379,0.0016813787305590584
69da7e87000000001a03484e,75,2,2379,0.0008406893652795292
69da7e87000000001a03484e,76,10,2379,0.004203446826397646
69da7e87000000001a03484e,78,7,2379,0.0029424127784783522
69da7e87000000001a03484e,79,1,2379,0.0004203446826397646
69da7e87000000001a03484e,80,7,2379,0.0029424127784783522
69da7e87000000001a03484e,81,3,2379,0.0012610340479192938
69da7e87000000001a03484e,82,8,2379,0.003362757461118117
69da7e87000000001a03484e,83,7,2379,0.0029424127784783522
69da7e87000000001a03484e,84,18,2379,0.007566204287515763
69da7e87000000001a03484e,85,2,2379,0.0008406893652795292
69da7e87000000001a03484e,87,9,2379,0.0037831021437578815
69da7e87000000001a03484e,88,3,2379,0.0012610340479192938
69da7e87000000001a03484e,89,1,2379,0.0004203446826397646
69da7e87000000001a03484e,90,5,2379,0.002101723413198823
69da7e87000000001a03484e,91,3,2379,0.0012610340479192938
69da7e87000000001a03484e,92,1,2379,0.0004203446826397646
69da7e87000000001a03484e,93,5,2379,0.002101723413198823
69da7e87000000001a03484e,94,8,2379,0.003362757461118117
69da7e87000000001a03484e,95,6,2379,0.0025220680958385876
69da7e87000000001a03484e,96,1,2379,0.0004203446826397646
69da7e87000000001a03484e,98,9,2379,0.0037831021437578815
69da7e87000000001a03484e,99,1,2379,0.0004203446826397646
69da7e87000000001a03484e,100,8,2379,0.003362757461118117
69da7e87000000001a03484e,101,1,2379,0.0004203446826397646
69da7e87000000001a03484e,102,2,2379,0.0008406893652795292
69da7e87000000001a03484e,103,6,2379,0.0025220680958385876
69da7e87000000001a03484e,104,1,2379,0.0004203446826397646
69da7e87000000001a03484e,105,24,2379,0.01008827238335435
69da7e87000000001a03484e,107,1,2379,0.0004203446826397646
69da7e87000000001a03484e,108,5,2379,0.002101723413198823
69da7e87000000001a03484e,109,4,2379,0.0016813787305590584
69da7e87000000001a03484e,110,6,2379,0.0025220680958385876
69da7e87000000001a03484e,111,17,2379,0.007145859604875998
69da7e87000000001a03484e,112,1,2379,0.0004203446826397646
69da7e87000000001a03484e,113,9,2379,0.0037831021437578815
69da7e87000000001a03484e,114,23,2379,0.009667927700714587
69da7e87000000001a03484e,115,30,2379,0.012610340479192938
69da7e87000000001a03484e,116,6,2379,0.0025220680958385876
69da7e87000000001a03484e,117,5,2379,0.002101723413198823
69da7e87000000001a03484e,118,41,2379,0.017234131988230348
69da7e87000000001a03484e,120,5,2379,0.002101723413198823
69da7e87000000001a03484e,121,3,2379,0.0012610340479192938
69da7e87000000001a03484e,122,1,2379,0.0004203446826397646
69da7e87000000001a03484e,123,8,2379,0.003362757461118117
69da7e87000000001a03484e,124,24,2379,0.01008827238335435
69da7e87000000001a03484e,125,6,2379,0.0025220680958385876
69da7e87000000001a03484e,126,8,2379,0.003362757461118117
69da7e87000000001a03484e,127,10,2379,0.004203446826397646
69da7e87000000001a03484e,128,3,2379,0.0012610340479192938
69da7e87000000001a03484e,129,5,2379,0.002101723413198823
69da7e87000000001a03484e,130,2,2379,0.0008406893652795292
69da7e87000000001a03484e,133,2,2379,0.0008406893652795292
69da7e87000000001a03484e,134,4,2379,0.0016813787305590584
69da7e87000000001a03484e,136,1,2379,0.0004203446826397646
69da7e87000000001a03484e,137,27,2379,0.011349306431273645
69da7e87000000001a03484e,139,27,2379,0.011349306431273645
69da7e87000000001a03484e,140,3,2379,0.0012610340479192938
69da7e87000000001a03484e,141,7,2379,0.0029424127784783522
69da7e87000000001a03484e,142,5,2379,0.002101723413198823
69da7e87000000001a03484e,143,5,2379,0.002101723413198823
69da7e87000000001a03484e,144,2,2379,0.0008406893652795292
69da7e87000000001a03484e,145,3,2379,0.0012610340479192938
69da7e87000000001a03484e,146,19,2379,0.007986548970155528
69da7e87000000001a03484e,147,9,2379,0.0037831021437578815
69da7e87000000001a03484e,149,2,2379,0.0008406893652795292
69da7e87000000001a03484e,150,2,2379,0.0008406893652795292
69da7e87000000001a03484e,153,5,2379,0.002101723413198823
69da7e87000000001a03484e,154,25,2379,0.010508617065994116
69da7e87000000001a03484e,155,24,2379,0.01008827238335435
69da7e87000000001a03484e,157,1,2379,0.0004203446826397646
69da7e87000000001a03484e,158,1,2379,0.0004203446826397646
69da7e87000000001a03484e,159,6,2379,0.0025220680958385876
69da7e87000000001a03484e,161,17,2379,0.007145859604875998
69da7e87000000001a03484e,163,2,2379,0.0008406893652795292
69da7e87000000001a03484e,164,2,2379,0.0008406893652795292
69da7e87000000001a03484e,165,1,2379,0.0004203446826397646
69da7e87000000001a03484e,166,2,2379,0.0008406893652795292
69da7e87000000001a03484e,168,1,2379,0.0004203446826397646
69da7e87000000001a03484e,169,3,2379,0.0012610340479192938
69da7e87000000001a03484e,175,1,2379,0.0004203446826397646
69da7e87000000001a03484e,176,2,2379,0.0008406893652795292
69da7e87000000001a03484e,178,2,2379,0.0008406893652795292
69da7e87000000001a03484e,179,2,2379,0.0008406893652795292
69da7e87000000001a03484e,180,1,2379,0.0004203446826397646
69db34bb000000001a0348ae,0,2,125,0.016
69db34bb000000001a0348ae,3,3,125,0.024
69db34bb000000001a0348ae,7,1,125,0.008
69db34bb000000001a0348ae,8,2,125,0.016
69db34bb000000001a0348ae,9,4,125,0.032
69db34bb000000001a0348ae,10,5,125,0.04
69db34bb000000001a0348ae,12,1,125,0.008
69db34bb000000001a0348ae,13,1,125,0.008
69db34bb000000001a0348ae,14,1,125,0.008
69db34bb000000001a0348ae,19,3,125,0.024
69db34bb000000001a0348ae,21,3,125,0.024
69db34bb000000001a0348ae,24,1,125,0.008
69db34bb000000001a0348ae,32,2,125,0.016
69db34bb000000001a0348ae,35,1,125,0.008
69db34bb000000001a0348ae,40,1,125,0.008
69db34bb000000001a0348ae,43,11,125,0.088
69db34bb000000001a0348ae,44,1,125,0.008
69db34bb000000001a0348ae,45,8,125,0.064
69db34bb000000001a0348ae,46,1,125,0.008
69db34bb000000001a0348ae,47,2,125,0.016
69db34bb000000001a0348ae,49,1,125,0.008
69db34bb000000001a0348ae,50,1,125,0.008
69db34bb000000001a0348ae,55,41,125,0.328
69db34bb000000001a0348ae,56,1,125,0.008
69db34bb000000001a0348ae,60,1,125,0.008
69db34bb000000001a0348ae,72,1,125,0.008
69db34bb000000001a0348ae,75,1,125,0.008
69db34bb000000001a0348ae,82,2,125,0.016
69db34bb000000001a0348ae,83,1,125,0.008
69db34bb000000001a0348ae,88,1,125,0.008
69db34bb000000001a0348ae,94,2,125,0.016
69db34bb000000001a0348ae,102,4,125,0.032
69db34bb000000001a0348ae,103,1,125,0.008
69db34bb000000001a0348ae,108,1,125,0.008
69db34bb000000001a0348ae,111,1,125,0.008
69db34bb000000001a0348ae,112,1,125,0.008
69db34bb000000001a0348ae,113,1,125,0.008
69db34bb000000001a0348ae,117,2,125,0.016
69db34bb000000001a0348ae,119,1,125,0.008
69db34bb000000001a0348ae,128,1,125,0.008
69db34bb000000001a0348ae,146,1,125,0.008
69db34bb000000001a0348ae,154,1,125,0.008
69db34bb000000001a0348ae,159,1,125,0.008
69db34bb000000001a0348ae,168,1,125,0.008
69db34bb000000001a0348ae,175,1,125,0.008
69df625d0000000021005c63,0,50,625,0.08
69df625d0000000021005c63,1,28,625,0.0448
69df625d0000000021005c63,2,2,625,0.0032
69df625d0000000021005c63,3,22,625,0.0352
69df625d0000000021005c63,4,1,625,0.0016
69df625d0000000021005c63,5,11,625,0.0176
69df625d0000000021005c63,6,1,625,0.0016
69df625d0000000021005c63,7,27,625,0.0432
69df625d0000000021005c63,8,16,625,0.0256
69df625d0000000021005c63,9,4,625,0.0064
69df625d0000000021005c63,10,36,625,0.0576
69df625d0000000021005c63,11,1,625,0.0016
69df625d0000000021005c63,12,14,625,0.0224
69df625d0000000021005c63,13,8,625,0.0128
69df625d0000000021005c63,14,14,625,0.0224
69df625d0000000021005c63,15,1,625,0.0016
69df625d0000000021005c63,16,5,625,0.008
69df625d0000000021005c63,19,7,625,0.0112
69df625d0000000021005c63,21,4,625,0.0064
69df625d0000000021005c63,22,4,625,0.0064
69df625d0000000021005c63,23,1,625,0.0016
69df625d0000000021005c63,24,7,625,0.0112
69df625d0000000021005c63,25,19,625,0.0304
69df625d0000000021005c63,26,8,625,0.0128
69df625d0000000021005c63,28,4,625,0.0064
69df625d0000000021005c63,29,1,625,0.0016
69df625d0000000021005c63,30,2,625,0.0032
69df625d0000000021005c63,32,4,625,0.0064
69df625d0000000021005c63,35,1,625,0.0016
69df625d0000000021005c63,36,34,625,0.0544
69df625d0000000021005c63,37,6,625,0.0096
69df625d0000000021005c63,40,2,625,0.0032
69df625d0000000021005c63,41,3,625,0.0048
69df625d0000000021005c63,43,1,625,0.0016
69df625d0000000021005c63,44,3,625,0.0048
69df625d0000000021005c63,45,5,625,0.008
69df625d0000000021005c63,46,1,625,0.0016
69df625d0000000021005c63,47,9,625,0.0144
69df625d0000000021005c63,48,10,625,0.016
69df625d0000000021005c63,49,3,625,0.0048
69df625d0000000021005c63,50,2,625,0.0032
69df625d0000000021005c63,51,1,625,0.0016
69df625d0000000021005c63,52,3,625,0.0048
69df625d0000000021005c63,53,8,625,0.0128
69df625d0000000021005c63,54,1,625,0.0016
69df625d0000000021005c63,56,2,625,0.0032
69df625d0000000021005c63,57,1,625,0.0016
69df625d0000000021005c63,58,4,625,0.0064
69df625d0000000021005c63,59,3,625,0.0048
69df625d0000000021005c63,67,1,625,0.0016
69df625d0000000021005c63,68,1,625,0.0016
69df625d0000000021005c63,70,1,625,0.0016
69df625d0000000021005c63,71,2,625,0.0032
69df625d0000000021005c63,73,9,625,0.0144
69df625d0000000021005c63,76,3,625,0.0048
69df625d0000000021005c63,78,1,625,0.0016
69df625d0000000021005c63,79,1,625,0.0016
69df625d0000000021005c63,80,2,625,0.0032
69df625d0000000021005c63,82,6,625,0.0096
69df625d0000000021005c63,84,2,625,0.0032
69df625d0000000021005c63,85,16,625,0.0256
69df625d0000000021005c63,86,7,625,0.0112
69df625d0000000021005c63,87,4,625,0.0064
69df625d0000000021005c63,88,3,625,0.0048
69df625d0000000021005c63,89,1,625,0.0016
69df625d0000000021005c63,90,1,625,0.0016
69df625d0000000021005c63,92,1,625,0.0016
69df625d0000000021005c63,93,1,625,0.0016
69df625d0000000021005c63,94,4,625,0.0064
69df625d0000000021005c63,95,7,625,0.0112
69df625d0000000021005c63,97,1,625,0.0016
69df625d0000000021005c63,100,1,625,0.0016
69df625d0000000021005c63,103,24,625,0.0384
69df625d0000000021005c63,104,7,625,0.0112
69df625d0000000021005c63,105,1,625,0.0016
69df625d0000000021005c63,107,1,625,0.0016
69df625d0000000021005c63,108,2,625,0.0032
69df625d0000000021005c63,109,1,625,0.0016
69df625d0000000021005c63,110,7,625,0.0112
69df625d0000000021005c63,111,5,625,0.008
69df625d0000000021005c63,112,1,625,0.0016
69df625d0000000021005c63,113,5,625,0.008
69df625d0000000021005c63,115,2,625,0.0032
69df625d0000000021005c63,116,2,625,0.0032
69df625d0000000021005c63,117,3,625,0.0048
69df625d0000000021005c63,120,1,625,0.0016
69df625d0000000021005c63,122,3,625,0.0048
69df625d0000000021005c63,123,3,625,0.0048
69df625d0000000021005c63,125,5,625,0.008
69df625d0000000021005c63,126,3,625,0.0048
69df625d0000000021005c63,127,1,625,0.0016
69df625d0000000021005c63,128,2,625,0.0032
69df625d0000000021005c63,130,1,625,0.0016
69df625d0000000021005c63,131,1,625,0.0016
69df625d0000000021005c63,132,1,625,0.0016
69df625d0000000021005c63,133,5,625,0.008
69df625d0000000021005c63,134,3,625,0.0048
69df625d0000000021005c63,139,2,625,0.0032
69df625d0000000021005c63,140,1,625,0.0016
69df625d0000000021005c63,141,2,625,0.0032
69df625d0000000021005c63,142,6,625,0.0096
69df625d0000000021005c63,143,3,625,0.0048
69df625d0000000021005c63,144,2,625,0.0032
69df625d0000000021005c63,146,9,625,0.0144
69df625d0000000021005c63,147,3,625,0.0048
69df625d0000000021005c63,150,5,625,0.008
69df625d0000000021005c63,152,6,625,0.0096
69df625d0000000021005c63,153,1,625,0.0016
69df625d0000000021005c63,154,1,625,0.0016
69df625d0000000021005c63,159,2,625,0.0032
69df625d0000000021005c63,162,1,625,0.0016
69df625d0000000021005c63,165,1,625,0.0016
69df625d0000000021005c63,166,1,625,0.0016
69df625d0000000021005c63,169,3,625,0.0048
69df625d0000000021005c63,175,1,625,0.0016
69df625d0000000021005c63,178,1,625,0.0016
69df625d0000000021005c63,179,1,625,0.0016
69df625d0000000021005c63,180,2,625,0.0032
69e2583b00000000230211ea,0,18,687,0.026200873362445413
69e2583b00000000230211ea,1,10,687,0.01455604075691412
69e2583b00000000230211ea,2,7,687,0.010189228529839884
69e2583b00000000230211ea,3,128,687,0.18631732168850074
69e2583b00000000230211ea,4,12,687,0.017467248908296942
69e2583b00000000230211ea,5,7,687,0.010189228529839884
69e2583b00000000230211ea,6,1,687,0.001455604075691412
69e2583b00000000230211ea,7,8,687,0.011644832605531296
69e2583b00000000230211ea,8,15,687,0.021834061135371178
69e2583b00000000230211ea,9,5,687,0.00727802037845706
69e2583b00000000230211ea,10,12,687,0.017467248908296942
69e2583b00000000230211ea,11,10,687,0.01455604075691412
69e2583b00000000230211ea,12,7,687,0.010189228529839884
69e2583b00000000230211ea,13,7,687,0.010189228529839884
69e2583b00000000230211ea,14,38,687,0.055312954876273655
69e2583b00000000230211ea,18,2,687,0.002911208151382824
69e2583b00000000230211ea,19,3,687,0.004366812227074236
69e2583b00000000230211ea,20,1,687,0.001455604075691412
69e2583b00000000230211ea,21,2,687,0.002911208151382824
69e2583b00000000230211ea,22,8,687,0.011644832605531296
69e2583b00000000230211ea,23,3,687,0.004366812227074236
69e2583b00000000230211ea,25,1,687,0.001455604075691412
69e2583b00000000230211ea,26,4,687,0.005822416302765648
69e2583b00000000230211ea,28,3,687,0.004366812227074236
69e2583b00000000230211ea,30,1,687,0.001455604075691412
69e2583b00000000230211ea,32,5,687,0.00727802037845706
69e2583b00000000230211ea,33,1,687,0.001455604075691412
69e2583b00000000230211ea,35,2,687,0.002911208151382824
69e2583b00000000230211ea,36,3,687,0.004366812227074236
69e2583b00000000230211ea,37,5,687,0.00727802037845706
69e2583b00000000230211ea,40,2,687,0.002911208151382824
69e2583b00000000230211ea,43,74,687,0.10771470160116449
69e2583b00000000230211ea,44,6,687,0.008733624454148471
69e2583b00000000230211ea,45,15,687,0.021834061135371178
69e2583b00000000230211ea,46,2,687,0.002911208151382824
69e2583b00000000230211ea,47,1,687,0.001455604075691412
69e2583b00000000230211ea,48,5,687,0.00727802037845706
69e2583b00000000230211ea,49,6,687,0.008733624454148471
69e2583b00000000230211ea,53,14,687,0.020378457059679767
69e2583b00000000230211ea,54,1,687,0.001455604075691412
69e2583b00000000230211ea,55,2,687,0.002911208151382824
69e2583b00000000230211ea,56,1,687,0.001455604075691412
69e2583b00000000230211ea,57,1,687,0.001455604075691412
69e2583b00000000230211ea,58,2,687,0.002911208151382824
69e2583b00000000230211ea,59,2,687,0.002911208151382824
69e2583b00000000230211ea,60,3,687,0.004366812227074236
69e2583b00000000230211ea,63,1,687,0.001455604075691412
69e2583b00000000230211ea,68,1,687,0.001455604075691412
69e2583b00000000230211ea,74,1,687,0.001455604075691412
69e2583b00000000230211ea,76,1,687,0.001455604075691412
69e2583b00000000230211ea,78,8,687,0.011644832605531296
69e2583b00000000230211ea,80,2,687,0.002911208151382824
69e2583b00000000230211ea,82,18,687,0.026200873362445413
69e2583b00000000230211ea,83,1,687,0.001455604075691412
69e2583b00000000230211ea,84,2,687,0.002911208151382824
69e2583b00000000230211ea,85,8,687,0.011644832605531296
69e2583b00000000230211ea,87,1,687,0.001455604075691412
69e2583b00000000230211ea,89,1,687,0.001455604075691412
69e2583b00000000230211ea,91,2,687,0.002911208151382824
69e2583b00000000230211ea,93,1,687,0.001455604075691412
69e2583b00000000230211ea,94,3,687,0.004366812227074236
69e2583b00000000230211ea,95,8,687,0.011644832605531296
69e2583b00000000230211ea,96,1,687,0.001455604075691412
69e2583b00000000230211ea,97,1,687,0.001455604075691412
69e2583b00000000230211ea,98,1,687,0.001455604075691412
69e2583b00000000230211ea,99,2,687,0.002911208151382824
69e2583b00000000230211ea,102,2,687,0.002911208151382824
69e2583b00000000230211ea,103,1,687,0.001455604075691412
69e2583b00000000230211ea,104,26,687,0.03784570596797671
69e2583b00000000230211ea,105,1,687,0.001455604075691412
69e2583b00000000230211ea,108,3,687,0.004366812227074236
69e2583b00000000230211ea,109,1,687,0.001455604075691412
69e2583b00000000230211ea,110,8,687,0.011644832605531296
69e2583b00000000230211ea,111,1,687,0.001455604075691412
69e2583b00000000230211ea,112,36,687,0.05240174672489083
69e2583b00000000230211ea,117,1,687,0.001455604075691412
69e2583b00000000230211ea,120,1,687,0.001455604075691412
69e2583b00000000230211ea,121,2,687,0.002911208151382824
69e2583b00000000230211ea,123,2,687,0.002911208151382824
69e2583b00000000230211ea,125,5,687,0.00727802037845706
69e2583b00000000230211ea,126,1,687,0.001455604075691412
69e2583b00000000230211ea,127,1,687,0.001455604075691412
69e2583b00000000230211ea,128,3,687,0.004366812227074236
69e2583b00000000230211ea,129,1,687,0.001455604075691412
69e2583b00000000230211ea,131,1,687,0.001455604075691412
69e2583b00000000230211ea,133,19,687,0.027656477438136828
69e2583b00000000230211ea,137,1,687,0.001455604075691412
69e2583b00000000230211ea,142,7,687,0.010189228529839884
69e2583b00000000230211ea,143,9,687,0.013100436681222707
69e2583b00000000230211ea,144,1,687,0.001455604075691412
69e2583b00000000230211ea,147,1,687,0.001455604075691412
69e2583b00000000230211ea,148,1,687,0.001455604075691412
69e2583b00000000230211ea,150,3,687,0.004366812227074236
69e2583b00000000230211ea,152,1,687,0.001455604075691412
69e2583b00000000230211ea,153,1,687,0.001455604075691412
69e2583b00000000230211ea,155,1,687,0.001455604075691412
69e2583b00000000230211ea,159,2,687,0.002911208151382824
69e2583b00000000230211ea,163,1,687,0.001455604075691412
69e2583b00000000230211ea,164,4,687,0.005822416302765648
69e2583b00000000230211ea,165,1,687,0.001455604075691412
69e2583b00000000230211ea,166,2,687,0.002911208151382824
69e2583b00000000230211ea,168,2,687,0.002911208151382824
69e2583b00000000230211ea,169,2,687,0.002911208151382824
69e2583b00000000230211ea,174,1,687,0.001455604075691412
69e40352000000002102fc75,0,24,363,0.06611570247933884
69e40352000000002102fc75,1,18,363,0.049586776859504134
69e40352000000002102fc75,2,7,363,0.01928374655647383
69e40352000000002102fc75,3,2,363,0.005509641873278237
69e40352000000002102fc75,4,1,363,0.0027548209366391185
69e40352000000002102fc75,5,3,363,0.008264462809917356
69e40352000000002102fc75,7,19,363,0.05234159779614325
69e40352000000002102fc75,8,16,363,0.0440771349862259
69e40352000000002102fc75,9,13,363,0.03581267217630854
69e40352000000002102fc75,10,4,363,0.011019283746556474
69e40352000000002102fc75,11,5,363,0.013774104683195593
69e40352000000002102fc75,12,9,363,0.024793388429752067
69e40352000000002102fc75,13,6,363,0.01652892561983471
69e40352000000002102fc75,14,3,363,0.008264462809917356
69e40352000000002102fc75,15,4,363,0.011019283746556474
69e40352000000002102fc75,16,3,363,0.008264462809917356
69e40352000000002102fc75,17,3,363,0.008264462809917356
69e40352000000002102fc75,18,1,363,0.0027548209366391185
69e40352000000002102fc75,19,10,363,0.027548209366391185
69e40352000000002102fc75,20,1,363,0.0027548209366391185
69e40352000000002102fc75,21,10,363,0.027548209366391185
69e40352000000002102fc75,22,3,363,0.008264462809917356
69e40352000000002102fc75,23,1,363,0.0027548209366391185
69e40352000000002102fc75,24,1,363,0.0027548209366391185
69e40352000000002102fc75,25,1,363,0.0027548209366391185
69e40352000000002102fc75,26,2,363,0.005509641873278237
69e40352000000002102fc75,28,4,363,0.011019283746556474
69e40352000000002102fc75,30,1,363,0.0027548209366391185
69e40352000000002102fc75,32,4,363,0.011019283746556474
69e40352000000002102fc75,34,2,363,0.005509641873278237
69e40352000000002102fc75,35,5,363,0.013774104683195593
69e40352000000002102fc75,37,7,363,0.01928374655647383
69e40352000000002102fc75,40,8,363,0.02203856749311295
69e40352000000002102fc75,43,2,363,0.005509641873278237
69e40352000000002102fc75,44,1,363,0.0027548209366391185
69e40352000000002102fc75,46,2,363,0.005509641873278237
69e40352000000002102fc75,47,1,363,0.0027548209366391185
69e40352000000002102fc75,49,3,363,0.008264462809917356
69e40352000000002102fc75,52,3,363,0.008264462809917356
69e40352000000002102fc75,53,3,363,0.008264462809917356
69e40352000000002102fc75,54,2,363,0.005509641873278237
69e40352000000002102fc75,55,1,363,0.0027548209366391185
69e40352000000002102fc75,56,14,363,0.03856749311294766
69e40352000000002102fc75,59,8,363,0.02203856749311295
69e40352000000002102fc75,60,2,363,0.005509641873278237
69e40352000000002102fc75,63,10,363,0.027548209366391185
69e40352000000002102fc75,65,1,363,0.0027548209366391185
69e40352000000002102fc75,70,1,363,0.0027548209366391185
69e40352000000002102fc75,71,2,363,0.005509641873278237
69e40352000000002102fc75,73,1,363,0.0027548209366391185
69e40352000000002102fc75,76,3,363,0.008264462809917356
69e40352000000002102fc75,77,4,363,0.011019283746556474
69e40352000000002102fc75,78,2,363,0.005509641873278237
69e40352000000002102fc75,80,1,363,0.0027548209366391185
69e40352000000002102fc75,83,1,363,0.0027548209366391185
69e40352000000002102fc75,84,1,363,0.0027548209366391185
69e40352000000002102fc75,88,1,363,0.0027548209366391185
69e40352000000002102fc75,90,3,363,0.008264462809917356
69e40352000000002102fc75,91,1,363,0.0027548209366391185
69e40352000000002102fc75,94,1,363,0.0027548209366391185
69e40352000000002102fc75,95,3,363,0.008264462809917356
69e40352000000002102fc75,97,2,363,0.005509641873278237
69e40352000000002102fc75,99,1,363,0.0027548209366391185
69e40352000000002102fc75,100,2,363,0.005509641873278237
69e40352000000002102fc75,102,1,363,0.0027548209366391185
69e40352000000002102fc75,105,1,363,0.0027548209366391185
69e40352000000002102fc75,108,1,363,0.0027548209366391185
69e40352000000002102fc75,110,3,363,0.008264462809917356
69e40352000000002102fc75,113,7,363,0.01928374655647383
69e40352000000002102fc75,114,2,363,0.005509641873278237
69e40352000000002102fc75,115,1,363,0.0027548209366391185
69e40352000000002102fc75,117,2,363,0.005509641873278237
69e40352000000002102fc75,120,3,363,0.008264462809917356
69e40352000000002102fc75,121,1,363,0.0027548209366391185
69e40352000000002102fc75,122,3,363,0.008264462809917356
69e40352000000002102fc75,124,1,363,0.0027548209366391185
69e40352000000002102fc75,125,1,363,0.0027548209366391185
69e40352000000002102fc75,127,1,363,0.0027548209366391185
69e40352000000002102fc75,128,3,363,0.008264462809917356
69e40352000000002102fc75,129,4,363,0.011019283746556474
69e40352000000002102fc75,130,1,363,0.0027548209366391185
69e40352000000002102fc75,132,2,363,0.005509641873278237
69e40352000000002102fc75,134,1,363,0.0027548209366391185
69e40352000000002102fc75,135,7,363,0.01928374655647383
69e40352000000002102fc75,140,1,363,0.0027548209366391185
69e40352000000002102fc75,141,6,363,0.01652892561983471
69e40352000000002102fc75,142,2,363,0.005509641873278237
69e40352000000002102fc75,144,2,363,0.005509641873278237
69e40352000000002102fc75,146,1,363,0.0027548209366391185
69e40352000000002102fc75,147,1,363,0.0027548209366391185
69e40352000000002102fc75,148,1,363,0.0027548209366391185
69e40352000000002102fc75,150,1,363,0.0027548209366391185
69e40352000000002102fc75,159,5,363,0.013774104683195593
69e40352000000002102fc75,164,1,363,0.0027548209366391185
69e40352000000002102fc75,165,1,363,0.0027548209366391185
69e40352000000002102fc75,168,2,363,0.005509641873278237
69e40352000000002102fc75,170,1,363,0.0027548209366391185
69e40352000000002102fc75,171,1,363,0.0027548209366391185
69e40352000000002102fc75,179,1,363,0.0027548209366391185
69e40352000000002102fc75,180,4,363,0.011019283746556474
69e40352000000002102fc75,181,2,363,0.005509641873278237
69e41e24000000001a025f1a,0,3,42,0.07142857142857142
69e41e24000000001a025f1a,3,7,42,0.16666666666666666
69e41e24000000001a025f1a,6,6,42,0.14285714285714285
69e41e24000000001a025f1a,7,1,42,0.023809523809523808
69e41e24000000001a025f1a,12,1,42,0.023809523809523808
69e41e24000000001a025f1a,13,1,42,0.023809523809523808
69e41e24000000001a025f1a,32,2,42,0.047619047619047616
69e41e24000000001a025f1a,37,1,42,0.023809523809523808
69e41e24000000001a025f1a,42,1,42,0.023809523809523808
69e41e24000000001a025f1a,44,2,42,0.047619047619047616
69e41e24000000001a025f1a,48,3,42,0.07142857142857142
69e41e24000000001a025f1a,50,1,42,0.023809523809523808
69e41e24000000001a025f1a,73,2,42,0.047619047619047616
69e41e24000000001a025f1a,83,1,42,0.023809523809523808
69e41e24000000001a025f1a,90,1,42,0.023809523809523808
69e41e24000000001a025f1a,95,1,42,0.023809523809523808
69e41e24000000001a025f1a,103,2,42,0.047619047619047616
69e41e24000000001a025f1a,104,2,42,0.047619047619047616
69e41e24000000001a025f1a,106,1,42,0.023809523809523808
69e41e24000000001a025f1a,110,1,42,0.023809523809523808
69e41e24000000001a025f1a,135,1,42,0.023809523809523808
69e41e24000000001a025f1a,164,1,42,0.023809523809523808
69e429b4000000001b00037a,0,24,242,0.09917355371900827
69e429b4000000001b00037a,1,1,242,0.004132231404958678
69e429b4000000001b00037a,3,1,242,0.004132231404958678
69e429b4000000001b00037a,4,4,242,0.01652892561983471
69e429b4000000001b00037a,5,9,242,0.0371900826446281
69e429b4000000001b00037a,7,35,242,0.1446280991735537
69e429b4000000001b00037a,9,7,242,0.028925619834710745
69e429b4000000001b00037a,10,6,242,0.024793388429752067
69e429b4000000001b00037a,12,4,242,0.01652892561983471
69e429b4000000001b00037a,13,6,242,0.024793388429752067
69e429b4000000001b00037a,14,5,242,0.02066115702479339
69e429b4000000001b00037a,15,7,242,0.028925619834710745
69e429b4000000001b00037a,18,1,242,0.004132231404958678
69e429b4000000001b00037a,23,1,242,0.004132231404958678
69e429b4000000001b00037a,31,1,242,0.004132231404958678
69e429b4000000001b00037a,32,3,242,0.012396694214876033
69e429b4000000001b00037a,34,1,242,0.004132231404958678
69e429b4000000001b00037a,37,2,242,0.008264462809917356
69e429b4000000001b00037a,42,1,242,0.004132231404958678
69e429b4000000001b00037a,44,1,242,0.004132231404958678
69e429b4000000001b00037a,46,1,242,0.004132231404958678
69e429b4000000001b00037a,47,1,242,0.004132231404958678
69e429b4000000001b00037a,48,8,242,0.03305785123966942
69e429b4000000001b00037a,49,2,242,0.008264462809917356
69e429b4000000001b00037a,50,16,242,0.06611570247933884
69e429b4000000001b00037a,52,1,242,0.004132231404958678
69e429b4000000001b00037a,54,4,242,0.01652892561983471
69e429b4000000001b00037a,59,1,242,0.004132231404958678
69e429b4000000001b00037a,60,2,242,0.008264462809917356
69e429b4000000001b00037a,64,1,242,0.004132231404958678
69e429b4000000001b00037a,73,1,242,0.004132231404958678
69e429b4000000001b00037a,78,1,242,0.004132231404958678
69e429b4000000001b00037a,80,1,242,0.004132231404958678
69e429b4000000001b00037a,83,1,242,0.004132231404958678
69e429b4000000001b00037a,86,3,242,0.012396694214876033
69e429b4000000001b00037a,87,1,242,0.004132231404958678
69e429b4000000001b00037a,88,3,242,0.012396694214876033
69e429b4000000001b00037a,90,8,242,0.03305785123966942
69e429b4000000001b00037a,94,1,242,0.004132231404958678
69e429b4000000001b00037a,106,1,242,0.004132231404958678
69e429b4000000001b00037a,108,3,242,0.012396694214876033
69e429b4000000001b00037a,113,3,242,0.012396694214876033
69e429b4000000001b00037a,116,1,242,0.004132231404958678
69e429b4000000001b00037a,117,1,242,0.004132231404958678
69e429b4000000001b00037a,119,10,242,0.04132231404958678
69e429b4000000001b00037a,123,1,242,0.004132231404958678
69e429b4000000001b00037a,128,1,242,0.004132231404958678
69e429b4000000001b00037a,129,1,242,0.004132231404958678
69e429b4000000001b00037a,131,2,242,0.008264462809917356
69e429b4000000001b00037a,133,1,242,0.004132231404958678
69e429b4000000001b00037a,134,13,242,0.05371900826446281
69e429b4000000001b00037a,141,1,242,0.004132231404958678
69e429b4000000001b00037a,144,1,242,0.004132231404958678
69e429b4000000001b00037a,149,2,242,0.008264462809917356
69e429b4000000001b00037a,150,2,242,0.008264462809917356
69e429b4000000001b00037a,153,1,242,0.004132231404958678
69e429b4000000001b00037a,162,2,242,0.008264462809917356
69e429b4000000001b00037a,166,1,242,0.004132231404958678
69e429b4000000001b00037a,167,12,242,0.049586776859504134
69e429b4000000001b00037a,173,1,242,0.004132231404958678
69e429b4000000001b00037a,177,2,242,0.008264462809917356
69e429b4000000001b00037a,178,1,242,0.004132231404958678
69e429b4000000001b00037a,180,1,242,0.004132231404958678
69e42cc100000000220001ad,1,22,613,0.03588907014681892
69e42cc100000000220001ad,2,7,613,0.011419249592169658
69e42cc100000000220001ad,3,49,613,0.0799347471451876
69e42cc100000000220001ad,4,4,613,0.0065252854812398045
69e42cc100000000220001ad,5,9,613,0.01468189233278956
69e42cc100000000220001ad,7,4,613,0.0065252854812398045
69e42cc100000000220001ad,8,3,613,0.004893964110929853
69e42cc100000000220001ad,9,7,613,0.011419249592169658
69e42cc100000000220001ad,10,3,613,0.004893964110929853
69e42cc100000000220001ad,11,10,613,0.01631321370309951
69e42cc100000000220001ad,12,17,613,0.02773246329526917
69e42cc100000000220001ad,13,8,613,0.013050570962479609
69e42cc100000000220001ad,14,3,613,0.004893964110929853
69e42cc100000000220001ad,15,52,613,0.08482871125611746
69e42cc100000000220001ad,17,46,613,0.07504078303425775
69e42cc100000000220001ad,20,37,613,0.06035889070146819
69e42cc100000000220001ad,22,6,613,0.009787928221859706
69e42cc100000000220001ad,23,1,613,0.0016313213703099511
69e42cc100000000220001ad,26,3,613,0.004893964110929853
69e42cc100000000220001ad,28,23,613,0.037520391517128875
69e42cc100000000220001ad,29,1,613,0.0016313213703099511
69e42cc100000000220001ad,30,57,613,0.0929853181076672
69e42cc100000000220001ad,33,1,613,0.0016313213703099511
69e42cc100000000220001ad,37,1,613,0.0016313213703099511
69e42cc100000000220001ad,40,2,613,0.0032626427406199023
69e42cc100000000220001ad,41,1,613,0.0016313213703099511
69e42cc100000000220001ad,44,1,613,0.0016313213703099511
69e42cc100000000220001ad,45,2,613,0.0032626427406199023
69e42cc100000000220001ad,46,1,613,0.0016313213703099511
69e42cc100000000220001ad,47,1,613,0.0016313213703099511
69e42cc100000000220001ad,49,1,613,0.0016313213703099511
69e42cc100000000220001ad,51,1,613,0.0016313213703099511
69e42cc100000000220001ad,52,6,613,0.009787928221859706
69e42cc100000000220001ad,54,4,613,0.0065252854812398045
69e42cc100000000220001ad,55,1,613,0.0016313213703099511
69e42cc100000000220001ad,56,3,613,0.004893964110929853
69e42cc100000000220001ad,59,1,613,0.0016313213703099511
69e42cc100000000220001ad,63,3,613,0.004893964110929853
69e42cc100000000220001ad,64,1,613,0.0016313213703099511
69e42cc100000000220001ad,65,9,613,0.01468189233278956
69e42cc100000000220001ad,67,1,613,0.0016313213703099511
69e42cc100000000220001ad,70,1,613,0.0016313213703099511
69e42cc100000000220001ad,74,1,613,0.0016313213703099511
69e42cc100000000220001ad,75,29,613,0.04730831973898858
69e42cc100000000220001ad,78,4,613,0.0065252854812398045
69e42cc100000000220001ad,79,2,613,0.0032626427406199023
69e42cc100000000220001ad,82,2,613,0.0032626427406199023
69e42cc100000000220001ad,83,1,613,0.0016313213703099511
69e42cc100000000220001ad,87,2,613,0.0032626427406199023
69e42cc100000000220001ad,88,6,613,0.009787928221859706
69e42cc100000000220001ad,90,3,613,0.004893964110929853
69e42cc100000000220001ad,91,41,613,0.06688417618270799
69e42cc100000000220001ad,96,2,613,0.0032626427406199023
69e42cc100000000220001ad,97,1,613,0.0016313213703099511
69e42cc100000000220001ad,98,1,613,0.0016313213703099511
69e42cc100000000220001ad,100,1,613,0.0016313213703099511
69e42cc100000000220001ad,101,26,613,0.04241435562805873
69e42cc100000000220001ad,104,1,613,0.0016313213703099511
69e42cc100000000220001ad,105,1,613,0.0016313213703099511
69e42cc100000000220001ad,108,2,613,0.0032626427406199023
69e42cc100000000220001ad,109,6,613,0.009787928221859706
69e42cc100000000220001ad,111,1,613,0.0016313213703099511
69e42cc100000000220001ad,113,4,613,0.0065252854812398045
69e42cc100000000220001ad,116,1,613,0.0016313213703099511
69e42cc100000000220001ad,117,1,613,0.0016313213703099511
69e42cc100000000220001ad,119,1,613,0.0016313213703099511
69e42cc100000000220001ad,122,2,613,0.0032626427406199023
69e42cc100000000220001ad,123,1,613,0.0016313213703099511
69e42cc100000000220001ad,129,1,613,0.0016313213703099511
69e42cc100000000220001ad,131,1,613,0.0016313213703099511
69e42cc100000000220001ad,134,2,613,0.0032626427406199023
69e42cc100000000220001ad,135,1,613,0.0016313213703099511
69e42cc100000000220001ad,136,25,613,0.040783034257748776
69e42cc100000000220001ad,138,2,613,0.0032626427406199023
69e42cc100000000220001ad,139,1,613,0.0016313213703099511
69e42cc100000000220001ad,140,1,613,0.0016313213703099511
69e42cc100000000220001ad,145,1,613,0.0016313213703099511
69e42cc100000000220001ad,149,1,613,0.0016313213703099511
69e42cc100000000220001ad,150,1,613,0.0016313213703099511
69e42cc100000000220001ad,152,5,613,0.008156606851549755
69e42cc100000000220001ad,161,1,613,0.0016313213703099511
69e42cc100000000220001ad,162,1,613,0.0016313213703099511
69e42cc100000000220001ad,163,1,613,0.0016313213703099511
69e42cc100000000220001ad,168,2,613,0.0032626427406199023
69e42cc100000000220001ad,172,5,613,0.008156606851549755
69e42cc100000000220001ad,176,2,613,0.0032626427406199023
69e42cc100000000220001ad,179,1,613,0.0016313213703099511
69e42cc100000000220001ad,181,1,613,0.0016313213703099511
69e43a5a000000001d01dcc7,0,9,39,0.23076923076923078
69e43a5a000000001d01dcc7,2,1,39,0.02564102564102564
69e43a5a000000001d01dcc7,3,1,39,0.02564102564102564
69e43a5a000000001d01dcc7,4,1,39,0.02564102564102564
69e43a5a000000001d01dcc7,5,2,39,0.05128205128205128
69e43a5a000000001d01dcc7,7,2,39,0.05128205128205128
69e43a5a000000001d01dcc7,9,2,39,0.05128205128205128
69e43a5a000000001d01dcc7,10,1,39,0.02564102564102564
69e43a5a000000001d01dcc7,12,1,39,0.02564102564102564
69e43a5a000000001d01dcc7,15,2,39,0.05128205128205128
69e43a5a000000001d01dcc7,20,1,39,0.02564102564102564
69e43a5a000000001d01dcc7,23,1,39,0.02564102564102564
69e43a5a000000001d01dcc7,26,1,39,0.02564102564102564
69e43a5a000000001d01dcc7,32,1,39,0.02564102564102564
69e43a5a000000001d01dcc7,65,1,39,0.02564102564102564
69e43a5a000000001d01dcc7,69,1,39,0.02564102564102564
69e43a5a000000001d01dcc7,73,1,39,0.02564102564102564
69e43a5a000000001d01dcc7,94,1,39,0.02564102564102564
69e43a5a000000001d01dcc7,106,2,39,0.05128205128205128
69e43a5a000000001d01dcc7,112,1,39,0.02564102564102564
69e43a5a000000001d01dcc7,129,1,39,0.02564102564102564
69e43a5a000000001d01dcc7,144,1,39,0.02564102564102564
69e43a5a000000001d01dcc7,145,1,39,0.02564102564102564
69e43a5a000000001d01dcc7,147,1,39,0.02564102564102564
69e43a5a000000001d01dcc7,150,1,39,0.02564102564102564
69e43a5a000000001d01dcc7,151,1,39,0.02564102564102564
69e43b14000000001a02e095,0,21,454,0.046255506607929514
69e43b14000000001a02e095,1,1,454,0.0022026431718061676
69e43b14000000001a02e095,2,1,454,0.0022026431718061676
69e43b14000000001a02e095,3,1,454,0.0022026431718061676
69e43b14000000001a02e095,4,3,454,0.006607929515418502
69e43b14000000001a02e095,5,2,454,0.004405286343612335
69e43b14000000001a02e095,6,6,454,0.013215859030837005
69e43b14000000001a02e095,7,9,454,0.019823788546255508
69e43b14000000001a02e095,8,1,454,0.0022026431718061676
69e43b14000000001a02e095,9,6,454,0.013215859030837005
69e43b14000000001a02e095,10,3,454,0.006607929515418502
69e43b14000000001a02e095,11,1,454,0.0022026431718061676
69e43b14000000001a02e095,12,4,454,0.00881057268722467
69e43b14000000001a02e095,13,4,454,0.00881057268722467
69e43b14000000001a02e095,14,1,454,0.0022026431718061676
69e43b14000000001a02e095,15,6,454,0.013215859030837005
69e43b14000000001a02e095,17,22,454,0.048458149779735685
69e43b14000000001a02e095,18,1,454,0.0022026431718061676
69e43b14000000001a02e095,19,3,454,0.006607929515418502
69e43b14000000001a02e095,20,3,454,0.006607929515418502
69e43b14000000001a02e095,21,2,454,0.004405286343612335
69e43b14000000001a02e095,22,2,454,0.004405286343612335
69e43b14000000001a02e095,23,1,454,0.0022026431718061676
69e43b14000000001a02e095,26,1,454,0.0022026431718061676
69e43b14000000001a02e095,27,16,454,0.03524229074889868
69e43b14000000001a02e095,28,11,454,0.024229074889867842
69e43b14000000001a02e095,29,1,454,0.0022026431718061676
69e43b14000000001a02e095,30,6,454,0.013215859030837005
69e43b14000000001a02e095,31,1,454,0.0022026431718061676
69e43b14000000001a02e095,32,3,454,0.006607929515418502
69e43b14000000001a02e095,33,16,454,0.03524229074889868
69e43b14000000001a02e095,34,15,454,0.03303964757709251
69e43b14000000001a02e095,37,6,454,0.013215859030837005
69e43b14000000001a02e095,38,14,454,0.030837004405286344
69e43b14000000001a02e095,39,25,454,0.05506607929515418
69e43b14000000001a02e095,41,16,454,0.03524229074889868
69e43b14000000001a02e095,42,8,454,0.01762114537444934
69e43b14000000001a02e095,44,1,454,0.0022026431718061676
69e43b14000000001a02e095,49,2,454,0.004405286343612335
69e43b14000000001a02e095,51,37,454,0.08149779735682819
69e43b14000000001a02e095,54,3,454,0.006607929515418502
69e43b14000000001a02e095,57,12,454,0.02643171806167401
69e43b14000000001a02e095,59,1,454,0.0022026431718061676
69e43b14000000001a02e095,60,1,454,0.0022026431718061676
69e43b14000000001a02e095,62,1,454,0.0022026431718061676
69e43b14000000001a02e095,65,5,454,0.011013215859030838
69e43b14000000001a02e095,67,10,454,0.022026431718061675
69e43b14000000001a02e095,69,1,454,0.0022026431718061676
69e43b14000000001a02e095,71,1,454,0.0022026431718061676
69e43b14000000001a02e095,72,1,454,0.0022026431718061676
69e43b14000000001a02e095,74,22,454,0.048458149779735685
69e43b14000000001a02e095,75,6,454,0.013215859030837005
69e43b14000000001a02e095,77,2,454,0.004405286343612335
69e43b14000000001a02e095,78,1,454,0.0022026431718061676
69e43b14000000001a02e095,79,5,454,0.011013215859030838
69e43b14000000001a02e095,82,1,454,0.0022026431718061676
69e43b14000000001a02e095,83,2,454,0.004405286343612335
69e43b14000000001a02e095,84,1,454,0.0022026431718061676
69e43b14000000001a02e095,87,4,454,0.00881057268722467
69e43b14000000001a02e095,88,1,454,0.0022026431718061676
69e43b14000000001a02e095,90,6,454,0.013215859030837005
69e43b14000000001a02e095,91,1,454,0.0022026431718061676
69e43b14000000001a02e095,93,1,454,0.0022026431718061676
69e43b14000000001a02e095,95,1,454,0.0022026431718061676
69e43b14000000001a02e095,96,5,454,0.011013215859030838
69e43b14000000001a02e095,97,2,454,0.004405286343612335
69e43b14000000001a02e095,101,1,454,0.0022026431718061676
69e43b14000000001a02e095,103,1,454,0.0022026431718061676
69e43b14000000001a02e095,106,1,454,0.0022026431718061676
69e43b14000000001a02e095,107,13,454,0.028634361233480177
69e43b14000000001a02e095,108,1,454,0.0022026431718061676
69e43b14000000001a02e095,109,1,454,0.0022026431718061676
69e43b14000000001a02e095,113,2,454,0.004405286343612335
69e43b14000000001a02e095,114,1,454,0.0022026431718061676
69e43b14000000001a02e095,115,1,454,0.0022026431718061676
69e43b14000000001a02e095,117,1,454,0.0022026431718061676
69e43b14000000001a02e095,120,1,454,0.0022026431718061676
69e43b14000000001a02e095,123,3,454,0.006607929515418502
69e43b14000000001a02e095,129,1,454,0.0022026431718061676
69e43b14000000001a02e095,131,1,454,0.0022026431718061676
69e43b14000000001a02e095,138,3,454,0.006607929515418502
69e43b14000000001a02e095,139,2,454,0.004405286343612335
69e43b14000000001a02e095,141,2,454,0.004405286343612335
69e43b14000000001a02e095,145,1,454,0.0022026431718061676
69e43b14000000001a02e095,149,18,454,0.039647577092511016
69e43b14000000001a02e095,159,1,454,0.0022026431718061676
69e43b14000000001a02e095,160,9,454,0.019823788546255508
69e43b14000000001a02e095,162,1,454,0.0022026431718061676
69e43b14000000001a02e095,164,1,454,0.0022026431718061676
69e43b14000000001a02e095,169,2,454,0.004405286343612335
69e43b14000000001a02e095,172,1,454,0.0022026431718061676
69e43b14000000001a02e095,175,1,454,0.0022026431718061676
69e43b14000000001a02e095,176,2,454,0.004405286343612335
69e43b14000000001a02e095,180,1,454,0.0022026431718061676
69e4412a000000002103883f,0,24,184,0.13043478260869565
69e4412a000000002103883f,1,3,184,0.016304347826086956
69e4412a000000002103883f,2,5,184,0.02717391304347826
69e4412a000000002103883f,3,4,184,0.021739130434782608
69e4412a000000002103883f,4,1,184,0.005434782608695652
69e4412a000000002103883f,5,10,184,0.05434782608695652
69e4412a000000002103883f,6,1,184,0.005434782608695652
69e4412a000000002103883f,7,5,184,0.02717391304347826
69e4412a000000002103883f,8,2,184,0.010869565217391304
69e4412a000000002103883f,9,4,184,0.021739130434782608
69e4412a000000002103883f,10,1,184,0.005434782608695652
69e4412a000000002103883f,12,6,184,0.03260869565217391
69e4412a000000002103883f,13,4,184,0.021739130434782608
69e4412a000000002103883f,14,2,184,0.010869565217391304
69e4412a000000002103883f,15,5,184,0.02717391304347826
69e4412a000000002103883f,16,1,184,0.005434782608695652
69e4412a000000002103883f,17,1,184,0.005434782608695652
69e4412a000000002103883f,19,3,184,0.016304347826086956
69e4412a000000002103883f,20,4,184,0.021739130434782608
69e4412a000000002103883f,23,1,184,0.005434782608695652
69e4412a000000002103883f,25,2,184,0.010869565217391304
69e4412a000000002103883f,26,1,184,0.005434782608695652
69e4412a000000002103883f,27,3,184,0.016304347826086956
69e4412a000000002103883f,29,4,184,0.021739130434782608
69e4412a000000002103883f,33,3,184,0.016304347826086956
69e4412a000000002103883f,35,1,184,0.005434782608695652
69e4412a000000002103883f,36,1,184,0.005434782608695652
69e4412a000000002103883f,37,1,184,0.005434782608695652
69e4412a000000002103883f,38,1,184,0.005434782608695652
69e4412a000000002103883f,40,2,184,0.010869565217391304
69e4412a000000002103883f,41,4,184,0.021739130434782608
69e4412a000000002103883f,44,1,184,0.005434782608695652
69e4412a000000002103883f,46,1,184,0.005434782608695652
69e4412a000000002103883f,47,2,184,0.010869565217391304
69e4412a000000002103883f,48,4,184,0.021739130434782608
69e4412a000000002103883f,50,1,184,0.005434782608695652
69e4412a000000002103883f,53,2,184,0.010869565217391304
69e4412a000000002103883f,54,2,184,0.010869565217391304
69e4412a000000002103883f,57,1,184,0.005434782608695652
69e4412a000000002103883f,60,1,184,0.005434782608695652
69e4412a000000002103883f,65,1,184,0.005434782608695652
69e4412a000000002103883f,68,13,184,0.07065217391304347
69e4412a000000002103883f,71,1,184,0.005434782608695652
69e4412a000000002103883f,78,1,184,0.005434782608695652
69e4412a000000002103883f,82,1,184,0.005434782608695652
69e4412a000000002103883f,84,1,184,0.005434782608695652
69e4412a000000002103883f,87,2,184,0.010869565217391304
69e4412a000000002103883f,88,1,184,0.005434782608695652
69e4412a000000002103883f,90,1,184,0.005434782608695652
69e4412a000000002103883f,91,1,184,0.005434782608695652
69e4412a000000002103883f,95,1,184,0.005434782608695652
69e4412a000000002103883f,97,6,184,0.03260869565217391
69e4412a000000002103883f,103,4,184,0.021739130434782608
69e4412a000000002103883f,106,3,184,0.016304347826086956
69e4412a000000002103883f,108,1,184,0.005434782608695652
69e4412a000000002103883f,110,1,184,0.005434782608695652
69e4412a000000002103883f,113,3,184,0.016304347826086956
69e4412a000000002103883f,119,1,184,0.005434782608695652
69e4412a000000002103883f,126,7,184,0.03804347826086957
69e4412a000000002103883f,132,1,184,0.005434782608695652
69e4412a000000002103883f,140,1,184,0.005434782608695652
69e4412a000000002103883f,150,1,184,0.005434782608695652
69e4412a000000002103883f,152,2,184,0.010869565217391304
69e4412a000000002103883f,153,2,184,0.010869565217391304
69e4412a000000002103883f,176,1,184,0.005434782608695652
69e4412a000000002103883f,179,1,184,0.005434782608695652
69e44171000000001a026b25,0,11,203,0.054187192118226604
69e44171000000001a026b25,3,34,203,0.16748768472906403
69e44171000000001a026b25,4,2,203,0.009852216748768473
69e44171000000001a026b25,5,1,203,0.0049261083743842365
69e44171000000001a026b25,7,2,203,0.009852216748768473
69e44171000000001a026b25,8,1,203,0.0049261083743842365
69e44171000000001a026b25,9,7,203,0.034482758620689655
69e44171000000001a026b25,10,2,203,0.009852216748768473
69e44171000000001a026b25,12,2,203,0.009852216748768473
69e44171000000001a026b25,13,3,203,0.014778325123152709
69e44171000000001a026b25,14,1,203,0.0049261083743842365
69e44171000000001a026b25,15,1,203,0.0049261083743842365
69e44171000000001a026b25,19,2,203,0.009852216748768473
69e44171000000001a026b25,21,1,203,0.0049261083743842365
69e44171000000001a026b25,22,1,203,0.0049261083743842365
69e44171000000001a026b25,23,13,203,0.06403940886699508
69e44171000000001a026b25,28,1,203,0.0049261083743842365
69e44171000000001a026b25,30,1,203,0.0049261083743842365
69e44171000000001a026b25,32,1,203,0.0049261083743842365
69e44171000000001a026b25,34,3,203,0.014778325123152709
69e44171000000001a026b25,37,1,203,0.0049261083743842365
69e44171000000001a026b25,40,1,203,0.0049261083743842365
69e44171000000001a026b25,44,1,203,0.0049261083743842365
69e44171000000001a026b25,47,1,203,0.0049261083743842365
69e44171000000001a026b25,48,6,203,0.029556650246305417
69e44171000000001a026b25,49,4,203,0.019704433497536946
69e44171000000001a026b25,50,2,203,0.009852216748768473
69e44171000000001a026b25,52,2,203,0.009852216748768473
69e44171000000001a026b25,54,1,203,0.0049261083743842365
69e44171000000001a026b25,59,1,203,0.0049261083743842365
69e44171000000001a026b25,69,1,203,0.0049261083743842365
69e44171000000001a026b25,73,2,203,0.009852216748768473
69e44171000000001a026b25,78,1,203,0.0049261083743842365
69e44171000000001a026b25,79,9,203,0.04433497536945813
69e44171000000001a026b25,81,1,203,0.0049261083743842365
69e44171000000001a026b25,82,4,203,0.019704433497536946
69e44171000000001a026b25,83,1,203,0.0049261083743842365
69e44171000000001a026b25,85,1,203,0.0049261083743842365
69e44171000000001a026b25,88,1,203,0.0049261083743842365
69e44171000000001a026b25,90,2,203,0.009852216748768473
69e44171000000001a026b25,94,3,203,0.014778325123152709
69e44171000000001a026b25,95,1,203,0.0049261083743842365
69e44171000000001a026b25,96,1,203,0.0049261083743842365
69e44171000000001a026b25,104,1,203,0.0049261083743842365
69e44171000000001a026b25,105,2,203,0.009852216748768473
69e44171000000001a026b25,107,1,203,0.0049261083743842365
69e44171000000001a026b25,108,2,203,0.009852216748768473
69e44171000000001a026b25,111,1,203,0.0049261083743842365
69e44171000000001a026b25,116,1,203,0.0049261083743842365
69e44171000000001a026b25,119,3,203,0.014778325123152709
69e44171000000001a026b25,131,10,203,0.04926108374384237
69e44171000000001a026b25,144,18,203,0.08866995073891626
69e44171000000001a026b25,145,1,203,0.0049261083743842365
69e44171000000001a026b25,147,1,203,0.0049261083743842365
69e44171000000001a026b25,161,6,203,0.029556650246305417
69e44171000000001a026b25,165,3,203,0.014778325123152709
69e44171000000001a026b25,166,2,203,0.009852216748768473
69e44171000000001a026b25,168,1,203,0.0049261083743842365
69e44171000000001a026b25,169,9,203,0.04433497536945813
69e44171000000001a026b25,174,2,203,0.009852216748768473
69e44171000000001a026b25,178,1,203,0.0049261083743842365
69e4426b000000001d01c7ed,0,21,771,0.027237354085603113
69e4426b000000001d01c7ed,1,41,771,0.05317769130998703
69e4426b000000001d01c7ed,2,3,771,0.0038910505836575876
69e4426b000000001d01c7ed,3,12,771,0.01556420233463035
69e4426b000000001d01c7ed,4,2,771,0.0025940337224383916
69e4426b000000001d01c7ed,5,8,771,0.010376134889753566
69e4426b000000001d01c7ed,7,10,771,0.01297016861219196
69e4426b000000001d01c7ed,8,5,771,0.00648508430609598
69e4426b000000001d01c7ed,9,13,771,0.016861219195849545
69e4426b000000001d01c7ed,10,33,771,0.042801556420233464
69e4426b000000001d01c7ed,11,6,771,0.007782101167315175
69e4426b000000001d01c7ed,12,10,771,0.01297016861219196
69e4426b000000001d01c7ed,13,12,771,0.01556420233463035
69e4426b000000001d01c7ed,14,3,771,0.0038910505836575876
69e4426b000000001d01c7ed,15,23,771,0.029831387808041506
69e4426b000000001d01c7ed,17,36,771,0.04669260700389105
69e4426b000000001d01c7ed,18,2,771,0.0025940337224383916
69e4426b000000001d01c7ed,19,2,771,0.0025940337224383916
69e4426b000000001d01c7ed,20,56,771,0.07263294422827497
69e4426b000000001d01c7ed,21,3,771,0.0038910505836575876
69e4426b000000001d01c7ed,22,7,771,0.009079118028534372
69e4426b000000001d01c7ed,23,35,771,0.04539559014267185
69e4426b000000001d01c7ed,24,1,771,0.0012970168612191958
69e4426b000000001d01c7ed,25,1,771,0.0012970168612191958
69e4426b000000001d01c7ed,26,2,771,0.0025940337224383916
69e4426b000000001d01c7ed,28,46,771,0.05966277561608301
69e4426b000000001d01c7ed,30,10,771,0.01297016861219196
69e4426b000000001d01c7ed,32,5,771,0.00648508430609598
69e4426b000000001d01c7ed,33,1,771,0.0012970168612191958
69e4426b000000001d01c7ed,34,3,771,0.0038910505836575876
69e4426b000000001d01c7ed,35,2,771,0.0025940337224383916
69e4426b000000001d01c7ed,36,1,771,0.0012970168612191958
69e4426b000000001d01c7ed,37,2,771,0.0025940337224383916
69e4426b000000001d01c7ed,39,1,771,0.0012970168612191958
69e4426b000000001d01c7ed,40,1,771,0.0012970168612191958
69e4426b000000001d01c7ed,41,1,771,0.0012970168612191958
69e4426b000000001d01c7ed,43,2,771,0.0025940337224383916
69e4426b000000001d01c7ed,44,11,771,0.014267185473411154
69e4426b000000001d01c7ed,45,4,771,0.005188067444876783
69e4426b000000001d01c7ed,46,16,771,0.020752269779507133
69e4426b000000001d01c7ed,47,2,771,0.0025940337224383916
69e4426b000000001d01c7ed,49,10,771,0.01297016861219196
69e4426b000000001d01c7ed,51,1,771,0.0012970168612191958
69e4426b000000001d01c7ed,52,11,771,0.014267185473411154
69e4426b000000001d01c7ed,54,2,771,0.0025940337224383916
69e4426b000000001d01c7ed,55,2,771,0.0025940337224383916
69e4426b000000001d01c7ed,56,6,771,0.007782101167315175
69e4426b000000001d01c7ed,59,1,771,0.0012970168612191958
69e4426b000000001d01c7ed,60,3,771,0.0038910505836575876
69e4426b000000001d01c7ed,62,2,771,0.0025940337224383916
69e4426b000000001d01c7ed,65,16,771,0.020752269779507133
69e4426b000000001d01c7ed,68,1,771,0.0012970168612191958
69e4426b000000001d01c7ed,69,57,771,0.07392996108949416
69e4426b000000001d01c7ed,70,1,771,0.0012970168612191958
69e4426b000000001d01c7ed,71,1,771,0.0012970168612191958
69e4426b000000001d01c7ed,72,1,771,0.0012970168612191958
69e4426b000000001d01c7ed,73,2,771,0.0025940337224383916
69e4426b000000001d01c7ed,74,1,771,0.0012970168612191958
69e4426b000000001d01c7ed,75,3,771,0.0038910505836575876
69e4426b000000001d01c7ed,76,6,771,0.007782101167315175
69e4426b000000001d01c7ed,78,1,771,0.0012970168612191958
69e4426b000000001d01c7ed,79,5,771,0.00648508430609598
69e4426b000000001d01c7ed,80,2,771,0.0025940337224383916
69e4426b000000001d01c7ed,82,2,771,0.0025940337224383916
69e4426b000000001d01c7ed,83,1,771,0.0012970168612191958
69e4426b000000001d01c7ed,85,4,771,0.005188067444876783
69e4426b000000001d01c7ed,86,2,771,0.0025940337224383916
69e4426b000000001d01c7ed,87,2,771,0.0025940337224383916
69e4426b000000001d01c7ed,88,10,771,0.01297016861219196
69e4426b000000001d01c7ed,89,1,771,0.0012970168612191958
69e4426b000000001d01c7ed,90,1,771,0.0012970168612191958
69e4426b000000001d01c7ed,91,4,771,0.005188067444876783
69e4426b000000001d01c7ed,93,2,771,0.0025940337224383916
69e4426b000000001d01c7ed,94,2,771,0.0025940337224383916
69e4426b000000001d01c7ed,95,1,771,0.0012970168612191958
69e4426b000000001d01c7ed,96,1,771,0.0012970168612191958
69e4426b000000001d01c7ed,98,2,771,0.0025940337224383916
69e4426b000000001d01c7ed,101,6,771,0.007782101167315175
69e4426b000000001d01c7ed,102,1,771,0.0012970168612191958
69e4426b000000001d01c7ed,104,1,771,0.0012970168612191958
69e4426b000000001d01c7ed,105,2,771,0.0025940337224383916
69e4426b000000001d01c7ed,108,1,771,0.0012970168612191958
69e4426b000000001d01c7ed,109,1,771,0.0012970168612191958
69e4426b000000001d01c7ed,111,2,771,0.0025940337224383916
69e4426b000000001d01c7ed,112,2,771,0.0025940337224383916
69e4426b000000001d01c7ed,113,2,771,0.0025940337224383916
69e4426b000000001d01c7ed,114,2,771,0.0025940337224383916
69e4426b000000001d01c7ed,115,1,771,0.0012970168612191958
69e4426b000000001d01c7ed,121,2,771,0.0025940337224383916
69e4426b000000001d01c7ed,122,1,771,0.0012970168612191958
69e4426b000000001d01c7ed,126,1,771,0.0012970168612191958
69e4426b000000001d01c7ed,127,1,771,0.0012970168612191958
69e4426b000000001d01c7ed,129,8,771,0.010376134889753566
69e4426b000000001d01c7ed,131,4,771,0.005188067444876783
69e4426b000000001d01c7ed,133,1,771,0.0012970168612191958
69e4426b000000001d01c7ed,135,2,771,0.0025940337224383916
69e4426b000000001d01c7ed,136,2,771,0.0025940337224383916
69e4426b000000001d01c7ed,138,1,771,0.0012970168612191958
69e4426b000000001d01c7ed,145,2,771,0.0025940337224383916
69e4426b000000001d01c7ed,146,2,771,0.0025940337224383916
69e4426b000000001d01c7ed,149,1,771,0.0012970168612191958
69e4426b000000001d01c7ed,150,5,771,0.00648508430609598
69e4426b000000001d01c7ed,152,2,771,0.0025940337224383916
69e4426b000000001d01c7ed,155,1,771,0.0012970168612191958
69e4426b000000001d01c7ed,158,24,771,0.0311284046692607
69e4426b000000001d01c7ed,161,1,771,0.0012970168612191958
69e4426b000000001d01c7ed,162,1,771,0.0012970168612191958
69e4426b000000001d01c7ed,165,19,771,0.02464332036316472
69e4426b000000001d01c7ed,166,5,771,0.00648508430609598
69e4426b000000001d01c7ed,168,1,771,0.0012970168612191958
69e4426b000000001d01c7ed,172,10,771,0.01297016861219196
69e4426b000000001d01c7ed,173,19,771,0.02464332036316472
69e4426b000000001d01c7ed,174,3,771,0.0038910505836575876
69e4426b000000001d01c7ed,175,1,771,0.0012970168612191958
69e4426b000000001d01c7ed,177,2,771,0.0025940337224383916
69e4426b000000001d01c7ed,178,1,771,0.0012970168612191958
69e4426b000000001d01c7ed,179,1,771,0.0012970168612191958
69e4426b000000001d01c7ed,181,1,771,0.0012970168612191958
69e44278000000001a0217bb,0,4,95,0.042105263157894736
69e44278000000001a0217bb,1,2,95,0.021052631578947368
69e44278000000001a0217bb,2,9,95,0.09473684210526316
69e44278000000001a0217bb,3,2,95,0.021052631578947368
69e44278000000001a0217bb,5,1,95,0.010526315789473684
69e44278000000001a0217bb,7,6,95,0.06315789473684211
69e44278000000001a0217bb,8,3,95,0.031578947368421054
69e44278000000001a0217bb,10,2,95,0.021052631578947368
69e44278000000001a0217bb,12,3,95,0.031578947368421054
69e44278000000001a0217bb,13,2,95,0.021052631578947368
69e44278000000001a0217bb,14,2,95,0.021052631578947368
69e44278000000001a0217bb,16,1,95,0.010526315789473684
69e44278000000001a0217bb,19,5,95,0.05263157894736842
69e44278000000001a0217bb,20,2,95,0.021052631578947368
69e44278000000001a0217bb,22,1,95,0.010526315789473684
69e44278000000001a0217bb,25,3,95,0.031578947368421054
69e44278000000001a0217bb,26,2,95,0.021052631578947368
69e44278000000001a0217bb,29,1,95,0.010526315789473684
69e44278000000001a0217bb,34,1,95,0.010526315789473684
69e44278000000001a0217bb,35,4,95,0.042105263157894736
69e44278000000001a0217bb,37,2,95,0.021052631578947368
69e44278000000001a0217bb,41,1,95,0.010526315789473684
69e44278000000001a0217bb,44,1,95,0.010526315789473684
69e44278000000001a0217bb,47,7,95,0.07368421052631578
69e44278000000001a0217bb,49,1,95,0.010526315789473684
69e44278000000001a0217bb,52,2,95,0.021052631578947368
69e44278000000001a0217bb,53,1,95,0.010526315789473684
69e44278000000001a0217bb,54,1,95,0.010526315789473684
69e44278000000001a0217bb,58,2,95,0.021052631578947368
69e44278000000001a0217bb,59,1,95,0.010526315789473684
69e44278000000001a0217bb,60,1,95,0.010526315789473684
69e44278000000001a0217bb,63,1,95,0.010526315789473684
69e44278000000001a0217bb,71,1,95,0.010526315789473684
69e44278000000001a0217bb,82,1,95,0.010526315789473684
69e44278000000001a0217bb,84,1,95,0.010526315789473684
69e44278000000001a0217bb,88,2,95,0.021052631578947368
69e44278000000001a0217bb,91,1,95,0.010526315789473684
69e44278000000001a0217bb,96,1,95,0.010526315789473684
69e44278000000001a0217bb,103,1,95,0.010526315789473684
69e44278000000001a0217bb,111,1,95,0.010526315789473684
69e44278000000001a0217bb,114,1,95,0.010526315789473684
69e44278000000001a0217bb,137,1,95,0.010526315789473684
69e44278000000001a0217bb,147,1,95,0.010526315789473684
69e44278000000001a0217bb,152,2,95,0.021052631578947368
69e44278000000001a0217bb,153,3,95,0.031578947368421054
69e44278000000001a0217bb,172,1,95,0.010526315789473684
69e447d2000000001d01aa01,0,28,582,0.048109965635738834
69e447d2000000001d01aa01,1,2,582,0.003436426116838488
69e447d2000000001d01aa01,2,6,582,0.010309278350515464
69e447d2000000001d01aa01,3,3,582,0.005154639175257732
69e447d2000000001d01aa01,4,239,582,0.4106529209621993
69e447d2000000001d01aa01,5,5,582,0.00859106529209622
69e447d2000000001d01aa01,7,2,582,0.003436426116838488
69e447d2000000001d01aa01,8,1,582,0.001718213058419244
69e447d2000000001d01aa01,9,17,582,0.029209621993127148
69e447d2000000001d01aa01,10,5,582,0.00859106529209622
69e447d2000000001d01aa01,11,1,582,0.001718213058419244
69e447d2000000001d01aa01,12,7,582,0.012027491408934709
69e447d2000000001d01aa01,13,16,582,0.027491408934707903
69e447d2000000001d01aa01,14,3,582,0.005154639175257732
69e447d2000000001d01aa01,16,1,582,0.001718213058419244
69e447d2000000001d01aa01,17,1,582,0.001718213058419244
69e447d2000000001d01aa01,19,4,582,0.006872852233676976
69e447d2000000001d01aa01,21,1,582,0.001718213058419244
69e447d2000000001d01aa01,22,1,582,0.001718213058419244
69e447d2000000001d01aa01,23,1,582,0.001718213058419244
69e447d2000000001d01aa01,24,3,582,0.005154639175257732
69e447d2000000001d01aa01,26,1,582,0.001718213058419244
69e447d2000000001d01aa01,29,9,582,0.015463917525773196
69e447d2000000001d01aa01,31,2,582,0.003436426116838488
69e447d2000000001d01aa01,35,2,582,0.003436426116838488
69e447d2000000001d01aa01,37,2,582,0.003436426116838488
69e447d2000000001d01aa01,38,1,582,0.001718213058419244
69e447d2000000001d01aa01,42,1,582,0.001718213058419244
69e447d2000000001d01aa01,43,1,582,0.001718213058419244
69e447d2000000001d01aa01,44,6,582,0.010309278350515464
69e447d2000000001d01aa01,46,3,582,0.005154639175257732
69e447d2000000001d01aa01,47,2,582,0.003436426116838488
69e447d2000000001d01aa01,49,3,582,0.005154639175257732
69e447d2000000001d01aa01,56,1,582,0.001718213058419244
69e447d2000000001d01aa01,59,3,582,0.005154639175257732
69e447d2000000001d01aa01,60,10,582,0.01718213058419244
69e447d2000000001d01aa01,63,3,582,0.005154639175257732
69e447d2000000001d01aa01,67,1,582,0.001718213058419244
69e447d2000000001d01aa01,72,1,582,0.001718213058419244
69e447d2000000001d01aa01,76,1,582,0.001718213058419244
69e447d2000000001d01aa01,80,1,582,0.001718213058419244
69e447d2000000001d01aa01,82,2,582,0.003436426116838488
69e447d2000000001d01aa01,84,1,582,0.001718213058419244
69e447d2000000001d01aa01,86,1,582,0.001718213058419244
69e447d2000000001d01aa01,87,1,582,0.001718213058419244
69e447d2000000001d01aa01,89,52,582,0.08934707903780069
69e447d2000000001d01aa01,93,31,582,0.05326460481099656
69e447d2000000001d01aa01,94,2,582,0.003436426116838488
69e447d2000000001d01aa01,95,1,582,0.001718213058419244
69e447d2000000001d01aa01,96,1,582,0.001718213058419244
69e447d2000000001d01aa01,99,1,582,0.001718213058419244
69e447d2000000001d01aa01,100,5,582,0.00859106529209622
69e447d2000000001d01aa01,102,3,582,0.005154639175257732
69e447d2000000001d01aa01,104,2,582,0.003436426116838488
69e447d2000000001d01aa01,106,1,582,0.001718213058419244
69e447d2000000001d01aa01,111,2,582,0.003436426116838488
69e447d2000000001d01aa01,113,1,582,0.001718213058419244
69e447d2000000001d01aa01,114,8,582,0.013745704467353952
69e447d2000000001d01aa01,116,5,582,0.00859106529209622
69e447d2000000001d01aa01,117,1,582,0.001718213058419244
69e447d2000000001d01aa01,120,7,582,0.012027491408934709
69e447d2000000001d01aa01,121,1,582,0.001718213058419244
69e447d2000000001d01aa01,122,2,582,0.003436426116838488
69e447d2000000001d01aa01,123,7,582,0.012027491408934709
69e447d2000000001d01aa01,129,1,582,0.001718213058419244
69e447d2000000001d01aa01,135,2,582,0.003436426116838488
69e447d2000000001d01aa01,140,3,582,0.005154639175257732
69e447d2000000001d01aa01,143,1,582,0.001718213058419244
69e447d2000000001d01aa01,147,3,582,0.005154639175257732
69e447d2000000001d01aa01,156,1,582,0.001718213058419244
69e447d2000000001d01aa01,158,1,582,0.001718213058419244
69e447d2000000001d01aa01,161,1,582,0.001718213058419244
69e447d2000000001d01aa01,166,1,582,0.001718213058419244
69e447d2000000001d01aa01,171,20,582,0.03436426116838488
69e447d2000000001d01aa01,175,1,582,0.001718213058419244
69e447d2000000001d01aa01,176,6,582,0.010309278350515464
69e447d2000000001d01aa01,178,1,582,0.001718213058419244
69e447d2000000001d01aa01,179,1,582,0.001718213058419244
69e44f3a000000002301079c,10,1,2,0.5
69e44f3a000000002301079c,56,1,2,0.5
69e44fbf000000001e00cc6a,4,1,5,0.2
69e44fbf000000001e00cc6a,9,1,5,0.2
69e44fbf000000001e00cc6a,80,1,5,0.2
69e44fbf000000001e00cc6a,115,1,5,0.2
69e44fbf000000001e00cc6a,116,1,5,0.2
69e4551e000000001f005895,0,4,146,0.0273972602739726
69e4551e000000001f005895,2,3,146,0.02054794520547945
69e4551e000000001f005895,4,3,146,0.02054794520547945
69e4551e000000001f005895,5,4,146,0.0273972602739726
69e4551e000000001f005895,7,5,146,0.03424657534246575
69e4551e000000001f005895,8,1,146,0.00684931506849315
69e4551e000000001f005895,9,8,146,0.0547945205479452
69e4551e000000001f005895,10,7,146,0.04794520547945205
69e4551e000000001f005895,12,4,146,0.0273972602739726
69e4551e000000001f005895,13,6,146,0.0410958904109589
69e4551e000000001f005895,14,11,146,0.07534246575342465
69e4551e000000001f005895,17,1,146,0.00684931506849315
69e4551e000000001f005895,18,1,146,0.00684931506849315
69e4551e000000001f005895,20,1,146,0.00684931506849315
69e4551e000000001f005895,24,1,146,0.00684931506849315
69e4551e000000001f005895,25,3,146,0.02054794520547945
69e4551e000000001f005895,26,11,146,0.07534246575342465
69e4551e000000001f005895,30,1,146,0.00684931506849315
69e4551e000000001f005895,33,1,146,0.00684931506849315
69e4551e000000001f005895,34,2,146,0.0136986301369863
69e4551e000000001f005895,35,2,146,0.0136986301369863
69e4551e000000001f005895,36,1,146,0.00684931506849315
69e4551e000000001f005895,37,2,146,0.0136986301369863
69e4551e000000001f005895,42,4,146,0.0273972602739726
69e4551e000000001f005895,45,1,146,0.00684931506849315
69e4551e000000001f005895,46,1,146,0.00684931506849315
69e4551e000000001f005895,47,1,146,0.00684931506849315
69e4551e000000001f005895,48,5,146,0.03424657534246575
69e4551e000000001f005895,52,8,146,0.0547945205479452
69e4551e000000001f005895,56,1,146,0.00684931506849315
69e4551e000000001f005895,58,4,146,0.0273972602739726
69e4551e000000001f005895,59,1,146,0.00684931506849315
69e4551e000000001f005895,69,1,146,0.00684931506849315
69e4551e000000001f005895,80,1,146,0.00684931506849315
69e4551e000000001f005895,84,3,146,0.02054794520547945
69e4551e000000001f005895,90,1,146,0.00684931506849315
69e4551e000000001f005895,95,2,146,0.0136986301369863
69e4551e000000001f005895,103,2,146,0.0136986301369863
69e4551e000000001f005895,105,1,146,0.00684931506849315
69e4551e000000001f005895,106,1,146,0.00684931506849315
69e4551e000000001f005895,107,1,146,0.00684931506849315
69e4551e000000001f005895,115,1,146,0.00684931506849315
69e4551e000000001f005895,119,3,146,0.02054794520547945
69e4551e000000001f005895,125,1,146,0.00684931506849315
69e4551e000000001f005895,126,4,146,0.0273972602739726
69e4551e000000001f005895,132,1,146,0.00684931506849315
69e4551e000000001f005895,136,1,146,0.00684931506849315
69e4551e000000001f005895,147,3,146,0.02054794520547945
69e4551e000000001f005895,153,3,146,0.02054794520547945
69e4551e000000001f005895,162,1,146,0.00684931506849315
69e4551e000000001f005895,166,2,146,0.0136986301369863
69e4551e000000001f005895,168,1,146,0.00684931506849315
69e4551e000000001f005895,169,1,146,0.00684931506849315
69e4551e000000001f005895,179,2,146,0.0136986301369863
69e45dbe000000001f00434f,0,20,237,0.08438818565400844
69e45dbe000000001f00434f,1,10,237,0.04219409282700422
69e45dbe000000001f00434f,2,8,237,0.03375527426160337
69e45dbe000000001f00434f,3,1,237,0.004219409282700422
69e45dbe000000001f00434f,4,2,237,0.008438818565400843
69e45dbe000000001f00434f,5,7,237,0.029535864978902954
69e45dbe000000001f00434f,7,7,237,0.029535864978902954
69e45dbe000000001f00434f,8,5,237,0.02109704641350211
69e45dbe000000001f00434f,9,1,237,0.004219409282700422
69e45dbe000000001f00434f,12,3,237,0.012658227848101266
69e45dbe000000001f00434f,14,1,237,0.004219409282700422
69e45dbe000000001f00434f,15,8,237,0.03375527426160337
69e45dbe000000001f00434f,17,1,237,0.004219409282700422
69e45dbe000000001f00434f,18,1,237,0.004219409282700422
69e45dbe000000001f00434f,19,1,237,0.004219409282700422
69e45dbe000000001f00434f,21,3,237,0.012658227848101266
69e45dbe000000001f00434f,22,1,237,0.004219409282700422
69e45dbe000000001f00434f,24,5,237,0.02109704641350211
69e45dbe000000001f00434f,25,20,237,0.08438818565400844
69e45dbe000000001f00434f,26,1,237,0.004219409282700422
69e45dbe000000001f00434f,29,3,237,0.012658227848101266
69e45dbe000000001f00434f,32,3,237,0.012658227848101266
69e45dbe000000001f00434f,33,1,237,0.004219409282700422
69e45dbe000000001f00434f,35,5,237,0.02109704641350211
69e45dbe000000001f00434f,37,3,237,0.012658227848101266
69e45dbe000000001f00434f,40,2,237,0.008438818565400843
69e45dbe000000001f00434f,44,1,237,0.004219409282700422
69e45dbe000000001f00434f,47,2,237,0.008438818565400843
69e45dbe000000001f00434f,48,3,237,0.012658227848101266
69e45dbe000000001f00434f,50,8,237,0.03375527426160337
69e45dbe000000001f00434f,53,2,237,0.008438818565400843
69e45dbe000000001f00434f,59,1,237,0.004219409282700422
69e45dbe000000001f00434f,60,3,237,0.012658227848101266
69e45dbe000000001f00434f,66,1,237,0.004219409282700422
69e45dbe000000001f00434f,68,5,237,0.02109704641350211
69e45dbe000000001f00434f,76,1,237,0.004219409282700422
69e45dbe000000001f00434f,78,5,237,0.02109704641350211
69e45dbe000000001f00434f,84,1,237,0.004219409282700422
69e45dbe000000001f00434f,85,1,237,0.004219409282700422
69e45dbe000000001f00434f,87,2,237,0.008438818565400843
69e45dbe000000001f00434f,90,2,237,0.008438818565400843
69e45dbe000000001f00434f,92,52,237,0.21940928270042195
69e45dbe000000001f00434f,94,1,237,0.004219409282700422
69e45dbe000000001f00434f,97,2,237,0.008438818565400843
69e45dbe000000001f00434f,103,3,237,0.012658227848101266
69e45dbe000000001f00434f,105,1,237,0.004219409282700422
69e45dbe000000001f00434f,106,2,237,0.008438818565400843
69e45dbe000000001f00434f,113,1,237,0.004219409282700422
69e45dbe000000001f00434f,119,1,237,0.004219409282700422
69e45dbe000000001f00434f,123,1,237,0.004219409282700422
69e45dbe000000001f00434f,124,3,237,0.012658227848101266
69e45dbe000000001f00434f,126,1,237,0.004219409282700422
69e45dbe000000001f00434f,135,1,237,0.004219409282700422
69e45dbe000000001f00434f,137,1,237,0.004219409282700422
69e45dbe000000001f00434f,140,1,237,0.004219409282700422
69e45dbe000000001f00434f,142,1,237,0.004219409282700422
69e45dbe000000001f00434f,145,1,237,0.004219409282700422
69e45dbe000000001f00434f,151,1,237,0.004219409282700422
69e45dbe000000001f00434f,157,1,237,0.004219409282700422
69e45dbe000000001f00434f,163,1,237,0.004219409282700422
69e46032000000001f002048,1,1,263,0.0038022813688212928
69e46032000000001f002048,2,7,263,0.026615969581749048
69e46032000000001f002048,3,2,263,0.0076045627376425855
69e46032000000001f002048,4,3,263,0.011406844106463879
69e46032000000001f002048,5,1,263,0.0038022813688212928
69e46032000000001f002048,6,3,263,0.011406844106463879
69e46032000000001f002048,9,1,263,0.0038022813688212928
69e46032000000001f002048,10,3,263,0.011406844106463879
69e46032000000001f002048,12,6,263,0.022813688212927757
69e46032000000001f002048,14,9,263,0.034220532319391636
69e46032000000001f002048,17,1,263,0.0038022813688212928
69e46032000000001f002048,19,1,263,0.0038022813688212928
69e46032000000001f002048,21,1,263,0.0038022813688212928
69e46032000000001f002048,25,1,263,0.0038022813688212928
69e46032000000001f002048,26,4,263,0.015209125475285171
69e46032000000001f002048,30,1,263,0.0038022813688212928
69e46032000000001f002048,32,1,263,0.0038022813688212928
69e46032000000001f002048,33,2,263,0.0076045627376425855
69e46032000000001f002048,37,1,263,0.0038022813688212928
69e46032000000001f002048,43,1,263,0.0038022813688212928
69e46032000000001f002048,44,3,263,0.011406844106463879
69e46032000000001f002048,45,1,263,0.0038022813688212928
69e46032000000001f002048,47,1,263,0.0038022813688212928
69e46032000000001f002048,49,2,263,0.0076045627376425855
69e46032000000001f002048,52,8,263,0.030418250950570342
69e46032000000001f002048,54,2,263,0.0076045627376425855
69e46032000000001f002048,56,3,263,0.011406844106463879
69e46032000000001f002048,60,6,263,0.022813688212927757
69e46032000000001f002048,63,2,263,0.0076045627376425855
69e46032000000001f002048,64,67,263,0.25475285171102663
69e46032000000001f002048,66,61,263,0.23193916349809887
69e46032000000001f002048,72,1,263,0.0038022813688212928
69e46032000000001f002048,74,2,263,0.0076045627376425855
69e46032000000001f002048,80,1,263,0.0038022813688212928
69e46032000000001f002048,93,2,263,0.0076045627376425855
69e46032000000001f002048,97,1,263,0.0038022813688212928
69e46032000000001f002048,105,10,263,0.03802281368821293
69e46032000000001f002048,108,2,263,0.0076045627376425855
69e46032000000001f002048,111,2,263,0.0076045627376425855
69e46032000000001f002048,114,2,263,0.0076045627376425855
69e46032000000001f002048,123,2,263,0.0076045627376425855
69e46032000000001f002048,125,1,263,0.0038022813688212928
69e46032000000001f002048,128,1,263,0.0038022813688212928
69e46032000000001f002048,129,1,263,0.0038022813688212928
69e46032000000001f002048,140,2,263,0.0076045627376425855
69e46032000000001f002048,145,2,263,0.0076045627376425855
69e46032000000001f002048,147,2,263,0.0076045627376425855
69e46032000000001f002048,153,2,263,0.0076045627376425855
69e46032000000001f002048,166,2,263,0.0076045627376425855
69e46032000000001f002048,170,19,263,0.07224334600760456
69e463df000000001b003017,0,18,98,0.1836734693877551
69e463df000000001b003017,1,1,98,0.01020408163265306
69e463df000000001b003017,2,1,98,0.01020408163265306
69e463df000000001b003017,3,3,98,0.030612244897959183
69e463df000000001b003017,4,1,98,0.01020408163265306
69e463df000000001b003017,5,1,98,0.01020408163265306
69e463df000000001b003017,6,1,98,0.01020408163265306
69e463df000000001b003017,7,10,98,0.10204081632653061
69e463df000000001b003017,8,2,98,0.02040816326530612
69e463df000000001b003017,9,3,98,0.030612244897959183
69e463df000000001b003017,11,1,98,0.01020408163265306
69e463df000000001b003017,12,2,98,0.02040816326530612
69e463df000000001b003017,14,3,98,0.030612244897959183
69e463df000000001b003017,17,1,98,0.01020408163265306
69e463df000000001b003017,19,1,98,0.01020408163265306
69e463df000000001b003017,25,8,98,0.08163265306122448
69e463df000000001b003017,30,3,98,0.030612244897959183
69e463df000000001b003017,34,1,98,0.01020408163265306
69e463df000000001b003017,42,1,98,0.01020408163265306
69e463df000000001b003017,47,1,98,0.01020408163265306
69e463df000000001b003017,48,4,98,0.04081632653061224
69e463df000000001b003017,49,1,98,0.01020408163265306
69e463df000000001b003017,56,3,98,0.030612244897959183
69e463df000000001b003017,59,1,98,0.01020408163265306
69e463df000000001b003017,60,1,98,0.01020408163265306
69e463df000000001b003017,62,1,98,0.01020408163265306
69e463df000000001b003017,66,1,98,0.01020408163265306
69e463df000000001b003017,80,1,98,0.01020408163265306
69e463df000000001b003017,84,1,98,0.01020408163265306
69e463df000000001b003017,85,1,98,0.01020408163265306
69e463df000000001b003017,88,1,98,0.01020408163265306
69e463df000000001b003017,90,3,98,0.030612244897959183
69e463df000000001b003017,93,1,98,0.01020408163265306
69e463df000000001b003017,103,2,98,0.02040816326530612
69e463df000000001b003017,119,1,98,0.01020408163265306
69e463df000000001b003017,120,1,98,0.01020408163265306
69e463df000000001b003017,125,2,98,0.02040816326530612
69e463df000000001b003017,126,1,98,0.01020408163265306
69e463df000000001b003017,135,1,98,0.01020408163265306
69e463df000000001b003017,140,1,98,0.01020408163265306
69e463df000000001b003017,153,2,98,0.02040816326530612
69e463df000000001b003017,169,1,98,0.01020408163265306
69e463df000000001b003017,170,1,98,0.01020408163265306
69e463df000000001b003017,171,2,98,0.02040816326530612
69e46730000000001d0199c8,0,25,247,0.10121457489878542
69e46730000000001d0199c8,1,4,247,0.016194331983805668
69e46730000000001d0199c8,2,4,247,0.016194331983805668
69e46730000000001d0199c8,3,6,247,0.024291497975708502
69e46730000000001d0199c8,5,11,247,0.044534412955465584
69e46730000000001d0199c8,7,4,247,0.016194331983805668
69e46730000000001d0199c8,8,4,247,0.016194331983805668
69e46730000000001d0199c8,9,1,247,0.004048582995951417
69e46730000000001d0199c8,10,7,247,0.02834008097165992
69e46730000000001d0199c8,11,2,247,0.008097165991902834
69e46730000000001d0199c8,12,5,247,0.020242914979757085
69e46730000000001d0199c8,13,6,247,0.024291497975708502
69e46730000000001d0199c8,14,1,247,0.004048582995951417
69e46730000000001d0199c8,15,2,247,0.008097165991902834
69e46730000000001d0199c8,17,3,247,0.012145748987854251
69e46730000000001d0199c8,18,1,247,0.004048582995951417
69e46730000000001d0199c8,20,1,247,0.004048582995951417
69e46730000000001d0199c8,21,1,247,0.004048582995951417
69e46730000000001d0199c8,22,2,247,0.008097165991902834
69e46730000000001d0199c8,24,1,247,0.004048582995951417
69e46730000000001d0199c8,25,1,247,0.004048582995951417
69e46730000000001d0199c8,29,1,247,0.004048582995951417
69e46730000000001d0199c8,30,1,247,0.004048582995951417
69e46730000000001d0199c8,31,1,247,0.004048582995951417
69e46730000000001d0199c8,32,5,247,0.020242914979757085
69e46730000000001d0199c8,33,1,247,0.004048582995951417
69e46730000000001d0199c8,35,1,247,0.004048582995951417
69e46730000000001d0199c8,36,55,247,0.22267206477732793
69e46730000000001d0199c8,41,1,247,0.004048582995951417
69e46730000000001d0199c8,42,1,247,0.004048582995951417
69e46730000000001d0199c8,44,5,247,0.020242914979757085
69e46730000000001d0199c8,45,2,247,0.008097165991902834
69e46730000000001d0199c8,47,5,247,0.020242914979757085
69e46730000000001d0199c8,49,1,247,0.004048582995951417
69e46730000000001d0199c8,50,4,247,0.016194331983805668
69e46730000000001d0199c8,52,3,247,0.012145748987854251
69e46730000000001d0199c8,54,2,247,0.008097165991902834
69e46730000000001d0199c8,56,2,247,0.008097165991902834
69e46730000000001d0199c8,60,1,247,0.004048582995951417
69e46730000000001d0199c8,65,2,247,0.008097165991902834
69e46730000000001d0199c8,68,1,247,0.004048582995951417
69e46730000000001d0199c8,74,2,247,0.008097165991902834
69e46730000000001d0199c8,75,1,247,0.004048582995951417
69e46730000000001d0199c8,76,1,247,0.004048582995951417
69e46730000000001d0199c8,79,1,247,0.004048582995951417
69e46730000000001d0199c8,82,1,247,0.004048582995951417
69e46730000000001d0199c8,84,5,247,0.020242914979757085
69e46730000000001d0199c8,86,10,247,0.04048582995951417
69e46730000000001d0199c8,87,1,247,0.004048582995951417
69e46730000000001d0199c8,88,1,247,0.004048582995951417
69e46730000000001d0199c8,90,5,247,0.020242914979757085
69e46730000000001d0199c8,91,3,247,0.012145748987854251
69e46730000000001d0199c8,94,1,247,0.004048582995951417
69e46730000000001d0199c8,98,1,247,0.004048582995951417
69e46730000000001d0199c8,100,2,247,0.008097165991902834
69e46730000000001d0199c8,103,2,247,0.008097165991902834
69e46730000000001d0199c8,104,1,247,0.004048582995951417
69e46730000000001d0199c8,115,1,247,0.004048582995951417
69e46730000000001d0199c8,117,2,247,0.008097165991902834
69e46730000000001d0199c8,118,3,247,0.012145748987854251
69e46730000000001d0199c8,120,1,247,0.004048582995951417
69e46730000000001d0199c8,123,1,247,0.004048582995951417
69e46730000000001d0199c8,124,1,247,0.004048582995951417
69e46730000000001d0199c8,126,4,247,0.016194331983805668
69e46730000000001d0199c8,128,2,247,0.008097165991902834
69e46730000000001d0199c8,130,1,247,0.004048582995951417
69e46730000000001d0199c8,131,1,247,0.004048582995951417
69e46730000000001d0199c8,135,1,247,0.004048582995951417
69e46730000000001d0199c8,136,1,247,0.004048582995951417
69e46730000000001d0199c8,142,1,247,0.004048582995951417
69e46730000000001d0199c8,162,1,247,0.004048582995951417
69e46730000000001d0199c8,176,1,247,0.004048582995951417
69e47f8f000000001f007203,0,40,1227,0.032599837000814993
69e47f8f000000001f007203,1,18,1227,0.014669926650366748
69e47f8f000000001f007203,2,16,1227,0.013039934800325998
69e47f8f000000001f007203,3,7,1227,0.0057049714751426246
69e47f8f000000001f007203,4,27,1227,0.022004889975550123
69e47f8f000000001f007203,5,46,1227,0.037489812550937245
69e47f8f000000001f007203,6,1,1227,0.0008149959250203749
69e47f8f000000001f007203,7,33,1227,0.02689486552567237
69e47f8f000000001f007203,8,46,1227,0.037489812550937245
69e47f8f000000001f007203,9,24,1227,0.019559902200488997
69e47f8f000000001f007203,10,50,1227,0.040749796251018745
69e47f8f000000001f007203,11,1,1227,0.0008149959250203749
69e47f8f000000001f007203,12,13,1227,0.010594947025264874
69e47f8f000000001f007203,13,25,1227,0.020374898125509373
69e47f8f000000001f007203,14,7,1227,0.0057049714751426246
69e47f8f000000001f007203,15,16,1227,0.013039934800325998
69e47f8f000000001f007203,16,7,1227,0.0057049714751426246
69e47f8f000000001f007203,17,31,1227,0.02526487367563162
69e47f8f000000001f007203,18,10,1227,0.008149959250203748
69e47f8f000000001f007203,19,23,1227,0.018744906275468622
69e47f8f000000001f007203,20,5,1227,0.004074979625101874
69e47f8f000000001f007203,21,11,1227,0.008964955175224124
69e47f8f000000001f007203,22,3,1227,0.0024449877750611247
69e47f8f000000001f007203,23,25,1227,0.020374898125509373
69e47f8f000000001f007203,24,9,1227,0.007334963325183374
69e47f8f000000001f007203,25,6,1227,0.004889975550122249
69e47f8f000000001f007203,26,11,1227,0.008964955175224124
69e47f8f000000001f007203,28,11,1227,0.008964955175224124
69e47f8f000000001f007203,29,5,1227,0.004074979625101874
69e47f8f000000001f007203,30,18,1227,0.014669926650366748
69e47f8f000000001f007203,31,3,1227,0.0024449877750611247
69e47f8f000000001f007203,32,24,1227,0.019559902200488997
69e47f8f000000001f007203,33,2,1227,0.0016299918500407497
69e47f8f000000001f007203,35,10,1227,0.008149959250203748
69e47f8f000000001f007203,37,14,1227,0.011409942950285249
69e47f8f000000001f007203,39,1,1227,0.0008149959250203749
69e47f8f000000001f007203,40,3,1227,0.0024449877750611247
69e47f8f000000001f007203,41,58,1227,0.04726976365118175
69e47f8f000000001f007203,42,2,1227,0.0016299918500407497
69e47f8f000000001f007203,43,3,1227,0.0024449877750611247
69e47f8f000000001f007203,44,10,1227,0.008149959250203748
69e47f8f000000001f007203,45,42,1227,0.034229828850855744
69e47f8f000000001f007203,46,1,1227,0.0008149959250203749
69e47f8f000000001f007203,47,19,1227,0.015484922575387123
69e47f8f000000001f007203,48,3,1227,0.0024449877750611247
69e47f8f000000001f007203,49,13,1227,0.010594947025264874
69e47f8f000000001f007203,50,8,1227,0.006519967400162999
69e47f8f000000001f007203,52,3,1227,0.0024449877750611247
69e47f8f000000001f007203,53,5,1227,0.004074979625101874
69e47f8f000000001f007203,54,6,1227,0.004889975550122249
69e47f8f000000001f007203,55,22,1227,0.017929910350448247
69e47f8f000000001f007203,56,27,1227,0.022004889975550123
69e47f8f000000001f007203,59,14,1227,0.011409942950285249
69e47f8f000000001f007203,60,10,1227,0.008149959250203748
69e47f8f000000001f007203,63,7,1227,0.0057049714751426246
69e47f8f000000001f007203,65,8,1227,0.006519967400162999
69e47f8f000000001f007203,66,1,1227,0.0008149959250203749
69e47f8f000000001f007203,68,3,1227,0.0024449877750611247
69e47f8f000000001f007203,69,2,1227,0.0016299918500407497
69e47f8f000000001f007203,70,3,1227,0.0024449877750611247
69e47f8f000000001f007203,71,4,1227,0.0032599837000814994
69e47f8f000000001f007203,72,1,1227,0.0008149959250203749
69e47f8f000000001f007203,73,5,1227,0.004074979625101874
69e47f8f000000001f007203,74,16,1227,0.013039934800325998
69e47f8f000000001f007203,75,4,1227,0.0032599837000814994
69e47f8f000000001f007203,77,1,1227,0.0008149959250203749
69e47f8f000000001f007203,78,1,1227,0.0008149959250203749
69e47f8f000000001f007203,79,1,1227,0.0008149959250203749
69e47f8f000000001f007203,80,4,1227,0.0032599837000814994
69e47f8f000000001f007203,82,5,1227,0.004074979625101874
69e47f8f000000001f007203,84,7,1227,0.0057049714751426246
69e47f8f000000001f007203,85,5,1227,0.004074979625101874
69e47f8f000000001f007203,86,14,1227,0.011409942950285249
69e47f8f000000001f007203,87,6,1227,0.004889975550122249
69e47f8f000000001f007203,88,12,1227,0.009779951100244499
69e47f8f000000001f007203,90,6,1227,0.004889975550122249
69e47f8f000000001f007203,92,2,1227,0.0016299918500407497
69e47f8f000000001f007203,93,1,1227,0.0008149959250203749
69e47f8f000000001f007203,94,7,1227,0.0057049714751426246
69e47f8f000000001f007203,95,6,1227,0.004889975550122249
69e47f8f000000001f007203,97,1,1227,0.0008149959250203749
69e47f8f000000001f007203,99,1,1227,0.0008149959250203749
69e47f8f000000001f007203,100,2,1227,0.0016299918500407497
69e47f8f000000001f007203,101,12,1227,0.009779951100244499
69e47f8f000000001f007203,102,2,1227,0.0016299918500407497
69e47f8f000000001f007203,104,2,1227,0.0016299918500407497
69e47f8f000000001f007203,106,1,1227,0.0008149959250203749
69e47f8f000000001f007203,108,9,1227,0.007334963325183374
69e47f8f000000001f007203,109,3,1227,0.0024449877750611247
69e47f8f000000001f007203,110,2,1227,0.0016299918500407497
69e47f8f000000001f007203,111,4,1227,0.0032599837000814994
69e47f8f000000001f007203,112,4,1227,0.0032599837000814994
69e47f8f000000001f007203,113,3,1227,0.0024449877750611247
69e47f8f000000001f007203,116,3,1227,0.0024449877750611247
69e47f8f000000001f007203,117,4,1227,0.0032599837000814994
69e47f8f000000001f007203,119,13,1227,0.010594947025264874
69e47f8f000000001f007203,120,11,1227,0.008964955175224124
69e47f8f000000001f007203,122,1,1227,0.0008149959250203749
69e47f8f000000001f007203,123,1,1227,0.0008149959250203749
69e47f8f000000001f007203,124,3,1227,0.0024449877750611247
69e47f8f000000001f007203,125,5,1227,0.004074979625101874
69e47f8f000000001f007203,126,3,1227,0.0024449877750611247
69e47f8f000000001f007203,128,4,1227,0.0032599837000814994
69e47f8f000000001f007203,129,5,1227,0.004074979625101874
69e47f8f000000001f007203,131,3,1227,0.0024449877750611247
69e47f8f000000001f007203,132,25,1227,0.020374898125509373
69e47f8f000000001f007203,133,1,1227,0.0008149959250203749
69e47f8f000000001f007203,134,8,1227,0.006519967400162999
69e47f8f000000001f007203,135,1,1227,0.0008149959250203749
69e47f8f000000001f007203,136,2,1227,0.0016299918500407497
69e47f8f000000001f007203,137,1,1227,0.0008149959250203749
69e47f8f000000001f007203,140,2,1227,0.0016299918500407497
69e47f8f000000001f007203,141,3,1227,0.0024449877750611247
69e47f8f000000001f007203,143,1,1227,0.0008149959250203749
69e47f8f000000001f007203,144,1,1227,0.0008149959250203749
69e47f8f000000001f007203,147,1,1227,0.0008149959250203749
69e47f8f000000001f007203,148,1,1227,0.0008149959250203749
69e47f8f000000001f007203,149,1,1227,0.0008149959250203749
69e47f8f000000001f007203,150,3,1227,0.0024449877750611247
69e47f8f000000001f007203,152,6,1227,0.004889975550122249
69e47f8f000000001f007203,157,1,1227,0.0008149959250203749
69e47f8f000000001f007203,159,3,1227,0.0024449877750611247
69e47f8f000000001f007203,161,1,1227,0.0008149959250203749
69e47f8f000000001f007203,162,16,1227,0.013039934800325998
69e47f8f000000001f007203,163,1,1227,0.0008149959250203749
69e47f8f000000001f007203,167,9,1227,0.007334963325183374
69e47f8f000000001f007203,168,4,1227,0.0032599837000814994
69e47f8f000000001f007203,169,3,1227,0.0024449877750611247
69e47f8f000000001f007203,170,1,1227,0.0008149959250203749
69e47f8f000000001f007203,173,3,1227,0.0024449877750611247
69e47f8f000000001f007203,174,6,1227,0.004889975550122249
69e47f8f000000001f007203,175,2,1227,0.0016299918500407497
69e47f8f000000001f007203,176,1,1227,0.0008149959250203749
69e47f8f000000001f007203,177,13,1227,0.010594947025264874
69e47f8f000000001f007203,178,6,1227,0.004889975550122249
69e47f8f000000001f007203,179,2,1227,0.0016299918500407497
69e47f8f000000001f007203,180,5,1227,0.004074979625101874
69e47f8f000000001f007203,181,11,1227,0.008964955175224124
69e481e8000000002003ad94,0,530,5066,0.10461902881958153
69e481e8000000002003ad94,1,187,5066,0.03691275167785235
69e481e8000000002003ad94,2,207,5066,0.04086063955783656
69e481e8000000002003ad94,3,27,5066,0.005329648637978681
69e481e8000000002003ad94,4,52,5066,0.010264508487958943
69e481e8000000002003ad94,5,32,5066,0.006316620607974733
69e481e8000000002003ad94,6,327,5066,0.0645479668377418
69e481e8000000002003ad94,7,56,5066,0.011054086063955783
69e481e8000000002003ad94,8,105,5066,0.020726411369917094
69e481e8000000002003ad94,9,75,5066,0.014804579549940782
69e481e8000000002003ad94,10,18,5066,0.0035530990919857876
69e481e8000000002003ad94,11,155,5066,0.030596131069877616
69e481e8000000002003ad94,12,56,5066,0.011054086063955783
69e481e8000000002003ad94,13,80,5066,0.015791551519936834
69e481e8000000002003ad94,14,34,5066,0.006711409395973154
69e481e8000000002003ad94,15,11,5066,0.0021713383339913147
69e481e8000000002003ad94,16,27,5066,0.005329648637978681
69e481e8000000002003ad94,17,4,5066,0.0007895775759968417
69e481e8000000002003ad94,18,157,5066,0.030990919857876036
69e481e8000000002003ad94,19,41,5066,0.008093170153967627
69e481e8000000002003ad94,20,1,5066,0.00019739439399921041
69e481e8000000002003ad94,21,37,5066,0.007303592577970786
69e481e8000000002003ad94,22,54,5066,0.010659297275957363
69e481e8000000002003ad94,23,62,5066,0.012238452427951046
69e481e8000000002003ad94,24,7,5066,0.0013817607579944729
69e481e8000000002003ad94,25,5,5066,0.0009869719699960521
69e481e8000000002003ad94,26,49,5066,0.00967232530596131
69e481e8000000002003ad94,27,123,5066,0.02427951046190288
69e481e8000000002003ad94,28,2,5066,0.00039478878799842083
69e481e8000000002003ad94,29,108,5066,0.021318594551914725
69e481e8000000002003ad94,30,7,5066,0.0013817607579944729
69e481e8000000002003ad94,31,120,5066,0.02368732727990525
69e481e8000000002003ad94,32,10,5066,0.0019739439399921043
69e481e8000000002003ad94,33,87,5066,0.017173312277931306
69e481e8000000002003ad94,34,80,5066,0.015791551519936834
69e481e8000000002003ad94,35,51,5066,0.010067114093959731
69e481e8000000002003ad94,37,24,5066,0.00473746545598105
69e481e8000000002003ad94,38,97,5066,0.01914725621792341
69e481e8000000002003ad94,39,83,5066,0.016383734701934466
69e481e8000000002003ad94,40,58,5066,0.011448874851954205
69e481e8000000002003ad94,41,8,5066,0.0015791551519936833
69e481e8000000002003ad94,42,73,5066,0.01440979076194236
69e481e8000000002003ad94,43,3,5066,0.0005921831819976313
69e481e8000000002003ad94,44,12,5066,0.002368732727990525
69e481e8000000002003ad94,45,1,5066,0.00019739439399921041
69e481e8000000002003ad94,46,45,5066,0.008882747729964469
69e481e8000000002003ad94,47,8,5066,0.0015791551519936833
69e481e8000000002003ad94,48,6,5066,0.0011843663639952626
69e481e8000000002003ad94,49,21,5066,0.0041452822739834186
69e481e8000000002003ad94,50,5,5066,0.0009869719699960521
69e481e8000000002003ad94,51,46,5066,0.009080142123963679
69e481e8000000002003ad94,52,16,5066,0.0031583103039873666
69e481e8000000002003ad94,53,10,5066,0.0019739439399921043
69e481e8000000002003ad94,54,37,5066,0.007303592577970786
69e481e8000000002003ad94,55,3,5066,0.0005921831819976313
69e481e8000000002003ad94,56,3,5066,0.0005921831819976313
69e481e8000000002003ad94,57,61,5066,0.012041058033951836
69e481e8000000002003ad94,58,36,5066,0.007106198183971575
69e481e8000000002003ad94,59,25,5066,0.00493485984998026
69e481e8000000002003ad94,60,15,5066,0.002960915909988156
69e481e8000000002003ad94,61,1,5066,0.00019739439399921041
69e481e8000000002003ad94,62,68,5066,0.013422818791946308
69e481e8000000002003ad94,63,25,5066,0.00493485984998026
69e481e8000000002003ad94,64,3,5066,0.0005921831819976313
69e481e8000000002003ad94,65,2,5066,0.00039478878799842083
69e481e8000000002003ad94,67,56,5066,0.011054086063955783
69e481e8000000002003ad94,68,4,5066,0.0007895775759968417
69e481e8000000002003ad94,70,50,5066,0.00986971969996052
69e481e8000000002003ad94,71,38,5066,0.007500986971969996
69e481e8000000002003ad94,72,5,5066,0.0009869719699960521
69e481e8000000002003ad94,73,9,5066,0.0017765495459928938
69e481e8000000002003ad94,74,2,5066,0.00039478878799842083
69e481e8000000002003ad94,75,1,5066,0.00019739439399921041
69e481e8000000002003ad94,76,35,5066,0.006908803789972365
69e481e8000000002003ad94,77,56,5066,0.011054086063955783
69e481e8000000002003ad94,78,10,5066,0.0019739439399921043
69e481e8000000002003ad94,79,26,5066,0.005132254243979471
69e481e8000000002003ad94,80,26,5066,0.005132254243979471
69e481e8000000002003ad94,81,3,5066,0.0005921831819976313
69e481e8000000002003ad94,82,2,5066,0.00039478878799842083
69e481e8000000002003ad94,83,41,5066,0.008093170153967627
69e481e8000000002003ad94,84,10,5066,0.0019739439399921043
69e481e8000000002003ad94,85,6,5066,0.0011843663639952626
69e481e8000000002003ad94,86,1,5066,0.00019739439399921041
69e481e8000000002003ad94,87,4,5066,0.0007895775759968417
69e481e8000000002003ad94,88,1,5066,0.00019739439399921041
69e481e8000000002003ad94,89,1,5066,0.00019739439399921041
69e481e8000000002003ad94,90,4,5066,0.0007895775759968417
69e481e8000000002003ad94,93,8,5066,0.0015791551519936833
69e481e8000000002003ad94,94,9,5066,0.0017765495459928938
69e481e8000000002003ad94,95,7,5066,0.0013817607579944729
69e481e8000000002003ad94,96,40,5066,0.007895775759968417
69e481e8000000002003ad94,97,28,5066,0.005527043031977891
69e481e8000000002003ad94,98,37,5066,0.007303592577970786
69e481e8000000002003ad94,99,46,5066,0.009080142123963679
69e481e8000000002003ad94,100,27,5066,0.005329648637978681
69e481e8000000002003ad94,102,34,5066,0.006711409395973154
69e481e8000000002003ad94,104,3,5066,0.0005921831819976313
69e481e8000000002003ad94,105,1,5066,0.00019739439399921041
69e481e8000000002003ad94,106,34,5066,0.006711409395973154
69e481e8000000002003ad94,107,27,5066,0.005329648637978681
69e481e8000000002003ad94,108,9,5066,0.0017765495459928938
69e481e8000000002003ad94,109,29,5066,0.005724437425977102
69e481e8000000002003ad94,110,9,5066,0.0017765495459928938
69e481e8000000002003ad94,111,3,5066,0.0005921831819976313
69e481e8000000002003ad94,113,1,5066,0.00019739439399921041
69e481e8000000002003ad94,114,5,5066,0.0009869719699960521
69e481e8000000002003ad94,115,5,5066,0.0009869719699960521
69e481e8000000002003ad94,116,20,5066,0.0039478878799842085
69e481e8000000002003ad94,117,21,5066,0.0041452822739834186
69e481e8000000002003ad94,119,1,5066,0.00019739439399921041
69e481e8000000002003ad94,120,12,5066,0.002368732727990525
69e481e8000000002003ad94,121,16,5066,0.0031583103039873666
69e481e8000000002003ad94,122,27,5066,0.005329648637978681
69e481e8000000002003ad94,123,6,5066,0.0011843663639952626
69e481e8000000002003ad94,124,3,5066,0.0005921831819976313
69e481e8000000002003ad94,125,10,5066,0.0019739439399921043
69e481e8000000002003ad94,126,1,5066,0.00019739439399921041
69e481e8000000002003ad94,127,23,5066,0.0045400710619818395
69e481e8000000002003ad94,128,14,5066,0.0027635215159889457
69e481e8000000002003ad94,129,2,5066,0.00039478878799842083
69e481e8000000002003ad94,130,31,5066,0.006119226213975523
69e481e8000000002003ad94,131,6,5066,0.0011843663639952626
69e481e8000000002003ad94,132,1,5066,0.00019739439399921041
69e481e8000000002003ad94,133,5,5066,0.0009869719699960521
69e481e8000000002003ad94,134,5,5066,0.0009869719699960521
69e481e8000000002003ad94,135,10,5066,0.0019739439399921043
69e481e8000000002003ad94,137,2,5066,0.00039478878799842083
69e481e8000000002003ad94,138,28,5066,0.005527043031977891
69e481e8000000002003ad94,139,3,5066,0.0005921831819976313
69e481e8000000002003ad94,140,13,5066,0.0025661271219897357
69e481e8000000002003ad94,141,6,5066,0.0011843663639952626
69e481e8000000002003ad94,142,8,5066,0.0015791551519936833
69e481e8000000002003ad94,143,12,5066,0.002368732727990525
69e481e8000000002003ad94,144,1,5066,0.00019739439399921041
69e481e8000000002003ad94,145,2,5066,0.00039478878799842083
69e481e8000000002003ad94,147,4,5066,0.0007895775759968417
69e481e8000000002003ad94,148,28,5066,0.005527043031977891
69e481e8000000002003ad94,149,4,5066,0.0007895775759968417
69e481e8000000002003ad94,151,27,5066,0.005329648637978681
69e481e8000000002003ad94,152,2,5066,0.00039478878799842083
69e481e8000000002003ad94,153,7,5066,0.0013817607579944729
69e481e8000000002003ad94,154,1,5066,0.00019739439399921041
69e481e8000000002003ad94,155,2,5066,0.00039478878799842083
69e481e8000000002003ad94,156,27,5066,0.005329648637978681
69e481e8000000002003ad94,157,25,5066,0.00493485984998026
69e481e8000000002003ad94,158,1,5066,0.00019739439399921041
69e481e8000000002003ad94,159,6,5066,0.0011843663639952626
69e481e8000000002003ad94,160,19,5066,0.003750493485984998
69e481e8000000002003ad94,162,1,5066,0.00019739439399921041
69e481e8000000002003ad94,163,21,5066,0.0041452822739834186
69e481e8000000002003ad94,164,15,5066,0.002960915909988156
69e481e8000000002003ad94,166,1,5066,0.00019739439399921041
69e481e8000000002003ad94,168,4,5066,0.0007895775759968417
69e481e8000000002003ad94,169,2,5066,0.00039478878799842083
69e481e8000000002003ad94,174,10,5066,0.0019739439399921043
69e481e8000000002003ad94,175,13,5066,0.0025661271219897357
69e481e8000000002003ad94,176,6,5066,0.0011843663639952626
69e481e8000000002003ad94,177,1,5066,0.00019739439399921041
69e481e8000000002003ad94,178,4,5066,0.0007895775759968417
69e481e8000000002003ad94,179,8,5066,0.0015791551519936833
69e481e8000000002003ad94,180,2,5066,0.00039478878799842083
69e481e8000000002003ad94,181,4,5066,0.0007895775759968417
69e48341000000001a02d0c4,0,20,423,0.04728132387706856
69e48341000000001a02d0c4,1,19,423,0.04491725768321513
69e48341000000001a02d0c4,2,8,423,0.018912529550827423
69e48341000000001a02d0c4,3,5,423,0.01182033096926714
69e48341000000001a02d0c4,4,1,423,0.002364066193853428
69e48341000000001a02d0c4,5,5,423,0.01182033096926714
69e48341000000001a02d0c4,6,2,423,0.004728132387706856
69e48341000000001a02d0c4,7,8,423,0.018912529550827423
69e48341000000001a02d0c4,8,3,423,0.0070921985815602835
69e48341000000001a02d0c4,9,3,423,0.0070921985815602835
69e48341000000001a02d0c4,10,3,423,0.0070921985815602835
69e48341000000001a02d0c4,11,3,423,0.0070921985815602835
69e48341000000001a02d0c4,12,12,423,0.028368794326241134
69e48341000000001a02d0c4,13,5,423,0.01182033096926714
69e48341000000001a02d0c4,14,5,423,0.01182033096926714
69e48341000000001a02d0c4,15,4,423,0.009456264775413711
69e48341000000001a02d0c4,16,2,423,0.004728132387706856
69e48341000000001a02d0c4,17,10,423,0.02364066193853428
69e48341000000001a02d0c4,18,1,423,0.002364066193853428
69e48341000000001a02d0c4,19,9,423,0.02127659574468085
69e48341000000001a02d0c4,20,23,423,0.054373522458628844
69e48341000000001a02d0c4,21,34,423,0.08037825059101655
69e48341000000001a02d0c4,22,4,423,0.009456264775413711
69e48341000000001a02d0c4,24,5,423,0.01182033096926714
69e48341000000001a02d0c4,26,1,423,0.002364066193853428
69e48341000000001a02d0c4,28,6,423,0.014184397163120567
69e48341000000001a02d0c4,30,3,423,0.0070921985815602835
69e48341000000001a02d0c4,33,1,423,0.002364066193853428
69e48341000000001a02d0c4,35,2,423,0.004728132387706856
69e48341000000001a02d0c4,37,3,423,0.0070921985815602835
69e48341000000001a02d0c4,40,2,423,0.004728132387706856
69e48341000000001a02d0c4,41,1,423,0.002364066193853428
69e48341000000001a02d0c4,43,1,423,0.002364066193853428
69e48341000000001a02d0c4,46,2,423,0.004728132387706856
69e48341000000001a02d0c4,47,1,423,0.002364066193853428
69e48341000000001a02d0c4,48,7,423,0.016548463356973995
69e48341000000001a02d0c4,50,1,423,0.002364066193853428
69e48341000000001a02d0c4,52,1,423,0.002364066193853428
69e48341000000001a02d0c4,53,11,423,0.026004728132387706
69e48341000000001a02d0c4,54,2,423,0.004728132387706856
69e48341000000001a02d0c4,58,1,423,0.002364066193853428
69e48341000000001a02d0c4,59,1,423,0.002364066193853428
69e48341000000001a02d0c4,60,1,423,0.002364066193853428
69e48341000000001a02d0c4,61,75,423,0.1773049645390071
69e48341000000001a02d0c4,65,8,423,0.018912529550827423
69e48341000000001a02d0c4,68,2,423,0.004728132387706856
69e48341000000001a02d0c4,70,4,423,0.009456264775413711
69e48341000000001a02d0c4,71,1,423,0.002364066193853428
69e48341000000001a02d0c4,74,1,423,0.002364066193853428
69e48341000000001a02d0c4,75,6,423,0.014184397163120567
69e48341000000001a02d0c4,76,1,423,0.002364066193853428
69e48341000000001a02d0c4,78,8,423,0.018912529550827423
69e48341000000001a02d0c4,80,1,423,0.002364066193853428
69e48341000000001a02d0c4,81,1,423,0.002364066193853428
69e48341000000001a02d0c4,82,1,423,0.002364066193853428
69e48341000000001a02d0c4,84,2,423,0.004728132387706856
69e48341000000001a02d0c4,85,1,423,0.002364066193853428
69e48341000000001a02d0c4,86,1,423,0.002364066193853428
69e48341000000001a02d0c4,87,7,423,0.016548463356973995
69e48341000000001a02d0c4,88,2,423,0.004728132387706856
69e48341000000001a02d0c4,94,2,423,0.004728132387706856
69e48341000000001a02d0c4,97,1,423,0.002364066193853428
69e48341000000001a02d0c4,101,6,423,0.014184397163120567
69e48341000000001a02d0c4,103,2,423,0.004728132387706856
69e48341000000001a02d0c4,105,1,423,0.002364066193853428
69e48341000000001a02d0c4,107,2,423,0.004728132387706856
69e48341000000001a02d0c4,110,6,423,0.014184397163120567
69e48341000000001a02d0c4,112,1,423,0.002364066193853428
69e48341000000001a02d0c4,115,1,423,0.002364066193853428
69e48341000000001a02d0c4,119,3,423,0.0070921985815602835
69e48341000000001a02d0c4,121,1,423,0.002364066193853428
69e48341000000001a02d0c4,123,2,423,0.004728132387706856
69e48341000000001a02d0c4,124,1,423,0.002364066193853428
69e48341000000001a02d0c4,126,2,423,0.004728132387706856
69e48341000000001a02d0c4,127,1,423,0.002364066193853428
69e48341000000001a02d0c4,131,1,423,0.002364066193853428
69e48341000000001a02d0c4,133,1,423,0.002364066193853428
69e48341000000001a02d0c4,137,1,423,0.002364066193853428
69e48341000000001a02d0c4,140,2,423,0.004728132387706856
69e48341000000001a02d0c4,141,5,423,0.01182033096926714
69e48341000000001a02d0c4,144,2,423,0.004728132387706856
69e48341000000001a02d0c4,145,1,423,0.002364066193853428
69e48341000000001a02d0c4,150,1,423,0.002364066193853428
69e48341000000001a02d0c4,165,1,423,0.002364066193853428
69e48341000000001a02d0c4,168,3,423,0.0070921985815602835
69e48341000000001a02d0c4,171,1,423,0.002364066193853428
69e48341000000001a02d0c4,172,2,423,0.004728132387706856
69e48341000000001a02d0c4,175,1,423,0.002364066193853428
69e48341000000001a02d0c4,177,4,423,0.009456264775413711
69e48341000000001a02d0c4,179,1,423,0.002364066193853428
69e48b0b000000001a02578c,0,16,121,0.1322314049586777
69e48b0b000000001a02578c,1,5,121,0.04132231404958678
69e48b0b000000001a02578c,2,1,121,0.008264462809917356
69e48b0b000000001a02578c,3,4,121,0.03305785123966942
69e48b0b000000001a02578c,6,7,121,0.05785123966942149
69e48b0b000000001a02578c,8,2,121,0.01652892561983471
69e48b0b000000001a02578c,9,2,121,0.01652892561983471
69e48b0b000000001a02578c,11,2,121,0.01652892561983471
69e48b0b000000001a02578c,14,1,121,0.008264462809917356
69e48b0b000000001a02578c,15,1,121,0.008264462809917356
69e48b0b000000001a02578c,18,1,121,0.008264462809917356
69e48b0b000000001a02578c,19,1,121,0.008264462809917356
69e48b0b000000001a02578c,21,3,121,0.024793388429752067
69e48b0b000000001a02578c,22,5,121,0.04132231404958678
69e48b0b000000001a02578c,23,1,121,0.008264462809917356
69e48b0b000000001a02578c,26,4,121,0.03305785123966942
69e48b0b000000001a02578c,27,1,121,0.008264462809917356
69e48b0b000000001a02578c,33,4,121,0.03305785123966942
69e48b0b000000001a02578c,34,6,121,0.049586776859504134
69e48b0b000000001a02578c,37,3,121,0.024793388429752067
69e48b0b000000001a02578c,40,1,121,0.008264462809917356
69e48b0b000000001a02578c,42,5,121,0.04132231404958678
69e48b0b000000001a02578c,44,1,121,0.008264462809917356
69e48b0b000000001a02578c,52,1,121,0.008264462809917356
69e48b0b000000001a02578c,53,2,121,0.01652892561983471
69e48b0b000000001a02578c,57,1,121,0.008264462809917356
69e48b0b000000001a02578c,59,1,121,0.008264462809917356
69e48b0b000000001a02578c,62,3,121,0.024793388429752067
69e48b0b000000001a02578c,63,1,121,0.008264462809917356
69e48b0b000000001a02578c,71,2,121,0.01652892561983471
69e48b0b000000001a02578c,72,1,121,0.008264462809917356
69e48b0b000000001a02578c,79,2,121,0.01652892561983471
69e48b0b000000001a02578c,87,2,121,0.01652892561983471
69e48b0b000000001a02578c,95,1,121,0.008264462809917356
69e48b0b000000001a02578c,98,1,121,0.008264462809917356
69e48b0b000000001a02578c,100,1,121,0.008264462809917356
69e48b0b000000001a02578c,102,1,121,0.008264462809917356
69e48b0b000000001a02578c,104,4,121,0.03305785123966942
69e48b0b000000001a02578c,105,1,121,0.008264462809917356
69e48b0b000000001a02578c,107,2,121,0.01652892561983471
69e48b0b000000001a02578c,116,1,121,0.008264462809917356
69e48b0b000000001a02578c,117,1,121,0.008264462809917356
69e48b0b000000001a02578c,125,1,121,0.008264462809917356
69e48b0b000000001a02578c,131,4,121,0.03305785123966942
69e48b0b000000001a02578c,133,1,121,0.008264462809917356
69e48b0b000000001a02578c,138,1,121,0.008264462809917356
69e48b0b000000001a02578c,140,1,121,0.008264462809917356
69e48b0b000000001a02578c,141,1,121,0.008264462809917356
69e48b0b000000001a02578c,142,1,121,0.008264462809917356
69e48b0b000000001a02578c,164,1,121,0.008264462809917356
69e48b0b000000001a02578c,166,2,121,0.01652892561983471
69e48b0b000000001a02578c,168,2,121,0.01652892561983471
69e48d54000000002102e178,0,2,148,0.013513513513513514
69e48d54000000002102e178,3,2,148,0.013513513513513514
69e48d54000000002102e178,4,4,148,0.02702702702702703
69e48d54000000002102e178,5,5,148,0.033783783783783786
69e48d54000000002102e178,6,1,148,0.006756756756756757
69e48d54000000002102e178,7,6,148,0.04054054054054054
69e48d54000000002102e178,8,3,148,0.02027027027027027
69e48d54000000002102e178,9,1,148,0.006756756756756757
69e48d54000000002102e178,10,5,148,0.033783783783783786
69e48d54000000002102e178,12,8,148,0.05405405405405406
69e48d54000000002102e178,13,1,148,0.006756756756756757
69e48d54000000002102e178,14,9,148,0.060810810810810814
69e48d54000000002102e178,17,1,148,0.006756756756756757
69e48d54000000002102e178,20,1,148,0.006756756756756757
69e48d54000000002102e178,26,2,148,0.013513513513513514
69e48d54000000002102e178,28,18,148,0.12162162162162163
69e48d54000000002102e178,30,1,148,0.006756756756756757
69e48d54000000002102e178,37,1,148,0.006756756756756757
69e48d54000000002102e178,44,5,148,0.033783783783783786
69e48d54000000002102e178,48,1,148,0.006756756756756757
69e48d54000000002102e178,49,2,148,0.013513513513513514
69e48d54000000002102e178,52,3,148,0.02027027027027027
69e48d54000000002102e178,56,1,148,0.006756756756756757
69e48d54000000002102e178,58,1,148,0.006756756756756757
69e48d54000000002102e178,66,2,148,0.013513513513513514
69e48d54000000002102e178,69,1,148,0.006756756756756757
69e48d54000000002102e178,74,12,148,0.08108108108108109
69e48d54000000002102e178,78,2,148,0.013513513513513514
69e48d54000000002102e178,79,3,148,0.02027027027027027
69e48d54000000002102e178,80,5,148,0.033783783783783786
69e48d54000000002102e178,90,1,148,0.006756756756756757
69e48d54000000002102e178,93,1,148,0.006756756756756757
69e48d54000000002102e178,98,1,148,0.006756756756756757
69e48d54000000002102e178,102,1,148,0.006756756756756757
69e48d54000000002102e178,105,2,148,0.013513513513513514
69e48d54000000002102e178,108,1,148,0.006756756756756757
69e48d54000000002102e178,115,1,148,0.006756756756756757
69e48d54000000002102e178,121,17,148,0.11486486486486487
69e48d54000000002102e178,123,2,148,0.013513513513513514
69e48d54000000002102e178,135,3,148,0.02027027027027027
69e48d54000000002102e178,136,2,148,0.013513513513513514
69e48d54000000002102e178,143,1,148,0.006756756756756757
69e48d54000000002102e178,153,1,148,0.006756756756756757
69e48d54000000002102e178,158,1,148,0.006756756756756757
69e48d54000000002102e178,162,1,148,0.006756756756756757
69e48d54000000002102e178,170,1,148,0.006756756756756757
69e48d54000000002102e178,178,1,148,0.006756756756756757
69e48d54000000002102e178,181,1,148,0.006756756756756757
69e4b08d000000001d01c1bc,0,3,132,0.022727272727272728
69e4b08d000000001d01c1bc,2,4,132,0.030303030303030304
69e4b08d000000001d01c1bc,4,2,132,0.015151515151515152
69e4b08d000000001d01c1bc,5,1,132,0.007575757575757576
69e4b08d000000001d01c1bc,7,2,132,0.015151515151515152
69e4b08d000000001d01c1bc,8,9,132,0.06818181818181818
69e4b08d000000001d01c1bc,9,2,132,0.015151515151515152
69e4b08d000000001d01c1bc,11,1,132,0.007575757575757576
69e4b08d000000001d01c1bc,12,3,132,0.022727272727272728
69e4b08d000000001d01c1bc,13,4,132,0.030303030303030304
69e4b08d000000001d01c1bc,14,21,132,0.1590909090909091
69e4b08d000000001d01c1bc,16,3,132,0.022727272727272728
69e4b08d000000001d01c1bc,19,3,132,0.022727272727272728
69e4b08d000000001d01c1bc,21,8,132,0.06060606060606061
69e4b08d000000001d01c1bc,22,1,132,0.007575757575757576
69e4b08d000000001d01c1bc,26,1,132,0.007575757575757576
69e4b08d000000001d01c1bc,27,1,132,0.007575757575757576
69e4b08d000000001d01c1bc,29,1,132,0.007575757575757576
69e4b08d000000001d01c1bc,30,1,132,0.007575757575757576
69e4b08d000000001d01c1bc,32,4,132,0.030303030303030304
69e4b08d000000001d01c1bc,35,2,132,0.015151515151515152
69e4b08d000000001d01c1bc,37,3,132,0.022727272727272728
69e4b08d000000001d01c1bc,48,1,132,0.007575757575757576
69e4b08d000000001d01c1bc,53,1,132,0.007575757575757576
69e4b08d000000001d01c1bc,56,7,132,0.05303030303030303
69e4b08d000000001d01c1bc,59,1,132,0.007575757575757576
69e4b08d000000001d01c1bc,63,1,132,0.007575757575757576
69e4b08d000000001d01c1bc,65,1,132,0.007575757575757576
69e4b08d000000001d01c1bc,70,2,132,0.015151515151515152
69e4b08d000000001d01c1bc,71,3,132,0.022727272727272728
69e4b08d000000001d01c1bc,87,2,132,0.015151515151515152
69e4b08d000000001d01c1bc,88,1,132,0.007575757575757576
69e4b08d000000001d01c1bc,90,2,132,0.015151515151515152
69e4b08d000000001d01c1bc,93,1,132,0.007575757575757576
69e4b08d000000001d01c1bc,94,2,132,0.015151515151515152
69e4b08d000000001d01c1bc,95,1,132,0.007575757575757576
69e4b08d000000001d01c1bc,100,4,132,0.030303030303030304
69e4b08d000000001d01c1bc,102,1,132,0.007575757575757576
69e4b08d000000001d01c1bc,107,1,132,0.007575757575757576
69e4b08d000000001d01c1bc,108,1,132,0.007575757575757576
69e4b08d000000001d01c1bc,116,2,132,0.015151515151515152
69e4b08d000000001d01c1bc,122,1,132,0.007575757575757576
69e4b08d000000001d01c1bc,124,1,132,0.007575757575757576
69e4b08d000000001d01c1bc,125,1,132,0.007575757575757576
69e4b08d000000001d01c1bc,126,1,132,0.007575757575757576
69e4b08d000000001d01c1bc,128,1,132,0.007575757575757576
69e4b08d000000001d01c1bc,129,2,132,0.015151515151515152
69e4b08d000000001d01c1bc,143,1,132,0.007575757575757576
69e4b08d000000001d01c1bc,147,1,132,0.007575757575757576
69e4b08d000000001d01c1bc,166,1,132,0.007575757575757576
69e4b08d000000001d01c1bc,167,5,132,0.03787878787878788
69e4b08d000000001d01c1bc,173,1,132,0.007575757575757576
69e4b08d000000001d01c1bc,178,1,132,0.007575757575757576
69e4c771000000002102c3fc,0,1,12,0.08333333333333333
69e4c771000000002102c3fc,2,2,12,0.16666666666666666
69e4c771000000002102c3fc,8,1,12,0.08333333333333333
69e4c771000000002102c3fc,19,1,12,0.08333333333333333
69e4c771000000002102c3fc,24,1,12,0.08333333333333333
69e4c771000000002102c3fc,53,1,12,0.08333333333333333
69e4c771000000002102c3fc,135,5,12,0.4166666666666667
69e59e520000000022027a90,0,54,752,0.07180851063829788
69e59e520000000022027a90,1,5,752,0.006648936170212766
69e59e520000000022027a90,2,6,752,0.007978723404255319
69e59e520000000022027a90,3,25,752,0.03324468085106383
69e59e520000000022027a90,4,6,752,0.007978723404255319
69e59e520000000022027a90,5,12,752,0.015957446808510637
69e59e520000000022027a90,6,1,752,0.0013297872340425532
69e59e520000000022027a90,7,33,752,0.043882978723404256
69e59e520000000022027a90,8,12,752,0.015957446808510637
69e59e520000000022027a90,9,9,752,0.011968085106382979
69e59e520000000022027a90,10,52,752,0.06914893617021277
69e59e520000000022027a90,11,1,752,0.0013297872340425532
69e59e520000000022027a90,12,14,752,0.018617021276595744
69e59e520000000022027a90,13,14,752,0.018617021276595744
69e59e520000000022027a90,14,8,752,0.010638297872340425
69e59e520000000022027a90,15,1,752,0.0013297872340425532
69e59e520000000022027a90,17,9,752,0.011968085106382979
69e59e520000000022027a90,18,1,752,0.0013297872340425532
69e59e520000000022027a90,19,12,752,0.015957446808510637
69e59e520000000022027a90,20,11,752,0.014627659574468085
69e59e520000000022027a90,21,10,752,0.013297872340425532
69e59e520000000022027a90,22,4,752,0.005319148936170213
69e59e520000000022027a90,23,4,752,0.005319148936170213
69e59e520000000022027a90,24,4,752,0.005319148936170213
69e59e520000000022027a90,25,67,752,0.08909574468085106
69e59e520000000022027a90,26,8,752,0.010638297872340425
69e59e520000000022027a90,28,3,752,0.003989361702127659
69e59e520000000022027a90,30,1,752,0.0013297872340425532
69e59e520000000022027a90,31,1,752,0.0013297872340425532
69e59e520000000022027a90,32,2,752,0.0026595744680851063
69e59e520000000022027a90,33,2,752,0.0026595744680851063
69e59e520000000022027a90,34,6,752,0.007978723404255319
69e59e520000000022027a90,35,2,752,0.0026595744680851063
69e59e520000000022027a90,36,24,752,0.031914893617021274
69e59e520000000022027a90,37,9,752,0.011968085106382979
69e59e520000000022027a90,41,1,752,0.0013297872340425532
69e59e520000000022027a90,42,3,752,0.003989361702127659
69e59e520000000022027a90,43,1,752,0.0013297872340425532
69e59e520000000022027a90,44,8,752,0.010638297872340425
69e59e520000000022027a90,45,1,752,0.0013297872340425532
69e59e520000000022027a90,47,3,752,0.003989361702127659
69e59e520000000022027a90,48,15,752,0.0199468085106383
69e59e520000000022027a90,49,8,752,0.010638297872340425
69e59e520000000022027a90,50,1,752,0.0013297872340425532
69e59e520000000022027a90,53,8,752,0.010638297872340425
69e59e520000000022027a90,54,4,752,0.005319148936170213
69e59e520000000022027a90,55,1,752,0.0013297872340425532
69e59e520000000022027a90,56,4,752,0.005319148936170213
69e59e520000000022027a90,57,1,752,0.0013297872340425532
69e59e520000000022027a90,59,1,752,0.0013297872340425532
69e59e520000000022027a90,60,2,752,0.0026595744680851063
69e59e520000000022027a90,63,2,752,0.0026595744680851063
69e59e520000000022027a90,65,3,752,0.003989361702127659
69e59e520000000022027a90,66,2,752,0.0026595744680851063
69e59e520000000022027a90,69,3,752,0.003989361702127659
69e59e520000000022027a90,70,2,752,0.0026595744680851063
69e59e520000000022027a90,71,1,752,0.0013297872340425532
69e59e520000000022027a90,73,32,752,0.0425531914893617
69e59e520000000022027a90,75,1,752,0.0013297872340425532
69e59e520000000022027a90,76,2,752,0.0026595744680851063
69e59e520000000022027a90,78,1,752,0.0013297872340425532
69e59e520000000022027a90,79,3,752,0.003989361702127659
69e59e520000000022027a90,80,1,752,0.0013297872340425532
69e59e520000000022027a90,81,50,752,0.06648936170212766
69e59e520000000022027a90,82,1,752,0.0013297872340425532
69e59e520000000022027a90,83,1,752,0.0013297872340425532
69e59e520000000022027a90,84,1,752,0.0013297872340425532
69e59e520000000022027a90,85,13,752,0.017287234042553192
69e59e520000000022027a90,86,17,752,0.022606382978723406
69e59e520000000022027a90,87,6,752,0.007978723404255319
69e59e520000000022027a90,88,3,752,0.003989361702127659
69e59e520000000022027a90,90,1,752,0.0013297872340425532
69e59e520000000022027a90,93,1,752,0.0013297872340425532
69e59e520000000022027a90,94,7,752,0.009308510638297872
69e59e520000000022027a90,95,8,752,0.010638297872340425
69e59e520000000022027a90,96,1,752,0.0013297872340425532
69e59e520000000022027a90,97,5,752,0.006648936170212766
69e59e520000000022027a90,98,1,752,0.0013297872340425532
69e59e520000000022027a90,99,2,752,0.0026595744680851063
69e59e520000000022027a90,106,1,752,0.0013297872340425532
69e59e520000000022027a90,108,3,752,0.003989361702127659
69e59e520000000022027a90,110,5,752,0.006648936170212766
69e59e520000000022027a90,111,7,752,0.009308510638297872
69e59e520000000022027a90,113,4,752,0.005319148936170213
69e59e520000000022027a90,114,1,752,0.0013297872340425532
69e59e520000000022027a90,116,1,752,0.0013297872340425532
69e59e520000000022027a90,119,6,752,0.007978723404255319
69e59e520000000022027a90,123,1,752,0.0013297872340425532
69e59e520000000022027a90,124,1,752,0.0013297872340425532
69e59e520000000022027a90,125,1,752,0.0013297872340425532
69e59e520000000022027a90,126,1,752,0.0013297872340425532
69e59e520000000022027a90,128,2,752,0.0026595744680851063
69e59e520000000022027a90,129,2,752,0.0026595744680851063
69e59e520000000022027a90,130,1,752,0.0013297872340425532
69e59e520000000022027a90,131,1,752,0.0013297872340425532
69e59e520000000022027a90,132,1,752,0.0013297872340425532
69e59e520000000022027a90,133,1,752,0.0013297872340425532
69e59e520000000022027a90,136,3,752,0.003989361702127659
69e59e520000000022027a90,137,2,752,0.0026595744680851063
69e59e520000000022027a90,140,4,752,0.005319148936170213
69e59e520000000022027a90,142,4,752,0.005319148936170213
69e59e520000000022027a90,143,1,752,0.0013297872340425532
69e59e520000000022027a90,144,3,752,0.003989361702127659
69e59e520000000022027a90,145,1,752,0.0013297872340425532
69e59e520000000022027a90,146,2,752,0.0026595744680851063
69e59e520000000022027a90,147,1,752,0.0013297872340425532
69e59e520000000022027a90,150,6,752,0.007978723404255319
69e59e520000000022027a90,152,1,752,0.0013297872340425532
69e59e520000000022027a90,153,1,752,0.0013297872340425532
69e59e520000000022027a90,154,1,752,0.0013297872340425532
69e59e520000000022027a90,155,1,752,0.0013297872340425532
69e59e520000000022027a90,159,2,752,0.0026595744680851063
69e59e520000000022027a90,164,2,752,0.0026595744680851063
69e59e520000000022027a90,166,2,752,0.0026595744680851063
69e59e520000000022027a90,172,3,752,0.003989361702127659
69e59e520000000022027a90,174,1,752,0.0013297872340425532
69e59e520000000022027a90,178,2,752,0.0026595744680851063
69e59e520000000022027a90,180,3,752,0.003989361702127659
69e5a09a000000002103ba03,0,4,20,0.2
69e5a09a000000002103ba03,1,1,20,0.05
69e5a09a000000002103ba03,3,1,20,0.05
69e5a09a000000002103ba03,4,1,20,0.05
69e5a09a000000002103ba03,7,2,20,0.1
69e5a09a000000002103ba03,40,1,20,0.05
69e5a09a000000002103ba03,47,1,20,0.05
69e5a09a000000002103ba03,50,2,20,0.1
69e5a09a000000002103ba03,81,1,20,0.05
69e5a09a000000002103ba03,86,1,20,0.05
69e5a09a000000002103ba03,87,1,20,0.05
69e5a09a000000002103ba03,108,1,20,0.05
69e5a09a000000002103ba03,109,1,20,0.05
69e5a09a000000002103ba03,116,1,20,0.05
69e5a09a000000002103ba03,141,1,20,0.05
69e634590000000022003bb5,0,13,137,0.0948905109489051
69e634590000000022003bb5,1,1,137,0.0072992700729927005
69e634590000000022003bb5,2,1,137,0.0072992700729927005
69e634590000000022003bb5,3,2,137,0.014598540145985401
69e634590000000022003bb5,4,4,137,0.029197080291970802
69e634590000000022003bb5,5,15,137,0.10948905109489052
69e634590000000022003bb5,7,4,137,0.029197080291970802
69e634590000000022003bb5,8,2,137,0.014598540145985401
69e634590000000022003bb5,9,3,137,0.021897810218978103
69e634590000000022003bb5,10,1,137,0.0072992700729927005
69e634590000000022003bb5,12,1,137,0.0072992700729927005
69e634590000000022003bb5,13,2,137,0.014598540145985401
69e634590000000022003bb5,15,3,137,0.021897810218978103
69e634590000000022003bb5,17,3,137,0.021897810218978103
69e634590000000022003bb5,20,1,137,0.0072992700729927005
69e634590000000022003bb5,25,1,137,0.0072992700729927005
69e634590000000022003bb5,26,1,137,0.0072992700729927005
69e634590000000022003bb5,27,2,137,0.014598540145985401
69e634590000000022003bb5,28,7,137,0.051094890510948905
69e634590000000022003bb5,30,1,137,0.0072992700729927005
69e634590000000022003bb5,33,3,137,0.021897810218978103
69e634590000000022003bb5,34,1,137,0.0072992700729927005
69e634590000000022003bb5,35,1,137,0.0072992700729927005
69e634590000000022003bb5,37,1,137,0.0072992700729927005
69e634590000000022003bb5,39,1,137,0.0072992700729927005
69e634590000000022003bb5,41,3,137,0.021897810218978103
69e634590000000022003bb5,42,3,137,0.021897810218978103
69e634590000000022003bb5,44,16,137,0.11678832116788321
69e634590000000022003bb5,45,1,137,0.0072992700729927005
69e634590000000022003bb5,47,5,137,0.0364963503649635
69e634590000000022003bb5,50,1,137,0.0072992700729927005
69e634590000000022003bb5,55,2,137,0.014598540145985401
69e634590000000022003bb5,57,1,137,0.0072992700729927005
69e634590000000022003bb5,59,2,137,0.014598540145985401
69e634590000000022003bb5,60,3,137,0.021897810218978103
69e634590000000022003bb5,65,2,137,0.014598540145985401
69e634590000000022003bb5,74,1,137,0.0072992700729927005
69e634590000000022003bb5,75,1,137,0.0072992700729927005
69e634590000000022003bb5,82,1,137,0.0072992700729927005
69e634590000000022003bb5,86,1,137,0.0072992700729927005
69e634590000000022003bb5,88,3,137,0.021897810218978103
69e634590000000022003bb5,90,1,137,0.0072992700729927005
69e634590000000022003bb5,97,1,137,0.0072992700729927005
69e634590000000022003bb5,106,1,137,0.0072992700729927005
69e634590000000022003bb5,109,1,137,0.0072992700729927005
69e634590000000022003bb5,124,1,137,0.0072992700729927005
69e634590000000022003bb5,129,1,137,0.0072992700729927005
69e634590000000022003bb5,131,1,137,0.0072992700729927005
69e634590000000022003bb5,135,2,137,0.014598540145985401
69e634590000000022003bb5,138,1,137,0.0072992700729927005
69e634590000000022003bb5,139,1,137,0.0072992700729927005
69e634590000000022003bb5,141,1,137,0.0072992700729927005
69e634590000000022003bb5,152,1,137,0.0072992700729927005
69e634590000000022003bb5,166,1,137,0.0072992700729927005
69e634590000000022003bb5,170,1,137,0.0072992700729927005
69e634590000000022003bb5,180,1,137,0.0072992700729927005
69e6f2bc0000000023005345,0,7,149,0.04697986577181208
69e6f2bc0000000023005345,1,1,149,0.006711409395973154
69e6f2bc0000000023005345,3,1,149,0.006711409395973154
69e6f2bc0000000023005345,5,1,149,0.006711409395973154
69e6f2bc0000000023005345,7,3,149,0.020134228187919462
69e6f2bc0000000023005345,9,3,149,0.020134228187919462
69e6f2bc0000000023005345,10,5,149,0.03355704697986577
69e6f2bc0000000023005345,12,2,149,0.013422818791946308
69e6f2bc0000000023005345,13,2,149,0.013422818791946308
69e6f2bc0000000023005345,15,7,149,0.04697986577181208
69e6f2bc0000000023005345,17,11,149,0.0738255033557047
69e6f2bc0000000023005345,19,2,149,0.013422818791946308
69e6f2bc0000000023005345,20,9,149,0.06040268456375839
69e6f2bc0000000023005345,25,1,149,0.006711409395973154
69e6f2bc0000000023005345,28,4,149,0.026845637583892617
69e6f2bc0000000023005345,30,9,149,0.06040268456375839
69e6f2bc0000000023005345,34,1,149,0.006711409395973154
69e6f2bc0000000023005345,43,1,149,0.006711409395973154
69e6f2bc0000000023005345,48,1,149,0.006711409395973154
69e6f2bc0000000023005345,56,1,149,0.006711409395973154
69e6f2bc0000000023005345,60,1,149,0.006711409395973154
69e6f2bc0000000023005345,65,6,149,0.040268456375838924
69e6f2bc0000000023005345,75,10,149,0.06711409395973154
69e6f2bc0000000023005345,78,9,149,0.06040268456375839
69e6f2bc0000000023005345,79,3,149,0.020134228187919462
69e6f2bc0000000023005345,80,2,149,0.013422818791946308
69e6f2bc0000000023005345,82,1,149,0.006711409395973154
69e6f2bc0000000023005345,84,1,149,0.006711409395973154
69e6f2bc0000000023005345,87,1,149,0.006711409395973154
69e6f2bc0000000023005345,88,2,149,0.013422818791946308
69e6f2bc0000000023005345,97,2,149,0.013422818791946308
69e6f2bc0000000023005345,101,1,149,0.006711409395973154
69e6f2bc0000000023005345,105,1,149,0.006711409395973154
69e6f2bc0000000023005345,108,1,149,0.006711409395973154
69e6f2bc0000000023005345,129,1,149,0.006711409395973154
69e6f2bc0000000023005345,132,5,149,0.03355704697986577
69e6f2bc0000000023005345,134,1,149,0.006711409395973154
69e6f2bc0000000023005345,145,18,149,0.12080536912751678
69e6f2bc0000000023005345,149,2,149,0.013422818791946308
69e6f2bc0000000023005345,152,1,149,0.006711409395973154
69e6f2bc0000000023005345,162,1,149,0.006711409395973154
69e6f2bc0000000023005345,166,1,149,0.006711409395973154
69e6f2bc0000000023005345,168,2,149,0.013422818791946308
69e6f2bc0000000023005345,170,1,149,0.006711409395973154
69e6f2bc0000000023005345,172,2,149,0.013422818791946308
69e6f2bc0000000023005345,176,1,149,0.006711409395973154
