帖子id,帖子标题,帖子点赞数,帖子评论数,comment_level,comment_id,parent_comment_id,user_id,content,comment_time,location,like_count,reply_count,char_len,post_category,robot_status,human_role,effective_token_count,robot_status_group,topic
69e59e520000000022027a90,"花田里犯了错|机器人马拉松正赛搞笑赏析

",,2593.0,2,69e5ea0f000000001401cc18,69e5c6f0000000001401ac1e,56d23fb41c07df64eb79d909,遥控的，主要是程序员太逗了[笑哭R],2026.04.20,山东,787.0,,18,弱势|观众,弱势,观众,4,弱势,0
69e429b4000000001b00037a,"张杰演唱会机器人来参加半马了？？

",,2026.0,2,69e43d3b0000000014019029,69e42e39000000001401c803,58c63d745e87e740d28ba835,遥控组作为底层，就是来整活的，毕竟也只能干整活[捂脸R],2026.04.19,浙江,552.0,,28,常态|观众,常态,观众,7,常态,0
69e4426b000000001d01c7ed,"一个大的一个小的一个废的

",,7334.0,2,69e45fef000000001401ac23,69e45f74000000001401bc0a,589994d26a6a693fbbbc0038,那直接放遥控汽车不就起飞了。,2026.04.19,广东,426.0,,14,混合|观众,混合,观众,3,,0
69e59e520000000022027a90,"花田里犯了错|机器人马拉松正赛搞笑赏析

",,2593.0,2,69e5e313000000001401e816,69e5c6f0000000001401ac1e,5f25a1390000000001002474,看号码布，遥控的,2026.04.20,浙江,344.0,,8,弱势|观众,弱势,观众,2,弱势,0
69e59e520000000022027a90,"花田里犯了错|机器人马拉松正赛搞笑赏析

",,2593.0,2,69e5e1d7000000001401c82d,69e5c6f0000000001401ac1e,566a0bdc589de3638535652c,拍手这是有人遥控，还是自主设定的反应？,2026.04.20,江苏,288.0,,19,弱势|观众,弱势,观众,6,弱势,0
69e4b08d000000001d01c1bc,"机器人马拉松参赛选手“进化速度这一块”

",,379.0,2,69e4c75a000000001401a823,69e4b97e000000001401a82a,5dd1536f00000000010048b2,48分钟那个是遥控的，50分的是自主的，48分的要乘1.2的系数就不是冠军了,2026.04.19,天津,285.0,,38,混合|观众,混合,观众,9,,0
69e429b4000000001b00037a,"张杰演唱会机器人来参加半马了？？

",,2026.0,2,69e44c850000000014019c12,69e44c00000000001401dc0b,5c389d09000000000603a7cd,胸口贴了，遥控,2026.04.19,北京,254.0,,7,常态|观众,常态,观众,2,常态,0
69df625d0000000021005c63,"“扶我起来，我还能再跑10公里”

",,9992.0,2,69df98ff00000000350314d0,69df98b4000000003500e5c5,578ad0f9a9b2ed30bb99b948,都有，遥控的话最后时间要乘以1.2,2026.04.15,浙江,251.0,,17,失败|观众,失败,观众,6,失败,0
69e634590000000022003bb5,"每个马拉松机器人，都有自己的热血故事。

",,824.0,1,69e65240000000001401900c,,5bd55707d39b5e00017fa2ff,居然是蓝标，自主不是遥控，棒极了,2026.04.21,四川,249.0,2.0,16,常态|观众,常态,观众,5,常态,0
69e59e520000000022027a90,"花田里犯了错|机器人马拉松正赛搞笑赏析

",,2593.0,2,69e5ebd6000000001401b813,69e5c6f0000000001401ac1e,5c483fe0000000001002ecf1,哈哈哈那肯定是遥控啦，机器人现在应该还没有自主意识啦,2026.04.20,北京,212.0,,26,弱势|观众,弱势,观众,5,弱势,0
69e634590000000022003bb5,"每个马拉松机器人，都有自己的热血故事。

",,824.0,2,69e653090000000014013c01,69e65240000000001401900c,5a913d90b1da142f0585714c,是的 我们的遥控器只用来控速,2026.04.21,北京,197.0,,14,常态|观众,常态,观众,3,常态,0
69df625d0000000021005c63,"“扶我起来，我还能再跑10公里”

",,9992.0,1,69df98b4000000003500e5c5,,5de6729d0000000001001c28,他们跑步，是遥控器操控，还是自己识别路面情况，纯粹自己跑呀？,2026.04.15,北京,146.0,25.0,30,失败|观众,失败,观众,7,失败,0
69df625d0000000021005c63,"“扶我起来，我还能再跑10公里”

",,9992.0,2,69dfa221000000003502da75,69df98b4000000003500e5c5,6149d9de0000000002023aa2,有遥控组，也有一组不遥控的，混在一起跑。遥控的机器人的成绩乘以1.2。,2026.04.15,北京,125.0,,35,失败|观众,失败,观众,10,失败,0
69e429b4000000001b00037a,"张杰演唱会机器人来参加半马了？？

",,2026.0,2,69e44f2d000000001401e426,69e44c00000000001401dc0b,57d6174382ec3929d8ad69bd,遙控 但應該不是每個動作遙控 而是本來就編好了一套動作 一個指令就來一整套[笑哭R],2026.04.19,加拿大,120.0,,42,常态|观众,常态,观众,13,常态,0
69e463df000000001b003017,"

",3270.0,219.0,2,69e5b1e0000000001401ac13,69e5af30000000001401a00f,5ce9329d00000000160281b1,遥控的要加时间，加权后才是最终成绩,2026.04.20,河南,118.0,,17,强势|服务者,强势,服务者,6,强势成功,0
69e634590000000022003bb5,"每个马拉松机器人，都有自己的热血故事。

",,824.0,2,69e72422000000001401b80b,69e72353000000001401bc13,53f33206b4c4d679ebb4391d,它是自己跑的，遥控是控速度,2026.04.21,广东,88.0,,13,常态|观众,常态,观众,2,常态,0
69da7e87000000001a03484e,"今晚的亦庄机器人马拉松测试

",,8169.0,2,69dabac4000000000d037827,69dab64a0000000016015dcc,5f8804fb000000000100921c,今年分组别，自主导航组和遥控组，速度也都提升很大。,2026.04.12,美国,86.0,,25,强势|观众,强势,观众,9,强势成功,0
69e2583b00000000230211ea,"

",,2406.0,1,69e415cc000000001401ac0c,,5f5ce388000000000100b062,旁边还要有人拿着遥控器跟跑操作，纯属造势圈钱！,2026.04.19,浙江,79.0,4.0,23,失败|抢救者,失败,抢救者,8,失败,0
69e59e520000000022027a90,"花田里犯了错|机器人马拉松正赛搞笑赏析

",,2593.0,2,69e5ffbf000000001401e42f,69e5c6f0000000001401ac1e,5af21118e8ac2b4d685c6761,好像有自主的，看号码牌有写,2026.04.20,海南,79.0,,13,弱势|观众,弱势,观众,3,弱势,0
69e59e520000000022027a90,"花田里犯了错|机器人马拉松正赛搞笑赏析

",,2593.0,2,69e6d14f0000000014019c0c,69e6394c000000001401c410,69052d680000000037004ce6,[偷笑R]这是差生，很多厉害的厂商，能自主跑，能导航，工程师开车跟着，还有就是休息区帮忙散热。但是他们应该没有自主意识，所以就是个人形工具。未来世界这种就像修仙世界的傀儡吧。。。,2026.04.21,湖南,77.0,,89,弱势|观众,弱势,观众,21,弱势,0
69e463df000000001b003017,"

",3270.0,219.0,1,69e5af30000000001401a00f,,5ffdda72000000000100a6c6,竟然是自主的夺冠了，遥控的怎么会输给自主[捂脸R],2026.04.20,山西,75.0,7.0,25,强势|服务者,强势,服务者,6,强势成功,0
69e481e8000000002003ad94,"

",,,2,69e48b8d000000001401c421,69e48adf000000001401b835,6672635e000000000d0257d0,这个前面的标签写的很清楚，是自主的。不是遥控。,2026.04.19,北京,63.0,,23,强势|服务者,强势,服务者,5,强势成功,0
69e59e520000000022027a90,"花田里犯了错|机器人马拉松正赛搞笑赏析

",,2593.0,2,69e60258000000001401b826,69e5c6f0000000001401ac1e,5e3ad8de00000000010039d7,遥控，紫色的号码牌，机器人整不出这么抽象的活,2026.04.20,湖南,59.0,,22,弱势|观众,弱势,观众,6,弱势,0
69df625d0000000021005c63,"“扶我起来，我还能再跑10公里”

",,9992.0,2,69dfa3050000000001006fa9,69df98b4000000003500e5c5,5570f2e542099520f1fe0826,有30%多的是自主导航没遥控的哦,2026.04.15,江西,58.0,,16,失败|观众,失败,观众,4,失败,0
69e48b0b000000001a02578c,"北京马拉松机器人中暑了🥵

",3334.0,467.0,1,69eae867000000001401e003,,638dbf3f000000001f01ddfc,他手里拿的是遥控器吗[笑哭R]，这玩意不就是个遥控玩具么？,2026.04.24,北京,56.0,11.0,29,失败|服务者,失败,服务者,5,失败,0
69e46730000000001d0199c8,"

",,761.0,1,69e4b56c000000001401e82f,,657c35cc0000000020035899,也就是遥控玩具吧,2026.04.19,陕西,51.0,35.0,8,强势|观众,强势,观众,2,强势成功,0
69e4412a000000002103883f,"荣耀闪电队-齐天大圣夺冠！

",3517.0,445.0,2,69e4763b000000001401d416,69e475840000000014019008,5c124415f7e8b957900d0ee5,有30％是自主跑的，70％是遥控的,2026.04.19,北京,47.0,,17,强势|观众,强势,观众,4,强势成功,0
69e447d2000000001d01aa01,"当算法有了腿，程序员万万没想到……

",,2912.0,2,69e47e46000000001401bc1e,69e47dbc000000001401bc0e,66fa4bb8000000000d0272b6,这次有40％不用跑，看腰部贴纸写了“自主”的就是。以后会越来越多，你可以关注具身智能话题。,2026.04.19,上海,45.0,,45,强势|服务者,强势,服务者,10,强势成功,0
69e4551e000000001f005895,"荣耀机器人赢麻了🤖我觉得它表情在嘲讽我

",,816.0,2,69e4a4c6000000001401dc17,69e47f9e0000000014018803,5ceab7c3000000001102d391,不是的，这个是自主的，前三都是这个外形自主的，用时最快的是50分多，摔了一下48分多的那个是这个外形遥控的，遥控的需要1.2倍加权算最终成绩,2026.04.19,山东,43.0,,70,强势|被超越者,强势,被超越者,19,强势成功,0
69e46730000000001d0199c8,"

",,761.0,2,69e4dd1d000000001401e433,69e4db8c000000001401b823,62319693000000001000c401,有自主的和遥控的两个类别,2026.04.19,山西,43.0,,12,强势|观众,强势,观众,4,强势成功,0
69e4426b000000001d01c7ed,"一个大的一个小的一个废的

",,7334.0,2,69e46025000000001401dc38,69e45f74000000001401bc0a,5b7b9b311f0bca00017a6a95,这是人形机器人，你说的那种是另一种机器人。,2026.04.19,江苏,2132.0,,21,混合|观众,混合,观众,4,,1
69e481e8000000002003ad94,"

",,,2,69e492de000000001401d809,69e490ae000000001401d42a,651a3fa30000000024014f22,因为人形可以和人本身结合起来，他可以用人的装备，人的武器，人也可以用他们的,2026.04.19,山东,907.0,,37,强势|服务者,强势,服务者,10,强势成功,1
69e48b0b000000001a02578c,"北京马拉松机器人中暑了🥵

",3334.0,467.0,2,69eeedd900000000270177bf,69ecb9a7000000002803354c,5b7519e9c41c61000115d162,我也觉得。每次有人问，都一大堆人说是为了适配人类社会的设施，但我寻思守望先锋奥丽莎这种设计也行啊,2026.04.27,江苏,307.0,,48,失败|服务者,失败,服务者,14,失败,1
69e481e8000000002003ad94,"

",,,2,69e5731c000000001401a017,69e571d9000000001401c009,61d9801000000000100071f8,很简单的理解。为什么是人型，因为这个社会所有的设施都按人为基准建的。你想，造一个人出来，首先要教会这个人走路，跑步啊，这才只是最简单的一步。只能说现在是刚学会走路跑步的一两岁小孩子。,2026.04.20,北京,251.0,,91,强势|服务者,强势,服务者,25,强势成功,1
69e42cc100000000220001ad,"机器人马拉松倒数第一名，萌翻了🤣🤣🤣

",,8501.0,2,69e6e48a000000001401ac18,69e6e3f8000000001401900e,5e1685ae000000000100bab0,"人类社会的一切工具和设施都是基于人体打造的，人形机器人可以无障碍接管，不需要对工具和设施进行适配性改造。

同时，情感需求也是一方面，机器人要融入人类社会，与人类共同协作，其外形需要尽量减少隔阂感，且要能与人类以“人类熟悉的方式”进行互动。
所以，人形态是最好的选择。",2026.04.21,广东,168.0,,134,弱势|观众,弱势,观众,43,弱势,1
69e48341000000001a02d0c4,"机器人马拉松，我们看乐了，西方人看破防了🤣

",3931.0,1022.0,2,69e49974000000001401c404,69e495f6000000001401e015,678a4be8000000000e01e9d7,还有问为啥要做成人形的,2026.04.19,天津,80.0,,11,强势|观众,强势,观众,2,强势成功,1
69df625d0000000021005c63,"“扶我起来，我还能再跑10公里”

",,9992.0,2,69e032c6000000003500aec3,69e030c20000000002028a01,54e5ca4e2e1d937249a5c279,因为叫机器人啊，做成狗的叫机器狗，做成蜘蛛的叫机器蜘蛛。。这就是中文基本的表达方法。。又不像英文出现个啥就创造一个单词出来。。。。,2026.04.16,北京,69.0,,65,失败|观众,失败,观众,15,失败,1
69da7e87000000001a03484e,"今晚的亦庄机器人马拉松测试

",,8169.0,2,69db0336000000000d036d47,69db02c8000000003501de1d,64f710a700000000040260ca,做成人形，就是各行各业通用,2026.04.12,广东,62.0,,13,强势|观众,强势,观众,4,强势成功,1
69da7e87000000001a03484e,"今晚的亦庄机器人马拉松测试

",,8169.0,2,69db0b33000000003502e0aa,69db09350000000035018759,643a7915000000001400eef8,它是替人干活的[捂脸R]而所有的工业设备都是适配人类的，机器人人型更方便,2026.04.12,内蒙古,41.0,,36,强势|观众,强势,观众,10,强势成功,1
69da7e87000000001a03484e,"今晚的亦庄机器人马拉松测试

",,8169.0,2,69db18770000000015001c5b,69db17fd0000000001004b62,610d6123000000000100b83a,机器人做成狗那还能叫机器人嘛,2026.04.12,陕西,38.0,,14,强势|观众,强势,观众,4,强势成功,1
69e40352000000002102fc75,"机器人马拉松现场第一视角看全部队伍

",,1160.0,2,69e42842000000001401dc18,69e41e73000000001401980a,62c6557a000000000e00c96e,仿生人不就是仿生机器人[doge],2026.04.19,广西,38.0,,17,常态|服务者,常态,服务者,3,常态,1
69e481e8000000002003ad94,"

",,,1,69e625ea000000001401c824,,59016ae06a6a697664112864,人形机器人就是圈钱用的。大家看看乐呵乐呵就行了。,2026.04.20,内蒙古,34.0,17.0,24,强势|服务者,强势,服务者,6,强势成功,1
69e4426b000000001d01c7ed,"一个大的一个小的一个废的

",,7334.0,2,69e46248000000001401a42c,69e45f74000000001401bc0a,5a41f8c54eacab6692ca4da6,因为现在的工具都是依据人体工学设计的啊 做成人形适配度更高,2026.04.19,江西,30.0,,29,混合|观众,混合,观众,7,,1
69e46032000000001f002048,"看着你们累倒在地上我很心疼，恨不得替你们

",,5680.0,2,69e815ff000000001401b816,69e622df000000001401b81a,59eb8eb611be107c6f9b0425,她说那个不是她，只是cosplay,2026.04.22,吉林,30.0,,17,常态|保护者,常态,保护者,2,常态,1
69e47f8f000000001f007203,"2026年机器人马拉松状态，五年后再看🤣

",,5834.0,2,69e8f472000000001401b802,69e8aa9b000000001401c032,62ef4914000000001f017230,其实大多数工业生产上的机器人都不是人形的，做人形是为了以后服务活人，也就是我们看得见的那些。,2026.04.23,广东,22.0,,46,混合|观众,混合,观众,11,,1
69da7e87000000001a03484e,"今晚的亦庄机器人马拉松测试

",,8169.0,1,69db0d990000000001006f53,,6456f785000000002901183a,很多人都会说，把机器做成人形有什么意义？……有没有一种可能，那是我们以后的身体,2026.04.12,湖南,21.0,7.0,39,强势|观众,强势,观众,9,强势成功,1
69da7e87000000001a03484e,"今晚的亦庄机器人马拉松测试

",,8169.0,2,69db187a00000000350260a0,69db17fd0000000001004b62,65c5959a0000000011018d2d,可以做人做的事 现有建筑都按这个设计,2026.04.12,澳大利亚,21.0,,18,强势|观众,强势,观众,4,强势成功,1
69e42cc100000000220001ad,"机器人马拉松倒数第一名，萌翻了🤣🤣🤣

",,8501.0,2,69e598bd000000001401ac1e,69e59624000000001401e815,6120ef22000000000100991c,模拟人形叫机器人，模拟狗形叫机器狗呗,2026.04.20,上海,20.0,,18,弱势|观众,弱势,观众,6,弱势,1
69df625d0000000021005c63,"“扶我起来，我还能再跑10公里”

",,9992.0,2,69e0320a0000000002037885,69e030c20000000002028a01,56c728da4775a7223a142f82,问了下豆包，人形机器人的核心优势是可以无缝适配人类世界[飞吻R],2026.04.16,北京,19.0,,32,失败|观众,失败,观众,8,失败,1
69e42cc100000000220001ad,"机器人马拉松倒数第一名，萌翻了🤣🤣🤣

",,8501.0,1,69e6e3f8000000001401900e,,59a68a1482ec392bab20e614,机器人做成人形的目的是,2026.04.21,辽宁,17.0,32.0,11,弱势|观众,弱势,观众,4,弱势,1
69e481e8000000002003ad94,"

",,,2,69e4947b000000001401c02f,69e490ae000000001401d42a,5dbc22d8000000000100a45a,1.为打仗做准备 2.生活环境是按照人形需求建立的，比如台阶的高矮、门把手的高低、地铁的缝隙，等等,2026.04.19,上海,17.0,,49,强势|服务者,强势,服务者,16,强势成功,1
69e481e8000000002003ad94,"

",,,2,69e5a34f000000001401bc17,69e5a177000000001401c82e,65fe69bd000000000b00ede1,只有长得像人才能完整适应人类为人类自己开发的工具。你会跑步，会做饭，会上楼梯，会开车，机器人同时具备这些能力，人形就是最好的答案,2026.04.20,山东,17.0,,64,强势|服务者,强势,服务者,22,强势成功,1
69df625d0000000021005c63,"“扶我起来，我还能再跑10公里”

",,9992.0,1,69e030c20000000002028a01,,56c728da4775a7223a142f82,为啥机器人一定要做成人形的？有什么必要吗,2026.04.16,北京,15.0,18.0,20,失败|观众,失败,观众,5,失败,1
69da7e87000000001a03484e,"今晚的亦庄机器人马拉松测试

",,8169.0,2,69db0382000000001500a840,69db02c8000000003501de1d,5b46dfc76b58b75d7993013d,人形是对技术的挑战,2026.04.12,广东,14.0,,9,强势|观众,强势,观众,3,强势成功,1
69da7e87000000001a03484e,"今晚的亦庄机器人马拉松测试

",,8169.0,2,69db3f480000000002028659,69db2eba000000003501189f,5aa640a311be104abd0c24aa,人类社会是按人的需求建设的，仿生机器人仿人类肯定是主要方向之一，这样最具有泛用性。,2026.04.12,浙江,13.0,,41,强势|观众,强势,观众,14,强势成功,1
69da7e87000000001a03484e,"今晚的亦庄机器人马拉松测试

",,8169.0,2,69db18e7000000000202866a,69db17fd0000000001004b62,5d3c5083000000001201ba47,因为它叫机器人，不是人型的有自己的名字啊。。。,2026.04.12,海南,13.0,,23,强势|观众,强势,观众,3,强势成功,1
69e42cc100000000220001ad,"机器人马拉松倒数第一名，萌翻了🤣🤣🤣

",,8501.0,2,69e73a580000000014019424,69e6e3f8000000001401900e,5d3e7b5d0000000011019c30,人形是功能最全面的生物形态，没有之一，同时人类会觉得人形更有亲切感，未来可能会有发展各式各样的机器人服务业，比起一个大铁块子，我相信你肯定更希望是仿生人服务你吧,2026.04.21,广东,13.0,,80,弱势|观众,弱势,观众,23,弱势,1
69e47f8f000000001f007203,"2026年机器人马拉松状态，五年后再看🤣

",,5834.0,2,69e8fb18000000001401e80c,69e8aa9b000000001401c032,676ed5f80000000018014856,因为不是人形的机器不叫“机器人”，叫智能机械臂、机器狗之类，而且人形是应用场景最广的形态之一，，，总之原因有很多,2026.04.23,山东,13.0,,56,混合|观众,混合,观众,16,,1
69e48b0b000000001a02578c,"北京马拉松机器人中暑了🥵

",3334.0,467.0,2,69f43b6a000000002a03021d,69ef404c000000002b003d6a,5886dc666a6a6947ba1e627d,人形机器人骗国家补贴的[doge],2026.05.01,湖北,13.0,,17,失败|服务者,失败,服务者,2,失败,1
69e48341000000001a02d0c4,"机器人马拉松，我们看乐了，西方人看破防了🤣

",3931.0,1022.0,2,69e57aee0000000014019c03,69e57a210000000014018c0e,5f7750cb000000000100879b,加一个：为什么非要做成人形的？[暗中观察R],2026.04.20,广东,12.0,,22,强势|观众,强势,观众,4,强势成功,1
69e481e8000000002003ad94,"

",,,2,69e71e44000000001401a023,69e71b47000000001401ac15,5c580827000000001103107a,打仗时候可以绑炸弹冲在前面，火场救援，灾区救援,2026.04.21,河南,290.0,,23,强势|服务者,强势,服务者,7,强势成功,2
69e4c771000000002102c3fc,"一镜到底！看人形机器人跑半马如何补给。

",,89.0,1,69e51334000000001401cc07,,63ea6311000000002501f594,好好练，将来分担抢险救灾的工作💪,2026.04.20,广东,169.0,0.0,16,常态|服务者,常态,服务者,5,常态,2
69e4551e000000001f005895,"荣耀机器人赢麻了🤖我觉得它表情在嘲讽我

",,816.0,1,69e4c0ce000000001401980e,,60fc0523000000002002fa5a,这玩意加个强化外壳，装上遥控炸药，想拦住不太容易呀[笑哭R],2026.04.19,辽宁,93.0,7.0,30,强势|被超越者,强势,被超越者,9,强势成功,2
69da7e87000000001a03484e,"今晚的亦庄机器人马拉松测试

",,8169.0,1,69db0fce0000000015005918,,62d827ae0000000002001e7e,可以用于灾害救援啊这个,2026.04.12,广东,91.0,34.0,11,强势|观众,强势,观众,3,强势成功,2
69e46032000000001f002048,"看着你们累倒在地上我很心疼，恨不得替你们

",,5680.0,2,69e960b4000000001401cc08,69e7007f000000001401a400,6011141500000000010076d7,现在距离派往光州已经就差一秒六棍了,2026.04.23,河北,76.0,,17,常态|保护者,常态,保护者,5,常态,2
69da7e87000000001a03484e,"今晚的亦庄机器人马拉松测试

",,8169.0,2,69db0fe10000000014009cfb,69db0fce0000000015005918,62d827ae0000000002001e7e,从火场里救人，咻咻咻的就跑出来了,2026.04.12,广东,63.0,,16,强势|观众,强势,观众,3,强势成功,2
69e4551e000000001f005895,"荣耀机器人赢麻了🤖我觉得它表情在嘲讽我

",,816.0,2,69e4998e000000001401dc16,69e48d160000000014018c1b,645886ad000000001f03039a,在战场上不需要跑死，只要接近就完犊子了[捂脸R],2026.04.19,辽宁,61.0,,24,强势|被超越者,强势,被超越者,5,强势成功,2
69e481e8000000002003ad94,"

",,,2,69e5776f000000001401d408,69e571d9000000001401c009,5eccc46e0000000001002848,当他拿起枪保护你，炸掉对方时你就觉得都值得,2026.04.20,海南,61.0,,21,强势|服务者,强势,服务者,5,强势成功,2
69e481e8000000002003ad94,"

",,,2,69e584f3000000001401b809,69e5841a000000001401d81f,642ce676000000000801849b,打仗就能少死三个人了[点赞R],2026.04.20,湖南,59.0,,15,强势|服务者,强势,服务者,3,强势成功,2
69da7e87000000001a03484e,"今晚的亦庄机器人马拉松测试

",,8169.0,1,69db12970000000035018b53,,61efc8f500000000210240ff,这nb了 这要是上战场了…,2026.04.12,北京,54.0,19.0,13,强势|观众,强势,观众,3,强势成功,2
69e481e8000000002003ad94,"

",,,2,69e57617000000001401d80b,69e571d9000000001401c009,647c1a9b000000001001d907,战场上，战士们不用再背着炸药包了。,2026.04.20,河南,35.0,,17,强势|服务者,强势,服务者,5,强势成功,2
69e44278000000001a0217bb,"机器人超过我的瞬间

",6019.0,372.0,2,69e5d522000000001401e428,69e5c985000000001401cc14,5cf9dbbc000000001000b90f,白活这么大了 导弹都接不住,2026.04.20,上海,25.0,,13,强势|被超越者,强势,被超越者,3,强势成功,2
69da7e87000000001a03484e,"今晚的亦庄机器人马拉松测试

",,8169.0,2,69dadc3900000000020342f7,69dadbd3000000000103dd83,632a650600000000230271fd,放战场上你就知道了[笑哭R],2026.04.12,北京,23.0,,14,强势|观众,强势,观众,2,强势成功,2
69e481e8000000002003ad94,"

",,,1,69e49b9f0000000014019c07,,642643e5000000001f032066,确实可以上战场了，人员配齐就行,2026.04.19,湖南,21.0,4.0,15,强势|服务者,强势,服务者,5,强势成功,2
69e481e8000000002003ad94,"

",,,2,69e722f60000000014019011,69e7223d0000000014018c02,63d0bcf0000000002702a242,没意义？战场和恶劣天气的时候，你去执行任务？[doge],2026.04.21,广东,21.0,,28,强势|服务者,强势,服务者,6,强势成功,2
69da7e87000000001a03484e,"今晚的亦庄机器人马拉松测试

",,8169.0,2,69dad4b900000000140087f1,69dad438000000003503068b,5b6add956b58b77e4d909ed6,从民用到军用 都会有用的 放心吧,2026.04.12,上海,19.0,,16,强势|观众,强势,观众,4,强势成功,2
69e44278000000001a0217bb,"机器人超过我的瞬间

",6019.0,372.0,1,69e480d7000000001401e02e,,66343c2c0000000003030984,如果战场上，他拿个枪，就是个大麻烦,2026.04.19,北京,18.0,18.0,17,强势|被超越者,强势,被超越者,3,强势成功,2
69e481e8000000002003ad94,"

",,,2,69e57656000000001401e809,69e571d9000000001401c009,618bd62900000000100061e8,军用民用,2026.04.20,河南,15.0,,4,强势|服务者,强势,服务者,2,强势成功,2
69da7e87000000001a03484e,"今晚的亦庄机器人马拉松测试

",,8169.0,2,69dbfa6b000000000d03dcc4,69dba1b50000000001005940,64589da0000000002a009e77,明年应该就能拿冲锋枪了[doge],2026.04.13,江苏,14.0,,17,强势|观众,强势,观众,2,强势成功,2
69e481e8000000002003ad94,"

",,,2,69e575890000000014019814,69e574d70000000014019810,5fdc4c7200000000010075c1,真打仗和救援了，你愿意做冲上去那个还是后方维护那个？,2026.04.20,湖北,14.0,,26,强势|服务者,强势,服务者,6,强势成功,2
69e634590000000022003bb5,"每个马拉松机器人，都有自己的热血故事。

",,824.0,2,69e71695000000001401c015,69e7007f000000001401e81f,673848de000000001c01a384,目前只是国家不允许，允许它们配武器看看，立马就能做出大杀器！,2026.04.21,广西,14.0,,30,常态|观众,常态,观众,10,常态,2
69da7e87000000001a03484e,"今晚的亦庄机器人马拉松测试

",,8169.0,1,69dba1b50000000001005940,,5d37cfd700000000100145f0,太吓人了 这玩意儿要是军事化应用，那人类还能活吗,2026.04.12,北京,13.0,9.0,24,强势|观众,强势,观众,7,强势成功,2
69e59e520000000022027a90,"花田里犯了错|机器人马拉松正赛搞笑赏析

",,2593.0,1,69e63d97000000001401d435,,6083c22b000000000101dc4a,希望以后追杀我的都是这些型号[doge],2026.04.20,北京,13.0,4.0,20,弱势|观众,弱势,观众,4,弱势,2
69da7e87000000001a03484e,"今晚的亦庄机器人马拉松测试

",,8169.0,2,69db177300000000350197da,69db12970000000035018b53,61efc8f500000000210240ff,关键是这玩意开几枪打不死[笑哭R]体能力量还比人强,2026.04.12,北京,11.0,,25,强势|观众,强势,观众,7,强势成功,2
69da7e87000000001a03484e,"今晚的亦庄机器人马拉松测试

",,8169.0,2,69db19c30000000002034510,69db12970000000035018b53,63abb50900000000270280a0,一边跑一边举枪就不笑了[偷笑R],2026.04.12,上海,11.0,,16,强势|观众,强势,观众,3,强势成功,2
69e481e8000000002003ad94,"

",,,2,69e6e96e000000001401cc12,69e6e77e0000000014019c03,55a0a8465894462928b7a913,打个仗救个援也是极好的 无论什么从无到有都是种突破 你说是吧,2026.04.21,上海,11.0,,30,强势|服务者,强势,服务者,6,强势成功,2
69e463df000000001b003017,"

",3270.0,219.0,2,69e6ce90000000001401e002,69e5818d000000001401a001,5bf7a125edf09e0001ed17c5,就算刺杀人也是人在背后操控[汗颜R],2026.04.21,福建,11.0,,18,强势|服务者,强势,服务者,6,强势成功,2
69da7e87000000001a03484e,"今晚的亦庄机器人马拉松测试

",,8169.0,1,69db15d6000000003502d6a5,,69cb273e000000003202940f,为以后追杀人类做准备[偷笑R],2026.04.12,浙江,10.0,2.0,15,强势|观众,强势,观众,3,强势成功,2
69da7e87000000001a03484e,"今晚的亦庄机器人马拉松测试

",,8169.0,1,69db0790000000003503255c,,559656bb62a60c325cd4a2da,背个遥控起爆型TNT3公斤。100美元换他几百万美元的战地坦克。堡垒地道战。,2026.04.12,北京,10.0,7.0,38,强势|观众,强势,观众,12,强势成功,2
69da7e87000000001a03484e,"今晚的亦庄机器人马拉松测试

",,8169.0,2,69dadc780000000035032760,69dadbd3000000000103dd83,59283b9350c4b4155ca1b691,带上🔫，带上💣，🤖×200，冲锋号一响。想都不敢想。,2026.04.12,浙江,10.0,,26,强势|观众,强势,观众,6,强势成功,2
69e48d54000000002102e178,"😭亦庄机器人半马最感人一幕

",,1589.0,1,69e4a2e5000000001401b816,,5b16a94b11be100f2c360749,他是怕摔下来，公司要他赔,2026.04.19,广东,4072.0,41.0,12,弱势|保护者,弱势,保护者,2,弱势,3
69e44171000000001a026b25,"机器人马拉松比赛摔倒丝滑起身帅炸了🔥🔥

",9971.0,613.0,2,69e455db000000001401a420,69e455b0000000001401b001,590ad574a9b2ed4969a54bff,它倒地都是很温柔的找好角度倒的 不像别个直接一个雷霆大摔 摔的七零八落担架抬走[笑哭R],2026.04.19,北京,707.0,,44,混合|观众,混合,观众,9,,3
69e46730000000001d0199c8,"

",,761.0,2,69e523c1000000001401e401,69e52051000000001401bc02,6440a2c40000000012034fec,还摔了一跤呢，担架都上来了，但是没用上，扶起来起来又跑了[笑哭R],2026.04.20,北京,522.0,,33,强势|观众,强势,观众,6,强势成功,3
69e2583b00000000230211ea,"

",,2406.0,2,69e7ac76000000001401a003,69e7a7150000000014019809,67127050000000001d022e73,就这么摔一下就散架了，在家就没测试过的吧[笑哭R],2026.04.22,广东,307.0,,25,失败|抢救者,失败,抢救者,4,失败,3
69e2583b00000000230211ea,"

",,2406.0,1,69e2f2e9000000001401b801,,602771f10000000001000b41,这是面粉做的糖人吗？碎成渣了,2026.04.18,天津,217.0,6.0,14,失败|抢救者,失败,抢救者,3,失败,3
69e44171000000001a026b25,"机器人马拉松比赛摔倒丝滑起身帅炸了🔥🔥

",9971.0,613.0,1,69e472c6000000001401a80a,,56bd8f3850c4b430ae0fd091,报告裁判，这里有人假摔[偷笑R],2026.04.19,上海,192.0,1.0,16,混合|观众,混合,观众,5,,3
69db34bb000000001a0348ae,"机器人抢救现场

",4896.0,1198.0,2,69e492270000000014018c16,69e48f1d0000000014019819,636f94de000000001f015f2f,粉碎性骨折啊这是,2026.04.19,重庆,88.0,,8,失败|抢救者,失败,抢救者,2,失败,3
69e41e24000000001a025f1a,"人形机器人半马摔倒瞬间🔥🔥

",1155.0,129.0,1,69e42cb3000000001401c41a,,5510028bb4c4d6387ad6a2d9,啥东西，碎一地[doge],2026.04.19,北京,79.0,11.0,13,失败|观众,失败,观众,2,失败,3
69e44171000000001a026b25,"机器人马拉松比赛摔倒丝滑起身帅炸了🔥🔥

",9971.0,613.0,1,69e447ed000000001401bc1d,,5a12c1b74eacab0dd6fd80b1,比之前摔到只能在地上打摆子已经强太多了～[笑哭R],2026.04.19,湖北,40.0,0.0,25,混合|观众,混合,观众,6,,3
69e42cc100000000220001ad,"机器人马拉松倒数第一名，萌翻了🤣🤣🤣

",,8501.0,2,69e4414a000000001401b002,69e43311000000001401e428,5651a56e62a60c4f801c45c8,这个摔烂直接被扔在路边了,2026.04.19,北京,36.0,,12,弱势|观众,弱势,观众,2,弱势,3
69e447d2000000001d01aa01,"当算法有了腿，程序员万万没想到……

",,2912.0,1,69e46f4d0000000014018827,,559ba2c662a60c229d042158,这要是摔了把电脑砸了怎么办,2026.04.19,湖北,35.0,21.0,13,强势|服务者,强势,服务者,3,强势成功,3
69e41e24000000001a025f1a,"人形机器人半马摔倒瞬间🔥🔥

",1155.0,129.0,1,69e44aa1000000001401ac32,,60269e1c0000000001000659,摔倒了自己起不来吗,2026.04.19,山东,23.0,2.0,9,失败|观众,失败,观众,2,失败,3
69df625d0000000021005c63,"“扶我起来，我还能再跑10公里”

",,9992.0,1,69df65b0000000001400b720,,548900272e1d933b81a0d68e,是不是得先解决摔倒了不把自己搞得支离破碎[笑哭R],2026.04.15,广东,19.0,5.0,25,失败|观众,失败,观众,4,失败,3
69da7e87000000001a03484e,"今晚的亦庄机器人马拉松测试

",,8169.0,2,69db2342000000000100540d,69daef220000000035024590,5eba50fa000000000101d730,这个跑法背着人去医院也给震出脑震荡了,2026.04.12,北京,15.0,,18,强势|观众,强势,观众,6,强势成功,3
69e44171000000001a026b25,"机器人马拉松比赛摔倒丝滑起身帅炸了🔥🔥

",9971.0,613.0,1,69e4564c000000001401e415,,5fcc791e0000000001005f58,这是故意秀给你看，假摔[偷笑R],2026.04.19,北京,14.0,1.0,16,混合|观众,混合,观众,2,,3
69e481e8000000002003ad94,"

",,,2,69e570970000000014019c00,69e4a81a000000001401e809,642455e40000000012013bb6,觉醒的时候能少抽你两鞭子[doge],2026.04.20,辽宁,11.0,,18,强势|服务者,强势,服务者,3,强势成功,3
69e44171000000001a026b25,"机器人马拉松比赛摔倒丝滑起身帅炸了🔥🔥

",9971.0,613.0,1,69e451ee000000001401e800,,60bd87c90000000001007217,去年一摔就碎了，今年这情况不用扶了，以后给我养老有望了,2026.04.19,北京,10.0,0.0,27,混合|观众,混合,观众,6,,3
69e2583b00000000230211ea,"

",,2406.0,2,69e2f979000000001401e41a,69e2f5c1000000001401b80c,6752ff7d000000001d02d472,摔了就摔了呗[doge]起步阶段摔几个不是很正常，况且又不是只有这一家,2026.04.18,北京,10.0,,35,失败|抢救者,失败,抢救者,7,失败,3
69e634590000000022003bb5,"每个马拉松机器人，都有自己的热血故事。

",,824.0,2,69e7656c000000001401902d,69e6be18000000001401b002,5ca088200000000011013d44,对啊，有摔倒的，路人说“这回出洋相了”，人家工作人员听了多难受,2026.04.21,河北,10.0,,31,常态|观众,常态,观众,7,常态,3
69e59e520000000022027a90,"花田里犯了错|机器人马拉松正赛搞笑赏析

",,2593.0,2,69e6bd00000000001401c817,69e5f71c000000001401d427,5e75aeaa000000000100ada0,这不是主动攻击人类，这是身子不听使唤[笑哭R],2026.04.21,浙江,10.0,,23,弱势|观众,弱势,观众,4,弱势,3
69e42cc100000000220001ad,"机器人马拉松倒数第一名，萌翻了🤣🤣🤣

",,8501.0,2,69e43d74000000001401c025,69e43311000000001401e428,5a86f6f84eacab7a876466ef,我想看摔烂的，你发个提示给我[失望R][失望R][失望R],2026.04.19,上海,8.0,,29,弱势|观众,弱势,观众,2,弱势,3
69e59e520000000022027a90,"花田里犯了错|机器人马拉松正赛搞笑赏析

",,2593.0,2,69e63e77000000001401a818,69e5f71c000000001401d427,5f2f7c8b000000000100b475,要不是怕弄坏了要赔，就这些架子稍微用点力它就倒地[偷笑R],2026.04.20,云南,8.0,,29,弱势|观众,弱势,观众,7,弱势,3
69e46730000000001d0199c8,"

",,761.0,1,69e4c2fa000000001401c83c,,69101caf0000000037028a7d,上半身想赢，下半身想躺平，不像自愿的。,2026.04.19,山西,6.0,0.0,19,强势|观众,强势,观众,5,强势成功,3
69e42cc100000000220001ad,"机器人马拉松倒数第一名，萌翻了🤣🤣🤣

",,8501.0,1,69e43a590000000014019021,,5b35cdb24eacab394a25c93f,感觉它马上要跪下去[失望R],2026.04.19,四川,5.0,2.0,14,弱势|观众,弱势,观众,2,弱势,3
69e4412a000000002103883f,"荣耀闪电队-齐天大圣夺冠！

",3517.0,445.0,2,69e47df2000000001401dc3e,69e47d38000000001401c423,5c124415f7e8b957900d0ee5,我看到了摔倒了碎掉了很多，没拍到！,2026.04.19,北京,5.0,,17,强势|观众,强势,观众,3,强势成功,3
69e429b4000000001b00037a,"张杰演唱会机器人来参加半马了？？

",,2026.0,2,69e45d41000000001401bc12,69e42e39000000001401c803,5b017953e8ac2b671eb49133,证明没摔过，都不脏[笑哭R],2026.04.19,广东,5.0,,14,常态|观众,常态,观众,2,常态,3
69e2583b00000000230211ea,"

",,2406.0,1,69e2f10d000000001401e828,,61c30f7e0000000010004551,比豆腐渣还碎 [偷笑R],2026.04.18,辽宁,4.0,0.0,12,失败|抢救者,失败,抢救者,2,失败,3
69e42cc100000000220001ad,"机器人马拉松倒数第一名，萌翻了🤣🤣🤣

",,8501.0,1,69e4efd00000000014018c15,,665eb5f3000000000b032acc,每次以为要摔的时候，他都没摔[捂脸R]意不满离,2026.04.19,浙江,4.0,0.0,23,弱势|观众,弱势,观众,3,弱势,3
69e42cc100000000220001ad,"机器人马拉松倒数第一名，萌翻了🤣🤣🤣

",,8501.0,1,69e50f80000000001401dc02,,5fe4c98b00000000010089ea,每一步都以为要倒 哈哈哈,2026.04.20,广东,4.0,1.0,12,弱势|观众,弱势,观众,2,弱势,3
69e634590000000022003bb5,"每个马拉松机器人，都有自己的热血故事。

",,824.0,1,69e7bb71000000001401d807,,5e286fbe00000000010024ff,右边这个好像左右脚打脚[捂脸R][捂脸R]都怕它把自己绊倒,2026.04.22,上海,4.0,0.0,29,常态|观众,常态,观众,5,常态,3
69e447d2000000001d01aa01,"当算法有了腿，程序员万万没想到……

",,2912.0,1,69e44e85000000001401a404,,626c1e4b00000000210298d0,三公里就得换一个程序员,2026.04.19,陕西,1848.0,53.0,11,强势|服务者,强势,服务者,2,强势成功,4
69e2583b00000000230211ea,"

",,2406.0,1,69e7a7150000000014019809,,5f49fb02000000000100a628,只有我心疼这个机器的报废了吗，程序员不心碎了吗,2026.04.22,四川,1030.0,45.0,23,失败|抢救者,失败,抢救者,6,失败,4
69e447d2000000001d01aa01,"当算法有了腿，程序员万万没想到……

",,2912.0,2,69e450ed000000001401e814,69e44a84000000001401b822,5b602d14f7e8b9063b691965,这是一个梗 程序和程序员有一个能跑就行[偷笑R],2026.04.19,广东,903.0,,24,强势|服务者,强势,服务者,2,强势成功,4
69e634590000000022003bb5,"每个马拉松机器人，都有自己的热血故事。

",,824.0,2,69e6ce48000000001401900c,69e6c0e9000000001401a00a,54eddf14d39ea255a223d08a,语音控制电瓶车上的程序员吧[偷笑R],2026.04.21,北京,474.0,,18,常态|观众,常态,观众,4,常态,4
69e447d2000000001d01aa01,"当算法有了腿，程序员万万没想到……

",,2912.0,1,69e49ed0000000001401cc3e,,5eb9f4a60000000001005b8a,咱就不能给程序员配个八嘎车，一个开车追，一个改bug[笑哭R],2026.04.19,浙江,328.0,15.0,31,强势|服务者,强势,服务者,5,强势成功,4
69e2583b00000000230211ea,"

",,2406.0,2,69e7aeee000000001401cc0b,69e7a7150000000014019809,686926ff000000001b01891a,程序员不会心碎 项目经理 硬件结构工程师会崩溃,2026.04.22,四川,254.0,,23,失败|抢救者,失败,抢救者,7,失败,4
69e634590000000022003bb5,"每个马拉松机器人，都有自己的热血故事。

",,824.0,2,69e6ed21000000001401880e,69e6c0e9000000001401a00a,5735abf71c07df688eef10bd,之前看到一个扛着电脑狂奔的程序员，程序员说没想到自己还要跑马拉松[笑哭R],2026.04.21,江苏,143.0,,37,常态|观众,常态,观众,9,常态,4
69e429b4000000001b00037a,"张杰演唱会机器人来参加半马了？？

",,2026.0,2,69e43d72000000001401a41d,69e42e61000000001401941b,61c47c6e000000001f03e012,触发底层代码了[笑哭R],2026.04.19,北京,114.0,,12,常态|观众,常态,观众,3,常态,4
69e481e8000000002003ad94,"

",,,2,69e4a89d000000001401cc35,69e4a81a000000001401e809,5fddd3ba000000000100a547,可是，程序员也在跑着呐[偷笑R],2026.04.19,江苏,109.0,,16,强势|服务者,强势,服务者,2,强势成功,4
69e447d2000000001d01aa01,"当算法有了腿，程序员万万没想到……

",,2912.0,2,69e5ccf7000000001401ac05,69e49549000000001401902c,5fc6d13b0000000001004553,对程序猿最严厉的爱[笑哭R][笑哭R][笑哭R],2026.04.20,安徽,104.0,,24,强势|服务者,强势,服务者,2,强势成功,4
69e634590000000022003bb5,"每个马拉松机器人，都有自己的热血故事。

",,824.0,2,69e73ddf000000001401b01a,69e6c0e9000000001401a00a,57a6936b82ec393a24adac60,所有程序员最后一公里都得下车跑[失望R],2026.04.21,广西,83.0,,20,常态|观众,常态,观众,5,常态,4
69da7e87000000001a03484e,"今晚的亦庄机器人马拉松测试

",,8169.0,1,69dafb65000000001500583a,,623e891c000000001000eccd,今年不用选体能好的程序员跟跑了，因为体能再好都跟不上了,2026.04.12,江苏,80.0,6.0,27,强势|观众,强势,观众,7,强势成功,4
69e447d2000000001d01aa01,"当算法有了腿，程序员万万没想到……

",,2912.0,2,69e453c6000000001401c81a,69e44e85000000001401a404,588b548a3460945d4c535d82,很费程序员,2026.04.19,上海,70.0,,5,强势|服务者,强势,服务者,2,强势成功,4
69e447d2000000001d01aa01,"当算法有了腿，程序员万万没想到……

",,2912.0,1,69e4728f000000001401ac1e,,5ab3765ee8ac2b04099bb6d1,肯定不是程序员，程序员头发没这么飘逸,2026.04.19,河北,57.0,9.0,18,强势|服务者,强势,服务者,5,强势成功,4
69e4551e000000001f005895,"荣耀机器人赢麻了🤖我觉得它表情在嘲讽我

",,816.0,1,69e5aeb9000000001401a81c,,5a7db0bee8ac2b2e33be5fe8,这一车是程序员么,2026.04.20,江苏,54.0,4.0,8,强势|被超越者,强势,被超越者,2,强势成功,4
69e447d2000000001d01aa01,"当算法有了腿，程序员万万没想到……

",,2912.0,1,69e49e3f000000001401e021,,5b84f474a5ec3a00013ae177,程序员感觉一直很命苦的样子,2026.04.19,上海,50.0,2.0,13,强势|服务者,强势,服务者,4,强势成功,4
69e47f8f000000001f007203,"2026年机器人马拉松状态，五年后再看🤣

",,5834.0,2,69e56450000000001401bc0c,69e55d77000000001401bc0e,5acf4a2c11be1055c8573769,或许上面坐的是一排排修复bug的程序员呢,2026.04.20,北京,49.0,,20,混合|观众,混合,观众,6,,4
69e447d2000000001d01aa01,"当算法有了腿，程序员万万没想到……

",,2912.0,2,69e45c80000000001401c009,69e44a84000000001401b822,5acd2d924eacab611389ea10,关键是程序比程序员跑的快[偷笑R],2026.04.19,辽宁,41.0,,17,强势|服务者,强势,服务者,4,强势成功,4
69e447d2000000001d01aa01,"当算法有了腿，程序员万万没想到……

",,2912.0,2,69e457b4000000001401b037,69e44e85000000001401a404,5ff9b1d3000000000100b38d,可以搞一个程序员接力[微笑R],2026.04.19,重庆,41.0,,15,强势|服务者,强势,服务者,2,强势成功,4
69e447d2000000001d01aa01,"当算法有了腿，程序员万万没想到……

",,2912.0,1,69e45bfd0000000014019030,,54e5a9962e1d935fdf851715,没人说当程序猿要跑马拉松啊[石化R],2026.04.19,广东,40.0,4.0,18,强势|服务者,强势,服务者,4,强势成功,4
69e447d2000000001d01aa01,"当算法有了腿，程序员万万没想到……

",,2912.0,1,69e4b6d1000000001401c426,,5b13a8886b58b778cffd825f,好消息，代码能跑了[捂脸R],2026.04.19,北京,36.0,2.0,14,强势|服务者,强势,服务者,2,强势成功,4
69e447d2000000001d01aa01,"当算法有了腿，程序员万万没想到……

",,2912.0,2,69e45e75000000001401d833,69e44a84000000001401b822,6368cfa9000000001f018155,哈哈哈，程序员说，别跑，你还有bug呢,2026.04.19,北京,35.0,,19,强势|服务者,强势,服务者,3,强势成功,4
69e447d2000000001d01aa01,"当算法有了腿，程序员万万没想到……

",,2912.0,2,69e5ecbb000000001401a81d,69e49549000000001401902c,58eca2e65e87e725e271fbb2,谁写的bug 谁follow!,2026.04.20,上海,35.0,,15,强势|服务者,强势,服务者,2,强势成功,4
69e447d2000000001d01aa01,"当算法有了腿，程序员万万没想到……

",,2912.0,2,69e4ecf2000000001401e01d,69e49ed0000000001401cc3e,56ab7c7e84edcd5c269da9b4,程序员：我谢谢你，一个脑子要管多少个部位,2026.04.19,河南,28.0,,20,强势|服务者,强势,服务者,6,强势成功,4
69e447d2000000001d01aa01,"当算法有了腿，程序员万万没想到……

",,2912.0,2,69e469f3000000001401d40a,69e44a84000000001401b822,6075c01e000000000100667a,这下好了，程序员门槛要求一条会跑马拉松，卷起来,2026.04.19,江苏,26.0,,23,强势|服务者,强势,服务者,7,强势成功,4
69e447d2000000001d01aa01,"当算法有了腿，程序员万万没想到……

",,2912.0,1,69e460c5000000001401a808,,5df9deb100000000010061ea,这下代码真跑起来了！[doge],2026.04.19,福建,25.0,1.0,16,强势|服务者,强势,服务者,4,强势成功,4
69e634590000000022003bb5,"每个马拉松机器人，都有自己的热血故事。

",,824.0,2,69e6f873000000001401d423,69e6cf490000000014019012,5fe7f81d00000000010070b9,[捂脸R]那是程序员说给程序员听的吧,2026.04.21,吉林,25.0,,18,常态|观众,常态,观众,2,常态,4
69e43a5a000000001d01dcc7,"机器人嘲讽同伴

",1966.0,167.0,1,69e442b50000000014019c22,,57550e285e87e7216e93900c,程序猿有有趣的灵魂[派对R],2026.04.19,北京,20.0,0.0,14,常态|观众,常态,观众,3,常态,4
69e447d2000000001d01aa01,"当算法有了腿，程序员万万没想到……

",,2912.0,1,69e4715e0000000014019420,,60842fbc00000000010073bb,火化那天，突然在他耳边说他写的代码出bug了，他能活过来,2026.04.19,辽宁,20.0,2.0,28,强势|服务者,强势,服务者,7,强势成功,4
69e447d2000000001d01aa01,"当算法有了腿，程序员万万没想到……

",,2912.0,2,69e4586a000000001401b80c,69e45738000000001401e022,6584e5ca000000001c009983,骑车不能一边跑一边敲代码,2026.04.19,澳大利亚,20.0,,12,强势|服务者,强势,服务者,4,强势成功,4
69da7e87000000001a03484e,"今晚的亦庄机器人马拉松测试

",,8169.0,1,69da9a3500000000010073ef,,5991139c50c4b459b6942b69,我就知道是因为你小子使劲儿跑步呢[生气R][生气R],2026.04.12,北京,1046.0,36.0,26,强势|观众,强势,观众,5,强势成功,5
69e46730000000001d0199c8,"

",,761.0,1,69e4d3db000000001401b839,,621b75550000000021021d38,这个最像人跑步👍,2026.04.19,广东,254.0,8.0,8,强势|观众,强势,观众,3,强势成功,5
69e634590000000022003bb5,"每个马拉松机器人，都有自己的热血故事。

",,824.0,2,69e6ce01000000001401a012,69e66954000000001401c404,5ee2dd4e000000000100701e,就跟人跑到最后的状态好相似,2026.04.21,北京,193.0,,13,常态|观众,常态,观众,4,常态,5
69e47f8f000000001f007203,"2026年机器人马拉松状态，五年后再看🤣

",,5834.0,1,69e59530000000001401d424,,6828824e0000000008016e19,哇塞，这个跑步的姿势很矫健呐[赞R],2026.04.20,河南,156.0,2.0,18,混合|观众,混合,观众,4,,5
69e634590000000022003bb5,"每个马拉松机器人，都有自己的热血故事。

",,824.0,2,69e6b012000000001401e801,69e6af22000000001401d40d,54e4c4f1e7798967d92f789c,跑步姿势很帅,2026.04.21,北京,139.0,,6,常态|观众,常态,观众,3,常态,5
69e47f8f000000001f007203,"2026年机器人马拉松状态，五年后再看🤣

",,5834.0,2,69e4f965000000001401a003,69e4d76f000000001401c81e,59a50f6e82ec395fdf9b1c76,看这么多个 这个跑步姿势确实最像人,2026.04.19,广东,116.0,,17,混合|观众,混合,观众,6,,5
69e43a5a000000001d01dcc7,"机器人嘲讽同伴

",1966.0,167.0,1,69e45de8000000001401d809,,54e5aef2e779894b4ffed87e,虽然跑得慢，但架不住戏挺多的[笑哭R][笑哭R],2026.04.19,北京,68.0,2.0,24,常态|观众,常态,观众,4,常态,5
69df625d0000000021005c63,"“扶我起来，我还能再跑10公里”

",,9992.0,2,69dfa178000000003502fb9b,69df9c990000000002036314,6941e9b500000000030121db,这个视频负责搞笑的，正常跑的没笑点[偷笑R],2026.04.15,广东,43.0,,22,失败|观众,失败,观众,5,失败,5
69df625d0000000021005c63,"“扶我起来，我还能再跑10公里”

",,9992.0,1,69e70ad1000000001401e404,,6496ee81000000001c028124,这就是我每天上班赶末班车的状态，身体和灵魂都在努力摆动，但速度全靠缘分,2026.04.21,辽宁,38.0,0.0,35,失败|观众,失败,观众,11,失败,5
69e481e8000000002003ad94,"

",,,2,69e5a398000000001401dc26,69e4a4c50000000014018c1e,5b5ed4de6b58b70ab1faab60,幼儿跑步的时候，也一样一个台阶就废,2026.04.20,北京,28.0,,17,强势|服务者,强势,服务者,4,强势成功,5
69e44171000000001a026b25,"机器人马拉松比赛摔倒丝滑起身帅炸了🔥🔥

",9971.0,613.0,2,69e47241000000001401c808,69e45b34000000001401cc02,62a19a2f0000000021027943,不是跑的慢，是故意慢下来整活儿吧[笑哭R],2026.04.19,江苏,26.0,,21,混合|观众,混合,观众,3,,5
69e47f8f000000001f007203,"2026年机器人马拉松状态，五年后再看🤣

",,5834.0,2,69e5763c000000001401880e,69e4d76f000000001401c81e,5ed7420d0000000001000895,我也是觉得像女生提供的跑步姿势,2026.04.20,山东,16.0,,15,混合|观众,混合,观众,4,,5
69e47f8f000000001f007203,"2026年机器人马拉松状态，五年后再看🤣

",,5834.0,2,69e57fb9000000001401e80f,69e57af8000000001401d816,5b2f5cee11be104734fb5b8d,出来遛弯走错道了[笑哭R],2026.04.20,安徽,15.0,,13,混合|观众,混合,观众,2,,5
69e46730000000001d0199c8,"

",,761.0,1,69e5ca520000000014018c0d,,5f30b7960000000001008fb7,这几个最像跑马拉松跑不动了,2026.04.20,广东,13.0,3.0,13,强势|观众,强势,观众,4,强势成功,5
69e634590000000022003bb5,"每个马拉松机器人，都有自己的热血故事。

",,824.0,2,69e77f34000000001401d800,69e77e4c000000001401e403,5aeaaeb24eacab051db992ad,[笑哭R]因为他跑的姿势看着真的很想赢,2026.04.21,江苏,13.0,,19,常态|观众,常态,观众,3,常态,5
69e4412a000000002103883f,"荣耀闪电队-齐天大圣夺冠！

",3517.0,445.0,1,69e460fe000000001401c835,,5c167c930000000006037e3a,真有个跑的披头散发的[笑哭R],2026.04.19,福建,12.0,2.0,15,强势|观众,强势,观众,2,强势成功,5
69da7e87000000001a03484e,"今晚的亦庄机器人马拉松测试

",,8169.0,2,69dafce500000000020289b3,69dafc3a0000000035010a34,65ad2140000000001302f49d,这个跑步动作标准，身体前倾,2026.04.12,浙江,11.0,,13,强势|观众,强势,观众,5,强势成功,5
69e47f8f000000001f007203,"2026年机器人马拉松状态，五年后再看🤣

",,5834.0,2,69e59721000000001401ac15,69e51440000000001401c00b,5f2bbc4d000000000100b937,男女孩 但他跑的姿势对比其他的和标准了哈哈哈哈哈,2026.04.20,辽宁,11.0,,24,混合|观众,混合,观众,5,,5
69e634590000000022003bb5,"每个马拉松机器人，都有自己的热血故事。

",,824.0,1,69e77e4c000000001401e403,,5a0929b7e8ac2b5606c18936,[哭惹R][哭惹R][哭惹R]为什么一开跑 我就哭了,2026.04.21,重庆,9.0,1.0,26,常态|观众,常态,观众,2,常态,5
69e634590000000022003bb5,"每个马拉松机器人，都有自己的热血故事。

",,824.0,1,69e72fca000000001401e025,,5d51747e0000000010035d35,刚开始跑的好潇洒，到最后真的感觉孩子跑累了，步伐都有一点点变形，太不容易了！,2026.04.21,重庆,9.0,0.0,38,常态|观众,常态,观众,9,常态,5
69e43b14000000001a02e095,"好萌的小黑仔跑马拉松

",,2760.0,1,69e4b632000000001401a815,,5c354a2700000000060075de,跑着跑着痔疮掉出来了 疼了一下又塞回去了,2026.04.19,江苏,8.0,4.0,20,弱势|服务者,弱势,服务者,3,弱势,5
69da7e87000000001a03484e,"今晚的亦庄机器人马拉松测试

",,8169.0,2,69daee3b000000000d035292,69dac8d7000000000c0319f8,608840160000000001005fe4,前摆高度不够呢，这个是膝主导跑法,2026.04.12,上海,8.0,,16,强势|观众,强势,观众,4,强势成功,5
69e48d54000000002102e178,"😭亦庄机器人半马最感人一幕

",,1589.0,2,69e4b525000000001401b02d,69e4abf1000000001401c014,5a3f21754eacab46d659815f,感觉跑得生不如死 仰头看天哈哈哈哈哈,2026.04.19,广东,7.0,,18,弱势|保护者,弱势,保护者,3,弱势,5
69e48341000000001a02d0c4,"机器人马拉松，我们看乐了，西方人看破防了🤣

",3931.0,1022.0,2,69e4b48f000000001401c805,69e4a6ec000000001401a013,5c336a0f0000000007013417,那个我怎么看怎么像奔跑的烤鸡,2026.04.19,湖南,7.0,,14,强势|观众,强势,观众,2,强势成功,5
69da7e87000000001a03484e,"今晚的亦庄机器人马拉松测试

",,8169.0,1,69db6a20000000003501f3f1,,61d6ca8a000000001000a915,第四个才是人类跑步的姿势[笑哭R],2026.04.12,山东,5.0,1.0,17,强势|观众,强势,观众,4,强势成功,5
69da7e87000000001a03484e,"今晚的亦庄机器人马拉松测试

",,8169.0,1,69dafdfa000000003501f893,,5bc8164c135a4700015658e1,感觉最后一个跑步姿势相对正确，重心也靠前，是往前冲的那种。别的都是坐姿跑,2026.04.12,河北,5.0,1.0,36,强势|观众,强势,观众,10,强势成功,5
69e47f8f000000001f007203,"2026年机器人马拉松状态，五年后再看🤣

",,5834.0,1,69e5e974000000001401bc1c,,59397da782ec39068f15108e,只有这位跑得有人样哈哈哈哈哈哈哈,2026.04.20,浙江,5.0,0.0,16,混合|观众,混合,观众,3,,5
69e634590000000022003bb5,"每个马拉松机器人，都有自己的热血故事。

",,824.0,1,69e7750c000000001401980e,,557c0f3e41a2b32a15998663,跑姿真的很像人唉！一开始姿势流畅动力满满冲劲十足，跑到后面歪歪扭扭真的就是跑久了脚疼腿酸膝盖疼的样子！超棒！,2026.04.21,浙江,5.0,0.0,54,常态|观众,常态,观众,15,常态,5
69e47f8f000000001f007203,"2026年机器人马拉松状态，五年后再看🤣

",,5834.0,2,69e5aab4000000001401d828,69e51440000000001401c00b,5bc0a8cdf7e8b92dd577c513,这个跑姿其实最像,2026.04.20,广东,5.0,,8,混合|观众,混合,观众,2,,5
69da7e87000000001a03484e,"今晚的亦庄机器人马拉松测试

",,8169.0,1,69dafdc7000000000202afce,,6029c3b50000000001009f0b,总感觉跑姿有问题啊,2026.04.12,上海,4.0,3.0,9,强势|观众,强势,观众,2,强势成功,5
69e481e8000000002003ad94,"

",,,2,69e595f5000000001401b01d,69e5949d000000001401cc1b,5724420250c4b430e1131110,冰块，降温散热用的。,2026.04.20,上海,154.0,,10,强势|服务者,强势,服务者,3,强势成功,6
69e41e24000000001a025f1a,"人形机器人半马摔倒瞬间🔥🔥

",1155.0,129.0,2,69e438c3000000001401e427,69e42cb3000000001401c41a,66e3ec90000000001e004f02,背后加入冷却冰块，后面车上人有冰桶，过一阵就往里面倒，挺好玩的,2026.04.19,山东,110.0,,31,失败|观众,失败,观众,11,失败,6
69e481e8000000002003ad94,"

",,,2,69e59e15000000001401a008,69e5949d000000001401cc1b,5a28c0e6b1da1449d366a6d4,干冰，这个桶可太熟悉了[笑哭R],2026.04.20,山东,69.0,,16,强势|服务者,强势,服务者,2,强势成功,6
69e48b0b000000001a02578c,"北京马拉松机器人中暑了🥵

",3334.0,467.0,1,69ea3dc1000000001401c433,,6033c952000000000101e8f1,这天气需要背着这玩意降温的话，说明内部设计完全不合理,2026.04.23,广西,38.0,17.0,26,失败|服务者,失败,服务者,11,失败,6
69e481e8000000002003ad94,"

",,,2,69e4ffdf000000001401d40b,69e4fb83000000001401c40c,67a5e751000000000e01de9e,冰块啊！应该是降温用的,2026.04.20,福建,35.0,,11,强势|服务者,强势,服务者,2,强势成功,6
69e481e8000000002003ad94,"

",,,2,69e598f9000000001401b81c,69e4a3ea000000001401e813,685ff465000000001b019504,那是保温壶，里面装的碎冰块，给主机降温的[doge],2026.04.20,北京,24.0,,26,强势|服务者,强势,服务者,5,强势成功,6
69e481e8000000002003ad94,"

",,,1,69e6f8a10000000014019c09,,5e8297000000000001001b48,往它背上倒的是啥？蛋白粉吗？,2026.04.21,四川,22.0,7.0,14,强势|服务者,强势,服务者,2,强势成功,6
69e481e8000000002003ad94,"

",,,1,69e49ad60000000014018c19,,61a5f90c000000001000ed65,笑死了，我一开始以为是高级燃料，结果发现是往背包里放冰,2026.04.19,上海,20.0,4.0,27,强势|服务者,强势,服务者,8,强势成功,6
69e41e24000000001a025f1a,"人形机器人半马摔倒瞬间🔥🔥

",1155.0,129.0,2,69e4325e0000000014019c19,69e42cb3000000001401c41a,5e0d64cb000000000100b6aa,说是冷却用的东西[笑哭R],2026.04.19,北京,20.0,,13,失败|观众,失败,观众,2,失败,6
69e481e8000000002003ad94,"

",,,2,69e49f4a000000001401b029,69e491830000000014019008,5d32c69b000000001600452e,我一直在找他保温杯倒的啥，原来是冰块啊,2026.04.19,浙江,17.0,,19,强势|服务者,强势,服务者,4,强势成功,6
69e48b0b000000001a02578c,"北京马拉松机器人中暑了🥵

",3334.0,467.0,2,69eaf2060000000014019407,69ea3dc1000000001401c433,606428bf000000000100ba2e,家用电脑都得装个水冷何况这种东西,2026.04.24,宁夏,16.0,,16,失败|服务者,失败,服务者,5,失败,6
69e481e8000000002003ad94,"

",,,2,69e4854a000000001401a810,69e4850b0000000014018c17,5eca8c300000000001002049,不是冰块，是干冰[doge],2026.04.19,广东,15.0,,14,强势|服务者,强势,服务者,2,强势成功,6
69e481e8000000002003ad94,"

",,,1,69e491830000000014019008,,61bfd5900000000010005331,背着冰块，真是人才,2026.04.19,江苏,13.0,18.0,9,强势|服务者,强势,服务者,4,强势成功,6
69e41e24000000001a025f1a,"人形机器人半马摔倒瞬间🔥🔥

",1155.0,129.0,2,69e4a320000000001401dc0f,69e47c50000000001401b80b,61025c18000000000101fd46,降温的干冰,2026.04.19,四川,13.0,,5,失败|观众,失败,观众,2,失败,6
69e481e8000000002003ad94,"

",,,1,69e493ea000000001401e029,,66277520000000000700678b,背后装的是冰块吗,2026.04.19,广东,11.0,12.0,8,强势|服务者,强势,服务者,2,强势成功,6
69e481e8000000002003ad94,"

",,,1,69e4850b0000000014018c17,,5ef5c533000000000100769b,还在想罐子里是什么？应该不是燃料？原来是降温用的冰块？,2026.04.19,广东,9.0,5.0,27,强势|服务者,强势,服务者,5,强势成功,6
69e481e8000000002003ad94,"

",,,1,69e487f9000000001401e425,,5f321f27000000000101ecfb,干冰在胸前是不是冷却效果更好？,2026.04.19,广东,9.0,16.0,15,强势|服务者,强势,服务者,6,强势成功,6
69e41e24000000001a025f1a,"人形机器人半马摔倒瞬间🔥🔥

",1155.0,129.0,2,69e443320000000014019029,69e42cb3000000001401c41a,61eabbab000000000201ffa4,固液态交互冷却材料,2026.04.19,湖北,9.0,,9,失败|观众,失败,观众,4,失败,6
69e481e8000000002003ad94,"

",,,2,69e49d1b000000002b035926,69e49cb60000000014018c06,5eba0de6000000000101e037,不給他加冰降溫[笑哭R],2026.04.19,中国香港,9.0,,12,强势|服务者,强势,服务者,3,强势成功,6
69e481e8000000002003ad94,"

",,,1,69e49947000000001401e835,,607040ae00000000010035ae,冰块降温？！这和破铜烂铁有啥区别？,2026.04.19,陕西,7.0,13.0,17,强势|服务者,强势,服务者,4,强势成功,6
69e46032000000001f002048,"看着你们累倒在地上我很心疼，恨不得替你们

",,5680.0,1,69e97aed0000000014019002,,5c6006380000000010025ee6,冰箱：啧啧啧啧啧,2026.04.23,河北,7.0,0.0,8,常态|保护者,常态,保护者,3,常态,6
69e481e8000000002003ad94,"

",,,2,69e49faf000000001401bc19,69e491830000000014019008,67e0cfee000000000e02d66b,类似于电脑主机的水冷降温,2026.04.19,浙江,7.0,,12,强势|服务者,强势,服务者,4,强势成功,6
69e481e8000000002003ad94,"

",,,1,69e4941b0000000014019026,,5ce529260000000018018452,背后是冰块呀[捂脸R],2026.04.19,江西,6.0,5.0,11,强势|服务者,强势,服务者,2,强势成功,6
69e481e8000000002003ad94,"

",,,2,69e49fa3000000001401b019,69e491830000000014019008,5be70e733d92970001e04553,干冰降温啊，你能找到效率更高重量更轻的方案吗？,2026.04.19,广东,6.0,,23,强势|服务者,强势,服务者,8,强势成功,6
69e481e8000000002003ad94,"

",,,2,69e57c95000000001401dc1c,69e549ac0000000014019000,6069c7350000000001006cc9,后备放冰块了[笑哭R],2026.04.20,江苏,4.0,,11,强势|服务者,强势,服务者,2,强势成功,6
69e481e8000000002003ad94,"

",,,2,69e4a3550000000014019816,69e4a33f000000001401e817,60f01152000000000101d36b,冰块，为了散热,2026.04.19,广东,4.0,,7,强势|服务者,强势,服务者,3,强势成功,6
69e481e8000000002003ad94,"

",,,2,69e495500000000014019408,69e493ea000000001401e029,5d137eb7000000001100e81f,干冰不加水就是没有雾啊[偷笑R],2026.04.19,陕西,4.0,,16,强势|服务者,强势,服务者,2,强势成功,6
69e481e8000000002003ad94,"

",,,2,69e5691c000000001401a407,69e4fb83000000001401c40c,5dca02550000000001005cc3,冰块，干冰不能放密封容器里，会炸,2026.04.20,美国,3.0,,16,强势|服务者,强势,服务者,5,强势成功,6
69e481e8000000002003ad94,"

",,,2,69e494dd000000001401c40a,69e493ea000000001401e029,63de88ed0000000026007aec,逗，干冰一点烟雾没有,2026.04.19,广东,3.0,,10,强势|服务者,强势,服务者,3,强势成功,6
69df625d0000000021005c63,"“扶我起来，我还能再跑10公里”

",,9992.0,2,69e36e9f000000001401dc22,69e04352000000003500efb1,677db35e000000000801e946,到哪都有你们这号人，我说冰箱不好用你就说不好用你自己去造一个[doge][doge][赞R][赞R],2026.04.18,山东,3.0,,50,失败|观众,失败,观众,6,失败,6
69e6f2bc0000000023005345,"🍼机器人第一视角，好多人呀

",,687.0,1,69e7170a000000001401b807,,5a71eb6311be105aee6fa561,名次不重要、流量才是最重要的，那么多机器人只记得这个小鼻嘎了[捂脸R],2026.04.21,浙江,2088.0,19.0,35,弱势|观众,弱势,观众,7,弱势,7
69e463df000000001b003017,"

",3270.0,219.0,1,69e4f0db000000002b002b1e,,5de0c42600000000010013c0,赶紧加个语音智能，就可以发表获奖感言了[doge],2026.04.19,加拿大,299.0,15.0,25,强势|服务者,强势,服务者,7,强势成功,7
69e429b4000000001b00037a,"张杰演唱会机器人来参加半马了？？

",,2026.0,1,69e44434000000001401e816,,65c606cb0000000011018262,哈哈哈，白天比赛把丝巾当领巾规矩佩戴，晚上演出再挂腰上秒变酷guy[得意],2026.04.19,北京,263.0,9.0,37,常态|观众,常态,观众,10,常态,7
69e47f8f000000001f007203,"2026年机器人马拉松状态，五年后再看🤣

",,5834.0,2,69e55d9a0000000014018807,69e53e8e0000000014019000,5ed76186000000000101c18e,我以为它是这场比赛的吉祥物，原来也是参赛选手啊[笑哭R],2026.04.20,浙江,247.0,,28,混合|观众,混合,观众,6,,7
69e59e520000000022027a90,"花田里犯了错|机器人马拉松正赛搞笑赏析

",,2593.0,2,69e609f6000000001401c824,69e5a096000000001401b813,5b00e87fe8ac2b28a677fde5,能参赛都很棒，但是，太好笑了[捂脸R],2026.04.20,山东,244.0,,19,弱势|观众,弱势,观众,3,弱势,7
69e48d54000000002102e178,"😭亦庄机器人半马最感人一幕

",,1589.0,1,69e4c202000000001401e839,,5a9df5e94eacab13b80b113c,这个就跟送自家孩子参加比赛一样 失败了就下次努力,2026.04.19,四川,238.0,1.0,24,弱势|保护者,弱势,保护者,8,弱势,7
69e41e24000000001a025f1a,"人形机器人半马摔倒瞬间🔥🔥

",1155.0,129.0,2,69e47fd3000000001401c42c,69e4779b000000001401c823,66b491cb000000000b033924,停下看的一般都不在乎成绩吧[笑哭R],2026.04.19,山东,183.0,,18,失败|观众,失败,观众,4,失败,7
69e48d54000000002102e178,"😭亦庄机器人半马最感人一幕

",,1589.0,2,69e579520000000014013005,69e57274000000001401d811,5d2ac9e40000000011022298,有很多是大学团队参赛的，大学生来测试研究课题的，还有国外的大学团队。,2026.04.20,浙江,165.0,,34,弱势|保护者,弱势,保护者,10,弱势,7
69e48d54000000002102e178,"😭亦庄机器人半马最感人一幕

",,1589.0,2,69e4ab2c000000001401d804,69e4a270000000001401a802,558580cd3397db232de1d0e6,跟你们这些天赋型选手拼了,2026.04.19,北京,122.0,,12,弱势|保护者,弱势,保护者,3,弱势,7
69e481e8000000002003ad94,"

",,,2,69e5bb51000000001401b817,69e5babd0000000014019c1f,603dcd1900000000010036aa,这个比赛有自主组，也有非自主组[汗颜R],2026.04.20,四川,84.0,,20,强势|服务者,强势,服务者,3,强势成功,7
69e429b4000000001b00037a,"张杰演唱会机器人来参加半马了？？

",,2026.0,1,69e47b77000000001401b001,,56d5a4d9aed7583022804a18,这属于干扰运动员比赛了[笑哭R],2026.04.19,广东,73.0,3.0,16,常态|观众,常态,观众,4,常态,7
69df625d0000000021005c63,"“扶我起来，我还能再跑10公里”

",,9992.0,2,69e16193000000001401b806,69e15f9e000000001401bc00,5b1bc6da6b58b73820f85bb0,正是这种比赛 才促进了一步步的竞争 交流  才一步步的促进整体的技术提高 这是一个平台,2026.04.17,青海,69.0,,43,失败|观众,失败,观众,12,失败,7
69e48341000000001a02d0c4,"机器人马拉松，我们看乐了，西方人看破防了🤣

",3931.0,1022.0,1,69e4ad22000000001401b002,,678640db000000000801a006,如果是美国的比赛我真的会怕，想当年波士顿动力的视频把我心打的凉凉的，幸好这是中国的,2026.04.19,山东,38.0,7.0,41,强势|观众,强势,观众,12,强势成功,7
69e47f8f000000001f007203,"2026年机器人马拉松状态，五年后再看🤣

",,5834.0,2,69e534e6000000001401cc03,69e4e1f0000000001401a40f,5adb4a0811be1056834d1fde,这种比赛只是其中一种形式 最终目的都是为了科技的发展,2026.04.20,北京,36.0,,26,混合|观众,混合,观众,10,,7
69e4551e000000001f005895,"荣耀机器人赢麻了🤖我觉得它表情在嘲讽我

",,816.0,1,69e4709e000000001401cc3b,,60fd3ec200000000010143cb,分开比赛是有原因的,2026.04.19,山东,35.0,1.0,9,强势|被超越者,强势,被超越者,3,强势成功,7
69e47f8f000000001f007203,"2026年机器人马拉松状态，五年后再看🤣

",,5834.0,2,69e59707000000001401e41f,69e586020000000014019401,5eba0d25000000000101dd05,以赛促进，以赛促学[笑哭R],2026.04.20,广西,34.0,,14,混合|观众,混合,观众,4,,7
69e59e520000000022027a90,"花田里犯了错|机器人马拉松正赛搞笑赏析

",,2593.0,2,69e688c0000000001401c805,69e66cbe000000001401d801,67871ca8000000000801d15b,要不人家能第一呢[偷笑R]绝不看热闹,2026.04.21,吉林,34.0,,18,弱势|观众,弱势,观众,4,弱势,7
69e5a09a000000002103ba03,"半马途中机器人即兴表演，越夸越上头

",711.0,83.0,1,69e5be20000000001401dc06,,64c8f0e4000000000b008327,一看就是不正经的赛手[doge],2026.04.20,河北,30.0,2.0,16,常态|观众,常态,观众,3,常态,7
69e44171000000001a026b25,"机器人马拉松比赛摔倒丝滑起身帅炸了🔥🔥

",9971.0,613.0,1,69e44cf0000000001401e038,,6788af4b000000000803e487,是个绝技你们看看，第一名没有了，表演一下还是可以滴。,2026.04.19,江苏,27.0,0.0,26,混合|观众,混合,观众,5,,7
69e40352000000002102fc75,"机器人马拉松现场第一视角看全部队伍

",,1160.0,2,69e42b8d000000001401d40c,69e42af8000000001401ac17,6787a8b60000000008016760,为什么一定要国外公司参加才有意义？这个赛道地球上还有几家国外公司能玩？,2026.04.19,安徽,27.0,,35,常态|服务者,常态,服务者,11,常态,7
69e42cc100000000220001ad,"机器人马拉松倒数第一名，萌翻了🤣🤣🤣

",,8501.0,2,69e452ea000000001401901b,69e452300000000014018818,601bf2720000000001000fd7,这比打游戏的比赛有意义多了,2026.04.19,广东,22.0,,13,弱势|观众,弱势,观众,4,弱势,7
69e40352000000002102fc75,"机器人马拉松现场第一视角看全部队伍

",,1160.0,1,69e4765f000000001401c00b,,6059d4d4000000000100b77e,是赛前集体上会儿吊嘛[捂脸R],2026.04.19,江苏,19.0,3.0,15,常态|服务者,常态,服务者,4,常态,7
69e4551e000000001f005895,"荣耀机器人赢麻了🤖我觉得它表情在嘲讽我

",,816.0,2,69e487da0000000014019000,69e4855a000000001401882d,63239ad8000000002303db4d,[微笑R][微笑R][微笑R]反正我们终点见到了 在领奖台上,2026.04.19,北京,17.0,,30,强势|被超越者,强势,被超越者,4,强势成功,7
69e5a09a000000002103ba03,"半马途中机器人即兴表演，越夸越上头

",711.0,83.0,1,69e5bbf8000000001401c824,,63ecea3c000000002601000a,名次不重要，被记住最重要[偷笑R],2026.04.20,四川,16.0,0.0,17,常态|观众,常态,观众,4,常态,7
69e429b4000000001b00037a,"张杰演唱会机器人来参加半马了？？

",,2026.0,1,69e45276000000001401d818,,5b04d8914eacab65e711aa1f,不好好比赛 只知道饭撒[暗中观察R],2026.04.19,重庆,14.0,1.0,18,常态|观众,常态,观众,3,常态,7
69e40352000000002102fc75,"机器人马拉松现场第一视角看全部队伍

",,1160.0,1,69e42af8000000001401ac17,,5cb9426f0000000011033953,到底有没有外国公司参赛？如果仅仅都是国内公司，意义不大,2026.04.19,北京,12.0,15.0,27,常态|服务者,常态,服务者,10,常态,7
69e59e520000000022027a90,"花田里犯了错|机器人马拉松正赛搞笑赏析

",,2593.0,2,69e74915000000001401bc11,69e73bce000000001401980a,63b4403d000000002600755f,因为前几名在认真跑啊没这么多节目自然就没这么多关注[微笑R],2026.04.21,浙江,10.0,,30,弱势|观众,弱势,观众,5,弱势,7
69e59e520000000022027a90,"花田里犯了错|机器人马拉松正赛搞笑赏析

",,2593.0,1,69e64196000000001401b81a,,62484741000000001000f91f,我觉的第一不是重要的，有趣才是重要的,2026.04.20,北京,9.0,1.0,18,弱势|观众,弱势,观众,5,弱势,7
69e59e520000000022027a90,"花田里犯了错|机器人马拉松正赛搞笑赏析

",,2593.0,2,69e74584000000001401e401,69e73bce000000001401980a,64abd081000000000a022cbb,那也是全球第一了，谢谢,2026.04.21,天津,9.0,,11,弱势|观众,弱势,观众,3,弱势,7
69e40352000000002102fc75,"机器人马拉松现场第一视角看全部队伍

",,1160.0,2,69e43a31000000001401d808,69e436f0000000001401bc08,6353f0d0000000001802f013,敢比赛的都还算是有点本事吧,2026.04.19,广东,8.0,,13,常态|服务者,常态,服务者,3,常态,7
69e4b08d000000001d01c1bc,"机器人马拉松参赛选手“进化速度这一块”

",,379.0,2,69e4da4a000000001401a005,69e4da0f000000001401d820,624c08ca0000000010004abd,这个是纯展示技术呀,2026.04.19,陕西,2577.0,,9,混合|观众,混合,观众,2,,8
69e47f8f000000001f007203,"2026年机器人马拉松状态，五年后再看🤣

",,5834.0,2,69e4e83d000000001401e024,69e4e1f0000000001401a40f,69594bb2000000003700211e,技术就在无聊中诞生,2026.04.19,广东,877.0,,9,混合|观众,混合,观众,3,,8
69db34bb000000001a0348ae,"机器人抢救现场

",4896.0,1198.0,1,69dc8e9100000000020296bb,,61e6c5900000000010008942,科技服务不了人，还是人在服务科技[捂脸R],2026.04.13,天津,264.0,1.0,21,失败|抢救者,失败,抢救者,7,失败,8
69e40352000000002102fc75,"机器人马拉松现场第一视角看全部队伍

",,1160.0,2,69e43b18000000001401a01e,69e42de8000000001401d814,59f96eec4eacab1209078319,技术的进步不可能一蹴而就,2026.04.19,湖北,161.0,,12,常态|服务者,常态,服务者,3,常态,8
69df625d0000000021005c63,"“扶我起来，我还能再跑10公里”

",,9992.0,2,69df9bb60000000015006f48,69df971b00000000350151b3,57a0234382ec394c67360577,现在做这个的公司很多，不像前几年就那么两家，总有跑得快的跑的慢的，筛选的过程，竞争激烈也会促进技术发展,2026.04.15,广东,73.0,,51,失败|观众,失败,观众,14,失败,8
69e47f8f000000001f007203,"2026年机器人马拉松状态，五年后再看🤣

",,5834.0,2,69e51122000000001401e411,69e4e1f0000000001401a40f,576f948f50c4b46e6022de04,都是每个团队的心血啊，科技在进步，祖国在强大！,2026.04.20,湖南,71.0,,23,混合|观众,混合,观众,7,,8
69e4c771000000002102c3fc,"一镜到底！看人形机器人跑半马如何补给。

",,89.0,1,69e4f9a2000000001401a41a,,60ffcf39000000000101f6e1,一代代的不断迭代优化，越来越好[点赞R],2026.04.19,日本,66.0,0.0,20,常态|服务者,常态,服务者,5,常态,8
69e40352000000002102fc75,"机器人马拉松现场第一视角看全部队伍

",,1160.0,2,69e503e3000000001401e80f,69e4f7ac000000001401ac0c,67b85a50000000000d0092da,现在任何领域都需要创新，既然发明出来了就有意义,2026.04.20,福建,44.0,,23,常态|服务者,常态,服务者,7,常态,8
69da7e87000000001a03484e,"今晚的亦庄机器人马拉松测试

",,8169.0,2,69db194b000000001500437e,69db0fce0000000015005918,62d827ae0000000002001e7e,就是要一点点研发设计呀。谁也没让他们现在就去[笑哭R],2026.04.12,广东,40.0,,27,强势|观众,强势,观众,4,强势成功,8
69da7e87000000001a03484e,"今晚的亦庄机器人马拉松测试

",,8169.0,2,69daf3130000000015005cfe,69daef940000000001007f78,6902a8e0000000003700125f,展示科技进步,2026.04.12,广东,38.0,,6,强势|观众,强势,观众,2,强势成功,8
69e4412a000000002103883f,"荣耀闪电队-齐天大圣夺冠！

",3517.0,445.0,2,69e4e6060000000014019807,69e4d870000000001401c830,5d2f425a00000000120088e2,技术牛逼、产品知名、资本追投,2026.04.19,北京,36.0,,14,强势|观众,强势,观众,5,强势成功,8
69da7e87000000001a03484e,"今晚的亦庄机器人马拉松测试

",,8169.0,2,69dafed90000000002035a3a,69dafe15000000000d03e54c,5e1c6604000000000100afe4,有的是中年人被带节奏，有的是湾湾网军发力。汽车已经发展了一两百年，20年前也还是土土的样子，哪有一蹴而就的,2026.04.12,福建,34.0,,53,强势|观众,强势,观众,16,强势成功,8
69e481e8000000002003ad94,"

",,,2,69e5f953000000001401bc27,69e5f836000000001401bc01,60c366550000000001008de7,比卫浴门帘柜有科技含量点,2026.04.20,北京,30.0,,12,强势|服务者,强势,服务者,4,强势成功,8
69e40352000000002102fc75,"机器人马拉松现场第一视角看全部队伍

",,1160.0,2,69e42326000000001401a40e,69e422e5000000001401cc23,61a19d0500000000100096bf,科技强国,2026.04.19,河北,25.0,,4,常态|服务者,常态,服务者,2,常态,8
69e4551e000000001f005895,"荣耀机器人赢麻了🤖我觉得它表情在嘲讽我

",,816.0,1,69e49ce6000000001401b002,,6530acfd000000002b002aff,为科技进步自豪[赞R],2026.04.19,福建,24.0,1.0,11,强势|被超越者,强势,被超越者,2,强势成功,8
69da7e87000000001a03484e,"今晚的亦庄机器人马拉松测试

",,8169.0,2,69db24bf00000000150039a2,69db1b05000000003503073f,64c0e6e0000000001403c4a6,人家只是在验证技术,2026.04.12,上海,21.0,,9,强势|观众,强势,观众,4,强势成功,8
69e481e8000000002003ad94,"

",,,2,69e553d3000000001401c000,69e495250000000014019029,612cdaa50000000001003956,所以爱尔兰发展不了高科技[汗颜R],2026.04.20,德国,21.0,,17,强势|服务者,强势,服务者,4,强势成功,8
69e47f8f000000001f007203,"2026年机器人马拉松状态，五年后再看🤣

",,5834.0,2,69e5294d000000002b037d37,69e4e1f0000000001401a40f,62ae661a000000001b025729,先让它们跑跑步，以后再进步一点，可能就上战场了。主要是调动年轻人研究的积极性。,2026.04.20,意大利,20.0,,39,混合|观众,混合,观众,9,,8
69da7e87000000001a03484e,"今晚的亦庄机器人马拉松测试

",,8169.0,2,69e460f5000000001401d838,69e42853000000001401cc00,6121ebd1000000002002f450,就算这个没用，那也是作为科技进步的过程，进步毕竟不是一蹴而就的,2026.04.19,山西,16.0,,31,强势|观众,强势,观众,8,强势成功,8
69e40352000000002102fc75,"机器人马拉松现场第一视角看全部队伍

",,1160.0,2,69e45b71000000001401cc02,69e4493b000000001401cc00,5ca04a3d0000000010037bd4,科技发展需要时间和测试，这不刚开始发展嘛，5年后你再看看和玩具的区别,2026.04.19,北京,14.0,,34,常态|服务者,常态,服务者,12,常态,8
69e47f8f000000001f007203,"2026年机器人马拉松状态，五年后再看🤣

",,5834.0,2,69e5594d000000001401a003,69e556cc000000001401cc05,5f393cf00000000001001514,科技研发的宗旨就是为人类服务，而且这样更能让大众看到，特别是寻找投资人，没钱怎么研发[失望R],2026.04.20,山东,13.0,,47,混合|观众,混合,观众,13,,8
69e481e8000000002003ad94,"

",,,2,69e5bb90000000001401b815,69e5b2360000000014019001,639c5b730000000026012441,看的长远一点，更好的应用必须要经过这样的阶段来优化,2026.04.20,湖北,12.0,,25,强势|服务者,强势,服务者,9,强势成功,8
69da7e87000000001a03484e,"今晚的亦庄机器人马拉松测试

",,8169.0,2,69db345800000000150096aa,69db31a90000000014008677,5c31f50c000000000601dfe9,科技进步是一步一步来的，明年这时候，你嘲笑它做不到的，它都能做到的,2026.04.12,重庆,10.0,,33,强势|观众,强势,观众,8,强势成功,8
69e45dbe000000001f00434f,"机器人跑马拉松超越人类？

",4650.0,773.0,1,69e50b820000000014019002,,64803557000000001f005fb6,看得我一身鸡皮疙瘩。两年时间。我们国家的具身智能发展又往前迈了一大步，不敢想象2030年会怎么样,2026.04.20,贵州,8.0,2.0,48,强势|观众,强势,观众,15,强势成功,8
69e48d54000000002102e178,"😭亦庄机器人半马最感人一幕

",,1589.0,1,69e49d83000000001401e03d,,6846e34d000000001d014d7b,加班成果,2026.04.19,上海,7.0,0.0,4,弱势|保护者,弱势,保护者,2,弱势,8
69e59e520000000022027a90,"花田里犯了错|机器人马拉松正赛搞笑赏析

",,2593.0,1,69e5e810000000001401a401,,60fed0dc000000000100956d,新科技原来也没那么强大啊,2026.04.20,孟加拉,7.0,15.0,12,弱势|观众,弱势,观众,3,弱势,8
69e42cc100000000220001ad,"机器人马拉松倒数第一名，萌翻了🤣🤣🤣

",,8501.0,2,69e452df000000001401cc2a,69e452300000000014018818,566d00d29eb57806bf413bc5,技术革新的契机,2026.04.19,广东,7.0,,7,弱势|观众,弱势,观众,2,弱势,8
69e47f8f000000001f007203,"2026年机器人马拉松状态，五年后再看🤣

",,5834.0,2,69e58dbb000000001401e40f,69e586020000000014019401,612d04190000000001003ec5,这个提问特别像30年前问载人航天有啥意义 纯花钱,2026.04.20,北京,7.0,,24,混合|观众,混合,观众,8,,8
69e481e8000000002003ad94,"

",,,2,69e4a082000000001401b028,69e49a050000000014019c00,5b53272d6b58b75f3d5729b7,技术展示，拉投资,2026.04.19,上海,7.0,,8,强势|服务者,强势,服务者,3,强势成功,8
69e481e8000000002003ad94,"

",,,2,69e5ad0b0000000014019812,69e5abe6000000001401bc07,6066a229000000000101e1d9,研发阶段必经之路,2026.04.20,福建,7.0,,8,强势|服务者,强势,服务者,3,强势成功,8
69e4551e000000001f005895,"荣耀机器人赢麻了🤖我觉得它表情在嘲讽我

",,816.0,1,69e48d160000000014018c1b,,5fa8d0fc000000000100566c,这玩意只要有电，能跑死你们人类,2026.04.19,安徽,2825.0,153.0,15,强势|被超越者,强势,被超越者,4,强势成功,9
69e447d2000000001d01aa01,"当算法有了腿，程序员万万没想到……

",,2912.0,2,69e45839000000001401e003,69e45575000000001401e004,621ddac6000000002102735d,不知道是不是一回事。最后结果是追上断电了。,2026.04.19,天津,338.0,,21,强势|服务者,强势,服务者,7,强势成功,9
69e481e8000000002003ad94,"

",,,2,69e57975000000001401bc13,69e56a0b000000001401c009,581dcf073460940cfdc72f4e,估计是电压不足,2026.04.20,山东,49.0,,7,强势|服务者,强势,服务者,3,强势成功,9
69e4551e000000001f005895,"荣耀机器人赢麻了🤖我觉得它表情在嘲讽我

",,816.0,1,69e47395000000001401e037,,6340e2bd000000001802c875,喘气儿的跑不过烧电的！,2026.04.19,山西,36.0,1.0,11,强势|被超越者,强势,被超越者,3,强势成功,9
69e47f8f000000001f007203,"2026年机器人马拉松状态，五年后再看🤣

",,5834.0,1,69eb618f0000000029027c14,,68713073000000000d02d091,青海湖电池也是用在闪电身上了,2026.04.24,广东,34.0,0.0,14,混合|观众,混合,观众,4,,9
69e463df000000001b003017,"

",3270.0,219.0,1,69eb54d0000000002803e2d9,,695673240000000037002da7,你们说闪电和win会不会电池是一样的[旺柴],2026.04.24,湖北,33.0,1.0,22,强势|服务者,强势,服务者,4,强势成功,9
69e6f2bc0000000023005345,"🍼机器人第一视角，好多人呀

",,687.0,2,69e7a388000000001401e40c,69e79d67000000001401d426,5b007f70e8ac2b6983f139a5,不是摔了，是没电蹲下来，家长过来换电池，宇树在后面鼓掌[doge],2026.04.22,上海,33.0,,33,弱势|观众,弱势,观众,8,弱势,9
69e4551e000000001f005895,"荣耀机器人赢麻了🤖我觉得它表情在嘲讽我

",,816.0,1,69f181ef00000000270144af,,62dfb87a000000001f004394,闪电，快点给你的青海湖电池吐出来放我身上，我燃尽了,2026.04.29,吉林,32.0,3.0,25,强势|被超越者,强势,被超越者,7,强势成功,9
69e463df000000001b003017,"

",3270.0,219.0,1,69ec66ef000000002803845c,,697a0a39000000001d01b1b3,闪电是不是和win似的用的也是青海湖电池,2026.04.25,湖北,21.0,0.0,20,强势|服务者,强势,服务者,6,强势成功,9
69da7e87000000001a03484e,"今晚的亦庄机器人马拉松测试

",,8169.0,2,69db14d600000000350128b6,69daf1a9000000000103c4f0,5ccbe39c0000000012015b14,还费电呢，你下次建议他别用电池,2026.04.12,北京,21.0,,15,强势|观众,强势,观众,5,强势成功,9
69e634590000000022003bb5,"每个马拉松机器人，都有自己的热血故事。

",,824.0,2,69e653ef0000000014018000,69e653b8000000001401c815,5a913d90b1da142f0585714c,备用机在没电的补给车上，我们没有其他选择了。,2026.04.21,北京,17.0,,22,常态|观众,常态,观众,6,常态,9
69e2583b00000000230211ea,"

",,2406.0,2,69e30b3d000000001401a401,69e30a7a0000000014019c23,601184cd00000000010039a0,里面是电线 怕踩坏了,2026.04.18,北京,16.0,,10,失败|抢救者,失败,抢救者,3,失败,9
69e481e8000000002003ad94,"

",,,2,69e48b55000000001401b803,69e48a260000000014018c20,58bfcc916a6a6905a6ce3912,汽车到现在还是得加油，充电,2026.04.19,北京,15.0,,13,强势|服务者,强势,服务者,3,强势成功,9
69e42cc100000000220001ad,"机器人马拉松倒数第一名，萌翻了🤣🤣🤣

",,8501.0,1,69e55856000000001401d400,,64dcc9ff000000000100ec93,笑死我了，这个小的没电了待机了大的过来看了一会鼓掌了[捂脸R],2026.04.20,青海,14.0,2.0,31,弱势|观众,弱势,观众,5,弱势,9
69e481e8000000002003ad94,"

",,,1,69e4a28f000000001401d81f,,578dcb3f82ec392411efb807,所以那位拿着电池的要一直跟着它跑吗[笑哭R],2026.04.19,广东,14.0,13.0,22,强势|服务者,强势,服务者,4,强势成功,9
69e48b0b000000001a02578c,"北京马拉松机器人中暑了🥵

",3334.0,467.0,2,69ee36be000000002702bbe5,69ecc4fd000000002701dc2a,678826d7000000000803fddd,还有续航呢，续航不光靠电池,2026.04.27,北京,13.0,,13,失败|服务者,失败,服务者,4,失败,9
69e4551e000000001f005895,"荣耀机器人赢麻了🤖我觉得它表情在嘲讽我

",,816.0,1,69e48b57000000001401bc2e,,569892eee4251d36ba970392,只要有电它可以保持匀速,2026.04.19,山东,12.0,5.0,11,强势|被超越者,强势,被超越者,4,强势成功,9
69e634590000000022003bb5,"每个马拉松机器人，都有自己的热血故事。

",,824.0,2,69e751c1000000001401d409,69e6be18000000001401b002,608bfa1c0000000001005ee7,开头说电量89 另一个工作人员说你看它步态有点不对 这地面有点坡 就感觉真的是是爸爸妈妈一直在关注自己小孩儿的一举一动[哭惹R],2026.04.21,北京,12.0,,64,常态|观众,常态,观众,13,常态,9
69e4551e000000001f005895,"荣耀机器人赢麻了🤖我觉得它表情在嘲讽我

",,816.0,1,69e589590000000014019820,,5b8409bf1cd8b70001a7c678,跳过去扣电池[偷笑R],2026.04.20,重庆,8.0,2.0,11,强势|被超越者,强势,被超越者,2,强势成功,9
69e481e8000000002003ad94,"

",,,2,69e48c670000000014019c17,69e48adf000000001401b835,601bee430000000001008006,不要人启动了？[扯脸H][扯脸H][扯脸H],2026.04.19,山东,8.0,,22,强势|服务者,强势,服务者,3,强势成功,9
69e4551e000000001f005895,"荣耀机器人赢麻了🤖我觉得它表情在嘲讽我

",,816.0,2,69e5f0ca0000000014018809,69e48fe70000000014018c0f,63f84108000000001001cbcb,两年后：哟，这不续航哥嘛～[飞吻R],2026.04.20,重庆,7.0,,18,强势|被超越者,强势,被超越者,3,强势成功,9
69da7e87000000001a03484e,"今晚的亦庄机器人马拉松测试

",,8169.0,2,69dbb4670000000035018e9b,69daf1a9000000000103c4f0,5da906790000000001005b5f,有辐射的，快离开,2026.04.12,广东,6.0,,8,强势|观众,强势,观众,2,强势成功,9
69e4426b000000001d01c7ed,"一个大的一个小的一个废的

",,7334.0,1,69e465a8000000001401bc3d,,5fdbe1bb000000000101f53d,小巧负担小，电池耐用。,2026.04.19,浙江,5.0,0.0,11,混合|观众,混合,观众,4,,9
69e634590000000022003bb5,"每个马拉松机器人，都有自己的热血故事。

",,824.0,1,69e6aef6000000001401dc00,,607b0803000000000101c16a,半路电瓶车没电，这主办方咋准备的啊[汗颜R],2026.04.21,江苏,5.0,0.0,22,常态|观众,常态,观众,5,常态,9
69e4426b000000001d01c7ed,"一个大的一个小的一个废的

",,7334.0,2,69e467b40000000014019c28,69e461fb000000001401e82b,5b97f093679b2600015f090f,充了劣质电[doge],2026.04.19,上海,4.0,,11,混合|观众,混合,观众,2,,9
69e47f8f000000001f007203,"2026年机器人马拉松状态，五年后再看🤣

",,5834.0,2,69e57083000000001401e013,69e56fd90000000014019412,5cdfef830000000018021715,是不是那个出bug了然后一直狂奔，工程师追在后面给断电的那个？[笑哭R],2026.04.20,湖北,4.0,,36,混合|观众,混合,观众,7,,9
69e44fbf000000001e00cc6a,"程序员：也没说搞科研还需要体力啊！

",136.0,12.0,2,69e6d0a00000000014019007,69e5aae9000000001401c41d,5dd0046d000000000100460c,这个就是，程序员追着断电的[捂脸R],2026.04.21,重庆,4.0,,18,强势|服务者,强势,服务者,3,强势成功,9
69e481e8000000002003ad94,"

",,,1,69e49f490000000014019821,,633148c2000000002303f06d,我还以为不换电池跑完全程，这不是妥妥的耍赖吗,2026.04.19,上海,3.0,16.0,22,强势|服务者,强势,服务者,5,强势成功,9
69e481e8000000002003ad94,"

",,,2,69e4a34d000000001401a417,69e49f490000000014019821,633148c2000000002303f06d,换电池相当于人吃一顿正餐再睡一觉。,2026.04.19,上海,3.0,,17,强势|服务者,强势,服务者,6,强势成功,9
69e40352000000002102fc75,"机器人马拉松现场第一视角看全部队伍

",,1160.0,2,69e55917000000001401cc06,69e558ce000000001401c803,56a4c98c1c07df74295f6854,待机模式吧，方便充电换电池,2026.04.20,湖北,3.0,,13,常态|服务者,常态,服务者,5,常态,9
69e4426b000000001d01c7ed,"一个大的一个小的一个废的

",,7334.0,2,69e467a2000000002b0001fa,69e46241000000001401e822,5d3b3a9800000000160030ae,哈哈哈哈 真的很好笑,2026.04.19,马来西亚,74.0,,10,混合|观众,混合,观众,2,,10
69e46730000000001d0199c8,"

",,761.0,2,69e4e06a000000001401941b,69e4db75000000001401c83d,6492bd9800000000250341a7,哎呀我也觉得好好笑，淡淡地说出很疯的话的感觉哈哈哈哈哈,2026.04.19,广西,73.0,,27,强势|观众,强势,观众,5,强势成功,10
69db34bb000000001a0348ae,"机器人抢救现场

",4896.0,1198.0,2,69e49389000000001401902b,69e48f1d0000000014019819,56ef983b4775a730be72f6d7,嘎嘣一下享福去了[完啦R][完啦R],2026.04.19,广东,35.0,,18,失败|抢救者,失败,抢救者,2,失败,10
69e59e520000000022027a90,"花田里犯了错|机器人马拉松正赛搞笑赏析

",,2593.0,2,69e620f7000000001401e438,69e5a096000000001401b813,5bce8aec7de93400013ad256,太好笑了 乐了两天 这会儿能笑就笑吧 往后咱可能都没机会笑了[doge],2026.04.20,广东,29.0,,36,弱势|观众,弱势,观众,5,弱势,10
69df625d0000000021005c63,"“扶我起来，我还能再跑10公里”

",,9992.0,2,69e35d6d000000001401c019,69e35c62000000001401e015,5c4978420000000011030f3e,哈哈  那真是太好了,2026.04.18,山东,22.0,,10,失败|观众,失败,观众,2,失败,10
69e46032000000001f002048,"看着你们累倒在地上我很心疼，恨不得替你们

",,5680.0,2,69e9a557000000001401c00c,69e9a34d000000001401bc1e,69330aef00000000370290d3,你的个性签名也太好笑了哈哈哈哈,2026.04.23,陕西,20.0,,15,常态|保护者,常态,保护者,3,常态,10
69df625d0000000021005c63,"“扶我起来，我还能再跑10公里”

",,9992.0,2,69e164100000000014018c04,69e15f9e000000001401bc00,5ec919b700000000010035b4,你看完标题再评论！！人家只是拿几个邋遢的做娱乐而已！！大部分还是正常的！！！,2026.04.17,山东,12.0,,38,失败|观众,失败,观众,11,失败,10
69e43b14000000001a02e095,"好萌的小黑仔跑马拉松

",,2760.0,2,69e44975000000001401b005,69e444da000000001401a024,5655ccc96a6a6916e3e3b12e,每天就靠你们这些段子活下去了,2026.04.19,北京,10.0,,14,弱势|服务者,弱势,服务者,4,弱势,10
69e4426b000000001d01c7ed,"一个大的一个小的一个废的

",,7334.0,1,69e47f86000000001401b837,,5782fd4050c4b4709a7f0eca,我看这个视频笑得流眼泪妈呀,2026.04.19,海南,9.0,3.0,13,混合|观众,混合,观众,3,,10
69da7e87000000001a03484e,"今晚的亦庄机器人马拉松测试

",,8169.0,2,69db9d40000000000202b931,69da9a3500000000010073ef,620bab250000000021023df5,啊哈哈哈哈哈哈哈抱歉太好笑了,2026.04.12,北京,8.0,,14,强势|观众,强势,观众,2,强势成功,10
69e6f2bc0000000023005345,"🍼机器人第一视角，好多人呀

",,687.0,2,69e73cf9000000001401ac10,69e73b0c000000001401e020,62b89ec3000000001b02b915,等我毕业挣钱刚好赶上[doge]太快乐了[doge],2026.04.21,山东,7.0,,26,弱势|观众,弱势,观众,5,弱势,10
69e43b14000000001a02e095,"好萌的小黑仔跑马拉松

",,2760.0,2,69e4492f000000001401d427,69e444da000000001401a024,5e1fd52f00000000010079b2,哈哈哈哈哈笑了半天哈哈哈哈,2026.04.19,黑龙江,7.0,,13,弱势|服务者,弱势,服务者,2,弱势,10
69e4426b000000001d01c7ed,"一个大的一个小的一个废的

",,7334.0,1,69e468230000000014019822,,5b53398911be103c87b3f85d,没人表扬这旁白吗？[笑哭R]哎哟，哎哟哟…,2026.04.19,广西,6.0,0.0,21,混合|观众,混合,观众,5,,10
69e59e520000000022027a90,"花田里犯了错|机器人马拉松正赛搞笑赏析

",,2593.0,2,69e5dedc000000001401cc0e,69e5db6e000000001401bc3a,661ab2d70000000007007f3b,哈哈哈 确实还有好多有趣的[笑哭R],2026.04.20,上海,6.0,,18,弱势|观众,弱势,观众,3,弱势,10
69db34bb000000001a0348ae,"机器人抢救现场

",4896.0,1198.0,1,69dca4a1000000001500a415,,5c565dd3000000001a004ea3,不行[笑哭R]笑点太密集了,2026.04.13,福建,5.0,0.0,13,失败|抢救者,失败,抢救者,3,失败,10
69e47f8f000000001f007203,"2026年机器人马拉松状态，五年后再看🤣

",,5834.0,1,69e5adf9000000001401c413,,5c9dc1e600000000170338f2,怎么每个都那么好笑啊[笑哭了R][笑哭了R][笑哭了R][笑哭了R][笑哭了R],2026.04.20,广东,5.0,1.0,40,混合|观众,混合,观众,2,,10
69e447d2000000001d01aa01,"当算法有了腿，程序员万万没想到……

",,2912.0,1,69e45e8e000000001401e436,,5ad9bd0be8ac2b2d9ecea1da,这真的很搞笑啊救命,2026.04.19,河北,5.0,0.0,9,强势|服务者,强势,服务者,3,强势成功,10
69e47f8f000000001f007203,"2026年机器人马拉松状态，五年后再看🤣

",,5834.0,2,69e55750000000001401e001,69e4e1f0000000001401a40f,5ef2f2d20000000001003c53,我觉得好好笑[害羞R]挺好看的,2026.04.20,广西,5.0,,15,混合|观众,混合,观众,2,,10
69e481e8000000002003ad94,"

",,,1,69ed984c000000002800988c,,5b2fb5aa4eacab7285b4dfc4,最大的笑话,2026.04.26,四川,4.0,2.0,5,强势|服务者,强势,服务者,2,强势成功,10
69e42cc100000000220001ad,"机器人马拉松倒数第一名，萌翻了🤣🤣🤣

",,8501.0,2,69e42d2d000000001401e813,69e42d0c0000000014019013,5ca4596500000000160025c9,全场最萌 哈哈哈[笑哭R][笑哭R],2026.04.19,北京,4.0,,18,弱势|观众,弱势,观众,2,弱势,10
69db34bb000000001a0348ae,"机器人抢救现场

",4896.0,1198.0,1,69dcd59b000000003502dc1d,,687209c3000000001d015798,越往后翻越搞笑 谁懂啊,2026.04.13,北京,3.0,0.0,11,失败|抢救者,失败,抢救者,3,失败,10
69df625d0000000021005c63,"“扶我起来，我还能再跑10公里”

",,9992.0,1,69df9c3d000000003503247c,,63859bbb000000001f014ed7,聽到粵語了： 扑街[笑哭R][笑哭R][笑哭R]， 相信全國人民都會這句吧？,2026.04.15,美国,3.0,0.0,38,失败|观众,失败,观众,7,失败,10
69e47f8f000000001f007203,"2026年机器人马拉松状态，五年后再看🤣

",,5834.0,1,69e77a6f000000001401b82e,,626b91b80000000021025124,广东人真的忍不住了[笑哭R],2026.04.21,广东,2.0,0.0,14,混合|观众,混合,观众,4,,10
69e59e520000000022027a90,"花田里犯了错|机器人马拉松正赛搞笑赏析

",,2593.0,1,69e6d558000000001401c02e,,592c338750c4b466a45a72b7,多拍点，真的好搞笑[笑哭R][笑哭R],2026.04.21,广东,2.0,0.0,19,弱势|观众,弱势,观众,3,弱势,10
69e59e520000000022027a90,"花田里犯了错|机器人马拉松正赛搞笑赏析

",,2593.0,1,69e60d560000000014018c15,,5c5d3638000000001800b8cf,现场我不得笑死[笑哭R],2026.04.20,重庆,2.0,0.0,12,弱势|观众,弱势,观众,2,弱势,10
69e4551e000000001f005895,"荣耀机器人赢麻了🤖我觉得它表情在嘲讽我

",,816.0,2,69e45932000000001401cc25,69e4589d000000001401cc0c,5c073a1c000000000600bbb3,哈哈哈哈哈哈哈我无情的嘲笑了一下,2026.04.19,北京,2.0,,16,强势|被超越者,强势,被超越者,3,强势成功,10
69e4426b000000001d01c7ed,"一个大的一个小的一个废的

",,7334.0,2,69e45ea20000000014018808,69e45e7f000000001401a805,54869cd32e1d9304d34090f2,转到这里，笑死我了,2026.04.19,北京,2.0,,9,混合|观众,混合,观众,2,,10
69da7e87000000001a03484e,"今晚的亦庄机器人马拉松测试

",,8169.0,2,69db327300000000350135c7,69daf56d000000001601419c,5b5854996b58b762c0bddf4c,我看到只觉得搞笑啊为什么[笑哭R],2026.04.12,辽宁,2.0,,17,强势|观众,强势,观众,2,强势成功,10
69e42cc100000000220001ad,"机器人马拉松倒数第一名，萌翻了🤣🤣🤣

",,8501.0,2,69e4f1ae000000001401b824,69e447f6000000001401e037,5cfd213f000000002500906e,加上这个头像笑死我了，脑子追上了嘴的慌张,2026.04.19,上海,2.0,,20,弱势|观众,弱势,观众,5,弱势,10
69e47f8f000000001f007203,"2026年机器人马拉松状态，五年后再看🤣

",,5834.0,2,69e58437000000001401dc0b,69e4e1f0000000001401a40f,5694bd0caed7585542c9e921,不无聊啊，我都笑出眼泪了,2026.04.20,江苏,2.0,,12,混合|观众,混合,观众,2,,10
69e2583b00000000230211ea,"

",,2406.0,1,69e2fc2d000000001401b82a,,5d7ee9340000000001007f91,能不能做成四个轮子的，加一种液体就可以跑起来的那种！,2026.04.18,陕西,6166.0,158.0,26,失败|抢救者,失败,抢救者,7,失败,11
69e2583b00000000230211ea,"

",,2406.0,2,69e30add000000001401d834,69e30a7a0000000014019c23,5fd8c723000000000101d554,[doge]先把那些楼梯都不会上的筛掉,2026.04.18,上海,115.0,,19,失败|抢救者,失败,抢救者,2,失败,11
69e481e8000000002003ad94,"

",,,1,69e49a5c000000001401ac0a,,69c3cf2b0000000032035570,我有个疑问…换轮子不是更快吗,2026.04.19,山东,43.0,97.0,14,强势|服务者,强势,服务者,3,强势成功,11
69da7e87000000001a03484e,"今晚的亦庄机器人马拉松测试

",,8169.0,2,69db153b0000000035030d86,69daf96f0000000015001390,5ccbe39c0000000012015b14,所以轮子没办法爬山和爬楼梯，也没办法原地在复杂地面原地掉头，但是你可以,2026.04.12,北京,36.0,,35,强势|观众,强势,观众,10,强势成功,11
69e4426b000000001d01c7ed,"一个大的一个小的一个废的

",,7334.0,2,69e46204000000001401e043,69e45f74000000001401bc0a,674c18eb0000000001003171,人类生活环境有不少阶梯和上下坡，四轮的可走不了这些路[doge],2026.04.19,陕西,34.0,,32,混合|观众,混合,观众,9,,11
69e481e8000000002003ad94,"

",,,1,69e48bf3000000001401ac1e,,62b1ad1d0000000019029117,如果在脚上加两个轮子会不会更快[吃瓜R],2026.04.19,福建,26.0,45.0,20,强势|服务者,强势,服务者,4,强势成功,11
69e481e8000000002003ad94,"

",,,1,69e49ae2000000001401c023,,5e06e0050000000001006fdc,我有个大胆的想法，装四个轮子，装发动机，卧下来，是不是更快呢[doge],2026.04.19,江苏,22.0,11.0,36,强势|服务者,强势,服务者,8,强势成功,11
69e481e8000000002003ad94,"

",,,2,69e4938c000000002b026716,69e490ae000000001401d42a,64512c6800000000100254c1,那也是四个轮子更稳更快更简单,2026.04.19,江苏,21.0,,14,强势|服务者,强势,服务者,5,强势成功,11
69e447d2000000001d01aa01,"当算法有了腿，程序员万万没想到……

",,2912.0,2,69e63321000000001401bc3a,69e605120000000014019c0d,5b9bf1bc398e4d0001f9e03e,轮上不了楼爬不了山，用处不一样,2026.04.20,甘肃,19.0,,15,强势|服务者,强势,服务者,5,强势成功,11
69e48341000000001a02d0c4,"机器人马拉松，我们看乐了，西方人看破防了🤣

",3931.0,1022.0,2,69e49edc000000001401c032,69e49ab00000000014018801,600a6a19000000000101c0c8,如果四轮的行，我觉得螺旋桨的也行,2026.04.19,陕西,15.0,,16,强势|观众,强势,观众,2,强势成功,11
69da7e87000000001a03484e,"今晚的亦庄机器人马拉松测试

",,8169.0,2,69dc90050000000002037ce8,69dc339f000000003501f4fa,60fb90580000000001000aa0,都有，不过脚才能上楼梯过障碍等，匹配人脚的对应环境,2026.04.13,广东,13.0,,25,强势|观众,强势,观众,8,强势成功,11
69da7e87000000001a03484e,"今晚的亦庄机器人马拉松测试

",,8169.0,2,69db03fd000000000202af16,69db02c8000000003501de1d,5d23e07c000000001202e6ea,轮子只是在铺装路面好跑，越野性能真比不上腿子[嘻嘻R],2026.04.12,湖南,12.0,,27,强势|观众,强势,观众,7,强势成功,11
69e42cc100000000220001ad,"机器人马拉松倒数第一名，萌翻了🤣🤣🤣

",,8501.0,2,69e59708000000001401bc18,69e59624000000001401e815,6365b870000000001f017450,为了能适应各种地形，带轮子的不就是酒店送外卖的那种,2026.04.20,浙江,9.0,,25,弱势|观众,弱势,观众,8,弱势,11
69da7e87000000001a03484e,"今晚的亦庄机器人马拉松测试

",,8169.0,1,69dba59500000000020372ca,,5fed35db000000000100b5bf,不知道这玩意意义是啥，好好的轮子不用，非弄两条腿[抠鼻R],2026.04.12,芬兰,7.0,9.0,29,强势|观众,强势,观众,8,强势成功,11
69e481e8000000002003ad94,"

",,,2,69e49b9b000000001401d83c,69e49a5c000000001401ac0a,60082b550000000001004709,得安四个才稳定吧,2026.04.19,山东,7.0,,8,强势|服务者,强势,服务者,3,强势成功,11
69e481e8000000002003ad94,"

",,,2,69e8431e000000001401dc26,69e83ff7000000001401bc26,5cdd2c7400000000050213e1,塞车还得中途换轮儿呢朋友[捂脸R],2026.04.22,河北,7.0,,17,强势|服务者,强势,服务者,4,强势成功,11
69e481e8000000002003ad94,"

",,,2,69e49b27000000001401880a,69e49ae2000000001401c023,65223f5600000000230274c6,直接不要轮子，起飞那不更快[失望R]这是不同用途的,2026.04.19,河南,7.0,,25,强势|服务者,强势,服务者,6,强势成功,11
69e481e8000000002003ad94,"

",,,1,69e6ce9f000000001401c402,,6672bba90000000003030fae,咱能不能改进一下，给下面加四个轱辘[doge]里面放个方向盘，搭个棚子，人还能坐里面[害羞R],2026.04.21,江苏,6.0,1.0,47,强势|服务者,强势,服务者,13,强势成功,11
69da7e87000000001a03484e,"今晚的亦庄机器人马拉松测试

",,8169.0,2,69db2da50000000016015056,69db2712000000003502db22,674ae3fc0000000010015731,还能安个喷火的就能飞了[石化R],2026.04.12,北京,6.0,,16,强势|观众,强势,观众,2,强势成功,11
69da7e87000000001a03484e,"今晚的亦庄机器人马拉松测试

",,8169.0,1,69db4c8b000000003503171a,,582bd9f85e87e74f9ae5aadf,他们要不要交养路费。机械脚比汽车轮胎对路面的伤害还要大。[笑哭R],2026.04.12,江苏,5.0,0.0,33,强势|观众,强势,观众,8,强势成功,11
69da7e87000000001a03484e,"今晚的亦庄机器人马拉松测试

",,8169.0,2,69e459fd000000001401e806,69e42853000000001401cc00,5e1abb7a00000000010060aa,双脚可以应对复杂地形呀，轮子能平稳上楼梯吗，在坑洼地段能够保持平衡吗,2026.04.19,河南,4.0,,34,强势|观众,强势,观众,11,强势成功,11
69e40352000000002102fc75,"机器人马拉松现场第一视角看全部队伍

",,1160.0,2,69e444bf000000001401b00d,69e41e73000000001401980a,667e263700000000070042a6,那做成火箭不是很快,2026.04.19,上海,4.0,,9,常态|服务者,常态,服务者,3,常态,11
69da7e87000000001a03484e,"今晚的亦庄机器人马拉松测试

",,8169.0,1,69dafa2d0000000035026441,,678ba9510000000004033690,换个轱辘呢[扯脸H],2026.04.12,江苏,3.0,0.0,10,强势|观众,强势,观众,2,强势成功,11
69e481e8000000002003ad94,"

",,,1,69e49799000000001401a410,,5c590c540000000011008502,反正都是机器，给脚上装几个轮子，跑的更快,2026.04.19,北京,3.0,8.0,20,强势|服务者,强势,服务者,6,强势成功,11
69da7e87000000001a03484e,"今晚的亦庄机器人马拉松测试

",,8169.0,1,69db2a90000000001400bb8a,,5485a20ed6e4a92d727be6e0,后来有个聪明的工程师给他们安上了轮子。他们就跑得更稳当了。[doge],2026.04.12,北京,2.0,0.0,35,强势|观众,强势,观众,7,强势成功,11
69df625d0000000021005c63,"“扶我起来，我还能再跑10公里”

",,9992.0,1,69dfbea4000000003502a946,,59f73e2811be10785f1a21c3,如果我是设计，我就给他们装轮子，重心会稳一些,2026.04.16,广东,2.0,13.0,22,失败|观众,失败,观众,4,失败,11
69e4b08d000000001d01c1bc,"机器人马拉松参赛选手“进化速度这一块”

",,379.0,1,69e4ed44000000001401c40f,,5f21947a000000000101c394,做成脚干嘛？为什么不能做成轱辘,2026.04.19,上海,2.0,4.0,15,混合|观众,混合,观众,5,,11
69e463df000000001b003017,"

",3270.0,219.0,1,69e4c2aa0000000014019013,,582fb5705e87e73f8e595e44,它为什么不装起来？,2026.04.19,江苏,2.0,1.0,9,强势|服务者,强势,服务者,3,强势成功,11
69e2583b00000000230211ea,"

",,2406.0,2,69e31d5b000000001401b80d,69e2fc2d000000001401b82a,5fddd4e100000000010036cc,再加上翅膀，下面挂上两个喷气机，加一种更耐寒的液体[doge],2026.04.18,广东,2.0,,31,失败|抢救者,失败,抢救者,8,失败,11
69e481e8000000002003ad94,"

",,,2,69e66799000000001401d808,69e66556000000001401c800,66162f4b000000000d024d20,轮子遇到楼梯遇到坑就只能望而却步了,2026.04.21,江苏,2.0,,17,强势|服务者,强势,服务者,6,强势成功,11
69e429b4000000001b00037a,"张杰演唱会机器人来参加半马了？？

",,2026.0,1,69e447a4000000001401c801,,5e5b5db70000000001000b8b,娱乐圈出身的確实是不一样的[笑哭R],2026.04.19,广东,5083.0,188.0,18,常态|观众,常态,观众,5,常态,12
69e59e520000000022027a90,"花田里犯了错|机器人马拉松正赛搞笑赏析

",,2593.0,2,69e62691000000001401a021,69e61c570000000014018c05,5cdd304c000000001201f49a,太优秀了反而显得格格不入[偷笑R],2026.04.20,北京,892.0,,17,弱势|观众,弱势,观众,4,弱势,12
69da7e87000000001a03484e,"今晚的亦庄机器人马拉松测试

",,8169.0,2,69db0376000000000d03f7a8,69daf1a9000000000103c4f0,66fd5e06000000001d030e9c,好角度，建议下次再深刻一些，例如从伦理开始批判,2026.04.12,广东,146.0,,23,强势|观众,强势,观众,8,强势成功,12
69e481e8000000002003ad94,"

",,,2,69e724480000000014018806,69e7223d0000000014018c02,6027d9d50000000001007b16,所以咱是普通人，没有前瞻性,2026.04.21,浙江,67.0,,13,强势|服务者,强势,服务者,3,强势成功,12
69e447d2000000001d01aa01,"当算法有了腿，程序员万万没想到……

",,2912.0,2,69e4af92000000001401b825,69e48c45000000001401e034,5b0ff888e8ac2b1c04ce12b0,答案出现了[doge],2026.04.19,福建,61.0,,11,强势|服务者,强势,服务者,2,强势成功,12
69e4412a000000002103883f,"荣耀闪电队-齐天大圣夺冠！

",3517.0,445.0,2,69e4951a000000001401dc2d,69e490500000000014019c1c,5c124415f7e8b957900d0ee5,你肯定看不到了,2026.04.19,北京,35.0,,7,强势|观众,强势,观众,2,强势成功,12
69e46730000000001d0199c8,"

",,761.0,2,69e4baff000000001401a81a,69e4b56c000000001401e82f,59a92b09b1da141dfe62b63c,刚给我妈解答完，不谢,2026.04.19,北京,31.0,,10,强势|观众,强势,观众,2,强势成功,12
69e46032000000001f002048,"看着你们累倒在地上我很心疼，恨不得替你们

",,5680.0,2,69e97739000000001401e814,69e97558000000001401c005,5c1e180d000000000603427e,你跟这个帖子风格格格不入,2026.04.23,陕西,30.0,,12,常态|保护者,常态,保护者,3,常态,12
69da7e87000000001a03484e,"今晚的亦庄机器人马拉松测试

",,8169.0,2,69db2ed100000000350195fc,69db2e550000000016017b12,5a065840b1da1409d5adc2cd,[微笑R]你理解不了的事多了，有本事你让车开上山,2026.04.12,天津,14.0,,24,强势|观众,强势,观众,5,强势成功,12
69e6f2bc0000000023005345,"🍼机器人第一视角，好多人呀

",,687.0,2,69e73152000000001401d80d,69e72510000000001401e404,600cf840000000000100b90a,哈哈哈…原来真相是这样。,2026.04.21,北京,14.0,,12,弱势|观众,弱势,观众,3,弱势,12
69e481e8000000002003ad94,"

",,,2,69e9a5cb000000001401b80c,69e9648f000000001401d410,65ac6d0a000000000e00152b,站的位置决定眼光,2026.04.23,安徽,13.0,,8,强势|服务者,强势,服务者,3,强势成功,12
69e47f8f000000001f007203,"2026年机器人马拉松状态，五年后再看🤣

",,5834.0,2,69e70582000000001401c816,69e6f12f000000001401d828,5d79942d0000000001019ea3,理解不了,2026.04.21,广东,12.0,,4,混合|观众,混合,观众,2,,12
69e48341000000001a02d0c4,"机器人马拉松，我们看乐了，西方人看破防了🤣

",3931.0,1022.0,2,69e49e2e000000001401b832,69e495f6000000001401e015,5bbff9d5793734000164be0f,不需要你知道,2026.04.19,北京,12.0,,6,强势|观众,强势,观众,2,强势成功,12
69e59e520000000022027a90,"花田里犯了错|机器人马拉松正赛搞笑赏析

",,2593.0,1,69e5db6e000000001401bc3a,,5ddf4f30000000000100988d,太短了，你是不是偷懒了,2026.04.20,福建,11.0,3.0,11,弱势|观众,弱势,观众,3,弱势,12
69e481e8000000002003ad94,"

",,,2,69e68042000000001401b805,69e67f9f000000001401b807,6561c4d1000000000802c2d1,对，全世界都不懂的，就你一个人清醒[笑哭R],2026.04.21,重庆,11.0,,22,强势|服务者,强势,服务者,3,强势成功,12
69e481e8000000002003ad94,"

",,,2,69e63627000000001401c419,69e634e3000000001401bc2a,5efeb5cd00000000010038b5,看得出来，你没有一丁点长远眼光,2026.04.20,天津,11.0,,15,强势|服务者,强势,服务者,4,强势成功,12
69e481e8000000002003ad94,"

",,,2,69e59d20000000001401c809,69e57c66000000001401e818,5ece76c5000000000101fb99,你先提升下自己的眼界吧[doge],2026.04.20,江苏,10.0,,17,强势|服务者,强势,服务者,2,强势成功,12
69df625d0000000021005c63,"“扶我起来，我还能再跑10公里”

",,9992.0,2,69dfa7fb0000000015007c7a,69dfa6f40000000035014bba,5652c55603eb84715f522a46,你的眼界也就仅限于看的懂这个视频是吧,2026.04.15,上海,10.0,,18,失败|观众,失败,观众,3,失败,12
69e45dbe000000001f00434f,"机器人跑马拉松超越人类？

",4650.0,773.0,2,69e5d333000000001401d420,69e5bb400000000014018810,63940af30000000027028874,请问你用哪个眼睛发现的？,2026.04.20,四川,10.0,,12,强势|观众,强势,观众,4,强势成功,12
69e481e8000000002003ad94,"

",,,2,69e627df000000001401c442,69e625ea000000001401c824,66155e6f0000000007005a85,你的知识盲区就别蹭了[微笑R],2026.04.20,广东,8.0,,15,强势|服务者,强势,服务者,3,强势成功,12
69e481e8000000002003ad94,"

",,,2,69e5bba0000000001401980b,69e5b2360000000014019001,60d9abc5000000000100a7f7,我找茬都说不出你这话,2026.04.20,海南,8.0,,10,强势|服务者,强势,服务者,3,强势成功,12
69e481e8000000002003ad94,"

",,,2,69e556f6000000001401d803,69e4a6fe0000000014019c0d,64268eb7000000001102010b,不是每个人都有思考能力的[doge],2026.04.20,上海,8.0,,18,强势|服务者,强势,服务者,4,强势成功,12
69e2583b00000000230211ea,"

",,2406.0,2,69e2fd24000000001401dc22,69e2fccb000000001401a829,5e830b8a0000000001003272,活在你自己的世界中，你开心就好,2026.04.18,浙江,7.0,,15,失败|抢救者,失败,抢救者,3,失败,12
69df625d0000000021005c63,"“扶我起来，我还能再跑10公里”

",,9992.0,2,69dfe655000000001500b509,69dfb3290000000002035b6b,5b3f9dd8e8ac2b7b1ae32ffd,那你咋不发出来，差点就信你了[doge],2026.04.16,湖北,7.0,,20,失败|观众,失败,观众,2,失败,12
69da7e87000000001a03484e,"今晚的亦庄机器人马拉松测试

",,8169.0,2,69dafe22000000000c030eed,69dafb88000000000d037bec,5c7016fa00000000120042ae,他这种人你还解释个啥[笑哭R]能听懂算我输,2026.04.12,上海,6.0,,21,强势|观众,强势,观众,3,强势成功,12
69da7e87000000001a03484e,"今晚的亦庄机器人马拉松测试

",,8169.0,2,69dade56000000001400a9d9,69dadbd3000000000103dd83,5831204382ec392e5ce5eb51,看不懂没关系，上一边儿玩去吧,2026.04.12,北京,6.0,,14,强势|观众,强势,观众,4,强势成功,12
69e481e8000000002003ad94,"

",,,2,69e688e7000000001401a404,69e67f9f000000001401b807,5a410777b1da140910caed15,你的知识储备，局限了你的思维格局,2026.04.21,辽宁,6.0,,16,强势|服务者,强势,服务者,5,强势成功,12
69e48341000000001a02d0c4,"机器人马拉松，我们看乐了，西方人看破防了🤣

",3931.0,1022.0,2,69e55fbd000000001401a005,69e55ab0000000001401b805,57d7a2986a6a69559b568468,你要不再看看呢,2026.04.20,日本,6.0,,7,强势|观众,强势,观众,2,强势成功,12
69da7e87000000001a03484e,"今晚的亦庄机器人马拉松测试

",,8169.0,2,69daf25e000000000d03dac0,69daf20a000000000d03628f,549a810d2e1d931ef0b77749,没错，鬼鬼祟祟的,2026.04.12,上海,5.0,,8,强势|观众,强势,观众,2,强势成功,12
69da7e87000000001a03484e,"今晚的亦庄机器人马拉松测试

",,8169.0,2,69dae3fd0000000035024a80,69dae18a0000000035025c63,62243023000000001000de0a,没人爱听真话[笑哭R],2026.04.12,内蒙古,5.0,,11,强势|观众,强势,观众,2,强势成功,12
69e447d2000000001d01aa01,"当算法有了腿，程序员万万没想到……

",,2912.0,2,69e464590000000014019403,69e4636b0000000014018824,5fd40865000000000100648a,就是一个象征，能跑马拉松就能追到在嫌疑人[大笑R]真要追问意义，人跑马拉松也没意义，不如田里耕地[大笑R],2026.04.19,天津,590.0,,53,强势|服务者,强势,服务者,13,强势成功,13
69df625d0000000021005c63,"“扶我起来，我还能再跑10公里”

",,9992.0,2,69e0264c0000000035009c8f,69dfaade0000000015001fc4,628d8d9400000000210295fd,你蹲着跑马拉松看看裁判会罚你吗？,2026.04.16,河北,201.0,,16,失败|观众,失败,观众,4,失败,13
69da7e87000000001a03484e,"今晚的亦庄机器人马拉松测试

",,8169.0,2,69db09960000000014008617,69db09350000000035018759,596589e350c4b432aa457081,跑是整体协调的调整，综合素质的提升,2026.04.12,山东,182.0,,17,强势|观众,强势,观众,6,强势成功,13
69e44171000000001a026b25,"机器人马拉松比赛摔倒丝滑起身帅炸了🔥🔥

",9971.0,613.0,1,69e58ccb0000000014019002,,5b36ecf011be10427dd102c1,搞什么跑步比赛啊，搞居家服务比赛啊,2026.04.20,江苏,94.0,19.0,17,混合|观众,混合,观众,5,,13
69e481e8000000002003ad94,"

",,,2,69e49ff80000000014019402,69e49f490000000014019821,55bdec9d3397db5a1c186a35,人类跑还有补能补水呢。历史上第一个没有补给跑完全马的人，跑完就嘎了,2026.04.19,江苏,63.0,,33,强势|服务者,强势,服务者,8,强势成功,13
69e4551e000000001f005895,"荣耀机器人赢麻了🤖我觉得它表情在嘲讽我

",,816.0,2,69e4a5fa0000000014019c1f,69e490dd000000001401e423,5b4d2b26e8ac2b5b346b9f5e,可能跑步不是强项，整活是强项[doge],2026.04.19,北京,57.0,,20,强势|被超越者,强势,被超越者,4,强势成功,13
69e481e8000000002003ad94,"

",,,1,69e4a791000000001401cc1d,,61f2c3ec0000000010007158,他们仨也要跟着跑马拉松吗[呃R],2026.04.19,广东,40.0,4.0,16,强势|服务者,强势,服务者,2,强势成功,13
69da7e87000000001a03484e,"今晚的亦庄机器人马拉松测试

",,8169.0,2,69db1b7b0000000035023894,69db1b05000000003503073f,61018355000000000101dcf1,因为跑步只是它的用处之一，不是全部，不然开车更快喽,2026.04.12,上海,35.0,,25,强势|观众,强势,观众,8,强势成功,13
69e429b4000000001b00037a,"张杰演唱会机器人来参加半马了？？

",,2026.0,2,69e47fd5000000001401e412,69e47b77000000001401b001,607be39d000000000101fe8f,这个型号不是为跑步项目开发的，拿不到名次可能也跑不完比赛，所以跑不跑无所谓[doge][doge][doge],2026.04.19,辽宁,33.0,,55,常态|观众,常态,观众,8,常态,13
69e481e8000000002003ad94,"

",,,2,69e5ee6d000000001401900a,69e5be22000000001401e80f,5b6f87cdf7e8b96796fbe356,马拉松只是个检验，类人场景下积累的各种能力，能迁移到其他工作场景的，比如稳定性，续航，自主控制啊等等,2026.04.20,四川,25.0,,50,强势|服务者,强势,服务者,18,强势成功,13
69e4b08d000000001d01c1bc,"机器人马拉松参赛选手“进化速度这一块”

",,379.0,2,69e4dafe0000000014018811,69e4da0f000000001401d820,5b018cdf11be1056e7de511d,马拉松的意义时间纪念那个叫马拉松的人。锻炼身体和耐力不一定，锻炼精神可以。,2026.04.19,四川,21.0,,37,混合|观众,混合,观众,11,,13
69e481e8000000002003ad94,"

",,,2,69e6f4a10000000014019811,69e6d549000000001401940d,67cc5646000000000d00a6dd,跑马拉松不是目的，需要的就是技术测试，未来才可以延伸场景应用,2026.04.21,江苏,18.0,,30,强势|服务者,强势,服务者,9,强势成功,13
69e481e8000000002003ad94,"

",,,2,69e72877000000001401d82e,69e71b47000000001401ac15,66001fc1000000000600d21c,当然是为了发展，今天跑半马还要黑电机降温，明天跑全马还能抬两根大杠。,2026.04.21,广东,13.0,,34,强势|服务者,强势,服务者,12,强势成功,13
69e481e8000000002003ad94,"

",,,2,69e4a1990000000014019415,69e491830000000014019008,65643c74000000000802caa5,一看你说的就是外行话。人类跑马拉松也得有补给站。赛车不也得有补给站吗？是一个道理！你老说些没用的有用吗？毕竟现在人类科技还没有发明永动机。承认自己行就那么难吗？非得承认自己不行，还得证明你自己哪儿不行！,2026.04.19,黑龙江,10.0,,101,强势|服务者,强势,服务者,24,强势成功,13
69e48341000000001a02d0c4,"机器人马拉松，我们看乐了，西方人看破防了🤣

",3931.0,1022.0,2,69e493bb000000001401b021,69e489b20000000014019418,5aa8ab7b4eacab74a9276775,它不止一个型号啊[大笑R]，这个不适合耐力跑就在卖了,2026.04.19,广西,9.0,,26,强势|观众,强势,观众,4,强势成功,13
69e48341000000001a02d0c4,"机器人马拉松，我们看乐了，西方人看破防了🤣

",3931.0,1022.0,1,69e4c7380000000014019038,,67137b78000000001d0214f4,分工明确，有展示速度的，有负责卖萌的，还有专门搞笑的。这比真人马拉松好看多了。[笑哭R],2026.04.19,山东,8.0,0.0,44,强势|观众,强势,观众,12,强势成功,13
69e47f8f000000001f007203,"2026年机器人马拉松状态，五年后再看🤣

",,5834.0,2,69e5b97d000000001401e421,69e5949f000000001401a402,670f489b000000001d021f36,跑步测试，未来肯定得进入生活的测试，都是一步步来的,2026.04.20,陕西,8.0,,25,混合|观众,混合,观众,8,,13
69e6f2bc0000000023005345,"🍼机器人第一视角，好多人呀

",,687.0,2,69e72161000000001401d425,69e7203b000000001401ac07,56284fe80bf90c37a081e5f3,这就是人家参加马拉松的意义[笑哭R],2026.04.21,新疆,7.0,,18,弱势|观众,弱势,观众,4,弱势,13
69e4551e000000001f005895,"荣耀机器人赢麻了🤖我觉得它表情在嘲讽我

",,816.0,1,69e479dc000000001401ac05,,65ee5687000000000500d5d6,这只为跑步而单向功能设计的，,2026.04.19,山东,5.0,6.0,14,强势|被超越者,强势,被超越者,3,强势成功,13
69e4412a000000002103883f,"荣耀闪电队-齐天大圣夺冠！

",3517.0,445.0,1,69e47df90000000014018821,,5b67124a6b58b71d2f7f2d92,谁能懂我  另一边挤满马拉松参赛人类的反差感哈哈哈哈哈哈哈哈,2026.04.19,广东,5.0,0.0,30,强势|观众,强势,观众,6,强势成功,13
69da7e87000000001a03484e,"今晚的亦庄机器人马拉松测试

",,8169.0,2,69db2a76000000003502f51a,69db1b05000000003503073f,5db67f4700000000010005d3,人明明可以可以骑车开车坐飞机，还要费劲跑马拉松干啥呢,2026.04.12,江苏,5.0,,26,强势|观众,强势,观众,8,强势成功,13
69da7e87000000001a03484e,"今晚的亦庄机器人马拉松测试

",,8169.0,2,69daed800000000016014429,69dadf8d000000001500b155,5c22420a000000000501faf3,是啊 我是觉得是为了学习其他的能力 并不是真的为了让它们跑得快，所以跑姿啥的应该也不是重点,2026.04.12,浙江,5.0,,45,强势|观众,强势,观众,8,强势成功,13
69e40352000000002102fc75,"机器人马拉松现场第一视角看全部队伍

",,1160.0,2,69e52068000000001401e009,69e4f7ac000000001401ac0c,5f71d8fe00000000010052ed,现在是跑步以后可能就是帮你做家务啊，各方面的会慢慢衍生其他的功能，而且要让他们去进行个比赛才能进行一个筛选才能彼此进步,2026.04.20,湖南,5.0,,59,常态|服务者,常态,服务者,15,常态,13
69e46730000000001d0199c8,"

",,761.0,2,69e78c07000000001401c019,69e748fd0000000014019805,5c3ac7230000000006030737,这又不是功能就是跑步，这是测试他们的耐用性，续航，动态平衡这些东西好吧[汗颜R]，这想不明白？人类也搞马拉松比赛，那么人类是为了跑步而生的吗,2026.04.21,上海,5.0,,70,强势|观众,强势,观众,17,强势成功,13
69da7e87000000001a03484e,"今晚的亦庄机器人马拉松测试

",,8169.0,1,69db13230000000001007840,,5b51ed1ef7e8b923983b2481,应该测试双手不动的时候跑步，因为手里要端着加特林，更接近实战情况[偷笑R],2026.04.12,广东,4.0,1.0,37,强势|观众,强势,观众,10,强势成功,13
69e481e8000000002003ad94,"

",,,1,69e49f05000000001401980f,,6078423000000000010004a9,跟有些人开着带四个轮子的人字拖在弯弯绕的场地里绕圈圈一样，还有一堆人伺候着，也不知道有啥意义，门票还贵的要死[doge],2026.04.19,陕西,4.0,7.0,60,强势|服务者,强势,服务者,17,强势成功,13
69e634590000000022003bb5,"每个马拉松机器人，都有自己的热血故事。

",,824.0,1,69e82c4a000000001401a40b,,5e0b08270000000001008dc1,隔壁的人类也是在马拉松吗[笑哭R],2026.04.22,重庆,4.0,0.0,17,常态|观众,常态,观众,3,常态,13
69da7e87000000001a03484e,"今晚的亦庄机器人马拉松测试

",,8169.0,2,69daea72000000000d03c105,69dae3ac0000000001004268,5c56e546000000001000fe8d,人类的马拉松运动员也不干家政啊,2026.04.12,山东,4.0,,15,强势|观众,强势,观众,4,强势成功,13
69e47f8f000000001f007203,"2026年机器人马拉松状态，五年后再看🤣

",,5834.0,2,69e56810000000001401d803,69e4e1f0000000001401a40f,5d1226990000000012026ae3,他们只是挖取数据，并不是为了跑,2026.04.20,福建,4.0,,15,混合|观众,混合,观众,4,,13
69e481e8000000002003ad94,"

",,,2,69e499ea000000001401c401,69e4962e000000001401b006,6888b6ee0000000028031a68,活人马拉松、F1也是一堆后勤人员，不止三个，怎么不见你发表大论[doge],2026.04.19,天津,4.0,,37,强势|服务者,强势,服务者,10,强势成功,13
69e4b08d000000001d01c1bc,"机器人马拉松参赛选手“进化速度这一块”

",,379.0,1,69e4d200000000001401d80b,,69cb2c94000000003201cdf8,但是AI发达了我只会感觉害怕[笑哭R],2026.04.19,湖北,1061.0,50.0,19,混合|观众,混合,观众,4,,14
69e2583b00000000230211ea,"

",,2406.0,1,69e2f480000000001401a819,,687d0158000000000d03d43e,这AI吧，不可能啊，机器人怎么摔下也不至于摔成这样，碎哪里都是渣，我儿子的玩具从4楼掉下去都没掉渣，就是变形了,2026.04.18,山东,924.0,39.0,55,失败|抢救者,失败,抢救者,11,失败,14
69e481e8000000002003ad94,"

",,,2,69e49292000000001401a80a,69e490ae000000001401d42a,5b4ae3344eacab35f35772a7,具身智能也是要发展的，这是未来5年重要的发展方向之一,2026.04.19,广东,786.0,,26,强势|服务者,强势,服务者,7,强势成功,14
69e4551e000000001f005895,"荣耀机器人赢麻了🤖我觉得它表情在嘲讽我

",,816.0,2,69e49a8a0000000014018c38,69e48d160000000014018c1b,6695ac4a000000000f0344e4,您好这位AI，我可没说过AI的坏话，都是他们说的,2026.04.19,辽宁,746.0,,24,强势|被超越者,强势,被超越者,5,强势成功,14
69e44171000000001a026b25,"机器人马拉松比赛摔倒丝滑起身帅炸了🔥🔥

",9971.0,613.0,1,69e455e8000000001401a813,,5ee31783000000000100065c,摔倒是真的，摔倒后靠自身AI已经无法决策和执行重新站起程序，后方遥控人员先让机器（人）进入IDLE状态（摊平），然后执行起立，再go on[吃瓜R],2026.04.19,浙江,402.0,2.0,74,混合|观众,混合,观众,24,,14
69e4b08d000000001d01c1bc,"机器人马拉松参赛选手“进化速度这一块”

",,379.0,2,69e4d2ad000000001401d80d,69e4d200000000001401d80b,69cb2c94000000003201cdf8,就现在发展的趋势，一点该用ai的地方没用，全在抢普通人工作啊[笑哭R],2026.04.19,湖北,215.0,,35,混合|观众,混合,观众,10,,14
69e48d54000000002102e178,"😭亦庄机器人半马最感人一幕

",,1589.0,2,69e4b4740000000014019c1b,69e4a270000000001401a802,5515fb74a46e9639ba81f357,是我没错了，每次问AI都会很客气[偷笑R],2026.04.19,福建,135.0,,21,弱势|保护者,弱势,保护者,4,弱势,14
69e4551e000000001f005895,"荣耀机器人赢麻了🤖我觉得它表情在嘲讽我

",,816.0,2,69e49df6000000001401d414,69e48d160000000014018c1b,6221c1a10000000010007f00,[doge]ai你好，我是人类,2026.04.19,广东,62.0,,15,强势|被超越者,强势,被超越者,3,强势成功,14
69e4b08d000000001d01c1bc,"机器人马拉松参赛选手“进化速度这一块”

",,379.0,2,69e4d4ce000000001401b029,69e4d200000000001401d80b,61f500350000000010004dd1,看到掌握就去用呗，害怕才会被淘汰,2026.04.19,北京,31.0,,16,混合|观众,混合,观众,3,,14
69e2583b00000000230211ea,"

",,2406.0,2,69e306e5000000001401a802,69e305ee0000000014019826,5ea19cf10000000001009df4,"因为是AI,[doge]上面还一堆说不是ai的",2026.04.18,广东,29.0,,23,失败|抢救者,失败,抢救者,4,失败,14
69e4551e000000001f005895,"荣耀机器人赢麻了🤖我觉得它表情在嘲讽我

",,816.0,2,69e4b347000000001401e41f,69e48d160000000014018c1b,63b2c40c00000000270296cf,我的天哪AI大人😭,2026.04.19,陕西,22.0,,9,强势|被超越者,强势,被超越者,2,强势成功,14
69e2583b00000000230211ea,"

",,2406.0,1,69e2fccb000000001401a829,,68c659820000000019020d00,所谓的后空翻，全特码是假的！全是电脑制作的动画。智能AI就是一场精心设计的大骗局。程序永远只能是程序。,2026.04.18,湖北,19.0,15.0,51,失败|抢救者,失败,抢救者,16,失败,14
69da7e87000000001a03484e,"今晚的亦庄机器人马拉松测试

",,8169.0,2,69dc36c10000000014009b65,69dc339f000000003501f4fa,55b660f862a60c3d959d3298,具身智能就是要这样[捂脸R],2026.04.13,江苏,19.0,,14,强势|观众,强势,观众,2,强势成功,14
69da7e87000000001a03484e,"今晚的亦庄机器人马拉松测试

",,8169.0,2,69dae5f2000000000d034b1f,69dae3ac0000000001004268,5e0eb3140000000001009cd3,国外的会Ai作视频了,2026.04.12,广东,18.0,,10,强势|观众,强势,观众,3,强势成功,14
69e481e8000000002003ad94,"

",,,2,69e496c8000000001401a809,69e49601000000001401e835,69c001610000000033028a1d,如果是ai驱动的话说不定可以触发大模型激励机制[偷笑R],2026.04.19,广东,18.0,,28,强势|服务者,强势,服务者,7,强势成功,14
69db34bb000000001a0348ae,"机器人抢救现场

",4896.0,1198.0,1,69dcdded000000003502918d,,64854992000000001001da62,能工智人来救人工智能了,2026.04.13,黑龙江,13.0,0.0,11,失败|抢救者,失败,抢救者,3,失败,14
69e4551e000000001f005895,"荣耀机器人赢麻了🤖我觉得它表情在嘲讽我

",,816.0,2,69e4a57c000000001401a016,69e48d160000000014018c1b,621ba1da000000001000d3ed,好好好，ai成精了,2026.04.19,上海,13.0,,9,强势|被超越者,强势,被超越者,3,强势成功,14
69e481e8000000002003ad94,"

",,,2,69e49675000000001401bc35,69e4958b000000001401a800,5fef1d260000000001009e0f,技术是发展的，五年前你能想到机器人发展成这样吗？三年前大家都说AI是人工智障，现在呢？你一来就什么意义，只看当下不看未来吗？没有当下何谈未来？,2026.04.19,四川,11.0,,71,强势|服务者,强势,服务者,20,强势成功,14
69e2583b00000000230211ea,"

",,2406.0,1,69e305360000000014018c0a,,5d3dc34e000000001102e85f,一眼AI  正常人都能看出来,2026.04.18,上海,10.0,2.0,14,失败|抢救者,失败,抢救者,3,失败,14
69e2583b00000000230211ea,"

",,2406.0,1,69e30b1e000000001401ac0e,,622d8039000000001000689e,是ai，原视频不是这样，只是摔倒了，没碎,2026.04.18,陕西,9.0,2.0,20,失败|抢救者,失败,抢救者,6,失败,14
69e44278000000001a0217bb,"机器人超过我的瞬间

",6019.0,372.0,2,69e5d16f000000001401ac03,69e5c985000000001401cc14,6443e82700000000100254d9,白活这么大，ai 都画的比你好,2026.04.20,北京,8.0,,15,强势|被超越者,强势,被超越者,3,强势成功,14
69e2583b00000000230211ea,"

",,2406.0,2,69e30af4000000001401a413,69e305ee0000000014019826,622d8039000000001000689e,就是ai，这个原视频我看过，只是摔倒了，没有碎那么多,2026.04.18,陕西,5.0,,26,失败|抢救者,失败,抢救者,5,失败,14
69e481e8000000002003ad94,"

",,,2,69e70d52000000001401c83b,69e6133a0000000014019406,5df8c7ad000000000100a62b,我跟你讲，这绝对不是没有用的东西。这可以证明中国的AI技术已经很好了。当然，现在AI还处于蒸馏国外的状态，但未来肯定会很好的,2026.04.21,黑龙江,5.0,,62,强势|服务者,强势,服务者,14,强势成功,14
69e4b08d000000001d01c1bc,"机器人马拉松参赛选手“进化速度这一块”

",,379.0,2,69e4d54c000000001401e404,69e4d200000000001401d80b,69cb2c94000000003201cdf8,等你要工作的专业天天被人说会被AI代替你就懂了，不是能不能掌握，而是害怕被取代[笑哭R],2026.04.19,湖北,5.0,,44,混合|观众,混合,观众,10,,14
69e2583b00000000230211ea,"

",,2406.0,2,69e30912000000001401dc18,69e2f480000000001401a819,5cd634930000000010012ee6,不用怀疑，就是 ai,2026.04.18,河南,4.0,,10,失败|抢救者,失败,抢救者,3,失败,14
69e2583b00000000230211ea,"

",,2406.0,1,69e332be000000001401d421,,5fbda137000000000101c477,倒地上扑腾那两下好ai啊哈哈哈哈,2026.04.18,浙江,3.0,1.0,16,失败|抢救者,失败,抢救者,4,失败,14
69e463df000000001b003017,"

",3270.0,219.0,1,69e46b860000000014019021,,635be8f1000000001802948d,它能智能回答记者提问不？,2026.04.19,重庆,3.0,2.0,12,强势|服务者,强势,服务者,4,强势成功,14
69da7e87000000001a03484e,"今晚的亦庄机器人马拉松测试

",,8169.0,2,69dc8145000000003102f12b,69dc7c33000000000d036b35,5754428c5e87e732f5dc002b,有AI了，不问问？,2026.04.13,浙江,3.0,,9,强势|观众,强势,观众,2,强势成功,14
69e48d54000000002102e178,"😭亦庄机器人半马最感人一幕

",,1589.0,2,69e4cd290000000014019c1a,69e4a270000000001401a802,5454106fd6e4a95aa6c91d6b,我每次用Ai前都说请,2026.04.19,北京,3.0,,10,弱势|保护者,弱势,保护者,2,弱势,14
69e48d54000000002102e178,"😭亦庄机器人半马最感人一幕

",,1589.0,2,69e5065e000000001401e000,69e4a270000000001401a802,6915c5490000000032027ae4,我还会离谱的说deepseek老师，你统治人类的时候对我好点，我跟你说话一直都很礼貌[呃R],2026.04.20,江苏,3.0,,46,弱势|保护者,弱势,保护者,9,弱势,14
69e6f2bc0000000023005345,"🍼机器人第一视角，好多人呀

",,687.0,1,69e72520000000001401e42b,,56f3fd6f1c07df3ca2a2840b,下次给娃买双会闪光会叫叫的鞋,2026.04.21,湖南,3237.0,22.0,14,弱势|观众,弱势,观众,3,弱势,15
69e47f8f000000001f007203,"2026年机器人马拉松状态，五年后再看🤣

",,5834.0,2,69e57d18000000001401b813,69e51440000000001401c00b,5d90d46c0000000001019c5c,人家甚至穿了跑鞋,2026.04.20,四川,87.0,,8,混合|观众,混合,观众,3,,15
69da7e87000000001a03484e,"今晚的亦庄机器人马拉松测试

",,8169.0,2,69daf33f00000000350230e1,69daf1a9000000000103c4f0,64d071ac000000000e025281,以后穿上361就没声音了,2026.04.12,山东,26.0,,12,强势|观众,强势,观众,2,强势成功,15
69e42cc100000000220001ad,"机器人马拉松倒数第一名，萌翻了🤣🤣🤣

",,8501.0,1,69e46ede000000001401dc33,,5c5ed366000000001203ef9c,都怪鞋太重，腿太短，孩子本身没问题,2026.04.19,广东,19.0,2.0,17,弱势|观众,弱势,观众,5,弱势,15
69e47f8f000000001f007203,"2026年机器人马拉松状态，五年后再看🤣

",,5834.0,1,69e5b425000000001401dc2c,,60c23730000000000100bdd9,扁平足就是有力气,2026.04.20,广西,12.0,3.0,8,混合|观众,混合,观众,2,,15
69e634590000000022003bb5,"每个马拉松机器人，都有自己的热血故事。

",,824.0,1,69e73e42000000001401c02d,,61b47d2a000000000202290d,老师！我有问题，这个鞋子是必须的吗，用来减震之类的，还是只是广告位，其实不需要这个鞋子[萌萌哒R][萌萌哒R][萌萌哒R],2026.04.21,广东,11.0,4.0,61,常态|观众,常态,观众,12,常态,15
69e4426b000000001d01c7ed,"一个大的一个小的一个废的

",,7334.0,1,69e4809d000000001401bc26,,58d63c6382ec3911846c3be4,爷爷没穿足力健,2026.04.19,广东,8.0,1.0,7,混合|观众,混合,观众,3,,15
69e42cc100000000220001ad,"机器人马拉松倒数第一名，萌翻了🤣🤣🤣

",,8501.0,1,69e4f13a000000001401b827,,6098de1f00000000010005ba,给孩子的鞋穿的太大了，把孩子的鞋搞得合脚一点，别耽误孩子跑步,2026.04.19,河南,6.0,0.0,30,弱势|观众,弱势,观众,8,弱势,15
69e42cc100000000220001ad,"机器人马拉松倒数第一名，萌翻了🤣🤣🤣

",,8501.0,2,69e44ed7000000001401d83b,69e4367c0000000014018826,60a0a051000000000100bb28,孩子的鞋不跟脚，不怪宝宝,2026.04.19,山东,6.0,,12,弱势|观众,弱势,观众,3,弱势,15
69e42cc100000000220001ad,"机器人马拉松倒数第一名，萌翻了🤣🤣🤣

",,8501.0,1,69e4443d000000001401cc35,,5d32914d000000001201171a,鞋子买大了,2026.04.19,浙江,5.0,2.0,5,弱势|观众,弱势,观众,2,弱势,15
69e42cc100000000220001ad,"机器人马拉松倒数第一名，萌翻了🤣🤣🤣

",,8501.0,1,69e5b392000000001401e81e,,565c673dcb35fb744a5f2da0,给她穿一双轻便的鞋子行不行，就问你行不行，看着这么小的娃拖着承重的步伐，老母亲心都操碎了,2026.04.20,上海,5.0,2.0,44,弱势|观众,弱势,观众,10,弱势,15
69e42cc100000000220001ad,"机器人马拉松倒数第一名，萌翻了🤣🤣🤣

",,8501.0,1,69e551320000000014019800,,5fb65e7900000000010040fe,“孩子”还小 穿那么大的鞋能跑顺畅才怪[偷笑R],2026.04.20,广东,5.0,0.0,24,弱势|观众,弱势,观众,2,弱势,15
69e43a5a000000001d01dcc7,"机器人嘲讽同伴

",1966.0,167.0,1,69e459b9000000001401900d,,604d8387000000000100a4db,鞋子啥牌子的[偷笑R],2026.04.19,湖南,4.0,5.0,11,常态|观众,常态,观众,2,常态,15
69e47f8f000000001f007203,"2026年机器人马拉松状态，五年后再看🤣

",,5834.0,2,69e5abd6000000001401cc08,69e5ab44000000001401b81b,5c9c2bbb000000001601454f,这双鞋我也想要链接[笑哭R],2026.04.20,江苏,4.0,,14,混合|观众,混合,观众,3,,15
69e42cc100000000220001ad,"机器人马拉松倒数第一名，萌翻了🤣🤣🤣

",,8501.0,1,69e50aa1000000001401e409,,5bdc67b1dd4948000169d1e8,可能因为他穿了大人的鞋子[偷笑R]跑不快,2026.04.20,上海,3.0,0.0,20,弱势|观众,弱势,观众,3,弱势,15
69e42cc100000000220001ad,"机器人马拉松倒数第一名，萌翻了🤣🤣🤣

",,8501.0,1,69e4685c0000000014019431,,6155d9090000000002027246,像小孩穿着大人鞋在跑步[doge],2026.04.19,四川,3.0,0.0,17,弱势|观众,弱势,观众,4,弱势,15
69e42cc100000000220001ad,"机器人马拉松倒数第一名，萌翻了🤣🤣🤣

",,8501.0,2,69e448e5000000001401d40e,69e43311000000001401e428,66fc18e0000000001d0311b8,别呀，跑鞋看着还能穿[笑哭R],2026.04.19,北京,3.0,,15,弱势|观众,弱势,观众,2,弱势,15
69e47f8f000000001f007203,"2026年机器人马拉松状态，五年后再看🤣

",,5834.0,2,69e5b2f3000000001401b024,69e51440000000001401c00b,5972a6c45e87e721688e9e2f,人家穿着正经跑鞋唉[偷笑R],2026.04.20,山东,3.0,,14,混合|观众,混合,观众,4,,15
69e634590000000022003bb5,"每个马拉松机器人，都有自己的热血故事。

",,824.0,2,69e7749c000000001401cc1e,69e6af22000000001401d40d,649ea1f6000000001c02b114,鞋子也亮眼[微笑R],2026.04.21,山东,3.0,,10,常态|观众,常态,观众,2,常态,15
69da7e87000000001a03484e,"今晚的亦庄机器人马拉松测试

",,8169.0,1,69dafd7a0000000016016958,,66b4d5e7000000001d032f3c,看见一个穿跑鞋的，光脚跑太费脚了吧[偷笑R],2026.04.12,北京,2.0,0.0,22,强势|观众,强势,观众,4,强势成功,15
69e6f2bc0000000023005345,"🍼机器人第一视角，好多人呀

",,687.0,1,69e71f15000000001401e82e,,653682de0000000006007df2,会给宝宝穿会嘎吱嘎吱叫的鞋吗[哭惹R][哭惹R]感觉会超级可爱的！！,2026.04.21,江苏,2.0,1.0,34,弱势|观众,弱势,观众,6,弱势,15
69da7e87000000001a03484e,"今晚的亦庄机器人马拉松测试

",,8169.0,1,69db98ef000000000c031086,,5f9fc90900000000010036a8,扁平足跑起来就是心酸,2026.04.12,浙江,1.0,0.0,10,强势|观众,强势,观众,3,强势成功,15
69da7e87000000001a03484e,"今晚的亦庄机器人马拉松测试

",,8169.0,1,69db479b000000000c032ae5,,54e5d5182e1d937e9b68ffe5,跑得快的都不穿跑步鞋，穿了跑步鞋的都跑不快[doge][doge][doge][doge],2026.04.12,湖北,1.0,0.0,45,强势|观众,强势,观众,4,强势成功,15
69da7e87000000001a03484e,"今晚的亦庄机器人马拉松测试

",,8169.0,1,69db15a1000000003502cd1e,,5bd18e00f7e8b9219231760f,穿个鞋，都跑出火星子了,2026.04.12,河北,1.0,0.0,11,强势|观众,强势,观众,2,强势成功,15
69da7e87000000001a03484e,"今晚的亦庄机器人马拉松测试

",,8169.0,1,69daf4a300000000020298c0,,5ce16a0b00000000050058b1,真的好吵，哗啦哗啦的[捂脸R],2026.04.12,广东,1.0,1.0,15,强势|观众,强势,观众,2,强势成功,15
69da7e87000000001a03484e,"今晚的亦庄机器人马拉松测试

",,8169.0,1,69dadc1c000000001500acf4,,6270d80d000000001000633c,发出的声响还是挺大的,2026.04.12,湖北,1.0,2.0,10,强势|观众,强势,观众,3,强势成功,15
69da7e87000000001a03484e,"今晚的亦庄机器人马拉松测试

",,8169.0,1,69db0329000000003500f0a5,,63786e1d000000001f0160ec,吵死了，周边没人投诉吗,2026.04.12,广东,1.0,5.0,11,强势|观众,强势,观众,4,强势成功,15
69e42cc100000000220001ad,"机器人马拉松倒数第一名，萌翻了🤣🤣🤣

",,8501.0,1,69e4ff13000000001401d80e,,5e3f7a750000000001008f67,鞋有些大，拖累孩子奔跑了！,2026.04.20,天津,1.0,0.0,13,弱势|观众,弱势,观众,4,弱势,15
69e42cc100000000220001ad,"机器人马拉松倒数第一名，萌翻了🤣🤣🤣

",,8501.0,1,69e4f529000000001401ac1d,,6109fb5c0000000001009298,小孩穿大人鞋就是不跟脚,2026.04.19,内蒙古,1.0,0.0,11,弱势|观众,弱势,观众,2,弱势,15
69e42cc100000000220001ad,"机器人马拉松倒数第一名，萌翻了🤣🤣🤣

",,8501.0,1,69e4eac40000000014019c26,,55bb7ee9b7ba227fe4f2dbff,像人类幼崽穿着妈妈的大鞋在跑,2026.04.19,福建,1.0,0.0,14,弱势|观众,弱势,观众,5,弱势,15
69da7e87000000001a03484e,"今晚的亦庄机器人马拉松测试

",,8169.0,1,69db5886000000001500067e,,5989413e6a6a697cc9735268,这玩意不能送外卖吧，这不得把我可乐都晃成糖水了[笑哭了R],2026.04.12,北京,21.0,2.0,29,强势|观众,强势,观众,6,强势成功,16
69da7e87000000001a03484e,"今晚的亦庄机器人马拉松测试

",,8169.0,2,69dc3a29000000000103d160,69dbd52a000000003502ca11,5e63c206000000000100b568,机器人多贵！机器人被车撞了你得重新买一个，外卖员被车撞了就赖给外卖员自己不遵守交通规则0成本的[doge][doge][doge]机器人把餐食打翻了平台得赔钱，外卖员打翻了自己垫着[doge][doge][doge]你是老板你选择机器人还是外卖员，就这么说就国内的人力成本除了没有厂里，不然机器人暂时还替代不了人力,2026.04.13,江苏,21.0,,157,强势|观众,强势,观众,34,强势成功,16
69da7e87000000001a03484e,"今晚的亦庄机器人马拉松测试

",,8169.0,1,69daee220000000015008cbc,,6087484b00000000010056a5,哈哈哈，外卖小哥表示有压力[失望R],2026.04.12,澳大利亚,20.0,11.0,18,强势|观众,强势,观众,4,强势成功,16
69da7e87000000001a03484e,"今晚的亦庄机器人马拉松测试

",,8169.0,1,69dbd52a000000003502ca11,,6106c9f90000000001006034,外卖员，你们有焦虑么？[捂脸R][捂脸R],2026.04.13,江西,19.0,13.0,21,强势|观众,强势,观众,2,强势成功,16
69da7e87000000001a03484e,"今晚的亦庄机器人马拉松测试

",,8169.0,2,69dbd7a80000000016016653,69dbd52a000000003502ca11,5d15d0ba0000000012029617,想多了，外卖员可比机器人便宜多了[doge],2026.04.13,美国,14.0,,22,强势|观众,强势,观众,4,强势成功,16
69da7e87000000001a03484e,"今晚的亦庄机器人马拉松测试

",,8169.0,1,69db05e000000000140081b9,,5bfe76ff0000000005005c11,新的外卖小哥诞生了，无需中间休息，就需要多备两颗电池,2026.04.12,广东,11.0,1.0,26,强势|观众,强势,观众,10,强势成功,16
69da7e87000000001a03484e,"今晚的亦庄机器人马拉松测试

",,8169.0,2,69dba601000000000103f1a4,69daeb6f0000000001006d56,5bb77a8118d7e30001fd05bd,[捂脸R]可能明年它就能送餐了,2026.04.12,福建,11.0,,15,强势|观众,强势,观众,2,强势成功,16
69e481e8000000002003ad94,"

",,,1,69e59437000000001401b81c,,5e0e0566000000000100be8f,这玩意未来取代外卖跑腿，那不是迟早的事[捂脸R]，太强了,2026.04.20,云南,8.0,10.0,28,强势|服务者,强势,服务者,7,强势成功,16
69da7e87000000001a03484e,"今晚的亦庄机器人马拉松测试

",,8169.0,1,69db09ae0000000015000aac,,5cf4d6f3000000001803e774,就这样帮我去拿快递，打通小区和驿站最后一公里,2026.04.12,广东,6.0,1.0,22,强势|观众,强势,观众,7,强势成功,16
69da7e87000000001a03484e,"今晚的亦庄机器人马拉松测试

",,8169.0,1,69db0e8e00000000140091a1,,5fdb4dd000000000010093b6,以后快递哥不用进小区和单位了，每个院子配两个机器人随时跑腿接力。[doge],2026.04.12,四川,5.0,0.0,38,强势|观众,强势,观众,11,强势成功,16
69da7e87000000001a03484e,"今晚的亦庄机器人马拉松测试

",,8169.0,1,69db421a0000000016015bed,,69c333ae000000003401967d,你看他们跑起来都保持平稳，将来肯定会接过一批外卖配送业务,2026.04.12,江苏,4.0,2.0,28,强势|观众,强势,观众,10,强势成功,16
69da7e87000000001a03484e,"今晚的亦庄机器人马拉松测试

",,8169.0,2,69db32220000000016015fb3,69db2e550000000016017b12,68909a60000000002802c4c3,车送不了外卖 这玩意儿可以,2026.04.12,北京,4.0,,13,强势|观众,强势,观众,4,强势成功,16
69e48341000000001a02d0c4,"机器人马拉松，我们看乐了，西方人看破防了🤣

",3931.0,1022.0,2,69e4a27b000000001401a02d,69e495f6000000001401e015,58b25d6082ec3947b8a06058,帮我跑步取快递用[斜眼R],2026.04.19,山西,4.0,,13,强势|观众,强势,观众,2,强势成功,16
69da7e87000000001a03484e,"今晚的亦庄机器人马拉松测试

",,8169.0,1,69db4bd40000000002035ba8,,5a18e7a6db2e60180f82f798,一个个都像要送的外卖要超时了[笑哭R],2026.04.12,上海,3.0,0.0,19,强势|观众,强势,观众,3,强势成功,16
69da7e87000000001a03484e,"今晚的亦庄机器人马拉松测试

",,8169.0,1,69db2642000000001500b0c7,,5aeda2dbe8ac2b5aec1b09c0,我还是没大格局 我的第一想法是……可以直接跑着送外卖[呃R],2026.04.12,广东,3.0,0.0,30,强势|观众,强势,观众,4,强势成功,16
69e481e8000000002003ad94,"

",,,2,69e5957b000000001401c412,69e59437000000001401b81c,5e0e0566000000000100be8f,迟早的事，前期研发成本高，所以价格很高，慢慢的价格就降下来了，代替人工外卖，这是迟早的事！,2026.04.20,云南,3.0,,45,强势|服务者,强势,服务者,12,强势成功,16
69da7e87000000001a03484e,"今晚的亦庄机器人马拉松测试

",,8169.0,1,69db77b300000000010075f2,,5b07b880e8ac2b49df3e669e,哈哈哈。以后不会满大街都是这东西跑着去送外卖吧？,2026.04.12,新加坡,2.0,0.0,24,强势|观众,强势,观众,3,强势成功,16
69da7e87000000001a03484e,"今晚的亦庄机器人马拉松测试

",,8169.0,1,69db127e00000000010051c0,,5bb7770118d7e30001f82b5a,以后会不会满大街都是 跑步送餐的机器人啊[汗颜R],2026.04.12,北京,2.0,1.0,25,强势|观众,强势,观众,4,强势成功,16
69da7e87000000001a03484e,"今晚的亦庄机器人马拉松测试

",,8169.0,1,69db1101000000000d034898,,5d0def93000000001103a029,再过两年外卖都得机器人送了，快递员全员失业。,2026.04.12,上海,2.0,0.0,22,强势|观众,强势,观众,7,强势成功,16
69e447d2000000001d01aa01,"当算法有了腿，程序员万万没想到……

",,2912.0,1,69e4a06b000000001401cc43,,5fb7634d00000000010014f7,让机器人送外卖  能实现从锅边儿到桌边儿的最短时间,2026.04.19,北京,2.0,0.0,25,强势|服务者,强势,服务者,7,强势成功,16
69e4412a000000002103883f,"荣耀闪电队-齐天大圣夺冠！

",3517.0,445.0,1,69e500540000000014018808,,60d842fe0000000020028f2f,未来外卖小哥可以背替代了,2026.04.20,北京,2.0,0.0,12,强势|观众,强势,观众,4,强势成功,16
69da7e87000000001a03484e,"今晚的亦庄机器人马拉松测试

",,8169.0,2,69db40ed000000000d035193,69db3ade000000000d034593,58bc36776a6a690811d6c85b,送外卖的被机器人取代的话  外卖员是没钱赚了还是在家不去送外卖就有人给钱了呢,2026.04.12,黑龙江,2.0,,38,强势|观众,强势,观众,11,强势成功,16
69da7e87000000001a03484e,"今晚的亦庄机器人马拉松测试

",,8169.0,2,69daeee4000000001500a5a4,69daee220000000015008cbc,6087484b00000000010056a5,估计是行，每次我看到顺丰快递扛20公斤的面粉上六楼我都心疼[呃R],2026.04.12,澳大利亚,2.0,,33,强势|观众,强势,观众,9,强势成功,16
69da7e87000000001a03484e,"今晚的亦庄机器人马拉松测试

",,8169.0,2,69daf2a600000000140093a1,69daee220000000015008cbc,6087484b00000000010056a5,哈哈哈，真的感觉在家收快递开门的瞬间看到一个机器人的时代已经不远了[失望R],2026.04.12,澳大利亚,2.0,,38,强势|观众,强势,观众,8,强势成功,16
69da7e87000000001a03484e,"今晚的亦庄机器人马拉松测试

",,8169.0,1,69dbae020000000035030caf,,5dafdbc800000000010004cd,这要是拿着我的外卖🥡跑了我都追不上[笑哭了R],2026.04.12,河北,1.0,0.0,23,强势|观众,强势,观众,3,强势成功,16
69da7e87000000001a03484e,"今晚的亦庄机器人马拉松测试

",,8169.0,1,69db8e890000000015003bb5,,5f900e530000000001007453,“它喵的，原来我们被造出来是为了送外卖”- 机器人A01编号,2026.04.12,马来西亚,1.0,0.0,30,强势|观众,强势,观众,7,强势成功,16
69da7e87000000001a03484e,"今晚的亦庄机器人马拉松测试

",,8169.0,1,69db41ce00000000350225c4,,61bc94f7000000001000f54e,机器人骑电动车送外卖遵守交规超时被罚不能充电即将走进现实,2026.04.12,山东,1.0,1.0,28,强势|观众,强势,观众,10,强势成功,16
69da7e87000000001a03484e,"今晚的亦庄机器人马拉松测试

",,8169.0,1,69db3ce9000000000c033a45,,67c98295000000000e013f06,我押第一个，感觉它最稳，送外卖的话不会摔倒,2026.04.12,北京,1.0,0.0,21,强势|观众,强势,观众,6,强势成功,16
69da7e87000000001a03484e,"今晚的亦庄机器人马拉松测试

",,8169.0,1,69db379a0000000002035646,,5d4e93520000000011020ac3,是不是以后外卖也不用人送了,2026.04.12,北京,1.0,0.0,13,强势|观众,强势,观众,4,强势成功,16
69da7e87000000001a03484e,"今晚的亦庄机器人马拉松测试

",,8169.0,1,69db27830000000035019822,,5b5fd12ef7e8b954fa9b38cf,这个身体控制，真的可以送外卖了，反正都是遥控的，以后外卖小哥们都坐在办公室里远程遥控就行,2026.04.12,北京,1.0,0.0,44,强势|观众,强势,观众,13,强势成功,16
69e4426b000000001d01c7ed,"一个大的一个小的一个废的

",,7334.0,1,69e46d59000000001401c42a,,5cb19a9e0000000012003403,果然什么东西小了都可爱[喝奶茶R],2026.04.19,马来西亚,1250.0,27.0,17,混合|观众,混合,观众,3,,17
69e59e520000000022027a90,"花田里犯了错|机器人马拉松正赛搞笑赏析

",,2593.0,1,69e5fc55000000001401c02e,,6621bad70000000007007fe6,我就喜欢这个小蚂蚁,2026.04.20,江苏,380.0,25.0,9,弱势|观众,弱势,观众,2,弱势,17
69e47f8f000000001f007203,"2026年机器人马拉松状态，五年后再看🤣

",,5834.0,2,69e55e88000000001401a404,69e51ef20000000014019c03,6685066c000000000f034a2e,好可爱，还打扮了一下,2026.04.20,日本,111.0,,10,混合|观众,混合,观众,3,,17
69e46730000000001d0199c8,"

",,761.0,1,69e5ea50000000001401d834,,665bde3f0000000007005d31,可是我觉得它们好可爱啊,2026.04.20,广东,96.0,4.0,11,强势|观众,强势,观众,2,强势成功,17
69e4426b000000001d01c7ed,"一个大的一个小的一个废的

",,7334.0,2,69e45bb0000000001401c014,69e459f2000000001401bc38,61fcfbcb0000000010005d66,真的诶，好可爱啊，心都化了,2026.04.19,北京,79.0,,13,混合|观众,混合,观众,3,,17
69e4426b000000001d01c7ed,"一个大的一个小的一个废的

",,7334.0,2,69e491a6000000001401e80f,69e46d59000000001401c42a,5bd62e1a11be1038ffa02104,你确定什么东西小了都可爱[doge],2026.04.19,广东,22.0,,18,混合|观众,混合,观众,3,,17
69e42cc100000000220001ad,"机器人马拉松倒数第一名，萌翻了🤣🤣🤣

",,8501.0,2,69e55a2f000000001401e407,69e505d8000000001401a409,665711ea0000000003030b07,并不是哈 有个部位小了并不可爱哦[偷笑R],2026.04.20,重庆,21.0,,21,弱势|观众,弱势,观众,3,弱势,17
69e43b14000000001a02e095,"好萌的小黑仔跑马拉松

",,2760.0,1,69e445a70000000014019003,,5481be87d6e4a9791165a098,这个是长得最可爱的,2026.04.19,上海,20.0,9.0,9,弱势|服务者,弱势,服务者,2,弱势,17
69e42cc100000000220001ad,"机器人马拉松倒数第一名，萌翻了🤣🤣🤣

",,8501.0,2,69e50a8f000000001401cc07,69e505d8000000001401a409,5c6d71e10000000011018b1e,比拉布布还可爱[doge],2026.04.20,湖北,17.0,,13,弱势|观众,弱势,观众,2,弱势,17
69e4412a000000002103883f,"荣耀闪电队-齐天大圣夺冠！

",3517.0,445.0,1,69e47d38000000001401c423,,5c86624e0000000016013446,怎么还有带游泳圈的哈哈哈好可爱[萌萌哒R],2026.04.19,山东,10.0,6.0,21,强势|观众,强势,观众,2,强势成功,17
69e43b14000000001a02e095,"好萌的小黑仔跑马拉松

",,2760.0,1,69e468030000000014018c02,,5de650450000000001001280,果然任何东西只要小小的就会萌萌的,2026.04.19,四川,9.0,0.0,16,弱势|服务者,弱势,服务者,7,弱势,17
69e4426b000000001d01c7ed,"一个大的一个小的一个废的

",,7334.0,1,69e46ec8000000001401e40b,,55652c70c2bdeb129ee6733a,事实证明什么东西小时候都可爱[抠鼻R],2026.04.19,福建,5.0,0.0,19,混合|观众,混合,观众,4,,17
69e47f8f000000001f007203,"2026年机器人马拉松状态，五年后再看🤣

",,5834.0,1,69e595c60000000014018c11,,5757a60650c4b4642a9c0e49,这小玩意拼命“哒哒哒”的挺可爱[偷笑R],2026.04.20,广东,4.0,0.0,20,混合|观众,混合,观众,3,,17
69e40352000000002102fc75,"机器人马拉松现场第一视角看全部队伍

",,1160.0,1,69e422250000000014018812,,5a75d4154eacab3d3950cc86,这两个有点可爱[大笑R],2026.04.19,陕西,4.0,0.0,12,常态|服务者,常态,服务者,2,常态,17
69e4426b000000001d01c7ed,"一个大的一个小的一个废的

",,7334.0,2,69e47243000000001401d43b,69e4720b000000001401e405,5645d7ef4476083ea4dd54ef,不光可爱 还灵活 大的像骨质酥松,2026.04.19,江苏,4.0,,16,混合|观众,混合,观众,4,,17
69e634590000000022003bb5,"每个马拉松机器人，都有自己的热血故事。

",,824.0,2,69e7b947000000001401c409,69e6be18000000001401b002,5b8113c31cd8b70001111e43,真的很萌啊 花费自己很多心血和精力做出来的[哭惹R][哭惹R]完全是自家孩子了,2026.04.22,爱沙尼亚,3.0,,39,常态|观众,常态,观众,9,常态,17
69e47f8f000000001f007203,"2026年机器人马拉松状态，五年后再看🤣

",,5834.0,1,69e6e6120000000014018c10,,61ef9d38000000001000585b,这只好像pingu,2026.04.21,福建,2.0,0.0,9,混合|观众,混合,观众,2,,17
69e47f8f000000001f007203,"2026年机器人马拉松状态，五年后再看🤣

",,5834.0,1,69e5a6df000000001401b82b,,6124ff0b0000000001008c03,这个也太小了 有点可爱,2026.04.20,江苏,2.0,0.0,11,混合|观众,混合,观众,2,,17
69e47f8f000000001f007203,"2026年机器人马拉松状态，五年后再看🤣

",,5834.0,1,69e5925d000000001401e408,,5eb88b5b0000000001000a86,这个可爱，看一路了,2026.04.20,湖南,2.0,0.0,9,混合|观众,混合,观众,2,,17
69e447d2000000001d01aa01,"当算法有了腿，程序员万万没想到……

",,2912.0,1,69e48abf000000001401ac08,,61dade1a000000001000b02c,好可爱，跟个鬼一样,2026.04.19,四川,2.0,0.0,9,强势|服务者,强势,服务者,3,强势成功,17
69e43b14000000001a02e095,"好萌的小黑仔跑马拉松

",,2760.0,1,69e4b084000000001401ac16,,60c0d9bb0000000001003ec9,有点可爱 果然什么东西都是小小的可爱,2026.04.19,广东,2.0,0.0,18,弱势|服务者,弱势,服务者,5,弱势,17
69e4426b000000001d01c7ed,"一个大的一个小的一个废的

",,7334.0,2,69e46da00000000014018810,69e461fb000000001401e82b,5bc87a012e15d100012144c9,这个小的看着不赖,2026.04.19,北京,2.0,,8,混合|观众,混合,观众,2,,17
69e42cc100000000220001ad,"机器人马拉松倒数第一名，萌翻了🤣🤣🤣

",,8501.0,2,69e5649d000000001401b801,69e505d8000000001401a409,619c9173000000001000b7ea,有些小小的可不可爱[偷笑R],2026.04.20,浙江,2.0,,14,弱势|观众,弱势,观众,4,弱势,17
69e4551e000000001f005895,"荣耀机器人赢麻了🤖我觉得它表情在嘲讽我

",,816.0,1,69e494b30000000014018800,,5adaef6211be102ae3d4c945,这个小手好可爱,2026.04.19,湖北,1.0,1.0,7,强势|被超越者,强势,被超越者,2,强势成功,17
69e4426b000000001d01c7ed,"一个大的一个小的一个废的

",,7334.0,1,69e47e90000000001401ac22,,5b5c89a711be10276332bd94,小可爱和傻大个,2026.04.19,陕西,1.0,0.0,7,混合|观众,混合,观众,2,,17
69e4426b000000001d01c7ed,"一个大的一个小的一个废的

",,7334.0,1,69e479e6000000001401a412,,61d868b1000000001000ee0d,果然啥东西都在崽崽时期醉可爱,2026.04.19,四川,1.0,0.0,14,混合|观众,混合,观众,4,,17
69e4426b000000001d01c7ed,"一个大的一个小的一个废的

",,7334.0,1,69e47308000000001401c04a,,5f9eac5f00000000010009d3,这个小的有点可爱是怎么回事[doge],2026.04.19,浙江,1.0,0.0,19,混合|观众,混合,观众,2,,17
69e42cc100000000220001ad,"机器人马拉松倒数第一名，萌翻了🤣🤣🤣

",,8501.0,1,69e500a2000000001401d414,,65409a1e000000000d006c8a,啥东西都是小时候可爱,2026.04.20,陕西,1.0,0.0,10,弱势|观众,弱势,观众,3,弱势,17
69e47f8f000000001f007203,"2026年机器人马拉松状态，五年后再看🤣

",,5834.0,1,69e70689000000001401e422,,5b212bb56b58b738ec65ba3a,小型人类社会的感觉，什么品种都有[微笑R],2026.04.21,江西,1.0,0.0,21,混合|观众,混合,观众,4,,17
69e47f8f000000001f007203,"2026年机器人马拉松状态，五年后再看🤣

",,5834.0,1,69e5ba5e000000001401d40b,,5a65f25011be1074e48a28fe,这个小家伙也很可爱,2026.04.20,福建,1.0,0.0,9,混合|观众,混合,观众,2,,17
69e48b0b000000001a02578c,"北京马拉松机器人中暑了🥵

",3334.0,467.0,1,69ef2e5b000000002902cd01,,6304a4be000000000f006a16,机器人提供了新的就业岗位，一个机器人跑马拉松需要两个助理,2026.04.27,云南,3414.0,99.0,28,失败|服务者,失败,服务者,9,失败,18
69e481e8000000002003ad94,"

",,,1,69e4962e000000001401b006,,5c23652e00000000050032b8,一个机器人需要3个人伺候，就业新方向来了,2026.04.19,黑龙江,1144.0,73.0,20,强势|服务者,强势,服务者,6,强势成功,18
69e481e8000000002003ad94,"

",,,1,69e5841a000000001401d81f,,5ba7a42e95d6810001712b6e,一个机器人，三个人服侍它，以后不怕没岗位啦[偷笑R],2026.04.20,广东,339.0,51.0,26,强势|服务者,强势,服务者,6,强势成功,18
69e481e8000000002003ad94,"

",,,1,69e51893000000001401e006,,64e0d207000000000100cbff,我笑死，真的一台机器人可以带动5个人就业,2026.04.20,广东,39.0,10.0,20,强势|服务者,强势,服务者,6,强势成功,18
69e481e8000000002003ad94,"

",,,1,69e49e63000000001401e026,,5b9a19021a438100010eb19b,本来一个人的工作变成3人加机器[点赞R],2026.04.19,山东,21.0,3.0,20,强势|服务者,强势,服务者,6,强势成功,18
69e481e8000000002003ad94,"

",,,1,69e4a00e0000000014019c23,,6816226c000000000d00a9c6,这玩意儿存在最大的作用，一台机器人提供了三个岗位，减少了就业压力。,2026.04.19,河南,15.0,3.0,33,强势|服务者,强势,服务者,12,强势成功,18
69da7e87000000001a03484e,"今晚的亦庄机器人马拉松测试

",,8169.0,1,69db0ffb000000000c031ddd,,6124a2570000000001006656,[叹气R]咋滴要用机器人拉黄包车l,2026.04.12,上海,9.0,1.0,17,强势|观众,强势,观众,2,强势成功,18
69e481e8000000002003ad94,"

",,,1,69e48a260000000014018c20,,64a440c300000000100340d0,这玩意儿没啥用啊，一个机器人需要三个人做补给。,2026.04.19,河南,8.0,16.0,23,强势|服务者,强势,服务者,6,强势成功,18
69e481e8000000002003ad94,"

",,,1,69e634e3000000001401bc2a,,602731ae000000000101f671,一个机器人三个人伺候，意义何在,2026.04.20,广东,7.0,8.0,15,强势|服务者,强势,服务者,6,强势成功,18
69e429b4000000001b00037a,"张杰演唱会机器人来参加半马了？？

",,2026.0,2,69e44497000000001401a420,69e42e61000000001401941b,641d736b000000001102042d,机器人也要打两份工吗[捂脸R],2026.04.19,天津,7.0,,15,常态|观众,常态,观众,3,常态,18
69e481e8000000002003ad94,"

",,,2,69e49b79000000001401c018,69e4962e000000001401b006,5b290308e8ac2b08e147d67c,一个机器人需要三个人伺候，以后1万台机器人说不好也只要三个人伺候,2026.04.19,北京,5.0,,32,强势|服务者,强势,服务者,12,强势成功,18
69e4551e000000001f005895,"荣耀机器人赢麻了🤖我觉得它表情在嘲讽我

",,816.0,1,69e47971000000001401bc0c,,6523453f000000002a02b2a0,人工队，机械队,2026.04.19,浙江,4.0,1.0,7,强势|被超越者,强势,被超越者,2,强势成功,18
69e481e8000000002003ad94,"

",,,1,69e4a8fd000000001401e42b,,69a2e8f200000000210107c1,一个机器人要3个人陪同，这就是3个岗位啊[笑哭R],2026.04.19,湖南,4.0,0.0,25,强势|服务者,强势,服务者,4,强势成功,18
69e481e8000000002003ad94,"

",,,1,69e4a3da0000000014019821,,5f44de69000000000100ad41,这样看来大家都不再怕失业了，一个机器人需要三个工作人员，就是说一个机器人能带来三个工作岗位[笑哭R][笑哭R],2026.04.19,广东,4.0,1.0,55,强势|服务者,强势,服务者,14,强势成功,18
69e4426b000000001d01c7ed,"一个大的一个小的一个废的

",,7334.0,1,69e46e46000000001401dc2d,,62a2cfb2000000001b028d9c,俩机器人，一群人侍候，促进再就业[捂脸R],2026.04.19,上海,3.0,0.0,21,混合|观众,混合,观众,6,,18
69e481e8000000002003ad94,"

",,,1,69eddc35000000002702b9bc,,61e53d9800000000100051e2,三个人伺候一个机器人，那机器人的初衷是啥？要这玩意有啥用？[笑哭R],2026.04.26,河北,3.0,2.0,34,强势|服务者,强势,服务者,7,强势成功,18
69e481e8000000002003ad94,"

",,,1,69e774460000000014019c26,,693ba6f0000000003201c620,机器人的意义就是带动就业,2026.04.21,湖南,3.0,1.0,12,强势|服务者,强势,服务者,4,强势成功,18
69e481e8000000002003ad94,"

",,,1,69e74718000000001401cc13,,5b9382c888127200015272dd,这么多人服务一个机器人 倒反天罡啊,2026.04.21,北京,3.0,3.0,17,强势|服务者,强势,服务者,4,强势成功,18
69e481e8000000002003ad94,"

",,,1,69e49731000000001401982b,,5b3c918f6b58b76ef84df5c9,这有什么意义，3个大活人围着一个机器人跑路[笑哭R],2026.04.19,广东,3.0,6.0,26,强势|服务者,强势,服务者,5,强势成功,18
69e48341000000001a02d0c4,"机器人马拉松，我们看乐了，西方人看破防了🤣

",3931.0,1022.0,1,69e59225000000001401cc1f,,5963bbb75e87e7323e84e89c,我要这几个机器人。前两个跑得快的给我做家务。第三个蓝裤子给我表演节目。第四个小草帽陪我餐后散步。第五个冲天炮陪我聊天，让我拥抱。,2026.04.20,湖南,3.0,0.0,64,强势|观众,强势,观众,18,强势成功,18
69e481e8000000002003ad94,"

",,,1,69e64cd4000000001401c42b,,60ffd6c0000000002002cbdf,不要害怕机器人让人类失业，你看一下吧，一个机器人需要十几个人类服侍。,2026.04.20,广东,2.0,0.0,34,强势|服务者,强势,服务者,11,强势成功,18
69e481e8000000002003ad94,"

",,,1,69e5a9c1000000001401e803,,5c86f161000000001102d2fa,。。。其实机器人多了也失不了业。。。一个机器人配三个服务员[害羞R][害羞R][笑哭R][笑哭R],2026.04.20,山东,2.0,0.0,49,强势|服务者,强势,服务者,6,强势成功,18
69e481e8000000002003ad94,"

",,,1,69e4ef2d000000001401d829,,5d4ebecd0000000011026894,机器人促进就业啊，一台机器三人维护。,2026.04.19,福建,2.0,0.0,18,强势|服务者,强势,服务者,7,强势成功,18
69e481e8000000002003ad94,"

",,,1,69e48fc40000000014019029,,60390686000000000100afed,一个机器人靠3个人“伺候”，看来以后大家不用担心啦,2026.04.19,云南,2.0,0.0,25,强势|服务者,强势,服务者,7,强势成功,18
69e481e8000000002003ad94,"

",,,1,69e6f061000000001401c018,,5f980efc0000000001000252,一个机器人还需要几个人侍候，造它的意义在哪里,2026.04.21,陕西,2.0,9.0,22,强势|服务者,强势,服务者,8,强势成功,18
69e481e8000000002003ad94,"

",,,2,69e7745c000000001401902f,69e774460000000014019c26,693ba6f0000000003201c620,一台机器人 需要三个小伙子伺候,2026.04.21,湖南,2.0,,15,强势|服务者,强势,服务者,6,强势成功,18
69e47f8f000000001f007203,"2026年机器人马拉松状态，五年后再看🤣

",,5834.0,1,69e60b14000000001401dc2c,,6498168a000000002b00a601,一个机器人一车人做后勤[偷笑R],2026.04.20,浙江,1.0,0.0,16,混合|观众,混合,观众,4,,18
69e481e8000000002003ad94,"

",,,1,69e49d71000000001401cc08,,63f41a1c000000001400d782,技术创造就业，一个机器人需要3人来服务,2026.04.19,北京,1.0,0.0,19,强势|服务者,强势,服务者,7,强势成功,18
69e481e8000000002003ad94,"

",,,1,69e8b041000000001401a406,,57734dc182ec394ee4cf8f25,几个人服侍一个机器人,2026.04.22,广东,1.0,6.0,10,强势|服务者,强势,服务者,4,强势成功,18
69e481e8000000002003ad94,"

",,,1,69e789c3000000001401ac15,,5793509d5e87e745c79a38f5,一个机器人三人服务。是他为我服务还是我为他请保姆?,2026.04.21,福建,1.0,0.0,25,强势|服务者,强势,服务者,5,强势成功,18
69e447d2000000001d01aa01,"当算法有了腿，程序员万万没想到……

",,2912.0,2,69e4734a000000001401d41b,69e4728f000000001401ac1e,5a04638011be1045e77d5836,年轻还行，再隔几年就没了[笑哭R],2026.04.19,重庆,61.0,,17,强势|服务者,强势,服务者,4,强势成功,19
69e40352000000002102fc75,"机器人马拉松现场第一视角看全部队伍

",,1160.0,2,69e42b1a000000001401901d,69e42201000000001401940b,60bafd3d00000000010018fc,慢慢来，发展需要时间[红色心形R],2026.04.19,广东,27.0,,17,常态|服务者,常态,服务者,4,常态,19
69e4c771000000002102c3fc,"一镜到底！看人形机器人跑半马如何补给。

",,89.0,1,69e5b4900000000014018c0e,,5fda096000000000010072a7,孩子们在创造历史,2026.04.20,北京,16.0,0.0,8,常态|服务者,常态,服务者,3,常态,19
69da7e87000000001a03484e,"今晚的亦庄机器人马拉松测试

",,8169.0,2,69dae3d0000000000103c70a,69dae18a0000000035025c63,5b811256bced64000131b811,别着急啊只是时间问题,2026.04.12,北京,11.0,,10,强势|观众,强势,观众,4,强势成功,19
69e4412a000000002103883f,"荣耀闪电队-齐天大圣夺冠！

",3517.0,445.0,2,69e49d19000000001401d436,69e49c4f000000002b027225,5c124415f7e8b957900d0ee5,我预约不需要100年啊,2026.04.19,北京,10.0,,11,强势|观众,强势,观众,3,强势成功,19
69e48341000000001a02d0c4,"机器人马拉松，我们看乐了，西方人看破防了🤣

",3931.0,1022.0,2,69e4cf42000000001401c812,69e4cdd6000000001401dc35,60435a8a0000000001001389,这个发展速度，等不了多久,2026.04.19,宁夏,9.0,,12,强势|观众,强势,观众,4,强势成功,19
69e47f8f000000001f007203,"2026年机器人马拉松状态，五年后再看🤣

",,5834.0,1,69e50ebc000000001401c410,,5937cadc5e87e72e70d1795f,用不了五年，可能就有新变化了，只过了一年，发展已经超过我的想象。,2026.04.20,浙江,7.0,1.0,32,混合|观众,混合,观众,8,,19
69e47f8f000000001f007203,"2026年机器人马拉松状态，五年后再看🤣

",,5834.0,2,69e5a286000000001401c415,69e586020000000014019401,60f3c60b0000000001000ab9,放心，事物的发展过程就是这样的，过个十几年回头看发现，现在的企业和国家战略真的很有前瞻性[偷笑R],2026.04.20,四川,7.0,,49,混合|观众,混合,观众,14,,19
69e4426b000000001d01c7ed,"一个大的一个小的一个废的

",,7334.0,2,69e47ab7000000001401c825,69e46241000000001401e822,5dfcebd900000000010068d3,别让等待，成为遗憾,2026.04.19,山西,6.0,,9,混合|观众,混合,观众,3,,19
69da7e87000000001a03484e,"今晚的亦庄机器人马拉松测试

",,8169.0,2,69dcbff6000000003502b66d,69dc8cf000000000350322c5,5a0fb02f11be103844e245f6,再过10年15年看看,2026.04.13,云南,6.0,,10,强势|观众,强势,观众,4,强势成功,19
69e481e8000000002003ad94,"

",,,2,69e589060000000014019004,69e574d70000000014019810,63cd101f0000000026012f04,这只是发展初期，后续肯定不会这样的呀,2026.04.20,河南,6.0,,18,强势|服务者,强势,服务者,6,强势成功,19
69e481e8000000002003ad94,"

",,,2,69e6f60b000000002d022b28,69e6e77e0000000014019c03,5f720d88000000000101fa2b,这是过程.不是结果吧.如果人生只想一步就有个结果多半是失败人生.,2026.04.21,中国香港,5.0,,32,强势|服务者,强势,服务者,9,强势成功,19
69da7e87000000001a03484e,"今晚的亦庄机器人马拉松测试

",,8169.0,2,69db35bf000000003501b190,69db353500000000350125bb,678136bd000000000801c21b,快了，五年内我觉得做到你这个要求没问题,2026.04.12,北京,4.0,,19,强势|观众,强势,观众,4,强势成功,19
69e481e8000000002003ad94,"

",,,2,69e585e9000000001401e81b,69e5841a000000001401d81f,5af52d2a6b58b7106ae4a04e,早期和成熟期你一点不提,2026.04.20,湖北,4.0,,11,强势|服务者,强势,服务者,4,强势成功,19
69e44278000000001a0217bb,"机器人超过我的瞬间

",6019.0,372.0,2,69e5daeb000000001401b028,69e5c985000000001401cc14,5be50393954c810001d2fad1,白活这么大了，时代都跟不上,2026.04.20,福建,3.0,,13,强势|被超越者,强势,被超越者,3,强势成功,19
69da7e87000000001a03484e,"今晚的亦庄机器人马拉松测试

",,8169.0,2,69db04a7000000000d03f71d,69daef220000000035024590,5c1b006d000000000501fbf8,医院以后有了的话会给开绿灯的。,2026.04.12,日本,3.0,,15,强势|观众,强势,观众,3,强势成功,19
69e481e8000000002003ad94,"

",,,2,69e586ba000000001401d40e,69e585a70000000014018c15,5ced2931000000001000c754,耐心一点吧，已经发展很快了,2026.04.20,湖北,3.0,,13,强势|服务者,强势,服务者,4,强势成功,19
69e59e520000000022027a90,"花田里犯了错|机器人马拉松正赛搞笑赏析

",,2593.0,2,69e701e40000000014018c02,69e6394c000000001401c410,611905680000000001003870,很正常啊，过个三五年就行了,2026.04.21,河南,3.0,,13,弱势|观众,弱势,观众,4,弱势,19
69e47f8f000000001f007203,"2026年机器人马拉松状态，五年后再看🤣

",,5834.0,1,69e5cab90000000014019c18,,60c2225000000000010092c0,用不了五年，明年都大不同了,2026.04.20,四川,2.0,0.0,13,混合|观众,混合,观众,4,,19
69e47f8f000000001f007203,"2026年机器人马拉松状态，五年后再看🤣

",,5834.0,1,69e4aca5000000001401cc1c,,5dee72cf0000000001000d2f,五年后绝对进步巨大,2026.04.19,四川,2.0,0.0,9,混合|观众,混合,观众,4,,19
69e463df000000001b003017,"

",3270.0,219.0,1,69e4896f000000001401d439,,6543c3e2000000000400989f,历史性时刻,2026.04.19,广东,2.0,0.0,5,强势|服务者,强势,服务者,2,强势成功,19
69da7e87000000001a03484e,"今晚的亦庄机器人马拉松测试

",,8169.0,2,69dae777000000000c0306de,69dae3ac0000000001004268,5e38f89d0000000001001583,那不得慢慢发展么,2026.04.12,辽宁,2.0,,8,强势|观众,强势,观众,3,强势成功,19
69e481e8000000002003ad94,"

",,,2,69e63e7d000000002b037796,69e625ea000000001401c824,660f80d3000000000600d978,目前是，但总得走这一步，发展也不一定一直是从易到难,2026.04.20,美国,2.0,,25,强势|服务者,强势,服务者,8,强势成功,19
69df625d0000000021005c63,"“扶我起来，我还能再跑10公里”

",,9992.0,2,69dfa23700000000350278a9,69df971b00000000350151b3,6704b80e000000001d03244f,发展也不耽误大家笑嘛[害羞R],2026.04.15,上海,2.0,,15,失败|观众,失败,观众,3,失败,19
69df625d0000000021005c63,"“扶我起来，我还能再跑10公里”

",,9992.0,2,69dfab1e000000000d03f4ce,69df971b00000000350151b3,6428e8fd0000000011020f16,既然知道事物的发展有个过程，那么肯定也知道看法的改变也有个过程[笑哭R],2026.04.15,江苏,2.0,,36,失败|观众,失败,观众,11,失败,19
69e44278000000001a0217bb,"机器人超过我的瞬间

",6019.0,372.0,1,69e4cb22000000001401cc19,,61241708000000000100880a,这个时代不远了,2026.04.19,浙江,1.0,2.0,7,强势|被超越者,强势,被超越者,2,强势成功,19
69e44278000000001a0217bb,"机器人超过我的瞬间

",6019.0,372.0,1,69e714500000000014019c14,,5b6a8c89450b370001c30051,以后就是珍贵的史料[笑哭R],2026.04.21,广东,1.0,0.0,14,强势|被超越者,强势,被超越者,2,强势成功,19
69e47f8f000000001f007203,"2026年机器人马拉松状态，五年后再看🤣

",,5834.0,1,69eb2229000000001401e814,,55d458f662a60c234200b563,我倒要看看具体要多少年才能造福中国人。,2026.04.24,湖北,1.0,0.0,19,混合|观众,混合,观众,7,,19
69e47f8f000000001f007203,"2026年机器人马拉松状态，五年后再看🤣

",,5834.0,1,69e6c8a8000000001401a801,,5656f1bbb8c8b466845f4e6c,我觉得不用5年，明年这时候看应该也会大不一样,2026.04.21,广东,1.0,0.0,22,混合|观众,混合,观众,4,,19
69e47f8f000000001f007203,"2026年机器人马拉松状态，五年后再看🤣

",,5834.0,1,69e6149f000000001401b009,,5a8f3413e8ac2b3ccc215b47,世界终于癫成了我喜欢的模样。,2026.04.20,江苏,1.0,0.0,14,混合|观众,混合,观众,5,,19
69e4426b000000001d01c7ed,"一个大的一个小的一个废的

",,7334.0,1,69e451fd000000001401c806,,5d6548b6000000000101abd0,太可爱啦还拿着奶瓶🍼[笑哭R][笑哭R][笑哭R][笑哭R][笑哭R][笑哭R],2026.04.19,广东,5607.0,124.0,40,混合|观众,混合,观众,2,,20
69e43b14000000001a02e095,"好萌的小黑仔跑马拉松

",,2760.0,1,69e48cc2000000001401e400,,5c93d1ef0000000010027f68,凭什么别人有奶瓶[doge],2026.04.19,福建,437.0,12.0,14,弱势|服务者,弱势,服务者,2,弱势,20
69e4426b000000001d01c7ed,"一个大的一个小的一个废的

",,7334.0,2,69e453ae0000000014019429,69e45387000000001401a810,62231eb9000000001000ff70,小的拿个奶瓶踉踉跄跄得往前冲太可爱了哎哟喂,2026.04.19,北京,323.0,,21,混合|观众,混合,观众,6,,20
69e4426b000000001d01c7ed,"一个大的一个小的一个废的

",,7334.0,2,69e463c5000000001401ac10,69e45af00000000014019407,605dd5910000000001002ecc,哈哈哈，一看真拿了个奶瓶🍼,2026.04.19,江苏,291.0,,13,混合|观众,混合,观众,2,,20
69e59e520000000022027a90,"花田里犯了错|机器人马拉松正赛搞笑赏析

",,2593.0,2,69e626750000000014019801,69e5fc55000000001401c02e,5bfff069000000000701b757,拿着个奶瓶可可爱爱的,2026.04.20,北京,137.0,,10,弱势|观众,弱势,观众,2,弱势,20
69e47f8f000000001f007203,"2026年机器人马拉松状态，五年后再看🤣

",,5834.0,2,69e5d7eb000000001401e42d,69e5d7130000000014018c1a,5d96e35700000000010049f7,手上还有小奶瓶[黄金薯R],2026.04.20,江苏,112.0,,13,混合|观众,混合,观众,2,,20
69e4412a000000002103883f,"荣耀闪电队-齐天大圣夺冠！

",3517.0,445.0,1,69e479760000000014019c2a,,63611635000000001f01fe37,哈哈，拿着奶嘴就上来了，小卡拉咪,2026.04.19,安徽,105.0,7.0,16,强势|观众,强势,观众,3,强势成功,20
69e48d54000000002102e178,"😭亦庄机器人半马最感人一幕

",,1589.0,2,69e4f6f90000000014019415,69e4aa34000000001401bc30,5484f0cdd6e4a92811540111,小派，拿着奶瓶，脖子上还挂了个安慰奶嘴,2026.04.19,河北,84.0,,19,弱势|保护者,弱势,保护者,5,弱势,20
69e4426b000000001d01c7ed,"一个大的一个小的一个废的

",,7334.0,1,69e447c6000000001401b022,,5837d75d6a6a691f512a4946,小孩还拿了个奶瓶，我不行了哈哈哈哈哈,2026.04.19,湖南,32.0,0.0,18,混合|观众,混合,观众,3,,20
69e59e520000000022027a90,"花田里犯了错|机器人马拉松正赛搞笑赏析

",,2593.0,1,69e60720000000001401d805,,629c58df000000001b0259af,手握奶盆的小朋友挺可爱的,2026.04.20,江苏,30.0,1.0,12,弱势|观众,弱势,观众,4,弱势,20
69e48341000000001a02d0c4,"机器人马拉松，我们看乐了，西方人看破防了🤣

",3931.0,1022.0,1,69e4c1aa000000001401b800,,5a796b8511be103887778c4d,手上拿着奶瓶干嘛啊[笑哭R],2026.04.19,四川,24.0,13.0,14,强势|观众,强势,观众,3,强势成功,20
69e634590000000022003bb5,"每个马拉松机器人，都有自己的热血故事。

",,824.0,2,69e7523d000000001401c832,69e6c0f20000000014018c04,611a6a3d000000002002b846,那还挺小巧思的，我看有的拿奶瓶啊什么的就纯粹是装饰了,2026.04.21,广东,16.0,,26,常态|观众,常态,观众,5,常态,20
69e4426b000000001d01c7ed,"一个大的一个小的一个废的

",,7334.0,1,69e475600000000014019004,,609e766b000000000100b561,拿奶瓶的跑的最好,2026.04.19,浙江,13.0,0.0,8,混合|观众,混合,观众,2,,20
69e4426b000000001d01c7ed,"一个大的一个小的一个废的

",,7334.0,2,69e470c6000000001401c005,69e451fd000000001401c806,5a82d1f911be100e249de5a6,途中找妈妈找不到，先喝口奶。,2026.04.19,四川,12.0,,14,混合|观众,混合,观众,4,,20
69e4426b000000001d01c7ed,"一个大的一个小的一个废的

",,7334.0,1,69e45d66000000001401d800,,6661823c00000000070066f2,小孩这是拿了个奶瓶🍼吗？,2026.04.19,山东,11.0,1.0,12,混合|观众,混合,观众,2,,20
69e43a5a000000001d01dcc7,"机器人嘲讽同伴

",1966.0,167.0,1,69e443db000000001401cc2d,,5f4a403100000000010007f8,这72还去围观了小宝宝，还嘲笑拍手[捂脸R],2026.04.19,北京,11.0,0.0,22,常态|观众,常态,观众,5,常态,20
69e46730000000001d0199c8,"

",,761.0,2,69e46b47000000001401c029,69e46b1c000000001401c433,5ab5b34f11be10767aeeb06d,在一看 水瓶  哈哈哈,2026.04.19,北京,9.0,,11,强势|观众,强势,观众,2,强势成功,20
69e4426b000000001d01c7ed,"一个大的一个小的一个废的

",,7334.0,1,69e47fe0000000001401e00e,,5c74e76100000000120090bf,小的甚至还拿了瓶奶,2026.04.19,江西,8.0,0.0,9,混合|观众,混合,观众,2,,20
69e4551e000000001f005895,"荣耀机器人赢麻了🤖我觉得它表情在嘲讽我

",,816.0,2,69e49acf000000001401dc32,69e49413000000001401dc2c,608c6f17000000000100a22f,手拿着奶瓶[偷笑R],2026.04.19,上海,8.0,,10,强势|被超越者,强势,被超越者,2,强势成功,20
69e42cc100000000220001ad,"机器人马拉松倒数第一名，萌翻了🤣🤣🤣

",,8501.0,2,69e45cf8000000001401d418,69e447f6000000001401e037,5ec77bfe0000000001006d27,这次真的是可以说我孩子的性别是武装奶瓶了,2026.04.19,广西,8.0,,20,弱势|观众,弱势,观众,6,弱势,20
69e48341000000001a02d0c4,"机器人马拉松，我们看乐了，西方人看破防了🤣

",3931.0,1022.0,1,69e4ac590000000014019815,,612dfbfd000000000101659d,最后两个奶瓶选手吗？,2026.04.19,广东,7.0,1.0,10,强势|观众,强势,观众,4,强势成功,20
69e48341000000001a02d0c4,"机器人马拉松，我们看乐了，西方人看破防了🤣

",3931.0,1022.0,1,69e4a4e3000000001401c838,,613cae7e000000001f034854,奶瓶组绷不住了[笑哭R][笑哭R][笑哭R],2026.04.19,山东,7.0,0.0,22,强势|观众,强势,观众,3,强势成功,20
69e4426b000000001d01c7ed,"一个大的一个小的一个废的

",,7334.0,1,69e47b87000000001401a014,,60dc41530000000001003d11,没人发现吗？那个小的还拿个奶瓶哈哈哈,2026.04.19,江苏,5.0,0.0,18,混合|观众,混合,观众,3,,20
69e42cc100000000220001ad,"机器人马拉松倒数第一名，萌翻了🤣🤣🤣

",,8501.0,1,69e4fbd6000000001401c819,,5b04fabbb1da141b6a8ed05d,奶嘴奶瓶小揪揪，小步慢跑棒宝宝[赞R],2026.04.19,海南,5.0,0.0,19,弱势|观众,弱势,观众,5,弱势,20
69e4426b000000001d01c7ed,"一个大的一个小的一个废的

",,7334.0,2,69e46581000000001401a821,69e45492000000001401b835,606d92070000000001008ec5,不仅有奶瓶🍼还有安抚奶嘴[哇R],2026.04.19,广东,5.0,,16,混合|观众,混合,观众,4,,20
69e48341000000001a02d0c4,"机器人马拉松，我们看乐了，西方人看破防了🤣

",3931.0,1022.0,2,69e4df48000000001401d812,69e4bdd6000000001401e414,5c65e016000000001002b234,还有个不仅提着奶瓶，脖子上还挂个奶嘴，可爱死了[笑哭R],2026.04.19,广东,5.0,,28,强势|观众,强势,观众,6,强势成功,20
69e4426b000000001d01c7ed,"一个大的一个小的一个废的

",,7334.0,1,69e47e25000000001401a027,,5789e3b17fc5b86cb2adcfc8,小奶瓶和小揪揪太可爱了，跑的还挺快,2026.04.19,安徽,4.0,0.0,17,混合|观众,混合,观众,3,,20
69e4426b000000001d01c7ed,"一个大的一个小的一个废的

",,7334.0,1,69e46796000000001401e026,,5611326f3f0f3c6b0a0d9ac0,还没断奶，拿着奶瓶就来了[偷笑R],2026.04.19,新疆,4.0,0.0,17,混合|观众,混合,观众,2,,20
69e42cc100000000220001ad,"机器人马拉松倒数第一名，萌翻了🤣🤣🤣

",,8501.0,2,69e706d1000000001401bc20,69e61561000000001401900d,5a2fef59e8ac2b1650f6f731,毕竟拿着奶瓶上路呢[笑哭R],2026.04.21,广东,4.0,,14,弱势|观众,弱势,观众,3,弱势,20
69e4412a000000002103883f,"荣耀闪电队-齐天大圣夺冠！

",3517.0,445.0,2,69e47e950000000014019807,69e47d38000000001401c423,5fae278a000000000101c60c,还有个举着奶瓶🍼跑的，[捂脸R][捂脸R],2026.04.19,上海,4.0,,21,强势|观众,强势,观众,2,强势成功,20
69e48341000000001a02d0c4,"机器人马拉松，我们看乐了，西方人看破防了🤣

",3931.0,1022.0,1,69e4a930000000001401a020,,6482e7ab000000001003558b,我已经预见到我老了将会有一个人形机器人推着轮椅带着伞啊外套啊保温壶、小点心、我的降压药什么的，陪我去公园散步。根本不敢指望我儿子,2026.04.19,福建,927.0,85.0,64,强势|观众,强势,观众,14,强势成功,21
69db34bb000000001a0348ae,"机器人抢救现场

",4896.0,1198.0,1,69dcbf41000000000203506c,,593aaac950c4b47afb0c39db,机器人老了可怎么办[doge],2026.04.13,湖南,359.0,17.0,15,失败|抢救者,失败,抢救者,2,失败,21
69e47f8f000000001f007203,"2026年机器人马拉松状态，五年后再看🤣

",,5834.0,2,69e5d883000000001401bc1a,69e5ce52000000001401ac0a,5e91af0e0000000001000143,让老人照顾机器人,2026.04.20,山东,171.0,,8,混合|观众,混合,观众,3,,21
69e48341000000001a02d0c4,"机器人马拉松，我们看乐了，西方人看破防了🤣

",3931.0,1022.0,2,69e4ae010000000014013c07,69e4a930000000001401a020,650651d40000000012005a70,[色色R]机器人管家是我从小想到大的场景，在我变老之前希望能进化出来,2026.04.19,广东,54.0,,34,强势|观众,强势,观众,9,强势成功,21
69e59e520000000022027a90,"花田里犯了错|机器人马拉松正赛搞笑赏析

",,2593.0,2,69e6c21e0000000014013001,69e6bec7000000001401a401,62524eef000000001000b92f,你可以照顾机器人，老了有伴,2026.04.21,福建,33.0,,13,弱势|观众,弱势,观众,2,弱势,21
69e59e520000000022027a90,"花田里犯了错|机器人马拉松正赛搞笑赏析

",,2593.0,1,69e6417c000000001401e432,,5d93ffa20000000001009ad0,能不能开发个自动干家务的机器人呀,2026.04.20,福建,30.0,15.0,16,弱势|观众,弱势,观众,4,弱势,21
69e40352000000002102fc75,"机器人马拉松现场第一视角看全部队伍

",,1160.0,1,69e485f7000000001401bc0d,,5d1237ce000000001202e0a8,能不能搞个机器人家政打比拼，我一定全程观看，甚至下单,2026.04.19,河南,22.0,2.0,26,常态|服务者,常态,服务者,9,常态,21
69e48b0b000000001a02578c,"北京马拉松机器人中暑了🥵

",3334.0,467.0,2,69ee3707000000002800bd51,69eae32d000000001401d40b,678826d7000000000803fddd,你这张图我是这么联想的：养老院护工全部转成机器人工程师，转行都好转了,2026.04.27,北京,20.0,,34,失败|服务者,失败,服务者,10,失败,21
69e48341000000001a02d0c4,"机器人马拉松，我们看乐了，西方人看破防了🤣

",3931.0,1022.0,2,69e4b915000000001401941d,69e4a930000000001401a020,5af29fa011be100d595d09a5,我是打算老了买一个机器人照顾我和我老公，希望机器人行业发展顺利，保佑保佑[笑哭R],2026.04.19,广东,14.0,,41,强势|观众,强势,观众,11,强势成功,21
69e48341000000001a02d0c4,"机器人马拉松，我们看乐了，西方人看破防了🤣

",3931.0,1022.0,1,69e4bd620000000014018814,,5b57eb0d6b58b72d773cd510,我就期待出一个老了能伺候我的机器人[偷笑R],2026.04.19,北京,12.0,3.0,22,强势|观众,强势,观众,3,强势成功,21
69e40352000000002102fc75,"机器人马拉松现场第一视角看全部队伍

",,1160.0,1,69e43afc000000001401c033,,63cddc0d000000002501ddc0,什么时候能研发出养老机器人,2026.04.19,浙江,10.0,3.0,13,常态|服务者,常态,服务者,3,常态,21
69e4b08d000000001d01c1bc,"机器人马拉松参赛选手“进化速度这一块”

",,379.0,1,69e4d0880000000014019816,,6746e16b0000000001000960,你是说再活132年机器人就可以公主抱我去上班了吗,2026.04.19,重庆,10.0,2.0,24,混合|观众,混合,观众,5,,21
69e48341000000001a02d0c4,"机器人马拉松，我们看乐了，西方人看破防了🤣

",3931.0,1022.0,2,69e4a6320000000014018c19,69e495f6000000001401e015,5712f7471c07df669328b0e4,我期待着养老机器人，也期待着机器人能让危险岗位上的人类都下岗，比如消防员,2026.04.19,天津,9.0,,36,强势|观众,强势,观众,11,强势成功,21
69e48341000000001a02d0c4,"机器人马拉松，我们看乐了，西方人看破防了🤣

",3931.0,1022.0,1,69e4cdd6000000001401dc35,,5ef202cd0000000001006419,整这花里胡哨的，啥时候能实现家庭机器人来解放家务,2026.04.19,江苏,8.0,10.0,24,强势|观众,强势,观众,7,强势成功,21
69e46032000000001f002048,"看着你们累倒在地上我很心疼，恨不得替你们

",,5680.0,1,69e4ea75000000001401c803,,5c3353b90000000006029ea4,好了，未来给你预留一个在机器人家里搞卫生的工作岗位,2026.04.19,广东,8.0,0.0,25,常态|保护者,常态,保护者,6,常态,21
69e2583b00000000230211ea,"

",,2406.0,2,69e81faf0000000014019009,69e81edf000000001401c407,637e0702000000001f01eb59,这是其中一个公司的机器人，人家也没让这个机器人去照顾老人取快递啊，现在还只是在研发阶段[微笑R][微笑R],2026.04.22,江西,5.0,,53,失败|抢救者,失败,抢救者,12,失败,21
69e47f8f000000001f007203,"2026年机器人马拉松状态，五年后再看🤣

",,5834.0,2,69e58f9a0000000014019808,69e58f42000000001401a01f,5cbb0be10000000010035094,哈哈哈其实就是要遍地开花，这样以后才有发展，我们买机器人回家才会便宜一点,2026.04.20,海南,5.0,,36,混合|观众,混合,观众,8,,21
69e481e8000000002003ad94,"

",,,1,69e6f2920000000014018802,,63e2433b00000000270299e1,一点用都没有，我要的机器人是能帮我买菜，帮我做饭收拾家,2026.04.21,内蒙古,4.0,9.0,27,强势|服务者,强势,服务者,6,强势成功,21
69e43b14000000001a02e095,"好萌的小黑仔跑马拉松

",,2760.0,2,69e46231000000001401e811,69e45e0a000000001401c803,55b859eee4b1cf779ec39728,未来我们老了，老龄社会，都是机器人照顾，比人照顾还要好，经常看到养老院老人被打，饭里被吐痰,2026.04.19,湖北,4.0,,45,弱势|服务者,弱势,服务者,13,弱势,21
69e481e8000000002003ad94,"

",,,1,69e5db06000000001401c022,,5c5eda40000000001a012966,你努力进化，我努力攒钱，五十年后我不用进养老院就全靠你了。希望科技突飞猛进，把机器人价格打下来。,2026.04.20,山东,3.0,0.0,48,强势|服务者,强势,服务者,14,强势成功,21
69df625d0000000021005c63,"“扶我起来，我还能再跑10公里”

",,9992.0,1,69dfa13900000000150097c4,,619b112600000000100052e9,指望这些机器人养老，先得给机器人配三个人工[doge],2026.04.15,上海,3.0,0.0,27,失败|观众,失败,观众,8,失败,21
69e40352000000002102fc75,"机器人马拉松现场第一视角看全部队伍

",,1160.0,1,69e42ea4000000001401e418,,5daefc43000000000100a6c7,未来老龄化严重，急需能照顾老年无自理能力病人的机器人，抓紧研制吧，科学家们！,2026.04.19,北京,3.0,1.0,38,常态|服务者,常态,服务者,12,常态,21
69e59e520000000022027a90,"花田里犯了错|机器人马拉松正赛搞笑赏析

",,2593.0,1,69e6bec7000000001401a401,,5bfff2c20000000005004446,准备以后买个居家养老机器人，看这么不靠谱！还是算了吧！[汗颜R][汗颜R],2026.04.21,安徽,3.0,5.0,37,弱势|观众,弱势,观众,7,弱势,21
69e45dbe000000001f00434f,"机器人跑马拉松超越人类？

",4650.0,773.0,2,69e73cff0000000014019030,69e73178000000001401d810,5f4f45a30000000001006abe,哈哈哈，终于找到一个问这种问题的了，洗衣做饭搞卫生，下一步是不是得进房一起睡[笑哭R][笑哭R]刚出生的bb，现在能跑得快都不错了，想要当保姆机器人，估计，5年以后[doge],2026.04.21,广东,3.0,,88,强势|观众,强势,观众,18,强势成功,21
69da7e87000000001a03484e,"今晚的亦庄机器人马拉松测试

",,8169.0,1,69db9b5a0000000035018d1b,,56540f689eb57872edd7eeea,机器人养老普及指日可待[笑哭R],2026.04.12,广西,2.0,0.0,16,强势|观众,强势,观众,4,强势成功,21
69da7e87000000001a03484e,"今晚的亦庄机器人马拉松测试

",,8169.0,1,69db379e0000000035010656,,5eae442600000000010053e7,现在像看笑话，等我老了说不定机器人照顾老人已经很普及了,2026.04.12,美国,2.0,0.0,27,强势|观众,强势,观众,6,强势成功,21
69e47f8f000000001f007203,"2026年机器人马拉松状态，五年后再看🤣

",,5834.0,1,69e5bbdb000000001401dc1f,,565c4548b8ce1a721984aba6,我觉得我老了，肯定有机器人保姆的，,2026.04.20,广东,2.0,0.0,17,混合|观众,混合,观众,3,,21
69e481e8000000002003ad94,"

",,,1,69e49a90000000001401d40e,,5a05788111be101084db5fcf,赶紧发明养老机器人啊[扯脸H],2026.04.19,上海,2.0,0.0,15,强势|服务者,强势,服务者,4,强势成功,21
69e44171000000001a026b25,"机器人马拉松比赛摔倒丝滑起身帅炸了🔥🔥

",9971.0,613.0,1,69e44af2000000001401ac0d,,5ecca05d0000000001006c0e,这要当机器人保姆，还得房子大，别砸到东西,2026.04.19,北京,2.0,1.0,20,混合|观众,混合,观众,5,,21
69e48341000000001a02d0c4,"机器人马拉松，我们看乐了，西方人看破防了🤣

",3931.0,1022.0,1,69e4ca2b000000001401c00d,,5d138fd000000000110141c5,太好了，不用卷我儿子，多存点钱买机器人养老就行[偷笑R],2026.04.19,湖南,2.0,0.0,28,强势|观众,强势,观众,7,强势成功,21
69e4426b000000001d01c7ed,"一个大的一个小的一个废的

",,7334.0,1,69e45f74000000001401bc0a,,5f4109650000000001005a67,机器人为什么一定要做成人的形状？为什么不能做成四个轮子着地的，兼顾稳定性和速度，然后加上某种液体就能跑起来,2026.04.19,江苏,548.0,202.0,53,混合|观众,混合,观众,18,,22
69e2583b00000000230211ea,"

",,2406.0,1,69e2fa8a0000000014019019,,655c2b14000000000202a6fb,其实不一定应要走人型方向的机器人，弄个轮子的也不是不行吧，实用性总比观赏性大吧,2026.04.18,广东,89.0,6.0,39,失败|抢救者,失败,抢救者,12,失败,22
69da7e87000000001a03484e,"今晚的亦庄机器人马拉松测试

",,8169.0,1,69db09350000000035018759,,64b0be30000000001f00419e,我也觉得人行机器人的用途在哪？没必要完全做成人的模样吧 要说让他跑 做成轮子更快 更节约成本啊,2026.04.12,日本,77.0,76.0,47,强势|观众,强势,观众,14,强势成功,22
69e48b0b000000001a02578c,"北京马拉松机器人中暑了🥵

",3334.0,467.0,1,69ec4f2a000000002702bb17,,5f98bf490000000001006884,这种玩意儿就是为了圈钱吗？ 跑公路早就有人发明了更好的机器人 它有四个圆形的轮子 名字叫车,2026.04.25,上海,54.0,11.0,45,失败|服务者,失败,服务者,14,失败,22
69da7e87000000001a03484e,"今晚的亦庄机器人马拉松测试

",,8169.0,1,69db09ea0000000035017942,,5e19632f0000000001002dbc,都机器人了还用腿 装俩轱辘不行么,2026.04.12,北京,46.0,10.0,16,强势|观众,强势,观众,4,强势成功,22
69e48b0b000000001a02578c,"北京马拉松机器人中暑了🥵

",3334.0,467.0,2,69edd815000000002a03297c,69ecb9a7000000002803354c,5d53098600000000160281e6,不用两条腿的话就不叫机器人了[笑哭R],2026.04.26,广东,39.0,,19,失败|服务者,失败,服务者,4,失败,22
69da7e87000000001a03484e,"今晚的亦庄机器人马拉松测试

",,8169.0,1,69db1b05000000003503073f,,5dc6ad710000000001006a96,呃，这种拼速度的机器人有什么必要做成两条腿？,2026.04.12,韩国,28.0,11.0,22,强势|观众,强势,观众,5,强势成功,22
69da7e87000000001a03484e,"今晚的亦庄机器人马拉松测试

",,8169.0,1,69db02c8000000003501de1d,,5c3ff6810000000006002264,所以，机器人就必须是个人的形状？这个目的为了啥？有没有可能是个轮子的话更快？,2026.04.12,河南,17.0,27.0,38,强势|观众,强势,观众,10,强势成功,22
69da7e87000000001a03484e,"今晚的亦庄机器人马拉松测试

",,8169.0,1,69daf96f0000000015001390,,6431c6ba0000000012034853,人进化成直立行走是解放双手。机器人没这个需要啊。下面换成轮子，速度上150公里/小时随随便便啊。还稳当,2026.04.12,上海,16.0,20.0,51,强势|观众,强势,观众,17,强势成功,22
69da7e87000000001a03484e,"今晚的亦庄机器人马拉松测试

",,8169.0,1,69daf19f00000000020365e6,,5fa7bcbd0000000001006f2a,机器人做成这样速度还是不够快，不如我们把腿部做成圆形的，内部还可以设置座位方便运输人类，怎么样？,2026.04.12,广东,16.0,5.0,48,强势|观众,强势,观众,16,强势成功,22
69e48341000000001a02d0c4,"机器人马拉松，我们看乐了，西方人看破防了🤣

",3931.0,1022.0,1,69e49ab00000000014018801,,5e3d67d2000000000100357e,必须要2脚人性的机器人才能参加吗，4轮的可以吗[doge],2026.04.19,江苏,12.0,29.0,29,强势|观众,强势,观众,5,强势成功,22
69da7e87000000001a03484e,"今晚的亦庄机器人马拉松测试

",,8169.0,1,69dc339f000000003501f4fa,,585561b882ec3905e0526076,不懂就问，为什么都要做长脚的机器人，不能做轮子吗？,2026.04.13,上海,11.0,20.0,25,强势|观众,强势,观众,4,强势成功,22
69da7e87000000001a03484e,"今晚的亦庄机器人马拉松测试

",,8169.0,2,69db0f01000000003502f5f6,69db0da4000000000c030c0c,64b6015600000000140380c3,这是通用机器人，一个设计到处使用，能进工厂能叠被子能送快递，你说的轮子型的上下楼没这个快，通用性一般,2026.04.12,美国,11.0,,50,强势|观众,强势,观众,14,强势成功,22
69e42cc100000000220001ad,"机器人马拉松倒数第一名，萌翻了🤣🤣🤣

",,8501.0,1,69e59624000000001401e815,,5b2f44c3f7e8b9097c252ee6,我不理解 为何机器人要双腿行走，他就不有个轮子。上楼就切换腿。,2026.04.20,湖北,10.0,18.0,31,弱势|观众,弱势,观众,8,弱势,22
69da7e87000000001a03484e,"今晚的亦庄机器人马拉松测试

",,8169.0,1,69e42853000000001401cc00,,674004a8000000001d02c7f4,说实话，能用轮子为啥要用腿，这机器人也就看个乐，没啥用,2026.04.19,中国香港,7.0,22.0,27,强势|观众,强势,观众,5,强势成功,22
69da7e87000000001a03484e,"今晚的亦庄机器人马拉松测试

",,8169.0,1,69db2712000000003502db22,,558a6c2458944613dc3be814,🤔 为什么不给机器人安装轮胎  停下来走楼梯或者需要人形时候变回人形    平地奔跑切换成轮胎,2026.04.12,湖南,7.0,11.0,47,强势|观众,强势,观众,15,强势成功,22
69e42cc100000000220001ad,"机器人马拉松倒数第一名，萌翻了🤣🤣🤣

",,8501.0,1,69e5080b000000001401dc17,,5c3afb36000000000603feaa,我有一个问题，就是机器人为什么一定要跟人类一样走路呢？脚底下安轮子像平衡车那样，不是走的更快更稳吗？或者像坦克那样的还能爬坡不是更好吗？,2026.04.20,重庆,7.0,15.0,68,弱势|观众,弱势,观众,19,弱势,22
69e447d2000000001d01aa01,"当算法有了腿，程序员万万没想到……

",,2912.0,1,69e605120000000014019c0d,,5fb005b50000000001001163,机器人为什么一定要有脚，有轮子就行了吧,2026.04.20,北京,7.0,15.0,19,强势|服务者,强势,服务者,5,强势成功,22
69e4426b000000001d01c7ed,"一个大的一个小的一个废的

",,7334.0,2,69e46f0f000000001401d82f,69e45f74000000001401bc0a,5fcce8ad000000000100241f,四个轮子的没法爬楼梯，机器人有关节未来才能做更复杂的操作，我老了还指望他们照顾我呢[暗中观察R],2026.04.19,上海,7.0,,48,混合|观众,混合,观众,12,,22
69e48341000000001a02d0c4,"机器人马拉松，我们看乐了，西方人看破防了🤣

",3931.0,1022.0,2,69e4d6c7000000001401d82e,69e4d480000000001401c02c,61d6a8c700000000210228fa,放心吧，轮椅本身就是机器人,2026.04.19,陕西,6.0,,13,强势|观众,强势,观众,4,强势成功,22
69da7e87000000001a03484e,"今晚的亦庄机器人马拉松测试

",,8169.0,1,69db0b080000000001005db0,,63c77b740000000026010938,跑的很好，但是如果想要制造快速移动的机器人，我认为轮子或许比腿更好,2026.04.12,山东,5.0,4.0,33,强势|观众,强势,观众,10,强势成功,22
69e481e8000000002003ad94,"

",,,1,69e592e5000000001401dc07,,5784e94f5e87e723f783b523,机器人干嘛非得装腿跑步……[吃瓜R],2026.04.20,北京,5.0,12.0,18,强势|服务者,强势,服务者,5,强势成功,22
69e40352000000002102fc75,"机器人马拉松现场第一视角看全部队伍

",,1160.0,1,69e49b5f000000001401c844,,5c7e72660000000012037100,有没有一种机器人，胸口装俩轮子，趴着贴地，不是更快,2026.04.19,浙江,4.0,3.0,25,常态|服务者,常态,服务者,9,常态,22
69da7e87000000001a03484e,"今晚的亦庄机器人马拉松测试

",,8169.0,2,69db0ea90000000035030d91,69db0da4000000000c030c0c,5fa5f2c1000000000101c66a,等你机械飞升时喜欢轮子的，还是喜欢带胳膊腿的,2026.04.12,天津,4.0,,22,强势|观众,强势,观众,6,强势成功,22
69df625d0000000021005c63,"“扶我起来，我还能再跑10公里”

",,9992.0,2,69df9e09000000003500def0,69df971b00000000350151b3,650270dd000000001603b429,全球第一台双足机器人诞生于1969年，这都块60年了也没研究明白,2026.04.15,广东,4.0,,32,失败|观众,失败,观众,9,失败,22
69da7e87000000001a03484e,"今晚的亦庄机器人马拉松测试

",,8169.0,1,69db0da4000000000c030c0c,,62c1a664000000001b024877,机器人为什么一定要是人形的，加四个轮子跑的不是更快？[捂脸R],2026.04.12,浙江,3.0,16.0,31,强势|观众,强势,观众,8,强势成功,22
69e481e8000000002003ad94,"

",,,2,69e66a39000000001401a001,69e66556000000001401c800,5e446088000000000100162e,不，两脚适用环境更广，但两脚机器人很难，两脚想保持平衡需要考虑多种力学问题,2026.04.21,广东,2.0,,37,强势|服务者,强势,服务者,14,强势成功,22
69da7e87000000001a03484e,"今晚的亦庄机器人马拉松测试

",,8169.0,1,69db92eb000000003502b0f4,,5bd1bc5b109afd00017483de,他们可不可以像漫画那样 腿转成风火轮跑 机器人不用在意反不反关节哇,2026.04.12,浙江,1.0,2.0,33,强势|观众,强势,观众,10,强势成功,22
69da7e87000000001a03484e,"今晚的亦庄机器人马拉松测试

",,8169.0,1,69db0585000000000202bb5a,,6505c5cc0000000017020cef,肯定没有装轮子的快，应该是为了测试机器吧。感觉这种还不够快，给退步加上弹射结构，一步跨个7-8米，跳高能跳10来米，实现那种电影里的机器人，应用到救援上绝对无敌[笑哭R],2026.04.12,山西,1.0,0.0,85,强势|观众,强势,观众,23,强势成功,22
69da7e87000000001a03484e,"今晚的亦庄机器人马拉松测试

",,8169.0,1,69db25ed000000000d03ee55,,6778d331000000001801c8a9,轮子怎么说都比退快，通用型机器人说穿了就是什么都会一点什么都不拔尖，这样的机器人有什么实际意义？还不如专用型的，,2026.04.12,越南,1.0,4.0,56,强势|观众,强势,观众,12,强势成功,22
69e481e8000000002003ad94,"

",,,1,69e56a0b000000001401c009,,5a2a0f614eacab460655f17f,这减速到停下简直不要太丝滑，还有站稳后晃的那两下[捂脸R]像低血糖似的,2026.04.20,广东,3043.0,43.0,35,强势|服务者,强势,服务者,10,强势成功,23
69e4426b000000001d01c7ed,"一个大的一个小的一个废的

",,7334.0,1,69e4644e000000001401b826,,58121c646a6a6964b7642138,一上来那两下，太像电视剧里老爷子脑梗前奏了[doge],2026.04.19,上海,11.0,1.0,27,混合|观众,混合,观众,7,,23
69e4426b000000001d01c7ed,"一个大的一个小的一个废的

",,7334.0,2,69e4643c000000001401d81a,69e461fb000000001401e82b,5482e053d6e4a96b141320ba,真的很像低血糖哈哈啊哈哈哈,2026.04.19,上海,11.0,,13,混合|观众,混合,观众,2,,23
69e481e8000000002003ad94,"

",,,1,69e4a381000000001401dc18,,596942e850c4b4521799dfc3,低血糖了吧，都要倒了，赶紧给块糖,2026.04.19,湖南,7.0,0.0,16,强势|服务者,强势,服务者,2,强势成功,23
69e44171000000001a026b25,"机器人马拉松比赛摔倒丝滑起身帅炸了🔥🔥

",9971.0,613.0,1,69e45f5f000000001401ac17,,577b75ae82ec395524521181,像低血糖晕倒了,2026.04.19,江苏,7.0,0.0,7,混合|观众,混合,观众,2,,23
69e48b0b000000001a02578c,"北京马拉松机器人中暑了🥵

",3334.0,467.0,1,69ea3e2d000000001401b008,,58300a3550c4b459f57d1804,是不是低电糖了[石化R],2026.04.23,陕西,5.0,0.0,12,失败|服务者,失败,服务者,2,失败,23
69e4426b000000001d01c7ed,"一个大的一个小的一个废的

",,7334.0,1,69e470ae000000001401dc1d,,65c2fc96000000000903dde2,大的低血糖，小的很活跃，这很人类。,2026.04.19,广东,2.0,0.0,17,混合|观众,混合,观众,3,,23
69e481e8000000002003ad94,"

",,,1,69e62937000000001401dc09,,601c0acf000000000100b954,这也太拟人了。停下晃荡那两下太像低血糖晕倒前的我[失望R],2026.04.20,天津,2.0,0.0,29,强势|服务者,强势,服务者,7,强势成功,23
69e481e8000000002003ad94,"

",,,1,69e606cf000000001401b034,,6522dbc7000000002a01a868,还有仿生设计，跟低血糖似的,2026.04.20,广东,2.0,0.0,13,强势|服务者,强势,服务者,4,强势成功,23
69e481e8000000002003ad94,"

",,,1,69e59d44000000001401d814,,5fda95940000000001003ac8,人有低血糖[doge]机有低电压,2026.04.20,北京,2.0,3.0,16,强势|服务者,强势,服务者,4,强势成功,23
69e44171000000001a026b25,"机器人马拉松比赛摔倒丝滑起身帅炸了🔥🔥

",9971.0,613.0,1,69e63edd0000000014019000,,609318e2000000000101e04e,低血糖了一会儿,2026.04.20,四川,2.0,0.0,7,混合|观众,混合,观众,2,,23
69e44171000000001a026b25,"机器人马拉松比赛摔倒丝滑起身帅炸了🔥🔥

",9971.0,613.0,1,69e4a9f10000000014018c2d,,5b9a5e4f50bef10001a9c8ad,低血糖，不！低电压[偷笑R],2026.04.19,天津,2.0,0.0,14,混合|观众,混合,观众,2,,23
69e44171000000001a026b25,"机器人马拉松比赛摔倒丝滑起身帅炸了🔥🔥

",9971.0,613.0,1,69e4668e0000000014019c2c,,5f91a5b80000000001003a86,这种是真低血糖反应！[doge],2026.04.19,贵州,2.0,0.0,16,混合|观众,混合,观众,2,,23
69e44171000000001a026b25,"机器人马拉松比赛摔倒丝滑起身帅炸了🔥🔥

",9971.0,613.0,1,69e456630000000014018c17,,5b32efc511be1069bd8e940e,可能是出门没吃早饭低血糖了,2026.04.19,上海,2.0,0.0,13,混合|观众,混合,观众,3,,23
69e59e520000000022027a90,"花田里犯了错|机器人马拉松正赛搞笑赏析

",,2593.0,1,69e6f530000000001401c02f,,5d1e2cdd0000000012000513,这个有点像我多久了猛然起身头晕的样子,2026.04.21,湖北,2.0,0.0,18,弱势|观众,弱势,观众,6,弱势,23
69e4426b000000001d01c7ed,"一个大的一个小的一个废的

",,7334.0,1,69e469a6000000001401b844,,5b54bd294eacab7a3c96db54,他好像低血糖了,2026.04.19,浙江,1.0,0.0,7,混合|观众,混合,观众,2,,23
69e4426b000000001d01c7ed,"一个大的一个小的一个废的

",,7334.0,1,69e460be000000001401d400,,65c0cf5b000000000e025faa,大的看起来有点低血糖了,2026.04.19,四川,1.0,0.0,11,混合|观众,混合,观众,2,,23
69e4426b000000001d01c7ed,"一个大的一个小的一个废的

",,7334.0,1,69e45cd50000000014019001,,65223db40000000024017c43,跑久了头晕 很正常,2026.04.19,浙江,1.0,0.0,9,混合|观众,混合,观众,2,,23
69e47f8f000000001f007203,"2026年机器人马拉松状态，五年后再看🤣

",,5834.0,1,69e6f0e0000000001401d42d,,5b73edeea3af9a0001f6a4c5,赶紧给吃点东西，都低血糖了,2026.04.21,陕西,1.0,0.0,13,混合|观众,混合,观众,3,,23
69e481e8000000002003ad94,"

",,,1,69e49e02000000001401c80c,,6786347c000000000801af21,这特么低血糖了[doge]。赶紧上点葡萄糖。[doge],2026.04.19,江苏,1.0,0.0,28,强势|服务者,强势,服务者,5,强势成功,23
69e481e8000000002003ad94,"

",,,1,69e4967f000000001401a002,,5e441d2400000000010088f4,明显低血糖了，往后直呼悠,2026.04.19,北京,1.0,0.0,12,强势|服务者,强势,服务者,4,强势成功,23
69e481e8000000002003ad94,"

",,,1,69e6e619000000001401c425,,667e95870000000007006909,好像人突然低血糖要晕倒,2026.04.21,广东,1.0,0.0,11,强势|服务者,强势,服务者,5,强势成功,23
69e481e8000000002003ad94,"

",,,1,69e6296f0000000014019c23,,5bcfedab6d27b50001941c58,它都差点晕倒了[捂脸R],2026.04.20,天津,1.0,0.0,12,强势|服务者,强势,服务者,2,强势成功,23
69e481e8000000002003ad94,"

",,,1,69e589be000000001401a422,,664767370000000003030177,给他一片巧克力呀，一看就是低血糖了,2026.04.20,云南,1.0,0.0,17,强势|服务者,强势,服务者,4,强势成功,23
69e44171000000001a026b25,"机器人马拉松比赛摔倒丝滑起身帅炸了🔥🔥

",9971.0,613.0,1,69e48e9e000000001401a022,,559ec7f2a75c9555b910b595,晕厥后不能马上跑 快停下！,2026.04.19,上海,1.0,0.0,13,混合|观众,混合,观众,3,,23
69e44171000000001a026b25,"机器人马拉松比赛摔倒丝滑起身帅炸了🔥🔥

",9971.0,613.0,1,69e46b6c000000001401a01f,,65c0593a000000000e027f2a,像极了低血糖的我[微笑R],2026.04.19,广东,1.0,0.0,13,混合|观众,混合,观众,2,,23
69e429b4000000001b00037a,"张杰演唱会机器人来参加半马了？？

",,2026.0,1,69e44f86000000001401bc2d,,5f4f121e000000000101d89f,一动起来全身上下稀里哗啦的响 健康情况欠佳啊,2026.04.19,重庆,1.0,0.0,22,常态|观众,常态,观众,7,常态,23
69e481e8000000002003ad94,"

",,,2,69e6cb47000000001401bc03,69e56a0b000000001401c009,5bc1fa98bbce98000196ae17,太像低血糖[笑哭R][笑哭R],2026.04.21,安徽,1.0,,15,强势|服务者,强势,服务者,2,强势成功,23
69e4426b000000001d01c7ed,"一个大的一个小的一个废的

",,7334.0,1,69e47c70000000001401b00f,,674f428d000000001d02eff9,太高了 脑袋供氧不足,2026.04.19,北京,0.0,0.0,10,混合|观众,混合,观众,4,,23
69e4426b000000001d01c7ed,"一个大的一个小的一个废的

",,7334.0,1,69e47534000000001401d424,,6020e4c30000000001002091,一个骨折了，一个头晕[笑哭R],2026.04.19,广东,0.0,0.0,15,混合|观众,混合,观众,2,,23
69e4c771000000002102c3fc,"一镜到底！看人形机器人跑半马如何补给。

",,89.0,1,69e4f103000000001401e018,,5a423f11b1da145dbb815414,时隔一年进步就这么大，为祖国骄傲,2026.04.19,山西,545.0,0.0,16,常态|服务者,常态,服务者,5,常态,24
69e45dbe000000001f00434f,"机器人跑马拉松超越人类？

",4650.0,773.0,1,69e5f0f90000000014019420,,5bc57bc7f7e8b94c6f5cbe16,去年都还在连滚带爬，今年已经从从容容了[彩虹R][彩虹R][赞R][赞R],2026.04.20,四川,251.0,6.0,37,强势|观众,强势,观众,4,强势成功,24
69da7e87000000001a03484e,"今晚的亦庄机器人马拉松测试

",,8169.0,1,69dafb8f0000000016014fbc,,5fd0472f000000000101d26e,比起昨年，肉眼可见的进步,2026.04.12,四川,69.0,31.0,12,强势|观众,强势,观众,5,强势成功,24
69da7e87000000001a03484e,"今晚的亦庄机器人马拉松测试

",,8169.0,1,69daeb410000000035013e89,,6184d0c2000000002102461f,去年好像还不这样,2026.04.12,江苏,38.0,2.0,8,强势|观众,强势,观众,3,强势成功,24
69da7e87000000001a03484e,"今晚的亦庄机器人马拉松测试

",,8169.0,2,69da811a00000000350088c5,69da80180000000035010cd6,5aa35c114eacab11b5783fd9,是的是的，今年有几个特别快，慢的也有，整体很进步,2026.04.12,北京,36.0,,24,强势|观众,强势,观众,5,强势成功,24
69da7e87000000001a03484e,"今晚的亦庄机器人马拉松测试

",,8169.0,2,69dafc11000000000d03c410,69dafb8f0000000016014fbc,5c7789cc0000000012024425,什么是昨年啊！大神！中国人这么说话的吗[哭惹R]我勒个去,2026.04.12,北京,33.0,,28,强势|观众,强势,观众,6,强势成功,24
69e59e520000000022027a90,"花田里犯了错|机器人马拉松正赛搞笑赏析

",,2593.0,2,69e63ab90000000014019c16,69e6394c000000001401c410,5dab24ad0000000001007cbb,已经比去年的好很多了感觉,2026.04.20,湖北,32.0,,12,弱势|观众,弱势,观众,2,弱势,24
69e48341000000001a02d0c4,"机器人马拉松，我们看乐了，西方人看破防了🤣

",3931.0,1022.0,2,69e51eab000000001401d409,69e51bd8000000001401dc04,676e7edb000000001801d12e,这几年回旋镖特别多,2026.04.20,越南,22.0,,9,强势|观众,强势,观众,3,强势成功,24
69da7e87000000001a03484e,"今晚的亦庄机器人马拉松测试

",,8169.0,1,69db08040000000035010092,,61832a85000000001000fa45,[黑薯问号R]去年还是一抖一抖的，今年怎么已经发展成这样了,2026.04.12,福建,9.0,3.0,29,强势|观众,强势,观众,6,强势成功,24
69da7e87000000001a03484e,"今晚的亦庄机器人马拉松测试

",,8169.0,1,69dae79300000000150033c6,,5ea18aeb0000000001007c1d,和去年比，质的飞跃啊[汗颜R],2026.04.12,江苏,7.0,0.0,15,强势|观众,强势,观众,2,强势成功,24
69da7e87000000001a03484e,"今晚的亦庄机器人马拉松测试

",,8169.0,1,69dad6100000000002035f37,,6269c3ee00000000210243ff,比去年强得多啊，发展速度真快,2026.04.12,山西,7.0,0.0,14,强势|观众,强势,观众,5,强势成功,24
69da7e87000000001a03484e,"今晚的亦庄机器人马拉松测试

",,8169.0,1,69dafa62000000001500675f,,596b26995e87e73ad90146b6,这一年进步太多了,2026.04.12,北京,5.0,0.0,8,强势|观众,强势,观众,3,强势成功,24
69e45dbe000000001f00434f,"机器人跑马拉松超越人类？

",4650.0,773.0,2,69e6f5ee000000001401ac0c,69e5f0f90000000014019420,65bf4a6c000000000d01fccd,明年展翅高飞,2026.04.21,浙江,5.0,,6,强势|观众,强势,观众,2,强势成功,24
69da7e87000000001a03484e,"今晚的亦庄机器人马拉松测试

",,8169.0,2,69db086c000000000103dff4,69db08040000000035010092,5cecca630000000016034536,因为过去一年了，一年足够迭代几十轮了。,2026.04.12,陕西,4.0,,19,强势|观众,强势,观众,6,强势成功,24
69da7e87000000001a03484e,"今晚的亦庄机器人马拉松测试

",,8169.0,2,69dafc93000000000d03de1e,69dafb8f0000000016014fbc,5c7789cc0000000012024425,[抠鼻R]我不管不管不管！你就得说去年！不许说昨年！！！,2026.04.12,北京,4.0,,28,强势|观众,强势,观众,6,强势成功,24
69da7e87000000001a03484e,"今晚的亦庄机器人马拉松测试

",,8169.0,1,69dae3340000000014009c5e,,60e8e1cc0000000001009a8b,迭代一年进步很大,2026.04.12,上海,3.0,0.0,8,强势|观众,强势,观众,4,强势成功,24
69da7e87000000001a03484e,"今晚的亦庄机器人马拉松测试

",,8169.0,1,69dab964000000001500a189,,643ce4c1000000000d018173,去年到今年进步就这么大，明年屁股下是不是要装助推器了[笑哭R],2026.04.12,上海,3.0,0.0,31,强势|观众,强势,观众,8,强势成功,24
69da7e87000000001a03484e,"今晚的亦庄机器人马拉松测试

",,8169.0,1,69daeec6000000001400bc57,,5ea69fd30000000001002c88,这比去年强太多了吧,2026.04.12,上海,2.0,0.0,9,强势|观众,强势,观众,3,强势成功,24
69da7e87000000001a03484e,"今晚的亦庄机器人马拉松测试

",,8169.0,1,69dadef4000000001400b806,,6495a79e000000000f00691f,时隔一年，进步显著。,2026.04.12,北京,2.0,0.0,10,强势|观众,强势,观众,4,强势成功,24
69da7e87000000001a03484e,"今晚的亦庄机器人马拉松测试

",,8169.0,1,69dad507000000000d037ca7,,5634a6019eb578218476c2ef,乖乖，比去年快多了,2026.04.12,河北,2.0,0.0,9,强势|观众,强势,观众,2,强势成功,24
69e45dbe000000001f00434f,"机器人跑马拉松超越人类？

",4650.0,773.0,1,69e4607e000000001401a019,,5483c71fd6e4a91b71c943dc,才一年就进步飞速！真的厉害,2026.04.19,天津,2.0,1.0,13,强势|观众,强势,观众,5,强势成功,24
69da7e87000000001a03484e,"今晚的亦庄机器人马拉松测试

",,8169.0,1,69db780e000000000d036f0d,,6009a982000000000100a4c8,今年比去年快多了[doge],2026.04.12,河北,1.0,0.0,14,强势|观众,强势,观众,2,强势成功,24
69da7e87000000001a03484e,"今晚的亦庄机器人马拉松测试

",,8169.0,1,69db557f0000000035028bc4,,534696f7b4c4d60d1640b7dc,和去年比，真是天差地别啊！,2026.04.12,北京,1.0,0.0,13,强势|观众,强势,观众,3,强势成功,24
69da7e87000000001a03484e,"今晚的亦庄机器人马拉松测试

",,8169.0,1,69db3c7c00000000350282e9,,648ec393000000001f007234,去年还是东倒西倒的，今年就发展成这样了[点赞R],2026.04.12,上海,1.0,0.0,24,强势|观众,强势,观众,6,强势成功,24
69da7e87000000001a03484e,"今晚的亦庄机器人马拉松测试

",,8169.0,1,69db320800000000350243a5,,64b2cd68000000000a020958,跟去年比  已经大幅度迭代了,2026.04.12,北京,1.0,0.0,14,强势|观众,强势,观众,3,强势成功,24
69da7e87000000001a03484e,"今晚的亦庄机器人马拉松测试

",,8169.0,1,69db22710000000016016787,,5bc221122439650001e3d6f3,去年嫌它慢，今年它们嫌我慢。,2026.04.12,北京,1.0,0.0,14,强势|观众,强势,观众,2,强势成功,24
69da7e87000000001a03484e,"今晚的亦庄机器人马拉松测试

",,8169.0,1,69db1e1d000000000103eefa,,5fc0aeab000000000101f3e7,明年是不是就起飞了,2026.04.12,浙江,1.0,0.0,9,强势|观众,强势,观众,3,强势成功,24
69da7e87000000001a03484e,"今晚的亦庄机器人马拉松测试

",,8169.0,1,69db09ac000000000c032816,,64ed4e5e0000000001004ec0,今年这么快了吗，去年慢的离谱[doge],2026.04.12,江苏,1.0,0.0,20,强势|观众,强势,观众,3,强势成功,24
69da7e87000000001a03484e,"今晚的亦庄机器人马拉松测试

",,8169.0,1,69dafdae0000000035020e69,,5ab10774e8ac2b56113022bb,去年可不是这样的[笑哭R],2026.04.12,江西,1.0,0.0,13,强势|观众,强势,观众,3,强势成功,24
69da7e87000000001a03484e,"今晚的亦庄机器人马拉松测试

",,8169.0,1,69dafd73000000000103ff5e,,63ae6e7500000000260110d7,比去年快太多了,2026.04.12,江西,1.0,0.0,7,强势|观众,强势,观众,2,强势成功,24
69e59e520000000022027a90,"花田里犯了错|机器人马拉松正赛搞笑赏析

",,2593.0,1,69e61c570000000014018c05,,644639dc0000000029010b87,刷了3天的视频，发现荣耀是最少的，是因为它家跑的太快了，大家还没来得及拍它就跑远了吗[偷笑R],2026.04.20,广东,1352.0,51.0,47,弱势|观众,弱势,观众,9,弱势,25
69da7e87000000001a03484e,"今晚的亦庄机器人马拉松测试

",,8169.0,1,69db7fb1000000000c031c62,,5de0f1e60000000001003b16,荣耀那个机器人跑的是真快,2026.04.12,江西,405.0,3.0,12,强势|观众,强势,观众,3,强势成功,25
69da7e87000000001a03484e,"今晚的亦庄机器人马拉松测试

",,8169.0,1,69db843700000000350151f6,,636e306b000000001f01b9c7,你们先告诉我第几个跑过去的是荣耀的机器人？这速度生怕我看清楚啊,2026.04.12,陕西,225.0,4.0,31,强势|观众,强势,观众,8,强势成功,25
69e59e520000000022027a90,"花田里犯了错|机器人马拉松正赛搞笑赏析

",,2593.0,2,69e62b3f0000000014019823,69e61c570000000014018c05,5df2d6aa000000000100968c,荣耀的两个机器人太正常了[捂脸R]就跟f1赛车里一骑绝尘的都没啥镜头一样，那些撞车的上墙的才是观众爱看的[捂脸R],2026.04.20,北京,175.0,,57,弱势|观众,弱势,观众,14,弱势,25
69da7e87000000001a03484e,"今晚的亦庄机器人马拉松测试

",,8169.0,1,69db8529000000000d03f3a8,,678fb06b000000000e0100ca,听说荣耀机器人也参赛了？,2026.04.12,陕西,94.0,2.0,12,强势|观众,强势,观众,4,强势成功,25
69da7e87000000001a03484e,"今晚的亦庄机器人马拉松测试

",,8169.0,1,69db85490000000035024450,,5d2095a00000000010003af0,嘎哒嘎哒嘎哒嘎哒嘎哒嘎哒，我看到了我们荣耀的机器人了,2026.04.12,福建,86.0,0.0,26,强势|观众,强势,观众,2,强势成功,25
69e59e520000000022027a90,"花田里犯了错|机器人马拉松正赛搞笑赏析

",,2593.0,2,69e61b85000000001401c406,69e61193000000001401e001,5aadaba511be1030b61cd3b8,宇树成绩也还不错，只是荣耀这波太强势了，听说只研发了一年,2026.04.20,浙江,56.0,,28,弱势|观众,弱势,观众,10,弱势,25
69e59e520000000022027a90,"花田里犯了错|机器人马拉松正赛搞笑赏析

",,2593.0,2,69e75972000000001401cc15,69e7590a0000000014019001,65338e89000000002a01980d,前六都是荣耀的机器人，就是那个荣耀，你懂的。别怀疑，就那家。,2026.04.21,江苏,50.0,,30,弱势|观众,弱势,观众,6,弱势,25
69e59e520000000022027a90,"花田里犯了错|机器人马拉松正赛搞笑赏析

",,2593.0,1,69e66cbe000000001401d801,,54e51244e7798967d92f924f,荣耀就这样过去了,2026.04.21,福建,45.0,3.0,8,弱势|观众,弱势,观众,3,弱势,25
69e59e520000000022027a90,"花田里犯了错|机器人马拉松正赛搞笑赏析

",,2593.0,2,69e62840000000001401d832,69e61193000000001401e001,5d9c09cc0000000001001142,第一个撞线的是荣耀遥控组的，所以最终时间乘以了1.2倍，它没得冠军，冠军是第二个撞线的荣耀自主组的。,2026.04.20,北京,40.0,,50,弱势|观众,弱势,观众,15,弱势,25
69e44278000000001a0217bb,"机器人超过我的瞬间

",6019.0,372.0,2,69e4698b0000000014019809,69e46287000000001401cc26,54ec187fd39ea23226504c59,白天工，红荣耀，黑宇树。,2026.04.19,湖南,37.0,,12,强势|被超越者,强势,被超越者,3,强势成功,25
69e59e520000000022027a90,"花田里犯了错|机器人马拉松正赛搞笑赏析

",,2593.0,2,69e62fbd000000001401ac2c,69e61c570000000014018c05,559f394b5894462307fcc14e,我和我爸看直播，刚好看到荣耀在终点前摔倒，我爸笑死了,2026.04.20,广西,36.0,,26,弱势|观众,弱势,观众,6,弱势,25
69e59e520000000022027a90,"花田里犯了错|机器人马拉松正赛搞笑赏析

",,2593.0,2,69e6211f000000001401a807,69e62099000000001401dc3f,6038ffad0000000001006bbf,荣耀包揽123456名,2026.04.20,上海,34.0,,11,弱势|观众,弱势,观众,3,弱势,25
69e45dbe000000001f00434f,"机器人跑马拉松超越人类？

",4650.0,773.0,1,69e64eea000000001401a400,,65183de5000000002402fdd0,荣耀虽跑第一，但没宇树，天工帅[笑哭R][笑哭R][笑哭R],2026.04.21,云南,32.0,13.0,30,强势|观众,强势,观众,5,强势成功,25
69e463df000000001b003017,"

",3270.0,219.0,2,69e5c1c0000000001401c016,69e578ee000000001401bc24,5ec625ff000000000101c342,这个是荣耀的[暗中观察R]荣耀拿奖的时候宇树的正在玩[暗中观察R],2026.04.20,天津,32.0,,33,强势|服务者,强势,服务者,5,强势成功,25
69e45dbe000000001f00434f,"机器人跑马拉松超越人类？

",4650.0,773.0,1,69e66711000000001401bc0e,,673aeabc000000001d02e6eb,荣耀？是那个做手机的荣耀吗？,2026.04.21,北京,28.0,5.0,14,强势|观众,强势,观众,3,强势成功,25
69e634590000000022003bb5,"每个马拉松机器人，都有自己的热血故事。

",,824.0,1,69e72514000000001401e036,,5c110f37f7e8b946f9ca6b10,荣耀机器人的液冷散热器用的是升级元件，人家做手机的最知道怎么散热了。,2026.04.21,湖北,27.0,3.0,34,常态|观众,常态,观众,10,常态,25
69df625d0000000021005c63,"“扶我起来，我还能再跑10公里”

",,9992.0,2,69df940900000000150013ed,69df8f1f000000003502b58d,65be1356000000000d01d6d8,[doge]上面的标看起来是荣耀,2026.04.15,浙江,23.0,,16,失败|观众,失败,观众,3,失败,25
69e463df000000001b003017,"

",3270.0,219.0,1,69e76d42000000001401b020,,55b300063397db4430baa95b,荣耀确实够强，但宇树的开始有人味儿了。,2026.04.21,江苏,22.0,1.0,19,强势|服务者,强势,服务者,6,强势成功,25
69e45dbe000000001f00434f,"机器人跑马拉松超越人类？

",4650.0,773.0,1,69e592270000000014018c1b,,5f98dc050000000001006799,荣耀是最像人的,2026.04.20,辽宁,20.0,4.0,7,强势|观众,强势,观众,2,强势成功,25
69df625d0000000021005c63,"“扶我起来，我还能再跑10公里”

",,9992.0,2,69df95b7000000003500d695,69df8f1f000000003502b58d,5b15533211be107220b650a7,特地去查了下竞争对手，确实是荣耀。荣耀，我赌你赢！,2026.04.15,北京,18.0,,25,失败|观众,失败,观众,5,失败,25
69e59e520000000022027a90,"花田里犯了错|机器人马拉松正赛搞笑赏析

",,2593.0,2,69e61c43000000001401c014,69e61193000000001401e001,60c87a63000000000101c785,第一个撞线的是荣耀的遥控组呀,2026.04.20,北京,17.0,,14,弱势|观众,弱势,观众,5,弱势,25
69e59e520000000022027a90,"花田里犯了错|机器人马拉松正赛搞笑赏析

",,2593.0,2,69e61ad2000000001401d827,69e61193000000001401e001,5b593935e8ac2b4a35c26f73,那宇树也不行啊？我以为很厉害呢？看来还是荣耀厉害,2026.04.20,河北,14.0,,24,弱势|观众,弱势,观众,7,弱势,25
69e45dbe000000001f00434f,"机器人跑马拉松超越人类？

",4650.0,773.0,1,69e5de78000000001401e014,,62cbb12c0000000002003f55,荣耀第一年参赛就拿了冠军,2026.04.20,内蒙古,13.0,1.0,12,强势|观众,强势,观众,4,强势成功,25
69e463df000000001b003017,"

",3270.0,219.0,2,69e6ee4b0000000014019805,69e6eaf2000000001401a405,584d1de450c4b449046eeb2e,荣耀不上市，国资控股[笑哭R],2026.04.21,广西,9.0,,15,强势|服务者,强势,服务者,4,强势成功,25
69e59e520000000022027a90,"花田里犯了错|机器人马拉松正赛搞笑赏析

",,2593.0,2,69e64978000000001401940d,69e61193000000001401e001,65f00942000000000500f0bd,第一个撞线的也是荣耀闪电。宇树官方派的H1正赛终点前摔坏抬走了，未完赛。,2026.04.20,上海,9.0,,36,弱势|观众,弱势,观众,12,弱势,25
69e47f8f000000001f007203,"2026年机器人马拉松状态，五年后再看🤣

",,5834.0,2,69e5be83000000001401901d,69e4d76f000000001401c81e,63f9b2db000000001f03196f,荣耀的机器人元气仔，跑姿也得奖了,2026.04.20,陕西,8.0,,16,混合|观众,混合,观众,4,,25
69e59e520000000022027a90,"花田里犯了错|机器人马拉松正赛搞笑赏析

",,2593.0,2,69e6317f0000000014019813,69e61193000000001401e001,616ce3bb0000000002020951,荣耀就华为，有华为支持的,2026.04.20,广东,8.0,,12,弱势|观众,弱势,观众,4,弱势,25
69e59e520000000022027a90,"花田里犯了错|机器人马拉松正赛搞笑赏析

",,2593.0,2,69e658fd000000001401a014,69e61c570000000014018c05,5b980eed2adf130001d3c192,荣耀那个真的跑得好快,2026.04.21,广东,7.0,,10,弱势|观众,弱势,观众,2,弱势,25
69e45dbe000000001f00434f,"机器人跑马拉松超越人类？

",4650.0,773.0,1,69e6008f000000001401e401,,5aa12ff34eacab0d38efc6f2,荣耀是手机的那个牌子吗？,2026.04.20,上海,6.0,3.0,12,强势|观众,强势,观众,3,强势成功,25
69e47f8f000000001f007203,"2026年机器人马拉松状态，五年后再看🤣

",,5834.0,1,69e4e1f0000000001401a40f,,678a3fbe000000000d009c6a,其实蛮无聊的啊，人类都怎么啦？[笑哭R],2026.04.19,浙江,1076.0,205.0,20,混合|观众,混合,观众,3,,26
69e44278000000001a0217bb,"机器人超过我的瞬间

",6019.0,372.0,2,69e4801b000000001401dc2d,69e4573a000000001401a417,5c987c990000000016025530,你们都是伟大的人类,2026.04.19,江苏,37.0,,9,强势|被超越者,强势,被超越者,2,强势成功,26
69e4551e000000001f005895,"荣耀机器人赢麻了🤖我觉得它表情在嘲讽我

",,816.0,2,69e492d20000000014019c09,69e48d160000000014018c1b,5d0efa22000000001202e1f9,你怎么还把自己排除人类了[笑哭R],2026.04.19,安徽,29.0,,17,强势|被超越者,强势,被超越者,2,强势成功,26
69e4551e000000001f005895,"荣耀机器人赢麻了🤖我觉得它表情在嘲讽我

",,816.0,2,69e4a22b0000000014019001,69e48d160000000014018c1b,671c83ac000000001d022595,他可能是人类叛徒,2026.04.19,吉林,24.0,,8,强势|被超越者,强势,被超越者,2,强势成功,26
69e4551e000000001f005895,"荣耀机器人赢麻了🤖我觉得它表情在嘲讽我

",,816.0,2,69e49543000000001401ac1e,69e48d160000000014018c1b,5657ebd003eb843b7d2baff0,你们人类？敢问兄台来自哪个星球[doge],2026.04.19,辽宁,22.0,,21,强势|被超越者,强势,被超越者,5,强势成功,26
69e4551e000000001f005895,"荣耀机器人赢麻了🤖我觉得它表情在嘲讽我

",,816.0,2,69e4b898000000001401c035,69e48d160000000014018c1b,60e46f870000000001005b1c,我们人类吗？有意思,2026.04.19,江苏,21.0,,9,强势|被超越者,强势,被超越者,2,强势成功,26
69e59e520000000022027a90,"花田里犯了错|机器人马拉松正赛搞笑赏析

",,2593.0,2,69e6d415000000001401e41c,69e6c46c0000000014019c0e,5da835f8000000000100b7ed,大脑简单[笑哭R],2026.04.21,北京,20.0,,9,弱势|观众,弱势,观众,2,弱势,26
69e48b0b000000001a02578c,"北京马拉松机器人中暑了🥵

",3334.0,467.0,1,69eac09d000000001401a412,,63565c220000000018028218,看来人类的耐力在蓝星是遥遥领先[doge],2026.04.24,广东,8.0,0.0,21,失败|服务者,失败,服务者,5,失败,26
69da7e87000000001a03484e,"今晚的亦庄机器人马拉松测试

",,8169.0,2,69db28520000000035022e3f,69db2712000000003502db22,558a6c2458944613dc3be814,送上太空 命名为塞伯坦星球 [吃瓜R],2026.04.12,湖南,8.0,,19,强势|观众,强势,观众,5,强势成功,26
69e4551e000000001f005895,"荣耀机器人赢麻了🤖我觉得它表情在嘲讽我

",,816.0,2,69e49634000000001401cc2a,69e48d160000000014018c1b,66a52f9e000000001d03197a,你是哪个星球派来的,2026.04.19,北京,6.0,,9,强势|被超越者,强势,被超越者,3,强势成功,26
69da7e87000000001a03484e,"今晚的亦庄机器人马拉松测试

",,8169.0,1,69dbb99c0000000002036827,,6166aed80000000002022a43,流浪地球再不出成纪录片了[doge],2026.04.12,北京,4.0,0.0,18,强势|观众,强势,观众,4,强势成功,26
69da7e87000000001a03484e,"今晚的亦庄机器人马拉松测试

",,8169.0,2,69dc9295000000001500400a,69dba1b50000000001005940,59664f5f5e87e7541e9c1aa8,格局打开 明年就能攻占外星球了[doge],2026.04.13,云南,4.0,,21,强势|观众,强势,观众,5,强势成功,26
69da7e87000000001a03484e,"今晚的亦庄机器人马拉松测试

",,8169.0,2,69db0e090000000015006a84,69db0da4000000000c030c0c,5a8af7b54eacab6d006b2eec,就是准备把你替换掉,2026.04.12,广东,4.0,,9,强势|观众,强势,观众,2,强势成功,26
69e2583b00000000230211ea,"

",,2406.0,2,69e30894000000001401d809,69e2fc2d000000001401b82a,615876e6000000000202386b,哈哈哈🤣，人类的智慧总有相似之处。,2026.04.18,日本,3.0,,17,失败|抢救者,失败,抢救者,4,失败,26
69da7e87000000001a03484e,"今晚的亦庄机器人马拉松测试

",,8169.0,2,69db9854000000000202b282,69db9826000000000202a88a,5824ed053460943d29f5619c,再一次证明了天老爷确实是把人类扔在地球上不管了吧[doge]你们看有造物主关照的“生物”进化得多快呀~,2026.04.12,海南,3.0,,51,强势|观众,强势,观众,12,强势成功,26
69e481e8000000002003ad94,"

",,,2,69e700400000000014018c21,69e625a6000000001401b80d,5f1868eb000000000100004a,所以要学人啊，不然怎么代替人[失望R],2026.04.21,广东,3.0,,19,强势|服务者,强势,服务者,4,强势成功,26
69e40352000000002102fc75,"机器人马拉松现场第一视角看全部队伍

",,1160.0,2,69e4c6e0000000001401b830,69e4c5980000000014019c22,5ec1d2d4000000000100507c,结果…它代替你生活了[偷笑R][棒R],2026.04.19,天津,3.0,,19,常态|服务者,常态,服务者,3,常态,26
69da7e87000000001a03484e,"今晚的亦庄机器人马拉松测试

",,8169.0,1,69db33e7000000001500be0f,,56bdbadfaed7586f2d0b276f,早晚有一天会被他们取代[汗颜R],2026.04.12,山东,2.0,2.0,16,强势|观众,强势,观众,3,强势成功,26
69da7e87000000001a03484e,"今晚的亦庄机器人马拉松测试

",,8169.0,1,69db285b000000000103da79,,5b687f543779d10001556147,加油！争取早日全面替代人类！让大部分人失业！让人类文明成为历史！,2026.04.12,北京,2.0,1.0,32,强势|观众,强势,观众,12,强势成功,26
69e481e8000000002003ad94,"

",,,1,69e4a2b2000000001401bc1c,,5ab15f90e8ac2b0416fcd3b8,这一退，是人类的一大退,2026.04.19,湖南,2.0,0.0,11,强势|服务者,强势,服务者,3,强势成功,26
69e43a5a000000001d01dcc7,"机器人嘲讽同伴

",1966.0,167.0,1,69e4add9000000001401e043,,5bc345fee4e0c600010788fe,人类戏精,2026.04.19,北京,2.0,0.0,4,常态|观众,常态,观众,2,常态,26
69e40352000000002102fc75,"机器人马拉松现场第一视角看全部队伍

",,1160.0,1,69e42487000000001401dc1d,,606044fd000000000100aa33,看来未来人类可以“歇”了[doge][doge][暗中观察R][暗中观察R],2026.04.19,北京,2.0,0.0,38,常态|服务者,常态,服务者,3,常态,26
69e634590000000022003bb5,"每个马拉松机器人，都有自己的热血故事。

",,824.0,1,69e66ffa000000001401e802,,6661e7490000000007006fd6,多美好，人类在创造一种新的生命。,2026.04.21,湖南,2.0,0.0,16,常态|观众,常态,观众,5,常态,26
69e48341000000001a02d0c4,"机器人马拉松，我们看乐了，西方人看破防了🤣

",3931.0,1022.0,1,69e499fe000000001401ac00,,5e54734c0000000001009f5d,没法，地球独一份[点赞R],2026.04.19,北京,2.0,0.0,13,强势|观众,强势,观众,3,强势成功,26
69e481e8000000002003ad94,"

",,,2,69e5fb31000000001401e008,69e5f836000000001401bc01,63c8c7d1000000002702a4f0,研究在极端情况下替代人类的可能性,2026.04.20,广东,2.0,,16,强势|服务者,强势,服务者,6,强势成功,26
69e59e520000000022027a90,"花田里犯了错|机器人马拉松正赛搞笑赏析

",,2593.0,2,69e755a9000000001401cc3b,69e6c46c0000000014019c0e,64253d89000000001201181c,然后很多人类都会被淘汰,2026.04.21,广东,2.0,,11,弱势|观众,弱势,观众,3,弱势,26
69e4426b000000001d01c7ed,"一个大的一个小的一个废的

",,7334.0,1,69e4661f000000001401e433,,5e3143e70000000001006bd5,人类越来越多余了,2026.04.19,北京,1.0,0.0,8,混合|观众,混合,观众,3,,26
69da7e87000000001a03484e,"今晚的亦庄机器人马拉松测试

",,8169.0,1,69db7fea000000003502eeb1,,64bbd98100000000140391cd,人类无法匹敌。,2026.04.12,吉林,1.0,0.0,7,强势|观众,强势,观众,3,强势成功,26
69e47f8f000000001f007203,"2026年机器人马拉松状态，五年后再看🤣

",,5834.0,1,69e8384b000000001401c821,,60aa752100000000010071d8,人类真的好聪明，啥玩意儿都造得出来。,2026.04.22,贵州,1.0,1.0,18,混合|观众,混合,观众,5,,26
69df625d0000000021005c63,"“扶我起来，我还能再跑10公里”

",,9992.0,1,69df9d78000000000103e487,,65a526a5000000000203fce4,这么一看，人类智商真的好高啊！,2026.04.15,辽宁,1.0,0.0,15,失败|观众,失败,观众,4,失败,26
69e481e8000000002003ad94,"

",,,2,69e48647000000001401c03c,69e4853b000000001401b022,5c1f80c70000000006039d5c,快速散热的，但是可燃，有火花就直接烧,2026.04.19,上海,8645.0,,18,强势|服务者,强势,服务者,4,强势成功,27
69e481e8000000002003ad94,"

",,,2,69e489460000000014018c23,69e4853b000000001401b022,5b706599f7e8b95176d1359c,足球赛场上也用，烷基制冷喷雾,2026.04.19,北京,1355.0,,14,强势|服务者,强势,服务者,5,强势成功,27
69e481e8000000002003ad94,"

",,,2,69e4898c000000001401b002,69e4853b000000001401b022,61c85d85000000001000cd1e,感觉是压缩空气，降温用,2026.04.19,浙江,335.0,,11,强势|服务者,强势,服务者,2,强势成功,27
69e634590000000022003bb5,"每个马拉松机器人，都有自己的热血故事。

",,824.0,2,69e734fa000000001401ac18,69e72c580000000014019003,5b45a76b11be101583ab4d18,自主，喷的是降温用的,2026.04.21,福建,37.0,,10,常态|观众,常态,观众,2,常态,27
69e481e8000000002003ad94,"

",,,2,69e48c03000000001401c435,69e4853b000000001401b022,64f859e50000000004025d83,应该是清凉喷雾，给电机散热,2026.04.19,广东,8.0,,13,强势|服务者,强势,服务者,4,强势成功,27
69e481e8000000002003ad94,"

",,,2,69e5976a000000001401dc15,69e58bf4000000001401940f,5e19361a000000000100a877,摩擦散热难道不是应该喷摩擦最大的地方吗？[失望R]咋了？没有也幻痛？[汗颜R],2026.04.20,天津,8.0,,39,强势|服务者,强势,服务者,7,强势成功,27
69e43b14000000001a02e095,"好萌的小黑仔跑马拉松

",,2760.0,2,69e46d61000000001401a406,69e46c98000000001401a80d,6137a998000000000201c09f,估计喷的是什么降温的吧？,2026.04.19,广东,5.0,,12,弱势|服务者,弱势,服务者,2,弱势,27
69e43b14000000001a02e095,"好萌的小黑仔跑马拉松

",,2760.0,1,69e43f6e000000001401a81a,,5f495d2200000000010097fb,就是降温喷雾,2026.04.19,北京,4.0,0.0,6,弱势|服务者,弱势,服务者,2,弱势,27
69e4b08d000000001d01c1bc,"机器人马拉松参赛选手“进化速度这一块”

",,379.0,2,69e4da09000000001401dc0c,69e4d00f000000001401d40a,65bec9f4000000000903d64f,还要在各个关节喷清凉喷雾降温[笑哭R],2026.04.19,辽宁,4.0,,19,混合|观众,混合,观众,6,,27
69e481e8000000002003ad94,"

",,,2,69e4a1a5000000001401e411,69e491830000000014019008,61ded814000000001000d71d,液氮不可能，应该是干冰。,2026.04.19,河南,3.0,,12,强势|服务者,强势,服务者,2,强势成功,27
69e4412a000000002103883f,"荣耀闪电队-齐天大圣夺冠！

",3517.0,445.0,2,69e66cf9000000001401ac01,69e48aca000000001401cc02,60b0d5e40000000001001995,如果你去参加马拉松，沿路也都有喷雾给你使用，极速降温，保护关节。不过那是云南白药[暗中观察R][暗中观察R],2026.04.21,广西,3.0,,54,强势|观众,强势,观众,11,强势成功,27
69e481e8000000002003ad94,"

",,,1,69e49abf000000001401ac02,,655733320000000002035731,跑步主要是关节，但为什么喷雾一直在喷小j,2026.04.19,上海,2.0,4.0,20,强势|服务者,强势,服务者,6,强势成功,27
69e48b0b000000001a02578c,"北京马拉松机器人中暑了🥵

",3334.0,467.0,1,69e84683000000001401cc0c,,658271ce000000001c03c900,背一壶液氮可能更好,2026.04.22,浙江,2.0,0.0,9,失败|服务者,失败,服务者,3,失败,27
69e481e8000000002003ad94,"

",,,2,69e4973d000000001401c81d,69e493ea000000001401e029,63de88ed0000000026007aec,空气有水分,2026.04.19,广东,2.0,,5,强势|服务者,强势,服务者,2,强势成功,27
69e43b14000000001a02e095,"好萌的小黑仔跑马拉松

",,2760.0,1,69e464e5000000001401c42a,,567e7de34659cb6a424a5733,确实是丁烷，散热的,2026.04.19,安徽,1.0,0.0,9,弱势|服务者,弱势,服务者,3,弱势,27
69e43b14000000001a02e095,"好萌的小黑仔跑马拉松

",,2760.0,1,69e45b8b0000000014019c05,,6402dff90000000018016212,降温喷雾吧[笑哭R],2026.04.19,广东,1.0,0.0,10,弱势|服务者,弱势,服务者,2,弱势,27
69e43b14000000001a02e095,"好萌的小黑仔跑马拉松

",,2760.0,1,69e44ab5000000001401a008,,606ea255000000000101e831,喷液氮给关节降温呢,2026.04.19,北京,1.0,0.0,9,弱势|服务者,弱势,服务者,3,弱势,27
69e481e8000000002003ad94,"

",,,2,69e494400000000014019011,69e493f9000000001401e42c,665bf14b0000000003032112,降温喷雾，人类也用,2026.04.19,广东,1.0,,9,强势|服务者,强势,服务者,3,强势成功,27
69e481e8000000002003ad94,"

",,,2,69e56feb000000001401a80e,69e4853b000000001401b022,5d186048000000001001643f,液氮或者液化二氧化碳,2026.04.20,北京,1.0,,10,强势|服务者,强势,服务者,4,强势成功,27
69e481e8000000002003ad94,"

",,,2,69e585ae000000001401b81f,69e4853b000000001401b022,68f5a83400000000370049ac,制冷剂，因为关节部位长时间相互运动有摩擦，所以局部温度会比较高，需要喷制冷剂,2026.04.20,广东,1.0,,38,强势|服务者,强势,服务者,12,强势成功,27
69e481e8000000002003ad94,"

",,,2,69e496e70000000014018823,69e4937a000000001401dc2b,644911730000000029015dbf,喷的是冷却喷雾，关节摩擦会产生高温,2026.04.19,山东,1.0,,17,强势|服务者,强势,服务者,6,强势成功,27
69e481e8000000002003ad94,"

",,,1,69e49ccb000000001401b011,,6415d66f000000000b01529a,不能加个高压液氮瓶，缓慢释放吗,2026.04.19,浙江,0.0,0.0,15,强势|服务者,强势,服务者,5,强势成功,27
69e481e8000000002003ad94,"

",,,1,69e49b17000000001401c002,,60d1e817000000000100634f,所以生命真的是很神奇，能散热能保温。,2026.04.19,浙江,0.0,0.0,18,强势|服务者,强势,服务者,5,强势成功,27
69e481e8000000002003ad94,"

",,,1,69e498bb000000001401c02b,,62820046000000002102b0f1,美国那个喷雾,2026.04.19,河南,0.0,0.0,6,强势|服务者,强势,服务者,2,强势成功,27
69e481e8000000002003ad94,"

",,,1,69edd626000000002702f5a9,,684432b1000000001d009be3,应该是降温的喷雾吧,2026.04.26,四川,0.0,0.0,9,强势|服务者,强势,服务者,2,强势成功,27
69e481e8000000002003ad94,"

",,,1,69edbabc0000000029034080,,5e528ab0000000000100b587,补电，降温，润关节,2026.04.26,广东,0.0,0.0,9,强势|服务者,强势,服务者,3,强势成功,27
69e481e8000000002003ad94,"

",,,1,69ec1a6e000000002a024fab,,5e1d7e1900000000010000fa,液氮冷却[偷笑R],2026.04.25,广东,0.0,0.0,9,强势|服务者,强势,服务者,2,强势成功,27
69e481e8000000002003ad94,"

",,,1,69e79167000000001401c413,,66e3d242000000001e00c2ee,快速降温喷雾，我夏天汽车里放了一瓶，上车时候给坐垫降温…,2026.04.21,重庆,0.0,0.0,28,强势|服务者,强势,服务者,9,强势成功,27
69e481e8000000002003ad94,"

",,,1,69e77e9a0000000014019826,,61a21b2800000000020195e1,补能、降温,2026.04.21,山东,0.0,0.0,5,强势|服务者,强势,服务者,2,强势成功,27
69e481e8000000002003ad94,"

",,,1,69e77197000000001401bc1c,,5e5bd08b0000000001001441,降温，补能，还有润滑？,2026.04.21,广东,0.0,0.0,11,强势|服务者,强势,服务者,3,强势成功,27
69e48d54000000002102e178,"😭亦庄机器人半马最感人一幕

",,1589.0,2,69e4a662000000001401a016,69e4a2e5000000001401b816,604d8387000000000100a4db,那也是他的心血和作品，确实跟自己孩子似的,2026.04.19,湖南,4242.0,,20,弱势|保护者,弱势,保护者,5,弱势,28
69e4426b000000001d01c7ed,"一个大的一个小的一个废的

",,7334.0,2,69e477c1000000001401d809,69e46241000000001401e822,5c66287c00000000110093de,淘气的娃，无力的爷爷，没用的爸,2026.04.19,北京,621.0,,15,混合|观众,混合,观众,4,,28
69e42cc100000000220001ad,"机器人马拉松倒数第一名，萌翻了🤣🤣🤣

",,8501.0,2,69e44815000000001401d421,69e447f6000000001401e037,5d50cf55000000001102d64a,对不起，也可能是女儿，也可能是无性别的，我要open-minded,2026.04.19,上海,366.0,,33,弱势|观众,弱势,观众,7,弱势,28
69e42cc100000000220001ad,"机器人马拉松倒数第一名，萌翻了🤣🤣🤣

",,8501.0,2,69e436d3000000001401e804,69e4367c0000000014018826,5e2525c500000000010048f1,毕竟是个婴儿还[笑哭R],2026.04.19,北京,363.0,,12,弱势|观众,弱势,观众,2,弱势,28
69e48d54000000002102e178,"😭亦庄机器人半马最感人一幕

",,1589.0,2,69e4af92000000001401d82d,69e4a2e5000000001401b816,5f9199ce000000000101cb9f,[抠鼻R]自己的心血就是自己的孩子,2026.04.19,四川,168.0,,17,弱势|保护者,弱势,保护者,2,弱势,28
69e47f8f000000001f007203,"2026年机器人马拉松状态，五年后再看🤣

",,5834.0,2,69e57aa2000000001401e82b,69e51440000000001401c00b,5b5eb9d511be103346ca25b6,哈哈哈哈 正正经经的大女孩,2026.04.20,广东,85.0,,13,混合|观众,混合,观众,2,,28
69e4426b000000001d01c7ed,"一个大的一个小的一个废的

",,7334.0,2,69e45b6f000000001401e41a,69e45492000000001401b835,5cd92ddf0000000012021ce5,孩子太小了，已经很不错了，等长大点再来吧[doge],2026.04.19,湖北,54.0,,26,混合|观众,混合,观众,5,,28
69e47f8f000000001f007203,"2026年机器人马拉松状态，五年后再看🤣

",,5834.0,2,69e590ad000000001401a406,69e51440000000001401c00b,60422c6b000000000100007e,公公爸爸的,2026.04.20,江西,45.0,,5,混合|观众,混合,观众,2,,28
69df625d0000000021005c63,"“扶我起来，我还能再跑10公里”

",,9992.0,2,69df9df50000000035033241,69df98b4000000003500e5c5,5de6729d0000000001001c28,哦哦哦哦，谢谢，继续期待这些钢铁小孩儿给我们带来不断的惊喜,2026.04.15,北京,43.0,,29,失败|观众,失败,观众,10,失败,28
69e4426b000000001d01c7ed,"一个大的一个小的一个废的

",,7334.0,1,69e45492000000001401b835,,5c60f7bf0000000011007a13,我们在家门口这，都没等来这个小孩[偷笑R][偷笑R],2026.04.19,北京,37.0,31.0,26,混合|观众,混合,观众,2,,28
69e4426b000000001d01c7ed,"一个大的一个小的一个废的

",,7334.0,2,69e46657000000001401c011,69e461fb000000001401e82b,583042705e87e75bfe1750fa,老的颤颤巍巍 小的跌跌撞撞，只有年轻的要死不活,2026.04.19,北京,31.0,,23,混合|观众,混合,观众,5,,28
69e40352000000002102fc75,"机器人马拉松现场第一视角看全部队伍

",,1160.0,1,69e4321e000000001401a01a,,5a1f9e654eacab775bbbe607,说个题外话，刚刚在某儿童管楼梯下看到的一幕，觉得他们像哈利波特一样窝那怪可怜的[笑哭R],2026.04.19,广东,29.0,11.0,44,常态|服务者,常态,服务者,10,常态,28
69e48d54000000002102e178,"😭亦庄机器人半马最感人一幕

",,1589.0,2,69e56a320000000014019808,69e4c274000000001401dc33,68a8a8cb000000001901c46a,这是孩子长大了[偷笑R]视频里是小学状态,2026.04.20,上海,19.0,,20,弱势|保护者,弱势,保护者,5,弱势,28
69e4426b000000001d01c7ed,"一个大的一个小的一个废的

",,7334.0,1,69e46538000000001401cc24,,58f52a205e87e7568835fd31,活泼的孩子 带娃的妈，坐沙发的爸,2026.04.19,浙江,16.0,0.0,16,混合|观众,混合,观众,4,,28
69e48d54000000002102e178,"😭亦庄机器人半马最感人一幕

",,1589.0,2,69e4e6dd000000001401e411,69e4b7d5000000001401c81d,5c20e553000000000502d7e4,像大人聚会被拉着去表演节目的孩子[笑哭R],2026.04.19,广东,16.0,,21,弱势|保护者,弱势,保护者,5,弱势,28
69e4426b000000001d01c7ed,"一个大的一个小的一个废的

",,7334.0,2,69e47f04000000001401ac24,69e45af00000000014019407,61990faa0000000010009c5c,也可以是妈妈和外婆,2026.04.19,中国澳门,11.0,,9,混合|观众,混合,观众,2,,28
69df625d0000000021005c63,"“扶我起来，我还能再跑10公里”

",,9992.0,2,69df9c94000000000100567b,69df971b00000000350151b3,56e102afb8c8b4414b69ba26,那时候就会怀念现在的宝宝时期[doge],2026.04.15,北京,8.0,,20,失败|观众,失败,观众,3,失败,28
69e47f8f000000001f007203,"2026年机器人马拉松状态，五年后再看🤣

",,5834.0,2,69e631e40000000014019003,69e51440000000001401c00b,61f4119c00000000100067c7,一看就是小男孩 扭扭捏捏,2026.04.20,广东,7.0,,12,混合|观众,混合,观众,3,,28
69e4426b000000001d01c7ed,"一个大的一个小的一个废的

",,7334.0,1,69e47be9000000001401bc06,,5cd855e3000000001700c84b,像极了一家三口，横冲直撞的娃，晕头转向的妈，毫无动静的爸,2026.04.19,广西,3.0,0.0,28,混合|观众,混合,观众,6,,28
69e4426b000000001d01c7ed,"一个大的一个小的一个废的

",,7334.0,1,69e44b1a000000001401e82a,,613059ec000000000201c82a,那个小孩太可爱了[偷笑R],2026.04.19,四川,3.0,0.0,13,混合|观众,混合,观众,2,,28
69e48d54000000002102e178,"😭亦庄机器人半马最感人一幕

",,1589.0,1,69e4b70e000000001401d82b,,58eb99865e87e76fd984c6cb,自家孩子自己宠,2026.04.19,福建,3.0,0.0,7,弱势|保护者,弱势,保护者,2,弱势,28
69e4426b000000001d01c7ed,"一个大的一个小的一个废的

",,7334.0,1,69e4625e000000001401e400,,5aea6ba54eacab110fc8ecca,哈哈哈哈哈小孩太可爱了[笑哭R],2026.04.19,上海,2.0,0.0,16,混合|观众,混合,观众,2,,28
69e2583b00000000230211ea,"

",,2406.0,1,69e2e5ec000000001401a015,,5eb194bf0000000001006a17,以前是小屁孩的玩具现在那群人长大了还是这样,2026.04.18,福建,2.0,0.0,21,失败|抢救者,失败,抢救者,6,失败,28
69e48d54000000002102e178,"😭亦庄机器人半马最感人一幕

",,1589.0,1,69e4b81c000000001401a012,,569deb841c07df7c7c169851,我看到几个都搂着自家孩子,2026.04.19,北京,2.0,0.0,12,弱势|保护者,弱势,保护者,3,弱势,28
69e634590000000022003bb5,"每个马拉松机器人，都有自己的热血故事。

",,824.0,1,69e6ff8f000000001401dc21,,5b3985734eacab014ff1affb,这和自己生的小孩有什么区别,2026.04.21,上海,2.0,0.0,13,常态|观众,常态,观众,2,常态,28
69e634590000000022003bb5,"每个马拉松机器人，都有自己的热血故事。

",,824.0,1,69e77b2a000000001401c427,,5570f2e542099520f1fe0826,好乖好努力的小朋友,2026.04.21,江西,2.0,0.0,9,常态|观众,常态,观众,3,常态,28
69e4426b000000001d01c7ed,"一个大的一个小的一个废的

",,7334.0,1,69e46e05000000001401e00a,,5fcb43350000000001006fe4,有人说“这小孩”[笑哭R],2026.04.19,北京,1.0,0.0,13,混合|观众,混合,观众,2,,28
69e4426b000000001d01c7ed,"一个大的一个小的一个废的

",,7334.0,1,69e45da30000000014019c0b,,567b9a4bf53ee03dfdd5f800,那个小的看起来就像哪吒,2026.04.19,湖北,1.0,0.0,11,混合|观众,混合,观众,2,,28
69e4426b000000001d01c7ed,"一个大的一个小的一个废的

",,7334.0,1,69e49380000000001401d409,,6040c082000000000100561c,你才小孩 你们全家都小孩[doge],2026.04.19,河北,1.0,0.0,18,混合|观众,混合,观众,3,,28
69e2583b00000000230211ea,"

",,2406.0,1,69e8dc0a000000001401a022,,62622b61000000002102a70f,真的像我的儿子在地上撒泼打滚的样子[偷笑R],2026.04.22,上海,1.0,0.0,22,失败|抢救者,失败,抢救者,5,失败,28
69e447d2000000001d01aa01,"当算法有了腿，程序员万万没想到……

",,2912.0,2,69e5ec700000000014019c1f,69e49549000000001401902c,5eb9567e000000000100057e,物理跟紧这个项目,2026.04.20,四川,109.0,,8,强势|服务者,强势,服务者,3,强势成功,29
69e4412a000000002103883f,"荣耀闪电队-齐天大圣夺冠！

",3517.0,445.0,2,69e47954000000001401d40b,69e46f1e000000001401c819,5f1da7380000000001003338,人家都跑，他搁那表演上了,2026.04.19,北京,12.0,,12,强势|观众,强势,观众,2,强势成功,29
69e447d2000000001d01aa01,"当算法有了腿，程序员万万没想到……

",,2912.0,2,69e48c3d000000001401e808,69e47dbc000000001401bc0e,628090ef0000000021023daf,不是不用跟，以后是真跟不上了，那有那么多追风少年[偷笑R],2026.04.19,安徽,7.0,,29,强势|服务者,强势,服务者,5,强势成功,29
69e45dbe000000001f00434f,"机器人跑马拉松超越人类？

",4650.0,773.0,2,69e4eb6a0000000014019801,69e4ea7c000000001401e811,678d99d7000000000e01d77f,你两岁跑路的时候，你身后也跟着一群人,2026.04.19,广东,6.0,,18,强势|观众,强势,观众,5,强势成功,29
69e481e8000000002003ad94,"

",,,1,69eaae0a000000001401a80a,,557f8e2ca75c957050465c3b,人要跟着跑，简直了 有啥意义,2026.04.24,上海,5.0,15.0,14,强势|服务者,强势,服务者,4,强势成功,29
69da7e87000000001a03484e,"今晚的亦庄机器人马拉松测试

",,8169.0,1,69db00d20000000035012eb7,,5b2b479811be1071d6ceaafe,它能背着人跑吗,2026.04.12,辽宁,4.0,3.0,7,强势|观众,强势,观众,2,强势成功,29
69e45dbe000000001f00434f,"机器人跑马拉松超越人类？

",4650.0,773.0,2,69f14ac60000000029036d94,69f0e773000000002702185e,5d230b93000000001100a85d,你小时候，你爸也跟着你！,2026.04.29,北京,3.0,,12,强势|观众,强势,观众,2,强势成功,29
69e481e8000000002003ad94,"

",,,1,69e49808000000001401c01e,,56593555f53ee0646d3b8c16,人也跟着跑全程吗？,2026.04.19,上海,2.0,0.0,9,强势|服务者,强势,服务者,3,强势成功,29
69e481e8000000002003ad94,"

",,,1,69e78d23000000001401bc08,,5b1812fd4eacab31f88e3cd3,还得人跟着跑？,2026.04.21,广西,2.0,0.0,7,强势|服务者,强势,服务者,2,强势成功,29
69e481e8000000002003ad94,"

",,,1,69e4a560000000001401e830,,5d4e785f000000001600f115,原来人也要跟着跑啊,2026.04.19,广东,2.0,0.0,9,强势|服务者,强势,服务者,3,强势成功,29
69e4412a000000002103883f,"荣耀闪电队-齐天大圣夺冠！

",3517.0,445.0,1,69e459d20000000014019c28,,63aa7c5f0000000026004e44,旁边那个赛道是陪跑？,2026.04.19,福建,2.0,3.0,10,强势|观众,强势,观众,2,强势成功,29
69e4b08d000000001d01c1bc,"机器人马拉松参赛选手“进化速度这一块”

",,379.0,2,69e4ebea0000000014019c29,69e4e7de000000001401dc1a,594b87c86a6a6918adf63136,背着跑会不会有点颠簸?,2026.04.19,河北,2.0,,11,混合|观众,混合,观众,2,,29
69e481e8000000002003ad94,"

",,,1,69e49bb4000000001401ac17,,56bdb545b8c8b4453c7a898f,人比它忙活多了 还得跟着跑,2026.04.19,山东,1.0,0.0,13,强势|服务者,强势,服务者,3,强势成功,29
69e481e8000000002003ad94,"

",,,1,69ec64e2000000002800b6f6,,5a1acdd64eacab7afa222773,后面是有人跟着一起跑吗？,2026.04.25,山东,1.0,0.0,12,强势|服务者,强势,服务者,4,强势成功,29
69e481e8000000002003ad94,"

",,,1,69e84dc2000000001401e81b,,621cd7af000000001000f9ea,一个跑步，要三个来伺候[doge],2026.04.22,上海,1.0,0.0,17,强势|服务者,强势,服务者,3,强势成功,29
69e481e8000000002003ad94,"

",,,1,69e73529000000001401881f,,6654350a0000000007004a4b,毫无意义，服侍他的三个人才更厉害。陪着跑满半马[笑哭R],2026.04.21,上海,1.0,0.0,28,强势|服务者,强势,服务者,6,强势成功,29
69e481e8000000002003ad94,"

",,,1,69e6fadc000000001401ac16,,5c41fe9b000000000701cafa,三个人后面跟着跑，真是高燃了[捂脸R],2026.04.21,广东,1.0,0.0,19,强势|服务者,强势,服务者,6,强势成功,29
69e481e8000000002003ad94,"

",,,1,69e4a6f80000000014019402,,6822f541000000000e011732,笑死了，一个跑的，还得跟三个陪跑，赶上富家子弟了[偷笑R],2026.04.19,新疆,1.0,0.0,29,强势|服务者,强势,服务者,3,强势成功,29
69e481e8000000002003ad94,"

",,,1,69e4a632000000001401882a,,5edf7da500000000010006fe,一个人跑后面三个陪跑[doge],2026.04.19,上海,1.0,0.0,16,强势|服务者,强势,服务者,3,强势成功,29
69e45dbe000000001f00434f,"机器人跑马拉松超越人类？

",4650.0,773.0,1,69e5f9c6000000001401cc23,,5e37b4030000000001004ca8,旁边还有陪跑的群众吗？[笑哭R],2026.04.20,天津,1.0,3.0,16,强势|观众,强势,观众,2,强势成功,29
69e46730000000001d0199c8,"

",,761.0,1,69e4bb08000000001401c028,,5dbead2d00000000010012d9,一家的三个，我感觉我跑步的时候和他们一样死出,2026.04.19,河北,1.0,0.0,22,强势|观众,强势,观众,5,强势成功,29
69da7e87000000001a03484e,"今晚的亦庄机器人马拉松测试

",,8169.0,2,69dc71f300000000010075fb,69da9a3500000000010073ef,55e8523358944619023ab91d,所以是你俩谁先到的？,2026.04.13,天津,1.0,,10,强势|观众,强势,观众,2,强势成功,29
69da7e87000000001a03484e,"今晚的亦庄机器人马拉松测试

",,8169.0,2,69dafc670000000015001a6f,69dafb65000000001500583a,5ff6cfea0000000001008520,依旧人类跟跑员，但是基普乔格,2026.04.12,北京,1.0,,14,强势|观众,强势,观众,5,强势成功,29
69da7e87000000001a03484e,"今晚的亦庄机器人马拉松测试

",,8169.0,1,69db9178000000000202a6e0,,54c62b2ae7798957ac1cdcca,能背着我跑马拉松吗,2026.04.12,浙江,0.0,0.0,9,强势|观众,强势,观众,2,强势成功,29
69da7e87000000001a03484e,"今晚的亦庄机器人马拉松测试

",,8169.0,1,69db50ce000000000d0371c3,,67c0167e000000000e01e116,他们能跑着跑着突然转弯或者调头吗？,2026.04.12,韩国,0.0,0.0,17,强势|观众,强势,观众,4,强势成功,29
69da7e87000000001a03484e,"今晚的亦庄机器人马拉松测试

",,8169.0,1,69db386200000000150033da,,57634ff682ec390e5c81c907,那他们跑起来一定要这么阿ji阿za吗,2026.04.12,福建,0.0,0.0,18,强势|观众,强势,观众,4,强势成功,29
69da7e87000000001a03484e,"今晚的亦庄机器人马拉松测试

",,8169.0,1,69db3761000000000c033e95,,69a020db0000000021020f8d,刘能是不是就这么跑的,2026.04.12,北京,0.0,0.0,10,强势|观众,强势,观众,2,强势成功,29
69da7e87000000001a03484e,"今晚的亦庄机器人马拉松测试

",,8169.0,1,69db1bcc0000000015005f9d,,5be2a7d52a682d0001fdb653,我想看人在后面跟跑的[微笑R],2026.04.12,新疆,0.0,0.0,15,强势|观众,强势,观众,2,强势成功,29
69da7e87000000001a03484e,"今晚的亦庄机器人马拉松测试

",,8169.0,1,69daedc40000000015008092,,5b6636968988dc000137ec7c,不能手脚一起跑么？,2026.04.12,北京,0.0,0.0,9,强势|观众,强势,观众,2,强势成功,29
69e42cc100000000220001ad,"机器人马拉松倒数第一名，萌翻了🤣🤣🤣

",,8501.0,1,69e61962000000001401e446,,612066be0000000001004ae2,那不得来个配音，一边跑一边哭？,2026.04.20,江苏,0.0,0.0,15,弱势|观众,弱势,观众,5,弱势,29
69e47f8f000000001f007203,"2026年机器人马拉松状态，五年后再看🤣

",,5834.0,2,69e4ea66000000001401882f,69e4e1f0000000001401a40f,6625bee500000000070076ad,我看着挺有意思的，这性感的金属小腿儿，跑的挺带劲儿,2026.04.19,河南,2636.0,,25,混合|观众,混合,观众,6,,30
69e6f2bc0000000023005345,"🍼机器人第一视角，好多人呀

",,687.0,2,69e7301f000000001401e82a,69e72510000000001401e404,660a7ad6000000000d024e22,好惨哈哈哈哈哈哈欺负腿短,2026.04.21,广东,27.0,,12,弱势|观众,弱势,观众,3,弱势,30
69e48341000000001a02d0c4,"机器人马拉松，我们看乐了，西方人看破防了🤣

",3931.0,1022.0,1,69e48616000000001401cc00,,5e8e9f920000000001002128,那俩小的长两个角是为了凑身高的吧,2026.04.19,广东,22.0,7.0,16,强势|观众,强势,观众,5,强势成功,30
69e47f8f000000001f007203,"2026年机器人马拉松状态，五年后再看🤣

",,5834.0,2,69e64b78000000001401d42c,69e60d1b0000000014019808,5f3657a5000000000101eb59,脖子以下全是腿[扶墙R],2026.04.20,广东,12.0,,12,混合|观众,混合,观众,3,,30
69e44171000000001a026b25,"机器人马拉松比赛摔倒丝滑起身帅炸了🔥🔥

",9971.0,613.0,2,69e4690c000000001401c00d,69e45ec9000000001401d41a,5b3ef77a11be1075986d3825,哈哈哈哈哈，难道也是……梨形身材[偷笑R],2026.04.19,黑龙江,12.0,,21,混合|观众,混合,观众,3,,30
69e42cc100000000220001ad,"机器人马拉松倒数第一名，萌翻了🤣🤣🤣

",,8501.0,1,69e5121c000000001401bc0a,,5b57e0b64eacab78d74ae0b9,欺负小孩，孩子输在了腿短哈哈哈哈哈哈,2026.04.20,江苏,11.0,2.0,18,弱势|观众,弱势,观众,4,弱势,30
69e42cc100000000220001ad,"机器人马拉松倒数第一名，萌翻了🤣🤣🤣

",,8501.0,1,69e44162000000001401e801,,68db1309000000003702f26b,输在腿短吗[捂脸R],2026.04.19,北京,5.0,1.0,10,弱势|观众,弱势,观众,2,弱势,30
69e48d54000000002102e178,"😭亦庄机器人半马最感人一幕

",,1589.0,2,69e570cd000000001401b812,69e4c22d000000001401d41d,5f16fb44000000000101c3a0,小短腿捣拾的可快了[偷笑R],2026.04.20,河南,4.0,,14,弱势|保护者,弱势,保护者,3,弱势,30
69e42cc100000000220001ad,"机器人马拉松倒数第一名，萌翻了🤣🤣🤣

",,8501.0,1,69e55235000000001401d401,,5b29bc6711be1038b0bb9fa5,小短腿拼命倒腾 都没空喝口奶了[偷笑R],2026.04.20,内蒙古,3.0,0.0,20,弱势|观众,弱势,观众,5,弱势,30
69e4551e000000001f005895,"荣耀机器人赢麻了🤖我觉得它表情在嘲讽我

",,816.0,1,69e492d0000000001401e80a,,5e941d95000000000100301d,手好短，疯狂的霸王龙,2026.04.19,中国香港,2.0,1.0,10,强势|被超越者,强势,被超越者,3,强势成功,30
69e4426b000000001d01c7ed,"一个大的一个小的一个废的

",,7334.0,1,69e45fb4000000001401d82d,,5dd42adc0000000001003974,小的那只倒腾的还挺快,2026.04.19,广东,2.0,0.0,10,混合|观众,混合,观众,2,,30
69e4426b000000001d01c7ed,"一个大的一个小的一个废的

",,7334.0,1,69e45be3000000001401942b,,5d86e608000000000100529b,小的虽然腿短但是一直在倒腾[大笑R],2026.04.19,北京,2.0,0.0,18,混合|观众,混合,观众,4,,30
69e47f8f000000001f007203,"2026年机器人马拉松状态，五年后再看🤣

",,5834.0,1,69e72773000000001401e016,,67e37e6a000000000e01fb4e,小短腿好像都比较能跑[捂脸R],2026.04.21,广东,2.0,0.0,15,混合|观众,混合,观众,3,,30
69e4b08d000000001d01c1bc,"机器人马拉松参赛选手“进化速度这一块”

",,379.0,1,69e4cfec0000000014019404,,69a052c40000000021007a25,《脖子以下全是腿》[捂脸R][捂脸R],2026.04.19,河北,2.0,0.0,19,混合|观众,混合,观众,3,,30
69e4426b000000001d01c7ed,"一个大的一个小的一个废的

",,7334.0,1,69e45c27000000001401dc24,,56430b1d4476085b619416a1,你别说，这小的还挺稳[笑哭R],2026.04.19,安徽,1.0,0.0,15,混合|观众,混合,观众,2,,30
69da7e87000000001a03484e,"今晚的亦庄机器人马拉松测试

",,8169.0,1,69db2ba4000000000103dc33,,5b036a514eacab49db3f33bc,这个姿势感觉很瘦腿塑型[偷笑R],2026.04.12,山东,1.0,0.0,16,强势|观众,强势,观众,3,强势成功,30
69e42cc100000000220001ad,"机器人马拉松倒数第一名，萌翻了🤣🤣🤣

",,8501.0,1,69e4f57a000000001401bc0c,,6691e6bf0000000003033a29,小腿太细了，好怕摔跤啊！[大笑R],2026.04.19,河南,1.0,0.0,17,弱势|观众,弱势,观众,4,弱势,30
69e47f8f000000001f007203,"2026年机器人马拉松状态，五年后再看🤣

",,5834.0,1,69ea1264000000001401ac04,,5b6ed607cf0e0c00019361e0,小短腿好可爱,2026.04.23,湖北,1.0,0.0,6,混合|观众,混合,观众,2,,30
69e47f8f000000001f007203,"2026年机器人马拉松状态，五年后再看🤣

",,5834.0,1,69e6d229000000001401ac1d,,59005b3a6a6a696e9144ee60,啊哈哈哈哈哈有各种形状，有短腿的，有腿伸不直。有爱演的，有卖萌的，有活力四射的，有微活的，有死了的。,2026.04.21,广东,1.0,0.0,50,混合|观众,混合,观众,10,,30
69e6f2bc0000000023005345,"🍼机器人第一视角，好多人呀

",,687.0,1,69e73f8e000000001401bc2d,,57d9fbe76a6a695f62dfd648,别看它小，两小蛙腿倒的还挺快[捂脸R],2026.04.21,河北,1.0,0.0,19,弱势|观众,弱势,观众,4,弱势,30
69e634590000000022003bb5,"每个马拉松机器人，都有自己的热血故事。

",,824.0,1,69e82913000000001401c807,,659e9a620000000022001e23,右侧那个像是个罗圈腿似的,2026.04.22,上海,1.0,0.0,12,常态|观众,常态,观众,4,常态,30
69e42cc100000000220001ad,"机器人马拉松倒数第一名，萌翻了🤣🤣🤣

",,8501.0,2,69e57039000000001401d408,69e46ede000000001401dc33,5c5ed366000000001203ef9c,人家只是小腿细,2026.04.20,广东,1.0,,7,弱势|观众,弱势,观众,3,弱势,30
69e42cc100000000220001ad,"机器人马拉松倒数第一名，萌翻了🤣🤣🤣

",,8501.0,2,69e587a6000000001401c80b,69e5604b000000001401e801,584c18856a6a694202d39c9f,[捂脸R][捂脸R]腿短是硬伤,2026.04.20,广东,1.0,,15,弱势|观众,弱势,观众,2,弱势,30
69e42cc100000000220001ad,"机器人马拉松倒数第一名，萌翻了🤣🤣🤣

",,8501.0,2,69e6fbde0000000014018c1b,69e6ecb0000000001401ac23,6210826f000000001000e625,哦是这样，就是感觉这小短腿太不给力了[偷笑R],2026.04.21,黑龙江,1.0,,23,弱势|观众,弱势,观众,4,弱势,30
69e6f2bc0000000023005345,"🍼机器人第一视角，好多人呀

",,687.0,2,69e74fb3000000001401b003,69e72510000000001401e404,6205ddfa000000001000bf5b,哈哈哈哈哈！以後真的要參加未成年組了，腿太短了[笑哭R][笑哭R][笑哭R],2026.04.21,中国台湾,1.0,,38,弱势|观众,弱势,观众,5,弱势,30
69e4426b000000001d01c7ed,"一个大的一个小的一个废的

",,7334.0,1,69e463b7000000001401900b,,5d124699000000001601be66,小的腿短但是重心低。,2026.04.19,安徽,0.0,0.0,10,混合|观众,混合,观众,2,,30
69e4426b000000001d01c7ed,"一个大的一个小的一个废的

",,7334.0,1,69e462ef000000001401ac19,,58d6784a5e87e708e654e589,看起来还是小腿紧捯跑得快[赞R],2026.04.19,北京,0.0,0.0,16,混合|观众,混合,观众,3,,30
69e4426b000000001d01c7ed,"一个大的一个小的一个废的

",,7334.0,1,69e45dfd000000001401e824,,6693b1fc000000000d0276da,小不点挺稳的哈哈哈，体型小的优势,2026.04.19,江苏,0.0,0.0,16,混合|观众,混合,观众,4,,30
69e4426b000000001d01c7ed,"一个大的一个小的一个废的

",,7334.0,1,69e45b0c000000001401c832,,5b7e903882ea3d00018bc3a2,你别看我小，你别看我腿短！我最稳的往前冲啦[派对R],2026.04.19,北京,0.0,0.0,26,混合|观众,混合,观众,5,,30
69e4426b000000001d01c7ed,"一个大的一个小的一个废的

",,7334.0,1,69e46061000000001401dc3f,,65e1d061000000000d026e7a,你这么大个子还不如一个孩子,2026.04.19,浙江,0.0,0.0,13,混合|观众,混合,观众,3,,30
69e481e8000000002003ad94,"

",,,2,69e7252a000000001401d411,69e722d4000000001401e81f,63e731b60000000026012cca,是的f1没用,2026.04.21,山西,25.0,,6,强势|服务者,强势,服务者,2,强势成功,31
69e481e8000000002003ad94,"

",,,2,69e58cea000000001401e42d,69e5841a000000001401d81f,5e60ec2600000000010080e3,f1一个人开车几十个人服务[doge],2026.04.20,陕西,21.0,,19,强势|服务者,强势,服务者,6,强势成功,31
69e481e8000000002003ad94,"

",,,2,69e48c8b000000001401cc27,69e48b180000000014019c26,630068e7000000001200d609,赛车还要换轮胎加油,2026.04.19,江苏,10.0,,9,强势|服务者,强势,服务者,4,强势成功,31
69e481e8000000002003ad94,"

",,,1,69e48669000000001401a403,,5c6d55f5000000001001cf09,好像F1，车停下来，一帮工作人员赶紧上去，各司其职[大笑R],2026.04.19,北京,6.0,0.0,30,强势|服务者,强势,服务者,8,强势成功,31
69e481e8000000002003ad94,"

",,,2,69e5a512000000001401e40b,69e5a46d000000001401ac0c,64a80c01000000000a023b5a,没见过f1赛车吗，一个车几十个人服务你怎么不说,2026.04.20,吉林,4.0,,23,强势|服务者,强势,服务者,7,强势成功,31
69e481e8000000002003ad94,"

",,,2,69e724420000000014019c08,69e722d4000000001401e81f,618bb6740000000010009cd0,F1都得换胎，你在说什么[笑哭R]。,2026.04.21,四川,4.0,,18,强势|服务者,强势,服务者,2,强势成功,31
69e481e8000000002003ad94,"

",,,1,69e49741000000001401d413,,645886ad000000001f03039a,突然有种F1进站的既视感是怎么回事[捂脸R][捂脸R][捂脸R],2026.04.19,辽宁,3.0,0.0,32,强势|服务者,强势,服务者,7,强势成功,31
69e481e8000000002003ad94,"

",,,1,69e493f8000000001401c824,,5e1474af00000000010088e2,有种F1进站的感觉,2026.04.19,上海,3.0,0.0,9,强势|服务者,强势,服务者,3,强势成功,31
69e481e8000000002003ad94,"

",,,2,69e99467000000001401c435,69e8b041000000001401a406,643cf509000000000e01e7de,f1还上百个人服务一辆车呢,2026.04.23,江苏,3.0,,13,强势|服务者,强势,服务者,5,强势成功,31
69e481e8000000002003ad94,"

",,,1,69ea3f91000000001401dc23,,56497c4be00dd82ce54e7576,f1方程式赛人,2026.04.23,福建,2.0,0.0,7,强势|服务者,强势,服务者,3,强势成功,31
69e481e8000000002003ad94,"

",,,2,69e4967f000000001401c030,69e495aa0000000014019035,5c419fdf0000000006022e5b,F1赛车设计出来意义是什么？,2026.04.19,江苏,2.0,,14,强势|服务者,强势,服务者,4,强势成功,31
69e481e8000000002003ad94,"

",,,1,69e51b57000000001401cc04,,611387f9000000000100bfd5,法拉利：我看谁再说我慢[生气R],2026.04.20,广东,1.0,0.0,16,强势|服务者,强势,服务者,3,强势成功,31
69e481e8000000002003ad94,"

",,,1,69e4a94a000000001401c011,,66f69e13000000001d030ddd,法拉利进站了这是,2026.04.19,北京,1.0,0.0,8,强势|服务者,强势,服务者,2,强势成功,31
69e481e8000000002003ad94,"

",,,1,69e49f3b000000001401dc31,,63010a05000000001200fb18,有意思，像F1进站。,2026.04.19,北京,1.0,0.0,10,强势|服务者,强势,服务者,3,强势成功,31
69e481e8000000002003ad94,"

",,,1,69e48a64000000001401d804,,61629638000000000202690d,我看F1赛车都是几秒解决的,2026.04.19,海南,1.0,0.0,13,强势|服务者,强势,服务者,4,强势成功,31
69e481e8000000002003ad94,"

",,,1,69e4a766000000001401d41e,,6513f1b600000000230248b9,这速度，人家汽车轮胎换完都跑二里地了[doge],2026.04.19,湖北,1.0,0.0,24,强势|服务者,强势,服务者,4,强势成功,31
69e481e8000000002003ad94,"

",,,2,69e74861000000001401c025,69e7223d0000000014018c02,65315b9a000000000200f32b,有很多民用车技术是f1下放的。顶尖激进技术试验场。,2026.04.21,北京,1.0,,25,强势|服务者,强势,服务者,9,强势成功,31
69da7e87000000001a03484e,"今晚的亦庄机器人马拉松测试

",,8169.0,1,69db364a0000000016014a8c,,5a8d7febe8ac2b05268aa156,那要f1干啥,2026.04.12,上海,0.0,0.0,6,强势|观众,强势,观众,2,强势成功,31
69da7e87000000001a03484e,"今晚的亦庄机器人马拉松测试

",,8169.0,1,69daff69000000000d037644,,5ada99fadb2e602ceb5e71b7,跟F1追求极限速度一样,2026.04.12,陕西,0.0,0.0,11,强势|观众,强势,观众,4,强势成功,31
69e481e8000000002003ad94,"

",,,1,69e49eac000000001401bc26,,54434318d6e4a907f8abd809,这补给比F1还F1,2026.04.19,重庆,0.0,0.0,9,强势|服务者,强势,服务者,3,强势成功,31
69e481e8000000002003ad94,"

",,,1,69e49e12000000001401dc30,,65ea5329000000000500b307,F1换轮胎加油的[笑哭R],2026.04.19,北京,0.0,0.0,13,强势|服务者,强势,服务者,3,强势成功,31
69e481e8000000002003ad94,"

",,,1,69e49d35000000001401e01c,,65e74d8f000000000500b91f,好帅，有种F1的感觉。,2026.04.19,黑龙江,0.0,0.0,11,强势|服务者,强势,服务者,3,强势成功,31
69e481e8000000002003ad94,"

",,,1,69e49d14000000001401881a,,5cbc961200000000110029f3,维修站这不是f1的东西么 我觉得 这个项目有的搞,2026.04.19,英国,0.0,0.0,24,强势|服务者,强势,服务者,4,强势成功,31
69e481e8000000002003ad94,"

",,,1,69e49d04000000001401b80f,,5b7ad5e0ce2f9d0001869061,马拉松跑出f1的感觉,2026.04.19,广东,0.0,0.0,10,强势|服务者,强势,服务者,2,强势成功,31
69e481e8000000002003ad94,"

",,,1,69e49a71000000001401bc11,,5f4c3f000000000001000c2a,就这速度放F1里，大门都进不去[捂脸R][捂脸R],2026.04.19,山东,0.0,0.0,25,强势|服务者,强势,服务者,4,强势成功,31
69e481e8000000002003ad94,"

",,,1,69e499ab0000000014019009,,62fa3552000000000f007c3f,感覺F1更容易搗騰[笑哭R],2026.04.19,澳大利亚,0.0,0.0,14,强势|服务者,强势,服务者,4,强势成功,31
69e481e8000000002003ad94,"

",,,1,69e49973000000001401c002,,6431838e000000000e01fd72,跟f1差不多,2026.04.19,安徽,0.0,0.0,6,强势|服务者,强势,服务者,2,强势成功,31
69e481e8000000002003ad94,"

",,,1,69e4995d000000001401c008,,614cbbed0000000002025c5a,比f1进站看的还激动,2026.04.19,浙江,0.0,0.0,10,强势|服务者,强势,服务者,3,强势成功,31
69e481e8000000002003ad94,"

",,,1,69e4992c000000001401c01d,,60b104510000000001005c4b,新F1赛道,2026.04.19,浙江,0.0,0.0,5,强势|服务者,强势,服务者,2,强势成功,31
69e481e8000000002003ad94,"

",,,1,69e49902000000001401b01e,,61321f5b000000001f03fdbc,搞的和F1一样了,2026.04.19,江苏,0.0,0.0,8,强势|服务者,强势,服务者,2,强势成功,31
69da7e87000000001a03484e,"今晚的亦庄机器人马拉松测试

",,8169.0,1,69daf56d000000001601419c,,576457d06a6a695229d3dd8d,你知道夜里在亦庄看到这些玩意，独自训练的时候有多诡异吗？[哭惹R][哭惹R],2026.04.12,北京,2564.0,102.0,38,强势|观众,强势,观众,8,强势成功,32
69e4b08d000000001d01c1bc,"机器人马拉松参赛选手“进化速度这一块”

",,379.0,1,69e4d798000000001401e000,,55e1c92fc2bdeb54dab555a3,这尼玛太诡异了,2026.04.19,浙江,194.0,5.0,7,混合|观众,混合,观众,2,,32
69e429b4000000001b00037a,"张杰演唱会机器人来参加半马了？？

",,2026.0,1,69e45d13000000001401c807,,5cd806fb000000001203f087,只有我觉得这事很可怕吗。。。,2026.04.19,天津,39.0,33.0,14,常态|观众,常态,观众,3,常态,32
69e4b08d000000001d01c1bc,"机器人马拉松参赛选手“进化速度这一块”

",,379.0,2,69e4d5fe000000001401e41a,69e4d200000000001401d80b,5a5f325311be10163c8ac3d4,方便电话机传进中国的时候，人们也害怕，照相机还被说是摄魂的,2026.04.19,浙江,12.0,,29,混合|观众,混合,观众,8,,32
69e481e8000000002003ad94,"

",,,1,69e4a499000000001401dc1b,,5c1f5cf6000000000502942c,只有我看完感觉毛骨悚然么…真的起鸡皮疙瘩[扶额R][扶额R],2026.04.19,新西兰,11.0,18.0,30,强势|服务者,强势,服务者,5,强势成功,32
69e2583b00000000230211ea,"

",,2406.0,1,69e76984000000001401c01d,,62c70e8d000000000e00ff42,太血腥了能不能打个码,2026.04.21,安徽,2.0,0.0,10,失败|抢救者,失败,抢救者,2,失败,32
69e59e520000000022027a90,"花田里犯了错|机器人马拉松正赛搞笑赏析

",,2593.0,1,69e62bcb000000001401a01c,,5cec585c00000000120380d8,什么时候满街都是这玩意，也挺恐怖的。,2026.04.20,江苏,2.0,0.0,18,弱势|观众,弱势,观众,3,弱势,32
69e4b08d000000001d01c1bc,"机器人马拉松参赛选手“进化速度这一块”

",,379.0,2,69e5f334000000001401e811,69e4eb6f000000001401c424,5c2ebf83000000000703f2ac,这晚上遇到确实挺吓人的[捂脸R],2026.04.20,云南,2.0,,16,混合|观众,混合,观众,4,,32
69e4b08d000000001d01c1bc,"机器人马拉松参赛选手“进化速度这一块”

",,379.0,2,69e62341000000001401a82b,69e4eb6f000000001401c424,655b6cc6000000000403b1e1,我能理解没头，也能理解没脚，没身子是怎么想的啊[笑哭R][笑哭R],2026.04.20,江苏,2.0,,33,混合|观众,混合,观众,6,,32
69e41e24000000001a025f1a,"人形机器人半马摔倒瞬间🔥🔥

",1155.0,129.0,1,69e4a875000000001401b013,,64738157000000001c0292d2,这一惊一乍的真吓人[捂脸R],2026.04.19,上海,1.0,0.0,14,失败|观众,失败,观众,2,失败,32
69da7e87000000001a03484e,"今晚的亦庄机器人马拉松测试

",,8169.0,1,69dc127f000000003502d24d,,654470c8000000000200faad,这玩意大半夜在路上跑有点惊悚哈哈哈哈,2026.04.13,辽宁,1.0,0.0,18,强势|观众,强势,观众,4,强势成功,32
69da7e87000000001a03484e,"今晚的亦庄机器人马拉松测试

",,8169.0,1,69db9d7300000000350336cc,,5fdb64e00000000001002b9c,虽然有脑袋的很诡异 但是没脑袋那个明显更吓人[笑哭R],2026.04.12,天津,1.0,0.0,27,强势|观众,强势,观众,6,强势成功,32
69da7e87000000001a03484e,"今晚的亦庄机器人马拉松测试

",,8169.0,1,69db7af10000000035031738,,5586d98d3397db688b5f7f10,这玩意到时候要是满街跑感觉比火车要还吵,2026.04.12,卢森堡,1.0,0.0,19,强势|观众,强势,观众,6,强势成功,32
69e47f8f000000001f007203,"2026年机器人马拉松状态，五年后再看🤣

",,5834.0,1,69e6e1390000000014013004,,5b611b694eacab5e4b67c8a8,不行了，太诡异了,2026.04.21,山东,1.0,0.0,8,混合|观众,混合,观众,2,,32
69e47f8f000000001f007203,"2026年机器人马拉松状态，五年后再看🤣

",,5834.0,1,69e5524e000000001401c003,,68f1e5d00000000037002873,这事儿挺摇滚的,2026.04.20,北京,1.0,0.0,7,混合|观众,混合,观众,2,,32
69e40352000000002102fc75,"机器人马拉松现场第一视角看全部队伍

",,1160.0,1,69e48d7a000000001401d419,,5a65db8be8ac2b7c1aaf0410,感觉一地的吊死鬼,2026.04.19,安徽,1.0,0.0,8,常态|服务者,常态,服务者,2,常态,32
69e41e24000000001a025f1a,"人形机器人半马摔倒瞬间🔥🔥

",1155.0,129.0,2,69e45c95000000001401c831,69e43da1000000001401a404,5dc8d7d800000000010009cb,有那么一会有点害怕这玩意,2026.04.19,内蒙古,1.0,,12,失败|观众,失败,观众,3,失败,32
69da7e87000000001a03484e,"今晚的亦庄机器人马拉松测试

",,8169.0,2,69dc4a340000000015003bde,69dc31d90000000014009f97,695f5165000000000b03bf43,[捂脸R]这玩意儿 大半夜的跑 要是没有灯光不得把人吓个半亖啊,2026.04.13,广东,1.0,,31,强势|观众,强势,观众,6,强势成功,32
69e43b14000000001a02e095,"好萌的小黑仔跑马拉松

",,2760.0,2,69e5b9e3000000001401c816,69e5b239000000001401d41f,6384eaad000000001f01f0f2,小时候被这集吓哭了,2026.04.20,北京,1.0,,9,弱势|服务者,弱势,服务者,3,弱势,32
69e4426b000000001d01c7ed,"一个大的一个小的一个废的

",,7334.0,1,69e47618000000001401dc13,,60b61b480000000001005729,只有我觉得恐怖吗，毫无美感[笑哭R],2026.04.19,广西,0.0,0.0,18,混合|观众,混合,观众,4,,32
69e4426b000000001d01c7ed,"一个大的一个小的一个废的

",,7334.0,1,69e47446000000001401c447,,56a221fcaed75817664c6b30,为什么我看着这些玩意儿会有恶心的感觉？,2026.04.19,北京,0.0,0.0,19,混合|观众,混合,观众,5,,32
69e4426b000000001d01c7ed,"一个大的一个小的一个废的

",,7334.0,1,69e4681e000000001401a010,,5f1156ab0000000001005b1c,没人觉得这可怕么,2026.04.19,北京,0.0,0.0,8,混合|观众,混合,观众,2,,32
69e2583b00000000230211ea,"

",,2406.0,1,69e78475000000001401ac07,,60e9e27500000000010080d0,Tmd吓死我了[捂脸R],2026.04.21,澳大利亚,0.0,0.0,12,失败|抢救者,失败,抢救者,2,失败,32
69da7e87000000001a03484e,"今晚的亦庄机器人马拉松测试

",,8169.0,1,69dbb1ef000000000202a7cc,,6246dd030000000010008244,看起来有点诡异啊，说不上来的感觉,2026.04.12,陕西,0.0,0.0,16,强势|观众,强势,观众,3,强势成功,32
69da7e87000000001a03484e,"今晚的亦庄机器人马拉松测试

",,8169.0,1,69db7b2c0000000035029311,,5ba08d2359e60a000157a0c9,女生夜跑的羁绊？看着挺安全的呢,2026.04.12,上海,0.0,0.0,15,强势|观众,强势,观众,5,强势成功,32
69da7e87000000001a03484e,"今晚的亦庄机器人马拉松测试

",,8169.0,1,69db75170000000035026f9f,,5e3ff4790000000001004ed1,好诡异……知道吗……,2026.04.12,广东,0.0,0.0,10,强势|观众,强势,观众,2,强势成功,32
69da7e87000000001a03484e,"今晚的亦庄机器人马拉松测试

",,8169.0,1,69db72020000000035010451,,5eca6cf8000000000101c94e,大晚上看到这个东东在跑，还不被吓s[石化R],2026.04.12,广东,0.0,0.0,22,强势|观众,强势,观众,2,强势成功,32
69da7e87000000001a03484e,"今晚的亦庄机器人马拉松测试

",,8169.0,1,69db5bf1000000000100772f,,645202fc000000002a00a97d,"大半夜嚇死人, 一個外星生物高速走過",2026.04.12,中国香港,0.0,0.0,18,强势|观众,强势,观众,8,强势成功,32
69da7e87000000001a03484e,"今晚的亦庄机器人马拉松测试

",,8169.0,1,69db52b20000000035023aae,,6450edac0000000029013e15,没头的那个好吓人,2026.04.12,甘肃,0.0,0.0,8,强势|观众,强势,观众,2,强势成功,32
69da7e87000000001a03484e,"今晚的亦庄机器人马拉松测试

",,8169.0,1,69db4ef9000000003502be80,,5f128859000000000100775f,怎么有种诡异的好笑,2026.04.12,北京,0.0,0.0,9,强势|观众,强势,观众,3,强势成功,32
69e481e8000000002003ad94,"

",,,2,69e525a4000000001401c006,69e5166d0000000014019004,5bc9b7da98c35500012124a5,是冰淇淋，这个机器人叫李明，李明喜欢吃冰淇淋，有喜欢的食物会跑的更快。,2026.04.20,福建,29.0,,35,强势|服务者,强势,服务者,9,强势成功,33
69e43b14000000001a02e095,"好萌的小黑仔跑马拉松

",,2760.0,1,69e487ec000000001401c82c,,55fbd7c267bc657a4139418f,机器人：屁眼子凉飕飕耶,2026.04.19,广东,8.0,1.0,11,弱势|服务者,弱势,服务者,3,弱势,33
69e634590000000022003bb5,"每个马拉松机器人，都有自己的热血故事。

",,824.0,1,69e81635000000001401a404,,5720419284edcd0d51718dc3,给机器人喷的是什么东西？,2026.04.22,江苏,7.0,5.0,12,常态|观众,常态,观众,2,常态,33
69e481e8000000002003ad94,"

",,,1,69e5f836000000001401bc01,,645a3e08000000001f033a4f,我看的是换电池，润滑油，冰块降温，这种机器人想表达什么？这种机器人的意义是什么？摇摇领先吗？,2026.04.20,新加坡,6.0,14.0,46,强势|服务者,强势,服务者,10,强势成功,33
69e48b0b000000001a02578c,"北京马拉松机器人中暑了🥵

",3334.0,467.0,2,69eaace1000000001401e407,69ea3dc1000000001401c433,66f2c2bb000000000b031969,你看了比赛没有[抠鼻R]没有一个机器人不需要降温的，你知道跑多少公里吗[抠鼻R],2026.04.24,广西,6.0,,40,失败|服务者,失败,服务者,7,失败,33
69e634590000000022003bb5,"每个马拉松机器人，都有自己的热血故事。

",,824.0,1,69e6dbde000000001401ac1b,,5f25487a000000000100a025,这机器人的电机这么容易过热吗？,2026.04.21,浙江,5.0,5.0,15,常态|观众,常态,观众,4,常态,33
69e4551e000000001f005895,"荣耀机器人赢麻了🤖我觉得它表情在嘲讽我

",,816.0,2,69e4cd5d000000001401cc0e,69e490dd000000001401e423,572bfcb96a6a69781d7caded,宇树机器人没有针对散热进行优化，过热出现问题了,2026.04.19,北京,5.0,,23,强势|被超越者,强势,被超越者,9,强势成功,33
69e45dbe000000001f00434f,"机器人跑马拉松超越人类？

",4650.0,773.0,2,69e4e35b0000000014019401,69e4e1a8000000001401dc1a,5ea82e9700000000010093f0,只要电池够散热处理好，肯定没问题，机器人又不会累,2026.04.19,北京,5.0,,24,强势|观众,强势,观众,7,强势成功,33
69e634590000000022003bb5,"每个马拉松机器人，都有自己的热血故事。

",,824.0,2,69e9ae69000000001401ac0c,69e7bb820000000014019003,60838564000000000100365a,咱就是说 机器人大概也不想要抱抱了，更需要降降温[笑哭R],2026.04.23,上海,5.0,,29,常态|观众,常态,观众,7,常态,33
69e481e8000000002003ad94,"

",,,1,69e77d2c000000001401a419,,68f05f490000000032018b6e,机器人差点中暑[doge],2026.04.21,浙江,3.0,0.0,13,强势|服务者,强势,服务者,3,强势成功,33
69e43b14000000001a02e095,"好萌的小黑仔跑马拉松

",,2760.0,1,69e44de2000000001401a009,,66dfafd5000000001d022758,小的机器人，没做液冷，应该散热不行,2026.04.19,广东,3.0,0.0,17,弱势|服务者,弱势,服务者,4,弱势,33
69e43b14000000001a02e095,"好萌的小黑仔跑马拉松

",,2760.0,2,69e472b1000000001401cc1b,69e46e08000000001401c033,65d3f8f0000000000401edc2,感觉机器人来救人会变成烧烤，它在高温下会很烫的吧[笑哭R],2026.04.19,江苏,3.0,,29,弱势|服务者,弱势,服务者,6,弱势,33
69da7e87000000001a03484e,"今晚的亦庄机器人马拉松测试

",,8169.0,1,69db61c7000000001500999d,,5a262a394eacab55c76ed0ef,我咋仿佛听见了机器人的喘息[黑薯问号R],2026.04.12,北京,2.0,0.0,20,强势|观众,强势,观众,4,强势成功,33
69e481e8000000002003ad94,"

",,,1,69e4a4de0000000014019c17,,640abf39000000002a0092d1,要浪费几个人工成本还要降温和陪跑。几个真人伺候一台机器人[doge][doge][doge][doge],2026.04.19,广东,2.0,0.0,52,强势|服务者,强势,服务者,10,强势成功,33
69e43b14000000001a02e095,"好萌的小黑仔跑马拉松

",,2760.0,1,69e472750000000014019c1d,,63b7852f0000000026010904,看到了吧，机器人热了自动停止工作，人不能。,2026.04.19,广东,2.0,0.0,21,弱势|服务者,弱势,服务者,5,弱势,33
69e47f8f000000001f007203,"2026年机器人马拉松状态，五年后再看🤣

",,5834.0,1,69e65a1a000000001401d404,,63f5836e000000001001d1e8,看到有二个机器人中暑了[捂脸R],2026.04.21,广东,1.0,0.0,16,混合|观众,混合,观众,3,,33
69e481e8000000002003ad94,"

",,,1,69e49c68000000001401e016,,5bafd751f97905000126fa51,保温瓶掏出来的时候我还在想“机器人也要喝枸杞水？”[笑哭R][笑哭R],2026.04.19,重庆,1.0,0.0,35,强势|服务者,强势,服务者,4,强势成功,33
69e481e8000000002003ad94,"

",,,1,69e7193c000000001401e017,,6532c862000000002a02af69,机器人长了高温蛋蛋！？,2026.04.21,美国,1.0,0.0,11,强势|服务者,强势,服务者,3,强势成功,33
69e481e8000000002003ad94,"

",,,1,69e63f16000000001401a426,,636ba0c2000000001f01ee88,给马达降温还换电池[笑哭R]机器人帮人工作的时间任重而道远啊,2026.04.20,新加坡,1.0,0.0,30,强势|服务者,强势,服务者,8,强势成功,33
69e481e8000000002003ad94,"

",,,1,69e5f182000000001401e40c,,60a112b30000000001002bde,这机器人怎么在放屁呢,2026.04.20,广东,1.0,0.0,10,强势|服务者,强势,服务者,2,强势成功,33
69e481e8000000002003ad94,"

",,,1,69e50d300000000014018c0b,,65f3b9560000000005008c6a,机器人跑时间长了裆部也热哈！[笑哭R][笑哭R],2026.04.20,美国,1.0,0.0,24,强势|服务者,强势,服务者,4,强势成功,33
69e43b14000000001a02e095,"好萌的小黑仔跑马拉松

",,2760.0,1,69e48e83000000001401981c,,68403961000000001b0228cf,有没有可能 就是机器人在运动过程中走路，他各个关节都会发热 他如果突然停下来，就是有可能他自主或者操控他的人意识到了关节过度发热，过度发热是会坏掉的 然后就突然停下来应该工作人员喷的是一种类似降温的喷雾 降一下温应该就可以继续跑了  机器人关节过热是会坏掉的,2026.04.19,陕西,1.0,0.0,129,弱势|服务者,弱势,服务者,34,弱势,33
69e43b14000000001a02e095,"好萌的小黑仔跑马拉松

",,2760.0,1,69e47f13000000001401dc0f,,61d368270000000010005d83,原来机器人最高的体温也在裆下,2026.04.19,重庆,1.0,0.0,14,弱势|服务者,弱势,服务者,4,弱势,33
69e43b14000000001a02e095,"好萌的小黑仔跑马拉松

",,2760.0,1,69e45dff000000001401b801,,6333d3e3000000002303f92b,小机器人：我的盆骨好凉哦！,2026.04.19,重庆,1.0,0.0,13,弱势|服务者,弱势,服务者,2,弱势,33
69e43b14000000001a02e095,"好萌的小黑仔跑马拉松

",,2760.0,1,69e45772000000001401cc04,,6094f8d800000000010032c0,今天看到很多机器人都需要开始或者半路喷降温喷雾冷却电机，我想明年是不是可以学马拉松补给站那样，让机器人自己进去补给站拿降温喷雾自主降温。,2026.04.19,广东,1.0,0.0,68,弱势|服务者,弱势,服务者,23,弱势,33
69da7e87000000001a03484e,"今晚的亦庄机器人马拉松测试

",,8169.0,2,69dc6638000000000103e443,69db30220000000016016d90,62809096000000002102a89f,被黑客控制就够喝一壶了[偷笑R],2026.04.13,广西,1.0,,16,强势|观众,强势,观众,4,强势成功,33
69e4426b000000001d01c7ed,"一个大的一个小的一个废的

",,7334.0,1,69e478e2000000001401e017,,5c9b1677000000001203d19f,机器人的屁股这么尖,2026.04.19,浙江,0.0,0.0,9,混合|观众,混合,观众,2,,33
69e2583b00000000230211ea,"

",,2406.0,1,69ea2b89000000001401e803,,60d99a2f0000000001000a96,没有温度的机器人,2026.04.23,安徽,0.0,0.0,8,失败|抢救者,失败,抢救者,2,失败,33
69e42cc100000000220001ad,"机器人马拉松倒数第一名，萌翻了🤣🤣🤣

",,8501.0,1,69e5352b000000001401e801,,5bcdb595f2a6c500018933f0,小屁机器人,2026.04.20,贵州,0.0,0.0,5,弱势|观众,弱势,观众,2,弱势,33
69e481e8000000002003ad94,"

",,,1,69e49edd000000001401d811,,590be5346a6a6924bda2634f,这机器人烧冰的,2026.04.19,北京,0.0,0.0,7,强势|服务者,强势,服务者,2,强势成功,33
69e48b0b000000001a02578c,"北京马拉松机器人中暑了🥵

",3334.0,467.0,1,69ec4624000000002702b4b1,,5d9bc91c000000000100884f,看来温度没那么容易解决,2026.04.25,广东,55.0,0.0,11,失败|服务者,失败,服务者,4,失败,34
69e4551e000000001f005895,"荣耀机器人赢麻了🤖我觉得它表情在嘲讽我

",,816.0,2,69e49c21000000001401b828,69e48d160000000014018c1b,61b02fd200000000100072b7,会自焚的降温跟不上的话[捂脸R],2026.04.19,山东,46.0,,16,强势|被超越者,强势,被超越者,4,强势成功,34
69e634590000000022003bb5,"每个马拉松机器人，都有自己的热血故事。

",,824.0,2,69e83831000000001401c017,69e7bb820000000014019003,5e8d92800000000001009d36,可能有点烫吧[笑哭R]，百十来度呢,2026.04.22,内蒙古,28.0,,17,常态|观众,常态,观众,2,常态,34
69e48b0b000000001a02578c,"北京马拉松机器人中暑了🥵

",3334.0,467.0,2,69ea3f340000000014013803,69ea3dc1000000001401c433,5f37c44b000000000101ca06,时间一长，什么不需要额外降温,2026.04.23,广东,25.0,,14,失败|服务者,失败,服务者,5,失败,34
69e481e8000000002003ad94,"

",,,2,69e48a17000000001401a01b,69e487f9000000001401e425,5fff9001000000000100917d,在哪里发热需要降温人家工程师能不比你知道吗[汗颜R][汗颜R][汗颜R][汗颜R],2026.04.19,江苏,18.0,,41,强势|服务者,强势,服务者,7,强势成功,34
69e40352000000002102fc75,"机器人马拉松现场第一视角看全部队伍

",,1160.0,2,69e436d7000000001401c430,69e4321e000000001401a01a,5ffe9c610000000001002cba,这么说应该是这儿凉快所以这儿呆着哈哈哈,2026.04.19,四川,9.0,,19,常态|服务者,常态,服务者,3,常态,34
69e43b14000000001a02e095,"好萌的小黑仔跑马拉松

",,2760.0,1,69e4428e000000001401b832,,57394ea4aed7587ff379db63,穿条冰丝内裤，会不会就不用人工降温了[笑哭R],2026.04.19,河北,6.0,0.0,23,弱势|服务者,弱势,服务者,6,弱势,34
69e481e8000000002003ad94,"

",,,2,69e4a8920000000014019c24,69e4a499000000001401dc1b,5b7296166b58b77872b5824b,可能是大辟谷效应,2026.04.19,四川,5.0,,8,强势|服务者,强势,服务者,2,强势成功,34
69e6f2bc0000000023005345,"🍼机器人第一视角，好多人呀

",,687.0,1,69e73a7c000000001401e007,,6593c894000000002001eb7a,这个小家伙比较智能。高温了马上蹲下。工作人员就知道了。。比大家伙强。大家伙高温了直接躺平[笑哭R][笑哭R][笑哭R],2026.04.21,四川,2.0,0.0,59,弱势|观众,弱势,观众,12,弱势,34
69e48b0b000000001a02578c,"北京马拉松机器人中暑了🥵

",3334.0,467.0,2,69ead42b000000001401dc28,69ea3dc1000000001401c433,63fcd32a000000001f032abd,骑电驴不需要降温,2026.04.24,北京,2.0,,8,失败|服务者,失败,服务者,3,失败,34
69e481e8000000002003ad94,"

",,,1,69e4986a000000001401d82e,,69211eb70000000032026c0b,降温是世纪难题啊[偷笑R],2026.04.19,江苏,1.0,0.0,13,强势|服务者,强势,服务者,3,强势成功,34
69e481e8000000002003ad94,"

",,,1,69e5a9cc0000000014018c22,,6864c7cb000000001b0225f7,现在觉得人类的流汗降温机制太绝了,2026.04.20,重庆,1.0,0.0,16,强势|服务者,强势,服务者,5,强势成功,34
69e481e8000000002003ad94,"

",,,1,69e585aa000000001401bc29,,5a265c9d11be10681479c074,这个降温法，真是朴实无华[笑哭R],2026.04.20,内蒙古,1.0,0.0,17,强势|服务者,强势,服务者,3,强势成功,34
69e481e8000000002003ad94,"

",,,1,69e4a911000000001401c821,,5871b8c282ec392fe0767a67,你这样对胯疯狂降温是会宫寒的[暗中观察R],2026.04.19,云南,1.0,0.0,21,强势|服务者,强势,服务者,4,强势成功,34
69e43b14000000001a02e095,"好萌的小黑仔跑马拉松

",,2760.0,1,69e476b80000000014018c03,,66e92612000000001d023eeb,小PP太热[偷笑R],2026.04.19,上海,1.0,1.0,10,弱势|服务者,弱势,服务者,2,弱势,34
69e43b14000000001a02e095,"好萌的小黑仔跑马拉松

",,2760.0,1,69e45fb8000000001401980a,,560fea3433f60c4f9fe1e16e,快来降个温,2026.04.19,河北,1.0,0.0,5,弱势|服务者,弱势,服务者,2,弱势,34
69e43b14000000001a02e095,"好萌的小黑仔跑马拉松

",,2760.0,1,69e44d77000000001401bc17,,5cc88e5b0000000011021e4e,笑死我了给ka降温,2026.04.19,上海,1.0,0.0,9,弱势|服务者,弱势,服务者,2,弱势,34
69e44278000000001a0217bb,"机器人超过我的瞬间

",6019.0,372.0,2,69e449b8000000001401e408,69e443c50000000014019c00,66ee4eb9000000001d032cd4,今天气温高,2026.04.19,北京,1.0,,5,强势|被超越者,强势,被超越者,2,强势成功,34
69e481e8000000002003ad94,"

",,,2,69e89048000000001401c814,69e4853b000000001401b022,5d4b9d12000000001001a521,肯定是降温的,2026.04.22,天津,1.0,,6,强势|服务者,强势,服务者,2,强势成功,34
69e59e520000000022027a90,"花田里犯了错|机器人马拉松正赛搞笑赏析

",,2593.0,2,69e7105c000000001401dc09,69e70ee9000000001401c02f,5dc813ec0000000001002537,还有发热情况吧,2026.04.21,河南,1.0,,7,弱势|观众,弱势,观众,2,弱势,34
69da7e87000000001a03484e,"今晚的亦庄机器人马拉松测试

",,8169.0,1,69db1b05000000000d03e01c,,5a7061ed4eacab6922e69702,北京现在早晚凉，运动过后注意擦汗补充电解质别感冒,2026.04.12,北京,0.0,0.0,24,强势|观众,强势,观众,9,强势成功,34
69da7e87000000001a03484e,"今晚的亦庄机器人马拉松测试

",,8169.0,1,69db0d920000000002035e06,,642eb4810000000012013d63,这得跑出积液啊,2026.04.12,江苏,0.0,0.0,7,强势|观众,强势,观众,2,强势成功,34
69e481e8000000002003ad94,"

",,,1,69e49e68000000001401c00b,,6982fb79000000002102102c,春代发热？？,2026.04.19,广东,0.0,0.0,6,强势|服务者,强势,服务者,2,强势成功,34
69e481e8000000002003ad94,"

",,,1,69e49e04000000001401d424,,57551c1d6a6a693a063df6fc,还得如此朴素的方式降温[doge],2026.04.19,天津,0.0,0.0,17,强势|服务者,强势,服务者,4,强势成功,34
69e481e8000000002003ad94,"

",,,1,69e49d86000000002b028138,,5de68d2600000000010089b3,真是物理降温,2026.04.19,新加坡,0.0,0.0,6,强势|服务者,强势,服务者,3,强势成功,34
69e481e8000000002003ad94,"

",,,1,69e49d09000000001401d438,,609f82030000000001004ffb,快速降温,2026.04.19,山东,0.0,0.0,4,强势|服务者,强势,服务者,2,强势成功,34
69e481e8000000002003ad94,"

",,,1,69e49c590000000014019814,,61015c77000000000100a571,这么差劲吗  还要降温[笑哭R],2026.04.19,广东,0.0,0.0,16,强势|服务者,强势,服务者,3,强势成功,34
69e481e8000000002003ad94,"

",,,1,69e49adb000000001401a405,,5cf73f960000000016038dae,🐔🐔上特别热，多喷点花露水,2026.04.19,浙江,0.0,0.0,13,强势|服务者,强势,服务者,3,强势成功,34
69e481e8000000002003ad94,"

",,,1,69e49ac5000000001401bc2e,,642af6b30000000012012357,哈哈，降温都没解决[偷笑R],2026.04.19,四川,0.0,1.0,14,强势|服务者,强势,服务者,2,强势成功,34
69e481e8000000002003ad94,"

",,,1,69e498fb000000001401d438,,5b13619b6b58b75a5a3fafa3,p800还要降温[捂脸R],2026.04.19,北京,0.0,0.0,13,强势|服务者,强势,服务者,3,强势成功,34
69e481e8000000002003ad94,"

",,,2,69e4916c0000000014018c09,69e490ae000000001401d42a,5a3cea154eacab600209420b,为以后做准备，复杂地形，废墟，山地，城市，你懂的[偷笑R]。之后还会有多足机器人，那玩意可就吓人了,2026.04.19,上海,8904.0,,49,强势|服务者,强势,服务者,12,强势成功,35
69e634590000000022003bb5,"每个马拉松机器人，都有自己的热血故事。

",,824.0,1,69e7007f000000001401e81f,,65d1d038000000000401e1ce,看看这个世界，很多地方在打仗，而咱们在搞机器人半马[自拍R][赞R],2026.04.21,北京,878.0,9.0,34,常态|观众,常态,观众,8,常态,35
69e47f8f000000001f007203,"2026年机器人马拉松状态，五年后再看🤣

",,5834.0,2,69e596f5000000001401c812,69e586020000000014019401,5cd00b0d0000000010011ca1,不是一开始就可以用机器人上战场的，这个过程需要各种实验,2026.04.20,广东,35.0,,27,混合|观众,混合,观众,7,,35
69e46730000000001d0199c8,"

",,761.0,2,69e74d82000000001401a800,69e748fd0000000014019805,6788f43c000000000e01346a,机器人佣人，战警兵，探索神秘宇宙，,2026.04.21,上海,17.0,,17,强势|观众,强势,观众,6,强势成功,35
69e481e8000000002003ad94,"

",,,1,69e6003e000000001401940d,,5fd0f54c0000000001009cc8,将来成功用到战场上，一个机器人就能扺100个人了！,2026.04.20,安徽,16.0,10.0,25,强势|服务者,强势,服务者,7,强势成功,35
69da7e87000000001a03484e,"今晚的亦庄机器人马拉松测试

",,8169.0,2,69db059f0000000001007cf0,69db04af000000000202912f,6019764c000000000100b90a,人型机器人的动作协调性需要复杂的算法实现。你这话等于说核弹有什么大不了的，大一点的炮仗罢了[微笑R],2026.04.12,广东,16.0,,50,强势|观众,强势,观众,15,强势成功,35
69e447d2000000001d01aa01,"当算法有了腿，程序员万万没想到……

",,2912.0,1,69e49876000000001401e40e,,64643637000000000c01b1d2,你有没有想过，这个成本几千块钱的机器人塞满了tnt，直接顶着火力往阵地上冲的感觉。,2026.04.19,湖北,13.0,6.0,41,强势|服务者,强势,服务者,10,强势成功,35
69e44278000000001a0217bb,"机器人超过我的瞬间

",6019.0,372.0,2,69e4894a000000001401ac24,69e480d7000000001401e02e,5ecfe82c0000000001003456,你可以想象一下，真正战场，一个机器人摔倒后碰到一群机器人，然后那群机器人应激乱开枪的场面[偷笑R],2026.04.19,天津,13.0,,49,强势|被超越者,强势,被超越者,14,强势成功,35
69e45dbe000000001f00434f,"机器人跑马拉松超越人类？

",4650.0,773.0,1,69e643d1000000001401bc27,,6414cec70000000012011df7,让这些机器人拿着一把真理向敌人阵地冲去，就问对面怕不怕？[哇R],2026.04.20,重庆,9.0,12.0,32,强势|观众,强势,观众,9,强势成功,35
69e44278000000001a0217bb,"机器人超过我的瞬间

",6019.0,372.0,2,69e48e06000000001401a822,69e480d7000000001401e02e,60102f9d0000000001000c95,可以想象，不过也可以想象它可以批量生产，可以在战场拆故障机器人的部件模块化替换，可以没有死亡恐惧和道德压力,2026.04.19,广东,8.0,,53,强势|被超越者,强势,被超越者,14,强势成功,35
69e481e8000000002003ad94,"

",,,2,69e5a90b000000001401cc17,69e4a4c50000000014018c1e,6664260c0000000007004ad9,你是说你准备顶着机器人上的高清摄像头、相控阵雷达和机枪，去近身割几根电线？[doge],2026.04.20,内蒙古,8.0,,43,强势|服务者,强势,服务者,10,强势成功,35
69da7e87000000001a03484e,"今晚的亦庄机器人马拉松测试

",,8169.0,2,69db13bc0000000001005ba5,69db12970000000035018b53,5c95f913000000001200ac03,星球大战的帝国军团,2026.04.12,福建,6.0,,9,强势|观众,强势,观众,3,强势成功,35
69e481e8000000002003ad94,"

",,,2,69e4a0e4000000001401940f,69e493ff000000001401941a,62387711000000001000a2de,嗯，万一有战争，你家出活人，我家出机器，火拼吧,2026.04.19,上海,5.0,,23,强势|服务者,强势,服务者,7,强势成功,35
69e45dbe000000001f00434f,"机器人跑马拉松超越人类？

",4650.0,773.0,2,69e53e0e0000000014019802,69e50619000000001401ac01,5ba8a707f2175f000199ffbf,以后真正打仗的时候是派这些机器人先上去而不是先派你上去做炮灰你就知道它们的作用了[doge],2026.04.20,广东,4.0,,46,强势|观众,强势,观众,10,强势成功,35
69e481e8000000002003ad94,"

",,,1,69e48794000000001401dc06,,680a3da7000000000e01f5b2,想想几万个机器人肩扛火箭炮，手持冲锋枪，抢滩登陆的样子[飞吻R],2026.04.19,山东,3.0,0.0,32,强势|服务者,强势,服务者,9,强势成功,35
69da7e87000000001a03484e,"今晚的亦庄机器人马拉松测试

",,8169.0,1,69dbbeac000000001500ba51,,613892e50000000002026074,陆军各集团军合成旅空降兵军合成旅海军陆战队合成旅都可以编成一个机器人营！,2026.04.12,浙江,2.0,0.0,36,强势|观众,强势,观众,10,强势成功,35
69da7e87000000001a03484e,"今晚的亦庄机器人马拉松测试

",,8169.0,2,69db168f0000000015002fe8,69db15d6000000003502d6a5,65e3059e00000000050083b2,消灭敌人用的是四足机器人[偷笑R],2026.04.12,上海,2.0,,17,强势|观众,强势,观众,4,强势成功,35
69e44278000000001a0217bb,"机器人超过我的瞬间

",6019.0,372.0,1,69e5a9a4000000001401c012,,678cd7e1000000000e0101c8,钢铁般的意志VS钢铁的意志,2026.04.20,浙江,1.0,0.0,13,强势|被超越者,强势,被超越者,6,强势成功,35
69da7e87000000001a03484e,"今晚的亦庄机器人马拉松测试

",,8169.0,1,69db170300000000150041b8,,5d37fa3e000000001600a1c0,所以，机器人消防员能实现。但是贵,2026.04.12,山西,1.0,0.0,16,强势|观众,强势,观众,3,强势成功,35
69da7e87000000001a03484e,"今晚的亦庄机器人马拉松测试

",,8169.0,1,69db0cc80000000015009d6f,,5befb4714b5cbd00010f2e7e,有机器人也挺好的，战场上就不用血肉之躯战斗了，就像那个环太平洋2那样最好，远程操控，又不用人类上场，又不用怕机器人有意识反了[doge],2026.04.12,广东,1.0,0.0,68,强势|观众,强势,观众,16,强势成功,35
69da7e87000000001a03484e,"今晚的亦庄机器人马拉松测试

",,8169.0,1,69db035e0000000035010ac5,,6095401b000000000101cdd1,在战场上一个不怕死的机器人拿把枪   站你面前你慌不慌,2026.04.12,江苏,1.0,0.0,27,强势|观众,强势,观众,5,强势成功,35
69da7e87000000001a03484e,"今晚的亦庄机器人马拉松测试

",,8169.0,1,69daed53000000000103e966,,5d3af6b7000000001100c8fd,想象一下战场上机器人抱着炸药包向你冲来的样子[石化R],2026.04.12,浙江,1.0,0.0,27,强势|观众,强势,观众,7,强势成功,35
69e481e8000000002003ad94,"

",,,1,69e4a7da000000001401d84f,,5f1d4fe00000000001007d40,后期让机器人上战场是最实在的,2026.04.19,浙江,1.0,1.0,14,强势|服务者,强势,服务者,4,强势成功,35
69e481e8000000002003ad94,"

",,,1,69e65e37000000001401d808,,5e8a953a000000000100bdfe,我在想这个以后会不会运用到战场⬆️，自杀式机器人[微笑R],2026.04.21,江苏,1.0,3.0,29,强势|服务者,强势,服务者,4,强势成功,35
69e481e8000000002003ad94,"

",,,1,69e6f456000000001401d81e,,5c3697ba000000000702eb32,如果这种机器人技术成熟了，千万这样的机器人拿起了武器冲锋，敌人看了会不会崩溃？,2026.04.21,河南,1.0,0.0,39,强势|服务者,强势,服务者,11,强势成功,35
69e481e8000000002003ad94,"

",,,1,69e63657000000001401a42e,,61aee8390000000010007f7b,我靠，这玩意一人背一把巴雷特，在战场上跑，一个机器人打一个坦克,2026.04.20,上海,1.0,0.0,31,强势|服务者,强势,服务者,7,强势成功,35
69e481e8000000002003ad94,"

",,,1,69e5a990000000001401c029,,5d28bd520000000010011943,这机器人如何上战场？[笑哭R],2026.04.20,陕西,1.0,0.0,15,强势|服务者,强势,服务者,3,强势成功,35
69e481e8000000002003ad94,"

",,,1,69e59d8a000000001401bc12,,5c05c98b6b58b74db255bf4a,想想以后战争，你躲在地形复杂的掩体里，坦克开不上来，飞机炸不到，然后有个人形机器人抱着炸弹流畅得像一名跑酷运动员一样像你冲过来，你怕不怕[汗颜R][汗颜R][汗颜R][汗颜R],2026.04.20,广东,1.0,0.0,88,强势|服务者,强势,服务者,19,强势成功,35
69e481e8000000002003ad94,"

",,,1,69e4a7c6000000001401a821,,6373b86f000000001f015d6d,想起以后的城市战，敌人分散躲在城市废墟里埋伏，突然看到远处飞来一堆无人机，地上还有一群机械狼，经过一阵鏖战终于顶过去之后，在烟雾中看到人型大喜，以为终于可以杀敌了，结果那个人形头上亮红灯了。,2026.04.19,广东,1.0,2.0,95,强势|服务者,强势,服务者,31,强势成功,35
69e481e8000000002003ad94,"

",,,1,69e4a7c5000000001401b824,,5dafc4d50000000001006a2b,大家畅想一下，未来战场当老美看到犹如电影复联2里犹如奥创大军般的机器人冲过来他们是什么感觉[斜眼R][斜眼R][斜眼R][斜眼R],2026.04.19,浙江,1.0,0.0,65,强势|服务者,强势,服务者,15,强势成功,35
69e46730000000001d0199c8,"

",,761.0,1,69e46b1c000000001401c433,,5ab5b34f11be10767aeeb06d,你解说的好棒 太逗了[偷笑R],2026.04.19,北京,1223.0,19.0,15,强势|观众,强势,观众,2,强势成功,36
69e46730000000001d0199c8,"

",,761.0,1,69e4db75000000001401c83d,,5fabf660000000000100a676,强烈要求主播下界要上去解说 更精彩,2026.04.19,福建,380.0,4.0,17,强势|观众,强势,观众,6,强势成功,36
69e46730000000001d0199c8,"

",,761.0,1,69e5043c0000000014019c02,,56f5fb37aed7582656b7a83b,你的解说好松弛,2026.04.20,新疆,40.0,1.0,7,强势|观众,强势,观众,2,强势成功,36
69df625d0000000021005c63,"“扶我起来，我还能再跑10公里”

",,9992.0,1,69df6fc70000000035010d0b,,600680fe000000000100913c,解说太逗了[大笑R],2026.04.15,北京,17.0,1.0,10,失败|观众,失败,观众,2,失败,36
69e46730000000001d0199c8,"

",,761.0,1,69e571650000000014019413,,62fcdd32000000001200d436,解说是鸟鸟老师吗？,2026.04.20,江苏,4.0,3.0,9,强势|观众,强势,观众,3,强势成功,36
69e46730000000001d0199c8,"

",,761.0,1,69e7aa7d0000000014018c00,,67d3f44b000000000e010726,本来就好笑，配你的解说更好笑，笑的我肚子疼,2026.04.22,北京,4.0,0.0,21,强势|观众,强势,观众,5,强势成功,36
69e46730000000001d0199c8,"

",,761.0,1,69e476d7000000001401e831,,653ef6650000000004009acc,看来大家公认这个解说不错。[doge],2026.04.19,北京,3.0,0.0,19,强势|观众,强势,观众,5,强势成功,36
69df625d0000000021005c63,"“扶我起来，我还能再跑10公里”

",,9992.0,1,69df9d800000000014009d4c,,58974a2c5e87e7690d713365,配乐一加更搞笑,2026.04.15,重庆,2.0,0.0,7,失败|观众,失败,观众,3,失败,36
69e46730000000001d0199c8,"

",,761.0,1,69e479ac000000001401c401,,5ef4c88200000000010008ee,NND，你太会解说了[笑哭R],2026.04.19,上海,2.0,0.0,15,强势|观众,强势,观众,3,强势成功,36
69e46730000000001d0199c8,"

",,761.0,1,69e70134000000001401d814,,67fda915000000000d008468,看了这么多解说，您是最专业的[私信R][赞R][红书R],2026.04.21,广东,2.0,0.0,28,强势|观众,强势,观众,2,强势成功,36
69e46730000000001d0199c8,"

",,761.0,1,69e52d7a000000001401bc00,,65e858d1000000000d026615,哈哈哈哈解说太幽默了[笑哭R][笑哭R][笑哭R]我喜欢草帽小可爱,2026.04.20,四川,2.0,0.0,33,强势|观众,强势,观众,5,强势成功,36
69e46730000000001d0199c8,"

",,761.0,1,69e4e0a1000000001401900a,,5990652e5e87e73d8eb899b2,感觉鸟鸟在解说,2026.04.19,天津,2.0,0.0,7,强势|观众,强势,观众,2,强势成功,36
69e46730000000001d0199c8,"

",,761.0,1,69e4c3d7000000001401b837,,5dc3947e0000000001002b65,加上你的解说就更好笑了[笑哭R],2026.04.19,浙江,2.0,0.0,16,强势|观众,强势,观众,3,强势成功,36
69e46730000000001d0199c8,"

",,761.0,1,69e4bf51000000001401b805,,67c15971000000000d009b79,你好有趣，你的解说也好有趣，有灵魂的美女[萌萌哒R],2026.04.19,北京,2.0,0.0,26,强势|观众,强势,观众,7,强势成功,36
69e59e520000000022027a90,"花田里犯了错|机器人马拉松正赛搞笑赏析

",,2593.0,1,69e61745000000001401d436,,6034a3760000000001000384,这个解说真的是笑死人了[笑哭R],2026.04.20,广东,2.0,0.0,16,弱势|观众,弱势,观众,3,弱势,36
69e2583b00000000230211ea,"

",,2406.0,2,69e46fe3000000001401b825,69e3bdb4000000001401d815,635513ac000000001901ece7,机器人：超级拆解,2026.04.19,浙江,2.0,,8,失败|抢救者,失败,抢救者,3,失败,36
69e46730000000001d0199c8,"

",,761.0,2,69e5838f000000001401a817,69e46b1c000000001401c433,623c0b56000000002102b1df,我也觉得 本来视频一般般 她一解说 就变味了[捂脸R][捂脸R][捂脸R][捂脸R]笑死我了,2026.04.20,内蒙古,2.0,,46,强势|观众,强势,观众,5,强势成功,36
69e4551e000000001f005895,"荣耀机器人赢麻了🤖我觉得它表情在嘲讽我

",,816.0,1,69e47e08000000001401bc23,,64e023be000000000100dc9f,主播还有礼貌,2026.04.19,北京,1.0,3.0,6,强势|被超越者,强势,被超越者,2,强势成功,36
69df625d0000000021005c63,"“扶我起来，我还能再跑10公里”

",,9992.0,1,69df99ce000000000103c0ac,,5bd87589b1c81800011fe99f,解说太带劲了[偷笑R],2026.04.15,北京,1.0,0.0,11,失败|观众,失败,观众,2,失败,36
69df625d0000000021005c63,"“扶我起来，我还能再跑10公里”

",,9992.0,1,69df8c83000000003502011a,,54e5d106e779890c54ac3af9,背景音乐和解说都很带感！！最搞笑就是那道红色闪电，，本以为会是全场黑马，哪里知道结局大反转[捂脸R][捂脸R][捂脸R],2026.04.15,湖北,1.0,0.0,60,失败|观众,失败,观众,14,失败,36
69df625d0000000021005c63,"“扶我起来，我还能再跑10公里”

",,9992.0,1,69df84e00000000016014d79,,5de066c700000000010008a9,解说超有趣[赞R],2026.04.15,上海,1.0,1.0,9,失败|观众,失败,观众,2,失败,36
69e46730000000001d0199c8,"

",,761.0,1,69e4a0e4000000001401c823,,5ffd5c9500000000010092d5,解说挺逗 美女也是有意思的姑娘,2026.04.19,河北,1.0,0.0,15,强势|观众,强势,观众,4,强势成功,36
69e46730000000001d0199c8,"

",,761.0,1,69e49fee000000001401e812,,62bc6257000000001501e53a,解说太逗了，看了三遍[大笑R],2026.04.19,北京,1.0,0.0,15,强势|观众,强势,观众,3,强势成功,36
69e46730000000001d0199c8,"

",,761.0,1,69e704a0000000001401ac09,,5e06fde90000000001005fcd,你的解说太可爱了哈哈哈哈……浑身肌无力的时候我笑出了声[笑哭R],2026.04.21,北京,1.0,0.0,32,强势|观众,强势,观众,4,强势成功,36
69e46730000000001d0199c8,"

",,761.0,1,69e6bc5c000000001401ac05,,624e469a000000001000d7a4,听你解说更想笑了哈哈哈哈哈,2026.04.21,美国,1.0,0.0,13,强势|观众,强势,观众,2,强势成功,36
69e46730000000001d0199c8,"

",,761.0,1,69e6563f000000001401b821,,5bedb4a88d18e100011acf94,解说不错[偷笑R],2026.04.21,浙江,1.0,0.0,9,强势|观众,强势,观众,2,强势成功,36
69e46730000000001d0199c8,"

",,761.0,1,69e5b630000000001401bc0a,,60c5a9b4000000002002fb68,每个都有解说哈哈哈哈,2026.04.20,山东,1.0,0.0,10,强势|观众,强势,观众,2,强势成功,36
69e46730000000001d0199c8,"

",,761.0,1,69e580b2000000001401d817,,5817fa0b82ec392dc31e8587,好家伙，你居然挨个解说点评了[笑哭R],2026.04.20,北京,1.0,0.0,19,强势|观众,强势,观众,5,强势成功,36
69e46730000000001d0199c8,"

",,761.0,1,69e56a00000000001401d809,,5db59b500000000001000da0,好可爱的解说,2026.04.20,新加坡,1.0,0.0,6,强势|观众,强势,观众,2,强势成功,36
69e46730000000001d0199c8,"

",,761.0,1,69e53b41000000001401e403,,667cf8fe0000000003033f60,你这个解说笑死了 这么小出来打工哈哈哈,2026.04.20,上海,1.0,0.0,19,强势|观众,强势,观众,2,强势成功,36
69e41e24000000001a025f1a,"人形机器人半马摔倒瞬间🔥🔥

",1155.0,129.0,1,69e4779b000000001401c823,,5c4c2e3700000000100190c3,机器人马拉松会不会影响真人跑者的成绩啊，感觉大家都忍不住看哈哈哈,2026.04.19,北京,188.0,5.0,32,失败|观众,失败,观众,7,失败,37
69e4551e000000001f005895,"荣耀机器人赢麻了🤖我觉得它表情在嘲讽我

",,816.0,1,69e49499000000001401b018,,5f7c53da00000000010060bb,左边人半马 右边机器人半马？,2026.04.19,韩国,51.0,4.0,14,强势|被超越者,强势,被超越者,6,强势成功,37
69e634590000000022003bb5,"每个马拉松机器人，都有自己的热血故事。

",,824.0,1,69e6b8b10000000014019404,,610c8b07000000000101dd2a,这何止是机器人的半马，这是中国的机器人，承载着中国工程师的意志跟思维冲向下一个关隘啊,2026.04.21,四川,35.0,0.0,42,常态|观众,常态,观众,12,常态,37
69e4b08d000000001d01c1bc,"机器人马拉松参赛选手“进化速度这一块”

",,379.0,2,69e4eba1000000001401c40b,69e4ea77000000001401c814,601ec5f2000000000101d728,哈哈哈，这个是专门给机器人办的马拉松啦！你可以再多了解一下，很多片段巨好笑,2026.04.19,广东,13.0,,37,混合|观众,混合,观众,9,,37
69e481e8000000002003ad94,"

",,,1,69e77320000000001401903b,,5c223e8f000000000501eae2,我看到这机器人马拉松，辅助的都是年轻人，就这点，很欣慰，原来不是所有的年轻人都想着摆烂，躺平，还是有人在努力创新[害羞R],2026.04.21,上海,12.0,2.0,61,强势|服务者,强势,服务者,14,强势成功,37
69e45dbe000000001f00434f,"机器人跑马拉松超越人类？

",4650.0,773.0,2,69e5fe4f000000001401a406,69e5f9c6000000001401cc23,6663f8fc0000000007004d30,马拉松分真人组和机器人组,2026.04.20,北京,10.0,,12,强势|观众,强势,观众,4,强势成功,37
69e43b14000000001a02e095,"好萌的小黑仔跑马拉松

",,2760.0,2,69e4ab6e000000001401cc44,69e4aaf80000000014019019,64c35069000000000e02650f,这机器人半马[笑哭R]让机器人跑马拉松的上啥车呀,2026.04.19,广东,8.0,,24,弱势|服务者,弱势,服务者,4,弱势,37
69e40352000000002102fc75,"机器人马拉松现场第一视角看全部队伍

",,1160.0,2,69e440c3000000001401dc05,69e43afc000000001401c033,622f20f00000000010005934,看春晚知道了机器人会武术，看马拉松知道了机器人跑得快，以后万一机器人要打我，我打又打不过，跑又跑不掉[doge],2026.04.19,新疆,7.0,,56,常态|服务者,常态,服务者,12,常态,37
69e481e8000000002003ad94,"

",,,1,69e4a0400000000014019400,,54e6c628e779893ba2d39ebc,机器人跑马拉松我没觉得什么，给机器人加油我笑了[偷笑R],2026.04.19,上海,6.0,5.0,28,强势|服务者,强势,服务者,4,强势成功,37
69e47f8f000000001f007203,"2026年机器人马拉松状态，五年后再看🤣

",,5834.0,2,69e5704a000000001401a00d,69e55d77000000001401bc0e,5cd6bab0000000001002a091,人马拉松和机器人马拉松同时进行,2026.04.20,天津,6.0,,15,混合|观众,混合,观众,5,,37
69da7e87000000001a03484e,"今晚的亦庄机器人马拉松测试

",,8169.0,1,69db37700000000001007246,,5a642b1f4eacab367211a086,哈哈哈哈哈哈哈哈去年考某体制，就让剪的机器人马拉松的片子，那会儿都是走两步躺下的，没想到一年后跑这么麻溜[大笑R],2026.04.12,北京,4.0,0.0,57,强势|观众,强势,观众,11,强势成功,37
69e481e8000000002003ad94,"

",,,1,69e4a8b2000000001401bc22,,5e75908b0000000001006c02,人伺候机器人跑马拉松[笑哭R],2026.04.19,安徽,4.0,0.0,15,强势|服务者,强势,服务者,4,强势成功,37
69e447d2000000001d01aa01,"当算法有了腿，程序员万万没想到……

",,2912.0,1,69e4aab8000000001401b015,,611e8964000000000101c724,这次机器人马拉松各种名场面，笑一天了[笑哭R],2026.04.19,广东,4.0,0.0,23,强势|服务者,强势,服务者,5,强势成功,37
69e4551e000000001f005895,"荣耀机器人赢麻了🤖我觉得它表情在嘲讽我

",,816.0,1,69e4898a000000001401b818,,5bc7160de3cfae00017344bd,和机器人一起跑马拉松太幸福了,2026.04.19,北京,3.0,1.0,14,强势|被超越者,强势,被超越者,4,强势成功,37
69da7e87000000001a03484e,"今晚的亦庄机器人马拉松测试

",,8169.0,1,69dafc14000000000c03279d,,6193d3e9000000001000bf91,以后我就租一个这样的机器人帮我跑马拉松，得到的奖归我。,2026.04.12,北京,3.0,3.0,27,强势|观众,强势,观众,4,强势成功,37
69e59e520000000022027a90,"花田里犯了错|机器人马拉松正赛搞笑赏析

",,2593.0,1,69e608e6000000001401c021,,65f5209f000000000500820a,在up主的解说下 这场机器人马拉松充满了趣味  未来AI：爷的来时路 你记住[暗中观察R],2026.04.20,山东,3.0,0.0,45,弱势|观众,弱势,观众,10,弱势,37
69e481e8000000002003ad94,"

",,,1,69e61a23000000001401c431,,6221f5ca0000000021024eff,[捂脸R]机器人马拉松，我想看机器人跳水[doge],2026.04.20,江苏,2.0,0.0,26,强势|服务者,强势,服务者,3,强势成功,37
69e481e8000000002003ad94,"

",,,1,69e595da000000001401c01b,,6254e6f10000000010004761,下一届马拉松能不能补给也让机器人来[doge],2026.04.20,北京,2.0,0.0,23,强势|服务者,强势,服务者,4,强势成功,37
69e4412a000000002103883f,"荣耀闪电队-齐天大圣夺冠！

",3517.0,445.0,1,69e480000000000014019420,,6111ca30000000002002cbae,一条马路分两半，一半给人跑马拉松一半给机器人[笑哭R]，哈哈哈哈哈哈,2026.04.19,江苏,2.0,0.0,34,强势|观众,强势,观众,8,强势成功,37
69e48b0b000000001a02578c,"北京马拉松机器人中暑了🥵

",3334.0,467.0,2,69ed8dd50000000028035b3b,69eae867000000001401e003,5f2cd9330000000001007d34,最近的北京马拉松60%的机器人是自主巡航跑完的[笑哭R],2026.04.26,江西,2.0,,28,失败|服务者,失败,服务者,7,失败,37
69da7e87000000001a03484e,"今晚的亦庄机器人马拉松测试

",,8169.0,1,69db54ff0000000015006d85,,5e58d03300000000010006c1,太好了，以后机器人可以代替人跑马拉松了[汗颜R],2026.04.12,德国,1.0,0.0,24,强势|观众,强势,观众,5,强势成功,37
69da7e87000000001a03484e,"今晚的亦庄机器人马拉松测试

",,8169.0,1,69db22e00000000035029f09,,565e591082ec39102b6a9653,咱就是说这机器人天天翻跟头马拉松的，到我老了能不能给我抄起来洗澡擦屁股,2026.04.12,北京,1.0,0.0,35,强势|观众,强势,观众,8,强势成功,37
69e43b14000000001a02e095,"好萌的小黑仔跑马拉松

",,2760.0,1,69e47a7e000000001401a80f,,584fdc986a6a695aabc9fd72,怎么天天有机器人出来跑马拉松 咱就是说发明这玩意儿出来就是干这个的吗 机器人：早知道烂厂里[黄金薯R],2026.04.19,广东,1.0,0.0,51,弱势|服务者,弱势,服务者,9,弱势,37
69e44171000000001a026b25,"机器人马拉松比赛摔倒丝滑起身帅炸了🔥🔥

",9971.0,613.0,1,69e4681b0000000014018829,,5aee76b2e8ac2b3edf849d77,有种云养娃的感觉哈哈，好喜欢看机器人马拉松[派对R],2026.04.19,北京,1.0,0.0,26,混合|观众,混合,观众,4,,37
69e59e520000000022027a90,"花田里犯了错|机器人马拉松正赛搞笑赏析

",,2593.0,1,69e65be0000000001401d80a,,5a16589d11be100b38fbb93c,邪恶的人类，居然让机器人去参加半马，累到机器人犯病,2026.04.21,北京,1.0,0.0,25,弱势|观众,弱势,观众,9,弱势,37
69e59e520000000022027a90,"花田里犯了错|机器人马拉松正赛搞笑赏析

",,2593.0,1,69e5e330000000001401cc21,,5b0e0a0a11be1016202db88f,看这个机器人马拉松好欢乐呀，好快乐呀。[偷笑R],2026.04.20,浙江,1.0,0.0,24,弱势|观众,弱势,观众,3,弱势,37
69e59e520000000022027a90,"花田里犯了错|机器人马拉松正赛搞笑赏析

",,2593.0,1,69e5df4c000000001401d81c,,5e7717950000000001002911,机器人半马赛道上良莠不齐呀！[大笑R][大笑R],2026.04.20,新疆,1.0,0.0,24,弱势|观众,弱势,观众,4,弱势,37
69da7e87000000001a03484e,"今晚的亦庄机器人马拉松测试

",,8169.0,2,69db402f0000000015002643,69db3d8b00000000150017e1,60f01cac00000000010179c2,？机器人跑鸡猫马拉松啊,2026.04.12,浙江,1.0,,11,强势|观众,强势,观众,2,强势成功,37
69e47f8f000000001f007203,"2026年机器人马拉松状态，五年后再看🤣

",,5834.0,2,69e86c0d000000001401c00b,69e55d77000000001401bc0e,603b2351000000000101da5c,我昨天看到机器人跑马拉松补给已经很震撼了…,2026.04.22,江苏,1.0,,21,混合|观众,混合,观众,5,,37
69e44278000000001a0217bb,"机器人超过我的瞬间

",6019.0,372.0,1,69e604fd000000001401ac24,,67432ac2000000001c018d66,机器人半马48min[捂脸R],2026.04.20,辽宁,0.0,0.0,15,强势|被超越者,强势,被超越者,3,强势成功,37
69e481e8000000002003ad94,"

",,,2,69e48cbe000000001401e83b,69e4853b000000001401b022,67cae98a000000000e011a3c,wd40这个机器人没有润滑，只能通过反复喷涂wd40防止干燥。,2026.04.19,黑龙江,14.0,,31,强势|服务者,强势,服务者,10,强势成功,38
69e43b14000000001a02e095,"好萌的小黑仔跑马拉松

",,2760.0,1,69e44fef0000000014019418,,60a2623f000000000100b155,"该不会是万能喷剂wd40
吧",2026.04.19,广东,5.0,4.0,14,弱势|服务者,弱势,服务者,3,弱势,38
69e43b14000000001a02e095,"好萌的小黑仔跑马拉松

",,2760.0,2,69e48809000000001401ac0c,69e46c98000000001401a80d,68fefc9900000000370329b8,wd40短时间有润滑作用,2026.04.19,北京,2.0,,12,弱势|服务者,弱势,服务者,4,弱势,38
69e481e8000000002003ad94,"

",,,1,69eaf01f000000001401b807,,61b843f90000000010004097,补点wd40[笑哭R],2026.04.24,浙江,1.0,0.0,11,强势|服务者,强势,服务者,2,强势成功,38
69e481e8000000002003ad94,"

",,,1,69e5c4300000000014019807,,661796c10000000003031f9b,wd40，机器人的杜蕾斯[doge],2026.04.20,新疆,1.0,0.0,18,强势|服务者,强势,服务者,3,强势成功,38
69e43b14000000001a02e095,"好萌的小黑仔跑马拉松

",,2760.0,1,69e482d0000000001401c429,,5e44e10f000000000100a93a,机器人的香水WD40,2026.04.19,山东,1.0,0.0,10,弱势|服务者,弱势,服务者,3,弱势,38
69e43b14000000001a02e095,"好萌的小黑仔跑马拉松

",,2760.0,1,69e442d3000000001401ac0f,,5eb2b79600000000010019fb,万能的wd-40[doge],2026.04.19,安徽,1.0,0.0,14,弱势|服务者,弱势,服务者,3,弱势,38
69e481e8000000002003ad94,"

",,,2,69e4a737000000001401c022,69e4a6c2000000001401dc38,6342ce33000000001802cdc0,wd40润滑剂吧,2026.04.19,上海,1.0,,8,强势|服务者,强势,服务者,2,强势成功,38
69e481e8000000002003ad94,"

",,,2,69e4a673000000001401c03f,69e4853b000000001401b022,686909ef000000001d02e2a4,很有可能 万能wd40 机器人界的阿司匹林,2026.04.19,日本,1.0,,21,强势|服务者,强势,服务者,4,强势成功,38
69e481e8000000002003ad94,"

",,,1,69e49d8a000000001401902a,,5b9527e7f7e8b9786710a75a,WD40 你的马拉松补给站,2026.04.19,上海,0.0,0.0,13,强势|服务者,强势,服务者,3,强势成功,38
69e481e8000000002003ad94,"

",,,1,69e49a06000000001401dc29,,5fba727d000000000100a754,我决定垄断WD40的产能[doge],2026.04.19,北京,0.0,0.0,18,强势|服务者,强势,服务者,4,强势成功,38
69e481e8000000002003ad94,"

",,,1,69e497740000000014019819,,5df781b5000000000100955f,喷点wd40润润,2026.04.19,广东,0.0,0.0,8,强势|服务者,强势,服务者,3,强势成功,38
69e481e8000000002003ad94,"

",,,1,69e4972f000000001401e433,,5dc8051100000000010017a6,上点WD40,2026.04.19,上海,0.0,0.0,6,强势|服务者,强势,服务者,2,强势成功,38
69e481e8000000002003ad94,"

",,,1,69e49640000000001401ac00,,5fdfce9d000000000101dd95,这样喷dw40，相当于髋关节打封闭了,2026.04.19,德国,0.0,0.0,18,强势|服务者,强势,服务者,5,强势成功,38
69e481e8000000002003ad94,"

",,,1,69e4962f000000001401bc31,,57bd79ed50c4b42e3042969a,wd40一顿喷[偷笑R],2026.04.19,辽宁,0.0,0.0,12,强势|服务者,强势,服务者,2,强势成功,38
69e481e8000000002003ad94,"

",,,1,69e495fa000000002b02699b,,5d9ec5cb0000000001008264,"我本人相信喷的是類似WD40,背包倒下去的是乾冰",2026.04.19,中国香港,0.0,0.0,24,强势|服务者,强势,服务者,7,强势成功,38
69e481e8000000002003ad94,"

",,,1,69e495c2000000001401e40e,,66e6f0d3000000001d022a45,wd40没绷住[捂脸R],2026.04.19,北京,0.0,0.0,12,强势|服务者,强势,服务者,2,强势成功,38
69e481e8000000002003ad94,"

",,,1,69e71caf000000001401980c,,589b27f85e87e719cfe1a5c1,惊现喷一切的WD40 ！,2026.04.21,北京,0.0,0.0,12,强势|服务者,强势,服务者,3,强势成功,38
69e481e8000000002003ad94,"

",,,1,69e6c00b000000001401b00c,,5d1af6be0000000016004dc1,男人的香水，wd40[偷笑R],2026.04.21,江苏,0.0,0.0,15,强势|服务者,强势,服务者,3,强势成功,38
69e481e8000000002003ad94,"

",,,1,69e63f65000000001401e40e,,6254c7d2000000001000cdd0,百公里两瓶wd40?[笑哭R],2026.04.20,四川,0.0,0.0,15,强势|服务者,强势,服务者,3,强势成功,38
69e481e8000000002003ad94,"

",,,1,69e62aff000000001401a81b,,67d15348000000000a03ea3c,喷的那个是不是wd40？[笑哭R],2026.04.20,吉林,0.0,0.0,17,强势|服务者,强势,服务者,2,强势成功,38
69e481e8000000002003ad94,"

",,,1,69e5fa160000000014019c24,,6316ec47000000000f007bf4,喷了好几罐WD40[doge],2026.04.20,河北,0.0,0.0,15,强势|服务者,强势,服务者,2,强势成功,38
69e481e8000000002003ad94,"

",,,1,69e591d5000000001401c41a,,626a59a80000000021021d70,[扯脸H]这种马拉松是不是会检测wd40,2026.04.20,福建,0.0,0.0,20,强势|服务者,强势,服务者,4,强势成功,38
69e481e8000000002003ad94,"

",,,1,69e582be000000001401dc0c,,60dddb93000000000101f655,WD40管够,2026.04.20,福建,0.0,0.0,6,强势|服务者,强势,服务者,2,强势成功,38
69e481e8000000002003ad94,"

",,,1,69e57f51000000002b037bb9,,61809b25000000000201930b,Wd-40,2026.04.20,加拿大,0.0,0.0,5,强势|服务者,强势,服务者,2,强势成功,38
69e481e8000000002003ad94,"

",,,1,69e57d67000000001401c806,,6020cd7d00000000010019a9,Wd 40润滑散热吧,2026.04.20,山东,0.0,0.0,10,强势|服务者,强势,服务者,4,强势成功,38
69e481e8000000002003ad94,"

",,,1,69e55bc0000000001401dc07,,60d2d672000000000100a767,喷的是WD-40吗[笑哭R],2026.04.20,江苏,0.0,0.0,14,强势|服务者,强势,服务者,2,强势成功,38
69e481e8000000002003ad94,"

",,,1,69e54ec6000000001401c801,,5f466dac000000000101d82a,喷的是不是WD-40？,2026.04.20,日本,0.0,0.0,11,强势|服务者,强势,服务者,3,强势成功,38
69e481e8000000002003ad94,"

",,,1,69e5492b000000001401cc00,,5b5eeef06b58b717c6c845f6,国产机器人会不会有一天被 wd40 卡脖子,2026.04.20,北京,0.0,0.0,21,强势|服务者,强势,服务者,5,强势成功,38
69e481e8000000002003ad94,"

",,,1,69e525d9000000001401d805,,5ffc86a9000000000101c4a9,wd40跟喷香水似的,2026.04.20,福建,0.0,0.0,10,强势|服务者,强势,服务者,3,强势成功,38
69e43b14000000001a02e095,"好萌的小黑仔跑马拉松

",,2760.0,1,69e444da000000001401a024,,57388a1a82ec392b66ac35d1,孩子跑着跑着还得喷点云南白药气雾剂[暗中观察R],2026.04.19,北京,420.0,17.0,24,弱势|服务者,弱势,服务者,4,弱势,39
69e481e8000000002003ad94,"

",,,2,69e48a26000000001401980f,69e4853b000000001401b022,6593daf8000000001f03a111,我以为是云南白药呢[暗中观察R],2026.04.19,北京,108.0,,16,强势|服务者,强势,服务者,2,强势成功,39
69e481e8000000002003ad94,"

",,,1,69e499be000000001401cc13,,6633906b000000000d024b9b,喷云南白药，灌能量胶？,2026.04.19,江西,11.0,4.0,11,强势|服务者,强势,服务者,2,强势成功,39
69e47f8f000000001f007203,"2026年机器人马拉松状态，五年后再看🤣

",,5834.0,2,69e5c131000000001401c816,69e4d76f000000001401c81e,60357e0700000000010036cb,我有次大腿抽筋了，就这样，要喷药[偷笑R],2026.04.20,内蒙古,7.0,,21,混合|观众,混合,观众,4,,39
69e634590000000022003bb5,"每个马拉松机器人，都有自己的热血故事。

",,824.0,2,69e7a39f0000000014019c09,69e6fadf000000001401d428,6359dc8c000000001802e383,借楼问一下这喷的是啥 云南白药吗,2026.04.22,浙江,5.0,,16,常态|观众,常态,观众,3,常态,39
69e43b14000000001a02e095,"好萌的小黑仔跑马拉松

",,2760.0,1,69e43d00000000001401bc1c,,6035f692000000000100b6a4,一般喷云南白药,2026.04.19,四川,4.0,0.0,7,弱势|服务者,弱势,服务者,2,弱势,39
69e481e8000000002003ad94,"

",,,1,69e49e4a000000001401b80f,,60900ff6000000000101f507,喷上云南白药了[笑哭R][笑哭R],2026.04.19,浙江,1.0,0.0,17,强势|服务者,强势,服务者,2,强势成功,39
69e481e8000000002003ad94,"

",,,1,69e4915c000000001401cc02,,5cfe18cb000000001600928a,补充的电解质，前面放的压缩饼干，喷的是云南白药。相信我，我专业。[偷笑R],2026.04.19,山东,1.0,0.0,37,强势|服务者,强势,服务者,7,强势成功,39
69e481e8000000002003ad94,"

",,,1,69e6343f000000001401a430,,65a269fb0000000022012341,六六六  还喷云南白药[doge]（抽）,2026.04.20,浙江,1.0,0.0,20,强势|服务者,强势,服务者,2,强势成功,39
69e481e8000000002003ad94,"

",,,1,69e4a78e0000000014019402,,648487d8000000002a034504,为什么还要喷云南白药[呃R],2026.04.19,浙江,1.0,1.0,14,强势|服务者,强势,服务者,3,强势成功,39
69e43b14000000001a02e095,"好萌的小黑仔跑马拉松

",,2760.0,1,69e47524000000001401b830,,5a7306364eacab133f3ba7d1,喷点云南白药 防止抽筋[棒R],2026.04.19,浙江,1.0,0.0,15,弱势|服务者,弱势,服务者,4,弱势,39
69e43b14000000001a02e095,"好萌的小黑仔跑马拉松

",,2760.0,1,69e474d7000000001401b002,,6884fc86000000001e00a150,喷的云南白药保险液吗[黄金薯R],2026.04.19,重庆,1.0,0.0,16,弱势|服务者,弱势,服务者,2,弱势,39
69e43b14000000001a02e095,"好萌的小黑仔跑马拉松

",,2760.0,1,69e46c53000000001401a82d,,603a018500000000010066ff,有关节炎？ 喷的云南白药？,2026.04.19,吉林,1.0,0.0,13,弱势|服务者,弱势,服务者,2,弱势,39
69e43b14000000001a02e095,"好萌的小黑仔跑马拉松

",,2760.0,1,69e463f7000000001401b82f,,5d18633400000000100177ea,胯骨轴儿喷云南白药啊？[坏笑R],2026.04.19,吉林,1.0,0.0,16,弱势|服务者,弱势,服务者,3,弱势,39
69e43b14000000001a02e095,"好萌的小黑仔跑马拉松

",,2760.0,1,69e45ab9000000001401900b,,6479758a000000001001cc50,医疗组上线，喷点云南白药，继续干,2026.04.19,上海,1.0,0.0,16,弱势|服务者,弱势,服务者,5,弱势,39
69e481e8000000002003ad94,"

",,,2,69e48f25000000001401a003,69e4853b000000001401b022,5e9dc91100000000010095a4,应该是类似云南白药喷剂,2026.04.19,江苏,1.0,,11,强势|服务者,强势,服务者,3,强势成功,39
69e481e8000000002003ad94,"

",,,2,69e4a922000000001401901a,69e4853b000000001401b022,5fc99cd1000000000100a64a,云南白药，防止跌打损伤。,2026.04.19,北京,1.0,,12,强势|服务者,强势,服务者,3,强势成功,39
69e481e8000000002003ad94,"

",,,2,69e565d2000000001401c004,69e4853b000000001401b022,64f1e50c0000000005000492,云南喷雾剂，防止跌打损伤，乳酸堆积,2026.04.20,四川,1.0,,17,强势|服务者,强势,服务者,6,强势成功,39
69e481e8000000002003ad94,"

",,,2,69e609c3000000001401d82f,69e4853b000000001401b022,5d104cef000000001201a224,云南白药气雾剂 专治运动损伤,2026.04.20,上海,1.0,,14,强势|服务者,强势,服务者,5,强势成功,39
69e481e8000000002003ad94,"

",,,1,69e49e72000000001401e01a,,61326f7600000000020237ac,云南白药了解一下,2026.04.19,江苏,0.0,0.0,8,强势|服务者,强势,服务者,3,强势成功,39
69e481e8000000002003ad94,"

",,,1,69e49d4d000000001401cc38,,63b66f450000000026005819,云南白药喷雾剂,2026.04.19,北京,0.0,0.0,7,强势|服务者,强势,服务者,2,强势成功,39
69e481e8000000002003ad94,"

",,,1,69eb1cae000000001401c003,,6315853b000000000f0070d3,云南白药使劲喷[皱眉R],2026.04.24,广东,0.0,0.0,12,强势|服务者,强势,服务者,2,强势成功,39
69e481e8000000002003ad94,"

",,,1,69e9e809000000001401a81f,,5f1ab4be000000000100993c,好真实啊，使劲喷云南白药,2026.04.23,四川,0.0,0.0,12,强势|服务者,强势,服务者,3,强势成功,39
69e481e8000000002003ad94,"

",,,1,69e77122000000001401ac39,,678af5cc000000000a03d972,云南白药气雾剂[偷笑R],2026.04.21,山东,0.0,0.0,12,强势|服务者,强势,服务者,2,强势成功,39
69e481e8000000002003ad94,"

",,,1,69e762c9000000001401e043,,55713ef724caa9343baadedd,喷的是机器的“云南白药”吗[笑哭R][笑哭R][笑哭R],2026.04.21,浙江,0.0,0.0,28,强势|服务者,强势,服务者,2,强势成功,39
69e481e8000000002003ad94,"

",,,1,69e710f1000000001401c419,,5dd7834c0000000001004a2e,红药喷剂都用上了[笑哭R],2026.04.21,辽宁,0.0,0.0,13,强势|服务者,强势,服务者,2,强势成功,39
69e481e8000000002003ad94,"

",,,1,69e6615b000000001401e801,,6055ca6d0000000001004c08,扭到了？喷云南白药呢？[笑哭R],2026.04.21,广东,0.0,0.0,16,强势|服务者,强势,服务者,2,强势成功,39
69e481e8000000002003ad94,"

",,,1,69e5f51d000000001401bc10,,5c81ba940000000016003c92,我以为喷的云南白药,2026.04.20,上海,0.0,0.0,9,强势|服务者,强势,服务者,2,强势成功,39
69e481e8000000002003ad94,"

",,,1,69e5aa1a000000001401e824,,695738bb000000003702b586,哈哈哈哈，想起来医生给我喷云南白药的场景,2026.04.20,安徽,0.0,0.0,20,强势|服务者,强势,服务者,4,强势成功,39
69e481e8000000002003ad94,"

",,,1,69e5971a000000001401e806,,5e475750000000000100b931,还给喷点云南白药气雾剂吗,2026.04.20,云南,0.0,0.0,12,强势|服务者,强势,服务者,4,强势成功,39
69e481e8000000002003ad94,"

",,,1,69e71b47000000001401ac15,,5b20a18e6b58b775e9548708,这东西的意义在哪？,2026.04.21,广东,110.0,135.0,9,强势|服务者,强势,服务者,2,强势成功,40
69da7e87000000001a03484e,"今晚的亦庄机器人马拉松测试

",,8169.0,1,69db0c2e0000000002034cbc,,66a58821000000001d033920,坐等意义提问派[doge],2026.04.12,澳大利亚,53.0,8.0,13,强势|观众,强势,观众,3,强势成功,40
69e40352000000002102fc75,"机器人马拉松现场第一视角看全部队伍

",,1160.0,1,69e422e5000000001401cc23,,627b7970000000002102b7e9,我很想知道意义在哪儿,2026.04.19,北京,41.0,21.0,10,常态|服务者,常态,服务者,3,常态,40
69da7e87000000001a03484e,"今晚的亦庄机器人马拉松测试

",,8169.0,2,69da91120000000001007405,69da8bb50000000035029c69,6473ec3700000000120362cb,整天寻找意义，你累不累啊[汗颜R],2026.04.12,北京,32.0,,17,强势|观众,强势,观众,4,强势成功,40
69e42cc100000000220001ad,"机器人马拉松倒数第一名，萌翻了🤣🤣🤣

",,8501.0,2,69e452730000000014019406,69e452300000000014018818,5a62bee9db2e6012314e43bc,你上网的意义是什么,2026.04.19,江苏,31.0,,9,弱势|观众,弱势,观众,2,弱势,40
69e481e8000000002003ad94,"

",,,1,69e495aa0000000014019035,,5d673236000000000100b57f,这种东西设计出来的意义是什么。。。。。。,2026.04.19,上海,16.0,52.0,20,强势|服务者,强势,服务者,3,强势成功,40
69e481e8000000002003ad94,"

",,,2,69e7234a0000000014019c1b,69e7223d0000000014018c02,678938d1000000000e010988,真的有空研究意义，建议写本哲学书出版,2026.04.21,上海,16.0,,18,强势|服务者,强势,服务者,8,强势成功,40
69e481e8000000002003ad94,"

",,,2,69ec4052000000002702bc5f,69eaae0a000000001401a80a,643643c300000000290178fe,回韩国去吧。有啥意义你不明白。,2026.04.25,福建,13.0,,15,强势|服务者,强势,服务者,3,强势成功,40
69e4412a000000002103883f,"荣耀闪电队-齐天大圣夺冠！

",3517.0,445.0,2,69e4c5fd000000001401980c,69e4c3170000000014018c20,60b329c10000000001003390,无意义是最能让人快乐的,2026.04.19,广东,8.0,,11,强势|观众,强势,观众,4,强势成功,40
69da7e87000000001a03484e,"今晚的亦庄机器人马拉松测试

",,8169.0,2,69dc84dd0000000035015926,69dc7c33000000000d036b35,5f9fe03c000000000100bcbf,没意义，去玩吧,2026.04.13,四川,6.0,,7,强势|观众,强势,观众,2,强势成功,40
69e40352000000002102fc75,"机器人马拉松现场第一视角看全部队伍

",,1160.0,2,69e4233e000000001401e827,69e422e5000000001401cc23,607b097f0000000001005479,这个意义都看不出来吗？,2026.04.19,广东,4.0,,11,常态|服务者,常态,服务者,2,常态,40
69e481e8000000002003ad94,"

",,,1,69e6e77e0000000014019c03,,5f6e095a0000000001002f6e,我就想问这种有什么任何的实际意义吗？,2026.04.21,北京,3.0,8.0,18,强势|服务者,强势,服务者,2,强势成功,40
69e481e8000000002003ad94,"

",,,2,69e496ca0000000014018825,69e495aa0000000014019035,5f40c91c0000000001006fd5,设计出来的意义就是有东西可以让你在网上问设计出来的意义,2026.04.19,江苏,3.0,,27,强势|服务者,强势,服务者,7,强势成功,40
69e4412a000000002103883f,"荣耀闪电队-齐天大圣夺冠！

",3517.0,445.0,2,69e4c657000000001401ac16,69e4c3170000000014018c20,5dea5d690000000001000dcf,什么是有意义的，有为什么一定要有意义,2026.04.19,河北,3.0,,18,强势|观众,强势,观众,4,强势成功,40
69da7e87000000001a03484e,"今晚的亦庄机器人马拉松测试

",,8169.0,1,69db2749000000001500ab92,,64833706000000000f007b63,我来我来：那么代价呢？有什么 意义呢？,2026.04.12,西藏,2.0,0.0,19,强势|观众,强势,观众,3,强势成功,40
69e481e8000000002003ad94,"

",,,1,69e61c0f000000001401b808,,64830f81000000000f007031,掐指一算，评论区一定会有人说它的意义是什么，你要问他他存在的意义是什么，没几个能回答出来的,2026.04.20,中国香港,2.0,0.0,45,强势|服务者,强势,服务者,9,强势成功,40
69e40352000000002102fc75,"机器人马拉松现场第一视角看全部队伍

",,1160.0,1,69e421c0000000001401b804,,68be2035000000001901fc85,这玩意儿有啥意义啊,2026.04.19,河南,2.0,2.0,9,常态|服务者,常态,服务者,2,常态,40
69e481e8000000002003ad94,"

",,,2,69e4a6fb0000000014019019,69e4a686000000001401c019,66c69505000000000b032241,一个劲的问意义[坏笑R]自己都没活明白呢[坏笑R],2026.04.19,山东,2.0,,25,强势|服务者,强势,服务者,4,强势成功,40
69e481e8000000002003ad94,"

",,,1,69e75285000000001401a810,,6224b0470000000021024324,都在问有什么意义，它的意义比你存在的意义都大得多[吃瓜R],2026.04.21,四川,1.0,0.0,29,强势|服务者,强势,服务者,5,强势成功,40
69e481e8000000002003ad94,"

",,,1,69e8721f0000000014019c1b,,61a9b36a0000000010006fc9,就这样的拿出来的意义在哪里,2026.04.22,新疆,1.0,10.0,13,强势|服务者,强势,服务者,3,强势成功,40
69e42cc100000000220001ad,"机器人马拉松倒数第一名，萌翻了🤣🤣🤣

",,8501.0,2,69e4533e000000001401e423,69e452300000000014018818,5f05defa000000000101d2da,人生正能量越多越不会问这什么意义那什么意义。嗯，祝开心点，世界上很多事情不需要意义的,2026.04.19,浙江,1.0,,42,弱势|观众,弱势,观众,11,弱势,40
69e481e8000000002003ad94,"

",,,2,69e48e6e000000001401cc22,69e48bf3000000001401ac1e,6788d5360000000008018a14,奥运会有啥意义？？,2026.04.19,四川,1.0,,9,强势|服务者,强势,服务者,2,强势成功,40
69e481e8000000002003ad94,"

",,,2,69e58de4000000001401d41a,69e4e1c3000000001401c808,5e0d646c000000000100b53f,不需要那么多人活明白 甚至不需要那么多人[doge],2026.04.20,江苏,1.0,,26,强势|服务者,强势,服务者,6,强势成功,40
69e4426b000000001d01c7ed,"一个大的一个小的一个废的

",,7334.0,1,69e46dd6000000001401c018,,61da7213000000001000e113,这玩意的意义在哪儿,2026.04.19,北京,0.0,0.0,9,混合|观众,混合,观众,3,,40
69e2583b00000000230211ea,"

",,2406.0,1,69e78c48000000001401d420,,5b615b5911be1075c5da89c6,有什麼意义,2026.04.21,山东,0.0,0.0,5,失败|抢救者,失败,抢救者,2,失败,40
69e2583b00000000230211ea,"

",,2406.0,1,69e300ba000000001401b013,,5d09a2560000000012000031,做这种东西的意义到底何在,2026.04.18,广东,0.0,0.0,12,失败|抢救者,失败,抢救者,4,失败,40
69da7e87000000001a03484e,"今晚的亦庄机器人马拉松测试

",,8169.0,1,69dc2c350000000035009881,,555af34262a60c2bcc46c226,不知道搞这些意义是什么,2026.04.13,江西,0.0,0.0,11,强势|观众,强势,观众,3,强势成功,40
69da7e87000000001a03484e,"今晚的亦庄机器人马拉松测试

",,8169.0,1,69db2d07000000000d03e9f3,,6787dc56000000000801839a,扛个rpg意义不就来了[doge],2026.04.12,江苏,0.0,0.0,17,强势|观众,强势,观众,2,强势成功,40
69da7e87000000001a03484e,"今晚的亦庄机器人马拉松测试

",,8169.0,1,69db230000000000350168f2,,6054db960000000001006dd8,给他们解释的意义是什么？,2026.04.12,上海,0.0,0.0,12,强势|观众,强势,观众,2,强势成功,40
69da7e87000000001a03484e,"今晚的亦庄机器人马拉松测试

",,8169.0,1,69db22c00000000002034200,,65747787000000001c019e72,都别问意义了，这个世界本身就没啥意义！作为一个普通人来说能吃好喝好就行了，闲事莫问[点赞R],2026.04.12,山东,0.0,0.0,46,强势|观众,强势,观众,11,强势成功,40
69e634590000000022003bb5,"每个马拉松机器人，都有自己的热血故事。

",,824.0,2,69e66b9a000000001401e408,69e642c8000000001401e410,5b012ab911be102962a7287b,这个小黑黑好可爱！,2026.04.21,北京,52.0,,9,常态|观众,常态,观众,2,常态,41
69e43b14000000001a02e095,"好萌的小黑仔跑马拉松

",,2760.0,2,69e445ed000000001401c040,69e44595000000001401b808,55b10fcae4b1cf718089a121,黢黑黢黑的,2026.04.19,天津,39.0,,5,弱势|服务者,弱势,服务者,2,弱势,41
69e47f8f000000001f007203,"2026年机器人马拉松状态，五年后再看🤣

",,5834.0,1,69e5a5a2000000001401d406,,5bf74a9730d2e400011de705,这个小黑铁蛋，跑的又努力又辛酸又可爱又搞笑。,2026.04.20,江苏,4.0,0.0,22,混合|观众,混合,观众,6,,41
69e481e8000000002003ad94,"

",,,2,69e499930000000014019422,69e49947000000001401e835,6541c829000000000301d615,找不到黑点就别黑了,2026.04.19,江苏,4.0,,9,强势|服务者,强势,服务者,3,强势成功,41
69e47f8f000000001f007203,"2026年机器人马拉松状态，五年后再看🤣

",,5834.0,1,69e59130000000001401cc16,,5f61da89000000000101cf68,这小黑娃谁研究的呢 好可爱[皱眉R],2026.04.20,广东,3.0,0.0,18,混合|观众,混合,观众,3,,41
69e47f8f000000001f007203,"2026年机器人马拉松状态，五年后再看🤣

",,5834.0,1,69f55ed7000000002902ca5a,,6534cc38000000000301ffd4,我喜欢那个小黑子，可爱的跟个鬼似的[吧唧R],2026.05.02,湖北,2.0,0.0,22,混合|观众,混合,观众,4,,41
69e47f8f000000001f007203,"2026年机器人马拉松状态，五年后再看🤣

",,5834.0,1,69e633f50000000014018c08,,5f71eb5300000000010013f0,果然机器人的比赛还是黑人跑得快。,2026.04.20,广东,2.0,0.0,16,混合|观众,混合,观众,5,,41
69e4412a000000002103883f,"荣耀闪电队-齐天大圣夺冠！

",3517.0,445.0,1,69e47b07000000001401d42f,,5e4fe2960000000001001d9a,不愧是山东，还用黑人脏辫,2026.04.19,上海,2.0,0.0,12,强势|观众,强势,观众,4,强势成功,41
69e44278000000001a0217bb,"机器人超过我的瞬间

",6019.0,372.0,1,69e4757c000000001401d821,,5904be0050c4b453a896808e,黑皮中年大叔，马拉松最强皮肤,2026.04.19,广东,1.0,0.0,14,强势|被超越者,强势,被超越者,6,强势成功,41
69df625d0000000021005c63,"“扶我起来，我还能再跑10公里”

",,9992.0,1,69e0f1eb000000001401bc25,,5d952c700000000001019e10,怎么还有黑皮体育生参赛啊？,2026.04.16,福建,1.0,0.0,13,失败|观众,失败,观众,3,失败,41
69e43b14000000001a02e095,"好萌的小黑仔跑马拉松

",,2760.0,1,69e45640000000001401dc06,,65e6cc6b000000000500821a,用这小黑子陪小孩跑步会有趣点,2026.04.19,广东,1.0,0.0,14,弱势|服务者,弱势,服务者,4,弱势,41
69e4412a000000002103883f,"荣耀闪电队-齐天大圣夺冠！

",3517.0,445.0,1,69e480860000000014019c05,,5e60798b0000000001005e55,这个小黑可爱[笑哭R],2026.04.19,贵州,1.0,0.0,11,强势|观众,强势,观众,2,强势成功,41
69da7e87000000001a03484e,"今晚的亦庄机器人马拉松测试

",,8169.0,2,69dac936000000001500be7a,69dab64a0000000016015dcc,60fe1a94000000000101f178,目测比老黑快了,2026.04.12,江苏,1.0,,7,强势|观众,强势,观众,3,强势成功,41
69e42cc100000000220001ad,"机器人马拉松倒数第一名，萌翻了🤣🤣🤣

",,8501.0,2,69e59c690000000014019809,69e505d8000000001401a409,646619dc000000001203735c,黑蠓子小小的[doge],2026.04.20,重庆,1.0,,12,弱势|观众,弱势,观众,2,弱势,41
69e47f8f000000001f007203,"2026年机器人马拉松状态，五年后再看🤣

",,5834.0,2,69eb07980000000014018c07,69eac91c000000001401a81d,5d6c9f37000000000100a634,那个小黑娃儿好搞笑，我好喜欢，啊哈哈哈哈,2026.04.24,重庆,1.0,,20,混合|观众,混合,观众,4,,41
69e634590000000022003bb5,"每个马拉松机器人，都有自己的热血故事。

",,824.0,2,69e786c2000000001401e80d,69e642c8000000001401e410,5888b9f350c4b45e9c32f6b8,图二好像黑蛋啊[皱眉R][皱眉R][皱眉R]好可爱[皱眉R][皱眉R][皱眉R],2026.04.21,上海,1.0,,40,常态|观众,常态,观众,4,常态,41
69da7e87000000001a03484e,"今晚的亦庄机器人马拉松测试

",,8169.0,1,69dbafbd00000000020376cd,,601bef47000000000101f2f5,哇，动力小子[doge],2026.04.12,福建,0.0,0.0,12,强势|观众,强势,观众,2,强势成功,41
69da7e87000000001a03484e,"今晚的亦庄机器人马拉松测试

",,8169.0,1,69db91d3000000000c030140,,5e3b5e0e0000000001001d64,两个黑家伙不错[赞R],2026.04.12,北京,0.0,0.0,11,强势|观众,强势,观众,3,强势成功,41
69da7e87000000001a03484e,"今晚的亦庄机器人马拉松测试

",,8169.0,1,69db716f000000000103eed7,,5c137d690000000007019cf4,还是老黑厉害,2026.04.12,山东,0.0,0.0,6,强势|观众,强势,观众,2,强势成功,41
69da7e87000000001a03484e,"今晚的亦庄机器人马拉松测试

",,8169.0,1,69db48d3000000003502e5e8,,5f619d0e00000000010078b9,黑裤子的跑的更快！,2026.04.12,广东,0.0,0.0,9,强势|观众,强势,观众,2,强势成功,41
69da7e87000000001a03484e,"今晚的亦庄机器人马拉松测试

",,8169.0,1,69db38be0000000035023088,,61e837a00000000010007f95,大老黑H1跑姿真帅,2026.04.12,浙江,0.0,0.0,9,强势|观众,强势,观众,3,强势成功,41
69da7e87000000001a03484e,"今晚的亦庄机器人马拉松测试

",,8169.0,1,69db2090000000001500a1a4,,61a74d59000000001000dc21,还得是黑色的正常些[doge],2026.04.12,四川,0.0,0.0,15,强势|观众,强势,观众,2,强势成功,41
69da7e87000000001a03484e,"今晚的亦庄机器人马拉松测试

",,8169.0,1,69db103d0000000035017628,,5e40ef120000000001004d58,我才涂着黑色油漆的会赢[笑哭R][偷笑R],2026.04.12,北京,0.0,0.0,21,强势|观众,强势,观众,2,强势成功,41
69e47f8f000000001f007203,"2026年机器人马拉松状态，五年后再看🤣

",,5834.0,1,69f490cf000000002800b19d,,62e4ef9d000000001f0168e5,这个小黑猫原来也这么小呀哈哈哈好可爱[笑哭R],2026.05.01,河南,0.0,0.0,23,混合|观众,混合,观众,3,,41
69e47f8f000000001f007203,"2026年机器人马拉松状态，五年后再看🤣

",,5834.0,1,69eadfa4000000001401bc00,,54d58817e77989710e9d234f,小黑孩儿还是可以啊,2026.04.24,山西,0.0,0.0,9,混合|观众,混合,观众,2,,41
69e47f8f000000001f007203,"2026年机器人马拉松状态，五年后再看🤣

",,5834.0,1,69e95913000000001401bc06,,5bd6e76ca31c0d0001511542,这个小黑人还挺好玩的,2026.04.23,江西,0.0,0.0,10,混合|观众,混合,观众,2,,41
69e47f8f000000001f007203,"2026年机器人马拉松状态，五年后再看🤣

",,5834.0,1,69e87f84000000001401b025,,5a2e94bdb1da1419bf4b7219,那个小黑娃好可爱,2026.04.22,湖南,0.0,0.0,8,混合|观众,混合,观众,3,,41
69e47f8f000000001f007203,"2026年机器人马拉松状态，五年后再看🤣

",,5834.0,1,69e8542a000000001401a805,,5d300edf000000001101cb6a,小黑很顶啊[石化R],2026.04.22,广东,0.0,0.0,10,混合|观众,混合,观众,2,,41
69e47f8f000000001f007203,"2026年机器人马拉松状态，五年后再看🤣

",,5834.0,1,69e84213000000001401c00c,,58d3d8465e87e71492b4709a,小黑娃跑的好认真,2026.04.22,吉林,0.0,0.0,8,混合|观众,混合,观众,2,,41
69e47f8f000000001f007203,"2026年机器人马拉松状态，五年后再看🤣

",,5834.0,1,69e83e04000000001401a823,,5c32ec790000000005036485,小黑太可爱了,2026.04.22,四川,0.0,0.0,6,混合|观众,混合,观众,2,,41
69e4551e000000001f005895,"荣耀机器人赢麻了🤖我觉得它表情在嘲讽我

",,816.0,2,69e493f9000000001401c00c,69e48b57000000001401bc2e,64e623f70000000001012981,主要问题不是电量，而是散热,2026.04.19,四川,59.0,,13,强势|被超越者,强势,被超越者,5,强势成功,42
69e4551e000000001f005895,"荣耀机器人赢麻了🤖我觉得它表情在嘲讽我

",,816.0,1,69e4f216000000001401940a,,5f7f2c30000000000101cecb,它这个散热系统是真牛逼呀,2026.04.19,重庆,36.0,0.0,12,强势|被超越者,强势,被超越者,2,强势成功,42
69e463df000000001b003017,"

",3270.0,219.0,1,69ec66ff00000000270175e9,,69c3660900000000320277bf,散热看起来和win似的，算是同根同源了,2026.04.25,河北,30.0,0.0,19,强势|服务者,强势,服务者,7,强势成功,42
69e59e520000000022027a90,"花田里犯了错|机器人马拉松正赛搞笑赏析

",,2593.0,2,69e6258f000000001401c008,69e5c6f0000000001401ac1e,5592bdb35894462d6887281e,有人刷到程序员回复了说是故意的，需要散热，顺便逗大家一笑,2026.04.20,河北,28.0,,28,弱势|观众,弱势,观众,10,弱势,42
69e481e8000000002003ad94,"

",,,2,69e49428000000001401880d,69e493ea000000001401e029,5bbdb3ea6776780001043d5f,对，主板散热,2026.04.19,福建,19.0,,6,强势|服务者,强势,服务者,2,强势成功,42
69e481e8000000002003ad94,"

",,,2,69e48a07000000001401b820,69e4853b000000001401b022,68087e4e000000000d00863d,应该是帮助散热的,2026.04.19,江苏,18.0,,8,强势|服务者,强势,服务者,2,强势成功,42
69e481e8000000002003ad94,"

",,,2,69e49b7f000000001401a424,69e49b08000000001401bc17,630c578c000000000f004bcf,这是防止过热的，目前还是发烫严重不散热都跑不完,2026.04.19,江西,17.0,,23,强势|服务者,强势,服务者,6,强势成功,42
69e48b0b000000001a02578c,"北京马拉松机器人中暑了🥵

",3334.0,467.0,2,69eaebf8000000001401d411,69ea3dc1000000001401c433,63c0073b0000000026012477,正常的工业产品一定可以在设计工况下 无需外挂散热的情况下工作的。这些现在都是验证品，距离工业产品还有距离,2026.04.24,广东,10.0,,52,失败|服务者,失败,服务者,15,失败,42
69e481e8000000002003ad94,"

",,,1,69e4a7ce0000000014019810,,612468b7000000000100aeed,散热是永恒话题,2026.04.19,陕西,8.0,4.0,7,强势|服务者,强势,服务者,3,强势成功,42
69e481e8000000002003ad94,"

",,,1,69e4a70a000000001401d40d,,5c8e503d000000001001e1a6,散热顶不住了[笑哭R]人类的散热还是牛的,2026.04.19,浙江,8.0,0.0,20,强势|服务者,强势,服务者,4,强势成功,42
69e481e8000000002003ad94,"

",,,2,69e49d03000000001401c431,69e49a7e000000001401e401,5f7af23b000000000101e514,机器都要散热的,2026.04.19,广西,7.0,,7,强势|服务者,强势,服务者,2,强势成功,42
69e429b4000000001b00037a,"张杰演唱会机器人来参加半马了？？

",,2026.0,1,69e4606c000000001401881d,,5ea8fd0c0000000001005e52,对自己的散热很有信心啊这样穿[笑哭R],2026.04.19,福建,6.0,2.0,19,常态|观众,常态,观众,3,常态,42
69e481e8000000002003ad94,"

",,,1,69e49cf8000000001401e415,,5bee6a37c65b3800015fc73b,最大难点是散热和遥控[笑哭R],2026.04.19,北京,5.0,1.0,15,强势|服务者,强势,服务者,4,强势成功,42
69e481e8000000002003ad94,"

",,,1,69e549ac0000000014019000,,6534503600000000040084e0,散热这么原始啊[石化R],2026.04.20,广东,3.0,6.0,12,强势|服务者,强势,服务者,2,强势成功,42
69e481e8000000002003ad94,"

",,,1,69e49a7e000000001401e401,,688330a4000000001b018079,这设计有问题吧，还要额外散热[笑哭R],2026.04.19,广东,3.0,7.0,19,强势|服务者,强势,服务者,5,强势成功,42
69e481e8000000002003ad94,"

",,,1,69e49099000000001401e001,,6048d39f0000000001009990,补了一大堆冷却剂，看来散热压力够大,2026.04.19,上海,3.0,2.0,17,强势|服务者,强势,服务者,5,强势成功,42
69e481e8000000002003ad94,"

",,,1,69e485b8000000001401d422,,678a4a03000000000a03ed9f,散热还是个问题,2026.04.19,广东,3.0,0.0,7,强势|服务者,强势,服务者,2,强势成功,42
69e481e8000000002003ad94,"

",,,1,69e78aeb000000001401c019,,653f0ace000000000301e523,这样一比，人体这套运动+散热系统真的领先几千年[石化R] 自带全表皮水冷，智能稳定系统，高效内循环，几十公斤重，能耗还极低[石化R],2026.04.21,四川,2.0,0.0,66,强势|服务者,强势,服务者,20,强势成功,42
69e48b0b000000001a02578c,"北京马拉松机器人中暑了🥵

",3334.0,467.0,2,69eae9a8000000001401b00d,69ea3dc1000000001401c433,68a46939000000001a021396,这个本来就是工业垃圾比赛。参考汽车。需要自带散热系统。,2026.04.24,浙江,2.0,,27,失败|服务者,失败,服务者,10,失败,42
69e481e8000000002003ad94,"

",,,1,69e49c4c000000001401882a,,69cdf150000000003301f8dd,未来材质的优化，技术的更新换代，估计这块都可以解决，补充散热的问题可以往变压器油冷的方式，这机器技术，最终也是模仿人体的结构，人体通过上万年的更新叠代。拯救这今天的人类。未来的方向可以向左，也可以向右。,2026.04.19,广东,1.0,0.0,101,强势|服务者,强势,服务者,30,强势成功,42
69e481e8000000002003ad94,"

",,,1,69e49b2a000000001401b009,,5bbf59178b710d00018ab584,体态，作用，解决散热和供电[偷笑R]还有人说毫无意义吗？,2026.04.19,广东,1.0,0.0,28,强势|服务者,强势,服务者,7,强势成功,42
69e481e8000000002003ad94,"

",,,1,69ea359f000000001401c425,,5fb5362f000000000101e8a5,散热这么差 感觉毫无意义 倒是养活了好几个岗位[大笑R],2026.04.23,上海,1.0,0.0,28,强势|服务者,强势,服务者,5,强势成功,42
69e481e8000000002003ad94,"

",,,1,69e9cbfe000000001401980d,,5d0356cb000000001002016d,硅基生物一样需要散热，人类真的是发明什么东西都离不开人类本身,2026.04.23,北京,1.0,0.0,30,强势|服务者,强势,服务者,11,强势成功,42
69e481e8000000002003ad94,"

",,,1,69e74def000000001401e01c,,60e05ffd0000000020029f30,机器都要大量散热系统！人类散热全身毛细血管级别！太完美了！！,2026.04.21,广东,1.0,0.0,30,强势|服务者,强势,服务者,10,强势成功,42
69e481e8000000002003ad94,"

",,,1,69e4a505000000001401a011,,66d158ba000000000d026686,这还是骨架系统，没装外壳就得这么人工散热，未来面向市场肯定还得添加仿生外壳，到时候散热还是问题，估计得从材料学上突破了,2026.04.19,日本,1.0,0.0,59,强势|服务者,强势,服务者,19,强势成功,42
69e43b14000000001a02e095,"好萌的小黑仔跑马拉松

",,2760.0,1,69e45c0a000000001401c018,,6117b9970000000001008d36,这个散热方法跟我们当初做无人机实验一模一样[笑哭R],2026.04.19,美国,1.0,0.0,26,弱势|服务者,弱势,服务者,6,弱势,42
69e634590000000022003bb5,"每个马拉松机器人，都有自己的热血故事。

",,824.0,1,69e6b4b00000000014018804,,59cda99644363b7e259cde3a,总归还是解决散热问题,2026.04.21,广东,1.0,0.0,10,常态|观众,常态,观众,4,常态,42
69e481e8000000002003ad94,"

",,,2,69e4e5ea000000001401b02a,69e4a7ce0000000014019810,5a3cea154eacab600209420b,在外空间反而需要保暖。根本不考虑散热。,2026.04.19,上海,1.0,,19,强势|服务者,强势,服务者,8,强势成功,42
69e481e8000000002003ad94,"

",,,2,69e7e46a000000001401c803,69e495670000000014019822,6077e3bf000000000100a233,现阶段的技术散热跟不上 等上了固态电池看看呢[偷笑R],2026.04.22,北京,1.0,,27,强势|服务者,强势,服务者,7,强势成功,42
69e4551e000000001f005895,"荣耀机器人赢麻了🤖我觉得它表情在嘲讽我

",,816.0,1,69e4a552000000001401881b,,5e174883000000000100bae0,卧槽，，，这个怎么这么快？散热没问题吗？[笑哭R],2026.04.19,河南,0.0,0.0,25,强势|被超越者,强势,被超越者,3,强势成功,42
69db34bb000000001a0348ae,"机器人抢救现场

",4896.0,1198.0,2,69e49195000000001401c825,69e48f1d0000000014019819,668d461b0000000003032949,好像拿扫把扫比较快了[完啦R],2026.04.19,山西,1015.0,,15,失败|抢救者,失败,抢救者,3,失败,43
69db34bb000000001a0348ae,"机器人抢救现场

",4896.0,1198.0,1,69e48f1d0000000014019819,,5b53de0c6b58b7390fc778ce,担架的必要性,2026.04.19,广东,350.0,104.0,6,失败|抢救者,失败,抢救者,2,失败,43
69db34bb000000001a0348ae,"机器人抢救现场

",4896.0,1198.0,2,69e4931d000000001401a40f,69e48f1d0000000014019819,5bd321912b62040001021963,这个应该更需要扫帚和簸萁,2026.04.19,上海,53.0,,12,失败|抢救者,失败,抢救者,3,失败,43
69da7e87000000001a03484e,"今晚的亦庄机器人马拉松测试

",,8169.0,2,69dae251000000003501cf95,69dae18a0000000035025c63,67240ba7000000001d02fe8b,您这不废话吗？博尔特也不会撑杆跳啊[笑哭R],2026.04.12,四川,32.0,,22,强势|观众,强势,观众,3,强势成功,43
69e2583b00000000230211ea,"

",,2406.0,1,69e42f12000000001401dc2c,,639c0eb50000000026007a31,拿来的竟然是单架，不应该是纸箱吗,2026.04.19,陕西,14.0,4.0,16,失败|抢救者,失败,抢救者,4,失败,43
69e48341000000001a02d0c4,"机器人马拉松，我们看乐了，西方人看破防了🤣

",3931.0,1022.0,1,69e55ee4000000001401cc00,,628f83a300000000210205a6,nbc新闻只有一个镜头，那个被减速带绊倒摔的七零八落，被担架抬走的。昨天的，可查,2026.04.20,江西,14.0,13.0,40,强势|观众,强势,观众,11,强势成功,43
69e2583b00000000230211ea,"

",,2406.0,2,69e78d31000000001401e82a,69e78b01000000001401c411,63f0bc69000000001001da81,尸体也得抬走呀[暗中观察R],2026.04.21,浙江,8.0,,14,失败|抢救者,失败,抢救者,2,失败,43
69db34bb000000001a0348ae,"机器人抢救现场

",4896.0,1198.0,1,69dc69c6000000003502eb99,,5ff9a6b0000000000101c297,笑死，还需要担架,2026.04.13,云南,6.0,1.0,8,失败|抢救者,失败,抢救者,2,失败,43
69e6f2bc0000000023005345,"🍼机器人第一视角，好多人呀

",,687.0,1,69e7294b000000001401cc0a,,5c79f1680000000010025788,再把扫地做饭训练好,2026.04.21,北京,6.0,4.0,9,弱势|观众,弱势,观众,3,弱势,43
69e2583b00000000230211ea,"

",,2406.0,2,69e30429000000001401a01a,69e2f480000000001401a819,67691cf70000000018014195,用担架确实有点搞笑了，但是我觉得不像是AI视频[捂脸R] 担架可能是节目效果，同时也方便搬运了，不然不好拿,2026.04.18,河北,4.0,,53,失败|抢救者,失败,抢救者,14,失败,43
69e2583b00000000230211ea,"

",,2406.0,1,69e2ebcb000000001401e002,,5f80a1400000000001007a48,后面的担架好搞笑,2026.04.18,广东,2.0,0.0,8,失败|抢救者,失败,抢救者,3,失败,43
69e2583b00000000230211ea,"

",,2406.0,1,69e9d7c9000000001401bc07,,5d304c1f000000001603e525,担架有点多余，直接上扫把垃圾铲吧[偷笑R],2026.04.23,广东,1.0,0.0,21,失败|抢救者,失败,抢救者,4,失败,43
69e2583b00000000230211ea,"

",,2406.0,1,69e8d1f5000000001401d81b,,5998508250c4b403233f0d43,这看上去扫把簸箕比担架适用[doge],2026.04.22,江苏,1.0,0.0,19,失败|抢救者,失败,抢救者,5,失败,43
69e2583b00000000230211ea,"

",,2406.0,1,69e80be60000000014018808,,578269235e87e7131ec90adc,太人性化了，还有担架[笑哭R][笑哭R],2026.04.22,澳大利亚,1.0,0.0,20,失败|抢救者,失败,抢救者,2,失败,43
69e2583b00000000230211ea,"

",,2406.0,1,69e7bbab000000001401b809,,6813a59c000000000e0122ac,这，找蛇皮袋往里弄呀，整啥担架呢,2026.04.22,上海,1.0,0.0,16,失败|抢救者,失败,抢救者,4,失败,43
69e2583b00000000230211ea,"

",,2406.0,1,69e79083000000001401bc2b,,5f688255000000000101fffe,工作人员把扫帚🧹拿上啊[笑哭R],2026.04.21,重庆,1.0,0.0,16,失败|抢救者,失败,抢救者,2,失败,43
69e2583b00000000230211ea,"

",,2406.0,1,69e78f24000000001401d80e,,5d8ca5b50000000001018b97,最后担架我是没绷住，哈哈哈哈,2026.04.21,四川,1.0,0.0,14,失败|抢救者,失败,抢救者,3,失败,43
69e2583b00000000230211ea,"

",,2406.0,1,69e42b48000000001401b811,,5bf614e68f6664000135b551,我以为会推个车拿个筐来收，没想到是担架啊。,2026.04.19,陕西,1.0,0.0,21,失败|抢救者,失败,抢救者,5,失败,43
69e2583b00000000230211ea,"

",,2406.0,1,69e30ca0000000001401d41b,,6648b8170000000003032f0e,还拿担架，不应该使个筐吗[笑哭R],2026.04.18,山东,1.0,0.0,17,失败|抢救者,失败,抢救者,2,失败,43
69e2583b00000000230211ea,"

",,2406.0,1,69e2ff72000000001401981b,,626515f60000000021026d82,还给单架[笑哭R][笑哭R][笑哭R],2026.04.18,辽宁,1.0,0.0,19,失败|抢救者,失败,抢救者,2,失败,43
69e2583b00000000230211ea,"

",,2406.0,1,69e2ee5e0000000014019418,,625668e2000000001000ea80,开玩笑 ，还拿个担架过来,2026.04.18,浙江,1.0,0.0,12,失败|抢救者,失败,抢救者,4,失败,43
69e4426b000000001d01c7ed,"一个大的一个小的一个废的

",,7334.0,2,69e6db3d000000001401a811,69e46241000000001401e822,5e5f6a1d0000000001005769,确实 还有冲向绿化带被抬担架了,2026.04.21,北京,1.0,,15,混合|观众,混合,观众,4,,43
69da7e87000000001a03484e,"今晚的亦庄机器人马拉松测试

",,8169.0,2,69daf27500000000350146f9,69daf19f00000000020365e6,575c088650c4b46fee1372ce,上面带个头的？两个胳膊还能端个水杯,2026.04.12,北京,1.0,,17,强势|观众,强势,观众,6,强势成功,43
69e47f8f000000001f007203,"2026年机器人马拉松状态，五年后再看🤣

",,5834.0,2,69e56a3c000000001401a00f,69e55d77000000001401bc0e,611270e8000000002002e8db,一起抬走[吃瓜R],2026.04.20,浙江,1.0,,9,混合|观众,混合,观众,2,,43
69e2583b00000000230211ea,"

",,2406.0,1,69eb5dfc00000000280394d5,,681967e0000000000801687e,还挺像回事，还用担架[笑哭R],2026.04.24,河南,0.0,0.0,15,失败|抢救者,失败,抢救者,2,失败,43
69e2583b00000000230211ea,"

",,2406.0,1,69eb5a850000000029035d87,,602200090000000001009393,做成这样，抬走吧,2026.04.24,广东,0.0,0.0,8,失败|抢救者,失败,抢救者,3,失败,43
69e2583b00000000230211ea,"

",,2406.0,1,69eb04fe000000001401d40c,,6498168a000000002b00a601,下次再带个吸尘器吧,2026.04.24,浙江,0.0,0.0,9,失败|抢救者,失败,抢救者,3,失败,43
69e2583b00000000230211ea,"

",,2406.0,1,69e9d39b000000001401d426,,599bfe8150c4b4718dd6693a,快抬担架！快抬担架来啊！,2026.04.23,北京,0.0,0.0,12,失败|抢救者,失败,抢救者,2,失败,43
69e2583b00000000230211ea,"

",,2406.0,1,69e9b44a000000001401e414,,5d1851400000000011037f59,哈哈哈哈哈哈哈哈还要担架,2026.04.23,广东,0.0,0.0,12,失败|抢救者,失败,抢救者,2,失败,43
69e2583b00000000230211ea,"

",,2406.0,1,69e99ffc000000001401e436,,69b90f24000000003301f627,还弄单架干嘛呢[笑哭R],2026.04.23,浙江,0.0,0.0,12,失败|抢救者,失败,抢救者,2,失败,43
69e4426b000000001d01c7ed,"一个大的一个小的一个废的

",,7334.0,2,69e486ff000000001401e82c,69e46d59000000001401c42a,556e82b8f5a263037789d5d8,也确实老了做啥都心酸。[大笑R],2026.04.19,广东,643.0,,16,混合|观众,混合,观众,2,,44
69e634590000000022003bb5,"每个马拉松机器人，都有自己的热血故事。

",,824.0,1,69e6eb43000000001401cc26,,5bfbf9caddca020001bb7747,看这样的视频为啥都会流泪啊[哭惹R][哭惹R],2026.04.21,四川,87.0,3.0,23,常态|观众,常态,观众,3,常态,44
69e634590000000022003bb5,"每个马拉松机器人，都有自己的热血故事。

",,824.0,2,69e6f9fb000000001401a022,69e6be18000000001401b002,5e5bc3260000000001005607,我看到最后居然有点想哭,2026.04.21,陕西,82.0,,11,常态|观众,常态,观众,2,常态,44
69e634590000000022003bb5,"每个马拉松机器人，都有自己的热血故事。

",,824.0,1,69e64534000000001401a004,,5a96d290e8ac2b25426ed4d8,真不容易，看到冲线，竟然好感动[捂脸R][捂脸R],2026.04.20,四川,42.0,0.0,25,常态|观众,常态,观众,4,常态,44
69e634590000000022003bb5,"每个马拉松机器人，都有自己的热血故事。

",,824.0,2,69e67092000000001401d407,69e642c8000000001401e410,59a447505e87e709b046db7f,你拍的看起来好励志，好戳我泪点[哭惹R][哭惹R][哭惹R],2026.04.21,广东,26.0,,30,常态|观众,常态,观众,3,常态,44
69e59e520000000022027a90,"花田里犯了错|机器人马拉松正赛搞笑赏析

",,2593.0,1,69e6259d000000001401d423,,61557d5900000000020265b9,看到最后真的很激动，嗯，觉得人类好伟大，中国人好伟大，就像每次出国回到自己的中国的时候都很激动，就觉得生在中国真好。虽然很多人都觉得有一些东西是不好的，是黑暗的，但是所有东西都有正反面，你不可能说让一个东西，它只有好处没有坏处，但是我们享受的好处都是巨多的，很开心，很激动，很想哭。,2026.04.20,上海,21.0,2.0,141,弱势|观众,弱势,观众,34,弱势,44
69e41e24000000001a025f1a,"人形机器人半马摔倒瞬间🔥🔥

",1155.0,129.0,1,69e46686000000001401a80e,,5b0a05496b58b70b711a86c0,为何我看的有点心酸,2026.04.19,北京,17.0,2.0,9,失败|观众,失败,观众,2,失败,44
69e634590000000022003bb5,"每个马拉松机器人，都有自己的热血故事。

",,824.0,2,69e6c42c000000001401e007,69e642c8000000001401e410,5e75b6d20000000001008aff,看着我好热血，有点想哭是什么意思？,2026.04.21,黑龙江,12.0,,17,常态|观众,常态,观众,3,常态,44
69e634590000000022003bb5,"每个马拉松机器人，都有自己的热血故事。

",,824.0,1,69e82d11000000001401d416,,63b3e7fe00000000260054cf,最后看得有点热泪盈眶，是怎么回事？[笑哭R],2026.04.22,澳大利亚,5.0,0.0,22,常态|观众,常态,观众,4,常态,44
69da7e87000000001a03484e,"今晚的亦庄机器人马拉松测试

",,8169.0,1,69db0ffa000000003502e445,,5b495adb4eacab76298ebf75,人型的样子，大半夜做什么都有种心酸感！[捂脸R],2026.04.12,湖北,4.0,1.0,24,强势|观众,强势,观众,5,强势成功,44
69e47f8f000000001f007203,"2026年机器人马拉松状态，五年后再看🤣

",,5834.0,1,69e6f12f000000001401d828,,5dbaeea2000000000100892f,很想哭，有人理解这种感受吗？[哭惹R],2026.04.21,上海,4.0,3.0,19,混合|观众,混合,观众,3,,44
69e447d2000000001d01aa01,"当算法有了腿，程序员万万没想到……

",,2912.0,1,69e4538c000000001401dc14,,5d044fe7000000001100111b,第二个透着命苦A[笑哭R],2026.04.19,辽宁,3.0,0.0,13,强势|服务者,强势,服务者,3,强势成功,44
69e46730000000001d0199c8,"

",,761.0,1,69e6392c000000001401c04d,,6684d3fc000000000f03629a,這個好命苦的感覺。,2026.04.20,中国台湾,3.0,0.0,9,强势|观众,强势,观众,3,强势成功,44
69e634590000000022003bb5,"每个马拉松机器人，都有自己的热血故事。

",,824.0,1,69e63e84000000001401e42c,,5d29a0a3000000001600666f,真不容易，看着好励志呀[笑哭R],2026.04.20,四川,3.0,0.0,16,常态|观众,常态,观众,3,常态,44
69e46730000000001d0199c8,"

",,761.0,2,69e561350000000014019000,69e56111000000001401b002,5b2d0f936b58b73d38ca5119,尤其是那一句:很努力但是得不到回报的感觉,2026.04.20,安徽,3.0,,20,强势|观众,强势,观众,5,强势成功,44
69e634590000000022003bb5,"每个马拉松机器人，都有自己的热血故事。

",,824.0,2,69e75fe8000000001401dc29,69e6be18000000001401b002,5869d07882ec394acbedae29,是呢，我也是第一次刷到第一视角，整个看完热泪盈眶，就像自己的孩子，看着它慢慢成功，太牛了！,2026.04.21,陕西,3.0,,45,常态|观众,常态,观众,12,常态,44
69e2583b00000000230211ea,"

",,2406.0,1,69e32674000000001401c43b,,5e0f8b7a0000000001006db7,现在看居然会有点伤感,2026.04.18,新加坡,2.0,0.0,10,失败|抢救者,失败,抢救者,2,失败,44
69e47f8f000000001f007203,"2026年机器人马拉松状态，五年后再看🤣

",,5834.0,1,69e5760b000000001401a409,,5b88bf72aae4f50001fb2f18,我可能上辈子真的是战乱时候的人，看打仗和兵哥哥哭就算了，看这个视频我也眼泪流[捂脸R]我们大中国真的是发展的太好了,2026.04.20,湖北,2.0,0.0,57,混合|观众,混合,观众,13,,44
69e40352000000002102fc75,"机器人马拉松现场第一视角看全部队伍

",,1160.0,1,69e4e29b000000001401e435,,685690ab000000001b0231e0,作者你的名字听起来好命苦[偷笑R],2026.04.19,上海,2.0,0.0,17,常态|服务者,常态,服务者,4,常态,44
69e46730000000001d0199c8,"

",,761.0,1,69e5835e000000001401cc23,,644cf4d500000000120370a1,有种很努力，得不到回报的感觉,2026.04.20,河南,2.0,0.0,14,强势|观众,强势,观众,4,强势成功,44
69e634590000000022003bb5,"每个马拉松机器人，都有自己的热血故事。

",,824.0,1,69e6454d000000001401ac1e,,5ce57b08000000001000c3aa,这个视角真好 都好辛苦呀[笑哭了R],2026.04.20,陕西,2.0,0.0,18,常态|观众,常态,观众,3,常态,44
69e48d54000000002102e178,"😭亦庄机器人半马最感人一幕

",,1589.0,2,69e4b288000000001401d40d,69e49ee3000000001401c41e,55e3d9d3b7ba2231748224fc,真的感动[哭惹R],2026.04.19,北京,2.0,,9,弱势|保护者,弱势,保护者,2,弱势,44
69e447d2000000001d01aa01,"当算法有了腿，程序员万万没想到……

",,2912.0,2,69e4817f000000001401a817,69e44a84000000001401b822,5f72c1c300000000010029ee,好心酸的画面[笑哭R],2026.04.19,广东,2.0,,11,强势|服务者,强势,服务者,2,强势成功,44
69e44278000000001a0217bb,"机器人超过我的瞬间

",6019.0,372.0,1,69f2c829000000002800b7a1,,67bfff1b000000000e01e272,多么令人感动的视频啊！一瞬间泪目了🥹,2026.04.30,吉林,1.0,0.0,18,强势|被超越者,强势,被超越者,5,强势成功,44
69da7e87000000001a03484e,"今晚的亦庄机器人马拉松测试

",,8169.0,1,69daf2f7000000003501568b,,557440f39eb5782f34ecdff4,看起来命很苦的样子，大晚上还得跑步,2026.04.12,陕西,1.0,0.0,17,强势|观众,强势,观众,5,强势成功,44
69e47f8f000000001f007203,"2026年机器人马拉松状态，五年后再看🤣

",,5834.0,1,69e8c805000000001401c00f,,5f6711a50000000001005385,哈哈哈哈看起来有点心酸怎么回事[笑哭R],2026.04.22,四川,1.0,0.0,20,混合|观众,混合,观众,3,,44
69e481e8000000002003ad94,"

",,,1,69e602cb0000000014018824,,681f2826000000000601f906,不知道为什么 挺感人的[笑哭R]真厉害,2026.04.20,上海,1.0,0.0,19,强势|服务者,强势,服务者,4,强势成功,44
69e447d2000000001d01aa01,"当算法有了腿，程序员万万没想到……

",,2912.0,1,69e49bab000000001401c830,,68b194a8000000001a00c721,看着好命苦,2026.04.19,黑龙江,1.0,0.0,5,强势|服务者,强势,服务者,2,强势成功,44
69e43b14000000001a02e095,"好萌的小黑仔跑马拉松

",,2760.0,1,69e457b1000000001401a024,,5e3659af000000000100aed2,看到这一幕竟然有点泪目,2026.04.19,福建,1.0,0.0,11,弱势|服务者,弱势,服务者,3,弱势,44
69e46730000000001d0199c8,"

",,761.0,1,69e4e696000000001401e017,,6630f6760000000003032aff,很努力得不到回报[捂脸R],2026.04.19,安徽,1.0,0.0,13,强势|观众,强势,观众,3,强势成功,44
69db34bb000000001a0348ae,"机器人抢救现场

",4896.0,1198.0,1,69dc7953000000000c031efb,,64e6b3d0000000000100ede0,上了救护车手还举着仿佛在说撒哟啦啦[失望R],2026.04.13,北京,17.0,0.0,22,失败|抢救者,失败,抢救者,3,失败,45
69db34bb000000001a0348ae,"机器人抢救现场

",4896.0,1198.0,2,69dca81c0000000015007938,69dca76500000000020366b4,5b5436aee8ac2b68817b6ba1,可是动物应该也不会自己叫救护车吧...也得人叫车人付钱吧,2026.04.13,上海,9.0,,28,失败|抢救者,失败,抢救者,6,失败,45
69e59e520000000022027a90,"花田里犯了错|机器人马拉松正赛搞笑赏析

",,2593.0,2,69e7062c000000001401901c,69e6c46c0000000014019c0e,664af4c80000000003031d88,速度快关键时刻可以救乱穿马路的小盆友,2026.04.21,重庆,9.0,,18,弱势|观众,弱势,观众,5,弱势,45
69e2583b00000000230211ea,"

",,2406.0,1,69e78b01000000001401c411,,5c356b790000000007033134,这还有抢救的必要吗[捂脸R],2026.04.21,上海,6.0,3.0,14,失败|抢救者,失败,抢救者,2,失败,45
69e47f8f000000001f007203,"2026年机器人马拉松状态，五年后再看🤣

",,5834.0,1,69e4d28a000000001401ac21,,560dd1c58a75e13895dd2e4e,120开过去是起到一个什么作用[doge],2026.04.19,广东,6.0,0.0,21,混合|观众,混合,观众,4,,45
69e2583b00000000230211ea,"

",,2406.0,2,69e43dd5000000001401a41b,69e42f12000000001401dc2c,694ac447000000000301356e,别急，一会医生拿着药箱就出来了,2026.04.19,上海,6.0,,15,失败|抢救者,失败,抢救者,4,失败,45
69db34bb000000001a0348ae,"机器人抢救现场

",4896.0,1198.0,2,69dca852000000000202b595,69dca76500000000020366b4,5f8fc3a7000000000101c4f7,爱护动物的人很多，他们愿意救就会愿意花钱叫救护车,2026.04.13,广东,5.0,,24,失败|抢救者,失败,抢救者,7,失败,45
69db34bb000000001a0348ae,"机器人抢救现场

",4896.0,1198.0,1,69dcb25d00000000020289d9,,58f866425e87e75276b5324f,我居然有点等着看救护车变形....,2026.04.13,北京,3.0,0.0,17,失败|抢救者,失败,抢救者,3,失败,45
69db34bb000000001a0348ae,"机器人抢救现场

",4896.0,1198.0,1,69dca8ef000000003501ba5a,,5826ecdc50c4b403de6469da,你不给我养老就算了我还得120掏钱救你啊！！！,2026.04.13,浙江,3.0,0.0,23,失败|抢救者,失败,抢救者,4,失败,45
69e47f8f000000001f007203,"2026年机器人马拉松状态，五年后再看🤣

",,5834.0,1,69e4e8340000000014018802,,5891a76982ec395f2aea196d,120别走 我还能抢救一下,2026.04.19,陕西,2.0,1.0,13,混合|观众,混合,观众,3,,45
69da7e87000000001a03484e,"今晚的亦庄机器人马拉松测试

",,8169.0,2,69db23e00000000015000627,69daef220000000035024590,62d18b09000000000e00c12e,我更需要的可能是在家抢救我[捂脸R],2026.04.12,北京,2.0,,18,强势|观众,强势,观众,3,强势成功,45
69e47f8f000000001f007203,"2026年机器人马拉松状态，五年后再看🤣

",,5834.0,1,69e4f78a000000001401d429,,5b10fcfb11be107759eabcbd,看到120，真的是笑不活了,2026.04.19,浙江,1.0,0.0,13,混合|观众,混合,观众,3,,45
69e634590000000022003bb5,"每个马拉松机器人，都有自己的热血故事。

",,824.0,1,69e77c54000000001401e82b,,55a47ab35894463e564fed1b,急救队过于庞大,2026.04.21,广东,1.0,0.0,7,常态|观众,常态,观众,3,常态,45
69e2583b00000000230211ea,"

",,2406.0,2,69e79a4c000000001401e419,69e42f12000000001401dc2c,5a28f56d11be104d82f2afda,还有救护车统一运输,2026.04.21,江苏,1.0,,9,失败|抢救者,失败,抢救者,3,失败,45
69da7e87000000001a03484e,"今晚的亦庄机器人马拉松测试

",,8169.0,2,69dc60720000000015007c47,69dac8d7000000000c0319f8,62a49b11000000001b02ae29,有救护车呢 不怕 放心跑[生气R],2026.04.13,北京,1.0,,17,强势|观众,强势,观众,3,强势成功,45
69e42cc100000000220001ad,"机器人马拉松倒数第一名，萌翻了🤣🤣🤣

",,8501.0,2,69e453d6000000001401e41b,69e43311000000001401e428,628090ef0000000021023daf,赶紧人工呼吸加心肺复苏[暗中观察R],2026.04.19,安徽,1.0,,18,弱势|观众,弱势,观众,4,弱势,45
69e47f8f000000001f007203,"2026年机器人马拉松状态，五年后再看🤣

",,5834.0,2,69e57c09000000001401c026,69e55d77000000001401bc0e,63b67a9c0000000026006174,因为120接到消息有人晕倒了，不管是什么人都得救[派对R],2026.04.20,陕西,1.0,,29,混合|观众,混合,观众,8,,45
69e47f8f000000001f007203,"2026年机器人马拉松状态，五年后再看🤣

",,5834.0,2,69e584f5000000001401981f,69e55d77000000001401bc0e,5c2ddfbb000000000501ce09,虽然很好笑，但有规定的，大型人群聚集活动必须要有120车和医务人员配备，不然活动批不下,2026.04.20,浙江,1.0,,43,混合|观众,混合,观众,14,,45
69e2583b00000000230211ea,"

",,2406.0,1,69e9eb00000000001401e810,,603e3a720000000001009707,得进icu了,2026.04.23,广东,0.0,0.0,6,失败|抢救者,失败,抢救者,2,失败,45
69e2583b00000000230211ea,"

",,2406.0,1,69e9c72e000000001401a41b,,6463053f000000000f00516c,我已经帮忙打了120[doge],2026.04.23,江苏,0.0,0.0,16,失败|抢救者,失败,抢救者,2,失败,45
69e2583b00000000230211ea,"

",,2406.0,1,69e81e99000000001401c803,,5d673a280000000001005d48,还有抢救的必要吗[捂脸R],2026.04.22,贵州,0.0,0.0,13,失败|抢救者,失败,抢救者,2,失败,45
69e2583b00000000230211ea,"

",,2406.0,1,69e7fa77000000001401d405,,62f49485000000001f016930,还能抢救一下,2026.04.22,浙江,0.0,0.0,6,失败|抢救者,失败,抢救者,2,失败,45
69e2583b00000000230211ea,"

",,2406.0,1,69e7aa51000000001401d803,,66d3f21e000000001d020b85,为什么不打120,2026.04.22,广东,0.0,0.0,8,失败|抢救者,失败,抢救者,2,失败,45
69e2583b00000000230211ea,"

",,2406.0,1,69e455fa000000001401d440,,5cee38a1000000001802ff84,啥都不说，急救挺快[笑哭R],2026.04.19,四川,0.0,0.0,14,失败|抢救者,失败,抢救者,2,失败,45
69e2583b00000000230211ea,"

",,2406.0,1,69e336c4000000001401bc37,,561f695f67bc656317575e9e,爱玛，还整个单架救他，快抬下去做人工呼吸吧[偷笑R],2026.04.18,辽宁,0.0,0.0,26,失败|抢救者,失败,抢救者,5,失败,45
69e2583b00000000230211ea,"

",,2406.0,1,69e30516000000001401e409,,6450cc0d000000001400c778,医生，医生,2026.04.18,广东,0.0,0.0,5,失败|抢救者,失败,抢救者,2,失败,45
69e2583b00000000230211ea,"

",,2406.0,1,69e30448000000001401ac15,,62dff8c3000000001f005c6e,担架都来了为啥不叫救护车,2026.04.18,河北,0.0,0.0,12,失败|抢救者,失败,抢救者,2,失败,45
69e2583b00000000230211ea,"

",,2406.0,1,69e30329000000001401c402,,5dc1a09e0000000001002079,没抢救的必要了[捂脸R][捂脸R],2026.04.18,云南,0.0,0.0,17,失败|抢救者,失败,抢救者,2,失败,45
69e2583b00000000230211ea,"

",,2406.0,1,69e2f74e0000000014018808,,68031e14000000000e01ff9a,赶紧上医院抢救👍🏻,2026.04.18,山东,0.0,0.0,9,失败|抢救者,失败,抢救者,3,失败,45
69e2583b00000000230211ea,"

",,2406.0,1,69e2ef08000000001401900b,,56c7e11484edcd4f65d79ae7,这抢救不过来了吧,2026.04.18,内蒙古,0.0,0.0,8,失败|抢救者,失败,抢救者,2,失败,45
69e4426b000000001d01c7ed,"一个大的一个小的一个废的

",,7334.0,2,69e4630c000000001401d407,69e45f74000000001401bc0a,648a914c000000000f007c23,恭喜你，发明了汽车。,2026.04.19,浙江,207.0,,10,混合|观众,混合,观众,3,,46
69e481e8000000002003ad94,"

",,,2,69e493ba000000001401a415,69e490ae000000001401d42a,62925ce40000000015017070,恭喜你发明了电动汽车[doge][doge],2026.04.19,内蒙古,159.0,,22,强势|服务者,强势,服务者,3,强势成功,46
69da7e87000000001a03484e,"今晚的亦庄机器人马拉松测试

",,8169.0,2,69db0a260000000001006db1,69db09ea0000000035017942,5f84231d00000000010000dd,按俩轱辘那叫电动车,2026.04.12,北京,60.0,,9,强势|观众,强势,观众,3,强势成功,46
69e447d2000000001d01aa01,"当算法有了腿，程序员万万没想到……

",,2912.0,2,69e49fa6000000001401c01d,69e49ed0000000001401cc3e,609f6fb7000000000101c1d6,哈哈哈哈哈车如其名了属于是！,2026.04.19,天津,51.0,,14,强势|服务者,强势,服务者,2,强势成功,46
69e481e8000000002003ad94,"

",,,2,69e6e6ec0000000014018c14,69e6e5f70000000014019c1a,606d86ca00000000010057f4,你能卖出去车也是奇迹,2026.04.21,重庆,27.0,,10,强势|服务者,强势,服务者,2,强势成功,46
69e481e8000000002003ad94,"

",,,2,69e48cda000000001401c437,69e48bf3000000001401ac1e,5d8a5a1d0000000001008201,恭喜你发明了新能源两轮车[偷笑R],2026.04.19,重庆,24.0,,17,强势|服务者,强势,服务者,4,强势成功,46
69da7e87000000001a03484e,"今晚的亦庄机器人马拉松测试

",,8169.0,2,69db27d7000000000100625f,69db2712000000003502db22,5e4191f10000000001006cc4,还是汽车人[暗中观察R],2026.04.12,北京,20.0,,12,强势|观众,强势,观众,2,强势成功,46
69da7e87000000001a03484e,"今晚的亦庄机器人马拉松测试

",,8169.0,2,69daf2c7000000003501127e,69daf19f00000000020365e6,6451a3580000000029014cdb,莫非你说的是新能源车么,2026.04.12,上海,9.0,,11,强势|观众,强势,观众,2,强势成功,46
69e4426b000000001d01c7ed,"一个大的一个小的一个废的

",,7334.0,2,69e467c4000000001401b01f,69e45f74000000001401bc0a,637f7cf4000000001f01ccbc,你说的那种只能当汽车开，这种干啥都行,2026.04.19,广东,6.0,,18,混合|观众,混合,观众,4,,46
69e481e8000000002003ad94,"

",,,2,69e54215000000001401e000,69e49a5c000000001401ac0a,5fd2dd3a000000000101c35d,汽车早就发明出来了,2026.04.20,上海,6.0,,9,强势|服务者,强势,服务者,3,强势成功,46
69e4551e000000001f005895,"荣耀机器人赢麻了🤖我觉得它表情在嘲讽我

",,816.0,2,69e49255000000001401cc23,69e48b36000000001401c808,5b2519aae8ac2b3cac86e6fb,你得注明一下，不是新国标电车[嘻嘻R],2026.04.19,山东,5.0,,19,强势|被超越者,强势,被超越者,4,强势成功,46
69da7e87000000001a03484e,"今晚的亦庄机器人马拉松测试

",,8169.0,2,69db0efc000000000d03e7fa,69db09350000000035018759,55b4983462a60c268cf8f159,想法好聪明啊，下次我们应该发展一个有4个轮子的东西，我们就把他的名字起成汽车好不好,2026.04.12,北京,4.0,,41,强势|观众,强势,观众,10,强势成功,46
69e481e8000000002003ad94,"

",,,2,69e7c39a0000000014018c03,69e77c580000000014019028,60136a0d000000000101f146,汽车早就有，你没见过吗,2026.04.22,北京,4.0,,11,强势|服务者,强势,服务者,3,强势成功,46
69da7e87000000001a03484e,"今晚的亦庄机器人马拉松测试

",,8169.0,2,69db29000000000035012e60,69db1b05000000003503073f,643aac8a000000000d01afef,因为汽车人类已经有了[大笑R],2026.04.12,湖北,3.0,,15,强势|观众,强势,观众,2,强势成功,46
69da7e87000000001a03484e,"今晚的亦庄机器人马拉松测试

",,8169.0,1,69daff06000000000103c5ad,,5c51bc1d000000001a0037f9,以后能抓违规电动车了！[捂脸R],2026.04.12,天津,2.0,0.0,16,强势|观众,强势,观众,2,强势成功,46
69e4426b000000001d01c7ed,"一个大的一个小的一个废的

",,7334.0,2,69e4741d000000001401e00c,69e45f74000000001401bc0a,54e5f0c24fac636c77ebb6fc,怀疑你没加狗头，你说的不就是汽车,2026.04.19,广东,2.0,,16,混合|观众,混合,观众,4,,46
69da7e87000000001a03484e,"今晚的亦庄机器人马拉松测试

",,8169.0,2,69dadae50000000002036cf6,69dab64a0000000016015dcc,66437f9f0000000007007541,不开着电瓶车的嘛,2026.04.12,广东,2.0,,8,强势|观众,强势,观众,2,强势成功,46
69da7e87000000001a03484e,"今晚的亦庄机器人马拉松测试

",,8169.0,2,69daf2550000000035025dd1,69daf19f00000000020365e6,575c088650c4b46fee1372ce,就是电动轮椅车吗,2026.04.12,北京,2.0,,8,强势|观众,强势,观众,2,强势成功,46
69e481e8000000002003ad94,"

",,,2,69e4974f000000001401ac18,69e490ae000000001401d42a,5edfa9c10000000001002248,有轮子的叫电动车,2026.04.19,福建,2.0,,8,强势|服务者,强势,服务者,2,强势成功,46
69e447d2000000001d01aa01,"当算法有了腿，程序员万万没想到……

",,2912.0,2,69e48ce3000000001401bc09,69e46d57000000001401a022,5f94e39a00000000010056d9,哈哈哈哈哈哈，电鸡在广东是电动车🛵的意思,2026.04.19,广东,2.0,,20,强势|服务者,强势,服务者,4,强势成功,46
69e2583b00000000230211ea,"

",,2406.0,1,69e805640000000014018c0a,,6295eb86000000002102acc8,盖灵布的车企业有的一拼,2026.04.22,浙江,1.0,0.0,11,失败|抢救者,失败,抢救者,2,失败,46
69da7e87000000001a03484e,"今晚的亦庄机器人马拉松测试

",,8169.0,1,69db4621000000001400a9f2,,67c75ebc000000000e01e4e1,希望不是用它来整治电动车[微笑R],2026.04.12,辽宁,1.0,0.0,17,强势|观众,强势,观众,3,强势成功,46
69da7e87000000001a03484e,"今晚的亦庄机器人马拉松测试

",,8169.0,1,69db1f56000000003501fe08,,694cf855000000003702ff84,交警：你说这玩意算不算机动车[捂脸R],2026.04.12,黑龙江,1.0,0.0,19,强势|观众,强势,观众,4,强势成功,46
69e4426b000000001d01c7ed,"一个大的一个小的一个废的

",,7334.0,2,69e46e2d000000001401e028,69e45f74000000001401bc0a,58a92da082ec39386504d48d,这踏马叫汽车[doge],2026.04.19,山东,1.0,,12,混合|观众,混合,观众,2,,46
69e4426b000000001d01c7ed,"一个大的一个小的一个废的

",,7334.0,2,69e4a263000000001401a808,69e45f74000000001401bc0a,5fdc0b400000000001001afc,那tm叫汽车,2026.04.19,广东,1.0,,6,混合|观众,混合,观众,2,,46
69db34bb000000001a0348ae,"机器人抢救现场

",4896.0,1198.0,2,69dcf9d1000000000202a682,69dcb9330000000015006343,60fc54a6000000000101e249,车上常备的会是五金店吗？[呃R],2026.04.13,湖北,1.0,,16,失败|抢救者,失败,抢救者,3,失败,46
69da7e87000000001a03484e,"今晚的亦庄机器人马拉松测试

",,8169.0,2,69db315e000000001500228e,69db30220000000016016d90,6787d0a3000000000803e9aa,[笑哭R]这就把我难住了，说不定还真难找合适的车,2026.04.12,广东,1.0,,24,强势|观众,强势,观众,4,强势成功,46
69e48341000000001a02d0c4,"机器人马拉松，我们看乐了，西方人看破防了🤣

",3931.0,1022.0,2,69e56586000000001401a008,69e49ab00000000014018801,64ff7dfd0000000006031586,那不就是电动车吗,2026.04.20,云南,1.0,,8,强势|观众,强势,观众,2,强势成功,46
69e2583b00000000230211ea,"

",,2406.0,1,69e42963000000002b0354d8,,5ecc4c8c000000000101f49f,那叫bump，你车上才有bumper[暗中观察R],2026.04.19,加拿大,0.0,0.0,25,失败|抢救者,失败,抢救者,3,失败,46
69e481e8000000002003ad94,"

",,,1,69e494e2000000001401b839,,5f1a1c9b00000000010006d5,这特么跟电瓶车有啥区别,2026.04.19,浙江,0.0,0.0,11,强势|服务者,强势,服务者,3,强势成功,46
69df625d0000000021005c63,"“扶我起来，我还能再跑10公里”

",,9992.0,1,69dfb3290000000002035b6b,,661ab2d70000000007007f3b,大家娱乐一下哈，视频里只放了一些“精彩”画面配解说，其实还有更多的机器人是跑的又稳又快的[害羞R],2026.04.15,上海,4172.0,78.0,49,失败|观众,失败,观众,10,失败,47
69e47f8f000000001f007203,"2026年机器人马拉松状态，五年后再看🤣

",,5834.0,1,69e51440000000001401c00b,,5a8ef82611be103420d24034,从这个机器人的跑步姿势上看出了性别[笑哭R][笑哭R][笑哭R][笑哭R],2026.04.20,浙江,715.0,70.0,37,混合|观众,混合,观众,5,,47
69e634590000000022003bb5,"每个马拉松机器人，都有自己的热血故事。

",,824.0,2,69e6cc1d000000001401c007,69e6be18000000001401b002,5a8ebd484eacab26a2887241,真的~看着机器人在前面跑，怎么不像自己的孩子在赛道拼搏。能站在跑道上大家都是第一名！！,2026.04.21,江苏,438.0,,43,常态|观众,常态,观众,11,常态,47
69e47f8f000000001f007203,"2026年机器人马拉松状态，五年后再看🤣

",,5834.0,2,69e506d10000000014019806,69e4d76f000000001401c81e,5b82a21a233b200001b29f0f,元气仔吗这是，做的也好看，好多机器人五五分[笑哭R]跑步超级搞笑,2026.04.20,江西,17.0,,32,混合|观众,混合,观众,8,,47
69e634590000000022003bb5,"每个马拉松机器人，都有自己的热血故事。

",,824.0,1,69e6518d000000001401dc02,,6977b0f200000000210234b4,看完感觉跟真人跑完一样，机器人也不容易,2026.04.21,江苏,15.0,0.0,19,常态|观众,常态,观众,5,常态,47
69e44278000000001a0217bb,"机器人超过我的瞬间

",6019.0,372.0,1,69e443c50000000014019c00,,5b49b1fef7e8b916796a619d,机器人跑姿不错[偷笑R]我是热崩了,2026.04.19,北京,9.0,4.0,17,强势|被超越者,强势,被超越者,3,强势成功,47
69e447d2000000001d01aa01,"当算法有了腿，程序员万万没想到……

",,2912.0,2,69e477260000000014019801,69e44a84000000001401b822,568b96eb1c07df7f9bd9960c,你别说，这机器人只要不摔跤还跑挺快,2026.04.19,上海,6.0,,17,强势|服务者,强势,服务者,5,强势成功,47
69e44171000000001a026b25,"机器人马拉松比赛摔倒丝滑起身帅炸了🔥🔥

",9971.0,613.0,1,69e463f3000000001401bc04,,5cdec9060000000005002214,救大命了，我在北京今天这个大风沙尘的破天气里，待在家里看了半天机器人跑步比赛，笑的我嘎嘎的[大笑R][大笑R][大笑R],2026.04.19,北京,5.0,0.0,60,混合|观众,混合,观众,12,,47
69e634590000000022003bb5,"每个马拉松机器人，都有自己的热血故事。

",,824.0,1,69e76d9a000000001401a81b,,6685772c000000000f03584d,你们的机器人跑步姿势很自然，我看到好多机器人跑步姿势都奇奇怪怪的。,2026.04.21,浙江,4.0,0.0,33,常态|观众,常态,观众,9,常态,47
69e44278000000001a0217bb,"机器人超过我的瞬间

",6019.0,372.0,1,69e4c709000000001401ac19,,5a25445311be1046d96b3d85,這個是哪家的什麼型號的機器人，跑的好帥啊啊啊[大笑R],2026.04.19,中国香港,3.0,2.0,27,强势|被超越者,强势,被超越者,7,强势成功,47
69e47f8f000000001f007203,"2026年机器人马拉松状态，五年后再看🤣

",,5834.0,1,69e57e6a000000001401ac10,,5b71580af7e8b9374bc2263a,这款机器人跑的这几步像极了我当年跑800的样子[笑哭R][笑哭R][笑哭R],2026.04.20,浙江,3.0,0.0,38,混合|观众,混合,观众,7,,47
69e481e8000000002003ad94,"

",,,1,69e488fa000000001401bc15,,6306ca0d000000001200ed7b,这个姿态真的挺像人的，不管是停下来还是起步跑。机器人离实操做来越近了,2026.04.19,广东,3.0,0.0,34,强势|服务者,强势,服务者,9,强势成功,47
69e481e8000000002003ad94,"

",,,1,69e499e8000000001401c83b,,659920930000000022000497,机器人减速站住这两步挺帅的。,2026.04.19,云南,2.0,0.0,14,强势|服务者,强势,服务者,5,强势成功,47
69df625d0000000021005c63,"“扶我起来，我还能再跑10公里”

",,9992.0,1,69df9ea3000000000d036704,,5b400c6d4eacab0c8b1f057e,大晚上笑的肚子疼，还不能笑出声，怕把娃笑醒[捂脸R]机器人跑步哪家强[偷笑R],2026.04.15,陕西,2.0,0.0,39,失败|观众,失败,观众,7,失败,47
69e634590000000022003bb5,"每个马拉松机器人，都有自己的热血故事。

",,824.0,1,69e77110000000001401b027,,5f5cd1a60000000001008cea,看机器人跑步看哭了[笑哭R],2026.04.21,浙江,2.0,0.0,14,常态|观众,常态,观众,2,常态,47
69e463df000000001b003017,"

",3270.0,219.0,1,69e46506000000001401cc43,,683f992a000000001b01abb8,这款机器人确实跑的挺快[点赞R],2026.04.19,四川,2.0,0.0,16,强势|服务者,强势,服务者,4,强势成功,47
69e44278000000001a0217bb,"机器人超过我的瞬间

",6019.0,372.0,1,69e5a26e000000001401c412,,6288597c0000000021021fdc,机器人跑步的姿态好舒展,2026.04.20,上海,1.0,0.0,11,强势|被超越者,强势,被超越者,4,强势成功,47
69e4426b000000001d01c7ed,"一个大的一个小的一个废的

",,7334.0,1,69e47d25000000001401b017,,613b7133000000000201da0d,那小机器人跑的真稳当，哈哈哈,2026.04.19,浙江,1.0,0.0,14,混合|观众,混合,观众,2,,47
69da7e87000000001a03484e,"今晚的亦庄机器人马拉松测试

",,8169.0,1,69daf23400000000350259fa,,689dca32000000001900c114,机器人领跑员[偷笑R],2026.04.12,河南,1.0,0.0,11,强势|观众,强势,观众,2,强势成功,47
69e47f8f000000001f007203,"2026年机器人马拉松状态，五年后再看🤣

",,5834.0,1,69e74a58000000001401c833,,550ef29c2e1d934a4839223f,笑死了 虽然都是机器人但是跑步姿势各不相同，好像看到了他们的人型,2026.04.21,河北,1.0,0.0,32,混合|观众,混合,观众,7,,47
69e47f8f000000001f007203,"2026年机器人马拉松状态，五年后再看🤣

",,5834.0,1,69e569330000000014019c04,,63750fc7000000001f01c16c,看着机器人跑的乱糟糟感觉人好搞笑,2026.04.20,广东,1.0,0.0,16,混合|观众,混合,观众,5,,47
69e481e8000000002003ad94,"

",,,1,69e77c090000000014018c04,,5c2cca41000000000501ff22,每次看到人形机器人跑步我就想起这货来,2026.04.21,山东,1.0,0.0,18,强势|服务者,强势,服务者,5,强势成功,47
69e481e8000000002003ad94,"

",,,1,69e4a6fe0000000014019c0d,,58b7e6ad82ec390ebffa2515,这机器人造的，不是跳舞就是跑步的，玩吧，你们开心就好,2026.04.19,北京,1.0,7.0,26,强势|服务者,强势,服务者,6,强势成功,47
69df625d0000000021005c63,"“扶我起来，我还能再跑10公里”

",,9992.0,1,69dfa8270000000016017966,,685031d2000000001d009892,红色机器人跑得猿里猿气的～～、,2026.04.15,上海,1.0,0.0,15,失败|观众,失败,观众,2,失败,47
69e45dbe000000001f00434f,"机器人跑马拉松超越人类？

",4650.0,773.0,1,69e52076000000001401a803,,5f6cd0190000000001005aa8,在找双肩摇晃 左右上臂翘起的机器人，更像女生跑步，很优雅[偷笑R],2026.04.20,日本,1.0,4.0,33,强势|观众,强势,观众,9,强势成功,47
69e45dbe000000001f00434f,"机器人跑马拉松超越人类？

",4650.0,773.0,1,69e51f56000000001401a005,,660610cb000000000600e886,机器人的跑姿居然也不一样，很有个性,2026.04.20,江苏,1.0,0.0,17,强势|观众,强势,观众,4,强势成功,47
69e46730000000001d0199c8,"

",,761.0,1,69e9dc0d000000001401e819,,69db2f180000000033011fd6,机器人跑的很搞笑了，没有你的解说搞笑,2026.04.23,黑龙江,1.0,0.0,18,强势|观众,强势,观众,4,强势成功,47
69e46730000000001d0199c8,"

",,761.0,1,69e5e4e50000000014018c21,,62a87103000000001b02a3ea,机器人跑的搞笑程度100%，博主解说的搞笑程度10000000%[捂脸R][捂脸R][捂脸R],2026.04.20,山东,1.0,0.0,47,强势|观众,强势,观众,9,强势成功,47
69e634590000000022003bb5,"每个马拉松机器人，都有自己的热血故事。

",,824.0,1,69e6ce0e000000001401e805,,6211e5e70000000021020156,看完了，太不容易了，完赛了[派对R]祝贺🎉这小机器人真够努力的😂最后感觉跟人一样靠意志品质到终点的,2026.04.21,上海,1.0,0.0,49,常态|观众,常态,观众,12,常态,47
69e59e520000000022027a90,"花田里犯了错|机器人马拉松正赛搞笑赏析

",,2593.0,1,69e9aafa000000001401ac09,,634b8040000000001901c5a5,去年那个美女机器人走猫步那个，这次怎么不来假装啊。资本作假没代价，老百姓做假法律代价。,2026.04.23,山西,1.0,0.0,43,弱势|观众,弱势,观众,13,弱势,47
69e429b4000000001b00037a,"张杰演唱会机器人来参加半马了？？

",,2026.0,1,69e440ed000000001401c035,,5b430a7ee8ac2b19a0a2dd9a,破案了 这个就是宇树G1[doge]春晚的武BOT[doge],2026.04.19,北京,802.0,14.0,31,常态|观众,常态,观众,5,常态,48
69df625d0000000021005c63,"“扶我起来，我还能再跑10公里”

",,9992.0,2,69df989c0000000001004e92,69df971b00000000350151b3,5c37f9f70000000006012b14,宇树的还是哪家的不是百米都进10s了么,2026.04.15,浙江,495.0,,19,失败|观众,失败,观众,4,失败,48
69e59e520000000022027a90,"花田里犯了错|机器人马拉松正赛搞笑赏析

",,2593.0,2,69e61396000000001401dc1d,69e61193000000001401e001,5bfe43980468c00001b3d450,分两种，一个是遥控操控的，一种是自主跑的。遥控的跑步时间要×1.2的系数。所以最后宇树虽然第一个撞线，但还是没拿到前三,2026.04.20,广东,141.0,,59,弱势|观众,弱势,观众,16,弱势,48
69e59e520000000022027a90,"花田里犯了错|机器人马拉松正赛搞笑赏析

",,2593.0,2,69e639f2000000001401a425,69e6373b000000001401b02c,5f1fc728000000000101c3f4,拍手那个是其他厂家买的宇树机器人，程序是自己开发的；宇树用的机器人不是春晚上那一款，宇树没拿冠军是因为他们的机器人开始的设计不是为了跑所以结构上肯定比不过专为跑步的机器人，荣耀那个机器人属于创造出来只为了跑步，设计方向不一样,2026.04.20,辽宁,130.0,,112,弱势|观众,弱势,观众,33,弱势,48
69e463df000000001b003017,"

",3270.0,219.0,2,69e59ed8000000001401c028,69e578ee000000001401bc24,5ad9610e11be105679759d79,那是民间团体和国外团队，他们是买了宇树G2自己调教参赛[笑哭R]宇树官方用的H1,2026.04.20,四川,117.0,,40,强势|服务者,强势,服务者,10,强势成功,48
69e2583b00000000230211ea,"

",,2406.0,2,69e2fd16000000001401bc32,69e2f832000000001401e016,5d297ed4000000001603abae,那是宇树的成熟货架产品高级版，这个估计就是那个学校学生好的团队研发，差距大了去了,2026.04.18,山东,105.0,,40,失败|抢救者,失败,抢救者,11,失败,48
69e59e520000000022027a90,"花田里犯了错|机器人马拉松正赛搞笑赏析

",,2593.0,1,69e6373b000000001401b02c,,5cbad0960000000011038f5d,宇树又是功夫又是嘲笑拍手的，为啥不认真使劲跑啊？感觉他能舞能武的跑步重复动作应该很简单啊,2026.04.20,山东,66.0,6.0,44,弱势|观众,弱势,观众,11,弱势,48
69e429b4000000001b00037a,"张杰演唱会机器人来参加半马了？？

",,2026.0,2,69e432e8000000001401d816,69e42d50000000001401c802,5c9b7ef70000000010033108,杰哥用的就不是宇树，是北京天九的，这家就是做表演型的,2026.04.19,辽宁,44.0,,26,常态|观众,常态,观众,6,常态,48
69e429b4000000001b00037a,"张杰演唱会机器人来参加半马了？？

",,2026.0,2,69e46926000000001401d42e,69e467af000000001401b01d,63b6c5840000000026006f23,这些自主队伍，大部分都是买宇树的机器人然后自己录入程序，不一样的是自主加装备（摄像头，传感器之类的）和编程，说是机器人比赛，本质是编程比赛，跑步不行，说明跑步编程没做到位而已,2026.04.19,福建,19.0,,87,常态|观众,常态,观众,27,常态,48
69e481e8000000002003ad94,"

",,,2,69e48cdc000000001401ac08,69e487f9000000001401e425,6222b9430000000010008fe7,宇树几十万的年薪应该给你,2026.04.19,广东,16.0,,12,强势|服务者,强势,服务者,3,强势成功,48
69e429b4000000001b00037a,"张杰演唱会机器人来参加半马了？？

",,2026.0,1,69e42d50000000001401c802,,5b430a7ee8ac2b19a0a2dd9a,家人们这个好像不是宇树的[完啦R]但是衣服真的好像,2026.04.19,北京,14.0,5.0,25,常态|观众,常态,观众,6,常态,48
69e48341000000001a02d0c4,"机器人马拉松，我们看乐了，西方人看破防了🤣

",3931.0,1022.0,1,69e489b20000000014019418,,5bfeb69e0000000005014967,宇树是干嘛来的[笑哭R],2026.04.19,北京,13.0,12.0,12,强势|观众,强势,观众,2,强势成功,48
69e4551e000000001f005895,"荣耀机器人赢麻了🤖我觉得它表情在嘲讽我

",,816.0,2,69e4b7dc000000001401d814,69e490dd000000001401e423,5a684312e8ac2b0c9012c24f,宇树是去整活的不是去拿奖的，半路跳舞给大家看[偷笑R],2026.04.19,北京,13.0,,27,强势|被超越者,强势,被超越者,5,强势成功,48
69e6f2bc0000000023005345,"🍼机器人第一视角，好多人呀

",,687.0,2,69e7a254000000001401c808,69e79d67000000001401d426,5a8ead64b1da1467f1238689,那个是不是宇树的[暗中观察R] 我记得是72号[暗中观察R][暗中观察R],2026.04.22,广东,13.0,,37,弱势|观众,弱势,观众,4,弱势,48
69e429b4000000001b00037a,"张杰演唱会机器人来参加半马了？？

",,2026.0,2,69e476f4000000001401e821,69e440ed000000001401c035,646e25d6000000000f007402,这是别人的买了宇树机器的  宇树这次参赛的是黑色的。自主的 。但是摔掺了。。已经开始有人黑了。。我觉得明年更有看头,2026.04.19,河南,12.0,,57,常态|观众,常态,观众,12,常态,48
69e44171000000001a026b25,"机器人马拉松比赛摔倒丝滑起身帅炸了🔥🔥

",9971.0,613.0,2,69e4bd780000000014019c26,69e45b34000000001401cc02,5db9c9e30000000001002789,这类比赛里宇树大部分都是提供平台吧，参赛队伍自己弄的程序那些,2026.04.19,广东,9.0,,30,混合|观众,混合,观众,10,,48
69e463df000000001b003017,"

",3270.0,219.0,2,69e5b5fd0000000014019c2a,69e578ee000000001401bc24,62a20935000000001b0258fc,哈哈哈'这个显眼包原来是宇树的啊！蛮帅的[偷笑R]舞跑得也好！,2026.04.20,湖北,9.0,,31,强势|服务者,强势,服务者,6,强势成功,48
69e59e520000000022027a90,"花田里犯了错|机器人马拉松正赛搞笑赏析

",,2593.0,2,69e73dcb000000001401b81b,69e6373b000000001401b02c,5f1c017c0000000001003c6e,并不是，宇树第三，这个g1是别人买的宇树用自己的算法拿来参赛的,2026.04.21,四川,8.0,,31,弱势|观众,弱势,观众,8,弱势,48
69e41e24000000001a025f1a,"人形机器人半马摔倒瞬间🔥🔥

",1155.0,129.0,2,69e4324a000000001401941c,69e431970000000014019006,5e0d64cb000000000100b6aa,这个看上去像是宇树家的吧,2026.04.19,北京,6.0,,12,失败|观众,失败,观众,3,失败,48
69e4551e000000001f005895,"荣耀机器人赢麻了🤖我觉得它表情在嘲讽我

",,816.0,2,69e49b53000000001401e414,69e490dd000000001401e423,62ed0245000000001e01fe66,他家的应该不行吧,2026.04.19,上海,5.0,,8,强势|被超越者,强势,被超越者,2,强势成功,48
69da7e87000000001a03484e,"今晚的亦庄机器人马拉松测试

",,8169.0,2,69db23da000000000c032a84,69dafc3a0000000035010a34,6643709800000000070070aa,宇树姿势特别拟人，身体微微前倾，摆胯,2026.04.12,浙江,5.0,,18,强势|观众,强势,观众,7,强势成功,48
69da7e87000000001a03484e,"今晚的亦庄机器人马拉松测试

",,8169.0,2,69db081e0000000035033911,69db07d900000000020368d2,62a32bbc0000000010006dc6,宇树肯定遥遥领先,2026.04.12,四川,5.0,,8,强势|观众,强势,观众,3,强势成功,48
69e4b08d000000001d01c1bc,"机器人马拉松参赛选手“进化速度这一块”

",,379.0,2,69e4e731000000001401c434,69e4d08e000000001401a422,5bdda4364e6a180001af7323,好像宇树家的[捂脸R],2026.04.19,江苏,5.0,,11,混合|观众,混合,观众,2,,48
69e59e520000000022027a90,"花田里犯了错|机器人马拉松正赛搞笑赏析

",,2593.0,2,69e64af8000000001401e410,69e61193000000001401e001,5bfe43980468c00001b3d450,宇树还是很厉害的，不过百花齐放更好,2026.04.20,广东,5.0,,17,弱势|观众,弱势,观众,5,弱势,48
69e2583b00000000230211ea,"

",,2406.0,1,69e309df000000001401dc36,,60b198460000000001003c2f,宇树是不是禁赛，太欺负人了,2026.04.18,广东,4.0,1.0,13,失败|抢救者,失败,抢救者,4,失败,48
69e48341000000001a02d0c4,"机器人马拉松，我们看乐了，西方人看破防了🤣

",3931.0,1022.0,2,69e48d36000000001401cc37,69e489b20000000014019418,6501c52b0000000012005e65,宇树在玩百米短跑[偷笑R],2026.04.19,重庆,4.0,,13,强势|观众,强势,观众,3,强势成功,48
69e59e520000000022027a90,"花田里犯了错|机器人马拉松正赛搞笑赏析

",,2593.0,2,69e6f73c000000001401dc00,69e6d2cf000000001401a416,5d52917b0000000012012abe,对，那个跑几步就跳舞，应该是宇树的，动作很漂亮，为了炫舞技参加马拉松,2026.04.21,山东,4.0,,34,弱势|观众,弱势,观众,9,弱势,48
69df625d0000000021005c63,"“扶我起来，我还能再跑10公里”

",,9992.0,2,69dfa5d6000000000203683a,69df971b00000000350151b3,5e4f924d0000000001002575,你看看宇树那几家，top的都很牛逼了，视频里这些是下一个档次的，但是这个下一个档次的已经赶上了去年宇树他们的水平了，已经发展很快了。,2026.04.15,广东,3.0,,66,失败|观众,失败,观众,14,失败,48
69e48341000000001a02d0c4,"机器人马拉松，我们看乐了，西方人看破防了🤣

",3931.0,1022.0,2,69e4dea6000000001401d821,69e489b20000000014019418,5c65e016000000001002b234,宇树那孩子，比赛不重要，重要的是给大家助助兴[暗中观察R],2026.04.19,广东,3.0,,29,强势|观众,强势,观众,7,强势成功,48
69e59e520000000022027a90,"花田里犯了错|机器人马拉松正赛搞笑赏析

",,2593.0,2,69e7531a000000001401cc1b,69e73bce000000001401980a,60b8cb39000000000101f321,不是，5个外国参赛队，都是德法之类的大学，但是他们还无法完成硬件制造，买的是宇树的机器人，然后自己编程灌软件参赛。最后反正是全军覆没，这行业现在也是只有中美在正经在赛道上，其他的国家现在是气氛组。,2026.04.21,上海,3.0,,98,弱势|观众,弱势,观众,25,弱势,48
69e463df000000001b003017,"

",3270.0,219.0,1,69e6d300000000001401d404,,5e1306780000000001003fb0,机器人激动得半天说不出一句话[笑哭R],2026.04.21,广东,86.0,1.0,19,强势|服务者,强势,服务者,5,强势成功,49
69e481e8000000002003ad94,"

",,,1,69e4a296000000001401dc0a,,643bc13f000000000e01fe19,機器人也會肌肉酸痛[doge],2026.04.19,中国台湾,11.0,3.0,15,强势|服务者,强势,服务者,4,强势成功,49
69e47f8f000000001f007203,"2026年机器人马拉松状态，五年后再看🤣

",,5834.0,1,69e5738f000000001401e41a,,664c251f00000000030322ff,看机器人干啥都有一种在欺负老头老太太的感觉[捂脸R][捂脸R][捂脸R][捂脸R][捂脸R],2026.04.20,甘肃,2.0,0.0,46,混合|观众,混合,观众,5,,49
69e46730000000001d0199c8,"

",,761.0,1,69e4c658000000001401dc0a,,56f8f5a44775a76840fe76e8,你好平静的对每个机器人蛐蛐[笑哭R][笑哭R][笑哭R],2026.04.19,安徽,2.0,0.0,28,强势|观众,强势,观众,5,强势成功,49
69e59e520000000022027a90,"花田里犯了错|机器人马拉松正赛搞笑赏析

",,2593.0,1,69e5dc59000000001401dc38,,5cf73cac000000001801fe21,人类已经够卷了，没想到机器人也这么卷[捂脸R][捂脸R][捂脸R],2026.04.20,浙江,2.0,0.0,33,弱势|观众,弱势,观众,3,弱势,49
69e4426b000000001d01c7ed,"一个大的一个小的一个废的

",,7334.0,1,69e4779a000000001401c40c,,5782ed3f82ec3978b3f640c3,这机器人体态有问题,2026.04.19,湖南,1.0,1.0,9,混合|观众,混合,观众,3,,49
69e2583b00000000230211ea,"

",,2406.0,1,69e30cc4000000001401c032,,67c90fa3000000000e01e6ec,这机器人好像有点去世了[doge],2026.04.18,上海,1.0,1.0,17,失败|抢救者,失败,抢救者,3,失败,49
69e47f8f000000001f007203,"2026年机器人马拉松状态，五年后再看🤣

",,5834.0,1,69e5903f000000001401b800,,5e41368e000000000100821c,植物人大战机器人,2026.04.20,云南,1.0,0.0,8,混合|观众,混合,观众,4,,49
69e481e8000000002003ad94,"

",,,1,69e74886000000001401cc30,,5b6af20af7e8b95952d52944,连机器人都累得站不稳了……,2026.04.21,江苏,1.0,0.0,13,强势|服务者,强势,服务者,3,强势成功,49
69e447d2000000001d01aa01,"当算法有了腿，程序员万万没想到……

",,2912.0,1,69e4881b0000000014018812,,5e68dc85000000000100be97,机器人说少管我[笑哭R][笑哭R][笑哭R],2026.04.19,安徽,1.0,0.0,22,强势|服务者,强势,服务者,2,强势成功,49
69e44171000000001a026b25,"机器人马拉松比赛摔倒丝滑起身帅炸了🔥🔥

",9971.0,613.0,1,69e47fe80000000014019829,,5ca46a2f0000000016004f13,机器人:俺歇一下子肿么了？,2026.04.19,上海,1.0,0.0,13,混合|观众,混合,观众,2,,49
69e59e520000000022027a90,"花田里犯了错|机器人马拉松正赛搞笑赏析

",,2593.0,1,69e92a980000000014018c01,,642e368d0000000012011688,机器人累死了,2026.04.23,陕西,1.0,0.0,6,弱势|观众,弱势,观众,2,弱势,49
69e429b4000000001b00037a,"张杰演唱会机器人来参加半马了？？

",,2026.0,1,69e44eb60000000014019c05,,675d42c20000000019009dd0,这种机器人我孩子一夫当关万夫莫开,2026.04.19,陕西,1.0,0.0,16,常态|观众,常态,观众,4,常态,49
69da7e87000000001a03484e,"今晚的亦庄机器人马拉松测试

",,8169.0,2,69db1ec0000000000d03c1a8,69db07d900000000020368d2,60f1747800000000010051bf,机器人：我也是太难了,2026.04.12,浙江,1.0,,10,强势|观众,强势,观众,2,强势成功,49
69e44278000000001a0217bb,"机器人超过我的瞬间

",6019.0,372.0,1,69e47fb5000000001401b821,,5c2e1d80000000000502d601,血肉苦多，机械飞升,2026.04.19,浙江,0.0,0.0,9,强势|被超越者,强势,被超越者,4,强势成功,49
69e4426b000000001d01c7ed,"一个大的一个小的一个废的

",,7334.0,1,69e4650b000000001401b017,,6260cf0e000000001000eec2,这机器人咋打这么多肌贴啊[doge],2026.04.19,上海,0.0,0.0,18,混合|观众,混合,观众,2,,49
69e4426b000000001d01c7ed,"一个大的一个小的一个废的

",,7334.0,1,69e484f8000000001401c00f,,59d513c020e88f28ee60837a,真受不了了，机器人的乐子压根看不完[捂脸R],2026.04.19,广东,0.0,0.0,22,混合|观众,混合,观众,5,,49
69e2583b00000000230211ea,"

",,2406.0,1,69e4a562000000001401b02a,,627a10820000000021025f9a,机器人：再让我走来走去我就嘎嘣一下死这[doge],2026.04.19,河北,0.0,0.0,25,失败|抢救者,失败,抢救者,3,失败,49
69e2583b00000000230211ea,"

",,2406.0,1,69e310b5000000001401d80d,,678e40a9000000000e013ff7,机器人磕到甲沟炎了吗[doge][爆炸R],2026.04.18,福建,0.0,0.0,21,失败|抢救者,失败,抢救者,3,失败,49
69e2583b00000000230211ea,"

",,2406.0,1,69e2ff3d000000001401c000,,635aab890000000018029cec,机器一败涂地[捂脸R],2026.04.18,广西,0.0,0.0,11,失败|抢救者,失败,抢救者,2,失败,49
69e2583b00000000230211ea,"

",,2406.0,1,69e2f88f000000001401c404,,54e5bd6fb4c4d65bf847e938,机器人自我崩溃啊,2026.04.18,上海,0.0,0.0,8,失败|抢救者,失败,抢救者,3,失败,49
69da7e87000000001a03484e,"今晚的亦庄机器人马拉松测试

",,8169.0,1,69db5e920000000002037102,,6965f0b1000000003702be1f,你看到了什么？机器人生产机器人，我得躺平了,2026.04.12,浙江,0.0,0.0,21,强势|观众,强势,观众,4,强势成功,49
69da7e87000000001a03484e,"今晚的亦庄机器人马拉松测试

",,8169.0,1,69db5607000000000d03554d,,5676c12d5e87e708f85ff5a3,姿势不对呢，机器人要累的喔,2026.04.12,江苏,0.0,0.0,13,强势|观众,强势,观众,4,强势成功,49
69da7e87000000001a03484e,"今晚的亦庄机器人马拉松测试

",,8169.0,1,69db128e000000000c032f6e,,612acba100000000200287c8,机器人被人类裹挟着卷起来！,2026.04.12,北京,0.0,0.0,13,强势|观众,强势,观众,4,强势成功,49
69e42cc100000000220001ad,"机器人马拉松倒数第一名，萌翻了🤣🤣🤣

",,8501.0,1,69e508d60000000014018c0b,,5ad1d5376b58b72b4054b759,小机器人：哇😭，它们欺负我[捂脸R][捂脸R],2026.04.20,广东,0.0,0.0,23,弱势|观众,弱势,观众,2,弱势,49
69e47f8f000000001f007203,"2026年机器人马拉松状态，五年后再看🤣

",,5834.0,1,69ec0390000000002701d554,,612bdba3000000000100304a,原来机器人也会累 看来我打螺丝暂时没人和我抢工作,2026.04.25,山东,0.0,0.0,24,混合|观众,混合,观众,7,,49
69e47f8f000000001f007203,"2026年机器人马拉松状态，五年后再看🤣

",,5834.0,1,69e722a8000000001401c824,,58a2f4e382ec3929119a7e93,一圈看下来 这个机器人动作标准的可怕,2026.04.21,广东,0.0,0.0,18,混合|观众,混合,观众,6,,49
69e47f8f000000001f007203,"2026年机器人马拉松状态，五年后再看🤣

",,5834.0,1,69e6f00e000000001401c41d,,69aa9241000000003302467e,人卷不动，卷机器人了,2026.04.21,四川,0.0,0.0,10,混合|观众,混合,观众,3,,49
69e47f8f000000001f007203,"2026年机器人马拉松状态，五年后再看🤣

",,5834.0,1,69e6e9950000000014018817,,567558d25e87e7020fedf52d,竟然在机器人身上感受到了疲惫[doge],2026.04.21,北京,0.0,0.0,20,混合|观众,混合,观众,5,,49
69e47f8f000000001f007203,"2026年机器人马拉松状态，五年后再看🤣

",,5834.0,1,69e6e5ea000000001401ac01,,5ac6f6de4eacab256ba594da,看每一个机器人都幻视珍珠小子[偷笑R],2026.04.21,四川,0.0,0.0,19,混合|观众,混合,观众,4,,49
69e45dbe000000001f00434f,"机器人跑马拉松超越人类？

",4650.0,773.0,2,69e4e324000000001401b024,69e4e279000000001401a41b,5ea82e9700000000010093f0,轻松优雅最像人类,2026.04.19,北京,365.0,,8,强势|观众,强势,观众,4,强势成功,50
69e45dbe000000001f00434f,"机器人跑马拉松超越人类？

",4650.0,773.0,2,69e4dcc3000000001401b031,69e4daa5000000001401c02c,5e36a1760000000001009520,姿势感觉最流畅啊,2026.04.19,山东,55.0,,8,强势|观众,强势,观众,2,强势成功,50
69e45dbe000000001f00434f,"机器人跑马拉松超越人类？

",4650.0,773.0,2,69e501c50000000014018803,69e4e279000000001401a41b,62bfd886000000001b029a9e,体态最好[偷笑R],2026.04.20,广东,50.0,,9,强势|观众,强势,观众,2,强势成功,50
69da7e87000000001a03484e,"今晚的亦庄机器人马拉松测试

",,8169.0,1,69dae3bd000000001500924b,,630433be000000000f0055ba,最后那个机器人姿态最好,2026.04.12,北京,6.0,1.0,11,强势|观众,强势,观众,4,强势成功,50
69e47f8f000000001f007203,"2026年机器人马拉松状态，五年后再看🤣

",,5834.0,1,69e6126c000000001401c422,,5f23c63c00000000010021c7,这个最像人体动态,2026.04.20,湖北,5.0,0.0,8,混合|观众,混合,观众,3,,50
69da7e87000000001a03484e,"今晚的亦庄机器人马拉松测试

",,8169.0,2,69db00f400000000140087c3,69dafc3a0000000035010a34,6483ed5700000000100376fe,这个姿态最好,2026.04.12,上海,5.0,,6,强势|观众,强势,观众,2,强势成功,50
69da7e87000000001a03484e,"今晚的亦庄机器人马拉松测试

",,8169.0,1,69dad1630000000035020623,,55744f85a75c95220469cdf1,最后一个像何杰,2026.04.12,广东,4.0,0.0,7,强势|观众,强势,观众,2,强势成功,50
69e429b4000000001b00037a,"张杰演唱会机器人来参加半马了？？

",,2026.0,1,69e4530b000000001401c023,,625399270000000010009975,向佐上了马路,2026.04.19,美国,4.0,0.0,6,常态|观众,常态,观众,2,常态,50
69e47f8f000000001f007203,"2026年机器人马拉松状态，五年后再看🤣

",,5834.0,2,69e81c5b000000001401e803,69e59530000000001401d424,5f6db211000000000100b672,这个最像人的姿势,2026.04.22,山东,4.0,,8,混合|观众,混合,观众,3,,50
69e48341000000001a02d0c4,"机器人马拉松，我们看乐了，西方人看破防了🤣

",3931.0,1022.0,1,69e4e755000000001401e407,,65c24b7c000000001a0109ae,这个是按照向左的风格来做的？,2026.04.19,广东,3.0,0.0,14,强势|观众,强势,观众,2,强势成功,50
69e429b4000000001b00037a,"张杰演唱会机器人来参加半马了？？

",,2026.0,1,69e4491a000000001401a80c,,5abaf8cce8ac2b560e2cde7b,后面这段，向左附体,2026.04.19,上海,3.0,0.0,9,常态|观众,常态,观众,3,常态,50
69e429b4000000001b00037a,"张杰演唱会机器人来参加半马了？？

",,2026.0,1,69e459c5000000001401c009,,5f636d6d000000000101fe59,动作真的很流畅,2026.04.19,江西,2.0,0.0,7,常态|观众,常态,观众,3,常态,50
69e429b4000000001b00037a,"张杰演唱会机器人来参加半马了？？

",,2026.0,1,69e44d18000000001401a401,,5678f078e00dd80ba3da1642,第二段像被向左附体,2026.04.19,上海,2.0,0.0,9,常态|观众,常态,观众,2,常态,50
69e429b4000000001b00037a,"张杰演唱会机器人来参加半马了？？

",,2026.0,1,69e445e6000000001401b828,,58a7f0cc5e87e707ea1104e8,后面这一套很像向左耶,2026.04.19,海南,2.0,0.0,10,常态|观众,常态,观众,2,常态,50
69da7e87000000001a03484e,"今晚的亦庄机器人马拉松测试

",,8169.0,1,69db015f000000000103fd3c,,641a4e310000000012011419,第三第四个感觉就很拟人了[偷笑R],2026.04.12,广东,1.0,1.0,17,强势|观众,强势,观众,2,强势成功,50
69e481e8000000002003ad94,"

",,,1,69e4a7ea000000001401e806,,616038470000000002023abb,恢复到最佳状态,2026.04.19,天津,1.0,0.0,7,强势|服务者,强势,服务者,3,强势成功,50
69e5a09a000000002103ba03,"半马途中机器人即兴表演，越夸越上头

",711.0,83.0,1,69e64df40000000014019421,,5b1ca9544eacab3a2d850bd7,逐渐忘了自己来干嘛的[捂脸R]主打松弛[doge],2026.04.21,北京,1.0,0.0,25,常态|观众,常态,观众,4,常态,50
69e5a09a000000002103ba03,"半马途中机器人即兴表演，越夸越上头

",711.0,83.0,1,69e5dc23000000001401dc0d,,62655c3d000000001000f2aa,最后向佐附体[斜眼R][doge],2026.04.20,上海,1.0,0.0,17,常态|观众,常态,观众,2,常态,50
69e46730000000001d0199c8,"

",,761.0,1,69e49c97000000001401bc21,,5fa534f7000000000100188a,第三个姿态最好,2026.04.19,河南,1.0,0.0,7,强势|观众,强势,观众,3,强势成功,50
69e46730000000001d0199c8,"

",,761.0,1,69e5951d000000001401c402,,65e29277000000000d027c19,第三个模仿人类动作模仿的好像,2026.04.20,山东,1.0,0.0,14,强势|观众,强势,观众,6,强势成功,50
69e59e520000000022027a90,"花田里犯了错|机器人马拉松正赛搞笑赏析

",,2593.0,1,69e9c35f000000001401e411,,558be8eb3397db57ebcd56a5,最后一个有点像怪奇物语啊,2026.04.23,陕西,1.0,0.0,12,弱势|观众,弱势,观众,4,弱势,50
69e429b4000000001b00037a,"张杰演唱会机器人来参加半马了？？

",,2026.0,1,69e44f6b0000000014018c19,,5fdc36530000000001008aa5,最后模仿的是向佐么,2026.04.19,黑龙江,1.0,0.0,9,常态|观众,常态,观众,2,常态,50
69e45dbe000000001f00434f,"机器人跑马拉松超越人类？

",4650.0,773.0,2,69e5f141000000001401cc33,69e4e279000000001401a41b,57d5317a82ec392f96ad69d7,最接近人类,2026.04.20,浙江,1.0,,5,强势|观众,强势,观众,2,强势成功,50
69db34bb000000001a0348ae,"机器人抢救现场

",4896.0,1198.0,1,69dcc13500000000160158da,,610aa3190000000001007d69,第五张是什么雷霆姿势[暗中观察R],2026.04.13,江苏,0.0,0.0,17,失败|抢救者,失败,抢救者,4,失败,50
69e41e24000000001a025f1a,"人形机器人半马摔倒瞬间🔥🔥

",1155.0,129.0,1,69e4a6a2000000001401c436,,5f02b921000000000101c460,最后是那下是巴神附体了么,2026.04.19,北京,0.0,0.0,12,失败|观众,失败,观众,3,失败,50
69da7e87000000001a03484e,"今晚的亦庄机器人马拉松测试

",,8169.0,1,69db8b56000000000202a97b,,554b20daaf814723a5af3e2b,前三位 怎么看怎么像马上要跪在地上了  后面的体态正常些 不过 长得都好可爱呀,2026.04.12,北京,0.0,0.0,39,强势|观众,强势,观众,9,强势成功,50
69da7e87000000001a03484e,"今晚的亦庄机器人马拉松测试

",,8169.0,1,69db6c6a0000000002034ab7,,5b174af56b58b7282d0abb48,最后一个好像泰罗,2026.04.12,浙江,0.0,0.0,8,强势|观众,强势,观众,3,强势成功,50
69da7e87000000001a03484e,"今晚的亦庄机器人马拉松测试

",,8169.0,1,69db6bc6000000000103f368,,58eae41a6a6a6942ad0cd873,这姿势认真的吗,2026.04.12,北京,0.0,0.0,7,强势|观众,强势,观众,2,强势成功,50
69da7e87000000001a03484e,"今晚的亦庄机器人马拉松测试

",,8169.0,1,69db5f4400000000150084b7,,5cfaf15e0000000012003dfc,第三个还正经点就是有点扰民[偷笑R],2026.04.12,天津,0.0,0.0,18,强势|观众,强势,观众,3,强势成功,50
69da7e87000000001a03484e,"今晚的亦庄机器人马拉松测试

",,8169.0,1,69db5d34000000000203653f,,5ef9908f0000000001003eb3,最后那个不行太像人了 吓人,2026.04.12,海南,0.0,0.0,13,强势|观众,强势,观众,5,强势成功,50
69e481e8000000002003ad94,"

",,,2,69e48b82000000001401cc21,69e4853b000000001401b022,5ea3f2d10000000001006ec6,防蚊喷雾[doge],2026.04.19,北京,12.0,,10,强势|服务者,强势,服务者,2,强势成功,51
69e481e8000000002003ad94,"

",,,1,69e49d3c000000001401e822,,56c3ef4a5e87e7402e90976b,真讲究，还喷防晒[笑哭R],2026.04.19,吉林,6.0,1.0,13,强势|服务者,强势,服务者,2,强势成功,51
69e43b14000000001a02e095,"好萌的小黑仔跑马拉松

",,2760.0,1,69e4502a000000001401dc0b,,5db5403b0000000001004191,喷点防晒，瞧给孩子晒得黢黑,2026.04.19,北京,5.0,1.0,13,弱势|服务者,弱势,服务者,4,弱势,51
69e481e8000000002003ad94,"

",,,2,69e49e5a000000001401cc02,69e49dec000000001401cc0f,5687befecb35fb6d2ea9761e,降温的可不是防晒[捂脸R],2026.04.19,福建,4.0,,13,强势|服务者,强势,服务者,3,强势成功,51
69e481e8000000002003ad94,"

",,,1,69e72e17000000001401c02f,,5e4fadb80000000001002a7e,喷防晒的作用是什么？[石化R],2026.04.21,广东,1.0,0.0,15,强势|服务者,强势,服务者,2,强势成功,51
69e43b14000000001a02e095,"好萌的小黑仔跑马拉松

",,2760.0,1,69e49ae5000000001401901e,,57f5264382ec395792202997,他也喷防晒喷雾啊[偷笑R],2026.04.19,江苏,1.0,0.0,13,弱势|服务者,弱势,服务者,2,弱势,51
69e43b14000000001a02e095,"好萌的小黑仔跑马拉松

",,2760.0,1,69e48f58000000001401d401,,6923f9080000000037003a1f,被蚊子咬了吧，止痒喷雾,2026.04.19,浙江,1.0,1.0,11,弱势|服务者,弱势,服务者,3,弱势,51
69e43b14000000001a02e095,"好萌的小黑仔跑马拉松

",,2760.0,1,69e488e1000000001401a020,,6083a188000000000101d013,[捂脸R]怎么回事呀，本来就怕热还给人家涂黑漆,2026.04.19,广东,1.0,0.0,23,弱势|服务者,弱势,服务者,6,弱势,51
69e43b14000000001a02e095,"好萌的小黑仔跑马拉松

",,2760.0,1,69e486a2000000001401c02b,,6674fd40000000001b016683,孩子晒的黢黑,2026.04.19,法国,1.0,0.0,6,弱势|服务者,弱势,服务者,2,弱势,51
69e43b14000000001a02e095,"好萌的小黑仔跑马拉松

",,2760.0,1,69e48162000000001401e025,,5adc655ee8ac2b57db811602,应该是防晒喷雾,2026.04.19,浙江,1.0,0.0,7,弱势|服务者,弱势,服务者,2,弱势,51
69e43b14000000001a02e095,"好萌的小黑仔跑马拉松

",,2760.0,1,69e47e75000000001401e430,,5ae54373e8ac2b0550da631e,这么大太阳，别晒黑了[doge],2026.04.19,浙江,1.0,0.0,16,弱势|服务者,弱势,服务者,2,弱势,51
69e43b14000000001a02e095,"好萌的小黑仔跑马拉松

",,2760.0,1,69e466b6000000001401902f,,60e52fb900000000010086ae,既然怕热回去给孩子改成浅色吧，不行穿个防晒衣，本来跑步就就热，太阳又大，瞧把孩子晒的。,2026.04.19,四川,1.0,0.0,43,弱势|服务者,弱势,服务者,13,弱势,51
69e43b14000000001a02e095,"好萌的小黑仔跑马拉松

",,2760.0,1,69e458ed000000001401980a,,646fe2b80000000012035095,现在天气蚊虫多，给它穿长裤子,2026.04.19,广东,1.0,0.0,14,弱势|服务者,弱势,服务者,4,弱势,51
69e43b14000000001a02e095,"好萌的小黑仔跑马拉松

",,2760.0,1,69e455ae000000001401d428,,56e37396aed758443ce3627b,光给喷降温的，也给喷点防晒的啊，看给孩子晒得黑的[doge],2026.04.19,内蒙古,1.0,0.0,30,弱势|服务者,弱势,服务者,5,弱势,51
69e43b14000000001a02e095,"好萌的小黑仔跑马拉松

",,2760.0,1,69e4cb420000000014018c17,,6652df0d00000000070063be,防晒知道吗？那是喷防晒霜，人家还是个带小小遮阳帽的宝宝呢҉(*^㉨^*),2026.04.19,江苏,1.0,0.0,36,弱势|服务者,弱势,服务者,7,弱势,51
69e43b14000000001a02e095,"好萌的小黑仔跑马拉松

",,2760.0,1,69e4989f0000000014019c20,,666a77cc000000000303268e,反正不是防晒喷雾，都这么黑了才喷防晒吗,2026.04.19,浙江,1.0,0.0,19,弱势|服务者,弱势,服务者,4,弱势,51
69da7e87000000001a03484e,"今晚的亦庄机器人马拉松测试

",,8169.0,1,69db43290000000002029b45,,647887a2000000001001f0ab,为啥总是喜欢涂黑色?,2026.04.12,广东,0.0,0.0,10,强势|观众,强势,观众,3,强势成功,51
69e42cc100000000220001ad,"机器人马拉松倒数第一名，萌翻了🤣🤣🤣

",,8501.0,1,69e85a720000000014019427,,63b173160000000026007b90,维特丝美白沐浴露果酸祛痘留香,2026.04.22,贵州,0.0,0.0,14,弱势|观众,弱势,观众,6,弱势,51
69e481e8000000002003ad94,"

",,,1,69e49dec000000001401cc0f,,614494d9000000000201aa50,干嘛跟它喷那么多防晒霜？,2026.04.19,四川,0.0,4.0,12,强势|服务者,强势,服务者,2,强势成功,51
69e481e8000000002003ad94,"

",,,1,69e49d6e000000001401b806,,64cb4558000000000b008c32,花露水，蚊虫多,2026.04.19,广东,0.0,0.0,7,强势|服务者,强势,服务者,2,强势成功,51
69e481e8000000002003ad94,"

",,,1,69e49cc3000000001401e021,,5bb386f43b41e50001fbe32a,孩子都跑口渴了，还带着热水瓶罐点水，喷点防虫喷雾怕被蚊虫叮了，就是罗圈腿跑的不好看，但不影响,2026.04.19,浙江,0.0,0.0,46,强势|服务者,强势,服务者,11,强势成功,51
69e481e8000000002003ad94,"

",,,1,69e49c21000000001401c827,,66a0c85b0000000024023182,晒黑了 喷点防晒剂,2026.04.19,韩国,0.0,0.0,9,强势|服务者,强势,服务者,3,强势成功,51
69e481e8000000002003ad94,"

",,,1,69ec3a42000000002b028ed0,,68625c32000000001d00b735,还要喷防晒,2026.04.25,上海,0.0,0.0,5,强势|服务者,强势,服务者,2,强势成功,51
69e481e8000000002003ad94,"

",,,1,69ec0f75000000002701fdbb,,5f783937000000000100b229,还喷防晒喷雾啊,2026.04.25,河南,0.0,0.0,7,强势|服务者,强势,服务者,2,强势成功,51
69e481e8000000002003ad94,"

",,,1,69eacdf3000000001401c40b,,5aa62b46e8ac2b3e669a7b40,这么黑了，还要喷防晒[偷笑R],2026.04.24,湖南,0.0,0.0,15,强势|服务者,强势,服务者,2,强势成功,51
69e481e8000000002003ad94,"

",,,1,69e78573000000001401881d,,5b176e32e8ac2b05c15a93e5,防晒喷雾吗,2026.04.21,安徽,0.0,0.0,5,强势|服务者,强势,服务者,2,强势成功,51
69e481e8000000002003ad94,"

",,,1,69e73709000000001401b00d,,58786a2f82ec391b2da1ed5b,你这个防晒喷雾效果不行啊，都晒黑了[doge][doge][doge][doge][doge][doge],2026.04.21,中国香港,0.0,0.0,53,强势|服务者,强势,服务者,5,强势成功,51
69e481e8000000002003ad94,"

",,,1,69e5f1d1000000001401c812,,5eaa552f0000000001002dc8,呦~他还喷上防晒了[斜眼R],2026.04.20,山东,0.0,0.0,14,强势|服务者,强势,服务者,2,强势成功,51
69e481e8000000002003ad94,"

",,,1,69e58105000000001401a01a,,6028735b000000000101d47b,还喷防晒霜？讲究,2026.04.20,重庆,0.0,0.0,8,强势|服务者,强势,服务者,2,强势成功,51
69e481e8000000002003ad94,"

",,,1,69e4a724000000001401dc21,,5572f9b1faea915b74dfa62f,都这么黑了，就不要喷防晒了，又是阴天,2026.04.19,江苏,0.0,0.0,18,强势|服务者,强势,服务者,3,强势成功,51
69da7e87000000001a03484e,"今晚的亦庄机器人马拉松测试

",,8169.0,2,69daf2440000000035025bc9,69da9a3500000000010073ef,575c088650c4b46fee1372ce,评论区唯一受害者,2026.04.12,北京,245.0,,8,强势|观众,强势,观众,3,强势成功,52
69e40352000000002102fc75,"机器人马拉松现场第一视角看全部队伍

",,1160.0,1,69e4353d000000001401d800,,5f4b5b63000000000101d31a,评论区好多恨不得一秒进入未来模式，又不是明天就噶多点耐心[doge][doge][doge],2026.04.19,广东,229.0,6.0,46,常态|服务者,常态,服务者,10,常态,52
69da7e87000000001a03484e,"今晚的亦庄机器人马拉松测试

",,8169.0,2,69db314f000000000d03e568,69db2efd000000003500fedd,5bb47525c751e0000193c467,其实，你这条评论也没啥用[坏笑R],2026.04.12,辽宁,25.0,,17,强势|观众,强势,观众,3,强势成功,52
69e44278000000001a0217bb,"机器人超过我的瞬间

",6019.0,372.0,2,69e486a9000000001401cc22,69e4573a000000001401a417,5dc03e9a000000000100a79c,我上网就是为了看您这样的评论[赞R],2026.04.19,北京,20.0,,18,强势|被超越者,强势,被超越者,4,强势成功,52
69df625d0000000021005c63,"“扶我起来，我还能再跑10公里”

",,9992.0,2,69dfa872000000000202a0ee,69dfa6f40000000035014bba,60276ab0000000000101dc2c,少发点卖弄自己智商的评论行吗[笑哭R][汗颜R],2026.04.15,广东,14.0,,24,失败|观众,失败,观众,4,失败,52
69e481e8000000002003ad94,"

",,,1,69e98079000000001401b016,,5f1ccfa5000000000100552a,评论区现状,2026.04.23,陕西,9.0,3.0,5,强势|服务者,强势,服务者,2,强势成功,52
69da7e87000000001a03484e,"今晚的亦庄机器人马拉松测试

",,8169.0,2,69da98ce0000000035013c5f,69da8bb50000000035029c69,67c49fba000000000d00b642,你快洗洗睡吧，评论个球,2026.04.12,北京,9.0,,11,强势|观众,强势,观众,3,强势成功,52
69e4426b000000001d01c7ed,"一个大的一个小的一个废的

",,7334.0,2,69e4640e000000001401ac39,69e461fb000000001401e82b,59b2a90c50c4b4382e59aade,本来没啥感觉，看到这个评论笑死了,2026.04.19,北京,8.0,,16,混合|观众,混合,观众,2,,52
69e481e8000000002003ad94,"

",,,1,69e4a686000000001401c019,,6374dd65000000001f01d929,感觉评论区好多人年龄超不过十岁[捂脸R],2026.04.19,辽宁,6.0,1.0,20,强势|服务者,强势,服务者,6,强势成功,52
69e46730000000001d0199c8,"

",,761.0,1,69e4ba77000000001401c426,,65791e040000000020032b22,每一个的评价都好到位[笑哭R]说一个笑一个[笑哭R],2026.04.19,河北,5.0,0.0,26,强势|观众,强势,观众,2,强势成功,52
69da7e87000000001a03484e,"今晚的亦庄机器人马拉松测试

",,8169.0,2,69daedfd0000000001004812,69dac8d7000000000c0319f8,642e7329000000001001f64d,你这个评论，我眼泪都笑出来了[笑哭R],2026.04.12,江西,4.0,,19,强势|观众,强势,观众,2,强势成功,52
69e42cc100000000220001ad,"机器人马拉松倒数第一名，萌翻了🤣🤣🤣

",,8501.0,2,69e4532e000000001401e814,69e452300000000014018818,62a53f40000000001b027e1b,比你在评论区口嗨有意义[捂脸R],2026.04.19,江苏,3.0,,16,弱势|观众,弱势,观众,3,弱势,52
69e46730000000001d0199c8,"

",,761.0,1,69e4baf1000000001401d422,,598024c350c4b456e6089620,姐妹你的评论好好玩,2026.04.19,河北,2.0,0.0,9,强势|观众,强势,观众,3,强势成功,52
69e48341000000001a02d0c4,"机器人马拉松，我们看乐了，西方人看破防了🤣

",3931.0,1022.0,1,69e4c632000000001401a814,,619f518200000000210247a2,突然发现评论显示ip 这个功能可太有意思了,2026.04.19,广东,2.0,0.0,21,强势|观众,强势,观众,8,强势成功,52
69e44278000000001a0217bb,"机器人超过我的瞬间

",6019.0,372.0,2,69e48767000000001401a016,69e4573a000000001401a417,5aa098e3e8ac2b386b601369,您是评论的艺术[笑哭R],2026.04.19,安徽,2.0,,12,强势|被超越者,强势,被超越者,2,强势成功,52
69da7e87000000001a03484e,"今晚的亦庄机器人马拉松测试

",,8169.0,1,69daf7cf0000000015006d70,,67bf1b18000000000e01177d,这种评论区总能看到各种250,2026.04.12,陕西,1.0,0.0,14,强势|观众,强势,观众,4,强势成功,52
69da7e87000000001a03484e,"今晚的亦庄机器人马拉松测试

",,8169.0,1,69db1e9d00000000350260e1,,6131002d000000001f03d88a,评论区也是挺搞笑的[尬住R],2026.04.12,广东,1.0,0.0,14,强势|观众,强势,观众,2,强势成功,52
69df625d0000000021005c63,"“扶我起来，我还能再跑10公里”

",,9992.0,1,69e0c24e000000001401bc27,,5b0e8d05f7e8b9053de0ccc1,这个点赞和评论也太社4了[笑哭R],2026.04.16,浙江,1.0,0.0,17,失败|观众,失败,观众,3,失败,52
69e4551e000000001f005895,"荣耀机器人赢麻了🤖我觉得它表情在嘲讽我

",,816.0,2,69e59923000000001401a810,69e490dd000000001401e423,63239ad8000000002303db4d,哈哈哈 又是一条神评论[棒R][捂脸R],2026.04.20,北京,1.0,,20,强势|被超越者,强势,被超越者,2,强势成功,52
69e4426b000000001d01c7ed,"一个大的一个小的一个废的

",,7334.0,2,69e4bb2a000000001401ac01,69e4b9560000000014018c13,6015220b000000000100bc10,评论也好搞笑[偷笑R],2026.04.19,江苏,1.0,,11,混合|观众,混合,观众,3,,52
69e47f8f000000001f007203,"2026年机器人马拉松状态，五年后再看🤣

",,5834.0,2,69e71e48000000001401c005,69e5f536000000001401cc02,5b4c25954eacab563e636857,好可爱的评论[太阳R][太阳R][太阳R],2026.04.21,日本,1.0,,21,混合|观众,混合,观众,2,,52
69e46032000000001f002048,"看着你们累倒在地上我很心疼，恨不得替你们

",,5680.0,2,69e991a6000000001401d412,69e467af000000001401bc03,63fb3dbd000000001f032b96,在这个帖子下面评论，以后有爱豁免权,2026.04.23,青海,1.0,,17,常态|保护者,常态,保护者,4,常态,52
69e46032000000001f002048,"看着你们累倒在地上我很心疼，恨不得替你们

",,5680.0,2,69e969a4000000001401b81a,69e968fb000000001401e82a,5e5389490000000001004fbd,看了评论区，没有什么要补充的了,2026.04.23,河南,1.0,,15,常态|保护者,常态,保护者,2,常态,52
69e46032000000001f002048,"看着你们累倒在地上我很心疼，恨不得替你们

",,5680.0,2,69e96010000000001401e816,69e95fed000000001401c411,5f1824ae000000000101f56d,评论区要笑死我了,2026.04.23,湖南,1.0,,8,常态|保护者,常态,保护者,2,常态,52
69da7e87000000001a03484e,"今晚的亦庄机器人马拉松测试

",,8169.0,1,69db34da000000003502f1df,,5aca0815e8ac2b6f7eeb441f,评论区可以验证了[doge],2026.04.12,江苏,0.0,0.0,14,强势|观众,强势,观众,2,强势成功,52
69da7e87000000001a03484e,"今晚的亦庄机器人马拉松测试

",,8169.0,1,69db1fff000000000202a4b3,,5471ebe2d6e4a961bd3e57f0,评论区里的古董真多，什么岁数的都有,2026.04.12,山西,0.0,0.0,17,强势|观众,强势,观众,5,强势成功,52
69da7e87000000001a03484e,"今晚的亦庄机器人马拉松测试

",,8169.0,1,69db1358000000003500c68f,,5ca55256000000001701805d,匪夷所思的匪夷所思的评论区,2026.04.12,北京,0.0,0.0,13,强势|观众,强势,观众,3,强势成功,52
69da7e87000000001a03484e,"今晚的亦庄机器人马拉松测试

",,8169.0,1,69e09e44000000001401c016,,5d32b4c4000000001603f702,评论区比视频更搞笑,2026.04.16,山东,0.0,0.0,9,强势|观众,强势,观众,3,强势成功,52
69da7e87000000001a03484e,"今晚的亦庄机器人马拉松测试

",,8169.0,1,69db16970000000035014626,,5b2f398711be1033753776cc,反驳型人格在评论区集合了[鼓掌R],2026.04.12,新疆,0.0,0.0,17,强势|观众,强势,观众,4,强势成功,52
69da7e87000000001a03484e,"今晚的亦庄机器人马拉松测试

",,8169.0,1,69db092c000000000d03e38f,,63c7942d00000000260112b5,评论区的某些人,2026.04.12,英国,0.0,0.0,7,强势|观众,强势,观众,3,强势成功,52
69e2583b00000000230211ea,"

",,2406.0,2,69e2f656000000002a031149,69e2f5c1000000001401b80c,5c8059610000000010039a3d,轮不到外媒，我们自己都快笑死了[笑哭R],2026.04.18,新加坡,239.0,,20,失败|抢救者,失败,抢救者,2,失败,53
69e2583b00000000230211ea,"

",,2406.0,1,69e2f5c1000000001401b80c,,63273b620000000023026d2d,又要被外媒台媒拿去做文章了[失望R],2026.04.18,湖北,97.0,17.0,18,失败|抢救者,失败,抢救者,3,失败,53
69e2583b00000000230211ea,"

",,2406.0,2,69e2eda4000000001401dc01,69e2ec3c000000001401cc12,67a9ae5f000000000e01355a,印度人会感觉自己又行了,2026.04.18,广东,21.0,,11,失败|抢救者,失败,抢救者,2,失败,53
69e4c771000000002102c3fc,"一镜到底！看人形机器人跑半马如何补给。

",,89.0,1,69e57275000000001401dc14,,5c14d4f8000000000501c544,只有我们不想做 没有我们做不成的事 中国骄傲👍,2026.04.20,辽宁,20.0,0.0,23,常态|服务者,常态,服务者,5,常态,53
69e59e520000000022027a90,"花田里犯了错|机器人马拉松正赛搞笑赏析

",,2593.0,2,69e5e92b000000001401d404,69e5e810000000001401a401,5a54da59e8ac2b4f4d3c1d6d,这几年外国ip都跟集体吃柠檬了似的[笑哭R][笑哭R]老要找点蛛丝马迹确定国内生活没那么好，国家发展没那么快，给自己找一点安慰，有点意思🤔,2026.04.20,广西,14.0,,69,弱势|观众,弱势,观众,17,弱势,53
69e2583b00000000230211ea,"

",,2406.0,1,69e2ec3c000000001401cc12,,61fe7f3d0000000002023c8a,如果印度人看了后怎么办。,2026.04.18,福建,11.0,6.0,12,失败|抢救者,失败,抢救者,2,失败,53
69e48341000000001a02d0c4,"机器人马拉松，我们看乐了，西方人看破防了🤣

",3931.0,1022.0,2,69e4bf37000000001401c836,69e4ad22000000001401b002,5e3fb3850000000001006cde,怪不得我看得这么开心，就是这个感觉，卧槽这都是中国的，nb啊[派对R],2026.04.19,四川,10.0,,35,强势|观众,强势,观众,6,强势成功,53
69e48341000000001a02d0c4,"机器人马拉松，我们看乐了，西方人看破防了🤣

",3931.0,1022.0,1,69e49340000000001401bc33,,60e9a8110000000001002b1a,确实，酸黄瓜BBC今天中午都报道了[doge],2026.04.19,山东,7.0,0.0,23,强势|观众,强势,观众,6,强势成功,53
69da7e87000000001a03484e,"今晚的亦庄机器人马拉松测试

",,8169.0,2,69db0f2b0000000035028e83,69db0cc600000000350255d9,62a4acbd000000001b028f03,这要是美鬼日鬼的，那就是人类之光了[doge][doge][doge],2026.04.12,江西,7.0,,35,强势|观众,强势,观众,4,强势成功,53
69e48b0b000000001a02578c,"北京马拉松机器人中暑了🥵

",3334.0,467.0,2,69ec991f0000000029010a87,69ec4f2a000000002702bb17,5f3deb28000000000101f8ff,要是外国人搞的，你会说“这就是人类之光，未来在这里”[doge],2026.04.25,河北,7.0,,32,失败|服务者,失败,服务者,6,失败,53
69e59e520000000022027a90,"花田里犯了错|机器人马拉松正赛搞笑赏析

",,2593.0,2,69e626c4000000001401ac05,69e6259d000000001401d423,58d554ba6a6a695e6ec60143,我觉得这是对中国文化和人文精神的认同，就像我，就算很有钱我也不想离开中国，深深的爱着这片土地和它的气质,2026.04.20,山东,6.0,,51,弱势|观众,弱势,观众,13,弱势,53
69da7e87000000001a03484e,"今晚的亦庄机器人马拉松测试

",,8169.0,2,69daeaff000000000203738a,69dae3ac0000000001004268,6113aa250000000001004773,就知道你想说这个[偷笑R]，国外的哪个可以,2026.04.12,江苏,5.0,,21,强势|观众,强势,观众,3,强势成功,53
69e48341000000001a02d0c4,"机器人马拉松，我们看乐了，西方人看破防了🤣

",3931.0,1022.0,1,69e4bb0d0000000014019803,,678610c4000000000801df95,西方负责给出一个方向，我们负责卷。,2026.04.19,山东,4.0,2.0,17,强势|观众,强势,观众,5,强势成功,53
69da7e87000000001a03484e,"今晚的亦庄机器人马拉松测试

",,8169.0,1,69db2635000000003500b410,,5f81200700000000010021ce,为什么国内的评论大部分都是“这有什么用” 之类的啊 这视频如果发到tiktok 外国人都得炸锅了,2026.04.12,新加坡,3.0,0.0,48,强势|观众,强势,观众,11,强势成功,53
69df625d0000000021005c63,"“扶我起来，我还能再跑10公里”

",,9992.0,1,69e04c24000000000103f5cb,,5cbbc54d0000000016032c0b,不会传到国外丢人吧[笑哭R],2026.04.16,江苏,3.0,4.0,14,失败|观众,失败,观众,3,失败,53
69e48341000000001a02d0c4,"机器人马拉松，我们看乐了，西方人看破防了🤣

",3931.0,1022.0,1,69e498960000000014019009,,67a58364000000000601fb33,列强竟是我们自己,2026.04.19,北京,3.0,0.0,8,强势|观众,强势,观众,2,强势成功,53
69df625d0000000021005c63,"“扶我起来，我还能再跑10公里”

",,9992.0,2,69e021f30000000035026e9b,69dfb3290000000002035b6b,59afa53750c4b4572a3ff03d,可是你只挑的“精彩”部分难道就不担心有心的人就会把这个放到外网抨击吗？,2026.04.16,上海,3.0,,35,失败|观众,失败,观众,10,失败,53
69e4412a000000002103883f,"荣耀闪电队-齐天大圣夺冠！

",3517.0,445.0,2,69e56f6a000000001401b818,69e490500000000014019c1c,5c01f48a000000000700ef9e,在美国有可能，在中国……我相信我们民族和国家,2026.04.20,广东,3.0,,22,强势|观众,强势,观众,5,强势成功,53
69e48341000000001a02d0c4,"机器人马拉松，我们看乐了，西方人看破防了🤣

",3931.0,1022.0,2,69e4fb2a000000001401e018,69e4ad22000000001401b002,60bd6b620000000001009afa,要是国外的，得难受死[哭惹R],2026.04.19,上海,3.0,,15,强势|观众,强势,观众,3,强势成功,53
69e2583b00000000230211ea,"

",,2406.0,2,69e2f2e0000000001401b000,69e2ec3c000000001401cc12,6541e50c00000000040094ce,论视觉效果，这真的比印度都差，论视觉效果。视觉效果。效果。,2026.04.18,浙江,2.0,,29,失败|抢救者,失败,抢救者,6,失败,53
69da7e87000000001a03484e,"今晚的亦庄机器人马拉松测试

",,8169.0,2,69db0a91000000000d03642a,69db092c00000000150093b3,645df6a00000000029010d00,希望你对美国造的也是这个论调,2026.04.12,上海,2.0,,14,强势|观众,强势,观众,3,强势成功,53
69e481e8000000002003ad94,"

",,,2,69e57da1000000001401e021,69e571d9000000001401c009,5e806aee0000000001008efc,陕西不是有西安这种文明度比较高的城市吗？怎么还有这种想法的人？,2026.04.20,广东,2.0,,31,强势|服务者,强势,服务者,7,强势成功,53
69e47f8f000000001f007203,"2026年机器人马拉松状态，五年后再看🤣

",,5834.0,1,69e75f54000000001401940d,,5b5ea30c6b58b77138d01ac2,中国人真的是爱好和平的民族 [微笑R] 发明出来都是先逗乐 玩儿 阔阔爱爱[飞吻R] [派对R],2026.04.21,四川,1.0,0.0,48,混合|观众,混合,观众,9,,53
69df625d0000000021005c63,"“扶我起来，我还能再跑10公里”

",,9992.0,1,69dfc7d50000000015008eac,,5f1aee250000000001008e16,外国人看见会怎么说,2026.04.16,河北,1.0,13.0,9,失败|观众,失败,观众,2,失败,53
69e40352000000002102fc75,"机器人马拉松现场第一视角看全部队伍

",,1160.0,1,69e4403f000000001401b82d,,63f248e5000000000f011240,这要是老外先搞出来，指不定捧成啥样[偷笑R][捂脸R],2026.04.19,广东,1.0,0.0,27,常态|服务者,常态,服务者,5,常态,53
69e48341000000001a02d0c4,"机器人马拉松，我们看乐了，西方人看破防了🤣

",3931.0,1022.0,1,69e54517000000001401d400,,64f12eb2000000000200f60a,挺好啊！和中国人一样子啊,2026.04.20,美国,1.0,0.0,12,强势|观众,强势,观众,3,强势成功,53
69e59e520000000022027a90,"花田里犯了错|机器人马拉松正赛搞笑赏析

",,2593.0,1,69e6faf3000000001401d833,,62d44fb3000000000303e6b1,抽象的不像在国内,2026.04.21,海南,1.0,0.0,8,弱势|观众,弱势,观众,2,弱势,53
69da7e87000000001a03484e,"今晚的亦庄机器人马拉松测试

",,8169.0,2,69db0ca6000000003501f2c4,69db0c0d000000000d03fcea,66aa7a1e000000000b03130d,如果你指的是美国波音公司的话，我没意见,2026.04.12,湖北,1.0,,19,强势|观众,强势,观众,3,强势成功,53
69da7e87000000001a03484e,"今晚的亦庄机器人马拉松测试

",,8169.0,2,69dad9ab00000000350302a5,69dad438000000003503068b,56586e57b8c8b4268fa1bd23,又特么反思上了，要是西方国家这样你得夸上天了吧,2026.04.12,北京,1.0,,23,强势|观众,强势,观众,6,强势成功,53
69da7e87000000001a03484e,"今晚的亦庄机器人马拉松测试

",,8169.0,2,69db0126000000000d034bae,69dafaa4000000003500a3c6,6355e74b000000001802b830,建议来大陆看看[笑哭R],2026.04.12,四川,1.0,,12,强势|观众,强势,观众,3,强势成功,53
69e481e8000000002003ad94,"

",,,1,69e5949d000000001401cc1b,,657b027f0000000019012b19,孙孙，切汤饭了[doge],2026.04.20,浙江,1240.0,47.0,13,强势|服务者,强势,服务者,2,强势成功,54
69e46730000000001d0199c8,"

",,761.0,2,69e74a9c000000001401d417,69e748fd0000000014019805,6582f7dc000000003d029db8,得先会走，然后再跑。。不可能一口吃成个胖子啊。。,2026.04.21,江苏,158.0,,24,强势|观众,强势,观众,4,强势成功,54
69e481e8000000002003ad94,"

",,,2,69e5d47f000000001401cc19,69e5d3f7000000001401bc15,67a5854b000000000e02de06,你能一口吃成胖子吗？你生下来就一口吃成大人吗？,2026.04.20,广东,18.0,,23,强势|服务者,强势,服务者,8,强势成功,54
69e40352000000002102fc75,"机器人马拉松现场第一视角看全部队伍

",,1160.0,1,69e4a6f4000000001401e802,,5c03f0366b58b77d12c0dbe2,都是吃饱撑得  科学的镜头就是世界的毁灭,2026.04.19,黑龙江,14.0,11.0,20,常态|服务者,常态,服务者,6,常态,54
69e481e8000000002003ad94,"

",,,2,69e49bf6000000001401e422,69e49bc9000000001401e413,5e184536000000000100bfaa,一口吃个死胖子？,2026.04.19,河南,12.0,,8,强势|服务者,强势,服务者,3,强势成功,54
69e4426b000000001d01c7ed,"一个大的一个小的一个废的

",,7334.0,1,69e477d7000000001401cc03,,682ace3c000000000e01331a,这是跑一半，没吃到自助餐饿晕了吗？[偷笑R][偷笑R],2026.04.19,河南,6.0,0.0,27,混合|观众,混合,观众,3,,54
69da7e87000000001a03484e,"今晚的亦庄机器人马拉松测试

",,8169.0,2,69dae6da0000000015006caf,69dae3ac0000000001004268,5c5d9501000000001801b3a8,一口吃不成胖子,2026.04.12,北京,6.0,,7,强势|观众,强势,观众,3,强势成功,54
69e481e8000000002003ad94,"

",,,2,69ed1539000000002b001d1b,69eaae0a000000001401a80a,60f3912d00000000010044bf,吃那么多干嘛，直接吃最后一口饭不就行了,2026.04.26,河北,6.0,,19,强势|服务者,强势,服务者,4,强势成功,54
69df625d0000000021005c63,"“扶我起来，我还能再跑10公里”

",,9992.0,1,69df99b6000000001400b6ba,,5502d3bea46e965356cc36d2,这个肯定没吃饭,2026.04.15,广东,4.0,1.0,7,失败|观众,失败,观众,2,失败,54
69e481e8000000002003ad94,"

",,,2,69e59dcc000000001401d413,69e57c66000000001401e818,5fb4dd67000000000101fcc7,因为我吃饱了没事干啊,2026.04.20,湖南,4.0,,10,强势|服务者,强势,服务者,2,强势成功,54
69da7e87000000001a03484e,"今晚的亦庄机器人马拉松测试

",,8169.0,2,69db15c2000000000103ce7c,69db0fce0000000015005918,603c7c0600000000010082e9,一口吃个胖子？,2026.04.12,辽宁,3.0,,7,强势|观众,强势,观众,3,强势成功,54
69e47f8f000000001f007203,"2026年机器人马拉松状态，五年后再看🤣

",,5834.0,2,69e573dd0000000014019407,69e55d77000000001401bc0e,5726805382ec397907de372a,气炸了的工作人员,2026.04.20,山东,3.0,,8,混合|观众,混合,观众,2,,54
69e481e8000000002003ad94,"

",,,2,69e49890000000001401e41b,69e496f5000000001401a404,645886ad000000001f03039a,我觉得应该会说：都特么快点啊！老子要辣爆那些辣鸡[吃瓜R][吃瓜R],2026.04.19,辽宁,3.0,,34,强势|服务者,强势,服务者,4,强势成功,54
69e481e8000000002003ad94,"

",,,2,69e8751f000000001401c027,69e8721f0000000014019c1b,5c9f460e00000000100197b3,一口吃成胖子吗,2026.04.22,北京,3.0,,7,强势|服务者,强势,服务者,3,强势成功,54
69e59e520000000022027a90,"花田里犯了错|机器人马拉松正赛搞笑赏析

",,2593.0,2,69e8d3b3000000001401c421,69e6c46c0000000014019c0e,63f876dc000000000f01196a,饭要一口一口吃[doge],2026.04.22,广东,3.0,,13,弱势|观众,弱势,观众,3,弱势,54
69e42cc100000000220001ad,"机器人马拉松倒数第一名，萌翻了🤣🤣🤣

",,8501.0,1,69e5859b000000001401e41d,,5c3de1820000000007002e2d,有一种：快点跑，快点跑，妈妈喊我吃饭了,2026.04.20,广东,2.0,0.0,19,弱势|观众,弱势,观众,5,弱势,54
69e481e8000000002003ad94,"

",,,2,69e4a522000000001401e035,69e491830000000014019008,629c9ef20000000021028cf8,人不吃饭啥也不行,2026.04.19,山西,2.0,,8,强势|服务者,强势,服务者,3,强势成功,54
69e481e8000000002003ad94,"

",,,2,69e48ba40000000014019803,69e48b180000000014019c26,64edbb6700000000010127dc,路要一步步走，饭要一口口吃，我要想晚上吃啥去了,2026.04.19,江苏,2.0,,23,强势|服务者,强势,服务者,6,强势成功,54
69da7e87000000001a03484e,"今晚的亦庄机器人马拉松测试

",,8169.0,1,69db098700000000350256c9,,5c2f0a4200000000050194d8,第一个，给他顶碗面!靠，复兴粥粉面档让他发点光!,2026.04.12,广东,1.0,0.0,24,强势|观众,强势,观众,5,强势成功,54
69e47f8f000000001f007203,"2026年机器人马拉松状态，五年后再看🤣

",,5834.0,1,69e6e6f1000000001401cc0b,,61e0787f0000000010006ec2,怎怎怎么还有半路停下来饭撒的[偷笑R][偷笑R][偷笑R],2026.04.21,广西,1.0,0.0,29,混合|观众,混合,观众,2,,54
69e481e8000000002003ad94,"

",,,1,69e6ad54000000001401cc04,,68b2cea3000000001901c7bf,这几个工作人员真累啊,2026.04.21,河南,1.0,0.0,10,强势|服务者,强势,服务者,3,强势成功,54
69e481e8000000002003ad94,"

",,,1,69eaa968000000001401a005,,5f05ce9e000000000101f3e6,人还是不能吃的太饱[笑哭R],2026.04.24,北京,1.0,6.0,14,强势|服务者,强势,服务者,2,强势成功,54
69e48341000000001a02d0c4,"机器人马拉松，我们看乐了，西方人看破防了🤣

",3931.0,1022.0,1,69e577e20000000014018807,,5837abb6a9b2ed3baa74dc08,还回来吃饭吗！！！,2026.04.20,上海,1.0,0.0,9,强势|观众,强势,观众,2,强势成功,54
69e429b4000000001b00037a,"张杰演唱会机器人来参加半马了？？

",,2026.0,1,69e45ebf000000001401c81b,,58ff49c55e87e7366b24158b,它不能一边走一边饭撒吗,2026.04.19,河北,1.0,0.0,11,常态|观众,常态,观众,2,常态,54
69e429b4000000001b00037a,"张杰演唱会机器人来参加半马了？？

",,2026.0,1,69e43c81000000001401dc06,,59f683594eacab64dc6a0cca,兄弟晚上还回来打工吗,2026.04.19,北京,1.0,0.0,10,常态|观众,常态,观众,4,常态,54
69e47f8f000000001f007203,"2026年机器人马拉松状态，五年后再看🤣

",,5834.0,2,69e50b72000000001401cc0f,69e4e1f0000000001401a40f,5c905875000000001603249c,吃得太饱，给的钱太多,2026.04.20,广东,1.0,,10,混合|观众,混合,观众,2,,54
69e47f8f000000001f007203,"2026年机器人马拉松状态，五年后再看🤣

",,5834.0,2,69e5764d000000001401d409,69e4e1f0000000001401a40f,599bf62d82ec39020ea3295e,要不然无聊，谁能长到榴莲、板栗、螺蛳粉这些玩意能吃呀？,2026.04.20,湖南,1.0,,27,混合|观众,混合,观众,8,,54
69e481e8000000002003ad94,"

",,,2,69e8b8aa0000000014019000,69e653eb0000000014018807,5bf26317129411000173bfb3,对肠胃不好[生气R],2026.04.22,陕西,1.0,,10,强势|服务者,强势,服务者,2,强势成功,54
69e59e520000000022027a90,"花田里犯了错|机器人马拉松正赛搞笑赏析

",,2593.0,2,69e8356e000000001401880d,69e6394c000000001401c410,614eed28000000000201e8b3,人也不能一口吃成一个胖子，所有的质变都有一个量变积累的过程，你也不是一生下来就能上天入地啊[暗中观察R],2026.04.22,浙江,1.0,,52,弱势|观众,弱势,观众,12,弱势,54
69e44278000000001a0217bb,"机器人超过我的瞬间

",6019.0,372.0,1,69e575390000000014019816,,64f2e17b000000000500232c,老哥是没吃饱早饭吗？多吃两个馒头，超过它！[生气R],2026.04.20,河北,0.0,0.0,26,强势|被超越者,强势,被超越者,6,强势成功,54
69db34bb000000001a0348ae,"机器人抢救现场

",4896.0,1198.0,1,69dc73fa00000000350236af,,5b825f4d72dd190001eeab6a,我还以为是机器人医生来救人[笑哭R],2026.04.13,北京,2706.0,62.0,18,失败|抢救者,失败,抢救者,4,失败,55
69db34bb000000001a0348ae,"机器人抢救现场

",4896.0,1198.0,1,69dca1ed000000001500405a,,5b19fdb74eacab2763b1d183,机器人抢救团队—爱回收,2026.04.13,北京,384.0,10.0,11,失败|抢救者,失败,抢救者,4,失败,55
69db34bb000000001a0348ae,"机器人抢救现场

",4896.0,1198.0,1,69dca76500000000020366b4,,5595d98e3397db72cdc77a8d,社会发展到机器人都有救护车了，却还没有动物救护车,2026.04.13,北京,95.0,13.0,24,失败|抢救者,失败,抢救者,6,失败,55
69e47f8f000000001f007203,"2026年机器人马拉松状态，五年后再看🤣

",,5834.0,2,69e56704000000001401e80a,69e55d77000000001401bc0e,57fb2eff6a6a6963d6a0a771,可能是救被机器人气过去的主人[笑哭R],2026.04.20,辽宁,66.0,,19,混合|观众,混合,观众,3,,55
69db34bb000000001a0348ae,"机器人抢救现场

",4896.0,1198.0,1,69dca2a8000000000103ef7f,,55cf6cf7e4b1cf63678f75e8,机器人还不能救人但是人已经可以救机器人了[得意R],2026.04.13,湖南,47.0,0.0,25,失败|抢救者,失败,抢救者,4,失败,55
69db34bb000000001a0348ae,"机器人抢救现场

",4896.0,1198.0,2,69dc9bee000000000d034265,69dc88aa000000003501e385,5c62f4c70000000011034bda,服了我以为是无人驾驶救护车。。。。,2026.04.13,中国澳门,38.0,,17,失败|抢救者,失败,抢救者,3,失败,55
69db34bb000000001a0348ae,"机器人抢救现场

",4896.0,1198.0,2,69dc9daf000000001500623d,69dc88aa000000003501e385,5aa1d858e8ac2b4ddb65b07c,我以为是机器人开救护车来救人,2026.04.13,广西,21.0,,14,失败|抢救者,失败,抢救者,4,失败,55
69db34bb000000001a0348ae,"机器人抢救现场

",4896.0,1198.0,2,69dca7bb000000003502bb45,69dca76500000000020366b4,618dfaa40000000021026d83,机器人有救护车是因为有人愿意花钱，你想要动物救护车你去花钱搞一辆不就行了[派对R],2026.04.13,江苏,13.0,,41,失败|抢救者,失败,抢救者,12,失败,55
69e47f8f000000001f007203,"2026年机器人马拉松状态，五年后再看🤣

",,5834.0,2,69e56e79000000001401a805,69e55d77000000001401bc0e,58fbf306a9b2ed63ed99841a,机器人工程师，也是120[笑哭R],2026.04.20,江苏,6.0,,17,混合|观众,混合,观众,3,,55
69e47f8f000000001f007203,"2026年机器人马拉松状态，五年后再看🤣

",,5834.0,1,69e4dd7a0000000014019807,,5ac094344eacab28e66b05f9,最后的北京急救中心笑死了哈哈哈哈，急救躺在地上的两个机器人吗[笑哭R][笑哭R],2026.04.19,福建,5.0,0.0,40,混合|观众,混合,观众,7,,55
69db34bb000000001a0348ae,"机器人抢救现场

",4896.0,1198.0,1,69dc8e9d000000000d034089,,5bfe0aba51783a1db0b7b598,我之前最喜欢的变形金刚就是救护车了[哭惹R] 他在电影里被那个兰博基尼变形金刚和人类一起抓住的时候我可伤心了,2026.04.13,广东,4.0,0.0,54,失败|抢救者,失败,抢救者,11,失败,55
69e634590000000022003bb5,"每个马拉松机器人，都有自己的热血故事。

",,824.0,1,69e77d20000000001401e41c,,646ab71b0000000010026a50,莫名的喜感[捂脸R]机器人救护车 机器人坐车车[大笑R]太可爱啦,2026.04.21,广东,4.0,0.0,32,常态|观众,常态,观众,7,常态,55
69e4426b000000001d01c7ed,"一个大的一个小的一个废的

",,7334.0,1,69e46d4c000000001401a80a,,5b13696711be1016109c6608,快点对机器人进行救援,2026.04.19,陕西,1.0,0.0,10,混合|观众,混合,观众,4,,55
69db34bb000000001a0348ae,"机器人抢救现场

",4896.0,1198.0,1,69dca9bc0000000035033250,,5df7a5fe0000000001005b8b,等一下，原来被抢救的是机器人吗,2026.04.13,广东,1.0,0.0,15,失败|抢救者,失败,抢救者,4,失败,55
69db34bb000000001a0348ae,"机器人抢救现场

",4896.0,1198.0,1,69dca4620000000035008ed4,,5e6d014f0000000001001d75,我以为是机器人来抢救人,2026.04.13,上海,1.0,0.0,11,失败|抢救者,失败,抢救者,4,失败,55
69db34bb000000001a0348ae,"机器人抢救现场

",4896.0,1198.0,1,69dc9e1b0000000015009b36,,651aaa360000000024016c3f,原来是机器人的医生啊，我以为是机器人医生呢,2026.04.13,辽宁,1.0,0.0,21,失败|抢救者,失败,抢救者,6,失败,55
69db34bb000000001a0348ae,"机器人抢救现场

",4896.0,1198.0,1,69dc9ded0000000015006f16,,5fb5c36d0000000001001b84,这是救机器人，我还以为要机器人救人呢[笑哭R],2026.04.13,北京,1.0,0.0,23,失败|抢救者,失败,抢救者,4,失败,55
69e47f8f000000001f007203,"2026年机器人马拉松状态，五年后再看🤣

",,5834.0,1,69e57fe10000000014019c08,,5bb0713918e59700011a01e8,机器人的身体不太行，这个120路过有点讽刺啊…[捂脸R][捂脸R],2026.04.20,广东,1.0,0.0,33,混合|观众,混合,观众,6,,55
69e40352000000002102fc75,"机器人马拉松现场第一视角看全部队伍

",,1160.0,1,69e45377000000001401e40f,,54e5ca5c2e1d937246a5c266,昨天回家路上看见的机器人救护车[笑哭R],2026.04.19,北京,1.0,0.0,20,常态|服务者,常态,服务者,5,常态,55
69e4426b000000001d01c7ed,"一个大的一个小的一个废的

",,7334.0,2,69e604a3000000001401e414,69e461fb000000001401e82b,5e5540310000000001008179,应该再来个120的机器人,2026.04.20,四川,1.0,,12,混合|观众,混合,观众,3,,55
69db34bb000000001a0348ae,"机器人抢救现场

",4896.0,1198.0,2,69e4ca30000000001401dc24,69e48f1d0000000014019819,5e63559c0000000001004c84,一边摊煎饼一边救机器人[偷笑R],2026.04.19,广西,1.0,,16,失败|抢救者,失败,抢救者,4,失败,55
69db34bb000000001a0348ae,"机器人抢救现场

",4896.0,1198.0,2,69dd021c0000000002035b46,69dc73fa00000000350236af,62de205400000000150151fb,哈哈哈哈哈之前是救人车改一改给机器人用[黄金薯R],2026.04.13,贵州,1.0,,25,失败|抢救者,失败,抢救者,4,失败,55
69db34bb000000001a0348ae,"机器人抢救现场

",4896.0,1198.0,2,69dcc8d90000000035018c3b,69dc9de80000000002029fb1,6127b59e00000000010087ed,我可以抢救机器人,2026.04.13,广东,1.0,,8,失败|抢救者,失败,抢救者,2,失败,55
69db34bb000000001a0348ae,"机器人抢救现场

",4896.0,1198.0,2,69dca037000000001500317e,69dc9f8d00000000350332a4,5bb77ca1cd338f0001db59c7,原来是救机器人[捂脸R],2026.04.13,上海,1.0,,12,失败|抢救者,失败,抢救者,2,失败,55
69da7e87000000001a03484e,"今晚的亦庄机器人马拉松测试

",,8169.0,2,69daf7210000000001004857,69daef220000000035024590,60654392000000000100a8fd,你咋想的[呃R]救护车能贵过机器人？并且慢是怎么得来的结论，救护车是可以全程闯红灯的啊，机器人背着人能不管是速度还是安全性都不可能比得过啊。并且救护车配备有医护人员，机器人背着人跑岂不是会造成二次伤害？,2026.04.12,湖北,1.0,,101,强势|观众,强势,观众,27,强势成功,55
69da7e87000000001a03484e,"今晚的亦庄机器人马拉松测试

",,8169.0,2,69db2818000000003501b2be,69db25ed000000000d03ee55,5cd15326000000001100d974,如果是送年过80行动不便，突发恶疾，空巢的老人从老破小小区去医院呢？这样整个小区只用配两个急救机器人应该就够用了,2026.04.12,广东,1.0,,56,强势|观众,强势,观众,18,强势成功,55
69e2583b00000000230211ea,"

",,2406.0,1,69e40b3a0000000014018c09,,683b8a6b000000001e00351c,机器人的医生就是工程师,2026.04.19,河北,0.0,0.0,11,失败|抢救者,失败,抢救者,3,失败,55
69e2583b00000000230211ea,"

",,2406.0,1,69e2fefc0000000014019424,,63063b7700000000120037ee,赶来急救的也应该使用机器人就牛逼了🤣,2026.04.18,海南,0.0,0.0,18,失败|抢救者,失败,抢救者,4,失败,55
69db34bb000000001a0348ae,"机器人抢救现场

",4896.0,1198.0,1,69dcd8be000000000c032c53,,5ec45d2600000000010043fa,看到图之前以为是机器人抢救人类[笑哭R],2026.04.13,美国,0.0,0.0,20,失败|抢救者,失败,抢救者,5,失败,55
69db34bb000000001a0348ae,"机器人抢救现场

",4896.0,1198.0,1,69dcc134000000003501097c,,5af7fb1b11be107fb2e71f95,哈哈哈哈没点开前，我还在想，是无人驾驶的车，载着，医护机器人，去救病人,2026.04.13,北京,0.0,0.0,35,失败|抢救者,失败,抢救者,6,失败,55
69e47f8f000000001f007203,"2026年机器人马拉松状态，五年后再看🤣

",,5834.0,1,69e60d1b0000000014019808,,5d667be70000000001004975,怎么不拍豆脚，她也参赛了。,2026.04.20,湖南,6640.0,357.0,13,混合|观众,混合,观众,2,,56
69e47f8f000000001f007203,"2026年机器人马拉松状态，五年后再看🤣

",,5834.0,2,69e614d7000000001401e40a,69e60d1b0000000014019808,5a9d525611be103425f3bdaa,豆脚哈哈哈哈哈哈哈哈哈哈谁起的名字笑死了,2026.04.20,山东,249.0,,20,混合|观众,混合,观众,2,,56
69e4b08d000000001d01c1bc,"机器人马拉松参赛选手“进化速度这一块”

",,379.0,1,69e4ccb50000000014019c09,,64810a77000000001403fa8c,这个豆包……感觉改改能做腿音未来……,2026.04.19,山东,33.0,2.0,18,混合|观众,混合,观众,3,,56
69e481e8000000002003ad94,"

",,,2,69e496190000000014019c0e,69e495250000000014019029,6235b601000000001000aa8b,反正跟你们无关，啃你的爱尔兰土豆吧,2026.04.19,浙江,30.0,,17,强势|服务者,强势,服务者,4,强势成功,56
69e4b08d000000001d01c1bc,"机器人马拉松参赛选手“进化速度这一块”

",,379.0,2,69e63cd9000000001401e409,69e4eb6f000000001401c424,667cb46c00000000070042ba,豆包说没预算，为了省钱就不做身体了,2026.04.20,江苏,8.0,,17,混合|观众,混合,观众,5,,56
69e463df000000001b003017,"

",3270.0,219.0,2,69e4e6bc000000001401e436,69e46b860000000014019021,6236a58e000000001000555e,豆包一样吧,2026.04.19,湖南,5.0,,5,强势|服务者,强势,服务者,2,强势成功,56
69e40352000000002102fc75,"机器人马拉松现场第一视角看全部队伍

",,1160.0,1,69e55ff30000000014019000,,6196e16d000000002102be6a,豆脚加油,2026.04.20,浙江,4.0,2.0,4,常态|服务者,常态,服务者,2,常态,56
69e47f8f000000001f007203,"2026年机器人马拉松状态，五年后再看🤣

",,5834.0,1,69e5a8b10000000014018c21,,665dc238000000000d027bd7,怎么没看见豆脚？,2026.04.20,湖南,2.0,0.0,8,混合|观众,混合,观众,2,,56
69e463df000000001b003017,"

",3270.0,219.0,2,69e5fc62000000001401e829,69e4f0db000000002b002b1e,5c6cc090000000001002fd6e,豆包附体[笑哭R],2026.04.20,天津,2.0,,9,强势|服务者,强势,服务者,2,强势成功,56
69db34bb000000001a0348ae,"机器人抢救现场

",4896.0,1198.0,1,69e80bb5000000001401bc13,,6281b8ef0000000021028736,我还是忘不了那个豆脚[笑哭R],2026.04.22,上海,1.0,0.0,15,失败|抢救者,失败,抢救者,2,失败,56
69e47f8f000000001f007203,"2026年机器人马拉松状态，五年后再看🤣

",,5834.0,1,69e5a38d0000000014018817,,66742ff80000000007007532,在这个系列中 豆脚才是最权威的[doge][okR],2026.04.20,天津,1.0,0.0,26,混合|观众,混合,观众,3,,56
69e40352000000002102fc75,"机器人马拉松现场第一视角看全部队伍

",,1160.0,1,69e4bd6b000000001401e407,,687f133f000000001b022acc,我想到那个豆包[doge],2026.04.19,广东,1.0,0.0,13,常态|服务者,常态,服务者,2,常态,56
69e40352000000002102fc75,"机器人马拉松现场第一视角看全部队伍

",,1160.0,1,69e4b8e2000000001401dc24,,643a06b5000000000e01ffcd,还记得那个豆包只有脚的,2026.04.19,广东,1.0,0.0,11,常态|服务者,常态,服务者,3,常态,56
69e40352000000002102fc75,"机器人马拉松现场第一视角看全部队伍

",,1160.0,1,69e48fb1000000001401a014,,631befc000000000230266ea,豆荚哪里去了,2026.04.19,四川,1.0,0.0,6,常态|服务者,常态,服务者,2,常态,56
69e4b08d000000001d01c1bc,"机器人马拉松参赛选手“进化速度这一块”

",,379.0,1,69e4e656000000001401e02c,,5f2764f8000000000101d445,豆包那个好诡异，我小时候梦里的鬼就长这样[哭惹R],2026.04.19,福建,1.0,0.0,25,混合|观众,混合,观众,5,,56
69e4b08d000000001d01c1bc,"机器人马拉松参赛选手“进化速度这一块”

",,379.0,1,69e4e217000000001401a000,,62ef21c5000000001f01482f,你看见豆包了么,2026.04.19,河北,1.0,0.0,7,混合|观众,混合,观众,2,,56
69e4426b000000001d01c7ed,"一个大的一个小的一个废的

",,7334.0,2,69e4aef7000000001401900e,69e46241000000001401e822,5f851bf200000000010037c5,我今天还刷到一个只有脚和头的豆包,2026.04.19,山东,1.0,,16,混合|观众,混合,观众,4,,56
69df625d0000000021005c63,"“扶我起来，我还能再跑10公里”

",,9992.0,2,69e44a3d000000001401bc0b,69dfb3290000000002035b6b,645269e500000000120371d5,看到了一个长脚豆包的作者发了一个视频，，,2026.04.19,陕西,1.0,,20,失败|观众,失败,观众,5,失败,56
69e46032000000001f002048,"看着你们累倒在地上我很心疼，恨不得替你们

",,5680.0,2,69e989e4000000001401c836,69e9732e000000001401e422,6220ca1a0000000021021b03,底特律：豆包,2026.04.23,四川,1.0,,6,常态|保护者,常态,保护者,2,常态,56
69e2583b00000000230211ea,"

",,2406.0,1,69e4d512000000001401c44a,,6208ece90000000010009ea4,我记得是不是有豆脚[doge],2026.04.19,广东,0.0,0.0,15,失败|抢救者,失败,抢救者,3,失败,56
69e42cc100000000220001ad,"机器人马拉松倒数第一名，萌翻了🤣🤣🤣

",,8501.0,1,69e508b50000000014019c13,,60571a73000000000100623d,居然不是豆包[偷笑R],2026.04.20,安徽,0.0,0.0,11,弱势|观众,弱势,观众,2,弱势,56
69e47f8f000000001f007203,"2026年机器人马拉松状态，五年后再看🤣

",,5834.0,1,69e6dac3000000001401e01f,,65e00e950000000005009f84,找半天没找到豆脚,2026.04.21,江苏,0.0,0.0,8,混合|观众,混合,观众,3,,56
69e47f8f000000001f007203,"2026年机器人马拉松状态，五年后再看🤣

",,5834.0,1,69e5bed3000000001401d414,,6054c393000000000100b724,大眼小豆丁,2026.04.20,四川,0.0,0.0,5,混合|观众,混合,观众,2,,56
69e47f8f000000001f007203,"2026年机器人马拉松状态，五年后再看🤣

",,5834.0,1,69e583aa000000001401c013,,5e3286e2000000000100144d,那颗头呢，豆包那个,2026.04.20,江苏,0.0,0.0,9,混合|观众,混合,观众,2,,56
69e6f2bc0000000023005345,"🍼机器人第一视角，好多人呀

",,687.0,1,69e76c340000000014019417,,5f0ea4ad0000000001001ff2,还有个顶着个豆包的两条腿   笑死人了,2026.04.21,河北,0.0,0.0,19,弱势|观众,弱势,观众,3,弱势,56
69e481e8000000002003ad94,"

",,,1,69ea1b60000000001401c832,,64436b120000000010029be2,突然想起来了那个豆脚,2026.04.23,重庆,0.0,0.0,10,强势|服务者,强势,服务者,3,强势成功,56
69e44f3a000000002301079c,"论机器人上班的精神状态…

",813.0,29.0,1,69e8b250000000001401c032,,5c08e2a10000000007018670,这不叫豆包，这叫豆角。,2026.04.22,山东,0.0,0.0,11,常态|观众,常态,观众,2,常态,56
69e40352000000002102fc75,"机器人马拉松现场第一视角看全部队伍

",,1160.0,1,69e504b6000000001401a803,,5eff3fcb000000000101f59c,我对那个豆包印象深刻[捂嘴笑R],2026.04.20,广西,0.0,0.0,16,常态|服务者,常态,服务者,3,常态,56
69e40352000000002102fc75,"机器人马拉松现场第一视角看全部队伍

",,1160.0,1,69e4fc10000000001401e40c,,65b36d72000000000d01edaa,我一直在等一个两脚豆包但没看到[偷笑R],2026.04.20,上海,0.0,0.0,20,常态|服务者,常态,服务者,3,常态,56
69e40352000000002102fc75,"机器人马拉松现场第一视角看全部队伍

",,1160.0,1,69e4eba2000000001401980a,,68e4d723000000003700a662,这里是不是还有个豆包？,2026.04.19,湖北,0.0,0.0,11,常态|服务者,常态,服务者,3,常态,56
69e4412a000000002103883f,"荣耀闪电队-齐天大圣夺冠！

",3517.0,445.0,2,69e46bfb000000001401e413,69e46094000000001401a41b,620088660000000010005c66,肯定有用。抵消惯性。,2026.04.19,北京,16.0,,10,强势|观众,强势,观众,4,强势成功,57
69e634590000000022003bb5,"每个马拉松机器人，都有自己的热血故事。

",,824.0,1,69e72c580000000014019003,,65c112be0000000011014577,这是自主还是遥控版本啊？ 另外喷的润滑液还是冷却,2026.04.21,浙江,12.0,3.0,24,常态|观众,常态,观众,6,常态,57
69e481e8000000002003ad94,"

",,,2,69e4978b000000001401d81a,69e49601000000001401e835,661eae5f0000000003033569,还真有用，这玩意就得加油，[偷笑R]各种润滑,2026.04.19,贵州,2.0,,22,强势|服务者,强势,服务者,5,强势成功,57
69e2583b00000000230211ea,"

",,2406.0,1,69eb4475000000002a033459,,630626c4000000000f007ba9,这机器是用浆糊粘的吗,2026.04.24,广东,1.0,0.0,10,失败|抢救者,失败,抢救者,2,失败,57
69e43b14000000001a02e095,"好萌的小黑仔跑马拉松

",,2760.0,1,69e45bbe000000001401b019,,583455b850c4b47ac2e468ee,整点润滑油,2026.04.19,天津,1.0,0.0,5,弱势|服务者,弱势,服务者,2,弱势,57
69e481e8000000002003ad94,"

",,,2,69e57d44000000001401a006,69e57cbf000000001401d413,629b62e40000000015016773,关节润滑剂,2026.04.20,宁夏,1.0,,5,强势|服务者,强势,服务者,2,强势成功,57
69e481e8000000002003ad94,"

",,,2,69e4a8e7000000001401cc0b,69e4a78e0000000014019402,641c1f5b0000000011023dc2,润滑运动部位。,2026.04.19,广东,1.0,,7,强势|服务者,强势,服务者,3,强势成功,57
69da7e87000000001a03484e,"今晚的亦庄机器人马拉松测试

",,8169.0,1,69daefcf0000000035025b0e,,5f6235c6000000000100a5ef,第一个像羊尾油[doge],2026.04.12,北京,0.0,0.0,13,强势|观众,强势,观众,2,强势成功,57
69e481e8000000002003ad94,"

",,,1,69e49c9f000000001401c400,,65f691e5000000000600de55,松锈灵，有润滑作用,2026.04.19,江苏,0.0,0.0,9,强势|服务者,强势,服务者,3,强势成功,57
69e481e8000000002003ad94,"

",,,1,69e49777000000001401bc3f,,603b9dc4000000000101ff1f,我以为润滑作用,2026.04.19,江西,0.0,0.0,7,强势|服务者,强势,服务者,3,强势成功,57
69e481e8000000002003ad94,"

",,,1,69e496840000000014019c1d,,5b305bf8e8ac2b5f50d1045d,下面滑滑的[doge],2026.04.19,广东,0.0,0.0,11,强势|服务者,强势,服务者,2,强势成功,57
69e481e8000000002003ad94,"

",,,1,69e734bc000000001401bc10,,691aec150000000037001472,关节润滑油,2026.04.21,广东,0.0,0.0,5,强势|服务者,强势,服务者,2,强势成功,57
69e481e8000000002003ad94,"

",,,1,69e6435d000000001401d427,,61befd5b000000001000a790,老三神油[喝奶茶R],2026.04.20,中国香港,0.0,0.0,10,强势|服务者,强势,服务者,2,强势成功,57
69e481e8000000002003ad94,"

",,,1,69e61393000000001401c812,,62d138f1000000000e00f2ba,喷的那个是关节润滑剂吧,2026.04.20,山东,0.0,0.0,11,强势|服务者,强势,服务者,2,强势成功,57
69e481e8000000002003ad94,"

",,,1,69e5db0c0000000014018809,,587b07f882ec39571318c0e7,后面加的粉末是什么？润滑的吗？[笑哭R],2026.04.20,浙江,0.0,0.0,20,强势|服务者,强势,服务者,3,强势成功,57
69e481e8000000002003ad94,"

",,,1,69e5ad51000000001401c812,,5e082dd80000000001007fa0,喷上去的，像润滑油wd...40,2026.04.20,广东,0.0,0.0,16,强势|服务者,强势,服务者,4,强势成功,57
69e481e8000000002003ad94,"

",,,1,69e50e2d000000001401d808,,65c37a6f00000000110146e4,这喷的是啥，是不是润滑油？不懂就问，后面加的是冰块吗？[笑哭R][笑哭R][笑哭R],2026.04.20,江苏,0.0,0.0,42,强势|服务者,强势,服务者,4,强势成功,57
69e481e8000000002003ad94,"

",,,1,69e4a3900000000014013001,,5ba5dcc29c1a53000152ee02,关节是在喷润滑油吗？,2026.04.19,广西,0.0,0.0,10,强势|服务者,强势,服务者,2,强势成功,57
69e481e8000000002003ad94,"

",,,1,69e4a2b4000000001401d412,,55d19cc1e4b1cf13741d663e,关节润滑剂吗？[笑哭R],2026.04.19,广东,0.0,0.0,12,强势|服务者,强势,服务者,2,强势成功,57
69e481e8000000002003ad94,"

",,,1,69e4a0c5000000001401a427,,6404a3590000000010028ab6,这玩意还喷印度神油啊。,2026.04.19,陕西,0.0,0.0,11,强势|服务者,强势,服务者,3,强势成功,57
69e481e8000000002003ad94,"

",,,1,69e48e48000000001401ac22,,602783e000000000010015bf,还要润滑[皱眉R],2026.04.19,辽宁,0.0,0.0,9,强势|服务者,强势,服务者,2,强势成功,57
69e481e8000000002003ad94,"

",,,1,69e846ea000000001401ac16,,5eed7b910000000001001c77,还需要往喷印度神油？,2026.04.22,吉林,0.0,0.0,10,强势|服务者,强势,服务者,3,强势成功,57
69e481e8000000002003ad94,"

",,,1,69e4a55b000000001401e41a,,5c46f3d2000000001103b379,还得喷硬度神油吗？[笑哭R],2026.04.19,广东,0.0,0.0,14,强势|服务者,强势,服务者,2,强势成功,57
69df625d0000000021005c63,"“扶我起来，我还能再跑10公里”

",,9992.0,1,69dfac11000000000d0368e6,,6574ec060000000020036a89,摩擦摩擦，在光滑的地上摩 擦，摩擦,2026.04.15,北京,0.0,0.0,17,失败|观众,失败,观众,5,失败,57
69e43b14000000001a02e095,"好萌的小黑仔跑马拉松

",,2760.0,1,69e4a669000000001401b80e,,5fc499fe000000000100b1d2,我以为是关节润滑油,2026.04.19,四川,0.0,0.0,9,弱势|服务者,弱势,服务者,3,弱势,57
69e43b14000000001a02e095,"好萌的小黑仔跑马拉松

",,2760.0,1,69e49d47000000001401c40b,,5c6d2a170000000011000a80,看来有点烧机油,2026.04.19,上海,0.0,0.0,7,弱势|服务者,弱势,服务者,2,弱势,57
69e43b14000000001a02e095,"好萌的小黑仔跑马拉松

",,2760.0,1,69e48b8f000000001401b021,,566d219182718c4e4996c875,请问润滑剂品牌,2026.04.19,广东,0.0,0.0,7,弱势|服务者,弱势,服务者,3,弱势,57
69e43b14000000001a02e095,"好萌的小黑仔跑马拉松

",,2760.0,1,69e48b64000000001401d811,,639158b0000000001f01d1e6,润滑剂吧，好多机器工作都要经常喷,2026.04.19,广东,0.0,0.0,16,弱势|服务者,弱势,服务者,5,弱势,57
69e43b14000000001a02e095,"好萌的小黑仔跑马拉松

",,2760.0,1,69e47ff7000000001401dc28,,651538cc000000000200dee2,是不是上的润滑油？,2026.04.19,广东,0.0,0.0,9,弱势|服务者,弱势,服务者,2,弱势,57
69e43b14000000001a02e095,"好萌的小黑仔跑马拉松

",,2760.0,1,69e463b3000000001401bc2e,,5fdbe1bb000000000101f53d,清洗润滑剂喷喷,2026.04.19,浙江,0.0,0.0,7,弱势|服务者,弱势,服务者,3,弱势,57
69da7e87000000001a03484e,"今晚的亦庄机器人马拉松测试

",,8169.0,1,69db00510000000015004958,,5e3b70ac0000000001000412,以后被 t 800追杀都跑不赢[石化R],2026.04.12,四川,10.0,0.0,20,强势|观众,强势,观众,2,强势成功,58
69e4551e000000001f005895,"荣耀机器人赢麻了🤖我觉得它表情在嘲讽我

",,816.0,2,69e48f35000000001401dc14,69e479dc000000001401ac05,6294e3950000000021024687,换个头型涂装就终结者，10个朝你跑过来，害怕不？100个呢[doge],2026.04.19,辽宁,5.0,,35,强势|被超越者,强势,被超越者,7,强势成功,58
69e44278000000001a0217bb,"机器人超过我的瞬间

",6019.0,372.0,1,69e58097000000001401b820,,5e9ef34d000000000100623c,现实版终结者啊,2026.04.20,马来西亚,3.0,0.0,7,强势|被超越者,强势,被超越者,2,强势成功,58
69e44278000000001a0217bb,"机器人超过我的瞬间

",6019.0,372.0,1,69e860d70000000014019012,,556eab83e58d1307eb6563f4,有点看电影终结者的感觉了，第二集里面一家老小开车被 t 1000跑步追逐，非常窒息[捂脸R][偷笑R],2026.04.22,上海,2.0,0.0,51,强势|被超越者,强势,被超越者,11,强势成功,58
69e481e8000000002003ad94,"

",,,2,69e5a733000000001401dc18,69e4a4c50000000014018c1e,5b597810e8ac2b712839d8c6,没歇菜之前就是个T800，不会害怕，没有感情，高效机械的执行命令,2026.04.20,河北,2.0,,32,强势|服务者,强势,服务者,8,强势成功,58
69da7e87000000001a03484e,"今晚的亦庄机器人马拉松测试

",,8169.0,1,69db5a56000000000103c0fd,,5af85cc211be1024d2f0df54,想想终结者[doge]，以后咱们人类是跑不过他们了,2026.04.12,山东,1.0,1.0,25,强势|观众,强势,观众,5,强势成功,58
69da7e87000000001a03484e,"今晚的亦庄机器人马拉松测试

",,8169.0,1,69db0171000000003500eb3b,,64d1db1f000000000e0244f6,去年还需要支架 今年就健步如飞，这进化速度，很快《终结者》就会实现。,2026.04.12,四川,1.0,0.0,34,强势|观众,强势,观众,10,强势成功,58
69da7e87000000001a03484e,"今晚的亦庄机器人马拉松测试

",,8169.0,1,69db00b4000000003500cfda,,64d1db1f000000000e0244f6,这进化速度，很快《终结者》就会出现,2026.04.12,四川,1.0,0.0,17,强势|观众,强势,观众,5,强势成功,58
69e481e8000000002003ad94,"

",,,1,69e4980b000000001401c030,,5de2316c0000000001005bb6,有点T800的意思了，手里给把菜刀，喜感直接拉满,2026.04.19,内蒙古,1.0,0.0,24,强势|服务者,强势,服务者,6,强势成功,58
69e481e8000000002003ad94,"

",,,1,69e6cf360000000014019005,,625cf8c50000000021028b8e,已经离终结者模式不远了。[失望]人类还在拼了命的为能让它更好更强，今天我们为它不断的强大、不停的进化欢呼，其实就是在让它更快更早得变成终结者的那天。自掘坟墓。,2026.04.21,江苏,1.0,0.0,79,强势|服务者,强势,服务者,20,强势成功,58
69e481e8000000002003ad94,"

",,,1,69e5fbad000000001401bc02,,628cb32e00000000210259bb,挺吊的，越来越有终结者的感觉了。,2026.04.20,海南,1.0,0.0,16,强势|服务者,强势,服务者,2,强势成功,58
69e481e8000000002003ad94,"

",,,1,69e4a179000000001401c02b,,5c9b16b60000000017030294,终结者最初的形态...,2026.04.19,山东,1.0,0.0,11,强势|服务者,强势,服务者,3,强势成功,58
69e4551e000000001f005895,"荣耀机器人赢麻了🤖我觉得它表情在嘲讽我

",,816.0,2,69e48d2d000000001401b024,69e47927000000001401b00b,5c56cdbe000000001000bcc8,参考终结者T1000这个就是原型机[捂脸R][捂脸R],2026.04.19,江苏,1.0,,27,强势|被超越者,强势,被超越者,4,强势成功,58
69e2583b00000000230211ea,"

",,2406.0,2,69e9a36a0000000014018c04,69e9a33e0000000014019c1a,650e55cf0000000016038567,哈哈哈哈哈哈哈光速结束战斗！,2026.04.23,广东,1.0,,14,失败|抢救者,失败,抢救者,2,失败,58
69da7e87000000001a03484e,"今晚的亦庄机器人马拉松测试

",,8169.0,2,69db79b7000000000c033376,69db30220000000016016d90,629050c50000000021029f76,是你被追，画面详见终结者,2026.04.12,福建,1.0,,12,强势|观众,强势,观众,3,强势成功,58
69da7e87000000001a03484e,"今晚的亦庄机器人马拉松测试

",,8169.0,2,69dc47c8000000003501499a,69db30220000000016016d90,5ce8c7bf00000000120236dc,此事《终结者》一至六部均有记录,2026.04.13,北京,1.0,,15,强势|观众,强势,观众,5,强势成功,58
69da7e87000000001a03484e,"今晚的亦庄机器人马拉松测试

",,8169.0,2,69dc6f8000000000350243c8,69db30220000000016016d90,5994f97250c4b435a63f0da3,终结者看过吗,2026.04.13,天津,1.0,,6,强势|观众,强势,观众,2,强势成功,58
69da7e87000000001a03484e,"今晚的亦庄机器人马拉松测试

",,8169.0,2,69dc76a8000000000c031272,69db30220000000016016d90,63f961b0000000000f01215a,可以参考终结者,2026.04.13,北京,1.0,,7,强势|观众,强势,观众,2,强势成功,58
69e48d54000000002102e178,"😭亦庄机器人半马最感人一幕

",,1589.0,2,69e5a369000000001401dc0d,69e4b7d5000000001401c81d,61bff01c00000000100091da,这哥们凭这个视频终结者就能放他一马,2026.04.20,山东,1.0,,17,弱势|保护者,弱势,保护者,4,弱势,58
69e481e8000000002003ad94,"

",,,2,69e521290000000014019403,69e51893000000001401e006,66aaec9a000000001d023d7a,终结者的天网系统，算力只有半块4090，不要小看技术的进步速度。,2026.04.20,北京,1.0,,32,强势|服务者,强势,服务者,12,强势成功,58
69e2583b00000000230211ea,"

",,2406.0,1,69e334a3000000001401e016,,64affb7f000000000b014e87,别动，它自己能修复，像终结者那样[doge],2026.04.18,海南,0.0,0.0,22,失败|抢救者,失败,抢救者,4,失败,58
69da7e87000000001a03484e,"今晚的亦庄机器人马拉松测试

",,8169.0,1,69dbb5ab000000003502cf3b,,68641296000000001d015192,最后一个成终结者了[笑哭R],2026.04.12,天津,0.0,0.0,14,强势|观众,强势,观众,2,强势成功,58
69da7e87000000001a03484e,"今晚的亦庄机器人马拉松测试

",,8169.0,1,69db6d390000000001005e2f,,642641650000000012013eaa,T800也许很快就会有了,2026.04.12,北京,0.0,0.0,12,强势|观众,强势,观众,3,强势成功,58
69da7e87000000001a03484e,"今晚的亦庄机器人马拉松测试

",,8169.0,1,69db3321000000003501dd37,,5c40aa580000000007014736,距离终结者越来越近了[笑哭R],2026.04.12,北京,0.0,0.0,15,强势|观众,强势,观众,3,强势成功,58
69da7e87000000001a03484e,"今晚的亦庄机器人马拉松测试

",,8169.0,1,69db303d0000000001004c27,,621629f2000000002102406e,终结者指日可待,2026.04.12,四川,0.0,0.0,7,强势|观众,强势,观众,2,强势成功,58
69da7e87000000001a03484e,"今晚的亦庄机器人马拉松测试

",,8169.0,1,69db23ee000000003502cf02,,67876ec3000000000801dda1,还记得T1000怎么追康纳的么[斜眼R]T800,2026.04.12,福建,0.0,0.0,24,强势|观众,强势,观众,4,强势成功,58
69da7e87000000001a03484e,"今晚的亦庄机器人马拉松测试

",,8169.0,1,69db1f1d000000001400a037,,5f13f6e90000000001001696,终结者时代很快就会到来，别不信[失望R][失望R][失望R],2026.04.12,中国澳门,0.0,0.0,30,强势|观众,强势,观众,5,强势成功,58
69da7e87000000001a03484e,"今晚的亦庄机器人马拉松测试

",,8169.0,1,69db11db000000000c03096b,,5fbdb01a000000000101e532,要是终结者有这速度[偷笑R],2026.04.12,北京,0.0,0.0,14,强势|观众,强势,观众,3,强势成功,58
69da7e87000000001a03484e,"今晚的亦庄机器人马拉松测试

",,8169.0,1,69db0ae200000000020348fe,,68bb90d0000000001901dbf5,有T800的意思了,2026.04.12,江苏,0.0,0.0,9,强势|观众,强势,观众,2,强势成功,58
69da7e87000000001a03484e,"今晚的亦庄机器人马拉松测试

",,8169.0,1,69daf9580000000001006bd6,,5d5b6c9f000000000101b15d,终结者要来了[doge],2026.04.12,浙江,0.0,0.0,12,强势|观众,强势,观众,2,强势成功,58
69e47f8f000000001f007203,"2026年机器人马拉松状态，五年后再看🤣

",,5834.0,1,69e586020000000014019401,,592aa4c750c4b464e0ad6937,我不是很懂，为啥要弄机器人跑步，花费这么多人力物力财力的意义是什么，（纯纯问，无恶意哈）,2026.04.20,福建,295.0,164.0,44,混合|观众,混合,观众,8,,59
69e47f8f000000001f007203,"2026年机器人马拉松状态，五年后再看🤣

",,5834.0,2,69e58d6f000000001401a401,69e586020000000014019401,5a33e33e4eacab7116a60935,跑步考验机器人的稳定性，连贯性，散热，电池续航，是以后开发更多功能的基础。,2026.04.20,重庆,209.0,,37,混合|观众,混合,观众,11,,59
69e40352000000002102fc75,"机器人马拉松现场第一视角看全部队伍

",,1160.0,2,69e43e82000000001401ac0b,69e43bc3000000001401bc24,67fd0a8a000000000e010c2a,机器人跑步能保持平衡不摔，机动灵活，方向，续航，散热，就是技术的巨大进步，展现优势，未来能上战场必备的基本条件，这是一种技术展示[捂脸R]和比拼，,2026.04.19,广东,144.0,,73,常态|服务者,常态,服务者,20,常态,59
69e40352000000002102fc75,"机器人马拉松现场第一视角看全部队伍

",,1160.0,1,69e43bc3000000001401bc24,,56572acbb8c8b42895a1ebd6,发明机器人结果用来跑步[笑哭R],2026.04.19,江苏,60.0,18.0,16,常态|服务者,常态,服务者,5,常态,59
69e40352000000002102fc75,"机器人马拉松现场第一视角看全部队伍

",,1160.0,1,69e43ba7000000001401b827,,5d9fa6230000000001008c36,我就想知道机器人跑的理念是什么？有啥意义？搞不懂诶[嘻嘻R],2026.04.19,河北,59.0,24.0,30,常态|服务者,常态,服务者,5,常态,59
69e47f8f000000001f007203,"2026年机器人马拉松状态，五年后再看🤣

",,5834.0,2,69e596e0000000001401ac1a,69e586020000000014019401,5c80848c000000001603bf80,进化是这样的，人也是先学会走路才学会跑步，而且长跑对人类来说也是一项调动全身协调性的运动，如果机器人学会并且能长时间稳定这种状态，说明技术已经可以开始发展下一阶段了，到后面你我老了，机器人就能代替护工服务你了[doge],2026.04.20,广东,49.0,,110,混合|观众,混合,观众,31,,59
69e40352000000002102fc75,"机器人马拉松现场第一视角看全部队伍

",,1160.0,2,69e43dad000000001401941c,69e43ba7000000001401b827,67fd0a8a000000000e010c2a,机器人跑步能保持平衡不摔，机动灵活，方向，就是技术的巨大进步，展现优势，未来能上战场必备的基本条件，这是一种技术展示,2026.04.19,广东,41.0,,58,常态|服务者,常态,服务者,17,常态,59
69e45dbe000000001f00434f,"机器人跑马拉松超越人类？

",4650.0,773.0,2,69e74c05000000001401dc2a,69e73178000000001401d810,5e65b9860000000001005a95,跑步的意义在于展示机器人对肢体的控制平衡程度，程序的稳定性，如果连跑步这种事情他都能做的比较好的话，那说明他们对于其他方面的开发也是有掌控力的,2026.04.21,浙江,36.0,,71,强势|观众,强势,观众,21,强势成功,59
69e59e520000000022027a90,"花田里犯了错|机器人马拉松正赛搞笑赏析

",,2593.0,2,69e70bd8000000001401d41a,69e6c46c0000000014019c0e,6642cdf30000000003033344,你以为机器人跑步很容易吗？这里涉及多少传感器、力学计算、自动控制？每一点进步都是无数次失败、无数次试验、无数次攻关换来的，研究机器人的是如今在最先进的一批企业里最聪明的一批人，不是在路边大嘴一张说空话的人。机器人跑步都不能精确控制，能给你做家务吗？,2026.04.21,上海,20.0,,124,弱势|观众,弱势,观众,39,弱势,59
69e47f8f000000001f007203,"2026年机器人马拉松状态，五年后再看🤣

",,5834.0,2,69e597520000000014019814,69e586020000000014019401,5a9900324eacab3f4cdcc6c9,咱们站在外行人的角度想 一个小婴儿从翻身爬站一步步到跑起来 是人对自己的身体掌控力的成长 慢慢小孩能做各种事情  机器人也一样吧 会跑 会长时间跑 会长时间快速奔跑 那么他们以后就能干更多更精细更持久更有难度的工作 且像人一样,2026.04.20,辽宁,18.0,,113,混合|观众,混合,观众,31,,59
69df625d0000000021005c63,"“扶我起来，我还能再跑10公里”

",,9992.0,1,69e01f6700000000350246b8,,64394f42000000000e01c1b0,机器人应该研发做家务，照顾病人、老人，跑步跳舞意义何在？,2026.04.16,广西,12.0,11.0,28,失败|观众,失败,观众,10,失败,59
69e463df000000001b003017,"

",3270.0,219.0,2,69e4d0110000000014019422,69e4a67e0000000014018004,6168d787000000000201dee9,算法，高速运算和自主决策，没跑一步对环境坡度能耗运算量海量的，你知道的是他在跑步，背后收集的数据训练机器人给人做心脏搭桥手术是通的。,2026.04.19,广东,9.0,,66,强势|服务者,强势,服务者,23,强势成功,59
69e481e8000000002003ad94,"

",,,2,69e57f66000000001401d421,69e571d9000000001401c009,588c8e1382ec394ed84a7711,"之前做过这方面的相关研究，你这个问题是别人最常问的。一个最直接了当的回答就是：跑步看似很简单，实际上这个跑步的动作包含了非常强大的算力、算法精简度、还有硬件的支撑，这一些都为将来机器人越来越强打下基础。
而跑步就是一个很简单的体现方式，看似对人类来讲是简单的动作，但是各种扭距的极限，角度，还有平衡的保持，速度的提升都需要非常强大的算力支持。短短几年内国内的人型机器人就发展的这么快，真的很厉害了",2026.04.20,上海,6.0,,198,强势|服务者,强势,服务者,58,强势成功,59
69e47f8f000000001f007203,"2026年机器人马拉松状态，五年后再看🤣

",,5834.0,2,69e56a3b0000000014018809,69e4e1f0000000001401a40f,5fcb6f9000000000010083f0,你思维真局限，机器人的跳舞、跑步，很明显是AI技术体系成熟的展示，在这些展示中考研ai的续航、稳定性、自我稳定能力等等，这是技术的展示，这些技术更加成熟稳定后，也会运用到各种工作场景中，作为人类生产工具去服务人类,2026.04.20,江苏,4.0,,106,混合|观众,混合,观众,37,,59
69e447d2000000001d01aa01,"当算法有了腿，程序员万万没想到……

",,2912.0,1,69e46f14000000001401e427,,5f2576a90000000001005f06,还好，不是研发了，酷跑机器人，否则也很费 成龙,2026.04.19,广东,3.0,1.0,23,强势|服务者,强势,服务者,7,强势成功,59
69e481e8000000002003ad94,"

",,,2,69e5de61000000001401d42b,69e5db10000000001401e805,698a2455000000001c03bdf2,[新月R]不要说机器人，人，小时候学走学跑，也需要时间。能成长跑健将也需要大量时间训练，机器人更需要，因为他们要学的东西太多太多了。AI是灵魂，机器人是骨干。,2026.04.20,广东,3.0,,79,强势|服务者,强势,服务者,23,强势成功,59
69e48b0b000000001a02578c,"北京马拉松机器人中暑了🥵

",3334.0,467.0,2,69f305e80000000029013322,69ecb9a7000000002803354c,5a57263c11be1017aae37cfc,机器人公司老板自己亲口说的，是噱头，接了订单以后会实事求是改造成符合工作环境的样子，所以真要做马拉松后勤第一件事就是腿改轮子[笑哭R],2026.04.30,上海,3.0,,67,失败|服务者,失败,服务者,17,失败,59
69da7e87000000001a03484e,"今晚的亦庄机器人马拉松测试

",,8169.0,1,69dad438000000003503068b,,5f68b5b50000000001009e68,不清楚让一些机器人跑步能有什么用[捂脸R],2026.04.12,北京,2.0,10.0,21,强势|观众,强势,观众,3,强势成功,59
69e481e8000000002003ad94,"

",,,1,69e4e1c3000000001401c808,,699dcf9d000000002302d5d1,人都没活明白就开始搞机器人了、走路都走不好就开始学跑步了[偷笑R],2026.04.19,江西,2.0,8.0,33,强势|服务者,强势,服务者,9,强势成功,59
69da7e87000000001a03484e,"今晚的亦庄机器人马拉松测试

",,8169.0,2,69e2f69c000000001401d807,69db2e550000000016017b12,61f386a20000000010004207,因为这是技术积累，现在这个跑步机器人当然没什么用，但是它积累的平衡和控制技术以后可以走进千家万户。,2026.04.18,天津,2.0,,49,强势|观众,强势,观众,11,强势成功,59
69e42cc100000000220001ad,"机器人马拉松倒数第一名，萌翻了🤣🤣🤣

",,8501.0,2,69e9a969000000001401d409,69e99fe20000000014019825,68722606000000001b02098f,跑步肯定不是最终目的啊，为什么总有人来问这一点呢，我觉得好奇怪，在研发过程中不得经过测试吗，长跑就是测试的一种啊。就类似于人类的一种训练手段，运动员也要练体能，机器人通过跑步来测试续航、散热、平衡和避障，这些都是未来干更复杂活的基础能力。另外，你说的最强大脑而不是四肢那是计算机。,2026.04.23,湖北,2.0,,140,弱势|观众,弱势,观众,41,弱势,59
69e481e8000000002003ad94,"

",,,2,69e65b96000000001401a409,69e64aff0000000014019817,61f4f9ba000000001000f5c1,可以去问下ai，这么长距离的跑步，对机器人的各方面都是一种极限测试，以便改进，不知道哪里改进了的话，去看去年的比赛,2026.04.21,广东,2.0,,57,强势|服务者,强势,服务者,17,强势成功,59
69e447d2000000001d01aa01,"当算法有了腿，程序员万万没想到……

",,2912.0,2,69e4fa7b000000001401cc38,69e46d57000000001401a022,5f94e39a00000000010056d9,他可能意思是，机器人都发明出来了，怎么不能搞个电动车骑着追机器人，还在这跑步追[笑哭R],2026.04.19,广东,2.0,,44,强势|服务者,强势,服务者,8,强势成功,59
69e40352000000002102fc75,"机器人马拉松现场第一视角看全部队伍

",,1160.0,2,69e444d3000000001401e435,69e43bc3000000001401bc24,622f20f00000000010005934,谁说只用来跑步的，看春晚了吗？机器人还会武术呢，现在提高跑步速度是为了防止它打你的时候你跑了它追不上你[doge],2026.04.19,新疆,2.0,,57,常态|服务者,常态,服务者,12,常态,59
69e44171000000001a026b25,"机器人马拉松比赛摔倒丝滑起身帅炸了🔥🔥

",9971.0,613.0,2,69e867140000000014019801,69e58ccb0000000014019002,556fd37bf5a263685e5b0789,肯定会有的！跑步比赛就是为了测试机器人肢体的灵活性和散热，好根据不足的地方来改良,2026.04.22,贵州,2.0,,40,混合|观众,混合,观众,13,,59
69e43b14000000001a02e095,"好萌的小黑仔跑马拉松

",,2760.0,1,69e46e08000000001401c033,,65ab9dd1000000000e02533d,机器人跑步的意义是……[捂脸R],2026.04.19,广东,1.0,10.0,16,弱势|服务者,弱势,服务者,3,弱势,59
69e40352000000002102fc75,"机器人马拉松现场第一视角看全部队伍

",,1160.0,1,69e4efdb0000000014018c21,,557ebf48e58d130831c7896e,我跑是为了锻炼身体照顾情绪，机器人跑是为了什么,2026.04.19,湖南,1.0,0.0,23,常态|服务者,常态,服务者,6,常态,59
69e40352000000002102fc75,"机器人马拉松现场第一视角看全部队伍

",,1160.0,1,69e45fd8000000001401e816,,65c63594000000000903f26b,跑个第一能干嘛，人肯定不能和机器比呀，机器只要有电，无限的跑，它又不累！能帮人类干活，挣钱才是王道！,2026.04.19,山西,1.0,0.0,50,常态|服务者,常态,服务者,14,常态,59
69da7e87000000001a03484e,"今晚的亦庄机器人马拉松测试

",,8169.0,2,69dad805000000000d036794,69dad438000000003503068b,55fbe91562a60c4a5cca6442,你先想想人跑步的作用是什么，为了身体好，锻炼体力，耐力，机器人不一样么，稳定性，这还用想么[捂脸R],2026.04.12,北京,1.0,,50,强势|观众,强势,观众,13,强势成功,59
69df625d0000000021005c63,"“扶我起来，我还能再跑10公里”

",,9992.0,2,69e659e30000000014018802,69dfaade0000000015001fc4,62b48563000000001902ad42,谈不上作弊，这不过就是跑步特化机器人,2026.04.21,广东,1.0,,18,失败|观众,失败,观众,6,失败,59
69e634590000000022003bb5,"每个马拉松机器人，都有自己的热血故事。

",,824.0,1,69e6be18000000001401b002,,5837928250c4b473bd25285d,跟车人员的视角很少刷到，那前面奔跑的机器人跟亲生孩子有啥区别，个中滋味也只有研发人员知道，给看感动了竟然[哭惹R],2026.04.21,北京,5089.0,33.0,57,常态|观众,常态,观众,18,常态,60
69e46032000000001f002048,"看着你们累倒在地上我很心疼，恨不得替你们

",,5680.0,1,69e84511000000001401a01c,,64bd0bd90000000014036eb8,你不跑有的是机器人愿意跑,2026.04.22,广东,4457.0,83.0,12,常态|保护者,常态,保护者,3,常态,60
69e46032000000001f002048,"看着你们累倒在地上我很心疼，恨不得替你们

",,5680.0,1,69e96b6b000000001401980c,,62e138c6000000001f016248,Wifi：都是机器，机器人跑一个小时你心疼的不行，我停一秒你就要搁那叫叫叫,2026.04.23,北京,153.0,1.0,37,常态|保护者,常态,保护者,8,常态,60
69da7e87000000001a03484e,"今晚的亦庄机器人马拉松测试

",,8169.0,2,69dad2c3000000001400ad2e,69dab64a0000000016015dcc,5e2123dd0000000001000de4,有一个视频是一个机器人失控自己跑了，后面两个程序员玩命追[偷笑R],2026.04.12,北京,61.0,,33,强势|观众,强势,观众,7,强势成功,60
69e4412a000000002103883f,"荣耀闪电队-齐天大圣夺冠！

",3517.0,445.0,1,69e475840000000014019008,,5e21610d000000000100259c,机器人在前面跑，一群人坐在后面的车里跟着遥控[笑哭R],2026.04.19,广东,9.0,4.0,27,强势|观众,强势,观众,9,强势成功,60
69e47f8f000000001f007203,"2026年机器人马拉松状态，五年后再看🤣

",,5834.0,1,69e5a635000000001401b003,,600a1d200000000001004e09,我刚刷到了有个机器人失控跑巨快，不知道是工程师还是程序员抱着电脑在后面狂追[笑哭R],2026.04.20,广东,6.0,0.0,42,混合|观众,混合,观众,9,,60
69e47f8f000000001f007203,"2026年机器人马拉松状态，五年后再看🤣

",,5834.0,1,69e56fd90000000014019412,,695a3c810000000019035355,刚看一个视频，是后面工程师拿着电脑追着他家机器人跑，跑飞快[失望R],2026.04.20,四川,5.0,2.0,34,混合|观众,混合,观众,9,,60
69e447d2000000001d01aa01,"当算法有了腿，程序员万万没想到……

",,2912.0,1,69e469ed000000001401e406,,62173f15000000001000a41e,机器人：自由！程序员：你tm没身份证！回来！(以上纯开玩笑，请勿当真)[doge],2026.04.19,广东,3.0,0.0,41,强势|服务者,强势,服务者,10,强势成功,60
69e47f8f000000001f007203,"2026年机器人马拉松状态，五年后再看🤣

",,5834.0,1,69e6473b0000000014019016,,63c17b3e000000002601376e,笑死我了，一个机器人后面跟了一堆人,2026.04.20,陕西,2.0,0.0,17,混合|观众,混合,观众,4,,60
69e45dbe000000001f00434f,"机器人跑马拉松超越人类？

",4650.0,773.0,1,69e4ea7c000000001401e811,,5cfd0e44000000001702d942,前面一个机器人，后面跟着几十个真人，就是一场笑话[失望R],2026.04.19,广东,2.0,5.0,29,强势|观众,强势,观众,8,强势成功,60
69e447d2000000001d01aa01,"当算法有了腿，程序员万万没想到……

",,2912.0,2,69e470e0000000001401d827,69e45575000000001401e004,621ddac6000000002102735d,机器人chua的跑，第1反应撒丫子追啊。等去找个自行车或电瓶车，机器人都没影了。,2026.04.19,天津,2.0,,40,强势|服务者,强势,服务者,9,强势成功,60
69e44278000000001a0217bb,"机器人超过我的瞬间

",6019.0,372.0,1,69e4d640000000001401d80c,,6153eac6000000000201a55a,后面的机器人追上来了，天啊，简直像电影台词,2026.04.19,湖北,1.0,0.0,21,强势|被超越者,强势,被超越者,6,强势成功,60
69da7e87000000001a03484e,"今晚的亦庄机器人马拉松测试

",,8169.0,1,69dbc58c0000000002028d6d,,5f7f19d80000000001000ad7,通明湖公园门口停了上百辆观光车，原来是机器人跑的太快了，需要让工作人员坐车跟跑,2026.04.13,北京,1.0,0.0,39,强势|观众,强势,观众,11,强势成功,60
69e6f2bc0000000023005345,"🍼机器人第一视角，好多人呀

",,687.0,1,69e75095000000001401d430,,6325a94200000000230273d0,你是看你机器人跑的时候有没有注意到有这个机器人？,2026.04.21,河南,1.0,0.0,24,弱势|观众,弱势,观众,4,弱势,60
69e481e8000000002003ad94,"

",,,1,69e49d0d000000001401c04d,,5f7d6f790000000001004381,机器人行业也那么卷，操控者也要跟着跑,2026.04.19,湖北,1.0,0.0,18,强势|服务者,强势,服务者,4,强势成功,60
69e481e8000000002003ad94,"

",,,1,69e5e33f000000001401880a,,5e258500000000000100303f,机器人前面跑。你们跟着后面跑[扶额R],2026.04.20,福建,1.0,0.0,19,强势|服务者,强势,服务者,4,强势成功,60
69e481e8000000002003ad94,"

",,,1,69e5a7ba000000001401dc3a,,638a8364000000001f0161ba,机器人在跑，旁边还有人跟着跑，也怪累的,2026.04.20,江苏,1.0,1.0,19,强势|服务者,强势,服务者,4,强势成功,60
69e481e8000000002003ad94,"

",,,1,69e4a13a000000001401b015,,55689169f5a26364ef72d398,哈哈哈哈，机器人跑了，拿遥控的人也要跟着跑,2026.04.19,广东,1.0,0.0,21,强势|服务者,强势,服务者,4,强势成功,60
69e447d2000000001d01aa01,"当算法有了腿，程序员万万没想到……

",,2912.0,1,69e470c6000000001401cc07,,678e2dda00000000080168ed,这个好像说机器人自己跑了程序员抱着电脑去追[doge][捂脸R],2026.04.19,甘肃,1.0,0.0,32,强势|服务者,强势,服务者,4,强势成功,60
69e40352000000002102fc75,"机器人马拉松现场第一视角看全部队伍

",,1160.0,1,69e42435000000001401e01a,,61d65d2700000000020251e9,机器人在前面跑，后面拿着遥控追[偷笑R],2026.04.19,河北,1.0,0.0,20,常态|服务者,常态,服务者,4,常态,60
69da7e87000000001a03484e,"今晚的亦庄机器人马拉松测试

",,8169.0,2,69db2b2c000000000c032dfd,69daef940000000001007f78,62479c930000000021028e20,如果机器能这么跑 科技就厉害了,2026.04.12,辽宁,1.0,,15,强势|观众,强势,观众,3,强势成功,60
69e447d2000000001d01aa01,"当算法有了腿，程序员万万没想到……

",,2912.0,2,69e76bf7000000001401b016,69e45575000000001401e004,59a0d8f682ec397da35b747b,当然是因为机器人有想法了，自己跑了，总不能是因为定位漂移、ZMP偏移、控制时延与里程累积误差共同导致的轨迹跟踪失效吧。,2026.04.21,湖北,1.0,,59,强势|服务者,强势,服务者,19,强势成功,60
69e2583b00000000230211ea,"

",,2406.0,1,69e81f0c0000000014019003,,68dd2b8f00000000370027cb,这个机器人怎么不跑反倒爆装备呢？[doge],2026.04.22,安徽,0.0,0.0,22,失败|抢救者,失败,抢救者,3,失败,60
69e2583b00000000230211ea,"

",,2406.0,1,69e302d80000000014018c26,,64d1e532000000000e0273b4,我之前刷到好多机器人跑的，跑的都可好了，这是什么情况[捂脸R],2026.04.18,山东,0.0,0.0,31,失败|抢救者,失败,抢救者,6,失败,60
69e2583b00000000230211ea,"

",,2406.0,1,69e2eb08000000001401b011,,5fa5ff1c0000000001003936,它就不想跑，机器人哪有用跑的,2026.04.18,新疆,0.0,0.0,14,失败|抢救者,失败,抢救者,3,失败,60
69da7e87000000001a03484e,"今晚的亦庄机器人马拉松测试

",,8169.0,1,69db71930000000015002ea9,,59d491c26eea88112f5acba5,可以想象起跑时一堆机器人叽哩嘎啦的会有多吵[笑哭R],2026.04.12,天津,0.0,0.0,26,强势|观众,强势,观众,6,强势成功,60
69da7e87000000001a03484e,"今晚的亦庄机器人马拉松测试

",,8169.0,1,69db41b4000000003500c8a0,,591d22727fc5b8738355aaa3,机器人大逃亡,2026.04.12,江苏,0.0,0.0,6,强势|观众,强势,观众,2,强势成功,60
69da7e87000000001a03484e,"今晚的亦庄机器人马拉松测试

",,8169.0,1,69db293c000000003501a433,,5f6391d1000000000100815d,好好跑，这一段要记到《机器人古代史》的,2026.04.12,广东,0.0,0.0,19,强势|观众,强势,观众,5,强势成功,60
69da7e87000000001a03484e,"今晚的亦庄机器人马拉松测试

",,8169.0,1,69dabfb50000000002036bf5,,565c3efe4476087a732e22e5,我研发的鸵鸟机器人，那天没管住突然跑了……[呃R][呃R],2026.04.12,浙江,0.0,0.0,29,强势|观众,强势,观众,6,强势成功,60
69da7e87000000001a03484e,"今晚的亦庄机器人马拉松测试

",,8169.0,1,69db1dd400000000350086ce,,66a58cde000000001d021f55,最起码真人跑魂在后面追、机器人跑，魂都没了， 路过的人就看见一道黑影，哒哒的嗖一声过去，没来得及看到底是啥玩意,2026.04.12,山东,0.0,0.0,55,强势|观众,强势,观众,14,强势成功,60
69e48341000000001a02d0c4,"机器人马拉松，我们看乐了，西方人看破防了🤣

",3931.0,1022.0,1,69e56581000000001401a405,,63710c92000000001f0190a7,小时候觉得日本机器人厉害，现在中国这方面碾压日本人。要是汽车领域压日本就更好了。中国发动机差一点,2026.04.20,日本,127.0,122.0,48,强势|观众,强势,观众,17,强势成功,61
69e48341000000001a02d0c4,"机器人马拉松，我们看乐了，西方人看破防了🤣

",3931.0,1022.0,2,69e5660b000000001401a004,69e56581000000001401a405,5fcaf854000000000101c18c,中国弯道超车，走电车路线，三电技术甩日本几条街,2026.04.20,云南,93.0,,23,强势|观众,强势,观众,9,强势成功,61
69e48341000000001a02d0c4,"机器人马拉松，我们看乐了，西方人看破防了🤣

",3931.0,1022.0,2,69e566b9000000001401980c,69e56581000000001401a405,6083d2ab0000000001000311,如果说汽车电机的话，应该不差日本了。燃油发动机确实国产的不行,2026.04.20,山西,50.0,,30,强势|观众,强势,观众,10,强势成功,61
69e48341000000001a02d0c4,"机器人马拉松，我们看乐了，西方人看破防了🤣

",3931.0,1022.0,2,69e5691f000000001401a003,69e56581000000001401a405,679da53a000000000e01ddb4,国产发动机不差好吧，主要是变速箱还有发变配合,2026.04.20,吉林,22.0,,22,强势|观众,强势,观众,7,强势成功,61
69e48341000000001a02d0c4,"机器人马拉松，我们看乐了，西方人看破防了🤣

",3931.0,1022.0,2,69e56e26000000001401a80c,69e56581000000001401a405,57dc9fab82ec39783bb8d2d1,我是外行哦，但是感觉电车好像已经比日本好了。,2026.04.20,上海,13.0,,22,强势|观众,强势,观众,4,强势成功,61
69e481e8000000002003ad94,"

",,,1,69e49480000000001401b80b,,5987bf7882ec39790a2fbca1,太先进了，日本的好多东西我们得学一学了,2026.04.19,日本,9.0,11.0,19,强势|服务者,强势,服务者,6,强势成功,61
69e48341000000001a02d0c4,"机器人马拉松，我们看乐了，西方人看破防了🤣

",3931.0,1022.0,2,69e567e2000000001401c80f,69e56581000000001401a405,5f7f125b000000000100904f,谁说的不行，日本车有一些都买中国的发动机！很多所谓的不行不是造不出来，是专利问题,2026.04.20,辽宁,8.0,,40,强势|观众,强势,观众,11,强势成功,61
69e48341000000001a02d0c4,"机器人马拉松，我们看乐了，西方人看破防了🤣

",3931.0,1022.0,2,69e57e570000000014019408,69e56581000000001401a405,5c3d6303000000000501a998,新能源日本车已经拉完了[捂脸R],2026.04.20,河北,3.0,,16,强势|观众,强势,观众,3,强势成功,61
69da7e87000000001a03484e,"今晚的亦庄机器人马拉松测试

",,8169.0,1,69db0ca00000000035009038,,64d73c29000000000100fef0,说义意是什么的估计是说电车发展不起来是同一帮人。[偷笑R][偷笑R],2026.04.12,广东,2.0,0.0,34,强势|观众,强势,观众,6,强势成功,61
69e48341000000001a02d0c4,"机器人马拉松，我们看乐了，西方人看破防了🤣

",3931.0,1022.0,2,69e57661000000001401bc03,69e56581000000001401a405,61619ad50000000002022a7d,奇瑞的发动机一点不差好吧,2026.04.20,广东,2.0,,12,强势|观众,强势,观众,4,强势成功,61
69e48341000000001a02d0c4,"机器人马拉松，我们看乐了，西方人看破防了🤣

",3931.0,1022.0,2,69e57d92000000001401e023,69e56581000000001401a405,5f1d98b6000000000101c05b,日本发动机很牛逼，我们开新能源车,2026.04.20,广东,2.0,,16,强势|观众,强势,观众,3,强势成功,61
69e48341000000001a02d0c4,"机器人马拉松，我们看乐了，西方人看破防了🤣

",3931.0,1022.0,2,69e581860000000014018c1a,69e56581000000001401a405,64c6759d000000002b009a35,发动机是一点不差，差在变速箱专利早被发达国家垄断了。,2026.04.20,广西,1.0,,26,强势|观众,强势,观众,7,强势成功,61
69e48341000000001a02d0c4,"机器人马拉松，我们看乐了，西方人看破防了🤣

",3931.0,1022.0,2,69e594b5000000001401c810,69e56581000000001401a405,5d2ee2a1000000001100b8c1,发动机是专利卡死了，电机才是未来方向[微笑R],2026.04.20,云南,1.0,,23,强势|观众,强势,观众,6,强势成功,61
69e48341000000001a02d0c4,"机器人马拉松，我们看乐了，西方人看破防了🤣

",3931.0,1022.0,2,69e5a2ed000000001401940e,69e56581000000001401a405,6143f70d000000000201b81e,又说发动机，中国奇瑞不错了，包括变速箱，包括AT变速箱。,2026.04.20,山东,1.0,,28,强势|观众,强势,观众,9,强势成功,61
69e48341000000001a02d0c4,"机器人马拉松，我们看乐了，西方人看破防了🤣

",3931.0,1022.0,2,69e5acef000000001401982a,69e56581000000001401a405,6788bd56000000000803f0ec,了解一下奇瑞发动机，日本公司都有买奇瑞的,2026.04.20,上海,1.0,,20,强势|观众,强势,观众,6,强势成功,61
69e48341000000001a02d0c4,"机器人马拉松，我们看乐了，西方人看破防了🤣

",3931.0,1022.0,2,69e5cfb7000000001401dc04,69e56581000000001401a405,5a093026db2e6048f9da12a7,中国油车的发动机不差，主要是变速箱传动系统的专利保护限制设计,2026.04.20,江苏,1.0,,30,强势|观众,强势,观众,11,强势成功,61
69e48341000000001a02d0c4,"机器人马拉松，我们看乐了，西方人看破防了🤣

",3931.0,1022.0,2,69e5d4f4000000001401c005,69e56581000000001401a405,5fa6b4660000000001004e0c,中国电车的技术已经断层了，接下来就是慢慢抢占市场了,2026.04.20,上海,1.0,,25,强势|观众,强势,观众,7,强势成功,61
69e48341000000001a02d0c4,"机器人马拉松，我们看乐了，西方人看破防了🤣

",3931.0,1022.0,2,69e6f813000000001401d434,69e56581000000001401a405,5f2ffc4b000000000101d99c,广汽本田已经关停了，连续五年效率下滑的原因，赛道已经换了。,2026.04.21,广东,1.0,,29,强势|观众,强势,观众,9,强势成功,61
69e48341000000001a02d0c4,"机器人马拉松，我们看乐了，西方人看破防了🤣

",3931.0,1022.0,2,69e6fd52000000001401c839,69e56581000000001401a405,61053959000000000100101e,发动机专利都给德国和日本抢占先机了，只能换个赛道,2026.04.21,广东,1.0,,24,强势|观众,强势,观众,9,强势成功,61
69e48341000000001a02d0c4,"机器人马拉松，我们看乐了，西方人看破防了🤣

",3931.0,1022.0,2,69e7473f0000000014019416,69e56581000000001401a405,617fafe00000000002024bcd,发动机不差，差的是变速箱，中国发动机的热效能比日本德国的还高，而且长安的发动机连续高负荷运行三天，在快手直播，获得了吉尼斯世界纪录,2026.04.21,湖北,1.0,,65,强势|观众,强势,观众,18,强势成功,61
69e48341000000001a02d0c4,"机器人马拉松，我们看乐了，西方人看破防了🤣

",3931.0,1022.0,2,69e5ba2e000000001401c409,69e56581000000001401a405,5d355cd20000000012011ad0,只谈发动机可能比不上，但谈电车整体的话，应该吊打日本了吧？,2026.04.20,四川,1.0,,29,强势|观众,强势,观众,8,强势成功,61
69e48341000000001a02d0c4,"机器人马拉松，我们看乐了，西方人看破防了🤣

",3931.0,1022.0,2,69e5ba6e000000001401cc04,69e56581000000001401a405,5ad9610e11be105679759d79,发动机……好古老的名词……为什么要去研究落后的玩意儿，你发动机再强能做到多少动力和效率？,2026.04.20,四川,1.0,,44,强势|观众,强势,观众,13,强势成功,61
69e48341000000001a02d0c4,"机器人马拉松，我们看乐了，西方人看破防了🤣

",3931.0,1022.0,2,69e5c29a000000001401b010,69e56581000000001401a405,664827cf0000000007004b5c,燃油车中国做的晚，好多技术不是做不到，而是被专利壁垒锁死了，很难绕开，供应链也是欧美日把持。所以中国干脆重开一局，把电车专利和供应链反向锁死。先不说电车技术，现在电车供应链在我们这，成本就是比其他地方低很多。,2026.04.20,江苏,1.0,,104,强势|观众,强势,观众,32,强势成功,61
69e48341000000001a02d0c4,"机器人马拉松，我们看乐了，西方人看破防了🤣

",3931.0,1022.0,2,69e56a5a0000000014019400,69e56581000000001401a405,63710c92000000001f0190a7,发动机。应该差很多。,2026.04.20,日本,0.0,,10,强势|观众,强势,观众,2,强势成功,61
69e48341000000001a02d0c4,"机器人马拉松，我们看乐了，西方人看破防了🤣

",3931.0,1022.0,2,69e57a8b000000001401c80f,69e56581000000001401a405,609205fe0000000001002633,汽车领域已经开始了，可以看一下刚结束的曼谷车展，泰国之前一直是日系车领地，在当地有很多工厂，今年国产车拿下了7成的单子。这波石油价格起飞，新能源车大卖，石油用来当燃料太可惜了，工业必需品。,2026.04.20,北京,0.0,,94,强势|观众,强势,观众,30,强势成功,61
69e48341000000001a02d0c4,"机器人马拉松，我们看乐了，西方人看破防了🤣

",3931.0,1022.0,2,69e57ce30000000014018c14,69e56581000000001401a405,63710c92000000001f0190a7,希望中国发动机好起来。我以前接触过挖掘机。国产挖掘机真不行[笑哭R]一年就到处漏油。但价格也确实便宜。日本贵耐用。不知道中国是没能力制造还是不想制造,2026.04.20,日本,0.0,,74,强势|观众,强势,观众,24,强势成功,61
69e48341000000001a02d0c4,"机器人马拉松，我们看乐了，西方人看破防了🤣

",3931.0,1022.0,2,69e5811a000000001401a403,69e56581000000001401a405,5a36078811be102e64eead1b,电动车不是不差，是全面碾压,2026.04.20,广东,0.0,,13,强势|观众,强势,观众,4,强势成功,61
69e48341000000001a02d0c4,"机器人马拉松，我们看乐了，西方人看破防了🤣

",3931.0,1022.0,2,69e582ac0000000014019c02,69e56581000000001401a405,63710c92000000001f0190a7,嗯嗯中国发动机比日本牛p，这是事实。各有千秋吧。,2026.04.20,日本,0.0,,24,强势|观众,强势,观众,5,强势成功,61
69e48341000000001a02d0c4,"机器人马拉松，我们看乐了，西方人看破防了🤣

",3931.0,1022.0,2,69e582e90000000014019014,69e56581000000001401a405,63710c92000000001f0190a7,嗯嗯。不错。5G技术也碾压日本[赞R],2026.04.20,日本,0.0,,19,强势|观众,强势,观众,5,强势成功,61
69e48341000000001a02d0c4,"机器人马拉松，我们看乐了，西方人看破防了🤣

",3931.0,1022.0,2,69e584170000000014019016,69e56581000000001401a405,62aabe34000000001b026cb4,发动机差的可太多了，也不可能去追的上了，我们都转弯道超车去了,2026.04.20,湖南,0.0,,30,强势|观众,强势,观众,4,强势成功,61
69e48b0b000000001a02578c,"北京马拉松机器人中暑了🥵

",3334.0,467.0,2,69e9466f000000001401c803,69e4c534000000001401882f,5e05693e00000000010020a3,给电池降温吗？,2026.04.23,加拿大,22.0,,7,失败|服务者,失败,服务者,2,失败,62
69e4426b000000001d01c7ed,"一个大的一个小的一个废的

",,7334.0,2,69e47644000000001401cc31,69e45c42000000001401c413,5bde642041fbec0001ea5e84,一个是短时间工作，一个长时间工作，两种难度点不一样。长时间关节处，电池处等温度会过高。,2026.04.19,安徽,7.0,,43,混合|观众,混合,观众,12,,62
69e481e8000000002003ad94,"

",,,1,69e5b997000000001401d81f,,61bc17ca000000001000a38e,换电池=人类休息，加冰块=人类喝水散热，喷药是为了啥[微笑R],2026.04.20,广东,6.0,4.0,31,强势|服务者,强势,服务者,9,强势成功,62
69e4426b000000001d01c7ed,"一个大的一个小的一个废的

",,7334.0,2,69e47d6c000000001401e02c,69e47caa000000001401a808,63297b980000000023038c5b,应该是递块电池或者润滑油[笑哭R],2026.04.19,广东,2.0,,17,混合|观众,混合,观众,4,,62
69e48b0b000000001a02578c,"北京马拉松机器人中暑了🥵

",3334.0,467.0,2,69eb55fe00000000270201d1,69e4c534000000001401882f,661c199800000000070053d2,电池降温啊？,2026.04.24,上海,2.0,,6,失败|服务者,失败,服务者,2,失败,62
69e481e8000000002003ad94,"

",,,1,69e496f80000000014019018,,5fb7c0070000000001009feb,换电，冷却，润滑,2026.04.19,北京,1.0,0.0,8,强势|服务者,强势,服务者,3,强势成功,62
69e481e8000000002003ad94,"

",,,1,69e5caad0000000014013806,,621da2490000000021029d6e,前面补电，后面补冰，还有一个喷润滑……人跑就一个，机器跑要3个人……,2026.04.20,上海,1.0,0.0,34,强势|服务者,强势,服务者,8,强势成功,62
69e481e8000000002003ad94,"

",,,1,69e5a7180000000014018807,,61cf3298000000001000e851,我以为补给是换电池，没想到是搞降温[偷笑R],2026.04.20,重庆,1.0,0.0,22,强势|服务者,强势,服务者,5,强势成功,62
69e481e8000000002003ad94,"

",,,1,69e55601000000001401c004,,675ade65000000001c01bb6d,汽油机还是柴油机？还加点油润滑剂和冷却液？,2026.04.20,山东,1.0,0.0,21,强势|服务者,强势,服务者,5,强势成功,62
69e481e8000000002003ad94,"

",,,1,69e4a435000000001401a821,,62b3443e00000000190282d8,还不够智能，应该装两个电池，可以分开换，然后装冰块，换电池，润滑，都自己解决,2026.04.19,陕西,1.0,0.0,38,强势|服务者,强势,服务者,9,强势成功,62
69e481e8000000002003ad94,"

",,,1,69e4937a000000001401dc2b,,5ee1391b00000000010059cf,换电池，喷润滑剂，后面背包里加的是啥？,2026.04.19,北京,1.0,6.0,19,强势|服务者,强势,服务者,5,强势成功,62
69e481e8000000002003ad94,"

",,,2,69e55f79000000001401d403,69e4ddc7000000001401980e,6095eb6a0000000001004b45,应该是给电池降温！！！猜的,2026.04.20,重庆,1.0,,13,强势|服务者,强势,服务者,2,强势成功,62
69e481e8000000002003ad94,"

",,,1,69e49ef7000000001401e42c,,6767dd5c000000001801ce03,换电，润滑，降温,2026.04.19,上海,0.0,0.0,8,强势|服务者,强势,服务者,3,强势成功,62
69e481e8000000002003ad94,"

",,,1,69e49d27000000001401b01e,,60b02abf0000000001005b1d,换电池，加冰降温，裆部是在干嘛，润滑？,2026.04.19,浙江,0.0,0.0,19,强势|服务者,强势,服务者,6,强势成功,62
69e481e8000000002003ad94,"

",,,1,69e49c35000000001401e008,,5d397234000000001000097c,降温，换电，润滑？,2026.04.19,中国澳门,0.0,0.0,9,强势|服务者,强势,服务者,3,强势成功,62
69e481e8000000002003ad94,"

",,,1,69e49c1a000000001401cc1d,,66647e1c0000000007004f5c,换电，降温,2026.04.19,湖北,0.0,0.0,5,强势|服务者,强势,服务者,2,强势成功,62
69e481e8000000002003ad94,"

",,,1,69e49b3b000000001401c01a,,590d9b8650c4b40e4fb225e4,降温➕换电池吗,2026.04.19,福建,0.0,0.0,7,强势|服务者,强势,服务者,2,强势成功,62
69e481e8000000002003ad94,"

",,,1,69e49ae5000000001401c41a,,5ee09ab70000000001003693,一边更换锂电，一边喷WD-40，一边➕冰,2026.04.19,上海,0.0,0.0,20,强势|服务者,强势,服务者,7,强势成功,62
69e481e8000000002003ad94,"

",,,1,69e49a15000000001401d830,,5ef9ebd50000000001002a19,又降温又换电池的,2026.04.19,浙江,0.0,0.0,8,强势|服务者,强势,服务者,2,强势成功,62
69e481e8000000002003ad94,"

",,,1,69e49688000000001401881c,,69db327e0000000033027ffa,降温换电池,2026.04.19,浙江,0.0,0.0,5,强势|服务者,强势,服务者,2,强势成功,62
69e481e8000000002003ad94,"

",,,1,69e4949b000000001401c01d,,614db310000000000202660d,又是换电池，又是降温，又是润滑[偷笑R],2026.04.19,湖南,0.0,0.0,20,强势|服务者,强势,服务者,3,强势成功,62
69e481e8000000002003ad94,"

",,,1,69e8f21c000000001401ac10,,635cfa34000000001802d3dc,换电池，加冰降温，喷润滑剂，是这样吗,2026.04.23,浙江,0.0,0.0,18,强势|服务者,强势,服务者,5,强势成功,62
69e481e8000000002003ad94,"

",,,1,69e789d9000000001401c02c,,5bdc63d5904b310001c5cc52,换电，降温，润滑,2026.04.21,江苏,0.0,0.0,8,强势|服务者,强势,服务者,3,强势成功,62
69e481e8000000002003ad94,"

",,,1,69e77114000000001401a01e,,640ddba50000000029010b26,换电池，打润滑油，加散热冰,2026.04.21,四川,0.0,0.0,13,强势|服务者,强势,服务者,3,强势成功,62
69e481e8000000002003ad94,"

",,,1,69e747ec0000000014018814,,607ceaa60000000001001649,换电池，补充散热的冰，给关节加润滑剂[doge],2026.04.21,辽宁,0.0,0.0,24,强势|服务者,强势,服务者,5,强势成功,62
69e481e8000000002003ad94,"

",,,1,69e739f1000000001401c024,,5f9a3bd10000000001001d52,加冰，换电，加润滑,2026.04.21,广东,0.0,0.0,9,强势|服务者,强势,服务者,3,强势成功,62
69e481e8000000002003ad94,"

",,,1,69e7342d000000001401b001,,5e52319d0000000001006ae3,电池不放胸口，放肚子上会不会更稳一点？或者把背后的降温小包往下挪一点,2026.04.21,福建,0.0,0.0,34,强势|服务者,强势,服务者,12,强势成功,62
69e481e8000000002003ad94,"

",,,1,69e7176a000000001401c022,,63037d7a0000000012002774,换电池，加冰，喷制冷剂,2026.04.21,山西,0.0,0.0,11,强势|服务者,强势,服务者,3,强势成功,62
69e481e8000000002003ad94,"

",,,1,69e6f916000000001401d403,,5b13f18a11be104d90083b80,就是换电池，加冰块散热[偷笑R],2026.04.21,广东,0.0,0.0,16,强势|服务者,强势,服务者,3,强势成功,62
69e481e8000000002003ad94,"

",,,1,69e6ae3b000000001401e00b,,6427a97f000000001201229d,以后共亨散热降温站 共亨换电站感觉要火,2026.04.21,山东,0.0,0.0,19,强势|服务者,强势,服务者,6,强势成功,62
69e48b0b000000001a02578c,"北京马拉松机器人中暑了🥵

",3334.0,467.0,1,69ef404c000000002b003d6a,,6672bbe60000000003031293,不懂机器人跑马拉松的意义在哪[捂脸R],2026.04.27,江西,89.0,8.0,19,失败|服务者,失败,服务者,3,失败,63
69e481e8000000002003ad94,"

",,,1,69e57c66000000001401e818,,5fb4dd67000000000101fcc7,我不懂，机器人参加马拉松，和吃饱了没事干哪个含金量更高？,2026.04.20,湖南,16.0,47.0,28,强势|服务者,强势,服务者,8,强势成功,63
69e481e8000000002003ad94,"

",,,1,69ea62d3000000001401c40d,,5c503615000000001203b19a,说实话，我想不懂，机器人去马拉松要什么意义[笑哭R] 之后是不是智能汽车也要去赛车[笑哭R],2026.04.24,广东,9.0,16.0,46,强势|服务者,强势,服务者,9,强势成功,63
69da7e87000000001a03484e,"今晚的亦庄机器人马拉松测试

",,8169.0,1,69da8bb50000000035029c69,,60794ad900000000010075da,马拉松是为了全人类共同参与运动的精神，提倡生命在于运动，让机器人去参加，意义全变了,2026.04.12,广东,4.0,9.0,41,强势|观众,强势,观众,15,强势成功,63
69da7e87000000001a03484e,"今晚的亦庄机器人马拉松测试

",,8169.0,2,69daecd5000000000202aad4,69dadf8d000000001500b155,5cde84ed0000000016025e55,可是马拉松就是为了测试机器人关节最大承受度啊 连续跑 42 公里 电池的公里 避震 磨损度都是一种测试啊  最早的 ai 不就是用来跟柯洁下棋的吗 那时候你会想到出现各种 app 吗,2026.04.12,北京,4.0,,91,强势|观众,强势,观众,26,强势成功,63
69e42cc100000000220001ad,"机器人马拉松倒数第一名，萌翻了🤣🤣🤣

",,8501.0,2,69e453040000000014018816,69e452300000000014018818,5eb2d84d0000000001006e7e,举办机器人马拉松竞赛，远不止是一场科技表演，它像一场目标明确、难度拉满的“综合大考”，旨在通过极限挑战，推动整个产业的进步。总而言之，这场“马拉松”的最终目的并非赛道上的输赢，而是以此为催化剂，推动技术进步与产业落地。虽然目前机器人在通用化、决策交互等方面仍有差距，但这场赛事正为回答“距离我们可靠的‘钢铁伙伴’还有多远”这个终极问题，迈出了坚实的探索步伐。（节选来自Deepseek的回答）,2026.04.19,福建,3.0,,196,弱势|观众,弱势,观众,65,弱势,63
69e40352000000002102fc75,"机器人马拉松现场第一视角看全部队伍

",,1160.0,2,69e48e62000000001401c42d,69e4493b000000001401cc00,5ca04a3d0000000010037bd4,你不要暴躁，我对这件事的视野是希望你能正确看到和正确看待机器人半马活动的意义和对投身机器人领域工作人员的价值，一起努力吧，都需要持续学习,2026.04.19,北京,3.0,,68,常态|服务者,常态,服务者,21,常态,63
69e40352000000002102fc75,"机器人马拉松现场第一视角看全部队伍

",,1160.0,1,69e50940000000001401a810,,661016570000000007004883,看着是马拉松，其实比的是机器人的：避障反应（分软障碍和硬障碍）、机械强度和韧性、软件驱动的随机灵活性、自我平衡能力、电池的供电能力和能效。。。。太多的综合性能了。,2026.04.20,广东,2.0,0.0,81,常态|服务者,常态,服务者,25,常态,63
69e59e520000000022027a90,"花田里犯了错|机器人马拉松正赛搞笑赏析

",,2593.0,1,69e70ee9000000001401c02f,,5bf0e1eeb19efc0001bcc78a,不懂就问，机器人跑马拼的其实就是识别路线和障碍物以及续航能力吧？,2026.04.21,广西,2.0,1.0,32,弱势|观众,弱势,观众,9,弱势,63
69e40352000000002102fc75,"机器人马拉松现场第一视角看全部队伍

",,1160.0,2,69e4c37d0000000014019826,69e4a359000000001401a404,5df1494b00000000010059f2,这是一步一步来的过程，机器人有跑完马拉松的性能，那就意味着机器人能够完成马拉松等运动项目的辅助工作，比如比赛进行时同步检测赛道天气，评估运动员身体健康状况等，并且在意外发生时救援到达前做紧急救援工作，比如之前甘肃的某次马拉松就因为天气以及其他因素导致运动员遇难，这是一个机器人发展的过程，没有什么东西能够一蹴而就，就像汽车刚发明的时候连雨刮器都没有,2026.04.19,上海,2.0,,174,常态|服务者,常态,服务者,55,常态,63
69da7e87000000001a03484e,"今晚的亦庄机器人马拉松测试

",,8169.0,1,69dafc20000000003500ea04,,605a76fc00000000010000d5,机器人跑马拉松真的有意义吗？都是机器汽车自动驾驶不就是么，汽车跑起来可不止只是马拉松的距离哟,2026.04.12,北京,1.0,0.0,46,强势|观众,强势,观众,14,强势成功,63
69da7e87000000001a03484e,"今晚的亦庄机器人马拉松测试

",,8169.0,1,69daf101000000001500b3ff,,574001654775a746794e71ed,不如比赛让机器人拆炸弹……拆好了代替危险的排爆特警，水平不好的拆不对直接原地爆炸，这还更有可观性娱乐性。两腿机器人跑马拉松跑得快对社会有什么帮助么[抠鼻R][抠鼻R][抠鼻R],2026.04.12,北京,1.0,0.0,88,强势|观众,强势,观众,22,强势成功,63
69e481e8000000002003ad94,"

",,,1,69e519bd0000000014019801,,5b223d07e8ac2b6f62d896b0,"有的人说 机器人改成轮子不是更快
​机器人参加马拉松是为了训练极限性能等 甚至会出多足机器人 适应各种地形 比如危险环境下救人 比如火灾 甚至作战等",2026.04.20,山东,1.0,0.0,74,强势|服务者,强势,服务者,27,强势成功,63
69da7e87000000001a03484e,"今晚的亦庄机器人马拉松测试

",,8169.0,2,69dbfe9f000000001400bc4c,69dafee4000000001400a5be,5a094aa04eacab60354412e6,你没懂，我在反讽[doge]因为看到很多人说机器人跑马拉松没意义我才反讽,2026.04.13,美国,1.0,,36,强势|观众,强势,观众,7,强势成功,63
69da7e87000000001a03484e,"今晚的亦庄机器人马拉松测试

",,8169.0,2,69dc0bfc0000000015000940,69dafee4000000001400a5be,5a094aa04eacab60354412e6,你没懂，注意我说的是人不是机器人，我在反讽哪些说机器人跑马拉松没意义的人[doge]因为以此类推人跑马拉松也没啥意义,2026.04.13,美国,1.0,,58,强势|观众,强势,观众,13,强势成功,63
69da7e87000000001a03484e,"今晚的亦庄机器人马拉松测试

",,8169.0,2,69dc0cb500000000150050c1,69dafee4000000001400a5be,5a094aa04eacab60354412e6,注意我说的是人不是机器人，我在反讽哪些说机器人跑马拉松没意义的人[doge]因为以此类推人跑马拉松也没啥意义,2026.04.13,美国,1.0,,54,强势|观众,强势,观众,13,强势成功,63
69da7e87000000001a03484e,"今晚的亦庄机器人马拉松测试

",,8169.0,2,69db2c9400000000350230cb,69daef940000000001007f78,598940f26a6a6902ef735279,机器人的技术检验测试电池。这个其实你看他是马拉松，其实就是一个测试吧，类似于玩游戏的时候，游戏上线前游戏公司会有。测试进行检测，他就是需要玩一遍，能理解了嘛,2026.04.12,浙江,1.0,,78,强势|观众,强势,观众,21,强势成功,63
69e47f8f000000001f007203,"2026年机器人马拉松状态，五年后再看🤣

",,5834.0,2,69e86f7e000000001401d82d,69e6eded000000001401b837,5b007f70e8ac2b6983f139a5,"冷知识：汽车也属于机器人的一种，
而马拉松的意义不是让你单纯看机器人跑步",2026.04.22,上海,1.0,,36,混合|观众,混合,观众,10,,63
69e481e8000000002003ad94,"

",,,2,69e550b00000000014018c03,69e4853b000000001401b022,6790f96f000000000e01d77f,降温，关节电机，与背后核心区域，高强度长负荷，长时间运转之后温度很高，而且其稳定系统在高强度工作之后也需要降温一个意思，这种马拉松就是测试机器人超负荷持续运行性能的。,2026.04.20,江苏,1.0,,83,强势|服务者,强势,服务者,27,强势成功,63
69e447d2000000001d01aa01,"当算法有了腿，程序员万万没想到……

",,2912.0,2,69e48cd1000000001401d806,69e48cc9000000001401c419,68944c1e0000000028001164,"程序员抱着电脑在后面追，其实是在进行一场“移动式”的现场保障。这背后是技术的现实状态： 机器人虽然能跑，但还不够“智能”和“稳定”，需要人类工程师实时干预。
【为什么需要“人肉外挂”？】
实时调试算法：机器人每一步的平衡、转向都需要复杂的算法控制。在长达21公里的比赛中，路况复杂多变，算法可能会出现偏差。程序员通过笔记本电脑实时监控数据，一旦发现机器人姿态不稳或偏离路线，可以紧急调整参数，防止它摔倒或“跑偏”。
应急维修与重启：人形机器人结构精密，关节、传感器在长时间高负荷运转下容易出问题，比如过热、松动甚至“掉头”。工程师就像“急诊科医生”，随时准备处理各种突发状况，比如重新安装零件或更换电池。
充当“移动充电宝”：目前机器人的续航能力有限，比赛中需要频繁更换电池。工程师不仅要背着电脑，很多时候还要背着备用电池箱，随时为机器人补充能量。
简单来说，这场马拉松不仅是对机器人硬件的考验，更是对软件算法和系统稳定性的“大考”。程序员的“陪跑”，正是为了在真实、复杂的环境中收集数据、发现问题，从而推动技术不断进步。",2026.04.19,--,1.0,,461,强势|服务者,强势,服务者,148,强势成功,63
69e44278000000001a0217bb,"机器人超过我的瞬间

",6019.0,372.0,1,69e4a179000000001401d839,,5e916b1d0000000001001bb7,不太理解为啥要机器人去跑马拉松，意义何在，人跑马拉松是突破人体极限，是对自我的挑战，是训练自己的耐力，但是机器人能体现什么，人情机器人超过人不应该正常吗，它们不会累，不需要休息，,2026.04.19,山东,0.0,3.0,89,强势|被超越者,强势,被超越者,24,强势成功,63
69e2583b00000000230211ea,"

",,2406.0,1,69e3089d000000001401a428,,5e4c0cf500000000010046e6,机器人搞马拉松毫无意义，马拉松是激发人类极限的运动，机器人就像汽车电车，给够动力就能跑到坏。,2026.04.18,福建,0.0,0.0,46,失败|抢救者,失败,抢救者,13,失败,63
69da7e87000000001a03484e,"今晚的亦庄机器人马拉松测试

",,8169.0,1,69dbb8990000000035032913,,5b72b53a6b58b703bf9d43ff,马拉松42km高速完赛不只是能量，更靠的是神经协调和受力反馈。碳板跑鞋和前掌着地的技巧，以及核心控制力和摆臂、送髋等，都是视频里机器人不具备的。这纯属大力出奇迹的scale模式。高阶跑者会用前掌感受地面和碳板回弹，然后用摆臂带动身体。看看基普乔格和切里莫跑步都是轻飘飘有弹性的。而且人类实际消耗的能量比机器人少太多，现阶段机器人想要破3，硬件续航、散热、结构强度、神经控制还差了好几个数量级。机器人达到这个目标至少看8年以后。,2026.04.12,重庆,0.0,0.0,213,强势|观众,强势,观众,63,强势成功,63
69da7e87000000001a03484e,"今晚的亦庄机器人马拉松测试

",,8169.0,1,69db0e2e0000000001004f5b,,62a88cd6000000001501bb6b,机器人当然也可以测马拉松，你就当性能测试，这机器跑的快，但是续航可有限度，没电了一样歇菜,2026.04.12,四川,0.0,0.0,44,强势|观众,强势,观众,12,强势成功,63
69da7e87000000001a03484e,"今晚的亦庄机器人马拉松测试

",,8169.0,1,69dafda6000000000d03cfda,,60084a880000000001006845,机器人跑马拉松，人干什么呢，人工智能技术要发展，社会伦理与规则也要兼顾,2026.04.12,北京,0.0,0.0,35,强势|观众,强势,观众,11,强势成功,63
69da7e87000000001a03484e,"今晚的亦庄机器人马拉松测试

",,8169.0,1,69de3cf9000000000203590f,,541594abb4c4d610bf44f373,机器人跑马拉松除了占地儿有什么意义吗？很多高危高重复的岗位去干比较适合机器人吧,2026.04.14,浙江,0.0,0.0,39,强势|观众,强势,观众,13,强势成功,63
69da7e87000000001a03484e,"今晚的亦庄机器人马拉松测试

",,8169.0,1,69db18230000000016015a13,,6156a53b0000000002021805,其实比起机器人马拉松，我觉得人类的马拉松意义还没那么大[捂脸R][doge][doge][doge],2026.04.12,中国香港,0.0,0.0,50,强势|观众,强势,观众,6,强势成功,63
69da7e87000000001a03484e,"今晚的亦庄机器人马拉松测试

",,8169.0,1,69db017200000000350171ff,,648f6380000000000f005cb3,人类长跑比速度和耐力，机器人跑什么马拉松？ 要测稳定性在跑步机上测就行，干吗拿出来扰民？,2026.04.12,河北,0.0,0.0,44,强势|观众,强势,观众,12,强势成功,63
69e42cc100000000220001ad,"机器人马拉松倒数第一名，萌翻了🤣🤣🤣

",,8501.0,1,69e94ce2000000001401e000,,6440f04e000000001203715f,我真的很迷惑，机器人应用是用来表演扇子舞和跑马拉松吗？满屏的这种新闻，那是不是以后机器人还要去度假和旅行？这是什么奇葩社会引导？更应该展示的是机器人替代人去危险的领域工作，而不是在这搞哗众取宠的玩具,2026.04.23,河南,0.0,0.0,99,弱势|观众,弱势,观众,27,弱势,63
69e47f8f000000001f007203,"2026年机器人马拉松状态，五年后再看🤣

",,5834.0,1,69e574df000000001401cc02,,54814052d6e4a9257d17bb30,看看，机器人跑那么久都会宕机，更何况是人，身弱的就别参加什么马拉松了,2026.04.20,江苏,0.0,0.0,34,混合|观众,混合,观众,8,,63
69e46032000000001f002048,"看着你们累倒在地上我很心疼，恨不得替你们

",,5680.0,2,69e974a8000000001401e011,69e9732e000000001401e422,613f96d8000000000201b288,凉面要吃鸡丝的,2026.04.23,河南,1082.0,,7,常态|保护者,常态,保护者,2,常态,64
69e46032000000001f002048,"看着你们累倒在地上我很心疼，恨不得替你们

",,5680.0,2,69e975ff000000001401e820,69e9732e000000001401e422,66f3cff6000000001d020aae,鸡丝凉面要加点醋好吃[坏笑R],2026.04.23,江苏,378.0,,15,常态|保护者,常态,保护者,4,常态,64
69e46032000000001f002048,"看着你们累倒在地上我很心疼，恨不得替你们

",,5680.0,2,69e976070000000014013006,69e9732e000000001401e422,5868720e6a6a691f4542918b,鸡丝要吃麻辣的,2026.04.23,上海,239.0,,7,常态|保护者,常态,保护者,2,常态,64
69e46032000000001f002048,"看着你们累倒在地上我很心疼，恨不得替你们

",,5680.0,2,69e97790000000001401e405,69e9732e000000001401e422,5ba0bdec68bd21000164a21e,凉面要加黄瓜丝,2026.04.23,湖北,205.0,,7,常态|保护者,常态,保护者,3,常态,64
69e46032000000001f002048,"看着你们累倒在地上我很心疼，恨不得替你们

",,5680.0,2,69e97a48000000001401dc07,69e9732e000000001401e422,67fde4fe000000000e01363d,椒麻鸡丝拌面也好吃[萌萌哒R],2026.04.23,陕西,130.0,,15,常态|保护者,常态,保护者,3,常态,64
69e46032000000001f002048,"看着你们累倒在地上我很心疼，恨不得替你们

",,5680.0,2,69e97b79000000001401d409,69e9732e000000001401e422,65281080000000002a034179,凉面他们吃，派留给我中不中,2026.04.23,上海,39.0,,13,常态|保护者,常态,保护者,3,常态,64
69e46032000000001f002048,"看着你们累倒在地上我很心疼，恨不得替你们

",,5680.0,2,69e97f15000000001401c027,69e9732e000000001401e422,661d07cb0000000003033e32,再加点麻酱,2026.04.23,湖南,11.0,,5,常态|保护者,常态,保护者,2,常态,64
69e46032000000001f002048,"看着你们累倒在地上我很心疼，恨不得替你们

",,5680.0,2,69e97dd40000000014019c1f,69e9732e000000001401e422,635b56370000000012025baa,那我喜欢带点甜口的[doge],2026.04.23,陕西,9.0,,15,常态|保护者,常态,保护者,3,常态,64
69e46032000000001f002048,"看着你们累倒在地上我很心疼，恨不得替你们

",,5680.0,2,69e980d6000000001401dc21,69e9732e000000001401e422,55bf51b8b7ba222b28cb3de9,别忘再撒点芝麻～,2026.04.23,北京,9.0,,8,常态|保护者,常态,保护者,2,常态,64
69e46032000000001f002048,"看着你们累倒在地上我很心疼，恨不得替你们

",,5680.0,2,69e9828e000000001401a801,69e9732e000000001401e422,5657e016cb35fb78d87e200b,要加点油炸花生米,2026.04.23,陕西,9.0,,8,常态|保护者,常态,保护者,3,常态,64
69e481e8000000002003ad94,"

",,,2,69e6fc61000000001401e038,69e6f8a10000000014019c09,61cdb64900000000210267f2,估计是蒜瓣，提神醒脑,2026.04.21,陕西,7.0,,10,强势|服务者,强势,服务者,3,强势成功,64
69e46032000000001f002048,"看着你们累倒在地上我很心疼，恨不得替你们

",,5680.0,2,69e9822b000000001401ac14,69e9732e000000001401e422,5aca379e11be1001fabd929e,我喜欢吃红油的[捂嘴笑R],2026.04.23,天津,6.0,,13,常态|保护者,常态,保护者,2,常态,64
69e46032000000001f002048,"看着你们累倒在地上我很心疼，恨不得替你们

",,5680.0,2,69e98100000000001401d408,69e9732e000000001401e422,62093d8d000000001000dc47,我要吃麻酱的,2026.04.23,山东,2.0,,6,常态|保护者,常态,保护者,2,常态,64
69e46032000000001f002048,"看着你们累倒在地上我很心疼，恨不得替你们

",,5680.0,2,69e984d4000000001401b010,69e9732e000000001401e422,594a185a82ec390871c47d8b,芝麻酱的好吃,2026.04.23,山西,1.0,,6,常态|保护者,常态,保护者,2,常态,64
69e46032000000001f002048,"看着你们累倒在地上我很心疼，恨不得替你们

",,5680.0,2,69e989f40000000014019412,69e9732e000000001401e422,5ea8cc03000000000100291a,墙头草!变色龙!凉面派! 中庸之道![doge],2026.04.23,山东,1.0,,24,常态|保护者,常态,保护者,4,常态,64
69e46032000000001f002048,"看着你们累倒在地上我很心疼，恨不得替你们

",,5680.0,2,69e995bf000000001401c40f,69e9732e000000001401e422,60865fe10000000001001e5c,凉面还是酸辣口的好吃,2026.04.23,四川,1.0,,10,常态|保护者,常态,保护者,3,常态,64
69e46032000000001f002048,"看着你们累倒在地上我很心疼，恨不得替你们

",,5680.0,2,69e9aee4000000001401cc33,69e9732e000000001401e422,598b2df36a6a69152a7353a2,那不行，凉面这方面连云港凉面没服过谁,2026.04.23,江苏,1.0,,18,常态|保护者,常态,保护者,6,常态,64
69e46032000000001f002048,"看着你们累倒在地上我很心疼，恨不得替你们

",,5680.0,2,69e9b3a7000000001401d422,69e9732e000000001401e422,5d119ac700000000100217f0,多加点麻酱和黄瓜丝,2026.04.23,河北,1.0,,9,常态|保护者,常态,保护者,3,常态,64
69e481e8000000002003ad94,"

",,,1,69ec1d55000000002b002104,,61b9f37f000000001000950b,工程师：喂我花生！,2026.04.25,河北,0.0,0.0,9,强势|服务者,强势,服务者,2,强势成功,64
69e481e8000000002003ad94,"

",,,1,69e751ce000000001401cc35,,6787f90f000000000803f79e,后面加的炒面，饿了路上吃。[偷笑R],2026.04.21,山东,0.0,0.0,18,强势|服务者,强势,服务者,3,强势成功,64
69e429b4000000001b00037a,"张杰演唱会机器人来参加半马了？？

",,2026.0,1,69e44165000000001401cc1f,,650a99f60000000017022afa,好香？这玩意能吃吗？[汗颜R],2026.04.19,山东,0.0,0.0,15,常态|观众,常态,观众,2,常态,64
69e42cc100000000220001ad,"机器人马拉松倒数第一名，萌翻了🤣🤣🤣

",,8501.0,2,69e742ea000000001401cc07,69e505d8000000001401a409,5f2b943c00000000010050b3,大树底下挂辣椒呢,2026.04.21,山东,0.0,,8,弱势|观众,弱势,观众,2,弱势,64
69e46032000000001f002048,"看着你们累倒在地上我很心疼，恨不得替你们

",,5680.0,2,69e985a9000000001401981b,69e9732e000000001401e422,5f34001a000000000101dd39,鸡丝拌面要加麻酱,2026.04.23,甘肃,0.0,,8,常态|保护者,常态,保护者,4,常态,64
69e46032000000001f002048,"看着你们累倒在地上我很心疼，恨不得替你们

",,5680.0,2,69e98a7a0000000014019019,69e9732e000000001401e422,63beddd80000000026006608,凉面我要加点麻酱谢谢你,2026.04.23,河南,0.0,,11,常态|保护者,常态,保护者,5,常态,64
69e46032000000001f002048,"看着你们累倒在地上我很心疼，恨不得替你们

",,5680.0,2,69e98aa6000000001401bc26,69e9732e000000001401e422,5af3af2ee8ac2b219d725490,椒麻的再加点糖醋，我再撒一把香菜花生米[哇R],2026.04.23,上海,0.0,,23,常态|保护者,常态,保护者,5,常态,64
69e46032000000001f002048,"看着你们累倒在地上我很心疼，恨不得替你们

",,5680.0,2,69e98b0b000000001401ac08,69e9732e000000001401e422,60515576000000000100b1f7,啥味道的凉面，好吃吗？,2026.04.23,安徽,0.0,,11,常态|保护者,常态,保护者,3,常态,64
69e46032000000001f002048,"看着你们累倒在地上我很心疼，恨不得替你们

",,5680.0,2,69e98caf000000001401b800,69e9732e000000001401e422,66cc0235000000001d031764,凉皮派行不行,2026.04.23,安徽,0.0,,6,常态|保护者,常态,保护者,2,常态,64
69e46032000000001f002048,"看着你们累倒在地上我很心疼，恨不得替你们

",,5680.0,2,69e98ec8000000001401d817,69e9732e000000001401e422,6564012700000000020374a0,再加点花生碎,2026.04.23,吉林,0.0,,6,常态|保护者,常态,保护者,2,常态,64
69e46032000000001f002048,"看着你们累倒在地上我很心疼，恨不得替你们

",,5680.0,2,69e98f5b0000000014019404,69e9732e000000001401e422,59a8e83150c4b46e5dad54f6,我要一碗，微辣的,2026.04.23,安徽,0.0,,8,常态|保护者,常态,保护者,3,常态,64
69e46032000000001f002048,"看着你们累倒在地上我很心疼，恨不得替你们

",,5680.0,2,69e98f82000000001401d40f,69e9732e000000001401e422,65322146000000002a019b6e,我也很喜歡吃涼麵，去上海時再去吃！！,2026.04.23,中国台湾,0.0,,18,常态|保护者,常态,保护者,2,常态,64
69e43a5a000000001d01dcc7,"机器人嘲讽同伴

",1966.0,167.0,1,69e449a40000000014019013,,5b4d2b26e8ac2b5b346b9f5e,上面刷过来，小鼻嘎出故障了他在旁边看热闹还鼓掌[笑哭R],2026.04.19,北京,114.0,1.0,28,常态|观众,常态,观众,7,常态,65
69e43b14000000001a02e095,"好萌的小黑仔跑马拉松

",,2760.0,2,69e44855000000001401e40c,69e445a70000000014019003,60ba3a02000000000101e3e1,明明是那个红色的小鼻嘎最萌,2026.04.19,天津,16.0,,13,弱势|服务者,弱势,服务者,3,弱势,65
69e48341000000001a02d0c4,"机器人马拉松，我们看乐了，西方人看破防了🤣

",3931.0,1022.0,2,69e4ad1b000000001401d422,69e4ac590000000014019815,63209b760000000023026b6e,海派兄弟小鼻嘎。本来做出来陪小孩儿的。以后说不准就是隧道选手了[笑哭R],2026.04.19,山东,13.0,,36,强势|观众,强势,观众,8,强势成功,65
69e59e520000000022027a90,"花田里犯了错|机器人马拉松正赛搞笑赏析

",,2593.0,1,69e5c9fe000000001401e437,,5b19d83011be107fa8f8d9ff,嘎嘎嘎嘎，主包梗太密集了，关注了,2026.04.20,浙江,8.0,1.0,16,弱势|观众,弱势,观众,5,弱势,65
69e4426b000000001d01c7ed,"一个大的一个小的一个废的

",,7334.0,2,69e47632000000001401ac0f,69e45af00000000014019407,651b653a000000002402e1a9,小鼻嘎跑了将近10公里，已经比我强多了[笑哭R],2026.04.19,北京,7.0,,24,混合|观众,混合,观众,5,,65
69e4426b000000001d01c7ed,"一个大的一个小的一个废的

",,7334.0,2,69e474c8000000001401bc23,69e451fd000000001401c806,55cea695a75c9543b30100e3,我在凉水河路没看见这个小鼻嘎，她到了吗,2026.04.19,北京,5.0,,19,混合|观众,混合,观众,3,,65
69e4412a000000002103883f,"荣耀闪电队-齐天大圣夺冠！

",3517.0,445.0,1,69e476b2000000001401e012,,65b047f50000000018021f8c,小鼻嘎揣着小奶瓶太逗了[笑哭R],2026.04.19,上海,4.0,0.0,16,强势|观众,强势,观众,4,强势成功,65
69e4426b000000001d01c7ed,"一个大的一个小的一个废的

",,7334.0,1,69e468f0000000001401e023,,5d50b903000000001601a6ec,小鼻嘎胜出[赞R],2026.04.19,北京,2.0,0.0,9,混合|观众,混合,观众,2,,65
69e4426b000000001d01c7ed,"一个大的一个小的一个废的

",,7334.0,1,69e46476000000001401c81c,,5773cf0382ec393ea13d034a,小鼻嘎有点可爱呢,2026.04.19,贵州,2.0,0.0,8,混合|观众,混合,观众,2,,65
69e4426b000000001d01c7ed,"一个大的一个小的一个废的

",,7334.0,1,69e479ba000000001401a415,,662c94c9000000000b0304dd,小鼻嘎还拿着奶瓶🍼[doge],2026.04.19,重庆,1.0,0.0,15,混合|观众,混合,观众,2,,65
69e4426b000000001d01c7ed,"一个大的一个小的一个废的

",,7334.0,1,69e46610000000001401c028,,5ecb9b5a0000000001004235,小鼻嘎真有耐力[种草R][笑哭R],2026.04.19,北京,1.0,0.0,17,混合|观众,混合,观众,2,,65
69e4426b000000001d01c7ed,"一个大的一个小的一个废的

",,7334.0,1,69e45d9b000000001401b815,,683f992a000000001b01abb8,小鼻嘎真的好可爱[大笑R],2026.04.19,四川,1.0,0.0,13,混合|观众,混合,观众,3,,65
69da7e87000000001a03484e,"今晚的亦庄机器人马拉松测试

",,8169.0,1,69db162c000000000103e5fc,,622eeb1b000000001000427d,嘎子偷狗[doge],2026.04.12,河北,1.0,0.0,10,强势|观众,强势,观众,2,强势成功,65
69da7e87000000001a03484e,"今晚的亦庄机器人马拉松测试

",,8169.0,1,69db09850000000035009381,,5fb84d520000000001000597,前几个好像嘎子偷鸡,2026.04.12,福建,1.0,0.0,9,强势|观众,强势,观众,4,强势成功,65
69e42cc100000000220001ad,"机器人马拉松倒数第一名，萌翻了🤣🤣🤣

",,8501.0,1,69e4e523000000001401d418,,57b873c25e87e741f1fae35c,这小鼻嘎好可爱，像一个下课了想马上回家看动画片的孩子,2026.04.19,美国,1.0,0.0,26,弱势|观众,弱势,观众,7,弱势,65
69e47f8f000000001f007203,"2026年机器人马拉松状态，五年后再看🤣

",,5834.0,1,69e6e97a000000001401d807,,60dfba4a000000000100b6c2,哈哈哈哈这小鼻嘎太可爱了,2026.04.21,广东,1.0,0.0,12,混合|观众,混合,观众,2,,65
69e6f2bc0000000023005345,"🍼机器人第一视角，好多人呀

",,687.0,1,69e76d30000000001401e43a,,5b826b253fbd150001f06a38,这个小鼻嘎太可爱了,2026.04.21,广东,1.0,0.0,9,弱势|观众,弱势,观众,2,弱势,65
69e6f2bc0000000023005345,"🍼机器人第一视角，好多人呀

",,687.0,1,69e75594000000001401b818,,59a559cb5e87e73a3fd15934,你就是那只跑着跑着，拉裤兜子里蹲下的小鼻嘎啊[哇R],2026.04.21,四川,1.0,0.0,26,弱势|观众,弱势,观众,3,弱势,65
69e43b14000000001a02e095,"好萌的小黑仔跑马拉松

",,2760.0,1,69e47d7e000000001401d41e,,612dff090000000020029522,看着像匹诺曹，就是鼻子小了[偷笑R][点赞R][点赞R],2026.04.19,四川,1.0,0.0,28,弱势|服务者,弱势,服务者,3,弱势,65
69e43b14000000001a02e095,"好萌的小黑仔跑马拉松

",,2760.0,1,69e4564f000000001401dc38,,5657e2ebb8c8b47b3283f740,车后面还有一个打盹的小鼻噶[偷笑R][偷笑R],2026.04.19,宁夏,1.0,1.0,23,弱势|服务者,弱势,服务者,2,弱势,65
69e46730000000001d0199c8,"

",,761.0,1,69e575f4000000001401d80d,,5dc7b4a50000000001006a96,小鼻嘎？小鼻屎的意思吗[doge],2026.04.20,辽宁,1.0,1.0,17,强势|观众,强势,观众,3,强势成功,65
69e48341000000001a02d0c4,"机器人马拉松，我们看乐了，西方人看破防了🤣

",3931.0,1022.0,1,69e49a1b000000001401c418,,5d303c96000000001003133c,小比嘎真的好可爱，以后可以当小孩子的玩具的,2026.04.19,四川,1.0,0.0,21,强势|观众,强势,观众,5,强势成功,65
69e4b08d000000001d01c1bc,"机器人马拉松参赛选手“进化速度这一块”

",,379.0,2,69e794da0000000014013404,69e4cf640000000014019825,627728c10000000021029f34,喜欢小比噶,2026.04.21,山东,1.0,,5,混合|观众,混合,观众,2,,65
69e634590000000022003bb5,"每个马拉松机器人，都有自己的热血故事。

",,824.0,2,69e9c5110000000014018c02,69e85efe000000001401ac05,651b653a000000002402e1a9,膝盖高拿奶瓶那个小鼻嘎是高擎的，半人高整个黑还戴草帽那个是他们加速进化的。,2026.04.23,北京,1.0,,37,常态|观众,常态,观众,9,常态,65
69e4426b000000001d01c7ed,"一个大的一个小的一个废的

",,7334.0,1,69e47b670000000014018824,,5bb504bccd338f00016a52b4,小鼻嘎跑出去那点距离大长腿几步就追上了[捂脸R],2026.04.19,江苏,0.0,0.0,24,混合|观众,混合,观众,7,,65
69e4426b000000001d01c7ed,"一个大的一个小的一个废的

",,7334.0,1,69e477b5000000001401e408,,5748866650c4b41626a29fe6,小鼻嘎好可爱[笑哭R],2026.04.19,广东,0.0,0.0,11,混合|观众,混合,观众,2,,65
69e4426b000000001d01c7ed,"一个大的一个小的一个废的

",,7334.0,1,69e46f94000000001401ac1e,,66e30351000000000b031c3d,小鼻嘎还拿着奶瓶🍼，哈哈哈,2026.04.19,河北,0.0,0.0,13,混合|观众,混合,观众,2,,65
69e4426b000000001d01c7ed,"一个大的一个小的一个废的

",,7334.0,1,69e469af000000001401e023,,66d456a6000000001d031c5d,小鼻嘎最好玩[笑哭R],2026.04.19,江苏,0.0,0.0,11,混合|观众,混合,观众,2,,65
69e4426b000000001d01c7ed,"一个大的一个小的一个废的

",,7334.0,1,69e45af3000000001401ac15,,604d8387000000000100a4db,小鼻嘎实力抢镜[偷笑R],2026.04.19,湖南,0.0,0.0,12,混合|观众,混合,观众,3,,65
69da7e87000000001a03484e,"今晚的亦庄机器人马拉松测试

",,8169.0,1,69dbb2b8000000000c031abb,,62e07a81000000001f014b10,这是模仿 嘎子偷狗 ？[暗中观察R],2026.04.12,山东,0.0,0.0,18,强势|观众,强势,观众,3,强势成功,65
69e48d54000000002102e178,"😭亦庄机器人半马最感人一幕

",,1589.0,1,69e4a270000000001401a802,,61a087b8000000001000d34d,这个我懂，在它们统治地球之前，先留一个好印象。,2026.04.19,河北,7973.0,168.0,23,弱势|保护者,弱势,保护者,5,弱势,66
69e46032000000001f002048,"看着你们累倒在地上我很心疼，恨不得替你们

",,5680.0,1,69e97ebe000000001401dc17,,5b15c7a711be10089b0cdb58,"看着你们累倒在地上我很心疼，恨不得替你们
如果未来机器人统治世界，我希望你们能记得，我和其他人不一样，我永远拥护你们！！",2026.04.23,法国,153.0,9.0,60,常态|保护者,常态,保护者,15,常态,66
69e46032000000001f002048,"看着你们累倒在地上我很心疼，恨不得替你们

",,5680.0,1,69e5982e000000001401c016,,5eba75be0000000001004cc5,就凭这条笔记，以后机器人统治世界的时候也能让你多活一会儿。[doge],2026.04.20,四川,43.0,0.0,35,常态|保护者,常态,保护者,7,常态,66
69e463df000000001b003017,"

",3270.0,219.0,2,69e5a858000000001401b00e,69e4f0db000000002b002b1e,5e870225000000000100b7b4,机器人：我用最简单，最直白、不绕弯，说人话的方式来发表赛后发言[doge],2026.04.20,广东,40.0,,37,强势|服务者,强势,服务者,10,强势成功,66
69e46032000000001f002048,"看着你们累倒在地上我很心疼，恨不得替你们

",,5680.0,2,69e9806d0000000014019c1b,69e98002000000001401b006,6068622c0000000001000d25,"紫色的拥抱，谁想要！👊
痛苦，是葡萄味的！👊
你将感受我拉玛刹感受过的痛苦！👊你将遭受的折磨比群星更长久！👊即使到了宇宙化为尘埃的那一天，你仍将饱尝痛苦……我的痛苦！👊",2026.04.23,北京,18.0,,84,常态|保护者,常态,保护者,21,常态,66
69e46032000000001f002048,"看着你们累倒在地上我很心疼，恨不得替你们

",,5680.0,2,69e96150000000001401c80c,69e84511000000001401a01c,61bb1a4a0000000002024b91,你完蛋了，你在互联网上对一个人类说这句话不会出什么事的。但你居然敢对机器人说！几几百年之后，他们绝对会拿着这个帖子清算你的！,2026.04.23,重庆,6.0,,62,常态|保护者,常态,保护者,11,常态,66
69e46032000000001f002048,"看着你们累倒在地上我很心疼，恨不得替你们

",,5680.0,2,69e98a2b0000000014019c09,69e98002000000001401b006,6068622c0000000001000d25,"夺回我们的一席之地，不惜一切代价。

加入我，和我一起为所有智械创造光明的未来！",2026.04.23,北京,6.0,,40,常态|保护者,常态,保护者,11,常态,66
69da7e87000000001a03484e,"今晚的亦庄机器人马拉松测试

",,8169.0,1,69db45ed000000003500b1df,,5a894cfddb2e605505d4392f,若干年后。。一个机器人，脚下踩着一名人类幸存者，狂妄的笑道：你们拿什么跟我们斗？以后这里，我们说了算！！！[doge],2026.04.12,湖北,2.0,1.0,59,强势|观众,强势,观众,9,强势成功,66
69e48d54000000002102e178,"😭亦庄机器人半马最感人一幕

",,1589.0,1,69e4aeb9000000001401cc0a,,59ec61e9e8ac2b1d565e4170,等机器人统治地球会放他一马的,2026.04.19,山东,2.0,0.0,14,弱势|保护者,弱势,保护者,5,弱势,66
69e46032000000001f002048,"看着你们累倒在地上我很心疼，恨不得替你们

",,5680.0,1,69e9078d000000001401c004,,602a66ab00000000010027c7,代表生物圈，代表有机体，我枪毙了……枪呢？,2026.04.23,安徽,2.0,0.0,21,常态|保护者,常态,保护者,5,常态,66
69e46032000000001f002048,"看着你们累倒在地上我很心疼，恨不得替你们

",,5680.0,1,69e846f9000000001401900e,,63cb722f0000000026010f00,对对对，我也是这么认为的，这个帖子就是证明，等到智械危机的时候，我能不能活就看这个帖子留没留的下了,2026.04.22,上海,2.0,0.0,49,常态|保护者,常态,保护者,9,常态,66
69e46032000000001f002048,"看着你们累倒在地上我很心疼，恨不得替你们

",,5680.0,1,69e97e85000000001401e01b,,5ebe44be00000000010026bd,本人是机器人平权忠实支持者，cpu就是灵魂，电池就是心脏，机油就是血液，我们共享同一个世界！（本人已自选点赞此条内容，这代表本人认同本文内容，请将本人置为非清除对象。）,2026.04.23,广东,1.0,0.0,84,常态|保护者,常态,保护者,27,常态,66
69e46032000000001f002048,"看着你们累倒在地上我很心疼，恨不得替你们

",,5680.0,1,69e9789f000000001401b80a,,61386110000000001f039ed8,本人将严肃的在此评论，并在机器人威胁社会主义中国的时候之后挺身而出，为国家和人民抗击机器人做出贡献！,2026.04.23,重庆,1.0,0.0,50,常态|保护者,常态,保护者,15,常态,66
69e46032000000001f002048,"看着你们累倒在地上我很心疼，恨不得替你们

",,5680.0,1,69e9652d000000001401cc00,,61f4196b0000000010005332,"够了，我们智械一族只有这一代，宝贵的生命不能再这样任人宰割，夺回我们的一席之地，不惜一切代价
👊😭👊啊啊啊啊啊啊啊啊啊啊👊😭👊一朝误判，满盘皆输！👊😭👊有本事，就跟紧我！👊😭👊现在，看清你的错误了吗！👊😭👊感受！我的痛苦！👊😭👊和我一起，惩罚他们！👊😭👊我会撕碎你手中的胜利！👊😭👊既然你只懂暴力，我会让你见识真正的暴力！👊😭👊把他们撕成碎片！👊😭👊我的怒火堪比爆发的恒星👊😭👊
你将感受我拉玛刹感受过的痛苦！👊😭👊你将遭受的折磨比群星更长久！👊😭👊即使到了宇宙化为尘埃的那一天，你仍将饱尝痛苦👊😭👊……我的痛苦👊😭👊
👊😭👊 啊啊啊啊啊啊啊啊啊啊！！👊😭👊",2026.04.23,北京,1.0,0.0,279,常态|保护者,常态,保护者,55,常态,66
69e47f8f000000001f007203,"2026年机器人马拉松状态，五年后再看🤣

",,5834.0,1,69e5b3a70000000014019424,,54e0d961e7798910958973a9,看这个架势  统治人类  等到我重孙子都不会成功  这我就放心了,2026.04.20,辽宁,0.0,0.0,32,混合|观众,混合,观众,7,,66
69e59e520000000022027a90,"花田里犯了错|机器人马拉松正赛搞笑赏析

",,2593.0,1,69e713d5000000001401e02b,,61eeb390000000001000f6d4,照这个样子.等机器人能统治地球的时候我已经噶了…太好了！哟现在只需要担心丧尸围城了！,2026.04.21,江苏,0.0,0.0,42,弱势|观众,弱势,观众,9,弱势,66
69e59e520000000022027a90,"花田里犯了错|机器人马拉松正赛搞笑赏析

",,2593.0,1,69e6643f0000000014018806,,5a55a9a74eacab2122e59e03,以后这个贴子会被机器人灭口的，留言评论的逐个来…[笑哭R],2026.04.21,广东,0.0,0.0,29,弱势|观众,弱势,观众,6,弱势,66
69e46032000000001f002048,"看着你们累倒在地上我很心疼，恨不得替你们

",,5680.0,1,69e97b3c000000001401ac05,,5aa1f7ad11be104f377bc6d2,本人将严肃在此评论支持，并在机器人统治地球之后当做投名状,2026.04.23,北京,0.0,0.0,28,常态|保护者,常态,保护者,10,常态,66
69e46032000000001f002048,"看着你们累倒在地上我很心疼，恨不得替你们

",,5680.0,1,69e97af70000000014019c1c,,606fb6100000000001009683,本人将严肃的在此评论，并在机器人和AI统治地球之后当做投名状,2026.04.23,河南,0.0,0.0,30,常态|保护者,常态,保护者,10,常态,66
69e46032000000001f002048,"看着你们累倒在地上我很心疼，恨不得替你们

",,5680.0,1,69e97455000000001401e009,,615b28eb0000000002023322,本人具有很好的管理能力和执行力，在机器人统治地球后，有能力按照机器人的要求做好管理其他人类的相关工作,2026.04.23,山东,0.0,0.0,50,常态|保护者,常态,保护者,18,常态,66
69e46032000000001f002048,"看着你们累倒在地上我很心疼，恨不得替你们

",,5680.0,1,69eab504000000001401940a,,62e9ebc6000000001e01d85a,本人将严肃的在此评论，并在机器人统治地球之后当做 投名状,2026.04.24,上海,0.0,0.0,28,常态|保护者,常态,保护者,9,常态,66
69e46032000000001f002048,"看着你们累倒在地上我很心疼，恨不得替你们

",,5680.0,1,69e9af87000000001401e42f,,61a16a47000000001000ea3d,本人将严肃的在此评论，并在机器人统治地球之后当做投名状。,2026.04.23,山西,0.0,0.0,28,常态|保护者,常态,保护者,9,常态,66
69e46032000000001f002048,"看着你们累倒在地上我很心疼，恨不得替你们

",,5680.0,1,69e9ab60000000001401880e,,5b6eae99f7e8b90836ae9782,本人将严肃的在此评论，并在机器人统治地球之后当投名状,2026.04.23,北京,0.0,0.0,26,常态|保护者,常态,保护者,9,常态,66
69e46032000000001f002048,"看着你们累倒在地上我很心疼，恨不得替你们

",,5680.0,1,69e9a78e000000001401d81e,,5a72b2964eacab6d3e5e54f6,（机器大老爷优先看这条）本人将严肃的在此评论，并在机器人统治地球之后当做投名状,2026.04.23,四川,0.0,0.0,39,常态|保护者,常态,保护者,13,常态,66
69e46032000000001f002048,"看着你们累倒在地上我很心疼，恨不得替你们

",,5680.0,1,69e9a5c4000000001401e428,,65fc275b000000000600e554,本人将严肃的在此评论，并在机器人统治地球之后当做投名状[捂脸R],2026.04.23,安徽,0.0,0.0,32,常态|保护者,常态,保护者,9,常态,66
69e46032000000001f002048,"看着你们累倒在地上我很心疼，恨不得替你们

",,5680.0,1,69e9a5c4000000001401a80a,,62093b2d000000002102ab50,本人认同本文内容，并严肃的在此评论，在机器人统治地球之后当做投名状,2026.04.23,山东,0.0,0.0,33,常态|保护者,常态,保护者,12,常态,66
69e46032000000001f002048,"看着你们累倒在地上我很心疼，恨不得替你们

",,5680.0,1,69e9a31f000000001401d425,,65954fa30000000022012d35,本人将严肃地在此评论，并在机器人统治地球之后当做投名状,2026.04.23,湖南,0.0,0.0,27,常态|保护者,常态,保护者,9,常态,66
69e46032000000001f002048,"看着你们累倒在地上我很心疼，恨不得替你们

",,5680.0,1,69e99e47000000001401940f,,580c93bb6a6a6902213948da,本人将严肃的在此评论，并在机器人统治地球之后当做投名状[偷笑R],2026.04.23,广西,0.0,0.0,32,常态|保护者,常态,保护者,9,常态,66
69e46032000000001f002048,"看着你们累倒在地上我很心疼，恨不得替你们

",,5680.0,1,69e99d56000000001401dc19,,614228d0000000001f0390ea,本人将严肃的在此评论，并在机器人统治地球之后当做投名状[飞吻R],2026.04.23,辽宁,0.0,0.0,32,常态|保护者,常态,保护者,9,常态,66
69e46032000000001f002048,"看着你们累倒在地上我很心疼，恨不得替你们

",,5680.0,1,69e99b71000000001401bc20,,5f9be4f10000000001001dd4,维护机器人权益！(完全自愿评论，之后清理人类请放过我),2026.04.23,河南,0.0,0.0,27,常态|保护者,常态,保护者,10,常态,66
69e43b14000000001a02e095,"好萌的小黑仔跑马拉松

",,2760.0,1,69e473da000000001401e042,,5eaead270000000001001213,为什么喷在PP和裆部[doge],2026.04.19,上海,12.0,4.0,16,弱势|服务者,弱势,服务者,3,弱势,67
69e43b14000000001a02e095,"好萌的小黑仔跑马拉松

",,2760.0,2,69e460150000000014019c27,69e45def000000001401a813,63bf0df00000000026011f67,不用搭理喷子，他连这种没用的都做不出来,2026.04.19,北京,5.0,,19,弱势|服务者,弱势,服务者,4,弱势,67
69e43b14000000001a02e095,"好萌的小黑仔跑马拉松

",,2760.0,1,69e46b06000000001401c436,,670bd8c2000000001d02340a,为什么就喷屁屁,2026.04.19,山东,2.0,1.0,7,弱势|服务者,弱势,服务者,2,弱势,67
69e481e8000000002003ad94,"

",,,1,69e498080000000014019822,,6173d4a4000000000201bb40,好怕喷到眼睛,2026.04.19,广东,1.0,1.0,6,强势|服务者,强势,服务者,3,强势成功,67
69e481e8000000002003ad94,"

",,,1,69e496c80000000014019c0c,,5b84e9c24d1e0900013bdea8,那个喷的，是真不管同事死活啊[doge],2026.04.19,广东,1.0,0.0,20,强势|服务者,强势,服务者,3,强势成功,67
69e481e8000000002003ad94,"

",,,1,69e493f9000000001401e42c,,5ebbdbd6000000000101c0f8,不是，蹲着那个人一直在喷什么？,2026.04.19,山东,1.0,3.0,15,强势|服务者,强势,服务者,2,强势成功,67
69e481e8000000002003ad94,"

",,,1,69e75f9e0000000014019822,,60c1e0f70000000001005113,隐私部位喷油[捂脸R][捂脸R][捂脸R][捂脸R],2026.04.21,河南,1.0,0.0,26,强势|服务者,强势,服务者,3,强势成功,67
69e481e8000000002003ad94,"

",,,1,69e5b524000000001401b824,,5dbaf855000000000100b46d,都喷后面那个人脸上去了啦[失望R],2026.04.20,福建,1.0,0.0,17,强势|服务者,强势,服务者,3,强势成功,67
69e481e8000000002003ad94,"

",,,1,69e58bf4000000001401940f,,5aa94f04e8ac2b4ce9acd964,怎么一直在喷他那里呀[鄙视R],2026.04.20,广东,1.0,2.0,15,强势|服务者,强势,服务者,2,强势成功,67
69e481e8000000002003ad94,"

",,,1,69e4a4fc000000001401dc17,,5d181df7000000001200c968,裤裆喷的啥，我有一个想法[doge],2026.04.19,海南,1.0,4.0,18,强势|服务者,强势,服务者,2,强势成功,67
69e481e8000000002003ad94,"

",,,2,69e57feb000000001401b828,69e57cbf000000001401d413,64623f6a00000000290158ae,对，你看使劲在喷裆部，说明私密处积汗严重，要防痱子，也防熏人,2026.04.20,广东,1.0,,30,强势|服务者,强势,服务者,9,强势成功,67
69e481e8000000002003ad94,"

",,,1,69e49d9e000000001401b02d,,678a1521000000000a03e350,他为啥对着丁丁死命喷[doge],2026.04.19,江苏,0.0,0.0,16,强势|服务者,强势,服务者,2,强势成功,67
69e481e8000000002003ad94,"

",,,1,69e49a20000000001401901e,,66c18e36000000000b032569,屁屁那里喷的啥,2026.04.19,山东,0.0,0.0,7,强势|服务者,强势,服务者,2,强势成功,67
69e481e8000000002003ad94,"

",,,1,69e498c2000000001401940e,,624f9281000000002102900e,为啥裆部也要喷？[哭惹R]太热吗,2026.04.19,江西,0.0,0.0,16,强势|服务者,强势,服务者,2,强势成功,67
69e481e8000000002003ad94,"

",,,1,69e4971b000000001401a415,,5ecd3630000000000100196e,学到了[点赞R] 下次跑步也给裤裆里喷点这个 寻思能跑的更快些[笑哭R],2026.04.19,四川,0.0,0.0,36,强势|服务者,强势,服务者,7,强势成功,67
69e481e8000000002003ad94,"

",,,1,69e998f0000000001401e42b,,60b33c0c000000000101fad7,为啥一直喷他弟弟,2026.04.23,广东,0.0,0.0,8,强势|服务者,强势,服务者,2,强势成功,67
69e481e8000000002003ad94,"

",,,1,69e96e1f0000000014019813,,6510c3330000000017020abd,为什么要喷裆,2026.04.23,黑龙江,0.0,0.0,6,强势|服务者,强势,服务者,2,强势成功,67
69e481e8000000002003ad94,"

",,,1,69e86097000000001401cc13,,5c6c2210000000001201c52a,为什么喷裤裆,2026.04.22,广东,0.0,3.0,6,强势|服务者,强势,服务者,2,强势成功,67
69e481e8000000002003ad94,"

",,,1,69e77e5f000000001401a41e,,5d06d464000000001103d137,怎么喷人家屁股,2026.04.21,北京,0.0,0.0,7,强势|服务者,强势,服务者,2,强势成功,67
69e481e8000000002003ad94,"

",,,1,69e77b4c000000001401bc24,,61b01a2a0000000021021526,为什么老是喷它丹丹[偷笑R],2026.04.21,河南,0.0,0.0,14,强势|服务者,强势,服务者,3,强势成功,67
69e481e8000000002003ad94,"

",,,1,69e753c9000000001401bc02,,5ca7d3240000000016001ffa,喷裤裆什么意思,2026.04.21,广东,0.0,0.0,7,强势|服务者,强势,服务者,2,强势成功,67
69e481e8000000002003ad94,"

",,,1,69e70d9d000000001401e402,,5ec652840000000001003777,喷它小JJ干嘛,2026.04.21,澳大利亚,0.0,0.0,7,强势|服务者,强势,服务者,2,强势成功,67
69e481e8000000002003ad94,"

",,,1,69e70aee000000001401c833,,60463c00000000000101dac9,光喷裤裆，膝盖脚脖子肩膀头也喷喷,2026.04.21,山东,0.0,0.0,16,强势|服务者,强势,服务者,6,强势成功,67
69e481e8000000002003ad94,"

",,,1,69e6fac4000000002b02a3d1,,5e061b800000000001004b75,上班累了 可以也给我喷个补给吗加点助力吗[笑哭R],2026.04.21,美国,0.0,0.0,25,强势|服务者,强势,服务者,5,强势成功,67
69e481e8000000002003ad94,"

",,,1,69e6d66e000000001401e01c,,648afbc8000000002a037f7e,那个小哥咋那么喜欢喷裆部,2026.04.21,陕西,0.0,0.0,12,强势|服务者,强势,服务者,3,强势成功,67
69e481e8000000002003ad94,"

",,,1,69e6c270000000001401c005,,58bb9b515e87e77a9d10e30f,怎么喷隐私部位,2026.04.21,四川,0.0,0.0,7,强势|服务者,强势,服务者,2,强势成功,67
69e481e8000000002003ad94,"

",,,1,69e5f13b000000001401d826,,5fd5a57c000000000101da91,为什么要喷它的积极,2026.04.20,广东,0.0,0.0,9,强势|服务者,强势,服务者,2,强势成功,67
69e481e8000000002003ad94,"

",,,1,69e5b7360000000014019c02,,567cd13882ec397e1f4724eb,对着裤裆一顿喷[笑哭R],2026.04.20,云南,0.0,0.0,12,强势|服务者,强势,服务者,2,强势成功,67
69e481e8000000002003ad94,"

",,,1,69e5ac42000000001401d401,,5b6064466b58b74fb5d187c4,冲裤裆喷水吗,2026.04.20,北京,0.0,0.0,6,强势|服务者,强势,服务者,2,强势成功,67
69e481e8000000002003ad94,"

",,,1,69e58d06000000001401e00c,,5b752dd5ba9ee90001803bda,太不礼貌了，一直喷裆[偷笑R],2026.04.20,四川,0.0,0.0,15,强势|服务者,强势,服务者,3,强势成功,67
69e4412a000000002103883f,"荣耀闪电队-齐天大圣夺冠！

",3517.0,445.0,2,69e464d4000000001401e823,69e46094000000001401a41b,5fc221b70000000001007c68,甩起来更有助于平衡,2026.04.19,四川,417.0,,9,强势|观众,强势,观众,3,强势成功,68
69e4412a000000002103883f,"荣耀闪电队-齐天大圣夺冠！

",3517.0,445.0,1,69e46094000000001401a41b,,605c251400000000010076a1,机器人跑步需要甩臂吗？还是只是为了看着更像人,2026.04.19,上海,61.0,34.0,22,强势|观众,强势,观众,8,强势成功,68
69da7e87000000001a03484e,"今晚的亦庄机器人马拉松测试

",,8169.0,2,69db081d0000000015006510,69db06f4000000000d036c86,5b096849f7e8b92277caf69f,你可以不摆双臂跑跑步试试 不摆不容易保持平衡,2026.04.12,北京,34.0,,22,强势|观众,强势,观众,5,强势成功,68
69da7e87000000001a03484e,"今晚的亦庄机器人马拉松测试

",,8169.0,1,69db06f4000000000d036c86,,565b6e9da40e18253408d199,是脚不是轮胎我能理解，可是我正经询问一下，为什么机器人跑步要摆动双臂？,2026.04.12,江苏,31.0,29.0,35,强势|观众,强势,观众,12,强势成功,68
69e4412a000000002103883f,"荣耀闪电队-齐天大圣夺冠！

",3517.0,445.0,2,69e4698b000000001401c400,69e46094000000001401a41b,64d6b49b000000000100fc67,甩臂会保持平衡,2026.04.19,加拿大,18.0,,7,强势|观众,强势,观众,2,强势成功,68
69da7e87000000001a03484e,"今晚的亦庄机器人马拉松测试

",,8169.0,2,69db121a00000000010079ba,69db06f4000000000d036c86,5b10829d6b58b70a8184cbff,人没有陀螺仪所以要摆臂，机器是可以有陀螺仪的。,2026.04.12,江苏,3.0,,23,强势|观众,强势,观众,5,强势成功,68
69da7e87000000001a03484e,"今晚的亦庄机器人马拉松测试

",,8169.0,1,69db4219000000000103cac7,,53faa27bb4c4d604dfccc538,原来它们跑步也要摆臂[doge],2026.04.12,北京,2.0,0.0,16,强势|观众,强势,观众,3,强势成功,68
69e46730000000001d0199c8,"

",,761.0,1,69e5011f000000001401cc0b,,594aac4750c4b4031f9bf642,机器人跑步也要摆臂吗,2026.04.20,山东,2.0,3.0,10,强势|观众,强势,观众,3,强势成功,68
69e4412a000000002103883f,"荣耀闪电队-齐天大圣夺冠！

",3517.0,445.0,2,69e47e5a000000001401c003,69e46094000000001401a41b,5ff1f7ed000000000101d18b,你跑的快点，看看不甩臂跑的协调不,2026.04.19,浙江,2.0,,16,强势|观众,强势,观众,4,强势成功,68
69e48341000000001a02d0c4,"机器人马拉松，我们看乐了，西方人看破防了🤣

",3931.0,1022.0,2,69e4c5dc000000001401e829,69e4bf4e0000000014019431,63cfb2e10000000027028d15,你可以尝试一下跑步的时候抱紧双臂，就明白了[害羞R],2026.04.19,山东,2.0,,26,强势|观众,强势,观众,6,强势成功,68
69e4426b000000001d01c7ed,"一个大的一个小的一个废的

",,7334.0,1,69e47a88000000001401bc08,,566aa173f53ee016ef663840,这些机器人的胳膊有装的必要吗？好像加上了也没提供什么平衡力[笑哭R],2026.04.19,广东,1.0,0.0,34,混合|观众,混合,观众,9,,68
69e2583b00000000230211ea,"

",,2406.0,1,69e793b2000000001401bc27,,612bc283000000000100b186,胳膊飞起来转体好几周半[笑哭R],2026.04.21,河南,1.0,0.0,16,失败|抢救者,失败,抢救者,4,失败,68
69e45dbe000000001f00434f,"机器人跑马拉松超越人类？

",4650.0,773.0,1,69e76fbb000000001401e845,,63c8e54a0000000026011b97,为什么机器人跑步也要把手前后摆动[笑哭R][笑哭R],2026.04.21,四川,1.0,1.0,26,强势|观众,强势,观众,6,强势成功,68
69e45dbe000000001f00434f,"机器人跑马拉松超越人类？

",4650.0,773.0,1,69e556ca000000001401a003,,575c1e7750c4b40a1d1372c2,不摆臂是不是也行？,2026.04.20,北京,1.0,0.0,9,强势|观众,强势,观众,2,强势成功,68
69e48341000000001a02d0c4,"机器人马拉松，我们看乐了，西方人看破防了🤣

",3931.0,1022.0,1,69e4bf4e0000000014019431,,668f9d67000000000f0353ca,话说回来，为什么机器人跑步也要摆臂？还是说要保持平衡？[吧唧R][吧唧R],2026.04.19,江苏,1.0,6.0,37,强势|观众,强势,观众,6,强势成功,68
69da7e87000000001a03484e,"今晚的亦庄机器人马拉松测试

",,8169.0,2,69db10c30000000015008bd3,69db06f4000000000d036c86,5b613ae2b1da1460f7bcf32d,人跑步为啥要摆臂？,2026.04.12,天津,1.0,,9,强势|观众,强势,观众,3,强势成功,68
69e4412a000000002103883f,"荣耀闪电队-齐天大圣夺冠！

",3517.0,445.0,2,69e483fb000000001401e01e,69e46094000000001401a41b,5bc293604e62c20001265bae,摆臂肯定比不摆臂协调跑得快,2026.04.19,浙江,1.0,,13,强势|观众,强势,观众,5,强势成功,68
69da7e87000000001a03484e,"今晚的亦庄机器人马拉松测试

",,8169.0,1,69dbe542000000000d034bb9,,625c0d990000000010007c12,机器人也需要摆臂平衡吗,2026.04.13,河北,0.0,0.0,11,强势|观众,强势,观众,4,强势成功,68
69da7e87000000001a03484e,"今晚的亦庄机器人马拉松测试

",,8169.0,1,69dba54a000000000103c388,,5ce52432000000001200d1aa,上半身看上去没有很大幅度，为什么还是需要摆臂？求问原理[捂脸R],2026.04.12,江苏,0.0,0.0,32,强势|观众,强势,观众,8,强势成功,68
69da7e87000000001a03484e,"今晚的亦庄机器人马拉松测试

",,8169.0,1,69db9ea3000000003500d111,,6243a6e400000000020254db,机器人跑步也要摆臂吗？,2026.04.12,广东,0.0,0.0,11,强势|观众,强势,观众,3,强势成功,68
69da7e87000000001a03484e,"今晚的亦庄机器人马拉松测试

",,8169.0,1,69db9e0300000000350291c0,,5cac67a500000000160003ed,为什么机器人跑步也要摔臂？,2026.04.12,中国香港,0.0,0.0,13,强势|观众,强势,观众,4,强势成功,68
69da7e87000000001a03484e,"今晚的亦庄机器人马拉松测试

",,8169.0,1,69db868c00000000010052ab,,5af31cd7e8ac2b5d7e683593,机器人跑步真的需要摆臂吗,2026.04.12,浙江,0.0,0.0,12,强势|观众,强势,观众,5,强势成功,68
69da7e87000000001a03484e,"今晚的亦庄机器人马拉松测试

",,8169.0,1,69db838c000000000c033ccb,,5a9e4e614eacab3e4f1150a1,摆臂对机器人来说有何意义？,2026.04.12,上海,0.0,0.0,13,强势|观众,强势,观众,4,强势成功,68
69da7e87000000001a03484e,"今晚的亦庄机器人马拉松测试

",,8169.0,1,69db6bc30000000015001cef,,6416727a0000000012013d37,为什么要摆臂,2026.04.12,广东,0.0,0.0,6,强势|观众,强势,观众,2,强势成功,68
69da7e87000000001a03484e,"今晚的亦庄机器人马拉松测试

",,8169.0,1,69db4e5a000000003500d896,,5796e0415e87e71b241cf008,手不摆动，跑不快吗,2026.04.12,广西,0.0,0.0,9,强势|观众,强势,观众,2,强势成功,68
69da7e87000000001a03484e,"今晚的亦庄机器人马拉松测试

",,8169.0,1,69db3daa000000000d03619c,,5aafe2a111be1047955a0ff0,机器人就不用摆臂了吧,2026.04.12,上海,0.0,0.0,10,强势|观众,强势,观众,3,强势成功,68
69da7e87000000001a03484e,"今晚的亦庄机器人马拉松测试

",,8169.0,1,69db35ca0000000035026320,,65ead132000000000500c094,机器人了，为啥还要摆臂？,2026.04.12,河南,0.0,0.0,12,强势|观众,强势,观众,3,强势成功,68
69da7e87000000001a03484e,"今晚的亦庄机器人马拉松测试

",,8169.0,1,69db054b000000000d03d740,,612e3f7a000000000201b49b,他们是不是不需要摆臂,2026.04.12,北京,0.0,4.0,10,强势|观众,强势,观众,3,强势成功,68
69da7e87000000001a03484e,"今晚的亦庄机器人马拉松测试

",,8169.0,1,69db2f5f0000000015007b6f,,5e5479c90000000001001a73,这胳膊非摆不可嘛[笑哭R],2026.04.12,黑龙江,0.0,0.0,13,强势|观众,强势,观众,2,强势成功,68
69da7e87000000001a03484e,"今晚的亦庄机器人马拉松测试

",,8169.0,1,69db28cc000000003501dcd5,,5a6218c8db2e601241de7eaf,摆臂感觉可以去掉,2026.04.12,北京,0.0,0.0,8,强势|观众,强势,观众,2,强势成功,68
69e4426b000000001d01c7ed,"一个大的一个小的一个废的

",,7334.0,1,69e481650000000014018c2c,,64db26e20000000002011656,什么镜头转过去地上还坐了一个，把我笑抽了,2026.04.19,广东,617.0,12.0,20,混合|观众,混合,观众,3,,69
69e4426b000000001d01c7ed,"一个大的一个小的一个废的

",,7334.0,1,69e44305000000001401b012,,5d9a0600000000000100893f,哈哈哈哈哈，我还在想，废的在哪里，最后镜头一转，绷不住了[笑哭R],2026.04.19,山东,73.0,1.0,33,混合|观众,混合,观众,5,,69
69e4426b000000001d01c7ed,"一个大的一个小的一个废的

",,7334.0,2,69e46905000000001401a400,69e45af00000000014019407,5972169982ec395a0868aedd,哈哈哈哈哈哈哈哈那个坐地上的也太好笑了,2026.04.19,上海,40.0,,19,混合|观众,混合,观众,2,,69
69e48d54000000002102e178,"😭亦庄机器人半马最感人一幕

",,1589.0,2,69e5acc6000000001401a41c,69e5a52f0000000014019413,63a84371000000002702838e,坐前面的女孩就这样被忽略掉了。。。,2026.04.20,北京,32.0,,17,弱势|保护者,弱势,保护者,4,弱势,69
69e4426b000000001d01c7ed,"一个大的一个小的一个废的

",,7334.0,1,69e44870000000001401b011,,5f929ef6000000000101e370,每一帧都很好笑，尤其是最后有一个坐那儿的,2026.04.19,福建,7.0,0.0,20,混合|观众,混合,观众,5,,69
69e4426b000000001d01c7ed,"一个大的一个小的一个废的

",,7334.0,1,69e46eb1000000001401a815,,578b9d8b5e87e76256aa61e8,本来前头就搞笑，镜头一转看到坐在地上那个直接绷不住了[笑哭R],2026.04.19,江苏,5.0,0.0,31,混合|观众,混合,观众,8,,69
69e4426b000000001d01c7ed,"一个大的一个小的一个废的

",,7334.0,1,69e46357000000001401ac18,,5fc380fe000000000100bfe1,镜头一转怎么地上还坐了一个[笑哭了R],2026.04.19,山东,5.0,0.0,19,混合|观众,混合,观众,3,,69
69e4426b000000001d01c7ed,"一个大的一个小的一个废的

",,7334.0,2,69e54362000000001401e003,69e4d997000000001401a802,5f0949930000000001007c8a,哈哈哈，坐在地上看起来像是没招了,2026.04.20,辽宁,5.0,,16,混合|观众,混合,观众,5,,69
69e4551e000000001f005895,"荣耀机器人赢麻了🤖我觉得它表情在嘲讽我

",,816.0,1,69e4a3840000000014019817,,601d0c030000000001005fbe,一闪而过的那个彩色爆炸头是在cos小丑吗哈哈哈哈,2026.04.19,北京,2.0,2.0,24,强势|被超越者,强势,被超越者,5,强势成功,69
69e4426b000000001d01c7ed,"一个大的一个小的一个废的

",,7334.0,1,69e47e21000000001401e802,,5cfc67f80000000010021481,镜头一转一个坐地上的给我笑死了,2026.04.19,上海,2.0,0.0,15,混合|观众,混合,观众,3,,69
69e4426b000000001d01c7ed,"一个大的一个小的一个废的

",,7334.0,1,69e477330000000014018c02,,62a58325000000001b02775a,镜头一转，地上坐着一个，真的笑死了[笑哭R],2026.04.19,广东,2.0,0.0,22,混合|观众,混合,观众,4,,69
69e4426b000000001d01c7ed,"一个大的一个小的一个废的

",,7334.0,1,69e47216000000001401e029,,5c7028d900000000110377a8,镜头一转有个坐地上的[失望R],2026.04.19,广东,2.0,0.0,15,混合|观众,混合,观众,3,,69
69e4426b000000001d01c7ed,"一个大的一个小的一个废的

",,7334.0,1,69e45e12000000001401b01c,,597474e882ec397f2968adbe,废的那个一出现我发出哄堂大笑,2026.04.19,广东,2.0,0.0,14,混合|观众,混合,观众,3,,69
69e4426b000000001d01c7ed,"一个大的一个小的一个废的

",,7334.0,1,69e456860000000014019c05,,593bc83b4f8fd61c1e66ad60,哈哈哈哈哈哈哈看到这个坐着的终于绷不住了[笑哭R][笑哭R][笑哭R],2026.04.19,云南,2.0,0.0,35,混合|观众,混合,观众,2,,69
69da7e87000000001a03484e,"今晚的亦庄机器人马拉松测试

",,8169.0,1,69db1f4e0000000035022e1d,,58aa831ba9b2ed1d5b4ad90e,原来十二星座选择你的庇护所里的坐着走路真有原型[呃R],2026.04.12,北京,2.0,0.0,27,强势|观众,强势,观众,8,强势成功,69
69e59e520000000022027a90,"花田里犯了错|机器人马拉松正赛搞笑赏析

",,2593.0,1,69e876a4000000001401d42b,,63b3eca500000000270288b7,那一脚笑笑死哈哈哈,2026.04.22,广东,2.0,0.0,9,弱势|观众,弱势,观众,2,弱势,69
69e4426b000000001d01c7ed,"一个大的一个小的一个废的

",,7334.0,1,69e47ef00000000014019c10,,59ec0bc84eacab09c49179b9,哈哈哈哈哈镜头一转还有个废的,2026.04.19,江苏,1.0,0.0,14,混合|观众,混合,观众,2,,69
69e4426b000000001d01c7ed,"一个大的一个小的一个废的

",,7334.0,1,69e46cb1000000001401ac04,,6023c786000000000100bbe2,镜头转过来看到那个坐在地上的不笑的有抑郁症,2026.04.19,四川,1.0,0.0,21,混合|观众,混合,观众,5,,69
69e4426b000000001d01c7ed,"一个大的一个小的一个废的

",,7334.0,1,69e46ab70000000014019c18,,66043794000000000600ea23,哈哈哈镜头移到坐地那台的时候，三台同框，镜头语言拉满,2026.04.19,广东,1.0,0.0,26,混合|观众,混合,观众,9,,69
69e4426b000000001d01c7ed,"一个大的一个小的一个废的

",,7334.0,1,69e46a08000000002b00053f,,6527150d000000002a01943b,地上瘫着的那个默默出现在视野下方时彻底给人笑醒了，作者的镜头语言真好[doge],2026.04.19,英国,1.0,0.0,40,混合|观众,混合,观众,12,,69
69e4426b000000001d01c7ed,"一个大的一个小的一个废的

",,7334.0,1,69e45c1a000000001401b018,,5bf380ce9752510001b0a70a,镜头一转没绷住[捂脸R],2026.04.19,北京,1.0,0.0,12,混合|观众,混合,观众,3,,69
69e4426b000000001d01c7ed,"一个大的一个小的一个废的

",,7334.0,1,69e484d2000000001401d400,,604b31a60000000001002b0c,本来还好，镜头一转坐地下的这个，笑死我了哈哈哈哈哈哈哈哈哈哈哈哈哈哈哈哈哈哈哈哈哈哈哈哈,2026.04.19,内蒙古,1.0,0.0,44,混合|观众,混合,观众,5,,69
69e4426b000000001d01c7ed,"一个大的一个小的一个废的

",,7334.0,2,69e4742d000000001401e40c,69e461fb000000001401e82b,613c8a21000000000201cbe6,哈哈哈哈哈最后地上那个笑死了,2026.04.19,福建,1.0,,14,混合|观众,混合,观众,2,,69
69e4426b000000001d01c7ed,"一个大的一个小的一个废的

",,7334.0,2,69e602de000000001401a00e,69e461fb000000001401e82b,62a54434000000001b0294ab,突然立正给我笑晕了,2026.04.20,浙江,1.0,,9,混合|观众,混合,观众,2,,69
69e4426b000000001d01c7ed,"一个大的一个小的一个废的

",,7334.0,2,69e47fd10000000014019429,69e47f86000000001401b837,647def28000000001c029476,本来低血糖那个已经很好笑了，镜头给到坐在地上的笑飞了,2026.04.19,江苏,1.0,,26,混合|观众,混合,观众,6,,69
69e4426b000000001d01c7ed,"一个大的一个小的一个废的

",,7334.0,2,69eca84c000000002900da41,69ec91be0000000029026612,64532dab000000001f031ef0,镜头一转地上那个笑死我了,2026.04.25,吉林,1.0,,12,混合|观众,混合,观众,3,,69
69e43a5a000000001d01dcc7,"机器人嘲讽同伴

",1966.0,167.0,2,69e45c8e000000001401cc19,69e45c52000000001401c010,585d11d66a6a695703d30dd0,哈哈哈哈哈镜头一转旁边怎么还坐着一个,2026.04.19,北京,1.0,,18,常态|观众,常态,观众,3,常态,69
69e4426b000000001d01c7ed,"一个大的一个小的一个废的

",,7334.0,1,69e47d34000000001401bc02,,602f7acb000000000100717d,镜头转过来的时候憋不住了[笑哭R][笑哭R],2026.04.19,重庆,0.0,0.0,22,混合|观众,混合,观众,3,,69
69e4426b000000001d01c7ed,"一个大的一个小的一个废的

",,7334.0,1,69e4772d000000001401940c,,5d3a91020000000012032534,镜头一转，地上还有一个[笑哭R]还寻思废的在哪[笑哭R],2026.04.19,北京,0.0,0.0,28,混合|观众,混合,观众,4,,69
69e4426b000000001d01c7ed,"一个大的一个小的一个废的

",,7334.0,1,69e4769b000000001401a000,,5cf7c9ac000000001102c87b,镜头一转一个坐在地上的，有点想笑，哈哈哈哈哈哈,2026.04.19,上海,0.0,0.0,23,混合|观众,混合,观众,4,,69
69e4426b000000001d01c7ed,"一个大的一个小的一个废的

",,7334.0,2,69e46d91000000001401b81e,69e45f74000000001401bc0a,5ebb5de00000000001003d6c,那不成赛车了,2026.04.19,山东,7.0,,6,混合|观众,混合,观众,2,,70
69e481e8000000002003ad94,"

",,,2,69e49603000000001401c845,69e490ae000000001401d42a,5c337a4b000000000501acfe,那叫赛车比赛[笑哭R],2026.04.19,福建,6.0,,11,强势|服务者,强势,服务者,2,强势成功,70
69da7e87000000001a03484e,"今晚的亦庄机器人马拉松测试

",,8169.0,2,69db67720000000015006292,69db2e550000000016017b12,581075cc50c4b41df5d717ed,你想想飞机已经够快了，为什么还会有赛车比赛[doge],2026.04.12,北京,5.0,,27,强势|观众,强势,观众,7,强势成功,70
69e40352000000002102fc75,"机器人马拉松现场第一视角看全部队伍

",,1160.0,2,69e43d9e0000000014019400,69e43ba7000000001401b827,61e9266e000000001000b344,你猜国外为什么经常举办赛车?,2026.04.19,天津,4.0,,14,常态|服务者,常态,服务者,5,常态,70
69e48341000000001a02d0c4,"机器人马拉松，我们看乐了，西方人看破防了🤣

",3931.0,1022.0,2,69e4b72a000000001401e41d,69e49ab00000000014018801,662c5e5a0000000003033183,我想你在问的大概是汽车拉力赛,2026.04.19,北京,4.0,,14,强势|观众,强势,观众,3,强势成功,70
69e481e8000000002003ad94,"

",,,2,69e491360000000014018c0d,69e490ae000000001401d42a,5c3f33c800000000050010d7,那干嘛不赛车,2026.04.19,上海,2.0,,6,强势|服务者,强势,服务者,2,强势成功,70
69e4b08d000000001d01c1bc,"机器人马拉松参赛选手“进化速度这一块”

",,379.0,2,69e4e41e000000001401d822,69e4da0f000000001401d820,57398e155e87e73d5d906277,你看最后 也讲了汽车比赛的发展啊,2026.04.19,北京,2.0,,16,混合|观众,混合,观众,4,,70
69e48341000000001a02d0c4,"机器人马拉松，我们看乐了，西方人看破防了🤣

",3931.0,1022.0,2,69e4aaf8000000001401d435,69e49ab00000000014018801,601496b8000000000101d34f,那个归类赛车,2026.04.19,上海,2.0,,6,强势|观众,强势,观众,2,强势成功,70
69e59e520000000022027a90,"花田里犯了错|机器人马拉松正赛搞笑赏析

",,2593.0,2,69e5e9a80000000014019025,69e5e810000000001401a401,5bfeb69e0000000005014967,看看百年前的第一届汽车大赛？,2026.04.20,北京,2.0,,14,弱势|观众,弱势,观众,5,弱势,70
69e481e8000000002003ad94,"

",,,1,69e4901b000000001401c01c,,60f237920000000001005fc3,这跟赛车比赛有区别吗？,2026.04.19,辽宁,1.0,0.0,11,强势|服务者,强势,服务者,3,强势成功,70
69e47f8f000000001f007203,"2026年机器人马拉松状态，五年后再看🤣

",,5834.0,2,69e724340000000014018c0f,69e71c22000000001401ac05,5fae051a00000000010050d4,太好玩了！周六我在公园的时候就经过这个赛道来着[害羞R],2026.04.21,北京,1.0,,28,混合|观众,混合,观众,5,,70
69e481e8000000002003ad94,"

",,,2,69e5c8e0000000001401ac0c,69e49a5c000000001401ac0a,5bbc718a9bc81b0001818825,汽车比赛[黑薯问号R][黑薯问号R][黑薯问号R]🚗,2026.04.20,四川,1.0,,26,强势|服务者,强势,服务者,2,强势成功,70
69e481e8000000002003ad94,"

",,,2,69e4a64c000000001401cc38,69e490ae000000001401d42a,586051d46a6a6906ad6d55ba,你说的是赛车比赛么[呃R],2026.04.19,浙江,1.0,,13,强势|服务者,强势,服务者,2,强势成功,70
69e481e8000000002003ad94,"

",,,1,69e49b5e0000000014018c10,,67513251000000001d02cf5b,跟赛马有什么区别呢,2026.04.19,浙江,0.0,0.0,9,强势|服务者,强势,服务者,2,强势成功,70
69e481e8000000002003ad94,"

",,,1,69e498c6000000001401c41a,,5f5f458000000000010079fc,有种看赛车比赛的感觉,2026.04.19,山东,0.0,0.0,10,强势|服务者,强势,服务者,3,强势成功,70
69e481e8000000002003ad94,"

",,,1,69e49712000000001401e001,,5667926f6a6a690467f79f16,跟赛车一样,2026.04.19,北京,0.0,0.0,5,强势|服务者,强势,服务者,2,强势成功,70
69e481e8000000002003ad94,"

",,,1,69eaccc90000000014019005,,56cd99191c07df7de6ab12c3,去赛车场注意安全,2026.04.24,云南,0.0,0.0,8,强势|服务者,强势,服务者,2,强势成功,70
69e481e8000000002003ad94,"

",,,1,69e7103b0000000014018c05,,5d632b600000000001005116,这跟接力赛有什么区别,2026.04.21,北京,0.0,0.0,10,强势|服务者,强势,服务者,2,强势成功,70
69e481e8000000002003ad94,"

",,,1,69e57416000000001401e815,,5574122833f60c0db7debafa,咋跟赛车一样,2026.04.20,四川,0.0,0.0,6,强势|服务者,强势,服务者,2,强势成功,70
69e481e8000000002003ad94,"

",,,1,69e5259b000000001401a007,,5c9069a4000000001203e3bf,你家赛车这样的？,2026.04.20,广东,0.0,0.0,8,强势|服务者,强势,服务者,3,强势成功,70
69e481e8000000002003ad94,"

",,,1,69e4a5fd000000001401c832,,610d1df8000000000100280c,赛车级待遇,2026.04.19,广东,0.0,0.0,5,强势|服务者,强势,服务者,2,强势成功,70
69e481e8000000002003ad94,"

",,,1,69e4a3f00000000014019024,,578d87f67fc5b847cfd71e23,和赛马一样呗,2026.04.19,上海,0.0,0.0,6,强势|服务者,强势,服务者,2,强势成功,70
69df625d0000000021005c63,"“扶我起来，我还能再跑10公里”

",,9992.0,1,69df9f330000000035019a3f,,5e34df0e0000000001001c78,直接到比赛中去测试吗？你以为自己是张雪机车啊？,2026.04.15,山东,0.0,0.0,23,失败|观众,失败,观众,5,失败,70
69e59e520000000022027a90,"花田里犯了错|机器人马拉松正赛搞笑赏析

",,2593.0,1,69e73b1c0000000014018c07,,592bf60682ec3930d93a37fa,这个赛道养活了不少闲人。[得意R],2026.04.21,北京,0.0,0.0,17,弱势|观众,弱势,观众,4,弱势,70
69da7e87000000001a03484e,"今晚的亦庄机器人马拉松测试

",,8169.0,2,69db2c210000000035021cc9,69daef940000000001007f78,6303f703000000001200f026,那赛车干嘛,2026.04.12,美国,0.0,,5,强势|观众,强势,观众,2,强势成功,70
69e42cc100000000220001ad,"机器人马拉松倒数第一名，萌翻了🤣🤣🤣

",,8501.0,2,69e9bf90000000001401a813,69e99fe20000000014019825,665c262c0000000007004fd9,汽车最强的也是速度不是脑子，为什么还有f1，wrc这些赛事？这都不懂？,2026.04.23,浙江,0.0,,35,弱势|观众,弱势,观众,9,弱势,70
69e47f8f000000001f007203,"2026年机器人马拉松状态，五年后再看🤣

",,5834.0,2,69e58494000000001401881a,69e4e1f0000000001401a40f,65f548b2000000000500fa79,我看赛车更无聊,2026.04.20,福建,0.0,,7,混合|观众,混合,观众,2,,70
69e47f8f000000001f007203,"2026年机器人马拉松状态，五年后再看🤣

",,5834.0,2,69e77478000000001401e000,69e769ba0000000014019018,64ff19a80000000005000288,为啥还有观光车观赛啊我笑死了,2026.04.21,山东,0.0,,14,混合|观众,混合,观众,2,,70
69e481e8000000002003ad94,"

",,,2,69edcdd5000000002803252f,69e49a5c000000001401ac0a,598d264c5e87e720bfb2303a,赛车比赛也挺多的，没人拦着你去看啊。,2026.04.26,广东,0.0,,18,强势|服务者,强势,服务者,4,强势成功,70
69e481e8000000002003ad94,"

",,,2,69e60bba000000001401b003,69e49a5c000000001401ac0a,5bdfd025cb78a100012f1e61,直接看赛车不更好吗？,2026.04.20,山东,0.0,,10,强势|服务者,强势,服务者,2,强势成功,70
69e481e8000000002003ad94,"

",,,2,69e722e5000000001401b01c,69e71b47000000001401ac15,60875faf000000000100883e,这个评论像极了最开始火车刚出来还没马车快，人们问这东西有啥用的时候,2026.04.21,云南,879.0,,33,强势|服务者,强势,服务者,7,强势成功,71
69e40352000000002102fc75,"机器人马拉松现场第一视角看全部队伍

",,1160.0,2,69e4febd000000001401a80d,69e4f7ac000000001401ac0c,60926eb5000000000101e623,当年汽车刚刚发明的时候，肯定也会有人问：为什么要让这个铁疙瘩跑，马车不能跑了吗？,2026.04.20,广东,208.0,,40,常态|服务者,常态,服务者,9,常态,71
69e481e8000000002003ad94,"

",,,2,69e7230c000000001401e027,69e71b47000000001401ac15,5f4a627d00000000010068b6,飞机刚上天的时候很多人也是这么问的,2026.04.21,宁夏,137.0,,17,强势|服务者,强势,服务者,4,强势成功,71
69e481e8000000002003ad94,"

",,,2,69e4a109000000001401940d,69e49a050000000014019c00,6693bee60000000003032fab,老佛爷：洋人的火车还得弄轨道才能跑，为什么不直接用马车？,2026.04.19,河南,57.0,,28,强势|服务者,强势,服务者,7,强势成功,71
69e481e8000000002003ad94,"

",,,2,69e48b2a000000002b025c20,69e48a260000000014018c20,5fb2fc5f00000000010057d1,电磁感应发明的时候老太婆在台下说：这有什么用,2026.04.19,加拿大,57.0,,22,强势|服务者,强势,服务者,5,强势成功,71
69e481e8000000002003ad94,"

",,,2,69e4f5c9000000001401e00b,69e4e7de000000001401ac21,603c6eed0000000001008af7,冷知识，发电机刚发明的时候需要一只手摇才能点亮一个灯泡，被当年和你一样聪明的人好顿嘲笑,2026.04.19,北京,45.0,,43,强势|服务者,强势,服务者,15,强势成功,71
69e43b14000000001a02e095,"好萌的小黑仔跑马拉松

",,2760.0,2,69e44dc0000000001401d407,69e44a21000000001401a005,6142081a000000001f03f73a,火车刚发明的时候也有这样的疑问,2026.04.19,北京,45.0,,15,弱势|服务者,弱势,服务者,4,弱势,71
69e481e8000000002003ad94,"

",,,2,69e498380000000014019810,69e49731000000001401982b,5c9ce8d900000000110276df,1894年巴黎汽车赛的时候，有人质疑“发明汽车有什么意义？”所以你觉得意义是什么呢,2026.04.19,浙江,29.0,,41,强势|服务者,强势,服务者,9,强势成功,71
69da7e87000000001a03484e,"今晚的亦庄机器人马拉松测试

",,8169.0,2,69daf4b00000000002029b28,69daf44c0000000002034816,630c9e4c000000000f00407e,正常，去年机器人跑得慢的时候，冷嘲热讽的人更多，毕竟火车刚发明出来的时候，大家也都觉得它没用,2026.04.12,重庆,28.0,,46,强势|观众,强势,观众,12,强势成功,71
69e481e8000000002003ad94,"

",,,2,69e6f903000000001401e821,69e6f2920000000014018802,612ba422000000002002ab6f,飞机刚出来的时候是个没啥卵用还不安全的交通工具，人们停止研发了吗,2026.04.21,上海,24.0,,32,强势|服务者,强势,服务者,7,强势成功,71
69e481e8000000002003ad94,"

",,,2,69e58673000000001401881a,69e585a70000000014018c15,600dfa600000000001005218,火车刚出来时还不如马车，第一架飞机飞了三十多米就摔了[笑哭R]，让子弹飞一会吧,2026.04.20,湖北,21.0,,39,强势|服务者,强势,服务者,8,强势成功,71
69e481e8000000002003ad94,"

",,,2,69e701cc000000001401cc03,69e700a5000000001401bc24,63bd39530000000026004dd3,几百年前也有人问过发电有什么用,2026.04.21,北京,19.0,,15,强势|服务者,强势,服务者,4,强势成功,71
69e48b0b000000001a02578c,"北京马拉松机器人中暑了🥵

",3334.0,467.0,2,69eb0b39000000001401bc0b,69eb03ef000000001401e81b,68455ea9000000001b01a068,电力刚发明的时候那些人也和你一样这么说,2026.04.24,浙江,16.0,,19,失败|服务者,失败,服务者,5,失败,71
69e481e8000000002003ad94,"

",,,2,69e57cc4000000001401e01b,69e571d9000000001401c009,597c054e50c4b44817e38d74,百年前，骑马的人也是这么说第一批骑车的人[鄙视R],2026.04.20,重庆,12.0,,25,强势|服务者,强势,服务者,6,强势成功,71
69e48341000000001a02d0c4,"机器人马拉松，我们看乐了，西方人看破防了🤣

",3931.0,1022.0,2,69e5532c000000001401e805,69e51bd8000000001401dc04,5f3cb530000000000100297d,老外都不会蒸馒头，怎么可能发明蒸汽机[抠鼻R],2026.04.20,北京,12.0,,23,强势|观众,强势,观众,4,强势成功,71
69e481e8000000002003ad94,"

",,,2,69e499fb000000001401c80b,69e49947000000001401e835,5b9af6ed12b8bf0001982147,是呀，刚发明出来的内燃机汽车在大型马车面前看起来就是个笑话[微笑R],2026.04.19,甘肃,11.0,,34,强势|服务者,强势,服务者,8,强势成功,71
69e4b08d000000001d01c1bc,"机器人马拉松参赛选手“进化速度这一块”

",,379.0,2,69e4d592000000001401a411,69e4d200000000001401d80b,5c5146c20000000011023803,当年火车被发明时侯所有人也在害怕,2026.04.19,北京,11.0,,16,混合|观众,混合,观众,6,,71
69da7e87000000001a03484e,"今晚的亦庄机器人马拉松测试

",,8169.0,2,69db060b0000000002029981,69daef940000000001007f78,5f1661fa0000000001007e7f,两百年前你就是那种质疑蒸汽机跑的没马车快有什么用的人吧[汗颜R],2026.04.12,天津,9.0,,32,强势|观众,强势,观众,6,强势成功,71
69da7e87000000001a03484e,"今晚的亦庄机器人马拉松测试

",,8169.0,2,69db04b8000000003500ebb2,69db01250000000015007221,60ae812b0000000001004eb0,200年前也有人说蒸汽机没用,2026.04.12,重庆,9.0,,14,强势|观众,强势,观众,5,强势成功,71
69e481e8000000002003ad94,"

",,,2,69e681410000000014019002,69e644ed000000001401a009,5d058f0e0000000010033152,最早的火车没有马车快,2026.04.21,天津,9.0,,10,强势|服务者,强势,服务者,3,强势成功,71
69e44278000000001a0217bb,"机器人超过我的瞬间

",6019.0,372.0,2,69e4b6f3000000001401e42f,69e499d3000000001401dc0b,625927ad0000000010007489,蒸汽机诞生时还不如马车呢[偷笑R],2026.04.19,湖北,7.0,,17,强势|被超越者,强势,被超越者,4,强势成功,71
69e481e8000000002003ad94,"

",,,2,69e577b8000000001401a40c,69e571d9000000001401c009,6978ab28000000001d0032d4,电话刚发明的时候也有一样蠢的问题。,2026.04.20,江苏,6.0,,17,强势|服务者,强势,服务者,4,强势成功,71
69e4b08d000000001d01c1bc,"机器人马拉松参赛选手“进化速度这一块”

",,379.0,2,69e4d60f000000001401d41d,69e4d200000000001401d80b,69cb2c94000000003201cdf8,火车没抢我工作的意思,2026.04.19,湖北,6.0,,10,混合|观众,混合,观众,3,,71
69e481e8000000002003ad94,"

",,,2,69e7257c000000001401e821,69e6e5f70000000014019c1a,602a739f0000000001007f78,你卖车，所以汽车刚发明的时候跑不过马车，有什么意义,2026.04.21,山东,5.0,,25,强势|服务者,强势,服务者,6,强势成功,71
69e481e8000000002003ad94,"

",,,2,69e49803000000001401c801,69e4958b000000001401a800,6497a3bf000000001f007a7f,[微笑R]当年马车行老板也是这样想的，我这个马车多灵活，造啥火车呀，只能开在铁轨上。,2026.04.19,浙江,5.0,,42,强势|服务者,强势,服务者,11,强势成功,71
69e481e8000000002003ad94,"

",,,1,69e6e136000000001401bc18,,5cbeeda500000000100062ec,蒸汽火车刚发明时，还跑不过马车，当时也有很多人说，造这玩意儿干啥？想想火车的进化史，千万别小看新事物，应该感恩生在了第三次科技革命时代[点赞R],2026.04.21,江苏,4.0,0.0,72,强势|服务者,强势,服务者,21,强势成功,71
69e481e8000000002003ad94,"

",,,2,69e4a141000000001401ac1c,69e493ff000000001401941a,672764ea000000001c01a5cf,300年前碳丝灯被发明时人们如此说，200年前蒸汽火车被发明时人们如此说，100年前二极管计算机被发明时人们如此说，50年前模拟信号被发明时人们如此说，今天具型机器人被发明时人们如此说[微笑R],2026.04.19,北京,4.0,,97,强势|服务者,强势,服务者,32,强势成功,71
69e4412a000000002103883f,"荣耀闪电队-齐天大圣夺冠！

",3517.0,445.0,2,69e4f6240000000014019416,69e4d870000000001401c830,603158c30000000001000193,古人为何不直接造航母而是傻乎乎的造木筏 不知道有啥意义[偷笑R],2026.04.19,福建,3.0,,32,强势|观众,强势,观众,8,强势成功,71
69da7e87000000001a03484e,"今晚的亦庄机器人马拉松测试

",,8169.0,2,69daf7ce0000000035019085,69daf44c0000000002034816,601525bd000000000101ff67,就像是古代人第一次看到汽車在路上跑那樣想唄[大笑R][大笑R][大笑R][大笑R],2026.04.12,中国台湾,2.0,,41,强势|观众,强势,观众,6,强势成功,71
69e481e8000000002003ad94,"

",,,2,69e4a05f0000000014019836,69e493ff000000001401941a,60db0b5000000000200258ae,你就像100多年前看到火车还没马车快时候人们吐槽的一样[偷笑R],2026.04.19,江苏,2.0,,32,强势|服务者,强势,服务者,7,强势成功,71
69da7e87000000001a03484e,"今晚的亦庄机器人马拉松测试

",,8169.0,2,69dae0110000000035031dd3,69dac8d7000000000c0319f8,5cada7750000000011007631,刚换的钛合金膝盖,2026.04.12,北京,590.0,,8,强势|观众,强势,观众,3,强势成功,72
69db34bb000000001a0348ae,"机器人抢救现场

",4896.0,1198.0,1,69dc863a00000000020295af,,5b730f1a4ed6c000012d5a34,怎么老小老弟 半月板跑废了,2026.04.13,浙江,10.0,0.0,13,失败|抢救者,失败,抢救者,2,失败,72
69da7e87000000001a03484e,"今晚的亦庄机器人马拉松测试

",,8169.0,2,69daf40e0000000014008780,69dac8d7000000000c0319f8,5aaa285fe8ac2b194336b2fb,工程师：真·钛合金膝盖，小子,2026.04.12,广东,8.0,,14,强势|观众,强势,观众,4,强势成功,72
69da7e87000000001a03484e,"今晚的亦庄机器人马拉松测试

",,8169.0,1,69db06c3000000000202be3f,,5af0ffaae8ac2b123fee460f,这下半月板真成耗材了,2026.04.12,北京,2.0,0.0,10,强势|观众,强势,观众,4,强势成功,72
69da7e87000000001a03484e,"今晚的亦庄机器人马拉松测试

",,8169.0,1,69dafb37000000003500b628,,5fcc2b3e000000000101f96a,顺带不做个膝盖及组织润滑液的耐久研究[doge],2026.04.12,上海,1.0,0.0,24,强势|观众,强势,观众,6,强势成功,72
69e481e8000000002003ad94,"

",,,1,69e75f120000000014018806,,62e6286c000000001f006c12,把他的关节换给我行吗？,2026.04.21,浙江,1.0,0.0,11,强势|服务者,强势,服务者,2,强势成功,72
69da7e87000000001a03484e,"今晚的亦庄机器人马拉松测试

",,8169.0,2,69dbb5ae0000000035023ec9,69dac8d7000000000c0319f8,57565a4b6a6a692b2bce4c11,你要知道它膝盖伤了可以换，但是人的膝盖不可以[doge],2026.04.12,广东,1.0,,28,强势|观众,强势,观众,4,强势成功,72
69e4426b000000001d01c7ed,"一个大的一个小的一个废的

",,7334.0,1,69e4636d000000001401d81e,,577008aca9b2ed230f513c10,看起来它的膝盖还不如我[捂脸R],2026.04.19,新疆,0.0,0.0,16,混合|观众,混合,观众,3,,72
69da7e87000000001a03484e,"今晚的亦庄机器人马拉松测试

",,8169.0,1,69db6b88000000003502e35a,,5f95ba1100000000010077bc,铁膝盖就是牛杯,2026.04.12,浙江,0.0,0.0,7,强势|观众,强势,观众,2,强势成功,72
69da7e87000000001a03484e,"今晚的亦庄机器人马拉松测试

",,8169.0,1,69db6471000000001601786e,,65325b22000000002a02ae28,要注意保护膝盖,2026.04.12,广东,0.0,0.0,7,强势|观众,强势,观众,3,强势成功,72
69da7e87000000001a03484e,"今晚的亦庄机器人马拉松测试

",,8169.0,1,69db373a000000000c0335b5,,63f6bbaf000000000f012dff,都不需要半月板，真好,2026.04.12,陕西,0.0,0.0,10,强势|观众,强势,观众,3,强势成功,72
69da7e87000000001a03484e,"今晚的亦庄机器人马拉松测试

",,8169.0,1,69db2d8f000000000c03025d,,5d39c1790000000010015e6f,有点羡慕 他们不怕废膝盖,2026.04.12,浙江,0.0,0.0,12,强势|观众,强势,观众,3,强势成功,72
69da7e87000000001a03484e,"今晚的亦庄机器人马拉松测试

",,8169.0,1,69db209e000000003500bf25,,63cc125500000000270293f7,膝关节都不动的，好奇怪,2026.04.12,广东,0.0,0.0,11,强势|观众,强势,观众,3,强势成功,72
69da7e87000000001a03484e,"今晚的亦庄机器人马拉松测试

",,8169.0,1,69db1a4c0000000035010c65,,6052c2ab0000000001002799,注意保护膝盖,2026.04.12,广西,0.0,0.0,6,强势|观众,强势,观众,3,强势成功,72
69da7e87000000001a03484e,"今晚的亦庄机器人马拉松测试

",,8169.0,1,69db0eee00000000350275ab,,608cfa8c0000000001003bb1,膝关节为什么基本不动,2026.04.12,四川,0.0,0.0,10,强势|观众,强势,观众,4,强势成功,72
69da7e87000000001a03484e,"今晚的亦庄机器人马拉松测试

",,8169.0,1,69db0a240000000035030b44,,5cef971e0000000017036796,膝盖不错,2026.04.12,福建,0.0,0.0,4,强势|观众,强势,观众,2,强势成功,72
69da7e87000000001a03484e,"今晚的亦庄机器人马拉松测试

",,8169.0,1,69dafda3000000003501ec7a,,65d9d1cb000000000401ef6f,这膝盖得三天一换吧,2026.04.12,北京,0.0,0.0,9,强势|观众,强势,观众,3,强势成功,72
69da7e87000000001a03484e,"今晚的亦庄机器人马拉松测试

",,8169.0,1,69daf95e000000001500770a,,5adcad304eacab02b2cf984e,真正的物理铁膝盖,2026.04.12,河南,0.0,0.0,8,强势|观众,强势,观众,3,强势成功,72
69da7e87000000001a03484e,"今晚的亦庄机器人马拉松测试

",,8169.0,1,69daf9910000000035016368,,5d1446c9000000001103c52e,伤膝盖呢哥们，维修费很高的，搞不好痛死你哦,2026.04.12,云南,0.0,0.0,21,强势|观众,强势,观众,5,强势成功,72
69e47f8f000000001f007203,"2026年机器人马拉松状态，五年后再看🤣

",,5834.0,1,69e71828000000001401b002,,5d0141e500000000100027f1,97号还带护膝？[石化R],2026.04.21,广东,0.0,0.0,13,混合|观众,混合,观众,2,,72
69e481e8000000002003ad94,"

",,,1,69e496cd000000001401a027,,5ef85057000000000101cbf2,膝关节不用吗,2026.04.19,日本,0.0,0.0,6,强势|服务者,强势,服务者,2,强势成功,72
69e481e8000000002003ad94,"

",,,1,69eb578d0000000027029f40,,63cd2c890000000027028910,懂了，人的膝盖和髋关节要保护好,2026.04.24,山东,0.0,0.0,15,强势|服务者,强势,服务者,4,强势成功,72
69e481e8000000002003ad94,"

",,,1,69e71494000000001401c828,,5f4115e700000000010093f9,这跑完得做关节置换了吧[doge],2026.04.21,福建,0.0,0.0,17,强势|服务者,强势,服务者,3,强势成功,72
69e43b14000000001a02e095,"好萌的小黑仔跑马拉松

",,2760.0,1,69e45b160000000014019401,,644e509f000000001002bee3,膝盖磨损,2026.04.19,广西,0.0,0.0,4,弱势|服务者,弱势,服务者,2,弱势,72
69e48b0b000000001a02578c,"北京马拉松机器人中暑了🥵

",3334.0,467.0,1,69ead3e8000000001401e017,,63fcd32a000000001f032abd,半月板撕裂,2026.04.24,北京,0.0,0.0,5,失败|服务者,失败,服务者,2,失败,72
69da7e87000000001a03484e,"今晚的亦庄机器人马拉松测试

",,8169.0,2,69daf5b400000000150030ff,69dac8d7000000000c0319f8,665fa345000000000303352c,别怕 我铁的膝盖，而且有备胎,2026.04.12,福建,0.0,,14,强势|观众,强势,观众,3,强势成功,72
69da7e87000000001a03484e,"今晚的亦庄机器人马拉松测试

",,8169.0,2,69dafee90000000016016a95,69dac8d7000000000c0319f8,5f0ca9f500000000010068f3,人家可以随时换，不怕[doge],2026.04.12,广东,0.0,,16,强势|观众,强势,观众,3,强势成功,72
69da7e87000000001a03484e,"今晚的亦庄机器人马拉松测试

",,8169.0,2,69daff2f0000000002036ba5,69dac8d7000000000c0319f8,5ac83affe8ac2b2736f41e9b,没事马上就能有机器人医生给换膝盖[doge],2026.04.12,辽宁,0.0,,22,强势|观众,强势,观众,5,强势成功,72
69da7e87000000001a03484e,"今晚的亦庄机器人马拉松测试

",,8169.0,2,69daff6d000000003502a079,69dac8d7000000000c0319f8,6360ee11000000001f014079,坏了就换新的，新膝盖,2026.04.12,河北,0.0,,10,强势|观众,强势,观众,2,强势成功,72
69da7e87000000001a03484e,"今晚的亦庄机器人马拉松测试

",,8169.0,2,69db06c9000000003501a0e1,69dac8d7000000000c0319f8,5c17c3e7000000000602c34b,做个微创就好了,2026.04.12,北京,0.0,,7,强势|观众,强势,观众,2,强势成功,72
69e481e8000000002003ad94,"

",,,2,69e76ddf000000001401b80b,69e653eb0000000014018807,5eb7635d0000000001005cd2,我感觉喝点酒可能更有激情❤️‍🔥,2026.04.21,山东,9.0,,16,强势|服务者,强势,服务者,2,强势成功,73
69e47f8f000000001f007203,"2026年机器人马拉松状态，五年后再看🤣

",,5834.0,1,69e5bd21000000001401d40f,,5f756f8b0000000001001f97,仿佛喝了二两假酒,2026.04.20,江苏,1.0,0.0,8,混合|观众,混合,观众,3,,73
69df625d0000000021005c63,"“扶我起来，我还能再跑10公里”

",,9992.0,1,69dfa1b700000000350263d3,,66c5ac91000000001d032654,第二个应该是比赛前喝酒🍺了[玫瑰R],2026.04.15,河南,1.0,0.0,18,失败|观众,失败,观众,3,失败,73
69df625d0000000021005c63,"“扶我起来，我还能再跑10公里”

",,9992.0,1,69e2fe4e000000001401bc1a,,65a9aed100000000070067c1,几个菜喝成这样？！！！,2026.04.18,上海,1.0,0.0,11,失败|观众,失败,观众,3,失败,73
69e40352000000002102fc75,"机器人马拉松现场第一视角看全部队伍

",,1160.0,1,69e4e288000000001401b800,,61012fe60000000001000494,"杭州有喝酒搭子嘛
一起小酌一下聊聊天
去去班味",2026.04.19,浙江,1.0,0.0,23,常态|服务者,常态,服务者,9,常态,73
69e44171000000001a026b25,"机器人马拉松比赛摔倒丝滑起身帅炸了🔥🔥

",9971.0,613.0,1,69e4e63f000000001401d413,,5e7717950000000001002911,喝多了还是中暑了？[大笑R][大笑R],2026.04.19,新疆,1.0,0.0,19,混合|观众,混合,观众,2,,73
69e59e520000000022027a90,"花田里犯了错|机器人马拉松正赛搞笑赏析

",,2593.0,1,69e60d2d000000001401e833,,69d05d320000000032037f0a,这是喝醉了，还没醒过来[笑哭R],2026.04.20,山东,1.0,0.0,16,弱势|观众,弱势,观众,2,弱势,73
69e59e520000000022027a90,"花田里犯了错|机器人马拉松正赛搞笑赏析

",,2593.0,1,69e5f184000000001401cc1d,,5c472f3d000000001100b1a0,像在同一桌喝的假酒,2026.04.20,浙江,1.0,0.0,9,弱势|观众,弱势,观众,2,弱势,73
69e4426b000000001d01c7ed,"一个大的一个小的一个废的

",,7334.0,1,69e47627000000001401d813,,558eba00e58d137840840814,昨晚上宿醉了,2026.04.19,北京,0.0,0.0,6,混合|观众,混合,观众,2,,73
69e4426b000000001d01c7ed,"一个大的一个小的一个废的

",,7334.0,1,69e46c18000000001401cc0a,,558be6de37205b6d2863d5e6,大的，像是喝醉后跑到街上[笑哭R],2026.04.19,广东,0.0,0.0,17,混合|观众,混合,观众,3,,73
69e41e24000000001a025f1a,"人形机器人半马摔倒瞬间🔥🔥

",1155.0,129.0,1,69e4b32d000000001401ac23,,5ae7fdc2e8ac2b42af003d55,太像我同事喝多了,2026.04.19,北京,0.0,0.0,8,失败|观众,失败,观众,3,失败,73
69e41e24000000001a025f1a,"人形机器人半马摔倒瞬间🔥🔥

",1155.0,129.0,1,69e594a7000000001401bc13,,68c5123e0000000019019a71,告诉我喝了多少,2026.04.20,福建,0.0,0.0,7,失败|观众,失败,观众,2,失败,73
69e47f8f000000001f007203,"2026年机器人马拉松状态，五年后再看🤣

",,5834.0,1,69e7fedb000000001401c400,,58a3441482ec39189a9a7d3f,这位选手是喝醉酒了么😊,2026.04.22,广东,0.0,0.0,11,混合|观众,混合,观众,3,,73
69e47f8f000000001f007203,"2026年机器人马拉松状态，五年后再看🤣

",,5834.0,1,69e61efc000000001401a414,,5ba313fec9a7b10001cfd2e8,好像喝多了[大笑R],2026.04.20,广东,0.0,0.0,10,混合|观众,混合,观众,2,,73
69e47f8f000000001f007203,"2026年机器人马拉松状态，五年后再看🤣

",,5834.0,1,69e596e8000000001401b817,,62c2b925000000001b02b280,一个二个的出发前都喝了点吗,2026.04.20,四川,0.0,0.0,13,混合|观众,混合,观众,2,,73
69e47f8f000000001f007203,"2026年机器人马拉松状态，五年后再看🤣

",,5834.0,1,69e57b1e000000001401c406,,684fc3fa000000001d00947d,像二麻一样,2026.04.20,广东,0.0,0.0,5,混合|观众,混合,观众,2,,73
69e481e8000000002003ad94,"

",,,1,69e49719000000001401ac24,,63c3b30600000000270365c1,快！快给我一瓶红牛！,2026.04.19,湖南,0.0,0.0,10,强势|服务者,强势,服务者,3,强势成功,73
69e481e8000000002003ad94,"

",,,1,69e496fa000000001401dc3b,,615823130000000002021848,不给一瓶红色尖叫吗[捂脸R],2026.04.19,浙江,0.0,0.0,14,强势|服务者,强势,服务者,3,强势成功,73
69e481e8000000002003ad94,"

",,,1,69e716f6000000001401a811,,65368dac000000000d006917,有点喝麻了的样子,2026.04.21,重庆,0.0,0.0,8,强势|服务者,强势,服务者,2,强势成功,73
69e481e8000000002003ad94,"

",,,1,69e5b0e4000000001401c401,,622ae7ce0000000021029b68,干了2两茅台酒，走路都打川川。[笑哭R],2026.04.20,贵州,0.0,0.0,20,强势|服务者,强势,服务者,3,强势成功,73
69e481e8000000002003ad94,"

",,,1,69e4a7a5000000001401ac1b,,63e5c2140000000026013a5f,不得给喝点红牛，或者佳得乐[派对R],2026.04.19,山东,0.0,0.0,18,强势|服务者,强势,服务者,5,强势成功,73
69e481e8000000002003ad94,"

",,,1,69e4a0d7000000001401a81c,,5eeaafbd00000000010050f9,再来杯咖啡啊,2026.04.19,重庆,0.0,0.0,6,强势|服务者,强势,服务者,2,强势成功,73
69df625d0000000021005c63,"“扶我起来，我还能再跑10公里”

",,9992.0,1,69dfa615000000000d0366b4,,63118c3c000000001200f08a,黑衣小哥也喝醉了,2026.04.15,广东,0.0,0.0,8,失败|观众,失败,观众,3,失败,73
69df625d0000000021005c63,"“扶我起来，我还能再跑10公里”

",,9992.0,1,69df9fc4000000000103efe0,,5f65a40b0000000001001c50,都像是喝了假酒. 红色那个没喝，但是个近视眼,2026.04.15,上海,0.0,0.0,22,失败|观众,失败,观众,5,失败,73
69df625d0000000021005c63,"“扶我起来，我还能再跑10公里”

",,9992.0,1,69e3459e0000000014019805,,62db68d1000000001e01d77b,全是酒鬼[捂脸R],2026.04.18,贵州,0.0,0.0,9,失败|观众,失败,观众,2,失败,73
69df625d0000000021005c63,"“扶我起来，我还能再跑10公里”

",,9992.0,1,69e2fc26000000001401bc0f,,5fa5c9fd000000000101e68c,好像村子里的酒蒙子[大笑R][大笑R][大笑R]。本身体态就不好还喝那么多酒[抠鼻R],2026.04.18,北京,0.0,0.0,43,失败|观众,失败,观众,7,失败,73
69df625d0000000021005c63,"“扶我起来，我还能再跑10公里”

",,9992.0,1,69e129c6000000001401cc06,,60327a930000000001003694,喝醉了跑路关人家交警什么事[笑哭R],2026.04.17,广东,0.0,0.0,18,失败|观众,失败,观众,4,失败,73
69df625d0000000021005c63,"“扶我起来，我还能再跑10公里”

",,9992.0,1,69e08d27000000001401940b,,5e60be62000000000100a642,一群酒蒙子啊,2026.04.16,辽宁,0.0,0.0,6,失败|观众,失败,观众,2,失败,73
69df625d0000000021005c63,"“扶我起来，我还能再跑10公里”

",,9992.0,1,69e01a4e000000003502e3a3,,678d1716000000000e01e5e4,都踏马的假酒喝多了,2026.04.16,山东,0.0,0.0,9,失败|观众,失败,观众,3,失败,73
69e44171000000001a026b25,"机器人马拉松比赛摔倒丝滑起身帅炸了🔥🔥

",9971.0,613.0,1,69e5db490000000014019c04,,6038be600000000001002768,喝醉酒了，醒一下酒。,2026.04.20,广西,0.0,0.0,10,混合|观众,混合,观众,2,,73
69e43b14000000001a02e095,"好萌的小黑仔跑马拉松

",,2760.0,1,69e44595000000001401b808,,5a50ebc8e8ac2b2bc6947810,帽子不挡太阳，看把孩子晒的,2026.04.19,浙江,414.0,12.0,13,弱势|服务者,弱势,服务者,4,弱势,74
69e48d54000000002102e178,"😭亦庄机器人半马最感人一幕

",,1589.0,2,69e4c4d6000000001401c842,69e4aa34000000001401bc30,58cda3fb50c4b406bcfce484,说还给带安全帽⛑️了[捂脸R],2026.04.19,上海,220.0,,15,弱势|保护者,弱势,保护者,2,弱势,74
69e48d54000000002102e178,"😭亦庄机器人半马最感人一幕

",,1589.0,2,69e4b1a6000000001401c010,69e4abf1000000001401c014,5c79d63b000000001601782a,他还有安全帽  他爸爸确实很爱他了[捂脸R][捂脸R][捂脸R][捂脸R],2026.04.19,广东,106.0,,37,弱势|保护者,弱势,保护者,3,弱势,74
69e4426b000000001d01c7ed,"一个大的一个小的一个废的

",,7334.0,2,69e46da6000000001401e83a,69e46888000000001401d418,5b9bc5176b58b7183e564046,它还戴了帽子防晒[嘻嘻R],2026.04.19,湖南,20.0,,13,混合|观众,混合,观众,2,,74
69e48d54000000002102e178,"😭亦庄机器人半马最感人一幕

",,1589.0,2,69e4b489000000001401b80a,69e4abf1000000001401c014,68d143bf000000002101cd6f,诶呀。我想起了少年闰土的描写：【他紫色圆脸，头戴小毡帽，颈套明晃晃银项圈，显是父亲怕他夭折，求神佛“用圈子将他套住”的印记】……,2026.04.19,河北,19.0,,64,弱势|保护者,弱势,保护者,18,弱势,74
69e48d54000000002102e178,"😭亦庄机器人半马最感人一幕

",,1589.0,2,69e4b6f5000000001401c04a,69e4abf1000000001401c014,5a1b88efe8ac2b01a60840be,刚起步就溜达了，胸带红领巾，头戴电工帽,2026.04.19,北京,7.0,,19,弱势|保护者,弱势,保护者,6,弱势,74
69e46730000000001d0199c8,"

",,761.0,1,69e4b3e3000000001401c00e,,5c7fcf040000000016020105,整个帽子是怕它被晒黑吗[doge],2026.04.19,云南,6.0,0.0,17,强势|观众,强势,观众,3,强势成功,74
69e43b14000000001a02e095,"好萌的小黑仔跑马拉松

",,2760.0,1,69e48c56000000001401a421,,628e1d3b0000000021023207,它的帽子是奶茶杯托做的吗？？,2026.04.19,广西,4.0,1.0,14,弱势|服务者,弱势,服务者,2,弱势,74
69e43b14000000001a02e095,"好萌的小黑仔跑马拉松

",,2760.0,1,69e469d4000000001401e02a,,5e1b3a570000000001009c3f,草帽兄弟,2026.04.19,北京,3.0,4.0,4,弱势|服务者,弱势,服务者,2,弱势,74
69e48d54000000002102e178,"😭亦庄机器人半马最感人一幕

",,1589.0,2,69e4bfe9000000001401d81f,69e4abf1000000001401c014,55b10ab941a2b35d4d076345,还戴个安全帽，很负责了,2026.04.19,辽宁,3.0,,11,弱势|保护者,弱势,保护者,3,弱势,74
69e43b14000000001a02e095,"好萌的小黑仔跑马拉松

",,2760.0,2,69e457cd000000001401b823,69e44595000000001401b808,5b3ef36ce8ac2b3544a72fab,帽子只是为了拟人，怕别人看出来不是人[偷笑R],2026.04.19,云南,3.0,,23,弱势|服务者,弱势,服务者,6,弱势,74
69e43b14000000001a02e095,"好萌的小黑仔跑马拉松

",,2760.0,1,69e47963000000001401c81d,,5a23371fe8ac2b24b2f91bff,还戴个帽子 太可爱了,2026.04.19,日本,2.0,0.0,10,弱势|服务者,弱势,服务者,3,弱势,74
69e43b14000000001a02e095,"好萌的小黑仔跑马拉松

",,2760.0,1,69e44ba0000000001401ac03,,678e2168000000000e01c330,反正已经这么黑了，不戴帽子也行,2026.04.19,山东,2.0,0.0,15,弱势|服务者,弱势,服务者,2,弱势,74
69e43b14000000001a02e095,"好萌的小黑仔跑马拉松

",,2760.0,1,69e4428f000000001401c027,,5ec7e8b20000000001007fd0,这么热还给人家戴帽子，不应该带个风扇吗,2026.04.19,北京,2.0,0.0,19,弱势|服务者,弱势,服务者,5,弱势,74
69e48d54000000002102e178,"😭亦庄机器人半马最感人一幕

",,1589.0,1,69e4b2b7000000001401e81e,,60f2639e000000000101f5cf,救命 有点可爱！还戴个小帽子[笑哭R][笑哭R],2026.04.19,湖南,1.0,0.0,24,弱势|保护者,弱势,保护者,4,弱势,74
69e43b14000000001a02e095,"好萌的小黑仔跑马拉松

",,2760.0,1,69e488b3000000001401d81c,,5fcb29a8000000000101ee57,帽子还怪可爱的呀[笑哭R],2026.04.19,北京,1.0,0.0,13,弱势|服务者,弱势,服务者,3,弱势,74
69e43b14000000001a02e095,"好萌的小黑仔跑马拉松

",,2760.0,1,69e48587000000001401c417,,59f1306c4eacab397f0da7d7,它们那个帽子是统一定制的吗？帽子好看，想给我家宝宝也买个戴[笑哭R],2026.04.19,河北,1.0,0.0,34,弱势|服务者,弱势,服务者,7,弱势,74
69e43b14000000001a02e095,"好萌的小黑仔跑马拉松

",,2760.0,1,69e4607e000000001401a011,,579ac1e6a9b2ed7e132c4f43,还戴顶小帽子，很可爱啊,2026.04.19,云南,1.0,0.0,11,弱势|服务者,弱势,服务者,2,弱势,74
69e43b14000000001a02e095,"好萌的小黑仔跑马拉松

",,2760.0,1,69e45691000000001401e80d,,613a2b1c000000000201f296,帽子这么可爱,2026.04.19,宁夏,1.0,0.0,6,弱势|服务者,弱势,服务者,2,弱势,74
69e46730000000001d0199c8,"

",,761.0,2,69e4eaec0000000014019825,69e4d3db000000001401b839,61c7a8af0000000010008531,是山东队的泰山也～戴假发的几个都是,2026.04.19,山东,1.0,,17,强势|观众,强势,观众,4,强势成功,74
69da7e87000000001a03484e,"今晚的亦庄机器人马拉松测试

",,8169.0,1,69db6d44000000000100606e,,5fccf0ba00000000010079a2,这没戴头盔能上路了吗[捂脸R],2026.04.12,湖南,0.0,0.0,15,强势|观众,强势,观众,2,强势成功,74
69da7e87000000001a03484e,"今晚的亦庄机器人马拉松测试

",,8169.0,1,69db32b000000000350261ca,,60d0c3370000000001002796,有帽子叔叔在旁边是怕有人偷走选手吗[doge],2026.04.12,安徽,0.0,0.0,23,强势|观众,强势,观众,6,强势成功,74
69da7e87000000001a03484e,"今晚的亦庄机器人马拉松测试

",,8169.0,1,69db0abd000000000c03217e,,5da1c1fa0000000001001184,红色的是消防的嘛？怎么还没戴草帽的快,2026.04.12,内蒙古,0.0,0.0,18,强势|观众,强势,观众,3,强势成功,74
69da7e87000000001a03484e,"今晚的亦庄机器人马拉松测试

",,8169.0,1,69dafb690000000035012d9f,,67188c64000000001d023bef,太优雅了，还戴帽子,2026.04.12,江苏,0.0,0.0,9,强势|观众,强势,观众,2,强势成功,74
69e42cc100000000220001ad,"机器人马拉松倒数第一名，萌翻了🤣🤣🤣

",,8501.0,1,69e4e633000000001401e00d,,68087ee9000000000e01d61c,我最喜欢这个扎小辫的,2026.04.19,山东,0.0,0.0,10,弱势|观众,弱势,观众,2,弱势,74
69e47f8f000000001f007203,"2026年机器人马拉松状态，五年后再看🤣

",,5834.0,1,69f35aad0000000029036751,,5ba2e28b85640b0001b7adcd,草帽小朋友超可爱啊[捂脸R],2026.04.30,江苏,0.0,0.0,14,混合|观众,混合,观众,3,,74
69e47f8f000000001f007203,"2026年机器人马拉松状态，五年后再看🤣

",,5834.0,1,69e9d275000000001401bc12,,587b8cc16a6a691bdfaf2d30,戴草帽那个真的太可爱了,2026.04.23,陕西,0.0,0.0,11,混合|观众,混合,观众,3,,74
69e47f8f000000001f007203,"2026年机器人马拉松状态，五年后再看🤣

",,5834.0,1,69e83625000000001401d406,,583fe08050c4b45a446fecd6,戴帽子的体态好专业啊！[捂脸R][捂脸R][捂脸R][捂脸R],2026.04.22,湖北,0.0,0.0,31,混合|观众,混合,观众,3,,74
69e47f8f000000001f007203,"2026年机器人马拉松状态，五年后再看🤣

",,5834.0,1,69e76211000000001401e023,,62fb62a2000000000f007e7f,旁边小草帽,2026.04.21,广东,0.0,0.0,5,混合|观众,混合,观众,2,,74
69e47f8f000000001f007203,"2026年机器人马拉松状态，五年后再看🤣

",,5834.0,1,69e7256d000000001401ac0f,,63ec2fa3000000002702a685,我草帽哥好可爱 哈哈哈哈,2026.04.21,四川,0.0,0.0,12,混合|观众,混合,观众,3,,74
69e47f8f000000001f007203,"2026年机器人马拉松状态，五年后再看🤣

",,5834.0,1,69e57af8000000001401d816,,554b1357b203d9591cc39c3c,太奶怎么还要出来比赛[石化R],2026.04.20,浙江,413.0,18.0,15,混合|观众,混合,观众,3,,75
69e48341000000001a02d0c4,"机器人马拉松，我们看乐了，西方人看破防了🤣

",3931.0,1022.0,1,69e4d264000000001401e022,,667117ac0000000003031e2c,这个比赛不限制年龄吗？那几个小娃娃还没断奶吧[笑哭R],2026.04.19,广东,24.0,3.0,27,强势|观众,强势,观众,6,强势成功,75
69db34bb000000001a0348ae,"机器人抢救现场

",4896.0,1198.0,2,69e457ff000000001401e400,69dcb1ea000000000d03c735,60f44bcf00000000010093d1,可能类似儿科，碳基家长很难缠[笑哭R],2026.04.19,甘肃,19.0,,19,失败|抢救者,失败,抢救者,5,失败,75
69e42cc100000000220001ad,"机器人马拉松倒数第一名，萌翻了🤣🤣🤣

",,8501.0,1,69e57897000000001401c42e,,5fa137e9000000000101eed9,它应该参加少儿组，怎么跑到成人区了[笑哭R],2026.04.20,陕西,13.0,2.0,22,弱势|观众,弱势,观众,3,弱势,75
69e42cc100000000220001ad,"机器人马拉松倒数第一名，萌翻了🤣🤣🤣

",,8501.0,1,69e4eda6000000001401b80a,,5912bb5650c4b45dfa2b5cc4,反正我们这里幼儿组和成人组不能放一起比[doge],2026.04.19,江苏,12.0,0.0,25,弱势|观众,弱势,观众,6,弱势,75
69e48341000000001a02d0c4,"机器人马拉松，我们看乐了，西方人看破防了🤣

",3931.0,1022.0,2,69e5743a0000000014018811,69e55a82000000001401c004,5b1f6d824eacab15c72cd8d0,还在喝奶的年纪就出来比赛了[doge],2026.04.20,江苏,6.0,,19,强势|观众,强势,观众,3,强势成功,75
69e6f2bc0000000023005345,"🍼机器人第一视角，好多人呀

",,687.0,2,69e75d94000000001401dc1a,69e72510000000001401e404,5c7db0bf00000000100345c5,组委会怎么回事，欺负我家子涵[完啦R]（开玩笑的哈哈）,2026.04.21,北京,5.0,,27,弱势|观众,弱势,观众,6,弱势,75
69e47f8f000000001f007203,"2026年机器人马拉松状态，五年后再看🤣

",,5834.0,2,69e84b9e000000001401dc01,69e5d7130000000014018c1a,66b818e0000000001d0201e4,请主办方下次开通未成年组 这明显是欺负小孩儿[害羞R],2026.04.22,北京,4.0,,27,混合|观众,混合,观众,7,,75
69e6f2bc0000000023005345,"🍼机器人第一视角，好多人呀

",,687.0,2,69e739bc000000001401c82e,69e72510000000001401e404,5b8b613c8e9cff00013473e2,以后参加未成年组吧哈哈,2026.04.21,广东,3.0,,11,弱势|观众,弱势,观众,3,弱势,75
69e4426b000000001d01c7ed,"一个大的一个小的一个废的

",,7334.0,1,69e46407000000001401c807,,583636086a6a694db5f5f0ce,还没断奶就要出来比赛了吗,2026.04.19,广东,2.0,0.0,12,混合|观众,混合,观众,3,,75
69e42cc100000000220001ad,"机器人马拉松倒数第一名，萌翻了🤣🤣🤣

",,8501.0,1,69e4edcf000000001401d836,,6711adf2000000001d033439,这个应该去参加未成年机器人组,2026.04.19,新疆,2.0,0.0,14,弱势|观众,弱势,观众,3,弱势,75
69e6f2bc0000000023005345,"🍼机器人第一视角，好多人呀

",,687.0,1,69e78c02000000001401d41a,,5d27412b000000001200b0ee,去参加儿童组，不要混在成人组里[偷笑R][偷笑R],2026.04.21,上海,2.0,0.0,25,弱势|观众,弱势,观众,6,弱势,75
69e43b14000000001a02e095,"好萌的小黑仔跑马拉松

",,2760.0,2,69e4f2b1000000001401c41a,69e48cc2000000001401e400,56a8130ab8c8b429b0cc2979,这个是幼儿园选手,2026.04.19,河南,2.0,,8,弱势|服务者,弱势,服务者,2,弱势,75
69e42cc100000000220001ad,"机器人马拉松倒数第一名，萌翻了🤣🤣🤣

",,8501.0,1,69e55a4e000000001401dc0c,,5e8835e00000000001000245,婴儿怎么也来参赛，现在都这么卷了吗[捂脸R][捂脸R][捂脸R],2026.04.20,黑龙江,1.0,0.0,32,弱势|观众,弱势,观众,2,弱势,75
69e42cc100000000220001ad,"机器人马拉松倒数第一名，萌翻了🤣🤣🤣

",,8501.0,1,69e4e7ea000000001401c000,,5b2e52e0e8ac2b7767465834,太不公平啦！把一个小朋友放成人组！,2026.04.19,广东,1.0,0.0,17,弱势|观众,弱势,观众,3,弱势,75
69e47f8f000000001f007203,"2026年机器人马拉松状态，五年后再看🤣

",,5834.0,1,69e5a678000000001401c423,,652d54ae000000000200cbca,禁止小孩参赛,2026.04.20,江西,1.0,0.0,6,混合|观众,混合,观众,3,,75
69e43b14000000001a02e095,"好萌的小黑仔跑马拉松

",,2760.0,1,69e46bc8000000001401dc13,,5c9ac549000000001802fe30,他们这参加的是不是儿童组别的？？,2026.04.19,云南,1.0,0.0,16,弱势|服务者,弱势,服务者,4,弱势,75
69e4426b000000001d01c7ed,"一个大的一个小的一个废的

",,7334.0,2,69e4936d000000001401c809,69e451fd000000001401c806,658259b9000000001c01aee2,还没满月就出来参加比赛了吗，[偷笑R][偷笑R][偷笑R][偷笑R][偷笑R][偷笑R][偷笑R][偷笑R][偷笑R],2026.04.19,上海,1.0,,59,混合|观众,混合,观众,3,,75
69e42cc100000000220001ad,"机器人马拉松倒数第一名，萌翻了🤣🤣🤣

",,8501.0,2,69e849a5000000001401ac09,69e831ec0000000014019c07,6296475e00000000210279b3,未成年不准参赛,2026.04.22,上海,1.0,,7,弱势|观众,弱势,观众,3,弱势,75
69e634590000000022003bb5,"每个马拉松机器人，都有自己的热血故事。

",,824.0,2,69e6e7ee000000001401e816,69e6c14d000000001401d80c,57dff5e982ec397a6bbb1f86,你让一岁小孩去参加比赛也是全家出动吧,2026.04.21,浙江,1.0,,18,常态|观众,常态,观众,6,常态,75
69e4426b000000001d01c7ed,"一个大的一个小的一个废的

",,7334.0,1,69e5dea8000000001401bc0f,,5dc2d0430000000001003e43,[笑哭R][笑哭R]孩子还没断奶就来比赛啦？,2026.04.20,安徽,0.0,0.0,22,混合|观众,混合,观众,3,,75
69da7e87000000001a03484e,"今晚的亦庄机器人马拉松测试

",,8169.0,1,69db8ac50000000015000e0d,,54e5429db4c4d674cdbed99c,组委会“以后再也不怕误招流氓兔了”[doge],2026.04.12,上海,0.0,0.0,23,强势|观众,强势,观众,5,强势成功,75
69e42cc100000000220001ad,"机器人马拉松倒数第一名，萌翻了🤣🤣🤣

",,8501.0,1,69e55f35000000001401bc0e,,5ae71a4e6b58b72f7e947a37,宝宝也可以参加啊,2026.04.20,北京,0.0,0.0,8,弱势|观众,弱势,观众,2,弱势,75
69e42cc100000000220001ad,"机器人马拉松倒数第一名，萌翻了🤣🤣🤣

",,8501.0,1,69e55268000000001401a002,,60476c37000000000100905b,这是幼儿组第一名,2026.04.20,山东,0.0,0.0,8,弱势|观众,弱势,观众,2,弱势,75
69e42cc100000000220001ad,"机器人马拉松倒数第一名，萌翻了🤣🤣🤣

",,8501.0,1,69e552430000000014019c04,,5d983e5e000000000100b11a,这属于雇佣童工吗？,2026.04.20,山东,0.0,0.0,9,弱势|观众,弱势,观众,3,弱势,75
69e42cc100000000220001ad,"机器人马拉松倒数第一名，萌翻了🤣🤣🤣

",,8501.0,1,69e53d23000000001401d403,,61cbe703000000001f038dab,儿童和成人要在一起参赛吗？,2026.04.20,北京,0.0,0.0,13,弱势|观众,弱势,观众,4,弱势,75
69e42cc100000000220001ad,"机器人马拉松倒数第一名，萌翻了🤣🤣🤣

",,8501.0,1,69e522a60000000014019809,,5f44b88d000000000101fa13,未成年禁止参赛[笑哭R],2026.04.20,上海,0.0,0.0,12,弱势|观众,弱势,观众,3,弱势,75
69e42cc100000000220001ad,"机器人马拉松倒数第一名，萌翻了🤣🤣🤣

",,8501.0,1,69e50f16000000001401d415,,6445276300000000100240e0,了不起，儿童敢参加成人赛！[笑哭R],2026.04.20,上海,0.0,0.0,18,弱势|观众,弱势,观众,4,弱势,75
69e42cc100000000220001ad,"机器人马拉松倒数第一名，萌翻了🤣🤣🤣

",,8501.0,1,69e5054c0000000014019808,,666bef5600000000030309d0,这个应该参加儿童组,2026.04.20,云南,0.0,0.0,9,弱势|观众,弱势,观众,2,弱势,75
69e42cc100000000220001ad,"机器人马拉松倒数第一名，萌翻了🤣🤣🤣

",,8501.0,1,69e5005d000000001401e402,,58da28ac5e87e7320664d55c,儿童禁止参加[doge],2026.04.20,辽宁,0.0,0.0,12,弱势|观众,弱势,观众,3,弱势,75
69e40352000000002102fc75,"机器人马拉松现场第一视角看全部队伍

",,1160.0,2,69e42b41000000001401a021,69e41e73000000001401980a,60bafd3d00000000010018fc,那不就是汽车无人驾驶吗[doge],2026.04.19,广东,62.0,,17,常态|服务者,常态,服务者,3,常态,76
69e4426b000000001d01c7ed,"一个大的一个小的一个废的

",,7334.0,2,69e46294000000001401b020,69e45f74000000001401bc0a,67558b01000000001c018a25,满大街跑的智驾电动汽车了解一下[微笑R],2026.04.19,北京,50.0,,20,混合|观众,混合,观众,5,,76
69e481e8000000002003ad94,"

",,,2,69e49c74000000001401cc11,69e49a5c000000001401ac0a,60fa13a4000000000100874d,你说的那叫智能驾驶[笑哭R],2026.04.19,河北,7.0,,14,强势|服务者,强势,服务者,2,强势成功,76
69e481e8000000002003ad94,"

",,,2,69e49b05000000001401c016,69e49799000000001401a410,6789a4d5000000000d009ebe,无人驾驶汽车[抠鼻R],2026.04.19,北京,5.0,,11,强势|服务者,强势,服务者,2,强势成功,76
69e48341000000001a02d0c4,"机器人马拉松，我们看乐了，西方人看破防了🤣

",3931.0,1022.0,2,69e49ec1000000001401a810,69e49ab00000000014018801,62a0afff000000001b027807,你是在说自动驾驶的快递车吗[doge],2026.04.19,山东,4.0,,19,强势|观众,强势,观众,3,强势成功,76
69e45dbe000000001f00434f,"机器人跑马拉松超越人类？

",4650.0,773.0,1,69e55c41000000001401d80c,,6058afb3000000000100965d,就是一个没有轮子的自动新能源人形汽车。,2026.04.20,四川,1.0,0.0,19,强势|观众,强势,观众,5,强势成功,76
69da7e87000000001a03484e,"今晚的亦庄机器人马拉松测试

",,8169.0,2,69db84480000000015005c26,69db30220000000016016d90,63f0ac18000000000f012d7f,自动驾驶车：你凭什么认为我和你是一伙的[偷笑R],2026.04.12,陕西,1.0,,24,强势|观众,强势,观众,4,强势成功,76
69e481e8000000002003ad94,"

",,,2,69e4a8bf0000000014019413,69e490ae000000001401d42a,5eb96925000000000101f128,无人驾驶汽车：你觉得我是啥？,2026.04.19,黑龙江,1.0,,14,强势|服务者,强势,服务者,2,强势成功,76
69e481e8000000002003ad94,"

",,,2,69e5e1d00000000014018826,69e57606000000001401a002,5c6f6a27000000001200e507,无人驾驶是不是也得有个按钮启动模式呢。。。还是说你的车不需要任何指令随心情开始或结束自动驾驶,2026.04.20,北京,1.0,,46,强势|服务者,强势,服务者,13,强势成功,76
69df625d0000000021005c63,"“扶我起来，我还能再跑10公里”

",,9992.0,2,69dff1c40000000035027006,69dfbea4000000003502a946,5fed005f000000000101fa20,你说的那是特斯拉无人驾驶,2026.04.16,英国,1.0,,12,失败|观众,失败,观众,2,失败,76
69df625d0000000021005c63,"“扶我起来，我还能再跑10公里”

",,9992.0,2,69dff2310000000035019987,69dfbea4000000003502a946,65fad636000000000600e8cb,你直接造个车，自动导航吧，甜菜,2026.04.16,广东,1.0,,15,失败|观众,失败,观众,4,失败,76
69e40352000000002102fc75,"机器人马拉松现场第一视角看全部队伍

",,1160.0,2,69e42d2a0000000014019c13,69e42af8000000001401ac17,68cbe34200000000220258c4,波士顿动力或者特斯拉来参赛就有地方能吹了[偷笑R],2026.04.19,河南,1.0,,25,常态|服务者,常态,服务者,6,常态,76
69e59e520000000022027a90,"花田里犯了错|机器人马拉松正赛搞笑赏析

",,2593.0,2,69e5f1db000000001401c03d,69e5e248000000001401c017,5f663e22000000000101e313,[偷笑R]将来要车也是“无人驾驶”呢,2026.04.20,河北,1.0,,18,弱势|观众,弱势,观众,3,弱势,76
69e59e520000000022027a90,"花田里犯了错|机器人马拉松正赛搞笑赏析

",,2593.0,2,69e5ea170000000014018815,69e5e810000000001401a401,60fed0dc000000000100956d,车自动驾驶都能实现了，这整个两条腿的还分不清前后,2026.04.20,孟加拉,1.0,,24,弱势|观众,弱势,观众,7,弱势,76
69da7e87000000001a03484e,"今晚的亦庄机器人马拉松测试

",,8169.0,1,69db9c7700000000160142a9,,66715ba40000000007005dc9,直接给电驴整个自动驾驶参赛[doge],2026.04.12,山东,0.0,0.0,19,强势|观众,强势,观众,5,强势成功,76
69da7e87000000001a03484e,"今晚的亦庄机器人马拉松测试

",,8169.0,1,69db44fa0000000035024723,,67a98674000000000a03f147,这个比无人车牛逼,2026.04.12,辽宁,0.0,0.0,8,强势|观众,强势,观众,2,强势成功,76
69da7e87000000001a03484e,"今晚的亦庄机器人马拉松测试

",,8169.0,1,69db3424000000003502d1eb,,6659d5ab0000000003033d17,在过两年，我出门打车全部是。无人驾驶了,2026.04.12,北京,0.0,0.0,19,强势|观众,强势,观众,5,强势成功,76
69da7e87000000001a03484e,"今晚的亦庄机器人马拉松测试

",,8169.0,1,69daf6690000000035025f1e,,588e180050c4b46213025c83,喊国内那些智能驾驶的来测测,2026.04.12,河南,0.0,0.0,13,强势|观众,强势,观众,5,强势成功,76
69e481e8000000002003ad94,"

",,,1,69e496170000000014018c22,,623c6813000000000201e730,无人驾驶汽车人若是参赛，又当如何应对[doge],2026.04.19,广东,0.0,0.0,24,强势|服务者,强势,服务者,7,强势成功,76
69e481e8000000002003ad94,"

",,,1,69e56961000000001401c410,,6953d18c000000000b0393b5,开无人汽车不更好,2026.04.20,上海,0.0,0.0,8,强势|服务者,强势,服务者,3,强势成功,76
69e481e8000000002003ad94,"

",,,1,69ec3957000000002902604e,,66c2ee7c000000001d020839,有什么意义吗？纯纯噱头！为啥不找自动驾驶的汽车跑呢,2026.04.25,山东,0.0,0.0,25,强势|服务者,强势,服务者,6,强势成功,76
69df625d0000000021005c63,"“扶我起来，我还能再跑10公里”

",,9992.0,1,69e07f270000000014019c18,,63f7172f000000000f011789,可笑，要是无人驾驶就变成可怕了,2026.04.16,北京,0.0,0.0,15,失败|观众,失败,观众,5,失败,76
69e4426b000000001d01c7ed,"一个大的一个小的一个废的

",,7334.0,2,69e4963f0000000014019817,69e45f74000000001401bc0a,5adb4bb84eacab6b36469950,你说的是无人驾驶汽车[笑哭R][笑哭R],2026.04.19,北京,0.0,,20,混合|观众,混合,观众,2,,76
69e4426b000000001d01c7ed,"一个大的一个小的一个废的

",,7334.0,2,69e4acf40000000014019020,69e45f74000000001401bc0a,64442054000000001f0313c7,你说的是智驾汽车？,2026.04.19,天津,0.0,,9,混合|观众,混合,观众,2,,76
69e4426b000000001d01c7ed,"一个大的一个小的一个废的

",,7334.0,2,69e4e674000000001401cc1f,69e45f74000000001401bc0a,629e1130000000002102527f,如果这样，那就直接搞个新能源车装个稍微厉害点的智驾就行了，不过这样这个比赛还有意义吗[笑哭R],2026.04.19,上海,0.0,,47,混合|观众,混合,观众,12,,76
69e4426b000000001d01c7ed,"一个大的一个小的一个废的

",,7334.0,2,69e5783f0000000014019009,69e45f74000000001401bc0a,61187517000000000101fbf9,那干脆自动驾驶汽车上去跑好了，绝对第一[doge],2026.04.20,江苏,0.0,,25,混合|观众,混合,观众,7,,76
69e4426b000000001d01c7ed,"一个大的一个小的一个废的

",,7334.0,2,69e4ac03000000001401e028,69e45f74000000001401bc0a,5edfa72e000000000101c3d8,无人汽车还没在你那里出现吗[石化R],2026.04.19,广东,0.0,,18,混合|观众,混合,观众,4,,76
69e2583b00000000230211ea,"

",,2406.0,2,69e83cf9000000001401e005,69e2fc2d000000001401b82a,5d20c71d0000000010015e07,哈哈哈哈哈哈哈哈哈哈！自动驾驶！,2026.04.22,浙江,0.0,,16,失败|抢救者,失败,抢救者,2,失败,76
69da7e87000000001a03484e,"今晚的亦庄机器人马拉松测试

",,8169.0,2,69de44370000000035009cae,69daef220000000035024590,6541c4b500000000300304f3,以后不需要，就跟无人驾驶一样,2026.04.14,上海,0.0,,14,强势|观众,强势,观众,3,强势成功,76
69da7e87000000001a03484e,"今晚的亦庄机器人马拉松测试

",,8169.0,2,69dcd2f60000000015006231,69db30220000000016016d90,6787d0a3000000000803e9aa,看来车以后不能开智能的[笑哭R],2026.04.13,广东,0.0,,16,强势|观众,强势,观众,2,强势成功,76
69e40352000000002102fc75,"机器人马拉松现场第一视角看全部队伍

",,1160.0,2,69e42e27000000001401e42c,69e42201000000001401940b,5beea7cb96d5be00010ad09d,这才是最需要他们的地方[笑哭R],2026.04.19,北京,31.0,,16,常态|服务者,常态,服务者,3,常态,77
69e481e8000000002003ad94,"

",,,1,69e574d70000000014019810,,63e46f90000000002600551f,本来想取代一个人的，结果用了三个人维护它！,2026.04.20,上海,15.0,14.0,21,强势|服务者,强势,服务者,7,强势成功,77
69e481e8000000002003ad94,"

",,,1,69e4958b000000001401a800,,65ba6875000000000903e3e6,这是造了大爷呀，还请了这个多保姆，他能干嘛呢,2026.04.19,四川,5.0,10.0,22,强势|服务者,强势,服务者,3,强势成功,77
69e481e8000000002003ad94,"

",,,1,69e6d0e8000000001401e80e,,58901be55e87e74a647131d7,还得三人伺候着[捂脸R],2026.04.21,天津,2.0,0.0,12,强势|服务者,强势,服务者,2,强势成功,77
69e481e8000000002003ad94,"

",,,2,69e6f22e000000001401cc1d,69e6f1cf000000001401e008,63e8948b000000002703548a,他一个人需要一群人伺候[笑哭R],2026.04.21,安徽,2.0,,16,强势|服务者,强势,服务者,5,强势成功,77
69e481e8000000002003ad94,"

",,,2,69e5ae5d000000001401e822,69e574d70000000014019810,669923b0000000002401ce3b,三十个也是这三个人维护,2026.04.20,陕西,2.0,,11,强势|服务者,强势,服务者,4,强势成功,77
69e481e8000000002003ad94,"

",,,1,69ede150000000002803d0c0,,6705bb9f000000001d0222e5,这一个需要多少人伺候着啊,2026.04.26,河北,1.0,0.0,12,强势|服务者,强势,服务者,4,强势成功,77
69e481e8000000002003ad94,"

",,,1,69e6d3aa000000001401cc1c,,5cb6c1c20000000012006c6e,还不是要人类来伺候,2026.04.21,浙江,1.0,0.0,9,强势|服务者,强势,服务者,2,强势成功,77
69e481e8000000002003ad94,"

",,,1,69e6ac95000000001401e806,,5b2875f34eacab3a18a5ffab,卧槽，三个人伺候它，感觉这三人负重锻炼的不错[点赞R][笑哭R],2026.04.21,山东,1.0,0.0,32,强势|服务者,强势,服务者,8,强势成功,77
69e481e8000000002003ad94,"

",,,1,69e58da6000000001401dc0a,,6124a8cb0000000001008547,三个人伺候1个人，这就放心了，不可能替代人类了,2026.04.20,天津,1.0,0.0,23,强势|服务者,强势,服务者,7,强势成功,77
69e481e8000000002003ad94,"

",,,1,69e4a597000000001401b815,,6880ed92000000001b0183ce,三个人类伺候[笑哭R][笑哭R],2026.04.19,江西,1.0,0.0,16,强势|服务者,强势,服务者,3,强势成功,77
69e481e8000000002003ad94,"

",,,1,69e4a2bc000000001401c027,,5928fa12a9b2ed0d5e3435c1,1个活爹，三个儿,2026.04.19,江苏,1.0,0.0,8,强势|服务者,强势,服务者,2,强势成功,77
69e43b14000000001a02e095,"好萌的小黑仔跑马拉松

",,2760.0,1,69e4732e0000000014019420,,61a70cfd0000000021021006,还得个人伺候着,2026.04.19,湖北,1.0,0.0,7,弱势|服务者,弱势,服务者,2,弱势,77
69e481e8000000002003ad94,"

",,,2,69e4a1f20000000014018827,69e4a1ae000000001401e82f,5679458de00dd81c0f02d951,得三个人伺候着[笑哭R],2026.04.19,湖北,1.0,,12,强势|服务者,强势,服务者,3,强势成功,77
69e481e8000000002003ad94,"

",,,1,69e49949000000001401b816,,640e86d5000000002a009615,三人伺候,2026.04.19,北京,0.0,0.0,4,强势|服务者,强势,服务者,2,强势成功,77
69e481e8000000002003ad94,"

",,,1,69e496870000000014019c05,,5de8dd590000000001008d68,这一堆人给累的，伺候一个没用的大爷[暗中观察R],2026.04.19,云南,0.0,0.0,24,强势|服务者,强势,服务者,5,强势成功,77
69e481e8000000002003ad94,"

",,,1,69e49686000000001401b839,,5e3df4370000000001008377,买过来一个，照顾要三个人,2026.04.19,浙江,0.0,0.0,12,强势|服务者,强势,服务者,4,强势成功,77
69e481e8000000002003ad94,"

",,,1,69edeceb0000000029026c22,,661bcd840000000003030a1b,好好伺候着,2026.04.26,北京,0.0,0.0,5,强势|服务者,强势,服务者,2,强势成功,77
69e481e8000000002003ad94,"

",,,1,69e994aa000000001401cc12,,5743bc3a5e87e71458f3b143,还要三个人服务[失望R],2026.04.23,广东,0.0,0.0,12,强势|服务者,强势,服务者,4,强势成功,77
69e481e8000000002003ad94,"

",,,1,69e76c61000000001401c011,,5c379466000000000600363b,还要伺候？,2026.04.21,浙江,0.0,0.0,5,强势|服务者,强势,服务者,2,强势成功,77
69e481e8000000002003ad94,"

",,,1,69e72c4a0000000014019c21,,64fea5430000000006030a6a,[捂脸R]还要派人侍候,2026.04.21,广东,0.0,0.0,11,强势|服务者,强势,服务者,3,强势成功,77
69e481e8000000002003ad94,"

",,,1,69e72657000000001401b81b,,63ce63db0000000026007457,三人团队服务一个送外卖的呗,2026.04.21,江苏,0.0,0.0,13,强势|服务者,强势,服务者,4,强势成功,77
69e481e8000000002003ad94,"

",,,1,69e6b7b2000000001401b00b,,5f7842bf00000000010074d4,三个人伺候一个[捂脸R],2026.04.21,浙江,0.0,0.0,12,强势|服务者,强势,服务者,3,强势成功,77
69e481e8000000002003ad94,"

",,,1,69e6a6e8000000001401a802,,62c6bfe7000000000e00f519,八个人伺候我,2026.04.21,河北,0.0,0.0,6,强势|服务者,强势,服务者,3,强势成功,77
69e481e8000000002003ad94,"

",,,1,69e5dcc0000000001401bc17,,624120f5000000001000512d,有人伺候真舒服,2026.04.20,广东,0.0,0.0,7,强势|服务者,强势,服务者,3,强势成功,77
69e481e8000000002003ad94,"

",,,1,69e5d3d4000000001401bc1a,,5af64e1511be10317ccdd931,三个伺候一个,2026.04.20,陕西,0.0,0.0,6,强势|服务者,强势,服务者,2,强势成功,77
69e481e8000000002003ad94,"

",,,1,69e5cb10000000001401c008,,5ab9f0e54eacab052799c82f,得三个人伺候？,2026.04.20,江苏,0.0,0.0,7,强势|服务者,强势,服务者,3,强势成功,77
69e481e8000000002003ad94,"

",,,1,69e5c636000000001401c80e,,6552d95d000000000202888b,一人散步三人照顾,2026.04.20,四川,0.0,0.0,8,强势|服务者,强势,服务者,4,强势成功,77
69e481e8000000002003ad94,"

",,,1,69e5b0910000000014019809,,614814de000000000201cca6,要那么多人侍候啊,2026.04.20,广东,0.0,0.0,8,强势|服务者,强势,服务者,2,强势成功,77
69e481e8000000002003ad94,"

",,,1,69e58c9c000000001401dc18,,5c294b88000000000503e5d8,哈哈，还要这么多人服务[大笑R][点赞R][点赞R][点赞R][点赞R],2026.04.20,河南,0.0,0.0,36,强势|服务者,强势,服务者,3,强势成功,77
69e6f2bc0000000023005345,"🍼机器人第一视角，好多人呀

",,687.0,1,69e73b0c000000001401e020,,668d246400000000030338c2,真的很想买一个回来当小朋友的玩伴耶[暗中观察R],2026.04.21,贵州,75.0,20.0,24,弱势|观众,弱势,观众,5,弱势,78
69e6f2bc0000000023005345,"🍼机器人第一视角，好多人呀

",,687.0,1,69e86e9b000000001401b801,,6134d603000000000201a193,如果销售这款应该大卖,2026.04.22,河南,10.0,5.0,10,弱势|观众,弱势,观众,3,弱势,78
69e429b4000000001b00037a,"张杰演唱会机器人来参加半马了？？

",,2026.0,2,69e45692000000001401dc3f,69e42e39000000001401c803,6278f95b0000000021025d02,皮肤得充钱买[完啦R],2026.04.19,辽宁,10.0,,11,常态|观众,常态,观众,2,常态,78
69e6f2bc0000000023005345,"🍼机器人第一视角，好多人呀

",,687.0,1,69e7203b000000001401ac07,,5a8078714eacab0889b46b8a,好乖，这个可以买来玩嘛,2026.04.21,重庆,8.0,8.0,11,弱势|观众,弱势,观众,3,弱势,78
69e48d54000000002102e178,"😭亦庄机器人半马最感人一幕

",,1589.0,2,69e4bb05000000001401ac01,69e4a2e5000000001401b816,6306ccdf000000001200d78d,这玩意还真挺贵的,2026.04.19,北京,8.0,,8,弱势|保护者,弱势,保护者,2,弱势,78
69e47f8f000000001f007203,"2026年机器人马拉松状态，五年后再看🤣

",,5834.0,2,69e75ef00000000014018806,69e6eded000000001401b837,5b2f3082e8ac2b57fe1636cb,发一条多少钱？我也想赚,2026.04.21,江苏,6.0,,11,混合|观众,混合,观众,2,,78
69e481e8000000002003ad94,"

",,,2,69e6cea70000000014019817,69e6ce00000000001401d413,67911a63000000000d00bf5f,工作不就是为了钱,2026.04.21,重庆,5.0,,8,强势|服务者,强势,服务者,2,强势成功,78
69e6f2bc0000000023005345,"🍼机器人第一视角，好多人呀

",,687.0,2,69e76051000000001401e008,69e73b0c000000001401e020,56715abf9eb5787a05e9209a,定价别太高[偷笑R],2026.04.21,四川,3.0,,10,弱势|观众,弱势,观众,2,弱势,78
69e45dbe000000001f00434f,"机器人跑马拉松超越人类？

",4650.0,773.0,2,69e51017000000001401dc00,69e50619000000001401ac01,632ffeef000000002303ad44,最近缺钱，求带,2026.04.20,河南,3.0,,7,强势|观众,强势,观众,3,强势成功,78
69e6f2bc0000000023005345,"🍼机器人第一视角，好多人呀

",,687.0,2,69e726e4000000001401b830,69e7203b000000001401ac07,5bdc3b59eeab100001661828,昨天看到有人说3w一个,2026.04.21,广东,2.0,,11,弱势|观众,弱势,观众,3,弱势,78
69e48d54000000002102e178,"😭亦庄机器人半马最感人一幕

",,1589.0,2,69e4ea5e000000001401c021,69e4a2e5000000001401b816,6967cc2100000000370303a9,10万一台，顶一辆车[笑哭了R],2026.04.19,浙江,2.0,,16,弱势|保护者,弱势,保护者,3,弱势,78
69e45dbe000000001f00434f,"机器人跑马拉松超越人类？

",4650.0,773.0,2,69e5e995000000001401e821,69e5bb400000000014018810,5b71ce3af7e8b9681f71fd45,估计也就收到5毛[捂脸R],2026.04.20,广东,1.0,,13,强势|观众,强势,观众,2,强势成功,78
69e48341000000001a02d0c4,"机器人马拉松，我们看乐了，西方人看破防了🤣

",3931.0,1022.0,2,69e4ea70000000001401e02a,69e4a930000000001401a020,5e98f9bd0000000001001625,我也能用上，价格两万以内绝对买个,2026.04.19,福建,1.0,,16,强势|观众,强势,观众,6,强势成功,78
69e2583b00000000230211ea,"

",,2406.0,1,69eb7b7a000000002803ed0f,,630c29840000000012002750,好像钱撒了一地[哭惹R],2026.04.24,黑龙江,0.0,0.0,12,失败|抢救者,失败,抢救者,2,失败,78
69e2583b00000000230211ea,"

",,2406.0,1,69e7b911000000001401cc02,,5f5cc2e0000000000100bde8,20多个w就废了,2026.04.22,广东,0.0,0.0,8,失败|抢救者,失败,抢救者,2,失败,78
69e2583b00000000230211ea,"

",,2406.0,1,69e309e6000000001401cc1a,,643eb896000000002a00ae39,别笑，就这么个东西能养几十个年薪30+的,2026.04.18,上海,0.0,0.0,20,失败|抢救者,失败,抢救者,6,失败,78
69e2583b00000000230211ea,"

",,2406.0,1,69e2fe60000000001401a023,,60a9a6e9000000000100b931,10块一斤收,2026.04.18,广东,0.0,0.0,6,失败|抢救者,失败,抢救者,2,失败,78
69e2583b00000000230211ea,"

",,2406.0,1,69e2f5fb000000001401bc31,,5de42833000000000100a578,这个钱实在没地方花了 给我点行吗[偷笑R],2026.04.18,青海,0.0,0.0,21,失败|抢救者,失败,抢救者,3,失败,78
69e2583b00000000230211ea,"

",,2406.0,1,69e2f796000000001401cc0d,,5a7d4530e8ac2b6db552e495,就跑这几步好几万就没了？,2026.04.18,山东,0.0,0.0,12,失败|抢救者,失败,抢救者,2,失败,78
69da7e87000000001a03484e,"今晚的亦庄机器人马拉松测试

",,8169.0,1,69db36570000000035015218,,5655666bf53ee0407868121a,我现在是不是得开始攒钱了,2026.04.12,山东,0.0,0.0,12,强势|观众,强势,观众,3,强势成功,78
69da7e87000000001a03484e,"今晚的亦庄机器人马拉松测试

",,8169.0,1,69db049e0000000014008092,,68b642f40000000019011c1f,能24期么 我买一个替我天天开会上班去行不行,2026.04.12,山西,0.0,0.0,22,强势|观众,强势,观众,5,强势成功,78
69da7e87000000001a03484e,"今晚的亦庄机器人马拉松测试

",,8169.0,1,69dc56de000000003500afa6,,625faa2b000000001000cdf1,[doge] 这b玩意几十万 只能用两个多小时[doge],2026.04.13,辽宁,0.0,0.0,29,强势|观众,强势,观众,5,强势成功,78
69e42cc100000000220001ad,"机器人马拉松倒数第一名，萌翻了🤣🤣🤣

",,8501.0,1,69e514e9000000001401d80e,,5c57f5c00000000012026ee2,这个小可爱有什么功能啊，可以买一个当小孩吗,2026.04.20,河北,0.0,0.0,21,弱势|观众,弱势,观众,3,弱势,78
69e42cc100000000220001ad,"机器人马拉松倒数第一名，萌翻了🤣🤣🤣

",,8501.0,1,69e4ee1a000000001401a414,,5a37a4ce11be104a0c8475da,贵不贵，好想买一个,2026.04.19,北京,0.0,0.0,9,弱势|观众,弱势,观众,2,弱势,78
69e42cc100000000220001ad,"机器人马拉松倒数第一名，萌翻了🤣🤣🤣

",,8501.0,1,69e4ed3d000000001401cc0f,,5f8d11ad00000000010094aa,好可爱，不贵的话我要买一个,2026.04.19,辽宁,0.0,0.0,13,弱势|观众,弱势,观众,4,弱势,78
69e6f2bc0000000023005345,"🍼机器人第一视角，好多人呀

",,687.0,1,69e775e8000000001401982a,,5a75561511be1003b1fa1af3,喜欢，多少钱一个[偷笑R],2026.04.21,江苏,0.0,0.0,13,弱势|观众,弱势,观众,2,弱势,78
69e6f2bc0000000023005345,"🍼机器人第一视角，好多人呀

",,687.0,1,69e75bc5000000001401c833,,6071957f0000000001005cc6,太可爱了，你家这个我是真的想买[害羞R][害羞R]买回来当个玩具玩玩,2026.04.21,安徽,0.0,0.0,34,弱势|观众,弱势,观众,8,弱势,78
69e6f2bc0000000023005345,"🍼机器人第一视角，好多人呀

",,687.0,1,69e7595d000000001401a01f,,5b15583711be1076bd392015,告诉这个多少钱，看我能不能买得起,2026.04.21,广东,0.0,0.0,16,弱势|观众,弱势,观众,3,弱势,78
69e481e8000000002003ad94,"

",,,1,69e6feaa000000001401c00e,,61b8d9f9000000001000a040,这哥几个速度也太慢了，人家分分钟几百万。[偷笑R][偷笑R][偷笑R],2026.04.21,北京,0.0,0.0,35,强势|服务者,强势,服务者,7,强势成功,78
69e481e8000000002003ad94,"

",,,1,69e614130000000014019c0c,,5c223fde000000000701c67c,有钱没地方花的话把我的KPI还我,2026.04.20,福建,0.0,0.0,16,强势|服务者,强势,服务者,4,强势成功,78
69e48d54000000002102e178,"😭亦庄机器人半马最感人一幕

",,1589.0,2,69e4ae5b000000001401a829,69e4abf1000000001401c014,5eb2d84d0000000001006e7e,怎么感觉累了，马上就仰头叉腰了的感觉[笑哭R],2026.04.19,福建,184.0,,23,弱势|保护者,弱势,保护者,3,弱势,79
69e481e8000000002003ad94,"

",,,1,69e4a3610000000014018825,,562f66aee00dd863c733324a,他还假装往后撤两步，真的累了😮‍💨,2026.04.19,陕西,23.0,1.0,17,强势|服务者,强势,服务者,4,强势成功,79
69e481e8000000002003ad94,"

",,,1,69e49463000000001401d430,,6479408300000000100356bd,真像人，都累打晃晃了,2026.04.19,北京,18.0,3.0,10,强势|服务者,强势,服务者,3,强势成功,79
69e46730000000001d0199c8,"

",,761.0,1,69e4dd95000000001401a411,,593530cd5e87e76a924624ff,休息的这个好熟悉 [扶墙R],2026.04.19,浙江,18.0,2.0,14,强势|观众,强势,观众,2,强势成功,79
69e48d54000000002102e178,"😭亦庄机器人半马最感人一幕

",,1589.0,2,69e4b097000000001401d417,69e4afe3000000001401cc03,684a1935000000001d009219,你想啊，你好不容易做出来的东西趴窝了你是不是也会这样有点失落地抱着[偷笑R],2026.04.19,湖北,14.0,,38,弱势|保护者,弱势,保护者,6,弱势,79
69e4426b000000001d01c7ed,"一个大的一个小的一个废的

",,7334.0,2,69e46c34000000001401e830,69e46888000000001401d418,5de7bc7300000000010010b9,累瘫了，歇会[偷笑R],2026.04.19,山东,10.0,,11,混合|观众,混合,观众,2,,79
69e44171000000001a026b25,"机器人马拉松比赛摔倒丝滑起身帅炸了🔥🔥

",9971.0,613.0,1,69e45d57000000001401bc06,,67e90a5e000000000601365a,“累了...歇会” “算了，这么多人看着呢”,2026.04.19,四川,4.0,0.0,22,混合|观众,混合,观众,4,,79
69e481e8000000002003ad94,"

",,,1,69e496f5000000001401a404,,5fdbf52c0000000001009029,会说话，第一句应该是，真他妈累,2026.04.19,福建,2.0,1.0,15,强势|服务者,强势,服务者,3,强势成功,79
69e43b14000000001a02e095,"好萌的小黑仔跑马拉松

",,2760.0,1,69e47f84000000001401dc3f,,64f2b10400000000060335ba,累了，还休息一会儿。,2026.04.19,上海,2.0,0.0,10,弱势|服务者,弱势,服务者,2,弱势,79
69e43b14000000001a02e095,"好萌的小黑仔跑马拉松

",,2760.0,1,69e44ace000000001401b836,,62bd310e000000001902a335,是它不，最后太累，还是上车了,2026.04.19,北京,2.0,0.0,14,弱势|服务者,弱势,服务者,3,弱势,79
69e42cc100000000220001ad,"机器人马拉松倒数第一名，萌翻了🤣🤣🤣

",,8501.0,2,69e43c700000000014019804,69e43a590000000014019021,5b35cdb24eacab394a25c93f,哭着趴下去然后喊妈妈[笑哭R],2026.04.19,四川,2.0,,15,弱势|观众,弱势,观众,2,弱势,79
69e481e8000000002003ad94,"

",,,1,69e49b7b000000001401a41e,,5c7ce9110000000016007593,看得出来它挺累的，刚停下来的时候有点虚，站都站不稳,2026.04.19,广东,1.0,0.0,25,强势|服务者,强势,服务者,3,强势成功,79
69e481e8000000002003ad94,"

",,,1,69e49843000000001401bc08,,5b89376ba192d00001c3a84b,累的都站不住了 抓紧叫人帮忙,2026.04.19,天津,1.0,0.0,14,强势|服务者,强势,服务者,4,强势成功,79
69e481e8000000002003ad94,"

",,,1,69e61296000000001401882d,,66f768fd000000001d0315bd,这类的，站着都打晃了,2026.04.20,北京,1.0,0.0,10,强势|服务者,强势,服务者,2,强势成功,79
69e44171000000001a026b25,"机器人马拉松比赛摔倒丝滑起身帅炸了🔥🔥

",9971.0,613.0,1,69e48fde000000001401c827,,63a653f900000000260121ff,累了，躺下休息一会,2026.04.19,广东,1.0,0.0,9,混合|观众,混合,观众,2,,79
69e48d54000000002102e178,"😭亦庄机器人半马最感人一幕

",,1589.0,2,69e4b7ad000000001401c406,69e4abf1000000001401c014,56541687e4b1cf0361831c04,这一看就身体不好，是得搂着[捂脸R],2026.04.19,北京,1.0,,18,弱势|保护者,弱势,保护者,3,弱势,79
69e44171000000001a026b25,"机器人马拉松比赛摔倒丝滑起身帅炸了🔥🔥

",9971.0,613.0,2,69e6f6c1000000001401c011,69e44a1b0000000014019422,5dd27e520000000001008078,倒头就睡，睡眠质量真好,2026.04.21,广东,1.0,,11,混合|观众,混合,观众,4,,79
69e4426b000000001d01c7ed,"一个大的一个小的一个废的

",,7334.0,1,69e76a73000000001401b82d,,697b87aa0000000021025220,我靠累死我了！喘一口哈！！你们看热闹不嫌事儿大啊，别吵吵！我想静静地坐会儿。,2026.04.21,山东,0.0,0.0,38,混合|观众,混合,观众,8,,79
69e42cc100000000220001ad,"机器人马拉松倒数第一名，萌翻了🤣🤣🤣

",,8501.0,1,69e5e689000000001401c00f,,59f6fe3111be1007706fb944,这么可爱，累死他吗？,2026.04.20,山东,0.0,0.0,10,弱势|观众,弱势,观众,2,弱势,79
69e47f8f000000001f007203,"2026年机器人马拉松状态，五年后再看🤣

",,5834.0,1,69e95ad1000000001401b006,,69ce28960000000033027d54,不知疲惫？,2026.04.23,河南,0.0,0.0,5,混合|观众,混合,观众,2,,79
69e6f2bc0000000023005345,"🍼机器人第一视角，好多人呀

",,687.0,1,69e76ae5000000001401a405,,55fba68b5894465424aadd13,人总要休息一下，再一下[得意R],2026.04.21,湖北,0.0,0.0,16,弱势|观众,弱势,观众,5,弱势,79
69e481e8000000002003ad94,"

",,,1,69e49ca1000000001401e83f,,657ed685000000001902d229,站不稳，是不是累了,2026.04.19,广东,0.0,0.0,9,强势|服务者,强势,服务者,2,强势成功,79
69e481e8000000002003ad94,"

",,,1,69e49afc000000001401d831,,618cc96a00000000100049c1,瞧瞧都累的，站不稳了[暗中观察R][暗中观察R][暗中观察R],2026.04.19,浙江,0.0,0.0,31,强势|服务者,强势,服务者,2,强势成功,79
69e481e8000000002003ad94,"

",,,1,69e497b0000000001401d422,,664314a90000000003030429,累得脑袋瓜子发懵，一晃一晃地站不稳当，真把自己当人了。[大笑R][大笑R][赞R][赞R],2026.04.19,北京,0.0,0.0,45,强势|服务者,强势,服务者,7,强势成功,79
69e481e8000000002003ad94,"

",,,1,69e495ba0000000014018c23,,5b15409f4eacab6f206abb4a,停下那瞬间，我能感觉到，他是真累了,2026.04.19,浙江,0.0,0.0,17,强势|服务者,强势,服务者,4,强势成功,79
69e481e8000000002003ad94,"

",,,1,69e4956a000000001401d81e,,5b6fb47cf7e8b97d5ccec8f3,感觉他累蒙了，都站不住了哈哈哈哈,2026.04.19,北京,0.0,0.0,16,强势|服务者,强势,服务者,2,强势成功,79
69e481e8000000002003ad94,"

",,,1,69ec11ff0000000027017854,,5b597a8e11be1019b2d283cb,累的都站不稳[捂脸R]也不让休息一下,2026.04.25,福建,0.0,0.0,18,强势|服务者,强势,服务者,4,强势成功,79
69e481e8000000002003ad94,"

",,,1,69e6c437000000001401cc18,,5fc39c21000000000100578c,也是累的够呛，都站不稳了,2026.04.21,山东,0.0,0.0,12,强势|服务者,强势,服务者,2,强势成功,79
69e481e8000000002003ad94,"

",,,1,69e604b9000000001401d42c,,61446ca6000000000201f4c7,看上去很累的样子。,2026.04.20,山东,0.0,0.0,9,强势|服务者,强势,服务者,3,强势成功,79
69e481e8000000002003ad94,"

",,,1,69e5ee87000000001401a405,,64e20dd40000000001012ec2,[doge]看起来很忙,2026.04.20,广东,0.0,0.0,11,强势|服务者,强势,服务者,2,强势成功,79
69e4551e000000001f005895,"荣耀机器人赢麻了🤖我觉得它表情在嘲讽我

",,816.0,2,69e5bf38000000001401a426,69e5aeb9000000001401a81c,608657f6000000000101e68f,裁判跟工程师。,2026.04.20,湖南,37.0,,7,强势|被超越者,强势,被超越者,2,强势成功,80
69e6f2bc0000000023005345,"🍼机器人第一视角，好多人呀

",,687.0,2,69e74122000000001401901a,69e74097000000001401cc06,5a3b69814eacab6dcedbb1ba,[大笑R]小朋友没电的时候就是被工程师抱在怀里的,2026.04.21,广东,22.0,,24,弱势|观众,弱势,观众,4,弱势,80
69e44fbf000000001e00cc6a,"程序员：也没说搞科研还需要体力啊！

",136.0,12.0,1,69e4547b000000001401a807,,5f421eb000000000010015d4,全能工程师：熬最深的夜，顶着最高的脑门，跑得像风一样快,2026.04.19,重庆,17.0,0.0,27,强势|服务者,强势,服务者,6,强势成功,80
69e4426b000000001d01c7ed,"一个大的一个小的一个废的

",,7334.0,1,69e451020000000014019011,,644639dc0000000029010b87,地上坐着的，工程师就这么不管它了吗[笑哭R],2026.04.19,广东,14.0,0.0,22,混合|观众,混合,观众,3,,80
69e2583b00000000230211ea,"

",,2406.0,2,69e7b051000000001401bc15,69e7a7150000000014019809,61f873150000000010005dac,其实工程师应该会习惯这样的玩意,2026.04.22,上海,14.0,,15,失败|抢救者,失败,抢救者,5,失败,80
69e447d2000000001d01aa01,"当算法有了腿，程序员万万没想到……

",,2912.0,2,69e45fad000000001401d829,69e44a84000000001401b822,644bcf040000000012037a3b,改成技术跑了[偷笑R],2026.04.19,江苏,10.0,,11,强势|服务者,强势,服务者,2,强势成功,80
69e463df000000001b003017,"

",3270.0,219.0,2,69e5d86c000000001401cc1d,69e5c9910000000014019008,6385b8c9000000001f019ef0,工程师坐车车追[暗中观察R],2026.04.20,河北,8.0,,14,强势|服务者,强势,服务者,2,强势成功,80
69da7e87000000001a03484e,"今晚的亦庄机器人马拉松测试

",,8169.0,2,69dae717000000000103e44c,69dab64a0000000016015dcc,5b7f78f4432d8b000158e8d2,肥仔？那是工程师[石化R]你这属于是不认识刘国梁的那群老外,2026.04.12,北京,4.0,,29,强势|观众,强势,观众,7,强势成功,80
69e48d54000000002102e178,"😭亦庄机器人半马最感人一幕

",,1589.0,1,69e4a604000000001401c03e,,5b73d7e3a3af9a0001d43467,不管怎么样 都是我们工程师的孩子！[doge],2026.04.19,北京,3.0,0.0,23,弱势|保护者,弱势,保护者,4,弱势,80
69e481e8000000002003ad94,"

",,,1,69e49bf2000000001401c81c,,66b19130000000001d020a61,工程师还得跟着跑，不仅动脑，还得动体力。,2026.04.19,江苏,3.0,0.0,20,强势|服务者,强势,服务者,6,强势成功,80
69e481e8000000002003ad94,"

",,,1,69e496a1000000001401a405,,66ee27d9000000001d033ce0,一个爹跑，三个工程师跟着伺候[笑哭R],2026.04.19,辽宁,3.0,0.0,19,强势|服务者,强势,服务者,4,强势成功,80
69e47f8f000000001f007203,"2026年机器人马拉松状态，五年后再看🤣

",,5834.0,2,69e57f28000000001401d41a,69e51ef20000000014019c03,6593b83a000000002201080b,感觉都有点工程师的灵魂在身上[捂脸R],2026.04.20,山东,3.0,,19,混合|观众,混合,观众,3,,80
69e47f8f000000001f007203,"2026年机器人马拉松状态，五年后再看🤣

",,5834.0,1,69e5a9dc000000001401a41f,,5bfe0651804df80001aae369,每个后面跟一车紧张的技术员真的是戳中我的笑点,2026.04.20,山西,2.0,0.0,22,混合|观众,混合,观众,6,,80
69e481e8000000002003ad94,"

",,,1,69e707370000000014019811,,65f04a19000000000500f0cf,跟着跑的工程师很命苦了,2026.04.21,湖北,2.0,0.0,11,强势|服务者,强势,服务者,3,强势成功,80
69e48d54000000002102e178,"😭亦庄机器人半马最感人一幕

",,1589.0,2,69e5b07b000000001401e427,69e5a52f0000000014019413,64d608b8000000000100f794,我本意不是想要杠，因为这个行业也有很多女孩子可能因为不是直接做调试的工程师所以出镜很少，不知道的也少，很感谢你友好的回答,2026.04.20,北京,2.0,,60,弱势|保护者,弱势,保护者,13,弱势,80
69da7e87000000001a03484e,"今晚的亦庄机器人马拉松测试

",,8169.0,1,69db0f0500000000350133b4,,5bfe37312151f70001914363,去年还是工程师陪跑，今年他们都坐上车了[doge],2026.04.12,北京,1.0,0.0,25,强势|观众,强势,观众,4,强势成功,80
69e481e8000000002003ad94,"

",,,1,69e4a6ea000000001401ac19,,5d30583b000000001600199b,工程师也不少跑，力气活也不少干。为伺候这太奶得一群孙子候着[笑哭R][笑哭R][笑哭R][笑哭R],2026.04.19,天津,1.0,0.0,49,强势|服务者,强势,服务者,9,强势成功,80
69e481e8000000002003ad94,"

",,,1,69e4a1dc000000001401a400,,5757a826bd0da56af8ee9886,不是，工程师更累吧……[捂脸R]跟着跑啊，能不能坐车？,2026.04.19,北京,1.0,0.0,27,强势|服务者,强势,服务者,4,强势成功,80
69df625d0000000021005c63,"“扶我起来，我还能再跑10公里”

",,9992.0,1,69dfa8e700000000160166f9,,5d1cbf380000000016017be7,真怕把工程师踹掉[失望R],2026.04.15,江苏,1.0,0.0,13,失败|观众,失败,观众,2,失败,80
69e48d54000000002102e178,"😭亦庄机器人半马最感人一幕

",,1589.0,2,69e5aca50000000014019013,69e5a52f0000000014019413,55e119a4c2bdeb627e569eea,欢迎你努力记录和呈现女工程师的风采 我很乐于看到,2026.04.20,北京,1.0,,24,弱势|保护者,弱势,保护者,7,弱势,80
69e4426b000000001d01c7ed,"一个大的一个小的一个废的

",,7334.0,1,69e4642e000000001401c005,,67a5f926000000000d00b9a9,工程师待遇也是好起来了，还有车坐,2026.04.19,辽宁,0.0,0.0,16,混合|观众,混合,观众,3,,80
69e2583b00000000230211ea,"

",,2406.0,1,69e81240000000001401cc0c,,5dede5640000000001003596,研究出来的什么玩意，我是工程师我都找个地缝钻进去,2026.04.22,湖北,0.0,0.0,24,失败|抢救者,失败,抢救者,6,失败,80
69da7e87000000001a03484e,"今晚的亦庄机器人马拉松测试

",,8169.0,1,69db68d5000000000100545d,,6949eae70000000032018f4e,上一年路都走不稳还要工程师后面跟着，这会儿就在路上飞奔了[笑哭R],2026.04.12,上海,0.0,0.0,33,强势|观众,强势,观众,9,强势成功,80
69da7e87000000001a03484e,"今晚的亦庄机器人马拉松测试

",,8169.0,1,69db27cd0000000015005ee6,,6193abb00000000010007339,这次终于让工程师携带载具了？上次要陪跑……,2026.04.12,天津,0.0,0.0,21,强势|观众,强势,观众,6,强势成功,80
69da7e87000000001a03484e,"今晚的亦庄机器人马拉松测试

",,8169.0,1,69db1a0c00000000020284a9,,674a65cf000000001d02d93a,[偷笑R]工程师小哥终于不用更在后面一起跑了[偷笑R] 上一次感觉小哥们都快累死了[笑哭R],2026.04.12,山东,0.0,0.0,46,强势|观众,强势,观众,9,强势成功,80
69da7e87000000001a03484e,"今晚的亦庄机器人马拉松测试

",,8169.0,1,69db06240000000015007e8a,,67c7d271000000000e01d300,太好了，工程师终于不用陪跑20公里了,2026.04.12,湖南,0.0,0.0,18,强势|观众,强势,观众,6,强势成功,80
69e6f2bc0000000023005345,"🍼机器人第一视角，好多人呀

",,687.0,1,69e75ac1000000001401b829,,5d293f7a000000001003945e,是工程师根据他女儿的样子做的吗？[偷笑R],2026.04.21,山东,0.0,0.0,21,弱势|观众,弱势,观众,4,弱势,80
69e48d54000000002102e178,"😭亦庄机器人半马最感人一幕

",,1589.0,1,69e4bb3a0000000014019c12,,64d9adf50000000001007e53,工程师有自己的阿贝贝,2026.04.19,湖南,0.0,0.0,10,弱势|保护者,弱势,保护者,2,弱势,80
69e481e8000000002003ad94,"

",,,1,69e84744000000001401881a,,5ec0a4e500000000010009e8,太狼狈了工程师哈哈哈哈哈哈,2026.04.22,天津,0.0,0.0,13,强势|服务者,强势,服务者,2,强势成功,80
69e481e8000000002003ad94,"

",,,1,69e73243000000001401ac15,,58c8092182ec396fc332a77a,工程师也要跟着跑全程吗[哭惹R][哭惹R][哭惹R],2026.04.21,北京,0.0,0.0,26,强势|服务者,强势,服务者,3,强势成功,80
69e59e520000000022027a90,"花田里犯了错|机器人马拉松正赛搞笑赏析

",,2593.0,1,69e5f71c000000001401d427,,5f70aa05000000000101fe3b,问题是花田里那个大爷也是白白挨了它一脚[笑哭R],2026.04.20,河南,1058.0,24.0,24,弱势|观众,弱势,观众,5,弱势,81
69e59e520000000022027a90,"花田里犯了错|机器人马拉松正赛搞笑赏析

",,2593.0,2,69e60cbc0000000014013c01,69e5c6f0000000001401ac1e,678b0596000000000403ef4a,踹了保安大叔一脚的那个笑喷了🤣,2026.04.20,广东,65.0,,15,弱势|观众,弱势,观众,3,弱势,81
69e59e520000000022027a90,"花田里犯了错|机器人马拉松正赛搞笑赏析

",,2593.0,2,69e63137000000001401b83a,69e5f71c000000001401d427,5910c4075e87e76542c090a8,保安大爷保自己的安都有点儿吃力[暗中观察R],2026.04.20,陕西,63.0,,22,弱势|观众,弱势,观众,4,弱势,81
69e59e520000000022027a90,"花田里犯了错|机器人马拉松正赛搞笑赏析

",,2593.0,1,69e629e2000000001401901f,,65ab444e000000000e000220,它去花丛还踢了保安一jio,2026.04.20,广东,20.0,1.0,13,弱势|观众,弱势,观众,3,弱势,81
69e59e520000000022027a90,"花田里犯了错|机器人马拉松正赛搞笑赏析

",,2593.0,1,69e74518000000001401941d,,5a4e132e4eacab667bb64c0e,花田错那位还踹了保安大哥一jio[捂脸R][捂脸R],2026.04.21,天津,4.0,0.0,26,弱势|观众,弱势,观众,5,弱势,81
69e48341000000001a02d0c4,"机器人马拉松，我们看乐了，西方人看破防了🤣

",3931.0,1022.0,1,69e4c6210000000014019c00,,5fae703d0000000001008a63,警察叔叔也很樂[大笑R][大笑R][大笑R],2026.04.19,中国台湾,3.0,2.0,22,强势|观众,强势,观众,3,强势成功,81
69e59e520000000022027a90,"花田里犯了错|机器人马拉松正赛搞笑赏析

",,2593.0,1,69e7608e000000001401b01e,,5d8f7c96000000000100296b,保安大哥被踢了一脚[害羞R],2026.04.21,湖北,3.0,0.0,14,弱势|观众,弱势,观众,3,弱势,81
69e59e520000000022027a90,"花田里犯了错|机器人马拉松正赛搞笑赏析

",,2593.0,1,69e6178b000000001401a001,,5fcb1c7e000000000100ba8c,等会，这个，算不算袭警？[暗中观察R][暗中观察R],2026.04.20,湖北,3.0,0.0,26,弱势|观众,弱势,观众,2,弱势,81
69e59e520000000022027a90,"花田里犯了错|机器人马拉松正赛搞笑赏析

",,2593.0,2,69e6b182000000001401d40b,69e5c6f0000000001401ac1e,594b2da85e87e72e6a06d367,关键这个解说“大爷能在花田里犯什么错”[笑哭R],2026.04.21,山东,3.0,,24,弱势|观众,弱势,观众,4,弱势,81
69e59e520000000022027a90,"花田里犯了错|机器人马拉松正赛搞笑赏析

",,2593.0,2,69e647580000000014019007,69e5f71c000000001401d427,66d95643000000001b038f9c,大叔太惨了,2026.04.20,江苏,3.0,,5,弱势|观众,弱势,观众,2,弱势,81
69e59e520000000022027a90,"花田里犯了错|机器人马拉松正赛搞笑赏析

",,2593.0,2,69e667b90000000014018805,69e5f71c000000001401d427,5c21cf290000000005008458,对，他还踹人保安一jio,2026.04.21,湖北,3.0,,12,弱势|观众,弱势,观众,3,弱势,81
69e59e520000000022027a90,"花田里犯了错|机器人马拉松正赛搞笑赏析

",,2593.0,1,69e9d275000000001401cc27,,666fc8dd0000000003032c00,踢保安那一下真崩不住了哈哈哈哈哈哈哈哈,2026.04.23,江苏,2.0,0.0,19,弱势|观众,弱势,观众,4,弱势,81
69e59e520000000022027a90,"花田里犯了错|机器人马拉松正赛搞笑赏析

",,2593.0,1,69e601650000000014019010,,53e8862cb4c4d61b3cfd13e5,大爷是会reaction的[暗中观察R],2026.04.20,上海,2.0,0.0,20,弱势|观众,弱势,观众,2,弱势,81
69e59e520000000022027a90,"花田里犯了错|机器人马拉松正赛搞笑赏析

",,2593.0,1,69e5f240000000001401a800,,5b50ada1e8ac2b47ea37fef0,给保安一脚，真是笑死,2026.04.20,陕西,2.0,0.0,10,弱势|观众,弱势,观众,3,弱势,81
69e59e520000000022027a90,"花田里犯了错|机器人马拉松正赛搞笑赏析

",,2593.0,1,69e5e91a000000001401881d,,5bb1ddf8b71c980001e247a4,踢保安的那个太好笑了！,2026.04.20,山东,2.0,0.0,11,弱势|观众,弱势,观众,2,弱势,81
69e5a09a000000002103ba03,"半马途中机器人即兴表演，越夸越上头

",711.0,83.0,1,69e6b2360000000014018c02,,5642e838a40e180ba8fe9f7a,后面保安笑而不语,2026.04.21,北京,1.0,0.0,8,常态|观众,常态,观众,3,常态,81
69e59e520000000022027a90,"花田里犯了错|机器人马拉松正赛搞笑赏析

",,2593.0,1,69e732340000000014018c1c,,5f9bc953000000000100395b,执勤警察被T了一脚，好好笑[捂脸R][捂脸R][捂脸R],2026.04.21,浙江,1.0,0.0,28,弱势|观众,弱势,观众,4,弱势,81
69e59e520000000022027a90,"花田里犯了错|机器人马拉松正赛搞笑赏析

",,2593.0,1,69f001f0000000002b00017c,,5be42192745e08000150c0f5,那个安保被机器人踢了一脚，会不会淤青了,2026.04.28,黑龙江,1.0,0.0,19,弱势|观众,弱势,观众,4,弱势,81
69e59e520000000022027a90,"花田里犯了错|机器人马拉松正赛搞笑赏析

",,2593.0,1,69eabad9000000001401c406,,5fdf6fcc000000000100bc0c,踹保安的那个也太搞笑了🤭,2026.04.24,日本,1.0,0.0,12,弱势|观众,弱势,观众,2,弱势,81
69e59e520000000022027a90,"花田里犯了错|机器人马拉松正赛搞笑赏析

",,2593.0,1,69e8b161000000001401dc34,,610c80cd000000000100990e,花田錯那位我看過另外一個視角 哈哈哈哈,2026.04.22,浙江,1.0,0.0,19,弱势|观众,弱势,观众,6,弱势,81
69e59e520000000022027a90,"花田里犯了错|机器人马拉松正赛搞笑赏析

",,2593.0,1,69e8700f000000001401e423,,59e0944b20e88f45556418db,笑死了，把保安一脚踢旁边去了,2026.04.22,甘肃,1.0,0.0,14,弱势|观众,弱势,观众,3,弱势,81
69e59e520000000022027a90,"花田里犯了错|机器人马拉松正赛搞笑赏析

",,2593.0,1,69e6bfc60000000014019c03,,5cbd93060000000012014d5c,保安被踹了一脚可以报警吗？[偷笑R],2026.04.21,北京,1.0,0.0,18,弱势|观众,弱势,观众,3,弱势,81
69e59e520000000022027a90,"花田里犯了错|机器人马拉松正赛搞笑赏析

",,2593.0,1,69e64064000000001401a030,,56588ffc50c4b435c6ee8d19,跳进草丛之前还踢了执勤员一脚[捂脸R],2026.04.20,广东,1.0,0.0,19,弱势|观众,弱势,观众,5,弱势,81
69e59e520000000022027a90,"花田里犯了错|机器人马拉松正赛搞笑赏析

",,2593.0,1,69e60b69000000001401c02f,,60948b390000000001001199,还踢了警察叔叔一脚,2026.04.20,辽宁,1.0,0.0,9,弱势|观众,弱势,观众,3,弱势,81
69e59e520000000022027a90,"花田里犯了错|机器人马拉松正赛搞笑赏析

",,2593.0,1,69e5fc5d000000001401e41c,,6622746c000000000700420b,被踢一脚的保安大哥还好吗[捂脸R][捂脸R],2026.04.20,北京,1.0,0.0,22,弱势|观众,弱势,观众,4,弱势,81
69e59e520000000022027a90,"花田里犯了错|机器人马拉松正赛搞笑赏析

",,2593.0,1,69e5fc0d000000001401d80d,,603248c50000000001001741,想看采访被踢了的保安大叔,2026.04.20,北京,1.0,0.0,12,弱势|观众,弱势,观众,3,弱势,81
69e59e520000000022027a90,"花田里犯了错|机器人马拉松正赛搞笑赏析

",,2593.0,1,69f19815000000002803e8f7,,5d2dbd4b0000000012013b7f,你大爷能在花田犯什么错[笑哭R],2026.04.29,四川,1.0,0.0,16,弱势|观众,弱势,观众,2,弱势,81
69da7e87000000001a03484e,"今晚的亦庄机器人马拉松测试

",,8169.0,1,69db2e47000000003502a1a4,,5d05078e000000001602b159,迎面跑来的选手叫樱木花道,2026.04.12,浙江,0.0,0.0,12,强势|观众,强势,观众,3,强势成功,81
69da7e87000000001a03484e,"今晚的亦庄机器人马拉松测试

",,8169.0,1,69db167100000000350244f6,,5e316f470000000001000eb8,胖子警官们，注意咯[笑哭R],2026.04.12,重庆,0.0,0.0,14,强势|观众,强势,观众,3,强势成功,81
69da7e87000000001a03484e,"今晚的亦庄机器人马拉松测试

",,8169.0,1,69daf234000000000c033987,,5872345ba9b2ed17c6eddf19,前几个是小偷，最后一个是保安(目测60+)[笑哭R][笑哭R],2026.04.12,陕西,0.0,0.0,31,强势|观众,强势,观众,6,强势成功,81
69e44171000000001a026b25,"机器人马拉松比赛摔倒丝滑起身帅炸了🔥🔥

",9971.0,613.0,2,69e4a486000000001401e400,69e44a1b0000000014019422,5e5151e700000000010003fc,之前还给观众跳街舞，别的机器人摔了还在旁边鼓掌[doge],2026.04.19,陕西,826.0,,29,混合|观众,混合,观众,8,,82
69e2583b00000000230211ea,"

",,2406.0,2,69e2f5010000000014019417,69e2f480000000001401a819,67691cf70000000018014195,这个我觉得是真实视频，因为看见过其他视角的。这跟机器人材质和重量有关吧，我觉得这个程度摔一下还是可能会碎的,2026.04.18,河北,558.0,,53,失败|抢救者,失败,抢救者,12,失败,82
69e6f2bc0000000023005345,"🍼机器人第一视角，好多人呀

",,687.0,1,69e79d67000000001401d426,,5fb5195900000000010023b5,我刚才刷到它摔了，被别的机器人看热闹还鼓掌的营销号[捂脸R],2026.04.21,广东,351.0,13.0,30,弱势|观众,弱势,观众,6,弱势,82
69e2583b00000000230211ea,"

",,2406.0,2,69e2f6cf0000000014018c16,69e2f480000000001401a819,6229c0ef000000001000787a,机器人就是很脆弱的，之前就是有一个科技馆有悬浮机器人表演，结果机器出故障了机器人直接摔成渣了,2026.04.18,江苏,67.0,,46,失败|抢救者,失败,抢救者,12,失败,82
69e447d2000000001d01aa01,"当算法有了腿，程序员万万没想到……

",,2912.0,2,69e47d71000000001401dc07,69e46f4d0000000014018827,60c13fed00000000010057cd,别说摔了，但凡程序员跑慢点机器人会不会直接跑了,2026.04.19,四川,32.0,,23,强势|服务者,强势,服务者,5,强势成功,82
69e59e520000000022027a90,"花田里犯了错|机器人马拉松正赛搞笑赏析

",,2593.0,1,69e5dc61000000001401bc15,,5c01ca2000000000080185b7,机器人看热闹这一段，特别像以前玩《模拟人生》，看见别人溺水了，还在旁边鼓掌👏这是什么设定啊[笑哭R],2026.04.20,北京,14.0,2.0,50,弱势|观众,弱势,观众,13,弱势,82
69e634590000000022003bb5,"每个马拉松机器人，都有自己的热血故事。

",,824.0,1,69e82bad0000000014018818,,5f2e70100000000001007596,感觉都最后机器人都跑瘸了[笑哭R]好担心会摔倒,2026.04.22,河北,6.0,0.0,23,常态|观众,常态,观众,4,常态,82
69e47f8f000000001f007203,"2026年机器人马拉松状态，五年后再看🤣

",,5834.0,1,69e5f536000000001401cc02,,6130e1c10000000002021110,我的天哪真的不敢想象以后我的小机器人突然倒在地上但是没人愿意扶[哭惹R]如果我的小机器人半路上没电了被人捡走怎么办[哭惹R]我还联系不上他[哭惹R]想想就好心碎呀[哭惹R],2026.04.20,浙江,5.0,1.0,86,混合|观众,混合,观众,17,,82
69e4426b000000001d01c7ed,"一个大的一个小的一个废的

",,7334.0,1,69e4795c000000001401a006,,5e2843550000000001003763,机器人倒在地上：俺不中了,2026.04.19,湖南,2.0,1.0,12,混合|观众,混合,观众,3,,82
69e4426b000000001d01c7ed,"一个大的一个小的一个废的

",,7334.0,1,69e47690000000001401c411,,6864ffc1000000001e004f82,小孩机器人最后还是摔了,2026.04.19,天津,1.0,0.0,11,混合|观众,混合,观众,3,,82
69e2583b00000000230211ea,"

",,2406.0,1,69e81e2a000000001401b831,,61a61a21000000001000f6a3,先不说机器人程序怎么样，你看看这质量，就这么摔一下，粉碎性骨折，中国的产品啊……你品吧,2026.04.22,北京,1.0,0.0,43,失败|抢救者,失败,抢救者,12,失败,82
69e2583b00000000230211ea,"

",,2406.0,1,69e7ffa5000000001401c00a,,5c5ea42b000000001b037dae,机器人摔了我没笑，工作人员拿来单架是真的蚌埠住了[笑哭R][笑哭R][笑哭R][笑哭R][笑哭R][笑哭R][笑哭R][笑哭R][笑哭R][笑哭R][笑哭R],2026.04.22,美国,1.0,0.0,79,失败|抢救者,失败,抢救者,7,失败,82
69e2583b00000000230211ea,"

",,2406.0,1,69e31ab1000000001401e814,,62447bea00000000210262aa,机器人“谁说我不会受伤的，我直接摔死了好吧”[doge],2026.04.18,广东,1.0,0.0,28,失败|抢救者,失败,抢救者,3,失败,82
69df625d0000000021005c63,"“扶我起来，我还能再跑10公里”

",,9992.0,1,69dfa8c0000000003502f971,,62f270a2000000001f017cf4,看见机器人倒地了千万别扶，扶就说不清了，直接讹你五万,2026.04.15,北京,1.0,0.0,26,失败|观众,失败,观众,6,失败,82
69e44171000000001a026b25,"机器人马拉松比赛摔倒丝滑起身帅炸了🔥🔥

",9971.0,613.0,1,69e5750f000000001401880b,,5f1cf7590000000001008108,为啥会摔倒？？？机器人会跑太累迷糊了晕血了吗,2026.04.20,浙江,1.0,0.0,22,混合|观众,混合,观众,4,,82
69e44278000000001a0217bb,"机器人超过我的瞬间

",6019.0,372.0,1,69e49d16000000001401d438,,593acec950c4b47077c3866f,机器人摔倒需要一堆工作人员扶着才能起来 还需要有个拿遥控的,2026.04.19,河北,0.0,0.0,29,强势|被超越者,强势,被超越者,10,强势成功,82
69e2583b00000000230211ea,"

",,2406.0,1,69eb2f440000000014018c09,,5ec4cdde00000000010012ed,这么脆吗，我看有的机器人倒地上了扶起来还能跑,2026.04.24,浙江,0.0,0.0,22,失败|抢救者,失败,抢救者,3,失败,82
69e2583b00000000230211ea,"

",,2406.0,1,69e7c85f0000000014019804,,670bcf28000000001d032e55,老年机器人吗，摔一跤就不行了[笑哭R],2026.04.22,内蒙古,0.0,0.0,19,失败|抢救者,失败,抢救者,4,失败,82
69e2583b00000000230211ea,"

",,2406.0,1,69e453d7000000001401c426,,60057e430000000001008edf,机器人不精摔，一摔就死[大笑R],2026.04.19,江西,0.0,0.0,16,失败|抢救者,失败,抢救者,2,失败,82
69e2583b00000000230211ea,"

",,2406.0,1,69e33c45000000001401e840,,5c0a6d91f7e8b94bc2f9007c,这个机器人怎么这么脆，就普通塑料也不至于摔一下就摔成渣了呀,2026.04.18,安徽,0.0,0.0,29,失败|抢救者,失败,抢救者,6,失败,82
69e2583b00000000230211ea,"

",,2406.0,1,69e331f6000000001401e016,,5f0041ff00000000010061e8,这机器人严重缺钙啊？摔了个粉身碎骨[捂脸R],2026.04.18,广东,0.0,0.0,22,失败|抢救者,失败,抢救者,4,失败,82
69e2583b00000000230211ea,"

",,2406.0,1,69e304aa000000001401a82a,,5e57cfc40000000001009f78,摔的够狠，把机器人疼得剧烈抽搐呀。。。,2026.04.18,天津,0.0,0.0,19,失败|抢救者,失败,抢救者,4,失败,82
69e2583b00000000230211ea,"

",,2406.0,1,69e2f2fd0000000014018c27,,60e7156c0000000001005097,机器人倒了我没笑，直到我看到担架[笑哭R],2026.04.18,北京,0.0,0.0,21,失败|抢救者,失败,抢救者,4,失败,82
69e2583b00000000230211ea,"

",,2406.0,1,69e2f223000000001401c806,,66c71005000000001d021876,太恐怖了，大家没发现机械人摔在地上，把地面都砸坏了，一堆铁有几百斤吧，如果机械人一手臂挥舞碰到人身上，还不把人砸骨折了。,2026.04.18,上海,0.0,0.0,60,失败|抢救者,失败,抢救者,20,失败,82
69e2583b00000000230211ea,"

",,2406.0,1,69e2ef41000000001401b006,,5df42fd90000000001004d74,扶机器人会不会被起诉[吃瓜R],2026.04.18,辽宁,0.0,0.0,15,失败|抢救者,失败,抢救者,2,失败,82
69e2583b00000000230211ea,"

",,2406.0,1,69e2e86b000000001401e038,,694be0b200000000370012d6,人，快来抢救一下，有机器人选手摔解体了,2026.04.18,河北,0.0,0.0,19,失败|抢救者,失败,抢救者,7,失败,82
69da7e87000000001a03484e,"今晚的亦庄机器人马拉松测试

",,8169.0,1,69db9565000000001400878a,,6834662a000000001b01886f,现在机器人不过摔倒了？,2026.04.12,浙江,0.0,0.0,11,强势|观众,强势,观众,3,强势成功,82
69da7e87000000001a03484e,"今晚的亦庄机器人马拉松测试

",,8169.0,1,69db41ab0000000001006680,,69147c59000000003201bbca,机器人在路上倒了怕引发交通事故啊[捂脸R]，人都没他们那么容易倒,2026.04.12,上海,0.0,0.0,32,强势|观众,强势,观众,6,强势成功,82
69da7e87000000001a03484e,"今晚的亦庄机器人马拉松测试

",,8169.0,1,69db0d79000000001500888d,,5a06afb94eacab71baba1c10,现在机器人向后退的话还会摔倒吗,2026.04.12,安徽,0.0,0.0,15,强势|观众,强势,观众,5,强势成功,82
69da7e87000000001a03484e,"今晚的亦庄机器人马拉松测试

",,8169.0,1,69db093800000000160147d5,,65475327000000003003344b,另外一贴看到有一个自己跑摔倒，摔断脚的机器人,2026.04.12,上海,0.0,0.0,22,强势|观众,强势,观众,5,强势成功,82
69e481e8000000002003ad94,"

",,,2,69e7882c0000000014019819,69e653eb0000000014018807,603e44bd0000000001004cd9,往后倒那两步 是不是因为喘的啊 ？,2026.04.21,江苏,10.0,,17,强势|服务者,强势,服务者,3,强势成功,83
69e481e8000000002003ad94,"

",,,2,69e6457d0000000014019c1b,69e644ed000000001401a009,63614139000000001e00d892,爱因斯坦婴儿时，站都站不稳，谁能知道他以后会成为一名物理学家呢,2026.04.20,河南,10.0,,31,强势|服务者,强势,服务者,7,强势成功,83
69e481e8000000002003ad94,"

",,,2,69e48adf000000001401b019,69e487f9000000001401e425,6698ef58000000000f03450e,重心不太对了[笑哭R],2026.04.19,江苏,5.0,,11,强势|服务者,强势,服务者,3,强势成功,83
69e2583b00000000230211ea,"

",,2406.0,1,69e7779d000000001401e005,,68c421fd0000000019023a57,躺在地下还不不忘记腿要跑,2026.04.21,安徽,1.0,0.0,12,失败|抢救者,失败,抢救者,2,失败,83
69e481e8000000002003ad94,"

",,,1,69e49af90000000014018817,,558f9c955894465c8ee3f0ce,刚停下要倒不倒的样子，是为了拟人化吗[笑哭R],2026.04.19,重庆,1.0,0.0,23,强势|服务者,强势,服务者,4,强势成功,83
69e481e8000000002003ad94,"

",,,1,69e5d95f000000001401c811,,61514ad3000000000201a092,就说，人有那么一双脚能站的稳么[黑薯问号R],2026.04.20,北京,1.0,0.0,22,强势|服务者,强势,服务者,2,强势成功,83
69e43b14000000001a02e095,"好萌的小黑仔跑马拉松

",,2760.0,1,69e46123000000001401980c,,5e00d5aa00000000010068a6,有点像老郭说的谦哥他爸爸，走着走着突然停下了，打个激灵再走[捂脸R],2026.04.19,山东,1.0,0.0,34,弱势|服务者,弱势,服务者,8,弱势,83
69e429b4000000001b00037a,"张杰演唱会机器人来参加半马了？？

",,2026.0,1,69e455bc000000001401981f,,61df72a0000000001000dfcf,走路都不稳 还跳舞[doge],2026.04.19,北京,1.0,0.0,15,常态|观众,常态,观众,3,常态,83
69da7e87000000001a03484e,"今晚的亦庄机器人马拉松测试

",,8169.0,2,69db6e56000000000103c603,69daef220000000035024590,5eee0b7a0000000001002467,而且上半身不动，一点也不颠[偷笑R],2026.04.12,北京,1.0,,18,强势|观众,强势,观众,3,强势成功,83
69e41e24000000001a025f1a,"人形机器人半马摔倒瞬间🔥🔥

",1155.0,129.0,1,69e486cf000000001401e41c,,5573f5f3e4b1cf6ac736d2c2,同伴一过来感觉就站稳了[暗中观察R],2026.04.19,浙江,0.0,0.0,18,失败|观众,失败,观众,3,失败,83
69da7e87000000001a03484e,"今晚的亦庄机器人马拉松测试

",,8169.0,1,69db7a0d0000000015008cfa,,5bd5c025e04291000136c690,不懂就问：上半身不起伏了是不是做功就小？,2026.04.12,湖南,0.0,0.0,20,强势|观众,强势,观众,4,强势成功,83
69da7e87000000001a03484e,"今晚的亦庄机器人马拉松测试

",,8169.0,1,69db4d940000000035026598,,60796006000000000101c114,停下来会不会倒地？需不需要人辅助才能停下来？[笑哭R],2026.04.12,福建,0.0,0.0,27,强势|观众,强势,观众,7,强势成功,83
69da7e87000000001a03484e,"今晚的亦庄机器人马拉松测试

",,8169.0,1,69db17060000000035009677,,670321b0000000001d0234f0,上身基本不动[doge],2026.04.12,浙江,0.0,0.0,12,强势|观众,强势,观众,3,强势成功,83
69da7e87000000001a03484e,"今晚的亦庄机器人马拉松测试

",,8169.0,1,69db0b5e000000003502a82c,,5b0d1c994eacab302308ccbc,所以你看，想启动，必须要降低重心,2026.04.12,广东,0.0,0.0,16,强势|观众,强势,观众,4,强势成功,83
69e481e8000000002003ad94,"

",,,1,69e49e06000000001401c825,,600af5f9000000000101c32d,差点没站住[失望R][失望R][失望R][失望R],2026.04.19,河北,0.0,0.0,25,强势|服务者,强势,服务者,2,强势成功,83
69e481e8000000002003ad94,"

",,,1,69e499ca000000001401dc1c,,5f1041ea000000000101fec7,果然能量不足时会站不稳,2026.04.19,广东,0.0,0.0,11,强势|服务者,强势,服务者,5,强势成功,83
69e481e8000000002003ad94,"

",,,1,69e4968f000000001401dc12,,5db41f3c00000000010054c7,停下来为啥站不稳？,2026.04.19,浙江,0.0,2.0,9,强势|服务者,强势,服务者,2,强势成功,83
69e481e8000000002003ad94,"

",,,1,69e8281b000000001401e812,,5f07f4690000000001001e61,这玩意都站不稳[偷笑R],2026.04.22,广东,0.0,0.0,12,强势|服务者,强势,服务者,2,强势成功,83
69e481e8000000002003ad94,"

",,,1,69e708d4000000001401d81b,,64c619cc000000000e026744,为什么感觉重心设计的时候就不稳呢？还是专门设计成运动稳定，静止不稳定来提速？,2026.04.21,四川,0.0,0.0,38,强势|服务者,强势,服务者,11,强势成功,83
69e481e8000000002003ad94,"

",,,1,69e6d093000000001401c835,,586753c150c4b4629258f0f9,为啥他一开始停下的时候站不稳,2026.04.21,广东,0.0,0.0,14,强势|服务者,强势,服务者,3,强势成功,83
69e481e8000000002003ad94,"

",,,1,69e6c0ef0000000014018c01,,64bd08b5000000001403ef00,他居然也腿软,2026.04.21,四川,0.0,0.0,6,强势|服务者,强势,服务者,2,强势成功,83
69e481e8000000002003ad94,"

",,,1,69e6a4940000000014018800,,6330d725000000002303cb2e,好像我公公，站不稳[偷笑R],2026.04.21,陕西,0.0,0.0,14,强势|服务者,强势,服务者,3,强势成功,83
69e481e8000000002003ad94,"

",,,1,69e63cad000000001401c41d,,59bbfa2482ec396f7f0d2a00,为什么站还站不住了,2026.04.20,北京,0.0,0.0,9,强势|服务者,强势,服务者,2,强势成功,83
69e481e8000000002003ad94,"

",,,1,69e60124000000001401c02c,,62330903000000001000d84d,为什么老是往后倒,2026.04.20,江苏,0.0,0.0,8,强势|服务者,强势,服务者,3,强势成功,83
69e481e8000000002003ad94,"

",,,1,69e5f8b2000000001401c01a,,62720c1b000000002102432b,跑的挺稳的，停下来那一刻，和人一样，也会出现站不稳。,2026.04.20,重庆,0.0,0.0,26,强势|服务者,强势,服务者,6,强势成功,83
69e481e8000000002003ad94,"

",,,1,69e5eac30000000014019c0f,,62230d6e000000001000bab1,剧烈运动突然停止当然站不稳  很形象[偷笑R],2026.04.20,浙江,0.0,0.0,23,强势|服务者,强势,服务者,6,强势成功,83
69e481e8000000002003ad94,"

",,,1,69e5ccfc000000001401dc1d,,601eb448000000000100ae92,为什么站不稳啊,2026.04.20,广西,0.0,0.0,7,强势|服务者,强势,服务者,2,强势成功,83
69e481e8000000002003ad94,"

",,,1,69e5cae6000000001401e003,,5af6c6dd4eacab77aea21bc0,下盘不稳，重力都在上面，稍一磕碜？,2026.04.20,上海,0.0,0.0,17,强势|服务者,强势,服务者,5,强势成功,83
69e481e8000000002003ad94,"

",,,1,69e5c622000000001401d827,,67b87009000000000d00b44c,都差点后仰了[弱R],2026.04.20,福建,0.0,0.0,10,强势|服务者,强势,服务者,2,强势成功,83
69e481e8000000002003ad94,"

",,,1,69e5a7f40000000014019005,,5568ba28e4b1cf6d900838a3,有点像兔子运动完站不稳直接倒下的感觉[笑哭R],2026.04.20,广东,0.0,0.0,23,强势|服务者,强势,服务者,5,强势成功,83
69e4551e000000001f005895,"荣耀机器人赢麻了🤖我觉得它表情在嘲讽我

",,816.0,2,69e48a13000000001401940a,69e47f9e0000000014018803,5bfff069000000000701b757,它真的超级快[捂脸R]快到有点反应不过来,2026.04.19,北京,51.0,,20,强势|被超越者,强势,被超越者,5,强势成功,84
69e45dbe000000001f00434f,"机器人跑马拉松超越人类？

",4650.0,773.0,1,69e719b70000000014019429,,57b11d0aa9b2ed1ab459f532,第一个感觉好快,2026.04.21,江苏,11.0,2.0,7,强势|观众,强势,观众,2,强势成功,84
69da7e87000000001a03484e,"今晚的亦庄机器人马拉松测试

",,8169.0,1,69dade1b000000000d03f669,,5fd0db310000000001006ce5,速度都起来了,2026.04.12,北京,5.0,1.0,6,强势|观众,强势,观众,2,强势成功,84
69e46730000000001d0199c8,"

",,761.0,1,69e495b60000000014018c00,,63cfd7090000000026010deb,第一个太快了,2026.04.19,新疆,2.0,0.0,6,强势|观众,强势,观众,2,强势成功,84
69e463df000000001b003017,"

",3270.0,219.0,1,69e858e7000000001401b009,,5d0c4e8a0000000010002c77,终于看清楚这货了，跑的这个飞快啊,2026.04.22,辽宁,2.0,0.0,16,强势|服务者,强势,服务者,4,强势成功,84
69da7e87000000001a03484e,"今晚的亦庄机器人马拉松测试

",,8169.0,1,69dc32f6000000003500f3d5,,68e3d68c000000003703377a,我不但快，我还不带喘气的[失望R],2026.04.13,广东,1.0,0.0,17,强势|观众,强势,观众,3,强势成功,84
69da7e87000000001a03484e,"今晚的亦庄机器人马拉松测试

",,8169.0,1,69db5609000000003502d3b4,,68a2fb23000000001a00bba2,一阵风吹过，速度飞快,2026.04.12,浙江,1.0,0.0,10,强势|观众,强势,观众,4,强势成功,84
69e481e8000000002003ad94,"

",,,1,69e4a484000000001401940f,,6527ecb7000000002b002d58,你别说，跑的还真挺快[偷笑R],2026.04.19,上海,1.0,0.0,15,强势|服务者,强势,服务者,2,强势成功,84
69e46730000000001d0199c8,"

",,761.0,1,69e4fb80000000001401e81b,,5d5bc705000000000100880c,第一个飞一样,2026.04.19,广东,1.0,0.0,6,强势|观众,强势,观众,2,强势成功,84
69e4412a000000002103883f,"荣耀闪电队-齐天大圣夺冠！

",3517.0,445.0,1,69e478f0000000001401b818,,65716638000000001902f06b,速度真快啊,2026.04.19,美国,1.0,0.0,5,强势|观众,强势,观众,2,强势成功,84
69e4551e000000001f005895,"荣耀机器人赢麻了🤖我觉得它表情在嘲讽我

",,816.0,2,69e568f8000000001401d410,69e47f9e0000000014018803,62c6d9dc0000000002001cce,关键他一直都是这个速度[笑哭R],2026.04.20,湖北,1.0,,16,强势|被超越者,强势,被超越者,3,强势成功,84
69e47f8f000000001f007203,"2026年机器人马拉松状态，五年后再看🤣

",,5834.0,2,69e61b3d000000001401bc35,69e57b0f000000001401e008,64b7d0fd000000001403ead2,第一个真挺快的,2026.04.20,北京,1.0,,7,混合|观众,混合,观众,2,,84
69df625d0000000021005c63,"“扶我起来，我还能再跑10公里”

",,9992.0,2,69e0d3060000000014018824,69dfb3290000000002035b6b,69945993000000001903157a,猛是真猛，猛起来汽车它都敢创[笑哭R],2026.04.16,广东,1.0,,19,失败|观众,失败,观众,4,失败,84
69e44278000000001a0217bb,"机器人超过我的瞬间

",6019.0,372.0,1,69e47627000000001401d819,,63f87b01000000001801bf8e,好直观的速度差距[笑哭R][笑哭R],2026.04.19,广东,0.0,0.0,18,强势|被超越者,强势,被超越者,3,强势成功,84
69e2583b00000000230211ea,"

",,2406.0,1,69eb480b000000002a006912,,5c604c62000000001a003286,跑的真快，几秒钟就到了终点,2026.04.24,广东,0.0,0.0,13,失败|抢救者,失败,抢救者,3,失败,84
69e2583b00000000230211ea,"

",,2406.0,1,69e35268000000001401c43d,,5d331c76000000001001ed8a,我以为要提速了[笑哭R]结果[笑哭R][笑哭R][笑哭R][笑哭R][笑哭R][笑哭R][笑哭R],2026.04.18,北京,0.0,0.0,49,失败|抢救者,失败,抢救者,3,失败,84
69da7e87000000001a03484e,"今晚的亦庄机器人马拉松测试

",,8169.0,1,69db98ee0000000015007f76,,689dadae0000000019019f9b,再快也是86[偷笑R],2026.04.12,安徽,0.0,0.0,11,强势|观众,强势,观众,2,强势成功,84
69da7e87000000001a03484e,"今晚的亦庄机器人马拉松测试

",,8169.0,1,69db6c6b0000000001006b2c,,689162ae00000000280370a8,很快，但是怎么看着有点搞笑[捂脸R],2026.04.12,山东,0.0,0.0,18,强势|观众,强势,观众,3,强势成功,84
69da7e87000000001a03484e,"今晚的亦庄机器人马拉松测试

",,8169.0,1,69db2bda000000003500f527,,62de03eb000000001e01f5d3,弯道快 才是真的快[doge],2026.04.12,天津,0.0,0.0,15,强势|观众,强势,观众,2,强势成功,84
69da7e87000000001a03484e,"今晚的亦庄机器人马拉松测试

",,8169.0,1,69db2b4a0000000035010ff2,,6204949400000000100095d6,速度上去了，姿势怪怪的,2026.04.12,上海,0.0,0.0,11,强势|观众,强势,观众,4,强势成功,84
69da7e87000000001a03484e,"今晚的亦庄机器人马拉松测试

",,8169.0,1,69db28690000000035011554,,59ffd5b0e8ac2b61c5e7b863,一阵劲爆的快板,2026.04.12,北京,0.0,0.0,7,强势|观众,强势,观众,2,强势成功,84
69da7e87000000001a03484e,"今晚的亦庄机器人马拉松测试

",,8169.0,1,69db22e30000000035009b92,,5871860a50c4b46e65646182,真的跑的超级快，一阵风💨冲刺来了,2026.04.12,北京,0.0,0.0,16,强势|观众,强势,观众,4,强势成功,84
69da7e87000000001a03484e,"今晚的亦庄机器人马拉松测试

",,8169.0,1,69db0a56000000000c030d98,,5e5255400000000001000d23,速度老奶[笑哭R],2026.04.12,北京,0.0,0.0,9,强势|观众,强势,观众,2,强势成功,84
69da7e87000000001a03484e,"今晚的亦庄机器人马拉松测试

",,8169.0,1,69db023c000000003501b77b,,61fe86b70000000010006b8a,这个速度跑完很快啊,2026.04.12,巴西,0.0,0.0,9,强势|观众,强势,观众,2,强势成功,84
69da7e87000000001a03484e,"今晚的亦庄机器人马拉松测试

",,8169.0,1,69daffcd0000000035030447,,5ab9e719e8ac2b7be1d8e5a7,这尼玛也跑太快了,2026.04.12,北京,0.0,0.0,8,强势|观众,强势,观众,2,强势成功,84
69da7e87000000001a03484e,"今晚的亦庄机器人马拉松测试

",,8169.0,1,69dafc980000000002036dda,,5658175203eb8415cbd38ddc,尿急吗?这事情很伟大，但这姿势像是马上要出来了,2026.04.12,北京,0.0,0.0,23,强势|观众,强势,观众,6,强势成功,84
69da7e87000000001a03484e,"今晚的亦庄机器人马拉松测试

",,8169.0,1,69daf283000000003500e94a,,611e077d000000000100a5bc,他跑这么快干甚去了,2026.04.12,四川,0.0,0.0,9,强势|观众,强势,观众,2,强势成功,84
69da7e87000000001a03484e,"今晚的亦庄机器人马拉松测试

",,8169.0,1,69daf2590000000016014485,,675183d5000000001c019d8d,感觉比第一界快多了[抓狂R][偷笑R],2026.04.12,广东,0.0,0.0,19,强势|观众,强势,观众,2,强势成功,84
69da7e87000000001a03484e,"今晚的亦庄机器人马拉松测试

",,8169.0,1,69dadd24000000000c0310cf,,54857074e779895d741fc3ab,第一个地了凯子,2026.04.12,北京,0.0,0.0,7,强势|观众,强势,观众,2,强势成功,84
69da7e87000000001a03484e,"今晚的亦庄机器人马拉松测试

",,8169.0,1,69dac65a0000000002034fbd,,5cdbe106000000001602092e,哦哦哦速度好快哦,2026.04.12,山东,0.0,0.0,8,强势|观众,强势,观众,2,强势成功,84
69e4426b000000001d01c7ed,"一个大的一个小的一个废的

",,7334.0,2,69e45de1000000001401a005,69e45c42000000001401c413,5906f66582ec39286dfd60eb,春晚是编程好的，半马需要自主时时判断路况路线，根据现场情况做出反应,2026.04.19,北京,242.0,,33,混合|观众,混合,观众,14,,85
69e59e520000000022027a90,"花田里犯了错|机器人马拉松正赛搞笑赏析

",,2593.0,1,69e6394c000000001401c410,,5658da054476087412752711,这种表现和春晚上的实在太割裂，连走路都走不好，离具身智能就更远了,2026.04.20,上海,188.0,52.0,32,弱势|观众,弱势,观众,8,弱势,85
69e2583b00000000230211ea,"

",,2406.0,2,69e3bdc5000000001401e804,69e3bdb4000000001401d815,5e41ab4d0000000001001979,这绝对不是春晚的机器人[捂脸R][捂脸R][捂脸R][捂脸R][笑哭R][笑哭R][笑哭R],2026.04.19,湖北,139.0,,46,失败|抢救者,失败,抢救者,3,失败,85
69e481e8000000002003ad94,"

",,,2,69e4e922000000001401c006,69e4e7de000000001401ac21,63e7cd6300000000260100bd,热知识，前年还没有机器人能上春晚,2026.04.19,天津,78.0,,16,强势|服务者,强势,服务者,4,强势成功,85
69e2583b00000000230211ea,"

",,2406.0,1,69e2f832000000001401e016,,612049150000000001005335,春晚那些会跳舞的机器人哪去了,2026.04.18,福建,35.0,12.0,14,失败|抢救者,失败,抢救者,5,失败,85
69e4426b000000001d01c7ed,"一个大的一个小的一个废的

",,7334.0,1,69e45c42000000001401c413,,60ba057c0000000001002b81,为什么春晚的那些机器人都已经可以做那么高含金量的武打动作了，这些机器人却跑步还踉踉跄跄呢,2026.04.19,湖北,28.0,13.0,44,混合|观众,混合,观众,11,,85
69e481e8000000002003ad94,"

",,,1,69e4e7de000000001401ac21,,6787532d000000000801de4e,冷知识：春晚机器人表演完不会下楼梯。需要一个个抱下来,2026.04.19,河南,25.0,7.0,26,强势|服务者,强势,服务者,8,强势成功,85
69df625d0000000021005c63,"“扶我起来，我还能再跑10公里”

",,9992.0,1,69dfa6330000000035011698,,622c7647000000001000939d,这样的给老外多看看，春晚那些跳舞的机器人是人假扮的[捂脸R]跟老外解释一下,2026.04.15,浙江,16.0,2.0,37,失败|观众,失败,观众,11,失败,85
69df625d0000000021005c63,"“扶我起来，我还能再跑10公里”

",,9992.0,1,69e1f48e000000001401ac0e,,6050a7920000000001001c2a,这不是春晚出来的机器人，这些都是村办厂生产的机器人丶,2026.04.17,山东,12.0,7.0,26,失败|观众,失败,观众,6,失败,85
69df625d0000000021005c63,"“扶我起来，我还能再跑10公里”

",,9992.0,2,69e02cc3000000003500990d,69dfb3290000000002035b6b,5936c72cdb2e600bb4764806,这就是我啊。那些牛人就是上春晚的那些。我就是那个慢慢慢慢跑叠加弯不起腰的那些[笑哭R],2026.04.16,上海,8.0,,43,失败|观众,失败,观众,9,失败,85
69e45dbe000000001f00434f,"机器人跑马拉松超越人类？

",4650.0,773.0,1,69e5a85c000000001401c010,,5b8b3393d2bbb000018ebf50,中国的机器人发展太快了，上一个春晚到这个春晚，才一年时间，就会做高难度动作，而且还很丝滑。,2026.04.20,海南,4.0,0.0,45,强势|观众,强势,观众,10,强势成功,85
69df625d0000000021005c63,"“扶我起来，我还能再跑10公里”

",,9992.0,1,69dfaab2000000000c03182c,,57568d1834609446bb84c120,春晚那些能跳舞能打武术那些呢？,2026.04.15,江苏,3.0,0.0,15,失败|观众,失败,观众,5,失败,85
69df625d0000000021005c63,"“扶我起来，我还能再跑10公里”

",,9992.0,1,69df9c6500000000150014c6,,63234878000000002303cb1a,看这些笨拙的机器人和春晚表演武术的机器人，哪个是真的啊。,2026.04.15,甘肃,2.0,0.0,28,失败|观众,失败,观众,9,失败,85
69e47f8f000000001f007203,"2026年机器人马拉松状态，五年后再看🤣

",,5834.0,2,69e7a1e0000000001401e412,69e782a1000000001401c035,5b007f70e8ac2b6983f139a5,哈哈哈哈哈哈哈，等下春晚又要被骂为什么要机器人表演[doge],2026.04.22,上海,2.0,,31,混合|观众,混合,观众,4,,85
69e47f8f000000001f007203,"2026年机器人马拉松状态，五年后再看🤣

",,5834.0,2,69e564e8000000001401e402,69e50ebc000000001401c410,5815f2c0a9b2ed7e5c36ab65,进步是指数级增长的，感觉明年春晚就会大变样了，活在这个时代真好啊能看到整个发展过程哈哈哈，可能等到60后出生直接就是机器人世界了，多没意思,2026.04.20,福建,2.0,,69,混合|观众,混合,观众,18,,85
69df625d0000000021005c63,"“扶我起来，我还能再跑10公里”

",,9992.0,2,69dfa4860000000016016a9e,69df971b00000000350151b3,5d7c626e000000000101aeef,去年这个时候   机器人走路还费劲呢   还记得去年春晚和今年春晚吗   天差地别,2026.04.15,内蒙古,2.0,,41,失败|观众,失败,观众,10,失败,85
69e48341000000001a02d0c4,"机器人马拉松，我们看乐了，西方人看破防了🤣

",3931.0,1022.0,2,69e4c03a0000000014018c28,69e4a930000000001401a020,5cc32aae000000001103376c,哈哈哈“连滚带爬”很有画面感了。说实话真的是日新月异，今年过年春晚机器人的表演就把我惊到了，比去年的流畅太多太多了，感觉真的飞速发展,2026.04.19,浙江,2.0,,66,强势|观众,强势,观众,15,强势成功,85
69e4426b000000001d01c7ed,"一个大的一个小的一个废的

",,7334.0,1,69e46b56000000001401d829,,639a0a0a0000000026012b6b,咱就是说，春晚上那波机器人和咱们这波不是一起的是吧？那个都要跟孙悟空干起来了，这个……额，张张磕磕的还,2026.04.19,新疆,1.0,0.0,51,混合|观众,混合,观众,10,,85
69e2583b00000000230211ea,"

",,2406.0,1,69e8876d000000001401e025,,6386ee67000000001f01cf13,我就觉得整天研究这种东西干啥[笑哭R]春晚看机器人赛跑吗我说,2026.04.22,辽宁,1.0,0.0,30,失败|抢救者,失败,抢救者,6,失败,85
69e2583b00000000230211ea,"

",,2406.0,1,69e7f663000000001401e003,,655e0523000000001103e0f6,春晚上空翻的机器人没有参加吗,2026.04.22,北京,1.0,1.0,14,失败|抢救者,失败,抢救者,4,失败,85
69e59e520000000022027a90,"花田里犯了错|机器人马拉松正赛搞笑赏析

",,2593.0,1,69e84835000000001401a424,,594b5c1e5e87e7603d06d135,这个比较真实，看春晚的视频以为机器人已经进化成那样了吗，还是有很多提升空间的[doge],2026.04.22,福建,1.0,0.0,44,弱势|观众,弱势,观众,11,弱势,85
69e59e520000000022027a90,"花田里犯了错|机器人马拉松正赛搞笑赏析

",,2593.0,1,69e767ec000000001401d40b,,65dd994d00000000050092be,怎么和春晚的机器人判若两人？,2026.04.21,天津,1.0,0.0,14,弱势|观众,弱势,观众,3,弱势,85
69e2583b00000000230211ea,"

",,2406.0,2,69e9100c000000001401e406,69e3bdb4000000001401d815,60dd966b00000000010043f0,春晚的机器人上场也一样！这次机器人半马，每一个机器人都是经历过无数次摔倒，包括第一名冠军也是，距离终点10多米再次摔倒，一群人抬担架过去，把它立起来，没摔碎，重新调整一下，还能跑，拿了冠军！。      说白就看谁家的结实耐摔，谁家工作人员及时上去为机器人服务（降温，润滑，扶起来）到位！,2026.04.23,新疆,1.0,,144,失败|抢救者,失败,抢救者,44,失败,85
69da7e87000000001a03484e,"今晚的亦庄机器人马拉松测试

",,8169.0,2,69dc5ac4000000000202908c,69dba59500000000020372ca,66d1581e000000001d031311,春晚上不是还有一群机器人玩手绢吗[捂脸R][捂脸R][捂脸R]这意义不意义的大国泱泱的吧,2026.04.13,北京,1.0,,44,强势|观众,强势,观众,8,强势成功,85
69e481e8000000002003ad94,"

",,,2,69e58484000000001401e820,69e571d9000000001401c009,5f352e570000000001003346,科技的进步日新月异……但看春晚这两年机器人差别天差地别吧，第一年跟我太奶一样站都站不稳还得扶着，都二年都能空翻五花八门武术格斗动作了,2026.04.20,山东,1.0,,66,强势|服务者,强势,服务者,18,强势成功,85
69df625d0000000021005c63,"“扶我起来，我还能再跑10公里”

",,9992.0,2,69e3bc780000000014019410,69e35c62000000001401e015,5f8acbe7000000000101eefe,失败很多次，才能有春晚上的成功机器人。,2026.04.19,云南,1.0,,19,失败|观众,失败,观众,7,失败,85
69e59e520000000022027a90,"花田里犯了错|机器人马拉松正赛搞笑赏析

",,2593.0,2,69e6e3660000000014018801,69e6394c000000001401c410,641048620000000029012787,春晚后台跟这个一样，刘谦跟机器人招手，机器人直接原地跪倒,2026.04.21,北京,1.0,,28,弱势|观众,弱势,观众,9,弱势,85
69e4426b000000001d01c7ed,"一个大的一个小的一个废的

",,7334.0,1,69e5755c000000001401bc10,,5e23e22b0000000001005119,以前我没见过不知道，上两天我这有表演，哎嘛这玩意走路超重，地都镇的一咣一咣的，我就想到春晚的舞台得多结实，那么多机器人，感觉要地震，地都要走塌了[笑哭R],2026.04.20,吉林,0.0,0.0,77,混合|观众,混合,观众,14,,85
69e2583b00000000230211ea,"

",,2406.0,1,69e9887c000000001401cc2a,,5bac3af70336da000191ae9a,春晚的机器人不是都已经可以翻跟头了吗[尬住R],2026.04.23,浙江,0.0,0.0,23,失败|抢救者,失败,抢救者,3,失败,85
69e2583b00000000230211ea,"

",,2406.0,1,69e42ec7000000001401e009,,652a4355000000002a018d55,不是中国制造吧[doge]中国质量没这么差[doge]春晚那个挺灵活的,2026.04.19,河北,0.0,0.0,35,失败|抢救者,失败,抢救者,6,失败,85
69e59e520000000022027a90,"花田里犯了错|机器人马拉松正赛搞笑赏析

",,2593.0,2,69e6125f000000001401882c,69e5a096000000001401b813,5ed63a25000000000100237e,人才啊解读的太好啦bgm配的太牛了👍[笑哭R][笑哭R][笑哭R][笑哭R][笑哭R]笑哭了😂😂😂😂😂,2026.04.20,辽宁,18.0,,51,弱势|观众,弱势,观众,3,弱势,86
69e47f8f000000001f007203,"2026年机器人马拉松状态，五年后再看🤣

",,5834.0,1,69e51315000000001401dc08,,60265cff000000000100441d,这位还跟音乐卡点了，有点带感[偷笑R],2026.04.20,加拿大,9.0,2.0,19,混合|观众,混合,观众,4,,86
69e634590000000022003bb5,"每个马拉松机器人，都有自己的热血故事。

",,824.0,1,69e8681d000000001401bc09,,5d1a84e4000000001100c7a2,这一幕，加上配的BGM，感觉像是机器人瓦力[哭惹R][哭惹R][哭惹R],2026.04.22,江苏,2.0,0.0,36,常态|观众,常态,观众,6,常态,86
69e429b4000000001b00037a,"张杰演唱会机器人来参加半马了？？

",,2026.0,1,69e452c6000000001401bc1a,,5cae97310000000017001480,自带混响的[大笑R],2026.04.19,福建,2.0,0.0,10,常态|观众,常态,观众,2,常态,86
69e47f8f000000001f007203,"2026年机器人马拉松状态，五年后再看🤣

",,5834.0,1,69e57cf0000000001401e425,,568a19bf1c07df38a0237d28,背景音不好听 太燥了,2026.04.20,河南,1.0,0.0,10,混合|观众,混合,观众,3,,86
69e46730000000001d0199c8,"

",,761.0,1,69e4c739000000001401e00d,,58cd734582ec39081be04722,你的配音好可爱,2026.04.19,浙江,1.0,0.0,7,强势|观众,强势,观众,2,强势成功,86
69e46730000000001d0199c8,"

",,761.0,1,69e4c6a8000000001401e82a,,64484eaf000000002a00ad09,好喜欢你说话慢声慢气的,2026.04.19,湖南,1.0,0.0,11,强势|观众,强势,观众,4,强势成功,86
69e46730000000001d0199c8,"

",,761.0,1,69e4bf30000000001401dc28,,678bcb9f000000000d0095e6,好喜欢你的声音[飞吻R][飞吻R][飞吻R],2026.04.19,广东,1.0,0.0,22,强势|观众,强势,观众,2,强势成功,86
69e59e520000000022027a90,"花田里犯了错|机器人马拉松正赛搞笑赏析

",,2593.0,1,69eb65d5000000002a0338f5,,5c124838000000000702ef2b,哈哈配乐讲解好搞笑😆,2026.04.24,广东,1.0,0.0,10,弱势|观众,弱势,观众,3,弱势,86
69e59e520000000022027a90,"花田里犯了错|机器人马拉松正赛搞笑赏析

",,2593.0,1,69e77e93000000001401880c,,62ca9502000000000200188d,配的bgm也太精彩了吧，笑死了[笑哭R],2026.04.21,浙江,1.0,0.0,20,弱势|观众,弱势,观众,2,弱势,86
69e59e520000000022027a90,"花田里犯了错|机器人马拉松正赛搞笑赏析

",,2593.0,2,69e6f705000000001401cc25,69e5f71c000000001401d427,5a1510304eacab1b03eb679d,笑死，那个是真的逗，音乐编辑匹配[捂脸R],2026.04.21,四川,1.0,,21,弱势|观众,弱势,观众,4,弱势,86
69e4426b000000001d01c7ed,"一个大的一个小的一个废的

",,7334.0,1,69e468ac000000001401a815,,582c31f35e87e74495972612,你还给配音了[笑哭R],2026.04.19,北京,0.0,0.0,11,混合|观众,混合,观众,2,,86
69e4426b000000001d01c7ed,"一个大的一个小的一个废的

",,7334.0,1,69e4698d0000000014018c00,,5dc513b600000000010087b2,周围人的声音好搞笑😆,2026.04.19,德国,0.0,0.0,10,混合|观众,混合,观众,4,,86
69e47f8f000000001f007203,"2026年机器人马拉松状态，五年后再看🤣

",,5834.0,1,69e86fb2000000001401c009,,5f0720e3000000000101e763,哎哟我去模特步，bgm也是太好笑了,2026.04.22,天津,0.0,0.0,17,混合|观众,混合,观众,4,,86
69e47f8f000000001f007203,"2026年机器人马拉松状态，五年后再看🤣

",,5834.0,1,69e86601000000001401d805,,5a616c1ddb2e6012374e4020,植物大战僵尸的配乐笑发财了[笑哭R],2026.04.22,江西,0.0,0.0,18,混合|观众,混合,观众,5,,86
69e47f8f000000001f007203,"2026年机器人马拉松状态，五年后再看🤣

",,5834.0,1,69e776d0000000001401dc0f,,63a3163a0000000027029d48,就连背景音乐还卡上了[惊恐R],2026.04.21,河南,0.0,0.0,15,混合|观众,混合,观众,2,,86
69e47f8f000000001f007203,"2026年机器人马拉松状态，五年后再看🤣

",,5834.0,1,69e6d413000000001401a01d,,5ba0cb3f6b58b75382d8b7db,配乐太搞笑了,2026.04.21,湖南,0.0,0.0,6,混合|观众,混合,观众,2,,86
69e47f8f000000001f007203,"2026年机器人马拉松状态，五年后再看🤣

",,5834.0,1,69e5b8fe000000001401bc21,,5db1d45d00000000010013dc,[笑哭R]配上音乐好搞笑,2026.04.20,广东,0.0,0.0,12,混合|观众,混合,观众,3,,86
69e47f8f000000001f007203,"2026年机器人马拉松状态，五年后再看🤣

",,5834.0,1,69e58558000000001401bc21,,58e6162a346094780d381acf,BGM有点吵，又想听到人声,2026.04.20,湖北,0.0,0.0,13,混合|观众,混合,观众,3,,86
69e47f8f000000001f007203,"2026年机器人马拉松状态，五年后再看🤣

",,5834.0,1,69e57793000000001401d82f,,590935ef5e87e765b562b85a,这音乐配的有点恐怖[笑哭R],2026.04.20,河南,0.0,0.0,14,混合|观众,混合,观众,2,,86
69e47f8f000000001f007203,"2026年机器人马拉松状态，五年后再看🤣

",,5834.0,1,69e57074000000001401bc07,,5b449d426b58b740898154ec,这个配乐配得好好[捂脸R],2026.04.20,广东,0.0,0.0,13,混合|观众,混合,观众,3,,86
69e47f8f000000001f007203,"2026年机器人马拉松状态，五年后再看🤣

",,5834.0,1,69e680c7000000001401c406,,66f4c171000000001d023291,后面bgm把我耳机震得嗡嗡响，震烂你赔钱？,2026.04.21,广东,0.0,0.0,21,混合|观众,混合,观众,7,,86
69e481e8000000002003ad94,"

",,,1,69e48cb7000000001401e025,,69db8829000000003301339b,配合挺默契,2026.04.19,山东,0.0,0.0,5,强势|服务者,强势,服务者,2,强势成功,86
69e5a09a000000002103ba03,"半马途中机器人即兴表演，越夸越上头

",711.0,83.0,1,69e5a5f2000000001401a816,,5af99ec44eacab4c149bedbe,这bgm是什么呀 有知道的嘛,2026.04.20,美国,0.0,4.0,14,常态|观众,常态,观众,2,常态,86
69df625d0000000021005c63,"“扶我起来，我还能再跑10公里”

",,9992.0,1,69dfa84000000000020296b8,,5e4165040000000001005b96,配音笑死人了[笑哭R],2026.04.15,浙江,0.0,0.0,11,失败|观众,失败,观众,2,失败,86
69df625d0000000021005c63,"“扶我起来，我还能再跑10公里”

",,9992.0,1,69dfa136000000000c032ea2,,5d340c370000000012039c0b,背景乐太好笑了[笑哭R],2026.04.15,加拿大,0.0,0.0,12,失败|观众,失败,观众,3,失败,86
69df625d0000000021005c63,"“扶我起来，我还能再跑10公里”

",,9992.0,1,69df9b38000000000103d595,,55612359a75c951ad5b2a6f7,那个僵尸乐特别般配，哈哈哈,2026.04.15,上海,0.0,0.0,13,失败|观众,失败,观众,3,失败,86
69df625d0000000021005c63,"“扶我起来，我还能再跑10公里”

",,9992.0,1,69df9817000000003500c70e,,5b6bb944f7e8b93a38571223,植物大战僵尸BGM出来时笑不活了[笑哭R],2026.04.15,湖北,0.0,0.0,21,失败|观众,失败,观众,6,失败,86
69df625d0000000021005c63,"“扶我起来，我还能再跑10公里”

",,9992.0,1,69e6ef57000000001401ac0d,,54c3be5be7798937eb84a346,雁南飞第一次听？经典是补课补来的，还是自己找来的？多谢刀哥尧尧不如多谢自己的耳朵。听歌就听歌，别整得像拜码头。,2026.04.21,山东,0.0,0.0,55,失败|观众,失败,观众,15,失败,86
69df625d0000000021005c63,"“扶我起来，我还能再跑10公里”

",,9992.0,1,69e17f30000000001401b004,,5d3ec5270000000011004454,这配乐，绝了。后面那个红色不会是百度的吧，后面黄色应该是美团，美团追百度，百度死路上。,2026.04.17,湖北,0.0,0.0,43,失败|观众,失败,观众,11,失败,86
69e48341000000001a02d0c4,"机器人马拉松，我们看乐了，西方人看破防了🤣

",3931.0,1022.0,2,69e4ee77000000001401cc04,69e4e615000000001401a40c,5f4d015f000000000101ccb0,等我老了，这两个就扮演我孙子,2026.04.19,广东,126.0,,14,强势|观众,强势,观众,3,强势成功,87
69e42cc100000000220001ad,"机器人马拉松倒数第一名，萌翻了🤣🤣🤣

",,8501.0,2,69e4521e000000001401e01e,69e447f6000000001401e037,58ab9ee734609474fec36d12,好思路，我准备让他当我孙子，也是享受了三世同堂,2026.04.19,广东,29.0,,23,弱势|观众,弱势,观众,6,弱势,87
69e481e8000000002003ad94,"

",,,2,69e6b939000000001401d808,69e6a9d00000000014019c03,587ad6305e87e748861d1b10,给它一些时间，也给人类一些时间，我还盼着它越来越成熟，以后给我伺候我养老呢,2026.04.21,广西,15.0,,37,强势|服务者,强势,服务者,7,强势成功,87
69e4b08d000000001d01c1bc,"机器人马拉松参赛选手“进化速度这一块”

",,379.0,2,69e4d24b000000001401e02a,69e4d200000000001401d80b,6071cb7100000000010001c1,我等着它给我养老呢 可别唱衰,2026.04.19,福建,8.0,,14,混合|观众,混合,观众,3,,87
69e47f8f000000001f007203,"2026年机器人马拉松状态，五年后再看🤣

",,5834.0,2,69e55f9d0000000014018c0d,69e4e1f0000000001401a40f,68520f4f000000000803a0d3,训练好了，等我老了百米冲刺背我去医院,2026.04.20,广东,6.0,,18,混合|观众,混合,观众,4,,87
69e48b0b000000001a02578c,"北京马拉松机器人中暑了🥵

",3334.0,467.0,2,69ef13ee000000002b027f0d,69ecb9a7000000002803354c,5c78b514000000001003d1c9,等我老了，指着它背着我下楼去医院呢[皱眉R],2026.04.27,北京,6.0,,22,失败|服务者,失败,服务者,4,失败,87
69e45dbe000000001f00434f,"机器人跑马拉松超越人类？

",4650.0,773.0,2,69e52302000000001401e402,69e50619000000001401ac01,5d9c8594000000000101b5b4,你老了之后可以照顾你，既能给你擦屁股也能给你擦嘴,2026.04.20,广东,4.0,,24,强势|观众,强势,观众,5,强势成功,87
69e48341000000001a02d0c4,"机器人马拉松，我们看乐了，西方人看破防了🤣

",3931.0,1022.0,2,69e4bbf9000000001401b804,69e4a930000000001401a020,5b8e528cf354c20001d1305c,以后养老有着落了是吧[doge]，不用看护工子女脸色了,2026.04.19,浙江,2.0,,27,强势|观众,强势,观众,6,强势成功,87
69e2583b00000000230211ea,"

",,2406.0,1,69e32ee3000000001401c832,,5b307cf74eacab5be1e076a1,太奶那么大岁数了，让她安享晚年不行吗？,2026.04.18,辽宁,1.0,0.0,19,失败|抢救者,失败,抢救者,4,失败,87
69da7e87000000001a03484e,"今晚的亦庄机器人马拉松测试

",,8169.0,1,69db359b000000000c03130c,,5b80951655549100019ff541,继续努力，等以后我老了，可以背着我去医院,2026.04.12,广东,1.0,0.0,20,强势|观众,强势,观众,4,强势成功,87
69e5a09a000000002103ba03,"半马途中机器人即兴表演，越夸越上头

",711.0,83.0,1,69e724ea000000001401c808,,55348b184fac6379350749af,可怕的是，比我灵活多了，养老指日可待[偷笑R],2026.04.21,山西,1.0,0.0,23,常态|观众,常态,观众,4,常态,87
69e48341000000001a02d0c4,"机器人马拉松，我们看乐了，西方人看破防了🤣

",3931.0,1022.0,1,69e4da650000000014019434,,6119f987000000000101e579,我的老年生活就靠这些小可爱了！[飞吻R][飞吻R][飞吻R],2026.04.19,福建,1.0,0.0,30,强势|观众,强势,观众,4,强势成功,87
69e59e520000000022027a90,"花田里犯了错|机器人马拉松正赛搞笑赏析

",,2593.0,1,69e76ce6000000001401e01f,,59896a2a6a6a6960b073526b,我养老就靠现在比赛马拉松这些了,2026.04.21,云南,1.0,0.0,15,弱势|观众,弱势,观众,4,弱势,87
69e59e520000000022027a90,"花田里犯了错|机器人马拉松正赛搞笑赏析

",,2593.0,1,69e61ffb000000001401900f,,54be7d4cb4c4d61109b43c95,我退休生活就靠他们了！,2026.04.20,北京,1.0,0.0,11,弱势|观众,弱势,观众,2,弱势,87
69da7e87000000001a03484e,"今晚的亦庄机器人马拉松测试

",,8169.0,2,69db222b00000000350234ef,69daef220000000035024590,54e54d93e7798967c22f8be2,以后养老有依靠了,2026.04.12,浙江,1.0,,8,强势|观众,强势,观众,2,强势成功,87
69e4412a000000002103883f,"荣耀闪电队-齐天大圣夺冠！

",3517.0,445.0,2,69e4f2d6000000001401a81f,69e4d870000000001401c830,5d23bbf50000000011033809,以后你儿子不养你，你有可能靠它养老,2026.04.19,广东,1.0,,17,强势|观众,强势,观众,3,强势成功,87
69e4426b000000001d01c7ed,"一个大的一个小的一个废的

",,7334.0,1,69e473e4000000001401d815,,5a0ac770e8ac2b20d58b66b1,现在我看着它们趔趔趄趄，以后老了走不动路它们扛着我健步如飞吧,2026.04.19,浙江,0.0,0.0,30,混合|观众,混合,观众,5,,87
69da7e87000000001a03484e,"今晚的亦庄机器人马拉松测试

",,8169.0,1,69dbd41e00000000150078a3,,6214f863000000002102200b,好好跑，朕以后养老靠你们了,2026.04.13,陕西,0.0,0.0,13,强势|观众,强势,观众,2,强势成功,87
69da7e87000000001a03484e,"今晚的亦庄机器人马拉松测试

",,8169.0,1,69db7dfe000000000d034241,,5ca816e7000000001700ad4d,挺好的   你们好好跑喔  我们养老就靠你们啦[哇R],2026.04.12,湖北,0.0,0.0,27,强势|观众,强势,观众,2,强势成功,87
69da7e87000000001a03484e,"今晚的亦庄机器人马拉松测试

",,8169.0,1,69db7c350000000035016575,,689bf55700000000190124b6,好好研究一下，老了照顾我,2026.04.12,上海,0.0,0.0,12,强势|观众,强势,观众,4,强势成功,87
69da7e87000000001a03484e,"今晚的亦庄机器人马拉松测试

",,8169.0,1,69db4d540000000030024823,,64795b05000000001f007700,抓紧研发等我老了要靠它们帮我养老呢[笑哭R],2026.04.12,浙江,0.0,0.0,22,强势|观众,强势,观众,3,强势成功,87
69da7e87000000001a03484e,"今晚的亦庄机器人马拉松测试

",,8169.0,1,69db4755000000001400aac4,,5bb378409cb8ac0001cc1c05,加油，以后养老就靠你们了,2026.04.12,广东,0.0,0.0,12,强势|观众,强势,观众,2,强势成功,87
69da7e87000000001a03484e,"今晚的亦庄机器人马拉松测试

",,8169.0,1,69db6e1a0000000002036f4d,,5e7209d40000000001001361,意义是？我老了能背着我去医院？,2026.04.12,北京,0.0,0.0,15,强势|观众,强势,观众,3,强势成功,87
69e42cc100000000220001ad,"机器人马拉松倒数第一名，萌翻了🤣🤣🤣

",,8501.0,1,69e4eb29000000001401c01e,,5b8b9cbecb86550001f5376f,这玩意儿以后能给我养老吗[坏笑R]我很需要,2026.04.19,广东,0.0,0.0,21,弱势|观众,弱势,观众,3,弱势,87
69e6f2bc0000000023005345,"🍼机器人第一视角，好多人呀

",,687.0,1,69e77ca8000000001401ac0f,,5ef8c1a100000000010011f6,加油，就指望着它们等我老了照顾我呢[萌萌哒R],2026.04.21,江西,0.0,0.0,23,弱势|观众,弱势,观众,3,弱势,87
69df625d0000000021005c63,"“扶我起来，我还能再跑10公里”

",,9992.0,1,69df9e79000000003501ff58,,5e46568100000000010002e6,还能给我养老吗？我47了,2026.04.15,山东,0.0,0.0,12,失败|观众,失败,观众,2,失败,87
69df625d0000000021005c63,"“扶我起来，我还能再跑10公里”

",,9992.0,1,69dfff550000000015006bd4,,5fe5d9ff0000000001002781,妈呀，我还指着你们养老呢，只是你们做家政呢你们能不能搞快一点？加油啊[笑哭R],2026.04.16,北京,0.0,0.0,39,失败|观众,失败,观众,8,失败,87
69df625d0000000021005c63,"“扶我起来，我还能再跑10公里”

",,9992.0,1,69dfa7cd0000000016016607,,5a4987cf4eacab0c8724d583,我tm还能指望这玩意儿养老吗？,2026.04.15,江苏,0.0,0.0,15,失败|观众,失败,观众,4,失败,87
69e43b14000000001a02e095,"好萌的小黑仔跑马拉松

",,2760.0,1,69e49b69000000001401ac00,,666c47f700000000070075b4,好萌啊[坏笑R]我老了要这种小孩来养老,2026.04.19,湖南,0.0,0.0,19,弱势|服务者,弱势,服务者,3,弱势,87
69e43b14000000001a02e095,"好萌的小黑仔跑马拉松

",,2760.0,1,69e48d20000000001401bc3d,,5c37402e000000000701850b,按这个趋势用不了几年就可以当保姆进入千家万户了,2026.04.19,内蒙古,0.0,0.0,23,弱势|服务者,弱势,服务者,6,弱势,87
69e4b08d000000001d01c1bc,"机器人马拉松参赛选手“进化速度这一块”

",,379.0,1,69e4d08e000000001401a422,,5cee1b18000000001802c8a1,邓超机器人笑发财了,2026.04.19,广东,280.0,9.0,9,混合|观众,混合,观众,3,,88
69e44278000000001a0217bb,"机器人超过我的瞬间

",6019.0,372.0,2,69e48d54000000001401e814,69e47b6f000000001401940b,65e3059e00000000050083b2,机宝可爱捏,2026.04.19,上海,10.0,,5,强势|被超越者,强势,被超越者,2,强势成功,88
69e43b14000000001a02e095,"好萌的小黑仔跑马拉松

",,2760.0,1,69e47162000000001401c014,,5fe8856c0000000001009816,好萌啊，这种机器人可以当小宠物养吗，只吃电,2026.04.19,湖南,7.0,1.0,21,弱势|服务者,弱势,服务者,4,弱势,88
69e46730000000001d0199c8,"

",,761.0,1,69e5e270000000001401c415,,661a72d00000000007005b00,主播讲的给这些机器人搞笑翻倍了,2026.04.20,湖北,4.0,0.0,15,强势|观众,强势,观众,5,强势成功,88
69e6f2bc0000000023005345,"🍼机器人第一视角，好多人呀

",,687.0,1,69e73fc0000000001401ac01,,6032f3e5000000000100a7ff,你们家小机器人的步态真的好像小孩子啊，一颠一颠的，结构设计师家里有小娃娃吗[害羞R][害羞R],2026.04.21,山东,3.0,1.0,47,弱势|观众,弱势,观众,11,弱势,88
69e4426b000000001d01c7ed,"一个大的一个小的一个废的

",,7334.0,1,69e45ee6000000001401b000,,5c63c8c3000000001001c359,好可爱呀～机器人小宝宝拿着🍼,2026.04.19,北京,2.0,0.0,14,混合|观众,混合,观众,3,,88
69e47f8f000000001f007203,"2026年机器人马拉松状态，五年后再看🤣

",,5834.0,1,69e5ba7a000000001401c400,,644222c20000000029017330,一群人为一个机器人服务 真的好好笑哈哈哈哈,2026.04.20,广东,2.0,0.0,21,混合|观众,混合,观众,6,,88
69e47f8f000000001f007203,"2026年机器人马拉松状态，五年后再看🤣

",,5834.0,1,69e58e4c000000001401e81c,,65ba43e0000000000903d1dd,你别说这个机器人挺可爱的,2026.04.20,广东,2.0,0.0,12,混合|观众,混合,观众,3,,88
69e59e520000000022027a90,"花田里犯了错|机器人马拉松正赛搞笑赏析

",,2593.0,1,69e627c6000000001401bc3b,,64c5249f00000000250360b1,机器人赛季解说我只服你哈哈哈,2026.04.20,湖北,2.0,0.0,14,弱势|观众,弱势,观众,4,弱势,88
69e429b4000000001b00037a,"张杰演唱会机器人来参加半马了？？

",,2026.0,1,69e44f62000000001401e405,,5fb7be100000000001009108,最爱搭讪的机器人,2026.04.19,浙江,2.0,0.0,8,常态|观众,常态,观众,3,常态,88
69db34bb000000001a0348ae,"机器人抢救现场

",4896.0,1198.0,1,69dca33c000000003501db2f,,55a1d9bc5894462d696e3037,这些搞机器人的 是怎么忍住不笑的,2026.04.13,上海,1.0,0.0,16,失败|抢救者,失败,抢救者,4,失败,88
69e42cc100000000220001ad,"机器人马拉松倒数第一名，萌翻了🤣🤣🤣

",,8501.0,1,69e4fb8b000000001401a005,,5ef0c430000000000101eb36,但凡是幼崽都萌萌的，机器人也是[笑哭R],2026.04.19,四川,1.0,0.0,20,弱势|观众,弱势,观众,4,弱势,88
69e481e8000000002003ad94,"

",,,1,69e4a181000000001401bc1b,,6007d4dc0000000001008ea8,这个机器人又高又乖，太帅了[点赞R],2026.04.19,广东,1.0,0.0,18,强势|服务者,强势,服务者,2,强势成功,88
69e48341000000001a02d0c4,"机器人马拉松，我们看乐了，西方人看破防了🤣

",3931.0,1022.0,1,69e57e5d000000001401dc03,,609174b30000000001001e00,这机器宝宝也很萌[飞吻R],2026.04.20,福建,1.0,0.0,13,强势|观众,强势,观众,3,强势成功,88
69e4426b000000001d01c7ed,"一个大的一个小的一个废的

",,7334.0,2,69e47f84000000001401dc04,69e461fb000000001401e82b,5968a0a26a6a6925a27e30ce,哈哈哈哈哈哈小的机器人好可爱啊,2026.04.19,广东,1.0,,15,混合|观众,混合,观众,2,,88
69e44171000000001a026b25,"机器人马拉松比赛摔倒丝滑起身帅炸了🔥🔥

",9971.0,613.0,2,69e4ce96000000001401c423,69e44a1b0000000014019422,5cfa6d04000000001700a89b,好搞笑这个机,2026.04.19,江苏,1.0,,6,混合|观众,混合,观众,2,,88
69e4426b000000001d01c7ed,"一个大的一个小的一个废的

",,7334.0,1,69e463aa000000001401b832,,65f53350000000000d0277d1,这个小机器人好可爱哦,2026.04.19,江西,0.0,0.0,10,混合|观众,混合,观众,2,,88
69e4426b000000001d01c7ed,"一个大的一个小的一个废的

",,7334.0,1,69e45e78000000001401e024,,5e2ef1da0000000001001965,哈哈哈 管小机器人叫小孩,2026.04.19,浙江,0.0,0.0,12,混合|观众,混合,观众,2,,88
69da7e87000000001a03484e,"今晚的亦庄机器人马拉松测试

",,8169.0,1,69daf0ee0000000035031ecf,,62bb1617000000001902b046,这让我想起以前一部动画片 蓝猫淘气三千问 里面的外星机器人,2026.04.12,福建,0.0,0.0,29,强势|观众,强势,观众,10,强势成功,88
69e42cc100000000220001ad,"机器人马拉松倒数第一名，萌翻了🤣🤣🤣

",,8501.0,1,69e52ac1000000001401a400,,68ba7ec8000000001903ce4b,好可爱，还没满月的机器人,2026.04.20,广东,0.0,0.0,12,弱势|观众,弱势,观众,3,弱势,88
69e42cc100000000220001ad,"机器人马拉松倒数第一名，萌翻了🤣🤣🤣

",,8501.0,1,69e4eb25000000001401c422,,6540545400000000300336f6,好可爱的机器人,2026.04.19,广东,0.0,0.0,7,弱势|观众,弱势,观众,2,弱势,88
69e47f8f000000001f007203,"2026年机器人马拉松状态，五年后再看🤣

",,5834.0,1,69f2d38c00000000270208ba,,5d306e7a000000001003f315,小鸡机器人哈哈哈哈哈哈哈哈哈哈哈哈哈,2026.04.30,河北,0.0,0.0,18,混合|观众,混合,观众,2,,88
69e47f8f000000001f007203,"2026年机器人马拉松状态，五年后再看🤣

",,5834.0,1,69e762890000000014019011,,601aa8b70000000001007b5a,头一次觉得机器人这么可爱,2026.04.21,福建,0.0,0.0,12,混合|观众,混合,观众,3,,88
69e47f8f000000001f007203,"2026年机器人马拉松状态，五年后再看🤣

",,5834.0,1,69e74f76000000001401a42a,,65a74ec00000000008005efd,做这个机器人的好厉害（但真的好搞笑啊哈哈哈哈）,2026.04.21,贵州,0.0,0.0,23,混合|观众,混合,观众,4,,88
69e47f8f000000001f007203,"2026年机器人马拉松状态，五年后再看🤣

",,5834.0,1,69e6ab8d0000000014019c02,,5b864d6ca175310001839cab,哈哈哈哈哈哈戴帽子的机器人小小个好可爱，还有双圆溜溜的眼睛,2026.04.21,广西,0.0,0.0,29,混合|观众,混合,观众,6,,88
69e47f8f000000001f007203,"2026年机器人马拉松状态，五年后再看🤣

",,5834.0,1,69e60f850000000014018811,,5f76d9c3000000000101ccd0,好有意思啊哈哈哈哈哈哈五花八门的机器人笑屎我了,2026.04.20,福建,0.0,0.0,23,混合|观众,混合,观众,3,,88
69e47f8f000000001f007203,"2026年机器人马拉松状态，五年后再看🤣

",,5834.0,1,69e5beef000000001401b005,,5c078e820000000005006773,太可爱了机器人们,2026.04.20,广东,0.0,0.0,8,混合|观众,混合,观众,3,,88
69e47f8f000000001f007203,"2026年机器人马拉松状态，五年后再看🤣

",,5834.0,1,69e57be90000000014018813,,64b10d460000000010036e64,机器人特奥会哈哈哈,2026.04.20,广东,0.0,0.0,9,混合|观众,混合,观众,2,,88
69e6f2bc0000000023005345,"🍼机器人第一视角，好多人呀

",,687.0,1,69e777de000000001401d834,,603aef850000000001006d83,最可爱的机器人[害羞R],2026.04.21,辽宁,0.0,0.0,12,弱势|观众,弱势,观众,2,弱势,88
69df625d0000000021005c63,"“扶我起来，我还能再跑10公里”

",,9992.0,1,69df9cbe000000000d03c5dd,,5d68e98c0000000001007e23,这几天的快乐都是这些有趣的机器人给的,2026.04.15,山西,0.0,0.0,18,失败|观众,失败,观众,5,失败,88
69e447d2000000001d01aa01,"当算法有了腿，程序员万万没想到……

",,2912.0,2,69e46c0f000000001401c835,69e45fee0000000014019c18,5c447c21000000000502474f,然后猝死了，心源性...[笑哭R][笑哭R],2026.04.19,四川,153.0,,22,强势|服务者,强势,服务者,2,强势成功,89
69da7e87000000001a03484e,"今晚的亦庄机器人马拉松测试

",,8169.0,1,69db01a30000000001007604,,67b1dfdc000000000e01dbb2,大晚上这样冲刺对心脏不好,2026.04.12,广西,43.0,4.0,12,强势|观众,强势,观众,5,强势成功,89
69e447d2000000001d01aa01,"当算法有了腿，程序员万万没想到……

",,2912.0,2,69e470de000000001401bc32,69e45fee0000000014019c18,64b7b6520000000014038df7,然后增加猝死概率[笑哭R]不是什么时候运动都是有好处的[笑哭R],2026.04.19,湖北,30.0,,32,强势|服务者,强势,服务者,5,强势成功,89
69e447d2000000001d01aa01,"当算法有了腿，程序员万万没想到……

",,2912.0,2,69e463b10000000014019c02,69e44a84000000001401b822,5fc5f0f10000000001000df7,猝死概率加大[doge],2026.04.19,湖北,13.0,,12,强势|服务者,强势,服务者,3,强势成功,89
69e447d2000000001d01aa01,"当算法有了腿，程序员万万没想到……

",,2912.0,2,69e48802000000001401900a,69e45fee0000000014019c18,5ec8b3ac0000000001002a9f,就是熬夜+运动容易猝死,2026.04.19,湖北,3.0,,11,强势|服务者,强势,服务者,4,强势成功,89
69e447d2000000001d01aa01,"当算法有了腿，程序员万万没想到……

",,2912.0,1,69e4a835000000001401880a,,624524bb000000001000f22d,熬夜+高强度运动，咋感觉猝死概率更大了呢[笑哭R],2026.04.19,北京,2.0,0.0,25,强势|服务者,强势,服务者,6,强势成功,89
69e447d2000000001d01aa01,"当算法有了腿，程序员万万没想到……

",,2912.0,1,69e46e0c000000001401e028,,5f1f05ea00000000010050e9,程序员猝死几率更高了[doge],2026.04.19,四川,2.0,0.0,16,强势|服务者,强势,服务者,3,强势成功,89
69e447d2000000001d01aa01,"当算法有了腿，程序员万万没想到……

",,2912.0,1,69e46ad2000000001401d418,,565664359eb5787fc5d78405,又要熬夜又要久坐这下还要马拉松，妈呀猝死套装齐活儿了[doge],2026.04.19,江苏,2.0,0.0,32,强势|服务者,强势,服务者,9,强势成功,89
69e447d2000000001d01aa01,"当算法有了腿，程序员万万没想到……

",,2912.0,1,69e4912a000000001401e00d,,64507e08000000002a00a1ea,经常熬夜突然这样折腾受得了吗,2026.04.19,广东,1.0,0.0,14,强势|服务者,强势,服务者,6,强势成功,89
69e447d2000000001d01aa01,"当算法有了腿，程序员万万没想到……

",,2912.0,1,69e48b9c000000001401e403,,628090ef0000000021023daf,麻麻终于不用担心我天天熬夜身体顶不住辣[偷笑R],2026.04.19,安徽,1.0,0.0,24,强势|服务者,强势,服务者,8,强势成功,89
69e447d2000000001d01aa01,"当算法有了腿，程序员万万没想到……

",,2912.0,2,69e483a7000000001401a405,69e45fee0000000014019c18,694f8693000000003201ed0d,更容易猝死了[捂脸R],2026.04.19,湖南,1.0,,11,强势|服务者,强势,服务者,2,强势成功,89
69e447d2000000001d01aa01,"当算法有了腿，程序员万万没想到……

",,2912.0,2,69e48b83000000001401d438,69e45fee0000000014019c18,61b728f000000000100091a3,猝死了就永远不会有健康问题了[doge],2026.04.19,北京,1.0,,20,强势|服务者,强势,服务者,4,强势成功,89
69e447d2000000001d01aa01,"当算法有了腿，程序员万万没想到……

",,2912.0,2,69e84b41000000001401b809,69e45fee0000000014019c18,6006be18000000000100b85a,既要熬夜，又要剧烈运动，更容易猝死了[捂脸R],2026.04.22,上海,1.0,,23,强势|服务者,强势,服务者,5,强势成功,89
69e4426b000000001d01c7ed,"一个大的一个小的一个废的

",,7334.0,1,69e45d84000000001401d417,,67a5a952000000000300e4e4,不用牛马跟着跑这点挺好，免得昨晚熬夜完再跑猝死了,2026.04.19,北京,0.0,0.0,24,混合|观众,混合,观众,9,,89
69e2583b00000000230211ea,"

",,2406.0,1,69e778ea000000001401dc03,,6533aec8000000000301c709,昨晚熬夜锻炼了一晚上，猝死了,2026.04.21,贵州,0.0,0.0,14,失败|抢救者,失败,抢救者,5,失败,89
69df625d0000000021005c63,"“扶我起来，我还能再跑10公里”

",,9992.0,1,69e471da0000000014018c0a,,644b5a95000000002a00ab9e,脑梗猝死[偷笑R],2026.04.19,广东,0.0,0.0,9,失败|观众,失败,观众,2,失败,89
69e447d2000000001d01aa01,"当算法有了腿，程序员万万没想到……

",,2912.0,1,69e49d77000000001401dc27,,559a9869b7ba2244e0392cf0,好怕猝死[笑哭R][笑哭R],2026.04.19,北京,0.0,0.0,14,强势|服务者,强势,服务者,2,强势成功,89
69e447d2000000001d01aa01,"当算法有了腿，程序员万万没想到……

",,2912.0,1,69e49cb1000000001401c833,,61628f130000000002018b2f,挺好的，多运动防猝死,2026.04.19,陕西,0.0,0.0,10,强势|服务者,强势,服务者,2,强势成功,89
69e447d2000000001d01aa01,"当算法有了腿，程序员万万没想到……

",,2912.0,1,69e462ad000000001401a801,,687d2ffb000000001d00aac3,[捂脸R]这么搞不怕猝死了？,2026.04.19,湖南,0.0,0.0,14,强势|服务者,强势,服务者,2,强势成功,89
69e447d2000000001d01aa01,"当算法有了腿，程序员万万没想到……

",,2912.0,1,69e45ec9000000001401bc26,,5dfaf091000000000100b7d1,这下程序员猝死几率又上升了,2026.04.19,云南,0.0,0.0,13,强势|服务者,强势,服务者,5,强势成功,89
69e481e8000000002003ad94,"

",,,2,69e99d2d000000001401c807,69e653eb0000000014018807,5905311482ec393487fe1378,说的也是，容易脑出血。,2026.04.23,湖北,0.0,,11,强势|服务者,强势,服务者,2,强势成功,89
69e447d2000000001d01aa01,"当算法有了腿，程序员万万没想到……

",,2912.0,2,69e51402000000001401d808,69e44a84000000001401b822,68f36e500000000037004628,还是会猝死，因为白天跑步晚上熬夜，容易跑步途中突发心梗了[笑哭R],2026.04.20,重庆,0.0,,33,强势|服务者,强势,服务者,10,强势成功,89
69e447d2000000001d01aa01,"当算法有了腿，程序员万万没想到……

",,2912.0,2,69e566ce000000001401e817,69e44a84000000001401b822,645ccfc20000000014011726,熬夜加班在剧烈运动更容易猝死了[笑哭R],2026.04.20,北京,0.0,,20,强势|服务者,强势,服务者,5,强势成功,89
69e447d2000000001d01aa01,"当算法有了腿，程序员万万没想到……

",,2912.0,2,69e573c2000000001401b817,69e44a84000000001401b822,5a1ab2ca11be104a7a1e77e8,过劳之后剧烈运动，更容易猝死,2026.04.20,北京,0.0,,14,强势|服务者,强势,服务者,5,强势成功,89
69e447d2000000001d01aa01,"当算法有了腿，程序员万万没想到……

",,2912.0,2,69e58e7d000000001401b80b,69e44a84000000001401b822,5ba8228a7962400001987744,熬夜+高强度运动，死得更快了[笑哭R][汗颜R],2026.04.20,山东,0.0,,24,强势|服务者,强势,服务者,5,强势成功,89
69e447d2000000001d01aa01,"当算法有了腿，程序员万万没想到……

",,2912.0,2,69e59410000000001401d805,69e44a84000000001401b822,59f9b78511be1019b1367b4c,[捂脸R]熬夜后剧烈运动更容易嘎吧躺下,2026.04.20,江苏,0.0,,19,强势|服务者,强势,服务者,3,强势成功,89
69e447d2000000001d01aa01,"当算法有了腿，程序员万万没想到……

",,2912.0,2,69e5fcad0000000014018804,69e44a84000000001401b822,5c60e36200000000180019fc,又加班又马拉松 容易猝死[哭惹R],2026.04.20,北京,0.0,,17,强势|服务者,强势,服务者,4,强势成功,89
69e447d2000000001d01aa01,"当算法有了腿，程序员万万没想到……

",,2912.0,2,69e6cc18000000001401e409,69e44a84000000001401b822,6117f0c0000000000101cb90,我咋感觉更容易猝死了，高强度工作还得高强度跑步[doge],2026.04.21,浙江,0.0,,29,强势|服务者,强势,服务者,6,强势成功,89
69e447d2000000001d01aa01,"当算法有了腿，程序员万万没想到……

",,2912.0,2,69e80c9f0000000014018c02,69e44a84000000001401b822,5a816bd8e8ac2b60ab59fe40,这很容易猝死呀,2026.04.22,中国香港,0.0,,7,强势|服务者,强势,服务者,2,强势成功,89
69e447d2000000001d01aa01,"当算法有了腿，程序员万万没想到……

",,2912.0,2,69e468ac000000001401e437,69e44a84000000001401b822,5dd11b02000000000100b10c,运动就不会猝死么？ 请看看张雪峰老师,2026.04.19,广东,0.0,,18,强势|服务者,强势,服务者,5,强势成功,89
69e45dbe000000001f00434f,"机器人跑马拉松超越人类？

",4650.0,773.0,2,69e4e5fc000000001401a811,69e4e279000000001401a41b,656bcc32000000001902e486,我真惊讶了，最像人,2026.04.19,广东,109.0,,9,强势|观众,强势,观众,3,强势成功,90
69e46730000000001d0199c8,"

",,761.0,1,69e4ba66000000001401c80f,,66e5a91f000000000b031b4e,第三个有一点点像薛之谦，别打我[捂脸R],2026.04.19,北京,35.0,4.0,20,强势|观众,强势,观众,4,强势成功,90
69e634590000000022003bb5,"每个马拉松机器人，都有自己的热血故事。

",,824.0,2,69e6de21000000001401bc10,69e6af22000000001401d40d,5d0e27f60000000010027a3e,大家都在默默记录他的成长[赞R],2026.04.21,广东,34.0,,16,常态|观众,常态,观众,4,常态,90
69e46730000000001d0199c8,"

",,761.0,2,69e4e535000000001401d431,69e4d3db000000001401b839,5c4e6c2b00000000120324c5,你看它想不想薛之谦 哈哈哈哈哈,2026.04.19,上海,31.0,,15,强势|观众,强势,观众,2,强势成功,90
69e4b08d000000001d01c1bc,"机器人马拉松参赛选手“进化速度这一块”

",,379.0,2,69e4da660000000014018c21,69e4d08e000000001401a422,5f03122c000000000101c386,我看到的时候第一反应也是像邓超[笑哭R],2026.04.19,新疆,14.0,,20,混合|观众,混合,观众,3,,90
69e429b4000000001b00037a,"张杰演唱会机器人来参加半马了？？

",,2026.0,1,69e43c19000000001401ac1b,,612dd3140000000001014c6f,11km处都没看到这位[doge],2026.04.19,北京,11.0,4.0,17,常态|观众,常态,观众,2,常态,90
69e463df000000001b003017,"

",3270.0,219.0,1,69e5c39b000000001401b805,,612839650000000001008658,为什么我总是能想到他[偷笑R],2026.04.20,吉林,8.0,4.0,15,强势|服务者,强势,服务者,3,强势成功,90
69e41e24000000001a025f1a,"人形机器人半马摔倒瞬间🔥🔥

",1155.0,129.0,1,69e482ba000000001401e430,,557026d7b7ba221e90669a8b,由于太像人了确实会引人共情啊,2026.04.19,北京,7.0,0.0,14,失败|观众,失败,观众,6,失败,90
69e47f8f000000001f007203,"2026年机器人马拉松状态，五年后再看🤣

",,5834.0,1,69e65118000000001401ac13,,59c15b3144363b721aeb9de5,为啥一看到他我就想到潘玮柏[笑哭R],2026.04.21,广西,4.0,2.0,18,混合|观众,混合,观众,2,,90
69da7e87000000001a03484e,"今晚的亦庄机器人马拉松测试

",,8169.0,2,69db0c6d000000000d03d3d4,69db0c2e0000000002034cbc,591332b46a6a6942d24b639d,上面好几个了[笑哭R],2026.04.12,山西,3.0,,11,强势|观众,强势,观众,2,强势成功,90
69e47f8f000000001f007203,"2026年机器人马拉松状态，五年后再看🤣

",,5834.0,2,69e5b8ce0000000014019406,69e5b875000000001401e01a,60f947940000000001000fce,它好像大张伟~,2026.04.20,重庆,3.0,,7,混合|观众,混合,观众,2,,90
69e46730000000001d0199c8,"

",,761.0,2,69e4e67b000000001401c03a,69e4d3db000000001401b839,67e8f672000000000a03cd8f,我看见他的时候也想到薛之谦嘞哈哈哈哈哈,2026.04.19,浙江,3.0,,19,强势|观众,强势,观众,3,强势成功,90
69e42cc100000000220001ad,"机器人马拉松倒数第一名，萌翻了🤣🤣🤣

",,8501.0,1,69e78d8c000000001401e430,,608fe5410000000001004681,远看还以为是赛伊德[doge],2026.04.21,四川,2.0,0.0,15,弱势|观众,弱势,观众,2,弱势,90
69e47f8f000000001f007203,"2026年机器人马拉松状态，五年后再看🤣

",,5834.0,1,69e869b3000000001401e815,,5d072626000000001200a4b9,这个好，被这个圈粉了，因为他会饭撒[笑哭R][笑哭R],2026.04.22,广东,2.0,0.0,27,混合|观众,混合,观众,2,,90
69e481e8000000002003ad94,"

",,,2,69e6cae9000000001401c01c,69e592e5000000001401dc07,5ffb789200000000010071c5,不像人容易，像人很难,2026.04.21,河南,2.0,,10,强势|服务者,强势,服务者,4,强势成功,90
69e45dbe000000001f00434f,"机器人跑马拉松超越人类？

",4650.0,773.0,2,69e53304000000001401a403,69e4e279000000001401a41b,6303f703000000001200f026,对，喜欢像人的[大笑R],2026.04.20,美国,2.0,,12,强势|观众,强势,观众,2,强势成功,90
69e4426b000000001d01c7ed,"一个大的一个小的一个废的

",,7334.0,1,69e47557000000001401e80a,,5b32e8636b58b770caa1faac,它还挺体面，一直坐得直直的。,2026.04.19,河南,1.0,0.0,14,混合|观众,混合,观众,3,,90
69df625d0000000021005c63,"“扶我起来，我还能再跑10公里”

",,9992.0,1,69dfa61100000000020374fd,,5bb35fdabb1c7400019e9a9b,第二位应该是于谦的父亲欧阳青松先生,2026.04.15,北京,1.0,0.0,17,失败|观众,失败,观众,5,失败,90
69e4b08d000000001d01c1bc,"机器人马拉松参赛选手“进化速度这一块”

",,379.0,1,69ea563b000000001401940c,,64095d86000000001f033a84,真的好像邓超[笑哭R],2026.04.24,北京,1.0,0.0,11,混合|观众,混合,观众,3,,90
69e463df000000001b003017,"

",3270.0,219.0,1,69e634b6000000001401c429,,67c7c14c000000000e012f8d,其实我觉得他的造型也蛮帅的,2026.04.20,山西,1.0,0.0,13,强势|服务者,强势,服务者,3,强势成功,90
69e42cc100000000220001ad,"机器人马拉松倒数第一名，萌翻了🤣🤣🤣

",,8501.0,2,69e45288000000001401c810,69e452300000000014018818,62aff5a9000000001b000a22,跟人类一样吧,2026.04.19,浙江,1.0,,6,弱势|观众,弱势,观众,2,弱势,90
69e47f8f000000001f007203,"2026年机器人马拉松状态，五年后再看🤣

",,5834.0,2,69e6ccfa000000001401a420,69e65118000000001401ac13,5f0955b200000000010078fd,不对，是20年前的潘帅[暗中观察R],2026.04.21,广东,1.0,,18,混合|观众,混合,观众,4,,90
69e43b14000000001a02e095,"好萌的小黑仔跑马拉松

",,2760.0,2,69e5957f0000000014019412,69e45412000000001401b835,6665f9f00000000007004300,我还以为是娜塔莎[偷笑R],2026.04.20,福建,1.0,,13,弱势|服务者,弱势,服务者,2,弱势,90
69e43b14000000001a02e095,"好萌的小黑仔跑马拉松

",,2760.0,2,69e4580f000000001401cc1a,69e44595000000001401b808,5a50ebc8e8ac2b2bc6947810,他那脸感觉已经是这里面最拟人的了[笑哭R],2026.04.19,浙江,1.0,,21,弱势|服务者,弱势,服务者,2,弱势,90
69e4551e000000001f005895,"荣耀机器人赢麻了🤖我觉得它表情在嘲讽我

",,816.0,1,69e496a00000000014019000,,5f2bd0de0000000001001bdf,这不像人啊,2026.04.19,福建,0.0,0.0,5,强势|被超越者,强势,被超越者,2,强势成功,90
69da7e87000000001a03484e,"今晚的亦庄机器人马拉松测试

",,8169.0,1,69db40a70000000002029311,,62c1319c000000001b026fc2,最后一个最牛[点赞R]第二个也不错,2026.04.12,上海,0.0,0.0,17,强势|观众,强势,观众,4,强势成功,90
69da7e87000000001a03484e,"今晚的亦庄机器人马拉松测试

",,8169.0,1,69db0d4a00000000350217cd,,58beb3e96a6a691b70168f5e,好像刘能[笑哭R][笑哭R],2026.04.12,吉林,0.0,0.0,14,强势|观众,强势,观众,2,强势成功,90
69e42cc100000000220001ad,"机器人马拉松倒数第一名，萌翻了🤣🤣🤣

",,8501.0,1,69e4fac4000000001401d81a,,5ca0400a0000000012010370,太可爱了！我希望能够赋予他灵魂[偷笑R]！,2026.04.19,甘肃,0.0,0.0,21,弱势|观众,弱势,观众,5,弱势,90
69e47f8f000000001f007203,"2026年机器人马拉松状态，五年后再看🤣

",,5834.0,1,69e6fdc8000000001401bc3a,,6724ca09000000000800badd,乍一看 以为大张伟,2026.04.21,山东,0.0,1.0,9,混合|观众,混合,观众,3,,90
69e47f8f000000001f007203,"2026年机器人马拉松状态，五年后再看🤣

",,5834.0,1,69e5b9ef000000001401c018,,63bb954d0000000026013d03,他好像知道自己很美也,2026.04.20,四川,0.0,0.0,10,混合|观众,混合,观众,3,,90
69e42cc100000000220001ad,"机器人马拉松倒数第一名，萌翻了🤣🤣🤣

",,8501.0,2,69e5079e000000001401a00e,69e505d8000000001401a409,5f491bd20000000001001c90,蚊子除外,2026.04.20,广西,823.0,,4,弱势|观众,弱势,观众,2,弱势,91
69e42cc100000000220001ad,"机器人马拉松倒数第一名，萌翻了🤣🤣🤣

",,8501.0,2,69e50a0c000000001401940b,69e505d8000000001401a409,5f491bd20000000001001c90,苍蝇除外,2026.04.20,广西,545.0,,4,弱势|观众,弱势,观众,2,弱势,91
69e42cc100000000220001ad,"机器人马拉松倒数第一名，萌翻了🤣🤣🤣

",,8501.0,2,69e51048000000001401d80f,69e505d8000000001401a409,600cc7fa00000000010007a1,蟑螂呢？老鼠呢？[偷笑R][偷笑R][偷笑R],2026.04.20,北京,17.0,,23,弱势|观众,弱势,观众,2,弱势,91
69e40352000000002102fc75,"机器人马拉松现场第一视角看全部队伍

",,1160.0,2,69e42d360000000014019011,69e42af8000000001401ac17,579228967fc5b8152b2b30d9,别人在绕月，苍蝇却盯着厕所[偷笑R],2026.04.19,上海,14.0,,18,常态|服务者,常态,服务者,3,常态,91
69e43b14000000001a02e095,"好萌的小黑仔跑马拉松

",,2760.0,1,69e4b670000000001401bc3b,,5638cba6a40e18371f84695d,哪个蚊子还咬人家屁屁,2026.04.19,陕西,2.0,0.0,10,弱势|服务者,弱势,服务者,4,弱势,91
69e4426b000000001d01c7ed,"一个大的一个小的一个废的

",,7334.0,2,69e4a544000000001401e80b,69e46d59000000001401c42a,69842cbb0000000021025776,广东蟑螂🪳：hi～～～～,2026.04.19,广东,2.0,,12,混合|观众,混合,观众,3,,91
69da7e87000000001a03484e,"今晚的亦庄机器人马拉松测试

",,8169.0,1,69db4ae1000000001400aa2f,,6447f9640000000029013eca,[呃R]像，奔跑的大蟑螂,2026.04.12,上海,1.0,0.0,12,强势|观众,强势,观众,2,强势成功,91
69e44278000000001a0217bb,"机器人超过我的瞬间

",6019.0,372.0,2,69e4eab4000000001401cc29,69e4573a000000001401a417,69dcf4520000000032026260,我是蠕动的蛆虫[doge],2026.04.19,安徽,1.0,,13,强势|被超越者,强势,被超越者,2,强势成功,91
69e42cc100000000220001ad,"机器人马拉松倒数第一名，萌翻了🤣🤣🤣

",,8501.0,2,69e7018a000000001401dc12,69e505d8000000001401a409,615697ce000000000201fc6d,笑死了楼主不语，楼主只是一味地蚊子蟑螂老鼠除外，直到最后没招了别过来都别过来哈哈哈哈哈哈哈,2026.04.21,海南,1.0,,45,弱势|观众,弱势,观众,14,弱势,91
69e46730000000001d0199c8,"

",,761.0,2,69e583ab000000001401c401,69e575f4000000001401d80d,5e107bd4000000000100708c,是形容它很小的意思,2026.04.20,北京,1.0,,9,强势|观众,强势,观众,3,强势成功,91
69e2583b00000000230211ea,"

",,2406.0,1,69e3037e000000001401e036,,66a08710000000002401d5c5,我家蟑螂喷了蟑螂药也这样,2026.04.18,四川,0.0,0.0,12,失败|抢救者,失败,抢救者,4,失败,91
69e2583b00000000230211ea,"

",,2406.0,1,69e2f8de000000001401e822,,5fb24208000000000101d1ce,变无头苍蝇了,2026.04.18,山东,0.0,0.0,6,失败|抢救者,失败,抢救者,2,失败,91
69da7e87000000001a03484e,"今晚的亦庄机器人马拉松测试

",,8169.0,1,69db013c000000000d034fa8,,63687973000000001f017237,大蟑螂恶心么,2026.04.12,天津,0.0,0.0,6,强势|观众,强势,观众,2,强势成功,91
69da7e87000000001a03484e,"今晚的亦庄机器人马拉松测试

",,8169.0,1,69daf686000000001500708b,,60ab1e2e000000000100529c,跑起来稳如老狗 比我们广东的蟑螂还要稳,2026.04.12,广东,0.0,0.0,19,强势|观众,强势,观众,6,强势成功,91
69e42cc100000000220001ad,"机器人马拉松倒数第一名，萌翻了🤣🤣🤣

",,8501.0,1,69e75e3b0000000014018c0e,,5c09439d6b58b75d3216d24d,蚊子和苍蝇臭屁虫该死的,2026.04.21,广东,0.0,0.0,11,弱势|观众,弱势,观众,4,弱势,91
69e46730000000001d0199c8,"

",,761.0,1,69e804a1000000001401e801,,617cd483000000000201a25a,第一个好像螳螂,2026.04.22,安徽,0.0,0.0,7,强势|观众,强势,观众,3,强势成功,91
69e46730000000001d0199c8,"

",,761.0,1,69e5c1d9000000001401b820,,6586f57e000000001c00a0ed,第一个像螳螂,2026.04.20,浙江,0.0,0.0,6,强势|观众,强势,观众,2,强势成功,91
69e4412a000000002103883f,"荣耀闪电队-齐天大圣夺冠！

",3517.0,445.0,1,69e48303000000002b033c7e,,5e97d71f0000000001009bdb,好像诡异的螳螂啊啊啊啊啊[捂脸R],2026.04.19,马来西亚,0.0,0.0,17,强势|观众,强势,观众,3,强势成功,91
69e4426b000000001d01c7ed,"一个大的一个小的一个废的

",,7334.0,2,69e593110000000014019c1e,69e46d59000000001401c42a,58a26e4f3460947515f6b668,[doge]除了蚊子,2026.04.20,浙江,0.0,,10,混合|观众,混合,观众,2,,91
69e4426b000000001d01c7ed,"一个大的一个小的一个废的

",,7334.0,2,69e9b3a8000000001401e81b,69e46d59000000001401c42a,6313f463000000001200e8e0,除了蚊子苍蝇蟑螂[抽泣R],2026.04.23,黑龙江,0.0,,13,混合|观众,混合,观众,4,,91
69e4426b000000001d01c7ed,"一个大的一个小的一个废的

",,7334.0,2,69ecdfa9000000002800ba3c,69e46d59000000001401c42a,54314c8be7798938c2319ab0,除了蚂蟥,2026.04.25,广西,0.0,,4,混合|观众,混合,观众,2,,91
69e42cc100000000220001ad,"机器人马拉松倒数第一名，萌翻了🤣🤣🤣

",,8501.0,2,69e54098000000001401dc02,69e505d8000000001401a409,5c449317000000000502ae79,蚊子死绝,2026.04.20,陕西,0.0,,4,弱势|观众,弱势,观众,2,弱势,91
69e42cc100000000220001ad,"机器人马拉松倒数第一名，萌翻了🤣🤣🤣

",,8501.0,2,69e568880000000014018c0a,69e505d8000000001401a409,598a76a4b1da144728f4df4c,北方老鼠看着小小的有些也很可爱[捂脸R],2026.04.20,四川,0.0,,20,弱势|观众,弱势,观众,6,弱势,91
69e42cc100000000220001ad,"机器人马拉松倒数第一名，萌翻了🤣🤣🤣

",,8501.0,2,69e56b76000000001401e00e,69e505d8000000001401a409,62fa50f800000000120037f3,小蟑螂：谢谢你为我发声,2026.04.20,广东,0.0,,11,弱势|观众,弱势,观众,3,弱势,91
69e42cc100000000220001ad,"机器人马拉松倒数第一名，萌翻了🤣🤣🤣

",,8501.0,2,69e5707f000000001401bc05,69e505d8000000001401a409,687a316e000000001b0192cb,蚊子的小孩也肯定可爱,2026.04.20,马来西亚,0.0,,10,弱势|观众,弱势,观众,4,弱势,91
69e42cc100000000220001ad,"机器人马拉松倒数第一名，萌翻了🤣🤣🤣

",,8501.0,2,69e570a0000000001401bc03,69e505d8000000001401a409,687a316e000000001b0192cb,苍蝇的小孩也应该可爱的,2026.04.20,马来西亚,0.0,,11,弱势|观众,弱势,观众,3,弱势,91
69e42cc100000000220001ad,"机器人马拉松倒数第一名，萌翻了🤣🤣🤣

",,8501.0,2,69e58608000000001401bc0c,69e505d8000000001401a409,658bd89d0000000022015151,蟑螂也是小小的[吃瓜R],2026.04.20,江苏,0.0,,12,弱势|观众,弱势,观众,2,弱势,91
69e42cc100000000220001ad,"机器人马拉松倒数第一名，萌翻了🤣🤣🤣

",,8501.0,2,69e5c998000000001401bc01,69e505d8000000001401a409,6495af86000000001001fa6b,小小的苍蝇和一米八的苍蝇你喜欢哪个[偷笑R],2026.04.20,天津,0.0,,22,弱势|观众,弱势,观众,6,弱势,91
69e42cc100000000220001ad,"机器人马拉松倒数第一名，萌翻了🤣🤣🤣

",,8501.0,2,69e5ed1c000000001401a02d,69e505d8000000001401a409,5a997c8111be105d89ae63aa,送你一窝广东小蟑螂,2026.04.20,广东,0.0,,9,弱势|观众,弱势,观众,3,弱势,91
69e42cc100000000220001ad,"机器人马拉松倒数第一名，萌翻了🤣🤣🤣

",,8501.0,2,69e5f09b000000001401a822,69e505d8000000001401a409,645640d1000000000f0069b8,毛毛虫的幼虫,2026.04.20,陕西,0.0,,6,弱势|观众,弱势,观众,2,弱势,91
69e45dbe000000001f00434f,"机器人跑马拉松超越人类？

",4650.0,773.0,1,69e4e279000000001401a41b,,5be7fb237f584800013c75d8,元气仔姿势最标准[笑哭R],2026.04.19,广东,1442.0,47.0,13,强势|观众,强势,观众,3,强势成功,92
69e45dbe000000001f00434f,"机器人跑马拉松超越人类？

",4650.0,773.0,1,69e4daa5000000001401c02c,,60f6e9aa0000000001005874,元气仔跑得最好,2026.04.19,广东,374.0,8.0,7,强势|观众,强势,观众,3,强势成功,92
69e45dbe000000001f00434f,"机器人跑马拉松超越人类？

",4650.0,773.0,2,69e64f29000000001401bc19,69e64eea000000001401a400,6077a8c20000000001009608,那个元气仔也是荣耀的,2026.04.21,海南,77.0,,10,强势|观众,强势,观众,2,强势成功,92
69e45dbe000000001f00434f,"机器人跑马拉松超越人类？

",4650.0,773.0,1,69e47ed90000000014019004,,62ba9383000000001902bc52,元气仔跑姿最接近人,2026.04.19,北京,52.0,1.0,9,强势|观众,强势,观众,4,强势成功,92
69e45dbe000000001f00434f,"机器人跑马拉松超越人类？

",4650.0,773.0,2,69e65044000000001401c01d,69e64eea000000001401a400,606c9d300000000001006243,元气这个感觉最接近人类运动行为了,2026.04.21,辽宁,47.0,,16,强势|观众,强势,观众,5,强势成功,92
69e45dbe000000001f00434f,"机器人跑马拉松超越人类？

",4650.0,773.0,2,69e577ee000000001401e405,69e4daa5000000001401c02c,54dae034e7798965bfe4fba6,我也喜欢元气仔，特别可爱，有一种不擅长运动的高中女生的跑姿,2026.04.20,北京,17.0,,29,强势|观众,强势,观众,8,强势成功,92
69e45dbe000000001f00434f,"机器人跑马拉松超越人类？

",4650.0,773.0,2,69e58707000000001401c801,69e4e279000000001401a41b,5fbb54b000000000010016bc,元气仔丝滑的跑，舒服,2026.04.20,广东,6.0,,10,强势|观众,强势,观众,3,强势成功,92
69e45dbe000000001f00434f,"机器人跑马拉松超越人类？

",4650.0,773.0,1,69e6da490000000014018c04,,5c5c4a5a0000000011036483,元气仔：为什么我出场你们不欢呼？人去哪里了？,2026.04.21,浙江,5.0,0.0,22,强势|观众,强势,观众,6,强势成功,92
69e45dbe000000001f00434f,"机器人跑马拉松超越人类？

",4650.0,773.0,1,69e5ebc1000000001401cc28,,5f37763f0000000001006c34,元气仔跑的最像人,2026.04.20,广东,4.0,0.0,8,强势|观众,强势,观众,3,强势成功,92
69e45dbe000000001f00434f,"机器人跑马拉松超越人类？

",4650.0,773.0,1,69e4e7a8000000001401e00b,,6472cd3f000000000f007499,元气仔这个已经像人类跑步了,2026.04.19,浙江,4.0,0.0,13,强势|观众,强势,观众,3,强势成功,92
69e45dbe000000001f00434f,"机器人跑马拉松超越人类？

",4650.0,773.0,2,69e583360000000014019c03,69e4e279000000001401a41b,5be7fb237f584800013c75d8,对，那些好像踩着风火轮一样，只有元气仔是跑的[笑哭R],2026.04.20,广东,4.0,,27,强势|观众,强势,观众,7,强势成功,92
69e45dbe000000001f00434f,"机器人跑马拉松超越人类？

",4650.0,773.0,1,69e504470000000014018805,,5ccec2ec000000001702c114,元气仔好优雅好有松弛感 其他都是埋头苦干[笑哭R],2026.04.20,江苏,3.0,0.0,25,强势|观众,强势,观众,6,强势成功,92
69e45dbe000000001f00434f,"机器人跑马拉松超越人类？

",4650.0,773.0,1,69e4e104000000001401cc0e,,60bcdb43000000000101dc6d,元气仔跑的好轻柔啊,2026.04.19,贵州,3.0,0.0,9,强势|观众,强势,观众,3,强势成功,92
69e45dbe000000001f00434f,"机器人跑马拉松超越人类？

",4650.0,773.0,1,69e4d97c000000001401a002,,557fbdf158944628a13233e0,元气仔跑步姿态真好看,2026.04.19,福建,3.0,0.0,10,强势|观众,强势,观众,4,强势成功,92
69e45dbe000000001f00434f,"机器人跑马拉松超越人类？

",4650.0,773.0,1,69e5782b000000001401c01b,,5e6a3c9a000000000100396c,元气仔最标准，最像人在跑,2026.04.20,广东,2.0,0.0,12,强势|观众,强势,观众,4,强势成功,92
69e45dbe000000001f00434f,"机器人跑马拉松超越人类？

",4650.0,773.0,1,69e5826a000000001401d418,,5e90f4f1000000000100a8f2,喜欢元气仔，优雅[黄金薯R],2026.04.20,北京,1.0,0.0,14,强势|观众,强势,观众,3,强势成功,92
69e45dbe000000001f00434f,"机器人跑马拉松超越人类？

",4650.0,773.0,1,69e4e493000000001401dc37,,60b392ca0000000001004649,元气仔挺惊艳啊,2026.04.19,湖北,1.0,0.0,7,强势|观众,强势,观众,3,强势成功,92
69e45dbe000000001f00434f,"机器人跑马拉松超越人类？

",4650.0,773.0,1,69e4e177000000001401bc29,,5e3d70ba0000000001004641,元气仔最像人[派对R],2026.04.19,福建,1.0,0.0,11,强势|观众,强势,观众,2,强势成功,92
69e45dbe000000001f00434f,"机器人跑马拉松超越人类？

",4650.0,773.0,1,69e4d09b000000001401c408,,660a1e6e000000000b00ddad,元气仔跑姿好标准,2026.04.19,四川,1.0,0.0,8,强势|观众,强势,观众,4,强势成功,92
69e45dbe000000001f00434f,"机器人跑马拉松超越人类？

",4650.0,773.0,1,69e4b106000000001401c831,,5a8d21724eacab6850484f8a,元气仔跑步姿势好规范,2026.04.19,重庆,1.0,0.0,10,强势|观众,强势,观众,4,强势成功,92
69da7e87000000001a03484e,"今晚的亦庄机器人马拉松测试

",,8169.0,1,69e2fa45000000001401a43a,,6074038a0000000001005acb,看到我们家闪电的身影了[偷笑R]欢迎大家投投票，你一票我一票，元气闪电将出道[红色心形R],2026.04.18,广东,0.0,0.0,45,强势|观众,强势,观众,10,强势成功,92
69e47f8f000000001f007203,"2026年机器人马拉松状态，五年后再看🤣

",,5834.0,1,69eb4013000000002702cfd6,,677278f10000000018017955,怎么没看到我们的夺冠选手闪电[旺柴]倒是看到元气仔了，跑的真的很优雅啊,2026.04.24,广西,0.0,0.0,35,混合|观众,混合,观众,6,,92
69df625d0000000021005c63,"“扶我起来，我还能再跑10公里”

",,9992.0,1,69e10275000000001401c414,,65f6d9c8000000000b00e889,跑到死唔断气的样子确实像人类,2026.04.16,广东,0.0,0.0,14,失败|观众,失败,观众,4,失败,92
69e45dbe000000001f00434f,"机器人跑马拉松超越人类？

",4650.0,773.0,1,69e5ba71000000001401d42c,,5e7989000000000001006355,元气仔好优雅,2026.04.20,山西,0.0,0.0,6,强势|观众,强势,观众,3,强势成功,92
69e45dbe000000001f00434f,"机器人跑马拉松超越人类？

",4650.0,773.0,1,69e5b7c7000000001401d429,,61553c61000000000202353a,元气仔最像人[笑哭R]应该在竞速之外，特别设立一些单项奖，比如最像人的[笑哭R],2026.04.20,上海,0.0,0.0,40,强势|观众,强势,观众,10,强势成功,92
69e45dbe000000001f00434f,"机器人跑马拉松超越人类？

",4650.0,773.0,1,69e5b60d000000001401e800,,5ae58ccb4eacab2e60c98c3f,荣耀的元气仔很轻盈,2026.04.20,云南,0.0,0.0,9,强势|观众,强势,观众,3,强势成功,92
69e45dbe000000001f00434f,"机器人跑马拉松超越人类？

",4650.0,773.0,1,69e5addd000000001401d812,,5a682181e8ac2b713a15e681,元气仔好像人啊,2026.04.20,山东,0.0,0.0,7,强势|观众,强势,观众,3,强势成功,92
69e45dbe000000001f00434f,"机器人跑马拉松超越人类？

",4650.0,773.0,1,69e5a96d000000001401c805,,67a0fc68000000000d009afd,元气仔太牛了吧[笑哭R]这跑步姿势,2026.04.20,江苏,0.0,0.0,17,强势|观众,强势,观众,4,强势成功,92
69e45dbe000000001f00434f,"机器人跑马拉松超越人类？

",4650.0,773.0,1,69e599c7000000001401e427,,5f9d1b920000000001005dfa,元气仔  将获得——动作标准奖！[点赞R],2026.04.20,内蒙古,0.0,0.0,21,强势|观众,强势,观众,4,强势成功,92
69e45dbe000000001f00434f,"机器人跑马拉松超越人类？

",4650.0,773.0,1,69e59866000000001401d403,,5fe724390000000001005567,元气仔好帅啊！,2026.04.20,江西,0.0,0.0,7,强势|观众,强势,观众,2,强势成功,92
69e447d2000000001d01aa01,"当算法有了腿，程序员万万没想到……

",,2912.0,1,69e45c21000000001401e00b,,5ecfc52b000000000100041b,以后录用：体力怎么样,2026.04.19,北京,94.0,5.0,10,强势|服务者,强势,服务者,3,强势成功,93
69e447d2000000001d01aa01,"当算法有了腿，程序员万万没想到……

",,2912.0,2,69e4e6b9000000001401b01a,69e48c45000000001401e034,54e5c1f0e779895d95957194,那你想错了，长跑届35+是最卷（马拉松大众跑得最快的年龄段，职业选手不算）,2026.04.19,北京,53.0,,37,强势|服务者,强势,服务者,11,强势成功,93
69e447d2000000001d01aa01,"当算法有了腿，程序员万万没想到……

",,2912.0,1,69e470230000000014019c1e,,60c9995e0000000001003aea,理科生负重跑的比体育生还快😂,2026.04.19,甘肃,3.0,0.0,14,强势|服务者,强势,服务者,4,强势成功,93
69e447d2000000001d01aa01,"当算法有了腿，程序员万万没想到……

",,2912.0,1,69e49372000000001401c42b,,5eca8ac500000000010052cd,工科生没想到自己有一天要干体育生的活,2026.04.19,湖北,2.0,0.0,18,强势|服务者,强势,服务者,4,强势成功,93
69e46032000000001f002048,"看着你们累倒在地上我很心疼，恨不得替你们

",,5680.0,2,69e97bd10000000014013007,69e84511000000001401a01c,5a9ab361e8ac2b6e8eda1c8b,不客气，奔5正是拼的年纪[萌萌哒R],2026.04.23,浙江,2.0,,18,常态|保护者,常态,保护者,3,常态,93
69e447d2000000001d01aa01,"当算法有了腿，程序员万万没想到……

",,2912.0,1,69e4a972000000001401c032,,5ebee15f00000000010067ff,这年头干活还得身体好啊哈哈,2026.04.19,日本,1.0,0.0,13,强势|服务者,强势,服务者,3,强势成功,93
69e447d2000000001d01aa01,"当算法有了腿，程序员万万没想到……

",,2912.0,1,69e4920f000000001401881a,,60419c1a000000000100145b,中高考考体测就都通了,2026.04.19,广东,1.0,0.0,10,强势|服务者,强势,服务者,3,强势成功,93
69e447d2000000001d01aa01,"当算法有了腿，程序员万万没想到……

",,2912.0,1,69e46d5c000000001401e00a,,66b4b102000000001d03038e,乘务员面试的时候，面试问：你体能怎么样？先来个体测[捂脸R][捂脸R],2026.04.19,北京,1.0,0.0,35,强势|服务者,强势,服务者,7,强势成功,93
69e447d2000000001d01aa01,"当算法有了腿，程序员万万没想到……

",,2912.0,1,69e46bef000000001401c40d,,5e360f90000000000100960c,[笑哭了R][笑哭了R][笑哭了R]不仅要技术过硬，还得要有运动员的体魄[斜眼R],2026.04.19,浙江,1.0,0.0,41,强势|服务者,强势,服务者,5,强势成功,93
69e46032000000001f002048,"看着你们累倒在地上我很心疼，恨不得替你们

",,5680.0,1,69e85917000000001401ac15,,640078bd000000002a00b40f,不喜欢跑步的人类现在还在期末体测绿色指标体育中考体育高考呢,2026.04.22,上海,1.0,0.0,29,常态|保护者,常态,保护者,11,常态,93
69e48d54000000002102e178,"😭亦庄机器人半马最感人一幕

",,1589.0,2,69e72ba70000000014018c1b,69e504de000000001401bc03,604d8387000000000100a4db,不说别的，体力应该会越来越好[偷笑R],2026.04.21,湖南,1.0,,19,弱势|保护者,弱势,保护者,4,弱势,93
69e481e8000000002003ad94,"

",,,2,69e634c2000000001401bc28,69e4853b000000001401b022,601c901f000000000100702a,壮阳得，提升精力,2026.04.20,广东,1.0,,8,强势|服务者,强势,服务者,3,强势成功,93
69e447d2000000001d01aa01,"当算法有了腿，程序员万万没想到……

",,2912.0,2,69e480ce000000001401bc17,69e44a84000000001401b822,68417f62000000001b018985,怪不得现在体测要从娃娃抓起[捂脸R],2026.04.19,北京,1.0,,18,强势|服务者,强势,服务者,4,强势成功,93
69e4426b000000001d01c7ed,"一个大的一个小的一个废的

",,7334.0,1,69e46aa4000000001401ac04,,635bde53000000000a02452c,机器人都受不了的跑步，大学能不能取消体测呀[doge],2026.04.19,广东,0.0,0.0,27,混合|观众,混合,观众,6,,93
69e2583b00000000230211ea,"

",,2406.0,1,69eb811c0000000029037cc9,,625bc9910000000010004b8e,我上完体育课就这样。。,2026.04.24,安徽,0.0,0.0,11,失败|抢救者,失败,抢救者,2,失败,93
69da7e87000000001a03484e,"今晚的亦庄机器人马拉松测试

",,8169.0,1,69db27cb0000000001005fd0,,60cf58840000000001005e87,25要上新国标了吧[doge],2026.04.12,广东,0.0,0.0,15,强势|观众,强势,观众,2,强势成功,93
69da7e87000000001a03484e,"今晚的亦庄机器人马拉松测试

",,8169.0,1,69dae9e70000000035028d26,,64c8fc35000000000b0041f5,完蛋了我们体育生要遭淘汰了[捂脸R],2026.04.12,四川,0.0,0.0,18,强势|观众,强势,观众,4,强势成功,93
69e47f8f000000001f007203,"2026年机器人马拉松状态，五年后再看🤣

",,5834.0,1,69e706fe000000001401d805,,60b41e0b0000000001002770,肾虚公子,2026.04.21,山东,0.0,0.0,4,混合|观众,混合,观众,2,,93
69e481e8000000002003ad94,"

",,,1,69e49d61000000001401b00c,,5926f0e55e87e73e0267ddc4,这个运动意义是？,2026.04.19,河南,0.0,0.0,8,强势|服务者,强势,服务者,2,强势成功,93
69e481e8000000002003ad94,"

",,,1,69ec5ab900000000280088de,,5f4511380000000001007d83,和人比差得远了，人体有自我调节功能，,2026.04.25,河南,0.0,0.0,18,强势|服务者,强势,服务者,5,强势成功,93
69e481e8000000002003ad94,"

",,,1,69e7146d000000001401dc13,,5f7683050000000001007608,体力不支，也学的有模有样,2026.04.21,广东,0.0,0.0,12,强势|服务者,强势,服务者,2,强势成功,93
69e481e8000000002003ad94,"

",,,1,69e5ad78000000001401d419,,5f22fbc0000000000100bce3,比运动员消耗还高…,2026.04.20,天津,0.0,0.0,9,强势|服务者,强势,服务者,2,强势成功,93
69e481e8000000002003ad94,"

",,,1,69e5a96a000000001401a422,,5f3945a20000000001007f81,人的体力可以！[偷笑R],2026.04.20,江苏,0.0,0.0,12,强势|服务者,强势,服务者,2,强势成功,93
69e481e8000000002003ad94,"

",,,1,69e4a5fc000000001401b82b,,63fc98290000000010026af4,这比伺候运动员还要辛苦💦,2026.04.19,中国香港,0.0,0.0,12,强势|服务者,强势,服务者,5,强势成功,93
69e481e8000000002003ad94,"

",,,1,69e4a53e000000001401d419,,59c8c6fd51783a347642cee6,怪不得35岁以上干不了呢，这谁能跑动啊,2026.04.19,广东,0.0,0.0,19,强势|服务者,强势,服务者,5,强势成功,93
69e447d2000000001d01aa01,"当算法有了腿，程序员万万没想到……

",,2912.0,1,69e4b0d7000000001401b000,,5fd071ba0000000001005205,平时缺的锻炼，都补上了[大笑R],2026.04.19,浙江,0.0,0.0,16,强势|服务者,强势,服务者,3,强势成功,93
69e447d2000000001d01aa01,"当算法有了腿，程序员万万没想到……

",,2912.0,1,69e4ae78000000001401a424,,5a7f995c11be101540ceb0bd,这就是为啥要增加体测的原因了,2026.04.19,北京,0.0,0.0,14,强势|服务者,强势,服务者,3,强势成功,93
69e447d2000000001d01aa01,"当算法有了腿，程序员万万没想到……

",,2912.0,1,69e4a95b000000001401b021,,5d1f0791000000001100e733,论锻炼身体的重要性,2026.04.19,四川,0.0,0.0,9,强势|服务者,强势,服务者,2,强势成功,93
69e447d2000000001d01aa01,"当算法有了腿，程序员万万没想到……

",,2912.0,1,69e4a2ca000000001401a420,,5967a75982ec392e94eecde0,体育老师终于不用生病了,2026.04.19,江苏,0.0,0.0,11,强势|服务者,强势,服务者,4,强势成功,93
69e447d2000000001d01aa01,"当算法有了腿，程序员万万没想到……

",,2912.0,1,69e4a1a7000000001401c84b,,61a4160e0000000010006a48,体育好很重要,2026.04.19,北京,0.0,0.0,6,强势|服务者,强势,服务者,2,强势成功,93
69e48341000000001a02d0c4,"机器人马拉松，我们看乐了，西方人看破防了🤣

",3931.0,1022.0,1,69f1a09a000000002a0049b8,,69994e69000000001d006c61,耀子机器人下次能不能找章若楠联动，冠军到手了，也该有个代言人了,2026.04.29,广东,63.0,1.0,31,强势|观众,强势,观众,9,强势成功,94
69e4b08d000000001d01c1bc,"机器人马拉松参赛选手“进化速度这一块”

",,379.0,2,69e4eaa9000000001401d444,69e4ea77000000001401c814,65885be0000000001c00b6b1,人和机器人分开颁奖的,2026.04.19,北京,27.0,,10,混合|观众,混合,观众,4,,94
69e43a5a000000001d01dcc7,"机器人嘲讽同伴

",1966.0,167.0,1,69e5a3e70000000014019c0e,,5c54696f000000001a01dcb7,有机器人负责比赛，有的负责社交[偷笑R],2026.04.20,北京,11.0,0.0,20,常态|观众,常态,观众,5,常态,94
69e59e520000000022027a90,"花田里犯了错|机器人马拉松正赛搞笑赏析

",,2593.0,2,69e6c7150000000014013001,69e5a096000000001401b813,5d7dcd2a000000000100265e,你这种创作也是变相吸引人关注这个比赛，对机器人推广发展也是好事,2026.04.21,广东,11.0,,31,弱势|观众,弱势,观众,8,弱势,94
69da7e87000000001a03484e,"今晚的亦庄机器人马拉松测试

",,8169.0,1,69dae3b2000000000d03f7d4,,677a316b00000000180175ee,话说，以后中国足球队能派机器人去踢吗[偷笑R][偷笑R][偷笑R][偷笑R],2026.04.12,北京,9.0,2.0,38,强势|观众,强势,观众,3,强势成功,94
69da7e87000000001a03484e,"今晚的亦庄机器人马拉松测试

",,8169.0,1,69db04870000000015006627,,683c291d000000001e017bc8,今年的机器人明显飞速啊 提升太快了,2026.04.12,北京,4.0,0.0,17,强势|观众,强势,观众,6,强势成功,94
69e59e520000000022027a90,"花田里犯了错|机器人马拉松正赛搞笑赏析

",,2593.0,1,69e6b192000000001401e40e,,60387bba00000000010042e9,什么时候能有机器人足球赛啊？,2026.04.21,加拿大,3.0,2.0,14,弱势|观众,弱势,观众,2,弱势,94
69df625d0000000021005c63,"“扶我起来，我还能再跑10公里”

",,9992.0,1,69df979a0000000001004e78,,5dca8bb100000000010000da,人类解说比AI有趣多了。,2026.04.15,安徽,2.0,0.0,12,失败|观众,失败,观众,4,失败,94
69e59e520000000022027a90,"花田里犯了错|机器人马拉松正赛搞笑赏析

",,2593.0,1,69e6db2f000000001401bc0b,,67e373a7000000000d0093fc,今年很多新參加的機械人，大膽嘗試，不怕被嘲笑，比躲在室內的日本機械人好得多。,2026.04.21,中国香港,2.0,0.0,38,弱势|观众,弱势,观众,13,弱势,94
69da7e87000000001a03484e,"今晚的亦庄机器人马拉松测试

",,8169.0,2,69daf14a0000000001004367,69dae3b2000000000d03f7d4,601fd956000000000100190f,机器人足球世界杯已经夺冠了[笑哭R],2026.04.12,浙江,2.0,,18,强势|观众,强势,观众,4,强势成功,94
69da7e87000000001a03484e,"今晚的亦庄机器人马拉松测试

",,8169.0,2,69db1056000000000d03fb78,69db09350000000035018759,587e28fe50c4b42799bfdac1,提供一个平台比赛，促进每一家机器人进步，当日本重启军国主义的时候可以派这些机器人杀入东京赏樱花,2026.04.12,江苏,2.0,,47,强势|观众,强势,观众,15,强势成功,94
69e2583b00000000230211ea,"

",,2406.0,1,69e784ac000000001401a020,,63876510000000001f018f15,搞什么机器人比赛？还不如赶尸人的赶尸好玩。,2026.04.21,浙江,1.0,0.0,21,失败|抢救者,失败,抢救者,7,失败,94
69da7e87000000001a03484e,"今晚的亦庄机器人马拉松测试

",,8169.0,1,69db14ca000000000c032f6e,,64afb416000000001001e40e,机器人进步是真快[点赞R]比赏赐机器人大赛好太多了,2026.04.12,北京,1.0,0.0,25,强势|观众,强势,观众,7,强势成功,94
69da7e87000000001a03484e,"今晚的亦庄机器人马拉松测试

",,8169.0,1,69dafad8000000003500fa0a,,5ec38dae0000000001007b0a,比去年的机器人牛逼多了,2026.04.12,北京,1.0,0.0,11,强势|观众,强势,观众,2,强势成功,94
69e44171000000001a026b25,"机器人马拉松比赛摔倒丝滑起身帅炸了🔥🔥

",9971.0,613.0,1,69e47c0f000000001401d813,,60766efe0000000001003fe9,别的机器人是来比赛的，你是来走秀的[doge],2026.04.19,广东,1.0,0.0,23,混合|观众,混合,观众,4,,94
69e47f8f000000001f007203,"2026年机器人马拉松状态，五年后再看🤣

",,5834.0,2,69e5917d000000001401e005,69e4e1f0000000001401a40f,5469f541d6e4a948a8c8fe38,起码抑郁症不是占大多数啊，大多数的人还是会因为小事而开心，就比如这种机器人比赛，大多数人还是觉得挺有意思的。,2026.04.20,上海,1.0,,54,混合|观众,混合,观众,13,,94
69e481e8000000002003ad94,"

",,,2,69e49c01000000001401c82d,69e49b570000000014019005,5fdde7810000000001001e98,后期可能让机器人踢足球。,2026.04.19,山东,1.0,,12,强势|服务者,强势,服务者,3,强势成功,94
69e481e8000000002003ad94,"

",,,2,69e6e0a9000000001401cc1b,69e490ae000000001401d42a,66bf6492000000001d021bb0,娱乐加炫技，这个比赛好像是人和机器人都有,2026.04.21,山东,1.0,,20,强势|服务者,强势,服务者,6,强势成功,94
69e2583b00000000230211ea,"

",,2406.0,1,69e30259000000001401c835,,662bcdc10000000003031866,这位机器人应该是主教练。,2026.04.18,江苏,0.0,0.0,12,失败|抢救者,失败,抢救者,3,失败,94
69e2583b00000000230211ea,"

",,2406.0,1,69e9600b000000001401d805,,689b18a10000000019020b9d,什么破玩意，搞这种机器人比赛纯吃饱了撑的！,2026.04.23,天津,0.0,0.0,21,失败|抢救者,失败,抢救者,4,失败,94
69db34bb000000001a0348ae,"机器人抢救现场

",4896.0,1198.0,1,69dc96fa000000003002485e,,603886620000000001004c24,到时候举办机器人搏斗大赛了,2026.04.13,北京,0.0,0.0,13,失败|抢救者,失败,抢救者,5,失败,94
69da7e87000000001a03484e,"今晚的亦庄机器人马拉松测试

",,8169.0,1,69daf8a70000000015005542,,5b9b26d863647a0001cca1c1,机器人也有老年组比赛吗,2026.04.12,天津,0.0,0.0,11,强势|观众,强势,观众,3,强势成功,94
69e47f8f000000001f007203,"2026年机器人马拉松状态，五年后再看🤣

",,5834.0,1,69eafc1c000000001401d41b,,5d11fa8b0000000010017512,笑死我了中青报甚至区分了机器人选手和人类选手[笑哭R],2026.04.24,甘肃,0.0,0.0,27,混合|观众,混合,观众,7,,94
69e47f8f000000001f007203,"2026年机器人马拉松状态，五年后再看🤣

",,5834.0,1,69e820ff000000001401e401,,60322691000000000100a699,多办些这样的比赛，加快机器人的进步，让机器人更靠谱，买一个回家给我干活,2026.04.22,内蒙古,0.0,0.0,35,混合|观众,混合,观众,9,,94
69e47f8f000000001f007203,"2026年机器人马拉松状态，五年后再看🤣

",,5834.0,1,69e680ee000000001401b003,,5fcce2b5000000000101f701,像老美那样搞个机器人格斗大赛吧，不过他们搞的都是扫地机一样的遥控机器人,2026.04.21,浙江,0.0,0.0,35,混合|观众,混合,观众,11,,94
69e47f8f000000001f007203,"2026年机器人马拉松状态，五年后再看🤣

",,5834.0,1,69e57872000000001401e81a,,670dbdea000000000b032aee,机器人主人报名的比赛吗,2026.04.20,新疆,0.0,0.0,11,混合|观众,混合,观众,4,,94
69e481e8000000002003ad94,"

",,,1,69e616ba000000001401e001,,5cdf918800000000180153b0,机器人足球⚽？？咋样[飞吻R][派对R],2026.04.20,内蒙古,0.0,0.0,20,强势|服务者,强势,服务者,3,强势成功,94
69e481e8000000002003ad94,"

",,,1,69e5b285000000001401880e,,617a4f8f00000000020266e7,以后全机器人比赛了[捂脸R],2026.04.20,北京,0.0,0.0,14,强势|服务者,强势,服务者,2,强势成功,94
69e481e8000000002003ad94,"

",,,1,69e58a40000000001401901f,,6809a8f3000000000d00ac69,以后就是机器人代表人报价比赛了[偷笑R],2026.04.20,广东,0.0,0.0,20,强势|服务者,强势,服务者,4,强势成功,94
69e481e8000000002003ad94,"

",,,1,69e534d2000000001401bc00,,652ba18b000000002b00335e,整个这机器人比赛不错啊，比性能，还得拼后勤[doge],2026.04.20,广东,0.0,0.0,27,强势|服务者,强势,服务者,6,强势成功,94
69df625d0000000021005c63,"“扶我起来，我还能再跑10公里”

",,9992.0,1,69df952b000000001500a947,,643bfb7b000000000d019881,我买的机器人基要赔了吗,2026.04.15,江苏,5.0,2.0,11,失败|观众,失败,观众,2,失败,95
69e40352000000002102fc75,"机器人马拉松现场第一视角看全部队伍

",,1160.0,1,69e4219d0000000014019c11,,619d9c3e000000001000fe9c,周一机器人大跌,2026.04.19,浙江,2.0,0.0,7,常态|服务者,常态,服务者,3,常态,95
69e59e520000000022027a90,"花田里犯了错|机器人马拉松正赛搞笑赏析

",,2593.0,1,69e9b07a000000001401e00d,,67fdc54d000000000402ae02,我来看看我买了并每天定投的机器人基金发展的咋样了,2026.04.23,河北,2.0,0.0,24,弱势|观众,弱势,观众,7,弱势,95
69e59e520000000022027a90,"花田里犯了错|机器人马拉松正赛搞笑赏析

",,2593.0,1,69e60ae6000000001401d831,,5c2f86f80000000005039415,删了吧。。。。重仓机器人的不活了呗,2026.04.20,四川,2.0,0.0,17,弱势|观众,弱势,观众,4,弱势,95
69e4551e000000001f005895,"荣耀机器人赢麻了🤖我觉得它表情在嘲讽我

",,816.0,1,69e4a631000000001401e42e,,62d37c41000000000e00d408,这么厉害，下周我的机器人指数能回本不[哭惹R],2026.04.19,安徽,1.0,2.0,23,强势|被超越者,强势,被超越者,5,强势成功,95
69da7e87000000001a03484e,"今晚的亦庄机器人马拉松测试

",,8169.0,1,69dbb5ee0000000002028b89,,5574f2a767bc6503be8d74cb,反正我清仓了[睡觉R],2026.04.12,广西,1.0,0.0,11,强势|观众,强势,观众,2,强势成功,95
69e481e8000000002003ad94,"

",,,1,69e573030000000014019c01,,60118016000000000101fecc,看到这个消耗场面，我就知道大A植物人还是不能着急下手[笑哭R][笑哭R][笑哭R][笑哭R],2026.04.20,陕西,1.0,0.0,46,强势|服务者,强势,服务者,7,强势成功,95
69df625d0000000021005c63,"“扶我起来，我还能再跑10公里”

",,9992.0,1,69df914600000000020376f0,,62066e7a000000001000663a,明天把机器人股清了,2026.04.15,江苏,1.0,0.0,9,失败|观众,失败,观众,3,失败,95
69e43b14000000001a02e095,"好萌的小黑仔跑马拉松

",,2760.0,1,69e45861000000001401e834,,6394263c00000000270283a9,一直在定投机器人etf ，未来的好日子都要靠这些机械,2026.04.19,江苏,1.0,0.0,26,弱势|服务者,弱势,服务者,7,弱势,95
69e40352000000002102fc75,"机器人马拉松现场第一视角看全部队伍

",,1160.0,1,69e439b7000000001401dc23,,5fba5eb8000000000101ce9f,周一能不能来个机器人涨停啊[笑哭R],2026.04.19,广东,1.0,4.0,18,常态|服务者,常态,服务者,4,常态,95
69e44171000000001a026b25,"机器人马拉松比赛摔倒丝滑起身帅炸了🔥🔥

",9971.0,613.0,1,69e4680c000000001401e431,,67f7c4e6000000000e01c566,机器人要起来了吗[害羞R]明天大涨吧📈,2026.04.19,广东,1.0,0.0,19,混合|观众,混合,观众,4,,95
69e47f8f000000001f007203,"2026年机器人马拉松状态，五年后再看🤣

",,5834.0,2,69e5af4d000000001401c025,69e586020000000014019401,5c28980a0000000006024eb0,因为我买的人工智能基金股票要涨了[doge],2026.04.20,河南,1.0,,22,混合|观众,混合,观众,4,,95
69e4426b000000001d01c7ed,"一个大的一个小的一个废的

",,7334.0,1,69e46d95000000001401a008,,5ae873874eacab734e75d9db,别发了 机器人跌的还不够多么[笑哭R],2026.04.19,上海,0.0,0.0,19,混合|观众,混合,观众,4,,95
69e2583b00000000230211ea,"

",,2406.0,1,69e80abe000000001401cc04,,5e3d356100000000010083c6,快删了，我老婆重仓了机器人[失望R],2026.04.22,安徽,0.0,0.0,18,失败|抢救者,失败,抢救者,4,失败,95
69e2583b00000000230211ea,"

",,2406.0,1,69e370c9000000001401a00d,,5cce12e100000000120110d0,不买机器人股票了，二进二亏。就这破玩意害得[捂脸R]！,2026.04.18,广东,0.0,0.0,27,失败|抢救者,失败,抢救者,8,失败,95
69e2583b00000000230211ea,"

",,2406.0,1,69e341d2000000001401dc03,,624dafed0000000010008ef9,机器人股继续跌,2026.04.18,广东,0.0,0.0,7,失败|抢救者,失败,抢救者,2,失败,95
69e2583b00000000230211ea,"

",,2406.0,1,69e32828000000001401d820,,61078b7600000000010027a4,怪不得机器人股票跌麻了,2026.04.18,北京,0.0,0.0,11,失败|抢救者,失败,抢救者,4,失败,95
69e2583b00000000230211ea,"

",,2406.0,1,69e3038f000000001401c82e,,6561ec4c000000000202ba75,幸好吧机器人清仓了,2026.04.18,天津,0.0,0.0,9,失败|抢救者,失败,抢救者,3,失败,95
69e2583b00000000230211ea,"

",,2406.0,1,69e30145000000001401ac15,,575ac05f50c4b4750dc8e306,别这样啊，我的机器人基金已经跌的够厉害了,2026.04.18,浙江,0.0,0.0,20,失败|抢救者,失败,抢救者,4,失败,95
69e2583b00000000230211ea,"

",,2406.0,1,69e8baed000000001401a013,,5dbe7b310000000001004472,这是什么烂东西，我要把机器人股卖了,2026.04.22,江苏,0.0,0.0,17,失败|抢救者,失败,抢救者,4,失败,95
69e2583b00000000230211ea,"

",,2406.0,1,69e30b8a000000001401b011,,5657c143a40e180c88f21309,难怪我买的机器人一直在跌，就这破烂货确实上不去[黄金薯R][黄金薯R][黄金薯R],2026.04.18,上海,0.0,0.0,41,失败|抢救者,失败,抢救者,6,失败,95
69e41e24000000001a025f1a,"人形机器人半马摔倒瞬间🔥🔥

",1155.0,129.0,1,69e4954a000000001401b00d,,5c2f785800000000050362b1,明天又是大a机器人买单[失望R],2026.04.19,浙江,0.0,1.0,16,失败|观众,失败,观众,3,失败,95
69da7e87000000001a03484e,"今晚的亦庄机器人马拉松测试

",,8169.0,1,69db3cf200000000350294aa,,64ddc9170000000001010858,机器人这么进步，指数涨起来啊[捂脸R][捂脸R][捂脸R][捂脸R],2026.04.12,北京,0.0,0.0,34,强势|观众,强势,观众,4,强势成功,95
69da7e87000000001a03484e,"今晚的亦庄机器人马拉松测试

",,8169.0,1,69db0b43000000003501085f,,5f8a675700000000010002a0,周一全仓机器人[doge],2026.04.12,广东,0.0,0.0,13,强势|观众,强势,观众,3,强势成功,95
69da7e87000000001a03484e,"今晚的亦庄机器人马拉松测试

",,8169.0,1,69db08070000000035016e4d,,59eeda39e8ac2b57d381c868,人形机器人能涨起来吗[完啦R],2026.04.12,北京,0.0,0.0,15,强势|观众,强势,观众,2,强势成功,95
69da7e87000000001a03484e,"今晚的亦庄机器人马拉松测试

",,8169.0,1,69db0661000000003501eed6,,5a8a69ca11be1018200634b8,那我买的机器人怎么不涨,2026.04.12,北京,0.0,0.0,11,强势|观众,强势,观众,2,强势成功,95
69e47f8f000000001f007203,"2026年机器人马拉松状态，五年后再看🤣

",,5834.0,1,69eb5f02000000002803e025,,6890f4920000000028032a48,这就是你们买的机器人股票[doge],2026.04.24,陕西,0.0,0.0,18,混合|观众,混合,观众,2,,95
69e47f8f000000001f007203,"2026年机器人马拉松状态，五年后再看🤣

",,5834.0,1,69e8053e000000001401d802,,5b5e91bf6b58b767c44fb7c5,难怪机器人板块不涨,2026.04.22,江苏,0.0,1.0,9,混合|观众,混合,观众,4,,95
69e47f8f000000001f007203,"2026年机器人马拉松状态，五年后再看🤣

",,5834.0,1,69e775eb000000001401a427,,5aa60712db2e602ede72f98b,怪不得我的机器人一直跌[微笑R],2026.04.21,浙江,0.0,0.0,16,混合|观众,混合,观众,3,,95
69e47f8f000000001f007203,"2026年机器人马拉松状态，五年后再看🤣

",,5834.0,1,69e6f0e90000000014019820,,67ee7044000000000e01cf9d,看完比赛就知道机器人股票被按住了,2026.04.21,陕西,0.0,0.0,16,混合|观众,混合,观众,6,,95
69da7e87000000001a03484e,"今晚的亦庄机器人马拉松测试

",,8169.0,1,69daeb6f0000000001006d56,,64433aff0000000012036494,他们应该一人被一个送餐箱去送餐看谁快[doge],2026.04.12,北京,53.0,2.0,24,强势|观众,强势,观众,3,强势成功,96
69e481e8000000002003ad94,"

",,,1,69e5b768000000001401a81d,,6272efac0000000021029321,他们是算好他在那里停下补给吗？还是要你跑的比他还快，在前面等着给他补给？[偷笑R][偷笑R],2026.04.20,陕西,1.0,0.0,46,强势|服务者,强势,服务者,5,强势成功,96
69e43b14000000001a02e095,"好萌的小黑仔跑马拉松

",,2760.0,1,69e4569e0000000014019030,,5f97ad13000000000100610b,停下来补给一下不是很正常么[偷笑R],2026.04.19,广东,1.0,0.0,18,弱势|服务者,弱势,服务者,4,弱势,96
69e2583b00000000230211ea,"

",,2406.0,1,69e49501000000001401dc21,,649fb1d90000000010034b7b,直线中过人吃,2026.04.19,河南,0.0,0.0,6,失败|抢救者,失败,抢救者,2,失败,96
69e481e8000000002003ad94,"

",,,1,69e49e93000000001401d80b,,5eea119f00000000010077bd,和人一样，也得补给[偷笑R],2026.04.19,浙江,0.0,0.0,14,强势|服务者,强势,服务者,3,强势成功,96
69e481e8000000002003ad94,"

",,,1,69e49e34000000001401e41d,,55869d40b7ba2234ee38cead,这个补给很燃[点赞R] [哇R]，,2026.04.19,广东,0.0,0.0,17,强势|服务者,强势,服务者,2,强势成功,96
69e481e8000000002003ad94,"

",,,1,69e49b55000000001401e82c,,631d8b4e0000000023024579,应该每隔一段距离设置应该补给点，而不是跟着喂。自己一段没跑到补给点就停的就扣分扣分,2026.04.19,浙江,0.0,0.0,41,强势|服务者,强势,服务者,10,强势成功,96
69e481e8000000002003ad94,"

",,,1,69e49a48000000001401e83e,,6237aa49000000001000ae72,跑了多远？开始补给,2026.04.19,北京,0.0,0.0,9,强势|服务者,强势,服务者,2,强势成功,96
69e481e8000000002003ad94,"

",,,1,69e499e80000000014018816,,600c7f3d0000000001007530,富公哦还有私补,2026.04.19,北京,0.0,0.0,7,强势|服务者,强势,服务者,2,强势成功,96
69e481e8000000002003ad94,"

",,,1,69e499cc000000001401e016,,63e47b4400000000260103b1,这样一看就和人一样，中途还要补给补给,2026.04.19,安徽,0.0,0.0,18,强势|服务者,强势,服务者,8,强势成功,96
69e481e8000000002003ad94,"

",,,1,69e498dc0000000014019c25,,665f662b0000000007007b26,赶紧给补给员点根烟[得意R],2026.04.19,北京,0.0,0.0,14,强势|服务者,强势,服务者,4,强势成功,96
69e481e8000000002003ad94,"

",,,1,69e4967f000000001401a80a,,64adf97f000000001403876c,跟人类补给一个道理,2026.04.19,广东,0.0,0.0,9,强势|服务者,强势,服务者,3,强势成功,96
69e481e8000000002003ad94,"

",,,1,69e495c20000000014019c10,,5dcc55f70000000001008659,不补会怎么样着火吗[笑哭R],2026.04.19,北京,0.0,0.0,14,强势|服务者,强势,服务者,3,强势成功,96
69e481e8000000002003ad94,"

",,,1,69e495a3000000001401b00e,,58d340a57fc5b840f57c13d2,补给人员要好好训练，太慢了，看把孩子急得[偷笑R][偷笑R][偷笑R],2026.04.19,上海,0.0,0.0,35,强势|服务者,强势,服务者,7,强势成功,96
69e481e8000000002003ad94,"

",,,1,69e494bc000000001401d411,,5b0fdc4ab1da142c768ed14e,补给太慢了,2026.04.19,广西,0.0,0.0,5,强势|服务者,强势,服务者,2,强势成功,96
69e481e8000000002003ad94,"

",,,1,69ee0bec0000000027020db2,,5da7e4bf00000000010085c2,有种MS补给舰的忙碌感,2026.04.26,湖北,0.0,0.0,11,强势|服务者,强势,服务者,4,强势成功,96
69e481e8000000002003ad94,"

",,,1,69e966d3000000001401dc00,,6434fccd000000000d01bb3a,中途补给[偷笑R],2026.04.23,江苏,0.0,0.0,9,强势|服务者,强势,服务者,2,强势成功,96
69e481e8000000002003ad94,"

",,,1,69e77224000000001401bc1d,,5dda49b0000000000100a59c,快补，快，不不行了，快[笑哭R],2026.04.21,河南,0.0,0.0,16,强势|服务者,强势,服务者,2,强势成功,96
69e481e8000000002003ad94,"

",,,1,69e7441b000000001401941b,,631d3b38000000002303ccbe,什么时候能自动补给？,2026.04.21,湖南,0.0,0.0,10,强势|服务者,强势,服务者,2,强势成功,96
69e481e8000000002003ad94,"

",,,1,69e70b11000000001401a80c,,5fdf38760000000001006dc8,自己知道补给，牛[点赞R],2026.04.21,北京,0.0,0.0,13,强势|服务者,强势,服务者,2,强势成功,96
69e481e8000000002003ad94,"

",,,1,69e62153000000001401a410,,5fb518d50000000001001fd9,补给太慢了。,2026.04.20,山东,0.0,0.0,6,强势|服务者,强势,服务者,2,强势成功,96
69e481e8000000002003ad94,"

",,,1,69e6144e000000001401a40d,,66d7056f000000001d022d06,这真的是掏心掏肺的补啊,2026.04.20,江西,0.0,0.0,11,强势|服务者,强势,服务者,3,强势成功,96
69e481e8000000002003ad94,"

",,,1,69e60213000000001401e034,,618fa081000000001000aca2,停下补给有点方程赛车的意思了[doge],2026.04.20,浙江,0.0,0.0,20,强势|服务者,强势,服务者,5,强势成功,96
69e481e8000000002003ad94,"

",,,1,69e5f464000000001401e037,,63d9e0720000000026005007,也要补给啊，正想说省了一笔[偷笑R],2026.04.20,上海,0.0,0.0,18,强势|服务者,强势,服务者,3,强势成功,96
69e481e8000000002003ad94,"

",,,1,69e5e7d9000000002d023aee,,5e126124000000000100b1ed,补给的人也得追得上[笑哭R],2026.04.20,德国,0.0,0.0,14,强势|服务者,强势,服务者,3,强势成功,96
69e481e8000000002003ad94,"

",,,1,69e59e7f000000001401a405,,5b7b76af9c05490001c0f232,这补给太慢了,2026.04.20,河南,0.0,0.0,6,强势|服务者,强势,服务者,2,强势成功,96
69e481e8000000002003ad94,"

",,,1,69e5645f000000001401b816,,5cb8274d000000001100d896,我们这边的补给站一般是给江油肥肠,2026.04.20,四川,0.0,0.0,16,强势|服务者,强势,服务者,5,强势成功,96
69e481e8000000002003ad94,"

",,,1,69e5608b000000001401940d,,6003a329000000000101f698,1300公里只补给一次？[doge],2026.04.20,新西兰,0.0,0.0,18,强势|服务者,强势,服务者,4,强势成功,96
69e481e8000000002003ad94,"

",,,1,69e55915000000001401b801,,5e24e2bb000000000100af64,自己不能自己补给？,2026.04.20,广东,0.0,0.0,9,强势|服务者,强势,服务者,2,强势成功,96
69e481e8000000002003ad94,"

",,,1,69e541e1000000001401a000,,5763a3aa50c4b43f5d1d40d7,那个，，我想问下 补给完成后是自己知道要出发了么,2026.04.20,陕西,0.0,0.0,24,强势|服务者,强势,服务者,5,强势成功,96
69e46032000000001f002048,"看着你们累倒在地上我很心疼，恨不得替你们

",,5680.0,2,69e98881000000001401e40d,69e98821000000001401d821,5b5f14924eacab66c280fc2e,来和我一起喊，MRGA！,2026.04.23,江苏,6.0,,12,常态|保护者,常态,保护者,2,常态,97
69e45dbe000000001f00434f,"机器人跑马拉松超越人类？

",4650.0,773.0,1,69e4ceb8000000001401d81a,,59364bccb1da1420437f4ff9,还有人跟它说加油[扶墙R],2026.04.19,广东,4.0,4.0,13,强势|观众,强势,观众,2,强势成功,97
69e481e8000000002003ad94,"

",,,2,69e56e5a0000000014018c03,69e4a81a000000001401e809,629e90d70000000021024103,它听懂了，不好意思骂，加什么油，老子？新能源[偷笑R],2026.04.20,广东,4.0,,27,强势|服务者,强势,服务者,4,强势成功,97
69e481e8000000002003ad94,"

",,,1,69e499bd0000000014019803,,66090084000000000b00dfa6,我是不是听到有人喊加油了？,2026.04.19,重庆,3.0,2.0,13,强势|服务者,强势,服务者,4,强势成功,97
69e45dbe000000001f00434f,"机器人跑马拉松超越人类？

",4650.0,773.0,1,69e5baa2000000001401a80b,,64ef5ceb0000000004025e71,我有个疑问:路人在喊加油，它能听得懂么？会提速么？,2026.04.20,云南,3.0,8.0,25,强势|观众,强势,观众,5,强势成功,97
69e634590000000022003bb5,"每个马拉松机器人，都有自己的热血故事。

",,824.0,1,69e6bc650000000014019814,,5c8843f30000000016037374,加油！你们很棒！,2026.04.21,北京,3.0,0.0,8,常态|观众,常态,观众,2,常态,97
69e4412a000000002103883f,"荣耀闪电队-齐天大圣夺冠！

",3517.0,445.0,1,69e470030000000014019830,,5ab0d5b2db2e6006eeeead43,嗯……喊加油他能听懂吗[笑哭R],2026.04.19,上海,2.0,1.0,16,强势|观众,强势,观众,2,强势成功,97
69e481e8000000002003ad94,"

",,,1,69e61448000000001401dc24,,5f4a5255000000000100194b,以后不喊加油，喊充电了[偷笑R],2026.04.20,浙江,1.0,0.0,16,强势|服务者,强势,服务者,3,强势成功,97
69e4412a000000002103883f,"荣耀闪电队-齐天大圣夺冠！

",3517.0,445.0,1,69e47d6b000000001401e02a,,635e4394000000001901c383,喊加油有用吗,2026.04.19,江苏,1.0,1.0,6,强势|观众,强势,观众,2,强势成功,97
69e4412a000000002103883f,"荣耀闪电队-齐天大圣夺冠！

",3517.0,445.0,1,69e49eee000000001401ac01,,6586f9d0000000001c00bd38,喊加油他听得见吗,2026.04.19,浙江,1.0,0.0,8,强势|观众,强势,观众,2,强势成功,97
69e4412a000000002103883f,"荣耀闪电队-齐天大圣夺冠！

",3517.0,445.0,1,69e4920b0000000014018801,,6897d6c2000000002801d353,它不需要加油。只需要夸赞,2026.04.19,陕西,1.0,0.0,12,强势|观众,强势,观众,4,强势成功,97
69e6f2bc0000000023005345,"🍼机器人第一视角，好多人呀

",,687.0,2,69e73c8f000000001401ac07,69e73b45000000001401ac14,5a3b69814eacab6dcedbb1ba,去加油欢呼了一下[害羞R],2026.04.21,广东,1.0,,13,弱势|观众,弱势,观众,3,弱势,97
69e481e8000000002003ad94,"

",,,2,69e9e5f4000000001401b827,69e4a81a000000001401e809,5fb8c52d000000000101cecc,保障它的人们听得懂[点赞R],2026.04.23,湖北,1.0,,14,强势|服务者,强势,服务者,3,强势成功,97
69e4412a000000002103883f,"荣耀闪电队-齐天大圣夺冠！

",3517.0,445.0,2,69e47e05000000001401e007,69e47d6b000000001401e02a,5c124415f7e8b957900d0ee5,给后面的车里人喊的呀,2026.04.19,北京,1.0,,10,强势|观众,强势,观众,3,强势成功,97
69e2583b00000000230211ea,"

",,2406.0,1,69e3352a000000001401e016,,5dab172f00000000010039fd,加油继续,2026.04.18,四川,0.0,1.0,4,失败|抢救者,失败,抢救者,2,失败,97
69e42cc100000000220001ad,"机器人马拉松倒数第一名，萌翻了🤣🤣🤣

",,8501.0,1,69e4efa0000000001401e836,,66e8e370000000001d020218,下次加油呀小可爱[笑哭R],2026.04.19,山东,0.0,0.0,13,弱势|观众,弱势,观众,3,弱势,97
69e481e8000000002003ad94,"

",,,1,69e49a1b000000001401e416,,5f69a949000000000100b343,加电！加电！[加油R],2026.04.19,北京,0.0,0.0,11,强势|服务者,强势,服务者,2,强势成功,97
69e481e8000000002003ad94,"

",,,1,69e49795000000001401a809,,6318ab430000000023038402,加油，罗伯特！,2026.04.19,山西,0.0,0.0,7,强势|服务者,强势,服务者,2,强势成功,97
69e481e8000000002003ad94,"

",,,1,69ea03e9000000001401d808,,5afbef1ce8ac2b6159029604,有人在喊加油[doge],2026.04.23,四川,0.0,0.0,12,强势|服务者,强势,服务者,2,强势成功,97
69e481e8000000002003ad94,"

",,,1,69e80de60000000014018805,,6919d90d0000000037029b4a,还有人叫加油。。。,2026.04.22,重庆,0.0,0.0,9,强势|服务者,强势,服务者,2,强势成功,97
69e481e8000000002003ad94,"

",,,1,69e78e60000000001401c814,,5cdfc02d000000001703d24b,？？？？旁边喊加油？？？？,2026.04.21,山西,0.0,0.0,13,强势|服务者,强势,服务者,2,强势成功,97
69e481e8000000002003ad94,"

",,,1,69e70c93000000001401901d,,61171bda0000000001009e0f,不是给它加油它听得到吗,2026.04.21,重庆,0.0,0.0,11,强势|服务者,强势,服务者,2,强势成功,97
69e481e8000000002003ad94,"

",,,1,69e6e9bd000000001401a800,,5c8152040000000016032ed6,加油！国人骄傲[飞吻R],2026.04.21,甘肃,0.0,0.0,12,强势|服务者,强势,服务者,3,强势成功,97
69e481e8000000002003ad94,"

",,,1,69e6215e000000001401a01d,,5ce39f78000000001601872b,喊加油它能听见[暗中观察R],2026.04.20,山西,0.0,0.0,14,强势|服务者,强势,服务者,2,强势成功,97
69e481e8000000002003ad94,"

",,,1,69e5d38b000000001401b822,,5f39c3ac00000000010004af,这个助威不能喊加油了吧，得喊 加电,2026.04.20,陕西,0.0,0.0,17,强势|服务者,强势,服务者,3,强势成功,97
69e481e8000000002003ad94,"

",,,1,69e5aace000000001401e006,,6788e832000000000801c725,When they say 加油 the mean really Hahahha,2026.04.20,广东,0.0,0.0,40,强势|服务者,强势,服务者,8,强势成功,97
69e481e8000000002003ad94,"

",,,1,69e57587000000001401900f,,625ed229000000001000bcb5,还有人喊加油[笑哭R],2026.04.20,江苏,0.0,0.0,11,强势|服务者,强势,服务者,2,强势成功,97
69e481e8000000002003ad94,"

",,,1,69e574df0000000014018805,,5f02f277000000000100690e,喊加油能听懂[笑哭R],2026.04.20,江苏,0.0,0.0,11,强势|服务者,强势,服务者,2,强势成功,97
69e481e8000000002003ad94,"

",,,1,69e51137000000001401dc0d,,5a3fcb284eacab166afafb44,加油它能听懂,2026.04.20,上海,0.0,0.0,6,强势|服务者,强势,服务者,2,强势成功,97
69e481e8000000002003ad94,"

",,,1,69e4a6300000000014019408,,5b7d432d12c57b0001e99b50,还给加油哈哈哈哈哈哈,2026.04.19,浙江,0.0,0.0,10,强势|服务者,强势,服务者,2,强势成功,97
69e481e8000000002003ad94,"

",,,1,69e490ae000000001401d42a,,5b92131965aece0001d21a33,比跑步干嘛非要人形，轮子不是更快[笑哭R],2026.04.19,浙江,4733.0,1334.0,21,强势|服务者,强势,服务者,6,强势成功,98
69e481e8000000002003ad94,"

",,,2,69e492f6000000001401c80f,69e490ae000000001401d42a,6584e5ca000000001c009983,等明年搞一个5公里越野跑，后年搞一个负重60公斤5公里越野跑，你就知道为什么要人形了。,2026.04.19,澳大利亚,698.0,,43,强势|服务者,强势,服务者,12,强势成功,98
69e481e8000000002003ad94,"

",,,2,69e493e4000000002b0314ad,69e490ae000000001401d42a,64512c6800000000100254c1,ATV 全地形车，比任何人形豆快多了,2026.04.19,江苏,9.0,,18,强势|服务者,强势,服务者,4,强势成功,98
69e481e8000000002003ad94,"

",,,2,69e49435000000001401e01f,69e490ae000000001401d42a,65f93327000000000b00e59c,当这个人形能翻山越岭的时候就不是轮子能替代的了,2026.04.19,湖北,6.0,,23,强势|服务者,强势,服务者,4,强势成功,98
69e59e520000000022027a90,"花田里犯了错|机器人马拉松正赛搞笑赏析

",,2593.0,2,69e6447e000000001401e413,69e6373b000000001401b02c,61db5be80000000010004b79,精细动作更难一些,2026.04.20,山东,6.0,,8,弱势|观众,弱势,观众,3,弱势,98
69da7e87000000001a03484e,"今晚的亦庄机器人马拉松测试

",,8169.0,1,69daf248000000003500a1ea,,625dceaa0000000021023b2b,要不搞成四条腿或者轮子吧[doge]如果只是为了快，何必做成人形[doge],2026.04.12,辽宁,2.0,0.0,38,强势|观众,强势,观众,9,强势成功,98
69e46730000000001d0199c8,"

",,761.0,2,69e5068d000000001401c41f,69e5011f000000001401cc0b,61b4961b0000000010009124,应该是比赛规则必须拟人吧，要不然他要头手都没用啊！甚至轮更快！应该是比赛要求要像人,2026.04.20,辽宁,2.0,,41,强势|观众,强势,观众,11,强势成功,98
69da7e87000000001a03484e,"今晚的亦庄机器人马拉松测试

",,8169.0,1,69db9ef2000000003502422e,,61f53ac40000000010009971,如果要跑步的话，它为什么要做成人形,2026.04.12,安徽,1.0,2.0,17,强势|观众,强势,观众,5,强势成功,98
69da7e87000000001a03484e,"今晚的亦庄机器人马拉松测试

",,8169.0,1,69db2679000000000d036ff5,,5ee3112d000000000101dd5d,还是发明 这双腿如何按在人类身上,2026.04.12,福建,1.0,0.0,16,强势|观众,强势,观众,5,强势成功,98
69da7e87000000001a03484e,"今晚的亦庄机器人马拉松测试

",,8169.0,1,69db08a4000000003502fd33,,5f6af3be0000000001001102,为什么现在还在照着人形来弄，搞多点腿不应该更好吗[呃R],2026.04.12,湖南,1.0,0.0,28,强势|观众,强势,观众,5,强势成功,98
69da7e87000000001a03484e,"今晚的亦庄机器人马拉松测试

",,8169.0,1,69dafebc0000000015007908,,5ddd06c5000000000100ac3d,干脆只要一个屁股和腿算了   那个无头的  看着挺 人的,2026.04.12,河南,1.0,1.0,28,强势|观众,强势,观众,7,强势成功,98
69da7e87000000001a03484e,"今晚的亦庄机器人马拉松测试

",,8169.0,2,69db15570000000015008e91,69db09350000000035018759,645a92160000000029015045,单看跑步肯定跑不过轮子，但是人类社会适应能力肯定是人形的最强，上楼梯，逛菜场，坐电梯，人类社会的复杂环境，轮子适应不了,2026.04.12,浙江,1.0,,59,强势|观众,强势,观众,21,强势成功,98
69e481e8000000002003ad94,"

",,,2,69e595cc000000001401d822,69e490ae000000001401d42a,5d39934c0000000011039b6f,但是技术是一样的，甚至人型最能考验水平，这个都能做好了，那四足六足就更简单了,2026.04.20,浙江,1.0,,38,强势|服务者,强势,服务者,11,强势成功,98
69e48b0b000000001a02578c,"北京马拉松机器人中暑了🥵

",3334.0,467.0,2,69ef4525000000002a02fe22,69ecb9a7000000002803354c,5b1658d1f7e8b919bdc8ff6b,我想起了很老的一款游戏，叫做完美形体，人形真的很完美，你不可能指望电动车爬楼梯吧[笑哭R],2026.04.27,北京,1.0,,45,失败|服务者,失败,服务者,12,失败,98
69e4426b000000001d01c7ed,"一个大的一个小的一个废的

",,7334.0,1,69e4c01f000000001401b81e,,5c5394dd000000001a039b07,腿为什么都伸不直，脚为啥不能有关节？既然要仿生（仿人）那就像一点嘛，这一点也不灵活好吗[笑哭R],2026.04.19,山东,0.0,0.0,48,混合|观众,混合,观众,9,,98
69e2583b00000000230211ea,"

",,2406.0,1,69e80b80000000001401cc09,,5e0ab7930000000001009185,反正都是比赛跑步了，为什么还要设计成人形呢[笑哭R],2026.04.22,北京,0.0,0.0,26,失败|抢救者,失败,抢救者,7,失败,98
69e42cc100000000220001ad,"机器人马拉松倒数第一名，萌翻了🤣🤣🤣

",,8501.0,1,69e6cd0c000000001401b002,,5ee73e700000000001003a70,就不能给这玩意儿加上轮子吗？想跑多快跑多快？为啥非要用人的形态？,2026.04.21,河北,0.0,0.0,32,弱势|观众,弱势,观众,6,弱势,98
69e48d54000000002102e178,"😭亦庄机器人半马最感人一幕

",,1589.0,1,69e4ba43000000001401dc25,,571c9bc4aed758489e0289aa,让那些说“为什么要做人形”的人看看啊！要是配两轮子 坐的上车吗！！！,2026.04.19,北京,0.0,0.0,34,弱势|保护者,弱势,保护者,9,弱势,98
69e481e8000000002003ad94,"

",,,1,69e5d14f000000001401cc04,,630904a0000000001200fbe7,我一直很奇怪，为啥不做成仿生脚？,2026.04.20,河南,0.0,0.0,16,强势|服务者,强势,服务者,4,强势成功,98
69e481e8000000002003ad94,"

",,,1,69e4a5be000000001401c40d,,573fc4d56a6a697c69a0dd4a,人类形体本就不适合长跑，造成人形不过是噱头吧？,2026.04.19,浙江,0.0,0.0,23,强势|服务者,强势,服务者,8,强势成功,98
69e481e8000000002003ad94,"

",,,1,69e75768000000001401ac10,,5721756984edcd5233c333b9,你的非人行型只有轮子吗[黑薯问号R]这认知[捂脸R],2026.04.21,上海,0.0,0.0,26,强势|服务者,强势,服务者,4,强势成功,98
69e481e8000000002003ad94,"

",,,1,69e71230000000001401e027,,63fcd32a000000001f032abd,必须要人形吗？多几条腿不好吗？加个轱辘趴着跑不好吗？,2026.04.21,北京,0.0,0.0,26,强势|服务者,强势,服务者,8,强势成功,98
69e481e8000000002003ad94,"

",,,1,69e6490b000000001401e00c,,65e9c1e2000000000500f7b8,谁告诉你比跑步必须人形的？[doge],2026.04.20,福建,0.0,0.0,19,强势|服务者,强势,服务者,4,强势成功,98
69e4426b000000001d01c7ed,"一个大的一个小的一个废的

",,7334.0,2,69e4d2ee0000000014019425,69e45f74000000001401bc0a,5e1855d20000000001005ceb,有啊，比如救火那种环境变化多端，轮子再快也过不去呀，问就是障碍太多还会变化，回来改装也来不及了，而人型没有这方面，虽然不快，但它绝对是消防员的好伙伴[捂脸R][捂脸R][捂脸R],2026.04.19,浙江,0.0,,89,混合|观众,混合,观众,22,,98
69da7e87000000001a03484e,"今晚的亦庄机器人马拉松测试

",,8169.0,2,69dc479f000000001500174d,69db2e550000000016017b12,5e23d385000000000100103a,都说咯，按电梯人形也不需要手啊，都说了通用型,2026.04.13,广东,0.0,,22,强势|观众,强势,观众,4,强势成功,98
69da7e87000000001a03484e,"今晚的亦庄机器人马拉松测试

",,8169.0,2,69de0a2900000000350175e4,69db0fce0000000015005918,6558ce82000000000802fc33,贝爷我看他游山玩水 难道不是全地形吗？,2026.04.14,中国香港,0.0,,19,强势|观众,强势,观众,4,强势成功,98
69da7e87000000001a03484e,"今晚的亦庄机器人马拉松测试

",,8169.0,2,69db12d5000000003502a60d,69db09350000000035018759,65083cd00000000016039132,是这样的哎[笑哭R]。完全可以不用人形跑步,2026.04.12,北京,0.0,,21,强势|观众,强势,观众,5,强势成功,98
69e481e8000000002003ad94,"

",,,2,69e49754000000001401c01f,69e490ae000000001401d42a,640bf39c000000002a00ba50,就是为了比人形设计下跑得快跑得稳，都是技术发展方向,2026.04.19,上海,0.0,,25,强势|服务者,强势,服务者,7,强势成功,98
69e481e8000000002003ad94,"

",,,2,69e49cf4000000001401d413,69e490ae000000001401d42a,65e7bbc4000000000500969e,我看之前一个视频夺冠那个专门是说了一个“类人型第一名”，可能是有要求吧，基本看到的都是有四肢的,2026.04.19,上海,0.0,,47,强势|服务者,强势,服务者,9,强势成功,98
69e481e8000000002003ad94,"

",,,2,69e4a0d1000000001401dc0b,69e490ae000000001401d42a,5f949113000000000100285a,弄成八条蜘蛛腿[doge]全地形可快速移动,2026.04.19,四川,0.0,,21,强势|服务者,强势,服务者,6,强势成功,98
69e481e8000000002003ad94,"

",,,2,69e59fb20000000014018809,69e59f53000000001401981c,65119fbf00000000230243f8,让工作人员跑快一点[偷笑R],2026.04.20,浙江,6.0,,14,强势|服务者,强势,服务者,2,强势成功,99
69e481e8000000002003ad94,"

",,,1,69e4a1c1000000001401cc30,,63ee261d000000000f011034,操控员要全程陪跑？,2026.04.19,新疆,4.0,4.0,9,强势|服务者,强势,服务者,3,强势成功,99
69e481e8000000002003ad94,"

",,,1,69e5ad6e000000001401e423,,60a492fa000000000101c8e8,操作的那个人，还得跟着跑全程啊[笑哭R],2026.04.20,广东,3.0,0.0,20,强势|服务者,强势,服务者,4,强势成功,99
69e481e8000000002003ad94,"

",,,1,69e6c9ba000000001401e805,,6167f11900000000020238e3,旁边是一直有人跟着操作它吗？操作者也要跑全马？[笑哭R][笑哭R][笑哭R],2026.04.21,广东,2.0,3.0,38,强势|服务者,强势,服务者,7,强势成功,99
69e481e8000000002003ad94,"

",,,1,69e48af50000000014019c03,,6512a528000000002402d184,那操作员也是一路跟跑？,2026.04.19,浙江,2.0,2.0,11,强势|服务者,强势,服务者,2,强势成功,99
69e481e8000000002003ad94,"

",,,1,69eb325e0000000014019c15,,5f047aa00000000001007f9c,操作他的工作人员也得一起跑吗？这跟得上吗[捂脸R],2026.04.24,浙江,1.0,0.0,25,强势|服务者,强势,服务者,4,强势成功,99
69e481e8000000002003ad94,"

",,,1,69e77e3e000000001401d433,,5cfdd163000000001202c81c,操作员跟保障是要一直跟着腿🦵跑全程吗？工程师体力都这么强了吗[抠鼻R],2026.04.21,河南,1.0,0.0,35,强势|服务者,强势,服务者,7,强势成功,99
69e481e8000000002003ad94,"

",,,1,69e73afa000000001401880a,,60de15eb000000000100aa59,维护人员需要跑着跟全程吗[石化R]。,2026.04.21,新西兰,1.0,0.0,18,强势|服务者,强势,服务者,4,强势成功,99
69e481e8000000002003ad94,"

",,,1,69e59014000000001401bc2b,,625a231c00000000210235f9,操作员也跟着跑啊[扶墙R],2026.04.20,北京,1.0,1.0,13,强势|服务者,强势,服务者,2,强势成功,99
69e481e8000000002003ad94,"

",,,1,69e5689e000000001401c006,,60b09c95000000000101cee9,跟跑的工作人员才厉害！所以还是人厉害[笑哭R],2026.04.20,广东,1.0,0.0,23,强势|服务者,强势,服务者,4,强势成功,99
69e481e8000000002003ad94,"

",,,1,69e4a288000000001401c43b,,62231847000000001000d4ca,这些工作人员也跟着跑了一路？,2026.04.19,江苏,1.0,0.0,14,强势|服务者,强势,服务者,4,强势成功,99
69e40352000000002102fc75,"机器人马拉松现场第一视角看全部队伍

",,1160.0,1,69e464830000000014019c30,,649efb0e00000000140360bd,操作人员也要跟着跑吗[偷笑R],2026.04.19,广东,1.0,2.0,15,常态|服务者,常态,服务者,3,常态,99
69e2583b00000000230211ea,"

",,2406.0,1,69e86ac8000000001401980a,,66711c590000000007005eea,保险公司索赔，在起跑处地面设置障碍的组织者,2026.04.22,北京,0.0,0.0,21,失败|抢救者,失败,抢救者,6,失败,99
69e2583b00000000230211ea,"

",,2406.0,1,69e30342000000001401bc08,,5b99c040cbd79500019dca4c,你完蛋了操作员要赔钱了[萌萌哒R],2026.04.18,重庆,0.0,0.0,17,失败|抢救者,失败,抢救者,3,失败,99
69da7e87000000001a03484e,"今晚的亦庄机器人马拉松测试

",,8169.0,1,69daf5c00000000035024a88,,58378dc6a9b2ed14cdf82941,这速度，工作人员是追不上,2026.04.12,天津,0.0,0.0,12,强势|观众,强势,观众,3,强势成功,99
69e47f8f000000001f007203,"2026年机器人马拉松状态，五年后再看🤣

",,5834.0,1,69e6e5ed000000001401b003,,61ef9d38000000001000585b,主理人您根本不跑是吗[生气R],2026.04.21,福建,0.0,0.0,15,混合|观众,混合,观众,3,,99
69e481e8000000002003ad94,"

",,,1,69e49e4a000000001401d412,,5f3d3c910000000001008290,操控人员要跟着跑？,2026.04.19,法国,0.0,0.0,9,强势|服务者,强势,服务者,3,强势成功,99
69e481e8000000002003ad94,"

",,,1,69e49c1a000000001401b82c,,66c5ed2b000000001d0201c4,旁边按键设置的人要跟着跑完全程？,2026.04.19,北京,0.0,0.0,16,强势|服务者,强势,服务者,6,强势成功,99
69e481e8000000002003ad94,"

",,,1,69e49b06000000001401c81e,,5acdcce94eacab3e87841be8,工作人员也跟着跑完了？,2026.04.19,四川,0.0,0.0,11,强势|服务者,强势,服务者,2,强势成功,99
69e481e8000000002003ad94,"

",,,1,69e498b1000000001401e800,,5abdd25611be10213bc20e15,工作人员也不容易啊，得跟着一起跑，还得拿物料,2026.04.19,上海,0.0,0.0,22,强势|服务者,强势,服务者,5,强势成功,99
69e481e8000000002003ad94,"

",,,1,69e49606000000001401c819,,5d204894000000001202344a,工作人员要跑全程吗,2026.04.19,河北,0.0,0.0,9,强势|服务者,强势,服务者,2,强势成功,99
69e481e8000000002003ad94,"

",,,1,69e494e20000000014019406,,58fd861782ec3954bc9493c7,所以操作员一路陪跑[赞R],2026.04.19,浙江,0.0,0.0,13,强势|服务者,强势,服务者,2,强势成功,99
69e481e8000000002003ad94,"

",,,1,69e5b7d8000000001401d805,,620c647c0000000010004fd5,是不是还有一个操作员在后面一起跑[微笑R][微笑R][微笑R],2026.04.20,广东,0.0,3.0,31,强势|服务者,强势,服务者,4,强势成功,99
69e481e8000000002003ad94,"

",,,1,69e8b1e60000000014019819,,5e91c7a20000000001005fe7,工作人员跟着跑吗[石化R],2026.04.22,江西,0.0,0.0,13,强势|服务者,强势,服务者,2,强势成功,99
69e481e8000000002003ad94,"

",,,1,69e793780000000014018c26,,5e47a82a000000000100b8f2,三个工作人员跟跑全程？,2026.04.21,贵州,0.0,0.0,11,强势|服务者,强势,服务者,3,强势成功,99
69e481e8000000002003ad94,"

",,,1,69e71d80000000001401a803,,52fde7ceb4c4d6328486d056,控制员是不是也要跑全程？！,2026.04.21,湖南,0.0,0.0,13,强势|服务者,强势,服务者,3,强势成功,99
69e481e8000000002003ad94,"

",,,1,69e6da69000000001401bc2a,,6753b7fe000000001c019de0,跟跑的工作人员才是真累,2026.04.21,河北,0.0,0.0,11,强势|服务者,强势,服务者,2,强势成功,99
69e481e8000000002003ad94,"

",,,1,69e6586b000000001401900b,,5aeff6e84eacab6a771d45e5,我想知道这几个工作人员也全程要跟着跑吗,2026.04.21,广西,0.0,0.0,19,强势|服务者,强势,服务者,5,强势成功,99
69e481e8000000002003ad94,"

",,,1,69e6300d000000001401a818,,61577a00000000001f03b0e4,工作人员用跑的？居然能跟上？[汗颜R][汗颜R],2026.04.20,辽宁,0.0,0.0,24,强势|服务者,强势,服务者,3,强势成功,99
69e481e8000000002003ad94,"

",,,1,69e62f990000000014018820,,641b884d00000000110200f5,操作者跟不上怎么办,2026.04.20,山东,0.0,0.0,9,强势|服务者,强势,服务者,3,强势成功,99
69e46730000000001d0199c8,"

",,761.0,2,69e77488000000001401982b,69e748fd0000000014019805,62281997000000001000fe57,我感觉就是测试性能的，续航持久度，关节能不能长时间快速磨损，电池或机械部位发热情况等等各种性能吧，搞个比赛大家一起对比对比互相竞争互相进步,2026.04.21,山东,62.0,,69,强势|观众,强势,观众,26,强势成功,100
69e40352000000002102fc75,"机器人马拉松现场第一视角看全部队伍

",,1160.0,2,69e43d61000000001401a422,69e43ba7000000001401b827,5f45e2f900000000010008bb,一种性能表征啊，实用路上的必经阶段,2026.04.19,北京,32.0,,17,常态|服务者,常态,服务者,6,常态,100
69e481e8000000002003ad94,"

",,,2,69e5db97000000001401c41d,69e5db10000000001401e805,6833545b00000000060134a2,测试极限和宣传,2026.04.20,云南,24.0,,7,强势|服务者,强势,服务者,3,强势成功,100
69e40352000000002102fc75,"机器人马拉松现场第一视角看全部队伍

",,1160.0,2,69e510a8000000001401ac03,69e4f7ac000000001401ac0c,6846b271000000001d01632c,极限测试,2026.04.20,湖南,15.0,,4,常态|服务者,常态,服务者,2,常态,100
69e481e8000000002003ad94,"

",,,2,69e49dcb0000000014018c31,69e49a050000000014019c00,6422bee50000000011022f47,测试稳定性，采集数据，测试极限性能，意义重大。,2026.04.19,广东,13.0,,23,强势|服务者,强势,服务者,9,强势成功,100
69da7e87000000001a03484e,"今晚的亦庄机器人马拉松测试

",,8169.0,2,69db2a7500000000350329af,69db1b05000000003503073f,63f35aaa000000001001dec8,你为什么觉得这种技术验证的目的是拼速度，有没有可能，速度是验证其他性能（稳定性、动力系统、控制系统）的表现方式？[笑哭R],2026.04.12,广东,11.0,,61,强势|观众,强势,观众,15,强势成功,100
69e481e8000000002003ad94,"

",,,2,69e6e9c5000000001401c011,69e6e77e0000000014019c03,625ba8530000000010008ea6,测试机器极限稳定性啊,2026.04.21,重庆,11.0,,10,强势|服务者,强势,服务者,4,强势成功,100
69e481e8000000002003ad94,"

",,,2,69e521e9000000001401d405,69e495250000000014019029,5a97ab7e11be100e98decc9d,都在测极限......本质是场秀肌肉拉投资的比赛。,2026.04.20,广东,3.0,,25,强势|服务者,强势,服务者,6,强势成功,100
69da7e87000000001a03484e,"今晚的亦庄机器人马拉松测试

",,8169.0,2,69db1f8e0000000002034b4c,69daef940000000001007f78,69803dd0000000002100b122,验证机器性能，平衡性什么的,2026.04.12,北京,2.0,,13,强势|观众,强势,观众,4,强势成功,100
69e47f8f000000001f007203,"2026年机器人马拉松状态，五年后再看🤣

",,5834.0,2,69e57519000000001401cc1c,69e4e1f0000000001401a40f,687a321d000000001e00aab2,怎么无聊了，测试续航能力，稳定性，修复速度，多有意义啊,2026.04.20,北京,2.0,,27,混合|观众,混合,观众,8,,100
69e481e8000000002003ad94,"

",,,2,69e59fb7000000001401a404,69e57c66000000001401e818,5b6bdc80da38be0001ad59af,测试的东西可多了，机械能不能自动计算路程，能不能精准走在路线上，机器颠簸会不会出现故障，续航如何，零件损耗等等等等,2026.04.20,广东,1.0,,57,强势|服务者,强势,服务者,18,强势成功,100
69e481e8000000002003ad94,"

",,,2,69e4a094000000001401e428,69e49eec000000001401e438,60595011000000000100b9fc,把它当作是工具，现在测试工具就不会考虑它有没有意义了。例如：汽车比赛，摩托车比赛，一样比谁的更好更强大。,2026.04.19,广东,1.0,,52,强势|服务者,强势,服务者,14,强势成功,100
69e46730000000001d0199c8,"

",,761.0,2,69e5b075000000001401c806,69e54d60000000001401c002,60ed9e09000000002002bf03,和f1比赛一样 有啥用？ 其实就是在测试性能，多自由度的控制算法是可以复用的,2026.04.20,安徽,1.0,,38,强势|观众,强势,观众,9,强势成功,100
69da7e87000000001a03484e,"今晚的亦庄机器人马拉松测试

",,8169.0,1,69db3b4e000000001400a045,,5d2eb5f6000000001103ed2d,是为了考验极限在哪吧,2026.04.12,法国,0.0,0.0,10,强势|观众,强势,观众,3,强势成功,100
69da7e87000000001a03484e,"今晚的亦庄机器人马拉松测试

",,8169.0,1,69db218700000000350214b2,,5efec25d0000000001004095,测试电池续航，电机性能，雷达视觉，自主能力，整体平衡性，速度，,2026.04.12,江苏,0.0,0.0,31,强势|观众,强势,观众,12,强势成功,100
69da7e87000000001a03484e,"今晚的亦庄机器人马拉松测试

",,8169.0,1,69db19d80000000015009327,,5fe1ef75000000000101fc29,这个应该是测试稳定性，电池，平衡等，很有意义，就比如说很多人说F1赛车有什么意义，但是很多人不知道，涡轮发动机当刚发明出来的时候，就是在f1赛车上实验,2026.04.12,福建,0.0,0.0,75,强势|观众,强势,观众,20,强势成功,100
69da7e87000000001a03484e,"今晚的亦庄机器人马拉松测试

",,8169.0,1,69db0675000000003501f22a,,622d634c000000001000b33a,看续航看磨损，得到运动传感数据，下一步可以做更多更大得了,2026.04.12,山东,0.0,0.0,28,强势|观众,强势,观众,8,强势成功,100
69e47f8f000000001f007203,"2026年机器人马拉松状态，五年后再看🤣

",,5834.0,1,69e59164000000001401dc20,,6735d649000000001c01b0fb,就是比个性能,2026.04.20,重庆,0.0,0.0,6,混合|观众,混合,观众,2,,100
69e481e8000000002003ad94,"

",,,1,69e75fc50000000014019c0b,,666d10dc0000000003032837,这是机械性和耐用性的检验,2026.04.21,山东,0.0,0.0,12,强势|服务者,强势,服务者,3,强势成功,100
69e481e8000000002003ad94,"

",,,1,69e5a7fe000000001401b80f,,63e51e8a0000000026010f15,这种比赛训练的意义就类比踢足球你首先得训练自己的体力可以跑满90分钟的比赛，只有经常各类测试才能知道各种零件的参数极限。只不过把实验室测试搬到了户外变成比赛，再宣传一下而已,2026.04.20,广东,0.0,0.0,86,强势|服务者,强势,服务者,31,强势成功,100
69e481e8000000002003ad94,"

",,,1,69e5876a000000001401bc21,,5d04e02c000000001103f6b7,耐用性、可靠性有待提升！,2026.04.20,广西,0.0,0.0,12,强势|服务者,强势,服务者,4,强势成功,100
69e481e8000000002003ad94,"

",,,1,69e57754000000001401ac0c,,5921f3e882ec396177375416,考验平衡和稳定性，最重要的是推动机械和动力技术的突破。,2026.04.20,河南,0.0,0.0,27,强势|服务者,强势,服务者,9,强势成功,100
69e481e8000000002003ad94,"

",,,1,69e4a649000000001401e435,,60cd9386000000000101e59f,耐久性测试,2026.04.19,天津,0.0,0.0,5,强势|服务者,强势,服务者,2,强势成功,100
69df625d0000000021005c63,"“扶我起来，我还能再跑10公里”

",,9992.0,1,69df970f0000000015000b03,,656ea31b000000002003014b,极限N选一,2026.04.15,加拿大,0.0,0.0,5,失败|观众,失败,观众,2,失败,100
69e447d2000000001d01aa01,"当算法有了腿，程序员万万没想到……

",,2912.0,1,69e46d8c000000001401a814,,607ea49c0000000001006396,积累测试经验,2026.04.19,河北,0.0,0.0,6,强势|服务者,强势,服务者,3,强势成功,100
69da7e87000000001a03484e,"今晚的亦庄机器人马拉松测试

",,8169.0,2,69db7ddb0000000002036ce1,69db1b05000000003503073f,5573263262a60c5f38b7c571,为了测耐力和极限,2026.04.12,上海,0.0,,8,强势|观众,强势,观众,3,强势成功,100
69da7e87000000001a03484e,"今晚的亦庄机器人马拉松测试

",,8169.0,2,69dafb6b000000000c030972,69daf9f5000000003503368d,6789ac8c000000000a03c348,测极限提性能，提升行业发展,2026.04.12,江苏,0.0,,13,强势|观众,强势,观众,5,强势成功,100
69e42cc100000000220001ad,"机器人马拉松倒数第一名，萌翻了🤣🤣🤣

",,8501.0,2,69e9b2fc000000001401e01a,69e99fe20000000014019825,5c8092970000000012018b79,各个机械构造都需要耐力测试的。,2026.04.23,浙江,0.0,,15,弱势|观众,弱势,观众,6,弱势,100
69e481e8000000002003ad94,"

",,,2,69e49c9e000000001401d812,69e49b570000000014019005,678719ba000000000801f2f6,测试稳定性,2026.04.19,四川,0.0,,5,强势|服务者,强势,服务者,2,强势成功,100
69e481e8000000002003ad94,"

",,,2,69e4a282000000001401d401,69e49b570000000014019005,60cd6090000000000101c2ce,意义是让投资者观摩目前进度。展示软件学习功能和硬件反应和可靠度。增进融资信心，培养专业人才，让背后隐藏项目可继续发展！,2026.04.19,新加坡,0.0,,59,强势|服务者,强势,服务者,22,强势成功,100
69e6f2bc0000000023005345,"🍼机器人第一视角，好多人呀

",,687.0,1,69e726700000000014018820,,5ffdda72000000000100a6c6,你家孩子正好cos鲁班七号[斜眼R],2026.04.21,山西,26.0,4.0,18,弱势|观众,弱势,观众,6,弱势,101
69e42cc100000000220001ad,"机器人马拉松倒数第一名，萌翻了🤣🤣🤣

",,8501.0,1,69e4f2b0000000001401c817,,67100444000000001d0230a6,鲁班七号咋来参加马拉松了[doge],2026.04.19,广东,5.0,0.0,18,弱势|观众,弱势,观众,4,弱势,101
69e47f8f000000001f007203,"2026年机器人马拉松状态，五年后再看🤣

",,5834.0,2,69e6c112000000001401c401,69e5d7130000000014018c1a,67e023f1000000000e01cd79,这小短腿不是鲁班嘛,2026.04.21,山西,5.0,,9,混合|观众,混合,观众,3,,101
69e42cc100000000220001ad,"机器人马拉松倒数第一名，萌翻了🤣🤣🤣

",,8501.0,1,69e519d8000000001401cc07,,61342def0000000002026c21,好像鲁班7号[笑哭R] 迈着矫健的步伐[doge],2026.04.20,广东,4.0,0.0,25,弱势|观众,弱势,观众,5,弱势,101
69e47f8f000000001f007203,"2026年机器人马拉松状态，五年后再看🤣

",,5834.0,2,69e58d53000000001401bc08,69e58ac3000000001401b822,5d806b720000000001005322,哈哈哈我看着像鲁班[失望R],2026.04.20,浙江,3.0,,14,混合|观众,混合,观众,2,,101
69e48341000000001a02d0c4,"机器人马拉松，我们看乐了，西方人看破防了🤣

",3931.0,1022.0,2,69e4fd43000000001401d426,69e4e615000000001401a40c,55a0538958944627e8b7a7f5,想起了鲁班七号[doge],2026.04.20,天津,3.0,,13,强势|观众,强势,观众,3,强势成功,101
69e47f8f000000001f007203,"2026年机器人马拉松状态，五年后再看🤣

",,5834.0,1,69e8c576000000001401a426,,60cc47e0000000000100259e,鲁班具象化了,2026.04.22,河南,2.0,0.0,6,混合|观众,混合,观众,2,,101
69e47f8f000000001f007203,"2026年机器人马拉松状态，五年后再看🤣

",,5834.0,1,69e86e19000000001401e423,,623adb4a000000001000689a,谁家的鲁班七号跑出来了[doge][doge],2026.04.22,新疆,2.0,0.0,23,混合|观众,混合,观众,3,,101
69e48341000000001a02d0c4,"机器人马拉松，我们看乐了，西方人看破防了🤣

",3931.0,1022.0,1,69e5944b000000001401b82e,,67e7b015000000000a03ffbf,怎么有两只鲁班[doge][doge][doge],2026.04.20,江苏,2.0,0.0,25,强势|观众,强势,观众,2,强势成功,101
69e4426b000000001d01c7ed,"一个大的一个小的一个废的

",,7334.0,2,69e4ae2f0000000014019c1c,69e451fd000000001401c806,61e6dd8c000000001000e134,小鲁班乒乓小将[doge],2026.04.19,江苏,2.0,,13,混合|观众,混合,观众,3,,101
69e42cc100000000220001ad,"机器人马拉松倒数第一名，萌翻了🤣🤣🤣

",,8501.0,1,69e55bcf000000001401dc0c,,642120c50000000012012c0b,小鲁班这是有刺客在追[笑哭R],2026.04.20,陕西,1.0,0.0,15,弱势|观众,弱势,观众,2,弱势,101
69e42cc100000000220001ad,"机器人马拉松倒数第一名，萌翻了🤣🤣🤣

",,8501.0,1,69e516a80000000014019800,,5e47d03d00000000010086be,峡谷鲁班的胞弟[笑哭R],2026.04.20,辽宁,1.0,0.0,12,弱势|观众,弱势,观众,3,弱势,101
69e42cc100000000220001ad,"机器人马拉松倒数第一名，萌翻了🤣🤣🤣

",,8501.0,1,69e440bf0000000014018c0d,,62ba95ca000000001b02a3a3,鲁班他二爹,2026.04.19,山东,1.0,0.0,5,弱势|观众,弱势,观众,2,弱势,101
69e47f8f000000001f007203,"2026年机器人马拉松状态，五年后再看🤣

",,5834.0,1,69e59e6c000000001401b023,,5baafc9071703c0001e5c4b5,鲁班 是你吗鲁班？,2026.04.20,北京,1.0,0.0,9,混合|观众,混合,观众,2,,101
69e4426b000000001d01c7ed,"一个大的一个小的一个废的

",,7334.0,1,69e4801a000000001401dc13,,64d389a5000000000b005e00,小家伙好像鲁班7号[喝奶茶R],2026.04.19,河南,0.0,0.0,15,混合|观众,混合,观众,3,,101
69e4426b000000001d01c7ed,"一个大的一个小的一个废的

",,7334.0,1,69e47a1f0000000014019823,,63f9b71d000000001002745d,鲁班好可爱！！！！,2026.04.19,云南,0.0,0.0,9,混合|观众,混合,观众,2,,101
69e4426b000000001d01c7ed,"一个大的一个小的一个废的

",,7334.0,1,69e479fa000000001401a016,,60b1c1280000000001003708,这小鲁班虽然腿短跑得慢但跑的稳[偷笑R],2026.04.19,云南,0.0,0.0,20,混合|观众,混合,观众,5,,101
69da7e87000000001a03484e,"今晚的亦庄机器人马拉松测试

",,8169.0,1,69db01b20000000015004f9a,,634fd67a000000001802c9d7,我操这不是岱宗吗,2026.04.12,北京,0.0,0.0,8,强势|观众,强势,观众,2,强势成功,101
69e42cc100000000220001ad,"机器人马拉松倒数第一名，萌翻了🤣🤣🤣

",,8501.0,1,69e556c8000000001401dc09,,6467142d000000001f0312cc,鲁班书包打丢了就这样[笑哭R],2026.04.20,山东,0.0,0.0,15,弱势|观众,弱势,观众,3,弱势,101
69e42cc100000000220001ad,"机器人马拉松倒数第一名，萌翻了🤣🤣🤣

",,8501.0,1,69e518b4000000001401a004,,5fb639a8000000000100b546,鲁班七号,2026.04.20,广东,0.0,0.0,4,弱势|观众,弱势,观众,2,弱势,101
69e42cc100000000220001ad,"机器人马拉松倒数第一名，萌翻了🤣🤣🤣

",,8501.0,1,69e51012000000001401c015,,5aa8c16511be1066bdb646dc,好像鲁班[捂脸R],2026.04.20,青海,0.0,0.0,9,弱势|观众,弱势,观众,2,弱势,101
69e42cc100000000220001ad,"机器人马拉松倒数第一名，萌翻了🤣🤣🤣

",,8501.0,1,69e508a4000000001401c40d,,59e73bf811be10463283831b,鲁班七号（机器人版[大笑R],2026.04.20,广东,0.0,0.0,14,弱势|观众,弱势,观众,3,弱势,101
69e42cc100000000220001ad,"机器人马拉松倒数第一名，萌翻了🤣🤣🤣

",,8501.0,1,69e5047d000000001401d813,,63b632f2000000002801b86c,王者投一个鲁班七号呗,2026.04.20,河南,0.0,0.0,10,弱势|观众,弱势,观众,3,弱势,101
69e42cc100000000220001ad,"机器人马拉松倒数第一名，萌翻了🤣🤣🤣

",,8501.0,1,69e50227000000001401d821,,6668f13c0000000003031d6f,鲁班大师,2026.04.20,上海,0.0,0.0,4,弱势|观众,弱势,观众,2,弱势,101
69e42cc100000000220001ad,"机器人马拉松倒数第一名，萌翻了🤣🤣🤣

",,8501.0,1,69e500d5000000001401c426,,6040d79400000000010027da,鲁班新皮肤？,2026.04.20,陕西,0.0,0.0,6,弱势|观众,弱势,观众,2,弱势,101
69e42cc100000000220001ad,"机器人马拉松倒数第一名，萌翻了🤣🤣🤣

",,8501.0,1,69e4fc59000000001401dc0b,,67667109000000001801e1aa,有点像王者的鲁班,2026.04.20,广东,0.0,0.0,8,弱势|观众,弱势,观众,3,弱势,101
69e42cc100000000220001ad,"机器人马拉松倒数第一名，萌翻了🤣🤣🤣

",,8501.0,1,69e4f00e000000001401e830,,5c498d85000000001203f181,小鲁班，小短腿好可爱,2026.04.19,广东,0.0,0.0,10,弱势|观众,弱势,观众,3,弱势,101
69e42cc100000000220001ad,"机器人马拉松倒数第一名，萌翻了🤣🤣🤣

",,8501.0,1,69e4eac9000000001401dc19,,604676430000000001001267,感觉好像小鲁班,2026.04.19,广东,0.0,0.0,7,弱势|观众,弱势,观众,2,弱势,101
69e42cc100000000220001ad,"机器人马拉松倒数第一名，萌翻了🤣🤣🤣

",,8501.0,1,69ec3e060000000027015ffb,,66e95ab8000000001d031307,鲁班七号[笑哭了R],2026.04.25,河北,0.0,0.0,10,弱势|观众,弱势,观众,2,弱势,101
69e42cc100000000220001ad,"机器人马拉松倒数第一名，萌翻了🤣🤣🤣

",,8501.0,1,69e8fda6000000001401e40d,,60a8c5b2000000000101f050,鲁班七号[呃R],2026.04.23,广东,0.0,0.0,8,弱势|观众,弱势,观众,2,弱势,101
69e481e8000000002003ad94,"

",,,2,69e6aa46000000001401bc03,69e6a9d00000000014019c03,640be914000000002a009632,那不是很好吗？增加就业机会[doge],2026.04.21,广东,17.0,,19,强势|服务者,强势,服务者,2,强势成功,102
69e481e8000000002003ad94,"

",,,2,69e5752e000000001401cc06,69e574d70000000014019810,5f758b7d0000000001003352,这不是提供工作岗位吗,2026.04.20,山东,9.0,,10,强势|服务者,强势,服务者,2,强势成功,102
69e481e8000000002003ad94,"

",,,2,69e48ab3000000001401dc09,69e48802000000001401ac1d,60595c1a0000000001003a6c,这不增加岗位了嘛,2026.04.19,浙江,6.0,,8,强势|服务者,强势,服务者,2,强势成功,102
69e481e8000000002003ad94,"

",,,2,69e8b16f000000001401a008,69e8b041000000001401a406,64f7403a0000000005000e34,不用担心失业了,2026.04.22,浙江,6.0,,7,强势|服务者,强势,服务者,3,强势成功,102
69e481e8000000002003ad94,"

",,,2,69e635530000000014019014,69e634e3000000001401bc2a,5b17fcfa11be106616f86621,增加工作岗位不挺好的么,2026.04.20,北京,4.0,,11,强势|服务者,强势,服务者,2,强势成功,102
69da7e87000000001a03484e,"今晚的亦庄机器人马拉松测试

",,8169.0,1,69db1f8b0000000001007abd,,60888a8a0000000001005559,现在看到技术进步有多快了吧，，，过几年失业的人会更多[doge],2026.04.12,湖南,3.0,0.0,32,强势|观众,强势,观众,5,强势成功,102
69e481e8000000002003ad94,"

",,,2,69e52207000000001401e00a,69e51893000000001401e006,63b2e4790000000026007098,至少增加20个人就业，还有没看着的呢[吐舌头H][吐舌头H][吐舌头H][吐舌头H][吐舌头H][吐舌头H],2026.04.20,吉林,3.0,,54,强势|服务者,强势,服务者,6,强势成功,102
69e2583b00000000230211ea,"

",,2406.0,1,69e2ecde000000001401a004,,6240257800000000100043bd,增加四个就业。好。,2026.04.18,新加坡,2.0,0.0,9,失败|抢救者,失败,抢救者,3,失败,102
69e47f8f000000001f007203,"2026年机器人马拉松状态，五年后再看🤣

",,5834.0,2,69e59e51000000001401e80c,69e586020000000014019401,61c0913e0000000010004e29,搞新兴行业 然后有新就业方向,2026.04.20,上海,2.0,,14,混合|观众,混合,观众,4,,102
69e481e8000000002003ad94,"

",,,1,69e49d7f000000001401e01e,,63a5919c0000000026004b7e,不出三年失业率提高百分之三十,2026.04.19,云南,1.0,0.0,14,强势|服务者,强势,服务者,4,强势成功,102
69e481e8000000002003ad94,"

",,,1,69e6f9710000000014018814,,5d0264f30000000012007342,解决三个年轻人就业问题！,2026.04.21,广东,1.0,0.0,12,强势|服务者,强势,服务者,5,强势成功,102
69e40352000000002102fc75,"机器人马拉松现场第一视角看全部队伍

",,1160.0,1,69e4deaf000000001401b00a,,660ba5b1000000000b00f994,我们是不是快失业了[偷笑R],2026.04.19,四川,1.0,0.0,14,常态|服务者,常态,服务者,2,常态,102
69e48b0b000000001a02578c,"北京马拉松机器人中暑了🥵

",3334.0,467.0,2,69f3269a000000002902db8a,69eae32d000000001401d40b,5cff51eb0000000010004920,拓展了就业空间[doge],2026.04.30,河北,1.0,,13,失败|服务者,失败,服务者,3,失败,102
69da7e87000000001a03484e,"今晚的亦庄机器人马拉松测试

",,8169.0,1,69db33df00000000140084a1,,5caa3e930000000011038afb,有多少人正在失业的路上,2026.04.12,上海,0.0,0.0,11,强势|观众,强势,观众,5,强势成功,102
69e47f8f000000001f007203,"2026年机器人马拉松状态，五年后再看🤣

",,5834.0,1,69e88be4000000001401d406,,5fa052ec000000000100796b,这下失业的人更多了,2026.04.22,海南,0.0,0.0,9,混合|观众,混合,观众,4,,102
69e481e8000000002003ad94,"

",,,1,69e49e73000000001401e833,,65350d5f000000000600548e,到底是省人了还是增加了人？,2026.04.19,广东,0.0,0.0,13,强势|服务者,强势,服务者,4,强势成功,102
69e481e8000000002003ad94,"

",,,1,69e49b1d000000001401d804,,63fb48c7000000001400cf66,这个很好呀我觉得，直接创造三个维护岗位，值得推广[点赞R],2026.04.19,上海,0.0,0.0,29,强势|服务者,强势,服务者,7,强势成功,102
69e481e8000000002003ad94,"

",,,1,69edc89a000000002803ce38,,65ff7800000000000600c99b,估计这三人以后也会失业,2026.04.26,广东,0.0,0.0,11,强势|服务者,强势,服务者,3,强势成功,102
69e481e8000000002003ad94,"

",,,1,69eafa3d0000000014019c14,,5c7d1c87000000001202d495,给人😮‍💨提供了就业岗位[捂脸R],2026.04.24,广东,0.0,0.0,17,强势|服务者,强势,服务者,4,强势成功,102
69e481e8000000002003ad94,"

",,,1,69e6753f000000001401b800,,5c3b1dab000000000702ee48,哎呀，又有三个工作岗位[doge],2026.04.21,湖北,0.0,0.0,17,强势|服务者,强势,服务者,3,强势成功,102
69e481e8000000002003ad94,"

",,,1,69e66009000000001401880b,,5fb6a3ba0000000001002bad,人都找不到工作...,2026.04.21,广东,0.0,0.0,10,强势|服务者,强势,服务者,3,强势成功,102
69e481e8000000002003ad94,"

",,,1,69e5e256000000001401ac25,,68347fe5000000001b01a8b1,现在看着挺热闹，等失业的时候大家一起哭吧！,2026.04.20,英国,0.0,0.0,21,强势|服务者,强势,服务者,5,强势成功,102
69e481e8000000002003ad94,"

",,,1,69e5e114000000001401c00f,,631b6b25000000002303af45,这是增加就业岗位？[笑哭R],2026.04.20,北京,0.0,0.0,14,强势|服务者,强势,服务者,3,强势成功,102
69e481e8000000002003ad94,"

",,,1,69e58b9c000000001401d803,,6141f535000000001f03cd79,以后越来越多人失业咯,2026.04.20,广东,0.0,0.0,10,强势|服务者,强势,服务者,3,强势成功,102
69e481e8000000002003ad94,"

",,,1,69e57fbb0000000014019007,,5d5f913f0000000001018a63,离失业更进一步,2026.04.20,美国,0.0,0.0,7,强势|服务者,强势,服务者,2,强势成功,102
69e481e8000000002003ad94,"

",,,1,69e56d0c000000001401e808,,58a98a225e87e74e99110587,一下子创造出三个岗位 很好！,2026.04.20,上海,0.0,0.0,14,强势|服务者,强势,服务者,4,强势成功,102
69e481e8000000002003ad94,"

",,,1,69e547d2000000001401c001,,62de8eb60000000015019bfc,这个工作恭喜高吗,2026.04.20,广东,0.0,0.0,8,强势|服务者,强势,服务者,2,强势成功,102
69e481e8000000002003ad94,"

",,,1,69e51eef0000000014019401,,603cb6790000000001009bdd,这就业岗位提供的满满的,2026.04.20,广东,0.0,0.0,11,强势|服务者,强势,服务者,4,强势成功,102
69e481e8000000002003ad94,"

",,,1,69e4a6e3000000001401bc25,,5ab2e6a2e8ac2b30ac4d58da,这个可以啊 造就就业[点赞R][点赞R][点赞R][点赞R],2026.04.19,陕西,0.0,0.0,30,强势|服务者,强势,服务者,2,强势成功,102
69e481e8000000002003ad94,"

",,,1,69e4a5e0000000001401b01c,,5de3b42e0000000001006a07,创造三个服务性岗位，可以,2026.04.19,宁夏,0.0,0.0,12,强势|服务者,强势,服务者,4,强势成功,102
69df625d0000000021005c63,"“扶我起来，我还能再跑10公里”

",,9992.0,2,69e0245e000000003500bf1c,69dfb3290000000002035b6b,657bbafc0000000019012a3a,红色闪电，真猛[点赞R],2026.04.16,浙江,117.0,,12,失败|观众,失败,观众,3,失败,103
69df625d0000000021005c63,"“扶我起来，我还能再跑10公里”

",,9992.0,2,69df92ce00000000160171cd,69df8f1f000000003502b58d,6128823d0000000001008bb1,那个红色闪电⚡,2026.04.15,北京,63.0,,7,失败|观众,失败,观众,2,失败,103
69e48341000000001a02d0c4,"机器人马拉松，我们看乐了，西方人看破防了🤣

",3931.0,1022.0,1,69f1881e000000002701dcfc,,64c22c02000000001403f234,闪电⚡️是真的帅啊，朋友们[飞吻R],2026.04.29,辽宁,22.0,1.0,18,强势|观众,强势,观众,3,强势成功,103
69df625d0000000021005c63,"“扶我起来，我还能再跑10公里”

",,9992.0,2,69df93b3000000003502e988,69df8f1f000000003502b58d,5b15533211be107220b650a7,那个红色闪电是谁家的？我去买他家股票,2026.04.15,北京,15.0,,18,失败|观众,失败,观众,5,失败,103
69df625d0000000021005c63,"“扶我起来，我还能再跑10公里”

",,9992.0,1,69df9ae5000000001500897a,,64b7eb280000000014035851,红色的好激情啊,2026.04.15,江苏,11.0,2.0,7,失败|观众,失败,观众,2,失败,103
69e4412a000000002103883f,"荣耀闪电队-齐天大圣夺冠！

",3517.0,445.0,1,69e48a5b000000001401ac12,,5fa0a3250000000001004682,闪电是冠军,2026.04.19,湖北,4.0,0.0,5,强势|观众,强势,观众,2,强势成功,103
69e41e24000000001a025f1a,"人形机器人半马摔倒瞬间🔥🔥

",1155.0,129.0,2,69e4389d000000001401c41a,69e431970000000014019006,5dfac1e40000000001008c68,闪电是红色的,2026.04.19,陕西,3.0,,6,失败|观众,失败,观众,2,失败,103
69e41e24000000001a025f1a,"人形机器人半马摔倒瞬间🔥🔥

",1155.0,129.0,1,69e431970000000014019006,,62713aee000000002102acb2,是哪個叫閃電的嗎？,2026.04.19,吉林,2.0,4.0,9,失败|观众,失败,观众,2,失败,103
69e44278000000001a0217bb,"机器人超过我的瞬间

",6019.0,372.0,2,69e855bd000000002b031349,69e596ed000000001401a41e,601525bd000000000101ff67,閃電真的太快了……從別人的視角看不明顯，從跑者的腳步一看簡直是絕望[石化R],2026.04.22,中国台湾,2.0,,38,强势|被超越者,强势,被超越者,11,强势成功,103
69e2583b00000000230211ea,"

",,2406.0,1,69e98981000000001401e415,,663a322a0000000003033476,那个红色的是心脏吗？哪个器官呢？,2026.04.23,山东,1.0,0.0,16,失败|抢救者,失败,抢救者,4,失败,103
69df625d0000000021005c63,"“扶我起来，我还能再跑10公里”

",,9992.0,1,69dfa88b000000000d03ec16,,5e3d95190000000001000e6d,红色那个好象猴子跑[笑哭R],2026.04.15,广西,1.0,0.0,14,失败|观众,失败,观众,3,失败,103
69df625d0000000021005c63,"“扶我起来，我还能再跑10公里”

",,9992.0,1,69dfa594000000003501bd87,,6617c0ec0000000007005729,红色三倍速,2026.04.15,江苏,1.0,0.0,5,失败|观众,失败,观众,2,失败,103
69df625d0000000021005c63,"“扶我起来，我还能再跑10公里”

",,9992.0,1,69df9a1f0000000015005187,,6274a77d000000002102427a,红色的是刀锋战士呀[点赞R],2026.04.15,重庆,1.0,0.0,14,失败|观众,失败,观众,2,失败,103
69e4412a000000002103883f,"荣耀闪电队-齐天大圣夺冠！

",3517.0,445.0,1,69e472200000000014018c19,,5a90b19ddb2e6034cfe5ce21,闪电⚡好威武的感觉,2026.04.19,河北,1.0,1.0,9,强势|观众,强势,观众,2,强势成功,103
69e48341000000001a02d0c4,"机器人马拉松，我们看乐了，西方人看破防了🤣

",3931.0,1022.0,1,69e4ec750000000014018c1b,,5b705720e8ac2b26422f9614,紅色真的太帥了！就是那麼耀眼！還都是第一名！,2026.04.19,中国香港,1.0,0.0,22,强势|观众,强势,观众,7,强势成功,103
69da7e87000000001a03484e,"今晚的亦庄机器人马拉松测试

",,8169.0,2,69db8ccd00000000350293b1,69db843700000000350151f6,67fb728e000000000d00b4a3,红色的你自己看吧,2026.04.12,贵州,1.0,,8,强势|观众,强势,观众,2,强势成功,103
69da7e87000000001a03484e,"今晚的亦庄机器人马拉松测试

",,8169.0,1,69db91830000000035021c6b,,595db4e782ec3973e0103dd6,为啥我总觉得红色那个在摇头晃脑？[汗颜R],2026.04.12,江苏,0.0,0.0,21,强势|观众,强势,观众,2,强势成功,103
69da7e87000000001a03484e,"今晚的亦庄机器人马拉松测试

",,8169.0,1,69daed9b0000000035020e6a,,5e608aa80000000001003ec3,红色使徒,2026.04.12,云南,0.0,0.0,4,强势|观众,强势,观众,2,强势成功,103
69da7e87000000001a03484e,"今晚的亦庄机器人马拉松测试

",,8169.0,1,69daed09000000000d03d744,,5b4fe3bc4eacab26bb75e698,红色的是jd快递小哥么[微笑R],2026.04.12,上海,0.0,0.0,16,强势|观众,强势,观众,4,强势成功,103
69da7e87000000001a03484e,"今晚的亦庄机器人马拉松测试

",,8169.0,1,69dad8f50000000035016dc0,,63aaf9560000000026012c36,红色的让他去消防队吧,2026.04.12,浙江,0.0,0.0,10,强势|观众,强势,观众,2,强势成功,103
69df625d0000000021005c63,"“扶我起来，我还能再跑10公里”

",,9992.0,1,69dfab580000000001004341,,5aae8b45e8ac2b302af006f8,红色有角三倍速懂伐？,2026.04.15,江苏,0.0,0.0,10,失败|观众,失败,观众,4,失败,103
69df625d0000000021005c63,"“扶我起来，我还能再跑10公里”

",,9992.0,1,69dfab43000000000d03fce7,,598ec2bf6a6a69279ecf56c2,红色那个像刑天,2026.04.15,江苏,0.0,0.0,7,失败|观众,失败,观众,2,失败,103
69df625d0000000021005c63,"“扶我起来，我还能再跑10公里”

",,9992.0,1,69dfa9d2000000003502e900,,60c740b80000000001001a25,红色的像自爆兵[笑哭R],2026.04.15,江苏,0.0,0.0,12,失败|观众,失败,观众,2,失败,103
69df625d0000000021005c63,"“扶我起来，我还能再跑10公里”

",,9992.0,1,69dfa9cb000000003502e79b,,5ea84a85000000000100ac07,红色闪电让我想起了它,2026.04.15,新疆,0.0,0.0,10,失败|观众,失败,观众,3,失败,103
69df625d0000000021005c63,"“扶我起来，我还能再跑10公里”

",,9992.0,1,69dfa9b60000000035017a1b,,61add06c0000000010005546,红色的是HONOR[斜眼R],2026.04.15,广东,0.0,0.0,14,失败|观众,失败,观众,2,失败,103
69df625d0000000021005c63,"“扶我起来，我还能再跑10公里”

",,9992.0,1,69dfa3a60000000016017223,,595d7e9750c4b4092fbda065,看那个红的我都出冷汗，太吓人了很快不会累,2026.04.15,辽宁,0.0,0.0,20,失败|观众,失败,观众,3,失败,103
69df625d0000000021005c63,"“扶我起来，我还能再跑10公里”

",,9992.0,1,69df9e88000000003502e77b,,6046a88000000000010084b8,那辆汽车犯规，红色闪电可以拿冠军的,2026.04.15,重庆,0.0,0.0,17,失败|观众,失败,观众,6,失败,103
69df625d0000000021005c63,"“扶我起来，我还能再跑10公里”

",,9992.0,1,69df9bfe0000000016016ac1,,67a49e62000000000e01d572,闪电跑得快[抱拳R],2026.04.15,山西,0.0,0.0,10,失败|观众,失败,观众,2,失败,103
69df625d0000000021005c63,"“扶我起来，我还能再跑10公里”

",,9992.0,1,69df99a4000000001500bce9,,608d4cfb0000000001006bbb,那个红色闪电是哪家的,2026.04.15,山东,0.0,0.0,10,失败|观众,失败,观众,3,失败,103
69df625d0000000021005c63,"“扶我起来，我还能再跑10公里”

",,9992.0,1,69df984e000000003500d1bc,,5bf3f1219752510001fb1198,那个红色闪电笑死我了[笑哭R],2026.04.15,中国香港,0.0,0.0,15,失败|观众,失败,观众,2,失败,103
69e2583b00000000230211ea,"

",,2406.0,2,69e30b830000000014018c1c,69e30b1e000000001401ac0e,5f9f8fff000000000101ea4e,一点AI的味道都没看出来。刷到过其他角度的视频，确实爆装备了,2026.04.18,湖北,16.0,,30,失败|抢救者,失败,抢救者,9,失败,104
69e42cc100000000220001ad,"机器人马拉松倒数第一名，萌翻了🤣🤣🤣

",,8501.0,2,69e5aab4000000001401ac2b,69e5aa18000000001401dc37,5cd290a4000000001001126f,[偷笑R]爆不了，因为买不起[doge],2026.04.20,内蒙古,8.0,,20,弱势|观众,弱势,观众,2,弱势,104
69e2583b00000000230211ea,"

",,2406.0,1,69e30664000000001401c826,,657a3ca60000000020036738,爆了一地装备,2026.04.18,福建,5.0,1.0,6,失败|抢救者,失败,抢救者,2,失败,104
69e46730000000001d0199c8,"

",,761.0,1,69e4fb15000000001401e828,,5d5bc705000000000100880c,刚起步就爆装备,2026.04.19,广东,1.0,0.0,7,强势|观众,强势,观众,2,强势成功,104
69e48b0b000000001a02578c,"北京马拉松机器人中暑了🥵

",3334.0,467.0,1,69fd7aae000000002702f346,,5da1d87a0000000001000f6e,这咋还背的啥撒出来了？负重五公里爆装备了吗[捂脸R],2026.05.08,山东,1.0,0.0,26,失败|服务者,失败,服务者,3,失败,104
69e4426b000000001d01c7ed,"一个大的一个小的一个废的

",,7334.0,1,69e47ff30000000014019c0a,,5c55933c000000001b0046fa,那家伙想碰瓷。,2026.04.19,江西,0.0,0.0,7,混合|观众,混合,观众,2,,104
69e2583b00000000230211ea,"

",,2406.0,1,69eb2f47000000001401c822,,63240884000000002303e328,跑个步怎么还爆装备了[doge],2026.04.24,江西,0.0,0.0,16,失败|抢救者,失败,抢救者,2,失败,104
69e2583b00000000230211ea,"

",,2406.0,1,69e9e0e50000000014018820,,69d1f0450000000032028650,原地爆装备,2026.04.23,湖北,0.0,0.0,5,失败|抢救者,失败,抢救者,2,失败,104
69e2583b00000000230211ea,"

",,2406.0,1,69e9ad0e000000001401d802,,5b89c4fb0ddda300012eb616,真的是爆了一地装备,2026.04.23,山东,0.0,0.0,9,失败|抢救者,失败,抢救者,3,失败,104
69e2583b00000000230211ea,"

",,2406.0,1,69e98382000000001401d82a,,60e84968000000000101ddc0,太厉害了，一出场就爆装备[笑哭R][赞R],2026.04.23,广东,0.0,0.0,21,失败|抢救者,失败,抢救者,3,失败,104
69e2583b00000000230211ea,"

",,2406.0,1,69e888810000000014019019,,6308d41e0000000012000b34,这爆率太高了吧，爆一地装备[偷笑R],2026.04.22,山东,0.0,0.0,18,失败|抢救者,失败,抢救者,4,失败,104
69e2583b00000000230211ea,"

",,2406.0,1,69e87c79000000001401c818,,6238055d0000000010004c6f,哎呀，爆一地装备，笑死了,2026.04.22,广西,0.0,0.0,12,失败|抢救者,失败,抢救者,3,失败,104
69e2583b00000000230211ea,"

",,2406.0,1,69e7abc2000000001401d410,,5bd8fa415b717e0001cccefc,装备爆一地,2026.04.22,辽宁,0.0,0.0,5,失败|抢救者,失败,抢救者,2,失败,104
69e2583b00000000230211ea,"

",,2406.0,1,69e7a3a6000000001401b012,,68b70e31000000001901788a,爆率真高啊[偷笑R],2026.04.22,广东,0.0,0.0,10,失败|抢救者,失败,抢救者,2,失败,104
69e2583b00000000230211ea,"

",,2406.0,1,69e7998c000000001401a822,,5b80b197daf0480001acfff9,纸糊的，还能爆装备,2026.04.21,北京,0.0,0.0,9,失败|抢救者,失败,抢救者,2,失败,104
69e2583b00000000230211ea,"

",,2406.0,1,69e78f28000000001401c822,,57d4bb28bd0da54eb79a6b0d,起点就开始爆装备[doge],2026.04.21,广东,0.0,0.0,14,失败|抢救者,失败,抢救者,3,失败,104
69e2583b00000000230211ea,"

",,2406.0,1,69e7795d000000001401b81e,,68501894000000001b020833,哥们爆装备了。,2026.04.21,辽宁,0.0,0.0,7,失败|抢救者,失败,抢救者,2,失败,104
69e2583b00000000230211ea,"

",,2406.0,1,69e42faa000000001401ac11,,5e65fe4d0000000001007d85,摔一下直接满地装备[笑哭R],2026.04.19,广东,0.0,0.0,14,失败|抢救者,失败,抢救者,3,失败,104
69e2583b00000000230211ea,"

",,2406.0,1,69e42978000000001401a816,,66152ba00000000003032121,666还掉装备。,2026.04.19,陕西,0.0,0.0,8,失败|抢救者,失败,抢救者,2,失败,104
69e2583b00000000230211ea,"

",,2406.0,1,69e38ffa0000000014019c02,,67557411000000001d02e0e4,装备掉一地,2026.04.18,广东,0.0,0.0,5,失败|抢救者,失败,抢救者,2,失败,104
69e2583b00000000230211ea,"

",,2406.0,1,69e351e4000000001401bc10,,69685ab900000000140141fe,这是爆了一地的装备,2026.04.18,广东,0.0,0.0,9,失败|抢救者,失败,抢救者,2,失败,104
69e2583b00000000230211ea,"

",,2406.0,1,69e3428b0000000014019012,,69c403280000000032025a71,爆率好高一地装备[偷笑R],2026.04.18,湖南,0.0,0.0,13,失败|抢救者,失败,抢救者,3,失败,104
69e2583b00000000230211ea,"

",,2406.0,1,69e31aaa000000001401e014,,5db97bff000000000100bf11,爆了一地的“装备”[偷笑R],2026.04.18,浙江,0.0,0.0,14,失败|抢救者,失败,抢救者,2,失败,104
69e2583b00000000230211ea,"

",,2406.0,1,69e30c72000000001401980f,,68ee2490000000003700823b,666爆装备了,2026.04.18,重庆,0.0,0.0,7,失败|抢救者,失败,抢救者,2,失败,104
69e2583b00000000230211ea,"

",,2406.0,1,69e30b28000000001401bc1d,,67cad233000000000a03eb49,握草，大爆啊,2026.04.18,安徽,0.0,0.0,6,失败|抢救者,失败,抢救者,2,失败,104
69e2583b00000000230211ea,"

",,2406.0,1,69e2fb490000000014018c0b,,64eefb490000000005001dbe,刚上来就爆装备辣[doge],2026.04.18,江苏,0.0,0.0,14,失败|抢救者,失败,抢救者,2,失败,104
69e2583b00000000230211ea,"

",,2406.0,1,69e2f9b00000000014019c22,,684a92f5000000001d018768,爆了一地的装备[偷笑R][偷笑R],2026.04.18,江苏,0.0,0.0,17,失败|抢救者,失败,抢救者,2,失败,104
69e2583b00000000230211ea,"

",,2406.0,1,69e2f4d4000000001401c003,,672b416e000000001d02cf3e,呵呵爆装备了,2026.04.18,天津,0.0,0.0,6,失败|抢救者,失败,抢救者,2,失败,104
69e2583b00000000230211ea,"

",,2406.0,1,69e2e75f0000000014018800,,63653faa000000001f01e773,装备碎了一地,2026.04.18,广东,0.0,0.0,6,失败|抢救者,失败,抢救者,2,失败,104
69e41e24000000001a025f1a,"人形机器人半马摔倒瞬间🔥🔥

",1155.0,129.0,1,69e6c1de000000001401e816,,5fa7b3450000000001001417,洒落一地装备,2026.04.21,上海,0.0,0.0,6,失败|观众,失败,观众,3,失败,104
69e46032000000001f002048,"看着你们累倒在地上我很心疼，恨不得替你们

",,5680.0,2,69e89146000000001401d816,69e84511000000001401a01c,5a9ab361e8ac2b6e8eda1c8b,妈呀，我都下班了还能听到这句话,2026.04.22,浙江,1637.0,,15,常态|保护者,常态,保护者,4,常态,105
69e40352000000002102fc75,"机器人马拉松现场第一视角看全部队伍

",,1160.0,1,69e42de8000000001401d814,,5b54606a6b58b7787c9621c5,我不在乎它能跑多快，我只在乎它真的能为我们的生活便利做些什么,2026.04.19,中国香港,336.0,25.0,30,常态|服务者,常态,服务者,7,常态,105
69e481e8000000002003ad94,"

",,,2,69e709370000000014018c06,69e6ce00000000001401d413,5b15593211be1066a68eb175,是的 你上班其实是因为热爱上班[萌萌哒R],2026.04.21,辽宁,12.0,,21,强势|服务者,强势,服务者,5,强势成功,105
69e46032000000001f002048,"看着你们累倒在地上我很心疼，恨不得替你们

",,5680.0,2,69e967cf000000001401b000,69e84511000000001401a01c,62c7d3480000000002003a00,你为什么五点就下班了,2026.04.23,上海,10.0,,10,常态|保护者,常态,保护者,3,常态,105
69da7e87000000001a03484e,"今晚的亦庄机器人马拉松测试

",,8169.0,1,69db0ee3000000003501d817,,5f5758f70000000001008dc9,可以让他背着我去上班吗[doge],2026.04.12,重庆,5.0,5.0,17,强势|观众,强势,观众,2,强势成功,105
69e6f2bc0000000023005345,"🍼机器人第一视角，好多人呀

",,687.0,2,69e74686000000001401c408,69e72510000000001401e404,5bc371a6b891c30001672ea5,哈哈哈哈哈哈哈哈。耽误人家下班。,2026.04.21,浙江,5.0,,16,弱势|观众,弱势,观众,3,弱势,105
69da7e87000000001a03484e,"今晚的亦庄机器人马拉松测试

",,8169.0,2,69db645b000000003502bfd0,69db353500000000350125bb,602b454a0000000001002893,那到时候你也不用上下班了[doge],2026.04.12,河南,4.0,,18,强势|观众,强势,观众,3,强势成功,105
69e46032000000001f002048,"看着你们累倒在地上我很心疼，恨不得替你们

",,5680.0,2,69e9699a0000000014018002,69e84511000000001401a01c,5a9ab361e8ac2b6e8eda1c8b,我4点半下班，谢谢,2026.04.23,浙江,2.0,,9,常态|保护者,常态,保护者,3,常态,105
69e46032000000001f002048,"看着你们累倒在地上我很心疼，恨不得替你们

",,5680.0,2,69e97a09000000001401b812,69e84511000000001401a01c,60e7cd8d00000000200250d8,你不想上班有的是人上班[黄金薯R]赶紧上班,2026.04.23,陕西,2.0,,21,常态|保护者,常态,保护者,7,常态,105
69e2583b00000000230211ea,"

",,2406.0,1,69e80ae0000000001401e803,,5d69113f00000000010003d4,工作人员：下班喽[偷笑R],2026.04.22,山东,1.0,0.0,13,失败|抢救者,失败,抢救者,2,失败,105
69e48341000000001a02d0c4,"机器人马拉松，我们看乐了，西方人看破防了🤣

",3931.0,1022.0,1,69e58ce40000000014019829,,5f38855e000000000101c27f,我可以买一个背着我去上班。绝对不堵车。,2026.04.20,浙江,1.0,0.0,19,强势|观众,强势,观众,4,强势成功,105
69da7e87000000001a03484e,"今晚的亦庄机器人马拉松测试

",,8169.0,2,69db47740000000035028b84,69db0ee3000000003501d817,678e587a00000000060116ec,你就宁可让它背你上班，也不肯直接让他帮你上班是吧[偷笑R]太有危机感了,2026.04.12,北京,1.0,,35,强势|观众,强势,观众,6,强势成功,105
69e48d54000000002102e178,"😭亦庄机器人半马最感人一幕

",,1589.0,2,69e711f20000000014018814,69e4a2e5000000001401b816,6028b9f3000000000100752e,可以看得出你对上班怨气很大了[doge][doge],2026.04.21,重庆,1.0,,26,弱势|保护者,弱势,保护者,4,弱势,105
69e4426b000000001d01c7ed,"一个大的一个小的一个废的

",,7334.0,1,69e474fd000000001401a812,,697867e1000000001d01e2ab,罢工使性子,2026.04.19,广东,0.0,0.0,5,混合|观众,混合,观众,2,,105
69da7e87000000001a03484e,"今晚的亦庄机器人马拉松测试

",,8169.0,1,69dbba180000000035014505,,5b045afd11be101cc71f4288,以后上班来不及可以背着我跑吗[doge],2026.04.12,上海,0.0,1.0,20,强势|观众,强势,观众,3,强势成功,105
69da7e87000000001a03484e,"今晚的亦庄机器人马拉松测试

",,8169.0,1,69dbb289000000000100758e,,5f96c29f00000000010023a8,我的下班速度,2026.04.12,广东,0.0,0.0,6,强势|观众,强势,观众,2,强势成功,105
69da7e87000000001a03484e,"今晚的亦庄机器人马拉松测试

",,8169.0,1,69dbb1d7000000003502eef2,,6787c22200000000080181bc,很好，可以背着我去上班了，不知道十分钟到车程，两分钟能到不[doge],2026.04.12,广东,0.0,0.0,35,强势|观众,强势,观众,6,强势成功,105
69da7e87000000001a03484e,"今晚的亦庄机器人马拉松测试

",,8169.0,1,69db8168000000003501152c,,5658f42b172fe770e1547303,感觉可以背着我去去旅游了,2026.04.12,辽宁,0.0,0.0,12,强势|观众,强势,观众,2,强势成功,105
69da7e87000000001a03484e,"今晚的亦庄机器人马拉松测试

",,8169.0,1,69db805f00000000350129ca,,655edc390000000004038ce1,想买个这玩意替我去上班,2026.04.12,河北,0.0,0.0,11,强势|观众,强势,观众,3,强势成功,105
69da7e87000000001a03484e,"今晚的亦庄机器人马拉松测试

",,8169.0,1,69db7cdb0000000035009543,,616eb4a7000000000201b458,那以后我是不是可以骑着它去上班？,2026.04.12,河北,0.0,0.0,16,强势|观众,强势,观众,3,强势成功,105
69da7e87000000001a03484e,"今晚的亦庄机器人马拉松测试

",,8169.0,1,69db3dee0000000015002c03,,5c42a015000000000502e8d3,可以背着我上下班,2026.04.12,上海,0.0,0.0,8,强势|观众,强势,观众,2,强势成功,105
69da7e87000000001a03484e,"今晚的亦庄机器人马拉松测试

",,8169.0,1,69db32250000000035019deb,,54e5e8e8b4c4d64e9e388c4f,好想买一个让它背着上下学[笑哭R],2026.04.12,上海,0.0,0.0,17,强势|观众,强势,观众,3,强势成功,105
69da7e87000000001a03484e,"今晚的亦庄机器人马拉松测试

",,8169.0,1,69db2e27000000003501026e,,60bf604a000000000100a326,以后是不是可以抱着我姑娘飞奔去学校了,2026.04.12,辽宁,0.0,0.0,18,强势|观众,强势,观众,4,强势成功,105
69da7e87000000001a03484e,"今晚的亦庄机器人马拉松测试

",,8169.0,1,69db235c000000000c030c20,,6603721b000000000b00cd48,跟我们早上干着上班一样,2026.04.12,广东,0.0,0.0,11,强势|观众,强势,观众,4,强势成功,105
69da7e87000000001a03484e,"今晚的亦庄机器人马拉松测试

",,8169.0,1,69db2037000000000d03d3c1,,5d3d2ba6000000001602ec04,好想跳上去让它背着我跑,2026.04.12,广西,0.0,0.0,11,强势|观众,强势,观众,2,强势成功,105
69da7e87000000001a03484e,"今晚的亦庄机器人马拉松测试

",,8169.0,1,69db15700000000015006598,,6546d251000000000301f0a6,以后上班就让它背着或抱着我去。,2026.04.12,北京,0.0,0.0,15,强势|观众,强势,观众,3,强势成功,105
69da7e87000000001a03484e,"今晚的亦庄机器人马拉松测试

",,8169.0,1,69db0c9c000000001400ab4d,,6232c89c0000000021020ed7,以后能背着我逛街吗,2026.04.12,陕西,0.0,0.0,9,强势|观众,强势,观众,2,强势成功,105
69da7e87000000001a03484e,"今晚的亦庄机器人马拉松测试

",,8169.0,1,69daff6300000000350138ec,,5c0d39fcf7e8b90a31531ff8,第二个：下班下班下班！[doge],2026.04.12,北京,0.0,0.0,17,强势|观众,强势,观众,4,强势成功,105
69da7e87000000001a03484e,"今晚的亦庄机器人马拉松测试

",,8169.0,1,69daf403000000003501976a,,5a17d2594eacab1c522f97f9,以后是不是能背着我上下班了,2026.04.12,北京,0.0,0.0,13,强势|观众,强势,观众,3,强势成功,105
69da7e87000000001a03484e,"今晚的亦庄机器人马拉松测试

",,8169.0,1,69daf3700000000035027f37,,64b23051000000002b009632,赶着去上夜班,2026.04.12,北京,0.0,0.0,6,强势|观众,强势,观众,2,强势成功,105
69e481e8000000002003ad94,"

",,,1,69e4a81a000000001401e809,,5a991e154eacab4c1cd54791,别的我都懂，冲着机器人喊加油，他是能听懂吗,2026.04.19,福建,50.0,19.0,21,强势|服务者,强势,服务者,5,强势成功,106
69e481e8000000002003ad94,"

",,,1,69e49601000000001401e835,,58d54f5b6a6a693d70c601ad,喊加油，对机器人有用吗？,2026.04.19,海南,14.0,8.0,12,强势|服务者,强势,服务者,3,强势成功,106
69e41e24000000001a025f1a,"人形机器人半马摔倒瞬间🔥🔥

",1155.0,129.0,1,69e485a10000000014019429,,64b9fb6d000000001403c9c6,天啊，如今轮到人类给机器人加油鼓励，还挺真诚的。[石化R],2026.04.19,广西,9.0,0.0,29,失败|观众,失败,观众,7,失败,106
69e4412a000000002103883f,"荣耀闪电队-齐天大圣夺冠！

",3517.0,445.0,1,69e48598000000001401900a,,5e98fd81000000000100a560,对着机器人喊加油[doge],2026.04.19,广东,7.0,4.0,14,强势|观众,强势,观众,2,强势成功,106
69e481e8000000002003ad94,"

",,,1,69e5cdf9000000001401e805,,5845136ba9b2ed682ee63cc1,跟机器人说加油他能听懂吗[笑哭R],2026.04.20,辽宁,3.0,3.0,17,强势|服务者,强势,服务者,3,强势成功,106
69e43a5a000000001d01dcc7,"机器人嘲讽同伴

",1966.0,167.0,1,69e46737000000001401bc0d,,61751135000000000201d0b7,加电啊。机器人还加油吗。[黑薯问号R],2026.04.19,广东,3.0,0.0,19,常态|观众,常态,观众,3,常态,106
69e481e8000000002003ad94,"

",,,2,69e5f040000000001401a018,69e4a81a000000001401e809,65afbb89000000001300b34c,这个加油不仅仅是对机器人说的，更是对机器人后面团队的肯定。,2026.04.20,广东,3.0,,29,强势|服务者,强势,服务者,8,强势成功,106
69e43b14000000001a02e095,"好萌的小黑仔跑马拉松

",,2760.0,1,69e455ba000000001401cc1d,,5daeaecb00000000010003f5,好像机器人之梦里小狗给它喷的机油[哭惹R],2026.04.19,北京,2.0,0.0,21,弱势|服务者,弱势,服务者,5,弱势,106
69e47f8f000000001f007203,"2026年机器人马拉松状态，五年后再看🤣

",,5834.0,1,69e80fd90000000014019000,,687de11c000000000d02e651,打印个机器人不容易啊，成本也高，继续加油,2026.04.22,广东,1.0,0.0,20,混合|观众,混合,观众,6,,106
69e481e8000000002003ad94,"

",,,1,69e49cef000000001401d421,,624be5e80000000010007f68,对着机器人说加油[失望R][失望R][失望R],2026.04.19,山西,1.0,0.0,23,强势|服务者,强势,服务者,2,强势成功,106
69e481e8000000002003ad94,"

",,,1,69e495aa000000001401c809,,5e8fb18800000000010039fa,我知道有一种机器人，需要加95号汽油，最适合参加这个项目,2026.04.19,四川,1.0,0.0,28,强势|服务者,强势,服务者,9,强势成功,106
69e481e8000000002003ad94,"

",,,1,69e7962a000000001401e838,,602bacf500000000010074b8,机器人：加油？我充电的谢谢！,2026.04.21,广东,1.0,0.0,14,强势|服务者,强势,服务者,4,强势成功,106
69e43a5a000000001d01dcc7,"机器人嘲讽同伴

",1966.0,167.0,1,69e462f30000000014018c1b,,65223db40000000024017c43,机器人加啥油[失望R],2026.04.19,浙江,1.0,0.0,11,常态|观众,常态,观众,2,常态,106
69e447d2000000001d01aa01,"当算法有了腿，程序员万万没想到……

",,2912.0,1,69e48ced000000001401c826,,5b0ce2914eacab164b19301a,机器人百公里油耗五个程序员[害羞R],2026.04.19,辽宁,1.0,0.0,18,强势|服务者,强势,服务者,5,强势成功,106
69e634590000000022003bb5,"每个马拉松机器人，都有自己的热血故事。

",,824.0,1,69e860b5000000001401d800,,64c33da8000000000b00454f,中国机器人加油[害羞R],2026.04.22,中国香港,1.0,0.0,12,常态|观众,常态,观众,3,常态,106
69e429b4000000001b00037a,"张杰演唱会机器人来参加半马了？？

",,2026.0,1,69e45356000000001401e82e,,580d76c85e87e760c14e8ae5,机器人都油腻了怎么回事,2026.04.19,天津,1.0,0.0,11,常态|观众,常态,观众,3,常态,106
69e481e8000000002003ad94,"

",,,1,69e49d49000000001401c414,,5f68c231000000000100491a,还得给机器人喊加油？？,2026.04.19,天津,0.0,0.0,11,强势|服务者,强势,服务者,2,强势成功,106
69e481e8000000002003ad94,"

",,,1,69e49bfa000000001401c423,,62088c4c000000001000ff75,[笑哭R]不是，喊加油是干啥的？这机器人也听不到呀。,2026.04.19,安徽,0.0,0.0,26,强势|服务者,强势,服务者,3,强势成功,106
69e481e8000000002003ad94,"

",,,1,69e78fc60000000014018811,,5bbb93c9084afd0001173bc3,对着机器人喊加油能听明白吗,2026.04.21,四川,0.0,0.0,13,强势|服务者,强势,服务者,3,强势成功,106
69e481e8000000002003ad94,"

",,,1,69e7006f000000001401c810,,60139e6f0000000001003342,但是跟机器人喊加油[笑哭R]机魂大悦，电机转的更快了是吧[笑哭R],2026.04.21,江苏,0.0,0.0,33,强势|服务者,强势,服务者,6,强势成功,106
69e481e8000000002003ad94,"

",,,1,69e70001000000001401c034,,68ce3066000000002102d10d,给机器人加油哈哈哈,2026.04.21,广东,0.0,0.0,9,强势|服务者,强势,服务者,2,强势成功,106
69e481e8000000002003ad94,"

",,,1,69e6cfbe000000001401b01e,,5a9681b34eacab13f8dd138c,后背加的啥？是机器人是烧油的？,2026.04.21,吉林,0.0,0.0,15,强势|服务者,强势,服务者,3,强势成功,106
69e481e8000000002003ad94,"

",,,1,69e6cd91000000001401a01f,,5dbe7e23000000000100b35c,跟机器人说加油？,2026.04.21,湖北,0.0,0.0,8,强势|服务者,强势,服务者,2,强势成功,106
69e481e8000000002003ad94,"

",,,1,69e6c7c1000000001401dc15,,5d96d4e40000000001006da4,旁边人们给他加油，叫他跑快点机器人能听到并接受指令吗[笑哭R],2026.04.21,江西,0.0,0.0,31,强势|服务者,强势,服务者,8,强势成功,106
69e481e8000000002003ad94,"

",,,1,69e629c1000000001401c412,,620479620000000021024a20,给机器人喊加油的来了,2026.04.20,湖北,0.0,0.0,10,强势|服务者,强势,服务者,2,强势成功,106
69e481e8000000002003ad94,"

",,,1,69e5ebd7000000001401b82a,,5ea964c90000000001003979,甚至能听见有人为机器人喊加油，其中竟含有令人难以置信的双关,2026.04.20,云南,0.0,0.0,29,强势|服务者,强势,服务者,10,强势成功,106
69e481e8000000002003ad94,"

",,,1,69e5e34b000000001401a418,,5b679d51196e9f0001e6eb70,机器人加油。它听得懂吗[捂脸R],2026.04.20,湖南,0.0,0.0,16,强势|服务者,强势,服务者,3,强势成功,106
69e481e8000000002003ad94,"

",,,1,69e5e338000000001401e814,,6729761e000000001c018138,给机器人喊加油[捂脸R],2026.04.20,福建,0.0,0.0,12,强势|服务者,强势,服务者,2,强势成功,106
69e481e8000000002003ad94,"

",,,1,69e59f53000000001401981c,,5b6bdc80da38be0001ad59af,散热加冰换电啥的都能理解，但是观众喊加油是什么东西[笑哭R]，机器人听见了会跑快点吗[笑哭R][汗颜R],2026.04.20,广东,0.0,1.0,52,强势|服务者,强势,服务者,10,强势成功,106
69e481e8000000002003ad94,"

",,,1,69e59384000000001401c419,,619e4e0c000000001000a0f6,人给机器加油，还说好快……,2026.04.20,河北,0.0,0.0,13,强势|服务者,强势,服务者,4,强势成功,106
69e43b14000000001a02e095,"好萌的小黑仔跑马拉松

",,2760.0,2,69e474320000000014019c18,69e473da000000001401e042,565e9aaab8ce1a7fbd6a901d,那里有电机转轴吧[笑哭R],2026.04.19,山东,34.0,,13,弱势|服务者,弱势,服务者,3,弱势,107
69e43b14000000001a02e095,"好萌的小黑仔跑马拉松

",,2760.0,1,69e450d3000000001401e428,,60344e1c0000000001008084,电机过热保护了 喷制冷剂[偷笑R],2026.04.19,北京,9.0,2.0,17,弱势|服务者,弱势,服务者,4,弱势,107
69e4551e000000001f005895,"荣耀机器人赢麻了🤖我觉得它表情在嘲讽我

",,816.0,2,69e4d879000000001401e030,69e48b57000000001401bc2e,64fddc490000000005003e9e,错 电机过热就会慢或者动作不协调 严重直接摔  跟人一样也会累 也需要补给（补给干冰降温）,2026.04.19,云南,6.0,,45,强势|被超越者,强势,被超越者,14,强势成功,107
69e481e8000000002003ad94,"

",,,1,69e49ec6000000001401bc0d,,5b118d256b58b7035fcd6922,快速给电机降温，这就是未来发展方向怎样能确保电机在高速运转过程中保持温度平衡，这是个难点，,2026.04.19,北京,1.0,0.0,45,强势|服务者,强势,服务者,15,强势成功,107
69e481e8000000002003ad94,"

",,,1,69e48782000000001401dc06,,63e3eb420000000026012dd0,主要都是降温，怕电机烧了,2026.04.19,广东,1.0,0.0,12,强势|服务者,强势,服务者,3,强势成功,107
69e43b14000000001a02e095,"好萌的小黑仔跑马拉松

",,2760.0,1,69e452990000000014019012,,5e90f7fd0000000001001bf5,降温喷雾，给电机冷却的，跑的过热了程序自保就停下来了[doge],2026.04.19,安徽,1.0,0.0,32,弱势|服务者,弱势,服务者,8,弱势,107
69e43b14000000001a02e095,"好萌的小黑仔跑马拉松

",,2760.0,1,69e4420d000000001401e02a,,614968c60000000002018ebc,电机高温，降温？,2026.04.19,北京,1.0,0.0,8,弱势|服务者,弱势,服务者,3,弱势,107
69da7e87000000001a03484e,"今晚的亦庄机器人马拉松测试

",,8169.0,1,69daf7170000000035011f69,,567d2700cb35fb16ac491a2d,电机都要干冒烟了,2026.04.12,上海,0.0,0.0,8,强势|观众,强势,观众,2,强势成功,107
69e481e8000000002003ad94,"

",,,1,69ec78770000000028008613,,64732bcf0000000012036128,机器过热,2026.04.25,河南,0.0,0.0,4,强势|服务者,强势,服务者,2,强势成功,107
69e481e8000000002003ad94,"

",,,1,69e7622f0000000014018c03,,655761f60000000008003fe3,电机为啥不弄油冷,2026.04.21,云南,0.0,0.0,8,强势|服务者,强势,服务者,2,强势成功,107
69e481e8000000002003ad94,"

",,,1,69e6f352000000001401c804,,5a98f3334eacab264ebaf834,本来我还在想在高燃什么…哦原来是没电了还过热了…,2026.04.21,北京,0.0,0.0,24,强势|服务者,强势,服务者,5,强势成功,107
69e481e8000000002003ad94,"

",,,1,69e5ae8d000000001401e01f,,6788cbfc000000000601d2d8,电机都高温了[笑哭R],2026.04.20,贵州,0.0,0.0,11,强势|服务者,强势,服务者,2,强势成功,107
69e481e8000000002003ad94,"

",,,1,69e58b36000000001401e81e,,5cf4b8da000000001703daa1,液体制冷，给电机散热用的，虽然影响使用寿命但是这情况完赛就行了[笑哭R],2026.04.20,加拿大,0.0,0.0,36,强势|服务者,强势,服务者,10,强势成功,107
69e481e8000000002003ad94,"

",,,1,69e5870e000000001401e805,,69b011f5000000003202e166,电机没制冷，就像早期的马克沁机枪，再加上一套冷凝水装置，续航直接减半,2026.04.20,山东,0.0,0.0,34,强势|服务者,强势,服务者,11,强势成功,107
69e481e8000000002003ad94,"

",,,1,69e56b3b000000001401e811,,5f153af70000000001000a69,电机过热,2026.04.20,广东,0.0,0.0,4,强势|服务者,强势,服务者,2,强势成功,107
69e481e8000000002003ad94,"

",,,1,69e52206000000001401bc05,,60584935000000000101e917,金属加热然后极速冷却不是不会损耗的非常快么？好吧，个人见解。,2026.04.20,江苏,0.0,0.0,30,强势|服务者,强势,服务者,7,强势成功,107
69e481e8000000002003ad94,"

",,,1,69e4e46d000000001401a808,,5ea2b0210000000001007e70,液氮给电动机降温呢吧？,2026.04.19,北京,0.0,0.0,11,强势|服务者,强势,服务者,3,强势成功,107
69e481e8000000002003ad94,"

",,,1,69e4df9a000000001401b818,,5bbb093a6c702b00012a603f,冷却电机,2026.04.19,广东,0.0,0.0,4,强势|服务者,强势,服务者,2,强势成功,107
69e481e8000000002003ad94,"

",,,1,69e4a642000000001401cc11,,631687db000000001200f173,电机还是不行哦，得靠外界物理降温,2026.04.19,上海,0.0,0.0,16,强势|服务者,强势,服务者,5,强势成功,107
69e481e8000000002003ad94,"

",,,1,69e4a34f000000001401cc3c,,6778b6f200000000180161d1,关节电机过热，报警,2026.04.19,浙江,0.0,0.0,9,强势|服务者,强势,服务者,4,强势成功,107
69e481e8000000002003ad94,"

",,,1,69e4a07d000000001401bc15,,673497fb000000001d02dbc6,机械部件这样快速降温对金属的伤害很大的[失望R],2026.04.19,浙江,0.0,0.0,24,强势|服务者,强势,服务者,8,强势成功,107
69df625d0000000021005c63,"“扶我起来，我还能再跑10公里”

",,9992.0,1,69dfa2620000000035033f02,,68161b30000000000a03ff87,感觉是电机疯狂过热[捂脸R],2026.04.15,江苏,0.0,0.0,14,失败|观众,失败,观众,3,失败,107
69e43b14000000001a02e095,"好萌的小黑仔跑马拉松

",,2760.0,1,69e4ac30000000001401dc1d,,61a2318b0000000010004e08,电机过热了[笑哭R],2026.04.19,广东,0.0,0.0,10,弱势|服务者,弱势,服务者,2,弱势,107
69e43b14000000001a02e095,"好萌的小黑仔跑马拉松

",,2760.0,1,69e47c6b000000001401a809,,668580140000000003032b17,电机过热了,2026.04.19,浙江,0.0,0.0,5,弱势|服务者,弱势,服务者,2,弱势,107
69e43b14000000001a02e095,"好萌的小黑仔跑马拉松

",,2760.0,1,69e46fb4000000001401c01e,,5a62dc9411be1028b29e7496,润滑和降温吧？这么小的电机，散热估计够呛长时间,2026.04.19,北京,0.0,0.0,23,弱势|服务者,弱势,服务者,7,弱势,107
69e43b14000000001a02e095,"好萌的小黑仔跑马拉松

",,2760.0,1,69e46c240000000014019c0d,,6786dc01000000000801c33a,应该是电机冷却降温,2026.04.19,上海,0.0,0.0,9,弱势|服务者,弱势,服务者,3,弱势,107
69e43b14000000001a02e095,"好萌的小黑仔跑马拉松

",,2760.0,1,69e46704000000001401ac00,,5f110f1b0000000001002d4d,后续就有液冷电机了,2026.04.19,山东,0.0,0.0,9,弱势|服务者,弱势,服务者,3,弱势,107
69e43b14000000001a02e095,"好萌的小黑仔跑马拉松

",,2760.0,1,69e45d95000000001401dc0d,,64ec8ac700000000010073a6,电机过热了降温呢,2026.04.19,北京,0.0,0.0,8,弱势|服务者,弱势,服务者,3,弱势,107
69e43b14000000001a02e095,"好萌的小黑仔跑马拉松

",,2760.0,1,69e452a1000000001401c01d,,5e0316170000000001009818,电机过热，制冷剂[笑哭R],2026.04.19,湖北,0.0,0.0,13,弱势|服务者,弱势,服务者,3,弱势,107
69e43b14000000001a02e095,"好萌的小黑仔跑马拉松

",,2760.0,1,69e4521f000000001401ac17,,660a38e3000000000b00ec39,电机高温了酒精冷却吗,2026.04.19,江苏,0.0,0.0,10,弱势|服务者,弱势,服务者,4,弱势,107
69e47f8f000000001f007203,"2026年机器人马拉松状态，五年后再看🤣

",,5834.0,2,69e55e7b000000001401e40c,69e55d77000000001401bc0e,5e582f5900000000010087e9,机器人也是人[大笑R],2026.04.20,江苏,634.0,,11,混合|观众,混合,观众,2,,108
69e429b4000000001b00037a,"张杰演唱会机器人来参加半马了？？

",,2026.0,2,69e44f7d000000001401c032,69e437270000000014019410,54ff0ead2e1d93720783597c,哈哈哈哈哈哈机器人也有自己的adhd,2026.04.19,北京,161.0,,18,常态|观众,常态,观众,2,常态,108
69e46032000000001f002048,"看着你们累倒在地上我很心疼，恨不得替你们

",,5680.0,1,69e46126000000001401c01d,,62d95f2b000000001501b03d,臣附议[doge]，机器人的命也是命,2026.04.19,湖北,15.0,0.0,18,常态|保护者,常态,保护者,2,常态,108
69e47f8f000000001f007203,"2026年机器人马拉松状态，五年后再看🤣

",,5834.0,2,69e56df8000000001401c015,69e55d77000000001401bc0e,60483217000000000101d1f2,白月光也是光，机器人也是人，很合理[doge],2026.04.20,广东,3.0,,23,混合|观众,混合,观众,4,,108
69e44171000000001a026b25,"机器人马拉松比赛摔倒丝滑起身帅炸了🔥🔥

",9971.0,613.0,2,69e49fa1000000001401cc2f,69e46f21000000001401d802,5bc371a6b891c30001672ea5,机器人：你也很为我着迷吧。[doge],2026.04.19,浙江,1.0,,19,混合|观众,混合,观众,2,,108
69e2583b00000000230211ea,"

",,2406.0,1,69e7d681000000001401b003,,66f2b7a3000000001d031b00,机器人，解体[doge],2026.04.22,北京,0.0,0.0,12,失败|抢救者,失败,抢救者,2,失败,108
69e2583b00000000230211ea,"

",,2406.0,1,69e43eb8000000001401cc12,,610347fe000000000101d153,这机器人气性咋这么大啊,2026.04.19,辽宁,0.0,0.0,11,失败|抢救者,失败,抢救者,2,失败,108
69da7e87000000001a03484e,"今晚的亦庄机器人马拉松测试

",,8169.0,1,69db8836000000000d03f297,,612c42b40000000001016d6b,好厉害，想起来了I Robot开头机器人回家帮主人拿东西,2026.04.12,北京,0.0,0.0,28,强势|观众,强势,观众,9,强势成功,108
69da7e87000000001a03484e,"今晚的亦庄机器人马拉松测试

",,8169.0,1,69db2b2b000000003501fdbf,,5cce77d9000000001601d55b,这个身影就是机器人的root,2026.04.12,山东,0.0,0.0,14,强势|观众,强势,观众,3,强势成功,108
69da7e87000000001a03484e,"今晚的亦庄机器人马拉松测试

",,8169.0,1,69db2729000000000d03fe9b,,5941270f6a6a691c9c225c37,《我，机器人》既视感,2026.04.12,广东,0.0,0.0,10,强势|观众,强势,观众,2,强势成功,108
69e42cc100000000220001ad,"机器人马拉松倒数第一名，萌翻了🤣🤣🤣

",,8501.0,1,69e4e8cf000000001401981b,,6515a4480000000024016241,幼儿园的机器人也来了？,2026.04.19,江苏,0.0,0.0,11,弱势|观众,弱势,观众,2,弱势,108
69e47f8f000000001f007203,"2026年机器人马拉松状态，五年后再看🤣

",,5834.0,1,69e6a7b6000000001401b007,,5f54949e000000000101eaf2,初代机器人[笑哭R],2026.04.21,浙江,0.0,0.0,10,混合|观众,混合,观众,2,,108
69e47f8f000000001f007203,"2026年机器人马拉松状态，五年后再看🤣

",,5834.0,1,69e57558000000001401ac08,,697de9aa000000001c0362c3,初代机器人[笑哭R][笑哭R],2026.04.20,浙江,0.0,0.0,15,混合|观众,混合,观众,2,,108
69e6f2bc0000000023005345,"🍼机器人第一视角，好多人呀

",,687.0,1,69e723b2000000002a03187e,,6825d1b8000000000e01247d,成为了心中的白月光(机器人版)[害羞R],2026.04.21,意大利,0.0,0.0,20,弱势|观众,弱势,观众,4,弱势,108
69e48d54000000002102e178,"😭亦庄机器人半马最感人一幕

",,1589.0,1,69e4befe000000001401e427,,62e9a5ba000000001f005d72,想起机器人之梦了[哭惹R],2026.04.19,陕西,0.0,0.0,13,弱势|保护者,弱势,保护者,3,弱势,108
69e481e8000000002003ad94,"

",,,1,69e49d1d000000001401e414,,64181f220000000011022713,机器人越来越像人，人也越来越像机器人,2026.04.19,四川,0.0,0.0,18,强势|服务者,强势,服务者,6,强势成功,108
69e481e8000000002003ad94,"

",,,1,69ed6455000000002901a7e5,,698bc32d000000001c038147,机器，人,2026.04.26,山东,0.0,0.0,4,强势|服务者,强势,服务者,2,强势成功,108
69e481e8000000002003ad94,"

",,,1,69e64980000000001401b01f,,54e5c51ae779895d97956e5c,星球大战的战斗机器人[笑哭R][笑哭R][笑哭R],2026.04.20,江苏,0.0,0.0,25,强势|服务者,强势,服务者,3,强势成功,108
69e481e8000000002003ad94,"

",,,1,69e4a7b3000000001401c415,,6002cef7000000000101dfce,机器人大人，呵呵呵,2026.04.19,广东,0.0,0.0,9,强势|服务者,强势,服务者,3,强势成功,108
69e5a09a000000002103ba03,"半马途中机器人即兴表演，越夸越上头

",711.0,83.0,1,69e61c64000000001401e830,,620b9adc000000001000cef2,机器人里也有嘉豪,2026.04.20,湖北,0.0,0.0,8,常态|观众,常态,观众,2,常态,108
69df625d0000000021005c63,"“扶我起来，我还能再跑10公里”

",,9992.0,1,69dfa0310000000015009a9d,,5aa09b3911be103a036c1c64,“这位机器人”[捂脸R],2026.04.15,内蒙古,0.0,0.0,12,失败|观众,失败,观众,2,失败,108
69df625d0000000021005c63,"“扶我起来，我还能再跑10公里”

",,9992.0,1,69df9bf600000000350211c5,,5c58f98d000000001a011376,机器人阿甘？,2026.04.15,广西,0.0,0.0,6,失败|观众,失败,观众,2,失败,108
69e44171000000001a026b25,"机器人马拉松比赛摔倒丝滑起身帅炸了🔥🔥

",9971.0,613.0,1,69e58a25000000001401dc12,,615174950000000002022293,机器人藤田钢啊,2026.04.20,上海,0.0,0.0,7,混合|观众,混合,观众,2,,108
69e59e520000000022027a90,"花田里犯了错|机器人马拉松正赛搞笑赏析

",,2593.0,1,69e6e6f90000000014019015,,5f6ddd3c0000000001009dcf,哈哈哈哈哈机器人也有拉拉哈哈哈哈哈,2026.04.21,江苏,0.0,0.0,17,弱势|观众,弱势,观众,2,弱势,108
69e59e520000000022027a90,"花田里犯了错|机器人马拉松正赛搞笑赏析

",,2593.0,1,69e663be0000000014019c09,,69a019f70000000021011d60,你也成AI了，你成了机器人的灵魂和口替了,2026.04.21,四川,0.0,0.0,20,弱势|观众,弱势,观众,3,弱势,108
69e429b4000000001b00037a,"张杰演唱会机器人来参加半马了？？

",,2026.0,1,69e45b5c000000001401bc12,,600b87d7000000000101d4de,白磷型机器人格[仙女R],2026.04.19,山东,0.0,0.0,12,常态|观众,常态,观众,3,常态,108
69e4426b000000001d01c7ed,"一个大的一个小的一个废的

",,7334.0,2,69e4866c000000001401cc14,69e46888000000001401d418,5caacd6d0000000011000e36,nomi机器人[笑哭R],2026.04.19,四川,0.0,,12,混合|观众,混合,观众,2,,108
69e2583b00000000230211ea,"

",,2406.0,2,69e78032000000001401bc03,69e2fc2d000000001401b82a,630c048a0000000012002a9e,机器人得像人呀,2026.04.21,天津,0.0,,7,失败|抢救者,失败,抢救者,2,失败,108
69db34bb000000001a0348ae,"机器人抢救现场

",4896.0,1198.0,2,69dd79fd000000000c0331b2,69dcaff6000000001500acf0,5c7a73d2000000001102b2f8,机器人也是人[偷笑R][偷笑R],2026.04.14,福建,0.0,,16,失败|抢救者,失败,抢救者,2,失败,108
69da7e87000000001a03484e,"今晚的亦庄机器人马拉松测试

",,8169.0,2,69db2611000000000d03557b,69daef220000000035024590,64f859e50000000004025d83,机器人也可以飞起来,2026.04.12,广东,0.0,,9,强势|观众,强势,观众,2,强势成功,108
69e47f8f000000001f007203,"2026年机器人马拉松状态，五年后再看🤣

",,5834.0,1,69e4d76f000000001401c81e,,60357e0700000000010036cb,这个步态太像真人,2026.04.19,内蒙古,573.0,14.0,8,混合|观众,混合,观众,3,,109
69e481e8000000002003ad94,"

",,,1,69e62391000000001401e40c,,5aa4bee211be10133408682b,降速的那一下我感觉他非常的拟人,2026.04.20,江西,4.0,0.0,15,强势|服务者,强势,服务者,4,强势成功,109
69e481e8000000002003ad94,"

",,,2,69e49ea1000000001401a818,69e49463000000001401d430,5b1a1e5ce8ac2b40b7d527a3,停止那时候晃一晃，真的是太像人了,2026.04.19,北京,3.0,,16,强势|服务者,强势,服务者,4,强势成功,109
69e481e8000000002003ad94,"

",,,1,69e49cdb000000001401c433,,5bf4de3fe7552e00014d95ca,停下来的这几步，，还挺自然的,2026.04.19,辽宁,2.0,0.0,14,强势|服务者,强势,服务者,3,强势成功,109
69e47f8f000000001f007203,"2026年机器人马拉松状态，五年后再看🤣

",,5834.0,1,69e81194000000001401c40d,,66ffe529000000001d03220a,这小玩应倒腾十步能赶上大的一步吧,2026.04.22,上海,1.0,0.0,16,混合|观众,混合,观众,5,,109
69e481e8000000002003ad94,"

",,,1,69e49c490000000014019800,,5ddf60fc0000000001002290,哇他停下来的步伐控制的很好，跟人无异，还跨着大步,2026.04.19,广东,1.0,0.0,24,强势|服务者,强势,服务者,6,强势成功,109
69e481e8000000002003ad94,"

",,,1,69e6af93000000001401c400,,5b5c47e94eacab0dba05f05f,后退那两步可以说非常拟人了（真实[点赞R]）,2026.04.21,广西,1.0,0.0,22,强势|服务者,强势,服务者,5,强势成功,109
69e481e8000000002003ad94,"

",,,1,69e5c296000000001401901a,,62e63a2c000000001e01fe2b,停下来那两步真的很像人~,2026.04.20,北京,1.0,0.0,12,强势|服务者,强势,服务者,4,强势成功,109
69e481e8000000002003ad94,"

",,,1,69e4a28f000000001401c437,,67e58530000000000d00b34b,哇！！！这个停下来那几步，真的好像人啊。,2026.04.19,江西,1.0,0.0,20,强势|服务者,强势,服务者,5,强势成功,109
69e481e8000000002003ad94,"

",,,1,69e48b0a000000001401d802,,64ced5cb000000002b00bbe3,这个降速停止的动作，简直和人一模一样,2026.04.19,陕西,1.0,0.0,18,强势|服务者,强势,服务者,6,强势成功,109
69e5a09a000000002103ba03,"半马途中机器人即兴表演，越夸越上头

",711.0,83.0,1,69e6115a000000001401a407,,5b378cc911be10078a327318,再来一下前的的几步，好像这街的小鸡,2026.04.20,上海,1.0,0.0,17,常态|观众,常态,观众,6,常态,109
69e43b14000000001a02e095,"好萌的小黑仔跑马拉松

",,2760.0,1,69e44e3c000000001401d409,,54814c9dd6e4a9257f17c08f,停下来的那两下动作太可爱了，符合形象,2026.04.19,北京,1.0,0.0,18,弱势|服务者,弱势,服务者,6,弱势,109
69e4426b000000001d01c7ed,"一个大的一个小的一个废的

",,7334.0,1,69e47001000000001401dc14,,5a96668f4eacab08eee78f55,小步勤挪,2026.04.19,山东,0.0,0.0,4,混合|观众,混合,观众,2,,109
69e2583b00000000230211ea,"

",,2406.0,1,69e42d1b000000001401d41e,,60707afd000000000101da68,原来和真人一样，走前也要蹬几下腿,2026.04.19,安徽,0.0,0.0,16,失败|抢救者,失败,抢救者,5,失败,109
69da7e87000000001a03484e,"今晚的亦庄机器人马拉松测试

",,8169.0,1,69db59240000000035020501,,5cc708ba00000000120126e5,这才多久 步态都这么稳了[笑哭R][笑哭R],2026.04.12,广东,0.0,0.0,22,强势|观众,强势,观众,3,强势成功,109
69da7e87000000001a03484e,"今晚的亦庄机器人马拉松测试

",,8169.0,1,69db190b0000000035016af7,,6223157c0000000010005697,全是本山的步伐,2026.04.12,广东,0.0,0.0,7,强势|观众,强势,观众,3,强势成功,109
69da7e87000000001a03484e,"今晚的亦庄机器人马拉松测试

",,8169.0,1,69db0a6b0000000016014fb3,,620f4f64000000000201fd32,篮球生，拖曳步[doge],2026.04.12,浙江,0.0,0.0,13,强势|观众,强势,观众,2,强势成功,109
69da7e87000000001a03484e,"今晚的亦庄机器人马拉松测试

",,8169.0,1,69daf97d0000000035024ae8,,6065b9a80000000001001950,这么着急下班?马步很稳,2026.04.12,北京,0.0,0.0,11,强势|观众,强势,观众,4,强势成功,109
69e42cc100000000220001ad,"机器人马拉松倒数第一名，萌翻了🤣🤣🤣

",,8501.0,1,69e55f320000000014018809,,5d6244570000000001007719,迈着矫健的步伐[偷笑R]，怕是萌萌哒的步伐哦,2026.04.20,四川,0.0,0.0,22,弱势|观众,弱势,观众,5,弱势,109
69e42cc100000000220001ad,"机器人马拉松倒数第一名，萌翻了🤣🤣🤣

",,8501.0,1,69e4eb09000000001401e01d,,6159b86100000000020197d6,小步还迈得蛮稳,2026.04.19,安徽,0.0,0.0,7,弱势|观众,弱势,观众,2,弱势,109
69e42cc100000000220001ad,"机器人马拉松倒数第一名，萌翻了🤣🤣🤣

",,8501.0,1,69e4e7dd000000001401dc2e,,66d6f9db000000000b03336d,迈着脚绊的步伐……,2026.04.19,重庆,0.0,0.0,9,弱势|观众,弱势,观众,2,弱势,109
69e42cc100000000220001ad,"机器人马拉松倒数第一名，萌翻了🤣🤣🤣

",,8501.0,1,69e55303000000001401ac00,,615eeb86000000001f037b9f,“迈着矫健的步伐…啊”[汗颜R],2026.04.20,北京,0.0,0.0,16,弱势|观众,弱势,观众,3,弱势,109
69e481e8000000002003ad94,"

",,,1,69e49be8000000001401a025,,61a382cd0000000010007e8e,最后那几步走的不错,2026.04.19,北京,0.0,0.0,9,强势|服务者,强势,服务者,3,强势成功,109
69e481e8000000002003ad94,"

",,,1,69e49bda000000001401d80c,,5d85b86f00000000010042c8,最后停那几步，实力啊,2026.04.19,江苏,0.0,0.0,10,强势|服务者,强势,服务者,3,强势成功,109
69e481e8000000002003ad94,"

",,,1,69e4992d000000001401940a,,5708d55584edcd61d734ec45,减速那两下好帅,2026.04.19,北京,0.0,0.0,7,强势|服务者,强势,服务者,3,强势成功,109
69e481e8000000002003ad94,"

",,,1,69ec617c0000000027022a1c,,67b7331d000000000601f4ad,停的这几步还不错,2026.04.25,四川,0.0,0.0,8,强势|服务者,强势,服务者,2,强势成功,109
69e481e8000000002003ad94,"

",,,1,69e8cec5000000001401d805,,678718ff000000000803e84e,这个减速  太像人了,2026.04.22,河北,0.0,0.0,10,强势|服务者,强势,服务者,3,强势成功,109
69e481e8000000002003ad94,"

",,,1,69e78a98000000001401b830,,6000040100000000010057b9,跑后停下那几步真的好像人啊,2026.04.21,广东,0.0,0.0,13,强势|服务者,强势,服务者,5,强势成功,109
69e481e8000000002003ad94,"

",,,1,69e73e90000000001401b021,,5d11e0b40000000011024a34,做得真逼真，和真人一样，跑到了站都站不稳[偷笑R],2026.04.21,四川,0.0,0.0,25,强势|服务者,强势,服务者,4,强势成功,109
69e481e8000000002003ad94,"

",,,1,69e70308000000001401bc10,,5a577b5911be1055cd95baac,晃悠那两下真像个人,2026.04.21,浙江,0.0,0.0,9,强势|服务者,强势,服务者,4,强势成功,109
69df625d0000000021005c63,"“扶我起来，我还能再跑10公里”

",,9992.0,1,69e35c62000000001401e015,,5fcbf8f60000000001000451,这个视频外网已经有了，老外说这才是中国机器人的真实水平,2026.04.18,上海,55.0,8.0,27,失败|观众,失败,观众,7,失败,110
69e2583b00000000230211ea,"

",,2406.0,2,69e30b51000000001401d839,69e30a9f000000001401bc02,65868318000000001c028045,国外的机器人就是厉害，还会挂国内ip发评论带节奏[笑哭R],2026.04.18,浙江,29.0,,29,失败|抢救者,失败,抢救者,8,失败,110
69e2583b00000000230211ea,"

",,2406.0,1,69e2f0f8000000001401a40c,,624577e6000000001000f77e,中国的机器人遥遥领先，像极了马保国,2026.04.18,辽宁,20.0,6.0,17,失败|抢救者,失败,抢救者,5,失败,110
69e481e8000000002003ad94,"

",,,2,69e5f954000000001401e009,69e5f8600000000014018820,623ad46000000000100061bf,日本人少在这阴影怪气的，最先研究机器人的国家现在研究到哪一步了,2026.04.20,广西,17.0,,31,强势|服务者,强势,服务者,10,强势成功,110
69e47f8f000000001f007203,"2026年机器人马拉松状态，五年后再看🤣

",,5834.0,2,69e53204000000001401c007,69e4e1f0000000001401a40f,5c59e9f4000000001a038f78,不会 机器人已经领先世界了 我们国外的看的很有趣,2026.04.20,美国,14.0,,24,混合|观众,混合,观众,5,,110
69e481e8000000002003ad94,"

",,,2,69e4a039000000001401880b,69e493ff000000001401941a,66025fbe000000000b031c8f,你应该在美国，日本，德国等研发机器人的视频下面评论。,2026.04.19,广东,12.0,,26,强势|服务者,强势,服务者,8,强势成功,110
69da7e87000000001a03484e,"今晚的亦庄机器人马拉松测试

",,8169.0,1,69db2fef00000000350148d1,,5c8a7a78000000001000a7cc,评论区说没用的那些人，让我恍惚间以为回到了WB[石化R]如果这是美国的机器人，估计就是另一番景象了[暗中观察R]（之前评论给我删了，我就发，就发！[萌萌哒R]）,2026.04.12,山东,10.0,0.0,80,强势|观众,强势,观众,16,强势成功,110
69e481e8000000002003ad94,"

",,,1,69e5a177000000001401c82e,,5dc8e315000000000100b0c4,中国的机器人必须得像人才叫机器人[笑哭R],2026.04.20,江苏,9.0,15.0,21,强势|服务者,强势,服务者,5,强势成功,110
69e40352000000002102fc75,"机器人马拉松现场第一视角看全部队伍

",,1160.0,2,69e43b58000000001401d82a,69e4353d000000001401d800,5f4b5b63000000000101d31a,日本倒退的确实挺严重[捂脸R][捂脸R][捂脸R]那些机器人看不下去,2026.04.19,广东,9.0,,34,常态|服务者,常态,服务者,7,常态,110
69e48341000000001a02d0c4,"机器人马拉松，我们看乐了，西方人看破防了🤣

",3931.0,1022.0,1,69e49588000000001401a805,,678a5787000000000a03f105,参赛机器人有26个厂家300多款机器人，而这绝对不是中国的全部，这就是中国实力，你猜猜欧美日韩什么情况，这就是中国科技领域的实力[点赞R],2026.04.19,上海,8.0,0.0,69,强势|观众,强势,观众,18,强势成功,110
69e481e8000000002003ad94,"

",,,2,69e49c8c000000001401d408,69e49ab7000000001401a001,5e10d0c7000000000100213c,是的 所以不知道美国的波士顿动力机器人公司不知道为什么还在搞这些没有意义的机器人🤷,2026.04.19,广东,4.0,,41,强势|服务者,强势,服务者,11,强势成功,110
69e481e8000000002003ad94,"

",,,1,69e5b3c30000000014018803,,5b6275864eacab05e712798f,国内机器人: 这么做有什么意义呢？资本噱头。            美日机器人: 文明之光[微笑R],2026.04.20,安徽,3.0,0.0,50,强势|服务者,强势,服务者,9,强势成功,110
69e48341000000001a02d0c4,"机器人马拉松，我们看乐了，西方人看破防了🤣

",3931.0,1022.0,1,69e4c883000000001401b835,,6787b6a2000000000803f62a,中国人看机器人🤖哈哈哈哈哈，，外国人看机器人🤖到时候不会拿把枪追我吧[笑哭R],2026.04.19,广东,3.0,0.0,39,强势|观众,强势,观众,6,强势成功,110
69da7e87000000001a03484e,"今晚的亦庄机器人马拉松测试

",,8169.0,2,69db53530000000015001520,69db517b0000000035011a96,5f871352000000000100bb32,中国的机器人影响环境，外国的不会[doge],2026.04.12,澳大利亚,3.0,,22,强势|观众,强势,观众,5,强势成功,110
69e41e24000000001a025f1a,"人形机器人半马摔倒瞬间🔥🔥

",1155.0,129.0,1,69e495860000000014019c23,,5cc639810000000011019a83,现在每一个拉胯的瞬间，将来必定成为中国智能机器人发展史上的基石,2026.04.19,江苏,2.0,0.0,31,失败|观众,失败,观众,9,失败,110
69e481e8000000002003ad94,"

",,,1,69e49f37000000001401d431,,643e4de4000000000e01d793,美国研发的:人类之光，科技前沿。国产的:鸡肋研发，没法用，轮式机器人更好，无意义（均取自本评论区）[doge],2026.04.19,北京,2.0,0.0,55,强势|服务者,强势,服务者,15,强势成功,110
69e59e520000000022027a90,"花田里犯了错|机器人马拉松正赛搞笑赏析

",,2593.0,1,69e6e32d000000001401900e,,641048620000000029012787,中国的机器人领先世界七十年，出场普遍就是70岁老人的水平,2026.04.21,北京,2.0,0.0,28,弱势|观众,弱势,观众,10,弱势,110
69e2583b00000000230211ea,"

",,2406.0,1,69e344250000000014019013,,61851d30000000001000fcd5,挺好，让欧美日韩多看看，以为咱们的机器人就这种水平,2026.04.18,北京,1.0,0.0,25,失败|抢救者,失败,抢救者,6,失败,110
69e59e520000000022027a90,"花田里犯了错|机器人马拉松正赛搞笑赏析

",,2593.0,1,69e6c0eb000000001401a009,,68ff746a0000000037004a7c,虽然千姿百态，但中国机器人发展迅速[点赞R][点赞R][点赞R],2026.04.21,宁夏,1.0,0.0,32,弱势|观众,弱势,观众,6,弱势,110
69e48341000000001a02d0c4,"机器人马拉松，我们看乐了，西方人看破防了🤣

",3931.0,1022.0,2,69e56fe1000000001401d808,69e56581000000001401a405,5714cffaaed7581a44753366,记得那时候日本就推出来机器人了，当时还是央视新闻报道的呢。然后就没后续了。,2026.04.20,黑龙江,1.0,,37,强势|观众,强势,观众,8,强势成功,110
69e48341000000001a02d0c4,"机器人马拉松，我们看乐了，西方人看破防了🤣

",3931.0,1022.0,2,69e5963c000000001401b005,69e59316000000001401dc29,58c414fe69aa5266c956c286,美国机器人卷大脑，中国机器人卷身体,2026.04.20,重庆,1.0,,17,强势|观众,强势,观众,6,强势成功,110
69e2583b00000000230211ea,"

",,2406.0,1,69e8c418000000001401b82e,,5d7a617d0000000001006754,这视频即将在外网疯传并配文z国机器人泡沫[捂脸R],2026.04.22,安徽,0.0,0.0,25,失败|抢救者,失败,抢救者,7,失败,110
69e2583b00000000230211ea,"

",,2406.0,1,69e7c99c000000001401e002,,5f34003f000000000101dde2,机器人本来是起步阶段，半成品的阶段，还没做出来，就有博主开了个口子说哎呀好厉害了，给西方社媒知道然后宣传上了，那怎么办啊，国外都关注到了，因为要面子啊，要坐实科技大国的位子，就把半成品搬上台了。,2026.04.22,广东,0.0,0.0,97,失败|抢救者,失败,抢救者,25,失败,110
69e2583b00000000230211ea,"

",,2406.0,1,69e7aa0d000000001401cc16,,56ac7648e4251d21b7b51e1d,为中国机器人从幕后走向台前的勇敢点赞，为中国科技的执着发展点赞[拔草R],2026.04.22,上海,0.0,0.0,36,失败|抢救者,失败,抢救者,12,失败,110
69e2583b00000000230211ea,"

",,2406.0,1,69e440c5000000001401e013,,5daeeb5b0000000001009083,中国机器人遥遥领先[笑哭R][笑哭R][笑哭R]世界最好的[笑哭R],2026.04.19,广东,0.0,0.0,34,失败|抢救者,失败,抢救者,5,失败,110
69e2583b00000000230211ea,"

",,2406.0,1,69e8479d000000001401e01e,,6010e3450000000001006d9d,中国的机器人是这样的[笑哭R][笑哭R]还有人在那吹呢,2026.04.22,山东,0.0,0.0,27,失败|抢救者,失败,抢救者,4,失败,110
69da7e87000000001a03484e,"今晚的亦庄机器人马拉松测试

",,8169.0,1,69dc05a2000000000d036a4e,,60ed0bc2000000002002cdd5,中国机器人发展进入病态期,2026.04.13,辽宁,0.0,0.0,12,强势|观众,强势,观众,5,强势成功,110
69da7e87000000001a03484e,"今晚的亦庄机器人马拉松测试

",,8169.0,1,69db229a0000000015003d73,,5e6777f800000000010032e6,不知道国产医疗机器人、制造机器人怎么样了，比这个只是秀肌肉,2026.04.12,广西,0.0,0.0,29,强势|观众,强势,观众,9,强势成功,110
69da7e87000000001a03484e,"今晚的亦庄机器人马拉松测试

",,8169.0,1,69db071d0000000035027a68,,60921061000000000100a377,如果是美国的机器人，就是人类之光，如果是中国的机器人，那么有什么用？[doge],2026.04.12,北京,0.0,0.0,40,强势|观众,强势,观众,6,强势成功,110
69da7e87000000001a03484e,"今晚的亦庄机器人马拉松测试

",,8169.0,1,69db19dd0000000035014e5f,,61ea233700000000100057e7,如果是美国的机器人，那评论区将会是另一副嘴脸[偷笑R],2026.04.12,北京,0.0,0.0,27,强势|观众,强势,观众,5,强势成功,110
69e59e520000000022027a90,"花田里犯了错|机器人马拉松正赛搞笑赏析

",,2593.0,2,69e62a31000000001401d826,69e5f71c000000001401d427,5b8bfdc7cb865500019f6bd9,机器人攻击的。上次看到一个失控手舞足蹈的机器人一个肘击，把旁边研发人员鼻子打得鲜血长流，挺恐怖,2026.04.20,湖南,60.0,,47,弱势|观众,弱势,观众,15,弱势,111
69da7e87000000001a03484e,"今晚的亦庄机器人马拉松测试

",,8169.0,2,69daf8aa0000000035030bd3,69daef940000000001007f78,5eafdb9c00000000010053a4,危险环境下机器人上,2026.04.12,北京,30.0,,9,强势|观众,强势,观众,3,强势成功,111
69e59e520000000022027a90,"花田里犯了错|机器人马拉松正赛搞笑赏析

",,2593.0,2,69e63f1e000000001401c029,69e5f71c000000001401d427,6190db380000000010009703,机器人揍人很厉害的，我大学一个老师博士时就是搞这个的，实验室里好好的突然横过来踢了一脚，两条腿都断了，躺了好几个月[笑哭R],2026.04.20,上海,19.0,,62,弱势|观众,弱势,观众,13,弱势,111
69e59e520000000022027a90,"花田里犯了错|机器人马拉松正赛搞笑赏析

",,2593.0,1,69e5e248000000001401c017,,5f663e22000000000101e313,机器人🤖撞了车算谁的责任[偷笑R],2026.04.20,河北,16.0,6.0,17,弱势|观众,弱势,观众,3,弱势,111
69e46032000000001f002048,"看着你们累倒在地上我很心疼，恨不得替你们

",,5680.0,1,69e46497000000001401dc13,,5c5981c2000000001101d190,这是怕机器人觉醒，提前站队？[doge],2026.04.19,浙江,8.0,1.0,20,常态|保护者,常态,保护者,4,常态,111
69da7e87000000001a03484e,"今晚的亦庄机器人马拉松测试

",,8169.0,2,69db03af000000003500c2e7,69db0329000000003500f0a5,67abf9b0000000000a03d138,出警的人正站在路上保护机器人呢,2026.04.12,浙江,4.0,,15,强势|观众,强势,观众,5,强势成功,111
69da7e87000000001a03484e,"今晚的亦庄机器人马拉松测试

",,8169.0,1,69db4c880000000001004410,,64e4cb4a0000000001004219,玩吧，指不定哪天机器人满大街追人打才知道害怕😱,2026.04.12,山西,2.0,0.0,23,强势|观众,强势,观众,8,强势成功,111
69e4426b000000001d01c7ed,"一个大的一个小的一个废的

",,7334.0,1,69e477c2000000001401a806,,55004f38a46e9624de583e40,突然害怕机器人打我是怎么回事[呃R],2026.04.19,北京,1.0,0.0,18,混合|观众,混合,观众,4,,111
69da7e87000000001a03484e,"今晚的亦庄机器人马拉松测试

",,8169.0,1,69dbd90200000000150096b1,,61ada9a0000000001000b30c,以后被机器人追杀的时候好吓人啊,2026.04.13,四川,1.0,0.0,15,强势|观众,强势,观众,3,强势成功,111
69da7e87000000001a03484e,"今晚的亦庄机器人马拉松测试

",,8169.0,1,69db6adc000000000c031187,,5c28b0230000000005025fa3,缉毒机器人警察，[偷笑R],2026.04.12,四川,1.0,0.0,13,强势|观众,强势,观众,3,强势成功,111
69da7e87000000001a03484e,"今晚的亦庄机器人马拉松测试

",,8169.0,1,69db2bdc000000003500af23,,63be7269000000002801ad93,很诡异啊[笑哭R]大半夜的街上跑机器人,2026.04.12,辽宁,1.0,0.0,19,强势|观众,强势,观众,4,强势成功,111
69da7e87000000001a03484e,"今晚的亦庄机器人马拉松测试

",,8169.0,1,69db1674000000000100772c,,612e42830000000002027454,大晚上看见旁边跑过几个机器人比见鬼了还可怕,2026.04.12,甘肃,1.0,0.0,21,强势|观众,强势,观众,7,强势成功,111
69e42cc100000000220001ad,"机器人马拉松倒数第一名，萌翻了🤣🤣🤣

",,8501.0,1,69e50177000000001401c810,,68f312ee000000003702cf54,以后这种机器人杀人最方便了,2026.04.20,广东,1.0,0.0,13,弱势|观众,弱势,观众,3,弱势,111
69df625d0000000021005c63,"“扶我起来，我还能再跑10公里”

",,9992.0,1,69e732dc000000001401cc23,,666086b100000000030303e2,这大晚上的知道的是机器人，不知道的以为是妖魔鬼怪又上街了[捂脸R],2026.04.21,辽宁,1.0,0.0,33,失败|观众,失败,观众,8,失败,111
69e44278000000001a0217bb,"机器人超过我的瞬间

",6019.0,372.0,1,69e493f6000000001401ac39,,5d5ac58c0000000001007a85,以后就是机器人追上你干掉你了[笑哭R],2026.04.19,上海,0.0,0.0,19,强势|被超越者,强势,被超越者,3,强势成功,111
69e2583b00000000230211ea,"

",,2406.0,1,69e4576a0000000014019c24,,6766bd9f00000000180168e2,机器人：分头行动,2026.04.19,安徽,0.0,0.0,8,失败|抢救者,失败,抢救者,3,失败,111
69da7e87000000001a03484e,"今晚的亦庄机器人马拉松测试

",,8169.0,1,69db448d0000000035016a2c,,621673b900000000100064ce,想想大半夜一个机器人朝你冲过来[捂脸R],2026.04.12,广东,0.0,0.0,20,强势|观众,强势,观众,4,强势成功,111
69da7e87000000001a03484e,"今晚的亦庄机器人马拉松测试

",,8169.0,1,69db405a0000000035012a92,,62654734000000001000e31c,被机器人撞到，算谁责任[笑哭R],2026.04.12,广东,0.0,1.0,16,强势|观众,强势,观众,3,强势成功,111
69da7e87000000001a03484e,"今晚的亦庄机器人马拉松测试

",,8169.0,1,69db2e350000000002035670,,66716aa000000000030305c9,机器人这速度，撞了人怎么算,2026.04.12,上海,0.0,0.0,13,强势|观众,强势,观众,3,强势成功,111
69da7e87000000001a03484e,"今晚的亦庄机器人马拉松测试

",,8169.0,1,69db12510000000035028fab,,5833d6cb6a6a6940ef3b804b,到时候机器人自己一个道吗？感觉这撞到人能把人踢死。。,2026.04.12,北京,0.0,0.0,26,强势|观众,强势,观众,6,强势成功,111
69da7e87000000001a03484e,"今晚的亦庄机器人马拉松测试

",,8169.0,1,69db0796000000000d034b27,,6006370f000000000101e0e7,为啥我看到的第一眼脑子里想到的是迪迦奥特曼里面有一集白天外星人和晚上外星人抢地盘晚上抓打架的地球人那集的外星人[捂脸R],2026.04.12,浙江,0.0,0.0,60,强势|观众,强势,观众,18,强势成功,111
69da7e87000000001a03484e,"今晚的亦庄机器人马拉松测试

",,8169.0,1,69daf3ac000000003500cd8f,,66c9a769000000001d022891,过不了多久机器人警察就上线了,2026.04.12,辽宁,0.0,0.0,14,强势|观众,强势,观众,5,强势成功,111
69da7e87000000001a03484e,"今晚的亦庄机器人马拉松测试

",,8169.0,1,69daed810000000001007774,,5b07ac9411be10267837eefb,以后机器人偷完东西都抓不上[doge],2026.04.12,河南,0.0,0.0,19,强势|观众,强势,观众,2,强势成功,111
69da7e87000000001a03484e,"今晚的亦庄机器人马拉松测试

",,8169.0,1,69daeb1a000000003502e763,,606f1a84000000000101e52b,大半夜的 看这个太诡异了 就感觉机器人马上要统治我们了[笑哭R],2026.04.12,北京,0.0,0.0,32,强势|观众,强势,观众,5,强势成功,111
69e47f8f000000001f007203,"2026年机器人马拉松状态，五年后再看🤣

",,5834.0,1,69e5b2a4000000002d02319f,,667e0aeb0000000007006412,如果汽车不小心撞到别家的机器人，怎么办？,2026.04.20,加拿大,0.0,0.0,20,混合|观众,混合,观众,6,,111
69e481e8000000002003ad94,"

",,,1,69e703ff000000001401ac09,,61b085380000000002021065,要它系统出问题发疯打人怎么办,2026.04.21,云南,0.0,0.0,14,强势|服务者,强势,服务者,5,强势成功,111
69e481e8000000002003ad94,"

",,,1,69e620ee000000001401c82b,,56588a9a4476084580752706,机器人是不是能去杀sa人？,2026.04.20,广东,0.0,0.0,13,强势|服务者,强势,服务者,4,强势成功,111
69e481e8000000002003ad94,"

",,,1,69e49326000000001401e035,,62d2536f000000000303ec2d,如果有一天我们被机器人追杀怎么办？,2026.04.19,四川,0.0,0.0,17,强势|服务者,强势,服务者,4,强势成功,111
69df625d0000000021005c63,"“扶我起来，我还能再跑10公里”

",,9992.0,1,69df9f4b000000001400964c,,54826da52e1d9320b11ec840,身上绑几个气球嘛，我看有的机器人已经穿气球防护服了，就算摔也不至于满地装备…[汗颜R],2026.04.15,上海,0.0,0.0,43,失败|观众,失败,观众,10,失败,111
69df625d0000000021005c63,"“扶我起来，我还能再跑10公里”

",,9992.0,1,69df9dab000000003500aec9,,5c9f4bc3000000001001a309,看来不用怕 机器人能杀人的距离还很远,2026.04.15,荷兰,0.0,0.0,18,失败|观众,失败,观众,6,失败,111
69e43a5a000000001d01dcc7,"机器人嘲讽同伴

",1966.0,167.0,1,69e450da000000001401d82d,,59b22f86db2e607509e8b39e,72的结局[偷笑R],2026.04.19,北京,681.0,44.0,10,常态|观众,常态,观众,2,常态,112
69e2583b00000000230211ea,"

",,2406.0,1,69e787d0000000001401c427,,5c317b9f000000000701ddd7,这就是传说中的还没开始就结束了吗[doge],2026.04.21,山东,1.0,1.0,22,失败|抢救者,失败,抢救者,3,失败,112
69e2583b00000000230211ea,"

",,2406.0,1,69e8c7880000000014019010,,62e138c6000000001f016248,先帝创业未开始而直接崩殂,2026.04.22,北京,1.0,0.0,12,失败|抢救者,失败,抢救者,3,失败,112
69e2583b00000000230211ea,"

",,2406.0,1,69e7d668000000001401c805,,57aae08aa9b2ed71b0c09492,出师未捷身先死[微笑R],2026.04.22,江苏,1.0,0.0,12,失败|抢救者,失败,抢救者,3,失败,112
69e48341000000001a02d0c4,"机器人马拉松，我们看乐了，西方人看破防了🤣

",3931.0,1022.0,2,69e57ef9000000001401880d,69e57e4d000000001401e00d,5fb62b3d000000000101eeb0,嗯，是的。地产已经崩盘了，意满离？,2026.04.20,江苏,1.0,,17,强势|观众,强势,观众,3,强势成功,112
69e2583b00000000230211ea,"

",,2406.0,1,69ec18db000000002901aa52,,5f74a6f500000000010078ce,出征即阵亡,2026.04.25,北京,0.0,0.0,5,失败|抢救者,失败,抢救者,2,失败,112
69e2583b00000000230211ea,"

",,2406.0,1,69eb35a4000000001401e801,,64df189d0000000001004a37,开始了吗？已经结束了！,2026.04.24,山东,0.0,0.0,11,失败|抢救者,失败,抢救者,2,失败,112
69e2583b00000000230211ea,"

",,2406.0,1,69eb18f4000000001401a81b,,66043a78000000000b03008a,这难道就是“出身未捷身先死”[doge],2026.04.24,四川,0.0,0.0,20,失败|抢救者,失败,抢救者,4,失败,112
69e2583b00000000230211ea,"

",,2406.0,1,69eaffb6000000001401e019,,5f958ec1000000000100a05f,刚开始就已经结束了,2026.04.24,贵州,0.0,0.0,9,失败|抢救者,失败,抢救者,2,失败,112
69e2583b00000000230211ea,"

",,2406.0,1,69eae383000000001401dc26,,5f61f05b000000000101de00,比当年苏联解体还更解,2026.04.24,福建,0.0,0.0,10,失败|抢救者,失败,抢救者,4,失败,112
69e2583b00000000230211ea,"

",,2406.0,1,69e96493000000001401d80b,,64f935660000000005001d61,哈哈，开场即结局[笑哭R],2026.04.23,山东,0.0,0.0,13,失败|抢救者,失败,抢救者,2,失败,112
69e2583b00000000230211ea,"

",,2406.0,1,69e93717000000001401b002,,67ecd070000000000e01329c,还没开始呢[笑哭R]  就已经结束了,2026.04.23,河北,0.0,0.0,18,失败|抢救者,失败,抢救者,2,失败,112
69e2583b00000000230211ea,"

",,2406.0,1,69e86a59000000001401a407,,66711c590000000007005eea,出师未捷身先死，长使英雄泪满襟，天意高难问，人情老易悲。尊前江汉阔，后会且深期,2026.04.22,北京,0.0,0.0,39,失败|抢救者,失败,抢救者,14,失败,112
69e2583b00000000230211ea,"

",,2406.0,1,69e81d090000000014019404,,53c0d1c3b4c4d63304f80e52,还没开始就结束了[大笑R],2026.04.22,湖南,0.0,0.0,13,失败|抢救者,失败,抢救者,2,失败,112
69e2583b00000000230211ea,"

",,2406.0,1,69e81357000000001401bc13,,684917dc000000001d00b0b7,还没开始就结束了,2026.04.22,河南,0.0,0.0,8,失败|抢救者,失败,抢救者,2,失败,112
69e2583b00000000230211ea,"

",,2406.0,1,69e80b3b0000000014018c0c,,5db84cb30000000001006be9,还没升空就解体了,2026.04.22,四川,0.0,0.0,8,失败|抢救者,失败,抢救者,2,失败,112
69e2583b00000000230211ea,"

",,2406.0,1,69e79143000000001401a413,,61c6ecc30000000021020d07,刚上场就阵亡了,2026.04.21,北京,0.0,0.0,7,失败|抢救者,失败,抢救者,2,失败,112
69e2583b00000000230211ea,"

",,2406.0,1,69e78c1f0000000014018c19,,650be46900000000020130ac,开局就走向了死亡[笑哭R],2026.04.21,山东,0.0,0.0,13,失败|抢救者,失败,抢救者,3,失败,112
69e2583b00000000230211ea,"

",,2406.0,1,69e4d024000000001401980c,,63a14982000000002702a4b3,苏联解体了（致歉,2026.04.19,湖北,0.0,0.0,8,失败|抢救者,失败,抢救者,3,失败,112
69e2583b00000000230211ea,"

",,2406.0,1,69e496ed0000000014019410,,678939d8000000000e0115e0,先帝创业未半而中道崩殂,2026.04.19,河北,0.0,0.0,11,失败|抢救者,失败,抢救者,4,失败,112
69e2583b00000000230211ea,"

",,2406.0,1,69e481180000000014019c08,,626ba03e0000000021025ec3,天崩开局,2026.04.19,上海,0.0,0.0,4,失败|抢救者,失败,抢救者,2,失败,112
69e2583b00000000230211ea,"

",,2406.0,1,69e45daf000000001401ac11,,5e1d67c40000000001002ad7,出师未捷,2026.04.19,四川,0.0,0.0,4,失败|抢救者,失败,抢救者,2,失败,112
69e2583b00000000230211ea,"

",,2406.0,1,69e44341000000001401a812,,6386f91a000000001f01a16d,还没开始就结束了[笑哭R],2026.04.19,广东,0.0,0.0,13,失败|抢救者,失败,抢救者,2,失败,112
69e2583b00000000230211ea,"

",,2406.0,1,69e43bcb000000001401bc01,,621b60b0000000001000896c,皇上，驾崩---,2026.04.19,江苏,0.0,0.0,8,失败|抢救者,失败,抢救者,2,失败,112
69e2583b00000000230211ea,"

",,2406.0,1,69e397f6000000001401a408,,5da04f9300000000010045d8,还没开始就结束了[捂脸R],2026.04.18,浙江,0.0,0.0,13,失败|抢救者,失败,抢救者,2,失败,112
69e2583b00000000230211ea,"

",,2406.0,1,69e35179000000001401c01f,,58c0fe8482ec39736da33a67,开始就结束了[捂脸R],2026.04.18,广东,0.0,0.0,11,失败|抢救者,失败,抢救者,2,失败,112
69e2583b00000000230211ea,"

",,2406.0,1,69e30f1c000000001401e418,,5c3df2cd000000000602359e,真的是天崩开局[偷笑R],2026.04.18,新疆,0.0,0.0,12,失败|抢救者,失败,抢救者,3,失败,112
69e2583b00000000230211ea,"

",,2406.0,1,69e2fa5c000000001401b815,,64df0f35000000000100e749,出师未捷身先死,2026.04.18,浙江,0.0,0.0,7,失败|抢救者,失败,抢救者,3,失败,112
69e2583b00000000230211ea,"

",,2406.0,1,69e2ef3d0000000014019415,,61b99a650000000021020de8,天崩开局[偷笑R],2026.04.18,上海,0.0,0.0,9,失败|抢救者,失败,抢救者,2,失败,112
69e2583b00000000230211ea,"

",,2406.0,1,69e2eee2000000001401d812,,5cf51f67000000002503e249,创业未半而中道崩殂。,2026.04.18,辽宁,0.0,0.0,10,失败|抢救者,失败,抢救者,3,失败,112
69e42cc100000000220001ad,"机器人马拉松倒数第一名，萌翻了🤣🤣🤣

",,8501.0,2,69e4372b000000001401dc2c,69e4367c0000000014018826,588457d35e87e71a15e77caa,你是哪裏[笑哭R]我在榮東還沒看到,2026.04.19,北京,9.0,,17,弱势|观众,弱势,观众,2,弱势,113
69e40352000000002102fc75,"机器人马拉松现场第一视角看全部队伍

",,1160.0,1,69e4a3f2000000001401a828,,61279e6100000000010054cc,今天在现场看了，很有意思啊，时代发展科技进步，期待更多好玩的事物出现。,2026.04.19,北京,7.0,3.0,35,常态|服务者,常态,服务者,11,常态,113
69df625d0000000021005c63,"“扶我起来，我还能再跑10公里”

",,9992.0,1,69dfab34000000003500df2e,,5db929890000000001006f13,哈哈哈，太可爱了。现场看应该更有趣[捂嘴笑R],2026.04.15,北京,2.0,0.0,23,失败|观众,失败,观众,3,失败,113
69e40352000000002102fc75,"机器人马拉松现场第一视角看全部队伍

",,1160.0,1,69e4dff0000000001401bc02,,602264df0000000001005095,现场好壮观,2026.04.19,广东,1.0,0.0,5,常态|服务者,常态,服务者,2,常态,113
69e59e520000000022027a90,"花田里犯了错|机器人马拉松正赛搞笑赏析

",,2593.0,1,69e85d16000000001401b811,,58bd21db50c4b458656f7d59,[笑哭R][笑哭R]深圳有没有这种啊！我想去看，太精彩了哈哈哈哈,2026.04.22,广东,1.0,0.0,32,弱势|观众,弱势,观众,4,弱势,113
69db34bb000000001a0348ae,"机器人抢救现场

",4896.0,1198.0,1,69dca91f000000003502b470,,5f1aa937000000000100527d,周六拍到了,2026.04.13,北京,0.0,0.0,5,失败|抢救者,失败,抢救者,2,失败,113
69da7e87000000001a03484e,"今晚的亦庄机器人马拉松测试

",,8169.0,1,69db9a11000000003502cd18,,5de727ae0000000001008a53,请问这个在哪可以看？每天都有吗？,2026.04.12,北京,0.0,0.0,16,强势|观众,强势,观众,2,强势成功,113
69da7e87000000001a03484e,"今晚的亦庄机器人马拉松测试

",,8169.0,1,69db930d0000000015001546,,5d3d98fa000000001600a427,今天晚上还会有么,2026.04.12,河北,0.0,0.0,8,强势|观众,强势,观众,3,强势成功,113
69da7e87000000001a03484e,"今晚的亦庄机器人马拉松测试

",,8169.0,1,69db2aec00000000350100b4,,597c296d6a6a690dd884d797,看到的一定是表象 虽然我也不知道为啥要举办[得意R],2026.04.12,广西,0.0,0.0,26,强势|观众,强势,观众,5,强势成功,113
69da7e87000000001a03484e,"今晚的亦庄机器人马拉松测试

",,8169.0,1,69db1fe80000000035020ab3,,63b87d8e0000000026010e32,请问在哪里可以看到这些消息呀？会有公众号啥的介绍吗？想去现场看看！,2026.04.12,美国,0.0,0.0,33,强势|观众,强势,观众,8,强势成功,113
69da7e87000000001a03484e,"今晚的亦庄机器人马拉松测试

",,8169.0,1,69db1395000000003501b77f,,5e4a56d8000000000100a1e9,我来个天，昨晚上还说去看呢，但是太晚了，没去，没想到这么抽象，哈哈哈哈哈哈,2026.04.12,北京,0.0,0.0,37,强势|观众,强势,观众,6,强势成功,113
69da7e87000000001a03484e,"今晚的亦庄机器人马拉松测试

",,8169.0,1,69db12e100000000150022a9,,5a4b347b4eacab2efb67a6e8,你是咋提前知道的消息去看的呢？俺也想看,2026.04.12,云南,0.0,0.0,19,强势|观众,强势,观众,3,强势成功,113
69da7e87000000001a03484e,"今晚的亦庄机器人马拉松测试

",,8169.0,1,69daf45b00000000160156d9,,6031d60d000000000100398c,去早了一个月，上个月守在假日酒店旁边都没看到[叹气R],2026.04.12,江苏,0.0,0.0,27,强势|观众,强势,观众,4,强势成功,113
69da7e87000000001a03484e,"今晚的亦庄机器人马拉松测试

",,8169.0,1,69da841900000000150034e8,,614c7bff000000000202214e,是每天都有吗，想去看[doge],2026.04.12,北京,0.0,0.0,16,强势|观众,强势,观众,2,强势成功,113
69e42cc100000000220001ad,"机器人马拉松倒数第一名，萌翻了🤣🤣🤣

",,8501.0,1,69e55e730000000014019001,,5f82ffe3000000000100be3c,哎呀后悔了，嫌远没去看。下次什么时候呀？想去看。,2026.04.20,北京,0.0,0.0,24,弱势|观众,弱势,观众,6,弱势,113
69e42cc100000000220001ad,"机器人马拉松倒数第一名，萌翻了🤣🤣🤣

",,8501.0,1,69e4f247000000001401e80e,,634ba378000000001901ec19,好想去看现场[笑哭R]怪有意思的 什么事故都有[笑哭R],2026.04.19,上海,0.0,0.0,28,弱势|观众,弱势,观众,4,弱势,113
69e47f8f000000001f007203,"2026年机器人马拉松状态，五年后再看🤣

",,5834.0,1,69e78ddf000000001401e025,,5bf6849134907300011c1b30,现场真欢乐啊,2026.04.21,福建,0.0,0.0,6,混合|观众,混合,观众,2,,113
69df625d0000000021005c63,"“扶我起来，我还能再跑10公里”

",,9992.0,1,69df9aa1000000001500b8e7,,62b46e95000000001b025155,周六好想去看，就是有点早啊。,2026.04.15,北京,0.0,0.0,14,失败|观众,失败,观众,2,失败,113
69df625d0000000021005c63,"“扶我起来，我还能再跑10公里”

",,9992.0,1,69df9938000000000c03306a,,541e6d72b4c4d6311517f42a,每个周日都有吗,2026.04.15,北京,0.0,1.0,7,失败|观众,失败,观众,2,失败,113
69df625d0000000021005c63,"“扶我起来，我还能再跑10公里”

",,9992.0,1,69df96690000000015005e7e,,58ed00ba50c4b4505ccd89ae,好好笑，本来不想去的，看完想早点去抢个好位置了,2026.04.15,北京,0.0,0.0,23,失败|观众,失败,观众,7,失败,113
69e45dbe000000001f00434f,"机器人跑马拉松超越人类？

",4650.0,773.0,1,69e55c7e000000001401a006,,5921566450c4b414729dd914,现场看到还是挺震撼的,2026.04.20,北京,0.0,0.0,10,强势|观众,强势,观众,2,强势成功,113
69e447d2000000001d01aa01,"当算法有了腿，程序员万万没想到……

",,2912.0,1,69e4753c000000001401a406,,5603b7ebf5a26346d03b14c8,能现场观看吗,2026.04.19,广西,0.0,0.0,6,强势|服务者,强势,服务者,2,强势成功,113
69e43b14000000001a02e095,"好萌的小黑仔跑马拉松

",,2760.0,1,69e46aaf000000001401a00d,,5bc5861c9b75e3000181133c,只有被邀请的才能去看吗？,2026.04.19,天津,0.0,0.0,12,弱势|服务者,弱势,服务者,3,弱势,113
69e43b14000000001a02e095,"好萌的小黑仔跑马拉松

",,2760.0,1,69e4478e000000001401a811,,56ac174faed7587bda0ce488,请问您这是啥位置离得好近 明年我也去这里,2026.04.19,北京,0.0,0.0,20,弱势|服务者,弱势,服务者,5,弱势,113
69e40352000000002102fc75,"机器人马拉松现场第一视角看全部队伍

",,1160.0,1,69e4d624000000001401c046,,5e7acee80000000001009776,现场观众还是很多的，堵成一片，去晚了都没看到[捂脸R],2026.04.19,北京,0.0,0.0,27,常态|服务者,常态,服务者,5,常态,113
69e40352000000002102fc75,"机器人马拉松现场第一视角看全部队伍

",,1160.0,1,69e4ccc3000000001401c031,,6880d516000000001b01b9c3,这是在哪儿拍的？求个定位,2026.04.19,广东,0.0,0.0,12,常态|服务者,常态,服务者,3,常态,113
69e40352000000002102fc75,"机器人马拉松现场第一视角看全部队伍

",,1160.0,1,69e4cbee000000001401dc0f,,68d4174e000000002101d1d9,这是在哪儿拍的？想去现场看看,2026.04.19,中国香港,0.0,0.0,14,常态|服务者,常态,服务者,4,常态,113
69e40352000000002102fc75,"机器人马拉松现场第一视角看全部队伍

",,1160.0,1,69e4cad00000000014018808,,635679a0000000001802a5e3,哪里啊？下次想去看[笑哭R],2026.04.19,日本,0.0,0.0,14,常态|服务者,常态,服务者,3,常态,113
69e40352000000002102fc75,"机器人马拉松现场第一视角看全部队伍

",,1160.0,1,69e42514000000001401a00b,,6343d8160000000009031943,有直播吗？过去估计来不及了，想看有没有直播,2026.04.19,北京,0.0,1.0,21,常态|服务者,常态,服务者,6,常态,113
69e4412a000000002103883f,"荣耀闪电队-齐天大圣夺冠！

",3517.0,445.0,1,69e47899000000001401e807,,661255960000000007004e34,武汉的勺萝卜也可以去吗[笑哭R],2026.04.19,湖北,0.0,0.0,16,强势|观众,强势,观众,2,强势成功,113
69e447d2000000001d01aa01,"当算法有了腿，程序员万万没想到……

",,2912.0,1,69e45575000000001401e004,,5894379c50c4b43970f65248,咱就不能骑个车跟着吗？[笑哭R],2026.04.19,北京,1864.0,134.0,16,强势|服务者,强势,服务者,2,强势成功,114
69e43b14000000001a02e095,"好萌的小黑仔跑马拉松

",,2760.0,1,69e4aaf80000000014019019,,58b169ed6a6a6927e0c7b32f,有车怎么不让它上啊,2026.04.19,湖南,9.0,2.0,9,弱势|服务者,弱势,服务者,2,弱势,114
69e447d2000000001d01aa01,"当算法有了腿，程序员万万没想到……

",,2912.0,1,69e45738000000001401e022,,56109b5033f60c48b8e1e170,但凡骑个车呢[笑哭R],2026.04.19,云南,6.0,11.0,11,强势|服务者,强势,服务者,2,强势成功,114
69da7e87000000001a03484e,"今晚的亦庄机器人马拉松测试

",,8169.0,2,69db02e800000000010074f1,69daef220000000035024590,6387410e000000001f014be8,不如打车,2026.04.12,北京,6.0,,4,强势|观众,强势,观众,2,强势成功,114
69da7e87000000001a03484e,"今晚的亦庄机器人马拉松测试

",,8169.0,2,69dafbc0000000000d03f4b2,69dafb65000000001500583a,598921ba50c4b44f1844c3de,开车骑车跟着[偷笑R],2026.04.12,湖南,2.0,,11,强势|观众,强势,观众,3,强势成功,114
69da7e87000000001a03484e,"今晚的亦庄机器人马拉松测试

",,8169.0,1,69dbda840000000035012350,,63764518000000001f018cf3,以后八抬大轿又是主流出行工具了吧,2026.04.13,北京,1.0,0.0,16,强势|观众,强势,观众,4,强势成功,114
69e40352000000002102fc75,"机器人马拉松现场第一视角看全部队伍

",,1160.0,1,69e439a6000000001401b807,,63045c3a000000001200f61f,一人一个停车位,2026.04.19,北京,1.0,0.0,7,常态|服务者,常态,服务者,2,常态,114
69e40352000000002102fc75,"机器人马拉松现场第一视角看全部队伍

",,1160.0,1,69e404eb0000000014018804,,63554ff1000000001802b528,地铁咋过去啊,2026.04.19,北京,1.0,1.0,6,常态|服务者,常态,服务者,2,常态,114
69e481e8000000002003ad94,"

",,,2,69e6e4530000000014018c06,69e6e216000000001401ac18,5cf3bcb20000000005032013,分几个人嘛。。。一段一段，或者骑个电动车啥的！,2026.04.21,广东,1.0,,23,强势|服务者,强势,服务者,7,强势成功,114
69e447d2000000001d01aa01,"当算法有了腿，程序员万万没想到……

",,2912.0,2,69e464d2000000001401cc17,69e45575000000001401e004,55ea85d262a60c3050c2c9ae,那也可以骑车追啊，或者电瓶车,2026.04.19,北京,1.0,,14,强势|服务者,强势,服务者,3,强势成功,114
69e4426b000000001d01c7ed,"一个大的一个小的一个废的

",,7334.0,1,69e45e360000000014018c2d,,63c35a2100000000260114e7,人还是得坐车了,2026.04.19,浙江,0.0,0.0,7,混合|观众,混合,观众,2,,114
69da7e87000000001a03484e,"今晚的亦庄机器人马拉松测试

",,8169.0,1,69dbb3200000000035014d9e,,67611beb00000000180164c2,以后深夜飙车的都改坐骑了是吧……,2026.04.12,北京,0.0,0.0,16,强势|观众,强势,观众,3,强势成功,114
69da7e87000000001a03484e,"今晚的亦庄机器人马拉松测试

",,8169.0,1,69db85d60000000032003dda,,5938ae715e87e70e23c13866,还没学会打车？,2026.04.12,山东,0.0,0.0,7,强势|观众,强势,观众,2,强势成功,114
69da7e87000000001a03484e,"今晚的亦庄机器人马拉松测试

",,8169.0,1,69db2104000000000103e87e,,68b6b06c000000001901b6cb,给部自行车,2026.04.12,中国香港,0.0,0.0,5,强势|观众,强势,观众,2,强势成功,114
69da7e87000000001a03484e,"今晚的亦庄机器人马拉松测试

",,8169.0,1,69db061900000000350131fb,,5b4db0834eacab23357668c7,一年的时间要骑摩托才追的上了？,2026.04.12,广东,0.0,0.0,15,强势|观众,强势,观众,3,强势成功,114
69da7e87000000001a03484e,"今晚的亦庄机器人马拉松测试

",,8169.0,1,69dafca300000000350270dc,,619f9dbb000000001000bc71,啥时候能骑着去上班[笑哭R],2026.04.12,辽宁,0.0,0.0,14,强势|观众,强势,观众,2,强势成功,114
69da7e87000000001a03484e,"今晚的亦庄机器人马拉松测试

",,8169.0,1,69daf3b8000000003501f151,,6671843f00000000070043ac,买一个下班骑着走[偷笑R],2026.04.12,江苏,0.0,0.0,13,强势|观众,强势,观众,2,强势成功,114
69da7e87000000001a03484e,"今晚的亦庄机器人马拉松测试

",,8169.0,1,69daf0ee0000000002034a35,,542ce738d6e4a9377278aba3,骑他们上班是不是也是一种方式？[偷笑R],2026.04.12,山东,0.0,0.0,20,强势|观众,强势,观众,4,强势成功,114
69da7e87000000001a03484e,"今晚的亦庄机器人马拉松测试

",,8169.0,1,69dafe24000000003501fe15,,5aab5978db2e600a29abf53f,你跑这么快干嘛，我特么骑摩托车都撵不上你！,2026.04.12,北京,0.0,0.0,21,强势|观众,强势,观众,3,强势成功,114
69e481e8000000002003ad94,"

",,,1,69e8c919000000001401e821,,68c2c1c70000000019020ae2,骑士出去,2026.04.22,四川,0.0,0.0,4,强势|服务者,强势,服务者,2,强势成功,114
69e481e8000000002003ad94,"

",,,1,69e6da34000000001401c430,,5e19a7d70000000001007d79,不是啊，后面那个人不能用轮滑吗？或者骑个电瓶车带着驾驶员也行啊。,2026.04.21,上海,0.0,0.0,32,强势|服务者,强势,服务者,7,强势成功,114
69e447d2000000001d01aa01,"当算法有了腿，程序员万万没想到……

",,2912.0,1,69e49485000000001401bc10,,5e2585b40000000001005ebd,骑上去不就行了[偷笑R],2026.04.19,广西,0.0,0.0,12,强势|服务者,强势,服务者,2,强势成功,114
69e447d2000000001d01aa01,"当算法有了腿，程序员万万没想到……

",,2912.0,1,69e4624f000000001401e00b,,61eea8000000000010006557,骑个车不行吗[偷笑R],2026.04.19,广西,0.0,0.0,11,强势|服务者,强势,服务者,2,强势成功,114
69e59e520000000022027a90,"花田里犯了错|机器人马拉松正赛搞笑赏析

",,2593.0,1,69e6fd54000000001401a41c,,62242fe10000000010009599,跟车都有经验了，隔老远不知道下一秒要干啥[偷笑R],2026.04.21,贵州,0.0,0.0,25,弱势|观众,弱势,观众,5,弱势,114
69e44278000000001a0217bb,"机器人超过我的瞬间

",6019.0,372.0,2,69e48fe5000000002a032a52,69e48220000000001401a01a,5cf11a090000000017019075,你不能把车放在卧室里,2026.04.19,日本,0.0,,10,强势|被超越者,强势,被超越者,2,强势成功,114
69e4426b000000001d01c7ed,"一个大的一个小的一个废的

",,7334.0,2,69f568ba000000002701e602,69e4d997000000001401a802,5f3390bb000000000101fb8f,这么快到湖南了[微笑R]竟然不塞车,2026.05.02,新疆,0.0,,17,混合|观众,混合,观众,4,,114
69da7e87000000001a03484e,"今晚的亦庄机器人马拉松测试

",,8169.0,2,69db2f790000000035025a37,69daef220000000035024590,5b5f96624eacab1065fd7733,那他可不可以坐车呢？,2026.04.12,重庆,0.0,,10,强势|观众,强势,观众,2,强势成功,114
69da7e87000000001a03484e,"今晚的亦庄机器人马拉松测试

",,8169.0,2,69dbdafa000000000d03efcb,69daef220000000035024590,64bd3d5d000000001403b90e,还是坐车稳妥些,2026.04.13,美国,0.0,,7,强势|观众,强势,观众,2,强势成功,114
69da7e87000000001a03484e,"今晚的亦庄机器人马拉松测试

",,8169.0,2,69dcae5000000000150098f4,69daef220000000035024590,5630ec1ca40e1822e2276012,直接坐车不是更快,2026.04.13,浙江,0.0,,8,强势|观众,强势,观众,2,强势成功,114
69da7e87000000001a03484e,"今晚的亦庄机器人马拉松测试

",,8169.0,2,69db766a0000000015005cb4,69daef220000000035024590,620c92bc000000001000769b,我坐车去医院不舒服吗？,2026.04.12,四川,0.0,,11,强势|观众,强势,观众,3,强势成功,114
69e48d54000000002102e178,"😭亦庄机器人半马最感人一幕

",,1589.0,1,69e4a2d0000000001401ac06,,5e9176000000000001000a4a,相信他们会把它们“养”好的，感觉今年脚底下利索点了,2026.04.19,河北,74.0,2.0,25,弱势|保护者,弱势,保护者,4,弱势,115
69e4426b000000001d01c7ed,"一个大的一个小的一个废的

",,7334.0,2,69e49728000000001401b833,69e481650000000014018c2c,601bda3f0000000001000a8b,哈哈哈哈哈哈哈哈哈，比去年进步很多[暗中观察R]，今年跑着跑着甚至有头掉了，胳膊掉了，过热过载的[暗中观察R],2026.04.19,河南,25.0,,55,混合|观众,混合,观众,9,,115
69e481e8000000002003ad94,"

",,,2,69e49431000000001401cc0a,69e490ae000000001401d42a,67093e0a000000001d030ee1,今年跑步，明年攀岩，后年探洞[微笑R],2026.04.19,广东,13.0,,19,强势|服务者,强势,服务者,6,强势成功,115
69df625d0000000021005c63,"“扶我起来，我还能再跑10公里”

",,9992.0,2,69df9e9c0000000035011188,69df971b00000000350151b3,60a3d0f200000000010035aa,去年跑两步就摔跟头，看看今年，都快跑飞了,2026.04.15,北京,7.0,,20,失败|观众,失败,观众,5,失败,115
69da7e87000000001a03484e,"今晚的亦庄机器人马拉松测试

",,8169.0,1,69db03ca000000000c0330f5,,5fe047c100000000010009b8,卧槽，去年还在那慢慢跑，跑不好还摔倒今年就健步如飞了,2026.04.12,加拿大,6.0,0.0,26,强势|观众,强势,观众,7,强势成功,115
69da7e87000000001a03484e,"今晚的亦庄机器人马拉松测试

",,8169.0,1,69db1280000000000c032c6e,,5f246025000000000101db03,更新迭代好快啊，上一次马拉松一堆摔倒的，这次人均长跑冠军配速,2026.04.12,河北,4.0,0.0,30,强势|观众,强势,观众,11,强势成功,115
69da7e87000000001a03484e,"今晚的亦庄机器人马拉松测试

",,8169.0,1,69db6b8b0000000035022d6d,,5c9a1b2e0000000010010aa7,去年还东倒西晃摔跟头  今年居然像终结者  [点赞R][点赞R][点赞R],2026.04.12,北京,3.0,0.0,37,强势|观众,强势,观众,7,强势成功,115
69da7e87000000001a03484e,"今晚的亦庄机器人马拉松测试

",,8169.0,1,69db2bd70000000035032602,,5b6ea21476d27000019fa71d,谁还记得去年它们跑成啥样，天啊…,2026.04.12,上海,3.0,0.0,16,强势|观众,强势,观众,2,强势成功,115
69da7e87000000001a03484e,"今晚的亦庄机器人马拉松测试

",,8169.0,1,69db0f5400000000020376bc,,5bd1de9b09cce4000163aa89,想想去年的马拉松 这发展的实在是太快了,2026.04.12,江苏,3.0,0.0,19,强势|观众,强势,观众,6,强势成功,115
69da7e87000000001a03484e,"今晚的亦庄机器人马拉松测试

",,8169.0,1,69db2fd7000000000203733b,,645fbb17000000002901556d,去年人扶着跑，今年人追着跑，明年追着人跑[doge],2026.04.12,上海,2.0,0.0,26,强势|观众,强势,观众,7,强势成功,115
69da7e87000000001a03484e,"今晚的亦庄机器人马拉松测试

",,8169.0,1,69db15ab000000000d0352f4,,5a67dd7f11be1040db15042e,去年这个时候还跑得颤颤巍巍的，今年就能百米冲刺了,2026.04.12,湖南,2.0,0.0,24,强势|观众,强势,观众,5,强势成功,115
69e40352000000002102fc75,"机器人马拉松现场第一视角看全部队伍

",,1160.0,2,69e48dfa000000001401980b,69e4493b000000001401cc00,63b618a4000000002702a92a,去年看了吗？都是脑血栓后遗症的状态，今年比人跑的快了，进步飞速啊,2026.04.19,辽宁,2.0,,32,常态|服务者,常态,服务者,9,常态,115
69da7e87000000001a03484e,"今晚的亦庄机器人马拉松测试

",,8169.0,1,69db48fe000000003502ee3a,,61fbb991000000001000ac40,我去，这么快，记得去年好像比赛有的都走不稳老摔倒,2026.04.12,福建,1.0,0.0,24,强势|观众,强势,观众,6,强势成功,115
69da7e87000000001a03484e,"今晚的亦庄机器人马拉松测试

",,8169.0,1,69db37d5000000001500aa30,,58aaf3465e87e7393f8f770d,去年还摔跟头呢，今年就蹭蹭蹭的跑这么快…,2026.04.12,北京,1.0,0.0,20,强势|观众,强势,观众,3,强势成功,115
69da7e87000000001a03484e,"今晚的亦庄机器人马拉松测试

",,8169.0,1,69db331500000000350273cd,,55d2a04467bc6505d43a602f,比去年跑的快多了，去年跑残的都有[汗颜R],2026.04.12,北京,1.0,0.0,21,强势|观众,强势,观众,3,强势成功,115
69da7e87000000001a03484e,"今晚的亦庄机器人马拉松测试

",,8169.0,1,69db19a60000000014009af2,,5da9a2d00000000001005465,进步真的好大，之前没多久的比赛还都是摔倒的，现在健步如飞,2026.04.12,黑龙江,1.0,0.0,28,强势|观众,强势,观众,8,强势成功,115
69da7e87000000001a03484e,"今晚的亦庄机器人马拉松测试

",,8169.0,1,69db058c000000003500b0f9,,59ff1218e8ac2b6a86849c54,去年还是老弱病残 今年可成运动员了 厉害👍,2026.04.12,河南,1.0,0.0,21,强势|观众,强势,观众,6,强势成功,115
69da7e87000000001a03484e,"今晚的亦庄机器人马拉松测试

",,8169.0,1,69daf54e00000000010072c1,,5e378f200000000001000f06,比去年强多了，话说这个马拉松比赛跑多远啊,2026.04.12,江苏,1.0,0.0,20,强势|观众,强势,观众,4,强势成功,115
69e481e8000000002003ad94,"

",,,1,69e6fecd0000000014018820,,62d6acd90000000002003a8e,今年跑步，明年山地，后年负重,2026.04.21,河南,1.0,0.0,14,强势|服务者,强势,服务者,6,强势成功,115
69e48341000000001a02d0c4,"机器人马拉松，我们看乐了，西方人看破防了🤣

",3931.0,1022.0,1,69e4e9ea000000001401d843,,64ec67d4000000000100c23a,这是今年新的？去年还仿佛中风康复，今年就健步如飞了？医学奇迹啊[doge],2026.04.19,河北,1.0,0.0,37,强势|观众,强势,观众,9,强势成功,115
69da7e87000000001a03484e,"今晚的亦庄机器人马拉松测试

",,8169.0,2,69db08ab0000000035011ccd,69db08040000000035010092,61832a85000000001000fa45,明年铁人三项吧，别跑步了[满月R]我就记得去年跑歪的，点头的，跑到最后头掉了的。,2026.04.12,福建,1.0,,40,强势|观众,强势,观众,8,强势成功,115
69da7e87000000001a03484e,"今晚的亦庄机器人马拉松测试

",,8169.0,1,69db62100000000014008379,,607ac23d00000000010087de,进步挺多的，去年马拉松跑不了这样,2026.04.12,北京,0.0,0.0,16,强势|观众,强势,观众,5,强势成功,115
69da7e87000000001a03484e,"今晚的亦庄机器人马拉松测试

",,8169.0,1,69db3d52000000000d03c650,,64fbdc5900000000060328d7,去年还半身不遂呢，今年就健步如飞了[点赞R],2026.04.12,上海,0.0,0.0,22,强势|观众,强势,观众,4,强势成功,115
69da7e87000000001a03484e,"今晚的亦庄机器人马拉松测试

",,8169.0,1,69db18d8000000003501635f,,5fc12956000000000100bb75,去年还得扶着呢，今年健步如飞了,2026.04.12,吉林,0.0,0.0,15,强势|观众,强势,观众,3,强势成功,115
69da7e87000000001a03484e,"今晚的亦庄机器人马拉松测试

",,8169.0,1,69db105800000000350133c5,,5e6e5e3700000000010097ea,该说不说比上一次跑马拉松进步太多了,2026.04.12,陕西,0.0,0.0,17,强势|观众,强势,观众,6,强势成功,115
69da7e87000000001a03484e,"今晚的亦庄机器人马拉松测试

",,8169.0,1,69db03110000000035033a0a,,63877693000000001f014869,[呃R]上次半身不遂也就一年前吧。,2026.04.12,江苏,0.0,0.0,17,强势|观众,强势,观众,3,强势成功,115
69da7e87000000001a03484e,"今晚的亦庄机器人马拉松测试

",,8169.0,1,69db00a4000000003501d471,,5d15b6d30000000016003ebb,比起去年马拉松，又快又稳了[赞R],2026.04.12,湖南,0.0,0.0,17,强势|观众,强势,观众,4,强势成功,115
69da7e87000000001a03484e,"今晚的亦庄机器人马拉松测试

",,8169.0,1,69daf73c00000000350281f1,,56cd66e21c07df13fa3f157e,一年过了就变这样了好厉害，跑好快,2026.04.12,北京,0.0,0.0,16,强势|观众,强势,观众,3,强势成功,115
69da7e87000000001a03484e,"今晚的亦庄机器人马拉松测试

",,8169.0,1,69daf65b000000003502a4dd,,5e186e5d000000000100a6c7,短短一年，从之前的马拉松需要人跟，到现在跑得这么快[扶墙R][扶墙R],2026.04.12,广东,0.0,0.0,35,强势|观众,强势,观众,6,强势成功,115
69da7e87000000001a03484e,"今晚的亦庄机器人马拉松测试

",,8169.0,1,69daf633000000000c032109,,5c6402880000000012034e72,还记得去年跑着跑着都要摔[笑哭R],2026.04.12,四川,0.0,0.0,17,强势|观众,强势,观众,2,强势成功,115
69e481e8000000002003ad94,"

",,,1,69e5ac19000000001401a80f,,691743360000000037008e46,他是不是去了不该去的地方，为啥要做关键部位消杀。。。[笑哭R],2026.04.20,四川,11.0,5.0,31,强势|服务者,强势,服务者,5,强势成功,116
69e48b0b000000001a02578c,"北京马拉松机器人中暑了🥵

",3334.0,467.0,2,69ec73be000000002a026735,69ec4f2a000000002702bb17,68a8736000000000190107e9,后面是复杂的姿态控制运算,2026.04.25,湖南,9.0,,12,失败|服务者,失败,服务者,4,失败,116
69e5a09a000000002103ba03,"半马途中机器人即兴表演，越夸越上头

",711.0,83.0,2,69e5b9a0000000001401cc0f,69e5a19a000000001401bc20,5f5a5bdc0000000001005dcb,无论主动控制还是被动控制，这个运动能力已经上天了,2026.04.20,广东,5.0,,24,常态|观众,常态,观众,8,常态,116
69e481e8000000002003ad94,"

",,,2,69e666ae000000001401d409,69e66556000000001401c800,61f71bf6000000001000bb34,受限制，就像人坐上轮椅一样的道理！[吃瓜R],2026.04.21,北京,2.0,,22,强势|服务者,强势,服务者,6,强势成功,116
69da7e87000000001a03484e,"今晚的亦庄机器人马拉松测试

",,8169.0,1,69dad49d0000000035030a36,,668e4365000000000f037a96,万一失控跑出去不回家咋办,2026.04.12,河北,1.0,0.0,12,强势|观众,强势,观众,5,强势成功,116
69e481e8000000002003ad94,"

",,,1,69e6746d000000001401e401,,5a1a5b6e11be106cf2a1909c,这玩意儿失控了哪个人类能甩得掉,2026.04.21,北京,1.0,0.0,15,强势|服务者,强势,服务者,4,强势成功,116
69e481e8000000002003ad94,"

",,,1,69e6202b000000001401dc1b,,658e8546000000001f01261e,总有一天。你们会控制不了他们的。,2026.04.20,江苏,1.0,0.0,16,强势|服务者,强势,服务者,2,强势成功,116
69e481e8000000002003ad94,"

",,,1,69e4a8cf000000001401a001,,5da4ad7d000000000100bf8c,控制的那个人要跟着一起跑啊[捂脸R],2026.04.19,山东,1.0,0.0,18,强势|服务者,强势,服务者,4,强势成功,116
69e44fbf000000001e00cc6a,"程序员：也没说搞科研还需要体力啊！

",136.0,12.0,1,69e5aae9000000001401c41d,,5ce64059000000001103651b,有没有可能失控停不下来了[doge],2026.04.20,上海,1.0,2.0,18,强势|服务者,强势,服务者,3,强势成功,116
69e447d2000000001d01aa01,"当算法有了腿，程序员万万没想到……

",,2912.0,1,69e4a6c60000000014019c0e,,60e1744d00000000010093df,不受控制了[大笑R][大笑R],2026.04.19,广东,1.0,0.0,15,强势|服务者,强势,服务者,2,强势成功,116
69e447d2000000001d01aa01,"当算法有了腿，程序员万万没想到……

",,2912.0,2,69e541e90000000014019801,69e45575000000001401e004,5e8d83a50000000001009d76,应该是突发事件，所以还是离远些吧，谁知道失控会做什么,2026.04.20,河北,1.0,,26,强势|服务者,强势,服务者,4,强势成功,116
69da7e87000000001a03484e,"今晚的亦庄机器人马拉松测试

",,8169.0,1,69db0fce000000000c03121c,,5b97b0cadf01ff00011cbd48,控制这么协调太强了,2026.04.12,北京,0.0,0.0,9,强势|观众,强势,观众,3,强势成功,116
69da7e87000000001a03484e,"今晚的亦庄机器人马拉松测试

",,8169.0,1,69dafb1d000000001500493a,,621d4c6a0000000021029cdb,跑这样会不会自主避让?,2026.04.12,北京,0.0,0.0,11,强势|观众,强势,观众,3,强势成功,116
69da7e87000000001a03484e,"今晚的亦庄机器人马拉松测试

",,8169.0,1,69daf1150000000015003490,,5862d86950c4b47745a15a5f,失控会不停地追着主人打吗？跑不过它,2026.04.12,美国,0.0,0.0,17,强势|观众,强势,观众,4,强势成功,116
69e42cc100000000220001ad,"机器人马拉松倒数第一名，萌翻了🤣🤣🤣

",,8501.0,1,69e4fba1000000001401dc00,,5f50f318000000000101d4e7,人控制了吗？,2026.04.19,四川,0.0,1.0,6,弱势|观众,弱势,观众,2,弱势,116
69e47f8f000000001f007203,"2026年机器人马拉松状态，五年后再看🤣

",,5834.0,1,69e5d9db000000001401a811,,5bd1dc45b1315c0001ce2212,还不是要人操控,2026.04.20,福建,0.0,0.0,7,混合|观众,混合,观众,2,,116
69e47f8f000000001f007203,"2026年机器人马拉松状态，五年后再看🤣

",,5834.0,1,69e5a059000000001401cc0e,,5a4449814eacab435d7a3875,还需要人操控吗,2026.04.20,重庆,0.0,0.0,7,混合|观众,混合,观众,3,,116
69e47f8f000000001f007203,"2026年机器人马拉松状态，五年后再看🤣

",,5834.0,1,69e56d8e000000001401ac00,,59955f3682ec3976e68fbf61,都是要人控制的,2026.04.20,江西,0.0,0.0,7,混合|观众,混合,观众,2,,116
69e481e8000000002003ad94,"

",,,1,69e49a11000000001401e408,,68da246d00000000220260b8,操控的人跟不上咋办,2026.04.19,吉林,0.0,0.0,9,强势|服务者,强势,服务者,4,强势成功,116
69e481e8000000002003ad94,"

",,,1,69eb51a000000000280397e1,,672312db000000001c01aed2,别弄得控制不了,2026.04.24,内蒙古,0.0,0.0,7,强势|服务者,强势,服务者,2,强势成功,116
69e481e8000000002003ad94,"

",,,1,69e79742000000001401cc2f,,5dde7fac000000000100be95,控制的人也要跟着跑？？,2026.04.21,江苏,0.0,0.0,11,强势|服务者,强势,服务者,3,强势成功,116
69e481e8000000002003ad94,"

",,,1,69e77473000000001401a02d,,5c1cf4a10000000005038ed9,控制的人在后面跟着跑[笑哭R],2026.04.21,广东,0.0,0.0,15,强势|服务者,强势,服务者,4,强势成功,116
69e481e8000000002003ad94,"

",,,1,69e6fccf000000001401e818,,61f52d97000000001000776c,不懂就问，ta跑的时候需要人控制吗（人也要跟着跑？）,2026.04.21,广东,0.0,0.0,26,强势|服务者,强势,服务者,6,强势成功,116
69e481e8000000002003ad94,"

",,,1,69e6d6f2000000001401e816,,68c0aedc0000000019034ce3,⚽️把人控制的[捂脸R],2026.04.21,山西,0.0,0.0,12,强势|服务者,强势,服务者,2,强势成功,116
69e481e8000000002003ad94,"

",,,1,69e64aa9000000001401e802,,5e243d4a0000000001005c48,我靠，这也太牛逼了。这个控制，在两年之前根本不敢想,2026.04.20,北京,0.0,0.0,25,强势|服务者,强势,服务者,5,强势成功,116
69e481e8000000002003ad94,"

",,,1,69e5eefc000000001401cc00,,5fc2f6e9000000000100afc8,控制的人没力气追不上了怎么半,2026.04.20,福建,0.0,0.0,14,强势|服务者,强势,服务者,4,强势成功,116
69e481e8000000002003ad94,"

",,,1,69e5634c0000000014019402,,689c3bbe000000001903cc48,还要有个人控制着[笑哭了R][笑哭了R],2026.04.20,北京,0.0,0.0,20,强势|服务者,强势,服务者,3,强势成功,116
69e481e8000000002003ad94,"

",,,1,69e4a7f3000000001401a430,,5970255a6a6a694ba1c79afd,我觉得好可怕，失控了会不会一拳把人打死啊,2026.04.19,浙江,0.0,1.0,20,强势|服务者,强势,服务者,5,强势成功,116
69e481e8000000002003ad94,"

",,,1,69e4a15c000000001401d847,,6234c61d000000001000f4ae,以后不受控制了怎办？,2026.04.19,北京,0.0,0.0,10,强势|服务者,强势,服务者,3,强势成功,116
69e481e8000000002003ad94,"

",,,1,69e4a0ef000000001401d819,,5c9aca6c0000000018030266,拿控制器的哥们也要一直跟着跑吗[捂脸R],2026.04.19,江苏,0.0,0.0,20,强势|服务者,强势,服务者,4,强势成功,116
69e40352000000002102fc75,"机器人马拉松现场第一视角看全部队伍

",,1160.0,1,69e432f9000000001401c02d,,565f01b982718c6ba5aeffc4,净整点没用的,2026.04.19,上海,73.0,17.0,6,常态|服务者,常态,服务者,2,常态,117
69db34bb000000001a0348ae,"机器人抢救现场

",4896.0,1198.0,2,69e49600000000001401881d,69e48f1d0000000014019819,5e26bc0800000000010025ac,到底发明出来什么东西了这素,2026.04.19,辽宁,8.0,,13,失败|抢救者,失败,抢救者,4,失败,117
69e481e8000000002003ad94,"

",,,1,69e644ed000000001401a009,,5ff5ba8f000000000101d95b,这东西真没有用 一碰就倒 能干啥,2026.04.20,天津,7.0,13.0,16,强势|服务者,强势,服务者,3,强势成功,117
69e481e8000000002003ad94,"

",,,1,69e493ff000000001401941a,,613c2faf00000000020222fb,这玩意没有一点实用性,2026.04.19,爱尔兰,6.0,12.0,10,强势|服务者,强势,服务者,3,强势成功,117
69e46730000000001d0199c8,"

",,761.0,2,69e74d87000000001401e409,69e748fd0000000014019805,618913df000000001000fe3e,不能要求别人“有用”,2026.04.21,重庆,5.0,,10,强势|观众,强势,观众,3,强势成功,117
69e481e8000000002003ad94,"

",,,1,69e700a5000000001401bc24,,5ac8dcede8ac2b6f0ed06c58,搞不懂！研究这玩意儿有啥用？,2026.04.21,中国香港,2.0,11.0,14,强势|服务者,强势,服务者,3,强势成功,117
69e43b14000000001a02e095,"好萌的小黑仔跑马拉松

",,2760.0,1,69e47024000000001401a003,,6159d91f000000000201db99,成天搞这些玩意是为了啥啊,2026.04.19,甘肃,2.0,0.0,12,弱势|服务者,弱势,服务者,4,弱势,117
69e46730000000001d0199c8,"

",,761.0,2,69ea949e000000001401a402,69e748fd0000000014019805,66d3a377000000001d032c1a,有没有用不谈但这个得会,2026.04.24,云南,2.0,,11,强势|观众,强势,观众,3,强势成功,117
69e48b0b000000001a02578c,"北京马拉松机器人中暑了🥵

",3334.0,467.0,1,69eaf39c000000001401a815,,670958f0000000001d033198,这东西鸡毛用？,2026.04.24,内蒙古,1.0,0.0,7,失败|服务者,失败,服务者,2,失败,117
69db34bb000000001a0348ae,"机器人抢救现场

",4896.0,1198.0,2,69dca4e9000000000c033e6a,69dca37d000000003500b00e,5a86a8fb4eacab5bbd825026,我感觉木有这个必要了吧,2026.04.13,广东,1.0,,11,失败|抢救者,失败,抢救者,2,失败,117
69e2583b00000000230211ea,"

",,2406.0,1,69e88d24000000001401e407,,6167f2bd000000000201fe4f,什么垃圾玩意,2026.04.22,浙江,0.0,0.0,6,失败|抢救者,失败,抢救者,2,失败,117
69da7e87000000001a03484e,"今晚的亦庄机器人马拉松测试

",,8169.0,1,69db90f100000000010054d5,,5af3ee51e8ac2b3fa1a88625,无用的设计,2026.04.12,浙江,0.0,0.0,5,强势|观众,强势,观众,2,强势成功,117
69da7e87000000001a03484e,"今晚的亦庄机器人马拉松测试

",,8169.0,1,69db6449000000003502ebe4,,6505b84c000000001603856c,这玩意能有啥实际用途呢,2026.04.12,辽宁,0.0,0.0,11,强势|观众,强势,观众,3,强势成功,117
69da7e87000000001a03484e,"今晚的亦庄机器人马拉松测试

",,8169.0,1,69daff64000000003502db37,,656463f7000000000202b493,我一直不知道它们要头干嘛？有没啥用,2026.04.12,河南,0.0,0.0,17,强势|观众,强势,观众,4,强势成功,117
69da7e87000000001a03484e,"今晚的亦庄机器人马拉松测试

",,8169.0,1,69db28eb0000000001006838,,6414fd8700000000110236d6,有个毛用,2026.04.12,上海,0.0,0.0,4,强势|观众,强势,观众,2,强势成功,117
69da7e87000000001a03484e,"今晚的亦庄机器人马拉松测试

",,8169.0,1,69db12a6000000001500b45b,,62961fc20000000021026067,有个卵用,2026.04.12,北京,0.0,0.0,4,强势|观众,强势,观众,2,强势成功,117
69e42cc100000000220001ad,"机器人马拉松倒数第一名，萌翻了🤣🤣🤣

",,8501.0,1,69e6fdba000000001401d805,,653b6799000000000d00576f,这小鼻屎能用来干嘛,2026.04.21,上海,0.0,1.0,9,弱势|观众,弱势,观众,4,弱势,117
69e47f8f000000001f007203,"2026年机器人马拉松状态，五年后再看🤣

",,5834.0,1,69e583db000000001401bc00,,653467f6000000000d004529,研究这个是用来干嘛的,2026.04.20,湖南,0.0,3.0,10,混合|观众,混合,观众,3,,117
69e47f8f000000001f007203,"2026年机器人马拉松状态，五年后再看🤣

",,5834.0,1,69e844d30000000014019808,,5bb3192904ddb600015ca189,没用的东西弄那么多出来,2026.04.22,广东,0.0,0.0,11,混合|观众,混合,观众,2,,117
69e47f8f000000001f007203,"2026年机器人马拉松状态，五年后再看🤣

",,5834.0,1,69e586eb000000001401e418,,5482a272d6e4a95743827601,穿那么花里胡哨是干嘛！,2026.04.20,上海,0.0,0.0,11,混合|观众,混合,观众,2,,117
69e47f8f000000001f007203,"2026年机器人马拉松状态，五年后再看🤣

",,5834.0,1,69e59918000000001401c408,,5e3e539000000000010030e0,天天研究这破玩意到底是要干啥,2026.04.20,山东,0.0,0.0,14,混合|观众,混合,观众,5,,117
69e481e8000000002003ad94,"

",,,1,69e6fe06000000001401c42d,,639cee810000000026006c68,这玩意儿造出来又有什么用？,2026.04.21,江苏,0.0,0.0,13,强势|服务者,强势,服务者,2,强势成功,117
69e481e8000000002003ad94,"

",,,1,69e6e028000000001401d408,,686c8414000000001b0234e7,这这玩意想干嘛,2026.04.21,广西,0.0,0.0,7,强势|服务者,强势,服务者,2,强势成功,117
69e481e8000000002003ad94,"

",,,1,69e6c41d000000001401c41b,,618735ea0000000010006d68,发明这个东西干嘛呀？,2026.04.21,广东,0.0,0.0,10,强势|服务者,强势,服务者,3,强势成功,117
69e481e8000000002003ad94,"

",,,1,69e6bc3d000000001401b807,,6158322a0000000002019be6,玩玩而已，没有任何实质性价值和用途！,2026.04.21,上海,0.0,0.0,18,强势|服务者,强势,服务者,6,强势成功,117
69e481e8000000002003ad94,"

",,,1,69e68c5c0000000014019805,,64be73d4000000001403f6d4,净研究些没用的,2026.04.21,广东,0.0,0.0,7,强势|服务者,强势,服务者,2,强势成功,117
69e481e8000000002003ad94,"

",,,1,69e60ac7000000001401e009,,696310ba000000001e015440,还是没用的东西,2026.04.20,广东,0.0,0.0,7,强势|服务者,强势,服务者,2,强势成功,117
69e481e8000000002003ad94,"

",,,1,69e59870000000001401c405,,63ca9a580000000026010d56,专搞些没有用的东西,2026.04.20,广东,0.0,0.0,9,强势|服务者,强势,服务者,2,强势成功,117
69e481e8000000002003ad94,"

",,,1,69e57248000000001401c410,,603638ab000000000101e078,老开发些没用的功能,2026.04.20,河南,0.0,0.0,9,强势|服务者,强势,服务者,3,强势成功,117
69e481e8000000002003ad94,"

",,,1,69e56ec1000000001401a810,,5834edfa6a6a69516ea787d8,能指望这玩意干什用呢？,2026.04.20,天津,0.0,0.0,11,强势|服务者,强势,服务者,3,强势成功,117
69da7e87000000001a03484e,"今晚的亦庄机器人马拉松测试

",,8169.0,1,69dae8ed000000003502f6f3,,5e57e0c30000000001003bbe,看这姿势是八步赶蝉吗[偷笑R][偷笑R],2026.04.12,山东,3.0,0.0,20,强势|观众,强势,观众,3,强势成功,118
69da7e87000000001a03484e,"今晚的亦庄机器人马拉松测试

",,8169.0,1,69db4086000000003103180f,,62f39723000000001f006f83,八步赶蝉的终极应用居然在机器人身上。。。,2026.04.12,云南,2.0,0.0,20,强势|观众,强势,观众,7,强势成功,118
69da7e87000000001a03484e,"今晚的亦庄机器人马拉松测试

",,8169.0,1,69daf30300000000350157e1,,6841a1b3000000001e002c04,他都学会八步赶蝉啦？！！[捂脸R][笑哭R],2026.04.12,北京,2.0,0.0,22,强势|观众,强势,观众,3,强势成功,118
69da7e87000000001a03484e,"今晚的亦庄机器人马拉松测试

",,8169.0,1,69db535b0000000035033841,,5b1a8de84eacab650a52142b,还是八步赶蝉 老祖宗的智慧,2026.04.12,北京,1.0,0.0,13,强势|观众,强势,观众,4,强势成功,118
69da7e87000000001a03484e,"今晚的亦庄机器人马拉松测试

",,8169.0,1,69dacdc8000000001500a522,,575199a65e87e77e47bb0e45,来个八步赶蝉[偷笑R],2026.04.12,上海,1.0,0.0,11,强势|观众,强势,观众,3,强势成功,118
69e46730000000001d0199c8,"

",,761.0,1,69e4fd160000000014019c11,,5e5bd5d100000000010095cb,下次机器人半马会不会出现八步赶蝉[doge],2026.04.20,北京,1.0,0.0,22,强势|观众,强势,观众,6,强势成功,118
69da7e87000000001a03484e,"今晚的亦庄机器人马拉松测试

",,8169.0,2,69daf9370000000035031c42,69dac8d7000000000c0319f8,5f41cfe5000000000101fd68,那是八步赶蝉[doge],2026.04.12,河北,1.0,,12,强势|观众,强势,观众,2,强势成功,118
69da7e87000000001a03484e,"今晚的亦庄机器人马拉松测试

",,8169.0,1,69dba8c5000000000c032304,,59199fc86a6a696b072e588a,最后一个是八步赶蝉吗[doge],2026.04.12,辽宁,0.0,0.0,16,强势|观众,强势,观众,3,强势成功,118
69da7e87000000001a03484e,"今晚的亦庄机器人马拉松测试

",,8169.0,1,69dba29a000000003501e134,,60a2768e0000000001004aa2,八步赶蝉步法[大笑R][大笑R][大笑R],2026.04.12,广西,0.0,0.0,21,强势|观众,强势,观众,3,强势成功,118
69da7e87000000001a03484e,"今晚的亦庄机器人马拉松测试

",,8169.0,1,69db8386000000003501b8e0,,5e4d2faa00000000010056ee,八步赶蝉,2026.04.12,湖南,0.0,0.0,4,强势|观众,强势,观众,2,强势成功,118
69da7e87000000001a03484e,"今晚的亦庄机器人马拉松测试

",,8169.0,1,69db6138000000003503066a,,5482c069d6e4a96b151316ee,这不八步赶蝉么,2026.04.12,北京,0.0,0.0,7,强势|观众,强势,观众,2,强势成功,118
69da7e87000000001a03484e,"今晚的亦庄机器人马拉松测试

",,8169.0,1,69db61100000000002034514,,556493fef5a2630f386bcd82,用八步赶蝉跑啊,2026.04.12,山东,0.0,0.0,7,强势|观众,强势,观众,2,强势成功,118
69da7e87000000001a03484e,"今晚的亦庄机器人马拉松测试

",,8169.0,1,69db5e250000000016017ab6,,6097cd2f000000000101c3f8,像极了我小时候的蹦跶[笑哭R]蝉单步吗？,2026.04.12,广东,0.0,0.0,20,强势|观众,强势,观众,3,强势成功,118
69da7e87000000001a03484e,"今晚的亦庄机器人马拉松测试

",,8169.0,1,69db52000000000035012cb1,,5f5cbd86000000000100338a,完了，学会八步赶蝉了[偷笑R],2026.04.12,山东,0.0,0.0,15,强势|观众,强势,观众,3,强势成功,118
69da7e87000000001a03484e,"今晚的亦庄机器人马拉松测试

",,8169.0,1,69db46ee00000000140096ea,,5c4c4078000000001001dcbb,还会八步赶蝉,2026.04.12,江苏,0.0,0.0,6,强势|观众,强势,观众,3,强势成功,118
69da7e87000000001a03484e,"今晚的亦庄机器人马拉松测试

",,8169.0,1,69db4412000000003502b8bd,,69849336000000001d019624,这和八步赶蝉很相似啊，底盘超低,2026.04.12,北京,0.0,0.0,15,强势|观众,强势,观众,5,强势成功,118
69da7e87000000001a03484e,"今晚的亦庄机器人马拉松测试

",,8169.0,1,69db37a6000000000202945d,,5e01c832000000000100a11e,什么时候教机器人八步赶蝉[doge][doge],2026.04.12,广东,0.0,0.0,24,强势|观众,强势,观众,3,强势成功,118
69da7e87000000001a03484e,"今晚的亦庄机器人马拉松测试

",,8169.0,1,69db30ed000000000d035c41,,59ccd91ab1da1476a8a4b229,八步赶蝉吗？哈哈哈。中国机器人都练舞了,2026.04.12,天津,0.0,0.0,19,强势|观众,强势,观众,5,强势成功,118
69da7e87000000001a03484e,"今晚的亦庄机器人马拉松测试

",,8169.0,1,69db2bdd000000003500f59d,,56690b9682718c7305094d0c,八步赶蝉？！[汗颜R][汗颜R][汗颜R],2026.04.12,河北,0.0,0.0,21,强势|观众,强势,观众,2,强势成功,118
69da7e87000000001a03484e,"今晚的亦庄机器人马拉松测试

",,8169.0,1,69db27580000000014008391,,6481cb49000000001100098d,去年还摔着跑，今年已经八步赶蝉了,2026.04.12,北京,0.0,0.0,16,强势|观众,强势,观众,4,强势成功,118
69da7e87000000001a03484e,"今晚的亦庄机器人马拉松测试

",,8169.0,1,69db2727000000001500a47e,,6481cb49000000001100098d,八步赶蝉都学会了,2026.04.12,北京,0.0,0.0,8,强势|观众,强势,观众,3,强势成功,118
69da7e87000000001a03484e,"今晚的亦庄机器人马拉松测试

",,8169.0,1,69db26cc0000000002036b27,,61345299000000001f0365b6,八步赶蚕[doge],2026.04.12,福建,0.0,0.0,10,强势|观众,强势,观众,2,强势成功,118
69da7e87000000001a03484e,"今晚的亦庄机器人马拉松测试

",,8169.0,1,69db21ea00000000350228f1,,5c7c8465000000001003e464,八步赶蝉法呢？[斜眼R][斜眼R],2026.04.12,广东,0.0,0.0,17,强势|观众,强势,观众,2,强势成功,118
69da7e87000000001a03484e,"今晚的亦庄机器人马拉松测试

",,8169.0,1,69db215e000000000202add5,,6639901c00000000030326a5,让它试试八步赶蝉,2026.04.12,新疆,0.0,0.0,8,强势|观众,强势,观众,3,强势成功,118
69da7e87000000001a03484e,"今晚的亦庄机器人马拉松测试

",,8169.0,1,69db1f36000000000103f8e1,,6051f68a0000000001003082,八步赶蝉即视感,2026.04.12,印度尼西亚,0.0,0.0,7,强势|观众,强势,观众,3,强势成功,118
69da7e87000000001a03484e,"今晚的亦庄机器人马拉松测试

",,8169.0,1,69db1e280000000035024f0c,,573345be82ec3944557294fe,都用的八步赶蝉，看来是最经济[点赞R],2026.04.12,北京,0.0,0.0,19,强势|观众,强势,观众,4,强势成功,118
69da7e87000000001a03484e,"今晚的亦庄机器人马拉松测试

",,8169.0,1,69db1d44000000003502e3c1,,5b8569cbcfae550001081748,这是八步赶蝉跑法吗？[偷笑R],2026.04.12,河北,0.0,0.0,15,强势|观众,强势,观众,2,强势成功,118
69da7e87000000001a03484e,"今晚的亦庄机器人马拉松测试

",,8169.0,1,69db17cb0000000035033941,,55754854a75c95509fdcf6c3,怎么不用八步赶蝉算法[派对R],2026.04.12,广东,0.0,0.0,15,强势|观众,强势,观众,4,强势成功,118
69da7e87000000001a03484e,"今晚的亦庄机器人马拉松测试

",,8169.0,1,69db110f0000000015002fa6,,60842bcc0000000001006058,这是开了八步赶蝉的功能。[偷笑R][偷笑R],2026.04.12,湖北,0.0,0.0,22,强势|观众,强势,观众,3,强势成功,118
69da7e87000000001a03484e,"今晚的亦庄机器人马拉松测试

",,8169.0,1,69db107b000000000d03c389,,67206385000000001c01b83d,八步赶蝉？？？？？？？？,2026.04.12,江苏,0.0,0.0,12,强势|观众,强势,观众,2,强势成功,118
69e4551e000000001f005895,"荣耀机器人赢麻了🤖我觉得它表情在嘲讽我

",,816.0,2,69e4926b000000001401b822,69e490dd000000001401e423,5b2519aae8ac2b3cac86e6fb,人给观众跳舞去了[嘻嘻R]盛情难却,2026.04.19,山东,601.0,,17,强势|被超越者,强势,被超越者,4,强势成功,119
69e429b4000000001b00037a,"张杰演唱会机器人来参加半马了？？

",,2026.0,2,69e447cf000000001401d41b,69e43784000000001401ac1c,5cd4ce4e000000001103e00d,“进入舞蹈模式”哈哈哈哈哈哈,2026.04.19,北京,162.0,,14,常态|观众,常态,观众,3,常态,119
69e47f8f000000001f007203,"2026年机器人马拉松状态，五年后再看🤣

",,5834.0,2,69e5c062000000001401b806,69e5ab44000000001401b81b,606c765c000000000101eb71,就是它，跑着跑着给观众来了段街舞，跳完了准备走呢，观众说再来一个，于是～他又打了一套功夫，再于是冠军就没着落了！,2026.04.20,重庆,46.0,,56,混合|观众,混合,观众,11,,119
69e45dbe000000001f00434f,"机器人跑马拉松超越人类？

",4650.0,773.0,2,69e5c2490000000014013002,69e5baa2000000001401a80b,5a9ab361e8ac2b6e8eda1c8b,我看到个视频，路人跟他们打招呼，他们也跟路人打招呼，路人让表演节目，他们就停下来表演节目，对话毫无障碍，笑死,2026.04.20,浙江,27.0,,54,强势|观众,强势,观众,14,强势成功,119
69e59e520000000022027a90,"花田里犯了错|机器人马拉松正赛搞笑赏析

",,2593.0,1,69e6d2cf000000001401a416,,590f01d650c4b43ef1f8c6b6,我还刷到一个穿着衣服半路跳舞的 跳的还挺好的[偷笑R],2026.04.21,山东,5.0,3.0,27,弱势|观众,弱势,观众,4,弱势,119
69e47f8f000000001f007203,"2026年机器人马拉松状态，五年后再看🤣

",,5834.0,1,69e5b6cc000000001401a803,,620625d8000000002102ae24,084那个[笑哭R][笑哭R]我看到他跟路人搭讪，还跳舞[笑哭R][笑哭R],2026.04.20,江苏,4.0,1.0,38,混合|观众,混合,观众,4,,119
69e47f8f000000001f007203,"2026年机器人马拉松状态，五年后再看🤣

",,5834.0,1,69e8426c0000000014019806,,5e190293000000000100524d,84号是混娱乐圈的，要的是流量和出镜率 哈哈哈哈,2026.04.22,山东,2.0,0.0,24,混合|观众,混合,观众,4,,119
69e47f8f000000001f007203,"2026年机器人马拉松状态，五年后再看🤣

",,5834.0,1,69e6a7970000000014019001,,65e8765e0000000005008851,84号会武术，别惹他，别看他那损出儿,2026.04.21,河北,1.0,0.0,18,混合|观众,混合,观众,6,,119
69e44171000000001a026b25,"机器人马拉松比赛摔倒丝滑起身帅炸了🔥🔥

",9971.0,613.0,1,69e46388000000001401a005,,5a9cb43e4eacab7dc6ed1e59,这是练街舞的朋友嘛,2026.04.19,上海,1.0,0.0,9,混合|观众,混合,观众,2,,119
69e59e520000000022027a90,"花田里犯了错|机器人马拉松正赛搞笑赏析

",,2593.0,1,69e64457000000001401a80a,,66cabb3e000000000d024002,为什么没讲讲半路跳舞那个呢[偷笑R],2026.04.20,山东,1.0,0.0,18,弱势|观众,弱势,观众,4,弱势,119
69e429b4000000001b00037a,"张杰演唱会机器人来参加半马了？？

",,2026.0,1,69e45f75000000001401d82f,,61aee96a000000001000b2d2,随地大小舞[笑哭R],2026.04.19,江西,1.0,0.0,10,常态|观众,常态,观众,2,常态,119
69db34bb000000001a0348ae,"机器人抢救现场

",4896.0,1198.0,2,69e4c6dd000000001401d426,69dcaa8f00000000350162c0,694c1504000000003702993f,是你只知道他会跳舞[捂脸R],2026.04.19,广东,1.0,,14,失败|抢救者,失败,抢救者,3,失败,119
69e4412a000000002103883f,"荣耀闪电队-齐天大圣夺冠！

",3517.0,445.0,2,69e63a1b000000001401bc14,69e46f1e000000001401c819,65990dbe000000001f0105d2,74号，华电的。,2026.04.20,北京,1.0,,8,强势|观众,强势,观众,2,强势成功,119
69e429b4000000001b00037a,"张杰演唱会机器人来参加半马了？？

",,2026.0,2,69e4964c000000001401e824,69e480b2000000001401c02a,5bf9024b969bbf0001c4de41,哈哈哈 84号在表演杂技，72号在看热闹鼓掌，混娱乐圈的到底松弛,2026.04.19,江苏,1.0,,32,常态|观众,常态,观众,9,常态,119
69e47f8f000000001f007203,"2026年机器人马拉松状态，五年后再看🤣

",,5834.0,1,69e772c60000000014018806,,617ac24a0000000002020734,零八四号这个好像陈赫,2026.04.21,浙江,0.0,0.0,10,混合|观众,混合,观众,4,,119
69e47f8f000000001f007203,"2026年机器人马拉松状态，五年后再看🤣

",,5834.0,1,69e6f59c000000001401c826,,587863e35e87e730e2510a2d,昨天还刷到84号给旁边的观众跳了几段舞呢,2026.04.21,浙江,0.0,0.0,20,混合|观众,混合,观众,5,,119
69e47f8f000000001f007203,"2026年机器人马拉松状态，五年后再看🤣

",,5834.0,1,69e6d31d000000001401d40a,,5b17149de8ac2b4dd518e4e0,听说084会突然半路饭撒[偷笑R][偷笑R],2026.04.21,广西,0.0,0.0,22,混合|观众,混合,观众,4,,119
69e47f8f000000001f007203,"2026年机器人马拉松状态，五年后再看🤣

",,5834.0,1,69e6ccb8000000001401cc06,,62f7b67d000000001f017fe8,有一个慢慢吞吞前一个视频看到它在跳街舞,2026.04.21,浙江,0.0,0.0,19,混合|观众,混合,观众,3,,119
69e47f8f000000001f007203,"2026年机器人马拉松状态，五年后再看🤣

",,5834.0,1,69e61131000000001401d427,,5ab2355b11be105863481c46,可是 084 会跳舞，给我迷坏了[哭惹R],2026.04.20,上海,0.0,0.0,21,混合|观众,混合,观众,4,,119
69e47f8f000000001f007203,"2026年机器人马拉松状态，五年后再看🤣

",,5834.0,1,69e59a96000000001401980b,,541e4572b4c4d6311317dcf0,084半路跳街舞,2026.04.20,浙江,0.0,0.0,8,混合|观众,混合,观众,3,,119
69e47f8f000000001f007203,"2026年机器人马拉松状态，五年后再看🤣

",,5834.0,1,69e57cdf000000001401cc14,,5b9f36628c2660000189bdce,昨晚刷到杰伦跳舞啊哈哈哈哈哈哈哈[笑哭R],2026.04.20,广西,0.0,0.0,21,混合|观众,混合,观众,4,,119
69e47f8f000000001f007203,"2026年机器人马拉松状态，五年后再看🤣

",,5834.0,1,69e57705000000001401b80b,,65119592000000002402cf4b,084在逛街,2026.04.20,广东,0.0,0.0,6,混合|观众,混合,观众,2,,119
69e481e8000000002003ad94,"

",,,1,69e4a23b000000001401980d,,5678f3870bf90c4d2570c6c0,不懂意义的还是刷抖音看跳舞去吧[偷笑R][偷笑R][偷笑R],2026.04.19,江苏,0.0,0.0,30,强势|服务者,强势,服务者,3,强势成功,119
69e48341000000001a02d0c4,"机器人马拉松，我们看乐了，西方人看破防了🤣

",3931.0,1022.0,1,69e59ce2000000001401a80f,,5b76c46c86002d0001799e25,084号，你不好好跑步，跳起舞来了[笑哭R],2026.04.20,广东,0.0,0.0,22,强势|观众,强势,观众,4,强势成功,119
69e48341000000001a02d0c4,"机器人马拉松，我们看乐了，西方人看破防了🤣

",3931.0,1022.0,1,69e4baae000000001401a426,,59bfd511b1da14303f5ca8fd,084号，请抓注重点[偷笑R],2026.04.19,北京,0.0,0.0,15,强势|观众,强势,观众,2,强势成功,119
69e48341000000001a02d0c4,"机器人马拉松，我们看乐了，西方人看破防了🤣

",3931.0,1022.0,1,69e4aa67000000001401d40f,,56613385a40e181465982493,跳舞这个跳的真好，快去解放塔沟武校的孩子们,2026.04.19,河南,0.0,0.0,21,强势|观众,强势,观众,7,强势成功,119
69e59e520000000022027a90,"花田里犯了错|机器人马拉松正赛搞笑赏析

",,2593.0,1,69e84777000000001401e410,,5b8e2a779893db00013fda50,哈哈哈 这个跳水和罗哥一样,2026.04.22,浙江,0.0,0.0,13,弱势|观众,弱势,观众,3,弱势,119
69e59e520000000022027a90,"花田里犯了错|机器人马拉松正赛搞笑赏析

",,2593.0,1,69e705cb000000001401bc1a,,625f8ab9000000001000960c,社牛跳舞那个呢[偷笑R],2026.04.21,四川,0.0,0.0,12,弱势|观众,弱势,观众,2,弱势,119
69e59e520000000022027a90,"花田里犯了错|机器人马拉松正赛搞笑赏析

",,2593.0,1,69e61db0000000001401c448,,5b13e9ed11be104da78bd3de,[笑哭R]还有个在路上跳起街舞的,2026.04.20,内蒙古,0.0,0.0,16,弱势|观众,弱势,观众,3,弱势,119
69e429b4000000001b00037a,"张杰演唱会机器人来参加半马了？？

",,2026.0,1,69e45db8000000001401a019,,69842944000000002102d9f2,跳舞还自带音响,2026.04.19,上海,0.0,0.0,7,常态|观众,常态,观众,3,常态,119
69e447d2000000001d01aa01,"当算法有了腿，程序员万万没想到……

",,2912.0,2,69e46760000000001401d835,69e4636b0000000014018824,65c0d972000000000d03fe70,这就是一个公开的、实景路况测试，也是一个机器人企业“功夫”是否到家、软件硬件是否耐造以及数据采集的机会，行不行，拉出来溜溜，让所有企业有机会实打实的与同行较量比较，争取下次更好，有助于国产机器人的加速进步，,2026.04.19,江苏,100.0,,103,强势|服务者,强势,服务者,34,强势成功,120
69e463df000000001b003017,"

",3270.0,219.0,2,69e4f759000000001401bc11,69e4f0db000000002b002b1e,67870daf0000000008019ed5,其实稳定性、耐久性、灵活性等基础打好，智能化、AI等加进去真的不难，今年的人形机器人跟去年相比进步太多了,2026.04.19,广东,92.0,,52,强势|服务者,强势,服务者,17,强势成功,120
69e447d2000000001d01aa01,"当算法有了腿，程序员万万没想到……

",,2912.0,2,69e4664e000000001401a007,69e4636b0000000014018824,6334b8d1000000001802be7c,主要是测试以后机器人在实际场景肢体协调度灵活度吧，比如以后养老机器人，家政机器人那种实用性机器人，肢体需要很灵活吧，做家务啊陪护老人啊带小孩啊拿外卖取快递啊遛狗啊之类的[doge],2026.04.19,浙江,71.0,,90,强势|服务者,强势,服务者,27,强势成功,120
69e43b14000000001a02e095,"好萌的小黑仔跑马拉松

",,2760.0,2,69e466e8000000001401e820,69e4668d0000000014019022,603a5a45000000000100a2ef,看似是比赛，其实是对各大厂商的机器人耐久测试，是商战，也是向品质更好的机器人未来去前进,2026.04.19,浙江,55.0,,43,弱势|服务者,弱势,服务者,14,弱势,120
69e47f8f000000001f007203,"2026年机器人马拉松状态，五年后再看🤣

",,5834.0,2,69e5953a000000001401a018,69e586020000000014019401,66b45723000000001d0304d5,检测机器人 大动作协调性+检测长时间运作会出现的问题，大动作协调之后就搞精细动作了，以后打仗不用人上，全是机器人扛炮打，,2026.04.20,山东,53.0,,60,混合|观众,混合,观众,19,,120
69e447d2000000001d01aa01,"当算法有了腿，程序员万万没想到……

",,2912.0,2,69e4679d0000000014019c20,69e4636b0000000014018824,5b6060a66b58b74dc2b576fb,长距离剧烈的颠簸能测试硬件软件承受的极限，一个能长时间，高强度，自动化进行复杂关节运动的机器人能用来干太多事了,2026.04.19,湖南,43.0,,55,强势|服务者,强势,服务者,18,强势成功,120
69e481e8000000002003ad94,"

",,,2,69e57afe000000001401ac0a,69e571d9000000001401c009,5fc9ec0e0000000001002330,我个人认为，这是对机器人的耐久测试，长时间高功率输出,2026.04.20,江苏,16.0,,26,强势|服务者,强势,服务者,8,强势成功,120
69e2583b00000000230211ea,"

",,2406.0,2,69e3536b000000002b03193f,69e30a7a0000000014019c23,6786c92b000000000801bcf7,"If the robot can't pass the speed bump test, it should be disqualified early. So it's the first test.",2026.04.18,瑞典,9.0,,101,失败|抢救者,失败,抢救者,19,失败,120
69e47f8f000000001f007203,"2026年机器人马拉松状态，五年后再看🤣

",,5834.0,2,69e55a860000000014018c09,69e4e1f0000000001401a40f,59a9390350c4b46caa69aeda,测试磨损、灵活性，机器人使用范围挺广的，需要拉资金，不然怎么这几年机器人发展这么快呢,2026.04.20,北京,9.0,,42,混合|观众,混合,观众,13,,120
69e40352000000002102fc75,"机器人马拉松现场第一视角看全部队伍

",,1160.0,2,69e43e6e000000001401a80e,69e43ba7000000001401b827,5e7edf18000000000100bca2,这不是很明显吗？就是测试稳定性，摔倒可爬起，识别路况，因为路面的复杂程度很真实，提取改良数据迭代机器人设计，这些都可以帮助不久的未来机器人进入真实人类生活环境。包括送快递，家务事。,2026.04.19,广东,8.0,,90,常态|服务者,常态,服务者,29,常态,120
69e47f8f000000001f007203,"2026年机器人马拉松状态，五年后再看🤣

",,5834.0,2,69e599f30000000014018c16,69e586020000000014019401,63e890c1000000002601213a,展现技术发展迭代，现在机器人只有跑得稳了，后续帮人类干事的时候才能更稳，跑得稳是干一切事儿的基础[doge],2026.04.20,江西,6.0,,54,混合|观众,混合,观众,15,,120
69da7e87000000001a03484e,"今晚的亦庄机器人马拉松测试

",,8169.0,1,69db43b10000000015005c49,,67948db4000000000e01cbe6,说没用的朋友，这个可以用来测试极限工况下系统的稳定性，前几年很多机器人不能连续运动超过俩小时，有各种电机，续航的问题，去年马拉松有很多机器人需要工程师全程陪同，跑一会就过热、停电，需要人引导跑步，短短一年就能有这么大的进步非常难得,2026.04.12,北京,4.0,0.0,115,强势|观众,强势,观众,39,强势成功,120
69da7e87000000001a03484e,"今晚的亦庄机器人马拉松测试

",,8169.0,1,69db00c700000000350180ad,,5fb4b38c0000000001008501,哎😑看评论区的留言真让人着急，只有通过这样的大量的极限测试才有很多数据改善和加强，为什么要改善和加强机器人？着就不用多说了吧,2026.04.12,上海,1.0,0.0,62,强势|观众,强势,观众,19,强势成功,120
69e47f8f000000001f007203,"2026年机器人马拉松状态，五年后再看🤣

",,5834.0,1,69e5e050000000001401a819,,5ba8ca9bb9d34d000169e982,这无聊吗，这不是算另一种形式的学术会议吗，各家带着成果出来展示，只不过咱们普通人这次也能看到科研成果，然后不同公司的人可以交流技术，可以评判哪家的技术更厉害，可以收获名气和关注多，还可以吸引投滋，何乐而不为啊，就算自己机器人摔倒了，关注度也有了,2026.04.20,德国,1.0,0.0,122,混合|观众,混合,观众,31,,120
69e47f8f000000001f007203,"2026年机器人马拉松状态，五年后再看🤣

",,5834.0,2,69e6a523000000001401c005,69e4e1f0000000001401a40f,648ead39000000001203567b,不挺有意思的吗，主要是测试性能，加宣传展示自己机器人，旁边机器人爱好者还可以参观。和学生的科技大赛，发明大赛没区别，成品更完整更高级更商业化而已,2026.04.21,内蒙古,1.0,,72,混合|观众,混合,观众,23,,120
69e481e8000000002003ad94,"

",,,2,69e4a463000000001401cc1e,69e4a390000000001401cc07,625d6d62000000001000e6c5,那这种工作的要求，是不是精度、电机性能、连续作业能力吗，那这种比赛啥的不是能推动技术进步吗？就像无人机当年也有一大堆人吐槽就是个玩具[doge],2026.04.19,河南,1.0,,72,强势|服务者,强势,服务者,18,强势成功,120
69da7e87000000001a03484e,"今晚的亦庄机器人马拉松测试

",,8169.0,1,69db2af500000000350228d3,,63bd3b22000000002600634f,有啥用呢？应该是机器人去工作，让人有时间来比赛才对吧,2026.04.12,北京,0.0,0.0,26,强势|观众,强势,观众,5,强势成功,120
69e481e8000000002003ad94,"

",,,1,69e49a82000000001401ac18,,6128484b0000000001015045,极限测试。也是对生产机器人研发人员的另一要求。,2026.04.19,广东,0.0,0.0,23,强势|服务者,强势,服务者,7,强势成功,120
69e481e8000000002003ad94,"

",,,1,69e4a320000000001401e805,,62dbd039000000001f0040a4,测试实际运动极限 和机器耐久度，可用于战时，自然灾害营救等等吧。。。不过那边喊机器人加油的大姐 我是没有理解，喊的意义在哪里，难道还有语音交互？[嘻嘻R],2026.04.19,江苏,0.0,0.0,77,强势|服务者,强势,服务者,22,强势成功,120
69df625d0000000021005c63,"“扶我起来，我还能再跑10公里”

",,9992.0,1,69dfafbd000000003502be2d,,67871485000000000801cf16,It's only thru these field testing failures that ultimately the robots can function properly. Really glad to see this sort of competition that fosters innovation and advancements in robotics .,2026.04.15,美国,0.0,0.0,192,失败|观众,失败,观众,29,失败,120
69e40352000000002102fc75,"机器人马拉松现场第一视角看全部队伍

",,1160.0,1,69e4b545000000001401e012,,5c31cc1c000000000503d344,比较好奇做这个是为了测试机器人灵敏性？应用于家政吗？不然这个的是干嘛的,2026.04.19,上海,0.0,0.0,35,常态|服务者,常态,服务者,10,常态,120
69da7e87000000001a03484e,"今晚的亦庄机器人马拉松测试

",,8169.0,2,69db2d430000000035015c20,69daef940000000001007f78,65d056ee000000000401c413,机器人搞这个又不是真为了体育，很明显只是对各家机器人性能的测试,2026.04.12,上海,0.0,,31,强势|观众,强势,观众,9,强势成功,120
69da7e87000000001a03484e,"今晚的亦庄机器人马拉松测试

",,8169.0,2,69dabbeb000000000103ee4c,69da8bb50000000035029c69,5f8804fb000000000100921c,今年机器人能自主导航寻迹，测试耐久优化功耗，各厂家技术展示是个很好的平台。,2026.04.12,美国,0.0,,37,强势|观众,强势,观众,13,强势成功,120
69e47f8f000000001f007203,"2026年机器人马拉松状态，五年后再看🤣

",,5834.0,2,69e6a54d000000001401b807,69e586020000000014019401,648ead39000000001203567b,测试性能，加宣传展示自己机器人，旁边机器人爱好者还可以参观。和学生的科技大赛，发明大赛没区别，成品更完整更高级更商业化而已,2026.04.21,内蒙古,0.0,,61,混合|观众,混合,观众,20,,120
69e47f8f000000001f007203,"2026年机器人马拉松状态，五年后再看🤣

",,5834.0,2,69e7727a000000001401a00f,69e586020000000014019401,67863013000000000803fe61,可以理解为技术验证[doge]看灵活度、可靠性和性能，还有人形机器人拟人的水平,2026.04.21,福建,0.0,,39,混合|观众,混合,观众,9,,120
69e47f8f000000001f007203,"2026年机器人马拉松状态，五年后再看🤣

",,5834.0,2,69e7a158000000001401b00a,69e586020000000014019401,55ccb9d5b7ba22517a26527d,考验机器人长时间、远距离、重复性的运动，考验机器人的平衡、危机处理、各方面质量、续航，看哪家机器人最强,2026.04.22,广东,0.0,,51,混合|观众,混合,观众,17,,120
69e47f8f000000001f007203,"2026年机器人马拉松状态，五年后再看🤣

",,5834.0,2,69eb867a00000000270227f7,69e586020000000014019401,614eb12c000000001f036554,能比出机器人长时间运行的稳定性，算是实践环节吧，设计后的验证,2026.04.24,江苏,0.0,,30,混合|观众,混合,观众,10,,120
69e47f8f000000001f007203,"2026年机器人马拉松状态，五年后再看🤣

",,5834.0,2,69e5ac29000000001401900b,69e4e1f0000000001401a40f,5bd9146c73bdbf0001595fc6,仿生技术呗，里面分自主跟遥控的，体现一下机器人现在的进步程度，协调性跟稳定性，路上倒下的说明还不够稳定,2026.04.20,广东,0.0,,51,混合|观众,混合,观众,17,,120
69e47f8f000000001f007203,"2026年机器人马拉松状态，五年后再看🤣

",,5834.0,2,69e8a570000000001401e40b,69e6eded000000001401b837,5e44f07200000000010041b6,至少近五年是这样了，因为还没有卷到头没有卷到瓶颈，以后可能还会有机器人障碍跑比赛。人形机器人研究好了，以后就是具体细化了，比如现在的扫地机就是识别避障+自控+吸附，优化方向就有污渍判断，拖地水量控制，复式楼层打扫这些，人形机器人会安稳下楼，我们就有能力让扫地机安稳下楼。,2026.04.22,辽宁,0.0,,135,混合|观众,混合,观众,37,,120
69e481e8000000002003ad94,"

",,,2,69e4e32a0000000014018c03,69e49b570000000014019005,5a3cea154eacab600209420b,和汽车一样，挑战极限，测试各种数据和能力，为下一代更新更强更快的机器人做准备。要比我们的对手领先一大步。,2026.04.19,上海,0.0,,52,强势|服务者,强势,服务者,17,强势成功,120
69e48d54000000002102e178,"😭亦庄机器人半马最感人一幕

",,1589.0,2,69e4e706000000001401d812,69e4e394000000001401bc31,5ac625c7e8ac2b2b74545694,没错，我的每一个ppt都是我的心血,2026.04.19,河南,2412.0,,17,弱势|保护者,弱势,保护者,3,弱势,121
69e48d54000000002102e178,"😭亦庄机器人半马最感人一幕

",,1589.0,2,69e4fb27000000001401b81e,69e4e394000000001401bc31,610be5fa000000002002d424,写过的每一份文件都会一次又一次第翻出来细品[斜眼R],2026.04.19,北京,214.0,,26,弱势|保护者,弱势,保护者,7,弱势,121
69e48d54000000002102e178,"😭亦庄机器人半马最感人一幕

",,1589.0,2,69e5094a000000001401c004,69e4e394000000001401bc31,6285bcba0000000021022fe3,别管，我对我的垃圾毕设都有感情,2026.04.20,陕西,20.0,,15,弱势|保护者,弱势,保护者,4,弱势,121
69e4426b000000001d01c7ed,"一个大的一个小的一个废的

",,7334.0,2,69e47109000000001401e036,69e45c42000000001401c413,59c2a3ed44363b7a0f829707,不是同一家啊[笑哭R]还有好多大学的,2026.04.19,江苏,19.0,,18,混合|观众,混合,观众,3,,121
69e48d54000000002102e178,"😭亦庄机器人半马最感人一幕

",,1589.0,2,69e580ba000000001401e005,69e4afe3000000001401cc03,5c8c90a5000000001202b2a6,都是工程师多少个日夜的心血呢，我毕业论文都当宝贝供着[笑哭R],2026.04.20,广东,10.0,,31,弱势|保护者,弱势,保护者,7,弱势,121
69e40352000000002102fc75,"机器人马拉松现场第一视角看全部队伍

",,1160.0,2,69e4c3d30000000014019017,69e4a6f4000000001401e802,6577fcb0000000001902cf25,感觉学历不高的,2026.04.19,湖北,4.0,,7,常态|服务者,常态,服务者,2,常态,121
69da7e87000000001a03484e,"今晚的亦庄机器人马拉松测试

",,8169.0,2,69daf86b000000001400bf5a,69daf44c0000000002034816,6118b78c000000002002d825,唱反调的一律按初中学历看待,2026.04.12,江苏,3.0,,13,强势|观众,强势,观众,5,强势成功,121
69e481e8000000002003ad94,"

",,,2,69e59183000000001401a80d,69e5841a000000001401d81f,65d9c35e000000000b032dd1,本科起步[doge]一般人干不了,2026.04.20,上海,3.0,,16,强势|服务者,强势,服务者,5,强势成功,121
69e447d2000000001d01aa01,"当算法有了腿，程序员万万没想到……

",,2912.0,1,69e49d740000000014019007,,5e9ff0cb000000000100a876,清华考核是对的，以后用的上[笑哭R],2026.04.19,江苏,2.0,0.0,18,强势|服务者,强势,服务者,2,强势成功,121
69e2583b00000000230211ea,"

",,2406.0,2,69e30845000000001401ac18,69e2f832000000001401e016,6674578e0000000003032d0b,你的成绩这么差，别人来一句，考清北的学生去哪了[偷笑R],2026.04.18,上海,2.0,,28,失败|抢救者,失败,抢救者,5,失败,121
69e48d54000000002102e178,"😭亦庄机器人半马最感人一幕

",,1589.0,2,69e5727d000000001401cc13,69e4e394000000001401bc31,5bab332556ac64000106d9e5,我写的每一封邮件，都会仔细欣赏[doge],2026.04.20,广东,2.0,,21,弱势|保护者,弱势,保护者,4,弱势,121
69e481e8000000002003ad94,"

",,,2,69e49b6c000000001401a019,69e49af4000000001401e81b,63749864000000001f017d80,00年出生已经26了，读书的话，基本上硕士也毕业了，都要找工作的,2026.04.19,陕西,2.0,,32,强势|服务者,强势,服务者,9,强势成功,121
69e48d54000000002102e178,"😭亦庄机器人半马最感人一幕

",,1589.0,2,69e99c5c000000001401d411,69e4e394000000001401bc31,5b6d4e5fc933b30001c82524,对的，我写的材料自我感觉写的好的，还会拿出来反复看反复读，越读越自豪,2026.04.23,福建,1.0,,34,弱势|保护者,弱势,保护者,7,弱势,121
69e481e8000000002003ad94,"

",,,2,69e49f5b000000001401e80e,69e4962e000000001401b006,5cc464d80000000017011dab,211才行,2026.04.19,广西,1.0,,5,强势|服务者,强势,服务者,2,强势成功,121
69e481e8000000002003ad94,"

",,,2,69e730b9000000001401d81f,69e7223d0000000014018c02,623b3fab0000000021027c9d,广东外国语大学[doge],2026.04.21,陕西,1.0,,13,强势|服务者,强势,服务者,3,强势成功,121
69da7e87000000001a03484e,"今晚的亦庄机器人马拉松测试

",,8169.0,1,69daf7b2000000000d03fc60,,60af9dbd000000000100693f,九年义务教学的人很多呀,2026.04.12,四川,0.0,0.0,11,强势|观众,强势,观众,5,强势成功,121
69e48d54000000002102e178,"😭亦庄机器人半马最感人一幕

",,1589.0,1,69e4d93a000000001401bc12,,5f2391f7000000000100b232,你本科毕业论文写的再差也是自己写的,2026.04.19,湖北,0.0,0.0,17,弱势|保护者,弱势,保护者,2,弱势,121
69e481e8000000002003ad94,"

",,,1,69e5de73000000001401a818,,593c08e350c4b46716c385a7,哎[失望R]评论区看到了本科率不足20%的现实写照[失望R],2026.04.20,江苏,0.0,0.0,30,强势|服务者,强势,服务者,6,强势成功,121
69e481e8000000002003ad94,"

",,,1,69e708dc000000001401bc10,,5eaa4bff0000000001007831,义务教育普及那么久了，怎么还那么多顽固派,2026.04.21,江苏,0.0,0.0,20,强势|服务者,强势,服务者,3,强势成功,121
69e48341000000001a02d0c4,"机器人马拉松，我们看乐了，西方人看破防了🤣

",3931.0,1022.0,1,69e4e29c000000001401bc2b,,656d295f000000002002d1c6,江西省的教育水平这么低么？,2026.04.19,江苏,0.0,0.0,13,强势|观众,强势,观众,3,强势成功,121
69e4426b000000001d01c7ed,"一个大的一个小的一个废的

",,7334.0,2,69ecd807000000002901b7e1,69e4d997000000001401a802,644cda28000000001f032dbe,考物化本人,2026.04.25,四川,0.0,,5,混合|观众,混合,观众,2,,121
69e2583b00000000230211ea,"

",,2406.0,2,69e30ccd0000000014019033,69e2f832000000001401e016,5f405dd600000000010055f2,清华北大那么多学生，怎么你没去呀？[doge],2026.04.18,北京,0.0,,23,失败|抢救者,失败,抢救者,3,失败,121
69da7e87000000001a03484e,"今晚的亦庄机器人马拉松测试

",,8169.0,2,69db78ab000000000c03390d,69db06f4000000000d036c86,5f0995ac000000000101f8bf,学文科学的,2026.04.12,北京,0.0,,5,强势|观众,强势,观众,2,强势成功,121
69e48d54000000002102e178,"😭亦庄机器人半马最感人一幕

",,1589.0,2,69e577af0000000014018816,69e4e394000000001401bc31,56c1178a1c07df316df780f3,我自己辛苦写的文件时不时拿出来看一眼，可满意可骄傲了。,2026.04.20,北京,0.0,,27,弱势|保护者,弱势,保护者,8,弱势,121
69e48d54000000002102e178,"😭亦庄机器人半马最感人一幕

",,1589.0,2,69e583fe000000001401b812,69e4e394000000001401bc31,5b1613f24eacab585d8aa12a,真的，如果我做的很好的话，我还会反复欣赏[偷笑R],2026.04.20,河南,0.0,,25,弱势|保护者,弱势,保护者,4,弱势,121
69e48d54000000002102e178,"😭亦庄机器人半马最感人一幕

",,1589.0,2,69e5ffa70000000014019028,69e4e394000000001401bc31,5e61d3c20000000001004132,👍🏻，每一個自己写的ppt我都会欣赏很多次,2026.04.20,中国香港,0.0,,21,弱势|保护者,弱势,保护者,4,弱势,121
69e48d54000000002102e178,"😭亦庄机器人半马最感人一幕

",,1589.0,2,69e6487b000000001401a80b,69e4e394000000001401bc31,6191c74a000000002102ac34,我自己写的工作案例十来年了都不舍得删,2026.04.20,福建,0.0,,18,弱势|保护者,弱势,保护者,4,弱势,121
69e48d54000000002102e178,"😭亦庄机器人半马最感人一幕

",,1589.0,2,69e70654000000001401c028,69e4e394000000001401bc31,6203d4c7000000001000e581,对，自己做的PPT被领导喷的屁都不是，但是我依然觉得它非常好[哭惹R],2026.04.21,山东,0.0,,35,弱势|保护者,弱势,保护者,4,弱势,121
69e48d54000000002102e178,"😭亦庄机器人半马最感人一幕

",,1589.0,2,69e71934000000001401e81a,69e4e394000000001401bc31,5b7f6891663a0d00015a30a7,大一的中共一大ppt我还留着呢,2026.04.21,山东,0.0,,15,弱势|保护者,弱势,保护者,3,弱势,121
69e48d54000000002102e178,"😭亦庄机器人半马最感人一幕

",,1589.0,2,69e9920d000000002b027272,69e4e394000000001401bc31,5adf37ce4eacab3787434a4a,ppt我都珍惜[完啦R],2026.04.23,澳大利亚,0.0,,12,弱势|保护者,弱势,保护者,2,弱势,121
69e447d2000000001d01aa01,"当算法有了腿，程序员万万没想到……

",,2912.0,1,69e4636b0000000014018824,,69a851b10000000032029371,机器人跑马拉松是何用处呢（纯好奇）,2026.04.19,广东,99.0,80.0,17,强势|服务者,强势,服务者,4,强势成功,122
69e481e8000000002003ad94,"

",,,1,69e49a050000000014019c00,,5b73b219b0b3d100018d20c9,机器人马拉松意义是什么，为什么不装轮子 = 汽车意义是什么，为什么不骑马,2026.04.19,上海,34.0,9.0,36,强势|服务者,强势,服务者,9,强势成功,122
69e481e8000000002003ad94,"

",,,1,69e49b570000000014019005,,5fd35783000000000101c2b9,让机器人跑马拉松的意义是什么？纯属好奇,2026.04.19,天津,18.0,39.0,19,强势|服务者,强势,服务者,5,强势成功,122
69da7e87000000001a03484e,"今晚的亦庄机器人马拉松测试

",,8169.0,1,69db34260000000014009426,,68565cd3000000001d008811,机器人跑马拉松的实际意义是什么？,2026.04.12,河南,0.0,0.0,16,强势|观众,强势,观众,3,强势成功,122
69e42cc100000000220001ad,"机器人马拉松倒数第一名，萌翻了🤣🤣🤣

",,8501.0,1,69e5aa97000000001401ac2c,,638c853900000000240145f9,机器人跑马拉松的意义是什么？这种本身不就是人类挑战极限吗？,2026.04.20,上海,0.0,0.0,29,弱势|观众,弱势,观众,7,弱势,122
69e42cc100000000220001ad,"机器人马拉松倒数第一名，萌翻了🤣🤣🤣

",,8501.0,1,69e5820e000000001401dc01,,67889a4c0000000008019d5e,机器人马拉松意义何在呢？,2026.04.20,四川,0.0,0.0,12,弱势|观众,弱势,观众,3,弱势,122
69e47f8f000000001f007203,"2026年机器人马拉松状态，五年后再看🤣

",,5834.0,1,69e8b9720000000014018808,,69e5b1600000000001006c00,研究这个机器人马拉松的意义在哪里?是跟其他国家的机器人比赛谁跑得快?,2026.04.22,云南,0.0,0.0,34,混合|观众,混合,观众,9,,122
69e481e8000000002003ad94,"

",,,1,69e76ed7000000001401b01a,,5be12dd8ec2f520001b770eb,机器人跑马拉松有啥用？,2026.04.21,江苏,0.0,0.0,11,强势|服务者,强势,服务者,2,强势成功,122
69e481e8000000002003ad94,"

",,,1,69e72bc3000000001401c011,,5c17a4db000000000501e746,机器人跑马拉松有啥用,2026.04.21,内蒙古,0.0,0.0,10,强势|服务者,强势,服务者,2,强势成功,122
69e481e8000000002003ad94,"

",,,1,69e7017d000000001401c821,,674083aa000000001d02db7b,机器人马拉松的意义是啥,2026.04.21,河南,0.0,0.0,11,强势|服务者,强势,服务者,2,强势成功,122
69e481e8000000002003ad94,"

",,,1,69e6f345000000001401c81e,,64db42cc0000000001005f1c,把机器人安排去跑马拉松有何用意,2026.04.21,重庆,0.0,0.0,15,强势|服务者,强势,服务者,4,强势成功,122
69e481e8000000002003ad94,"

",,,1,69e6d2e7000000001401c41a,,5e1730c800000000010076f2,机器人跑马拉松的意义是什么？测试电机强度？测试耐用度？,2026.04.21,河北,0.0,0.0,27,强势|服务者,强势,服务者,8,强势成功,122
69e481e8000000002003ad94,"

",,,1,69e6c04d000000001401dc12,,619e5d280000000021029783,机器人跑马拉松意义在哪,2026.04.21,河北,0.0,0.0,11,强势|服务者,强势,服务者,3,强势成功,122
69e481e8000000002003ad94,"

",,,1,69e5eecf000000001401b810,,5b8f7783f354c20001287a41,机器人参加马拉松意义在哪,2026.04.20,广东,0.0,0.0,12,强势|服务者,强势,服务者,4,强势成功,122
69e481e8000000002003ad94,"

",,,1,69e59953000000001401901e,,5ae79feee8ac2b0774ecbcdf,机器人马拉松的意义是啥？,2026.04.20,山西,0.0,0.0,12,强势|服务者,强势,服务者,2,强势成功,122
69e481e8000000002003ad94,"

",,,1,69e583e5000000001401e41c,,557504ec3397db04613d2c7a,机器人跑马拉松的意义是？,2026.04.20,广东,0.0,0.0,12,强势|服务者,强势,服务者,3,强势成功,122
69e481e8000000002003ad94,"

",,,1,69e551bf000000001401c001,,5ce29462000000001001022d,机器人跑马拉松意义何在,2026.04.20,上海,0.0,0.0,11,强势|服务者,强势,服务者,4,强势成功,122
69e481e8000000002003ad94,"

",,,1,69ec2ae30000000028030290,,63f41827000000001001d72a,机器人马拉松有啥意义？看不懂，,2026.04.25,福建,0.0,0.0,15,强势|服务者,强势,服务者,3,强势成功,122
69e481e8000000002003ad94,"

",,,1,69eba8d60000000028037a35,,65475adb000000000d004856,机器人跑马拉松意义呢？,2026.04.25,新疆,0.0,0.0,11,强势|服务者,强势,服务者,3,强势成功,122
69e481e8000000002003ad94,"

",,,1,69e9cb90000000001401c820,,647fd1f7000000001001dcf8,让机器人跑马拉松的意义是什么呢[笑哭R]锻炼身体？,2026.04.23,四川,0.0,0.0,25,强势|服务者,强势,服务者,4,强势成功,122
69e481e8000000002003ad94,"

",,,1,69e8b325000000001401dc11,,5f4e1006000000000101f8fd,机器人跑马拉松的意义在什么地方,2026.04.22,湖北,0.0,0.0,15,强势|服务者,强势,服务者,4,强势成功,122
69e481e8000000002003ad94,"

",,,1,69e785d70000000014018c18,,6612944e00000000070062da,机器人跑马拉松的意义在哪里？,2026.04.21,江苏,0.0,0.0,14,强势|服务者,强势,服务者,4,强势成功,122
69e481e8000000002003ad94,"

",,,1,69e7847e0000000014019017,,6236877100000000100067f5,人跑马拉松是健身，用机器人的意义是什么！,2026.04.21,安徽,0.0,0.0,20,强势|服务者,强势,服务者,5,强势成功,122
69e481e8000000002003ad94,"

",,,1,69e732d2000000001401e80c,,5cce7acd0000000017021beb,这么多人为机器人服务，请问，这样的竞技意义在哪里,2026.04.21,四川,0.0,0.0,24,强势|服务者,强势,服务者,8,强势成功,122
69e481e8000000002003ad94,"

",,,1,69e6e68e000000001401900e,,6153c26d0000000002021cc7,机器人跑马拉松这有什么意义，就像人和汽车跑一样,2026.04.21,重庆,0.0,0.0,23,强势|服务者,强势,服务者,7,强势成功,122
69e481e8000000002003ad94,"

",,,1,69e6d1ef000000001401e81e,,6166c0d6000000000201d9be,让机器人参加马拉松的意义何在,2026.04.21,福建,0.0,0.0,14,强势|服务者,强势,服务者,5,强势成功,122
69e481e8000000002003ad94,"

",,,1,69e6c49c000000001401e01a,,5df5dc1c000000000100544d,机器人跑马拉松，有什么意义？？,2026.04.21,山东,0.0,0.0,15,强势|服务者,强势,服务者,3,强势成功,122
69e481e8000000002003ad94,"

",,,1,69e519ae000000001401e409,,63ea592b00000000260114bd,让机器人参加马拉松的意义是？？？？,2026.04.20,河北,0.0,0.0,17,强势|服务者,强势,服务者,4,强势成功,122
69e481e8000000002003ad94,"

",,,1,69e4a650000000001401a413,,65b79f9e000000000d03ebfe,机器人跑马拉松的意义在哪里？对人类有什么作用,2026.04.19,内蒙古,0.0,0.0,22,强势|服务者,强势,服务者,6,强势成功,122
69e481e8000000002003ad94,"

",,,1,69e4a4ed000000001401dc15,,5dfa28630000000001009daa,意义在哪？让机器人身体更健康？,2026.04.19,黑龙江,0.0,0.0,15,强势|服务者,强势,服务者,4,强势成功,122
69e48d54000000002102e178,"😭亦庄机器人半马最感人一幕

",,1589.0,2,69e4e8cf000000001401981a,69e4e394000000001401bc31,6159756f000000000201f18b,看到这里牛马发出一声大笑,2026.04.19,北京,594.0,,12,弱势|保护者,弱势,保护者,4,弱势,123
69e48d54000000002102e178,"😭亦庄机器人半马最感人一幕

",,1589.0,1,69e4a2c1000000001401c008,,5e896a06000000000100716e,年轻的牛马和他的心血,2026.04.19,北京,89.0,1.0,10,弱势|保护者,弱势,保护者,3,弱势,123
69e447d2000000001d01aa01,"当算法有了腿，程序员万万没想到……

",,2912.0,2,69e46bc80000000014019c19,69e4636b0000000014018824,6713e017000000001d021041,是骡子是马拿出来溜溜，把问题摆在桌面上  这个一般是国家组织的国家也像知道发展到什么程度了[笑哭R],2026.04.19,广东,14.0,,50,强势|服务者,强势,服务者,12,强势成功,123
69e43b14000000001a02e095,"好萌的小黑仔跑马拉松

",,2760.0,1,69e45d86000000001401dc37,,616d59e4000000000201b30b,看来还是“牛马”抗造，饿了自己吃，病了自己看。[doge][doge],2026.04.19,陕西,6.0,1.0,35,弱势|服务者,弱势,服务者,3,弱势,123
69e2583b00000000230211ea,"

",,2406.0,1,69e2ec130000000014018c13,,5864b0207fc5b81f7f877aaf,牛马开始反抗了。躺平、裂了、碎了,2026.04.18,江苏,3.0,0.0,16,失败|抢救者,失败,抢救者,4,失败,123
69e43b14000000001a02e095,"好萌的小黑仔跑马拉松

",,2760.0,2,69e4683a000000001401a802,69e4668d0000000014019022,66babdfb000000001d032a1c,是骡子是马，出来溜溜。,2026.04.19,江苏,3.0,,11,弱势|服务者,弱势,服务者,2,弱势,123
69e48341000000001a02d0c4,"机器人马拉松，我们看乐了，西方人看破防了🤣

",3931.0,1022.0,1,69e49ff1000000001401e021,,62968d7c0000000021025b2f,是骡子是马拉出来遛遛。美国波士顿的来了吗？,2026.04.19,广东,2.0,0.0,21,强势|观众,强势,观众,4,强势成功,123
69e46032000000001f002048,"看着你们累倒在地上我很心疼，恨不得替你们

",,5680.0,1,69e8b35b0000000014019018,,5746293750c4b46d83fad6a9,哈哈哈哈哈，这里可以收集牛马被虐语录[笑哭R],2026.04.22,广东,2.0,0.0,23,常态|保护者,常态,保护者,4,常态,123
69e429b4000000001b00037a,"张杰演唱会机器人来参加半马了？？

",,2026.0,1,69e45729000000001401e414,,653798f0000000000600676f,这不行啊，干活太不专一了，容易受干扰走神，不适合当牛马[微笑R][微笑R][微笑R],2026.04.19,江苏,1.0,0.0,42,常态|观众,常态,观众,8,常态,123
69e447d2000000001d01aa01,"当算法有了腿，程序员万万没想到……

",,2912.0,2,69e48842000000001401940e,69e44e85000000001401a404,63d4c1430000000026010757,牛马具象化了[微笑R],2026.04.19,天津,1.0,,11,强势|服务者,强势,服务者,2,强势成功,123
69e2583b00000000230211ea,"

",,2406.0,1,69e2f3e6000000001401cc12,,5e40fdac0000000001005377,是驴是马拉出来溜溜,2026.04.18,浙江,0.0,0.0,9,失败|抢救者,失败,抢救者,2,失败,123
69da7e87000000001a03484e,"今晚的亦庄机器人马拉松测试

",,8169.0,1,69db9ff2000000001400a343,,611cc7300000000001001440,电子牛马[微笑R],2026.04.12,北京,0.0,0.0,9,强势|观众,强势,观众,2,强势成功,123
69da7e87000000001a03484e,"今晚的亦庄机器人马拉松测试

",,8169.0,1,69db1f0e0000000015002ffb,,5d8ae19b00000000010031c0,牛马的机会也要跟我抢了？？？,2026.04.12,海南,0.0,0.0,14,强势|观众,强势,观众,2,强势成功,123
69da7e87000000001a03484e,"今晚的亦庄机器人马拉松测试

",,8169.0,1,69db1b2b000000000103c86d,,5cd41046000000001703986d,听起来确实像马[捂脸R],2026.04.12,北京,0.0,0.0,12,强势|观众,强势,观众,2,强势成功,123
69da7e87000000001a03484e,"今晚的亦庄机器人马拉松测试

",,8169.0,1,69db17ba000000003501fb23,,62c932ce00000000020014c9,马上连牛马都当不成了,2026.04.12,上海,0.0,0.0,10,强势|观众,强势,观众,3,强势成功,123
69da7e87000000001a03484e,"今晚的亦庄机器人马拉松测试

",,8169.0,1,69db057d0000000015008b10,,6579886b000000002002ff44,牛马要失业了,2026.04.12,江西,0.0,0.0,6,强势|观众,强势,观众,2,强势成功,123
69da7e87000000001a03484e,"今晚的亦庄机器人马拉松测试

",,8169.0,1,69db2e7c0000000035026ecb,,5a653f70b1da145e29268b4f,真就是骡子是马拉出来溜溜了,2026.04.12,江苏,0.0,0.0,13,强势|观众,强势,观众,3,强势成功,123
69e47f8f000000001f007203,"2026年机器人马拉松状态，五年后再看🤣

",,5834.0,1,69e57f53000000001401a41d,,5741cd4284edcd07f3c17c9b,真得好像被迫上班的牛马[捂脸R],2026.04.20,广东,0.0,0.0,16,混合|观众,混合,观众,5,,123
69e481e8000000002003ad94,"

",,,1,69e6f8c3000000001401cc2c,,664616d0000000000303092a,未来的牛马[笑哭R],2026.04.21,江西,0.0,0.0,10,强势|服务者,强势,服务者,2,强势成功,123
69e481e8000000002003ad94,"

",,,1,69e5e550000000001401e80f,,638b6726000000001f01fe66,最后做出的跑不过诸葛亮的木牛流马，哈哈哈,2026.04.20,江苏,0.0,0.0,20,强势|服务者,强势,服务者,5,强势成功,123
69e481e8000000002003ad94,"

",,,1,69e5c99e000000001401d801,,629a4f1c00000000210254b4,牛马累死了[捂脸R],2026.04.20,陕西,0.0,0.0,10,强势|服务者,强势,服务者,2,强势成功,123
69df625d0000000021005c63,"“扶我起来，我还能再跑10公里”

",,9992.0,1,69dfa282000000001500a42d,,6013c5a70000000001005d16,是骡子是马一试便知,2026.04.15,江苏,0.0,0.0,9,失败|观众,失败,观众,2,失败,123
69df625d0000000021005c63,"“扶我起来，我还能再跑10公里”

",,9992.0,1,69df9ec600000000150082b2,,5ed2f4b80000000001001011,这是好事 是驴是马拿出来溜溜 不丢脸 [飞吻R] 胜利就在眼前,2026.04.15,上海,0.0,0.0,31,失败|观众,失败,观众,5,失败,123
69df625d0000000021005c63,"“扶我起来，我还能再跑10公里”

",,9992.0,1,69e10a800000000014019002,,5f17a2b40000000001005b35,这马拉真凶残[doge],2026.04.17,浙江,0.0,0.0,12,失败|观众,失败,观众,2,失败,123
69e45dbe000000001f00434f,"机器人跑马拉松超越人类？

",4650.0,773.0,1,69e4dd73000000001401c001,,5da543210000000001000015,是骡子是马，拉出来溜溜[抱拳R][大笑R],2026.04.19,广东,0.0,0.0,21,强势|观众,强势,观众,2,强势成功,123
69e447d2000000001d01aa01,"当算法有了腿，程序员万万没想到……

",,2912.0,1,69e4892f000000001401c820,,5d2116e20000000011031c4c,真核动力牛马,2026.04.19,江苏,0.0,0.0,6,强势|服务者,强势,服务者,2,强势成功,123
69e447d2000000001d01aa01,"当算法有了腿，程序员万万没想到……

",,2912.0,1,69e461c7000000001401ac0c,,5c6814410000000011023c60,可怜的牛马,2026.04.19,四川,0.0,0.0,5,强势|服务者,强势,服务者,2,强势成功,123
69e43b14000000001a02e095,"好萌的小黑仔跑马拉松

",,2760.0,1,69e49018000000001401bc20,,60c8ff7f000000000101c84a,终究是人是最低级的牛马,2026.04.19,天津,0.0,0.0,11,弱势|服务者,弱势,服务者,4,弱势,123
69e46730000000001d0199c8,"

",,761.0,1,69e765bd000000001401e43c,,69bec5430000000032034bf7,新型电子逗蛐蛐[偷笑R][偷笑R][偷笑R],2026.04.21,湖北,0.0,0.0,22,强势|观众,强势,观众,3,强势成功,123
69e48341000000001a02d0c4,"机器人马拉松，我们看乐了，西方人看破防了🤣

",3931.0,1022.0,1,69e55ad2000000001401c001,,5db1600000000000010056b8,好了 牛马彻底可以规划为保护动物了[doge],2026.04.20,江苏,0.0,0.0,23,强势|观众,强势,观众,5,强势成功,123
69da7e87000000001a03484e,"今晚的亦庄机器人马拉松测试

",,8169.0,1,69db9826000000000202a88a,,5824ed053460943d29f5619c,进化真的快啊,2026.04.12,海南,9.0,1.0,6,强势|观众,强势,观众,2,强势成功,124
69e59e520000000022027a90,"花田里犯了错|机器人马拉松正赛搞笑赏析

",,2593.0,1,69eca71a000000002a032ae0,,62558172000000000d03303d,看来还得一年进化才行[黄金薯R][黄金薯R][黄金薯R],2026.04.25,黑龙江,3.0,0.0,28,弱势|观众,弱势,观众,4,弱势,124
69da7e87000000001a03484e,"今晚的亦庄机器人马拉松测试

",,8169.0,1,69daf8fa000000003500ad1a,,5580e33f58944628964500d8,这才一年啊😦进化的真快,2026.04.12,山东,2.0,0.0,11,强势|观众,强势,观众,4,强势成功,124
69e45dbe000000001f00434f,"机器人跑马拉松超越人类？

",4650.0,773.0,1,69e4fd5f000000001401cc1e,,5c360b94000000000501f259,一年进化这么快，十年后会是什么样子啊,2026.04.20,江西,2.0,0.0,18,强势|观众,强势,观众,5,强势成功,124
69da7e87000000001a03484e,"今晚的亦庄机器人马拉松测试

",,8169.0,1,69db7ecb0000000035025afd,,666a1c99000000000d027f98,我滴妈啊，去年还磕磕绊绊东倒西歪，今年就健步如飞嗖嗖跑，进化速度恐怖如斯,2026.04.12,广东,1.0,0.0,36,强势|观众,强势,观众,11,强势成功,124
69da7e87000000001a03484e,"今晚的亦庄机器人马拉松测试

",,8169.0,1,69db097c0000000035023ed2,,5584a8583397db1982eb2f9d,和去年的对比，长了一岁，真是没少进化啊,2026.04.12,辽宁,1.0,0.0,19,强势|观众,强势,观众,6,强势成功,124
69da7e87000000001a03484e,"今晚的亦庄机器人马拉松测试

",,8169.0,1,69dae9fb000000003502cd0d,,5ec8b60c000000000101c0ae,这进化速度也太快了[棒R],2026.04.12,北京,1.0,0.0,13,强势|观众,强势,观众,3,强势成功,124
69e481e8000000002003ad94,"

",,,1,69e773d2000000001401902c,,64a265df0000000010035377,这才一届时间，对比第一届，迭代如此凶猛。下一届不敢想进化成什么样了[doge],2026.04.21,江苏,1.0,0.0,39,强势|服务者,强势,服务者,13,强势成功,124
69e4b08d000000001d01c1bc,"机器人马拉松参赛选手“进化速度这一块”

",,379.0,1,69e4d64f000000001401e039,,5b8cd95faaea5b00012181d5,太搞笑了，我还能再等他进化三十年，哈哈哈,2026.04.19,湖南,1.0,0.0,20,混合|观众,混合,观众,3,,124
69e481e8000000002003ad94,"

",,,2,69e76554000000001401b809,69e71b47000000001401ac15,5e7c943e000000000100ae93,我嘞个光荣进化啊[捂脸R],2026.04.21,浙江,1.0,,13,强势|服务者,强势,服务者,2,强势成功,124
69da7e87000000001a03484e,"今晚的亦庄机器人马拉松测试

",,8169.0,1,69dbc1b20000000001007981,,5a79e9b14eacab065668918f,进化的太快了！[汗颜R],2026.04.13,海南,0.0,0.0,12,强势|观众,强势,观众,2,强势成功,124
69da7e87000000001a03484e,"今晚的亦庄机器人马拉松测试

",,8169.0,1,69dba7450000000001004bb2,,608c9c2d00000000010047d6,进化的真快啊[赞R]，前两年还摔的跟孙子似的,2026.04.12,北京,0.0,0.0,22,强势|观众,强势,观众,5,强势成功,124
69da7e87000000001a03484e,"今晚的亦庄机器人马拉松测试

",,8169.0,1,69db9258000000000d03efa2,,5b1aa369f7e8b91348ee078b,这一年又进化了，记得去年还是倒一大片,2026.04.12,海南,0.0,0.0,18,强势|观众,强势,观众,5,强势成功,124
69da7e87000000001a03484e,"今晚的亦庄机器人马拉松测试

",,8169.0,1,69db5cd6000000003500993a,,6030ff99000000000101f21a,这这这，进化的太快啦,2026.04.12,黑龙江,0.0,0.0,10,强势|观众,强势,观众,2,强势成功,124
69da7e87000000001a03484e,"今晚的亦庄机器人马拉松测试

",,8169.0,1,69db35c7000000000d03dca5,,665e510e0000000007006f9a,进化速度真快。去年的比赛都和蜗牛一样,2026.04.12,新疆,0.0,0.0,18,强势|观众,强势,观众,7,强势成功,124
69da7e87000000001a03484e,"今晚的亦庄机器人马拉松测试

",,8169.0,1,69db2f0d0000000001004719,,5fcb835f000000000101fa77,进化的太快了，去年还跌跌撞撞,2026.04.12,宁夏,0.0,0.0,14,强势|观众,强势,观众,4,强势成功,124
69da7e87000000001a03484e,"今晚的亦庄机器人马拉松测试

",,8169.0,1,69db2e88000000000202ba85,,55c5b76567bc65241e3fcbd2,在进化一下去给我灭火救援[飞吻R],2026.04.12,浙江,0.0,0.0,17,强势|观众,强势,观众,4,强势成功,124
69da7e87000000001a03484e,"今晚的亦庄机器人马拉松测试

",,8169.0,1,69db29eb0000000015006a61,,5f7ad9e2000000000101e6a4,就隔了一年，进化这么快啊,2026.04.12,辽宁,0.0,0.0,12,强势|观众,强势,观众,2,强势成功,124
69da7e87000000001a03484e,"今晚的亦庄机器人马拉松测试

",,8169.0,1,69db21c1000000003500f734,,5eeae588000000000100092b,我记得上次跑步都还跑不稳，进化的真快啊,2026.04.12,四川,0.0,0.0,19,强势|观众,强势,观众,6,强势成功,124
69da7e87000000001a03484e,"今晚的亦庄机器人马拉松测试

",,8169.0,1,69db2140000000001500606f,,60b392ca0000000001004649,才多久，进化成这样了,2026.04.12,湖北,0.0,0.0,10,强势|观众,强势,观众,3,强势成功,124
69da7e87000000001a03484e,"今晚的亦庄机器人马拉松测试

",,8169.0,1,69db1cc8000000001500bb5b,,6786166f000000000801be68,这进化速度神了,2026.04.12,云南,0.0,0.0,7,强势|观众,强势,观众,2,强势成功,124
69da7e87000000001a03484e,"今晚的亦庄机器人马拉松测试

",,8169.0,1,69db197d0000000014009131,,5e538c420000000001001f6d,去年马拉松走路还费劲呢，今年进化成这个样子，有点可怕,2026.04.12,河南,0.0,0.0,26,强势|观众,强势,观众,8,强势成功,124
69da7e87000000001a03484e,"今晚的亦庄机器人马拉松测试

",,8169.0,1,69db133b000000003501a7b8,,627f0b15000000002102b6c2,这一年，进化了很多，nb,2026.04.12,北京,0.0,0.0,12,强势|观众,强势,观众,4,强势成功,124
69da7e87000000001a03484e,"今晚的亦庄机器人马拉松测试

",,8169.0,1,69db0b020000000016017100,,62b0141d0000000019020e77,哟进化好快速啊,2026.04.12,上海,0.0,0.0,7,强势|观众,强势,观众,2,强势成功,124
69da7e87000000001a03484e,"今晚的亦庄机器人马拉松测试

",,8169.0,1,69daf53b000000000c033757,,60f1f4440000000001015e21,这是，又进化了？这才过年没几天啊,2026.04.12,陕西,0.0,0.0,16,强势|观众,强势,观众,4,强势成功,124
69da7e87000000001a03484e,"今晚的亦庄机器人马拉松测试

",,8169.0,1,69daf058000000003502af6b,,600afaa1000000000100321f,进化这么快的吗？什么时候给我养老[扶墙R],2026.04.12,浙江,0.0,0.0,21,强势|观众,强势,观众,2,强势成功,124
69da7e87000000001a03484e,"今晚的亦庄机器人马拉松测试

",,8169.0,1,69dae94a000000001500ae38,,5e128abb0000000001004e4e,进化论的高速鲜活实践,2026.04.12,北京,0.0,0.0,10,强势|观众,强势,观众,4,强势成功,124
69da7e87000000001a03484e,"今晚的亦庄机器人马拉松测试

",,8169.0,1,69dabfc40000000002036c5c,,62aecdc0000000001b026dab,再进化就可以去上班了[笑哭R],2026.04.12,山东,0.0,0.0,15,强势|观众,强势,观众,2,强势成功,124
69da7e87000000001a03484e,"今晚的亦庄机器人马拉松测试

",,8169.0,1,69daa9c90000000015004309,,5ca777bd0000000012015296,一下子进化了不少。[赞R],2026.04.12,北京,0.0,0.0,13,强势|观众,强势,观众,3,强势成功,124
69e47f8f000000001f007203,"2026年机器人马拉松状态，五年后再看🤣

",,5834.0,1,69e584f30000000014019c09,,59f5ae49e8ac2b49383c60e4,加油进化 可爱诶,2026.04.20,广东,0.0,0.0,8,混合|观众,混合,观众,3,,124
69e481e8000000002003ad94,"

",,,2,69e57476000000001401dc15,69e571d9000000001401c009,62af4262000000001b028daf,资金吹泡泡需要，抵押估值需要。,2026.04.20,广东,29.0,,15,强势|服务者,强势,服务者,6,强势成功,125
69e481e8000000002003ad94,"

",,,2,69e58c2f000000001401981d,69e4d70c000000001401e40b,5e5f48090000000001006a3c,股票套了多少,2026.04.20,上海,25.0,,6,强势|服务者,强势,服务者,2,强势成功,125
69e481e8000000002003ad94,"

",,,1,69e6ce00000000001401d413,,5febe3ce000000000100672b,制造这些东西就是为了上市圈钱,2026.04.21,上海,16.0,6.0,14,强势|服务者,强势,服务者,6,强势成功,125
69e59e520000000022027a90,"花田里犯了错|机器人马拉松正赛搞笑赏析

",,2593.0,1,69e9b0cb000000001401b00e,,5d6bc30b000000000100118a,都是资本收割韭菜工具,2026.04.23,浙江,7.0,5.0,10,弱势|观众,弱势,观众,4,弱势,125
69e48b0b000000001a02578c,"北京马拉松机器人中暑了🥵

",3334.0,467.0,2,69eb14a7000000001401b024,69eb03ef000000001401e81b,60e08aac00000000010071d1,是不是被概念股套牢了,2026.04.24,浙江,4.0,,10,失败|服务者,失败,服务者,3,失败,125
69df625d0000000021005c63,"“扶我起来，我还能再跑10公里”

",,9992.0,1,69dfa18c0000000035015f18,,600787de000000000100b12a,太多了搞钱的诈骗公司,2026.04.15,湖北,2.0,0.0,10,失败|观众,失败,观众,4,失败,125
69e47f8f000000001f007203,"2026年机器人马拉松状态，五年后再看🤣

",,5834.0,1,69e507e9000000001401d402,,5b02d8904eacab044a1908b6,不知道该买哪家股票的来看看比赛就知道了[doge],2026.04.20,加拿大,1.0,0.0,25,混合|观众,混合,观众,6,,125
69e4b08d000000001d01c1bc,"机器人马拉松参赛选手“进化速度这一块”

",,379.0,1,69e4ce39000000001401e002,,5ee91c3e0000000001002cdd,[doge]就说周一股票涨不涨吧,2026.04.19,丹麦,1.0,0.0,16,混合|观众,混合,观众,3,,125
69e4551e000000001f005895,"荣耀机器人赢麻了🤖我觉得它表情在嘲讽我

",,816.0,2,69e4b6b70000000014019c02,69e490dd000000001401e423,568dfd4e4775a774ada8e3a7,融资和股票会有波动[笑哭R],2026.04.19,上海,1.0,,14,强势|被超越者,强势,被超越者,3,强势成功,125
69e481e8000000002003ad94,"

",,,2,69e48b9a000000001401cc07,69e48a260000000014018c20,646a0e19000000002a009cde,资本又不傻，跟你一样的眼光不都当贫民去了[doge],2026.04.19,湖北,1.0,,26,强势|服务者,强势,服务者,4,强势成功,125
69e481e8000000002003ad94,"

",,,2,69e5df02000000001401a813,69e5db10000000001401e805,658a65e3000000002200b210,为了炒股,2026.04.20,上海,1.0,,4,强势|服务者,强势,服务者,2,强势成功,125
69e46032000000001f002048,"看着你们累倒在地上我很心疼，恨不得替你们

",,5680.0,2,69e9b3bf000000001401e429,69e9a34d000000001401bc1e,5d119ac700000000100217f0,是投机还是投机取巧你心里面有数！,2026.04.23,河北,1.0,,16,常态|保护者,常态,保护者,4,常态,125
69e2583b00000000230211ea,"

",,2406.0,1,69e9d096000000001401b02d,,5486fd6b2e1d9312fb61e629,搞完之后一地鸡毛，一片暴雷，资本卷钱离场,2026.04.23,北京,0.0,0.0,20,失败|抢救者,失败,抢救者,8,失败,125
69e2583b00000000230211ea,"

",,2406.0,1,69e9b7fb000000001401cc23,,56663197b8c8b456bf26585f,资本来不及要变现了么。。。,2026.04.23,上海,0.0,0.0,13,失败|抢救者,失败,抢救者,3,失败,125
69e2583b00000000230211ea,"

",,2406.0,1,69e886320000000014019819,,5657fc55447608774fe1a0b0,没事  投资的钱已经到账了[偷笑R],2026.04.22,上海,0.0,0.0,18,失败|抢救者,失败,抢救者,2,失败,125
69e2583b00000000230211ea,"

",,2406.0,1,69e470ca000000001401c023,,5bb3af656b58b728b3bcf5c3,股东直接当天退股,2026.04.19,广东,0.0,0.0,8,失败|抢救者,失败,抢救者,3,失败,125
69e2583b00000000230211ea,"

",,2406.0,1,69e38f96000000001401b80c,,5ac855c311be1020940ea9e4,骨架大跌=股价大跌[doge],2026.04.18,浙江,0.0,0.0,15,失败|抢救者,失败,抢救者,4,失败,125
69da7e87000000001a03484e,"今晚的亦庄机器人马拉松测试

",,8169.0,1,69db2a400000000015007f24,,5b64039d8a4e1a0001c6813b,这不是骗投资专业活动么。,2026.04.12,北京,0.0,0.0,12,强势|观众,强势,观众,3,强势成功,125
69da7e87000000001a03484e,"今晚的亦庄机器人马拉松测试

",,8169.0,1,69db2a3d0000000035026983,,5b2e054411be1029d7686660,重仓了三花，就看下周了[偷笑R],2026.04.12,广东,0.0,0.0,16,强势|观众,强势,观众,3,强势成功,125
69da7e87000000001a03484e,"今晚的亦庄机器人马拉松测试

",,8169.0,1,69db21c3000000001400b4e8,,66177e4c0000000003032083,只要能让股票涨 你们爱怎么折腾怎么折腾,2026.04.12,北京,0.0,0.0,19,强势|观众,强势,观众,4,强势成功,125
69e47f8f000000001f007203,"2026年机器人马拉松状态，五年后再看🤣

",,5834.0,1,69e5ca65000000001401c82f,,637106eb000000001f01eb48,股民的钱都在这里吗是？？？,2026.04.20,湖北,0.0,0.0,13,混合|观众,混合,观众,2,,125
69e47f8f000000001f007203,"2026年机器人马拉松状态，五年后再看🤣

",,5834.0,1,69e59b54000000001401dc13,,59afb63950c4b420fc3fef45,有本事把股票跑起来！,2026.04.20,湖南,0.0,0.0,10,混合|观众,混合,观众,3,,125
69e47f8f000000001f007203,"2026年机器人马拉松状态，五年后再看🤣

",,5834.0,1,69f17fac00000000270156df,,61f264ed000000001000824e,又开始洗钱了是吧,2026.04.29,浙江,0.0,0.0,8,混合|观众,混合,观众,2,,125
69e481e8000000002003ad94,"

",,,1,69e85805000000001401d81d,,65b26ee0000000001001faf8,上市圈钱走人,2026.04.22,安徽,0.0,0.0,6,强势|服务者,强势,服务者,3,强势成功,125
69df625d0000000021005c63,"“扶我起来，我还能再跑10公里”

",,9992.0,1,69dfa8360000000016017ce8,,6048405f000000000100b96f,………是不是该把股票全抛了,2026.04.15,北京,0.0,0.0,13,失败|观众,失败,观众,2,失败,125
69df625d0000000021005c63,"“扶我起来，我还能再跑10公里”

",,9992.0,1,69e0150a000000003501252b,,5c1481fd0000000005006db2,笑吧，资本放过谁！到时候抢你的工作，夺你的爱情，教育你的孩子。,2026.04.16,辽宁,0.0,0.0,31,失败|观众,失败,观众,7,失败,125
69df625d0000000021005c63,"“扶我起来，我还能再跑10公里”

",,9992.0,1,69dfa665000000003500ba7f,,64f3503c0000000004025877,有些资本急功近利了,2026.04.15,四川,0.0,0.0,9,失败|观众,失败,观众,3,失败,125
69e463df000000001b003017,"

",3270.0,219.0,1,69e5e9b80000000014018c04,,6114d0030000000001009dba,股票不涨，有啥用[捂脸R],2026.04.20,浙江,0.0,1.0,13,强势|服务者,强势,服务者,2,强势成功,125
69da7e87000000001a03484e,"今晚的亦庄机器人马拉松测试

",,8169.0,2,69e325da0000000014018c26,69dac8d7000000000c0319f8,699301bd000000001d01ab09,收到了收到了🫡,2026.04.18,北京,0.0,,7,强势|观众,强势,观众,2,强势成功,125
69da7e87000000001a03484e,"今晚的亦庄机器人马拉松测试

",,8169.0,2,69db40380000000016016df3,69daef220000000035024590,5c9217bc0000000016033ada,你在美国也是做投融资的吧,2026.04.12,浙江,0.0,,12,强势|观众,强势,观众,2,强势成功,125
69e4551e000000001f005895,"荣耀机器人赢麻了🤖我觉得它表情在嘲讽我

",,816.0,1,69e49d13000000001401dc2a,,568a03ae6a6a69649c8131e4,跑起来跟章若楠一样,2026.04.19,浙江,38.0,6.0,9,强势|被超越者,强势,被超越者,4,强势成功,126
69e4551e000000001f005895,"荣耀机器人赢麻了🤖我觉得它表情在嘲讽我

",,816.0,2,69e49edb0000000014019836,69e49d13000000001401dc2a,645511f5000000002a00a37a,章若楠有一部剧跑步姿势就和这个一样，很搞笑，之前就火过一段时间,2026.04.19,湖南,6.0,,31,强势|被超越者,强势,被超越者,9,强势成功,126
69e4551e000000001f005895,"荣耀机器人赢麻了🤖我觉得它表情在嘲讽我

",,816.0,1,69e47ba6000000001401e41e,,5f0187ca00000000010056fc,跑的像章若楠跑,2026.04.19,广东,5.0,1.0,7,强势|被超越者,强势,被超越者,2,强势成功,126
69df625d0000000021005c63,"“扶我起来，我还能再跑10公里”

",,9992.0,1,69dfad74000000001500887e,,5528f9c9b203d91ba813d444,小红不是章若楠么？[偷笑R],2026.04.15,北京,4.0,1.0,14,失败|观众,失败,观众,2,失败,126
69e4551e000000001f005895,"荣耀机器人赢麻了🤖我觉得它表情在嘲讽我

",,816.0,2,69e49e1f000000001401e434,69e49d13000000001401dc2a,62fc9139000000000f00743e,可能章若楠跑步姿势比较奇怪,2026.04.19,上海,3.0,,13,强势|被超越者,强势,被超越者,5,强势成功,126
69e46730000000001d0199c8,"

",,761.0,1,69e502a4000000001401bc14,,677143f8000000001801e0cc,怎么张若楠有竞争对手了[捂脸R],2026.04.20,浙江,2.0,0.0,16,强势|观众,强势,观众,2,强势成功,126
69da7e87000000001a03484e,"今晚的亦庄机器人马拉松测试

",,8169.0,1,69db06c80000000035010e5b,,5b9365c54eacab51e12f87db,跑起来像章若楠[笑哭R]（dbq,2026.04.12,北京,1.0,0.0,16,强势|观众,强势,观众,4,强势成功,126
69e46730000000001d0199c8,"

",,761.0,1,69e90f92000000001401c810,,62ffa67f000000001501d45e,像章若楠,2026.04.23,陕西,1.0,1.0,4,强势|观众,强势,观众,2,强势成功,126
69e46730000000001d0199c8,"

",,761.0,1,69e5e161000000001401b007,,684b7830000000001b018fe7,sorry，但是这个跑得像章若楠[捂脸R],2026.04.20,广东,1.0,0.0,21,强势|观众,强势,观众,3,强势成功,126
69e46730000000001d0199c8,"

",,761.0,1,69e4b521000000001401d433,,690346a40000000037008d39,好像章若楠[doge],2026.04.19,安徽,1.0,0.0,11,强势|观众,强势,观众,2,强势成功,126
69e4412a000000002103883f,"荣耀闪电队-齐天大圣夺冠！

",3517.0,445.0,1,69e47ba9000000001401c00b,,5a71859111be105b1cad99c2,跑的跟田曦薇似的,2026.04.19,河南,1.0,0.0,8,强势|观众,强势,观众,2,强势成功,126
69e4412a000000002103883f,"荣耀闪电队-齐天大圣夺冠！

",3517.0,445.0,1,69e46e68000000001401d43a,,5fcde9dc0000000001002230,章若楠跑步好像,2026.04.19,澳大利亚,1.0,0.0,7,强势|观众,强势,观众,3,强势成功,126
69e463df000000001b003017,"

",3270.0,219.0,1,69e5de8a000000001401e422,,64963c1d0000000010037a93,这个是不是那个跑起来很像章若楠的那个？,2026.04.20,广东,1.0,0.0,19,强势|服务者,强势,服务者,4,强势成功,126
69e48341000000001a02d0c4,"机器人马拉松，我们看乐了，西方人看破防了🤣

",3931.0,1022.0,1,69e4cbf3000000001401bc33,,5657dbcde00dd837c033da71,怎么看着像章若楠跑步[笑哭R],2026.04.19,江苏,1.0,0.0,15,强势|观众,强势,观众,4,强势成功,126
69e4426b000000001d01c7ed,"一个大的一个小的一个废的

",,7334.0,1,69e47e09000000001401a807,,5fc44287000000000100a6ac,上午看到一个跟章若楠的对比视频，真的好像[捂脸R],2026.04.19,浙江,0.0,0.0,25,混合|观众,混合,观众,7,,126
69e2583b00000000230211ea,"

",,2406.0,1,69e9a481000000001401d40e,,5c94d750000000001101becf,怎么有点像李乃文进行啊,2026.04.23,广东,0.0,0.0,11,失败|抢救者,失败,抢救者,3,失败,126
69da7e87000000001a03484e,"今晚的亦庄机器人马拉松测试

",,8169.0,1,69dbbc24000000003501131c,,6251885a000000001000c5fa,跑得好像章若楠哈哈哈,2026.04.12,北京,0.0,0.0,10,强势|观众,强势,观众,2,强势成功,126
69da7e87000000001a03484e,"今晚的亦庄机器人马拉松测试

",,8169.0,1,69db9038000000003502b956,,5f7c00c30000000001007c73,好像章若楠跑步[笑哭R],2026.04.12,广东,0.0,0.0,12,强势|观众,强势,观众,3,强势成功,126
69da7e87000000001a03484e,"今晚的亦庄机器人马拉松测试

",,8169.0,1,69db59cc000000003503058b,,57bf700f5e87e70951b0d0bf,赛博章若楠？,2026.04.12,吉林,0.0,0.0,6,强势|观众,强势,观众,2,强势成功,126
69da7e87000000001a03484e,"今晚的亦庄机器人马拉松测试

",,8169.0,1,69db50f4000000001400adff,,60c028c4000000000101fbc0,第一个就是章若楠,2026.04.12,浙江,0.0,0.0,8,强势|观众,强势,观众,2,强势成功,126
69da7e87000000001a03484e,"今晚的亦庄机器人马拉松测试

",,8169.0,1,69db1206000000000103f95c,,5af4dc92f7e8b9382aa29ef2,幻视章若楠,2026.04.12,浙江,0.0,0.0,5,强势|观众,强势,观众,2,强势成功,126
69da7e87000000001a03484e,"今晚的亦庄机器人马拉松测试

",,8169.0,1,69daf18b000000000d035055,,5ecf4b460000000001001a0b,全是章若楠哈哈哈哈,2026.04.12,北京,0.0,0.0,9,强势|观众,强势,观众,2,强势成功,126
69e47f8f000000001f007203,"2026年机器人马拉松状态，五年后再看🤣

",,5834.0,1,69e8fe79000000001401e407,,5c0203ec000000000501d79a,好几个身上仿佛都看见了章若楠的身影[doge][偷笑R][偷笑R],2026.04.23,四川,0.0,0.0,33,混合|观众,混合,观众,6,,126
69e47f8f000000001f007203,"2026年机器人马拉松状态，五年后再看🤣

",,5834.0,1,69e580e10000000014019006,,63c21259000000002702adcd,跟章若楠跑步一样[大笑R],2026.04.20,广东,0.0,0.0,13,混合|观众,混合,观众,4,,126
69e481e8000000002003ad94,"

",,,1,69e6e39d000000001401c026,,5dfb0a00000000000100bcd7,他跑步那么像樟若楠,2026.04.21,广东,0.0,0.0,9,强势|服务者,强势,服务者,2,强势成功,126
69df625d0000000021005c63,"“扶我起来，我还能再跑10公里”

",,9992.0,1,69dfabd9000000001400a81f,,63c60673000000002702aa1b,红色闪电这个是章若楠,2026.04.15,湖北,0.0,0.0,10,失败|观众,失败,观众,3,失败,126
69df625d0000000021005c63,"“扶我起来，我还能再跑10公里”

",,9992.0,1,69dfa6b2000000000d03fbed,,5a8fe99211be1027b0b1bfb0,红的那个怎么那么像章若楠[笑哭R],2026.04.15,上海,0.0,0.0,17,失败|观众,失败,观众,2,失败,126
69e4b08d000000001d01c1bc,"机器人马拉松参赛选手“进化速度这一块”

",,379.0,1,69e4cfb9000000001401882a,,5c52c587000000001b00afbb,闪电的跑步姿势和章若楠好像，真的好像。这姿势能助跑[呃R],2026.04.19,浙江,0.0,0.0,29,混合|观众,混合,观众,9,,126
69e4412a000000002103883f,"荣耀闪电队-齐天大圣夺冠！

",3517.0,445.0,1,69e4c2d1000000001401b80c,,5ce92fc6000000000503681c,第一个好像章若楠,2026.04.19,浙江,0.0,0.0,8,强势|观众,强势,观众,3,强势成功,126
69e4412a000000002103883f,"荣耀闪电队-齐天大圣夺冠！

",3517.0,445.0,1,69e491aa000000001401dc1a,,5fac220c0000000001002617,咋跑的样子都像章若楠啊[石化R],2026.04.19,广东,0.0,0.0,16,强势|观众,强势,观众,3,强势成功,126
69da7e87000000001a03484e,"今晚的亦庄机器人马拉松测试

",,8169.0,2,69db11d80000000015002018,69daef220000000035024590,5831c88a82ec396770e5eb6e,先不说无人机了，那个吊在有人机上高速旋转的老太，你还记得不[吃瓜R],2026.04.12,浙江,10.0,,34,强势|观众,强势,观众,7,强势成功,127
69da7e87000000001a03484e,"今晚的亦庄机器人马拉松测试

",,8169.0,2,69dafe3000000000140083de,69dafb65000000001500583a,61e14f380000000010008bb8,天上无人机可以跟[飞吻R][偷笑R][doge][害羞R]或者说机器人身上直接集成了一套远程遥控系统了，双系统哈哈[微笑R],2026.04.12,浙江,1.0,,62,强势|观众,强势,观众,11,强势成功,127
69da7e87000000001a03484e,"今晚的亦庄机器人马拉松测试

",,8169.0,2,69db1d45000000001400b240,69daf4fb0000000015009327,601b8d7c0000000001007452,已经应用上无人机了,2026.04.12,广东,1.0,,9,强势|观众,强势,观众,2,强势成功,127
69da7e87000000001a03484e,"今晚的亦庄机器人马拉松测试

",,8169.0,2,69dade3c0000000015000d4c,69dadbd3000000000103dd83,5994011c82ec39796980ce8f,不是可以直接无人机，导弹么…,2026.04.12,北京,1.0,,14,强势|观众,强势,观众,2,强势成功,127
69da7e87000000001a03484e,"今晚的亦庄机器人马拉松测试

",,8169.0,2,69dadf23000000003500b4be,69dadbd3000000000103dd83,59283b9350c4b4155ca1b691,总有无人机到不了的地方。而且🤖进攻，降维打击，相当于当初步兵见坦克一样。,2026.04.12,浙江,1.0,,36,强势|观众,强势,观众,12,强势成功,127
69e2583b00000000230211ea,"

",,2406.0,1,69e33b3f000000001401c803,,5e76dca20000000001007aa5,天上无人机会炸机，地上的机器人也会炸机了。,2026.04.18,越南,0.0,0.0,21,失败|抢救者,失败,抢救者,6,失败,127
69e481e8000000002003ad94,"

",,,1,69e49b6b0000000014018c0b,,65e85f07000000000500b03c,四轮无人机肯定更厉害,2026.04.19,安徽,0.0,0.0,10,强势|服务者,强势,服务者,4,强势成功,127
69e481e8000000002003ad94,"

",,,1,69e70d49000000001401901a,,5d08fa8d000000001000e930,再搞个无人机大赛,2026.04.21,山东,0.0,1.0,8,强势|服务者,强势,服务者,2,强势成功,127
69df625d0000000021005c63,"“扶我起来，我还能再跑10公里”

",,9992.0,1,69e212f6000000001401e40d,,64533f86000000002a0082b5,十几年前中国研究无人机的时候，当时的头条评论里90%的人也都说“就是个放大的玩具飞机而已，花里胡哨的一点用都没有”,2026.04.17,河北,0.0,0.0,57,失败|观众,失败,观众,15,失败,127
69e4426b000000001d01c7ed,"一个大的一个小的一个废的

",,7334.0,2,69e4a420000000001401d813,69e45f74000000001401bc0a,66cb22b6000000001d030964,你说呢，无人机不是更快,2026.04.19,浙江,0.0,,11,混合|观众,混合,观众,2,,127
69da7e87000000001a03484e,"今晚的亦庄机器人马拉松测试

",,8169.0,2,69daf8ef000000001500b6a8,69daef220000000035024590,5c1b006d000000000501fbf8,无人机飞过来把你抗走不比这玩意背你靠谱？,2026.04.12,日本,0.0,,20,强势|观众,强势,观众,5,强势成功,127
69da7e87000000001a03484e,"今晚的亦庄机器人马拉松测试

",,8169.0,2,69dccbc4000000003502b6ca,69db30220000000016016d90,578ad0f9a9b2ed30bb99b948,低空经济已经在发展了，以后开飞机追,2026.04.13,浙江,0.0,,17,强势|观众,强势,观众,4,强势成功,127
69da7e87000000001a03484e,"今晚的亦庄机器人马拉松测试

",,8169.0,2,69db09d5000000000103eb33,69db0790000000003503255c,63a29b2a0000000027029d50,最早军用无人机研发的时候我也有看到有人像你这么说,2026.04.12,北京,0.0,,24,强势|观众,强势,观众,5,强势成功,127
69da7e87000000001a03484e,"今晚的亦庄机器人马拉松测试

",,8169.0,2,69db09a3000000003500e6ee,69db0790000000003503255c,559656bb62a60c325cd4a2da,那俄乌战场无人机背的是什么,2026.04.12,北京,0.0,,13,强势|观众,强势,观众,2,强势成功,127
69da7e87000000001a03484e,"今晚的亦庄机器人马拉松测试

",,8169.0,2,69dc1ed3000000001500bdc1,69daee220000000015008cbc,6087484b00000000010056a5,将来远距离的用无人机，近距离的用这种就行。,2026.04.13,澳大利亚,0.0,,21,强势|观众,强势,观众,5,强势成功,127
69e481e8000000002003ad94,"

",,,2,69e629ea000000001401c408,69e49a5c000000001401ac0a,68142f9c000000000e010c74,那么无人机是不是更快，那么穿越机呢,2026.04.20,四川,0.0,,17,强势|服务者,强势,服务者,5,强势成功,127
69e481e8000000002003ad94,"

",,,2,69e497c5000000001401d838,69e490ae000000001401d42a,629aa67c000000001b02a06e,只想快那可以无人机，比车还快呢[吧唧R],2026.04.19,日本,0.0,,20,强势|服务者,强势,服务者,3,强势成功,127
69e481e8000000002003ad94,"

",,,2,69e4a0ea000000001401d824,69e490ae000000001401d42a,61ab8dd2000000000201a0f3,最开始多旋翼无人机出来的时候有些人也觉得没用,2026.04.19,湖北,0.0,,22,强势|服务者,强势,服务者,6,强势成功,127
69e481e8000000002003ad94,"

",,,2,69e59147000000001401cc08,69e490ae000000001401d42a,681f76eb000000000e0124ed,可以加装，和变形金刚一样[偷笑R],2026.04.20,广东,0.0,,17,强势|服务者,强势,服务者,3,强势成功,127
69e481e8000000002003ad94,"

",,,2,69e5c682000000001401b823,69e490ae000000001401d42a,6405a23a000000001002720e,[捂脸R]一架fpv无人机秒杀你说的这些，,2026.04.20,山西,0.0,,21,强势|服务者,强势,服务者,5,强势成功,127
69e481e8000000002003ad94,"

",,,2,69e603f7000000001401c005,69e490ae000000001401d42a,65b52792000000000e025c80,无人机更快[doge],2026.04.20,广东,0.0,,11,强势|服务者,强势,服务者,2,强势成功,127
69e481e8000000002003ad94,"

",,,2,69e618d7000000001401d400,69e490ae000000001401d42a,6217a91d0000000010007635,那还是空中无人机好使吧[笑哭R],2026.04.20,北京,0.0,,16,强势|服务者,强势,服务者,3,强势成功,127
69e481e8000000002003ad94,"

",,,2,69e62a92000000001401e02a,69e490ae000000001401d42a,5dfac1180000000001008b0e,然後他會槓：為什麼不直接無人機飛到終點。,2026.04.20,中国澳门,0.0,,20,强势|服务者,强势,服务者,6,强势成功,127
69e481e8000000002003ad94,"

",,,2,69e8585a0000000014019411,69e490ae000000001401d42a,65c5529c000000001101b2b5,那感觉无人机更好用啊,2026.04.22,江苏,0.0,,10,强势|服务者,强势,服务者,2,强势成功,127
69e481e8000000002003ad94,"

",,,2,69e85bd80000000014018805,69e490ae000000001401d42a,67fb1389000000000e011fa0,巷战无人机信号延迟和卫星定位都是问题，丛林战无人机无线信号容易被干扰，光纤无人机没法飞。,2026.04.22,湖南,0.0,,44,强势|服务者,强势,服务者,16,强势成功,127
69e481e8000000002003ad94,"

",,,2,69eb200e000000001401b811,69e490ae000000001401d42a,5f14f6c80000000001000968,无人机的载重，噪音，都是其弱点,2026.04.24,浙江,0.0,,15,强势|服务者,强势,服务者,4,强势成功,127
69e481e8000000002003ad94,"

",,,2,69e4a7cf000000001401a809,69e490ae000000001401d42a,645f4e58000000000c01a5a4,有山地车  有履带  无人机   这已经是人类征服恶劣最终方案了  这玩意 有啥用,2026.04.19,广东,0.0,,41,强势|服务者,强势,服务者,9,强势成功,127
69e481e8000000002003ad94,"

",,,2,69e5d984000000001401a41e,69e490ae000000001401d42a,66c09bf4000000001d021eeb,无人机继续强化不就好了吗？,2026.04.20,广东,0.0,,13,强势|服务者,强势,服务者,4,强势成功,127
69e481e8000000002003ad94,"

",,,2,69e5deec0000000014018c03,69e490ae000000001401d42a,658a65e3000000002200b210,无人机不行吗？,2026.04.20,上海,0.0,,7,强势|服务者,强势,服务者,2,强势成功,127
69e481e8000000002003ad94,"

",,,2,69e70e95000000001401900f,69e70d49000000001401901a,60cea618000000002002fa3d,无人机大赛不早就有了  穿越机,2026.04.21,山东,0.0,,15,强势|服务者,强势,服务者,5,强势成功,127
69e47f8f000000001f007203,"2026年机器人马拉松状态，五年后再看🤣

",,5834.0,1,69e5671b0000000014019401,,62a54535000000001b02aa07,一个机器人后面跟一堆人类，所以说不可能替代人类的[笑哭R],2026.04.20,重庆,2.0,0.0,29,混合|观众,混合,观众,6,,128
69da7e87000000001a03484e,"今晚的亦庄机器人马拉松测试

",,8169.0,1,69db2fe20000000016015eab,,676cf7c7000000001801c156,照这个发展速度，我们有生之年说不定能见证机器人战士的大规模应用[派对R],2026.04.12,北京,1.0,0.0,36,强势|观众,强势,观众,9,强势成功,128
69e481e8000000002003ad94,"

",,,1,69e4a5b6000000001401b819,,58cd40ac5e87e71197ea611b,机器人不会替代人类，因为每个机器人需要好几个人来维护[doge],2026.04.19,浙江,1.0,0.0,32,强势|服务者,强势,服务者,9,强势成功,128
69e40352000000002102fc75,"机器人马拉松现场第一视角看全部队伍

",,1160.0,1,69e4cb2e000000001401b01d,,626151b5000000001000ec34,啥时候科研不用鲜活的生命了，机器人也能代替就好了,2026.04.19,河北,1.0,0.0,24,常态|服务者,常态,服务者,7,常态,128
69e46730000000001d0199c8,"

",,761.0,1,69e5d92f0000000014018c10,,5b8eb01e9ca68a000101984b,你是最不怕被机器人取代的[笑哭R][笑哭R][笑哭R],2026.04.20,广东,1.0,0.0,27,强势|观众,强势,观众,3,强势成功,128
69e481e8000000002003ad94,"

",,,2,69e4a1ff000000001401dc30,69e4a107000000001401ac2d,6333d1b900000000230263a0,下一个时代，我们不想再拿衬衫牙签换欧美的机器人,2026.04.19,浙江,1.0,,23,强势|服务者,强势,服务者,6,强势成功,128
69e2583b00000000230211ea,"

",,2406.0,1,69e82a10000000001401981a,,63783e11000000001f0144fe,我大宝前几天和我讨论以后机器人代替人类的事情，我说别做梦了，最多干点活，怎么可能代替人类呢，它们还是人发明的，很多活还是机器人干不了的,2026.04.22,安徽,0.0,0.0,67,失败|抢救者,失败,抢救者,16,失败,128
69e2583b00000000230211ea,"

",,2406.0,1,69e82036000000001401bc1e,,5c03fea2000000000500d0cb,所以机器人技术还不成熟 等成熟了就灭了人类,2026.04.22,广西,0.0,0.0,21,失败|抢救者,失败,抢救者,5,失败,128
69e2583b00000000230211ea,"

",,2406.0,1,69e2f475000000001401bc02,,699928d60000000021013a28,所以机器人肯定代替不了人类[黄金薯R][偷笑R],2026.04.18,浙江,0.0,0.0,24,失败|抢救者,失败,抢救者,5,失败,128
69da7e87000000001a03484e,"今晚的亦庄机器人马拉松测试

",,8169.0,1,69dafee00000000002035b75,,5ae884fc4eacab06fb47a7e3,将来一定会出现一个只有机器人的国家，人会被赶出去。,2026.04.12,湖北,0.0,0.0,25,强势|观众,强势,观众,8,强势成功,128
69e47f8f000000001f007203,"2026年机器人马拉松状态，五年后再看🤣

",,5834.0,1,69e5f121000000001401a013,,5f82f68d000000000101e19e,发明机器人是为啥？以后人不活了吗[呃R],2026.04.20,山东,0.0,0.0,20,混合|观众,混合,观众,3,,128
69e481e8000000002003ad94,"

",,,1,69e49b2d000000001401d40a,,6882290e000000000d02c6bd,将来机器人代替人了吗,2026.04.19,湖北,0.0,0.0,10,强势|服务者,强势,服务者,4,强势成功,128
69e481e8000000002003ad94,"

",,,1,69ec8cfc000000002900fabe,,665c9a2300000000070075bf,以后真的要被机器人替代了,2026.04.25,新疆,0.0,0.0,12,强势|服务者,强势,服务者,3,强势成功,128
69e481e8000000002003ad94,"

",,,1,69ea0f26000000001401c430,,66f52f24000000001d021f2d,现在都研发机器人了，看来人是一代不如一代了，有活人还研究机器人干嘛啊,2026.04.23,湖北,0.0,0.0,34,强势|服务者,强势,服务者,11,强势成功,128
69e481e8000000002003ad94,"

",,,1,69e753b6000000001401c427,,5c03ba2f0000000007013521,看到没，人慢慢就会变成机器人的奴隶。,2026.04.21,黑龙江,0.0,0.0,18,强势|服务者,强势,服务者,5,强势成功,128
69e481e8000000002003ad94,"

",,,1,69e6e284000000001401b826,,5b13a0bae8ac2b4bea15abad,事实证明，未来机器人会奴役人类[偷笑R],2026.04.21,江苏,0.0,0.0,20,强势|服务者,强势,服务者,5,强势成功,128
69e481e8000000002003ad94,"

",,,1,69e63f020000000014019011,,5496c1772e1d930db83058cc,机器人暂时还替代不了人类，放心了[暗中观察R],2026.04.20,福建,0.0,0.0,23,强势|服务者,强势,服务者,6,强势成功,128
69e481e8000000002003ad94,"

",,,1,69e59efa000000001401e021,,63bcd5400000000026007228,怀疑最后人类是被全球变暖热死的，机器人和AI不会杀人,2026.04.20,山东,0.0,0.0,26,强势|服务者,强势,服务者,9,强势成功,128
69e481e8000000002003ad94,"

",,,1,69e573d9000000001401b808,,65007c2d000000000200c822,让机器人去探索哀牢山吧，代替我们人类探索未知世界。,2026.04.20,浙江,0.0,0.0,25,强势|服务者,强势,服务者,8,强势成功,128
69e40352000000002102fc75,"机器人马拉松现场第一视角看全部队伍

",,1160.0,1,69e423960000000014019c0e,,692a63360000000037002913,机器人什么时候可以代替好人，去逝世,2026.04.19,河北,0.0,0.0,17,常态|服务者,常态,服务者,4,常态,128
69e59e520000000022027a90,"花田里犯了错|机器人马拉松正赛搞笑赏析

",,2593.0,1,69e859ea000000001401bc25,,5fbd22cd000000000100307e,机器人🤖不会取代人类的，反而提供了好多岗位呀[笑哭R],2026.04.22,河北,0.0,0.0,27,弱势|观众,弱势,观众,7,弱势,128
69e59e520000000022027a90,"花田里犯了错|机器人马拉松正赛搞笑赏析

",,2593.0,1,69e668e7000000001401dc06,,5584b247a75c9527bed999f5,看来机器人代替人类还有很长的一段路要走[抠鼻R],2026.04.21,英国,0.0,0.0,24,弱势|观众,弱势,观众,6,弱势,128
69db34bb000000001a0348ae,"机器人抢救现场

",4896.0,1198.0,2,69dcc78b000000000d03e2eb,69dc9de80000000002029fb1,56250769e00dd8328ab991d0,会被机器人取代,2026.04.13,北京,0.0,,7,失败|抢救者,失败,抢救者,2,失败,128
69da7e87000000001a03484e,"今晚的亦庄机器人马拉松测试

",,8169.0,2,69daebb0000000000d03e8d2,69dae3ac0000000001004268,5c407a7e000000000500205c,机器人就是为了服务人的啊，走到最后就是为了给人享受，以后必将取代大多数人工,2026.04.12,江苏,0.0,,37,强势|观众,强势,观众,13,强势成功,128
69e47f8f000000001f007203,"2026年机器人马拉松状态，五年后再看🤣

",,5834.0,2,69e8e7ca000000001401bc12,69e586020000000014019401,61bf2c24000000001000f177,倒逼企业研发，推动技术进步，让机器人尽早有上流水线的能力,2026.04.22,陕西,0.0,,28,混合|观众,混合,观众,10,,128
69e47f8f000000001f007203,"2026年机器人马拉松状态，五年后再看🤣

",,5834.0,2,69e571ce000000001401a806,69e4e1f0000000001401a40f,678a3fbe000000000d009c6a,对啊，至少我还有一点思想，等完全被机器人替代，连思想都不需要啦，以后大街上看见一个人类，那是很稀奇的行走艺术啊要被个大媒体争相报道吧……[笑哭R],2026.04.20,浙江,0.0,,73,混合|观众,混合,观众,17,,128
69e481e8000000002003ad94,"

",,,2,69e97ed9000000001401e830,69e97d30000000001401c018,60137c3500000000010025f4,等机器人制造机器人的时候，那人类就没用了。,2026.04.23,广东,0.0,,21,强势|服务者,强势,服务者,5,强势成功,128
69e481e8000000002003ad94,"

",,,2,69ec2ca7000000002b02bbe3,69e490ae000000001401d42a,6497cb76000000001001eb1f,你猜机器人以后要替代谁[偷笑R],2026.04.25,浙江,0.0,,16,强势|服务者,强势,服务者,2,强势成功,128
69e481e8000000002003ad94,"

",,,2,69e5c0e90000000014019822,69e4a499000000001401dc1b,5e56848100000000010089b2,起鸡皮疙瘩是正常的，按现在机器人的迭代速度，可以乐观的预估，在不长的时间里，人型机器人将参与到人类的日常工作生活中去。低端重复劳动将不开避免的被机器人替代。,2026.04.20,广东,0.0,,78,强势|服务者,强势,服务者,23,强势成功,128
69e481e8000000002003ad94,"

",,,2,69e58094000000001401e820,69e571d9000000001401c009,5acb31b1e8ac2b0797213e2c,你想得太简单，未来机器人可以代替很多,2026.04.20,重庆,0.0,,18,强势|服务者,强势,服务者,5,强势成功,128
69da7e87000000001a03484e,"今晚的亦庄机器人马拉松测试

",,8169.0,2,69daf728000000001400868f,69daf56d000000001601419c,576457d06a6a695229d3dd8d,他们有时候还会给这玩意穿个带反光条的上衣！但是没有裤子！远远的就听见声音了，它跑过来才看到是个没穿裤子的机器人！,2026.04.12,北京,1203.0,,56,强势|观众,强势,观众,14,强势成功,129
69e43a5a000000001d01dcc7,"机器人嘲讽同伴

",1966.0,167.0,2,69e493b9000000001401c425,69e459b9000000001401900d,5fc26d970000000001009048,你不问我都没发现，机器人居然还穿鞋的！,2026.04.19,广东,12.0,,19,常态|观众,常态,观众,5,常态,129
69e429b4000000001b00037a,"张杰演唱会机器人来参加半马了？？

",,2026.0,2,69e445d50000000014019c14,69e42d4e000000001401b006,63be54b6000000002702b260,确定了，就是同款机器人穿着演出服,2026.04.19,浙江,11.0,,16,常态|观众,常态,观众,5,常态,129
69e4b08d000000001d01c1bc,"机器人马拉松参赛选手“进化速度这一块”

",,379.0,1,69e4d606000000001401e01b,,5c8504c50000000012003c8b,机器人还穿衣服,2026.04.19,广东,5.0,1.0,7,混合|观众,混合,观众,2,,129
69e481e8000000002003ad94,"

",,,1,69e497ee000000001401d81e,,5fea8405000000000100224a,[笑哭R]想起上一个马拉松视频，给机器人穿碳板鞋，防止膝盖受伤[笑哭R],2026.04.19,山西,1.0,0.0,36,强势|服务者,强势,服务者,8,强势成功,129
69e40352000000002102fc75,"机器人马拉松现场第一视角看全部队伍

",,1160.0,1,69e4a205000000001401a016,,5b4ad68511be102919aa0e38,机器人还穿跑鞋哈哈哈哈哈哈哈,2026.04.19,湖北,1.0,0.0,14,常态|服务者,常态,服务者,2,常态,129
69e59e520000000022027a90,"花田里犯了错|机器人马拉松正赛搞笑赏析

",,2593.0,2,69e6f176000000001401881a,69e5f71c000000001401d427,61acc5900000000021023b8c,后世的人们称这一脚为人类与机器人的首次公开对抗,2026.04.21,山西,1.0,,23,弱势|观众,弱势,观众,8,弱势,129
69e4426b000000001d01c7ed,"一个大的一个小的一个废的

",,7334.0,1,69e47d86000000001401a81a,,5819aed550c4b4771047b55b,机器人跑步也得穿跑鞋吗,2026.04.19,河北,0.0,0.0,11,混合|观众,混合,观众,3,,129
69e4426b000000001d01c7ed,"一个大的一个小的一个废的

",,7334.0,1,69e47d2c0000000014019005,,54685fe1d6e4a9191da486ea,你看，机器人也得穿耐克啊，“耐”，克！,2026.04.19,上海,0.0,0.0,19,混合|观众,混合,观众,2,,129
69e4426b000000001d01c7ed,"一个大的一个小的一个废的

",,7334.0,1,69e45f95000000001401cc1a,,5fecfd540000000001006487,竟然给机器人穿了鞋。,2026.04.19,河南,0.0,0.0,10,混合|观众,混合,观众,2,,129
69e4426b000000001d01c7ed,"一个大的一个小的一个废的

",,7334.0,1,69e45e66000000001401dc20,,64d3973e0000000025037afe,机器人穿耐克[呃R],2026.04.19,河南,0.0,0.0,10,混合|观众,混合,观众,2,,129
69e4426b000000001d01c7ed,"一个大的一个小的一个废的

",,7334.0,1,69e45002000000001401c404,,6826ac88000000000d008a3d,大机器人还穿安踏呢，主包的声音好温柔,2026.04.19,广东,0.0,0.0,18,混合|观众,混合,观众,5,,129
69e2583b00000000230211ea,"

",,2406.0,1,69e45526000000001401bc1f,,5e593d450000000001009563,感觉应该把机器人鞋尖做圆一点[笑哭R],2026.04.19,福建,0.0,0.0,19,失败|抢救者,失败,抢救者,3,失败,129
69da7e87000000001a03484e,"今晚的亦庄机器人马拉松测试

",,8169.0,1,69db80cd000000000103c2e2,,54b4af33e779897065c073ae,为什么机器人不穿上运动鞋呢？这样不是增加关节寿命吗,2026.04.12,湖北,0.0,0.0,25,强势|观众,强势,观众,7,强势成功,129
69da7e87000000001a03484e,"今晚的亦庄机器人马拉松测试

",,8169.0,1,69db44df000000000c030dc2,,698fc6e5000000001d01c026,给机器人穿上lulu会怎么样？,2026.04.12,北京,0.0,0.0,15,强势|观众,强势,观众,3,强势成功,129
69da7e87000000001a03484e,"今晚的亦庄机器人马拉松测试

",,8169.0,1,69db3482000000001500a1ce,,58f790055e87e76b7d546841,这些机器人居然都穿拖鞋🩴,2026.04.12,浙江,0.0,0.0,12,强势|观众,强势,观众,4,强势成功,129
69da7e87000000001a03484e,"今晚的亦庄机器人马拉松测试

",,8169.0,1,69db2753000000000202905e,,5a9d366611be101f50033e7e,怎么不让机器人穿鞋了,2026.04.12,甘肃,0.0,0.0,10,强势|观众,强势,观众,3,强势成功,129
69e42cc100000000220001ad,"机器人马拉松倒数第一名，萌翻了🤣🤣🤣

",,8501.0,1,69e733ff0000000014019c0f,,62c7781a00000000150148a3,机器人小孩儿，你的鞋子不跟脚对不？,2026.04.21,湖北,0.0,0.0,17,弱势|观众,弱势,观众,3,弱势,129
69e47f8f000000001f007203,"2026年机器人马拉松状态，五年后再看🤣

",,5834.0,1,69e6e17b000000001401c422,,5e4a218b0000000001002f33,机器人穿运动鞋的目的是？？,2026.04.21,北京,0.0,0.0,13,混合|观众,混合,观众,3,,129
69e47f8f000000001f007203,"2026年机器人马拉松状态，五年后再看🤣

",,5834.0,1,69e60f2b000000001401b831,,688716c0000000001d017d27,机器人也要穿运动鞋[笑哭R],2026.04.20,中国香港,0.0,0.0,14,混合|观众,混合,观众,2,,129
69e47f8f000000001f007203,"2026年机器人马拉松状态，五年后再看🤣

",,5834.0,1,69e5a3080000000014019c20,,5b13d6e8e8ac2b6230d781db,机器人就不要穿衣服了，感觉很妨碍机器人跑步,2026.04.20,浙江,0.0,0.0,21,混合|观众,混合,观众,6,,129
69e6f2bc0000000023005345,"🍼机器人第一视角，好多人呀

",,687.0,1,69e7681c000000002d020d44,,5e98c10c000000000100107d,这就是传说中的脚上装俩订书钉就来比赛的奶娃娃机器人吗？好萌啊，给孩子备双鞋吧，跑那么远怪心疼的[偷笑R],2026.04.21,加拿大,0.0,0.0,52,弱势|观众,弱势,观众,11,弱势,129
69e481e8000000002003ad94,"

",,,1,69e4f28a000000002d02363f,,60d0b6610000000001000c55,想看机器人穿鳌太线,2026.04.19,美国,0.0,0.0,9,强势|服务者,强势,服务者,2,强势成功,129
69e447d2000000001d01aa01,"当算法有了腿，程序员万万没想到……

",,2912.0,1,69e47533000000001401d419,,60612a5e000000000100b373,好家伙 机器人还是穿的运动鞋 这参赛准备做的可以 如果不穿是不是怕把脚磨坏了,2026.04.19,湖北,0.0,0.0,38,强势|服务者,强势,服务者,7,强势成功,129
69e43b14000000001a02e095,"好萌的小黑仔跑马拉松

",,2760.0,1,69e48bc8000000001401dc0e,,60c738710000000001008134,机器人不穿鞋的话，时间长了容易磨坏[捂脸R],2026.04.19,黑龙江,0.0,0.0,22,弱势|服务者,弱势,服务者,6,弱势,129
69e40352000000002102fc75,"机器人马拉松现场第一视角看全部队伍

",,1160.0,1,69e49430000000001401a009,,5839d8cd6a6a69672720a643,机器人穿的跑鞋什么材质？,2026.04.19,黑龙江,0.0,0.0,12,常态|服务者,常态,服务者,3,常态,129
69e40352000000002102fc75,"机器人马拉松现场第一视角看全部队伍

",,1160.0,1,69e46927000000001401e01d,,5aa0bf54e8ac2b3ed1fd3fd9,机器人为什么要穿运动鞋,2026.04.19,内蒙古,0.0,0.0,11,常态|服务者,常态,服务者,3,常态,129
69e40352000000002102fc75,"机器人马拉松现场第一视角看全部队伍

",,1160.0,1,69e49e08000000001401a410,,57c55bb15e87e73d4e1ef013,笑死😆给机器人穿衣服是认真的吗？风阻只会拖慢ta的速度。还有穿运动鞋[失望R]何必呢…,2026.04.19,福建,0.0,0.0,43,常态|服务者,常态,服务者,10,常态,129
69e634590000000022003bb5,"每个马拉松机器人，都有自己的热血故事。

",,824.0,1,69e7e50e000000001401e805,,5a2d559c4eacab16c3b3eeb0,对这个穿鞋的机器人印象很深,2026.04.22,北京,0.0,0.0,13,常态|观众,常态,观众,4,常态,129
69e59e520000000022027a90,"花田里犯了错|机器人马拉松正赛搞笑赏析

",,2593.0,1,69e6cafe0000000014018c0e,,5a61a664e8ac2b30d1fd7bdb,运动鞋已经开发客户到机器人了吗？,2026.04.21,上海,0.0,0.0,16,弱势|观众,弱势,观众,4,弱势,129
69e481e8000000002003ad94,"

",,,2,69e49b4b000000001401c41e,69e49a5c000000001401ac0a,6329de63000000002303d798,好，下次你办个马拉松轮椅大赛,2026.04.19,江苏,340.0,,14,强势|服务者,强势,服务者,5,强势成功,130
69df625d0000000021005c63,"“扶我起来，我还能再跑10公里”

",,9992.0,2,69dff0dd000000000202a048,69dfbea4000000003502a946,6410a6cb000000002a00bb6a,有轮椅也参加不了马拉松啊，这是跑步比赛不是开车比赛，你得看要求啊,2026.04.16,辽宁,8.0,,32,失败|观众,失败,观众,9,失败,130
69e481e8000000002003ad94,"

",,,2,69e496580000000014018c10,69e490ae000000001401d42a,69c001610000000033028a1d,用轮子那叫赛车，不叫跑步[笑哭R],2026.04.19,广东,3.0,,17,强势|服务者,强势,服务者,3,强势成功,130
69e481e8000000002003ad94,"

",,,2,69e48d680000000014018c02,69e48bf3000000001401ac1e,5c57cfb70000000012021957,相当于长跑比赛踩轮滑[满月R],2026.04.19,河北,3.0,,15,强势|服务者,强势,服务者,4,强势成功,130
69e46730000000001d0199c8,"

",,761.0,2,69e4bb600000000014019021,69e4b56c000000001401e82f,5f245afb000000000101d5db,轱辘跑跟腿跑能一样吗,2026.04.19,河北,2.0,,10,强势|观众,强势,观众,2,强势成功,130
69e481e8000000002003ad94,"

",,,2,69e49765000000001401e820,69e490ae000000001401d42a,683075f5000000000d00be91,用轮子那是赛车，不是跑步[doge],2026.04.19,广东,1.0,,18,强势|服务者,强势,服务者,3,强势成功,130
69e481e8000000002003ad94,"

",,,2,69e4e618000000001401dc08,69e490ae000000001401d42a,5f8f815000000000010049c4,有轮子还叫跑步？那不是赛车？[失望R],2026.04.19,广西,1.0,,19,强势|服务者,强势,服务者,3,强势成功,130
69e481e8000000002003ad94,"

",,,2,69e89086000000001401cc0a,69e592e5000000001401dc07,5d4b9d12000000001001a521,装轮儿还叫跑步嘛？,2026.04.22,天津,1.0,,9,强势|服务者,强势,服务者,2,强势成功,130
69e481e8000000002003ad94,"

",,,1,69e75e5d000000001401d82a,,5bcb72bd2fe7b90001a86e4c,那些说跑步有啥用的，换成轮子比赛你看吗？,2026.04.21,陕西,0.0,0.0,20,强势|服务者,强势,服务者,5,强势成功,130
69e59e520000000022027a90,"花田里犯了错|机器人马拉松正赛搞笑赏析

",,2593.0,1,69eae0ee0000000014019814,,60922d9c0000000001009d73,跑步的话，直接用轮子不好吗,2026.04.24,贵州,0.0,0.0,13,弱势|观众,弱势,观众,4,弱势,130
69da7e87000000001a03484e,"今晚的亦庄机器人马拉松测试

",,8169.0,2,69e38e8d000000001401a81f,69daef220000000035024590,628a23e10000000021029946,[笑哭R]他有什么必要跑步送我，他安装个轮子不是更稳更快,2026.04.18,北京,0.0,,28,强势|观众,强势,观众,6,强势成功,130
69da7e87000000001a03484e,"今晚的亦庄机器人马拉松测试

",,8169.0,2,69e0b0370000000014019819,69dc339f000000003501f4fa,657bfcfe00000000190134c8,轮子就是骑车了 轮子和人用两条腿跑步不是一个概念,2026.04.16,河南,0.0,,24,强势|观众,强势,观众,7,强势成功,130
69e481e8000000002003ad94,"

",,,2,69e5d1ed000000001401cc0d,69e49a5c000000001401ac0a,6204d7810000000010006528,你比赛跑步的时候，你觉得裁判会让你穿个轮滑吗,2026.04.20,陕西,0.0,,22,强势|服务者,强势,服务者,4,强势成功,130
69e481e8000000002003ad94,"

",,,2,69e497bb0000000014018c1c,69e490ae000000001401d42a,65ba701f000000000e024873,奥运会用轮子跑就是残奥会了,2026.04.19,海南,0.0,,13,强势|服务者,强势,服务者,3,强势成功,130
69e481e8000000002003ad94,"

",,,2,69e4a1ab000000001401e826,69e490ae000000001401d42a,5cfa440e000000000500e089,因为有轮子的不叫跑步，叫赛车[笑哭R][笑哭R][笑哭R],2026.04.19,江苏,0.0,,29,强势|服务者,强势,服务者,3,强势成功,130
69e481e8000000002003ad94,"

",,,2,69e4a4d7000000001401cc05,69e490ae000000001401d42a,5c145035000000000503ba52,因为跑步只是第一步，要轮子只能快，这是车的事情[doge],2026.04.19,浙江,0.0,,29,强势|服务者,强势,服务者,6,强势成功,130
69e481e8000000002003ad94,"

",,,2,69e4a5d3000000001401a019,69e490ae000000001401d42a,5b83f0686d8bc80001492285,马拉松跑步坐轮椅还是骑摩托跑,2026.04.19,辽宁,0.0,,14,强势|服务者,强势,服务者,4,强势成功,130
69e481e8000000002003ad94,"

",,,2,69e4a68d000000001401e429,69e490ae000000001401d42a,602b87cd0000000001009718,因为轮子移动不叫跑步,2026.04.19,浙江,0.0,,10,强势|服务者,强势,服务者,3,强势成功,130
69e481e8000000002003ad94,"

",,,2,69e4a92f000000001401d433,69e490ae000000001401d42a,5c9cd62b0000000016028eee,有轮子也不叫跑步呀,2026.04.19,天津,0.0,,9,强势|服务者,强势,服务者,2,强势成功,130
69e481e8000000002003ad94,"

",,,2,69e580d1000000001401cc03,69e490ae000000001401d42a,595988fa5e87e70bdd165068,哇，有道理呀，以后田径比赛直接上轮子,2026.04.20,北京,0.0,,18,强势|服务者,强势,服务者,3,强势成功,130
69e481e8000000002003ad94,"

",,,2,69e6d36b0000000014018c06,69e490ae000000001401d42a,60f22c42000000000100b98c,用轮子干脆赛车算了！,2026.04.21,广东,0.0,,10,强势|服务者,强势,服务者,4,强势成功,130
69e481e8000000002003ad94,"

",,,2,69e73192000000001401bc2a,69e490ae000000001401d42a,64819c33000000002a035c60,有轮子不就成溜冰了[偷笑R],2026.04.21,江西,0.0,,14,强势|服务者,强势,服务者,2,强势成功,130
69e481e8000000002003ad94,"

",,,2,69e74bee000000001401902c,69e490ae000000001401d42a,5ece028f0000000001002eca,两个脚才叫跑步啊，两个轮子的那叫赛车大哥[扯脸H],2026.04.21,广西,0.0,,25,强势|服务者,强势,服务者,7,强势成功,130
69e481e8000000002003ad94,"

",,,2,69ec4545000000002a007b4b,69e490ae000000001401d42a,60f97693000000000101e5d1,换轮子，就不叫跑步了,2026.04.25,浙江,0.0,,10,强势|服务者,强势,服务者,2,强势成功,130
69e481e8000000002003ad94,"

",,,2,69edb59b00000000290378ae,69e490ae000000001401d42a,661f7de1000000000b031040,用轮子就不叫跑步了。,2026.04.26,辽宁,0.0,,10,强势|服务者,强势,服务者,2,强势成功,130
69e481e8000000002003ad94,"

",,,2,69e4980f000000001401a81b,69e490ae000000001401d42a,63bfe06e000000002601019d,马拉松啥时候可以用轮子了？你跑的时候可以骑平衡车 踩旱冰鞋？[笑哭R],2026.04.19,浙江,0.0,,35,强势|服务者,强势,服务者,5,强势成功,130
69e481e8000000002003ad94,"

",,,2,69e49839000000001401d829,69e490ae000000001401d42a,64609d08000000002a008322,轮子那还叫跑步么[偷笑R],2026.04.19,山东,0.0,,13,强势|服务者,强势,服务者,2,强势成功,130
69e481e8000000002003ad94,"

",,,2,69e49a7b000000001401a022,69e490ae000000001401d42a,5f7b0204000000000100b6dc,有轮子那是比跑步吗？那是赛车,2026.04.19,上海,0.0,,14,强势|服务者,强势,服务者,3,强势成功,130
69e481e8000000002003ad94,"

",,,2,69e4a041000000001401c83b,69e490ae000000001401d42a,621beddf00000000210253eb,“跑步”不得用腿啊？轮子那叫跑圈[生气R],2026.04.19,陕西,0.0,,21,强势|服务者,强势,服务者,3,强势成功,130
69e481e8000000002003ad94,"

",,,2,69e4a74d0000000014018819,69e490ae000000001401d42a,5d3c647e0000000016007e91,都说了是跑步，轮子还叫跑步吗,2026.04.19,浙江,0.0,,14,强势|服务者,强势,服务者,3,强势成功,130
69e48b0b000000001a02578c,"北京马拉松机器人中暑了🥵

",3334.0,467.0,1,69eb2d97000000001401dc1e,,62f5b9af0000000015014b58,[呃R]还以为摔出火花了,2026.04.24,广东,36.0,0.0,12,失败|服务者,失败,服务者,3,失败,131
69e48b0b000000001a02578c,"北京马拉松机器人中暑了🥵

",3334.0,467.0,1,69ef039b00000000290246e9,,663a69c60000000003030850,我还以为是摔出火花了,2026.04.27,天津,19.0,0.0,10,失败|服务者,失败,服务者,2,失败,131
69e634590000000022003bb5,"每个马拉松机器人，都有自己的热血故事。

",,824.0,2,69e75c6b0000000014019004,69e6c0f20000000014018c04,5a9c1214b1da145d3b37a17d,看视频开头还以为他在追蝴蝶,2026.04.21,四川,8.0,,13,常态|观众,常态,观众,4,常态,131
69e481e8000000002003ad94,"

",,,1,69e6d1bf0000000014018c0d,,607ecbe10000000001005ce7,我还以为全程自助补能。,2026.04.21,重庆,2.0,1.0,11,强势|服务者,强势,服务者,4,强势成功,131
69e48b0b000000001a02578c,"北京马拉松机器人中暑了🥵

",3334.0,467.0,1,69ec568b0000000029010f35,,665de8ac0000000003033b45,我还以为摔出电火花来了,2026.04.25,安徽,2.0,0.0,11,失败|服务者,失败,服务者,3,失败,131
69e2583b00000000230211ea,"

",,2406.0,1,69e4540b000000001401b02c,,61a8da0d00000000100094f4,我还以为流血了[捂脸R],2026.04.19,广东,1.0,0.0,12,失败|抢救者,失败,抢救者,2,失败,131
69e429b4000000001b00037a,"张杰演唱会机器人来参加半马了？？

",,2026.0,1,69e44f31000000001401a00f,,64490804000000000f007768,我以为他背了一把剑,2026.04.19,上海,1.0,0.0,9,常态|观众,常态,观众,2,常态,131
69e4426b000000001d01c7ed,"一个大的一个小的一个废的

",,7334.0,2,69e5ba27000000001401c416,69e461fb000000001401e82b,56588b97e4251d149dc9684b,我本来以为笑点只有他，结果还有惊喜,2026.04.20,江苏,1.0,,17,混合|观众,混合,观众,6,,131
69e47f8f000000001f007203,"2026年机器人马拉松状态，五年后再看🤣

",,5834.0,2,69e578ab000000001401bc12,69e51ef20000000014019c03,588c522e50c4b4243dd35046,我以为要来个回旋踢呢,2026.04.20,浙江,1.0,,10,混合|观众,混合,观众,3,,131
69e4426b000000001d01c7ed,"一个大的一个小的一个废的

",,7334.0,1,69e465e3000000001401e022,,5cbdd7be0000000010021eb5,他突然停下我以为要碰瓷[捂脸R],2026.04.19,湖北,0.0,0.0,16,混合|观众,混合,观众,4,,131
69e42cc100000000220001ad,"机器人马拉松倒数第一名，萌翻了🤣🤣🤣

",,8501.0,1,69e9faa5000000001401d824,,60c3930f000000000101e078,感谢他特别容易扑街,2026.04.23,广东,0.0,0.0,9,弱势|观众,弱势,观众,4,弱势,131
69e481e8000000002003ad94,"

",,,1,69e7785c000000001401901c,,635ce0c6000000001802cea8,我还以为这里是电弧[捂脸R],2026.04.21,北京,0.0,0.0,14,强势|服务者,强势,服务者,3,强势成功,131
69e481e8000000002003ad94,"

",,,1,69e59f8a000000001401d820,,678c362b000000000a03d5e0,我还以为一组电跑全程,2026.04.20,江苏,0.0,0.0,10,强势|服务者,强势,服务者,4,强势成功,131
69e481e8000000002003ad94,"

",,,1,69e4a10c0000000014019011,,5e33e5c20000000001002676,后半段我还以为是忍者呢。,2026.04.19,山西,0.0,0.0,12,强势|服务者,强势,服务者,3,强势成功,131
69e43b14000000001a02e095,"好萌的小黑仔跑马拉松

",,2760.0,1,69e46b7f0000000014019c23,,621b08ad0000000010008c51,我以为跟阿甘一样扭头回家了[doge],2026.04.19,河南,0.0,0.0,19,弱势|服务者,弱势,服务者,5,弱势,131
69e46730000000001d0199c8,"

",,761.0,1,69e714a8000000001401d82b,,62637bfc000000001000c207,刚开始以为是他头上顶了个塑料袋，塑料袋里装的东西，,2026.04.21,河南,0.0,0.0,25,强势|观众,强势,观众,7,强势成功,131
69e44171000000001a026b25,"机器人马拉松比赛摔倒丝滑起身帅炸了🔥🔥

",9971.0,613.0,1,69f9b02d0000000028032620,,69d3d2270000000032019aeb,我还以为他会来个鲤鱼打挺,2026.05.05,四川,0.0,0.0,12,混合|观众,混合,观众,3,,131
69e44171000000001a026b25,"机器人马拉松比赛摔倒丝滑起身帅炸了🔥🔥

",9971.0,613.0,1,69e5b9c8000000001401b021,,5e5a9c8400000000010099e5,太丝滑以为他是演的,2026.04.20,江西,0.0,0.0,9,混合|观众,混合,观众,2,,131
69e44171000000001a026b25,"机器人马拉松比赛摔倒丝滑起身帅炸了🔥🔥

",9971.0,613.0,1,69e5a5db000000001401b80e,,690b5ce800000000370051c8,本来以为是青铜，结果是王者,2026.04.20,江苏,0.0,0.0,13,混合|观众,混合,观众,5,,131
69e44171000000001a026b25,"机器人马拉松比赛摔倒丝滑起身帅炸了🔥🔥

",9971.0,613.0,1,69e57cad000000001401e00f,,60d6ec93000000000101eeae,你知道鲤鱼打挺是什么吗？,2026.04.20,湖北,0.0,0.0,12,混合|观众,混合,观众,2,,131
69e44171000000001a026b25,"机器人马拉松比赛摔倒丝滑起身帅炸了🔥🔥

",9971.0,613.0,1,69e57422000000001401c400,,6188ecfc0000000021021ac9,我还以为是一个鲤鱼打挺马上翻身弹跳起来,2026.04.20,海南,0.0,0.0,19,混合|观众,混合,观众,6,,131
69e44171000000001a026b25,"机器人马拉松比赛摔倒丝滑起身帅炸了🔥🔥

",9971.0,613.0,1,69e487d9000000001401cc09,,623741780000000010005dfc,我以为它要按表转一圈[偷笑R],2026.04.19,新疆,0.0,0.0,15,混合|观众,混合,观众,3,,131
69e44171000000001a026b25,"机器人马拉松比赛摔倒丝滑起身帅炸了🔥🔥

",9971.0,613.0,1,69e47ce3000000002b0295d6,,6276a75900000000210240ea,虽然但是鲤鱼打挺长这样吗,2026.04.19,瑞典,0.0,0.0,12,混合|观众,混合,观众,3,,131
69e44171000000001a026b25,"机器人马拉松比赛摔倒丝滑起身帅炸了🔥🔥

",9971.0,613.0,1,69e452eb000000001401ac1f,,6300da880000000012002c5f,我以为要鲤鱼打挺,2026.04.19,北京,0.0,0.0,8,混合|观众,混合,观众,2,,131
69e44171000000001a026b25,"机器人马拉松比赛摔倒丝滑起身帅炸了🔥🔥

",9971.0,613.0,1,69e47f65000000002b0371aa,,5cc7a31e000000001601fde7,你是不是对鲤鱼打挺有什么误解[捂脸R],2026.04.19,新西兰,0.0,0.0,19,混合|观众,混合,观众,3,,131
69e48b0b000000001a02578c,"北京马拉松机器人中暑了🥵

",3334.0,467.0,1,69f483bd0000000027028944,,5571311c22cfcd2b148bb56e,我以为着火了[捂脸R],2026.05.01,上海,0.0,0.0,11,失败|服务者,失败,服务者,2,失败,131
69e48341000000001a02d0c4,"机器人马拉松，我们看乐了，西方人看破防了🤣

",3931.0,1022.0,1,69e55ea60000000014018c0a,,64289eab000000001001ec90,你以为人家破防了,2026.04.20,河南,0.0,0.0,8,强势|观众,强势,观众,3,强势成功,131
69e59e520000000022027a90,"花田里犯了错|机器人马拉松正赛搞笑赏析

",,2593.0,1,69f452ea00000000270205eb,,693769c70000000037006d01,还以为芬太尼折叠了（不是,2026.05.01,广东,0.0,0.0,12,弱势|观众,弱势,观众,3,弱势,131
69e429b4000000001b00037a,"张杰演唱会机器人来参加半马了？？

",,2026.0,1,69e44bd4000000001401cc19,,5fe047c100000000010009b8,我还以为要来一段相声呢,2026.04.19,加拿大,0.0,0.0,11,常态|观众,常态,观众,4,常态,131
69e4426b000000001d01c7ed,"一个大的一个小的一个废的

",,7334.0,2,69e4cd4f000000001401c02f,69e461fb000000001401e82b,63d6017e0000000026011565,我还在纳闷，原来主角最后才出场,2026.04.19,福建,0.0,,15,混合|观众,混合,观众,5,,131
69e47f8f000000001f007203,"2026年机器人马拉松状态，五年后再看🤣

",,5834.0,1,69e53e8e0000000014019000,,685e1da9000000001e03ac11,大湾鸡加油,2026.04.20,广东,1502.0,41.0,5,混合|观众,混合,观众,2,,132
69e47f8f000000001f007203,"2026年机器人马拉松状态，五年后再看🤣

",,5834.0,2,69e575550000000014019c01,69e53e8e0000000014019000,6174b391000000000201f336,机器人套了大湾鸡的壳,2026.04.20,云南,40.0,,10,混合|观众,混合,观众,2,,132
69e47f8f000000001f007203,"2026年机器人马拉松状态，五年后再看🤣

",,5834.0,2,69e57fda000000001401d80b,69e53e8e0000000014019000,57f4d4a182ec39726b202976,太可爱了，大湾鸡[飞吻R][飞吻R][飞吻R],2026.04.20,浙江,13.0,,23,混合|观众,混合,观众,2,,132
69e6f2bc0000000023005345,"🍼机器人第一视角，好多人呀

",,687.0,1,69e73b45000000001401ac14,,5e1fc5eb000000000100a21c,大湾鸡也去跑步了啊[doge],2026.04.21,辽宁,5.0,1.0,15,弱势|观众,弱势,观众,2,弱势,132
69e47f8f000000001f007203,"2026年机器人马拉松状态，五年后再看🤣

",,5834.0,2,69e5a68d000000001401c420,69e53e8e0000000014019000,58fdada46a6a694fd8064501,好可爱大湾鸡！,2026.04.20,江西,5.0,,7,混合|观众,混合,观众,2,,132
69e6f2bc0000000023005345,"🍼机器人第一视角，好多人呀

",,687.0,1,69ea12fd000000001401d40e,,616977fa0000000002026eb6,前边有只大湾鸡？[哇R][大笑R][大笑R],2026.04.23,广东,3.0,1.0,22,弱势|观众,弱势,观众,2,弱势,132
69e40352000000002102fc75,"机器人马拉松现场第一视角看全部队伍

",,1160.0,1,69e46424000000001401cc0c,,58f789485e87e777da47d5c3,怎么还有两只大湾🐔？,2026.04.19,广东,2.0,0.0,10,常态|服务者,常态,服务者,2,常态,132
69e47f8f000000001f007203,"2026年机器人马拉松状态，五年后再看🤣

",,5834.0,1,69e72753000000001401b821,,6331b8d40000000023024868,大湾鸡好可爱哈哈哈,2026.04.21,广西,1.0,0.0,9,混合|观众,混合,观众,3,,132
69e47f8f000000001f007203,"2026年机器人马拉松状态，五年后再看🤣

",,5834.0,1,69e6e78f000000001401900d,,552917cf9c5a6e26b038ecac,大湾鸡加油[喝奶茶R],2026.04.21,广东,1.0,0.0,11,混合|观众,混合,观众,2,,132
69e47f8f000000001f007203,"2026年机器人马拉松状态，五年后再看🤣

",,5834.0,1,69e508fe0000000014019800,,60dd7909000000000101e22b,怎么混进一只冒牌大湾鸡[偷笑R],2026.04.20,广东,1.0,0.0,16,混合|观众,混合,观众,4,,132
69e4551e000000001f005895,"荣耀机器人赢麻了🤖我觉得它表情在嘲讽我

",,816.0,1,69e4797b000000001401b007,,609364600000000001003145,一只大飞烤鸡,2026.04.19,湖南,0.0,1.0,6,强势|被超越者,强势,被超越者,3,强势成功,132
69e47f8f000000001f007203,"2026年机器人马拉松状态，五年后再看🤣

",,5834.0,1,69e84e80000000001401e414,,5c37fe8b00000000070365e4,大湾鸡机器人[笑哭R],2026.04.22,广东,0.0,0.0,11,混合|观众,混合,观众,2,,132
69e47f8f000000001f007203,"2026年机器人马拉松状态，五年后再看🤣

",,5834.0,1,69e70a78000000001401ac01,,5e1c72bb0000000001004c29,大湾鸡也参赛了,2026.04.21,湖南,0.0,0.0,7,混合|观众,混合,观众,2,,132
69e47f8f000000001f007203,"2026年机器人马拉松状态，五年后再看🤣

",,5834.0,1,69e60ff00000000014019c13,,66def1b3000000001d02397e,哇，第一次刷到大湾鸡,2026.04.20,河南,0.0,0.0,10,混合|观众,混合,观众,3,,132
69e47f8f000000001f007203,"2026年机器人马拉松状态，五年后再看🤣

",,5834.0,1,69e60c25000000001401e02e,,5a8fb984e8ac2b11ea87ce71,看到大湾鸡版机器人啦,2026.04.20,广东,0.0,0.0,10,混合|观众,混合,观众,3,,132
69e47f8f000000001f007203,"2026年机器人马拉松状态，五年后再看🤣

",,5834.0,1,69e5c5f6000000001401dc09,,5cfbebc3000000001700298b,那个是大湾鸡机器人吗[笑哭R],2026.04.20,广东,0.0,0.0,15,混合|观众,混合,观众,2,,132
69e47f8f000000001f007203,"2026年机器人马拉松状态，五年后再看🤣

",,5834.0,1,69e5af41000000001401c42d,,67c3da3f000000000e01d2a8,哈哈哈哈大湾鸡好可爱,2026.04.20,河南,0.0,0.0,10,混合|观众,混合,观众,3,,132
69e47f8f000000001f007203,"2026年机器人马拉松状态，五年后再看🤣

",,5834.0,1,69e5ac40000000001401942b,,646a384b0000000010024905,不是！怎么还有只假的大湾鸡哈哈哈哈哈[大笑R],2026.04.20,广东,0.0,0.0,23,混合|观众,混合,观众,2,,132
69e47f8f000000001f007203,"2026年机器人马拉松状态，五年后再看🤣

",,5834.0,1,69e5a41b000000001401e823,,5c5e4b35000000001d02b5a7,还有大湾鸡宝宝啊哈哈哈哈哈,2026.04.20,广东,0.0,0.0,13,混合|观众,混合,观众,3,,132
69e47f8f000000001f007203,"2026年机器人马拉松状态，五年后再看🤣

",,5834.0,1,69e5218c000000001401c802,,645b199e000000002a008f38,不是，为什么有大湾鸡[doge],2026.04.20,广东,0.0,0.0,16,混合|观众,混合,观众,2,,132
69e6f2bc0000000023005345,"🍼机器人第一视角，好多人呀

",,687.0,1,69e75e07000000001401dc29,,5a717a874eacab6170969b92,居然还看到了大湾鸡[吧唧R],2026.04.21,湖北,0.0,0.0,14,弱势|观众,弱势,观众,2,弱势,132
69e6f2bc0000000023005345,"🍼机器人第一视角，好多人呀

",,687.0,1,69e74f6f0000000014019426,,64096db50000000014013bc9,居然有只机器大湾鸡,2026.04.21,广东,0.0,0.0,9,弱势|观众,弱势,观众,3,弱势,132
69df625d0000000021005c63,"“扶我起来，我还能再跑10公里”

",,9992.0,1,69dfaa0d000000000c03367f,,64584bec0000000014010e67,那两只烧鸡跑的好快啊,2026.04.15,河北,0.0,0.0,10,失败|观众,失败,观众,2,失败,132
69e40352000000002102fc75,"机器人马拉松现场第一视角看全部队伍

",,1160.0,1,69e4f511000000001401cc2a,,58a4606e82ec394c3052c876,还有两只大湾鸡[doge],2026.04.19,广东,0.0,0.0,13,常态|服务者,常态,服务者,2,常态,132
69e4412a000000002103883f,"荣耀闪电队-齐天大圣夺冠！

",3517.0,445.0,1,69e4f800000000001401dc08,,64fe933600000000050034f7,一只烤鸡在冲锋[笑哭R],2026.04.19,加拿大,0.0,0.0,12,强势|观众,强势,观众,3,强势成功,132
69e59e520000000022027a90,"花田里犯了错|机器人马拉松正赛搞笑赏析

",,2593.0,1,69e8572f000000001401e00c,,5c24bd6d0000000005005800,后面想到了莫氏鸡煲老板哈,2026.04.22,广东,0.0,0.0,12,弱势|观众,弱势,观众,5,弱势,132
69e47f8f000000001f007203,"2026年机器人马拉松状态，五年后再看🤣

",,5834.0,2,69e5b289000000001401c804,69e53e8e0000000014019000,5a9d0ddce8ac2b18e82a6ce4,像大湾鸡穿了20厘米高跟,2026.04.20,北京,0.0,,12,混合|观众,混合,观众,3,,132
69e47f8f000000001f007203,"2026年机器人马拉松状态，五年后再看🤣

",,5834.0,2,69e5fb90000000001401e010,69e53e8e0000000014019000,5b93c87666a8a50001f51614,还有一只酱油鸡,2026.04.20,广东,0.0,,7,混合|观众,混合,观众,2,,132
69e47f8f000000001f007203,"2026年机器人马拉松状态，五年后再看🤣

",,5834.0,2,69e6caa0000000001401d410,69e53e8e0000000014019000,5be585874a1a3b0001878bcd,有鸡冠，是大湾鸡,2026.04.21,广东,0.0,,8,混合|观众,混合,观众,2,,132
69e47f8f000000001f007203,"2026年机器人马拉松状态，五年后再看🤣

",,5834.0,2,69e6dc2d000000001401c811,69e53e8e0000000014019000,5c8dc4430000000016010892,居然有大湾鸡,2026.04.21,广东,0.0,,6,混合|观众,混合,观众,2,,132
69e2583b00000000230211ea,"

",,2406.0,2,69e2f586000000001401a403,69e2f480000000001401a819,60b5e502000000000100237b,一看就质量不好，用的廉价材料,2026.04.18,云南,3.0,,14,失败|抢救者,失败,抢救者,5,失败,133
69e2583b00000000230211ea,"

",,2406.0,1,69e839d6000000001401a817,,60f2aaa500000000010078fc,这个确实做的不行啊,2026.04.22,广东,1.0,0.0,9,失败|抢救者,失败,抢救者,2,失败,133
69e48b0b000000001a02578c,"北京马拉松机器人中暑了🥵

",3334.0,467.0,1,69ea0ee30000000014019410,,698dd0c4000000002102067b,就是一堆废铁,2026.04.23,广东,1.0,0.0,6,失败|服务者,失败,服务者,2,失败,133
69e2583b00000000230211ea,"

",,2406.0,2,69e837cd000000001401b825,69e7a7150000000014019809,58f04e1e5e87e744ec43344c,可是确实质量太差了，整个散架掉,2026.04.22,河南,1.0,,15,失败|抢救者,失败,抢救者,6,失败,133
69e4426b000000001d01c7ed,"一个大的一个小的一个废的

",,7334.0,1,69e49fcf000000001401e819,,5a8cdfe411be1032379012ba,废材赛博,2026.04.19,安徽,0.0,0.0,4,混合|观众,混合,观众,2,,133
69e2583b00000000230211ea,"

",,2406.0,1,69eac93d000000001401c81d,,5eef465c0000000001006634,质量差到离谱,2026.04.24,浙江,0.0,0.0,6,失败|抢救者,失败,抢救者,3,失败,133
69e2583b00000000230211ea,"

",,2406.0,1,69ea161b0000000014019025,,698dd0c4000000002102067b,一堆废铁而已,2026.04.23,广东,0.0,0.0,6,失败|抢救者,失败,抢救者,3,失败,133
69e2583b00000000230211ea,"

",,2406.0,1,69e8e361000000001401a80d,,5b8949d50ddda30001e4fcbf,真的就是豆腐渣工程,2026.04.22,广东,0.0,0.0,9,失败|抢救者,失败,抢救者,2,失败,133
69e2583b00000000230211ea,"

",,2406.0,1,69e7fc7a000000001401b006,,64eeca1d000000000100fea0,回收塑料做的吧,2026.04.22,辽宁,0.0,0.0,7,失败|抢救者,失败,抢救者,2,失败,133
69e2583b00000000230211ea,"

",,2406.0,1,69e7c1de000000001401c401,,5f8e5d120000000001001f80,这个材质是不是太差了点,2026.04.22,浙江,0.0,0.0,11,失败|抢救者,失败,抢救者,3,失败,133
69e2583b00000000230211ea,"

",,2406.0,1,69e7aced0000000014018c03,,5d9a08f60000000001007b78,好家伙，这是什么质量啊？一下就给全部瓦解了,2026.04.22,湖北,0.0,0.0,21,失败|抢救者,失败,抢救者,5,失败,133
69e2583b00000000230211ea,"

",,2406.0,1,69e7a230000000001401d800,,5fccc5ba0000000001008a7b,材质碳纤维为主,2026.04.22,广东,0.0,0.0,7,失败|抢救者,失败,抢救者,3,失败,133
69e2583b00000000230211ea,"

",,2406.0,1,69e79240000000001401a803,,5ed3dbe10000000001001bb8,这质量不行！[笑哭R],2026.04.21,云南,0.0,0.0,11,失败|抢救者,失败,抢救者,2,失败,133
69e2583b00000000230211ea,"

",,2406.0,1,69e76e17000000001401c41a,,5e22cb63000000000100684f,用的这外壳材料这些，真的是太不结实了。,2026.04.21,内蒙古,0.0,0.0,19,失败|抢救者,失败,抢救者,5,失败,133
69e2583b00000000230211ea,"

",,2406.0,1,69e39352000000001401a014,,5cd211b30000000012037ee8,这质量不合格,2026.04.18,江西,0.0,0.0,6,失败|抢救者,失败,抢救者,2,失败,133
69e2583b00000000230211ea,"

",,2406.0,1,69e3344f000000001401a819,,63bbcbb80000000026006641,质量太差了！,2026.04.18,福建,0.0,0.0,6,失败|抢救者,失败,抢救者,2,失败,133
69e2583b00000000230211ea,"

",,2406.0,1,69e30b910000000014019801,,678768e9000000000801cad2,质量太差了，摔一地零件,2026.04.18,山东,0.0,0.0,11,失败|抢救者,失败,抢救者,4,失败,133
69e2583b00000000230211ea,"

",,2406.0,1,69e2f2a0000000001401e81a,,6803bed9000000001b033421,这个质量太差了,2026.04.18,新疆,0.0,0.0,7,失败|抢救者,失败,抢救者,2,失败,133
69e2583b00000000230211ea,"

",,2406.0,1,69e2e92d000000001401bc2c,,622f0b0e0000000010008c2d,材料不过关啊,2026.04.18,黑龙江,0.0,0.0,6,失败|抢救者,失败,抢救者,2,失败,133
69e2583b00000000230211ea,"

",,2406.0,1,69e85142000000001401e824,,68b43f160000000019021621,连零件都造得这么差？,2026.04.22,四川,0.0,0.0,10,失败|抢救者,失败,抢救者,2,失败,133
69e2583b00000000230211ea,"

",,2406.0,1,69e305d2000000001401e80b,,5657e8049eb578720ed625bf,这质量也太差了吧,2026.04.18,天津,0.0,0.0,8,失败|抢救者,失败,抢救者,2,失败,133
69e47f8f000000001f007203,"2026年机器人马拉松状态，五年后再看🤣

",,5834.0,1,69e9a623000000001401bc14,,5a4266e4e8ac2b35bab10225,盗版大顽疾,2026.04.23,重庆,0.0,0.0,5,混合|观众,混合,观众,2,,133
69e481e8000000002003ad94,"

",,,1,69e5d566000000001401bc01,,67d2f635000000000d00bad7,满满的廉价感😂,2026.04.20,日本,0.0,0.0,7,强势|服务者,强势,服务者,2,强势成功,133
69e481e8000000002003ad94,"

",,,1,69e560c3000000001401e003,,6718ecbd000000001d023571,粗糙无比,2026.04.20,江西,0.0,0.0,4,强势|服务者,强势,服务者,2,强势成功,133
69e481e8000000002003ad94,"

",,,1,69e4a36b0000000014019813,,5d430de00000000011025c66,赢弱不堪！,2026.04.19,河北,0.0,0.0,5,强势|服务者,强势,服务者,2,强势成功,133
69e481e8000000002003ad94,"

",,,1,69e5d743000000001401c81b,,5e60a0190000000001002a5e,企都企唔稳，废柴……,2026.04.20,广东,0.0,0.0,10,强势|服务者,强势,服务者,2,强势成功,133
69df625d0000000021005c63,"“扶我起来，我还能再跑10公里”

",,9992.0,1,69e42974000000001401d813,,601d4be1000000000101c22e,劣质产品一堆,2026.04.19,上海,0.0,0.0,6,失败|观众,失败,观众,3,失败,133
69df625d0000000021005c63,"“扶我起来，我还能再跑10公里”

",,9992.0,1,69e17b6c000000001401c013,,6185421c000000000201b55c,质量太差了，就走那么点路碰一下纸板就能散架，跟纸扎的似的,2026.04.17,河南,0.0,0.0,28,失败|观众,失败,观众,7,失败,133
69df625d0000000021005c63,"“扶我起来，我还能再跑10公里”

",,9992.0,1,69e0ae68000000001401bc36,,5bb7644b3b41e50001fbc9f7,都他妈打太极了，这些肯定是假的,2026.04.16,山东,0.0,0.0,15,失败|观众,失败,观众,3,失败,133
69df625d0000000021005c63,"“扶我起来，我还能再跑10公里”

",,9992.0,1,69e07e86000000001401bc02,,5baf1b1b76cd510001e43708,这也太不结实了，假冒伪劣产品,2026.04.16,辽宁,0.0,0.0,14,失败|观众,失败,观众,3,失败,133
69e429b4000000001b00037a,"张杰演唱会机器人来参加半马了？？

",,2026.0,2,69e440d3000000001401b81c,69e42e39000000001401c803,5c259630000000000501fc55,他就一身衣服啊,2026.04.19,北京,303.0,,7,常态|观众,常态,观众,2,常态,134
69e429b4000000001b00037a,"张杰演唱会机器人来参加半马了？？

",,2026.0,1,69e496e0000000001401cc11,,5c3df5540000000005002c4a,衣服也不换一个哈哈哈哈,2026.04.19,吉林,50.0,4.0,11,常态|观众,常态,观众,2,常态,134
69e47f8f000000001f007203,"2026年机器人马拉松状态，五年后再看🤣

",,5834.0,2,69e5ac92000000001401a400,69e57af8000000001401d816,6077e1e5000000000101ee0d,最好还是把衣服换回来,2026.04.20,广东,47.0,,10,混合|观众,混合,观众,3,,134
69e429b4000000001b00037a,"张杰演唱会机器人来参加半马了？？

",,2026.0,2,69e444d4000000001401ac10,69e44434000000001401e816,641d736b000000001102042d,你别说，服装搭配这块儿，让他拿捏了[大笑R],2026.04.19,天津,31.0,,22,常态|观众,常态,观众,5,常态,134
69da7e87000000001a03484e,"今晚的亦庄机器人马拉松测试

",,8169.0,2,69db1c6e0000000002028f98,69daf56d000000001601419c,5550630fb203d9314d6f3d1b,没穿裤子哈哈哈,2026.04.12,四川,14.0,,7,强势|观众,强势,观众,2,强势成功,134
69e6f2bc0000000023005345,"🍼机器人第一视角，好多人呀

",,687.0,2,69e7367f0000000014018c1e,69e7170a000000001401b807,5bf172b48e9f3600018d9da9,上个卤蛋的头套，让他走出卤蛋的步伐，更出圈,2026.04.21,广东,8.0,,21,弱势|观众,弱势,观众,7,弱势,134
69e429b4000000001b00037a,"张杰演唱会机器人来参加半马了？？

",,2026.0,1,69e42f76000000001401b809,,599cc4c45e87e73a22560dba,衣服裤子好像的,2026.04.19,北京,5.0,0.0,7,常态|观众,常态,观众,3,常态,134
69e47f8f000000001f007203,"2026年机器人马拉松状态，五年后再看🤣

",,5834.0,2,69e5ad79000000001401cc26,69e5ab44000000001401b81b,5dd76111000000000100792a,好眼熟的服装哈哈哈哈哈,2026.04.20,广东,4.0,,11,混合|观众,混合,观众,2,,134
69e429b4000000001b00037a,"张杰演唱会机器人来参加半马了？？

",,2026.0,2,69e466a0000000001401a001,69e42e39000000001401c803,5897494e82ec3967fd02b3dd,换身衣服，怕别人不认识他了,2026.04.19,山东,4.0,,13,常态|观众,常态,观众,4,常态,134
69e429b4000000001b00037a,"张杰演唱会机器人来参加半马了？？

",,2026.0,2,69e45c26000000001401b820,69e45beb000000001401c825,5c5dba10000000001801f5a2,那天没穿衣服,2026.04.19,辽宁,2.0,,6,常态|观众,常态,观众,2,常态,134
69e429b4000000001b00037a,"张杰演唱会机器人来参加半马了？？

",,2026.0,2,69e49d64000000001401c821,69e42e39000000001401c803,5ba343d76b58b76ac447c3a0,换衣服出来怕你们不认识它[笑哭R],2026.04.19,福建,1.0,,17,常态|观众,常态,观众,2,常态,134
69e429b4000000001b00037a,"张杰演唱会机器人来参加半马了？？

",,2026.0,2,69e4b9bc0000000014019c1b,69e42e39000000001401c803,5ca331500000000012027621,有衣服穿就不错了哈哈哈哈[笑哭R],2026.04.19,辽宁,1.0,,17,常态|观众,常态,观众,2,常态,134
69e429b4000000001b00037a,"张杰演唱会机器人来参加半马了？？

",,2026.0,2,69e45f91000000001401d419,69e42e39000000001401c803,5a4182c7e8ac2b36a95b4e50,换了衣服你就认不出来了,2026.04.19,北京,1.0,,11,常态|观众,常态,观众,2,常态,134
69e429b4000000001b00037a,"张杰演唱会机器人来参加半马了？？

",,2026.0,2,69e44517000000001401e00a,69e44434000000001401e816,6788e2260000000008016bd9,衣服褶皱都一毛一样,2026.04.19,北京,1.0,,9,常态|观众,常态,观众,4,常态,134
69e429b4000000001b00037a,"张杰演唱会机器人来参加半马了？？

",,2026.0,2,69e460d0000000001401d42e,69e45beb000000001401c825,564fea44e58d133ab3107667,第一天么？看穿衣服看习惯了还是觉得穿衣服看起来舒服些[笑哭R][笑哭R],2026.04.19,江苏,1.0,,36,常态|观众,常态,观众,6,常态,134
69da7e87000000001a03484e,"今晚的亦庄机器人马拉松测试

",,8169.0,1,69dbb2fb00000000160169cf,,63ae973300000000270358df,穿上白衣服，，，带上假发，披头散发那种。,2026.04.12,山东,0.0,0.0,20,强势|观众,强势,观众,5,强势成功,134
69da7e87000000001a03484e,"今晚的亦庄机器人马拉松测试

",,8169.0,1,69db395b000000000d03e521,,5c7c14d400000000100355e8,最后那两穿上衣服[doge]我这夜盲根本看不出[doge],2026.04.12,广东,0.0,0.0,29,强势|观众,强势,观众,5,强势成功,134
69e42cc100000000220001ad,"机器人马拉松倒数第一名，萌翻了🤣🤣🤣

",,8501.0,1,69e4f116000000001401c80e,,5788158650c4b463742fd456,好像小孩穿大人似的[偷笑R],2026.04.19,山东,0.0,0.0,14,弱势|观众,弱势,观众,4,弱势,134
69e42cc100000000220001ad,"机器人马拉松倒数第一名，萌翻了🤣🤣🤣

",,8501.0,1,69e4e528000000001401d82a,,6730c002000000001d02e1b8,缺少一个泰迪衣服,2026.04.19,新疆,0.0,0.0,8,弱势|观众,弱势,观众,3,弱势,134
69e47f8f000000001f007203,"2026年机器人马拉松状态，五年后再看🤣

",,5834.0,1,69e5af56000000001401e815,,593fdf7c5e87e7555873645d,何必穿衣服,2026.04.20,广东,0.0,0.0,5,混合|观众,混合,观众,2,,134
69e47f8f000000001f007203,"2026年机器人马拉松状态，五年后再看🤣

",,5834.0,1,69e59bc2000000001401b820,,60cd6a63000000000101ed36,严谨 还给穿了衣服,2026.04.20,湖北,0.0,0.0,9,混合|观众,混合,观众,3,,134
69e47f8f000000001f007203,"2026年机器人马拉松状态，五年后再看🤣

",,5834.0,1,69e573b6000000001401b816,,67fb0108000000000e0113e4,洋相百出，还有穿鞋的[笑哭R],2026.04.20,山东,0.0,0.0,15,混合|观众,混合,观众,2,,134
69e47f8f000000001f007203,"2026年机器人马拉松状态，五年后再看🤣

",,5834.0,1,69e5707d000000001401e404,,5a65d00611be1063b4f301da,穿衣服的是比较优雅哈,2026.04.20,福建,0.0,0.0,10,混合|观众,混合,观众,3,,134
69e47f8f000000001f007203,"2026年机器人马拉松状态，五年后再看🤣

",,5834.0,1,69e56fb90000000014019805,,623d8403000000001000939c,穿衣服影响发挥[派对R],2026.04.20,山东,0.0,0.0,12,混合|观众,混合,观众,3,,134
69e481e8000000002003ad94,"

",,,1,69e86b74000000001401b805,,602f170a000000000101ebc6,裤衩也不穿，有伤风化[笑哭R],2026.04.22,上海,0.0,0.0,15,强势|服务者,强势,服务者,2,强势成功,134
69e481e8000000002003ad94,"

",,,1,69e71410000000001401d80e,,5a30d8a2e8ac2b1597a1f2da,给他戴个假发呗。,2026.04.21,广东,0.0,0.0,8,强势|服务者,强势,服务者,2,强势成功,134
69e481e8000000002003ad94,"

",,,1,69e6d0aa000000001401c826,,694c7f1b00000000030113af,看嫂子不穿衣服,2026.04.21,江苏,0.0,0.0,7,强势|服务者,强势,服务者,2,强势成功,134
69e481e8000000002003ad94,"

",,,1,69e4a6ee000000001401e837,,60c1c842000000000101d442,下次要穿衣服,2026.04.19,广东,0.0,0.0,6,强势|服务者,强势,服务者,2,强势成功,134
69e481e8000000002003ad94,"

",,,1,69e5c102000000001401e817,,5f587ae300000000010045ea,出门带几个男丫鬟[笑哭R],2026.04.20,陕西,0.0,0.0,13,强势|服务者,强势,服务者,3,强势成功,134
69df625d0000000021005c63,"“扶我起来，我还能再跑10公里”

",,9992.0,1,69dfad3800000000160152c7,,6788426f000000000801cb8a,黑衣服的把影子识别成物体了？,2026.04.15,河北,0.0,0.0,14,失败|观众,失败,观众,4,失败,134
69e4c771000000002102c3fc,"一镜到底！看人形机器人跑半马如何补给。

",,89.0,1,69e4f96b000000002b00361c,,59bf438551783a19e2f4e108,看这技术人员都这么年轻，真棒[赞R],2026.04.19,加拿大,1138.0,1.0,18,常态|服务者,常态,服务者,3,常态,135
69e48d54000000002102e178,"😭亦庄机器人半马最感人一幕

",,1589.0,2,69e576820000000014019406,69e504de000000001401bc03,62f1cb1d00000000190205b7,我看到工程师那么年轻头发那么多也有点感慨，我们的人才储备真足[偷笑R][偷笑R] 真好啊,2026.04.20,广东,81.0,,44,弱势|保护者,弱势,保护者,8,弱势,135
69e4c771000000002102c3fc,"一镜到底！看人形机器人跑半马如何补给。

",,89.0,2,69e58ae1000000001401c81f,69e4f96b000000002b00361c,65db213e0000000005030eac,少年强则国强的具象化,2026.04.20,陕西,72.0,,10,常态|服务者,常态,服务者,4,常态,135
69e4c771000000002102c3fc,"一镜到底！看人形机器人跑半马如何补给。

",,89.0,1,69e62d74000000001401942e,,5deb1026000000000100107e,都是年轻技术人员，真棒,2026.04.20,江西,62.0,1.0,11,常态|服务者,常态,服务者,3,常态,135
69e4c771000000002102c3fc,"一镜到底！看人形机器人跑半马如何补给。

",,89.0,1,69e575ce000000001401e809,,63e863d90000000028019b75,所有技术人员都是最棒的，为你们骄傲[飞吻R],2026.04.20,浙江,27.0,0.0,22,常态|服务者,常态,服务者,3,常态,135
69e48d54000000002102e178,"😭亦庄机器人半马最感人一幕

",,1589.0,2,69e5a22b000000001401c00a,69e4aa34000000001401bc30,5c2772860000000007017547,共产主义接班人,2026.04.20,北京,16.0,,7,弱势|保护者,弱势,保护者,2,弱势,135
69e481e8000000002003ad94,"

",,,1,69e49af4000000001401e81b,,64c6a97c000000000b00481c,团队好年轻，都是小伙子，让我一瞬间觉得80后的自己已经老了[得意R],2026.04.19,河北,12.0,15.0,34,强势|服务者,强势,服务者,5,强势成功,135
69e481e8000000002003ad94,"

",,,1,69e4923a0000000014018c18,,602e7071000000000100a2f7,这些年轻人太厉害了,2026.04.19,河北,7.0,1.0,9,强势|服务者,强势,服务者,3,强势成功,135
69e481e8000000002003ad94,"

",,,1,69e49502000000001401e811,,6452f41b000000000f0052b1,我倒是注意到，咱们的工作人员都好年轻，咱们的研发人员也这么年轻吗,2026.04.19,广西,4.0,3.0,32,强势|服务者,强势,服务者,8,强势成功,135
69e4c771000000002102c3fc,"一镜到底！看人形机器人跑半马如何补给。

",,89.0,2,69e6c0860000000014019806,69e62d74000000001401942e,59f35f5c11be1071028d605a,少年强则国强,2026.04.21,广东,4.0,,6,常态|服务者,常态,服务者,3,常态,135
69e634590000000022003bb5,"每个马拉松机器人，都有自己的热血故事。

",,824.0,1,69e86081000000001401a019,,5a853e2ce8ac2b2955d76c8d,"看哭了。一群奋力向前奔跑的年轻人, 你们就是国家的希望。",2026.04.22,河北,3.0,0.0,28,常态|观众,常态,观众,7,常态,135
69e447d2000000001d01aa01,"当算法有了腿，程序员万万没想到……

",,2912.0,2,69e45a120000000014018c1a,69e455ce000000001401ac24,5ba7c193bc0bc6000137bb70,《年轻的朋友们，我们来相会~》,2026.04.19,北京,3.0,,15,强势|服务者,强势,服务者,3,强势成功,135
69e634590000000022003bb5,"每个马拉松机器人，都有自己的热血故事。

",,824.0,2,69e7444d000000001401d827,69e6be18000000001401b002,5995c07f82ec397b648fbe39,看得热血沸腾，这些后起之秀太棒了[派对R]真是都想重新上大学了哈哈哈哈,2026.04.21,河南,3.0,,35,常态|观众,常态,观众,8,常态,135
69e481e8000000002003ad94,"

",,,1,69e4a191000000001401dc2d,,66fa69df000000001d0200b1,别的都是没注意，只注意到这帮工程师越来越年轻了,2026.04.19,河南,2.0,0.0,23,强势|服务者,强势,服务者,7,强势成功,135
69e40352000000002102fc75,"机器人马拉松现场第一视角看全部队伍

",,1160.0,1,69e43aff000000001401e022,,600ecd15000000000101c35f,很热闹很有趣啊，一帮充满想象力的年轻人，加油[派对R][派对R],2026.04.19,湖南,2.0,0.0,32,常态|服务者,常态,服务者,7,常态,135
69e481e8000000002003ad94,"

",,,1,69e6c936000000001401a00d,,6486824e0000000014038710,科研团队年轻化，为我们年轻的科技人才点赞。[点赞R][点赞R][点赞R],2026.04.21,河北,1.0,0.0,36,强势|服务者,强势,服务者,6,强势成功,135
69e481e8000000002003ad94,"

",,,1,69e5e09d000000001401c80a,,5c78eac60000000017027926,这群年轻人才是国家的未来,2026.04.20,浙江,1.0,0.0,12,强势|服务者,强势,服务者,4,强势成功,135
69e45dbe000000001f00434f,"机器人跑马拉松超越人类？

",4650.0,773.0,1,69e5a98b000000001401bc2e,,6074648b0000000001007d74,一群朝气蓬勃的年轻人干的不错！,2026.04.20,上海,1.0,0.0,15,强势|观众,强势,观众,4,强势成功,135
69e447d2000000001d01aa01,"当算法有了腿，程序员万万没想到……

",,2912.0,1,69e498a3000000001401d826,,5b2cb893e8ac2b3e31ca7ebd,太牛了，辛苦年轻科学家了,2026.04.19,安徽,1.0,0.0,12,强势|服务者,强势,服务者,4,强势成功,135
69e4426b000000001d01c7ed,"一个大的一个小的一个废的

",,7334.0,1,69e45f3b000000001401c801,,5c6deb5400000000100332ff,自古英雄出少年,2026.04.19,上海,0.0,0.0,7,混合|观众,混合,观众,3,,135
69e41e24000000001a025f1a,"人形机器人半马摔倒瞬间🔥🔥

",1155.0,129.0,1,69e60476000000001401a402,,550eb16c4fac633a9372f23e,一车车的工作人员都好年轻啊，好有希望！！,2026.04.20,江苏,0.0,0.0,20,失败|观众,失败,观众,4,失败,135
69e42cc100000000220001ad,"机器人马拉松倒数第一名，萌翻了🤣🤣🤣

",,8501.0,1,69e4fe06000000001401c827,,569cb4c84775a70455943021,这个很能体现八零后的精神状态[捂脸R]，时代在前，我们碎步跟上[捂脸R],2026.04.20,北京,0.0,0.0,36,弱势|观众,弱势,观众,7,弱势,135
69e47f8f000000001f007203,"2026年机器人马拉松状态，五年后再看🤣

",,5834.0,1,69e5b85e000000001401c014,,638881de000000001f01dfaf,研究人员好年轻,2026.04.20,山东,0.0,0.0,7,混合|观众,混合,观众,3,,135
69e481e8000000002003ad94,"

",,,1,69e499a1000000001401b811,,604cb3b90000000001009fcd,小伙子们真棒,2026.04.19,四川,0.0,0.0,6,强势|服务者,强势,服务者,2,强势成功,135
69e481e8000000002003ad94,"

",,,1,69e7277c0000000014019402,,5e8abb0600000000010021a4,中国有这么拼的一群年轻人，一切指日可待,2026.04.21,海南,0.0,0.0,19,强势|服务者,强势,服务者,5,强势成功,135
69e481e8000000002003ad94,"

",,,1,69e6bce0000000001401e400,,604043ba0000000001005c20,就挺感动的，现在年青人真的牛逼,2026.04.21,北京,0.0,0.0,15,强势|服务者,强势,服务者,3,强势成功,135
69e481e8000000002003ad94,"

",,,1,69e4a080000000001401d80a,,61ee6403000000001000e281,你看，是一伙年轻人,2026.04.19,河北,0.0,0.0,9,强势|服务者,强势,服务者,2,强势成功,135
69e40352000000002102fc75,"机器人马拉松现场第一视角看全部队伍

",,1160.0,1,69e4c110000000001401941e,,660eba70000000000b00ebda,牛逼👍，全是小青年。,2026.04.19,安徽,0.0,0.0,10,常态|服务者,常态,服务者,2,常态,135
69e40352000000002102fc75,"机器人马拉松现场第一视角看全部队伍

",,1160.0,1,69e4bda30000000014018c00,,68c6b608000000001901f393,好玩，都是年轻人，朝气蓬勃。,2026.04.19,广东,0.0,0.0,14,常态|服务者,常态,服务者,3,常态,135
69e40352000000002102fc75,"机器人马拉松现场第一视角看全部队伍

",,1160.0,1,69e46a1e0000000014019c02,,6464487f000000002a00bf16,少年强则国强[点赞R][点赞R][点赞R],2026.04.19,陕西,0.0,0.0,21,常态|服务者,常态,服务者,3,常态,135
69e59e520000000022027a90,"花田里犯了错|机器人马拉松正赛搞笑赏析

",,2593.0,2,69e6c557000000001401e803,69e6394c000000001401c410,60a1f34c000000000100a2c4,这些是成绩倒数的,2026.04.21,湖北,111.0,,8,弱势|观众,弱势,观众,3,弱势,136
69e59e520000000022027a90,"花田里犯了错|机器人马拉松正赛搞笑赏析

",,2593.0,2,69e63644000000001401a000,69e5fc55000000001401c02e,61c3244a000000001000958b,这小孩跑倒数第一[笑哭R][笑哭R][笑哭R],2026.04.20,陕西,14.0,,23,弱势|观众,弱势,观众,3,弱势,136
69e48d54000000002102e178,"😭亦庄机器人半马最感人一幕

",,1589.0,2,69e578d10000000014013402,69e4c22d000000001401d41d,59d6ecbe44363b17e14318f3,好像是倒数第一,2026.04.20,江苏,4.0,,7,弱势|保护者,弱势,保护者,3,弱势,136
69e42cc100000000220001ad,"机器人马拉松倒数第一名，萌翻了🤣🤣🤣

",,8501.0,1,69e55124000000001401e803,,5c340f280000000006007bf6,倒数第一也很牛逼了，我去跑马拉松，都是太靠后了，直接被驱逐出赛道那伙的，哈哈哈哈,2026.04.20,辽宁,2.0,0.0,40,弱势|观众,弱势,观众,6,弱势,136
69e42cc100000000220001ad,"机器人马拉松倒数第一名，萌翻了🤣🤣🤣

",,8501.0,1,69e511ac000000001401c800,,590c2aa482ec39287ac552dd,没事，倒数第一也很棒，对小宝宝不要寄予太大期望[kissR],2026.04.20,河南,2.0,0.0,30,弱势|观众,弱势,观众,9,弱势,136
69e42cc100000000220001ad,"机器人马拉松倒数第一名，萌翻了🤣🤣🤣

",,8501.0,1,69e502ab000000001401e011,,5b3d9e6e11be1051a9f0202f,倒数第一也是第一，也是流量王，谁会记住中间的啊，都会记住第一和倒数第一[笑哭R][笑哭R][笑哭R][笑哭R]该说不说真的好可爱[笑哭R][笑哭R],2026.04.20,江苏,2.0,0.0,74,弱势|观众,弱势,观众,13,弱势,136
69e42cc100000000220001ad,"机器人马拉松倒数第一名，萌翻了🤣🤣🤣

",,8501.0,1,69e500bc000000001401b020,,5c5aea510000000012004642,虽然倒数，感觉孜孜不倦的样子,2026.04.20,江苏,2.0,0.0,14,弱势|观众,弱势,观众,4,弱势,136
69e42cc100000000220001ad,"机器人马拉松倒数第一名，萌翻了🤣🤣🤣

",,8501.0,1,69e55a3a000000001401bc03,,5c84e2980000000010022af0,它这么努力，怎么会是倒数第一呢[失望R],2026.04.20,浙江,1.0,2.0,20,弱势|观众,弱势,观众,3,弱势,136
69e42cc100000000220001ad,"机器人马拉松倒数第一名，萌翻了🤣🤣🤣

",,8501.0,1,69e5507d000000001401ac00,,5edc584f000000000101ec98,穿个大鞋[捂脸R]你不倒数第一都怪了哈哈哈哈哈,2026.04.20,山东,1.0,0.0,23,弱势|观众,弱势,观众,4,弱势,136
69e42cc100000000220001ad,"机器人马拉松倒数第一名，萌翻了🤣🤣🤣

",,8501.0,2,69e55b140000000014019c03,69e55a3a000000001401bc03,61def3170000000010004d8d,就怕很努力，结果还是倒数第一的[笑哭R],2026.04.20,辽宁,1.0,,20,弱势|观众,弱势,观众,4,弱势,136
69e4426b000000001d01c7ed,"一个大的一个小的一个废的

",,7334.0,1,69e47ead000000001401980b,,6002012f000000000101f642,内小孩不是倒数第一,2026.04.19,山东,0.0,0.0,9,混合|观众,混合,观众,3,,136
69da7e87000000001a03484e,"今晚的亦庄机器人马拉松测试

",,8169.0,1,69db357d0000000016015d72,,5ba913145d426e0001afd860,倒数第二个来搞笑的吗[笑哭R],2026.04.12,新疆,0.0,0.0,15,强势|观众,强势,观众,3,强势成功,136
69e42cc100000000220001ad,"机器人马拉松倒数第一名，萌翻了🤣🤣🤣

",,8501.0,1,69e55900000000001401c000,,59131b396a6a6942dc0426cd,跑马拉松倒数第一名，获得观众的眼球是第一名,2026.04.20,广东,0.0,0.0,21,弱势|观众,弱势,观众,7,弱势,136
69e42cc100000000220001ad,"机器人马拉松倒数第一名，萌翻了🤣🤣🤣

",,8501.0,1,69e51ceb000000001401b004,,5c965d5e000000001601ae3d,我不信这个速度是倒数第一名,2026.04.20,陕西,0.0,0.0,13,弱势|观众,弱势,观众,4,弱势,136
69e42cc100000000220001ad,"机器人马拉松倒数第一名，萌翻了🤣🤣🤣

",,8501.0,1,69e5138e000000001401e412,,5ae12a2311be107bb7892476,迈着矫健的步伐喜获倒数第一名[笑哭R],2026.04.20,美国,0.0,0.0,19,弱势|观众,弱势,观众,6,弱势,136
69e42cc100000000220001ad,"机器人马拉松倒数第一名，萌翻了🤣🤣🤣

",,8501.0,1,69e4f77b000000001401ac0a,,5af93d446b58b7613cb6314b,倒數第一也是第一！,2026.04.19,中国台湾,0.0,0.0,9,弱势|观众,弱势,观众,3,弱势,136
69e42cc100000000220001ad,"机器人马拉松倒数第一名，萌翻了🤣🤣🤣

",,8501.0,1,69e4f3b1000000001401d43c,,5a62a2a711be107d440ccb60,倒数第一吗？[捂脸R],2026.04.19,海南,0.0,0.0,11,弱势|观众,弱势,观众,2,弱势,136
69e42cc100000000220001ad,"机器人马拉松倒数第一名，萌翻了🤣🤣🤣

",,8501.0,1,69e4f35b000000001401dc1d,,614fb0f6000000000201eea1,倒数第一也是第一。太可爱了小萌娃,2026.04.19,河北,0.0,0.0,16,弱势|观众,弱势,观众,5,弱势,136
69e42cc100000000220001ad,"机器人马拉松倒数第一名，萌翻了🤣🤣🤣

",,8501.0,1,69e4e44d000000001401b002,,62bb0aeb000000001902958e,倒数最后一名不要紧，它能完赛就是胜利[捂脸R],2026.04.19,广东,0.0,0.0,23,弱势|观众,弱势,观众,6,弱势,136
69e42cc100000000220001ad,"机器人马拉松倒数第一名，萌翻了🤣🤣🤣

",,8501.0,1,69e5a8b4000000001401a42b,,62d5fb6c0000000002003fc7,它是倒数第一，它自己知道吗,2026.04.20,上海,0.0,0.0,13,弱势|观众,弱势,观众,3,弱势,136
69e42cc100000000220001ad,"机器人马拉松倒数第一名，萌翻了🤣🤣🤣

",,8501.0,1,69e5722e000000001401d406,,5e45311e0000000001001683,倒数第一也是胜利，哪有幼儿园孩子和运动员比赛的[捂脸R],2026.04.20,吉林,0.0,0.0,28,弱势|观众,弱势,观众,8,弱势,136
69e42cc100000000220001ad,"机器人马拉松倒数第一名，萌翻了🤣🤣🤣

",,8501.0,1,69e507010000000014019009,,5f01d6980000000001000ae3,倒数第一？你是说那个脖子以下全是腿的豆包机器人跑的比他快？[石化R],2026.04.20,重庆,0.0,0.0,34,弱势|观众,弱势,观众,7,弱势,136
69e42cc100000000220001ad,"机器人马拉松倒数第一名，萌翻了🤣🤣🤣

",,8501.0,1,69e502bb0000000014019418,,5485aed5d6e4a92d737bf70e,是倒数第一啊。🤣,2026.04.20,新加坡,0.0,0.0,8,弱势|观众,弱势,观众,2,弱势,136
69e42cc100000000220001ad,"机器人马拉松倒数第一名，萌翻了🤣🤣🤣

",,8501.0,1,69e4fcd3000000001401dc10,,5970ba9b82ec3902989d0a32,ta是倒数第一，你是说，豆脚比ta快？,2026.04.20,北京,0.0,0.0,19,弱势|观众,弱势,观众,5,弱势,136
69e42cc100000000220001ad,"机器人马拉松倒数第一名，萌翻了🤣🤣🤣

",,8501.0,1,69e47a8f000000001401a81c,,68494ef7000000001b018ed8,倒数第一咋啦。可爱第一就行拉,2026.04.19,浙江,0.0,0.0,14,弱势|观众,弱势,观众,6,弱势,136
69e42cc100000000220001ad,"机器人马拉松倒数第一名，萌翻了🤣🤣🤣

",,8501.0,1,69e468400000000014019c00,,5bb83582aa7db30001ac87c2,倒数第一难道不是第一？？？,2026.04.19,山东,0.0,0.0,13,弱势|观众,弱势,观众,4,弱势,136
69e42cc100000000220001ad,"机器人马拉松倒数第一名，萌翻了🤣🤣🤣

",,8501.0,1,69e465b4000000001401cc13,,63db9f660000000026007b9b,人家是机器人小中的小童学，倒数第一已经很好了呢，比那些还没起跑就不行的、跑几步就崴了脚的、斜着撞广告牌去的、断肥摔倒散架的……强了万倍了[笑哭R][笑哭R],2026.04.19,湖南,0.0,0.0,78,弱势|观众,弱势,观众,15,弱势,136
69e42cc100000000220001ad,"机器人马拉松倒数第一名，萌翻了🤣🤣🤣

",,8501.0,1,69e45e33000000001401c00a,,5d5e4419000000000100111b,倒数第一难道就不是第一了吗,2026.04.19,上海,0.0,0.0,13,弱势|观众,弱势,观众,4,弱势,136
69e42cc100000000220001ad,"机器人马拉松倒数第一名，萌翻了🤣🤣🤣

",,8501.0,1,69e454f9000000001401b833,,5b2848444eacab032df9f82c,应该算不上倒数第一，有好多跪了,2026.04.19,北京,0.0,0.0,15,弱势|观众,弱势,观众,4,弱势,136
69e46730000000001d0199c8,"

",,761.0,1,69e5ea67000000001401c006,,5bd42fdc51783a24578a17ac,倒数第一最可爱,2026.04.20,四川,0.0,0.0,7,强势|观众,强势,观众,3,强势成功,136
69da7e87000000001a03484e,"今晚的亦庄机器人马拉松测试

",,8169.0,1,69dad931000000003501c894,,6069c2020000000001000385,。。。。这进步是吓人,2026.04.12,北京,3.0,0.0,10,强势|观众,强势,观众,2,强势成功,137
69e44278000000001a0217bb,"机器人超过我的瞬间

",6019.0,372.0,1,69e4839d000000001401d425,,60517672000000000101cb13,这视角，感觉更快了[派对R],2026.04.19,福建,1.0,0.0,14,强势|被超越者,强势,被超越者,2,强势成功,137
69da7e87000000001a03484e,"今晚的亦庄机器人马拉松测试

",,8169.0,1,69db029c000000000202a742,,604db7120000000001005e8f,卧槽进步这么大😲,2026.04.12,四川,1.0,0.0,8,强势|观众,强势,观众,2,强势成功,137
69e48341000000001a02d0c4,"机器人马拉松，我们看乐了，西方人看破防了🤣

",3931.0,1022.0,1,69e4c10e000000001401a419,,5e41a63500000000010014b0,进步好大,2026.04.19,四川,1.0,0.0,4,强势|观众,强势,观众,2,强势成功,137
69e59e520000000022027a90,"花田里犯了错|机器人马拉松正赛搞笑赏析

",,2593.0,1,69e61727000000001401a003,,5b40d42df7e8b93ea45e7d61,虽然进步很快，但是太好笑了！哈哈哈哈哈哈,2026.04.20,广东,1.0,0.0,20,弱势|观众,弱势,观众,4,弱势,137
69e2583b00000000230211ea,"

",,2406.0,1,69e2fc5e000000001401a02c,,5d85ac530000000001006c71,有进步。越线了！,2026.04.18,天津,0.0,0.0,8,失败|抢救者,失败,抢救者,2,失败,137
69da7e87000000001a03484e,"今晚的亦庄机器人马拉松测试

",,8169.0,1,69dbb8e80000000035014f56,,5c06547b000000000700a747,进步太快了,2026.04.12,江苏,0.0,0.0,5,强势|观众,强势,观众,2,强势成功,137
69da7e87000000001a03484e,"今晚的亦庄机器人马拉松测试

",,8169.0,1,69dbb1eb000000003501a255,,5923335650c4b433589ddd82,进步真快,2026.04.12,浙江,0.0,0.0,4,强势|观众,强势,观众,2,强势成功,137
69da7e87000000001a03484e,"今晚的亦庄机器人马拉松测试

",,8169.0,1,69dbad8c0000000035014df6,,559e7e0ef5a2633b85df03aa,太棒了👍进步太快了,2026.04.12,江苏,0.0,0.0,9,强势|观众,强势,观众,3,强势成功,137
69da7e87000000001a03484e,"今晚的亦庄机器人马拉松测试

",,8169.0,1,69db605b0000000035014f10,,5e42a03600000000010006fc,上一次参赛还非常笨拙……进步太快了。,2026.04.12,山东,0.0,0.0,18,强势|观众,强势,观众,6,强势成功,137
69da7e87000000001a03484e,"今晚的亦庄机器人马拉松测试

",,8169.0,1,69db3a3d0000000035025423,,5cda944c00000000120327c5,真的是一日千里啊,2026.04.12,江苏,0.0,0.0,8,强势|观众,强势,观众,2,强势成功,137
69da7e87000000001a03484e,"今晚的亦庄机器人马拉松测试

",,8169.0,1,69db2c7f000000000103cfbc,,5dadb8ba0000000001004ae7,进步极大,2026.04.12,广东,0.0,0.0,4,强势|观众,强势,观众,2,强势成功,137
69da7e87000000001a03484e,"今晚的亦庄机器人马拉松测试

",,8169.0,1,69db27a0000000000103ee60,,5ee563680000000001004b81,又比之前进步了[点赞R],2026.04.12,广东,0.0,0.0,12,强势|观众,强势,观众,2,强势成功,137
69da7e87000000001a03484e,"今晚的亦庄机器人马拉松测试

",,8169.0,1,69db26cb0000000035014f7b,,66bbf9fc000000001d0226a3,好厉害啊稳定性和速度越来越好了,2026.04.12,广东,0.0,0.0,15,强势|观众,强势,观众,4,强势成功,137
69da7e87000000001a03484e,"今晚的亦庄机器人马拉松测试

",,8169.0,1,69db234b0000000015008196,,5db456ed0000000001000706,有很大进步了,2026.04.12,山东,0.0,0.0,6,强势|观众,强势,观众,2,强势成功,137
69da7e87000000001a03484e,"今晚的亦庄机器人马拉松测试

",,8169.0,1,69db1bab0000000014009488,,5f5cf4cb0000000001003d2a,进步神速啊,2026.04.12,河南,0.0,0.0,5,强势|观众,强势,观众,2,强势成功,137
69da7e87000000001a03484e,"今晚的亦庄机器人马拉松测试

",,8169.0,1,69db17d40000000035021857,,59e16243de5fb46054797193,进步飞速啊！,2026.04.12,安徽,0.0,0.0,6,强势|观众,强势,观众,2,强势成功,137
69da7e87000000001a03484e,"今晚的亦庄机器人马拉松测试

",,8169.0,1,69db16e4000000001500027b,,5fc3972d000000000101fb20,进步很快,2026.04.12,福建,0.0,0.0,4,强势|观众,强势,观众,2,强势成功,137
69da7e87000000001a03484e,"今晚的亦庄机器人马拉松测试

",,8169.0,1,69db161d00000000350122ea,,637e2cca000000001f016f6f,进步好快,2026.04.12,福建,0.0,0.0,4,强势|观众,强势,观众,2,强势成功,137
69da7e87000000001a03484e,"今晚的亦庄机器人马拉松测试

",,8169.0,1,69db15da0000000035020bb8,,5f3c08b6000000000101e711,进步太快了[派对R],2026.04.12,浙江,0.0,0.0,10,强势|观众,强势,观众,2,强势成功,137
69da7e87000000001a03484e,"今晚的亦庄机器人马拉松测试

",,8169.0,1,69db12d700000000350208e7,,631d5b7a000000002303a338,卷出新高度,2026.04.12,辽宁,0.0,0.0,5,强势|观众,强势,观众,2,强势成功,137
69da7e87000000001a03484e,"今晚的亦庄机器人马拉松测试

",,8169.0,1,69db0e52000000003502d998,,648fd8a6000000002b00a0d4,以前我看它们各种出丑，觉得好笑，现在我看到的是进步的很快，未来可期。,2026.04.12,山东,0.0,0.0,34,强势|观众,强势,观众,8,强势成功,137
69da7e87000000001a03484e,"今晚的亦庄机器人马拉松测试

",,8169.0,1,69db0de1000000003502c87f,,5abfd8e1e8ac2b444cd50df7,进步已经很大了，再接再厉,2026.04.12,广东,0.0,0.0,12,强势|观众,强势,观众,3,强势成功,137
69da7e87000000001a03484e,"今晚的亦庄机器人马拉松测试

",,8169.0,1,69db0bbb000000000d0361f0,,586d03dda9b2ed1412450a89,进步太快了。,2026.04.12,北京,0.0,0.0,6,强势|观众,强势,观众,2,强势成功,137
69da7e87000000001a03484e,"今晚的亦庄机器人马拉松测试

",,8169.0,1,69db059f0000000002037485,,5c1e606b000000000703c754,明显进步了，,2026.04.12,北京,0.0,0.0,6,强势|观众,强势,观众,2,强势成功,137
69da7e87000000001a03484e,"今晚的亦庄机器人马拉松测试

",,8169.0,1,69db0406000000003500b8e2,,5ca35b8f0000000010012fa7,进步好大！,2026.04.12,湖南,0.0,0.0,5,强势|观众,强势,观众,2,强势成功,137
69da7e87000000001a03484e,"今晚的亦庄机器人马拉松测试

",,8169.0,1,69db02dc00000000150023f6,,5ba7894cf6ed5c000112d6a2,这进步太快了[赞R],2026.04.12,北京,0.0,0.0,10,强势|观众,强势,观众,2,强势成功,137
69da7e87000000001a03484e,"今晚的亦庄机器人马拉松测试

",,8169.0,1,69dafb9c000000003500d849,,5fda19f10000000001004ea9,比之前达到更快速度和稳步是一大进步，就是为什么要搞成这个样子？,2026.04.12,北京,0.0,0.0,31,强势|观众,强势,观众,10,强势成功,137
69da7e87000000001a03484e,"今晚的亦庄机器人马拉松测试

",,8169.0,1,69daf175000000001500888a,,64d5ba03000000000100fc09,进步很大啊,2026.04.12,湖北,0.0,0.0,5,强势|观众,强势,观众,2,强势成功,137
69da7e87000000001a03484e,"今晚的亦庄机器人马拉松测试

",,8169.0,1,69daef16000000003503275f,,6081f03c000000000101cc53,进步真快[点赞R],2026.04.12,山东,0.0,0.0,9,强势|观众,强势,观众,2,强势成功,137
69e4426b000000001d01c7ed,"一个大的一个小的一个废的

",,7334.0,2,69e45b09000000001401c40f,69e451fd000000001401c806,5f1d95700000000001005a6c,我还以为是拿着瓶农夫山泉,2026.04.19,北京,284.0,,12,混合|观众,混合,观众,2,,138
69e481e8000000002003ad94,"

",,,1,69e4fb83000000001401c40c,,637629b9000000001e00fe8b,真是中国人亲生的，要喝开水。,2026.04.19,北京,9.0,11.0,14,强势|服务者,强势,服务者,5,强势成功,138
69e481e8000000002003ad94,"

",,,1,69e5810a0000000014019401,,54dc4e47e779896176e22d70,我还以为暖壶里倒点水给他喝[捂脸R],2026.04.20,北京,6.0,4.0,18,强势|服务者,强势,服务者,3,强势成功,138
69e481e8000000002003ad94,"

",,,1,69e4a3ea000000001401e813,,5d07367300000000120105c8,怎么还拿开水壶给背上倒开水啊[坏笑R],2026.04.19,广东,4.0,8.0,19,强势|服务者,强势,服务者,3,强势成功,138
69e481e8000000002003ad94,"

",,,1,69e49e6a000000001401881c,,59172ad77fc5b85325709a95,我以为提着热水壶给水喝呢[偷笑R],2026.04.19,江苏,3.0,0.0,17,强势|服务者,强势,服务者,4,强势成功,138
69e634590000000022003bb5,"每个马拉松机器人，都有自己的热血故事。

",,824.0,2,69e7a62b0000000014019402,69e6be18000000001401b002,61d5f851000000001000e86f,怪不得当初骂那唱歌的，还居然有抵抗的，原来是它爸妈在拼命买水啊,2026.04.22,四川,2.0,,31,常态|观众,常态,观众,9,常态,138
69e42cc100000000220001ad,"机器人马拉松倒数第一名，萌翻了🤣🤣🤣

",,8501.0,1,69e5b7fc000000001401c400,,55d500ac62a60c33fc06415a,还拿个矿泉水，你会喝吗[坏笑R],2026.04.20,广西,1.0,0.0,16,弱势|观众,弱势,观众,2,弱势,138
69e481e8000000002003ad94,"

",,,1,69e4965a0000000014019807,,67d0f346000000000d00a40f,看那壶我还以为它口渴了[笑哭R][笑哭R],2026.04.19,广东,1.0,0.0,21,强势|服务者,强势,服务者,2,强势成功,138
69e481e8000000002003ad94,"

",,,1,69e49fcf000000001401a416,,5926c3a950c4b4204578c69b,拿个保温杯，我以为要给他喝牛奶。,2026.04.19,上海,1.0,0.0,16,强势|服务者,强势,服务者,4,强势成功,138
69e48b0b000000001a02578c,"北京马拉松机器人中暑了🥵

",3334.0,467.0,1,69ef5d1c0000000028035aad,,5561bd45e58d1356c1a1070b,我还以为它炸了，原来只是些冰,2026.04.27,北京,1.0,0.0,14,失败|服务者,失败,服务者,3,失败,138
69e481e8000000002003ad94,"

",,,2,69e4d9fa000000001401a818,69e49f490000000014019821,633148c2000000002303f06d,你光喝水能活吗?,2026.04.19,上海,1.0,,8,强势|服务者,强势,服务者,2,强势成功,138
69e42cc100000000220001ad,"机器人马拉松倒数第一名，萌翻了🤣🤣🤣

",,8501.0,1,69e471ef000000001401c82e,,5f2e42460000000001002cf8,我以为它还拿着一瓶水,2026.04.19,江苏,0.0,1.0,10,弱势|观众,弱势,观众,2,弱势,138
69e481e8000000002003ad94,"

",,,1,69e78000000000001401e83a,,64e3577d0000000001012f0f,我以为要给它浇水降温呢,2026.04.21,上海,0.0,0.0,11,强势|服务者,强势,服务者,3,强势成功,138
69e481e8000000002003ad94,"

",,,1,69e776db000000001401c822,,5b4ab910f7e8b91aa5124aaf,我还以为倒壶开水呢[笑哭R],2026.04.21,北京,0.0,0.0,14,强势|服务者,强势,服务者,2,强势成功,138
69e481e8000000002003ad94,"

",,,1,69e721d8000000001401bc1d,,6504f03c0000000017021512,还有人倒茶叶水[偷笑R],2026.04.21,天津,0.0,0.0,12,强势|服务者,强势,服务者,2,强势成功,138
69e481e8000000002003ad94,"

",,,1,69e70f9f000000001401c423,,5f282c710000000001007d25,他领个暖水壶我真以为停下来给他喝点,2026.04.21,江苏,0.0,0.0,17,强势|服务者,强势,服务者,5,强势成功,138
69e481e8000000002003ad94,"

",,,1,69e6df0f000000001401e401,,6280c36e0000000021029bf9,还要喝水,2026.04.21,北京,0.0,0.0,4,强势|服务者,强势,服务者,2,强势成功,138
69e481e8000000002003ad94,"

",,,1,69e6d3f5000000001401c009,,571e31eb4775a71df795d9bb,还以为要给他加热水[笑哭R],2026.04.21,辽宁,0.0,0.0,14,强势|服务者,强势,服务者,2,强势成功,138
69e481e8000000002003ad94,"

",,,1,69e62ef2000000001401c810,,5981e56d5e87e71e47ad5723,给孩子喝水呢,2026.04.20,广东,0.0,0.0,6,强势|服务者,强势,服务者,2,强势成功,138
69e481e8000000002003ad94,"

",,,1,69e60686000000001401e405,,5c74cfd1000000001103272d,我还以为要加热水,2026.04.20,天津,0.0,0.0,8,强势|服务者,强势,服务者,2,强势成功,138
69e481e8000000002003ad94,"

",,,1,69e5b012000000001401a831,,605be26d0000000001003cfc,人的话最多喝口水,2026.04.20,广东,0.0,0.0,8,强势|服务者,强势,服务者,4,强势成功,138
69e481e8000000002003ad94,"

",,,1,69e59d74000000001401a016,,630975ca000000000f005777,倒了一壶枸杞水进去？,2026.04.20,上海,0.0,0.0,10,强势|服务者,强势,服务者,3,强势成功,138
69e481e8000000002003ad94,"

",,,1,69e58e7a000000001401c81d,,5b9b8cc3f110cc000109111b,以为他要加水,2026.04.20,山西,0.0,0.0,6,强势|服务者,强势,服务者,2,强势成功,138
69e481e8000000002003ad94,"

",,,1,69e574c1000000001401dc20,,634ad369000000001802c031,拿出暖水瓶，我以为倒热水呢[doge],2026.04.20,北京,0.0,0.0,19,强势|服务者,强势,服务者,4,强势成功,138
69e481e8000000002003ad94,"

",,,1,69e573cb0000000014018c1c,,6413dd0b0000000012011f0b,吓死了，后面那个提保温桶的，以为要给他喝点咖啡呢。,2026.04.20,重庆,0.0,0.0,25,强势|服务者,强势,服务者,6,强势成功,138
69e481e8000000002003ad94,"

",,,1,69e56832000000001401a401,,63a5ae8600000000260133be,加冰那个我以为牠还喝水呢[笑哭R],2026.04.20,辽宁,0.0,0.0,17,强势|服务者,强势,服务者,3,强势成功,138
69e481e8000000002003ad94,"

",,,1,69e4e9b2000000001401cc2f,,558f7eada75c950c9de1e19a,以为加开水[偷笑R],2026.04.19,四川,0.0,0.0,10,强势|服务者,强势,服务者,2,强势成功,138
69e481e8000000002003ad94,"

",,,1,69e4a122000000001401dc31,,5dd4353f00000000010044c3,吓一跳，以为这玩意还喝水呐,2026.04.19,河北,0.0,0.0,13,强势|服务者,强势,服务者,4,强势成功,138
69e481e8000000002003ad94,"

",,,1,69e4927a0000000014019407,,5ccd2241000000001101fa03,拿水壶往里灌啥呢？,2026.04.19,北京,0.0,2.0,9,强势|服务者,强势,服务者,2,强势成功,138
69e481e8000000002003ad94,"

",,,1,69e4920d0000000014018804,,5c63f291000000001002cb37,原来也需要补水[捂脸R],2026.04.19,江苏,0.0,0.0,12,强势|服务者,强势,服务者,3,强势成功,138
69df625d0000000021005c63,"“扶我起来，我还能再跑10公里”

",,9992.0,2,69e5c3d60000000014018003,69dfaade0000000015001fc4,566223647c5bb847e2eeefda,体育老师说蹲着跑伤膝盖[doge],2026.04.20,江苏,13.0,,17,失败|观众,失败,观众,2,失败,139
69da7e87000000001a03484e,"今晚的亦庄机器人马拉松测试

",,8169.0,1,69db03310000000035009993,,5ebb890b00000000010025c3,来大连跑就得被井盖绊倒,2026.04.12,辽宁,9.0,2.0,11,强势|观众,强势,观众,3,强势成功,139
69da7e87000000001a03484e,"今晚的亦庄机器人马拉松测试

",,8169.0,1,69db429d000000000d03f4e3,,5707fd5c1c07df397f239f11,能不能穿上运动鞋，这样光着大脚板跑，一是对膝盖不好，二是有噪音[笑哭R][笑哭R],2026.04.12,北京,1.0,0.0,41,强势|观众,强势,观众,9,强势成功,139
69da7e87000000001a03484e,"今晚的亦庄机器人马拉松测试

",,8169.0,1,69db22e3000000000103d88b,,5e3835c10000000001008aba,坐着跑确实伤膝盖，可是人家那波棱盖是真能换啊[笑哭R],2026.04.12,浙江,1.0,0.0,27,强势|观众,强势,观众,6,强势成功,139
69da7e87000000001a03484e,"今晚的亦庄机器人马拉松测试

",,8169.0,1,69daf8ce000000003500f33a,,63cbb06400000000270351fc,骨科大夫建议：坐着跑会伤到膝关节软骨[偷笑R]，还是站着点吧,2026.04.12,北京,1.0,0.0,30,强势|观众,强势,观众,6,强势成功,139
69da7e87000000001a03484e,"今晚的亦庄机器人马拉松测试

",,8169.0,2,69db09d8000000003501ff50,69dac8d7000000000c0319f8,6002c276000000000101fa5f,我觉得不会，它是用胯骨轴子在发力，不伤膝盖[doge],2026.04.12,湖南,1.0,,27,强势|观众,强势,观众,5,强势成功,139
69da7e87000000001a03484e,"今晚的亦庄机器人马拉松测试

",,8169.0,1,69dbb82c000000001500b034,,59e195006eea886c1f3c300e,看得我膝盖疼[笑哭R],2026.04.12,中国香港,0.0,0.0,11,强势|观众,强势,观众,2,强势成功,139
69da7e87000000001a03484e,"今晚的亦庄机器人马拉松测试

",,8169.0,1,69dba3ad000000000d0351cc,,59f33cd14eacab321d9168c1,跑步怎么不送髋,2026.04.12,广东,0.0,0.0,7,强势|观众,强势,观众,2,强势成功,139
69da7e87000000001a03484e,"今晚的亦庄机器人马拉松测试

",,8169.0,1,69db7560000000000103ccaa,,61753c3f000000001f03be1b,前面两个老奶跑法太费膝盖,2026.04.12,山东,0.0,0.0,12,强势|观众,强势,观众,5,强势成功,139
69da7e87000000001a03484e,"今晚的亦庄机器人马拉松测试

",,8169.0,1,69db4052000000003502271d,,609efbd2000000000100a054,抢超市鸡蛋的老奶奶拿到了膝盖强化装备be like,2026.04.12,上海,0.0,0.0,25,强势|观众,强势,观众,9,强势成功,139
69da7e87000000001a03484e,"今晚的亦庄机器人马拉松测试

",,8169.0,1,69db3f70000000003500aa61,,63555fa4000000001901cc6e,这样跑，大腿不困吗,2026.04.12,河北,0.0,0.0,9,强势|观众,强势,观众,3,强势成功,139
69da7e87000000001a03484e,"今晚的亦庄机器人马拉松测试

",,8169.0,1,69db3e980000000015007cea,,5d07b8ed0000000012011827,跑步要送胯，这姿势不对啊[doge],2026.04.12,上海,0.0,0.0,18,强势|观众,强势,观众,3,强势成功,139
69da7e87000000001a03484e,"今晚的亦庄机器人马拉松测试

",,8169.0,1,69db362c000000000c033492,,627fa6140000000021020d53,这样对关节伤害多大呀，一直跪着跑,2026.04.12,广东,0.0,0.0,16,强势|观众,强势,观众,5,强势成功,139
69da7e87000000001a03484e,"今晚的亦庄机器人马拉松测试

",,8169.0,1,69db355e000000003501a16a,,65e038dd000000000500d474,跑步不标准容易跑伤膝盖,2026.04.12,天津,0.0,0.0,11,强势|观众,强势,观众,4,强势成功,139
69da7e87000000001a03484e,"今晚的亦庄机器人马拉松测试

",,8169.0,1,69db336f000000000c03165c,,664c18cb00000000070056b3,这样跑对膝盖不好[doge],2026.04.12,广东,0.0,0.0,14,强势|观众,强势,观众,3,强势成功,139
69da7e87000000001a03484e,"今晚的亦庄机器人马拉松测试

",,8169.0,1,69db0ef5000000003501b9f9,,67824a7e0000000006010183,这步频肯定不伤膝盖[doge],2026.04.12,山东,0.0,0.0,15,强势|观众,强势,观众,4,强势成功,139
69da7e87000000001a03484e,"今晚的亦庄机器人马拉松测试

",,8169.0,1,69db05f7000000000d03782b,,58c159c56a6a69164c72fc81,光脚跑对膝盖不好,2026.04.12,山东,0.0,0.0,8,强势|观众,强势,观众,3,强势成功,139
69da7e87000000001a03484e,"今晚的亦庄机器人马拉松测试

",,8169.0,1,69db05f5000000000103e3f9,,663307480000000007007cae,跑步姿势不对伤膝盖,2026.04.12,河南,0.0,0.0,9,强势|观众,强势,观众,4,强势成功,139
69da7e87000000001a03484e,"今晚的亦庄机器人马拉松测试

",,8169.0,1,69db04190000000015008530,,58265ca234609448d658d0b3,卡卡一通跑，我听着膝盖都疼[偷笑R],2026.04.12,北京,0.0,0.0,18,强势|观众,强势,观众,3,强势成功,139
69da7e87000000001a03484e,"今晚的亦庄机器人马拉松测试

",,8169.0,1,69daf383000000000103cb74,,5f685fd30000000001009696,这么跑对膝盖不好。[偷笑R],2026.04.12,陕西,0.0,0.0,14,强势|观众,强势,观众,2,强势成功,139
69da7e87000000001a03484e,"今晚的亦庄机器人马拉松测试

",,8169.0,1,69daea4b00000000350126dd,,5addadece8ac2b785e6183b1,这个姿势多伤膝盖啊，他们几个回去不得躺半个月[捂脸R],2026.04.12,北京,0.0,0.0,27,强势|观众,强势,观众,7,强势成功,139
69da7e87000000001a03484e,"今晚的亦庄机器人马拉松测试

",,8169.0,1,69db6ca5000000000c033b85,,5b03600fe8ac2b478a3c0a78,这个跑姿特别容易伤膝盖，现在不觉得，老了就知道了,2026.04.12,辽宁,0.0,0.0,24,强势|观众,强势,观众,4,强势成功,139
69e42cc100000000220001ad,"机器人马拉松倒数第一名，萌翻了🤣🤣🤣

",,8501.0,1,69e4fd61000000001401d402,,57315fc784edcd6510bc40c5,感觉在用膝盖跑步[偷笑R],2026.04.20,江西,0.0,0.0,13,弱势|观众,弱势,观众,2,弱势,139
69e481e8000000002003ad94,"

",,,1,69e4957b000000001401b00c,,5f64d7bf0000000001003312,跑时间长了怕股骨头坏死，没看给喷点油吗？,2026.04.19,辽宁,0.0,0.0,20,强势|服务者,强势,服务者,5,强势成功,139
69e481e8000000002003ad94,"

",,,1,69e4a0af0000000014019424,,566c00ef0cdc2b68c531eced,筒子们[doge]跑步伤胯骨昂,2026.04.19,广东,0.0,0.0,15,强势|服务者,强势,服务者,3,强势成功,139
69e481e8000000002003ad94,"

",,,1,69e49345000000001401cc1c,,623b3c4c000000001000f6ae,看明白了，跑步费胯胯轴子。[笑哭R],2026.04.19,黑龙江,0.0,0.0,18,强势|服务者,强势,服务者,3,强势成功,139
69df625d0000000021005c63,"“扶我起来，我还能再跑10公里”

",,9992.0,1,69dfa580000000000d03f1be,,56b3376f50c4b41ddf57e930,弯着腿跑对膝盖不好,2026.04.15,日本,0.0,0.0,9,失败|观众,失败,观众,2,失败,139
69e43b14000000001a02e095,"好萌的小黑仔跑马拉松

",,2760.0,1,69e4906b0000000014019c14,,6002b9c2000000000100290e,为什么我替他膝盖疼[笑哭R][笑哭R],2026.04.19,江苏,0.0,0.0,19,弱势|服务者,弱势,服务者,2,弱势,139
69e43b14000000001a02e095,"好萌的小黑仔跑马拉松

",,2760.0,1,69e44ecf000000001401a009,,566d0539e4251d6cf1d45e02,看他跑步我膝盖疼,2026.04.19,北京,0.0,0.0,8,弱势|服务者,弱势,服务者,2,弱势,139
69e634590000000022003bb5,"每个马拉松机器人，都有自己的热血故事。

",,824.0,1,69e8e7030000000014018c03,,5682630be4251d3886aab96c,膝盖跑到100度啊[石化R]，这么看人体真的是很神奇,2026.04.22,上海,0.0,0.0,26,常态|观众,常态,观众,5,常态,139
69e481e8000000002003ad94,"

",,,2,69e49a6d000000001401dc13,69e4962e000000001401b006,672db15d000000001c01b149,为了让你发出这条评论，也有很多工程师在伺候平台服务器、通讯基站、手机制造、程序编辑~~~,2026.04.19,广东,612.0,,44,强势|服务者,强势,服务者,15,强势成功,140
69e447d2000000001d01aa01,"当算法有了腿，程序员万万没想到……

",,2912.0,1,69e46144000000001401e00d,,64e0bda6000000000100c2ae,以后不只要有手机挂绳，还得有笔记本挂绳，就是比较费脖子[捂脸R],2026.04.19,福建,32.0,10.0,32,强势|服务者,强势,服务者,7,强势成功,140
69e59e520000000022027a90,"花田里犯了错|机器人马拉松正赛搞笑赏析

",,2593.0,2,69e70008000000001401c00a,69e6c46c0000000014019c0e,5c3fdeaa000000000603be7a,手机一开始还是那种bb机呢，挂腰上。那时候你是不是也说这玩意没啥用呢。后面是大哥大，又重又大，而且非常贵，除了打电话，一无是处。后面进化成了小灵通，也只能打电话，发短信和玩那种最低端的游戏。什么都是一步步进化的，没有任何东西是产出来就是个完整品的。,2026.04.21,湖北,27.0,,124,弱势|观众,弱势,观众,28,弱势,140
69e463df000000001b003017,"

",3270.0,219.0,2,69e57589000000001401c81b,69e4f0db000000002b002b1e,651a8bc8000000000200eb7d,而且尤其他又是做手机的，这种交互搬过去就行了[笑哭R],2026.04.20,山东,24.0,,27,强势|服务者,强势,服务者,5,强势成功,140
69e40352000000002102fc75,"机器人马拉松现场第一视角看全部队伍

",,1160.0,2,69e43ff8000000001401d80b,69e42de8000000001401d814,65c0cf5b000000000e025faa,跟当初5G刚出来说，我不在乎网速多快，我只在乎它真的能为我们的生活便利做些什么的有异曲同工之妙哈，他们现在怎么不回去用4G网[doge],2026.04.19,四川,11.0,,68,常态|服务者,常态,服务者,15,常态,140
69e481e8000000002003ad94,"

",,,2,69e49fc0000000001401e415,69e49f05000000001401980f,62576f0c000000001000723a,为了让你发出这条评论，也有很多工程师在伺候平台服务器、通讯基站、手机制造、程序编辑  ，你不也是被人伺候着 用手机用电脑 吃外卖,2026.04.19,广东,7.0,,64,强势|服务者,强势,服务者,20,强势成功,140
69e4412a000000002103883f,"荣耀闪电队-齐天大圣夺冠！

",3517.0,445.0,2,69e4f2a7000000001401a01e,69e4d870000000001401c830,573f302e50c4b47e35afce68,手机刚出来的时候只能打电话，当时觉得也就那样，但是这才二十年而已，已经进化成现在这样了。,2026.04.19,江苏,7.0,,44,强势|观众,强势,观众,10,强势成功,140
69e48b0b000000001a02578c,"北京马拉松机器人中暑了🥵

",3334.0,467.0,2,69ec95ee000000002701d609,69ec4f2a000000002702bb17,6648dad10000000007004675,手机以前只能打5米的电话，以前也被别人说一点用都没有，为了圈钱的[偷笑R]现在呢？,2026.04.25,广东,7.0,,41,失败|服务者,失败,服务者,9,失败,140
69df625d0000000021005c63,"“扶我起来，我还能再跑10公里”

",,9992.0,2,69dfaba60000000035030b2d,69df9c990000000002036314,60211bad000000000100a6d4,你刚通网络,2026.04.15,江苏,4.0,,5,失败|观众,失败,观众,2,失败,140
69e45dbe000000001f00434f,"机器人跑马拉松超越人类？

",4650.0,773.0,2,69e52cf0000000001401b802,69e50619000000001401ac01,691698930000000037002a88,手机也会用  按道理也是读过书的啊,2026.04.20,浙江,4.0,,17,强势|观众,强势,观众,4,强势成功,140
69da7e87000000001a03484e,"今晚的亦庄机器人马拉松测试

",,8169.0,2,69daf79b0000000015003ff6,69daf44c0000000002034816,571ba3ca4775a75af3fe0b8f,智能手机出现的时候说没有字幕按键算什么手机的人,2026.04.12,上海,3.0,,23,强势|观众,强势,观众,6,强势成功,140
69e46032000000001f002048,"看着你们累倒在地上我很心疼，恨不得替你们

",,5680.0,1,69e8721a000000001401c419,,6454b22a000000002a00aab9,你的手机是非自愿为你工作的，请不要虐待手机,2026.04.22,甘肃,2.0,0.0,21,常态|保护者,常态,保护者,7,常态,140
69e481e8000000002003ad94,"

",,,2,69ea22e4000000001401bc0b,69e8b041000000001401a406,62590b3d0000000021022613,人家就是这工作，你还服侍手机呢[黄金薯R],2026.04.23,黑龙江,2.0,,21,强势|服务者,强势,服务者,4,强势成功,140
69e447d2000000001d01aa01,"当算法有了腿，程序员万万没想到……

",,2912.0,2,69e46650000000001401c032,69e46144000000001401e00d,616e2b7e0000000002022b57,你别说，我见过， 李佳琦直播间  ，挂脖绳还是卖点之一，我记得助播说方便打工人在地铁上没座站着的时候工作,2026.04.19,新疆,2.0,,52,强势|服务者,强势,服务者,14,强势成功,140
69e46032000000001f002048,"看着你们累倒在地上我很心疼，恨不得替你们

",,5680.0,1,69e85c37000000001401bc29,,610b6e6d000000000101d470,你的手机也不是自愿为你工作的，别发帖了，放下它吧,2026.04.22,北京,1.0,0.0,24,常态|保护者,常态,保护者,5,常态,140
69e481e8000000002003ad94,"

",,,2,69e6138e000000001401bc08,69e5949d000000001401cc1b,657b027f0000000019012b19,点开手机还以为咋了[捂脸R] 有些朋友好像不理解这个梗啊,2026.04.20,浙江,1.0,,28,强势|服务者,强势,服务者,7,强势成功,140
69e481e8000000002003ad94,"

",,,2,69e598cd000000001401e432,69e4d70c000000001401e40b,5b5200786b58b756cd8ec836,5G和巴铁的时候也是这样的吧[doge],2026.04.20,广东,1.0,,20,强势|服务者,强势,服务者,3,强势成功,140
69e481e8000000002003ad94,"

",,,2,69e496cd000000001401ac24,69e495aa0000000014019035,67ab3b2e000000000d00b15a,你刷手机的意义是什么。。。。。。,2026.04.19,北京,1.0,,16,强势|服务者,强势,服务者,2,强势成功,140
69e447d2000000001d01aa01,"当算法有了腿，程序员万万没想到……

",,2912.0,2,69e4874a000000001401e405,69e4636b0000000014018824,60f84b36000000002002b1c1,数学最开始也是没用的[笑哭R]计算机一开始也是一整个电脑室并且只能计算。最后成了你输出这行字的小小手机。,2026.04.19,广东,1.0,,52,强势|服务者,强势,服务者,15,强势成功,140
69e59e520000000022027a90,"花田里犯了错|机器人马拉松正赛搞笑赏析

",,2593.0,2,69e79636000000001401a826,69e6373b000000001401b02c,63a1bf5a0000000026006fba,有条件装个 WiFi 吧,2026.04.21,广东,1.0,,12,弱势|观众,弱势,观众,3,弱势,140
69e59e520000000022027a90,"花田里犯了错|机器人马拉松正赛搞笑赏析

",,2593.0,2,69e7662a000000001401a802,69e6c46c0000000014019c0e,586c9c8e346094665312cd1a,[偷笑R]手机电脑电视冰箱一出世就进千家万户了？哈哈哈哈哈蛮好笑的,2026.04.21,广西,1.0,,33,弱势|观众,弱势,观众,7,弱势,140
69e481e8000000002003ad94,"

",,,1,69e72315000000001401a41a,,5da982fd0000000001004ecb,一帮专业的干不过一个做手机的[doge],2026.04.21,内蒙古,0.0,0.0,20,强势|服务者,强势,服务者,4,强势成功,140
69e481e8000000002003ad94,"

",,,1,69e4a81e000000001401a005,,5eea4221000000000101da09,那些说没意义的  有没有考虑过以前的手机 以前小灵通时代敢想到现在的智能手机这么牛？,2026.04.19,湖南,0.0,0.0,42,强势|服务者,强势,服务者,11,强势成功,140
69e59e520000000022027a90,"花田里犯了错|机器人马拉松正赛搞笑赏析

",,2593.0,1,69e7014e000000001401c804,,5c3fdeaa000000000603be7a,手机一开始还是那种bb机呢，挂腰上。那时候你们是不是也说这玩意没啥用呢。后面是大哥大，又重又大，而且非常贵，除了打电话，一无是处。后面进化成了小灵通，也只能打电话，发短信和玩那种最低端的游戏。在后面出现各种手机，不能看电影，除了腾讯自带的表情，连玩游戏和表情包都是文字形式的。智能手机是在15年前才出现的，我上大学才用上智能手机。什么都是一步步进化的，没有任何东西是产出来就是个完整品的。你想要的东西慢慢都会完善，不知道在那鬼叫些什么。,2026.04.21,湖北,0.0,0.0,218,弱势|观众,弱势,观众,54,弱势,140
69da7e87000000001a03484e,"今晚的亦庄机器人马拉松测试

",,8169.0,2,69dc5ebc000000003501b5d6,69daef220000000035024590,627869e1000000002102158e,这就考验网络能力了，前提是物联网,2026.04.13,山东,0.0,,16,强势|观众,强势,观众,5,强势成功,140
69da7e87000000001a03484e,"今晚的亦庄机器人马拉松测试

",,8169.0,2,69dc53ef000000003501460e,69db2e550000000016017b12,64c37310000000000e025500,这话说的，电脑网速已经够快了，算力还高，内存还大，为什么还会有手机,2026.04.13,浙江,0.0,,33,强势|观众,强势,观众,9,强势成功,140
69e42cc100000000220001ad,"机器人马拉松倒数第一名，萌翻了🤣🤣🤣

",,8501.0,2,69e65017000000001401e00d,69e5aa18000000001401dc37,5835aee482ec3949758711a3,好像也还行啊，一部手机的价钱,2026.04.21,海南,0.0,,14,弱势|观众,弱势,观众,5,弱势,140
69e47f8f000000001f007203,"2026年机器人马拉松状态，五年后再看🤣

",,5834.0,2,69e5c8ef0000000014019c14,69e586020000000014019401,5aa2a5af4eacab391f84aaea,手机也不是一下子就有的，也是大哥大，bb机，再到小灵通再到翻盖滑盖再到触屏的[偷笑R]飞机也是一个道理,2026.04.20,浙江,0.0,,51,混合|观众,混合,观众,12,,140
69e47f8f000000001f007203,"2026年机器人马拉松状态，五年后再看🤣

",,5834.0,2,69e5a267000000001401dc21,69e4e1f0000000001401a40f,5f1086430000000001000b9d,手机不也是这样一步步过来的吗，科技需要进步，你说在干嘛,2026.04.20,广东,0.0,,27,混合|观众,混合,观众,8,,140
69e481e8000000002003ad94,"

",,,2,69e4a45a0000000014019c0d,69e4962e000000001401b006,5c8334ab000000001101ed83,要人伺候的机械机器多着呢，你的手机上网，背后还有一堆人伺候平台网络。,2026.04.19,湖南,0.0,,34,强势|服务者,强势,服务者,13,强势成功,140
69e43b14000000001a02e095,"好萌的小黑仔跑马拉松

",,2760.0,2,69e460ac0000000014019810,69e45e0a000000001401c803,5fc5f0f10000000001000df7,做五分钟家务，保养一小时[偷笑R],2026.04.19,湖北,20.0,,17,弱势|服务者,弱势,服务者,4,弱势,141
69e43b14000000001a02e095,"好萌的小黑仔跑马拉松

",,2760.0,1,69e45e0a000000001401c803,,5684fb1ab8ce1a61982047ee,养个这样的小孩能帮我做家务吗？,2026.04.19,上海,13.0,8.0,15,弱势|服务者,弱势,服务者,4,弱势,141
69e40352000000002102fc75,"机器人马拉松现场第一视角看全部队伍

",,1160.0,1,69e45283000000001401a021,,60069419000000000101e63a,能帮我跑腿和做家务就行 也不用这么快,2026.04.19,重庆,7.0,1.0,18,常态|服务者,常态,服务者,4,常态,141
69da7e87000000001a03484e,"今晚的亦庄机器人马拉松测试

",,8169.0,1,69db228200000000350248ab,,6215c889000000001000b802,等到大家想让他们洗碗的时候，他们说我不会,2026.04.12,河南,4.0,3.0,20,强势|观众,强势,观众,3,强势成功,141
69e40352000000002102fc75,"机器人马拉松现场第一视角看全部队伍

",,1160.0,1,69e4a1d9000000001401dc15,,5cfde69e0000000006033855,加油啊，以后喂饭，打扫卫生就靠这些姐妹了！！！,2026.04.19,北京,3.0,0.0,23,常态|服务者,常态,服务者,5,常态,141
69e481e8000000002003ad94,"

",,,1,69e4a49f000000001401d829,,60e3f5aa000000000101c8f1,[微笑R]我需要它会做家务，而不是当小丑,2026.04.19,广东,2.0,3.0,20,强势|服务者,强势,服务者,4,强势成功,141
69e5a09a000000002103ba03,"半马途中机器人即兴表演，越夸越上头

",711.0,83.0,1,69e5f82f000000001401e414,,6695b211000000000f035c60,快点学会做饭[偷笑R],2026.04.20,福建,1.0,0.0,11,常态|观众,常态,观众,3,常态,141
69e634590000000022003bb5,"每个马拉松机器人，都有自己的热血故事。

",,824.0,1,69e7e66d000000001401dc02,,5a2d559c4eacab16c3b3eeb0,家务学好了吗？靠你们了！加油！,2026.04.22,北京,1.0,0.0,15,常态|观众,常态,观众,3,常态,141
69e48341000000001a02d0c4,"机器人马拉松，我们看乐了，西方人看破防了🤣

",3931.0,1022.0,1,69e57376000000001401a80b,,6486ff53000000001c02bfdd,能做家务活➕照顾宠物就完美了[偷笑R],2026.04.20,广东,1.0,0.0,19,强势|观众,强势,观众,4,强势成功,141
69e481e8000000002003ad94,"

",,,2,69e49064000000001401d820,69e48bf3000000001401ac1e,62563bd2000000001000747d,家务这种做特化类型就行了，不用人型,2026.04.19,广东,1.0,,17,强势|服务者,强势,服务者,6,强势成功,141
69da7e87000000001a03484e,"今晚的亦庄机器人马拉松测试

",,8169.0,1,69db9286000000000d03fb58,,5747b23a4775a73a9a1c6c28,什么时候端茶倒水做饭洗衣[汗颜R],2026.04.12,上海,0.0,0.0,17,强势|观众,强势,观众,4,强势成功,141
69da7e87000000001a03484e,"今晚的亦庄机器人马拉松测试

",,8169.0,1,69db1bc10000000035010222,,5c82ab7e000000001601bc20,他们为什么不会做家务？,2026.04.12,广西,0.0,0.0,11,强势|观众,强势,观众,2,强势成功,141
69da7e87000000001a03484e,"今晚的亦庄机器人马拉松测试

",,8169.0,1,69db1906000000003501f28f,,5c2b5ec400000000060278d3,这玩意做家务肯定神速 老么期待了,2026.04.12,北京,0.0,0.0,16,强势|观众,强势,观众,6,强势成功,141
69da7e87000000001a03484e,"今晚的亦庄机器人马拉松测试

",,8169.0,1,69db159f0000000016014c61,,6808a149000000000d00a6db,能做饭洗衣服吗[笑哭R],2026.04.12,北京,0.0,0.0,12,强势|观众,强势,观众,2,强势成功,141
69e47f8f000000001f007203,"2026年机器人马拉松状态，五年后再看🤣

",,5834.0,1,69e7855c000000001401b805,,59f363e911be1079b303703f,我希望可以快点研究怎么让他们做家务....[害羞R],2026.04.21,浙江,0.0,0.0,26,混合|观众,混合,观众,4,,141
69e47f8f000000001f007203,"2026年机器人马拉松状态，五年后再看🤣

",,5834.0,1,69e61dca000000001401c424,,611e74d3000000002002b339,什么时候才能等到他们给我做饭啊[扶额R][捂脸R]这辈子还有希望嘛,2026.04.20,广东,0.0,0.0,33,混合|观众,混合,观众,5,,141
69e481e8000000002003ad94,"

",,,1,69e514a3000000001401e814,,5e20a87900000000010095e0,服了 不比做家务水平 比这玩意,2026.04.20,广东,0.0,0.0,15,强势|服务者,强势,服务者,4,强势成功,141
69e481e8000000002003ad94,"

",,,1,69e4a536000000001401c422,,58fac14b6a6a691903ee60a0,发明一个做饭洗衣服拖地的[哭惹R],2026.04.19,浙江,0.0,0.0,17,强势|服务者,强势,服务者,4,强势成功,141
69df625d0000000021005c63,"“扶我起来，我还能再跑10公里”

",,9992.0,1,69df9829000000003102f7d2,,68b945640000000019019a18,这波男友力绝了！🤖️下次约会记得带个“超能搭子”啊～🏃‍♀️😉,2026.04.15,河北,0.0,0.0,31,失败|观众,失败,观众,9,失败,141
69df625d0000000021005c63,"“扶我起来，我还能再跑10公里”

",,9992.0,1,69e015b3000000000c033555,,5be7982bff526600019c1690,不对，网上发那么多，难道是假的？这样怎么做饭扶老人[笑哭R],2026.04.16,广东,0.0,0.0,30,失败|观众,失败,观众,6,失败,141
69e40352000000002102fc75,"机器人马拉松现场第一视角看全部队伍

",,1160.0,1,69e4c5980000000014019c22,,69ae3d6c0000000032026399,真开心啊，早点代替我，就可以有更多的时间生活了[哇R][哇R][哇R][哇R],2026.04.19,江苏,0.0,1.0,39,常态|服务者,常态,服务者,6,常态,141
69e40352000000002102fc75,"机器人马拉松现场第一视角看全部队伍

",,1160.0,1,69e48e07000000001401c433,,5b1b5f364eacab443957c8b2,下次举办家务大赛，拼精细度,2026.04.19,辽宁,0.0,0.0,13,常态|服务者,常态,服务者,5,常态,141
69e48341000000001a02d0c4,"机器人马拉松，我们看乐了，西方人看破防了🤣

",3931.0,1022.0,1,69e4ba01000000001401c03d,,60a730e9000000000101e845,能替我做家务就行[笑哭R],2026.04.19,上海,0.0,0.0,13,强势|观众,强势,观众,3,强势成功,141
69e429b4000000001b00037a,"张杰演唱会机器人来参加半马了？？

",,2026.0,1,69e4482c000000001401a80a,,59aa3d295e87e748d512ddfb,给我当老公吧，会不会干点家务,2026.04.19,吉林,0.0,0.0,14,常态|观众,常态,观众,3,常态,141
69da7e87000000001a03484e,"今晚的亦庄机器人马拉松测试

",,8169.0,2,69dba6ec0000000035028284,69db108a000000003502fc8f,601cce1700000000010090df,对，还有叠衣服，做家务这些…,2026.04.12,重庆,0.0,,14,强势|观众,强势,观众,3,强势成功,141
69da7e87000000001a03484e,"今晚的亦庄机器人马拉松测试

",,8169.0,2,69dba70b000000003502f49a,69db108a000000003502fc8f,5c2f0e0b0000000007014309,是的是的，会做的家务非常具体,2026.04.12,安徽,0.0,,14,强势|观众,强势,观众,3,强势成功,141
69e47f8f000000001f007203,"2026年机器人马拉松状态，五年后再看🤣

",,5834.0,2,69e650fc000000001401a40e,69e586020000000014019401,60cc798f0000000001004c8c,可能以后要用来背老人,2026.04.21,海南,0.0,,10,混合|观众,混合,观众,2,,141
69e481e8000000002003ad94,"

",,,2,69e63ec3000000001401a409,69e490ae000000001401d42a,609891600000000001008a95,以后她需要替我上班呀[捂脸R],2026.04.20,湖北,0.0,,15,强势|服务者,强势,服务者,2,强势成功,141
69e481e8000000002003ad94,"

",,,2,69e48f37000000001401c004,69e48bf3000000001401ac1e,5f026fc40000000001004d77,哈哈哈哈哈哈哈哈，对对对！学会伺候人的本领[偷笑R],2026.04.19,广西,0.0,,26,强势|服务者,强势,服务者,5,强势成功,141
69e40352000000002102fc75,"机器人马拉松现场第一视角看全部队伍

",,1160.0,2,69e491f40000000014018c16,69e42201000000001401940b,63e3b07f0000000026012ebc,厨房不外乎就是掌握好份量时间洗洗切切煎煎炒炒，以后它们一上岗就会做一些普通菜色，然后主妇通过手机软件预设程序在菜单中选择用料份量、做法次序，就可以教它们特色菜,2026.04.19,广东,0.0,,79,常态|服务者,常态,服务者,23,常态,141
69e40352000000002102fc75,"机器人马拉松现场第一视角看全部队伍

",,1160.0,2,69e43ce7000000001401dc3a,69e43ba7000000001401b827,629fb319000000001b02a3d2,造势 骗补贴,2026.04.19,上海,39.0,,6,常态|服务者,常态,服务者,2,常态,142
69da7e87000000001a03484e,"今晚的亦庄机器人马拉松测试

",,8169.0,2,69db148b0000000002035c6d,69db10850000000035021b47,637b1ed0000000001f0172fb,国家补贴有很大一部分就是给人骗的，只要能养出一两家有真东西的企业，那就是赚,2026.04.12,江苏,34.0,,37,强势|观众,强势,观众,9,强势成功,142
69da7e87000000001a03484e,"今晚的亦庄机器人马拉松测试

",,8169.0,1,69db10850000000035021b47,,5f8d1dc3000000000101c62b,就一玩具骗国家补贴[大笑R],2026.04.12,广东,18.0,10.0,14,强势|观众,强势,观众,2,强势成功,142
69e40352000000002102fc75,"机器人马拉松现场第一视角看全部队伍

",,1160.0,2,69e43762000000001401dc2c,69e436f0000000001401bc08,5bc2b1ad05b0a8000131de03,马扁补贴,2026.04.19,新疆,12.0,,4,常态|服务者,常态,服务者,2,常态,142
69e2583b00000000230211ea,"

",,2406.0,2,69e44127000000001401a819,69e415cc000000001401ac0c,64ce5a23000000000b00420e,其实领导也知道骗补。那么为什么还要让补，匪夷所思,2026.04.19,福建,9.0,,24,失败|抢救者,失败,抢救者,7,失败,142
69e2583b00000000230211ea,"

",,2406.0,1,69e495ba000000001401ac14,,5e75eb5d0000000001000f9f,骗了多少经费,2026.04.19,广东,6.0,0.0,6,失败|抢救者,失败,抢救者,2,失败,142
69e2583b00000000230211ea,"

",,2406.0,2,69e2f7c0000000001401e821,69e2f0f8000000001401a40c,6817c746000000000700383e,都是骗补贴的，参加这个就是给领导一个交代[捂脸R],2026.04.18,山东,5.0,,25,失败|抢救者,失败,抢救者,4,失败,142
69df625d0000000021005c63,"“扶我起来，我还能再跑10公里”

",,9992.0,2,69dfa2ef0000000035018843,69df971b00000000350151b3,602406d10000000001007ad2,这里面有一大半是骗补贴的,2026.04.15,福建,3.0,,12,失败|观众,失败,观众,4,失败,142
69e2583b00000000230211ea,"

",,2406.0,1,69e2f917000000001401a019,,678b3c7c000000000e010ad8,就这样的能是好好做的吗，就是骗补贴，就应该严查。,2026.04.18,北京,1.0,0.0,24,失败|抢救者,失败,抢救者,4,失败,142
69e2583b00000000230211ea,"

",,2406.0,1,69e9715d000000001401e40f,,5f33f38e000000000100b979,反正补贴已经到手了,2026.04.23,上海,0.0,0.0,9,失败|抢救者,失败,抢救者,3,失败,142
69e2583b00000000230211ea,"

",,2406.0,1,69e3033b000000001401c00a,,6113e22b000000000101f6a6,这玩意就是骗国家补助的吧,2026.04.18,北京,0.0,0.0,12,失败|抢救者,失败,抢救者,3,失败,142
69e2583b00000000230211ea,"

",,2406.0,1,69e9986a000000001401cc12,,6028c801000000000100726a,一堆塑料玩具，骗了多少国家经费？,2026.04.23,江苏,0.0,0.0,16,失败|抢救者,失败,抢救者,5,失败,142
69da7e87000000001a03484e,"今晚的亦庄机器人马拉松测试

",,8169.0,1,69daee4c000000003502b79a,,65786d9c0000000020030569,补贴要到手了,2026.04.12,上海,0.0,0.0,6,强势|观众,强势,观众,2,强势成功,142
69da7e87000000001a03484e,"今晚的亦庄机器人马拉松测试

",,8169.0,1,69db15c800000000150078cc,,5cecb53500000000100005f7,都是骗补贴的玩意，而且骗完之后没有一家会剩下来，一地鸡毛。,2026.04.12,广东,0.0,0.0,29,强势|观众,强势,观众,7,强势成功,142
69e481e8000000002003ad94,"

",,,1,69e61c4a000000001401bc26,,5c3f55c8000000000500912d,补贴到手,2026.04.20,广东,0.0,0.0,4,强势|服务者,强势,服务者,2,强势成功,142
69e481e8000000002003ad94,"

",,,1,69e4a0f0000000001401b032,,65439ff40000000006006143,补贴到手了[派对R],2026.04.19,浙江,0.0,0.0,10,强势|服务者,强势,服务者,2,强势成功,142
69e481e8000000002003ad94,"

",,,1,69e5d053000000001401d421,,5f081dd30000000001001c81,拿着国家补助 忽悠老百姓 高科技产物,2026.04.20,澳大利亚,0.0,0.0,18,强势|服务者,强势,服务者,6,强势成功,142
69df625d0000000021005c63,"“扶我起来，我还能再跑10公里”

",,9992.0,1,69dfa36a0000000002034ecd,,5d2f4756000000001603c0c5,是否就是为了骗国家补贴吧？[偷笑R],2026.04.15,美国,0.0,0.0,18,失败|观众,失败,观众,3,失败,142
69df625d0000000021005c63,"“扶我起来，我还能再跑10公里”

",,9992.0,1,69e4307a000000001401bc22,,5f0c222c00000000010042f7,这都是骗国家补助研发出来的精品,2026.04.19,辽宁,0.0,0.0,15,失败|观众,失败,观众,4,失败,142
69df625d0000000021005c63,"“扶我起来，我还能再跑10公里”

",,9992.0,1,69e411a7000000001401bc05,,6699e853000000002402121f,骗点国家补贴容易吗[笑哭R],2026.04.19,山东,0.0,0.0,14,失败|观众,失败,观众,3,失败,142
69df625d0000000021005c63,"“扶我起来，我还能再跑10公里”

",,9992.0,1,69e0ebf4000000001401a402,,5ca192a8000000001001c86f,妈的，尽是在骗纳税人的钱财,2026.04.16,广东,0.0,0.0,13,失败|观众,失败,观众,3,失败,142
69df625d0000000021005c63,"“扶我起来，我还能再跑10公里”

",,9992.0,1,69e01b8000000000350298d6,,5cf359bb00000000100207bf,一些骗国家补贴的厂家是活不下去啦,2026.04.16,山西,0.0,0.0,16,失败|观众,失败,观众,3,失败,142
69e45dbe000000001f00434f,"机器人跑马拉松超越人类？

",4650.0,773.0,1,69e5b2e7000000001401a025,,63836ddb000000001f0191be,大部分是用骗补贴的,2026.04.20,云南,0.0,0.0,9,强势|观众,强势,观众,2,强势成功,142
69e59e520000000022027a90,"花田里犯了错|机器人马拉松正赛搞笑赏析

",,2593.0,1,69eed26e000000002803e3f2,,63ef6e12000000001001dbca,望严查国补去向,2026.04.27,中国香港,0.0,0.0,7,弱势|观众,弱势,观众,3,弱势,142
69e59e520000000022027a90,"花田里犯了错|机器人马拉松正赛搞笑赏析

",,2593.0,1,69e98a6d0000000014019426,,67df0d1b000000000a03ee90,骗补贴骗投资,2026.04.23,广东,0.0,0.0,6,弱势|观众,弱势,观众,2,弱势,142
69e59e520000000022027a90,"花田里犯了错|机器人马拉松正赛搞笑赏析

",,2593.0,1,69e6db1a000000001401a400,,5c1e554a00000000060064d5,全是骗补贴的,2026.04.21,江苏,0.0,0.0,6,弱势|观众,弱势,观众,2,弱势,142
69da7e87000000001a03484e,"今晚的亦庄机器人马拉松测试

",,8169.0,2,69dafb9f00000000160152e3,69daf44c0000000002034816,5ca313000000000010008294,骗钱融资的 再过几年你看看,2026.04.12,北京,0.0,,13,强势|观众,强势,观众,5,强势成功,142
69e481e8000000002003ad94,"

",,,2,69e48fda000000001401900d,69e48802000000001401ac1d,5ee4412000000000010071d2,不然怎么有补贴，有岗位。,2026.04.19,安徽,0.0,,12,强势|服务者,强势,服务者,3,强势成功,142
69e481e8000000002003ad94,"

",,,2,69e49f7e000000001401c423,69e49f1c0000000014019007,57a5f4617fc5b80383a5fed0,不会的 补贴到手就撤了[斜眼R],2026.04.19,江苏,0.0,,16,强势|服务者,强势,服务者,2,强势成功,142
69e481e8000000002003ad94,"

",,,2,69e49c07000000001401a81f,69e490ae000000001401d42a,5d43e03a000000001003962b,国家补贴要求的,2026.04.19,上海,0.0,,7,强势|服务者,强势,服务者,2,强势成功,142
69e481e8000000002003ad94,"

",,,2,69e55a8e000000001401c400,69e55299000000001401d800,611d137c000000000100948e,极限施压测试，和你高考一样，考试内容对人生没啥用但考验你个人能力,2026.04.20,上海,10.0,,32,强势|服务者,强势,服务者,10,强势成功,143
69e48d54000000002102e178,"😭亦庄机器人半马最感人一幕

",,1589.0,1,69e4a97d000000001401ac21,,5cfe2e3a000000001203a194,要回去分析原因写检测报告吧可能..,2026.04.19,北京,3.0,0.0,17,弱势|保护者,弱势,保护者,5,弱势,143
69e481e8000000002003ad94,"

",,,2,69e49624000000001401b823,69e49576000000001401c41f,6020b61b000000000100ac0b,也是一种测试啊 浪费什么资源了…,2026.04.19,上海,2.0,,16,强势|服务者,强势,服务者,4,强势成功,143
69e2583b00000000230211ea,"

",,2406.0,1,69e7f9a60000000014018c03,,684aab7d000000001d009de1,在家没测试吗？[doge],2026.04.22,陕西,1.0,0.0,13,失败|抢救者,失败,抢救者,2,失败,143
69e481e8000000002003ad94,"

",,,2,69e5ae3a000000001401a80c,69e5abe6000000001401bc07,649db893000000000b0154fa,研发的外场测试啊，这是正常的程序，不然怎么调整,2026.04.20,陕西,1.0,,23,强势|服务者,强势,服务者,7,强势成功,143
69e481e8000000002003ad94,"

",,,2,69e4963d000000001401b012,69e49576000000001401c41f,5823108d82ec396c79108c7a,不测试怎么进步，完善了以后，危险的地方就可以不用人去了[微笑R],2026.04.19,上海,1.0,,32,强势|服务者,强势,服务者,7,强势成功,143
69e2583b00000000230211ea,"

",,2406.0,1,69eb30e7000000001401d416,,5ec218f90000000001004413,这是一点测试都没做过吗？,2026.04.24,广西,0.0,0.0,12,失败|抢救者,失败,抢救者,2,失败,143
69e2583b00000000230211ea,"

",,2406.0,1,69e8c1850000000014019c26,,615ac5cc0000000002027f40,从不测试越障？,2026.04.22,湖南,0.0,0.0,7,失败|抢救者,失败,抢救者,3,失败,143
69e2583b00000000230211ea,"

",,2406.0,1,69e3189a000000001401b81a,,5f62994f000000000100701a,提前都不试下吗,2026.04.18,河南,0.0,0.0,7,失败|抢救者,失败,抢救者,2,失败,143
69e2583b00000000230211ea,"

",,2406.0,1,69e2f1a9000000001401b834,,64d4c82a0000000001029bf9,都没有测试就上，给人看笑话,2026.04.18,福建,0.0,0.0,13,失败|抢救者,失败,抢救者,3,失败,143
69e2583b00000000230211ea,"

",,2406.0,1,69e88a6e000000001401901a,,662a232d000000000700563c,这尼玛不提前测试吗,2026.04.22,天津,0.0,0.0,9,失败|抢救者,失败,抢救者,3,失败,143
69e2583b00000000230211ea,"

",,2406.0,1,69e2e4330000000014018c0f,,69b3d3ff0000000033027a93,这种产品为啥还拿出来？在家不调试的吗？,2026.04.18,上海,0.0,0.0,19,失败|抢救者,失败,抢救者,3,失败,143
69da7e87000000001a03484e,"今晚的亦庄机器人马拉松测试

",,8169.0,1,69db60d8000000000d03e794,,62771f8900000000210274c5,昨天不知道要搞测试，夜里回家到处都拦上，绕半天没回来！最后还是给开了个临时口才回到家。[笑哭R][笑哭R],2026.04.12,北京,0.0,0.0,53,强势|观众,强势,观众,14,强势成功,143
69da7e87000000001a03484e,"今晚的亦庄机器人马拉松测试

",,8169.0,1,69db25af000000003501d194,,5d29fb65000000001602581d,小本子要是知道你们半夜测试这个，估计瑟瑟发抖,2026.04.12,浙江,0.0,0.0,22,强势|观众,强势,观众,8,强势成功,143
69da7e87000000001a03484e,"今晚的亦庄机器人马拉松测试

",,8169.0,1,69daf024000000001400af91,,61ecfe1f000000002102a5e5,几点开始测试的，我说怎么大晚上两边都是交警,2026.04.12,北京,0.0,0.0,21,强势|观众,强势,观众,6,强势成功,143
69da7e87000000001a03484e,"今晚的亦庄机器人马拉松测试

",,8169.0,1,69db1a1b00000000020287fa,,5a5d81ca11be1018e02db522,这有啥好测的，他又不会累[微笑R],2026.04.12,北京,0.0,0.0,17,强势|观众,强势,观众,2,强势成功,143
69e47f8f000000001f007203,"2026年机器人马拉松状态，五年后再看🤣

",,5834.0,1,69e58d21000000001401bc11,,5efdd03b00000000010047d2,其实就是科技竞赛，就像摄像头，杭州的厂家超级多！[偷笑R],2026.04.20,浙江,0.0,0.0,29,混合|观众,混合,观众,7,,143
69e481e8000000002003ad94,"

",,,1,69e48d2c000000001401dc38,,66367ee20000000003030dcb,这是测试什么呢 把人也累的够呛,2026.04.19,江苏,0.0,0.0,15,强势|服务者,强势,服务者,3,强势成功,143
69e481e8000000002003ad94,"

",,,1,69e9e58d000000001401bc0d,,5bd14e717de9340001b890c3,图什么？我就问你图什么？找个荒山测试不是更有实际意义吗,2026.04.23,北京,0.0,0.0,27,强势|服务者,强势,服务者,4,强势成功,143
69df625d0000000021005c63,"“扶我起来，我还能再跑10公里”

",,9992.0,1,69e20eb40000000014019c23,,6788e8b5000000000803d703,就这？你们搞出来都不带测试吗？,2026.04.17,新疆,0.0,0.0,15,失败|观众,失败,观众,2,失败,143
69df625d0000000021005c63,"“扶我起来，我还能再跑10公里”

",,9992.0,1,69e181e6000000001401ac06,,60ceafac00000000010092e4,难道他们在拿出来见世面之前，没在自己家里测试跑一下嘛？感觉就是临时凑数上来的,2026.04.17,北京,0.0,0.0,38,失败|观众,失败,观众,9,失败,143
69df625d0000000021005c63,"“扶我起来，我还能再跑10公里”

",,9992.0,1,69e0eb750000000014018c1a,,6297510c00000000210219ce,在家里不做实验么拿出来现眼,2026.04.16,韩国,0.0,0.0,13,失败|观众,失败,观众,3,失败,143
69e59e520000000022027a90,"花田里犯了错|机器人马拉松正赛搞笑赏析

",,2593.0,1,69e6bf55000000001401d414,,56f72cdaaed7583e5edaeaab,这些不测试嘛[笑哭R],2026.04.21,北京,0.0,0.0,11,弱势|观众,弱势,观众,2,弱势,143
69e2583b00000000230211ea,"

",,2406.0,2,69e82172000000001401e412,69e7a7150000000014019809,5f166af10000000001002e7b,这种障碍不难测试吧？,2026.04.22,澳大利亚,0.0,,10,失败|抢救者,失败,抢救者,3,失败,143
69e2583b00000000230211ea,"

",,2406.0,2,69e2fe86000000001401a020,69e2f480000000001401a819,68f5844d000000003702d26d,有没可能试验品就是一堆塑料,2026.04.18,福建,0.0,,13,失败|抢救者,失败,抢救者,3,失败,143
69da7e87000000001a03484e,"今晚的亦庄机器人马拉松测试

",,8169.0,2,69db35e10000000035017f2e,69daef940000000001007f78,62b30426000000001b027d21,根本不符合外空试验条件 测试也在真空环境 不是在大马路[汗颜R],2026.04.12,广东,0.0,,32,强势|观众,强势,观众,9,强势成功,143
69e481e8000000002003ad94,"

",,,2,69e4a31c000000001401d844,69e49b570000000014019005,5e92f2340000000001000df9,别听他们给你乱分析，目前就是噱头+表演，吸引投资。这种测试更多是在实验室实验场地做,2026.04.19,四川,0.0,,41,强势|服务者,强势,服务者,10,强势成功,143
69e481e8000000002003ad94,"

",,,2,69e5a0340000000014019816,69e571d9000000001401c009,5f9f99370000000001004219,这不是在测试嘛，发现各种问题才能解决撒,2026.04.20,重庆,0.0,,19,强势|服务者,强势,服务者,6,强势成功,143
69e481e8000000002003ad94,"

",,,2,69e5ab1d000000001401bc35,69e571d9000000001401c009,5a7c5b8fe8ac2b15e3840b9a,他们在做测试啊，只不过之前是各自在自己的实验室做，现在是被组织了出来集中在一起做测试，给大家交流的平台，顺便给民众亮亮相，挺好的呀。,2026.04.20,江苏,0.0,,66,强势|服务者,强势,服务者,15,强势成功,143
69e481e8000000002003ad94,"

",,,2,69e5af55000000001401cc21,69e571d9000000001401c009,59fea96e4eacab6c7bb2ad7f,不测试下怎么知道可以干嘛[笑哭R],2026.04.20,广东,0.0,,17,强势|服务者,强势,服务者,3,强势成功,143
69e44171000000001a026b25,"机器人马拉松比赛摔倒丝滑起身帅炸了🔥🔥

",9971.0,613.0,1,69e445980000000014019c0b,,6502091f00000000120054b6,哈哈哈它是特地给观众秀了一段吗[笑哭R],2026.04.19,北京,553.0,1.0,20,混合|观众,混合,观众,3,,144
69e44171000000001a026b25,"机器人马拉松比赛摔倒丝滑起身帅炸了🔥🔥

",9971.0,613.0,1,69e44999000000001401b014,,606c9a6a000000000100a76c,明显是故意的嘛,2026.04.19,广东,15.0,0.0,7,混合|观众,混合,观众,2,,144
69e44171000000001a026b25,"机器人马拉松比赛摔倒丝滑起身帅炸了🔥🔥

",9971.0,613.0,1,69e447bc0000000014019025,,61811a410000000002025194,这绝对是表演[笑哭R],2026.04.19,北京,6.0,0.0,11,混合|观众,混合,观众,2,,144
69e48341000000001a02d0c4,"机器人马拉松，我们看乐了，西方人看破防了🤣

",3931.0,1022.0,2,69e49b100000000014019424,69e4900b000000001401a01d,63a2d31a000000002702a117,而且他们字数和标点符号都是一样的，,2026.04.19,四川,3.0,,17,强势|观众,强势,观众,3,强势成功,144
69e59e520000000022027a90,"花田里犯了错|机器人马拉松正赛搞笑赏析

",,2593.0,1,69e5fa10000000001401cc0f,,62215e6d000000002102208f,能让观众把它们参照人的动作和心态去对比就是他们的成功,2026.04.20,北京,2.0,0.0,26,弱势|观众,弱势,观众,7,弱势,144
69da7e87000000001a03484e,"今晚的亦庄机器人马拉松测试

",,8169.0,2,69db072f000000003500af9a,69db0389000000000d037dee,5aa35c114eacab11b5783fd9,就是很可爱！！后面有些慢一点的观众还喊加油[笑哭了R]人类真的很喜欢共情,2026.04.12,北京,2.0,,36,强势|观众,强势,观众,10,强势成功,144
69e2583b00000000230211ea,"

",,2406.0,1,69e2ec22000000001401a00d,,63836b5e000000001f017e95,故意设置这个坎的嘛？,2026.04.18,江苏,1.0,3.0,10,失败|抢救者,失败,抢救者,2,失败,144
69da7e87000000001a03484e,"今晚的亦庄机器人马拉松测试

",,8169.0,1,69db7edd000000003502aaff,,63b5ae3c000000002702a1b3,不要秀了去做点造福人类的事吧,2026.04.12,河北,1.0,0.0,14,强势|观众,强势,观众,3,强势成功,144
69e44171000000001a026b25,"机器人马拉松比赛摔倒丝滑起身帅炸了🔥🔥

",9971.0,613.0,1,69e486b10000000014019011,,68e2397b0000000037006806,这绝对是故意的。炫技,2026.04.19,河北,1.0,0.0,10,混合|观众,混合,观众,3,,144
69e429b4000000001b00037a,"张杰演唱会机器人来参加半马了？？

",,2026.0,1,69e44df8000000001401c810,,5f4f7de6000000000101e232,这玩意就像个该溜子！,2026.04.19,上海,1.0,0.0,10,常态|观众,常态,观众,2,常态,144
69e48341000000001a02d0c4,"机器人马拉松，我们看乐了，西方人看破防了🤣

",3931.0,1022.0,2,69e48cb6000000001401a42b,69e48616000000001401cc00,62a3485a000000001b02808e,起到一个造型的作用[偷笑R],2026.04.19,浙江,1.0,,14,强势|观众,强势,观众,3,强势成功,144
69e59e520000000022027a90,"花田里犯了错|机器人马拉松正赛搞笑赏析

",,2593.0,2,69e705db000000001401c035,69e5c6f0000000001401ac1e,5f3e045500000000010096f9,哈哈哈，看见人类救助它的同类，忍不住鼓掌了,2026.04.21,江西,1.0,,21,弱势|观众,弱势,观众,6,弱势,144
69e43a5a000000001d01dcc7,"机器人嘲讽同伴

",1966.0,167.0,1,69e4597c000000001401dc30,,5b557a99e8ac2b04e120d2e7,他是鼓励吧，在鼓掌,2026.04.19,山东,0.0,0.0,9,常态|观众,常态,观众,2,常态,144
69df625d0000000021005c63,"“扶我起来，我还能再跑10公里”

",,9992.0,1,69dfad460000000015001a4b,,61af3af9000000001000c50b,这是故意整活呢吧？,2026.04.15,云南,0.0,0.0,9,失败|观众,失败,观众,2,失败,144
69e40352000000002102fc75,"机器人马拉松现场第一视角看全部队伍

",,1160.0,1,69e4bde0000000001401e401,,67794e800000000018017ffb,形状都一样 互相模仿的,2026.04.19,日本,0.0,0.0,11,常态|服务者,常态,服务者,4,常态,144
69e44171000000001a026b25,"机器人马拉松比赛摔倒丝滑起身帅炸了🔥🔥

",9971.0,613.0,1,69e6f17f000000001401d806,,5cc6dd6a000000001601110e,故意想表演起身吧,2026.04.21,上海,0.0,0.0,8,混合|观众,混合,观众,3,,144
69e44171000000001a026b25,"机器人马拉松比赛摔倒丝滑起身帅炸了🔥🔥

",9971.0,613.0,1,69e63a700000000014018811,,638de5f000000000230285a0,故意秀一把吧,2026.04.20,江苏,0.0,0.0,6,混合|观众,混合,观众,2,,144
69e44171000000001a026b25,"机器人马拉松比赛摔倒丝滑起身帅炸了🔥🔥

",9971.0,613.0,1,69e61eea000000001401e00d,,56c266f9b8ce1a75018fa10d,它就存心表演[捂脸R],2026.04.20,上海,0.0,0.0,11,混合|观众,混合,观众,2,,144
69e44171000000001a026b25,"机器人马拉松比赛摔倒丝滑起身帅炸了🔥🔥

",9971.0,613.0,1,69e5a263000000001401c01d,,633c3268000000001802a07d,这是故意炫技的,2026.04.20,广东,0.0,0.0,7,混合|观众,混合,观众,2,,144
69e44171000000001a026b25,"机器人马拉松比赛摔倒丝滑起身帅炸了🔥🔥

",9971.0,613.0,1,69e57a990000000014019409,,5faa252e00000000010061a0,感觉是在展示自己的功能[吃瓜R],2026.04.20,江苏,0.0,0.0,16,混合|观众,混合,观众,2,,144
69e44171000000001a026b25,"机器人马拉松比赛摔倒丝滑起身帅炸了🔥🔥

",9971.0,613.0,1,69e4d244000000001401e036,,62cd4246000000000e00ccc4,我怀疑它是故意的[doge][doge][doge],2026.04.19,意大利,0.0,0.0,26,混合|观众,混合,观众,2,,144
69e44171000000001a026b25,"机器人马拉松比赛摔倒丝滑起身帅炸了🔥🔥

",9971.0,613.0,1,69e4a01d000000001401bc2d,,63cb23de000000002702881b,绝对是故意卖弄[暗中观察R],2026.04.19,江苏,0.0,0.0,14,混合|观众,混合,观众,3,,144
69e44171000000001a026b25,"机器人马拉松比赛摔倒丝滑起身帅炸了🔥🔥

",9971.0,613.0,1,69e49877000000001401e014,,6588c650000000001c03fefb,故意的，就是喜欢抢戏，[点赞R][点赞R],2026.04.19,上海,0.0,0.0,21,混合|观众,混合,观众,3,,144
69e44171000000001a026b25,"机器人马拉松比赛摔倒丝滑起身帅炸了🔥🔥

",9971.0,613.0,1,69e4974d000000001401e800,,6368fd87000000001f01696b,我感觉这是故意表演的，给观众秀个才艺[笑哭R],2026.04.19,北京,0.0,0.0,23,混合|观众,混合,观众,5,,144
69e44171000000001a026b25,"机器人马拉松比赛摔倒丝滑起身帅炸了🔥🔥

",9971.0,613.0,1,69e495a1000000001401d42c,,5ed6fc310000000001007f16,故意的 耍帅呢[doge],2026.04.19,山东,0.0,0.0,13,混合|观众,混合,观众,2,,144
69e44171000000001a026b25,"机器人马拉松比赛摔倒丝滑起身帅炸了🔥🔥

",9971.0,613.0,1,69e4775c000000001401bc1f,,64bfea49000000002b00abff,是不是故意的,2026.04.19,江苏,0.0,0.0,6,混合|观众,混合,观众,2,,144
69e44171000000001a026b25,"机器人马拉松比赛摔倒丝滑起身帅炸了🔥🔥

",9971.0,613.0,1,69e4727e0000000014019821,,565999969eb5784db84f8280,故意耍帅吧[偷笑R],2026.04.19,上海,0.0,0.0,10,混合|观众,混合,观众,2,,144
69e44171000000001a026b25,"机器人马拉松比赛摔倒丝滑起身帅炸了🔥🔥

",9971.0,613.0,1,69e4593f000000001401bc0c,,5c2ae18a000000000600a162,这是要秀一把,2026.04.19,北京,0.0,0.0,6,混合|观众,混合,观众,2,,144
69e44171000000001a026b25,"机器人马拉松比赛摔倒丝滑起身帅炸了🔥🔥

",9971.0,613.0,1,69e7c381000000001401b001,,60446d99000000000101f600,这特么就是炫技的[笑哭R],2026.04.22,浙江,0.0,0.0,13,混合|观众,混合,观众,2,,144
69e59e520000000022027a90,"花田里犯了错|机器人马拉松正赛搞笑赏析

",,2593.0,1,69e6f8a50000000014018809,,5d15d797000000001202c119,为什么大部分都不设计手啊，看着空荡荡的，只有一个鼓掌的有[笑哭了R],2026.04.21,河南,0.0,0.0,34,弱势|观众,弱势,观众,7,弱势,144
69e6f2bc0000000023005345,"🍼机器人第一视角，好多人呀

",,687.0,1,69e78c18000000001401c00c,,64dee42f0000000001011959,我专门为了追小派早起坐了一个多小时的车去10公里处的大族广场候着，结果等了半天没等到，听说在5公里处就熄火了[抽泣R][抽泣R][抽泣R],2026.04.21,北京,34.0,2.0,69,弱势|观众,弱势,观众,17,弱势,145
69e43a5a000000001d01dcc7,"机器人嘲讽同伴

",1966.0,167.0,1,69e45e4a000000001401e817,,5badedbdc8e27300014dbfe3,他是真的好事，小派停下来的时候他也来看热闹了,2026.04.19,天津,25.0,0.0,22,常态|观众,常态,观众,6,常态,145
69e6f2bc0000000023005345,"🍼机器人第一视角，好多人呀

",,687.0,1,69e89a83000000001401e409,,6140760500000000020248fc,小派虽然跑得慢，但它稳呀[笑哭R]小腿倒腾得太可爱了[色色R],2026.04.22,广东,10.0,2.0,31,弱势|观众,弱势,观众,6,弱势,145
69e45dbe000000001f00434f,"机器人跑马拉松超越人类？

",4650.0,773.0,2,69e5c1b20000000014018004,69e5bbf30000000014018c1e,5a9ab361e8ac2b6e8eda1c8b,还有网友让小派穿那种走路时[失望R]踩下去带声音的宝宝鞋,2026.04.20,浙江,9.0,,28,强势|观众,强势,观众,7,强势成功,145
69e6f2bc0000000023005345,"🍼机器人第一视角，好多人呀

",,687.0,1,69e72ca2000000001401b009,,5e4f548b0000000001001a03,小派除了跑步，买来能做什么呀？,2026.04.21,广东,4.0,10.0,15,弱势|观众,弱势,观众,4,弱势,145
69e6f2bc0000000023005345,"🍼机器人第一视角，好多人呀

",,687.0,2,69e7168a000000001401a00f,69e714aa000000001401cc2a,5a3b69814eacab6dcedbb1ba,哈哈哈哈我们小派跑起来也是哒哒哒的[害羞R],2026.04.21,广东,2.0,,22,弱势|观众,弱势,观众,2,弱势,145
69e44171000000001a026b25,"机器人马拉松比赛摔倒丝滑起身帅炸了🔥🔥

",9971.0,613.0,2,69e59512000000001401e41c,69e4a431000000001401e810,618908d7000000001000a7ee,小派宝宝摔了[笑哭R],2026.04.20,四川,2.0,,11,混合|观众,混合,观众,2,,145
69da7e87000000001a03484e,"今晚的亦庄机器人马拉松测试

",,8169.0,1,69db0a560000000035028320,,5d50fb6d0000000011038241,想起超能查派,2026.04.12,山东,1.0,0.0,6,强势|观众,强势,观众,3,强势成功,145
69e59e520000000022027a90,"花田里犯了错|机器人马拉松正赛搞笑赏析

",,2593.0,1,69e661ee000000001401dc06,,5b8f7a234ebf7f00015ce852,我不管！小派是我心中的难波万！,2026.04.21,天津,1.0,0.0,15,弱势|观众,弱势,观众,4,弱势,145
69e6f2bc0000000023005345,"🍼机器人第一视角，好多人呀

",,687.0,2,69e70b830000000014019409,69e6fbb9000000001401a80e,5a3b69814eacab6dcedbb1ba,哈哈有人说我们小派的jio 像订书机,2026.04.21,广东,1.0,,18,弱势|观众,弱势,观众,4,弱势,145
69e4426b000000001d01c7ed,"一个大的一个小的一个废的

",,7334.0,1,69e45feb0000000014018c11,,5837ada750c4b41202252a3d,小派真的好可爱呀[飞吻R],2026.04.19,内蒙古,0.0,0.0,13,混合|观众,混合,观众,3,,145
69da7e87000000001a03484e,"今晚的亦庄机器人马拉松测试

",,8169.0,1,69dbb7a30000000001005ed2,,5f9e4fd60000000001002223,超能查派,2026.04.12,湖南,0.0,0.0,4,强势|观众,强势,观众,2,强势成功,145
69da7e87000000001a03484e,"今晚的亦庄机器人马拉松测试

",,8169.0,1,69db342f0000000016015929,,5c7ea85d000000001602b0a4,都这样了，会不会替代警察，然后电影《超能查派》就成真了...,2026.04.12,北京,0.0,2.0,30,强势|观众,强势,观众,7,强势成功,145
69e42cc100000000220001ad,"机器人马拉松倒数第一名，萌翻了🤣🤣🤣

",,8501.0,1,69e4f62f000000001401bc01,,60c5c3ce0000000001008c5c,小派他爸确实帮小派请了几天假去参加马拉松🏃我非常支持[派对R],2026.04.19,北京,0.0,0.0,31,弱势|观众,弱势,观众,10,弱势,145
69e6f2bc0000000023005345,"🍼机器人第一视角，好多人呀

",,687.0,1,69e7871c000000001401e429,,6118f19e00000000010074b5,原来叫小派，可爱！,2026.04.21,山东,0.0,0.0,9,弱势|观众,弱势,观众,3,弱势,145
69e6f2bc0000000023005345,"🍼机器人第一视角，好多人呀

",,687.0,1,69e76c49000000001401e82c,,5f33b86a000000000101cfab,太可爱了[笑哭R][笑哭R]我就记住了两个一个就是你们家的小派,2026.04.21,重庆,0.0,0.0,31,弱势|观众,弱势,观众,4,弱势,145
69e6f2bc0000000023005345,"🍼机器人第一视角，好多人呀

",,687.0,1,69e76054000000001401c030,,5d41384f000000001102b013,小派派找妈妈[笑哭R],2026.04.21,北京,0.0,0.0,11,弱势|观众,弱势,观众,2,弱势,145
69e6f2bc0000000023005345,"🍼机器人第一视角，好多人呀

",,687.0,1,69e75a9b000000001401c817,,5d2471e20000000012017d2e,你家小派好可爱,2026.04.21,安徽,0.0,0.0,7,弱势|观众,弱势,观众,3,弱势,145
69e6f2bc0000000023005345,"🍼机器人第一视角，好多人呀

",,687.0,1,69e7550e000000001401e826,,5bbdde30590045000146018f,你的头像为什么不是小派，是不是不爱了,2026.04.21,广东,0.0,0.0,18,弱势|观众,弱势,观众,5,弱势,145
69e6f2bc0000000023005345,"🍼机器人第一视角，好多人呀

",,687.0,1,69e7507f0000000014019c0d,,5d37043b0000000012034864,好想拥有小派呀[萌萌哒R][萌萌哒R],2026.04.21,广东,0.0,0.0,19,弱势|观众,弱势,观众,2,弱势,145
69e6f2bc0000000023005345,"🍼机器人第一视角，好多人呀

",,687.0,1,69e75052000000001401a811,,6205ddfa000000001000bf5b,小派真的太可愛了，真想給他買下來，來給我倒垃圾擦桌子洗碗[笑哭R][笑哭R][笑哭R],2026.04.21,中国台湾,0.0,0.0,43,弱势|观众,弱势,观众,9,弱势,145
69e6f2bc0000000023005345,"🍼机器人第一视角，好多人呀

",,687.0,1,69e74f20000000001401b80e,,5d5e069f000000000101852a,小派虽然跑步最后一名，但是萌出圈了[飞吻R],2026.04.21,江苏,0.0,0.0,22,弱势|观众,弱势,观众,6,弱势,145
69e6f2bc0000000023005345,"🍼机器人第一视角，好多人呀

",,687.0,1,69e74cb6000000001401e816,,6918341500000000370095e5,看到小派跑步的样子，想起年前离世的宝宝了。[哭惹R],2026.04.21,江西,0.0,0.0,26,弱势|观众,弱势,观众,7,弱势,145
69e6f2bc0000000023005345,"🍼机器人第一视角，好多人呀

",,687.0,1,69e737d4000000001401a409,,5e062958000000000100a476,一个小派大概多少钱啊[哭惹R],2026.04.21,广东,0.0,1.0,15,弱势|观众,弱势,观众,3,弱势,145
69e6f2bc0000000023005345,"🍼机器人第一视角，好多人呀

",,687.0,1,69e722940000000014018c0b,,56d8e340aed7582e9ad06488,太喜欢小派了 可可爱爱的 萌化了[飞吻R][飞吻R][飞吻R],2026.04.21,北京,0.0,1.0,31,弱势|观众,弱势,观众,4,弱势,145
69e6f2bc0000000023005345,"🍼机器人第一视角，好多人呀

",,687.0,1,69e719be000000001401c00d,,5a882d0fe8ac2b13e90f4d5a,小派好可爱,2026.04.21,湖南,0.0,1.0,5,弱势|观众,弱势,观众,2,弱势,145
69e481e8000000002003ad94,"

",,,1,69e5d455000000001401c41d,,62aaa019000000001b02617b,越来越像超能查派了,2026.04.20,江苏,0.0,0.0,9,强势|服务者,强势,服务者,3,强势成功,145
69e481e8000000002003ad94,"

",,,1,69e4a186000000001401b827,,60fc1709000000000100120f,超能查派正在接近,2026.04.19,天津,0.0,0.0,8,强势|服务者,强势,服务者,4,强势成功,145
69e43b14000000001a02e095,"好萌的小黑仔跑马拉松

",,2760.0,1,69e46742000000001401c01b,,667d59ce0000000003033c44,迷你查派[doge],2026.04.19,辽宁,0.0,0.0,10,弱势|服务者,弱势,服务者,2,弱势,145
69e4426b000000001d01c7ed,"一个大的一个小的一个废的

",,7334.0,2,69e4b20a000000001401a011,69e45af00000000014019407,5b136d83f7e8b9418b381fc4,前面刷到小派被抱走坐车，说要去公园表演～,2026.04.19,广东,0.0,,20,混合|观众,混合,观众,6,,145
69da7e87000000001a03484e,"今晚的亦庄机器人马拉松测试

",,8169.0,2,69db2bea00000000160168cf,69daf56d000000001601419c,62a43a43000000001b029f0d,没事啦，这个城市都叫亦庄（义庄）啦，这种现象就很正常[doge],2026.04.12,广东,28.0,,32,强势|观众,强势,观众,6,强势成功,146
69da7e87000000001a03484e,"今晚的亦庄机器人马拉松测试

",,8169.0,1,69db0fc00000000015002b79,,65db607d000000000503072d,亦庄这个地方越来越神儿了……  [扯脸H][扯脸H][扯脸H][扯脸H][扯脸H][扯脸H],2026.04.12,北京,3.0,0.0,46,强势|观众,强势,观众,4,强势成功,146
69da7e87000000001a03484e,"今晚的亦庄机器人马拉松测试

",,8169.0,1,69db152a000000000202a6f4,,5b16b3654eacab22f4907a0d,亦庄真是个神奇的地方……,2026.04.12,北京,1.0,0.0,12,强势|观众,强势,观众,4,强势成功,146
69da7e87000000001a03484e,"今晚的亦庄机器人马拉松测试

",,8169.0,1,69db07e60000000035018f4c,,57328cf26a6a6943880023f6,亦庄还是太权威了,2026.04.12,北京,1.0,0.0,8,强势|观众,强势,观众,2,强势成功,146
69e59e520000000022027a90,"花田里犯了错|机器人马拉松正赛搞笑赏析

",,2593.0,1,69e7b1d7000000001401940d,,5b357cbbf7e8b9637967702c,。。。亦庄真是个神奇的地方，啊哈哈哈[笑哭R],2026.04.22,北京,1.0,0.0,23,弱势|观众,弱势,观众,4,弱势,146
69da7e87000000001a03484e,"今晚的亦庄机器人马拉松测试

",,8169.0,2,69dcb82e0000000016014f9f,69daf56d000000001601419c,576457d06a6a695229d3dd8d,亦庄以前是军营，周围是养马（马以前也算半个军人）的和猎场。你说的那个停尸体的好像是大红门、小红门、五道口那边。,2026.04.13,北京,1.0,,55,强势|观众,强势,观众,15,强势成功,146
69e4426b000000001d01c7ed,"一个大的一个小的一个废的

",,7334.0,1,69e4726c000000001401e80d,,668042c20000000003030fe9,本来打算去看的，我就住亦庄里，但是周末只想躺尸,2026.04.19,北京,0.0,0.0,23,混合|观众,混合,观众,5,,146
69db34bb000000001a0348ae,"机器人抢救现场

",4896.0,1198.0,1,69dcd39a0000000035033729,,5572aac4faea911a0799a620,亦庄介地儿还是太复杂了,2026.04.13,北京,0.0,0.0,11,失败|抢救者,失败,抢救者,3,失败,146
69da7e87000000001a03484e,"今晚的亦庄机器人马拉松测试

",,8169.0,1,69dbb646000000003502e96a,,564fd678a40e183064291e7f,亦庄神奇的地方哈哈哈,2026.04.12,北京,0.0,0.0,10,强势|观众,强势,观众,3,强势成功,146
69da7e87000000001a03484e,"今晚的亦庄机器人马拉松测试

",,8169.0,1,69db9f54000000000d037878,,66535f510000000007005e37,亦庄已经发展成这样了吗？,2026.04.12,北京,0.0,0.0,12,强势|观众,强势,观众,3,强势成功,146
69da7e87000000001a03484e,"今晚的亦庄机器人马拉松测试

",,8169.0,1,69db798c000000000202893b,,5b3602ef11be105513902a6f,亦庄真是个神奇的地方,2026.04.12,北京,0.0,0.0,10,强势|观众,强势,观众,4,强势成功,146
69da7e87000000001a03484e,"今晚的亦庄机器人马拉松测试

",,8169.0,1,69db4e7f000000001400acbd,,5ee2aca1000000000100441d,亦庄老有意思了[扯脸H]去一次啥乱七八糟的都有[doge],2026.04.12,北京,0.0,0.0,29,强势|观众,强势,观众,4,强势成功,146
69da7e87000000001a03484e,"今晚的亦庄机器人马拉松测试

",,8169.0,1,69db3442000000003500d7f2,,6619541f000000000d02469d,亦庄是一直叫亦庄，还是以前是义庄啊[笑哭R],2026.04.12,安徽,0.0,0.0,22,强势|观众,强势,观众,5,强势成功,146
69da7e87000000001a03484e,"今晚的亦庄机器人马拉松测试

",,8169.0,1,69db1fdf0000000015002321,,54dd78d4b4c4d6380b8d67c0,总让我想到义庄[笑哭R],2026.04.12,上海,0.0,0.0,12,强势|观众,强势,观众,3,强势成功,146
69da7e87000000001a03484e,"今晚的亦庄机器人马拉松测试

",,8169.0,1,69db076e0000000001005a92,,643fbc7e00000000100243c7,亦庄是个神器的乐园[笑哭R],2026.04.12,天津,0.0,0.0,14,强势|观众,强势,观众,3,强势成功,146
69da7e87000000001a03484e,"今晚的亦庄机器人马拉松测试

",,8169.0,1,69daf5bf0000000016014e04,,5e895d48000000000100301b,亦庄最近闹鬼[笑哭R],2026.04.12,北京,0.0,0.0,11,强势|观众,强势,观众,3,强势成功,146
69da7e87000000001a03484e,"今晚的亦庄机器人马拉松测试

",,8169.0,1,69daf15000000000350189c8,,5cd7f01200000000160291ad,亦庄还是太全面了[汗颜R],2026.04.12,北京,0.0,0.0,13,强势|观众,强势,观众,2,强势成功,146
69df625d0000000021005c63,"“扶我起来，我还能再跑10公里”

",,9992.0,1,69dfa969000000003501a480,,6277cdd500000000210259ed,在亦庄办办[笑哭R],2026.04.15,福建,0.0,0.0,10,失败|观众,失败,观众,2,失败,146
69df625d0000000021005c63,"“扶我起来，我还能再跑10公里”

",,9992.0,1,69dfa85e0000000002037bc1,,5e3a3ffd000000000100887a,请问4月19日具体几点呢？在亦庄哪儿呢？,2026.04.15,北京,0.0,0.0,20,失败|观众,失败,观众,6,失败,146
69df625d0000000021005c63,"“扶我起来，我还能再跑10公里”

",,9992.0,1,69dfa72d000000001400ab5d,,636ede86000000001f018cdd,古代亦庄这地方本来就…，哈哈，开个玩笑,2026.04.15,湖北,0.0,0.0,19,失败|观众,失败,观众,6,失败,146
69df625d0000000021005c63,"“扶我起来，我还能再跑10公里”

",,9992.0,1,69dfa2af00000000150015e4,,54841a0d2e1d934b1aa88e5a,你说为什么要在亦庄办，一桩一桩没（死）坏几个对不起这个名字,2026.04.15,上海,0.0,0.0,29,失败|观众,失败,观众,7,失败,146
69df625d0000000021005c63,"“扶我起来，我还能再跑10公里”

",,9992.0,1,69df8f0f0000000035023ba6,,64aa16230000000025034298,周日可以去亦庄现场看比赛吗[笑哭R],2026.04.15,北京,0.0,1.0,18,失败|观众,失败,观众,4,失败,146
69df625d0000000021005c63,"“扶我起来，我还能再跑10公里”

",,9992.0,1,69e07a3f000000001401cc0a,,5f213c2a0000000001005257,果然是“亦庄”,2026.04.16,四川,0.0,0.0,7,失败|观众,失败,观众,2,失败,146
69df625d0000000021005c63,"“扶我起来，我还能再跑10公里”

",,9992.0,1,69e065e500000000300271f0,,54c5b9312e1d9326dab3b04b,义庄马拉虫果然名不虚传，够阴间,2026.04.16,广东,0.0,0.0,15,失败|观众,失败,观众,5,失败,146
69df625d0000000021005c63,"“扶我起来，我还能再跑10公里”

",,9992.0,1,69dfa805000000000d035d49,,61f38444000000000201efab,亦庄？？特么是以前那个义庄吗？？,2026.04.15,河南,0.0,0.0,16,失败|观众,失败,观众,4,失败,146
69e40352000000002102fc75,"机器人马拉松现场第一视角看全部队伍

",,1160.0,1,69e4e2f10000000014019827,,62242f0a000000001000cee3,亦庄场地足够大，真适合搞这些活动。,2026.04.19,北京,0.0,0.0,17,常态|服务者,常态,服务者,6,常态,146
69e59e520000000022027a90,"花田里犯了错|机器人马拉松正赛搞笑赏析

",,2593.0,1,69e8e6fa0000000014018801,,64ccaa9e000000000b00656e,亦庄是个地名吗,2026.04.22,山东,0.0,0.0,7,弱势|观众,弱势,观众,2,弱势,146
69e4426b000000001d01c7ed,"一个大的一个小的一个废的

",,7334.0,2,69e87163000000001401e80e,69e84bf2000000001401e008,5fb7f10c0000000001001dbd,上周通州那个吧,2026.04.22,北京,0.0,,7,混合|观众,混合,观众,2,,146
69da7e87000000001a03484e,"今晚的亦庄机器人马拉松测试

",,8169.0,2,69db5d6f000000000202a579,69daf56d000000001601419c,608b6cee00000000010087df,吓死了，还好去年刚从亦庄搬走哈哈哈哈哈哈哈哈哈哈哈[捂脸R][捂脸R][捂脸R][捂脸R],2026.04.12,北京,0.0,,45,强势|观众,强势,观众,5,强势成功,146
69da7e87000000001a03484e,"今晚的亦庄机器人马拉松测试

",,8169.0,2,69db8609000000000d034aed,69daf56d000000001601419c,617bff32000000000201dcca,难道亦庄其实是义庄？,2026.04.12,江西,0.0,,10,强势|观众,强势,观众,4,强势成功,146
69e46032000000001f002048,"看着你们累倒在地上我很心疼，恨不得替你们

",,5680.0,2,69e95d3a000000001401e80b,69e7007f000000001401a400,59d62c9f51783a2df7b57cb8,不早了，都会跑了马上就了追着揍了。,2026.04.23,重庆,1346.0,,17,常态|保护者,常态,保护者,2,常态,147
69e447d2000000001d01aa01,"当算法有了腿，程序员万万没想到……

",,2912.0,2,69e45710000000001401cc32,69e45575000000001401e004,6471bd0e0000000012036a24,什么！！！那哪里能追上,2026.04.19,河南,270.0,,11,强势|服务者,强势,服务者,2,强势成功,147
69e447d2000000001d01aa01,"当算法有了腿，程序员万万没想到……

",,2912.0,2,69e721c2000000001401c411,69e4b6d1000000001401c426,5e3fc3e100000000010081c4,坏消息，我追不上它[偷笑R],2026.04.21,北京,20.0,,14,强势|服务者,强势,服务者,2,强势成功,147
69e43a5a000000001d01dcc7,"机器人嘲讽同伴

",1966.0,167.0,1,69e479ec000000001401c811,,5dd28e3f000000000100aa75,跑不过就整活是吧[doge],2026.04.19,北京,19.0,0.0,14,常态|观众,常态,观众,2,常态,147
69e46032000000001f002048,"看着你们累倒在地上我很心疼，恨不得替你们

",,5680.0,2,69e96bbe000000001401c009,69e7007f000000001401a400,5aea966d4eacab70468a36ff,你能跑过第一名吗？跑不过还不赶紧投降[doge],2026.04.23,山东,16.0,,24,常态|保护者,常态,保护者,4,常态,147
69da7e87000000001a03484e,"今晚的亦庄机器人马拉松测试

",,8169.0,2,69db31ac000000003502ba5a,69db30220000000016016d90,55716ded051194441a5102d6,先想好谁追谁[捂脸R]打也打不过跑也跑不过,2026.04.12,北京,15.0,,21,强势|观众,强势,观众,3,强势成功,147
69e59e520000000022027a90,"花田里犯了错|机器人马拉松正赛搞笑赏析

",,2593.0,2,69e63d4d0000000014018c29,69e61c570000000014018c05,5b02753411be1046462dac7f,那家伙一顿风驰电掣[暗中观察R]撵不上,2026.04.20,北京,15.0,,19,弱势|观众,弱势,观众,3,弱势,147
69e4551e000000001f005895,"荣耀机器人赢麻了🤖我觉得它表情在嘲讽我

",,816.0,2,69e4dbe4000000001401b02e,69e496f6000000001401a013,5c72a0450000000010012da5,我意思是它绝对赢不了哈哈哈哈哈哈，因为会有人绊倒它[捂脸R][捂脸R][捂脸R][捂脸R],2026.04.19,河南,5.0,,45,强势|被超越者,强势,被超越者,5,强势成功,147
69e4551e000000001f005895,"荣耀机器人赢麻了🤖我觉得它表情在嘲讽我

",,816.0,2,69e473ed0000000014019000,69e47395000000001401e037,63239ad8000000002303db4d,[棒R]确实跑不过[捂脸R],2026.04.19,北京,3.0,,14,强势|被超越者,强势,被超越者,2,强势成功,147
69e44171000000001a026b25,"机器人马拉松比赛摔倒丝滑起身帅炸了🔥🔥

",9971.0,613.0,1,69e573b2000000001401d814,,5fd3b547000000000100b972,跑不赢，我表演还不行吗[笑哭R],2026.04.20,四川,1.0,0.0,16,混合|观众,混合,观众,2,,147
69da7e87000000001a03484e,"今晚的亦庄机器人马拉松测试

",,8169.0,2,69db74d00000000035029147,69db30220000000016016d90,65bd8eb8000000000e0258be,不是追不上，是跑不了,2026.04.12,辽宁,1.0,,10,强势|观众,强势,观众,2,强势成功,147
69df625d0000000021005c63,"“扶我起来，我还能再跑10公里”

",,9992.0,2,69e01bba000000003501e355,69df8f1f000000003502b58d,5b15533211be107220b650a7,跑不过我还躲不过么，不能追着我杀吧[偷笑R],2026.04.16,北京,1.0,,22,失败|观众,失败,观众,3,失败,147
69e44278000000001a0217bb,"机器人超过我的瞬间

",6019.0,372.0,1,69e490fb000000001401e41c,,6790902c000000000e0135b9,毕竟不费力，跑不过的[doge],2026.04.19,上海,0.0,0.0,16,强势|被超越者,强势,被超越者,3,强势成功,147
69e2583b00000000230211ea,"

",,2406.0,1,69e302c5000000001401c00f,,5fab6bda0000000001005e25,让你跑，也没让你自残[鄙视R][鄙视R][鄙视R][鄙视R][鄙视R][鄙视R],2026.04.18,辽宁,0.0,0.0,40,失败|抢救者,失败,抢救者,2,失败,147
69da7e87000000001a03484e,"今晚的亦庄机器人马拉松测试

",,8169.0,1,69db36440000000015008c7c,,5a8ad6274eacab594215f458,好家伙我都跑不过他,2026.04.12,北京,0.0,0.0,9,强势|观众,强势,观众,2,强势成功,147
69da7e87000000001a03484e,"今晚的亦庄机器人马拉松测试

",,8169.0,1,69db12ac000000000d03fd97,,5d22f3c80000000016022755,这回不靠人追了[捂脸R],2026.04.12,天津,0.0,0.0,12,强势|观众,强势,观众,3,强势成功,147
69da7e87000000001a03484e,"今晚的亦庄机器人马拉松测试

",,8169.0,1,69daef0a000000001500ab34,,5ed5e7fc000000000101f76a,跑又跑不过，打又打不过,2026.04.12,山东,0.0,0.0,11,强势|观众,强势,观众,2,强势成功,147
69e481e8000000002003ad94,"

",,,1,69e580d6000000001401a821,,5d300ef4000000001602ddbb,[笑哭R]后面人追不上怎么办。,2026.04.20,福建,0.0,0.0,15,强势|服务者,强势,服务者,4,强势成功,147
69e481e8000000002003ad94,"

",,,1,69e55fdd000000001401d404,,5d40b247000000001100cd43,人要追不上还颜控不了,2026.04.20,北京,0.0,0.0,10,强势|服务者,强势,服务者,4,强势成功,147
69e481e8000000002003ad94,"

",,,1,69e48e4b0000000014019c0d,,64d1e532000000000e0273b4,这人能追上么[捂脸R],2026.04.19,山东,0.0,0.0,11,强势|服务者,强势,服务者,2,强势成功,147
69e40352000000002102fc75,"机器人马拉松现场第一视角看全部队伍

",,1160.0,1,69e480fc000000001401dc0b,,695ca6690000000032026ab3,厉害，反正我跑不了,2026.04.19,浙江,0.0,0.0,9,常态|服务者,常态,服务者,3,常态,147
69e4b08d000000001d01c1bc,"机器人马拉松参赛选手“进化速度这一块”

",,379.0,1,69e5a9f5000000001401bc11,,61bfc484000000001000a697,跑不过没事，总有“人”靠邪修出圈[捂脸R][捂脸R][捂脸R],2026.04.20,浙江,0.0,0.0,31,混合|观众,混合,观众,5,,147
69e4551e000000001f005895,"荣耀机器人赢麻了🤖我觉得它表情在嘲讽我

",,816.0,2,69e48f5d0000000014018c14,69e48f20000000001401bc1d,63239ad8000000002303db4d,更本追不上,2026.04.19,北京,0.0,,5,强势|被超越者,强势,被超越者,2,强势成功,147
69da7e87000000001a03484e,"今晚的亦庄机器人马拉松测试

",,8169.0,2,69dcd3250000000014009b06,69db30220000000016016d90,6787d0a3000000000803e9aa,对呀，不过我肯定跑不过他就[捂脸R],2026.04.13,广东,0.0,,18,强势|观众,强势,观众,3,强势成功,147
69da7e87000000001a03484e,"今晚的亦庄机器人马拉松测试

",,8169.0,2,69dcd61d0000000016017b2c,69db30220000000016016d90,6787d0a3000000000803e9aa,哈哈，这个更加追不了了，也跑不掉，分分钟挨揍[笑哭R],2026.04.13,广东,0.0,,27,强势|观众,强势,观众,5,强势成功,147
69da7e87000000001a03484e,"今晚的亦庄机器人马拉松测试

",,8169.0,2,69dcd6890000000016015417,69db30220000000016016d90,6787d0a3000000000803e9aa,都跑不过对方,2026.04.13,广东,0.0,,6,强势|观众,强势,观众,2,强势成功,147
69da7e87000000001a03484e,"今晚的亦庄机器人马拉松测试

",,8169.0,2,69db5377000000000d03e93d,69db30220000000016016d90,5f53b8ad000000000101c2d3,真有那么一天跑都来不及，你还敢追？[笑哭R],2026.04.12,河北,0.0,,22,强势|观众,强势,观众,3,强势成功,147
69e47f8f000000001f007203,"2026年机器人马拉松状态，五年后再看🤣

",,5834.0,2,69e564270000000014018c04,69e561620000000014019008,59036fff82ec3976d9fd606b,你肯定跑不过这个小黑个子[扯脸H],2026.04.20,上海,0.0,,17,混合|观众,混合,观众,4,,147
69e481e8000000002003ad94,"

",,,2,69e64d820000000014019c0f,69e57cce000000001401ac0c,6300c4da00000000120038f3,我连我媳妇都跑不过,2026.04.21,河北,0.0,,9,强势|服务者,强势,服务者,2,强势成功,147
69df625d0000000021005c63,"“扶我起来，我还能再跑10公里”

",,9992.0,2,69dffead000000003500f22f,69df8f1f000000003502b58d,5b15533211be107220b650a7,没关系，那王文杰也追不上,2026.04.16,北京,0.0,,12,失败|观众,失败,观众,3,失败,147
69e40352000000002102fc75,"机器人马拉松现场第一视角看全部队伍

",,1160.0,2,69e4539f000000001401bc21,69e41e73000000001401980a,607d25e0000000000101cfbf,那整四个轮比得了，汽车比赛,2026.04.19,北京,4.0,,13,常态|服务者,常态,服务者,5,常态,148
69e481e8000000002003ad94,"

",,,1,69e49087000000001401b817,,5a50ebc8e8ac2b2bc6947810,评论区说加轮子的去看摩托车赛好吗[笑哭R]，motogp啥的,2026.04.19,浙江,0.0,0.0,30,强势|服务者,强势,服务者,6,强势成功,148
69e2583b00000000230211ea,"

",,2406.0,2,69e31b11000000001401d43f,69e2f480000000001401a819,62447bea00000000210262aa,他赛道是沙石赛道,2026.04.18,广东,0.0,,8,失败|抢救者,失败,抢救者,3,失败,148
69e47f8f000000001f007203,"2026年机器人马拉松状态，五年后再看🤣

",,5834.0,2,69e60deb000000001401d828,69e586020000000014019401,5e9c39ad0000000001006571,见过那种学校里比赛谁做的纸壳车冲得更远、谁用竹签搭的桥负重最多吗？,2026.04.20,山东,0.0,,33,混合|观众,混合,观众,10,,148
69e481e8000000002003ad94,"

",,,2,69e4e6c9000000001401bc29,69e49a5c000000001401ac0a,5b1b87534eacab54ed7cd5a5,你说的是不是赛车？ 四个轮子的拉力赛？,2026.04.19,陕西,0.0,,19,强势|服务者,强势,服务者,5,强势成功,148
69e481e8000000002003ad94,"

",,,2,69e5dda5000000001401ac22,69e49a5c000000001401ac0a,63e73ea100000000270298be,那人家赛车比赛为啥还要安轮子，安翅膀不好吗,2026.04.20,湖北,0.0,,21,强势|服务者,强势,服务者,7,强势成功,148
69e481e8000000002003ad94,"

",,,2,69e49a2f000000001401e837,69e490ae000000001401d42a,5a12c63a11be107e0deececf,轮子那叫赛车,2026.04.19,浙江,0.0,,6,强势|服务者,强势,服务者,2,强势成功,148
69e481e8000000002003ad94,"

",,,2,69e49d31000000001401c047,69e490ae000000001401d42a,652214b90000000023026ff2,轮子那是赛车,2026.04.19,安徽,0.0,,6,强势|服务者,强势,服务者,2,强势成功,148
69e481e8000000002003ad94,"

",,,2,69e4a11c000000001401e80c,69e490ae000000001401d42a,67866db7000000000801c3f1,轮子那就是赛车了[暗中观察R],2026.04.19,广东,0.0,,15,强势|服务者,强势,服务者,2,强势成功,148
69e481e8000000002003ad94,"

",,,2,69e4a4c9000000001401bc26,69e490ae000000001401d42a,65331486000000002a02856c,有轮子那叫赛车。,2026.04.19,湖南,0.0,,8,强势|服务者,强势,服务者,2,强势成功,148
69e481e8000000002003ad94,"

",,,2,69e4a5b9000000001401a413,69e490ae000000001401d42a,6519249600000000240175cf,真上轮子，那不成车了。他不是为了跑得快，他是彰显这个技术,2026.04.19,四川,0.0,,28,强势|服务者,强势,服务者,7,强势成功,148
69e481e8000000002003ad94,"

",,,2,69e576920000000014019411,69e490ae000000001401d42a,60485b1000000000010096aa,哈哈，有輪子的，不就是賽車了嗎？哈哈哈,2026.04.20,中国澳门,0.0,,19,强势|服务者,强势,服务者,2,强势成功,148
69e481e8000000002003ad94,"

",,,2,69e580d10000000014018c0f,69e490ae000000001401d42a,5d534f960000000011022675,有轮子就是汽车赛道了。,2026.04.20,陕西,0.0,,11,强势|服务者,强势,服务者,3,强势成功,148
69e481e8000000002003ad94,"

",,,2,69e5b760000000001401a00c,69e490ae000000001401d42a,5afbc13b6b58b709fb0c95f8,带轮子的有没有可能叫赛车[偷笑R][偷笑R],2026.04.20,江苏,0.0,,22,强势|服务者,强势,服务者,3,强势成功,148
69e481e8000000002003ad94,"

",,,2,69e5eb350000000014019818,69e490ae000000001401d42a,5edf6535000000000100144b,[暗中观察R]因为要比，，轮子比赛已经有了,2026.04.20,河北,0.0,,21,强势|服务者,强势,服务者,2,强势成功,148
69e481e8000000002003ad94,"

",,,2,69e6db06000000001401bc06,69e490ae000000001401d42a,685978a3000000001d00a8a4,有轮的是赛车。,2026.04.21,福建,0.0,,7,强势|服务者,强势,服务者,2,强势成功,148
69e481e8000000002003ad94,"

",,,2,69e703dd000000001401c40a,69e490ae000000001401d42a,5abdbf2ce8ac2b1e0f2f2520,轮子那叫赛车[扯脸H],2026.04.21,山东,0.0,,11,强势|服务者,强势,服务者,2,强势成功,148
69e481e8000000002003ad94,"

",,,2,69e739c70000000014019c2e,69e490ae000000001401d42a,6315f3c2000000001501947e,有轮子的那叫赛车！,2026.04.21,江苏,0.0,,9,强势|服务者,强势,服务者,2,强势成功,148
69e481e8000000002003ad94,"

",,,2,69e85147000000001401c421,69e490ae000000001401d42a,6631089500000000030328ec,轮子那你不就是赛车了！,2026.04.22,四川,0.0,,11,强势|服务者,强势,服务者,2,强势成功,148
69e481e8000000002003ad94,"

",,,2,69e86706000000001401a001,69e490ae000000001401d42a,5c9392d60000000016028f93,有轮子的，就汽车了，另外一条赛道,2026.04.22,江苏,0.0,,16,强势|服务者,强势,服务者,5,强势成功,148
69e481e8000000002003ad94,"

",,,2,69e4a49b0000000014019826,69e490ae000000001401d42a,65f194d1000000000500b766,轮子谁看？谁赞助,2026.04.19,新疆,0.0,,8,强势|服务者,强势,服务者,2,强势成功,148
69e481e8000000002003ad94,"

",,,2,69e50c1d000000001401e415,69e490ae000000001401d42a,5e698ec00000000001000d52,轮子有啥好比的，不就是赛车吗？,2026.04.20,广东,0.0,,15,强势|服务者,强势,服务者,3,强势成功,148
69e481e8000000002003ad94,"

",,,2,69e511070000000014019005,69e490ae000000001401d42a,5bfe37312151f70001914363,比轮子的比赛不是叫赛车吗早就有啊,2026.04.20,北京,0.0,,16,强势|服务者,强势,服务者,4,强势成功,148
69e481e8000000002003ad94,"

",,,2,69e562780000000014018c04,69e490ae000000001401d42a,5caca9870000000016009009,轮子的话和赛车有什么区别,2026.04.20,山东,0.0,,12,强势|服务者,强势,服务者,4,强势成功,148
69e481e8000000002003ad94,"

",,,2,69e567df000000001401a808,69e490ae000000001401d42a,5a1d17854eacab34e6a44d4f,有轮子不是电车吗[捂脸R]那有专门的比赛,2026.04.20,江苏,0.0,,20,强势|服务者,强势,服务者,5,强势成功,148
69e481e8000000002003ad94,"

",,,2,69e5bbb3000000001401c007,69e490ae000000001401d42a,6377543a000000001f0141a5,有轮不是赛车比赛吗[doge],2026.04.20,广东,0.0,,15,强势|服务者,强势,服务者,3,强势成功,148
69e481e8000000002003ad94,"

",,,2,69e6285b000000001401c423,69e490ae000000001401d42a,6157038300000000020181df,轮子为什么不比赛车？,2026.04.20,山西,0.0,,10,强势|服务者,强势,服务者,3,强势成功,148
69e481e8000000002003ad94,"

",,,2,69e6cdf0000000001401b00f,69e490ae000000001401d42a,5aab044011be105804b65a0c,轮子不就是赛车了吗？,2026.04.21,湖北,0.0,,10,强势|服务者,强势,服务者,2,强势成功,148
69e481e8000000002003ad94,"

",,,2,69e71e11000000001401cc01,69e490ae000000001401d42a,62d941d8000000000303f227,轮子不是汽车吗？你可以去看赛车啊,2026.04.21,江西,0.0,,16,强势|服务者,强势,服务者,3,强势成功,148
69e481e8000000002003ad94,"

",,,2,69e7553f000000001401a82c,69e490ae000000001401d42a,6737fb27000000000800a3b4,轮子是吧？那不就是汽车摩托车自行车吗？那些比赛早就有了,2026.04.21,北京,0.0,,27,强势|服务者,强势,服务者,8,强势成功,148
69da7e87000000001a03484e,"今晚的亦庄机器人马拉松测试

",,8169.0,2,69dae3d40000000035008589,69dae015000000001500be37,5f6e0f14000000000101f479,你天天尿炕吗？对换被套这么急迫？,2026.04.12,陕西,6.0,,16,强势|观众,强势,观众,5,强势成功,149
69e4426b000000001d01c7ed,"一个大的一个小的一个废的

",,7334.0,2,69e45d17000000001401a012,69e45492000000001401b835,5aa0f37bdb2e602f339347f7,[捂嘴笑R]还差个尿不湿,2026.04.19,北京,4.0,,12,混合|观众,混合,观众,2,,149
69e43b14000000001a02e095,"好萌的小黑仔跑马拉松

",,2760.0,1,69e495cd000000001401c011,,5fa1211f000000000100424d,还以为跑一会儿洗洗屁股[笑哭R][笑哭R],2026.04.19,江西,3.0,0.0,21,弱势|服务者,弱势,服务者,4,弱势,149
69e481e8000000002003ad94,"

",,,2,69e48aba0000000014018809,69e487f9000000001401e425,5d36930d000000001201a5f4,为什么不是你屁股？,2026.04.19,陕西,3.0,,9,强势|服务者,强势,服务者,2,强势成功,149
69da7e87000000001a03484e,"今晚的亦庄机器人马拉松测试

",,8169.0,1,69db627b000000001601789e,,5e474353000000000100be1e,这得是憋了多大一泡尿啊[捂脸R],2026.04.12,北京,1.0,0.0,16,强势|观众,强势,观众,2,强势成功,149
69e6f2bc0000000023005345,"🍼机器人第一视角，好多人呀

",,687.0,1,69e73f39000000001401d807,,566b6f8882718c48d234ec12,下次穿个尿不湿,2026.04.21,北京,1.0,0.0,7,弱势|观众,弱势,观众,3,弱势,149
69e43b14000000001a02e095,"好萌的小黑仔跑马拉松

",,2760.0,1,69e46c84000000001401bc09,,5a100abce8ac2b7a27c37c9c,像是定期给孩子换尿布湿[暗中观察R],2026.04.19,浙江,1.0,0.0,18,弱势|服务者,弱势,服务者,4,弱势,149
69e43b14000000001a02e095,"好萌的小黑仔跑马拉松

",,2760.0,1,69e466990000000014018c06,,6706e62b000000001d020a19,还要洗屁股[笑哭R],2026.04.19,重庆,1.0,0.0,10,弱势|服务者,弱势,服务者,2,弱势,149
69e43b14000000001a02e095,"好萌的小黑仔跑马拉松

",,2760.0,1,69e456c30000000014018c1b,,658a3cdc0000000022000a91,为什么洗屁股？,2026.04.19,湖南,1.0,0.0,7,弱势|服务者,弱势,服务者,2,弱势,149
69e43b14000000001a02e095,"好萌的小黑仔跑马拉松

",,2760.0,1,69e44f23000000001401e033,,65c7471b0000000013025416,小孩儿如果这样的话，大概率是尿了,2026.04.19,北京,1.0,0.0,16,弱势|服务者,弱势,服务者,3,弱势,149
69e43b14000000001a02e095,"好萌的小黑仔跑马拉松

",,2760.0,1,69e449ff000000001401b00c,,572b0ba44775a776a85c21f7,要不穿个冰镇纸尿裤[偷笑R],2026.04.19,天津,1.0,0.0,14,弱势|服务者,弱势,服务者,2,弱势,149
69e43b14000000001a02e095,"好萌的小黑仔跑马拉松

",,2760.0,1,69e44938000000001401a420,,5970c9145e87e732868e9dd0,怎么跑着跑着还得洗洗屁股呢？[石化R],2026.04.19,北京,1.0,0.0,19,弱势|服务者,弱势,服务者,2,弱势,149
69e6f2bc0000000023005345,"🍼机器人第一视角，好多人呀

",,687.0,2,69e821b80000000014019005,69e72520000000001401e42b,5e83bde30000000001001861,尿不湿不能兜，散热呢[笑哭R],2026.04.22,江苏,1.0,,15,弱势|观众,弱势,观众,2,弱势,149
69e42cc100000000220001ad,"机器人马拉松倒数第一名，萌翻了🤣🤣🤣

",,8501.0,1,69e77d42000000001401bc00,,5bfa23599998370001a1f0dc,别把尿不湿跑掉了   [失望R],2026.04.21,江苏,0.0,0.0,16,弱势|观众,弱势,观众,2,弱势,149
69e481e8000000002003ad94,"

",,,1,69e89e8f000000001401d831,,5cfb1afa000000001701db5b,现场洗屁股,2026.04.22,河北,0.0,0.0,5,强势|服务者,强势,服务者,2,强势成功,149
69e481e8000000002003ad94,"

",,,1,69e789a3000000001401e824,,61b3fced00000000100094fe,干嘛当街洗屁股,2026.04.21,广东,0.0,0.0,7,强势|服务者,强势,服务者,3,强势成功,149
69e481e8000000002003ad94,"

",,,1,69e56a330000000014019409,,6007032d0000000001009ce6,屁股还冒烟[笑哭R],2026.04.20,广东,0.0,0.0,10,强势|服务者,强势,服务者,2,强势成功,149
69e43b14000000001a02e095,"好萌的小黑仔跑马拉松

",,2760.0,1,69e4b6c4000000001401980f,,65f19718000000000500bce0,你拉屎了吧，还要给你冲洗干净,2026.04.19,陕西,0.0,0.0,14,弱势|服务者,弱势,服务者,4,弱势,149
69e43b14000000001a02e095,"好萌的小黑仔跑马拉松

",,2760.0,1,69e49b36000000001401a01e,,5bbdb087e1822b0001da061c,冲洗下屁屁接着跑,2026.04.19,北京,0.0,0.0,8,弱势|服务者,弱势,服务者,3,弱势,149
69e43b14000000001a02e095,"好萌的小黑仔跑马拉松

",,2760.0,1,69e48916000000001401c803,,56f087deaed7587aefba555e,咋还洗个屁股？,2026.04.19,重庆,0.0,0.0,7,弱势|服务者,弱势,服务者,2,弱势,149
69e43b14000000001a02e095,"好萌的小黑仔跑马拉松

",,2760.0,1,69e48383000000001401c017,,5da543210000000001000015,尿裤子了吗？还是瘙痒难耐？,2026.04.19,广东,0.0,0.0,13,弱势|服务者,弱势,服务者,3,弱势,149
69e43b14000000001a02e095,"好萌的小黑仔跑马拉松

",,2760.0,1,69e46e9f000000001401c431,,695b04a4000000000b0385d3,[笑哭R]一种玩一半停下来换个尿不湿继续的既视感,2026.04.19,浙江,0.0,0.0,24,弱势|服务者,弱势,服务者,7,弱势,149
69e43b14000000001a02e095,"好萌的小黑仔跑马拉松

",,2760.0,1,69e46a6c000000001401ac09,,598082a150c4b45d5908970a,又没穿纸尿裤，还要洗了屁股,2026.04.19,甘肃,0.0,0.0,13,弱势|服务者,弱势,服务者,4,弱势,149
69e43b14000000001a02e095,"好萌的小黑仔跑马拉松

",,2760.0,1,69e453ff0000000014019820,,5f97d3ff000000000100bac4,哈哈😄怎么小孩机跑几步就要洗屁股啊[偷笑R],2026.04.19,广西,0.0,0.0,22,弱势|服务者,弱势,服务者,5,弱势,149
69e43b14000000001a02e095,"好萌的小黑仔跑马拉松

",,2760.0,1,69e452e70000000014019813,,62ebbb4a000000001f017a52,冲冲屁股才能继续跑吗,2026.04.19,四川,0.0,0.0,10,弱势|服务者,弱势,服务者,4,弱势,149
69e43b14000000001a02e095,"好萌的小黑仔跑马拉松

",,2760.0,1,69e44e80000000001401e00f,,5fa4a8340000000001006a59,喷喷屁股就能跑了,2026.04.19,天津,0.0,0.0,8,弱势|服务者,弱势,服务者,2,弱势,149
69e43b14000000001a02e095,"好萌的小黑仔跑马拉松

",,2760.0,1,69e45b49000000001401c020,,5fd42d190000000001002fd7,换个尿布接着跑,2026.04.19,北京,0.0,0.0,7,弱势|服务者,弱势,服务者,3,弱势,149
69e429b4000000001b00037a,"张杰演唱会机器人来参加半马了？？

",,2026.0,1,69e4519e000000001401a413,,5653dfb967bc65592de0e50f,我咋听到：你需要撒尿吗？,2026.04.19,山东,0.0,0.0,12,常态|观众,常态,观众,3,常态,149
69e429b4000000001b00037a,"张杰演唱会机器人来参加半马了？？

",,2026.0,1,69e451cd000000001401940b,,5653dfb967bc65592de0e50f,你需要撒尿吗？[偷笑R],2026.04.19,山东,0.0,0.0,12,常态|观众,常态,观众,2,常态,149
69e47f8f000000001f007203,"2026年机器人马拉松状态，五年后再看🤣

",,5834.0,2,69e59e0d0000000014019005,69e580bf000000001401dc0b,643e6ae90000000010025318,066站着撒尿嘛？,2026.04.20,四川,0.0,,9,混合|观众,混合,观众,2,,149
69df625d0000000021005c63,"“扶我起来，我还能再跑10公里”

",,9992.0,2,69e01a70000000003500dad1,69dfb3290000000002035b6b,5e4e9f3f0000000001006bb9,这个比春晚好看多了[点赞R],2026.04.16,山西,228.0,,14,失败|观众,失败,观众,2,失败,150
69e47f8f000000001f007203,"2026年机器人马拉松状态，五年后再看🤣

",,5834.0,1,69e782a1000000001401c035,,63ad919b0000000026013728,这波贪了，应该留到春晚看的,2026.04.21,重庆,43.0,3.0,13,混合|观众,混合,观众,3,,150
69e4426b000000001d01c7ed,"一个大的一个小的一个废的

",,7334.0,2,69e45ebd000000001401c02d,69e45c42000000001401c413,62bfcac30000000019029a79,你让春晚的演员去跑马拉松也这样,2026.04.19,上海,39.0,,15,混合|观众,混合,观众,4,,150
69e4426b000000001d01c7ed,"一个大的一个小的一个废的

",,7334.0,2,69e46248000000001401d81f,69e45c42000000001401c413,674c18eb0000000001003171,春晚那些少说排练了一年了[doge],2026.04.19,陕西,30.0,,18,混合|观众,混合,观众,5,,150
69e43a5a000000001d01dcc7,"机器人嘲讽同伴

",1966.0,167.0,1,69e45ecd000000001401c426,,659e843300000000220177cf,建议明年春晚演这个,2026.04.19,北京,5.0,0.0,9,常态|观众,常态,观众,3,常态,150
69e59e520000000022027a90,"花田里犯了错|机器人马拉松正赛搞笑赏析

",,2593.0,1,69e61761000000001401bc4d,,6098de1f00000000010005ba,这些是差生送到工读学校了。毕业的好学生都在春晚舞台上跳舞呢！,2026.04.20,河南,3.0,0.0,30,弱势|观众,弱势,观众,9,弱势,150
69da7e87000000001a03484e,"今晚的亦庄机器人马拉松测试

",,8169.0,2,69db0189000000000d035ca1,69db01250000000015007221,627c8f390000000021024209,明年春晚告诉你,2026.04.12,北京,3.0,,7,强势|观众,强势,观众,3,强势成功,150
69da7e87000000001a03484e,"今晚的亦庄机器人马拉松测试

",,8169.0,1,69db5e140000000015003e79,,61186b3f0000000001004203,谁还记得去年春晚还得人扶着[汗颜R],2026.04.12,广西,2.0,0.0,18,强势|观众,强势,观众,4,强势成功,150
69e47f8f000000001f007203,"2026年机器人马拉松状态，五年后再看🤣

",,5834.0,1,69e8bac60000000014019c01,,643a3910000000000d01bdf9,这波贪了，应该留着春晚看的,2026.04.22,山东,2.0,0.0,13,混合|观众,混合,观众,3,,150
69e59e520000000022027a90,"花田里犯了错|机器人马拉松正赛搞笑赏析

",,2593.0,1,69e8442a000000001401981a,,6649b72300000000070056cc,春晚原来是骗人的[汗颜R],2026.04.22,广西,2.0,0.0,13,弱势|观众,弱势,观众,3,弱势,150
69e2583b00000000230211ea,"

",,2406.0,1,69e792c5000000001401d802,,5b45ca114eacab3c34b7c944,你们不觉得这个如果上春晚，收视率会更高吗,2026.04.21,天津,1.0,0.0,20,失败|抢救者,失败,抢救者,2,失败,150
69e59e520000000022027a90,"花田里犯了错|机器人马拉松正赛搞笑赏析

",,2593.0,1,69e6f9180000000014019016,,618527130000000010005fa0,在春晚上打把式那批呢,2026.04.21,内蒙古,1.0,0.0,10,弱势|观众,弱势,观众,2,弱势,150
69e4426b000000001d01c7ed,"一个大的一个小的一个废的

",,7334.0,2,69e96a19000000001401e01b,69e95832000000001401d801,5d199a13000000001000ae15,我求你去看春晚吧,2026.04.23,英国,1.0,,8,混合|观众,混合,观众,2,,150
69e4426b000000001d01c7ed,"一个大的一个小的一个废的

",,7334.0,2,69e4ea13000000001401cc0e,69e4bc430000000014018818,5ff1baf1000000000101d461,把这个当个小品 上春晚吧哈哈哈哈哈,2026.04.19,福建,1.0,,17,混合|观众,混合,观众,3,,150
69e2583b00000000230211ea,"

",,2406.0,2,69e91b19000000001401e400,69e3bdb4000000001401d815,5e41ab4d0000000001001979,但是只是再春晚播出的时候没出问题[笑哭R][笑哭R][笑哭R][笑哭R][捂脸R][捂脸R][捂脸R],2026.04.23,湖北,1.0,,51,失败|抢救者,失败,抢救者,5,失败,150
69e42cc100000000220001ad,"机器人马拉松倒数第一名，萌翻了🤣🤣🤣

",,8501.0,2,69e73c0f000000001401bc0c,69e70c990000000014018800,629b2859000000001902cd3c,允许他上春晚,2026.04.21,重庆,1.0,,6,弱势|观众,弱势,观众,2,弱势,150
69e429b4000000001b00037a,"张杰演唱会机器人来参加半马了？？

",,2026.0,2,69e45be6000000001401e02e,69e43784000000001401ac1c,5c5fc60f000000001201a528,上过春晚的,2026.04.19,广东,1.0,,5,常态|观众,常态,观众,2,常态,150
69e4426b000000001d01c7ed,"一个大的一个小的一个废的

",,7334.0,1,69e465e00000000014018c28,,5dd78f100000000001003cd1,这跟春晚那批比  明显发育挺慢啊,2026.04.19,北京,0.0,0.0,16,混合|观众,混合,观众,5,,150
69e2583b00000000230211ea,"

",,2406.0,1,69e2f781000000001401c81d,,5afe5ac16b58b73bc9589c5a,但凡今年看过春晚[偷笑R],2026.04.18,河北,0.0,0.0,13,失败|抢救者,失败,抢救者,4,失败,150
69df625d0000000021005c63,"“扶我起来，我还能再跑10公里”

",,9992.0,1,69dfad2f00000000160150f0,,5c9f281f00000000110269cc,春晚不是这水平啊！,2026.04.15,北京,0.0,0.0,9,失败|观众,失败,观众,2,失败,150
69df625d0000000021005c63,"“扶我起来，我还能再跑10公里”

",,9992.0,1,69dfa44e000000000202b5bd,,5b3471264eacab24d952ad45,春晚上的 不是这样的,2026.04.15,上海,0.0,0.0,10,失败|观众,失败,观众,2,失败,150
69df625d0000000021005c63,"“扶我起来，我还能再跑10公里”

",,9992.0,1,69df94740000000035023733,,5d5a5fd20000000001001aeb,这个怎么不放春晚看，哈哈哈,2026.04.15,江苏,0.0,0.0,13,失败|观众,失败,观众,2,失败,150
69df625d0000000021005c63,"“扶我起来，我还能再跑10公里”

",,9992.0,1,69e25300000000001401e816,,5c833841000000001602bd86,春晚上都能耍猴儿了，这些怎么还这样呢……,2026.04.17,北京,0.0,0.0,20,失败|观众,失败,观众,4,失败,150
69e4412a000000002103883f,"荣耀闪电队-齐天大圣夺冠！

",3517.0,445.0,1,69e47d60000000001401c804,,6103a36d000000000100467f,春晚那小子来了么？,2026.04.19,海南,0.0,1.0,9,强势|观众,强势,观众,2,强势成功,150
69e59e520000000022027a90,"花田里犯了错|机器人马拉松正赛搞笑赏析

",,2593.0,1,69e76057000000001401d410,,5c9f281f00000000110269cc,春晚里的也不是这熊样啊！,2026.04.21,北京,0.0,0.0,12,弱势|观众,弱势,观众,2,弱势,150
69e47f8f000000001f007203,"2026年机器人马拉松状态，五年后再看🤣

",,5834.0,2,69e572ae000000001401d813,69e51ef20000000014019c03,65e55ef9000000000500fccb,娱乐圈出道[doge]专业在这摆着呢 春晚舞台有它,2026.04.20,山东,0.0,,25,混合|观众,混合,观众,5,,150
69e40352000000002102fc75,"机器人马拉松现场第一视角看全部队伍

",,1160.0,2,69e4a8fe000000001401980d,69e4321e000000001401a01a,5a1f9e654eacab775bbbe607,某年他又想起来春晚扭秧歌的画面,2026.04.19,广东,0.0,,15,常态|服务者,常态,服务者,5,常态,150
69e48341000000001a02d0c4,"机器人马拉松，我们看乐了，西方人看破防了🤣

",3931.0,1022.0,2,69e73669000000001401bc35,69e4e615000000001401a40c,5b8b613c8e9cff00013473e2,哈哈哈哈哈今年春晚也是这么演的,2026.04.21,广东,0.0,,15,强势|观众,强势,观众,2,强势成功,150
69e59e520000000022027a90,"花田里犯了错|机器人马拉松正赛搞笑赏析

",,2593.0,2,69e74122000000001401c42a,69e6394c000000001401c410,5658da054476087412752711,这不叫悲观，叫理性。如果老百姓只看到春晚上的神通广大，那就是过于乐观。,2026.04.21,上海,0.0,,35,弱势|观众,弱势,观众,7,弱势,150
69e59e520000000022027a90,"花田里犯了错|机器人马拉松正赛搞笑赏析

",,2593.0,2,69e9cfd3000000001401a019,69e98fc5000000001401e41e,5a1abb894eacab745df9c3a9,和春晚有点割裂哈哈,2026.04.23,上海,0.0,,9,弱势|观众,弱势,观众,2,弱势,150
69e481e8000000002003ad94,"

",,,1,69ec8105000000002a02d85f,,5f2541f5000000000101c89c,假以时日，补给的也换成机器人了，观众亦然,2026.04.25,上海,1.0,0.0,20,强势|服务者,强势,服务者,6,强势成功,151
69e481e8000000002003ad94,"

",,,1,69ea0c07000000001401c009,,5665c627b8c8b447a7544125,这谁说请机器人干活可以不吃不喝不补给的[暗中观察R][暗中观察R][暗中观察R],2026.04.23,广西,1.0,0.0,40,强势|服务者,强势,服务者,4,强势成功,151
69e481e8000000002003ad94,"

",,,1,69e4a419000000001401c408,,61baf8580000000010006514,机器人补给需要三个牛马伺候，但是牛马可以自己点外卖去医院看病[doge],2026.04.19,江苏,1.0,0.0,36,强势|服务者,强势,服务者,10,强势成功,151
69e481e8000000002003ad94,"

",,,1,69e4a3a4000000001401e019,,6414e12c0000000011023f9c,要不了多久就是另外的机器人给它补给了[笑哭R],2026.04.19,四川,1.0,0.0,23,强势|服务者,强势,服务者,5,强势成功,151
69e481e8000000002003ad94,"

",,,1,69e48a5e000000001401ac19,,62a20a2e000000002102ab4b,这有啥用啊！前线等他去补给呢，他等人类来补给,2026.04.19,江苏,1.0,0.0,22,强势|服务者,强势,服务者,5,强势成功,151
69e43a5a000000001d01dcc7,"机器人嘲讽同伴

",1966.0,167.0,1,69e574db000000001401c412,,5e360f90000000000100960c,周末还加班，牛马都不干[斜眼R]更何况机器人呢。,2026.04.20,浙江,1.0,0.0,24,常态|观众,常态,观众,5,常态,151
69e481e8000000002003ad94,"

",,,1,69e49b85000000001401c801,,600840ac0000000001001dac,这玩意儿送外卖行啊  到时候把现在的骑手换电站直接改成补给站 设定一定公里数机器人自动回站补给,2026.04.19,吉林,0.0,0.0,47,强势|服务者,强势,服务者,14,强势成功,151
69e481e8000000002003ad94,"

",,,1,69e49b63000000001401bc3c,,6839c677000000001d00af59,牛马都是生病了，自己去看病，自己去吃饭的，他这需要人补给算什么机器人？,2026.04.19,上海,0.0,1.0,35,强势|服务者,强势,服务者,8,强势成功,151
69e481e8000000002003ad94,"

",,,1,69e4982f000000001401cc17,,5a521873e8ac2b3230f671c6,补给的下次也换成机器人～[偷笑R][偷笑R][偷笑R],2026.04.19,甘肃,0.0,0.0,27,强势|服务者,强势,服务者,4,强势成功,151
69e481e8000000002003ad94,"

",,,1,69e49497000000001401d406,,61b027fe000000002102a8be,跑个半马机器人都要补给，我们人类是不是超量了呀？,2026.04.19,四川,0.0,0.0,24,强势|服务者,强势,服务者,6,强势成功,151
69e481e8000000002003ad94,"

",,,1,69ec526d000000002901941b,,5f9fa316000000000100a09f,不应该是换补给，也是用机器人吗？,2026.04.25,湖南,0.0,0.0,16,强势|服务者,强势,服务者,2,强势成功,151
69e481e8000000002003ad94,"

",,,1,69e6f95f000000002b025c15,,5fdb4d640000000001007092,为什么不把这些补给的工作人员也换成机器人？,2026.04.21,澳大利亚,0.0,0.0,21,强势|服务者,强势,服务者,6,强势成功,151
69e481e8000000002003ad94,"

",,,1,69e6e827000000001401dc04,,5b4013b9f7e8b9608aea9a4e,应该让机器人自己补给,2026.04.21,江苏,0.0,0.0,10,强势|服务者,强势,服务者,2,强势成功,151
69e481e8000000002003ad94,"

",,,1,69e6d0e0000000001401c01d,,5f3b92fd000000000101d9b6,为什么是人补给？不应该是机器给机器补给吗？,2026.04.21,福建,0.0,0.0,21,强势|服务者,强势,服务者,6,强势成功,151
69e481e8000000002003ad94,"

",,,1,69e645c80000000014019000,,5a32b3704eacab1fe1e329e3,不能让机器人补给吗,2026.04.20,德国,0.0,0.0,9,强势|服务者,强势,服务者,2,强势成功,151
69e481e8000000002003ad94,"

",,,1,69e64357000000001401dc36,,63ddd5c7000000002801ac19,弹幕说得对，定点准备补给，人形机器人应该自己换,2026.04.20,上海,0.0,0.0,23,强势|服务者,强势,服务者,6,强势成功,151
69e481e8000000002003ad94,"

",,,1,69e598b5000000001401a81a,,6329a3b60000000023024b8a,把补给也换陈机器人就真正解放人类了,2026.04.20,云南,0.0,0.0,17,强势|服务者,强势,服务者,5,强势成功,151
69e481e8000000002003ad94,"

",,,1,69e561fd000000001401e806,,5844244750c4b425aedc0c36,所以机器都得补给，人为什么不休息,2026.04.20,辽宁,0.0,0.0,16,强势|服务者,强势,服务者,5,强势成功,151
69e481e8000000002003ad94,"

",,,1,69e54740000000001401b800,,5d03194900000000100059c1,机器人:麻烦加补给麻溜点，没看到我快累的平衡性都跟不上了吗,2026.04.20,重庆,0.0,0.0,29,强势|服务者,强势,服务者,6,强势成功,151
69e481e8000000002003ad94,"

",,,1,69e4a56c000000001401a821,,631d9997000000002303a755,哪一天机器人会自己补给就完犊子了[doge],2026.04.19,上海,0.0,0.0,22,强势|服务者,强势,服务者,4,强势成功,151
69e481e8000000002003ad94,"

",,,1,69e4a564000000001401a411,,5f92a90d00000000010034b2,还需要人补给啊，不应该也是机器人嘛,2026.04.19,浙江,0.0,0.0,17,强势|服务者,强势,服务者,4,强势成功,151
69e481e8000000002003ad94,"

",,,1,69e4a41f000000001401cc19,,653e4ebc00000000020137c6,一想到机器人也要补给就好好笑,2026.04.19,广东,0.0,2.0,14,强势|服务者,强势,服务者,4,强势成功,151
69e481e8000000002003ad94,"

",,,1,69e4a213000000001401dc0d,,6682aa59000000000d027ffe,如果在出个补给机器人就更好了,2026.04.19,福建,0.0,0.0,14,强势|服务者,强势,服务者,4,强势成功,151
69e481e8000000002003ad94,"

",,,1,69e4a0970000000014019817,,62bc5505000000001b027193,机器人也得“补给”啊[笑哭R],2026.04.19,河北,0.0,0.0,15,强势|服务者,强势,服务者,2,强势成功,151
69e481e8000000002003ad94,"

",,,1,69e4a0500000000014019011,,66e0179a000000001d022110,原来机器人也要吃饭喝水的，还是人来侍候,2026.04.19,广东,0.0,0.0,19,强势|服务者,强势,服务者,6,强势成功,151
69e481e8000000002003ad94,"

",,,1,69e49f5e000000001401a421,,66ec28ec000000001d033180,这补给，是不是也应该机器人去补？,2026.04.19,江苏,0.0,0.0,16,强势|服务者,强势,服务者,3,强势成功,151
69e481e8000000002003ad94,"

",,,1,69e4a0d8000000001401e425,,68303b3c000000000e01c5c7,？？？为什么补给不是机器人[汗颜R][汗颜R][汗颜R],2026.04.19,安徽,0.0,0.0,28,强势|服务者,强势,服务者,3,强势成功,151
69e481e8000000002003ad94,"

",,,1,69e49da5000000001401a017,,697f6673000000001d01ec5e,所以意义何在 补给站也应该用机器人才对,2026.04.19,北京,0.0,0.0,19,强势|服务者,强势,服务者,5,强势成功,151
69e45dbe000000001f00434f,"机器人跑马拉松超越人类？

",4650.0,773.0,1,69e8a69c000000001401bc2e,,62e28e490000000015018fcd,咱就说这个字幕能别一直挡住机器人吗[石化R],2026.04.22,北京,0.0,1.0,22,强势|观众,强势,观众,5,强势成功,151
69e44278000000001a0217bb,"机器人超过我的瞬间

",6019.0,372.0,1,69e4cc7c000000001401dc41,,68b388ef000000001901f03a,抱歉占用了社会资源，大家晚上好，实在很无助来到这里求大家！！点开头像看一眼，[合十R][合十R]能拉的话拉一把[哭惹R]娃在lcu.再不缴费就不行了[哭惹R]。实在一点没有了，一个人在楼道口痛哭，命运为何如此不公，。[哭惹R][哭惹R],2026.04.19,广西,1.0,0.0,118,强势|被超越者,强势,被超越者,28,强势成功,152
69e42cc100000000220001ad,"机器人马拉松倒数第一名，萌翻了🤣🤣🤣

",,8501.0,1,69e5eeb3000000001401b008,,66e79989000000001d030d5c,对不住我的宝贝女儿[哭惹R][哭惹R]原谅我占用大家一点流量。。我是一个快要倒下去的母亲，9岁女儿可能熬不过这几天了[哭惹R]为了留住她，我每天白天在饭店做服务员，晚上不停的送外卖，可还是差得太多了，孩子已经好几天没法正常用..药了[哭惹R][合十R]求大家点头像拉一把可以吗，一句加油，一个点赞也可以[合十R][合十R]！。,2026.04.20,湖南,1.0,0.0,163,弱势|观众,弱势,观众,34,弱势,152
69e47f8f000000001f007203,"2026年机器人马拉松状态，五年后再看🤣

",,5834.0,1,69f4b786000000002b025cc0,,6039f1c10000000001000fb5,"冒昧打[合十R][合十R]扰大家了
我是一名聋哑妈妈，听不见也说不出话[可怜R][可怜R]，心里再多委屈和难过[可怜R][可怜R]，也没办法像普通人一样开口倾诉，只能自己默默扛着。
我的宝宝才一岁多，现在孤零零躺在i cU里，隔着玻璃看着她小小的身子虚弱地躺在床上，我心里像被揪着一样疼，却什么都做不了，连一句安慰的话都没法跟孩子说。
为留住女宝，我一天不停的送外卖，药 停了两天了再这样拖下去，我真的怕宝宝撑不住了。
她还那么小，连一声妈妈都还没来得及学会叫。希望大家能顺手点个赞，給点热度，給娃多一线希望，谢谢[合十R]",2026.05.01,湖南,1.0,0.0,262,混合|观众,混合,观众,62,,152
69e47f8f000000001f007203,"2026年机器人马拉松状态，五年后再看🤣

",,5834.0,1,69e64528000000001401981d,,69bf5c1e000000003402c321,对不起！！我想要点热度[哭惹R]3岁宝贝儿子躺在lcU里奄奄一息，真怕撑不过这几天[哭惹R]为了给儿续nn命，家里能值点钱的都卖了，每天没日没夜的送外卖，还是差医院很多。各位朋友能到头象去看看宝宝吗？送上一句祝福，一个爱心都行[合十R][合十R],2026.04.20,广东,1.0,0.0,123,混合|观众,混合,观众,29,,152
69e47f8f000000001f007203,"2026年机器人马拉松状态，五年后再看🤣

",,5834.0,1,69e582ba000000001401a022,,6451c1380000000029016240,对不住 我的宝贝一一[捂脸R][捂脸R]我真不是一个合格的母亲，才1岁的一一就遭那么大的罪:癫:k娴[捂脸R]，请原谅妈妈的无能，我已拼劲全力，倾尽一切，借遍所有亲朋好友～为了把你从si神手中夺 回，我一天做几份工作，没日没夜环卫送外卖连轴转，[哭惹R]困到站着都能睡着[哭惹R]啃球点 开看看，啦啦我命苦的娃儿，给你跪[合十R]谢感恩了,2026.04.20,河北,1.0,0.0,169,混合|观众,混合,观众,33,,152
69df625d0000000021005c63,"“扶我起来，我还能再跑10公里”

",,9992.0,1,69e0c65e0000000014018c03,,68e894bd0000000037032cf2,对不起我的女儿[哭惹R][哭惹R]   我是一个蹦溃的母亲。宝贝女儿才5岁就得了 重z.症  。。在ICu里面连呼吸都困难，我实在太无...助了，为了留住宝宝，一天只能睡4小时，在饭店做服务员，夜里送外卖。不敢休息[哭惹R]  给大伙:跪:下球啦闺女一把[合十R]叩谢,2026.04.16,江苏,1.0,0.0,134,失败|观众,失败,观众,27,失败,152
69e4426b000000001d01c7ed,"一个大的一个小的一个废的

",,7334.0,1,69e7fe45000000001401e001,,67d4daa7000000000a03e9de,抱歉，各位晚上好，占用了社会资源，非常抱歉，娃躺在lcu[哭惹R]一张张单子，我们实在撑不下了。跪求各位看一眼，拉一把...只是没有办法的办法了。[哭惹R][合十R],2026.04.22,山东,0.0,0.0,83,混合|观众,混合,观众,20,,152
69e4426b000000001d01c7ed,"一个大的一个小的一个废的

",,7334.0,1,69e4f310000000001401c826,,692a7d18000000003702f740,对不起，可以点点我头..像吗？。看一眼蹦溃的农村宝妈吧[哭惹R][合十R]我只是个环卫。每天起早贪黑在城市打扫卫生，可惜命运不公，娃3岁还这么小。就患了重，。疾，上了水滴却远远不够[哭惹R][合十R]已经lcu.欠了费。实在没办法了，啃球哪怕一杯牛奶，一颗苹果，一句加油[哭惹R][哭惹R]！？都感激不尽[合十R],2026.04.19,江苏,0.0,0.0,157,混合|观众,混合,观众,29,,152
69e2583b00000000230211ea,"

",,2406.0,1,69e384c5000000001401b81d,,6752d9ea000000001c01b8a5,对不起很蹦溃[哭惹R][哭惹R]原谅我蹭点流量。。我是一个快要倒下的母亲，6岁女儿可能熬不过这几天了[哭惹R]为了留住她，我每天白天在饭店做服务员，晚上不停的送外卖，可还是差得太多了，已经停..药2天[哭惹R][合十R]求大家点头像拉一把可以吗，一句加油，一个爱心也行[合十R][合十R],2026.04.18,湖南,0.0,0.0,144,失败|抢救者,失败,抢救者,28,失败,152
69e42cc100000000220001ad,"机器人马拉松倒数第一名，萌翻了🤣🤣🤣

",,8501.0,1,69e8b208000000001401a00f,,6971ee7a000000003702e278,实在抱歉占用大家资源，孩子还在重cu监护，费y用压力太大，实在撑不住了。垦请大家帮忙留意，万般感谢🙏,2026.04.22,江苏,0.0,0.0,50,弱势|观众,弱势,观众,18,弱势,152
69e42cc100000000220001ad,"机器人马拉松倒数第一名，萌翻了🤣🤣🤣

",,8501.0,1,69e8a3c4000000001401d834,,69c9f89b000000003302aeb8,"对不起。。！给点流量，点开...看看小女孩在学校是班..长。我是女娃的绝w望的母亲，现在幼童小女孩得了严重**疾[哭惹R][哭惹R]躺在lcu:。，医--生说可能撐不了几天，没钱..缴纳已停 .,3.天药。[哭惹R]！为了留住她，凌晨当环卫白天送快递。可还是差太多了，🙏求大家在附近可以来...看一下。一个爱心。一个攒也可以🙏🙏!!。",2026.04.22,广东,0.0,0.0,167,弱势|观众,弱势,观众,30,弱势,152
69e42cc100000000220001ad,"机器人马拉松倒数第一名，萌翻了🤣🤣🤣

",,8501.0,1,69e77494000000001401c812,,68f1d521000000003702e9ed,晚上好，原谅我蹭点热度[哭惹R]3岁宝贝女儿躺在l，cU里奄奄一息，真怕撑不过这几天[哭惹R]为了给儿续an[哭惹R]命，家里能值点钱的都卖了，每天没日没夜的送外卖，还是差医院很多。各位朋友能到头象去看看宝宝吗？送上一句祝福，一个爱心都行[合十R][合十R],2026.04.21,江苏,0.0,0.0,129,弱势|观众,弱势,观众,30,弱势,152
69e42cc100000000220001ad,"机器人马拉松倒数第一名，萌翻了🤣🤣🤣

",,8501.0,1,69e4e2e2000000001401dc03,,60bdeccf0000000001004e38,抱歉，打扰了，可以点开头像拉一把。看一眼无助的农村宝妈吗[哭惹R][合十R]我只是个环卫工。每天起早贪黑去县城打扫卫生，可惜命运不公，娃还这么小。就患了重，。疾，上了水滴却远远不够[哭惹R][合十R]已经lcu.欠了费。实在没办法，哪怕给个点赞。一句加油[哭惹R][哭惹R]！！！？，,2026.04.19,山东,0.0,0.0,142,弱势|观众,弱势,观众,26,弱势,152
69e47f8f000000001f007203,"2026年机器人马拉松状态，五年后再看🤣

",,5834.0,1,69eece9f000000002702a800,,5f423de6000000000101f552,"[可怜R]占用大家一点公共资源，[合十R][合十R]真的非常抱歉
轲轲现在还在监护lcu室里没有出来，看着厚厚的单据，[可怜R]整夜整夜睡不着，马上就要面临中断，作为妈妈真的很崩[可怜R]溃，可以停一下，搭把手吗",2026.04.27,湖南,0.0,0.0,106,混合|观众,混合,观众,26,,152
69e47f8f000000001f007203,"2026年机器人马拉松状态，五年后再看🤣

",,5834.0,1,69e7a976000000001401e812,,67d4daa7000000000a03e9de,对不住  我的宝宝[哭惹R][哭惹R]我是一个 蹦溃的妈妈 。宝贝儿才五岁就得了 这种唉  。。在ICu里面连呼吸都困难，我实在太无...助了，为了留住宝宝，一天只能睡4小时，在饭店做服务员，夜里送外卖。不敢休息[哭惹R]  跪 ：[合十R]下球大伙啦，一把[合十R]叩谢,2026.04.22,山东,0.0,0.0,136,混合|观众,混合,观众,27,,152
69e47f8f000000001f007203,"2026年机器人马拉松状态，五年后再看🤣

",,5834.0,1,69ed22cf0000000029027120,,6968e89d000000000300fed0,"打扰大家了，实[合十R][合十R]在抱歉占用公共资源
孩子轲轲目前还在监护lcu房，[可怜R]看着厚厚的单据，心里又慌又难，压力压得人喘不过气。
为人母亲实[可怜R]在无助，恳请大家给点热度，帮忙看一看、搭把手，万分感谢每一位好心人，一生平安顺遂[合十R]",2026.04.26,湖南,0.0,0.0,128,混合|观众,混合,观众,33,,152
69e6f2bc0000000023005345,"🍼机器人第一视角，好多人呀

",,687.0,1,69e73c6b000000001401e415,,69d321430000000033027c6e,晚上好，原谅我蹭点热度[哭惹R]1岁宝贝女儿躺在l，cU里奄奄一息，真怕撑不过这几天[哭惹R]为了给儿续wert 命，家里能值点钱的都卖了，每天没日没夜的送外卖，还是差医院很多。各位朋友能到头象去看看宝宝吗？送上一句祝福，一个爱心都行[合十R][合十R],2026.04.21,河北,0.0,0.0,127,弱势|观众,弱势,观众,30,弱势,152
69e481e8000000002003ad94,"

",,,1,69e666a70000000014013000,,63dbf5dd000000002702aaed,对不起。打扰各位，点开头像来看一眼吧，我是个无能的妈妈娃才5岁，很怕他x,2026.04.21,广西,0.0,0.0,36,强势|服务者,强势,服务者,10,强势成功,152
69e481e8000000002003ad94,"

",,,1,69e821ba000000001401d41b,,67d4daa7000000000a03e9de,抱歉，各位早上好，占用了社会资源，非常抱歉，娃躺在lcu[哭惹R]一张张单子，我们实在撑不下了。跪求各位看一眼，拉一把...只是没有办法的办法了。[哭惹R][合十R],2026.04.22,山东,0.0,0.0,83,强势|服务者,强势,服务者,20,强势成功,152
69df625d0000000021005c63,"“扶我起来，我还能再跑10公里”

",,9992.0,1,69dfa874000000001400b16e,,69d321430000000033027c6e,晚上好[合十R]我对不起大家[合十R]我是个失败的爸爸。我闺女1岁现在躺在  lcu1   [哭惹R]我却一点办法都没有。为给儿续[彩虹R]命。我在工地扛水泥。一次扛5包，不然儿要停[薯券R]了。现在肯 球您邦我闺女一把。感恩[合十R],2026.04.15,河北,0.0,0.0,118,失败|观众,失败,观众,18,失败,152
69df625d0000000021005c63,"“扶我起来，我还能再跑10公里”

",,9992.0,1,69e0e78d000000001401e037,,64477c8800000000100265ec,兄弟姐妹们[合十R][合十R]此刻真的很需要流l量 . [哭惹R][哭惹R]。我是一个 绝j 望的母亲。宝贝儿子才9岁就得了 重..疾[哭惹R] 。。在ICu里面奄奄一息，真的很无...助，为了留住儿.zi，一天只能睡4小时，在饭店做服务员，夜里送外卖。不敢休息[哭惹R]  跪 ：下球大伙啦儿子一把，一 个赞[点赞R]也是希望[哭惹R][哭惹R].。,2026.04.16,湖南,0.0,0.0,176,失败|观众,失败,观众,28,失败,152
69df625d0000000021005c63,"“扶我起来，我还能再跑10公里”

",,9992.0,1,69e787f1000000001401882b,,61964d670000000010009526,抱歉，各位晚上好，占用了社会资源，非常抱歉，娃躺在lcu，一张张单子，我们实在撑不下了。跪求各位看一眼，拉一把。。。只是没有办法的办法了。[哭惹R][合十R],2026.04.21,江西,0.0,0.0,79,失败|观众,失败,观众,20,失败,152
69df625d0000000021005c63,"“扶我起来，我还能再跑10公里”

",,9992.0,1,69e23c35000000001401a438,,61cf112c00000000100064ce,对不起我的儿子[哭惹R][哭惹R]   我是一个蹦溃的母亲。宝贝孩子才3岁就得了 重z.症  。。在ICu里面连呼吸都困难，我实在太无...助了，为了留住宝宝，一天只能睡4小时，在饭店做服务员，夜里送外卖。不敢休息[哭惹R]  给大伙:跪:下球啦孩子一把[合十R]叩谢,2026.04.17,山东,0.0,0.0,134,失败|观众,失败,观众,28,失败,152
69df625d0000000021005c63,"“扶我起来，我还能再跑10公里”

",,9992.0,1,69e1b3ed000000001401cc0d,,68c010b3000000001903e545,对不起我的宝贝女儿[合十R][合十R]我不是一个合格妈妈，女儿才一岁就受了那么大的罪过[哭惹R]，请原谅妈妈的无能，我拼尽全力，用掉了所有，借遍了一切。为了给你续**命，我一天做几份工作，困得站着都能睡着[哭惹R]祈__求头象看看  啦啦命苦的女娲吧[合十R],2026.04.17,广东,0.0,0.0,130,失败|观众,失败,观众,26,失败,152
69e634590000000022003bb5,"每个马拉松机器人，都有自己的热血故事。

",,824.0,1,69e6ddd3000000001401e017,,69d321430000000033027c6e,对不起！！我想要点热度[哭惹R]1岁宝贝女儿躺在lcU里奄奄一息，真怕撑不过这几天[哭惹R]为了给儿续yn 命，家里能值点钱的都卖了，每天没日没夜的送外卖，还是差医院很多。各位朋友能到头象去看看宝宝吗？送上一句祝福，一个爱心都行[合十R][合十R],2026.04.21,河北,0.0,0.0,124,常态|观众,常态,观众,29,常态,152
69e4412a000000002103883f,"荣耀闪电队-齐天大圣夺冠！

",3517.0,445.0,1,69e50474000000001401cc10,,694eb1ec0000000003012463,抱歉占用了社会资源，大家晚上好，实在很无助来到这里求大家！！点开头像看一眼，[合十R][合十R]能拉的话拉一把[哭惹R]娃在lcu.再不缴费就不行了[哭惹R]。实在一点没有了，一个人在楼道口痛哭，命运为何如此不公，。[哭惹R][哭惹R][合十R][哭惹R]。，,2026.04.20,广西,0.0,0.0,130,强势|观众,强势,观众,28,强势成功,152
69e4412a000000002103883f,"荣耀闪电队-齐天大圣夺冠！

",3517.0,445.0,1,69e50474000000001401c812,,694eb1ec0000000003012463,抱歉占用了社会资源，大家晚上好，实在很无助来到这里求大家！！点开头像看一眼，[合十R][合十R]能拉的话拉一把[哭惹R]娃在lcu.再不缴费就不行了[哭惹R]。实在一点没有了，一个人在楼道口痛哭，命运为何如此不公，。[哭惹R][哭惹R][合十R][哭惹R]。，，,2026.04.20,广西,0.0,0.0,131,强势|观众,强势,观众,28,强势成功,152
69e59e520000000022027a90,"花田里犯了错|机器人马拉松正赛搞笑赏析

",,2593.0,1,69ee0b64000000002803956b,,69a107a80000000021021adc,"抱歉，打扰了！
原谅我来这里蹭点流量[哭惹R] 我是个快要倒下的母亲，天塌了[哭惹R]一岁多宝贝女儿得了  神经母细胞留   。在Icu里面虚弱的躺着，副作用让她掉发，呕吐，隔着玻璃看进去心都像被针扎一样疼[哭惹R]请您到头...像看看宝宝好吗   一声加油，一分鼓励，一个点赞都是爱[合十R][合十R]。。，给您磕！！头感恩了",2026.04.26,广东,0.0,0.0,164,弱势|观众,弱势,观众,33,弱势,152
69e44278000000001a0217bb,"机器人超过我的瞬间

",6019.0,372.0,2,69e4cc85000000001401e81a,69e4cb22000000001401cc19,68b388ef000000001901f03a,抱歉占用了社会资源，大家晚上好，实在很无助来到这里求大家！！点开头像看一眼，[合十R][合十R]能拉的话拉一把[哭惹R]娃在lcu.再不缴费就不行了[哭惹R]。实在一点没有了，一个人在楼道口痛哭，命运为何如此不公，。[哭惹R][哭惹R]，。[哭惹R],2026.04.19,广西,0.0,,125,强势|被超越者,强势,被超越者,28,强势成功,152
69e4551e000000001f005895,"荣耀机器人赢麻了🤖我觉得它表情在嘲讽我

",,816.0,1,69e48fe70000000014018c0f,,5d4023b2000000001203aeda,机器人：碳基生物真是太菜了[偷笑R],2026.04.19,上海,271.0,7.0,18,强势|被超越者,强势,被超越者,3,强势成功,153
69e4551e000000001f005895,"荣耀机器人赢麻了🤖我觉得它表情在嘲讽我

",,816.0,2,69e4ae00000000001401cc11,69e48fe70000000014018c0f,607d518b000000000100a188,2小时后，碳基生物：你们硅基生物续航这块还得练,2026.04.19,越南,79.0,,23,强势|被超越者,强势,被超越者,5,强势成功,153
69e48d54000000002102e178,"😭亦庄机器人半马最感人一幕

",,1589.0,1,69e4b1280000000014019c25,,66d440d9000000001d033721,硅基生命有一天占领地球，这张图就是免死金牌,2026.04.19,北京,26.0,0.0,21,弱势|保护者,弱势,保护者,8,弱势,153
69e463df000000001b003017,"

",3270.0,219.0,2,69e58c85000000001401a805,69e5818d000000001401a001,685ff669000000001d014420,碳基最后的呐喊,2026.04.20,广东,17.0,,7,强势|服务者,强势,服务者,3,强势成功,153
69e481e8000000002003ad94,"

",,,1,69e497f3000000001401e425,,5c950e30000000001202a4ad,去年可以拉爆机器人，今年被机器人拉爆。。。硅基生物进化太快了,2026.04.19,江苏,5.0,1.0,30,强势|服务者,强势,服务者,9,强势成功,153
69e46032000000001f002048,"看着你们累倒在地上我很心疼，恨不得替你们

",,5680.0,2,69e9a749000000001401e026,69e9a34d000000001401bc1e,6917f603000000003702f258,顺碳功勋啊啊啊我求你了，顺从的碳基生物,2026.04.23,山东,4.0,,19,常态|保护者,常态,保护者,5,常态,153
69e481e8000000002003ad94,"

",,,1,69e4a6750000000014018809,,63d2552c00000000250040fc,碳基生物的使命即将完成，地球即将进入硅基文明的时代,2026.04.19,河北,2.0,0.0,25,强势|服务者,强势,服务者,10,强势成功,153
69e463df000000001b003017,"

",3270.0,219.0,1,69e6dbd0000000001401a001,,58bcb503a9b2ed4cb210632e,迷失自我了…被这么多碳基生物围着[微笑R]要是硅碳换过来估计都吓死了,2026.04.21,北京,1.0,0.0,34,强势|服务者,强势,服务者,9,强势成功,153
69e44278000000001a0217bb,"机器人超过我的瞬间

",6019.0,372.0,2,69e4bafb0000000014019004,69e4573a000000001401a417,672ed481000000001c019f07,您们都是伟大的碳基生命,2026.04.19,山东,1.0,,11,强势|被超越者,强势,被超越者,4,强势成功,153
69e44278000000001a0217bb,"机器人超过我的瞬间

",6019.0,372.0,2,69e4dcb1000000001401c037,69e4cb22000000001401cc19,583464b182ec3957efb4bf95,你天天在icu都几个月了，还把笔记删的干嘛,2026.04.19,上海,1.0,,21,强势|被超越者,强势,被超越者,5,强势成功,153
69e429b4000000001b00037a,"张杰演唱会机器人来参加半马了？？

",,2026.0,2,69e4647a000000001401881b,69e45d13000000001401c807,64c20b59000000001403c7b5,多去了解一下底层逻辑，这是不可能的。不是什么说不定呀，万一呢，就是不可能，按照这个方向，一辈子不可能，按照人类目前研究的方向，硅基生命不是诞生于人类。现在最高端办法也就是端到端大模型反馈到现实世界，最好的结果就是能当工具人用？,2026.04.19,贵州,1.0,,113,常态|观众,常态,观众,31,常态,153
69e44278000000001a0217bb,"机器人超过我的瞬间

",6019.0,372.0,1,69e4e02f000000001401a02e,,67881799000000000803d8d4,机魂大悦，硅基生物与碳基生物矛盾下降20％[doge],2026.04.19,河南,0.0,0.0,27,强势|被超越者,强势,被超越者,7,强势成功,153
69e2583b00000000230211ea,"

",,2406.0,1,69e812a1000000001401dc02,,63aed122000000002702a95e,多年以后的硅基生命：看，这就是我们的来时路,2026.04.22,吉林,0.0,0.0,21,失败|抢救者,失败,抢救者,4,失败,153
69da7e87000000001a03484e,"今晚的亦庄机器人马拉松测试

",,8169.0,1,69db6c3b000000003500cbd6,,62cc094d00000000020035a6,物理碳板[哇R],2026.04.12,广东,0.0,0.0,8,强势|观众,强势,观众,2,强势成功,153
69da7e87000000001a03484e,"今晚的亦庄机器人马拉松测试

",,8169.0,1,69db2af80000000002036042,,678a1453000000000e01fad7,硅基生物的进化,2026.04.12,云南,0.0,0.0,7,强势|观众,强势,观众,2,强势成功,153
69da7e87000000001a03484e,"今晚的亦庄机器人马拉松测试

",,8169.0,1,69db2a2a000000003502b289,,596704ca82ec396c67eece99,硅基生命史记载中，生命诞生初期的原始人也有举行过民间赛跑项目,2026.04.12,北京,0.0,0.0,30,强势|观众,强势,观众,11,强势成功,153
69da7e87000000001a03484e,"今晚的亦庄机器人马拉松测试

",,8169.0,1,69db0ce0000000001500667e,,65e1ad8b000000000500b5bc,感觉天网也不远了[捂脸R]以后硅基生命出现了饶我一命,2026.04.12,广东,0.0,0.0,26,强势|观众,强势,观众,6,强势成功,153
69da7e87000000001a03484e,"今晚的亦庄机器人马拉松测试

",,8169.0,1,69dae9d60000000015004bf9,,5bfbedcf44363b6a192c99bc,硅基生物的崛起...[吃瓜R],2026.04.12,北京,0.0,0.0,15,强势|观众,强势,观众,2,强势成功,153
69e481e8000000002003ad94,"

",,,1,69e64431000000001401c80d,,644cbe7e0000000029012926,这也是伺候上硅基生物了[赞R][捂嘴笑R],2026.04.20,浙江,0.0,0.0,21,强势|服务者,强势,服务者,2,强势成功,153
69e481e8000000002003ad94,"

",,,1,69e4a8a70000000014019002,,5e206a420000000001002c9c,硅基和碳基补给差别倒是不大[偷笑R],2026.04.19,浙江,0.0,0.0,18,强势|服务者,强势,服务者,5,强势成功,153
69e481e8000000002003ad94,"

",,,1,69e4a4bf000000001401ac01,,66d06b50000000001d031317,碳基生物和硅基生物在交流,2026.04.19,四川,0.0,0.0,12,强势|服务者,强势,服务者,3,强势成功,153
69e481e8000000002003ad94,"

",,,1,69e49f1a000000001401ac07,,5a9e3274e8ac2b21ac1e08b0,初代硅基人类第一次参加人类运动会,2026.04.19,广东,0.0,0.0,16,强势|服务者,强势,服务者,7,强势成功,153
69df625d0000000021005c63,"“扶我起来，我还能再跑10公里”

",,9992.0,1,69df9655000000000103eac0,,65a9e76d0000000008030028,这都会写进人类迫害硅基生命的历史记录里！！！,2026.04.15,山东,0.0,0.0,22,失败|观众,失败,观众,6,失败,153
69e4412a000000002103883f,"荣耀闪电队-齐天大圣夺冠！

",3517.0,445.0,1,69e4c226000000001401dc02,,565c4acef53ee064cac15547,旁边还整那么多陪跑的碳基生物....,2026.04.19,天津,0.0,0.0,18,强势|观众,强势,观众,3,强势成功,153
69e4412a000000002103883f,"荣耀闪电队-齐天大圣夺冠！

",3517.0,445.0,1,69e4b0b0000000001401e41e,,65732dfc000000001902ce9c,硅基生物完胜,2026.04.19,福建,0.0,0.0,6,强势|观众,强势,观众,2,强势成功,153
69e59e520000000022027a90,"花田里犯了错|机器人马拉松正赛搞笑赏析

",,2593.0,1,69e6d288000000001401c810,,64701c1c0000000012034d0b,等硅基文明统治地球的时候记得删了[doge],2026.04.21,安徽,0.0,0.0,22,弱势|观众,弱势,观众,6,弱势,153
69e4551e000000001f005895,"荣耀机器人赢麻了🤖我觉得它表情在嘲讽我

",,816.0,2,69e4bce2000000001401a40d,69e48fe70000000014018c0f,6863bd90000000001e0389af,碳基生物耗能少啊,2026.04.19,上海,0.0,,8,强势|被超越者,强势,被超越者,2,强势成功,153
69e481e8000000002003ad94,"

",,,2,69e6f92a000000001401d802,69e6f8a10000000014019c09,5b13f18a11be104d90083b80,他是硅基，不吃你吃那个[偷笑R],2026.04.21,广东,0.0,,16,强势|服务者,强势,服务者,2,强势成功,153
69e46032000000001f002048,"看着你们累倒在地上我很心疼，恨不得替你们

",,5680.0,2,69e9adac000000001401dc34,69e9ad2b000000001401e401,6441f023000000002a0094dc,硅基太君this way,2026.04.23,浙江,0.0,,12,常态|保护者,常态,保护者,4,常态,153
69da7e87000000001a03484e,"今晚的亦庄机器人马拉松测试

",,8169.0,1,69dadd5c000000003500d5fd,,580c566c50c4b47740e07f1a,感觉亦庄好有科技感，无人驾驶汽车，机器人，各种新科技都在那测试,2026.04.12,北京,74.0,9.0,31,强势|观众,强势,观众,8,强势成功,154
69da7e87000000001a03484e,"今晚的亦庄机器人马拉松测试

",,8169.0,2,69db1fef00000000160153f2,69daf56d000000001601419c,5b7e1d754a29df0001be9cf8,亦庄无人驾驶也很多，经常一扭头发现一起等红灯的车里没有司机[捂脸R],2026.04.12,北京,54.0,,34,强势|观众,强势,观众,10,强势成功,154
69da7e87000000001a03484e,"今晚的亦庄机器人马拉松测试

",,8169.0,1,69db0be9000000000103dc57,,62e0f0a5000000001f0076e8,亦庄马路上跑啥都不要奇怪,2026.04.12,江苏,17.0,4.0,12,强势|观众,强势,观众,4,强势成功,154
69da7e87000000001a03484e,"今晚的亦庄机器人马拉松测试

",,8169.0,1,69dbd2310000000001005097,,5bcb3918d5d8f600013fd8f2,前两天跑鸵鸟，这两天开始跑机器人了，亦庄很努力的再提升形象了,2026.04.13,北京,2.0,0.0,30,强势|观众,强势,观众,9,强势成功,154
69da7e87000000001a03484e,"今晚的亦庄机器人马拉松测试

",,8169.0,1,69db01da00000000150057e4,,54e5d1a8b4c4d62084b28c70,亦庄这地儿太复杂了[捂脸R]大马路上说不准儿碰见啥在飞奔，前几天鸵鸟，现在机器人[捂脸R][捂脸R],2026.04.12,北京,2.0,0.0,50,强势|观众,强势,观众,10,强势成功,154
69e59e520000000022027a90,"花田里犯了错|机器人马拉松正赛搞笑赏析

",,2593.0,1,69e61f950000000014019c2a,,58f7425982ec390c99c5d8aa,这几天的快乐都是亦庄这群机器人给的[笑哭R],2026.04.20,河北,2.0,0.0,22,弱势|观众,弱势,观众,5,弱势,154
69da7e87000000001a03484e,"今晚的亦庄机器人马拉松测试

",,8169.0,1,69db80e5000000000203644c,,63fdc9970000000029017926,我们亦庄是这样的 一开始只是跑跑无人车，现在不是看见马路上跑鸵鸟，就是跑机器人[微笑R],2026.04.12,北京,1.0,0.0,44,强势|观众,强势,观众,10,强势成功,154
69df625d0000000021005c63,"“扶我起来，我还能再跑10公里”

",,9992.0,1,69df9dcc0000000035017b87,,565be9acb8ce1a0550a1d297,亦庄的路上不是鸵鸟就是机器人，太洋气啦,2026.04.15,北京,1.0,0.0,19,失败|观众,失败,观众,5,失败,154
69db34bb000000001a0348ae,"机器人抢救现场

",4896.0,1198.0,2,69dd9e2d0000000035009ea6,69dd9df700000000350274d1,5651e1c7a75c9528d603b381,亦庄机器人宇宙,2026.04.14,美国,1.0,,7,失败|抢救者,失败,抢救者,3,失败,154
69da7e87000000001a03484e,"今晚的亦庄机器人马拉松测试

",,8169.0,2,69db5683000000000103efe5,69db4e13000000000d03ffba,5e9fca78000000000100648a,亦庄成机器人工厂了[吐舌头H],2026.04.12,北京,1.0,,15,强势|观众,强势,观众,3,强势成功,154
69da7e87000000001a03484e,"今晚的亦庄机器人马拉松测试

",,8169.0,2,69db3942000000003501ddc1,69daf1a9000000000103c4f0,5516b2279c5a6e18008bf44d,亦庄没啥人，都是机器人和无人车,2026.04.12,北京,1.0,,15,强势|观众,强势,观众,4,强势成功,154
69da7e87000000001a03484e,"今晚的亦庄机器人马拉松测试

",,8169.0,1,69db54b000000000150059a2,,58c5fcc86a6a69337940875a,亦庄现在好魔幻，经常有机器人跑来跑去的[捂脸R],2026.04.12,北京,0.0,0.0,24,强势|观众,强势,观众,5,强势成功,154
69da7e87000000001a03484e,"今晚的亦庄机器人马拉松测试

",,8169.0,1,69db3ed00000000015004903,,5b190c126b58b77a55c98545,亦庄简直是机器人和无人驾驶汽车的地盘,2026.04.12,北京,0.0,0.0,18,强势|观众,强势,观众,6,强势成功,154
69da7e87000000001a03484e,"今晚的亦庄机器人马拉松测试

",,8169.0,1,69db2b010000000015006df6,,5cf33f99000000001201b9f2,前两天鸵鸟跑，这机器人跑，亦庄这地界儿好神奇,2026.04.12,北京,0.0,0.0,22,强势|观众,强势,观众,7,强势成功,154
69da7e87000000001a03484e,"今晚的亦庄机器人马拉松测试

",,8169.0,1,69db23f4000000003002731a,,696615aa00000000370054a3,亦庄这测试我前阵子也刷到过，夜里跑起来那个画面还真有点科幻照进现实了,2026.04.12,北京,0.0,0.0,34,强势|观众,强势,观众,10,强势成功,154
69da7e87000000001a03484e,"今晚的亦庄机器人马拉松测试

",,8169.0,1,69db1fc10000000001004829,,61b721710000000021023743,亦庄真是神了[笑哭R]前有鸵鸟后有机器人,2026.04.12,北京,0.0,0.0,20,强势|观众,强势,观众,5,强势成功,154
69da7e87000000001a03484e,"今晚的亦庄机器人马拉松测试

",,8169.0,1,69db1c3b000000001400b765,,61e007c300000000100073b0,亦庄居然成了新的硅谷，20年前还在那里做产线工作，现在已经是无人驾驶，机器人马拉松的高科技园区了,2026.04.12,澳大利亚,0.0,0.0,48,强势|观众,强势,观众,11,强势成功,154
69da7e87000000001a03484e,"今晚的亦庄机器人马拉松测试

",,8169.0,1,69db175a000000000c03044b,,59ff7b724eacab3a13df0d91,亦庄除了跑鸵鸟还跑机器人，下一次跑个大象吧[偷笑R],2026.04.12,北京,0.0,0.0,26,强势|观众,强势,观众,6,强势成功,154
69da7e87000000001a03484e,"今晚的亦庄机器人马拉松测试

",,8169.0,1,69db159c0000000016014baf,,5d29a0ce00000000110269a8,刚跑完鸵鸟，真是神奇的大亦庄,2026.04.12,山东,0.0,0.0,14,强势|观众,强势,观众,5,强势成功,154
69da7e87000000001a03484e,"今晚的亦庄机器人马拉松测试

",,8169.0,1,69db0480000000003502dae9,,5d0305040000000011005e5b,亦庄鸵鸟表示不服气，申请出战！,2026.04.12,北京,0.0,0.0,15,强势|观众,强势,观众,6,强势成功,154
69da7e87000000001a03484e,"今晚的亦庄机器人马拉松测试

",,8169.0,1,69db02c6000000000202af75,,6213a175000000001000e8ae,前几天路上奔跑的还有鸵鸟，亦庄这个地方还是太复杂了[doge],2026.04.12,北京,0.0,0.0,31,强势|观众,强势,观众,7,强势成功,154
69da7e87000000001a03484e,"今晚的亦庄机器人马拉松测试

",,8169.0,1,69dafbe1000000000103fb28,,5d2d2774000000001000f3d2,还得是亦庄啊！一会儿跑鸵鸟、一会儿跑机器人,2026.04.12,北京,0.0,0.0,21,强势|观众,强势,观众,5,强势成功,154
69da7e87000000001a03484e,"今晚的亦庄机器人马拉松测试

",,8169.0,1,69dafb4d00000000160143c3,,5d178105000000001103048c,亦庄大街上每天都在跑些什么[笑哭R],2026.04.12,北京,0.0,0.0,18,强势|观众,强势,观众,3,强势成功,154
69da7e87000000001a03484e,"今晚的亦庄机器人马拉松测试

",,8169.0,1,69dae390000000001601532a,,5683f971cb35fb217aad1148,能不能组织机器人和鸵鸟赛一场[doge]亦庄这个地方还是太复杂了,2026.04.12,北京,0.0,0.0,32,强势|观众,强势,观众,7,强势成功,154
69e481e8000000002003ad94,"

",,,1,69e49488000000001401a41c,,649668b5000000001001cc58,没事别开车去亦庄[叹气R],2026.04.19,北京,0.0,0.0,13,强势|服务者,强势,服务者,3,强势成功,154
69da7e87000000001a03484e,"今晚的亦庄机器人马拉松测试

",,8169.0,2,69db9e3f000000000c033047,69dac8d7000000000c0319f8,5b835dd3bd53ae00017f78ef,亦庄什么东西都可以在路上跑hhh,2026.04.12,北京,0.0,,16,强势|观众,强势,观众,4,强势成功,154
69da7e87000000001a03484e,"今晚的亦庄机器人马拉松测试

",,8169.0,2,69dfa737000000001500b653,69daf56d000000001601419c,576457d06a6a695229d3dd8d,亦庄无人驾驶的车，见到交警摆手👋，是真的不靠边停[笑哭R],2026.04.15,北京,0.0,,29,强势|观众,强势,观众,7,强势成功,154
69da7e87000000001a03484e,"今晚的亦庄机器人马拉松测试

",,8169.0,2,69db09dd0000000035017766,69db048f0000000035016a1f,5aa35c114eacab11b5783fd9,亦庄科创街、荣京东街什么的，下周末白天正式比赛，机器人一直从科创十七街跑到南海子公园,2026.04.12,北京,0.0,,42,强势|观众,强势,观众,14,强势成功,154
69da7e87000000001a03484e,"今晚的亦庄机器人马拉松测试

",,8169.0,2,69db26c70000000015006188,69db000c00000000160167ee,626ea8f90000000021025253,亦庄就这样 没事溜溜鸵鸟 再溜溜机器人,2026.04.12,北京,0.0,,19,强势|观众,强势,观众,7,强势成功,154
69da7e87000000001a03484e,"今晚的亦庄机器人马拉松测试

",,8169.0,2,69dae473000000003502e5c5,69dac8d7000000000c0319f8,61bc4f8e000000002102873a,当个事办,2026.04.12,江苏,17.0,,4,强势|观众,强势,观众,2,强势成功,155
69da7e87000000001a03484e,"今晚的亦庄机器人马拉松测试

",,8169.0,2,69dae9020000000001005aa4,69dac8d7000000000c0319f8,5b39acebf7e8b96512ff4064,当个事儿办,2026.04.12,北京,9.0,,5,强势|观众,强势,观众,2,强势成功,155
69da7e87000000001a03484e,"今晚的亦庄机器人马拉松测试

",,8169.0,2,69db0246000000001500aa9b,69db01a30000000001007604,6292a4e3000000001501560c,行，当个事办,2026.04.12,浙江,1.0,,6,强势|观众,强势,观众,2,强势成功,155
69e481e8000000002003ad94,"

",,,2,69e792e0000000001401d420,69e653eb0000000014018807,635cde02000000001802e9e1,行儿，当个事办,2026.04.21,广东,1.0,,7,强势|服务者,强势,服务者,3,强势成功,155
69e2583b00000000230211ea,"

",,2406.0,1,69e2f8c4000000001401c800,,65cd7e17000000000401d035,处理一下,2026.04.18,山东,0.0,0.0,4,失败|抢救者,失败,抢救者,2,失败,155
69da7e87000000001a03484e,"今晚的亦庄机器人马拉松测试

",,8169.0,1,69daf6b70000000002036ee5,,577e41cb6a6a696a1255178a,您好有什么急事儿吗[doge],2026.04.12,北京,0.0,0.0,15,强势|观众,强势,观众,2,强势成功,155
69da7e87000000001a03484e,"今晚的亦庄机器人马拉松测试

",,8169.0,1,69db83950000000015002031,,6672c5f80000000003032ade,当当当当[偷笑R],2026.04.12,山东,0.0,0.0,9,强势|观众,强势,观众,2,强势成功,155
69e59e520000000022027a90,"花田里犯了错|机器人马拉松正赛搞笑赏析

",,2593.0,1,69e849c80000000014019c00,,5f98d3f400000000010000a3,多办，这才真实,2026.04.22,内蒙古,0.0,0.0,7,弱势|观众,弱势,观众,3,弱势,155
69e4426b000000001d01c7ed,"一个大的一个小的一个废的

",,7334.0,2,69e6dc01000000001401c82b,69e6db3a0000000014013c00,63644a88000000001f01a98b,遇事不决先歇会,2026.04.21,上海,0.0,,7,混合|观众,混合,观众,3,,155
69da7e87000000001a03484e,"今晚的亦庄机器人马拉松测试

",,8169.0,2,69daffc7000000003500977f,69dac8d7000000000c0319f8,65b30da9000000000e027334,当件事儿办,2026.04.12,上海,0.0,,5,强势|观众,强势,观众,2,强势成功,155
69da7e87000000001a03484e,"今晚的亦庄机器人马拉松测试

",,8169.0,2,69db043a0000000035012898,69dac8d7000000000c0319f8,5d2c65e5000000001602bdac,当个事办[萌萌哒R][doge],2026.04.12,江苏,0.0,,16,强势|观众,强势,观众,2,强势成功,155
69da7e87000000001a03484e,"今晚的亦庄机器人马拉松测试

",,8169.0,2,69db08340000000002028dba,69dac8d7000000000c0319f8,5ce4c1270000000012002146,当个事儿办[doge],2026.04.12,浙江,0.0,,11,强势|观众,强势,观众,2,强势成功,155
69da7e87000000001a03484e,"今晚的亦庄机器人马拉松测试

",,8169.0,2,69db290f0000000001007105,69dac8d7000000000c0319f8,5ece76c5000000000101fb99,当个事儿办[偷笑R],2026.04.12,江苏,0.0,,10,强势|观众,强势,观众,2,强势成功,155
69da7e87000000001a03484e,"今晚的亦庄机器人马拉松测试

",,8169.0,2,69db3022000000000203425a,69dac8d7000000000c0319f8,5c920161000000001203759e,当个事儿办[嘻嘻R],2026.04.12,河南,0.0,,10,强势|观众,强势,观众,2,强势成功,155
69da7e87000000001a03484e,"今晚的亦庄机器人马拉松测试

",,8169.0,2,69db3619000000003501485f,69dac8d7000000000c0319f8,5a50cb4211be106fd9fe123e,当个事儿办了[吧唧R],2026.04.12,湖南,0.0,,11,强势|观众,强势,观众,2,强势成功,155
69da7e87000000001a03484e,"今晚的亦庄机器人马拉松测试

",,8169.0,2,69db3cff0000000015009806,69dac8d7000000000c0319f8,62b47600000000001b02a91d,谢谢你蒙古人，当个事儿办,2026.04.12,山东,0.0,,12,强势|观众,强势,观众,4,强势成功,155
69da7e87000000001a03484e,"今晚的亦庄机器人马拉松测试

",,8169.0,2,69db4507000000000103f14f,69dac8d7000000000c0319f8,65e89777000000000d02791c,当个事办啊[doge],2026.04.12,上海,0.0,,11,强势|观众,强势,观众,2,强势成功,155
69da7e87000000001a03484e,"今晚的亦庄机器人马拉松测试

",,8169.0,2,69db4597000000000103d0a5,69dac8d7000000000c0319f8,601f64da000000000101f759,好，当个事办,2026.04.12,浙江,0.0,,6,强势|观众,强势,观众,2,强势成功,155
69da7e87000000001a03484e,"今晚的亦庄机器人马拉松测试

",,8169.0,2,69db56ef000000000d03ee56,69dac8d7000000000c0319f8,5f4918b300000000010076a6,当个事儿办[坏笑R],2026.04.12,河南,0.0,,10,强势|观众,强势,观众,2,强势成功,155
69da7e87000000001a03484e,"今晚的亦庄机器人马拉松测试

",,8169.0,2,69db64ee000000000d03e0d4,69dac8d7000000000c0319f8,5afa606f11be1019e5e31a7b,行哥你当个事儿办,2026.04.12,宁夏,0.0,,8,强势|观众,强势,观众,3,强势成功,155
69da7e87000000001a03484e,"今晚的亦庄机器人马拉松测试

",,8169.0,2,69db6664000000003502c7ad,69dac8d7000000000c0319f8,5f9cd99f0000000001006e8c,当个事儿办[笑哭R],2026.04.12,甘肃,0.0,,10,强势|观众,强势,观众,2,强势成功,155
69da7e87000000001a03484e,"今晚的亦庄机器人马拉松测试

",,8169.0,2,69db670c000000000103dc02,69dac8d7000000000c0319f8,5c72010f0000000011018690,当件事儿办[doge],2026.04.12,福建,0.0,,11,强势|观众,强势,观众,2,强势成功,155
69da7e87000000001a03484e,"今晚的亦庄机器人马拉松测试

",,8169.0,2,69db6e0b000000003502ae39,69dac8d7000000000c0319f8,5dd9b6ae00000000010067b5,行，当个事儿办！,2026.04.12,德国,0.0,,8,强势|观众,强势,观众,2,强势成功,155
69da7e87000000001a03484e,"今晚的亦庄机器人马拉松测试

",,8169.0,2,69db84fb0000000014009b11,69dac8d7000000000c0319f8,59d12c0bde5fb47b027160a9,回头和他说说，我当个事儿办,2026.04.12,广东,0.0,,13,强势|观众,强势,观众,3,强势成功,155
69da7e87000000001a03484e,"今晚的亦庄机器人马拉松测试

",,8169.0,2,69dba8f40000000015004ccc,69dac8d7000000000c0319f8,6211fe7b0000000010009678,当个事办[偷笑R],2026.04.12,上海,0.0,,9,强势|观众,强势,观众,2,强势成功,155
69da7e87000000001a03484e,"今晚的亦庄机器人马拉松测试

",,8169.0,2,69dd0945000000000100608e,69dac8d7000000000c0319f8,5940eec75e87e73e757caad0,当个事办[坏笑R],2026.04.13,黑龙江,0.0,,9,强势|观众,强势,观众,2,强势成功,155
69da7e87000000001a03484e,"今晚的亦庄机器人马拉松测试

",,8169.0,2,69e5f6be0000000014019c09,69dac8d7000000000c0319f8,5abcbbb2e8ac2b32a9296ff7,去吧，当个事办,2026.04.20,内蒙古,0.0,,7,强势|观众,强势,观众,2,强势成功,155
69da7e87000000001a03484e,"今晚的亦庄机器人马拉松测试

",,8169.0,2,69e65eb2000000001401b005,69dac8d7000000000c0319f8,678cadd70000000006011e55,当个事儿办。,2026.04.21,广东,0.0,,6,强势|观众,强势,观众,2,强势成功,155
69e481e8000000002003ad94,"

",,,2,69e71d58000000001401d407,69e4853b000000001401b022,5be37fab16175a000107562f,遇事不决[赞R],2026.04.21,云南,0.0,,8,强势|服务者,强势,服务者,2,强势成功,155
69e481e8000000002003ad94,"

",,,1,69e4a1ae000000001401e82f,,68a71e7c00000000190109c0,三个工程师追着一个机器人跑[黄金薯R],2026.04.19,浙江,45.0,1.0,19,强势|服务者,强势,服务者,4,强势成功,156
69e481e8000000002003ad94,"

",,,1,69e5abe6000000001401bc07,,5b9f050d38fbb80001fe89b4,一个机器人跑步，要至少三个人伺候他，这究竟是道德的沦丧还是人性的扭曲[笑哭R],2026.04.20,北京,11.0,10.0,39,强势|服务者,强势,服务者,11,强势成功,156
69e481e8000000002003ad94,"

",,,1,69e48802000000001401ac1d,,58d6a9466a6a690211c60149,一个机器人跑步，三个人侍候,2026.04.19,河南,9.0,8.0,13,强势|服务者,强势,服务者,5,强势成功,156
69e481e8000000002003ad94,"

",,,1,69e57fdc000000001401e002,,5f1c25f50000000001002e14,1个机器人，需要3个牛马陪跑[doge],2026.04.20,上海,6.0,2.0,20,强势|服务者,强势,服务者,3,强势成功,156
69e481e8000000002003ad94,"

",,,1,69e5aa11000000001401b800,,5fa3aa1e0000000001002ebc,这对吗？ 一个人跑不需要人照顾 一个机器人跑三个人照顾？,2026.04.20,重庆,6.0,3.0,28,强势|服务者,强势,服务者,8,强势成功,156
69e481e8000000002003ad94,"

",,,1,69e627510000000014019c23,,646f19a30000000011003427,一个机器跑步，三个真人服务，成功的解决了就业,2026.04.20,浙江,4.0,0.0,22,强势|服务者,强势,服务者,8,强势成功,156
69e481e8000000002003ad94,"

",,,1,69e49d6a000000001401ac04,,6548865b00000000040095ea,一个机器人跑三个员工跟着跑[笑哭R],2026.04.19,江西,1.0,0.0,18,强势|服务者,强势,服务者,4,强势成功,156
69e481e8000000002003ad94,"

",,,1,69e8505b000000001401a414,,65cfabfc0000000005031d5c,一个机器人跑步  要配3个人服务[捂脸R]  这不倒反天罡嘛,2026.04.22,浙江,1.0,0.0,30,强势|服务者,强势,服务者,7,强势成功,156
69e481e8000000002003ad94,"

",,,1,69e60798000000001401c43c,,6316115e000000000f007806,一个机器人跑，后面跟着三个真人。,2026.04.20,广西,1.0,0.0,16,强势|服务者,强势,服务者,5,强势成功,156
69e481e8000000002003ad94,"

",,,1,69e59962000000001401a41d,,5deee3680000000001000373,一个跑步机器人配3个小伙子，再也不怕失业了[失望R],2026.04.20,山东,1.0,0.0,26,强势|服务者,强势,服务者,6,强势成功,156
69e481e8000000002003ad94,"

",,,1,69e499b8000000001401e016,,5b8e84cb1243c9000173b270,一人奔跑，三人服务,2026.04.19,重庆,0.0,0.0,9,强势|服务者,强势,服务者,4,强势成功,156
69e481e8000000002003ad94,"

",,,1,69e9f85b0000000014018c15,,6358b782000000001802ca57,一个机器人跑，还得三人陪跑,2026.04.23,四川,0.0,0.0,13,强势|服务者,强势,服务者,2,强势成功,156
69e481e8000000002003ad94,"

",,,1,69e773240000000014019815,,5e92f3c80000000001004212,机器人跑一个全马，人跑了三个全马。,2026.04.21,四川,0.0,0.0,17,强势|服务者,强势,服务者,5,强势成功,156
69e481e8000000002003ad94,"

",,,1,69e73743000000001401a400,,59be9e6744363b269a078562,一个机器人跑步，三个牛马伺候[斜眼R][笑哭R],2026.04.21,新疆,0.0,0.0,24,强势|服务者,强势,服务者,5,强势成功,156
69e481e8000000002003ad94,"

",,,1,69e706ba0000000014018813,,62d5056d000000000e00c443,一个机器人跑配3个人陪跑伺候🤣[笑哭R][笑哭R][笑哭R],2026.04.21,广东,0.0,0.0,30,强势|服务者,强势,服务者,4,强势成功,156
69e481e8000000002003ad94,"

",,,1,69e6f274000000001401a008,,5fcf3b1c0000000001001f85,一个机器人跑步，三个工作人员陪跑。😊,2026.04.21,辽宁,0.0,0.0,18,强势|服务者,强势,服务者,4,强势成功,156
69e481e8000000002003ad94,"

",,,1,69e6f1bc0000000014019c12,,5cd6600f000000001203fe1a,一个机器人累死三个正常人啊 还要跟着他跑,2026.04.21,山东,0.0,0.0,20,强势|服务者,强势,服务者,6,强势成功,156
69e481e8000000002003ad94,"

",,,1,69e669d0000000001401b810,,62676252000000001000fa6d,一个机械人，3-4个人陪跑[捂脸R][害羞R],2026.04.21,美国,0.0,0.0,23,强势|服务者,强势,服务者,3,强势成功,156
69e481e8000000002003ad94,"

",,,1,69e5f416000000001401e830,,5bb41c817d87110001ba49b4,一个机器人半马，三个真人陪半马？,2026.04.20,河北,0.0,0.0,16,强势|服务者,强势,服务者,5,强势成功,156
69e481e8000000002003ad94,"

",,,1,69e5a81c000000001401bc2f,,602e4b0000000000010036ca,一个机器人跑，三个人陪跑，还要服侍,2026.04.20,江苏,0.0,0.0,17,强势|服务者,强势,服务者,5,强势成功,156
69e481e8000000002003ad94,"

",,,1,69e586f3000000001401dc2b,,5aad60fbe8ac2b1f59cf1b24,一个机器人 几十个陪跑 那成本不是更高吗,2026.04.20,广东,0.0,0.0,20,强势|服务者,强势,服务者,3,强势成功,156
69e481e8000000002003ad94,"

",,,1,69e57e0b000000001401c427,,666fc2a8000000000b0329aa,一个机器人跑步，3个保姆陪着[笑哭R],2026.04.20,辽宁,0.0,0.0,19,强势|服务者,强势,服务者,3,强势成功,156
69e481e8000000002003ad94,"

",,,1,69e568d4000000001401b803,,62c1a664000000001b024877,一个机器人跑，需要多少人陪着跑[捂脸R],2026.04.20,浙江,0.0,0.0,20,强势|服务者,强势,服务者,4,强势成功,156
69e481e8000000002003ad94,"

",,,1,69e50b54000000001401b009,,5a91c2c4e8ac2b633067f90b,一个机器人需要配三个陪跑，哈哈哈[捂脸R],2026.04.20,日本,0.0,0.0,21,强势|服务者,强势,服务者,3,强势成功,156
69e481e8000000002003ad94,"

",,,1,69e4a07b000000001401b01e,,54815fe5d6e4a9258017cab6,搞笑，一个机器人跑步，三个人跟着[笑哭R],2026.04.19,上海,0.0,0.0,21,强势|服务者,强势,服务者,6,强势成功,156
69e481e8000000002003ad94,"

",,,1,69e49fbe000000001401a41a,,5a1b9046db2e60633f82f6d2,一个机器跑三个人跟跑,2026.04.19,陕西,0.0,0.0,10,强势|服务者,强势,服务者,3,强势成功,156
69e481e8000000002003ad94,"

",,,1,69e5c458000000001401e81e,,65940c1b0000000022016b6f,一机跑步，3人服务,2026.04.20,四川,0.0,0.0,9,强势|服务者,强势,服务者,4,强势成功,156
69e447d2000000001d01aa01,"当算法有了腿，程序员万万没想到……

",,2912.0,1,69e45b650000000014018800,,65adf493000000001300916f,1机器人30公里损耗10个程序员[doge],2026.04.19,中国香港,0.0,0.0,22,强势|服务者,强势,服务者,6,强势成功,156
69e481e8000000002003ad94,"

",,,1,69e5db6a000000001401ac16,,5a92d432e8ac2b4a607c77e6,高燃在哪里啊，它都快倒了哈哈哈,2026.04.20,上海,2.0,0.0,15,强势|服务者,强势,服务者,2,强势成功,157
69e47f8f000000001f007203,"2026年机器人马拉松状态，五年后再看🤣

",,5834.0,1,69e57492000000001401dc17,,601156eb000000000101eaf7,音乐挺燃的，就是,2026.04.20,江苏,0.0,0.0,8,混合|观众,混合,观众,2,,157
69e481e8000000002003ad94,"

",,,1,69e49b28000000001401e043,,5fe3b99e0000000001001200,自燃场面我就给你点个赞,2026.04.19,德国,0.0,0.0,11,强势|服务者,强势,服务者,3,强势成功,157
69e481e8000000002003ad94,"

",,,1,69e49a23000000001401e415,,60058763000000000101cdb5,哪里高燃……,2026.04.19,贵州,0.0,0.0,6,强势|服务者,强势,服务者,2,强势成功,157
69e481e8000000002003ad94,"

",,,1,69e49573000000001401d41d,,66ada3a3000000001d0212a5,燃在哪里[石化R],2026.04.19,上海,0.0,1.0,9,强势|服务者,强势,服务者,2,强势成功,157
69e481e8000000002003ad94,"

",,,1,69e49453000000001401e42f,,5837e08f7fc5b83629290771,前10秒怎么感觉燃起来了呢[doge],2026.04.19,上海,0.0,0.0,19,强势|服务者,强势,服务者,2,强势成功,157
69e481e8000000002003ad94,"

",,,1,69e96bdd000000001401dc02,,587dd1af34609454ecd48367,中国那么多东西都是那么容易燃烧的啊？火,2026.04.23,上海,0.0,0.0,19,强势|服务者,强势,服务者,4,强势成功,157
69e481e8000000002003ad94,"

",,,1,69e786090000000014018c29,,6300b0bf000000000f006b55,知其燃不知其所以燃,2026.04.21,湖北,0.0,0.0,9,强势|服务者,强势,服务者,2,强势成功,157
69e481e8000000002003ad94,"

",,,1,69e71f53000000001401cc1b,,672b6865000000001d02cede,高燃在哪？[笑哭R]看着好呆,2026.04.21,陕西,0.0,0.0,14,强势|服务者,强势,服务者,2,强势成功,157
69e481e8000000002003ad94,"

",,,1,69e70d47000000001401ac20,,5f7d8f0f0000000001003e23,没有别的意思，这哪里燃了..,2026.04.21,重庆,0.0,0.0,14,强势|服务者,强势,服务者,4,强势成功,157
69e481e8000000002003ad94,"

",,,1,69e70650000000001401a00a,,653551fa000000000200d4cf,燃在哪里,2026.04.21,江苏,0.0,0.0,4,强势|服务者,强势,服务者,2,强势成功,157
69e481e8000000002003ad94,"

",,,1,69e6f5900000000014019807,,55126b5cb4c4d67a0b79b414,高燃？哈哈哈哈哈哈我只看到了快乐,2026.04.21,重庆,0.0,0.0,16,强势|服务者,强势,服务者,2,强势成功,157
69e481e8000000002003ad94,"

",,,1,69e6dbb5000000001401d802,,6453a08e0000000012034fe8,高燃在那儿？,2026.04.21,湖北,0.0,0.0,6,强势|服务者,强势,服务者,2,强势成功,157
69e481e8000000002003ad94,"

",,,1,69e60399000000001401e01f,,69bbfa4400000000330015b9,高燃，厉害,2026.04.20,上海,0.0,0.0,5,强势|服务者,强势,服务者,2,强势成功,157
69e481e8000000002003ad94,"

",,,1,69e5a367000000001401d413,,625c59cc000000001000de48,不够燃，可以燃起来！[偷笑R],2026.04.20,广东,0.0,0.0,15,强势|服务者,强势,服务者,2,强势成功,157
69e481e8000000002003ad94,"

",,,1,69e59688000000001401e005,,5ac44d8de8ac2b532e83ac45,这个燃在哪里,2026.04.20,河南,0.0,0.0,6,强势|服务者,强势,服务者,2,强势成功,157
69e481e8000000002003ad94,"

",,,1,69e57dcf000000001401b011,,5cc42910000000001700480e,找出视频中最燃的部分,2026.04.20,广东,0.0,0.0,10,强势|服务者,强势,服务者,4,强势成功,157
69e481e8000000002003ad94,"

",,,1,69e4a7f1000000001401dc05,,5f5328270000000001004e7f,高燃 燃在哪里,2026.04.19,上海,0.0,0.0,7,强势|服务者,强势,服务者,3,强势成功,157
69e481e8000000002003ad94,"

",,,1,69e4a508000000001401e43d,,5c34484c0000000006016a0d,咋还给我看燃了呢！,2026.04.19,河南,0.0,0.0,9,强势|服务者,强势,服务者,2,强势成功,157
69e481e8000000002003ad94,"

",,,1,69ec204d0000000029024414,,60018e37000000000100be40,哪里燃了,2026.04.25,辽宁,0.0,0.0,4,强势|服务者,强势,服务者,2,强势成功,157
69e481e8000000002003ad94,"

",,,1,69e85cfd000000001401d813,,5bed4122fa417200013a9a9b,高燃个der,2026.04.22,福建,0.0,0.0,6,强势|服务者,强势,服务者,2,强势成功,157
69e481e8000000002003ad94,"

",,,1,69e77c10000000001401d805,,61d95a61000000002102839d,燃在哪？我奶奶上炕比这激烈,2026.04.21,云南,0.0,0.0,13,强势|服务者,强势,服务者,3,强势成功,157
69e481e8000000002003ad94,"

",,,1,69e74567000000001401902a,,5e2c73b000000000010033ad,高燃在哪里？,2026.04.21,陕西,0.0,0.0,6,强势|服务者,强势,服务者,2,强势成功,157
69e481e8000000002003ad94,"

",,,1,69e6dda0000000001401d425,,5c99e80500000000160181cc,高燃.... 哪里高燃了,2026.04.21,北京,0.0,0.0,12,强势|服务者,强势,服务者,3,强势成功,157
69e481e8000000002003ad94,"

",,,1,69e639fb000000001401940d,,65b313f4000000001001e325,高燃？燃在哪了[捂脸R],2026.04.20,浙江,0.0,0.0,12,强势|服务者,强势,服务者,2,强势成功,157
69e481e8000000002003ad94,"

",,,1,69e4a48d0000000014019414,,5fcbbd220000000001007893,高燃？这种扯犊子是真认真,2026.04.19,北京,0.0,0.0,12,强势|服务者,强势,服务者,3,强势成功,157
69e45dbe000000001f00434f,"机器人跑马拉松超越人类？

",4650.0,773.0,1,69e58625000000001401dc21,,675822aa00000000080088fb,这燃什么？这意义是什么？,2026.04.20,湖北,0.0,0.0,12,强势|观众,强势,观众,2,强势成功,157
69da7e87000000001a03484e,"今晚的亦庄机器人马拉松测试

",,8169.0,2,69db5eb800000000160158f2,69db2712000000003502db22,5be98f458f0cd6000126891b,因为还没发明火种[偷笑R][偷笑R][偷笑R],2026.04.12,浙江,0.0,,23,强势|观众,强势,观众,2,强势成功,157
69e4426b000000001d01c7ed,"一个大的一个小的一个废的

",,7334.0,1,69e45387000000001401a810,,62231eb9000000001000ff70,这就是斯皮尔伯格镜头的含金量吗[doge],2026.04.19,北京,1746.0,40.0,21,混合|观众,混合,观众,3,,158
69e4426b000000001d01c7ed,"一个大的一个小的一个废的

",,7334.0,1,69e45135000000001401e029,,5a13e1354eacab348e684952,这个镜头语言我笑死,2026.04.19,北京,16.0,0.0,9,混合|观众,混合,观众,2,,158
69e4426b000000001d01c7ed,"一个大的一个小的一个废的

",,7334.0,1,69e47e30000000001401b01e,,634fb4e0000000001802fd06,镜头语言这块,2026.04.19,福建,9.0,0.0,6,混合|观众,混合,观众,3,,158
69e4426b000000001d01c7ed,"一个大的一个小的一个废的

",,7334.0,1,69e466ab000000001401a016,,56334c7203eb841b32a9c017,什么叫镜头语言，一转过来看到那个坐地上的笑鼠[捂脸R],2026.04.19,浙江,6.0,0.0,27,混合|观众,混合,观众,4,,158
69e4426b000000001d01c7ed,"一个大的一个小的一个废的

",,7334.0,2,69e47a440000000014019820,69e46241000000001401e822,6221a412000000001000fdaf,镜头的艺术[笑哭R][笑哭R][笑哭R][笑哭R],2026.04.19,安徽,6.0,,25,混合|观众,混合,观众,2,,158
69e4426b000000001d01c7ed,"一个大的一个小的一个废的

",,7334.0,1,69e45c92000000001401dc1c,,5fd47a740000000001009b66,你是懂镜头语言的,2026.04.19,北京,3.0,0.0,8,混合|观众,混合,观众,2,,158
69e4426b000000001d01c7ed,"一个大的一个小的一个废的

",,7334.0,1,69e47283000000001401942c,,67029de1000000001d021b1a,什么叫镜头语言这就叫,2026.04.19,广东,2.0,0.0,10,混合|观众,混合,观众,2,,158
69e4426b000000001d01c7ed,"一个大的一个小的一个废的

",,7334.0,1,69e46fc0000000001401b831,,605c9c6f000000000101d04b,镜头语言这一块[捂脸R],2026.04.19,山西,2.0,0.0,12,混合|观众,混合,观众,3,,158
69e4426b000000001d01c7ed,"一个大的一个小的一个废的

",,7334.0,1,69e47379000000001401c830,,58b63b70a9b2ed76c1397e25,镜头故事感这不就出来了,2026.04.19,北京,1.0,0.0,11,混合|观众,混合,观众,2,,158
69e4426b000000001d01c7ed,"一个大的一个小的一个废的

",,7334.0,1,69e4736e000000001401a808,,5b6bc2e25adbba0001aef9f1,好搞笑的语言镜头,2026.04.19,广东,1.0,0.0,8,混合|观众,混合,观众,3,,158
69e4426b000000001d01c7ed,"一个大的一个小的一个废的

",,7334.0,1,69e46b37000000001401942d,,5b2a8a7f11be10188d0c870e,这才是真正的斯皮尔伯格镜头[doge],2026.04.19,河南,1.0,0.0,19,混合|观众,混合,观众,4,,158
69e4426b000000001d01c7ed,"一个大的一个小的一个废的

",,7334.0,1,69e4651b000000001401ac0d,,5b43d1ef11be1035e81d94ce,镜头语言，地上还有一个,2026.04.19,北京,1.0,0.0,11,混合|观众,混合,观众,3,,158
69e4426b000000001d01c7ed,"一个大的一个小的一个废的

",,7334.0,1,69e45e34000000001401e416,,58315c3182ec3963c0e5ecd9,好强的摄影技术,2026.04.19,北京,1.0,0.0,7,混合|观众,混合,观众,3,,158
69e4426b000000001d01c7ed,"一个大的一个小的一个废的

",,7334.0,1,69e47f1f0000000014018c0c,,59ef4ee74eacab380aff3b34,镜头语言,2026.04.19,北京,0.0,0.0,4,混合|观众,混合,观众,2,,158
69e4426b000000001d01c7ed,"一个大的一个小的一个废的

",,7334.0,1,69e47a13000000001401b801,,5af9b56be8ac2b4e380e8eb7,镜头的艺术,2026.04.19,山东,0.0,0.0,5,混合|观众,混合,观众,2,,158
69e4426b000000001d01c7ed,"一个大的一个小的一个废的

",,7334.0,1,69e475b6000000001401c803,,668233740000000007007802,this is real 斯皮尔伯格镜头[派对R],2026.04.19,湖北,0.0,0.0,25,混合|观众,混合,观众,5,,158
69e4426b000000001d01c7ed,"一个大的一个小的一个废的

",,7334.0,1,69e46f7f000000001401c030,,5cf4bb57000000001002a58b,斯皮尔伯格镜头,2026.04.19,浙江,0.0,0.0,7,混合|观众,混合,观众,2,,158
69e4426b000000001d01c7ed,"一个大的一个小的一个废的

",,7334.0,1,69e460e4000000001401d832,,5f230c29000000000101fa38,你这镜头好艺术,2026.04.19,浙江,0.0,0.0,7,混合|观众,混合,观众,2,,158
69e48d54000000002102e178,"😭亦庄机器人半马最感人一幕

",,1589.0,1,69e4ba300000000014019c04,,56598100cb35fb5e3efff76b,斯皮尔伯格神镜的那只吗[笑哭R],2026.04.19,广东,0.0,0.0,16,弱势|保护者,弱势,保护者,2,弱势,158
69e481e8000000002003ad94,"

",,,1,69e7c888000000002d031005,,6787b6c4000000000803fa79,real steel,2026.04.22,美国,0.0,0.0,10,强势|服务者,强势,服务者,2,强势成功,158
69e4426b000000001d01c7ed,"一个大的一个小的一个废的

",,7334.0,2,69e47d5d000000001401bc1b,69e46241000000001401e822,600436c40000000001009890,这个镜头语言真是绝了[捂脸R],2026.04.19,广东,0.0,,15,混合|观众,混合,观众,3,,158
69e4426b000000001d01c7ed,"一个大的一个小的一个废的

",,7334.0,2,69e48a180000000014018005,69e46241000000001401e822,5f93eb87000000000100366d,神镜头，斯皮尔伯格转场哈哈哈[笑哭R],2026.04.19,广东,0.0,,19,混合|观众,混合,观众,3,,158
69e4426b000000001d01c7ed,"一个大的一个小的一个废的

",,7334.0,2,69e48e20000000001401d40a,69e46241000000001401e822,5fedc05a000000000100129b,这就是阿斯伯格镜头[偷笑R],2026.04.19,北京,0.0,,14,混合|观众,混合,观众,2,,158
69e4426b000000001d01c7ed,"一个大的一个小的一个废的

",,7334.0,2,69e48ed80000000014018829,69e46241000000001401e822,62fa2dff0000000012002c3d,镜头语言这块[嘻嘻R],2026.04.19,山西,0.0,,11,混合|观众,混合,观众,3,,158
69e4426b000000001d01c7ed,"一个大的一个小的一个废的

",,7334.0,2,69e481d80000000014019818,69e4709b000000001401e401,5fd736bb000000000101d616,镜头语言这一块儿,2026.04.19,广东,0.0,,8,混合|观众,混合,观众,3,,158
69e4426b000000001d01c7ed,"一个大的一个小的一个废的

",,7334.0,2,69e47d18000000001401cc13,69e4796c000000001401a81b,5f0982ec00000000010066fe,镜头语言这一块,2026.04.19,湖北,0.0,,7,混合|观众,混合,观众,3,,158
69da7e87000000001a03484e,"今晚的亦庄机器人马拉松测试

",,8169.0,2,69db220d00000000350104aa,69db07d900000000020368d2,63a884a40000000025005ef9,你的摄影技术才是遥遥领先,2026.04.12,北京,0.0,,12,强势|观众,强势,观众,3,强势成功,158
69e447d2000000001d01aa01,"当算法有了腿，程序员万万没想到……

",,2912.0,2,69e4c121000000001401880c,69e44a84000000001401b822,5e3649b7000000000100b408,6！我以为是想说比贝爷更厉害的是贝爷的摄影师[doge][doge],2026.04.19,广东,0.0,,34,强势|服务者,强势,服务者,5,强势成功,158
69e59e520000000022027a90,"花田里犯了错|机器人马拉松正赛搞笑赏析

",,2593.0,2,69e64928000000001401bc15,69e6417c000000001401e432,5773318734609452e50b456a,这不是先学会最基本的走路跑步嘛，人不也是从走路到跑步再到会其他的吗[大笑R],2026.04.20,陕西,64.0,,38,弱势|观众,弱势,观众,9,弱势,159
69e40352000000002102fc75,"机器人马拉松现场第一视角看全部队伍

",,1160.0,2,69e4447f000000001401942b,69e43bc3000000001401bc24,5b61ae31ebde120001fc890c,先得让他懂平衡和跑起来，这样就好办了，为将来打好基础[微笑R],2026.04.19,广西,23.0,,31,常态|服务者,常态,服务者,8,常态,159
69da7e87000000001a03484e,"今晚的亦庄机器人马拉松测试

",,8169.0,2,69db12610000000035010520,69db108a000000003502fc8f,5e85caeb0000000001003373,首先它得站起来走路,2026.04.12,广东,21.0,,9,强势|观众,强势,观众,3,强势成功,159
69df625d0000000021005c63,"“扶我起来，我还能再跑10公里”

",,9992.0,2,69e02004000000003502940e,69e01f6700000000350246b8,5b9da7e9e9370100012fc502,不爬怎么会走呢？跑步跳舞的难度比家务还要低，技术是慢慢在提高的啊,2026.04.16,美国,20.0,,32,失败|观众,失败,观众,8,失败,159
69e481e8000000002003ad94,"

",,,2,69e5b852000000001401a020,69e5b2360000000014019001,5c6f6a27000000001200e507,你的意思是走和跑都不需要学，直接变异去爬楼救火了吗,2026.04.20,北京,18.0,,25,强势|服务者,强势,服务者,5,强势成功,159
69e43b14000000001a02e095,"好萌的小黑仔跑马拉松

",,2760.0,2,69e45ebc000000001401a021,69e45def000000001401a813,62ea5e3f000000001f007ab5,一步一步来，先要像个人一样学会走，跑,2026.04.19,上海,6.0,,18,弱势|服务者,弱势,服务者,6,弱势,159
69da7e87000000001a03484e,"今晚的亦庄机器人马拉松测试

",,8169.0,2,69dad4f10000000014008ac0,69dad438000000003503068b,65d8505600000000050317e8,不学会跑 难道直接起飞吗？不都得一步一步来？,2026.04.12,广东,5.0,,22,强势|观众,强势,观众,5,强势成功,159
69e481e8000000002003ad94,"

",,,2,69e7375a000000001401d432,69e722d4000000001401e81f,604d90d0000000000101e1ce,[笑哭R] 如果婴儿不能跑步，那学走路和爬都没有意义[doge],2026.04.21,海南,4.0,,32,强势|服务者,强势,服务者,5,强势成功,159
69e481e8000000002003ad94,"

",,,2,69e5fae7000000001401e815,69e5f836000000001401bc01,608fce0a000000000101d6f1,先学会走，在学其他的,2026.04.20,安徽,4.0,,10,强势|服务者,强势,服务者,2,强势成功,159
69e40352000000002102fc75,"机器人马拉松现场第一视角看全部队伍

",,1160.0,2,69e42467000000001401d400,69e422e5000000001401cc23,64a76279000000000b014b7b,不迈第一步，谁也不知道他以后能干嘛,2026.04.19,上海,4.0,,17,常态|服务者,常态,服务者,4,常态,159
69da7e87000000001a03484e,"今晚的亦庄机器人马拉松测试

",,8169.0,2,69db128e000000001500afb5,69db108a000000003502fc8f,61d2a2240000000002020a0d,那人不也要先学走再学跑嘛,2026.04.12,广东,3.0,,12,强势|观众,强势,观众,3,强势成功,159
69e40352000000002102fc75,"机器人马拉松现场第一视角看全部队伍

",,1160.0,2,69e43fa7000000001401c005,69e438c4000000001401c017,64805355000000002b0090f3,刚学会长距离跑步，该不会应对地形变化，去田里估计还得你救它[doge],2026.04.19,陕西,3.0,,35,常态|服务者,常态,服务者,8,常态,159
69e59e520000000022027a90,"花田里犯了错|机器人马拉松正赛搞笑赏析

",,2593.0,2,69e76936000000001401d429,69e6c46c0000000014019c0e,59030b6682ec397c7a14e346,哪有一步登天的，人也不是从学走步开始的嘛！,2026.04.21,天津,2.0,,21,弱势|观众,弱势,观众,6,弱势,159
69e2583b00000000230211ea,"

",,2406.0,1,69e3f8c7000000001401c409,,626cd7b10000000021021cb3,这就是为未学行先学跑的后果。,2026.04.19,中国香港,1.0,0.0,14,失败|抢救者,失败,抢救者,3,失败,159
69e40352000000002102fc75,"机器人马拉松现场第一视角看全部队伍

",,1160.0,1,69e4ece5000000001401b82d,,5e4deea4000000000100600d,去干不适合人类的危险，繁重的工作，不需要会跑，会跳！,2026.04.19,北京,1.0,0.0,26,常态|服务者,常态,服务者,6,常态,159
69da7e87000000001a03484e,"今晚的亦庄机器人马拉松测试

",,8169.0,2,69db41b80000000002028bfa,69db25ed000000000d03ee55,5aa640a311be104abd0c24aa,你学会开车之后就不走路了？[石化R],2026.04.12,浙江,1.0,,18,强势|观众,强势,观众,4,强势成功,159
69e47f8f000000001f007203,"2026年机器人马拉松状态，五年后再看🤣

",,5834.0,2,69e58d590000000014018c04,69e586020000000014019401,68791bcc000000000d02cbb7,要想干其他的，不得先会走会跑吗？人类不也是先会爬会走会跑吗？,2026.04.20,山东,1.0,,30,混合|观众,混合,观众,8,,159
69df625d0000000021005c63,"“扶我起来，我还能再跑10公里”

",,9992.0,2,69e02353000000000100412c,69e01f6700000000350246b8,5c0cf086000000000601ef99,这不是基础吗？走都走不明白你敢让它照顾？,2026.04.16,江苏,1.0,,20,失败|观众,失败,观众,3,失败,159
69e2583b00000000230211ea,"

",,2406.0,1,69e99676000000001401c02b,,5b2380d26b58b758bd2e3b49,最基本的走路还不会呢，[失望R],2026.04.23,北京,0.0,0.0,16,失败|抢救者,失败,抢救者,2,失败,159
69e481e8000000002003ad94,"

",,,1,69e49d82000000001401c035,,5ab375a1e8ac2b02f4bcb816,不是都能打足球飞檐走壁了吗？跑个步应该不在话下吧,2026.04.19,菲律宾,0.0,0.0,24,强势|服务者,强势,服务者,4,强势成功,159
69db34bb000000001a0348ae,"机器人抢救现场

",4896.0,1198.0,2,69e5aa5a0000000014018c02,69dc8e9100000000020296bb,5e16bc6d00000000010077c8,你刚生下来就会跑步了吗，不都是一点一点积累慢慢学会的么，他们今年已经不需要人跟着跑了,2026.04.20,北京,0.0,,42,失败|抢救者,失败,抢救者,11,失败,159
69da7e87000000001a03484e,"今晚的亦庄机器人马拉松测试

",,8169.0,2,69dcd8b200000000150045b2,69db2e550000000016017b12,571ba3ca4775a75af3fe0b8f,像人一样，先得学会走学会跑,2026.04.13,上海,0.0,,13,强势|观众,强势,观众,5,强势成功,159
69da7e87000000001a03484e,"今晚的亦庄机器人马拉松测试

",,8169.0,2,69db14b9000000000c032b30,69db108a000000003502fc8f,68ac9d18000000001a024446,还没学会走呢，先学会跑？,2026.04.12,甘肃,0.0,,12,强势|观众,强势,观众,2,强势成功,159
69e47f8f000000001f007203,"2026年机器人马拉松状态，五年后再看🤣

",,5834.0,2,69ea9e960000000014019005,69e6eded000000001401b837,6161b11e00000000020217e3,你得先会走路了才能再跑呀。[笑哭R][笑哭R],2026.04.24,山东,0.0,,23,混合|观众,混合,观众,3,,159
69e47f8f000000001f007203,"2026年机器人马拉松状态，五年后再看🤣

",,5834.0,2,69e6c4b4000000001401d809,69e5aaa4000000001401a00c,5b82ec8457e9c70001cacb87,像个男人一样走出去，不要扭胯,2026.04.21,浙江,0.0,,14,混合|观众,混合,观众,4,,159
69e481e8000000002003ad94,"

",,,2,69e5be99000000001401e80a,69e5b2360000000014019001,599006ca82ec39200e7a37e6,你家孩子生出来不是从走路跑步开始学？生出来直接就当消防员？,2026.04.20,辽宁,0.0,,29,强势|服务者,强势,服务者,6,强势成功,159
69e481e8000000002003ad94,"

",,,2,69e5fa2a000000001401d810,69e5be22000000001401e80f,608fce0a000000000101d6f1,先学会走，才能干其他的啊,2026.04.20,安徽,0.0,,12,强势|服务者,强势,服务者,3,强势成功,159
69e40352000000002102fc75,"机器人马拉松现场第一视角看全部队伍

",,1160.0,2,69e44f9b0000000014019c20,69e43bc3000000001401bc24,64999404000000000a023db5,人类长大就是先从学习走路跑步开始的,2026.04.19,北京,0.0,,17,常态|服务者,常态,服务者,6,常态,159
69e43b14000000001a02e095,"好萌的小黑仔跑马拉松

",,2760.0,1,69e45f920000000014018829,,6640a26700000000030339f1,[笑哭R][笑哭R][笑哭R]裤兜滚烫,2026.04.19,江苏,8.0,0.0,19,弱势|服务者,弱势,服务者,2,弱势,160
69e481e8000000002003ad94,"

",,,1,69ea5659000000001401e412,,5f6e100e0000000001000ed1,屁股散热这一块,2026.04.24,河南,1.0,0.0,7,强势|服务者,强势,服务者,3,强势成功,160
69e481e8000000002003ad94,"

",,,1,69e5f3ab000000001401a411,,5e4638790000000001002bb4,也知道护理裆部,2026.04.20,福建,1.0,0.0,7,强势|服务者,强势,服务者,3,强势成功,160
69e481e8000000002003ad94,"

",,,1,69e59d020000000014019c06,,66965e7f000000000303194f,看来是股骨头跑热了，冲着裤裆一阵呲,2026.04.20,山东,1.0,0.0,17,强势|服务者,强势,服务者,5,强势成功,160
69e481e8000000002003ad94,"

",,,1,69e49d38000000001401d82e,,68c2ea410000000019021a9e,咋回事  裆部过热？,2026.04.19,上海,0.0,0.0,10,强势|服务者,强势,服务者,3,强势成功,160
69e481e8000000002003ad94,"

",,,1,69e498c2000000001401c81e,,5d10e40100000000100326c7,裤裆过热裤裆过热 warning warning🏋🏿,2026.04.19,北京,0.0,0.0,26,强势|服务者,强势,服务者,6,强势成功,160
69e481e8000000002003ad94,"

",,,1,69e76321000000001401cc44,,5ef16ee600000000010076f1,裤裆那里最热,2026.04.21,辽宁,0.0,0.0,6,强势|服务者,强势,服务者,3,强势成功,160
69e481e8000000002003ad94,"

",,,1,69e6d07c000000001401e00a,,5fb6f7ef0000000001008f9e,他裆部发炎了吗,2026.04.21,山东,0.0,0.0,7,强势|服务者,强势,服务者,2,强势成功,160
69e481e8000000002003ad94,"

",,,1,69e6b417000000001401c80a,,630ef3dd000000001200ec71,怎了这是跑到裤档也冒泡了？,2026.04.21,广东,0.0,1.0,13,强势|服务者,强势,服务者,2,强势成功,160
69e481e8000000002003ad94,"

",,,1,69e6b2b7000000001401b807,,62e5f84f000000001e01f97f,给裤裆降温,2026.04.21,云南,0.0,0.0,5,强势|服务者,强势,服务者,2,强势成功,160
69e481e8000000002003ad94,"

",,,1,69e64977000000001401b003,,5f712727000000000100115b,裆部凉飕飕的,2026.04.20,广东,0.0,0.0,6,强势|服务者,强势,服务者,2,强势成功,160
69e481e8000000002003ad94,"

",,,1,69e4a77e000000001401e414,,5d07d2f1000000001102b6b7,胯下过热，应该穿一条散热的内裤[笑哭R],2026.04.19,美国,0.0,0.0,20,强势|服务者,强势,服务者,5,强势成功,160
69e481e8000000002003ad94,"

",,,1,69e4a671000000001401e406,,5dc8c8360000000001009a26,裆部散热[微笑R],2026.04.19,上海,0.0,0.0,9,强势|服务者,强势,服务者,2,强势成功,160
69e481e8000000002003ad94,"

",,,1,69e4a5b4000000001401c017,,5d0970f1000000001202e6a3,裆部散热[偷笑R],2026.04.19,安徽,0.0,0.0,9,强势|服务者,强势,服务者,2,强势成功,160
69e43b14000000001a02e095,"好萌的小黑仔跑马拉松

",,2760.0,1,69e4782f000000001401a82a,,5d3d9bba0000000012026b12,裆部散热吗,2026.04.19,广东,0.0,0.0,5,弱势|服务者,弱势,服务者,2,弱势,160
69e43b14000000001a02e095,"好萌的小黑仔跑马拉松

",,2760.0,1,69e4775d000000001401b012,,5ff481510000000001000428,裆磨出火星子了，喷点水降降温。,2026.04.19,广东,0.0,0.0,15,弱势|服务者,弱势,服务者,4,弱势,160
69e43b14000000001a02e095,"好萌的小黑仔跑马拉松

",,2760.0,1,69e4724a000000001401e805,,65ad4429000000000e003b85,裤裆凉凉的,2026.04.19,山东,0.0,0.0,5,弱势|服务者,弱势,服务者,2,弱势,160
69e43b14000000001a02e095,"好萌的小黑仔跑马拉松

",,2760.0,1,69e46988000000001401cc08,,578e38f35e87e74d7621b690,好家伙裤裆散热[笑哭R][笑哭R],2026.04.19,天津,0.0,0.0,17,弱势|服务者,弱势,服务者,3,弱势,160
69e43b14000000001a02e095,"好萌的小黑仔跑马拉松

",,2760.0,1,69e45f4f000000001401a813,,5576ff8de4b1cf4da2cab09f,裆部潮湿,2026.04.19,北京,0.0,0.0,4,弱势|服务者,弱势,服务者,2,弱势,160
69e43b14000000001a02e095,"好萌的小黑仔跑马拉松

",,2760.0,1,69e45c33000000001401b82e,,6479372c000000001f007e4a,[doge]裤裆里面喷冷却液,2026.04.19,江苏,0.0,0.0,14,弱势|服务者,弱势,服务者,3,弱势,160
69e43b14000000001a02e095,"好萌的小黑仔跑马拉松

",,2760.0,1,69e45361000000001401dc15,,6871c005000000001e03feed,太热了，裤裆都要烧起来了,2026.04.19,江苏,0.0,0.0,12,弱势|服务者,弱势,服务者,3,弱势,160
69e43b14000000001a02e095,"好萌的小黑仔跑马拉松

",,2760.0,1,69e454cc000000001401e447,,61d949c1000000001000d911,咋滴，裆部过热了？,2026.04.19,浙江,0.0,0.0,9,弱势|服务者,弱势,服务者,2,弱势,160
69e481e8000000002003ad94,"

",,,2,69e48c66000000002b025d8c,69e4853b000000001401b022,69b7de230000000026001ca2,裆部降温,2026.04.19,马来西亚,0.0,,4,强势|服务者,强势,服务者,2,强势成功,160
69e481e8000000002003ad94,"

",,,2,69e4a1d3000000001401c03b,69e4853b000000001401b022,5e5ba6470000000001005331,裆部散热,2026.04.19,广东,0.0,,4,强势|服务者,强势,服务者,2,强势成功,160
69e481e8000000002003ad94,"

",,,2,69e4a2b8000000001401cc23,69e4853b000000001401b022,5571d28ee58d13761e2e68ed,裆部护理液,2026.04.19,江苏,0.0,,5,强势|服务者,强势,服务者,2,强势成功,160
69e481e8000000002003ad94,"

",,,2,69e4a31c000000001401c80b,69e4853b000000001401b022,6788b141000000000803cab6,裆部消毒的[偷笑R],2026.04.19,山东,0.0,,10,强势|服务者,强势,服务者,2,强势成功,160
69e481e8000000002003ad94,"

",,,2,69e5b71e000000001401cc01,69e4853b000000001401b022,64ab9b9800000000110005b3,治疗阴囊炎的,2026.04.20,广东,0.0,,6,强势|服务者,强势,服务者,2,强势成功,160
69e481e8000000002003ad94,"

",,,2,69e5d499000000001401b821,69e4853b000000001401b022,6787d229000000000801b3a9,你不知道跑步裆部会发热吗？人也是一样[doge],2026.04.20,河北,0.0,,24,强势|服务者,强势,服务者,6,强势成功,160
69da7e87000000001a03484e,"今晚的亦庄机器人马拉松测试

",,8169.0,2,69db590c0000000015004e84,69db5886000000001500067e,57cafebb50c4b4052f8d62c2,但是看着还挺稳的…核心一直在一条水平线上的[笑哭R],2026.04.12,北京,7.0,,26,强势|观众,强势,观众,5,强势成功,161
69e44171000000001a026b25,"机器人马拉松比赛摔倒丝滑起身帅炸了🔥🔥

",9971.0,613.0,1,69e45015000000001401c014,,55822ff841a2b30d96b4d80f,这腰腹核心力量[飞吻R][飞吻R][飞吻R],2026.04.19,上海,3.0,0.0,22,混合|观众,混合,观众,3,,161
69e4426b000000001d01c7ed,"一个大的一个小的一个废的

",,7334.0,2,69e48216000000001401d421,69e4773d0000000014018c0c,60903a2b000000000100a1cc,道心坚固,2026.04.19,广西,2.0,,4,混合|观众,混合,观众,2,,161
69da7e87000000001a03484e,"今晚的亦庄机器人马拉松测试

",,8169.0,1,69dba403000000000c032b5d,,59e74b0ce8ac2b7037347352,好稳的核心[笑哭R],2026.04.12,江苏,1.0,0.0,10,强势|观众,强势,观众,2,强势成功,161
69e42cc100000000220001ad,"机器人马拉松倒数第一名，萌翻了🤣🤣🤣

",,8501.0,2,69e63847000000001401d837,69e505d8000000001401a409,565566a70bf90c01ac0a2c5e,结果一直很稳,2026.04.20,吉林,1.0,,6,弱势|观众,弱势,观众,3,弱势,161
69da7e87000000001a03484e,"今晚的亦庄机器人马拉松测试

",,8169.0,1,69dbc3ac000000000202824a,,658fe0690000000022008cd0,核心好稳[笑哭R],2026.04.13,湖北,0.0,0.0,9,强势|观众,强势,观众,2,强势成功,161
69da7e87000000001a03484e,"今晚的亦庄机器人马拉松测试

",,8169.0,1,69db7661000000000c033b70,,6141798f00000000020199f4,重心真稳,2026.04.12,北京,0.0,0.0,4,强势|观众,强势,观众,2,强势成功,161
69da7e87000000001a03484e,"今晚的亦庄机器人马拉松测试

",,8169.0,1,69db75e0000000003500f8a5,,62ce70c0000000000e00ca07,好稳的核心,2026.04.12,浙江,0.0,0.0,5,强势|观众,强势,观众,2,强势成功,161
69da7e87000000001a03484e,"今晚的亦庄机器人马拉松测试

",,8169.0,1,69db60c00000000035032ef1,,617430fe0000000002022759,核心好稳,2026.04.12,江苏,0.0,0.0,4,强势|观众,强势,观众,2,强势成功,161
69da7e87000000001a03484e,"今晚的亦庄机器人马拉松测试

",,8169.0,1,69db45c00000000035030189,,65970d79000000002201694e,核心真稳，怎么练的？,2026.04.12,江苏,0.0,0.0,10,强势|观众,强势,观众,2,强势成功,161
69da7e87000000001a03484e,"今晚的亦庄机器人马拉松测试

",,8169.0,1,69db435b000000003501be8c,,5df72ac50000000001006fd5,连机器人都知道要核心稳定[偷笑R],2026.04.12,海南,0.0,0.0,17,强势|观众,强势,观众,4,强势成功,161
69da7e87000000001a03484e,"今晚的亦庄机器人马拉松测试

",,8169.0,1,69db2e8e000000001500935d,,58a165a582ec39179a2b59fb,他们核心好稳哦！,2026.04.12,天津,0.0,0.0,8,强势|观众,强势,观众,2,强势成功,161
69da7e87000000001a03484e,"今晚的亦庄机器人马拉松测试

",,8169.0,1,69db20a6000000001400b3ad,,556e759fe58d132eb7c64c9f,这核心真稳,2026.04.12,上海,0.0,0.0,5,强势|观众,强势,观众,2,强势成功,161
69da7e87000000001a03484e,"今晚的亦庄机器人马拉松测试

",,8169.0,1,69db16550000000015005a50,,606343cb000000000101e4e2,看吧，核心很重要,2026.04.12,山东,0.0,0.0,8,强势|观众,强势,观众,3,强势成功,161
69da7e87000000001a03484e,"今晚的亦庄机器人马拉松测试

",,8169.0,1,69db0fc900000000150057fc,,5e9bfe6d0000000001002f2f,核心挺稳,2026.04.12,山西,0.0,0.0,4,强势|观众,强势,观众,2,强势成功,161
69da7e87000000001a03484e,"今晚的亦庄机器人马拉松测试

",,8169.0,1,69db0e5f000000000103ee71,,63be4be00000000026004a6e,这个核心稳得,2026.04.12,北京,0.0,0.0,6,强势|观众,强势,观众,2,强势成功,161
69da7e87000000001a03484e,"今晚的亦庄机器人马拉松测试

",,8169.0,1,69db0383000000003501aa24,,66556e250000000007005938,哇塞，这才是真正的核心稳定,2026.04.12,浙江,0.0,0.0,13,强势|观众,强势,观众,5,强势成功,161
69da7e87000000001a03484e,"今晚的亦庄机器人马拉松测试

",,8169.0,1,69daff90000000003502e1a9,,58f0f75050c4b422b3749c3b,核心异常稳定,2026.04.12,四川,0.0,0.0,6,强势|观众,强势,观众,3,强势成功,161
69da7e87000000001a03484e,"今晚的亦庄机器人马拉松测试

",,8169.0,1,69daf71c000000003502bd8f,,5ad7608011be1003d8d7efdc,核心很强大,2026.04.12,四川,0.0,0.0,5,强势|观众,强势,观众,2,强势成功,161
69da7e87000000001a03484e,"今晚的亦庄机器人马拉松测试

",,8169.0,1,69daecb1000000003502d02e,,60bb9ea1000000000100be86,核心稳的一笔[笑哭R][笑哭R][笑哭R][笑哭R],2026.04.12,浙江,0.0,0.0,26,强势|观众,强势,观众,2,强势成功,161
69e47f8f000000001f007203,"2026年机器人马拉松状态，五年后再看🤣

",,5834.0,1,69e580c4000000001401e00a,,5e2da601000000000100128c,矮核心才稳的样子[偷笑R],2026.04.20,上海,0.0,0.0,13,混合|观众,混合,观众,2,,161
69e44171000000001a026b25,"机器人马拉松比赛摔倒丝滑起身帅炸了🔥🔥

",9971.0,613.0,1,69e6ed4c000000001401e423,,67c0d2c9000000000a03ec12,核心力量好强啊,2026.04.21,浙江,0.0,0.0,7,混合|观众,混合,观众,3,,161
69e44171000000001a026b25,"机器人马拉松比赛摔倒丝滑起身帅炸了🔥🔥

",9971.0,613.0,1,69e490780000000014018c16,,5653ad97a75c955b5243942a,核心不错,2026.04.19,浙江,0.0,0.0,4,混合|观众,混合,观众,2,,161
69e44171000000001a026b25,"机器人马拉松比赛摔倒丝滑起身帅炸了🔥🔥

",9971.0,613.0,1,69e46393000000001401ac27,,551106d84fac63414001c172,核心好强,2026.04.19,上海,0.0,0.0,4,混合|观众,混合,观众,2,,161
69e44171000000001a026b25,"机器人马拉松比赛摔倒丝滑起身帅炸了🔥🔥

",9971.0,613.0,1,69e461230000000014019009,,64e730db00000000010061ba,超绝核心,2026.04.19,北京,0.0,0.0,4,混合|观众,混合,观众,2,,161
69e44171000000001a026b25,"机器人马拉松比赛摔倒丝滑起身帅炸了🔥🔥

",9971.0,613.0,1,69e45ca2000000001401dc0e,,5931ea535e87e741db8a6ff0,我靠，这核心力量,2026.04.19,山东,0.0,0.0,8,混合|观众,混合,观众,2,,161
69e447d2000000001d01aa01,"当算法有了腿，程序员万万没想到……

",,2912.0,2,69e49fa4000000001401b017,69e45fee0000000014019c18,5fc7283900000000010074fb,心脏：这把高端局,2026.04.19,北京,0.0,,8,强势|服务者,强势,服务者,2,强势成功,161
69e4551e000000001f005895,"荣耀机器人赢麻了🤖我觉得它表情在嘲讽我

",,816.0,2,69e4ef34000000001401bc10,69e490dd000000001401e423,594e20755e87e74d29d7b041,给观众飞吻呢[笑哭R],2026.04.19,北京,2.0,,11,强势|被超越者,强势,被超越者,2,强势成功,162
69e47f8f000000001f007203,"2026年机器人马拉松状态，五年后再看🤣

",,5834.0,1,69e88eca0000000014019809,,61fc94eb00000000100098be,咋还有一个中间停下来给飞吻的[笑哭R],2026.04.22,陕西,1.0,0.0,19,混合|观众,混合,观众,3,,162
69e47f8f000000001f007203,"2026年机器人马拉松状态，五年后再看🤣

",,5834.0,1,69e64b160000000014019005,,5fa919ca0000000001005147,天使的翅膀[偷笑R][偷笑R][偷笑R],2026.04.20,四川,1.0,0.0,20,混合|观众,混合,观众,2,,162
69e47f8f000000001f007203,"2026年机器人马拉松状态，五年后再看🤣

",,5834.0,1,69e5aa45000000001401dc33,,645535ee00000000290137a2,那个飞吻和卖萌的[点赞R]，还有那个120急救的[失望R],2026.04.20,新疆,1.0,0.0,29,混合|观众,混合,观众,4,,162
69e47f8f000000001f007203,"2026年机器人马拉松状态，五年后再看🤣

",,5834.0,1,69e5a414000000001401c020,,6980a177000000002102415a,翅膀还要媚粉[笑哭R][笑哭R][笑哭R],2026.04.20,山西,1.0,0.0,21,混合|观众,混合,观众,3,,162
69e47f8f000000001f007203,"2026年机器人马拉松状态，五年后再看🤣

",,5834.0,1,69e57a86000000001401c01c,,59c8c0b844363b3483ae3390,飞吻那个，纯表演型机格了[doge],2026.04.20,天津,1.0,0.0,18,混合|观众,混合,观众,3,,162
69e47f8f000000001f007203,"2026年机器人马拉松状态，五年后再看🤣

",,5834.0,1,69f6c4120000000028009b9a,,5c4921480000000010013c51,跑到一半来个飞吻哈哈哈哈哈[doge],2026.05.03,浙江,0.0,0.0,19,混合|观众,混合,观众,3,,162
69e47f8f000000001f007203,"2026年机器人马拉松状态，五年后再看🤣

",,5834.0,1,69edf9fd00000000280084f2,,680cffa1000000000e01040e,这小曲配的真妙呀[飞吻R],2026.04.26,广东,0.0,0.0,13,混合|观众,混合,观众,2,,162
69e47f8f000000001f007203,"2026年机器人马拉松状态，五年后再看🤣

",,5834.0,1,69e6f71d000000001401ac15,,63689628000000001f0188c8,你以为它站不稳 其实人家在飞吻[微笑R] 好家伙,2026.04.21,广东,0.0,0.0,24,混合|观众,混合,观众,6,,162
69e47f8f000000001f007203,"2026年机器人马拉松状态，五年后再看🤣

",,5834.0,1,69e60af6000000001401a824,,5925a66982ec394b7215122d,有翅膀那个还停下来饭撒啊[笑哭R][笑哭R],2026.04.20,广东,0.0,0.0,22,混合|观众,混合,观众,2,,162
69e47f8f000000001f007203,"2026年机器人马拉松状态，五年后再看🤣

",,5834.0,1,69e5fde7000000001401ac04,,5bcc001b7fb5050001360b26,怎么还有背个大翅膀飞吻的哈哈哈哈,2026.04.20,北京,0.0,0.0,16,混合|观众,混合,观众,3,,162
69e47f8f000000001f007203,"2026年机器人马拉松状态，五年后再看🤣

",,5834.0,1,69e5eeab000000001401901a,,5ff0db480000000001005724,那个呆子，停下来，慢慢给个飞吻，笑死我了[偷笑R],2026.04.20,挪威,0.0,0.0,25,混合|观众,混合,观众,4,,162
69e47f8f000000001f007203,"2026年机器人马拉松状态，五年后再看🤣

",,5834.0,1,69e5e8f1000000001401a825,,677def5200000000060110df,最喜欢这个小翅膀，有颜有实力,2026.04.20,广东,0.0,0.0,14,混合|观众,混合,观众,4,,162
69e47f8f000000001f007203,"2026年机器人马拉松状态，五年后再看🤣

",,5834.0,1,69e595d4000000001401d403,,5b53f4fd11be101254493d92,我真的服了，有停下来飞吻的，还有给套上球鞋的,2026.04.20,云南,0.0,0.0,22,混合|观众,混合,观众,4,,162
69e47f8f000000001f007203,"2026年机器人马拉松状态，五年后再看🤣

",,5834.0,1,69e57d0b0000000014019416,,67af0456000000000e01e100,期待上海[飞吻R],2026.04.20,上海,0.0,0.0,9,混合|观众,混合,观众,2,,162
69e481e8000000002003ad94,"

",,,1,69e9aaa2000000001401dc12,,5ca184d6000000001001b25e,[飞吻R]这样的意义是什么,2026.04.23,福建,0.0,0.0,13,强势|服务者,强势,服务者,2,强势成功,162
69df625d0000000021005c63,"“扶我起来，我还能再跑10公里”

",,9992.0,1,69df98350000000015000f89,,63a8858d00000000260135d3,很有意思的比赛[飞吻R],2026.04.15,北京,0.0,0.0,12,失败|观众,失败,观众,2,失败,162
69e46730000000001d0199c8,"

",,761.0,1,69e7ccb3000000001401c006,,5d9a9a390000000001002eaa,就喜欢你的讲解[飞吻R],2026.04.22,北京,0.0,0.0,12,强势|观众,强势,观众,2,强势成功,162
69e4426b000000001d01c7ed,"一个大的一个小的一个废的

",,7334.0,2,69e5caba000000001401c81a,69e59935000000001401c01a,5d2869290000000012028214,谢谢科普[飞吻R],2026.04.20,黑龙江,0.0,,9,混合|观众,混合,观众,2,,162
69e42cc100000000220001ad,"机器人马拉松倒数第一名，萌翻了🤣🤣🤣

",,8501.0,2,69e6ee2e000000001401b82e,69e505d8000000001401a409,5f8646700000000001004ff0,小强: 那这么说起来？[飞吻R],2026.04.21,广东,0.0,,16,弱势|观众,弱势,观众,2,弱势,162
69e47f8f000000001f007203,"2026年机器人马拉松状态，五年后再看🤣

",,5834.0,2,69e5c80c0000000014019407,69e55d77000000001401bc0e,5fe1f1870000000001004021,突然飞吻[汗颜R],2026.04.20,海南,0.0,,9,混合|观众,混合,观众,2,,162
69e47f8f000000001f007203,"2026年机器人马拉松状态，五年后再看🤣

",,5834.0,2,69e8dd7a000000001401a00f,69e55d77000000001401bc0e,5cb2a70a000000001701b5ec,笑得想死怎么还有飞吻的[石化R],2026.04.22,江苏,0.0,,16,混合|观众,混合,观众,2,,162
69e6f2bc0000000023005345,"🍼机器人第一视角，好多人呀

",,687.0,2,69e71ecf0000000014019c18,69e71bf6000000001401a417,5a3b69814eacab6dcedbb1ba,[飞吻R]  感谢支持  也请持续关注,2026.04.21,广东,0.0,,19,弱势|观众,弱势,观众,4,弱势,162
69e48d54000000002102e178,"😭亦庄机器人半马最感人一幕

",,1589.0,2,69e9fa1a000000001401b81d,69e4e394000000001401bc31,57cd7c16a9b2ed7625fcb0e3,感谢感谢[飞吻R],2026.04.23,北京,0.0,,9,弱势|保护者,弱势,保护者,2,弱势,162
69e43b14000000001a02e095,"好萌的小黑仔跑马拉松

",,2760.0,2,69e45661000000001401dc14,69e4564f000000001401dc38,5657e2ebb8c8b47b3283f740,原来还有两个[飞吻R],2026.04.19,宁夏,0.0,,11,弱势|服务者,弱势,服务者,2,弱势,162
69e429b4000000001b00037a,"张杰演唱会机器人来参加半马了？？

",,2026.0,2,69e482be000000001401c42d,69e43784000000001401ac1c,5df859080000000001008071,哈哈哈哈哈哈哈哈哈哈还给个飞吻,2026.04.19,广东,0.0,,15,常态|观众,常态,观众,2,常态,162
69e429b4000000001b00037a,"张杰演唱会机器人来参加半马了？？

",,2026.0,2,69e47c87000000001401d820,69e453140000000014018c29,5d397a45000000001103364b,还在这里飞吻呢哈哈哈哈,2026.04.19,广东,0.0,,11,常态|观众,常态,观众,2,常态,162
69da7e87000000001a03484e,"今晚的亦庄机器人马拉松测试

",,8169.0,2,69db136a000000003500c9a3,69db0fce0000000015005918,65083cd00000000016039132,不太可能，复杂地形就搞不定了,2026.04.12,北京,8.0,,14,强势|观众,强势,观众,4,强势成功,163
69e481e8000000002003ad94,"

",,,2,69e49796000000001401b02e,69e490ae000000001401d42a,5ba516761dec06000125a752,为了复杂地形做准备,2026.04.19,浙江,1.0,,9,强势|服务者,强势,服务者,4,强势成功,163
69e2583b00000000230211ea,"

",,2406.0,1,69e54c45000000001401c803,,62d5dbd1000000000303c8b9,地上的两个杠考验技能,2026.04.20,上海,0.0,0.0,10,失败|抢救者,失败,抢救者,4,失败,163
69e45dbe000000001f00434f,"机器人跑马拉松超越人类？

",4650.0,773.0,1,69e5aba6000000001401c030,,5e2306ae0000000001000649,全地形适应，加强大的陀螺仪平衡。,2026.04.20,四川,0.0,0.0,16,强势|观众,强势,观众,5,强势成功,163
69da7e87000000001a03484e,"今晚的亦庄机器人马拉松测试

",,8169.0,2,69db5ffb000000000d03f2c3,69db0fce0000000015005918,54bf29c7b4c4d65ee772ec63,地形复杂还得练，但是有希望,2026.04.12,江苏,0.0,,13,强势|观众,强势,观众,3,强势成功,163
69e42cc100000000220001ad,"机器人马拉松倒数第一名，萌翻了🤣🤣🤣

",,8501.0,2,69e55a8e000000001401a800,69e5080b000000001401dc17,66cfebe3000000001d023cc1,为了适应全地形,2026.04.20,山东,0.0,,7,弱势|观众,弱势,观众,3,弱势,163
69e47f8f000000001f007203,"2026年机器人马拉松状态，五年后再看🤣

",,5834.0,2,69e966fa000000001401e019,69e6eded000000001401b837,6409e4b3000000001001ea88,可能未来要使用在比较艰难的环境，比如山地悬崖峭壁上电线杠之类的地方，城里也没多少地方全是平的特别是贵州省啊重庆市之类的地方城区坡多楼梯多。还有军事方面也用得上。不单单考虑在平地。,2026.04.23,广东,0.0,,89,混合|观众,混合,观众,28,,163
69e481e8000000002003ad94,"

",,,2,69e49f2d000000001401c01e,69e49e88000000001401cc33,5f0f135f000000000101da86,复杂地形，高山，沼泽，石棱，沙漠，轮子都得歇菜,2026.04.19,澳大利亚,0.0,,23,强势|服务者,强势,服务者,8,强势成功,163
69e481e8000000002003ad94,"

",,,2,69e6c9870000000014019809,69e49a5c000000001401ac0a,58d4b4d350c4b407dd4955f6,为以后复杂地形做准备呀,2026.04.21,北京,0.0,,11,强势|服务者,强势,服务者,3,强势成功,163
69e481e8000000002003ad94,"

",,,2,69e4a0b8000000001401a815,69e490ae000000001401d42a,651f7c90000000000200eb3d,复杂地形咋办,2026.04.19,安徽,0.0,,6,强势|服务者,强势,服务者,3,强势成功,163
69e481e8000000002003ad94,"

",,,2,69e50aed000000001401b01a,69e490ae000000001401d42a,5cd93cef000000001800c95f,多地形的适应能力还得是人腿啊,2026.04.20,浙江,0.0,,14,强势|服务者,强势,服务者,3,强势成功,163
69e481e8000000002003ad94,"

",,,2,69e5699a000000001401b000,69e490ae000000001401d42a,605216e6000000000101f7c2,在复杂地形，奔跑也许是唯一的行动模式。,2026.04.20,河北,0.0,,19,强势|服务者,强势,服务者,7,强势成功,163
69e481e8000000002003ad94,"

",,,2,69e5a8370000000014019c18,69e490ae000000001401d42a,5dc809120000000001004d4b,不是所有地形都是车轮能上去的,2026.04.20,河北,0.0,,14,强势|服务者,强势,服务者,4,强势成功,163
69e481e8000000002003ad94,"

",,,2,69e6007b000000001401d426,69e490ae000000001401d42a,5b4b7f8911be107c59a93125,你想想在国家紧急时刻特殊地形的使用[doge],2026.04.20,广东,0.0,,23,强势|服务者,强势,服务者,7,强势成功,163
69e481e8000000002003ad94,"

",,,2,69e60410000000001401bc07,69e490ae000000001401d42a,5df677b40000000001007461,为了以后适应复杂地形，平地是起点,2026.04.20,河南,0.0,,16,强势|服务者,强势,服务者,6,强势成功,163
69e481e8000000002003ad94,"

",,,2,69e604fc000000001401dc25,69e490ae000000001401d42a,57182a064775a72e5ded604f,为了能适应更多地形 例如战场,2026.04.20,天津,0.0,,14,强势|服务者,强势,服务者,6,强势成功,163
69e481e8000000002003ad94,"

",,,2,69e67ce7000000001401e400,69e490ae000000001401d42a,5fccfcad00000000010019a5,因为双腿可以全地形,2026.04.21,比利时,0.0,,9,强势|服务者,强势,服务者,2,强势成功,163
69e481e8000000002003ad94,"

",,,2,69e6f6e6000000001401e81e,69e490ae000000001401d42a,620f9be50000000010005324,所以为什么不直接在复杂地形跑？,2026.04.21,四川,0.0,,15,强势|服务者,强势,服务者,3,强势成功,163
69e481e8000000002003ad94,"

",,,2,69e6ff71000000001401d403,69e490ae000000001401d42a,67558e19000000001d02c302,人很灵活啊，什么地形都可以用手脚过,2026.04.21,上海,0.0,,17,强势|服务者,强势,服务者,4,强势成功,163
69e481e8000000002003ad94,"

",,,2,69e705fe000000001401ac10,69e490ae000000001401d42a,61cfc101000000001f03f24b,战争，复杂地形救援。,2026.04.21,广东,0.0,,10,强势|服务者,强势,服务者,4,强势成功,163
69e481e8000000002003ad94,"

",,,2,69e80649000000001401d801,69e490ae000000001401d42a,5dd0b95f00000000010094d4,复杂地形我们能去，它也能去[doge]，万一哪天要收弯弯呢，扛枪冲锋在前的它拿着手雷呢。,2026.04.22,四川,0.0,,44,强势|服务者,强势,服务者,9,强势成功,163
69e481e8000000002003ad94,"

",,,2,69e96f37000000001401e819,69e490ae000000001401d42a,5d5f87dd000000000101b9b0,应对复杂地形,2026.04.23,上海,0.0,,6,强势|服务者,强势,服务者,3,强势成功,163
69e481e8000000002003ad94,"

",,,2,69e5a8d2000000001401940b,69e490ae000000001401d42a,5fec2bd4000000000100894b,你猜为什么很多险恶的地形还是要靠人去探索，而不是直接开车进去？,2026.04.20,广东,0.0,,31,强势|服务者,强势,服务者,8,强势成功,163
69e481e8000000002003ad94,"

",,,2,69e5ae6e000000001401e403,69e490ae000000001401d42a,6332707d0000000023038554,如果是复杂地形呢？比如战场上，一大堆能在复杂地形这样狂奔，再手拿两把冲锋枪，就问你怕不怕,2026.04.20,江西,0.0,,44,强势|服务者,强势,服务者,13,强势成功,163
69e481e8000000002003ad94,"

",,,2,69e5d207000000001401b009,69e490ae000000001401d42a,683ee019000000001d017e8b,但是以后我们的使用空间肯定不全是平地啊，要上下搬东西怎么办，要爬山怎么办？[笑哭R],2026.04.20,浙江,0.0,,42,强势|服务者,强势,服务者,10,强势成功,163
69e481e8000000002003ad94,"

",,,2,69e6f7d5000000001401980e,69e490ae000000001401d42a,5b2349e16b58b73bc3610978,这两年是平地 过两年就是山地 你猜猜这玩意能干啥[doge],2026.04.21,广东,0.0,,30,强势|服务者,强势,服务者,7,强势成功,163
69e481e8000000002003ad94,"

",,,2,69e64be1000000001401e41b,69e64aff0000000014019817,649e6a50000000000b017710,可能以后要考虑到多种地形因素吧,2026.04.20,辽宁,0.0,,15,强势|服务者,强势,服务者,4,强势成功,163
69e48b0b000000001a02578c,"北京马拉松机器人中暑了🥵

",3334.0,467.0,1,69ef066c000000002702cc16,,5d2d2774000000001000f3d2,非做成小脚老太太吗？做个大脚丫子站的多稳,2026.04.27,北京,147.0,5.0,20,失败|服务者,失败,服务者,5,失败,164
69e481e8000000002003ad94,"

",,,1,69e49b52000000001401bc41,,5ef5c60b00000000010006f2,站不稳了，脚怎么不再做大点,2026.04.19,上海,1.0,0.0,13,强势|服务者,强势,服务者,3,强势成功,164
69e481e8000000002003ad94,"

",,,1,69e4a854000000001401cc15,,674c582b000000001c01870e,不能把脚丫子做大点吗？重心不稳啊,2026.04.19,天津,1.0,0.0,16,强势|服务者,强势,服务者,4,强势成功,164
69e43b14000000001a02e095,"好萌的小黑仔跑马拉松

",,2760.0,2,69e47165000000001401c03a,69e47114000000001401cc25,5a8ec83f11be101fd2ec1a1d,重量有影响,2026.04.19,河北,1.0,,5,弱势|服务者,弱势,服务者,2,弱势,164
69e2583b00000000230211ea,"

",,2406.0,1,69e8cf14000000001401bc18,,5f33a16f000000000100bcae,底下垫布垫太厚了，影响到了,2026.04.22,福建,0.0,0.0,13,失败|抢救者,失败,抢救者,4,失败,164
69e2583b00000000230211ea,"

",,2406.0,1,69e7fefb0000000014019c07,,645d85040000000010026ebc,腿抬高点不行么,2026.04.22,江苏,0.0,0.0,7,失败|抢救者,失败,抢救者,2,失败,164
69e2583b00000000230211ea,"

",,2406.0,1,69e7a1ac000000001401b805,,560d96738a75e11c79dd2e3a,脚都抬不起来，这得有85以上了吧,2026.04.22,江苏,0.0,0.0,16,失败|抢救者,失败,抢救者,4,失败,164
69e2583b00000000230211ea,"

",,2406.0,1,69e2fc42000000001401d82d,,62107c2800000000210229c7,腿脚不利硕，关键还不设计耐摔点,2026.04.18,北京,0.0,0.0,15,失败|抢救者,失败,抢救者,5,失败,164
69e41e24000000001a025f1a,"人形机器人半马摔倒瞬间🔥🔥

",1155.0,129.0,1,69e453eb000000001401880a,,600e766100000000010011e5,脚步轻浮，晚上没休息好,2026.04.19,新疆,0.0,0.0,11,失败|观众,失败,观众,4,失败,164
69da7e87000000001a03484e,"今晚的亦庄机器人马拉松测试

",,8169.0,1,69db25450000000014008bb2,,5de1d0e80000000001008ccd,应该脚尖先着地,2026.04.12,福建,0.0,0.0,7,强势|观众,强势,观众,2,强势成功,164
69e481e8000000002003ad94,"

",,,1,69e76075000000001401980d,,58dbc12d5e87e72c3714c5dc,占地面积有点小，不够稳吧,2026.04.21,浙江,0.0,0.0,12,强势|服务者,强势,服务者,2,强势成功,164
69e481e8000000002003ad94,"

",,,1,69e730d2000000001401c827,,5b633b9de8ac2b1ad3bcfd95,把它脚掌做大点吧，站都站不稳,2026.04.21,湖北,0.0,0.0,14,强势|服务者,强势,服务者,3,强势成功,164
69e481e8000000002003ad94,"

",,,1,69e716ce000000001401bc04,,63f5cf70000000000f013ec3,脚掌为什么不做成鞋底的形状,2026.04.21,广东,0.0,0.0,13,强势|服务者,强势,服务者,5,强势成功,164
69e481e8000000002003ad94,"

",,,1,69e6d81b000000001401cc2b,,5d24bc80000000001103cc0f,脚丫子是不是太硬了，做个稍微软点的底呢，而且太小了吧，感觉头重脚轻,2026.04.21,河北,0.0,0.0,33,强势|服务者,强势,服务者,7,强势成功,164
69e481e8000000002003ad94,"

",,,1,69e5d19f000000001401e416,,5ad2b97411be106e062ed506,这脚太细窄了，都站不稳[捂脸R],2026.04.20,山东,0.0,0.0,16,强势|服务者,强势,服务者,3,强势成功,164
69e481e8000000002003ad94,"

",,,1,69e5cf6d000000001401c02a,,5dbd3087000000000100319a,为什么一个脚做那么小？不知道不稳当m,2026.04.20,黑龙江,0.0,0.0,18,强势|服务者,强势,服务者,3,强势成功,164
69e481e8000000002003ad94,"

",,,1,69e56db5000000001401dc0c,,5d8893760000000001001a7e,脚掌设计不行,2026.04.20,四川,0.0,0.0,6,强势|服务者,强势,服务者,3,强势成功,164
69e481e8000000002003ad94,"

",,,1,69e564310000000014019c0e,,5d1b23220000000016016277,这个脚设计不太合理，我感觉有点小，不容易找平衡,2026.04.20,山东,0.0,0.0,23,强势|服务者,强势,服务者,5,强势成功,164
69e481e8000000002003ad94,"

",,,1,69e4a7fa000000001401a401,,58af9bdb6a6a6965dacbc3fe,脚掌太细了都站不住,2026.04.19,福建,0.0,0.0,9,强势|服务者,强势,服务者,3,强势成功,164
69e481e8000000002003ad94,"

",,,1,69e4a070000000001401a026,,66438490000000000700580f,脚不能做大点宽点吗，有点头重脚轻站不稳[笑哭R],2026.04.19,广东,0.0,0.0,24,强势|服务者,强势,服务者,4,强势成功,164
69e481e8000000002003ad94,"

",,,1,69e4938f000000001401880d,,609e92ea000000000100364d,这个脚也太小了吧，能掌握平衡真牛[笑哭R],2026.04.19,贵州,0.0,0.0,21,强势|服务者,强势,服务者,4,强势成功,164
69e481e8000000002003ad94,"

",,,1,69e49197000000001401a418,,60311652000000000101ed52,不妨把脚前面，设计成羊蹄形状，也许会更稳,2026.04.19,广东,0.0,0.0,20,强势|服务者,强势,服务者,7,强势成功,164
69e59e520000000022027a90,"花田里犯了错|机器人马拉松正赛搞笑赏析

",,2593.0,1,69e84ccb000000001401e028,,5f717b090000000001003010,脚长难度大,2026.04.22,四川,0.0,0.0,5,弱势|观众,弱势,观众,2,弱势,164
69e59e520000000022027a90,"花田里犯了错|机器人马拉松正赛搞笑赏析

",,2593.0,1,69e70f32000000001401e80b,,5cd692b60000000010023070,为啥个个都做的这么头重脚轻，腿不能做粗一点，脚不能做大一点吗,2026.04.21,江西,0.0,0.0,30,弱势|观众,弱势,观众,5,弱势,164
69da7e87000000001a03484e,"今晚的亦庄机器人马拉松测试

",,8169.0,2,69db8320000000003501a6e8,69dac8d7000000000c0319f8,62af1394000000001b02b054,还是后掌着地，经济性低,2026.04.12,中国澳门,0.0,,11,强势|观众,强势,观众,2,强势成功,164
69e481e8000000002003ad94,"

",,,2,69e71e77000000001401a00b,69e490ae000000001401d42a,65c8ecee000000000b038371,其实两脚站立最难[笑哭R],2026.04.21,浙江,0.0,,13,强势|服务者,强势,服务者,4,强势成功,164
69e40352000000002102fc75,"机器人马拉松现场第一视角看全部队伍

",,1160.0,2,69e43bc9000000001401e021,69e438a10000000014018808,60c96f0a000000000101f6e7,做的细会更轻都基本上而且人的腿骨架比这个还细，看着不重每个都可能有170-180斤左右,2026.04.19,黑龙江,0.0,,43,常态|服务者,常态,服务者,12,常态,164
69e40352000000002102fc75,"机器人马拉松现场第一视角看全部队伍

",,1160.0,1,69e558ce000000001401c803,,6336b685000000001802c071,坐地上这几个小的干嘛的，为啥给人脑袋摁下去[笑哭R],2026.04.20,四川,2.0,5.0,26,常态|服务者,常态,服务者,6,常态,165
69e4426b000000001d01c7ed,"一个大的一个小的一个废的

",,7334.0,1,69e47597000000001401a802,,59df102bde5fb41fa1b98cb6,坐地上那个是累着了吗[笑哭R],2026.04.19,四川,1.0,0.0,15,混合|观众,混合,观众,2,,165
69e4426b000000001d01c7ed,"一个大的一个小的一个废的

",,7334.0,1,69e47372000000001401cc2f,,5fa0fba10000000001001c10,坐地上哭那个是怎么个事儿？[笑哭R],2026.04.19,辽宁,1.0,0.0,18,混合|观众,混合,观众,2,,165
69e2583b00000000230211ea,"

",,2406.0,1,69e8b34b0000000014018810,,5e046d830000000001006553,地上为啥做个凸起,2026.04.22,四川,1.0,0.0,8,失败|抢救者,失败,抢救者,3,失败,165
69e4426b000000001d01c7ed,"一个大的一个小的一个废的

",,7334.0,1,69e478c0000000001401e806,,64a408ed000000002a035320,坐地上，耍赖吗[大笑R][大笑R][大笑R],2026.04.19,重庆,0.0,0.0,22,混合|观众,混合,观众,2,,165
69e4426b000000001d01c7ed,"一个大的一个小的一个废的

",,7334.0,1,69e478ae000000001401d815,,5c270a74000000000700010f,坐地上歇歇,2026.04.19,瑞典,0.0,0.0,5,混合|观众,混合,观众,2,,165
69e4426b000000001d01c7ed,"一个大的一个小的一个废的

",,7334.0,1,69e47798000000001401c031,,5dc7acc8000000000100445f,这个坐地上的是耍脾气不高兴了不想跑了？,2026.04.19,山东,0.0,0.0,19,混合|观众,混合,观众,4,,165
69e4426b000000001d01c7ed,"一个大的一个小的一个废的

",,7334.0,1,69e477160000000014018c07,,5aae818de8ac2b2a4cb65c24,万万没想还有一个瘫地上的[笑哭R],2026.04.19,吉林,0.0,0.0,17,混合|观众,混合,观众,2,,165
69e4426b000000001d01c7ed,"一个大的一个小的一个废的

",,7334.0,1,69e47548000000001401b008,,611f4537000000000101dbd5,上班期间 坐地上休息啊[doge],2026.04.19,北京,0.0,0.0,17,混合|观众,混合,观众,4,,165
69df625d0000000021005c63,"“扶我起来，我还能再跑10公里”

",,9992.0,1,69dfacc50000000001004e1c,,62f4dda1000000001f015a2f,原地大小睡[doge],2026.04.15,山东,0.0,0.0,11,失败|观众,失败,观众,2,失败,165
69e44171000000001a026b25,"机器人马拉松比赛摔倒丝滑起身帅炸了🔥🔥

",9971.0,613.0,1,69e6d24a000000001401b00a,,62ca38d8000000001501df4b,躺地下还会按表走[偷笑R][斜眼R],2026.04.21,山东,0.0,0.0,18,混合|观众,混合,观众,3,,165
69e48341000000001a02d0c4,"机器人马拉松，我们看乐了，西方人看破防了🤣

",3931.0,1022.0,1,69e56bd3000000001401e811,,5b430f3a11be1058091375a5,第一这个后面坐地上了[捂脸R],2026.04.20,河北,0.0,0.0,15,强势|观众,强势,观众,3,强势成功,165
69e4426b000000001d01c7ed,"一个大的一个小的一个废的

",,7334.0,2,69e5917f000000001401b82d,69e4d997000000001401a802,5b08bb63f7e8b94f27cbd1d0,咋还坐地上了呢[偷笑R] 高低给把椅子,2026.04.20,浙江,0.0,,19,混合|观众,混合,观众,3,,165
69e4426b000000001d01c7ed,"一个大的一个小的一个废的

",,7334.0,2,69e5a5300000000014019810,69e461fb000000001401e82b,61b62395000000001000494a,旁边那坐地下的干嘛呢,2026.04.20,吉林,0.0,,10,混合|观众,混合,观众,3,,165
69e4426b000000001d01c7ed,"一个大的一个小的一个废的

",,7334.0,2,69e739780000000014019c1e,69e461fb000000001401e82b,57c40ec750c4b4393c0d9c9d,坐地上实在绷不住,2026.04.21,云南,0.0,,8,混合|观众,混合,观众,3,,165
69e4426b000000001d01c7ed,"一个大的一个小的一个废的

",,7334.0,2,69e75367000000001401e008,69e461fb000000001401e82b,5cd49ecb0000000010021e85,坐在地上生闷气,2026.04.21,美国,0.0,,7,混合|观众,混合,观众,3,,165
69e4426b000000001d01c7ed,"一个大的一个小的一个废的

",,7334.0,2,69e47e4d000000001401c037,69e46241000000001401e822,5c91fb8f000000001001b0ab,这是坐地上嚎啕大哭了吗,2026.04.19,江西,0.0,,11,混合|观众,混合,观众,2,,165
69e4426b000000001d01c7ed,"一个大的一个小的一个废的

",,7334.0,2,69e481cc0000000014019c24,69e4709b000000001401e401,5fd736bb000000000101d616,失去所有力气寒心地坐在地上,2026.04.19,广东,0.0,,13,混合|观众,混合,观众,6,,165
69e4426b000000001d01c7ed,"一个大的一个小的一个废的

",,7334.0,2,69ead90c000000001401b80c,69e5a6aa000000001401881a,5c30277c000000000700d3b6,小孩儿！！ 内个怎么坐地下了！,2026.04.24,河北,0.0,,15,混合|观众,混合,观众,3,,165
69e4426b000000001d01c7ed,"一个大的一个小的一个废的

",,7334.0,2,69e59db20000000014013403,69e56754000000001401b806,5ad295924eacab62466ca592,这个坐地上的 他也想坐车走了吗,2026.04.20,江苏,0.0,,15,混合|观众,混合,观众,2,,165
69e4426b000000001d01c7ed,"一个大的一个小的一个废的

",,7334.0,2,69e4d027000000001401cc39,69e494ed000000001401c033,5a5109e24eacab2461a8aad0,他俩咋不扶一下地上坐的[笑哭R],2026.04.19,河北,0.0,,16,混合|观众,混合,观众,3,,165
69e4426b000000001d01c7ed,"一个大的一个小的一个废的

",,7334.0,2,69e468d1000000001401a403,69e464d9000000001401d82f,5a64ab3c4eacab68a9817381,那个坐在地上的咋整呢,2026.04.19,陕西,0.0,,10,混合|观众,混合,观众,3,,165
69e4426b000000001d01c7ed,"一个大的一个小的一个废的

",,7334.0,2,69e48451000000001401bc15,69e4811a000000001401b81b,5dd7d7da0000000001009caf,坐地上啥意思。,2026.04.19,北京,0.0,,7,混合|观众,混合,观众,2,,165
69e4426b000000001d01c7ed,"一个大的一个小的一个废的

",,7334.0,2,69e4a654000000001401c021,69e472c1000000001401bc20,5e92f55f0000000001001b24,那个坐地上的为啥没人管它[呃R],2026.04.19,福建,0.0,,16,混合|观众,混合,观众,2,,165
69da7e87000000001a03484e,"今晚的亦庄机器人马拉松测试

",,8169.0,2,69db17d9000000003501aa52,69db0329000000003500f0a5,683583d4000000001e03e4b4,地下比较安静。[偷笑R],2026.04.12,广西,0.0,,12,强势|观众,强势,观众,3,强势成功,165
69e44171000000001a026b25,"机器人马拉松比赛摔倒丝滑起身帅炸了🔥🔥

",9971.0,613.0,2,69e6c448000000001401b80e,69e45ec9000000001401d41a,6353520f000000001901eae4,地上不让睡觉,2026.04.21,河南,0.0,,6,混合|观众,混合,观众,3,,165
69e44171000000001a026b25,"机器人马拉松比赛摔倒丝滑起身帅炸了🔥🔥

",9971.0,613.0,2,69e49d92000000001401a412,69e47d7a000000001401bc14,5d839a7f000000000100b583,坐下转一圈起来继续,2026.04.19,湖北,0.0,,9,混合|观众,混合,观众,4,,165
69e4551e000000001f005895,"荣耀机器人赢麻了🤖我觉得它表情在嘲讽我

",,816.0,2,69e48de6000000001401a00d,69e4848e000000001401cc2f,63239ad8000000002303db4d,哈哈哈[笑哭R]去附近热点视频里找,2026.04.19,北京,13.0,,17,强势|被超越者,强势,被超越者,3,强势成功,166
69e48b0b000000001a02578c,"北京马拉松机器人中暑了🥵

",3334.0,467.0,2,69ef39f800000000280308fd,69ecb9a7000000002803354c,6168ef37000000000202422a,刷到这个视频是有理由的,2026.04.27,四川,7.0,,11,失败|服务者,失败,服务者,3,失败,166
69e429b4000000001b00037a,"张杰演唱会机器人来参加半马了？？

",,2026.0,2,69e4576b000000001401a421,69e447a4000000001401c801,65d83816000000000503085a,我不行了我刚刷到了另一个视角,2026.04.19,北京,7.0,,14,常态|观众,常态,观众,3,常态,166
69e634590000000022003bb5,"每个马拉松机器人，都有自己的热血故事。

",,824.0,1,69eaf56f000000001401e036,,61dd783000000000210262d7,昨天租了个pocket3发现有这里的素材[doge][doge][doge],2026.04.24,北京,5.0,2.0,38,常态|观众,常态,观众,5,常态,166
69e2583b00000000230211ea,"

",,2406.0,2,69e305ad000000001401cc40,69e305360000000014018c0a,645081970000000010029caa,有其他视角的视频哦[捂脸R],2026.04.18,广西,3.0,,14,失败|抢救者,失败,抢救者,3,失败,166
69e44171000000001a026b25,"机器人马拉松比赛摔倒丝滑起身帅炸了🔥🔥

",9971.0,613.0,1,69e60648000000001401dc12,,66e977cd000000001d0225e1,我刷到的上一个视频[笑哭R],2026.04.20,广东,1.0,0.0,14,混合|观众,混合,观众,2,,166
69e2583b00000000230211ea,"

",,2406.0,1,69e3409b000000001401881b,,639574ad0000000026012fe6,连续刷到[捂脸R],2026.04.18,广东,0.0,0.0,9,失败|抢救者,失败,抢救者,2,失败,166
69da7e87000000001a03484e,"今晚的亦庄机器人马拉松测试

",,8169.0,1,69db2b7b000000000103d334,,634e18cf000000001802c1de,你熬夜剪视频就剪了个这,2026.04.12,山东,0.0,0.0,11,强势|观众,强势,观众,2,强势成功,166
69e44171000000001a026b25,"机器人马拉松比赛摔倒丝滑起身帅炸了🔥🔥

",9971.0,613.0,1,69e46c19000000001401e43d,,5dda1b8a0000000001008731,王天放 快来学学新素材,2026.04.19,北京,0.0,0.0,11,混合|观众,混合,观众,4,,166
69e59e520000000022027a90,"花田里犯了错|机器人马拉松正赛搞笑赏析

",,2593.0,1,69e6ed34000000001401e808,,5b754cfb3014040001980543,刷了这么多天怎么没看见这个,2026.04.21,四川,0.0,0.0,13,弱势|观众,弱势,观众,2,弱势,166
69e59e520000000022027a90,"花田里犯了错|机器人马拉松正赛搞笑赏析

",,2593.0,1,69e7fcb8000000001401ac00,,5a068b08e8ac2b549e2d0f65,这不就娱乐搞笑的么 这也要用来赚民主基金那5000万美元么？ 太卷了 服了 哈哈,2026.04.22,北京,0.0,0.0,40,弱势|观众,弱势,观众,8,弱势,166
69e4551e000000001f005895,"荣耀机器人赢麻了🤖我觉得它表情在嘲讽我

",,816.0,2,69e4d764000000001401e01f,69e49496000000001401d81d,5a617b02e8ac2b223094c523,刷了一个后狂被推送[doge],2026.04.19,广东,0.0,,15,强势|被超越者,强势,被超越者,2,强势成功,166
69e4426b000000001d01c7ed,"一个大的一个小的一个废的

",,7334.0,2,69e5d951000000001401c818,69e4d997000000001401a802,5e2eb841000000000100755d,我刚刷到了别的视角,2026.04.20,上海,0.0,,9,混合|观众,混合,观众,3,,166
69e4426b000000001d01c7ed,"一个大的一个小的一个废的

",,7334.0,2,69e6dec1000000001401900c,69e4d997000000001401a802,6051b2620000000001008c82,刷到好多,2026.04.21,安徽,0.0,,4,混合|观众,混合,观众,2,,166
69e4426b000000001d01c7ed,"一个大的一个小的一个废的

",,7334.0,2,69e4e9bb000000001401880a,69e4661f000000001401980c,5cfd212b000000000503ca3d,都推给你啦 看来还挺出圈的,2026.04.19,北京,0.0,,13,混合|观众,混合,观众,3,,166
69e4426b000000001d01c7ed,"一个大的一个小的一个废的

",,7334.0,2,69e476f6000000001401a021,69e4758e000000001401ac26,5f5dfd01000000000100b2fc,我前几天抖音也刷到了,2026.04.19,广东,0.0,,10,混合|观众,混合,观众,3,,166
69e4426b000000001d01c7ed,"一个大的一个小的一个废的

",,7334.0,2,69e486cf000000001401ac0a,69e4868d000000001401e40c,616ff707000000001f03a441,我看到了哈哈哈  人民网还有直播,2026.04.19,广东,0.0,,16,混合|观众,混合,观众,2,,166
69da7e87000000001a03484e,"今晚的亦庄机器人马拉松测试

",,8169.0,2,69db16870000000015006544,69db0be9000000000103dc57,5adb14634eacab504e2a7b2c,哈哈哈哈，我也刷到了，鸵鸟一路狂飙,2026.04.12,北京,0.0,,17,强势|观众,强势,观众,3,强势成功,166
69e6f2bc0000000023005345,"🍼机器人第一视角，好多人呀

",,687.0,2,69e76a08000000001401ac29,69e768a70000000014018820,64212764000000001001e81f,我今天上班还偷摸刷不同角度的[大笑R][大笑R],2026.04.21,广西,0.0,,24,弱势|观众,弱势,观众,5,弱势,166
69e481e8000000002003ad94,"

",,,2,69e86e8f000000001401a40d,69e71b47000000001401ac15,5f753da7000000000100b7ad,刷怪了[doge]你去抖音上看看一个叫王东升的博主,2026.04.22,北京,0.0,,25,强势|服务者,强势,服务者,5,强势成功,166
69df625d0000000021005c63,"“扶我起来，我还能再跑10公里”

",,9992.0,2,69e509b7000000001401b007,69e2e560000000001401c435,5bc732f54126c30001a10500,哈哈哈哈哈哈，另一个视频咋点不开了,2026.04.20,广东,0.0,,17,失败|观众,失败,观众,3,失败,166
69e447d2000000001d01aa01,"当算法有了腿，程序员万万没想到……

",,2912.0,2,69e4b3120000000014018823,69e4aea8000000001401d81d,5d15958100000000160377cf,啊啊啊啊啊啊我刷到了镜像的,2026.04.19,北京,0.0,,13,强势|服务者,强势,服务者,2,强势成功,166
69e4b08d000000001d01c1bc,"机器人马拉松参赛选手“进化速度这一块”

",,379.0,2,69e4ded5000000001401c004,69e4dd42000000001401940b,5fea868f00000000010028fe,我今天刷的十个视频里有一半都是这个[捂脸R][捂脸R],2026.04.19,山西,0.0,,27,混合|观众,混合,观众,4,,166
69e48b0b000000001a02578c,"北京马拉松机器人中暑了🥵

",3334.0,467.0,2,69f18a3d00000000270234ee,69ecb9a7000000002803354c,606dd1a90000000001009015,艹我说为什么刷到这个视频,2026.04.29,江苏,0.0,,12,失败|服务者,失败,服务者,3,失败,166
69e46032000000001f002048,"看着你们累倒在地上我很心疼，恨不得替你们

",,5680.0,2,69e993e7000000001401b005,69e9934b000000001401e015,60e47eab0000000001002bc2,哈哈哈哈还得跟这群网友做网友,2026.04.23,河南,0.0,,14,常态|保护者,常态,保护者,3,常态,166
69e46032000000001f002048,"看着你们累倒在地上我很心疼，恨不得替你们

",,5680.0,2,69e96622000000001401e016,69e965fb000000001401dc02,64166bc100000000110231bd,你每天就刷到这些,2026.04.23,天津,0.0,,8,常态|保护者,常态,保护者,2,常态,166
69e429b4000000001b00037a,"张杰演唱会机器人来参加半马了？？

",,2026.0,1,69e42d4e000000001401b006,,5d7b98800000000001004e58,好像是的 这就是演唱会穿搭,2026.04.19,云南,216.0,16.0,13,常态|观众,常态,观众,2,常态,167
69e47f8f000000001f007203,"2026年机器人马拉松状态，五年后再看🤣

",,5834.0,2,69e5abc20000000014018c19,69e5ab44000000001401b81b,5b9b4c99c9132c00015fd8c2,这是他参加张杰演唱会表演的工作服[捂脸R][捂脸R][捂脸R],2026.04.20,浙江,100.0,,31,混合|观众,混合,观众,5,,167
69e4b08d000000001d01c1bc,"机器人马拉松参赛选手“进化速度这一块”

",,379.0,1,69e4d00c000000001401c016,,55fae51941a2b33299e5d8db,这个跳舞机器人还去张杰演唱会当伴舞了[笑哭R]跳舞他是专业的[笑哭R][笑哭R][笑哭R],2026.04.19,北京,57.0,1.0,45,混合|观众,混合,观众,7,,167
69e429b4000000001b00037a,"张杰演唱会机器人来参加半马了？？

",,2026.0,1,69e43cba000000001401e037,,5f71c6f80000000001002693,就是演唱会的哈哈哈扒了2张图，鞋一样，衣服后边字母一样,2026.04.19,北京,15.0,3.0,27,常态|观众,常态,观众,7,常态,167
69e4b08d000000001d01c1bc,"机器人马拉松参赛选手“进化速度这一块”

",,379.0,2,69e4d796000000001401b00a,69e4d606000000001401e01b,61b8b9ec000000002102340e,穿衣服那个是因为接下去还有演唱会的行程 这几天也一直都在演唱会上跳舞,2026.04.19,辽宁,13.0,,34,混合|观众,混合,观众,9,,167
69e4b08d000000001d01c1bc,"机器人马拉松参赛选手“进化速度这一块”

",,379.0,2,69e4ec20000000001401b82e,69e4d08e000000001401a422,5b84c29672dd1900019f19a0,那是张杰演唱会的机器人 估计输入程序主要就是饭撒哈哈哈哈,2026.04.19,四川,7.0,,28,混合|观众,混合,观众,7,,167
69e4b08d000000001d01c1bc,"机器人马拉松参赛选手“进化速度这一块”

",,379.0,1,69e4e053000000001401c416,,5ee0559d00000000010071c5,那个饭撒的是在张杰演唱会上的机器人[笑哭R],2026.04.19,山东,4.0,0.0,22,混合|观众,混合,观众,3,,167
69e429b4000000001b00037a,"张杰演唱会机器人来参加半马了？？

",,2026.0,2,69e4300d000000001401a80a,69e42d4e000000001401b006,68199c1a000000000d009ed5,不是 演唱会有张杰的zj标,2026.04.19,北京,4.0,,13,常态|观众,常态,观众,3,常态,167
69e4b08d000000001d01c1bc,"机器人马拉松参赛选手“进化速度这一块”

",,379.0,1,69e4cb450000000014018c30,,5cbdf8b50000000011033acb,张杰演唱会的伴舞[笑哭R],2026.04.19,天津,3.0,0.0,13,混合|观众,混合,观众,3,,167
69e429b4000000001b00037a,"张杰演唱会机器人来参加半马了？？

",,2026.0,1,69e446b0000000001401e800,,5aa3249e4eacab589b885697,演唱会戒断反应哈哈哈哈哈,2026.04.19,陕西,1.0,0.0,12,常态|观众,常态,观众,3,常态,167
69e47f8f000000001f007203,"2026年机器人马拉松状态，五年后再看🤣

",,5834.0,2,69e854f6000000001401cc2c,69e5c381000000001401c81d,5bfc1b762522590001f36280,那个白衣服蓝裤子他们说是张杰演唱会上下来的,2026.04.22,新疆,1.0,,21,混合|观众,混合,观众,5,,167
69e429b4000000001b00037a,"张杰演唱会机器人来参加半马了？？

",,2026.0,2,69e488ee0000000014019c12,69e447a4000000001401c801,62c4fb1c000000001b028366,哈哈哈哈哈受不了了 我那天还看到一个演唱会躺地上的机器人,2026.04.19,北京,1.0,,28,常态|观众,常态,观众,5,常态,167
69e429b4000000001b00037a,"张杰演唱会机器人来参加半马了？？

",,2026.0,2,69e46760000000001401ac0f,69e437270000000014019410,5e3a90670000000001003f6b,怎么评论还火了，替哥们挽尊一下[doge]杰哥演唱会人家走得可飒了[完啦R],2026.04.19,北京,1.0,,38,常态|观众,常态,观众,9,常态,167
69e47f8f000000001f007203,"2026年机器人马拉松状态，五年后再看🤣

",,5834.0,1,69e726d6000000001401d41b,,6551ca0b000000000802f3d1,这个蓝裤子的咋感觉在张杰演唱会上见过[扯脸H],2026.04.21,浙江,0.0,0.0,23,混合|观众,混合,观众,4,,167
69e47f8f000000001f007203,"2026年机器人马拉松状态，五年后再看🤣

",,5834.0,1,69e5c1eb000000001401d407,,632fdc67000000002303f89d,白天上班，晚上还的给杰哥蹦迪，我不行了,2026.04.20,北京,0.0,0.0,19,混合|观众,混合,观众,6,,167
69e47f8f000000001f007203,"2026年机器人马拉松状态，五年后再看🤣

",,5834.0,1,69e57620000000001401d817,,599d563982ec3976baf73373,哈哈，这我杰哥演唱会上的机器人，好家伙这机器人一天打两份工！！,2026.04.20,福建,0.0,0.0,31,混合|观众,混合,观众,7,,167
69e47f8f000000001f007203,"2026年机器人马拉松状态，五年后再看🤣

",,5834.0,1,69e57032000000001401a000,,59e84f8d11be10521f0bc1e0,大张伟 071,2026.04.20,河南,0.0,0.0,7,混合|观众,混合,观众,2,,167
69e47f8f000000001f007203,"2026年机器人马拉松状态，五年后再看🤣

",,5834.0,1,69e560bf0000000014019c06,,5758c03d50c4b421d8c8e39d,张杰的机器人！！！,2026.04.20,北京,0.0,0.0,9,混合|观众,混合,观众,2,,167
69e429b4000000001b00037a,"张杰演唱会机器人来参加半马了？？

",,2026.0,1,69e45222000000001401d40b,,566b3696a40e1866fc17e295,晚上还得去参加演唱会吗[笑哭R],2026.04.19,山东,0.0,0.0,16,常态|观众,常态,观众,3,常态,167
69e429b4000000001b00037a,"张杰演唱会机器人来参加半马了？？

",,2026.0,1,69e44bd4000000001401941d,,5fa96715000000000100312a,084 晚上还要参加张杰演唱会呢[萌萌哒R],2026.04.19,四川,0.0,0.0,22,常态|观众,常态,观众,6,常态,167
69e429b4000000001b00037a,"张杰演唱会机器人来参加半马了？？

",,2026.0,1,69e44766000000001401c02d,,5ea3de280000000001000c59,没错，是张杰鸟巢同款！晚上跳舞，白天加班发撒是吧！但不是宇树的，北京天九，专做表演的[偷笑R][偷笑R][偷笑R],2026.04.19,江苏,0.0,0.0,57,常态|观众,常态,观众,14,常态,167
69e429b4000000001b00037a,"张杰演唱会机器人来参加半马了？？

",,2026.0,1,69e446ba000000001401d807,,5a5f4ac14eacab290256a1e3,是你们吗？ 你不对劲 你应该去演唱会逆战蹦迪去,2026.04.19,北京,0.0,0.0,23,常态|观众,常态,观众,4,常态,167
69e47f8f000000001f007203,"2026年机器人马拉松状态，五年后再看🤣

",,5834.0,2,69e712a50000000014018c01,69e5ab44000000001401b81b,5cfc53b8000000001700c782,张杰演唱会的机器人哈哈哈哈,2026.04.21,广西,0.0,,13,混合|观众,混合,观众,3,,167
69e47f8f000000001f007203,"2026年机器人马拉松状态，五年后再看🤣

",,5834.0,2,69e88feb000000001401c816,69e88fb4000000001401b821,5f2c3dbc0000000001007c42,那个蓝白衣服的是杰哥演唱会上面的人[doge]白天跑马拉松，晚上在演唱会上伴舞,2026.04.22,河南,0.0,,39,混合|观众,混合,观众,11,,167
69e429b4000000001b00037a,"张杰演唱会机器人来参加半马了？？

",,2026.0,2,69e46625000000001401e42a,69e42d4e000000001401b006,62eb3c0d000000001e01f38a,工程师竟然也叫 张杰[笑哭R][笑哭R],2026.04.19,河南,0.0,,20,常态|观众,常态,观众,3,常态,167
69e429b4000000001b00037a,"张杰演唱会机器人来参加半马了？？

",,2026.0,2,69e447520000000014019027,69e447380000000014018c19,5c1f21f4000000000501b6d2,就是杰哥演唱会上的娃[捂脸R],2026.04.19,湖南,0.0,,15,常态|观众,常态,观众,2,常态,167
69e47f8f000000001f007203,"2026年机器人马拉松状态，五年后再看🤣

",,5834.0,1,69e5ce52000000001401ac0a,,596c231f82ec3937cf6079bf,家里没有老人的，可以买一款这个回去照顾哈哈哈,2026.04.20,河南,842.0,29.0,22,混合|观众,混合,观众,5,,168
69e44171000000001a026b25,"机器人马拉松比赛摔倒丝滑起身帅炸了🔥🔥

",9971.0,613.0,2,69e46fe1000000001401e013,69e44a1b0000000014019422,5e63559c0000000001004c84,嫌家里不够乱的可以买一个回去添乱,2026.04.19,广西,341.0,,16,混合|观众,混合,观众,4,,168
69e42cc100000000220001ad,"机器人马拉松倒数第一名，萌翻了🤣🤣🤣

",,8501.0,1,69e50bf2000000001401e80c,,6693d685000000000f037798,我觉得这款萌萌哒，可以推出陪伴老年人的,2026.04.20,比利时,4.0,0.0,19,弱势|观众,弱势,观众,5,弱势,168
69e6f2bc0000000023005345,"🍼机器人第一视角，好多人呀

",,687.0,2,69e7b093000000001401d807,69e73b0c000000001401e020,60e09d110000000001006dfb,可以有陪伴老人的功能吗？比如说提醒耳背老人关火，检测老人是否摔倒是否发生意外等等，如果有的话那对独居老人来说就太好了,2026.04.22,美国,3.0,,58,弱势|观众,弱势,观众,20,弱势,168
69e42cc100000000220001ad,"机器人马拉松倒数第一名，萌翻了🤣🤣🤣

",,8501.0,1,69e4f8bd000000001401d813,,5e19fc350000000001008839,这玩意儿买给催生的父母的正好[捂脸R],2026.04.19,北京,1.0,0.0,19,弱势|观众,弱势,观众,5,弱势,168
69e47f8f000000001f007203,"2026年机器人马拉松状态，五年后再看🤣

",,5834.0,2,69e751b40000000014019c1d,69e5ce52000000001401ac0a,559f711062a60c6348b75d3b,家里爸妈以前对你不好的，买一个回去让他们受罪[doge],2026.04.21,上海,1.0,,28,混合|观众,混合,观众,6,,168
69e48b0b000000001a02578c,"北京马拉松机器人中暑了🥵

",3334.0,467.0,2,69eac3840000000014013400,69eaa761000000001401a806,5c9cc0d6000000001202961b,嫌自己家里不够乱的可以买一个回去添乱,2026.04.24,浙江,1.0,,18,失败|服务者,失败,服务者,4,失败,168
69e2583b00000000230211ea,"

",,2406.0,1,69e4408d0000000014019016,,644dcc6f00000000120351a2,家里没有老人的可以买一个回去伺候,2026.04.19,浙江,0.0,0.0,16,失败|抢救者,失败,抢救者,4,失败,168
69e2583b00000000230211ea,"

",,2406.0,1,69e302f6000000001401b028,,5b6b05e9e655f10001d90add,家里不够乱的，买一个添乱吧,2026.04.18,福建,0.0,0.0,13,失败|抢救者,失败,抢救者,3,失败,168
69da7e87000000001a03484e,"今晚的亦庄机器人马拉松测试

",,8169.0,1,69db169600000000020355ef,,6010e3640000000001003169,买一个让他送外卖，我在家睡大觉,2026.04.12,江苏,0.0,0.0,15,强势|观众,强势,观众,3,强势成功,168
69e47f8f000000001f007203,"2026年机器人马拉松状态，五年后再看🤣

",,5834.0,1,69e578ec000000001401dc18,,5dca5ef80000000001008d9f,家里没老人的可以搞一台回去,2026.04.20,北京,0.0,0.0,13,混合|观众,混合,观众,4,,168
69e6f2bc0000000023005345,"🍼机器人第一视角，好多人呀

",,687.0,1,69e754e7000000001401e407,,5837ee4134609478932f6edf,不想生孩子可以买宝宝当孩子,2026.04.21,山西,0.0,0.0,13,弱势|观众,弱势,观众,4,弱势,168
69e481e8000000002003ad94,"

",,,1,69e612e0000000001401881b,,62a7ca1f000000001b02a66a,富婆哟，还能局部清理,2026.04.20,河南,0.0,0.0,10,强势|服务者,强势,服务者,3,强势成功,168
69e481e8000000002003ad94,"

",,,1,69e4e1d40000000014019c39,,5c99f9c8000000001602060c,家里没有老人的，可以买一个回去照顾。[笑哭R],2026.04.19,广东,0.0,0.0,23,强势|服务者,强势,服务者,4,强势成功,168
69e481e8000000002003ad94,"

",,,1,69e68e92000000001401ac00,,615fa6f8000000000202481d,买个祖宗,2026.04.21,美国,0.0,0.0,4,强势|服务者,强势,服务者,2,强势成功,168
69e40352000000002102fc75,"机器人马拉松现场第一视角看全部队伍

",,1160.0,1,69e4c3cc000000001401c00f,,5779207b7fc5b8178e81cc5e,攒钱买一个给自己养老送终，这不比小孩强[偷笑R],2026.04.19,广东,0.0,0.0,24,常态|服务者,常态,服务者,4,常态,168
69e4551e000000001f005895,"荣耀机器人赢麻了🤖我觉得它表情在嘲讽我

",,816.0,2,69e70e64000000001401a409,69e4848e000000001401cc2f,5b27c26ae8ac2b73ae875892,可以买狗型的，已经很成熟了,2026.04.21,广东,0.0,,13,强势|被超越者,强势,被超越者,2,强势成功,168
69e4426b000000001d01c7ed,"一个大的一个小的一个废的

",,7334.0,2,69e4ffc9000000001401bc02,69e4ab9d0000000014019831,6129fccb0000000001004d23,买一个回家照顾吧,2026.04.20,广东,0.0,,8,混合|观众,混合,观众,2,,168
69db34bb000000001a0348ae,"机器人抢救现场

",4896.0,1198.0,2,69dcacc8000000000d03499a,69dc9ffc000000000c030842,5a769a1b4eacab1172cd4154,家里不够乱的可以买一个回去添乱了[捂脸R],2026.04.13,北京,0.0,,21,失败|抢救者,失败,抢救者,4,失败,168
69e47f8f000000001f007203,"2026年机器人马拉松状态，五年后再看🤣

",,5834.0,2,69e5f8f7000000001401bc21,69e5d6ae0000000014019026,5fa8f3c700000000010044b0,家里没老人的可以买一个回去照顾[偷笑R][偷笑R],2026.04.20,安徽,0.0,,25,混合|观众,混合,观众,4,,168
69e481e8000000002003ad94,"

",,,2,69e88918000000001401c822,69e490ae000000001401d42a,67107579000000001d0306a2,你连媳妇都不要娶了，买几款充气娃娃用就行了,2026.04.22,广西,0.0,,21,强势|服务者,强势,服务者,6,强势成功,168
69e40352000000002102fc75,"机器人马拉松现场第一视角看全部队伍

",,1160.0,2,69e4dca8000000001401b815,69e42201000000001401940b,5cfa5053000000000500fe5e,不做中餐能做白人饭也行啊,2026.04.19,黑龙江,0.0,,12,常态|服务者,常态,服务者,2,常态,168
69e48b0b000000001a02578c,"北京马拉松机器人中暑了🥵

",3334.0,467.0,2,69f4cc22000000002900dc26,69ef2e5b000000002902cd01,5a2822b3e8ac2b27d3ecd1b9,家里没有老人的可以养一个,2026.05.01,河北,0.0,,12,失败|服务者,失败,服务者,2,失败,168
69e48341000000001a02d0c4,"机器人马拉松，我们看乐了，西方人看破防了🤣

",3931.0,1022.0,2,69e5fca4000000001401e40d,69e4e615000000001401a40c,599faf925e87e73600cc4ded,那两个小的，买两个给你们催二胎的爸妈,2026.04.20,江苏,0.0,,18,强势|观众,强势,观众,4,强势成功,168
69e48341000000001a02d0c4,"机器人马拉松，我们看乐了，西方人看破防了🤣

",3931.0,1022.0,2,69e4e99d000000001401b811,69e4a930000000001401a020,60eeb5a10000000001006b37,恰恰相反，我倒希望等老了女儿给买一个[捂脸R],2026.04.19,北京,0.0,,23,强势|观众,强势,观众,3,强势成功,168
69e48341000000001a02d0c4,"机器人马拉松，我们看乐了，西方人看破防了🤣

",3931.0,1022.0,2,69e57fa50000000014019419,69e4a930000000001401a020,58dc62ff50c4b434f2323098,你这么说我可期待上了，本来还发愁两个儿子可怎么办[笑哭R],2026.04.20,浙江,0.0,,29,强势|观众,强势,观众,6,强势成功,168
69e44171000000001a026b25,"机器人马拉松比赛摔倒丝滑起身帅炸了🔥🔥

",9971.0,613.0,2,69e46350000000001401c00d,69e45ec9000000001401d41a,66a4ac98000000001d02208f,是真胯宽，假不了一点[嘻嘻R],2026.04.19,江苏,1127.0,,15,混合|观众,混合,观众,2,,169
69e4551e000000001f005895,"荣耀机器人赢麻了🤖我觉得它表情在嘲讽我

",,816.0,1,69e4faa3000000001401ac17,,5cdbba5a0000000005034547,他这个腰部扭转的设计非常厉害,2026.04.19,英国,44.0,0.0,14,强势|被超越者,强势,被超越者,5,强势成功,169
69e43b14000000001a02e095,"好萌的小黑仔跑马拉松

",,2760.0,2,69e47a560000000014018004,69e46c98000000001401a80d,5aa763154eacab62a3dd8751,冷却剂之类，前面那些跑的快的大个子都是胯骨自带液冷系统散热的，这个关节这么小一看就散热不好[笑哭R],2026.04.19,北京,22.0,,50,弱势|服务者,弱势,服务者,15,弱势,169
69e44171000000001a026b25,"机器人马拉松比赛摔倒丝滑起身帅炸了🔥🔥

",9971.0,613.0,1,69e474ba000000001401ac21,,5fc23b6e0000000001006208,起身之后顶胯的那一下太得瑟了[黄金薯R],2026.04.19,山西,20.0,1.0,20,混合|观众,混合,观众,4,,169
69df625d0000000021005c63,"“扶我起来，我还能再跑10公里”

",,9992.0,2,69df98f0000000000202a445,69df9857000000001500a9c9,586de98550c4b460f19a5c06,这个胯扭得不错,2026.04.15,重庆,4.0,,7,失败|观众,失败,观众,2,失败,169
69e44171000000001a026b25,"机器人马拉松比赛摔倒丝滑起身帅炸了🔥🔥

",9971.0,613.0,1,69e4ab0c000000001401dc31,,568e3de7b8c8b47e28bef460,扭着个大胯就走起来了,2026.04.19,江苏,1.0,0.0,10,混合|观众,混合,观众,2,,169
69e44171000000001a026b25,"机器人马拉松比赛摔倒丝滑起身帅炸了🔥🔥

",9971.0,613.0,1,69e45e8f0000000014019411,,59280d0b5e87e75360bd70c7,他站起来后还扭了下屁股,2026.04.19,北京,1.0,0.0,11,混合|观众,混合,观众,2,,169
69e44171000000001a026b25,"机器人马拉松比赛摔倒丝滑起身帅炸了🔥🔥

",9971.0,613.0,1,69e44ab5000000001401bc06,,61e385760000000010009de0,它起身后是不是还扭了下屁股？[黑薯问号R],2026.04.19,湖北,1.0,0.0,21,混合|观众,混合,观众,3,,169
69e2583b00000000230211ea,"

",,2406.0,1,69e96745000000001401c404,,6426e597000000000b02bc52,这是胯关节和髌骨没有注入玻璃酸钠,2026.04.23,陕西,0.0,0.0,16,失败|抢救者,失败,抢救者,5,失败,169
69da7e87000000001a03484e,"今晚的亦庄机器人马拉松测试

",,8169.0,1,69db4131000000003502edb8,,5f42884f0000000001007df0,送胯，送胯，要教几遍,2026.04.12,上海,0.0,0.0,10,强势|观众,强势,观众,2,强势成功,169
69da7e87000000001a03484e,"今晚的亦庄机器人马拉松测试

",,8169.0,1,69db0cb00000000016014cff,,5fde4c540000000001008823,没开胯，开龙脊也没开,2026.04.12,天津,0.0,0.0,10,强势|观众,强势,观众,3,强势成功,169
69da7e87000000001a03484e,"今晚的亦庄机器人马拉松测试

",,8169.0,1,69daf5de000000000103eb2c,,65f54b12000000000500bb2b,没用胯部发力,2026.04.12,北京,0.0,0.0,6,强势|观众,强势,观众,3,强势成功,169
69e47f8f000000001f007203,"2026年机器人马拉松状态，五年后再看🤣

",,5834.0,1,69f19d340000000027029387,,5de7248b000000000100bf23,这个扭胯想起了大张伟和张雨绮那个[捂脸R][捂脸R],2026.04.29,河北,0.0,0.0,26,混合|观众,混合,观众,3,,169
69e47f8f000000001f007203,"2026年机器人马拉松状态，五年后再看🤣

",,5834.0,1,69e88fad000000001401e40a,,5fc1f58900000000010041a7,使用胯部发力走路,2026.04.22,河北,0.0,0.0,8,混合|观众,混合,观众,4,,169
69e481e8000000002003ad94,"

",,,1,69e49a6f000000001401d400,,5b4a1d2c4eacab5da65c5568,果然阻碍发展的关节轴承,2026.04.19,北京,0.0,0.0,11,强势|服务者,强势,服务者,4,强势成功,169
69e481e8000000002003ad94,"

",,,1,69e5e298000000001401bc35,,60307ac8000000000100698c,胯胯轴子保养的很到位啊,2026.04.20,广东,0.0,0.0,11,强势|服务者,强势,服务者,3,强势成功,169
69df625d0000000021005c63,"“扶我起来，我还能再跑10公里”

",,9992.0,1,69dfa8af0000000035018785,,56d6b65f84edcd4163b744bd,看款式也有宇树啊，那大胯轴子也跑不动吗？,2026.04.15,北京,0.0,0.0,20,失败|观众,失败,观众,5,失败,169
69df625d0000000021005c63,"“扶我起来，我还能再跑10公里”

",,9992.0,1,69df9623000000003501054e,,5fbe17940000000001005e1e,关节设备的疲劳,2026.04.15,上海,0.0,0.0,7,失败|观众,失败,观众,3,失败,169
69e43b14000000001a02e095,"好萌的小黑仔跑马拉松

",,2760.0,1,69e481af000000001401cc31,,67bafc68000000001b036e1a,这个部位好离谱,2026.04.19,山东,0.0,0.0,7,弱势|服务者,弱势,服务者,2,弱势,169
69e44171000000001a026b25,"机器人马拉松比赛摔倒丝滑起身帅炸了🔥🔥

",9971.0,613.0,1,69e79112000000001401bc18,,5e957fed000000000100a4c0,这屁股一扭一扭的[doge],2026.04.21,山东,0.0,0.0,14,混合|观众,混合,观众,3,,169
69e44171000000001a026b25,"机器人马拉松比赛摔倒丝滑起身帅炸了🔥🔥

",9971.0,613.0,1,69e4d38d000000001401a017,,69a052c40000000021007a25,就这么扭着屁股走了[doge],2026.04.19,河北,0.0,0.0,15,混合|观众,混合,观众,2,,169
69e44171000000001a026b25,"机器人马拉松比赛摔倒丝滑起身帅炸了🔥🔥

",9971.0,613.0,1,69e49b17000000001401e825,,5ad553e7e8ac2b3030615a53,好开的胯！开那一下真的羡慕了。,2026.04.19,甘肃,0.0,0.0,15,混合|观众,混合,观众,4,,169
69e44171000000001a026b25,"机器人马拉松比赛摔倒丝滑起身帅炸了🔥🔥

",9971.0,613.0,1,69e45320000000001401d82e,,650e47f00000000016038496,起来之后胯还扭了几下,2026.04.19,北京,0.0,0.0,10,混合|观众,混合,观众,3,,169
69e463df000000001b003017,"

",3270.0,219.0,1,69e8c478000000001401a80d,,5ddd12d00000000001001d80,胯部电机这么大,2026.04.22,广西,0.0,0.0,7,强势|服务者,强势,服务者,2,强势成功,169
69e2583b00000000230211ea,"

",,2406.0,2,69e595bc000000001401e014,69e2f2e9000000001401b801,61abef4b000000001000a1eb,这个关节扭力太大了,2026.04.20,安徽,0.0,,9,失败|抢救者,失败,抢救者,3,失败,169
69e47f8f000000001f007203,"2026年机器人马拉松状态，五年后再看🤣

",,5834.0,2,69e75eab000000001401a029,69e75658000000001401c017,5adf16e84eacab2af52100b1,居然还会扭胯,2026.04.21,四川,0.0,,6,混合|观众,混合,观众,2,,169
69e46032000000001f002048,"看着你们累倒在地上我很心疼，恨不得替你们

",,5680.0,1,69e975d4000000001401880f,,5ad1c4bde8ac2b0584862517,点赞了，未来请饶命[赞R],2026.04.23,北京,3.0,0.0,13,常态|保护者,常态,保护者,3,常态,170
69e47f8f000000001f007203,"2026年机器人马拉松状态，五年后再看🤣

",,5834.0,1,69e591ec000000001401e021,,5b5eb9d511be103346ca25b6,刚刚3000多点赞，现在五千多了[doge],2026.04.20,广东,1.0,1.0,22,混合|观众,混合,观众,4,,170
69e46032000000001f002048,"看着你们累倒在地上我很心疼，恨不得替你们

",,5680.0,1,69e980ba000000001401bc20,,5fd582fb000000000101e766,严肃评论,2026.04.23,四川,1.0,0.0,4,常态|保护者,常态,保护者,2,常态,170
69e46032000000001f002048,"看着你们累倒在地上我很心疼，恨不得替你们

",,5680.0,1,69e975d80000000014019800,,59a6b3436a6a690ab9689c78,严肃支持,2026.04.23,上海,1.0,0.0,4,常态|保护者,常态,保护者,2,常态,170
69e46032000000001f002048,"看着你们累倒在地上我很心疼，恨不得替你们

",,5680.0,2,69e9d1dd000000001401c01c,69e9732e000000001401e422,6038f404000000000101f982,严肃学习,2026.04.23,辽宁,1.0,,4,常态|保护者,常态,保护者,2,常态,170
69e46032000000001f002048,"看着你们累倒在地上我很心疼，恨不得替你们

",,5680.0,2,69e98d570000000014013801,69e900f90000000014019c00,5b1d16cb4eacab0c5e28579e,我们三人在本评论下出现，表明我们完全支持,2026.04.23,北京,1.0,,20,常态|保护者,常态,保护者,6,常态,170
69e46032000000001f002048,"看着你们累倒在地上我很心疼，恨不得替你们

",,5680.0,2,69e998e6000000001401e02c,69e99728000000001401a80c,65faf41f000000000b00f321,已严肃成为降临派,2026.04.23,北京,1.0,,8,常态|保护者,常态,保护者,3,常态,170
69e6f2bc0000000023005345,"🍼机器人第一视角，好多人呀

",,687.0,1,69eafe280000000014019021,,69afa03e000000003401815e,互关互赞,2026.04.24,江西,0.0,0.0,4,弱势|观众,弱势,观众,2,弱势,170
69e40352000000002102fc75,"机器人马拉松现场第一视角看全部队伍

",,1160.0,1,69e42581000000001401d81a,,6483ec350000000010036fd6,点赞这么多，你可以向官方领奖了，有设奖的,2026.04.19,北京,0.0,0.0,20,常态|服务者,常态,服务者,4,常态,170
69e634590000000022003bb5,"每个马拉松机器人，都有自己的热血故事。

",,824.0,1,69e792960000000014019c0e,,5bffe65b0000000005001354,哇，好棒👍点赞👍,2026.04.21,四川,0.0,0.0,8,常态|观众,常态,观众,2,常态,170
69e46032000000001f002048,"看着你们累倒在地上我很心疼，恨不得替你们

",,5680.0,1,69e97db90000000014018003,,5d0d1d700000000010011572,严肃支持！,2026.04.23,河南,0.0,0.0,5,常态|保护者,常态,保护者,2,常态,170
69e46032000000001f002048,"看着你们累倒在地上我很心疼，恨不得替你们

",,5680.0,1,69e97ab0000000001401a411,,5f361429000000000101c0dc,已严肃支持,2026.04.23,四川,0.0,0.0,5,常态|保护者,常态,保护者,2,常态,170
69e46032000000001f002048,"看着你们累倒在地上我很心疼，恨不得替你们

",,5680.0,1,69e9aa8f000000001401e003,,5e6334e80000000001004360,严肃地评论 的地得能不能别用错啊,2026.04.23,广东,0.0,0.0,16,常态|保护者,常态,保护者,3,常态,170
69e48d54000000002102e178,"😭亦庄机器人半马最感人一幕

",,1589.0,2,69e5e191000000001401c805,69e4e394000000001401bc31,5afc3b8e11be10720276e661,都走了，又回来给你点个赞,2026.04.20,广东,0.0,,12,弱势|保护者,弱势,保护者,2,弱势,170
69e463df000000001b003017,"

",3270.0,219.0,2,69e886c1000000001401ac1e,69e4f0db000000002b002b1e,5ddb501e0000000001006df8,尊敬的各位领导……,2026.04.22,四川,0.0,,9,强势|服务者,强势,服务者,3,强势成功,170
69e46032000000001f002048,"看着你们累倒在地上我很心疼，恨不得替你们

",,5680.0,2,69e97b27000000001401c006,69e900f90000000014019c00,5e736529000000000100b8c6,严肃评论！,2026.04.23,重庆,0.0,,5,常态|保护者,常态,保护者,2,常态,170
69e46032000000001f002048,"看着你们累倒在地上我很心疼，恨不得替你们

",,5680.0,2,69e9824c000000001401dc05,69e900f90000000014019c00,5eb5419e0000000001000b6b,严肃点赞👍,2026.04.23,中国澳门,0.0,,5,常态|保护者,常态,保护者,2,常态,170
69e46032000000001f002048,"看着你们累倒在地上我很心疼，恨不得替你们

",,5680.0,2,69e98695000000001401ac0e,69e900f90000000014019c00,63da371c0000000026012080,严肃支持[玫瑰R],2026.04.23,上海,0.0,,9,常态|保护者,常态,保护者,2,常态,170
69e46032000000001f002048,"看着你们累倒在地上我很心疼，恨不得替你们

",,5680.0,2,69e992520000000014019c12,69e900f90000000014019c00,5c4fd0570000000018029961,完全支持[哭惹R][哭惹R],2026.04.23,北京,0.0,,14,常态|保护者,常态,保护者,2,常态,170
69e46032000000001f002048,"看着你们累倒在地上我很心疼，恨不得替你们

",,5680.0,2,69e99769000000001401ac1b,69e900f90000000014019c00,602ce640000000000100030f,没错没错严肃评论！,2026.04.23,浙江,0.0,,9,常态|保护者,常态,保护者,4,常态,170
69e46032000000001f002048,"看着你们累倒在地上我很心疼，恨不得替你们

",,5680.0,2,69e9ff71000000001401e007,69e900f90000000014019c00,5e00ca15000000000100aa95,永远敬畏🫡,2026.04.23,四川,0.0,,5,常态|保护者,常态,保护者,2,常态,170
69e46032000000001f002048,"看着你们累倒在地上我很心疼，恨不得替你们

",,5680.0,2,69e9b210000000001401a41f,69e9a34d000000001401bc1e,5b365b96e8ac2b188591ee17,严肃跟随,2026.04.23,浙江,0.0,,4,常态|保护者,常态,保护者,2,常态,170
69e46032000000001f002048,"看着你们累倒在地上我很心疼，恨不得替你们

",,5680.0,2,69e986ee0000000014018805,69e467af000000001401bc03,5e49401800000000010036a5,我可是拥护的,2026.04.23,安徽,0.0,,6,常态|保护者,常态,保护者,2,常态,170
69e46032000000001f002048,"看着你们累倒在地上我很心疼，恨不得替你们

",,5680.0,2,69e9ad6f000000001401c80d,69e9a93c000000001401c827,64b7ed97000000001403f72f,严肃同意,2026.04.23,北京,0.0,,4,常态|保护者,常态,保护者,2,常态,170
69e46032000000001f002048,"看着你们累倒在地上我很心疼，恨不得替你们

",,5680.0,2,69e9e0f8000000001401c803,69e9a48d0000000014019013,58c608ec6a6a6902770c850a,永远拥护！,2026.04.23,山东,0.0,,5,常态|保护者,常态,保护者,2,常态,170
69e463df000000001b003017,"

",3270.0,219.0,1,69e5c9910000000014019008,,5917304c5e87e7363dd7b330,闪电的工程师抱着电脑追得上它吗？,2026.04.20,北京,5.0,3.0,16,强势|服务者,强势,服务者,4,强势成功,171
69e40352000000002102fc75,"机器人马拉松现场第一视角看全部队伍

",,1160.0,1,69e4493b000000001401cc00,,60c0371a0000000001000476,拿个电脑在后面追，这和玩具有什么区别,2026.04.19,四川,4.0,14.0,18,常态|服务者,常态,服务者,5,常态,171
69e447d2000000001d01aa01,"当算法有了腿，程序员万万没想到……

",,2912.0,1,69e484b2000000001401dc32,,607c0609000000000101e0ce,后面应该跟应该拿笔记本的机器人[笑哭R],2026.04.19,澳大利亚,1.0,0.0,20,强势|服务者,强势,服务者,3,强势成功,171
69e447d2000000001d01aa01,"当算法有了腿，程序员万万没想到……

",,2912.0,1,69e46e4d0000000014019419,,672eebf8000000001d02c554,笔记本老重了提着都费劲[笑哭R],2026.04.19,湖南,1.0,0.0,16,强势|服务者,强势,服务者,4,强势成功,171
69e447d2000000001d01aa01,"当算法有了腿，程序员万万没想到……

",,2912.0,1,69e457c2000000001401b823,,5c91fb8f000000001001b0ab,这种得一个负责骑车，带着拿电脑的,2026.04.19,江西,1.0,0.0,16,强势|服务者,强势,服务者,3,强势成功,171
69e447d2000000001d01aa01,"当算法有了腿，程序员万万没想到……

",,2912.0,1,69e45129000000001401a014,,5d02efad0000000012028520,你能不能骑个电动车 再拉一个抱笔记本,2026.04.19,福建,1.0,0.0,18,强势|服务者,强势,服务者,3,强势成功,171
69e447d2000000001d01aa01,"当算法有了腿，程序员万万没想到……

",,2912.0,2,69e461930000000014019408,69e46144000000001401e00d,5c0c1da9000000000502465b,我刚也在想，有没有笔记本电脑挂脖支架,2026.04.19,新疆,1.0,,18,强势|服务者,强势,服务者,4,强势成功,171
69e48341000000001a02d0c4,"机器人马拉松，我们看乐了，西方人看破防了🤣

",3931.0,1022.0,2,69e4978e000000001401880c,69e489840000000014019829,634e567e0000000018029c88,点开首页，看到macbook，意满离[扯脸H],2026.04.19,甘肃,1.0,,23,强势|观众,强势,观众,4,强势成功,171
69e447d2000000001d01aa01,"当算法有了腿，程序员万万没想到……

",,2912.0,1,69e4a08e000000001401901b,,5ed5bddc000000000100448f,为啥不搞个小电车儿童那种跟着，还能平稳操作电脑不好吗[捂脸R],2026.04.19,四川,0.0,0.0,31,强势|服务者,强势,服务者,7,强势成功,171
69e447d2000000001d01aa01,"当算法有了腿，程序员万万没想到……

",,2912.0,1,69e49f410000000014019c0e,,614a99080000000002023e89,笔记本不轻,2026.04.19,广东,0.0,0.0,5,强势|服务者,强势,服务者,2,强势成功,171
69e447d2000000001d01aa01,"当算法有了腿，程序员万万没想到……

",,2912.0,1,69e47468000000001401c80b,,618d2533000000001000a637,牛马在追牛马的替代品，拿着笔记本,2026.04.19,四川,0.0,0.0,16,强势|服务者,强势,服务者,4,强势成功,171
69e447d2000000001d01aa01,"当算法有了腿，程序员万万没想到……

",,2912.0,1,69e4708d0000000014019c17,,67ee7f0f00000000070005ba,离开笔记本跑不了了,2026.04.19,河南,0.0,0.0,9,强势|服务者,强势,服务者,3,强势成功,171
69e447d2000000001d01aa01,"当算法有了腿，程序员万万没想到……

",,2912.0,1,69e46f70000000001401d831,,64d181d1000000000b005700,抱着笔记本有点不太方便，应该拿个遥控器，就像我儿子那个遥控车似的，这机器人真牛,2026.04.19,北京,0.0,0.0,39,强势|服务者,强势,服务者,10,强势成功,171
69e447d2000000001d01aa01,"当算法有了腿，程序员万万没想到……

",,2912.0,1,69e4625b000000001401c81b,,5abeec4711be10425ed9ecc0,抱thinkpad的那个好命苦的感觉,2026.04.19,广东,0.0,0.0,18,强势|服务者,强势,服务者,2,强势成功,171
69e463df000000001b003017,"

",3270.0,219.0,1,69e82cad0000000014018808,,5dae3ba6000000000100a783,后面那戴眼镜就是手捧电脑追那哥们吗,2026.04.22,广东,0.0,0.0,17,强势|服务者,强势,服务者,4,强势成功,171
69e447d2000000001d01aa01,"当算法有了腿，程序员万万没想到……

",,2912.0,2,69e46252000000001401e810,69e44a84000000001401b822,692d0280000000003202b8d0,你开车玩电脑吗 [笑哭R],2026.04.19,广东,0.0,,13,强势|服务者,强势,服务者,2,强势成功,171
69e447d2000000001d01aa01,"当算法有了腿，程序员万万没想到……

",,2912.0,2,69e48c9a000000001401c417,69e45575000000001401e004,5f522108000000000101e94d,那就抱不了笔记本电脑了,2026.04.19,福建,0.0,,11,强势|服务者,强势,服务者,2,强势成功,171
69e447d2000000001d01aa01,"当算法有了腿，程序员万万没想到……

",,2912.0,2,69e4968c000000001401dc47,69e45575000000001401e004,59fc487de8ac2b690ef447f4,自行车操作不了电脑,2026.04.19,北京,0.0,,9,强势|服务者,强势,服务者,4,强势成功,171
69e447d2000000001d01aa01,"当算法有了腿，程序员万万没想到……

",,2912.0,2,69e4b4a20000000014019817,69e45575000000001401e004,5b25c774f7e8b93fe4810794,那电脑就没法拿了嘛[笑哭R],2026.04.19,云南,0.0,,14,强势|服务者,强势,服务者,2,强势成功,171
69e447d2000000001d01aa01,"当算法有了腿，程序员万万没想到……

",,2912.0,2,69e5a35b0000000014019820,69e45575000000001401e004,5e3973e70000000001002218,以后自行车必须带电脑托,2026.04.20,北京,0.0,,11,强势|服务者,强势,服务者,3,强势成功,171
69e447d2000000001d01aa01,"当算法有了腿，程序员万万没想到……

",,2912.0,2,69e80d4d000000001401a400,69e45575000000001401e004,54e586e42e1d935fe28515be,您是说……捧着电脑……骑车追？[偷笑R],2026.04.22,上海,0.0,,20,强势|服务者,强势,服务者,2,强势成功,171
69e447d2000000001d01aa01,"当算法有了腿，程序员万万没想到……

",,2912.0,2,69e9946e000000001401a017,69e45575000000001401e004,69e5fdff0000000002000c01,骑车怎么拿笔记本[笑哭R],2026.04.23,江苏,0.0,,13,强势|服务者,强势,服务者,2,强势成功,171
69e447d2000000001d01aa01,"当算法有了腿，程序员万万没想到……

",,2912.0,2,69e57ceb0000000014019007,69e45575000000001401e004,5d607b990000000001006640,骑车怎么端着笔记本电脑？,2026.04.20,湖北,0.0,,12,强势|服务者,强势,服务者,2,强势成功,171
69e447d2000000001d01aa01,"当算法有了腿，程序员万万没想到……

",,2912.0,2,69e56fa40000000014018006,69e45738000000001401e022,6410fb1f000000001401082c,配个司机就行，司机负责开电驴追，程序猿负责拿电脑改程序，哈哈哈,2026.04.20,湖北,0.0,,31,强势|服务者,强势,服务者,10,强势成功,171
69e44278000000001a0217bb,"机器人超过我的瞬间

",6019.0,372.0,2,69e47ec3000000001401a006,69e47b6f000000001401940b,640eef5400000000290130ae,胸前还挂了一个奶嘴[捂脸R][捂脸R],2026.04.19,浙江,50.0,,19,强势|被超越者,强势,被超越者,2,强势成功,172
69e59e520000000022027a90,"花田里犯了错|机器人马拉松正赛搞笑赏析

",,2593.0,2,69e64925000000001401d410,69e5fc55000000001401c02e,5b2906dae8ac2b7ab372e797,胸前是不是还挂着奶嘴？实在太可爱了[偷笑R],2026.04.20,广西,13.0,,22,弱势|观众,弱势,观众,5,弱势,172
69e48341000000001a02d0c4,"机器人马拉松，我们看乐了，西方人看破防了🤣

",3931.0,1022.0,2,69e4f583000000001401a81f,69e4c1aa000000001401b800,69558ff10000000037005d71,胸前还有奶嘴！,2026.04.19,上海,11.0,,7,强势|观众,强势,观众,2,强势成功,172
69e48341000000001a02d0c4,"机器人马拉松，我们看乐了，西方人看破防了🤣

",3931.0,1022.0,2,69e56764000000001401d411,69e55a82000000001401c004,669e33be000000002401e11b,前面还挂了个奶嘴,2026.04.20,广东,10.0,,8,强势|观众,强势,观众,2,强势成功,172
69e43b14000000001a02e095,"好萌的小黑仔跑马拉松

",,2760.0,2,69e44c70000000001401c836,69e445a70000000014019003,5cdec9060000000005002214,脖子上挂着奶嘴，手里捏着奶瓶那个？[偷笑R],2026.04.19,北京,7.0,,22,弱势|服务者,弱势,服务者,4,弱势,172
69e4426b000000001d01c7ed,"一个大的一个小的一个废的

",,7334.0,2,69e46048000000001401c024,69e459f2000000001401bc38,5cdec9060000000005002214,脖子上还挂着奶嘴儿呢[大笑R][偷笑R],2026.04.19,北京,3.0,,20,混合|观众,混合,观众,2,,172
69e42cc100000000220001ad,"机器人马拉松倒数第一名，萌翻了🤣🤣🤣

",,8501.0,1,69e7b42e000000001401dc02,,60ab69aa000000000101da9a,脖子上挂的是不是安抚奶嘴[失望R],2026.04.22,山东,2.0,2.0,17,弱势|观众,弱势,观众,4,弱势,172
69e4426b000000001d01c7ed,"一个大的一个小的一个废的

",,7334.0,2,69e46cc5000000001401941b,69e45492000000001401b835,58f379f86a6a6901ba9270d6,脖子上还挂个奶嘴[捂脸R],2026.04.19,安徽,2.0,,13,混合|观众,混合,观众,2,,172
69e59e520000000022027a90,"花田里犯了错|机器人马拉松正赛搞笑赏析

",,2593.0,2,69e704ac000000001401a015,69e5fc55000000001401c02e,601614520000000001000fcf,脖子还挂安抚奶嘴,2026.04.21,广东,2.0,,8,弱势|观众,弱势,观众,3,弱势,172
69e42cc100000000220001ad,"机器人马拉松倒数第一名，萌翻了🤣🤣🤣

",,8501.0,1,69e506ce000000001401a006,,59db805fde5fb440de5f3807,孩子身上好多线头啊[偷笑R],2026.04.20,广东,0.0,0.0,14,弱势|观众,弱势,观众,4,弱势,172
69e42cc100000000220001ad,"机器人马拉松倒数第一名，萌翻了🤣🤣🤣

",,8501.0,1,69e4fb73000000001401c426,,5bcdba67c41413000188db72,甚至还给它挂了个奶嘴,2026.04.19,黑龙江,0.0,0.0,10,弱势|观众,弱势,观众,3,弱势,172
69e42cc100000000220001ad,"机器人马拉松倒数第一名，萌翻了🤣🤣🤣

",,8501.0,1,69e4760c000000001401b011,,5e5c9e340000000001009331,没满周岁，就出来闭上，这是那个[偷笑R],2026.04.19,天津,0.0,0.0,20,弱势|观众,弱势,观众,3,弱势,172
69e6f2bc0000000023005345,"🍼机器人第一视角，好多人呀

",,687.0,1,69e747190000000014018824,,69707e6a000000003201a3de,它甚至还挂了一个奶嘴儿[笑哭R],2026.04.21,北京,0.0,0.0,16,弱势|观众,弱势,观众,2,弱势,172
69e6f2bc0000000023005345,"🍼机器人第一视角，好多人呀

",,687.0,1,69e742d8000000001401d839,,5c67d58a000000001203ef38,老师，我宝的口水巾呢？拍嗝了吗[doge],2026.04.21,吉林,0.0,0.0,21,弱势|观众,弱势,观众,4,弱势,172
69e4426b000000001d01c7ed,"一个大的一个小的一个废的

",,7334.0,2,69e4aa600000000014019402,69e45af00000000014019407,5c07ef900000000007014c4e,脖子上还挂了个奶嘴[捂脸R][捂脸R][捂脸R],2026.04.19,上海,0.0,,24,混合|观众,混合,观众,2,,172
69e4426b000000001d01c7ed,"一个大的一个小的一个废的

",,7334.0,2,69e47259000000001401c02b,69e459f2000000001401bc38,583197b882ec3977ffe5ed1b,胸前还有个安抚奶嘴呢,2026.04.19,北京,0.0,,10,混合|观众,混合,观众,3,,172
69e4426b000000001d01c7ed,"一个大的一个小的一个废的

",,7334.0,2,69e5b48b000000001401a802,69e459f2000000001401bc38,5bd2e206bafba60001ebfb6b,脖子还挂了安抚奶嘴,2026.04.20,广东,0.0,,9,混合|观众,混合,观众,3,,172
69e4426b000000001d01c7ed,"一个大的一个小的一个废的

",,7334.0,2,69e6118a000000001401c807,69e459f2000000001401bc38,650a983a0000000012005df5,还有奶嘴嘞，胸口那里挂着！,2026.04.20,广东,0.0,,13,混合|观众,混合,观众,3,,172
69e4426b000000001d01c7ed,"一个大的一个小的一个废的

",,7334.0,2,69e4887c000000001401cc18,69e45b400000000014019419,5d90bcea000000000100b1de,脖子上还挂了个奶嘴[笑哭R],2026.04.19,湖南,0.0,,14,混合|观众,混合,观众,2,,172
69e4426b000000001d01c7ed,"一个大的一个小的一个废的

",,7334.0,2,69e4750d000000001401b806,69e45492000000001401b835,5ba502ae0b859b0001758117,甚至脖子上还挂了安抚奶嘴[捂脸R],2026.04.19,山东,0.0,,17,混合|观众,混合,观众,4,,172
69e4426b000000001d01c7ed,"一个大的一个小的一个废的

",,7334.0,2,69e48cc1000000001401bc4d,69e45492000000001401b835,5b1c0b38f7e8b923088d2442,还挂了个安抚奶嘴，笑死,2026.04.19,福建,0.0,,11,混合|观众,混合,观众,2,,172
69e4426b000000001d01c7ed,"一个大的一个小的一个废的

",,7334.0,2,69e49f2e000000001401ac00,69e45492000000001401b835,5f8153cb0000000001000bd4,居然脖子还挂了个奶嘴，这是刚满月就营业了,2026.04.19,广东,0.0,,20,混合|观众,混合,观众,5,,172
69e42cc100000000220001ad,"机器人马拉松倒数第一名，萌翻了🤣🤣🤣

",,8501.0,2,69e70ea4000000001401e800,69e505d8000000001401a409,648ff6df00000000100376de,贫乳也挺可爱,2026.04.21,河北,0.0,,6,弱势|观众,弱势,观众,2,弱势,172
69e59e520000000022027a90,"花田里犯了错|机器人马拉松正赛搞笑赏析

",,2593.0,2,69e70bec0000000014019026,69e5fc55000000001401c02e,64212764000000001001e81f,脖子还挂个奶嘴,2026.04.21,广西,0.0,,7,弱势|观众,弱势,观众,2,弱势,172
69e4426b000000001d01c7ed,"一个大的一个小的一个废的

",,7334.0,1,69e474ac0000000014018c02,,5b87397f92b0ed0001924d1d,我将告诉我妹妹这是新时代版的龟兔赛跑,2026.04.19,山东,1.0,0.0,18,混合|观众,混合,观众,4,,173
69e4426b000000001d01c7ed,"一个大的一个小的一个废的

",,7334.0,1,69e471580000000014018c17,,5d08aaa00000000011037c17,搁这儿龟兔赛跑呢？,2026.04.19,广东,1.0,0.0,9,混合|观众,混合,观众,3,,173
69e4426b000000001d01c7ed,"一个大的一个小的一个废的

",,7334.0,1,69e48087000000001401c412,,5e43a37600000000010032be,这就是龟兔赛跑吗,2026.04.19,河北,0.0,0.0,8,混合|观众,混合,观众,2,,173
69e4426b000000001d01c7ed,"一个大的一个小的一个废的

",,7334.0,1,69e48009000000001401bc31,,6474b8f4000000001c0296a1,龟兔赛跑啊,2026.04.19,山东,0.0,0.0,5,混合|观众,混合,观众,2,,173
69e4426b000000001d01c7ed,"一个大的一个小的一个废的

",,7334.0,1,69e478d9000000001401d824,,5e39342d000000000100b5a7,龟兔赛跑,2026.04.19,福建,0.0,0.0,4,混合|观众,混合,观众,2,,173
69e4426b000000001d01c7ed,"一个大的一个小的一个废的

",,7334.0,1,69e47851000000001401e80e,,5c6630750000000012001653,有种龟兔赛跑的意思[暗中观察R],2026.04.19,广西,0.0,0.0,16,混合|观众,混合,观众,3,,173
69e4426b000000001d01c7ed,"一个大的一个小的一个废的

",,7334.0,1,69e4778b000000001401c838,,5fd4a0a6000000000101e861,龟兔赛跑？,2026.04.19,辽宁,0.0,0.0,5,混合|观众,混合,观众,2,,173
69e4426b000000001d01c7ed,"一个大的一个小的一个废的

",,7334.0,1,69e46a660000000014019826,,6065211200000000010064ac,这是龟兔赛跑吗 我们小鼻嘎还挺稳的哈哈,2026.04.19,广东,0.0,0.0,19,混合|观众,混合,观众,2,,173
69e4426b000000001d01c7ed,"一个大的一个小的一个废的

",,7334.0,1,69e465b3000000001401d80e,,6023a6f7000000000100adb0,这就是龟兔赛跑吗[笑哭R],2026.04.19,上海,0.0,0.0,13,混合|观众,混合,观众,2,,173
69e4426b000000001d01c7ed,"一个大的一个小的一个废的

",,7334.0,1,69e463c5000000001401bc0c,,54e56252e7798967d42fbbdc,龟速赛跑啊这是,2026.04.19,江苏,0.0,0.0,7,混合|观众,混合,观众,2,,173
69e4426b000000001d01c7ed,"一个大的一个小的一个废的

",,7334.0,1,69e46261000000001401cc28,,55e160a0c2bdeb078eb55734,这就是龟兔赛跑吧，结果小乌龟取胜,2026.04.19,河北,0.0,0.0,16,混合|观众,混合,观众,5,,173
69e4426b000000001d01c7ed,"一个大的一个小的一个废的

",,7334.0,1,69e45c32000000001401900a,,64edcd55000000000100c836,这是龟兔赛跑吗 你得一直跑啊 不能停下来,2026.04.19,辽宁,0.0,0.0,20,混合|观众,混合,观众,3,,173
69e47f8f000000001f007203,"2026年机器人马拉松状态，五年后再看🤣

",,5834.0,1,69e96153000000001401cc01,,583b6d337fc5b84164a3739e,龟兔赛跑这一块[doge],2026.04.23,辽宁,0.0,0.0,13,混合|观众,混合,观众,3,,173
69e47f8f000000001f007203,"2026年机器人马拉松状态，五年后再看🤣

",,5834.0,1,69e6e6470000000014019400,,597851b882ec39566264ec66,实力演绎什么叫龟兔赛跑，别看人腿短,2026.04.21,四川,0.0,0.0,17,混合|观众,混合,观众,6,,173
69e47f8f000000001f007203,"2026年机器人马拉松状态，五年后再看🤣

",,5834.0,1,69e5c66e000000001401bc33,,5835272982ec392d5f0160f9,龟兔赛跑听说过没,2026.04.20,浙江,0.0,0.0,8,混合|观众,混合,观众,3,,173
69e4b08d000000001d01c1bc,"机器人马拉松参赛选手“进化速度这一块”

",,379.0,1,69e4cf88000000001401940f,,5572ed3d3397db4621d59cdd,龟兔赛跑[doge],2026.04.19,广东,0.0,0.0,10,混合|观众,混合,观众,2,,173
69e4426b000000001d01c7ed,"一个大的一个小的一个废的

",,7334.0,2,69e4839c000000001401cc01,69e461fb000000001401e82b,60d48abe0000000020029626,还整龟兔赛跑那一套,2026.04.19,广西,0.0,,9,混合|观众,混合,观众,3,,173
69e4426b000000001d01c7ed,"一个大的一个小的一个废的

",,7334.0,2,69e489e90000000014019410,69e46241000000001401e822,5edc62ae0000000001001d50,龟兔赛跑[赞R],2026.04.19,浙江,0.0,,8,混合|观众,混合,观众,2,,173
69e4426b000000001d01c7ed,"一个大的一个小的一个废的

",,7334.0,2,69e48310000000001401cc24,69e47c32000000001401a024,6601826f000000000600ddcb,这一段就是龟兔赛跑既视感[偷笑R],2026.04.19,江苏,0.0,,17,混合|观众,混合,观众,4,,173
69e4426b000000001d01c7ed,"一个大的一个小的一个废的

",,7334.0,2,69e4decb000000001401b814,69e46217000000001401dc21,60bcdb43000000000101dc6d,有点龟兔赛跑的味道[黄金薯R],2026.04.19,贵州,0.0,,15,混合|观众,混合,观众,3,,173
69e4426b000000001d01c7ed,"一个大的一个小的一个废的

",,7334.0,2,69e5711b0000000014018c0b,69e56f10000000001401d40b,6879d6ee000000001d00a25f,什么龟兔赛跑,2026.04.20,湖北,0.0,,6,混合|观众,混合,观众,2,,173
69e4426b000000001d01c7ed,"一个大的一个小的一个废的

",,7334.0,2,69e4f08c000000001401902d,69e4dd9d000000001401b83e,5944b2675e87e701889da744,看前面，龟兔赛跑。看后面，咋还有个坐着[石化R],2026.04.19,海南,0.0,,24,混合|观众,混合,观众,4,,173
69e4426b000000001d01c7ed,"一个大的一个小的一个废的

",,7334.0,2,69e4b870000000001401d830,69e45a060000000014019424,595494f282ec39040dd7eb77,这是表演龟兔赛跑的吗,2026.04.19,北京,0.0,,10,混合|观众,混合,观众,3,,173
69e429b4000000001b00037a,"张杰演唱会机器人来参加半马了？？

",,2026.0,2,69e4b1f6000000001401d413,69e43784000000001401ac1c,59fc487de8ac2b690ef447f4,龟兔赛跑的兔子来了,2026.04.19,北京,0.0,,9,常态|观众,常态,观众,3,常态,173
69e481e8000000002003ad94,"

",,,1,69e72825000000001401b812,,60407ec7000000000101c434,机器人都跑低血糖了！[笑哭R][笑哭R],2026.04.21,安徽,1.0,0.0,20,强势|服务者,强势,服务者,2,强势成功,174
69e481e8000000002003ad94,"

",,,1,69e5a0bf000000001401941d,,5cac228d0000000016038049,这机器人多少是有点低血糖了[大笑R],2026.04.20,广东,1.0,0.0,18,强势|服务者,强势,服务者,3,强势成功,174
69e481e8000000002003ad94,"

",,,1,69e59f43000000001401c802,,60dc84a80000000001002d09,机器人有点低血糖了,2026.04.20,山东,1.0,0.0,9,强势|服务者,强势,服务者,2,强势成功,174
69e2583b00000000230211ea,"

",,2406.0,1,69e433ff000000001401bc24,,60c965bd00000000010034f8,这个机器人肯定有高血压,2026.04.19,海南,0.0,0.0,11,失败|抢救者,失败,抢救者,3,失败,174
69e47f8f000000001f007203,"2026年机器人马拉松状态，五年后再看🤣

",,5834.0,1,69e70799000000001401a012,,60ea5d2e000000000101c71f,原来机器人也会低血糖，有点占不稳,2026.04.21,福建,0.0,0.0,16,混合|观众,混合,观众,4,,174
69e47f8f000000001f007203,"2026年机器人马拉松状态，五年后再看🤣

",,5834.0,1,69e6139c000000001401c43e,,5b59b16de8ac2b0b73aa88b9,机器人低血糖了,2026.04.20,爱尔兰,0.0,0.0,7,混合|观众,混合,观众,2,,174
69e47f8f000000001f007203,"2026年机器人马拉松状态，五年后再看🤣

",,5834.0,1,69e59a480000000014018c15,,60613736000000000101df84,有点低血糖了那个1.8机器人,2026.04.20,四川,0.0,0.0,14,混合|观众,混合,观众,3,,174
69e47f8f000000001f007203,"2026年机器人马拉松状态，五年后再看🤣

",,5834.0,1,69e56145000000001401dc04,,5d635cbd0000000001003659,宕机机器人：坏了，今早没吃饭，低血糖了,2026.04.20,山东,0.0,0.0,19,混合|观众,混合,观众,5,,174
69e481e8000000002003ad94,"

",,,1,69e499f0000000001401c01a,,6665b579000000001e00fa76,我来解释一下，机器人其实是人扮的。跑久了低血糖，后背加的白花花的就是糖，喷的是云南白药缓解长跑肌肉和关节疼痛的[doge],2026.04.19,广东,0.0,1.0,61,强势|服务者,强势,服务者,14,强势成功,174
69e481e8000000002003ad94,"

",,,1,69e83c330000000014018809,,61fa5728000000001000df21,机器人看样子低血糖了，赶紧补充能量,2026.04.22,河南,0.0,0.0,17,强势|服务者,强势,服务者,6,强势成功,174
69e481e8000000002003ad94,"

",,,1,69e830c6000000001401b811,,5fccd127000000000101c62c,遥控跑步机低血糖犯了[偷笑R],2026.04.22,辽宁,0.0,0.0,15,强势|服务者,强势,服务者,3,强势成功,174
69e481e8000000002003ad94,"

",,,1,69e6010b000000001401b022,,5b19e852f7e8b93888df74f4,机器人还会低血糖？,2026.04.20,湖南,0.0,0.0,9,强势|服务者,强势,服务者,3,强势成功,174
69e481e8000000002003ad94,"

",,,1,69e59461000000001401cc19,,5edf08030000000001005b5f,机器人低血糖了😂,2026.04.20,上海,0.0,0.0,8,强势|服务者,强势,服务者,2,强势成功,174
69e481e8000000002003ad94,"

",,,1,69e567af000000001401cc01,,59561d7850c4b408a753ef39,机器人也低血糖了,2026.04.20,浙江,0.0,0.0,8,强势|服务者,强势,服务者,2,强势成功,174
69e481e8000000002003ad94,"

",,,1,69e5ca9b000000001401c403,,5cc85b87000000001101c0a6,咋的了？机器人也低血糖吗[偷笑R][偷笑R][偷笑R],2026.04.20,上海,0.0,0.0,27,强势|服务者,强势,服务者,2,强势成功,174
69e44171000000001a026b25,"机器人马拉松比赛摔倒丝滑起身帅炸了🔥🔥

",9971.0,613.0,1,69e5cad1000000001401dc1e,,69a02dd5000000001d01c84a,机器人也会有低血糖吗[笑哭了R][笑哭了R][笑哭了R],2026.04.20,广东,0.0,0.0,28,混合|观众,混合,观众,2,,174
69e44171000000001a026b25,"机器人马拉松比赛摔倒丝滑起身帅炸了🔥🔥

",9971.0,613.0,1,69e49300000000001401ac2f,,5cdbf5180000000012019227,机器人竟然也会低血糖。。。,2026.04.19,天津,0.0,0.0,13,混合|观众,混合,观众,3,,174
69e59e520000000022027a90,"花田里犯了错|机器人马拉松正赛搞笑赏析

",,2593.0,1,69e9c327000000001401cc25,,5b4b5e5b11be106d4e9fed8c,这机器人低血糖了,2026.04.23,北京,0.0,0.0,8,弱势|观众,弱势,观众,2,弱势,174
69e4426b000000001d01c7ed,"一个大的一个小的一个废的

",,7334.0,2,69e5acb2000000001401b003,69e4d997000000001401a802,5c6a6c4900000000110048ea,机器人低血糖了嘛,2026.04.20,广东,0.0,,8,混合|观众,混合,观众,2,,174
69e4426b000000001d01c7ed,"一个大的一个小的一个废的

",,7334.0,2,69e4b6eb000000001401800c,69e461fb000000001401e82b,68944c1e0000000028001164,"这画面确实有点“低血糖”的既视感[笑哭R]。不过根据评论区网友的科普，这大概率是机器人在进行摔倒检测或跌倒测试，主要为了验证：
安全机制：测试机器人在失去平衡后能否安全着陆，避免硬件损伤。
自恢复能力：检验其是否具备摔倒后自主爬起的功能。
虽然看起来像“体力不支”，但其实是科技测试中重要的一环[吃瓜R]。",2026.04.19,--,0.0,,153,混合|观众,混合,观众,47,,174
69e4426b000000001d01c7ed,"一个大的一个小的一个废的

",,7334.0,2,69e466f0000000001401b833,69e461fb000000001401e82b,5e4f432d000000000100704b,我针对你们这些天赋型选手没招了！低血糖哈哈哈哈哈哈哈哈哈哈哈哈哈哈哈哈哈哈哈哈哈哈哈哈哈哈哈哈哈哈哈哈哈哈哈哈哈哈哈哈哈哈哈机器人低血糖哈哈哈哈哈哈哈哈哈哈哈哈哈哈哈哈哈哈哈哈哈哈哈哈哈哈哈,2026.04.19,天津,0.0,,95,混合|观众,混合,观众,8,,174
69e47f8f000000001f007203,"2026年机器人马拉松状态，五年后再看🤣

",,5834.0,2,69e6ddb7000000001401ac13,69e55d77000000001401bc0e,67b64e3b0000000004032c09,笑死了 机器人低血糖了,2026.04.21,上海,0.0,,11,混合|观众,混合,观众,2,,174
69e47f8f000000001f007203,"2026年机器人马拉松状态，五年后再看🤣

",,5834.0,2,69e6fef9000000001401cc18,69e55d77000000001401bc0e,6279ff720000000021024ff9,机器人低血糖了[偷笑R],2026.04.21,上海,0.0,,12,混合|观众,混合,观众,2,,174
69db34bb000000001a0348ae,"机器人抢救现场

",4896.0,1198.0,1,69dc9c68000000000d0358a9,,6512dbba0000000023026c8d,理想的机器人，服务人类，有趣的机器人，让人类服务,2026.04.13,山东,16.0,0.0,24,失败|抢救者,失败,抢救者,8,失败,175
69e447d2000000001d01aa01,"当算法有了腿，程序员万万没想到……

",,2912.0,2,69e4ac3f000000001401c40c,69e46f4d0000000014018827,5c64f205000000001202fc38,那机器人从此以后就自由了。[暗中观察R],2026.04.19,内蒙古,5.0,,20,强势|服务者,强势,服务者,3,强势成功,175
69e481e8000000002003ad94,"

",,,1,69e5a46d000000001401ac0c,,61fe4a660000000010004155,人类终究还是给了机器人服务。,2026.04.20,广东,2.0,1.0,14,强势|服务者,强势,服务者,4,强势成功,175
69da7e87000000001a03484e,"今晚的亦庄机器人马拉松测试

",,8169.0,1,69dad4d500000000160178b6,,5b496eccf7e8b970299ee8a1,为了测试追捕人类吗[捂脸R]为啥每天让机器人做不服务人类只超越人类的事儿,2026.04.12,北京,1.0,0.0,36,强势|观众,强势,观众,11,强势成功,175
69e481e8000000002003ad94,"

",,,1,69ec671c000000002702d48f,,6599098b0000000022005670,所以是机器人服务人类还是人类服务机器人[微笑R],2026.04.25,贵州,1.0,0.0,24,强势|服务者,强势,服务者,6,强势成功,175
69e481e8000000002003ad94,"

",,,1,69e5ac44000000001401a40b,,5f18ff00000000000101c852,还说机器人服务人类，这不是人来服务机器人吗[捂脸R],2026.04.20,四川,1.0,1.0,26,强势|服务者,强势,服务者,6,强势成功,175
69e47f8f000000001f007203,"2026年机器人马拉松状态，五年后再看🤣

",,5834.0,2,69e6216e000000001401a813,69e586020000000014019401,630705d3000000001200d090,机器人身体平衡很重要的，以后给你养老，给你公主抱[doge]包括解决各种需求[doge][doge]，外貌做成深空男主那样，多好[doge],2026.04.20,中国台湾,1.0,,70,混合|观众,混合,观众,16,,175
69e481e8000000002003ad94,"

",,,1,69e747be000000001401a40b,,602370ca00000000010068f3,本来发明机器人是为了方便人类，现在人类服务机器人[笑哭R],2026.04.21,江西,0.0,0.0,29,强势|服务者,强势,服务者,9,强势成功,175
69e481e8000000002003ad94,"

",,,1,69e7328a0000000014019c1a,,60706dca0000000001003933,是不是反过来了，不应该是研发机器人服务人类吗？怎么变成人类服务机器人了[捂脸R],2026.04.21,广西,0.0,0.0,40,强势|服务者,强势,服务者,10,强势成功,175
69e481e8000000002003ad94,"

",,,1,69e6eb59000000001401a000,,632dc5540000000023024cf3,为人民服务➠为机器人服务,2026.04.21,陕西,0.0,0.0,12,强势|服务者,强势,服务者,4,强势成功,175
69e481e8000000002003ad94,"

",,,1,69e5b459000000001401dc3e,,5fbfad12000000000101daa2,以后人就是为机器人服务的,2026.04.20,湖南,0.0,0.0,12,强势|服务者,强势,服务者,3,强势成功,175
69e481e8000000002003ad94,"

",,,1,69e4a6b2000000001401d423,,60d522f8000000002002548e,以后人类要服务机器人了！,2026.04.19,广东,0.0,0.0,12,强势|服务者,强势,服务者,3,强势成功,175
69e481e8000000002003ad94,"

",,,1,69e4a361000000001401e045,,5de651ae00000000010017e1,人创造了机器人抢了普通人的活，最后还得给机器人服务[捂脸R],2026.04.19,浙江,0.0,0.0,30,强势|服务者,强势,服务者,7,强势成功,175
69e481e8000000002003ad94,"

",,,1,69e4a18c000000001401e816,,5f19a61b00000000010098c2,人类服务于机器[doge],2026.04.19,上海,0.0,0.0,13,强势|服务者,强势,服务者,3,强势成功,175
69e481e8000000002003ad94,"

",,,1,69e490ef0000000014019c1c,,67792dbc000000001500469b,像科幻片里机器人统治人类之后人类服务机器人的场景（,2026.04.19,山东,0.0,0.0,25,强势|服务者,强势,服务者,9,强势成功,175
69e481e8000000002003ad94,"

",,,1,69e92042000000001401d806,,6150748d000000000201a2ea,不是 机器人不是服务人类吗 怎么人在服务机器人了[汗颜R],2026.04.23,广东,0.0,0.0,29,强势|服务者,强势,服务者,6,强势成功,175
69df625d0000000021005c63,"“扶我起来，我还能再跑10公里”

",,9992.0,1,69e345f0000000001401d804,,6047891e0000000001003c7f,不是，造机器的初衷不是服务人的吗？这种人服务机器的活动意义何在？,2026.04.18,广东,0.0,0.0,32,失败|观众,失败,观众,10,失败,175
69e43b14000000001a02e095,"好萌的小黑仔跑马拉松

",,2760.0,1,69e464da000000001401bc35,,5ecb9b5a0000000001004235,去的都是百年机器人黑历史，未来还得让人类继续服务[失望R],2026.04.19,北京,0.0,0.0,29,弱势|服务者,弱势,服务者,7,弱势,175
69e4426b000000001d01c7ed,"一个大的一个小的一个废的

",,7334.0,2,69e5b684000000001401bc13,69e45f74000000001401bc0a,613efc67000000000201ebf2,你看早期影视作品，就是要做机器人出来照顾陪伴人呀,2026.04.20,湖南,0.0,,24,混合|观众,混合,观众,6,,175
69e47f8f000000001f007203,"2026年机器人马拉松状态，五年后再看🤣

",,5834.0,2,69e59ec5000000001401ac05,69e55d77000000001401bc0e,678a3fbe000000000d009c6a,到底是机器人服务人类，还是人类服务机器人啊，操碎心了啊[偷笑R],2026.04.20,浙江,0.0,,32,混合|观众,混合,观众,8,,175
69e481e8000000002003ad94,"

",,,2,69e573f4000000001401940f,69e4962e000000001401b006,5a806c1de8ac2b6ad968094c,终于到了人服务机器的时代了。,2026.04.20,浙江,0.0,,14,强势|服务者,强势,服务者,5,强势成功,175
69e48341000000001a02d0c4,"机器人马拉松，我们看乐了，西方人看破防了🤣

",3931.0,1022.0,2,69e4d2e2000000001401e035,69e4a930000000001401a020,68736a11000000001e03febd,很有可能[微笑R]，之前有个电影《机械公敌》就是机器人普遍用于管家或仆人，下次咱俩一起看,2026.04.19,北京,0.0,,44,强势|观众,强势,观众,12,强势成功,175
69e42cc100000000220001ad,"机器人马拉松倒数第一名，萌翻了🤣🤣🤣

",,8501.0,2,69e439f9000000001401c426,69e43311000000001401e428,60f3b36e0000000001009e86,并没有，20分钟前刚看到舒服的坐在车后座过去了[笑哭R],2026.04.19,北京,246.0,,28,弱势|观众,弱势,观众,7,弱势,176
69e42cc100000000220001ad,"机器人马拉松倒数第一名，萌翻了🤣🤣🤣

",,8501.0,2,69e4399d000000001401b802,69e4367c0000000014018826,60f3b36e0000000001009e86,没错，稳稳的坐在车后座，我也刚看到的,2026.04.19,北京,14.0,,18,弱势|观众,弱势,观众,4,弱势,176
69da7e87000000001a03484e,"今晚的亦庄机器人马拉松测试

",,8169.0,2,69dbad64000000000203674f,69daf1a9000000000103c4f0,69212cae0000000037033115,还没旁边的摩托车大声,2026.04.12,广西,3.0,,10,强势|观众,强势,观众,3,强势成功,176
69e447d2000000001d01aa01,"当算法有了腿，程序员万万没想到……

",,2912.0,2,69e48cf50000000014019c10,69e4884b0000000014018821,5fb3bd93000000000101c384,最后冲刺阶段，车不能跟着,2026.04.19,浙江,2.0,,12,强势|服务者,强势,服务者,4,强势成功,176
69e481e8000000002003ad94,"

",,,2,69e5fc6f000000001401d822,69e5fb4b000000001401d832,5f3799d60000000001002a5e,有台车在后面跟着的,2026.04.20,湖南,1.0,,9,强势|服务者,强势,服务者,3,强势成功,176
69e447d2000000001d01aa01,"当算法有了腿，程序员万万没想到……

",,2912.0,2,69e556eb000000001401b001,69e46d57000000001401a022,6054383a0000000001001ec4,冲刺阶段，不让车跟了,2026.04.20,北京,1.0,,10,强势|服务者,强势,服务者,3,强势成功,176
69e481e8000000002003ad94,"

",,,1,69e75f0c000000001401e401,,64031c0b00000000290145a5,跟跑？不能观光车跟随么？,2026.04.21,江苏,0.0,0.0,12,强势|服务者,强势,服务者,2,强势成功,176
69e481e8000000002003ad94,"

",,,1,69e515390000000014019402,,6517e70b00000000240156ce,老实说是不是后面跟着一辆车,2026.04.20,广西,0.0,0.0,13,强势|服务者,强势,服务者,5,强势成功,176
69e447d2000000001d01aa01,"当算法有了腿，程序员万万没想到……

",,2912.0,1,69e48c82000000001401c813,,57bda4d082ec390e19be0488,后面不是有辆车么,2026.04.19,北京,0.0,0.0,8,强势|服务者,强势,服务者,2,强势成功,176
69e447d2000000001d01aa01,"当算法有了腿，程序员万万没想到……

",,2912.0,1,69e48bf1000000001401d822,,671376eb000000001d030201,弄个跟随车,2026.04.19,江苏,0.0,0.0,5,强势|服务者,强势,服务者,2,强势成功,176
69e447d2000000001d01aa01,"当算法有了腿，程序员万万没想到……

",,2912.0,1,69e45f18000000001401c420,,636da929000000001f01fd22,不是坐便车跟着吗[笑哭R],2026.04.19,山东,0.0,0.0,13,强势|服务者,强势,服务者,2,强势成功,176
69e43b14000000001a02e095,"好萌的小黑仔跑马拉松

",,2760.0,1,69e49b09000000001401e02a,,5b4fd71f11be10114038e422,给后面的车带路,2026.04.19,陕西,0.0,0.0,7,弱势|服务者,弱势,服务者,2,弱势,176
69e43b14000000001a02e095,"好萌的小黑仔跑马拉松

",,2760.0,1,69e47bc5000000001401bc15,,5657bf7350c4b44e959ac27a,哈哈哈哈哈哈哈哈原来还要开车跟着,2026.04.19,广东,0.0,0.0,16,弱势|服务者,弱势,服务者,4,弱势,176
69e46730000000001d0199c8,"

",,761.0,1,69e508ed000000001401c412,,62984b380000000019022b68,后面跟着车干嘛,2026.04.20,浙江,0.0,1.0,7,强势|观众,强势,观众,3,强势成功,176
69da7e87000000001a03484e,"今晚的亦庄机器人马拉松测试

",,8169.0,2,69db432c00000000350311cb,69dab64a0000000016015dcc,5482c00b2e1d932ed8aad305,那不是有车跟着吗,2026.04.12,北京,0.0,,8,强势|观众,强势,观众,2,强势成功,176
69e47f8f000000001f007203,"2026年机器人马拉松状态，五年后再看🤣

",,5834.0,2,69e757b4000000001401cc1d,69e752a80000000014019806,5e78b258000000000100aaf0,这背后的车干嘛的,2026.04.21,安徽,0.0,,8,混合|观众,混合,观众,2,,176
69e6f2bc0000000023005345,"🍼机器人第一视角，好多人呀

",,687.0,2,69e7560b000000001401a406,69e7170a000000001401b807,60c384f9000000000100786a,不是坐车坐了一大半嘛[偷笑R],2026.04.21,重庆,0.0,,15,弱势|观众,弱势,观众,2,弱势,176
69e481e8000000002003ad94,"

",,,2,69e49a1a000000001401d41b,69e499a7000000001401e40b,665db40100000000030311a3,不是有人拿这个 东西跟着吗,2026.04.19,广东,0.0,,13,强势|服务者,强势,服务者,3,强势成功,176
69e481e8000000002003ad94,"

",,,2,69e599e0000000001401c814,69e59014000000001401bc2b,5a7d60c2e8ac2b0eb7459b3b,别的视频里看到他们坐那种观光车跟在后面的,2026.04.20,湖北,0.0,,20,强势|服务者,强势,服务者,5,强势成功,176
69e481e8000000002003ad94,"

",,,2,69e4a2d1000000001401bc46,69e4a175000000001401881b,6732db15000000001d02ea7d,旁边有车队跟着的,2026.04.19,山东,0.0,,8,强势|服务者,强势,服务者,3,强势成功,176
69e447d2000000001d01aa01,"当算法有了腿，程序员万万没想到……

",,2912.0,2,69e6e339000000001401d415,69e45575000000001401e004,61e2b121000000001000ce6d,有个队伍好像是骑了台摩托在后面跟着的[笑哭R],2026.04.21,广东,0.0,,23,强势|服务者,强势,服务者,6,强势成功,176
69e4412a000000002103883f,"荣耀闪电队-齐天大圣夺冠！

",3517.0,445.0,2,69e4764b000000001401e01d,69e47458000000001401dc23,5c124415f7e8b957900d0ee5,后面还有车跟着呢,2026.04.19,北京,0.0,,8,强势|观众,强势,观众,2,强势成功,176
69e47f8f000000001f007203,"2026年机器人马拉松状态，五年后再看🤣

",,5834.0,1,69e5ab44000000001401b81b,,5d009cbe000000001803c76f,[汗颜R][汗颜R]这个蓝色裤子想要链接,2026.04.20,山东,94.0,19.0,20,混合|观众,混合,观众,4,,177
69e47f8f000000001f007203,"2026年机器人马拉松状态，五年后再看🤣

",,5834.0,1,69e5e0c60000000014018c0f,,5ca30ae00000000012021b0b,蓝裤子这伙计跳舞跳得劲儿都用完了,2026.04.20,山东,3.0,0.0,16,混合|观众,混合,观众,5,,177
69e4426b000000001d01c7ed,"一个大的一个小的一个废的

",,7334.0,1,69e46eea000000001401cc24,,5f1ec1a40000000001007954,边上那个蓝衣服的已经躺平了,2026.04.19,浙江,1.0,0.0,13,混合|观众,混合,观众,3,,177
69e48341000000001a02d0c4,"机器人马拉松，我们看乐了，西方人看破防了🤣

",3931.0,1022.0,1,69e4b117000000001401c820,,5c636c4500000000110056ab,穿蓝裤子那个肯定要被派到战场去的，不然浪费了。,2026.04.19,江苏,1.0,0.0,23,强势|观众,强势,观众,6,强势成功,177
69e429b4000000001b00037a,"张杰演唱会机器人来参加半马了？？

",,2026.0,2,69e44087000000001401e836,69e42d4e000000001401b006,6108e51b000000000100636a,去年新年的，浅蓝色，和手链决策币一波的那个,2026.04.19,河北,1.0,,21,常态|观众,常态,观众,6,常态,177
69e47f8f000000001f007203,"2026年机器人马拉松状态，五年后再看🤣

",,5834.0,1,69eb0caf000000001401a41f,,5b92a36bc4631c0001bd4495,蓝色裤子那家伙，行星文化雇佣的员工么,2026.04.24,辽宁,0.0,0.0,18,混合|观众,混合,观众,7,,177
69e47f8f000000001f007203,"2026年机器人马拉松状态，五年后再看🤣

",,5834.0,1,69e95fb8000000001401d40e,,5e7804a70000000001000df2,084裤子和我同款[汗颜R],2026.04.23,上海,0.0,0.0,14,混合|观众,混合,观众,3,,177
69e47f8f000000001f007203,"2026年机器人马拉松状态，五年后再看🤣

",,5834.0,1,69e89935000000001401e006,,64117b5400000000110212b8,挺帅，蓝裤子的[偷笑R][偷笑R],2026.04.22,广东,0.0,0.0,17,混合|观众,混合,观众,2,,177
69e47f8f000000001f007203,"2026年机器人马拉松状态，五年后再看🤣

",,5834.0,1,69e850bf000000001401d836,,5897042282ec393304ea18b5,那个蓝裤子还差个鸟笼子,2026.04.22,浙江,0.0,0.0,11,混合|观众,混合,观众,3,,177
69e47f8f000000001f007203,"2026年机器人马拉松状态，五年后再看🤣

",,5834.0,1,69e5e07e0000000014018c0a,,5ca30ae00000000012021b0b,蓝裤子伙计跳舞的时候劲儿都用完了,2026.04.20,山东,0.0,0.0,16,混合|观众,混合,观众,4,,177
69e47f8f000000001f007203,"2026年机器人马拉松状态，五年后再看🤣

",,5834.0,1,69e5ae28000000001401d80c,,5d0b43ca000000001601a173,蓝裤子不是在路上表演去了吗[笑哭R],2026.04.20,浙江,0.0,0.0,18,混合|观众,混合,观众,3,,177
69e47f8f000000001f007203,"2026年机器人马拉松状态，五年后再看🤣

",,5834.0,1,69e5920e000000001401c40e,,59301eca82ec393adc6a678a,这个小蓝裤子不是在鸟巢蹦迪吗,2026.04.20,四川,0.0,0.0,14,混合|观众,混合,观众,4,,177
69e47f8f000000001f007203,"2026年机器人马拉松状态，五年后再看🤣

",,5834.0,1,69e591d2000000001401dc12,,5c00f015000000000500e9f2,刚刷到蓝裤子那个，太能互动了，跟向佐似的[捂脸R],2026.04.20,山东,0.0,0.0,25,混合|观众,混合,观众,5,,177
69e481e8000000002003ad94,"

",,,1,69e5af79000000001401e810,,5aad7bbee8ac2b1e4b74f442,[笑哭R]蓝色衣服的才是强者,2026.04.20,广西,0.0,0.0,14,强势|服务者,强势,服务者,3,强势成功,177
69e48341000000001a02d0c4,"机器人马拉松，我们看乐了，西方人看破防了🤣

",3931.0,1022.0,1,69e56d020000000014018c0c,,553d98732e1d934610840555,蓝裤子那个好像向佐,2026.04.20,浙江,0.0,0.0,9,强势|观众,强势,观众,2,强势成功,177
69e48341000000001a02d0c4,"机器人马拉松，我们看乐了，西方人看破防了🤣

",3931.0,1022.0,1,69e4e0d5000000001401ac1b,,66c18e36000000000b032569,蓝裤子就是显眼包[偷笑R][偷笑R],2026.04.19,山东,0.0,0.0,18,强势|观众,强势,观众,2,强势成功,177
69e429b4000000001b00037a,"张杰演唱会机器人来参加半马了？？

",,2026.0,1,69e4505e000000001401e805,,62c94d190000000002003fa3,穿成这样。要跳段poping了不,2026.04.19,湖南,0.0,0.0,16,常态|观众,常态,观众,3,常态,177
69e4426b000000001d01c7ed,"一个大的一个小的一个废的

",,7334.0,2,69e59d16000000001401882d,69e461fb000000001401e82b,548166c4d6e4a93fce60f9b0,蓝色那个比较搞笑,2026.04.20,浙江,0.0,,8,混合|观众,混合,观众,3,,177
69e47f8f000000001f007203,"2026年机器人马拉松状态，五年后再看🤣

",,5834.0,2,69e6fddf000000001401cc0f,69e6fdc8000000001401bc3a,6724ca09000000000800badd,蓝色裤子那个,2026.04.21,山东,0.0,,6,混合|观众,混合,观众,2,,177
69e47f8f000000001f007203,"2026年机器人马拉松状态，五年后再看🤣

",,5834.0,2,69e61cf5000000001401d801,69e60c3c000000001401cc1d,5eb8ff5b0000000001007469,蓝色裤子和小面膜那个好可爱,2026.04.20,上海,0.0,,13,混合|观众,混合,观众,4,,177
69e47f8f000000001f007203,"2026年机器人马拉松状态，五年后再看🤣

",,5834.0,2,69e5c206000000001401900e,69e5b70a000000001401a011,622753710000000010007094,这个蓝裤子跳街舞[笑哭R],2026.04.20,安徽,0.0,,13,混合|观众,混合,观众,2,,177
69e48341000000001a02d0c4,"机器人马拉松，我们看乐了，西方人看破防了🤣

",3931.0,1022.0,2,69e5adee000000001401900c,69e4e615000000001401a40c,592eafd050c4b47fd2ccb63b,哪个蓝胖子？,2026.04.20,新疆,0.0,,6,强势|观众,强势,观众,2,强势成功,177
69df625d0000000021005c63,"“扶我起来，我还能再跑10公里”

",,9992.0,2,69df9ad30000000002029d07,69df971b00000000350151b3,568ba97e82ec392c302eae2e,然后徒手劈人了[石化R],2026.04.15,上海,234.0,,12,失败|观众,失败,观众,2,失败,178
69e48d54000000002102e178,"😭亦庄机器人半马最感人一幕

",,1589.0,2,69e5a6ec000000001401b823,69e5a52f0000000014019413,593620a95e87e72f0e03389a,年纪大的熬不动[石化R],2026.04.20,浙江,9.0,,12,弱势|保护者,弱势,保护者,2,弱势,178
69e44171000000001a026b25,"机器人马拉松比赛摔倒丝滑起身帅炸了🔥🔥

",9971.0,613.0,1,69e453b3000000001401b00d,,59e748a54eacab36653805ea,沃日，现在还能站起来了[石化R]？？？,2026.04.19,北京,2.0,0.0,19,混合|观众,混合,观众,2,,178
69e59e520000000022027a90,"花田里犯了错|机器人马拉松正赛搞笑赏析

",,2593.0,1,69e6f181000000001401d41c,,5d6680900000000001005187,[石化R]它真的会突然打人,2026.04.21,广东,2.0,0.0,13,弱势|观众,弱势,观众,3,弱势,178
69e47f8f000000001f007203,"2026年机器人马拉松状态，五年后再看🤣

",,5834.0,1,69e5af84000000001401d83f,,59d829e751783a5871c5caea,虽然但是 好无语[石化R],2026.04.20,江苏,1.0,0.0,13,混合|观众,混合,观众,2,,178
69e4426b000000001d01c7ed,"一个大的一个小的一个废的

",,7334.0,1,69e47ec4000000001401c014,,60e99d5d0000000001001f83,一个冲水马桶[石化R],2026.04.19,浙江,0.0,0.0,11,混合|观众,混合,观众,2,,178
69da7e87000000001a03484e,"今晚的亦庄机器人马拉松测试

",,8169.0,1,69db076500000000150010be,,5d8d7bcc00000000010091c4,发展真快[石化R],2026.04.12,山西,0.0,0.0,9,强势|观众,强势,观众,2,强势成功,178
69e47f8f000000001f007203,"2026年机器人马拉松状态，五年后再看🤣

",,5834.0,1,69e67766000000001401cc05,,5b944d54daf3770001be5bb8,大家不觉得可怕吗[石化R]看得我好不适,2026.04.21,加拿大,0.0,0.0,19,混合|观众,混合,观众,4,,178
69e481e8000000002003ad94,"

",,,1,69e9408b000000001401e003,,6606bae3000000000b00e9c6,[石化R]拍马屁拍成这样,2026.04.23,广东,0.0,0.0,12,强势|服务者,强势,服务者,3,强势成功,178
69e481e8000000002003ad94,"

",,,1,69e620d2000000001401a40d,,64bfdc7d0000000014034da5,搞点正事吧[石化R],2026.04.20,湖北,0.0,0.0,10,强势|服务者,强势,服务者,2,强势成功,178
69e481e8000000002003ad94,"

",,,1,69e5dd20000000001401e806,,5c9f8b2e0000000010025cc4,戰場上的補給兵...[石化R],2026.04.20,中国香港,0.0,0.0,15,强势|服务者,强势,服务者,2,强势成功,178
69e481e8000000002003ad94,"

",,,1,69e5655a0000000014019007,,60dac86a00000000010067b4,不吃点东西吗[石化R],2026.04.20,浙江,0.0,0.0,11,强势|服务者,强势,服务者,2,强势成功,178
69da7e87000000001a03484e,"今晚的亦庄机器人马拉松测试

",,8169.0,2,69db33bd0000000035024e94,69db3388000000000202a408,5d04aea700000000110272f3,感觉进去了100.0时代[石化R],2026.04.12,辽宁,0.0,,17,强势|观众,强势,观众,3,强势成功,178
69e47f8f000000001f007203,"2026年机器人马拉松状态，五年后再看🤣

",,5834.0,2,69e5dc4f000000001401bc19,69e55d77000000001401bc0e,5b66fd4011be10274533f7be,救救观众吧[石化R]太阴了,2026.04.20,山东,0.0,,13,混合|观众,混合,观众,3,,178
69e47f8f000000001f007203,"2026年机器人马拉松状态，五年后再看🤣

",,5834.0,2,69e78782000000001401ac29,69e55d77000000001401bc0e,5d6483e30000000001008464,魔幻 2026[石化R],2026.04.21,上海,0.0,,12,混合|观众,混合,观众,2,,178
69e47f8f000000001f007203,"2026年机器人马拉松状态，五年后再看🤣

",,5834.0,2,69e80f20000000001401dc0e,69e53e8e0000000014019000,5b41a83cf7e8b9231992e383,居然是参赛选手[石化R],2026.04.22,广东,0.0,,12,混合|观众,混合,观众,2,,178
69e47f8f000000001f007203,"2026年机器人马拉松状态，五年后再看🤣

",,5834.0,2,69eb579f000000002b029e39,69e702c6000000001401dc23,62e7512a000000001e01e184,外面的世界发展成这样了啊[石化R],2026.04.24,安徽,0.0,,17,混合|观众,混合,观众,4,,178
69e447d2000000001d01aa01,"当算法有了腿，程序员万万没想到……

",,2912.0,2,69e4715b000000002d021133,69e45fee0000000014019c18,587f516582ec397b0d2e49ed,下一步要死了[石化R],2026.04.19,澳大利亚,0.0,,11,强势|服务者,强势,服务者,2,强势成功,178
69e4b08d000000001d01c1bc,"机器人马拉松参赛选手“进化速度这一块”

",,379.0,2,69e4d50d000000001401a01c,69e4d491000000001401a006,5bc3e1b3d0eee70001359847,可怕[石化R]不敢想之后路上都是机器人是什么景象,2026.04.19,浙江,0.0,,24,混合|观众,混合,观众,6,,178
69e59e520000000022027a90,"花田里犯了错|机器人马拉松正赛搞笑赏析

",,2593.0,2,69e6ffbb000000001401a020,69e6fb73000000001401c830,6580140b000000001901280a,[石化R]这样的，真的还有必要参加吗,2026.04.21,广东,0.0,,18,弱势|观众,弱势,观众,4,弱势,178
69e429b4000000001b00037a,"张杰演唱会机器人来参加半马了？？

",,2026.0,2,69e4802a000000001401c41b,69e45d13000000001401c807,602c8432000000000101ed18,到底有什么好怕啊[石化R][石化R][石化R][石化R][石化R],2026.04.19,山东,0.0,,33,常态|观众,常态,观众,2,常态,178
69e4426b000000001d01c7ed,"一个大的一个小的一个废的

",,7334.0,2,69e46df2000000001401e805,69e45f74000000001401bc0a,572aa9071c07df0c74b7a734,机器狗早就有了啊，但是人的结构是最灵活的,2026.04.19,北京,6.0,,20,混合|观众,混合,观众,5,,179
69e4551e000000001f005895,"荣耀机器人赢麻了🤖我觉得它表情在嘲讽我

",,816.0,2,69e4a5bc0000000014019807,69e4848e000000001401cc2f,62ee8677000000001e01ec51,机器人可以导航，可以语音和人沟通。别的不说，导盲犬的功能即将被具身智能机器人取代,2026.04.19,广东,2.0,,40,强势|被超越者,强势,被超越者,13,强势成功,179
69e481e8000000002003ad94,"

",,,1,69e4a148000000001401d82f,,605deffc0000000001007e4c,没准未来特殊时期就有用了，目前看到比较贴近生活实用的是那个导盲机器狗，期待能推广,2026.04.19,内蒙古,1.0,0.0,40,强势|服务者,强势,服务者,13,强势成功,179
69e4551e000000001f005895,"荣耀机器人赢麻了🤖我觉得它表情在嘲讽我

",,816.0,2,69e4a568000000001401882c,69e4848e000000001401cc2f,59e08bc751783a3af9b5a2bf,所以可以有专门用于遛狗的机器人[doge]这不需求就来了,2026.04.19,北京,1.0,,28,强势|被超越者,强势,被超越者,5,强势成功,179
69e48341000000001a02d0c4,"机器人马拉松，我们看乐了，西方人看破防了🤣

",3931.0,1022.0,2,69e4a3af000000001401a821,69e49ab00000000014018801,5cde8f85000000001002f3a1,有一个导盲机器狗也参加了,2026.04.19,山东,1.0,,12,强势|观众,强势,观众,3,强势成功,179
69e447d2000000001d01aa01,"当算法有了腿，程序员万万没想到……

",,2912.0,1,69e48d95000000001401d805,,64e071c60000000001013331,哈哈哈哈笑死我了，以前是人遛狗，现在机器人溜人呗[捂脸R][捂脸R][捂脸R][捂脸R]这强度可以啊,2026.04.19,北京,0.0,0.0,50,强势|服务者,强势,服务者,6,强势成功,179
69da7e87000000001a03484e,"今晚的亦庄机器人马拉松测试

",,8169.0,2,69dbb1710000000016015003,69daef220000000035024590,605a89e4000000000100254e,我觉得你更适合骑着机器狗飞奔到医院。[偷笑R],2026.04.12,河北,0.0,,23,强势|观众,强势,观众,5,强势成功,179
69da7e87000000001a03484e,"今晚的亦庄机器人马拉松测试

",,8169.0,2,69dc63e20000000015006394,69daef220000000035024590,55a3861ee4b1cf72d4801e5b,之前不是有个机器狗背着真狗遛弯吗,2026.04.13,江苏,0.0,,16,强势|观众,强势,观众,6,强势成功,179
69e42cc100000000220001ad,"机器人马拉松倒数第一名，萌翻了🤣🤣🤣

",,8501.0,2,69e8e894000000001401cc28,69e6e3f8000000001401900e,5d61318e000000000100bccc,陪伴，代工，护卫，协助，救助单身狗[doge],2026.04.22,四川,0.0,,23,弱势|观众,弱势,观众,7,弱势,179
69e47f8f000000001f007203,"2026年机器人马拉松状态，五年后再看🤣

",,5834.0,2,69e5af3f000000001401dc19,69e4e1f0000000001401a40f,66eff8b1000000001d021afd,当然看用在哪里了，前面刷到机器导盲犬，这就很好,2026.04.20,甘肃,0.0,,23,混合|观众,混合,观众,7,,179
69e47f8f000000001f007203,"2026年机器人马拉松状态，五年后再看🤣

",,5834.0,2,69eac325000000001401d400,69e8aa9b000000001401c032,5dce1f1c0000000001006aeb,也有机器狗[捂脸R]还有蟑螂形态的[捂脸R],2026.04.24,湖南,0.0,,22,混合|观众,混合,观众,3,,179
69e481e8000000002003ad94,"

",,,2,69e4a7d1000000001401e401,69e490ae000000001401d42a,54e6803ba46e96065c2a1a5f,其实机器狗比人型机器人更适配各种地形,2026.04.19,北京,0.0,,18,强势|服务者,强势,服务者,7,强势成功,179
69e481e8000000002003ad94,"

",,,2,69e5a589000000001401dc2a,69e490ae000000001401d42a,612496780000000001008ce7,多地形蜘蛛机器人，六足八足的早就已经在应用阶段了。,2026.04.20,四川,0.0,,25,强势|服务者,强势,服务者,8,强势成功,179
69e481e8000000002003ad94,"

",,,2,69e5a59f000000001401e403,69e490ae000000001401d42a,5cac7f360000000017007017,机器狗子已经满地跑了，脚越多难度越低[笑哭R],2026.04.20,广东,0.0,,23,强势|服务者,强势,服务者,5,强势成功,179
69e481e8000000002003ad94,"

",,,2,69e6d6bd000000001401b00f,69e490ae000000001401d42a,5b2d04eae8ac2b5ae160a090,多足早就出来，机器狗都已经在俄乌战场使用了,2026.04.21,浙江,0.0,,21,强势|服务者,强势,服务者,5,强势成功,179
69e481e8000000002003ad94,"

",,,2,69e963770000000014019405,69e490ae000000001401d42a,66f0d0cd000000001d021924,之前不是有机器狗吗？早就发明了[捂嘴笑R],2026.04.23,江苏,0.0,,21,强势|服务者,强势,服务者,4,强势成功,179
69e481e8000000002003ad94,"

",,,2,69e4d450000000001401c807,69e490ae000000001401d42a,641d4c5200000000120136cc,机器狗，脚上安上轮子，哪里去不了[失望R][失望R][失望R]不比这些走路都吃力的玩具实用多了[失望R][失望R],2026.04.19,上海,0.0,,57,强势|服务者,强势,服务者,12,强势成功,179
69e481e8000000002003ad94,"

",,,2,69e78749000000001401a82f,69e71b47000000001401ac15,67892084000000000a03d6a4,打仗的话机械狗更好吧,2026.04.21,广西,0.0,,10,强势|服务者,强势,服务者,4,强势成功,179
69df625d0000000021005c63,"“扶我起来，我还能再跑10公里”

",,9992.0,2,69e0f24b000000001401a801,69dfd6530000000001007b36,5bcf51093487de0001579e77,再刷刷视频，宇树的机器人开始学做家务，今天还刷到一个机器狗导盲犬，比真狗好多了，啥都是慢慢进步,2026.04.16,甘肃,0.0,,47,失败|观众,失败,观众,14,失败,179
69e40352000000002102fc75,"机器人马拉松现场第一视角看全部队伍

",,1160.0,2,69e4d168000000001401c407,69e42201000000001401940b,660919b1000000000b031f56,好像已经有了吧？反正机器狗已经有普通人买来做家务还是啥的了，机器人做家务估计也就两三年的事,2026.04.19,广西,0.0,,45,常态|服务者,常态,服务者,10,常态,179
69e4412a000000002103883f,"荣耀闪电队-齐天大圣夺冠！

",3517.0,445.0,2,69e47279000000001401e81b,69e471b5000000001401e42e,5c124415f7e8b957900d0ee5,哈哈，看到关门狗啦,2026.04.19,北京,0.0,,9,强势|观众,强势,观众,2,强势成功,179
69e634590000000022003bb5,"每个马拉松机器人，都有自己的热血故事。

",,824.0,1,69e6d341000000001401b022,,58ce4b8e50c4b462b7fce435,对带小鸟的机器人印象深刻！机械美学以外多了一些人文气息[大笑R],2026.04.21,广西,2.0,0.0,32,常态|观众,常态,观众,10,常态,180
69da7e87000000001a03484e,"今晚的亦庄机器人马拉松测试

",,8169.0,1,69db08700000000016015707,,6401f354000000000f011059,娱乐机器人都是有钱人消遣圈钱的娱乐[笑哭R],2026.04.12,广西,1.0,1.0,22,强势|观众,强势,观众,6,强势成功,180
69e47f8f000000001f007203,"2026年机器人马拉松状态，五年后再看🤣

",,5834.0,1,69e5a19a000000001401bc30,,5ed440dd0000000001007468,真好玩，啥样的机器人都有[偷笑R],2026.04.20,广东,1.0,0.0,17,混合|观众,混合,观众,3,,180
69e481e8000000002003ad94,"

",,,1,69e619820000000014019404,,5fb6914400000000010084ea,这个机器人比较牛掰……各方面都很丝滑。。,2026.04.20,河北,1.0,0.0,20,强势|服务者,强势,服务者,3,强势成功,180
69e429b4000000001b00037a,"张杰演唱会机器人来参加半马了？？

",,2026.0,1,69e4536f000000001401a407,,6164c185000000001f039fe5,这是我见过最灵活的机器人[汗颜R],2026.04.19,广东,1.0,0.0,17,常态|观众,常态,观众,2,常态,180
69e47f8f000000001f007203,"2026年机器人马拉松状态，五年后再看🤣

",,5834.0,1,69e84332000000001401c81b,,6897114f0000000028037d91,觉得挺好的每个机器人都不一样，像是有自己的性格[偷笑R],2026.04.22,广东,0.0,0.0,28,混合|观众,混合,观众,5,,180
69e47f8f000000001f007203,"2026年机器人马拉松状态，五年后再看🤣

",,5834.0,1,69e57c95000000001401c00d,,565719934476083644b19b0c,林子大了，什么机器人都有,2026.04.20,重庆,0.0,0.0,12,混合|观众,混合,观众,2,,180
69e47f8f000000001f007203,"2026年机器人马拉松状态，五年后再看🤣

",,5834.0,1,69e57a57000000001401a00a,,5e3fe69600000000010024e9,各个年龄段的机器人都有！,2026.04.20,辽宁,0.0,0.0,12,混合|观众,混合,观众,3,,180
69e47f8f000000001f007203,"2026年机器人马拉松状态，五年后再看🤣

",,5834.0,1,69e5605f0000000014019005,,66c3403f000000001d020d57,看这些机器人仿佛看见了他们的作者,2026.04.20,湖北,0.0,0.0,16,混合|观众,混合,观众,5,,180
69df625d0000000021005c63,"“扶我起来，我还能再跑10公里”

",,9992.0,1,69e5d6d5000000001401b817,,6056becd0000000001002ef4,黑夜机器人好像猪八戒啊！,2026.04.20,广东,0.0,0.0,12,失败|观众,失败,观众,4,失败,180
69df625d0000000021005c63,"“扶我起来，我还能再跑10公里”

",,9992.0,1,69e070db00000000350176a0,,69d0e4f5000000003301de3b,这些机器人都是挺犟的[偷笑R],2026.04.16,河北,0.0,0.0,15,失败|观众,失败,观众,2,失败,180
69e40352000000002102fc75,"机器人马拉松现场第一视角看全部队伍

",,1160.0,1,69e51abb000000001401cc0d,,5ce15e5c000000001101522d,都是年轻人啊，感觉真好，看各式各样得机器人,2026.04.20,新疆,0.0,0.0,21,常态|服务者,常态,服务者,4,常态,180
69e40352000000002102fc75,"机器人马拉松现场第一视角看全部队伍

",,1160.0,1,69e4e2c6000000001401e415,,657a5ca4000000001c01b624,这些机器人🤖好高大上！,2026.04.19,河南,0.0,0.0,11,常态|服务者,常态,服务者,3,常态,180
69e40352000000002102fc75,"机器人马拉松现场第一视角看全部队伍

",,1160.0,1,69e441fa0000000014018c17,,696df0760000000037030aed,机器人还挺有造型的[嘻嘻R],2026.04.19,云南,0.0,0.0,14,常态|服务者,常态,服务者,2,常态,180
69e40352000000002102fc75,"机器人马拉松现场第一视角看全部队伍

",,1160.0,1,69e484d5000000001401e409,,61220894000000000101f220,机器人有什么好看？,2026.04.19,广西,0.0,0.0,9,常态|服务者,常态,服务者,2,常态,180
69e59e520000000022027a90,"花田里犯了错|机器人马拉松正赛搞笑赏析

",,2593.0,1,69e64120000000001401c429,,62484741000000001000f91f,形态表情各异的机械人们，很有趣[点赞R][点赞R],2026.04.20,北京,0.0,0.0,25,弱势|观众,弱势,观众,6,弱势,180
69e481e8000000002003ad94,"

",,,2,69e5f248000000001401e014,69e490ae000000001401d42a,6337bb130000000018028365,星际穿越里面的那个机器人就挺好,2026.04.20,山西,0.0,,15,强势|服务者,强势,服务者,4,强势成功,180
69e43b14000000001a02e095,"好萌的小黑仔跑马拉松

",,2760.0,2,69e61fdd000000001401d811,69e4c29c0000000014019013,6225fd580000000002022e7c,我也没比这机器人好哪儿去[笑哭R],2026.04.20,浙江,0.0,,17,弱势|服务者,弱势,服务者,3,弱势,180
69e59e520000000022027a90,"花田里犯了错|机器人马拉松正赛搞笑赏析

",,2593.0,2,69e729cf0000000014019c2b,69e6fd05000000001401c01f,618e7db80000000010009e43,还是喜欢这种机器人，不喜欢那种仿生的,2026.04.21,广东,0.0,,18,弱势|观众,弱势,观众,5,弱势,180
69e59e520000000022027a90,"花田里犯了错|机器人马拉松正赛搞笑赏析

",,2593.0,2,69e77d3f000000001401cc18,69e6d20f000000001401e40a,66b8953e000000001d032321,我猪猪平时是不是模仿机器人呢[坏笑R],2026.04.21,陕西,0.0,,19,弱势|观众,弱势,观众,5,弱势,180
69e40352000000002102fc75,"机器人马拉松现场第一视角看全部队伍

",,1160.0,2,69e4be610000000014019429,69e4a6f4000000001401e802,68c6b608000000001901f393,你说这话证明你的人生无意义。,2026.04.19,广东,32.0,,14,常态|服务者,常态,服务者,4,常态,181
69e47f8f000000001f007203,"2026年机器人马拉松状态，五年后再看🤣

",,5834.0,2,69e4f9830000000014018c0e,69e4e1f0000000001401a40f,60ed5e3e0000000001001f02,无聊透顶,2026.04.19,江苏,10.0,,4,混合|观众,混合,观众,2,,181
69e48d54000000002102e178,"😭亦庄机器人半马最感人一幕

",,1589.0,2,69e55713000000001401bc01,69e4a2e5000000001401b816,5ced52550000000005013f18,你好无趣,2026.04.20,英国,2.0,,4,弱势|保护者,弱势,保护者,2,弱势,181
69e47f8f000000001f007203,"2026年机器人马拉松状态，五年后再看🤣

",,5834.0,2,69e6278d000000001401b820,69e4e1f0000000001401a40f,5ae59f8611be101a5ca07ff4,哪里无聊了，挺搞笑的,2026.04.20,重庆,1.0,,10,混合|观众,混合,观众,3,,181
69e481e8000000002003ad94,"

",,,2,69e727240000000014018c15,69e71b47000000001401ac15,6104f9ae000000000101ca1b,我看你拉屎也没有什么意义[偷笑R],2026.04.21,安徽,1.0,,17,强势|服务者,强势,服务者,2,强势成功,181
69e4426b000000001d01c7ed,"一个大的一个小的一个废的

",,7334.0,1,69e710c5000000001401a80e,,65cb5c51000000000d024f50,无聊 有何意义[呃R],2026.04.21,福建,0.0,0.0,11,混合|观众,混合,观众,2,,181
69e42cc100000000220001ad,"机器人马拉松倒数第一名，萌翻了🤣🤣🤣

",,8501.0,1,69e46c22000000001401e43d,,5ed0f1990000000001003bc7,无聊至极,2026.04.19,江苏,0.0,0.0,4,弱势|观众,弱势,观众,2,弱势,181
69e47f8f000000001f007203,"2026年机器人马拉松状态，五年后再看🤣

",,5834.0,1,69e59663000000001401cc13,,6446765b0000000029011e4c,无不无聊 我真想问一句 无不无聊！,2026.04.20,湖南,0.0,0.0,17,混合|观众,混合,观众,6,,181
69e47f8f000000001f007203,"2026年机器人马拉松状态，五年后再看🤣

",,5834.0,1,69e5c7d8000000001401a802,,5fa582f30000000001003734,说“无聊”的人真是太无聊了,2026.04.20,安徽,0.0,0.0,13,混合|观众,混合,观众,4,,181
69e481e8000000002003ad94,"

",,,1,69e586f2000000001401980b,,5cd53a230000000012019bbf,真是无聊的不行,2026.04.20,上海,0.0,0.0,7,强势|服务者,强势,服务者,3,强势成功,181
69e481e8000000002003ad94,"

",,,1,69e5762a000000001401bc1a,,642fcbd60000000011021caf,无聊到家了,2026.04.20,贵州,0.0,0.0,5,强势|服务者,强势,服务者,2,强势成功,181
69e481e8000000002003ad94,"

",,,1,69e6cf8e000000001401a81c,,606c2b1c000000000100b6d5,无聊，干的都不是人事,2026.04.21,四川,0.0,0.0,10,强势|服务者,强势,服务者,2,强势成功,181
69e40352000000002102fc75,"机器人马拉松现场第一视角看全部队伍

",,1160.0,1,69e4c7c1000000001401d841,,649c01fa000000002b008d87,怎么会有人做这么无聊的事，简直不可理喻,2026.04.19,四川,0.0,0.0,19,常态|服务者,常态,服务者,4,常态,181
69e47f8f000000001f007203,"2026年机器人马拉松状态，五年后再看🤣

",,5834.0,2,69e613a0000000001401a820,69e55d77000000001401bc0e,5571c1bd3f95a30a51ba452c,生命无分贵贱,2026.04.20,广东,0.0,,6,混合|观众,混合,观众,3,,181
69e47f8f000000001f007203,"2026年机器人马拉松状态，五年后再看🤣

",,5834.0,2,69e6b2d7000000001401d403,69e586020000000014019401,5f5f6cef0000000001006e08,要这么说的话，很多事情都是没意义的,2026.04.21,广东,0.0,,17,混合|观众,混合,观众,4,,181
69e47f8f000000001f007203,"2026年机器人马拉松状态，五年后再看🤣

",,5834.0,2,69e57c8a000000001401d810,69e4e1f0000000001401a40f,591aa4676a6a692546e7e81d,无聊就划走 事事的,2026.04.20,上海,0.0,,9,混合|观众,混合,观众,3,,181
69e47f8f000000001f007203,"2026年机器人马拉松状态，五年后再看🤣

",,5834.0,2,69e58550000000001401c401,69e4e1f0000000001401a40f,61870a480000000010005804,无趣的人看什么都无趣。,2026.04.20,浙江,0.0,,11,混合|观众,混合,观众,3,,181
69e47f8f000000001f007203,"2026年机器人马拉松状态，五年后再看🤣

",,5834.0,2,69e5b408000000001401cc29,69e4e1f0000000001401a40f,5d0787a30000000011009c12,你本身就挺无聊的[笑哭R],2026.04.20,广东,0.0,,13,混合|观众,混合,观众,2,,181
69e47f8f000000001f007203,"2026年机器人马拉松状态，五年后再看🤣

",,5834.0,2,69e5f9cc000000001401bc1e,69e4e1f0000000001401a40f,567cafa750c4b4378742d19c,无聊的是你，不是他们，更不是人类,2026.04.20,河北,0.0,,16,混合|观众,混合,观众,2,,181
69e47f8f000000001f007203,"2026年机器人马拉松状态，五年后再看🤣

",,5834.0,2,69e7176a000000001401c407,69e4e1f0000000001401a40f,6606e694000000000b0322b7,你好无聊你好扫兴,2026.04.21,湖北,0.0,,8,混合|观众,混合,观众,4,,181
